anon_polygon_id,date,pred,pred_linear,gap_len,crop_type,year,doy,y,группа
AOI-0001,2010-08-29,0.21245471757393145,0.16080213777244245,8.0,озимая пшеница,2010,241,0.1525743185873185,новый полигон
AOI-0001,2010-10-25,0.16789471372680023,0.1527701454076881,,озимая пшеница,2010,298,0.1571540898513985,новый полигон
AOI-0001,2011-06-13,0.6612418204913388,0.6792797230013996,4.0,озимая пшеница,2011,164,0.5557964323710326,новый полигон
AOI-0001,2011-09-18,0.2776705336352461,0.2815439198615448,8.0,озимая пшеница,2011,261,0.2820119309986379,новый полигон
AOI-0001,2011-09-26,0.23255245629759963,0.22719597728939497,21.0,озимая пшеница,2011,269,0.1900094055056068,новый полигон
AOI-0001,2011-09-30,0.38417317431927633,0.27686111233445526,21.0,озимая пшеница,2011,273,0.3232697583278903,новый полигон
AOI-0001,2012-05-24,0.7040910047459343,0.7330363161750554,9.0,озимая пшеница,2012,145,0.6310599608099283,новый полигон
AOI-0001,2012-07-09,0.2276458623535649,0.3095279581943772,30.0,озимая пшеница,2012,191,0.2837607296680782,новый полигон
AOI-0001,2012-07-11,0.31832834077019845,0.29415593747921354,30.0,озимая пшеница,2012,193,0.3859965382103202,новый полигон
AOI-0001,2012-08-10,0.18406520863878212,0.2196412263153461,30.0,озимая пшеница,2012,223,0.1734042755056696,новый полигон
AOI-0001,2012-08-12,0.29180703432091487,0.2136256358972062,30.0,озимая пшеница,2012,225,0.2987566296538211,новый полигон
AOI-0001,2012-10-15,0.3339713228378759,0.2570453371685176,,озимая пшеница,2012,289,0.4599918680600914,новый полигон
AOI-0001,2013-05-01,0.8036718486201206,0.8215194087408992,9.0,озимая пшеница,2013,121,0.8371117549691264,новый полигон
AOI-0001,2013-07-12,0.24939049726917625,0.2676696226855384,16.0,озимая пшеница,2013,193,0.222906502573576,новый полигон
AOI-0001,2013-09-30,0.4298943761674717,0.5585239235820385,24.0,озимая пшеница,2013,273,0.5006779095153793,новый полигон
AOI-0001,2014-04-18,0.25596867830757697,0.3276028078563343,13.0,озимая пшеница,2014,108,0.2438811516142633,новый полигон
AOI-0001,2014-05-25,0.6598795693761845,0.4399940078906672,15.0,озимая пшеница,2014,145,0.6595716525146964,новый полигон
AOI-0001,2014-06-26,0.747086822310195,0.8076626545638438,19.0,озимая пшеница,2014,177,0.7158318745917701,новый полигон
AOI-0001,2014-07-15,0.799607755297866,0.704324848163288,11.0,озимая пшеница,2014,196,0.6623654445043928,новый полигон
AOI-0001,2014-07-28,0.5810810717473327,0.6752152596930198,7.0,озимая пшеница,2014,209,0.5660502939255391,новый полигон
AOI-0001,2014-08-09,0.4239043873897261,0.4735129179487588,8.0,озимая пшеница,2014,221,0.4082434303623008,новый полигон
AOI-0001,2014-08-13,0.39818950495055977,0.3897166116229536,8.0,озимая пшеница,2014,225,0.3542761267145657,новый полигон
AOI-0001,2014-10-03,0.20183518866458083,0.2533527177862719,11.0,озимая пшеница,2014,276,0.1759950455896818,новый полигон
AOI-0001,2014-10-16,0.33434683462505943,0.259566201506626,16.0,озимая пшеница,2014,289,0.2989113977792292,новый полигон
AOI-0001,2015-04-13,0.42240370464431176,0.5130837487780878,7.0,озимая пшеница,2015,103,0.4366230481064457,новый полигон
AOI-0001,2015-08-11,0.23106751108839102,0.2522007583829216,10.0,озимая пшеница,2015,223,0.2004945349070029,новый полигон
AOI-0001,2015-08-12,0.20332084380229987,0.26242137853829295,10.0,озимая пшеница,2015,224,0.1675258213872385,новый полигон
AOI-0001,2015-08-27,0.21248350782296543,0.24348569562377528,16.0,озимая пшеница,2015,239,0.2110066699386082,новый полигон
AOI-0001,2015-09-20,0.17451354476438122,0.20062331475976555,15.0,озимая пшеница,2015,263,0.1635214918387086,новый полигон
AOI-0001,2015-09-28,0.17878363820513724,0.15487856831709296,15.0,озимая пшеница,2015,271,0.2003985633241582,новый полигон
AOI-0001,2016-06-27,0.2804347751300338,0.30310695301129764,15.0,озимая пшеница,2016,179,0.3284736762727369,новый полигон
AOI-0001,2016-07-04,0.29379257648911755,0.3299436789876868,15.0,озимая пшеница,2016,186,0.2399509917178081,новый полигон
AOI-0001,2016-07-20,0.2881724864142007,0.31118698385320354,16.0,озимая пшеница,2016,202,0.2657113032220994,новый полигон
AOI-0001,2016-07-27,0.37266608428886544,0.33460302409290016,16.0,озимая пшеница,2016,209,0.3645719790986285,новый полигон
AOI-0001,2016-08-29,0.2781061597276554,0.3468632935712995,9.0,озимая пшеница,2016,242,0.2902177459318593,новый полигон
AOI-0001,2016-08-30,0.26019716027060025,0.3354980763653293,9.0,озимая пшеница,2016,243,0.2080889684340702,новый полигон
AOI-0001,2016-09-15,0.37536710506614807,0.37031020613587234,16.0,озимая пшеница,2016,259,0.2604925448740126,новый полигон
AOI-0001,2016-09-29,0.7651261655082,0.9930914625680974,16.0,озимая пшеница,2016,273,0.3570900718484651,новый полигон
AOI-0001,2017-05-12,0.7416556126648384,0.6896526902351405,16.0,озимая пшеница,2017,132,0.777288121281166,новый полигон
AOI-0001,2017-06-29,0.5307888107139705,0.4900593315204787,4.0,озимая пшеница,2017,180,0.7260872431064807,новый полигон
AOI-0001,2017-07-12,0.4501398600696741,0.4369264968274077,15.0,озимая пшеница,2017,193,0.508199967341607,новый полигон
AOI-0001,2017-08-09,0.3054410929196481,0.3385678064224318,5.0,озимая пшеница,2017,221,0.3040027682050351,новый полигон
AOI-0001,2017-08-29,0.2326678791048504,0.2714515505139292,8.0,озимая пшеница,2017,241,0.2227450459462875,новый полигон
AOI-0001,2017-09-08,0.21664301279165638,0.18130673330995561,11.0,озимая пшеница,2017,251,0.1894430179725561,новый полигон
AOI-0001,2017-09-14,0.29123872675737206,0.19969492100911723,4.0,озимая пшеница,2017,257,0.2959127041149577,новый полигон
AOI-0001,2018-04-05,0.5335400708934281,0.6365546048334423,,озимая пшеница,2018,95,0.4226244691826586,новый полигон
AOI-0001,2018-04-23,0.7286980360206453,0.6790051236388064,8.0,озимая пшеница,2018,113,0.8307454931417376,новый полигон
AOI-0001,2018-05-01,0.8006676384905635,0.8056674646617289,9.0,озимая пшеница,2018,121,0.8283774394648817,новый полигон
AOI-0001,2018-06-08,0.6496001535982667,0.5491230969326009,9.0,озимая пшеница,2018,159,0.6670243548039725,новый полигон
AOI-0001,2018-07-12,0.310414461388765,0.1957521702620868,8.0,озимая пшеница,2018,193,0.2462475832789027,новый полигон
AOI-0001,2018-09-28,0.16092918652905872,0.23676538798321248,9.0,озимая пшеница,2018,271,0.1619570660823547,новый полигон
AOI-0001,2018-10-13,0.1838544217962587,0.17361507845924737,6.0,озимая пшеница,2018,286,0.195839709658355,новый полигон
AOI-0001,2019-05-11,0.5239098854767243,0.6202934916521,7.0,озимая пшеница,2019,131,0.5454355578275655,новый полигон
AOI-0001,2019-05-31,0.6868483128660434,0.727642215478022,16.0,озимая пшеница,2019,151,0.7219749173042596,новый полигон
AOI-0001,2019-06-04,0.7004307361050277,0.7218520922021026,16.0,озимая пшеница,2019,155,0.759494100537696,новый полигон
AOI-0001,2019-06-05,0.6681166100955375,0.7204045613831227,16.0,озимая пшеница,2019,156,0.7422924551103085,новый полигон
AOI-0001,2019-06-25,0.32015914119357675,0.4172435665776464,6.0,озимая пшеница,2019,176,0.321005528565852,новый полигон
AOI-0001,2019-07-12,0.5105616036382782,0.3723458233760721,14.0,озимая пшеница,2019,193,0.5543698889614632,новый полигон
AOI-0001,2019-07-22,0.42415833964593014,0.4513207942133888,8.0,озимая пшеница,2019,203,0.4850207491542646,новый полигон
AOI-0001,2019-07-29,0.5194523024147696,0.42554736118016945,2.0,озимая пшеница,2019,210,0.4732517834912205,новый полигон
AOI-0001,2019-08-30,0.23808333146532176,0.23505545550957593,5.0,озимая пшеница,2019,242,0.2484560749771881,новый полигон
AOI-0001,2019-09-07,0.26257135424387407,0.21647606376621056,10.0,озимая пшеница,2019,250,0.3171203651884699,новый полигон
AOI-0001,2019-09-08,0.21543629615875737,0.2172004332825945,10.0,озимая пшеница,2019,251,0.2524570532152647,новый полигон
AOI-0001,2019-09-18,0.08485697587743979,0.1210360746017508,8.0,озимая пшеница,2019,261,0.0780461615871158,новый полигон
AOI-0001,2020-04-03,0.5836817275008102,0.5957540771215196,4.0,озимая пшеница,2020,94,0.5928822280296143,новый полигон
AOI-0001,2020-04-26,0.6123042479477271,0.6556893501901294,5.0,озимая пшеница,2020,117,0.6201420469326056,новый полигон
AOI-0001,2020-05-30,0.7689222555396159,0.8533930641951919,8.0,озимая пшеница,2020,151,0.4283591920675712,новый полигон
AOI-0001,2020-06-09,0.7045535739435118,0.8180141845383466,8.0,озимая пшеница,2020,161,0.8042041036539951,новый полигон
AOI-0001,2020-07-14,0.1752030299037472,0.2303987773010201,4.0,озимая пшеница,2020,196,0.1629407338407789,новый полигон
AOI-0001,2020-07-23,0.22906198345413797,0.17954967346241146,5.0,озимая пшеница,2020,205,0.2385117892313512,новый полигон
AOI-0001,2020-07-27,0.2773856554975367,0.18912368553535996,7.0,озимая пшеница,2020,209,0.285286120182887,новый полигон
AOI-0001,2020-08-08,0.19498976030873574,0.21855383726219518,6.0,озимая пшеница,2020,221,0.1973846518637687,новый полигон
AOI-0001,2020-09-01,0.29269401296319464,0.324153961310801,10.0,озимая пшеница,2020,245,0.3342480775825652,новый полигон
AOI-0001,2020-09-02,0.30356653669077066,0.31676116489780887,10.0,озимая пшеница,2020,246,0.3204743188828688,новый полигон
AOI-0001,2020-09-12,0.2511697133842103,0.2729474064784474,3.0,озимая пшеница,2020,256,0.2380151320074342,новый полигон
AOI-0001,2020-09-22,0.21453721981283078,0.251456633608924,8.0,озимая пшеница,2020,266,0.2325889977368878,новый полигон
AOI-0001,2020-09-29,0.2633896328768854,0.1854614983965713,6.0,озимая пшеница,2020,273,0.2638212279555847,новый полигон
AOI-0001,2020-10-11,0.197744270915142,0.24261357437147746,8.0,озимая пшеница,2020,285,0.3148026555178578,новый полигон
AOI-0001,2020-10-12,0.1436404008346536,0.24999775102654198,8.0,озимая пшеница,2020,286,0.1769783635716543,новый полигон
AOI-0001,2020-10-19,0.17534457200124287,0.17837036993268737,10.0,озимая пшеница,2020,293,0.1934458589844412,новый полигон
AOI-0001,2021-05-15,0.44416586124634233,0.5726290506599256,14.0,озимая пшеница,2021,135,0.5196652033628709,новый полигон
AOI-0001,2021-05-20,0.43124788923777013,0.5104680864537129,14.0,озимая пшеница,2021,140,0.4718183877627554,новый полигон
AOI-0001,2021-06-10,0.6036323071652786,0.3212866221255913,5.0,озимая пшеница,2021,161,0.5321763553233182,новый полигон
AOI-0001,2021-07-02,0.6811435051029806,0.6631833340619782,13.0,озимая пшеница,2021,183,0.5870442136610383,новый полигон
AOI-0001,2021-07-24,0.6703834286597474,0.6691335919612278,7.0,озимая пшеница,2021,205,0.7001519526509361,новый полигон
AOI-0001,2021-09-17,0.23333859906059895,0.29004670067523936,13.0,озимая пшеница,2021,260,0.2732669407974984,новый полигон
AOI-0001,2022-04-25,0.635140797910019,0.5960783800875571,15.0,озимая пшеница,2022,115,0.6078311130723542,новый полигон
AOI-0001,2022-06-03,0.7931114332299141,0.7556133017359967,10.0,озимая пшеница,2022,154,0.786792163243339,новый полигон
AOI-0001,2022-09-02,0.2189935268102222,0.26034319958473773,8.0,озимая пшеница,2022,245,0.2118716059478527,новый полигон
AOI-0001,2022-09-30,0.28089098026057685,0.1598042406144503,15.0,озимая пшеница,2022,273,0.2753207380796865,новый полигон
AOI-0001,2022-10-01,0.2987966068703689,0.17675922893122328,15.0,озимая пшеница,2022,274,0.2644113813854052,новый полигон
AOI-0001,2022-10-17,0.252412139846422,0.2216410724047606,10.0,озимая пшеница,2022,290,0.229847775393454,новый полигон
AOI-0001,2023-05-25,0.7987066439283496,0.8140297081461372,17.0,озимая пшеница,2023,145,0.8265756694970608,новый полигон
AOI-0001,2023-06-23,0.825512059064725,0.7416226710827918,2.0,озимая пшеница,2023,174,0.8057639849009497,новый полигон
AOI-0001,2023-07-15,0.24968156018329576,0.2384318240270511,2.0,озимая пшеница,2023,196,0.2057512658034241,новый полигон
AOI-0001,2023-07-29,0.22594316175795068,0.26993427644832346,4.0,озимая пшеница,2023,210,0.1830368009960618,новый полигон
AOI-0001,2023-08-03,0.20668196956621723,0.23889621715498788,5.0,озимая пшеница,2023,215,0.1856227220160496,новый полигон
AOI-0001,2023-08-08,0.2162298761887233,0.24245979714674443,12.0,озимая пшеница,2023,220,0.1971116884415653,новый полигон
AOI-0001,2023-08-13,0.24388494949386538,0.2460169766458447,12.0,озимая пшеница,2023,225,0.2121515039227185,новый полигон
AOI-0001,2023-08-17,0.27170003504041906,0.24886272024512493,12.0,озимая пшеница,2023,229,0.3064045529692569,новый полигон
AOI-0001,2023-08-28,0.23458190838312112,0.24980692018583656,8.0,озимая пшеница,2023,240,0.2033110201028581,новый полигон
AOI-0001,2023-08-29,0.29836020989173245,0.24260795481598113,8.0,озимая пшеница,2023,241,0.3248108752449379,новый полигон
AOI-0001,2023-09-12,0.22322687526318727,0.29769805538948263,7.0,озимая пшеница,2023,255,0.2314416573826831,новый полигон
AOI-0001,2024-04-06,0.6885188517746981,0.7030436794550028,5.0,озимая пшеница,2024,97,0.7274297517962118,новый полигон
AOI-0001,2024-05-24,0.7921720631757332,0.7998320921090352,8.0,озимая пшеница,2024,145,0.7836895350120565,новый полигон
AOI-0001,2024-06-01,0.7784437161235321,0.7893650164254985,18.0,озимая пшеница,2024,153,0.7972073716280714,новый полигон
AOI-0001,2024-06-03,0.7251932089625107,0.7433219298121388,18.0,озимая пшеница,2024,155,0.7891640438674787,новый полигон
AOI-0001,2024-06-09,0.6206503192892607,0.6051926699720596,18.0,озимая пшеница,2024,161,0.6715793272371,новый полигон
AOI-0001,2024-06-13,0.5199413536218582,0.5131064967453401,18.0,озимая пшеница,2024,165,0.5150987222273836,новый полигон
AOI-0001,2024-06-17,0.4820238111684692,0.4210203235186207,18.0,озимая пшеница,2024,169,0.7590807645893878,новый полигон
AOI-0001,2024-06-23,0.3485564517028844,0.36869739853371725,10.0,озимая пшеница,2024,175,0.3504500526621734,новый полигон
AOI-0001,2024-06-25,0.40431084689449787,0.35697684586242784,10.0,озимая пшеница,2024,177,0.3579969627694317,новый полигон
AOI-0001,2024-07-03,0.3027988788736838,0.34485835863257547,6.0,озимая пшеница,2024,185,0.3041947346187056,новый полигон
AOI-0001,2024-09-11,0.15840574547264316,0.1773854717609455,14.0,озимая пшеница,2024,255,0.1375831560303161,новый полигон
AOI-0001,2024-09-13,0.20902370611656973,0.18228939990520987,14.0,озимая пшеница,2024,257,0.2183248530372306,новый полигон
AOI-0001,2024-09-16,0.16119973414115255,0.18964529212160644,14.0,озимая пшеница,2024,260,0.1652819494428948,новый полигон
AOI-0001,2024-09-29,0.20955668779527287,0.1854654043777276,3.0,озимая пшеница,2024,273,0.2043032658393207,новый полигон
AOI-0001,2025-04-23,0.47275120419803107,0.3012682918425712,12.0,озимая пшеница,2025,113,0.4484989875898107,новый полигон
AOI-0001,2025-05-03,0.34988824365048343,0.3124394397457388,3.0,озимая пшеница,2025,123,0.3579444810911789,новый полигон
AOI-0001,2025-06-03,0.47786063959618164,0.5113481773232947,14.0,озимая пшеница,2025,154,0.4734966273057404,новый полигон
AOI-0001,2025-06-27,0.6798391621259127,0.684479165772775,7.0,озимая пшеница,2025,178,0.7466166496870117,новый полигон
AOI-0001,2025-07-05,0.6063467843596451,0.5896350582413797,5.0,озимая пшеница,2025,186,0.6745525212965721,новый полигон
AOI-0001,2025-07-12,0.5092521438115527,0.4305512885459965,8.0,озимая пшеница,2025,193,0.4160226322664925,новый полигон
AOI-0001,2025-07-13,0.46019775083413444,0.41955037154752817,8.0,озимая пшеница,2025,194,0.3727310051292456,новый полигон
AOI-0001,2025-07-23,0.4334273393289051,0.5004962745367282,9.0,озимая пшеница,2025,204,0.3560875018679231,новый полигон
AOI-0001,2025-07-28,0.4132594623597863,0.38714749904139406,9.0,озимая пшеница,2025,209,0.3772440017392039,новый полигон
AOI-0001,2025-07-29,0.3925816588669249,0.36447774394232724,9.0,озимая пшеница,2025,210,0.4057570710162387,новый полигон
AOI-0001,2025-08-02,0.3219458645533031,0.3434133090526239,7.0,озимая пшеница,2025,214,0.2312658691009147,новый полигон
AOI-0001,2025-10-28,0.21797887610907973,0.2407981607472846,,озимая пшеница,2025,301,0.2880759817308801,новый полигон
AOI-0002,2025-05-03,0.8278200500922319,0.8188898574939086,3.0,озимая пшеница,2025,123,0.885596369098306,есть в train
AOI-0002,2025-06-03,0.5797490002477179,0.5313896357111878,14.0,озимая пшеница,2025,154,0.6073291580112318,есть в train
AOI-0002,2025-06-26,0.43663359822093617,0.3823142716385985,14.0,озимая пшеница,2025,177,0.5660626730310263,есть в train
AOI-0002,2025-07-29,0.23613126165585238,0.1972820366660546,2.0,озимая пшеница,2025,210,0.2450083809698127,есть в train
AOI-0002,2025-08-02,0.18941343731960034,0.20677008898907426,7.0,озимая пшеница,2025,214,0.1068643077674394,есть в train
AOI-0002,2025-08-13,0.23772433086125253,0.18518744461018988,10.0,озимая пшеница,2025,225,0.2725015274463007,есть в train
AOI-0002,2025-08-19,0.1693479743371229,0.17464050943064108,10.0,озимая пшеница,2025,231,0.1617319221334535,есть в train
AOI-0003,2025-04-01,0.55351529489647,0.728496145038168,,озимая пшеница,2025,91,0.6472040080396058,есть в train
AOI-0003,2025-04-18,0.8273342964569984,0.792980555713922,6.0,озимая пшеница,2025,108,0.7979517222426942,есть в train
AOI-0003,2025-04-19,0.853165970638824,0.8059626201436567,6.0,озимая пшеница,2025,109,0.8067275228740289,есть в train
AOI-0003,2025-05-06,0.8474945105733969,0.7803211331966688,5.0,озимая пшеница,2025,126,0.8700314626306427,есть в train
AOI-0003,2025-06-04,0.7844836951810756,0.7695701310713691,2.0,озимая пшеница,2025,155,0.7983440034879412,есть в train
AOI-0003,2025-06-13,0.49966893398762213,0.6729853204942178,4.0,озимая пшеница,2025,164,0.5462275267673331,есть в train
AOI-0003,2025-07-07,0.22811110667153606,0.2305183630830823,2.0,озимая пшеница,2025,188,0.1709761736463555,есть в train
AOI-0003,2025-07-13,0.1694380520344007,0.2673448583812615,2.0,озимая пшеница,2025,194,0.1712029082763417,есть в train
AOI-0003,2025-07-15,0.16459301190460637,0.21163488343690523,3.0,озимая пшеница,2025,196,0.1564520899816859,есть в train
AOI-0003,2025-08-04,0.17474942493671144,0.15138375979510554,4.0,озимая пшеница,2025,216,0.1614459775961157,есть в train
AOI-0003,2025-08-07,0.20549217024044217,0.20370628002767974,3.0,озимая пшеница,2025,219,0.1714211089303199,есть в train
AOI-0003,2025-08-14,0.1720870423999205,0.2532361635234506,2.0,озимая пшеница,2025,226,0.2450236890774654,есть в train
AOI-0003,2025-08-22,0.16592591682078883,0.14586992668519486,5.0,озимая пшеница,2025,234,0.1773902535622224,есть в train
AOI-0003,2025-08-23,0.22340326270124697,0.1347907376214077,5.0,озимая пшеница,2025,235,0.236555664254104,есть в train
AOI-0004,2025-04-23,0.7038113147948142,0.5986069525953019,12.0,озимая пшеница,2025,113,0.7426934824037605,есть в train
AOI-0004,2025-05-04,0.645177486851934,0.6290281542237948,8.0,озимая пшеница,2025,124,0.6664273061918413,есть в train
AOI-0004,2025-05-24,0.6724047628962826,0.635884154581068,15.0,озимая пшеница,2025,144,0.7617274911246255,есть в train
AOI-0004,2025-05-25,0.7030982309518878,0.6410127992672854,15.0,озимая пшеница,2025,145,0.7654630669546436,есть в train
AOI-0004,2025-06-30,0.6353063674815997,0.6353523149340901,6.0,озимая пшеница,2025,181,0.3643268119455634,есть в train
AOI-0004,2025-07-12,0.49379979455315104,0.49595763223756395,3.0,озимая пшеница,2025,193,0.5013379240249015,есть в train
AOI-0004,2025-07-23,0.4336516937897233,0.5046376213517716,7.0,озимая пшеница,2025,204,0.4324767139600386,есть в train
AOI-0004,2025-08-02,0.41165452821511156,0.4304723576639907,7.0,озимая пшеница,2025,214,0.4395957485629015,есть в train
AOI-0004,2025-09-14,0.3904087642995378,0.3233087194435772,4.0,озимая пшеница,2025,257,0.3521068606276203,есть в train
AOI-0004,2025-09-23,0.35265842898556854,0.3282061112922655,5.0,озимая пшеница,2025,266,0.3539178645934954,есть в train
AOI-0005,2025-05-01,0.6548130415585794,0.6927113217993568,11.0,озимая пшеница,2025,121,0.6780001118508334,новый полигон
AOI-0005,2025-05-03,0.6707127537043208,0.6897975634081998,11.0,озимая пшеница,2025,123,0.6994664873762595,новый полигон
AOI-0005,2025-05-14,0.5436428334751527,0.4596679328876967,10.0,озимая пшеница,2025,134,0.7327354692650616,новый полигон
AOI-0005,2025-06-11,0.555177608512159,0.5292637411605785,3.0,озимая пшеница,2025,162,0.5788758004935947,новый полигон
AOI-0005,2025-07-21,0.4128893413810826,0.3658654892975416,5.0,озимая пшеница,2025,202,0.4480698581033201,новый полигон
AOI-0005,2025-08-17,0.36106970853419085,0.38705245348123996,5.0,озимая пшеница,2025,229,0.3006336448228943,новый полигон
AOI-0005,2025-09-01,0.25914288170612443,0.3145134968794014,8.0,озимая пшеница,2025,244,0.2556115409707497,новый полигон
AOI-0006,2025-04-01,0.2123852519576897,0.3312527181688125,,озимая пшеница,2025,91,0.0907530787074984,новый полигон
AOI-0006,2025-05-09,0.35251042135187244,0.21643360009638746,10.0,озимая пшеница,2025,129,0.4241291845493562,новый полигон
AOI-0006,2025-05-25,0.4752014661735091,0.3517689343619107,10.0,озимая пшеница,2025,145,0.6392072961373391,новый полигон
AOI-0006,2025-07-28,0.4394019687566818,0.4362913369472694,6.0,озимая пшеница,2025,209,0.4336854719989441,новый полигон
AOI-0006,2025-08-09,0.3182860174330215,0.28289336219663985,5.0,озимая пшеница,2025,221,0.2364225292194648,новый полигон
AOI-0006,2025-08-22,0.38851499780585264,0.25230747209594356,8.0,озимая пшеница,2025,234,0.245473015968726,новый полигон
AOI-0006,2025-08-30,0.2958636946998448,0.21010791350289235,3.0,озимая пшеница,2025,242,0.2759100240698495,новый полигон
AOI-0006,2025-09-07,0.2779779091881033,0.15098151946303526,7.0,озимая пшеница,2025,250,0.2120128464146218,новый полигон
AOI-0006,2025-10-28,0.3000607754947706,0.2524198666666101,,озимая пшеница,2025,301,0.2914461962148917,новый полигон
AOI-0007,2025-04-01,0.23420209711537124,0.4033484333034915,,озимая пшеница,2025,91,0.179263857230662,есть в train
AOI-0007,2025-04-18,0.29855856315021906,0.2892086888272143,2.0,озимая пшеница,2025,108,0.2698923588869586,есть в train
AOI-0007,2025-04-29,0.4183715503777108,0.36890868298691387,6.0,озимая пшеница,2025,119,0.3639793525889115,есть в train
AOI-0007,2025-05-01,0.4896320767973286,0.3944673241453386,6.0,озимая пшеница,2025,121,0.3769849168760402,есть в train
AOI-0007,2025-06-26,0.3307103439120775,0.264666111241865,12.0,озимая пшеница,2025,177,0.3115079006266787,есть в train
AOI-0007,2025-07-28,0.15590908836285558,0.1437563256751837,5.0,озимая пшеница,2025,209,0.1480801712895731,есть в train
AOI-0007,2025-08-13,0.22893421853760884,0.1758313628230163,3.0,озимая пшеница,2025,225,0.2204249328558639,есть в train
AOI-0007,2025-08-14,0.16416985160037206,0.18669576378931171,3.0,озимая пшеница,2025,226,0.1478577673669133,есть в train
AOI-0007,2025-08-16,0.18964932438803264,0.17555341698370894,2.0,озимая пшеница,2025,228,0.1520873648911833,есть в train
AOI-0007,2025-09-11,0.1382090380888278,0.16235012700260906,5.0,озимая пшеница,2025,254,0.089552381588959,есть в train
AOI-0007,2025-09-26,0.190761112579559,0.169034201811175,5.0,озимая пшеница,2025,269,0.1511417646577197,есть в train
AOI-0008,2025-04-17,0.851849330888884,0.709043069277013,2.0,озимая пшеница,2025,107,0.862893548428701,есть в train
AOI-0008,2025-04-24,0.8560984025306383,0.7830918163039253,5.0,озимая пшеница,2025,114,0.8480254008802214,есть в train
AOI-0008,2025-05-19,0.8766370951817458,0.8992014742751536,8.0,озимая пшеница,2025,139,0.9301796398417134,есть в train
AOI-0008,2025-07-08,0.2348154700674873,0.183788637315094,3.0,озимая пшеница,2025,189,0.1899902283447373,есть в train
AOI-0008,2025-07-15,0.18082772248062814,0.23076398688632463,4.0,озимая пшеница,2025,196,0.1620779682710856,есть в train
AOI-0008,2025-07-17,0.2027885627014235,0.1905755815000515,4.0,озимая пшеница,2025,198,0.1732963656683947,есть в train
AOI-0008,2025-08-13,0.23070204082919168,0.15551039893226484,2.0,озимая пшеница,2025,225,0.2264816115702479,есть в train
AOI-0008,2025-09-01,0.1187303401938108,0.1925506650514031,8.0,озимая пшеница,2025,244,0.131541351879798,есть в train
AOI-0008,2025-09-30,0.24346063516594746,0.197948319473712,6.0,озимая пшеница,2025,273,0.364127479338843,есть в train
AOI-0008,2025-10-16,0.20241945449561524,0.17333987394284792,5.0,озимая пшеница,2025,289,0.1944472706321901,есть в train
AOI-0009,2025-04-01,0.5625049674791275,0.7973900560637357,,озимая пшеница,2025,91,0.4499564683393275,новый полигон
AOI-0009,2025-04-23,0.8089857461905591,0.7632997887047138,5.0,озимая пшеница,2025,113,0.857810489820006,новый полигон
AOI-0009,2025-05-04,0.8436957484325551,0.8171957921105324,5.0,озимая пшеница,2025,124,0.8032437680481666,новый полигон
AOI-0009,2025-06-30,0.1997961015721198,0.2843560530915467,8.0,озимая пшеница,2025,181,0.2133009767757285,новый полигон
AOI-0009,2025-07-05,0.173337373143045,0.259027532488215,8.0,озимая пшеница,2025,186,0.1912549046068195,новый полигон
AOI-0009,2025-07-10,0.17939641273583087,0.21130200975572266,4.0,озимая пшеница,2025,191,0.1691791637893882,новый полигон
AOI-0009,2025-07-25,0.17534651664572823,0.16391891749306706,5.0,озимая пшеница,2025,206,0.1572779466246202,новый полигон
AOI-0009,2025-08-12,0.16498984046822182,0.22880872918832224,4.0,озимая пшеница,2025,224,0.1811977142213202,новый полигон
AOI-0009,2025-08-17,0.17999676357243347,0.16673040479455267,3.0,озимая пшеница,2025,229,0.1728205535178102,новый полигон
AOI-0009,2025-08-22,0.1711269279545328,0.21603477075978494,4.0,озимая пшеница,2025,234,0.1713122096323591,новый полигон
AOI-0009,2025-08-24,0.15486881110672995,0.2190398597661278,4.0,озимая пшеница,2025,236,0.1511337540132739,новый полигон
AOI-0009,2025-09-14,0.22599055248173316,0.16543638068244365,2.0,озимая пшеница,2025,257,0.2753844349365595,новый полигон
AOI-0009,2025-09-16,0.20789580117832251,0.16573750505010926,6.0,озимая пшеница,2025,259,0.1565706522507653,новый полигон
AOI-0009,2025-09-25,0.16488070794886903,0.1891232366127929,2.0,озимая пшеница,2025,268,0.1377128801380432,новый полигон
AOI-0009,2025-10-03,0.16114047968910444,0.1706876270860284,3.0,озимая пшеница,2025,276,0.1741203791501167,новый полигон
AOI-0010,2010-06-19,0.33395620904237056,0.40091683457218585,15.0,озимая пшеница,2010,170,0.3216962347557313,новый полигон
AOI-0010,2010-08-06,0.2036046103978114,0.2774932181599497,15.0,озимая пшеница,2010,218,0.218550851557787,новый полигон
AOI-0010,2010-08-22,0.19699468647404858,0.3155628826530612,16.0,озимая пшеница,2010,234,0.2395816502598201,новый полигон
AOI-0010,2011-06-14,0.4895965287919028,0.49289098108031915,12.0,озимая пшеница,2011,165,0.5613057641518494,новый полигон
AOI-0010,2011-07-12,0.34978886833305106,0.2809202328996707,8.0,озимая пшеница,2011,193,0.3734102040816326,новый полигон
AOI-0010,2011-08-09,0.23914342879848097,0.24393762708965755,16.0,озимая пшеница,2011,221,0.1897502814475206,новый полигон
AOI-0010,2011-08-13,0.3491591153151659,0.21878863480398172,16.0,озимая пшеница,2011,225,0.2777704081632652,новый полигон
AOI-0010,2011-09-10,0.2139753235237882,0.27319599547856344,12.0,озимая пшеница,2011,253,0.4410954871449089,новый полигон
AOI-0010,2012-04-13,0.27039786623332934,0.3766366071428572,16.0,озимая пшеница,2012,104,0.2109318874379296,новый полигон
AOI-0010,2012-08-03,0.19863740274412747,0.28558698979591834,16.0,озимая пшеница,2012,216,0.1770525325447621,новый полигон
AOI-0010,2013-04-16,0.7312913968204815,0.7150985331632653,16.0,озимая пшеница,2013,106,0.8149172051849474,новый полигон
AOI-0010,2013-05-25,0.7083476543370641,0.5836872448979592,32.0,озимая пшеница,2013,145,0.6458285714285714,новый полигон
AOI-0010,2013-06-26,0.2811119194432357,0.30578415889960714,8.0,озимая пшеница,2013,177,0.317965306122449,новый полигон
AOI-0010,2013-07-12,0.2746929876036626,0.2617679235235242,16.0,озимая пшеница,2013,193,0.3183755102040816,новый полигон
AOI-0010,2014-05-29,0.7867114456714878,0.5960441257970213,28.0,озимая пшеница,2014,149,0.7861765824246203,новый полигон
AOI-0010,2014-06-06,0.5265053894385254,0.4825956426971863,28.0,озимая пшеница,2014,157,0.5172886425599604,новый полигон
AOI-0010,2014-06-10,0.439808444970968,0.4258714011472688,28.0,озимая пшеница,2014,161,0.333319387755102,новый полигон
AOI-0010,2014-08-29,0.2593841961635705,0.18514404652795804,8.0,озимая пшеница,2014,241,0.2314081632653061,новый полигон
AOI-0010,2014-09-30,0.2763830960687251,0.1566397347231884,8.0,озимая пшеница,2014,273,0.2320938775510204,новый полигон
AOI-0010,2015-04-07,0.32104105406389416,0.20029287684862285,17.0,озимая пшеница,2015,97,0.2625499999999999,новый полигон
AOI-0010,2015-04-14,0.2098719494327506,0.23542411822735032,17.0,озимая пшеница,2015,104,0.2296569021159378,новый полигон
AOI-0010,2015-05-25,0.3897656415724857,0.24764857772674895,8.0,озимая пшеница,2015,145,0.3163520408163265,новый полигон
AOI-0010,2015-10-07,0.22458903177523987,0.2716375,16.0,озимая пшеница,2015,280,0.2334378613607728,новый полигон
AOI-0010,2016-07-27,0.3718771190159011,0.32526846950302574,26.0,озимая пшеница,2016,209,0.3631581632653061,новый полигон
AOI-0010,2016-08-12,0.3181666723583443,0.274756335943279,22.0,озимая пшеница,2016,225,0.3471071428571428,новый полигон
AOI-0010,2016-09-13,0.2894165379549194,0.15904035778418824,8.0,озимая пшеница,2016,257,0.2707163265306123,новый полигон
AOI-0010,2017-04-03,0.3710753490472065,0.395862609584723,,озимая пшеница,2017,93,0.3007142157702295,новый полигон
AOI-0010,2017-04-07,0.5501278423071493,0.395862609584723,,озимая пшеница,2017,97,0.553826530612245,новый полигон
AOI-0010,2017-08-01,0.19145224716229592,0.21322420457096053,9.0,озимая пшеница,2017,213,0.1557275540993958,новый полигон
AOI-0010,2017-08-04,0.1600020405873369,0.1641739906522422,9.0,озимая пшеница,2017,216,0.1406793189732104,новый полигон
AOI-0010,2017-08-13,0.2599691822175205,0.14216723811471446,3.0,озимая пшеница,2017,225,0.2630704081632653,новый полигон
AOI-0010,2017-08-29,0.23839310782611423,0.17608819115776234,7.0,озимая пшеница,2017,241,0.1323037488883109,новый полигон
AOI-0010,2018-05-16,0.8220614544161602,0.7925628431791677,15.0,озимая пшеница,2018,136,0.8130769819434027,новый полигон
AOI-0010,2018-07-28,0.25722344148941334,0.2189910877675515,17.0,озимая пшеница,2018,209,0.2397244897959183,новый полигон
AOI-0010,2018-08-28,0.17009938487557888,0.19001746491025437,9.0,озимая пшеница,2018,240,0.1859569988245387,новый полигон
AOI-0010,2018-09-14,0.2550173747359213,0.14404734241899955,5.0,озимая пшеница,2018,257,0.2200683673469387,новый полигон
AOI-0010,2019-04-06,0.4256287468062228,0.5626984975710797,6.0,озимая пшеница,2019,96,0.4117828530285287,новый полигон
AOI-0010,2019-04-28,0.7330397937397345,0.7384536289763908,10.0,озимая пшеница,2019,118,0.7414015172889067,новый полигон
AOI-0010,2019-05-19,0.8536541010381439,0.8604225361320355,3.0,озимая пшеница,2019,139,0.704995825267052,новый полигон
AOI-0010,2019-06-20,0.21354184112066094,0.19827719583192024,5.0,озимая пшеница,2019,171,0.1639736964115251,новый полигон
AOI-0010,2019-06-26,0.273952902432223,0.15644850960087575,3.0,озимая пшеница,2019,177,0.242669387755102,новый полигон
AOI-0010,2019-06-27,0.20556043178195382,0.17800174369226918,3.0,озимая пшеница,2019,178,0.137253833184418,новый полигон
AOI-0010,2019-07-20,0.17807228594434565,0.15531099015646355,5.0,озимая пшеница,2019,201,0.1413595008702931,новый полигон
AOI-0010,2019-08-13,0.30873570921404764,0.19768608413473376,3.0,озимая пшеница,2019,225,0.3207020408163265,новый полигон
AOI-0010,2019-08-19,0.18526212963541294,0.2235421944147052,8.0,озимая пшеница,2019,231,0.1906647005643707,новый полигон
AOI-0010,2019-08-21,0.20819345601532677,0.20989391792330164,8.0,озимая пшеница,2019,233,0.1718198389513691,новый полигон
AOI-0010,2019-09-23,0.08705898229360841,0.19892308557528687,7.0,озимая пшеница,2019,266,0.1844981585431992,новый полигон
AOI-0010,2020-06-06,0.3483615422866742,0.34124734168272797,10.0,озимая пшеница,2020,158,0.4515142419365531,новый полигон
AOI-0010,2020-06-09,0.38790774795936706,0.33892756993653217,10.0,озимая пшеница,2020,161,0.3894494308112087,новый полигон
AOI-0010,2020-07-16,0.14685562612735883,0.10318481366624732,10.0,озимая пшеница,2020,198,0.1541825420857617,новый полигон
AOI-0010,2020-07-19,0.13489565916451968,0.1321207271004458,10.0,озимая пшеница,2020,201,0.1485043278291328,новый полигон
AOI-0010,2020-07-26,0.15144302944850602,0.24214840289148334,3.0,озимая пшеница,2020,208,0.1470433448296954,новый полигон
AOI-0010,2020-07-31,0.15697471590773318,0.13096763478237855,5.0,озимая пшеница,2020,213,0.1558226847628362,новый полигон
AOI-0010,2020-09-09,0.18005662697656621,0.17002287235179264,3.0,озимая пшеница,2020,253,0.1713614812900099,новый полигон
AOI-0010,2020-09-13,0.2525359300526772,0.16946284198634964,2.0,озимая пшеница,2020,257,0.2451224489795918,новый полигон
AOI-0010,2020-09-19,0.1497998060052183,0.20428769605404906,4.0,озимая пшеница,2020,263,0.0664465234944825,новый полигон
AOI-0010,2020-09-27,0.1580573934732254,0.17379266302793944,3.0,озимая пшеница,2020,271,0.1268642473469314,новый полигон
AOI-0010,2021-05-05,0.3352651544823114,0.38381756442470355,6.0,озимая пшеница,2021,125,0.2807892878867299,новый полигон
AOI-0010,2021-05-09,0.49596015893855183,0.32820602053458203,4.0,озимая пшеница,2021,129,0.3829183673469387,новый полигон
AOI-0010,2021-07-28,0.3154904654860073,0.24794532221011384,3.0,озимая пшеница,2021,209,0.279369387755102,новый полигон
AOI-0010,2021-08-05,0.23862696887412893,0.25816152124388614,10.0,озимая пшеница,2021,217,0.2218651259709061,новый полигон
AOI-0010,2021-09-04,0.3145890989817677,0.3382244762543326,8.0,озимая пшеница,2021,247,0.4179113258065371,новый полигон
AOI-0010,2021-09-17,0.33858014663994945,0.34027746347200905,5.0,озимая пшеница,2021,260,0.3450036572064578,новый полигон
AOI-0010,2021-10-27,0.3078304353870918,0.3522216718928065,,озимая пшеница,2021,300,0.3635595281904925,новый полигон
AOI-0010,2022-06-06,0.7125500402626422,0.6913503335768113,4.0,озимая пшеница,2022,157,0.7431696601200546,новый полигон
AOI-0010,2022-06-10,0.6047553712787044,0.6784788849332248,3.0,озимая пшеница,2022,161,0.6523071428571428,новый полигон
AOI-0010,2022-06-11,0.6366609258804329,0.6616384737509926,3.0,озимая пшеница,2022,162,0.6818692545675631,новый полигон
AOI-0010,2022-07-17,0.24339903024858167,0.2552971650958875,5.0,озимая пшеница,2022,198,0.2960988480754246,новый полигон
AOI-0010,2022-07-28,0.345055153178279,0.2575921263617933,10.0,озимая пшеница,2022,209,0.3675183673469387,новый полигон
AOI-0010,2022-09-08,0.29822708775187134,0.26470699111688173,7.0,озимая пшеница,2022,251,0.3147122804215606,новый полигон
AOI-0010,2023-04-02,0.544148479934462,0.6592530612244898,,озимая пшеница,2023,92,0.4722929107697032,новый полигон
AOI-0010,2023-04-27,0.6791154248026822,0.7054908819486958,13.0,озимая пшеница,2023,117,0.6244692230694711,новый полигон
AOI-0010,2023-06-08,0.7541933625316463,0.6826358467420198,3.0,озимая пшеница,2023,159,0.7586816183122098,новый полигон
AOI-0010,2023-06-16,0.6237926722187407,0.565807772114431,9.0,озимая пшеница,2023,167,0.5772735489266335,новый полигон
AOI-0010,2023-08-23,0.2491988326049442,0.28114743599040204,6.0,озимая пшеница,2023,235,0.2581733895731201,новый полигон
AOI-0010,2023-08-30,0.2554307273296919,0.2591202974767655,9.0,озимая пшеница,2023,242,0.2519335898909596,новый полигон
AOI-0010,2023-09-19,0.2540517989854806,0.2640190788000012,5.0,озимая пшеница,2023,262,0.2501383050909326,новый полигон
AOI-0010,2024-04-04,0.659509056468367,0.6059373226508664,5.0,озимая пшеница,2024,95,0.6578111507624956,новый полигон
AOI-0010,2024-04-26,0.685441209887893,0.7669721591952279,12.0,озимая пшеница,2024,117,0.5034533304571572,новый полигон
AOI-0010,2024-05-08,0.7718912185758431,0.766053917458856,3.0,озимая пшеница,2024,129,0.8072255102040816,новый полигон
AOI-0010,2024-05-21,0.7554308178984029,0.699539751088643,15.0,озимая пшеница,2024,142,0.7213810845592096,новый полигон
AOI-0010,2024-06-18,0.24111249006069027,0.301712131938307,6.0,озимая пшеница,2024,170,0.2549994508438121,новый полигон
AOI-0010,2024-06-20,0.2191162309110607,0.2685611092288235,6.0,озимая пшеница,2024,172,0.2385370916269239,новый полигон
AOI-0010,2024-07-08,0.17947451112331048,0.1874992650850129,5.0,озимая пшеница,2024,190,0.1779911222502635,новый полигон
AOI-0010,2024-07-15,0.16402885821020236,0.1905242885300675,5.0,озимая пшеница,2024,197,0.1832322565521548,новый полигон
AOI-0010,2024-08-12,0.22574204008365875,0.201179263522835,5.0,озимая пшеница,2024,225,0.0988557990379098,новый полигон
AOI-0010,2024-09-06,0.20691934857028993,0.20676122717043482,10.0,озимая пшеница,2024,250,0.2149906716042257,новый полигон
AOI-0010,2024-09-28,0.2158533492861723,0.22215273433489496,3.0,озимая пшеница,2024,272,0.2013787260625683,новый полигон
AOI-0010,2024-10-01,0.20426145756600664,0.22833872263972532,7.0,озимая пшеница,2024,275,0.2080921119867548,новый полигон
AOI-0010,2024-10-15,0.2555909753561266,0.19098424035186828,18.0,озимая пшеница,2024,289,0.2720418367346939,новый полигон
AOI-0010,2024-10-23,0.18472222401113056,0.18794731337554238,18.0,озимая пшеница,2024,297,0.2198146966723993,новый полигон
AOI-0010,2025-04-16,0.3882556101144533,0.40624165312866034,3.0,озимая пшеница,2025,106,0.2879025425285791,новый полигон
AOI-0010,2025-04-18,0.45049315010647156,0.4398217483695752,2.0,озимая пшеница,2025,108,0.4237281901388615,новый полигон
AOI-0010,2025-05-09,0.7217609300784409,0.6670008384694545,8.0,озимая пшеница,2025,129,0.7645724489795919,новый полигон
AOI-0010,2025-06-05,0.5552584235911303,0.5553005506699416,4.0,озимая пшеница,2025,156,0.5661575711454667,новый полигон
AOI-0010,2025-06-07,0.4997426503946305,0.4693690393484932,4.0,озимая пшеница,2025,158,0.4674447690618775,новый полигон
AOI-0010,2025-06-28,0.23335093141516774,0.1340808095481387,4.0,озимая пшеница,2025,179,0.1240333196292315,новый полигон
AOI-0010,2025-07-05,0.2169263661344792,0.10382867873000007,8.0,озимая пшеница,2025,186,0.1824625457359958,новый полигон
AOI-0010,2025-07-06,0.23894737012429282,0.12910923351388745,8.0,озимая пшеница,2025,187,0.2640941069119862,новый полигон
AOI-0010,2025-07-07,0.20448258329230595,0.1543897882977748,8.0,озимая пшеница,2025,188,0.1721174131348104,новый полигон
AOI-0010,2025-07-25,0.1780715720407256,0.16500139625428156,5.0,озимая пшеница,2025,206,0.1633403594527167,новый полигон
AOI-0010,2025-07-30,0.16021565169811208,0.12277672660785288,5.0,озимая пшеница,2025,211,0.1650161455541576,новый полигон
AOI-0010,2025-08-16,0.20897322681208358,0.21008825680698073,2.0,озимая пшеница,2025,228,0.1779224234272525,новый полигон
AOI-0010,2025-08-27,0.16948814447277835,0.17016705372146007,5.0,озимая пшеница,2025,239,0.1837423145466699,новый полигон
AOI-0010,2025-09-16,0.21743523697617725,0.19809424313223498,6.0,озимая пшеница,2025,259,0.2371789006584868,новый полигон
AOI-0010,2025-09-30,0.2944873371549356,0.2604516356412166,6.0,озимая пшеница,2025,273,0.3286397959183673,новый полигон
AOI-0010,2025-10-05,0.22876971250179584,0.22768052817980083,5.0,озимая пшеница,2025,278,0.143587279137584,новый полигон
AOI-0011,2025-04-07,0.7210887793051607,0.6195381268095155,13.0,озимая пшеница,2025,97,0.8219090709728866,есть в train
AOI-0011,2025-04-17,0.7764741334655257,0.7103076890374502,2.0,озимая пшеница,2025,107,0.8026569841644609,есть в train
AOI-0011,2025-04-23,0.7644164878742574,0.7588541710820549,5.0,озимая пшеница,2025,113,0.8593957735247213,есть в train
AOI-0011,2025-04-28,0.8023033183495109,0.838031945813044,5.0,озимая пшеница,2025,118,0.8540421699094004,есть в train
AOI-0011,2025-05-24,0.7903338021068329,0.8046172261199436,6.0,озимая пшеница,2025,144,0.7912880765353796,есть в train
AOI-0011,2025-06-03,0.5853462390319889,0.56865346898468,7.0,озимая пшеница,2025,154,0.5665099737775778,есть в train
AOI-0011,2025-07-12,0.29077389414537924,0.21588637652424558,3.0,озимая пшеница,2025,193,0.2947688596491228,есть в train
AOI-0011,2025-08-06,0.23972275870078494,0.21712550671255748,5.0,озимая пшеница,2025,218,0.2257466520924281,есть в train
AOI-0011,2025-08-14,0.21793582935571515,0.2838934419103971,2.0,озимая пшеница,2025,226,0.2014014428725621,есть в train
AOI-0011,2025-08-19,0.1971488436288727,0.21990071761685176,5.0,озимая пшеница,2025,231,0.2097759899554058,есть в train
AOI-0011,2025-08-27,0.170728722653475,0.16710083458854158,5.0,озимая пшеница,2025,239,0.1814912879679227,есть в train
AOI-0011,2025-09-30,0.26326858927170216,0.21068254150046967,6.0,озимая пшеница,2025,273,0.2757634569377992,есть в train
AOI-0011,2025-10-03,0.17907100840656154,0.22236105567107922,6.0,озимая пшеница,2025,276,0.1910589025599808,есть в train
AOI-0011,2025-10-05,0.1755002421570646,0.19576561691806094,6.0,озимая пшеница,2025,278,0.1290291620932146,есть в train
AOI-0012,2025-04-01,0.2157837476574452,0.3725979079497908,,озимая пшеница,2025,91,0.2162062381370746,новый полигон
AOI-0012,2025-04-28,0.5127163846015236,0.4899098975590126,5.0,озимая пшеница,2025,118,0.4724165407161738,новый полигон
AOI-0012,2025-05-16,0.7496508220346769,0.756015588593518,5.0,озимая пшеница,2025,136,0.7695328446932466,новый полигон
AOI-0012,2025-06-03,0.669546121675789,0.643071017645428,8.0,озимая пшеница,2025,154,0.6582059776290561,новый полигон
AOI-0012,2025-06-05,0.6099657277736281,0.5676792061284981,3.0,озимая пшеница,2025,156,0.5830482350901462,новый полигон
AOI-0012,2025-06-15,0.2839012072335604,0.27925028391924084,18.0,озимая пшеница,2025,166,0.226702413181153,новый полигон
AOI-0012,2025-06-26,0.365274870274654,0.11008333531981333,18.0,озимая пшеница,2025,177,0.3199803347280335,новый полигон
AOI-0012,2025-07-10,0.20672012083299018,0.23039626026064275,4.0,озимая пшеница,2025,191,0.1672595296440431,новый полигон
AOI-0012,2025-07-18,0.15844909804133983,0.1441764816471957,8.0,озимая пшеница,2025,199,0.1512365037624178,новый полигон
AOI-0012,2025-07-30,0.17824627676163482,0.14863316781091082,5.0,озимая пшеница,2025,211,0.1577385727589376,новый полигон
AOI-0013,2010-04-16,0.7005839068612967,0.7297547667824321,8.0,озимая пшеница,2010,106,0.715501533467004,новый полигон
AOI-0013,2010-06-10,0.4615847371060423,0.3336519758517104,9.0,озимая пшеница,2010,161,0.3209216541440544,новый полигон
AOI-0013,2010-06-19,0.368369238114762,0.4938378308957144,15.0,озимая пшеница,2010,170,0.3130856917423393,новый полигон
AOI-0013,2010-10-24,0.23864783863060215,0.21179000549612925,9.0,озимая пшеница,2010,297,0.2280274151310949,новый полигон
AOI-0013,2011-04-18,0.20619886586266215,0.26275376001533063,12.0,озимая пшеница,2011,108,0.2611673608720343,новый полигон
AOI-0013,2011-04-26,0.20755083829505613,0.27391376478366897,11.0,озимая пшеница,2011,116,0.291879763783219,новый полигон
AOI-0013,2012-05-08,0.5317192480129481,0.4286360835798092,16.0,озимая пшеница,2012,129,0.5049190361445783,новый полигон
AOI-0013,2012-06-23,0.534758919123084,0.6530549698795182,16.0,озимая пшеница,2012,175,0.3561643209406716,новый полигон
AOI-0013,2012-08-12,0.40758468925161995,0.43976801598339854,23.0,озимая пшеница,2012,225,0.4803689156626506,новый полигон
AOI-0013,2013-04-16,0.2836013758148984,0.31974145480018545,8.0,озимая пшеница,2013,106,0.2964522400536226,новый полигон
AOI-0013,2013-04-24,0.32373290787182174,0.3537090268230489,8.0,озимая пшеница,2013,114,0.3485190544714061,новый полигон
AOI-0013,2013-05-02,0.3224944996257187,0.3050301795389571,24.0,озимая пшеница,2013,122,0.2705935800059797,новый полигон
AOI-0013,2013-05-09,0.4778234456584072,0.40125834385947357,24.0,озимая пшеница,2013,129,0.254285454390276,новый полигон
AOI-0013,2013-06-11,0.49332518269168135,0.5903152011254151,9.0,озимая пшеница,2013,162,0.3922746395091079,новый полигон
AOI-0013,2013-07-12,0.46519804997694086,0.4738174386286095,9.0,озимая пшеница,2013,193,0.418948584664295,новый полигон
AOI-0013,2013-07-28,0.41979481178095435,0.4423328057062305,8.0,озимая пшеница,2013,209,0.3853054508449324,новый полигон
AOI-0013,2014-05-29,0.47381979595981033,0.532015761219596,11.0,озимая пшеница,2014,149,0.4576787607284091,новый полигон
AOI-0013,2014-06-10,0.4979457191654251,0.36536564794737675,15.0,озимая пшеница,2014,161,0.4686655421686747,новый полигон
AOI-0013,2014-07-28,0.39674727557756423,0.36027983397728136,7.0,озимая пшеница,2014,209,0.3987840963855422,новый полигон
AOI-0013,2014-08-01,0.3258386026928102,0.3462974501956205,9.0,озимая пшеница,2014,213,0.3975069427833245,новый полигон
AOI-0013,2014-08-08,0.32493548245457377,0.28062489141162483,9.0,озимая пшеница,2014,220,0.397819603736429,новый полигон
AOI-0013,2014-08-13,0.3894135260900276,0.32286508377741624,7.0,озимая пшеница,2014,225,0.4107233734939759,новый полигон
AOI-0013,2015-05-09,0.5386773681603914,0.43012033715077613,15.0,озимая пшеница,2015,129,0.6467354216867469,новый полигон
AOI-0013,2015-05-23,0.4575675616099118,0.43859287503915767,9.0,озимая пшеница,2015,143,0.391076560790592,новый полигон
AOI-0013,2015-07-12,0.5362928525780186,0.6018111885509706,17.0,озимая пшеница,2015,193,0.4119691566265061,новый полигон
AOI-0013,2015-08-20,0.41614222178391486,0.4000943452078437,14.0,озимая пшеница,2015,232,0.440886732633149,новый полигон
AOI-0013,2015-10-07,0.362750401294115,0.3186047015793398,30.0,озимая пшеница,2015,280,0.3845763782259042,новый полигон
AOI-0013,2015-10-16,0.3908385755267461,0.3344052042983876,30.0,озимая пшеница,2015,289,0.2587053012048192,новый полигон
AOI-0013,2016-05-09,0.46212005127786915,0.49360202117471946,10.0,озимая пшеница,2016,130,0.4308109952749017,новый полигон
AOI-0013,2016-05-10,0.424449328856776,0.4909765724699209,10.0,озимая пшеница,2016,131,0.4370576907040969,новый полигон
AOI-0013,2016-08-12,0.6200072426356893,0.6314196059744351,7.0,озимая пшеница,2016,225,0.6451600000000001,новый полигон
AOI-0013,2016-08-21,0.6950635381635369,0.7487238654696836,9.0,озимая пшеница,2016,234,0.6817313064328998,новый полигон
AOI-0013,2016-09-13,0.5934249844135326,0.6885350728028471,7.0,озимая пшеница,2016,257,0.6026489156626507,новый полигон
AOI-0013,2016-10-09,0.5560436667665348,0.49393286486980104,7.0,озимая пшеница,2016,283,0.7082467269752039,новый полигон
AOI-0013,2017-04-11,0.267853629263704,0.3162763388158927,6.0,озимая пшеница,2017,101,0.1149997032790772,новый полигон
AOI-0013,2017-04-28,0.380235194420587,0.361760377091909,8.0,озимая пшеница,2017,118,0.3747901431604727,новый полигон
AOI-0013,2017-05-01,0.3701329068471354,0.39489040364611466,8.0,озимая пшеница,2017,121,0.3546665093943976,новый полигон
AOI-0013,2017-05-21,0.5791798381520792,0.6473038399773781,13.0,озимая пшеница,2017,141,0.6808112231842602,новый полигон
AOI-0013,2017-05-29,0.5545795369114052,0.6161733296297724,11.0,озимая пшеница,2017,149,0.5419401366168244,новый полигон
AOI-0013,2017-06-30,0.6944248180138951,0.7331748399941005,3.0,озимая пшеница,2017,181,0.8144998878050018,новый полигон
AOI-0013,2017-07-27,0.5776540726893035,0.45325892655371847,4.0,озимая пшеница,2017,208,0.5230601792894283,новый полигон
AOI-0013,2017-08-08,0.45621579578798616,0.4533458311288827,3.0,озимая пшеница,2017,220,0.4259649878820764,новый полигон
AOI-0013,2017-08-24,0.41202263255597504,0.45307171374727195,4.0,озимая пшеница,2017,236,0.3955313228974937,новый полигон
AOI-0013,2017-09-13,0.47613272910161186,0.4079447199087545,4.0,озимая пшеница,2017,256,0.454455356379902,новый полигон
AOI-0013,2017-09-17,0.48695096349647127,0.4911632249685876,3.0,озимая пшеница,2017,260,0.5196356685467807,новый полигон
AOI-0013,2017-09-30,0.4139247400055996,0.455764262051952,8.0,озимая пшеница,2017,273,0.3740296385542168,новый полигон
AOI-0013,2018-05-25,0.4648127234730466,0.3616271453375589,15.0,озимая пшеница,2018,145,0.4873689156626506,новый полигон
AOI-0013,2018-06-08,0.38681039079650636,0.3726739807324298,7.0,озимая пшеница,2018,159,0.3693414571261272,новый полигон
AOI-0013,2018-06-15,0.38045413678245027,0.44292153884729746,10.0,озимая пшеница,2018,166,0.2885688149456445,новый полигон
AOI-0013,2018-07-12,0.43222947451532734,0.3718898771518036,7.0,озимая пшеница,2018,193,0.5087146987951807,новый полигон
AOI-0013,2018-08-13,0.4205121159107005,0.39811975789014964,15.0,озимая пшеница,2018,225,0.3686715662650603,новый полигон
AOI-0013,2018-08-27,0.3734927149661711,0.4401170091623162,8.0,озимая пшеница,2018,239,0.4053881405900902,новый полигон
AOI-0013,2018-09-28,0.37912100362585893,0.4368855543260978,8.0,озимая пшеница,2018,271,0.3050100419143164,новый полигон
AOI-0013,2018-10-06,0.39048069065779156,0.37367208767793303,7.0,озимая пшеница,2018,279,0.4534246648372602,новый полигон
AOI-0013,2019-04-01,0.22544771037655353,0.216710815528414,,озимая пшеница,2019,91,0.2214068939956567,новый полигон
AOI-0013,2019-05-06,0.39002846195004753,0.4112201858498788,6.0,озимая пшеница,2019,126,0.4304355333554125,новый полигон
AOI-0013,2019-06-02,0.4789483446971534,0.4050380398187017,4.0,озимая пшеница,2019,153,0.3587200660758046,новый полигон
AOI-0013,2019-06-05,0.4699795001566146,0.4296893635440931,3.0,озимая пшеница,2019,156,0.4070974521383476,новый полигон
AOI-0013,2019-06-12,0.4571382490308172,0.48255754299409215,4.0,озимая пшеница,2019,163,0.5813009165053226,новый полигон
AOI-0013,2019-06-25,0.4172804448635926,0.5432083461095862,6.0,озимая пшеница,2019,176,0.4181806486237213,новый полигон
AOI-0013,2019-07-17,0.49670596482521145,0.4469199310386167,6.0,озимая пшеница,2019,198,0.2354349897975154,новый полигон
AOI-0013,2019-07-28,0.5540780398253962,0.5402562188353882,7.0,озимая пшеница,2019,209,0.5983098795180724,новый полигон
AOI-0013,2019-08-24,0.4634356303724029,0.3850087918427726,3.0,озимая пшеница,2019,236,0.4743059487497951,новый полигон
AOI-0013,2019-08-31,0.5258685021036468,0.5125193812079174,4.0,озимая пшеница,2019,243,0.5239936622136712,новый полигон
AOI-0013,2019-09-08,0.5167509840397134,0.5142170356149398,7.0,озимая пшеница,2019,251,0.4934345566465167,новый полигон
AOI-0013,2019-09-13,0.46284403689605086,0.4490526377594294,4.0,озимая пшеница,2019,256,0.5188837250077074,новый полигон
AOI-0013,2019-10-02,0.4919302482687353,0.4608167730966338,9.0,озимая пшеница,2019,275,0.5741454628417202,новый полигон
AOI-0013,2019-10-10,0.5095911718946541,0.603567988829924,4.0,озимая пшеница,2019,283,0.5944157000516727,новый полигон
AOI-0013,2019-10-17,0.4588411982134654,0.368106755251232,4.0,озимая пшеница,2019,290,0.5220613267501452,новый полигон
AOI-0013,2020-04-22,0.41679268165198835,0.34443238677703636,7.0,озимая пшеница,2020,113,0.3363236308178263,новый полигон
AOI-0013,2020-05-12,0.41526512354260847,0.37016107859562475,3.0,озимая пшеница,2020,133,0.3678964598939059,новый полигон
AOI-0013,2020-06-24,0.47085784894225674,0.5096489185250407,14.0,озимая пшеница,2020,176,0.521047911137771,новый полигон
AOI-0013,2020-06-26,0.4877530615433458,0.5106276754077603,4.0,озимая пшеница,2020,178,0.5048739284152264,новый полигон
AOI-0013,2020-08-12,0.4853907991410796,0.23116781620253596,3.0,озимая пшеница,2020,225,0.4145168674698796,новый полигон
AOI-0013,2020-08-15,0.432545184030374,0.2350387755941572,5.0,озимая пшеница,2020,228,0.4051341990709047,новый полигон
AOI-0013,2020-08-16,0.43298920576176214,0.2880913473336698,5.0,озимая пшеница,2020,229,0.4439175520273413,новый полигон
AOI-0013,2020-08-20,0.3886171342893687,0.4133778463437954,5.0,озимая пшеница,2020,233,0.4088877084246672,новый полигон
AOI-0013,2020-10-27,0.3547128751950491,0.4980656060208398,,озимая пшеница,2020,301,0.3474403827664024,новый полигон
AOI-0013,2021-04-23,0.4802087684965643,0.26032293685261787,7.0,озимая пшеница,2021,113,0.5011065060240965,новый полигон
AOI-0013,2021-06-10,0.5784327322458339,0.6048897861145929,5.0,озимая пшеница,2021,161,0.5816084337349399,новый полигон
AOI-0013,2021-06-11,0.5505957155477065,0.5815605351035986,5.0,озимая пшеница,2021,162,0.5004388750216152,новый полигон
AOI-0013,2021-06-21,0.5575763787184779,0.5487501082036929,7.0,озимая пшеница,2021,172,0.4571700865992438,новый полигон
AOI-0013,2021-07-12,0.4988012289195661,0.5302784910474747,5.0,озимая пшеница,2021,193,0.5362946987951807,новый полигон
AOI-0013,2021-07-14,0.5357906293729209,0.5886874436860157,5.0,озимая пшеница,2021,195,0.4928730432896551,новый полигон
AOI-0013,2021-08-20,0.48898054257928486,0.4756643657261286,4.0,озимая пшеница,2021,232,0.5255259740747389,новый полигон
AOI-0013,2021-10-14,0.4682306539191172,0.3611994150772706,15.0,озимая пшеница,2021,287,0.3820394511041242,новый полигон
AOI-0013,2021-10-16,0.45217988586021535,0.38489040102675187,15.0,озимая пшеница,2021,289,0.3478843373493975,новый полигон
AOI-0013,2022-04-02,0.4605997426385569,0.6381590025333729,,озимая пшеница,2022,92,0.5126833881704695,новый полигон
AOI-0013,2022-04-17,0.5385024115420963,0.6271820238703877,13.0,озимая пшеница,2022,107,0.6935375488663742,новый полигон
AOI-0013,2022-04-24,0.535401608757119,0.594192799892546,4.0,озимая пшеница,2022,114,0.7003468423960126,новый полигон
AOI-0013,2022-04-25,0.5542278888383051,0.5690648768935258,4.0,озимая пшеница,2022,115,0.758239351120703,новый полигон
AOI-0013,2022-06-10,0.49824894005545595,0.3994581368535788,2.0,озимая пшеница,2022,161,0.5653838554216867,новый полигон
AOI-0013,2022-06-16,0.43364148865257307,0.41496744834248794,7.0,озимая пшеница,2022,167,0.3793195283351037,новый полигон
AOI-0013,2022-06-26,0.5078438207522596,0.3618796420202872,5.0,озимая пшеница,2022,177,0.6652730120481928,новый полигон
AOI-0013,2022-07-05,0.5354899550826161,0.5026522538712801,2.0,озимая пшеница,2022,186,0.5535484398812327,новый полигон
AOI-0013,2022-07-17,0.5661418507443007,0.5692885595401551,5.0,озимая пшеница,2022,198,0.6207508502794173,новый полигон
AOI-0013,2022-07-22,0.5553102931541538,0.5338203794483973,5.0,озимая пшеница,2022,203,0.7098021596314689,новый полигон
AOI-0013,2022-08-14,0.5470831488684496,0.5431333226023052,2.0,озимая пшеница,2022,226,0.5771479184307922,новый полигон
AOI-0013,2022-09-14,0.41534858630054244,0.4946035697450386,7.0,озимая пшеница,2022,257,0.1727994450552643,новый полигон
AOI-0013,2022-10-07,0.4225783794392667,0.3702956562188065,11.0,озимая пшеница,2022,280,0.4506182525172552,новый полигон
AOI-0013,2022-10-14,0.412579823888151,0.32676447680010745,5.0,озимая пшеница,2022,287,0.4397874883443652,новый полигон
AOI-0013,2023-04-10,0.43048401995954005,0.5265015844400031,10.0,озимая пшеница,2023,100,0.459212361001851,новый полигон
AOI-0013,2023-06-21,0.5369094958786168,0.5619650515223598,3.0,озимая пшеница,2023,172,0.5120315283005785,новый полигон
AOI-0013,2023-06-29,0.5402658555212915,0.4952530276404913,8.0,озимая пшеница,2023,180,0.5982915095097736,новый полигон
AOI-0013,2023-07-06,0.5131988520341528,0.5868233900445425,4.0,озимая пшеница,2023,187,0.5661410336974619,новый полигон
AOI-0013,2023-07-12,0.5490188897983086,0.48949568879253164,5.0,озимая пшеница,2023,193,0.3635007228915662,новый полигон
AOI-0013,2023-07-24,0.5195848482215152,0.55101601902725,4.0,озимая пшеница,2023,205,0.5252837923278897,новый полигон
AOI-0013,2023-08-05,0.5193077789516531,0.5528498136763526,4.0,озимая пшеница,2023,217,0.5048098266127781,новый полигон
AOI-0013,2023-08-20,0.5044822427149069,0.4973982653491069,7.0,озимая пшеница,2023,232,0.5375500250303266,новый полигон
AOI-0013,2023-08-23,0.5024877870585392,0.49043752466129154,7.0,озимая пшеница,2023,235,0.5242350032237649,новый полигон
AOI-0013,2023-08-26,0.5116908461838031,0.4978590555963302,3.0,озимая пшеница,2023,238,0.53067549845408,новый полигон
AOI-0013,2023-09-11,0.5207288836887963,0.5193171477021733,5.0,озимая пшеница,2023,254,0.5287818522698193,новый полигон
AOI-0013,2023-09-14,0.4563106002096838,0.5487981346923002,5.0,озимая пшеница,2023,257,0.4747972558935145,новый полигон
AOI-0013,2023-09-24,0.5127540046667086,0.4963123988780014,4.0,озимая пшеница,2023,267,0.4792986296137824,новый полигон
AOI-0013,2023-10-05,0.4226657713632696,0.4652092626031552,3.0,озимая пшеница,2023,278,0.3953352545514152,новый полигон
AOI-0013,2023-10-14,0.4114221001467987,0.42979282201937286,4.0,озимая пшеница,2023,287,0.3945034501255599,новый полигон
AOI-0013,2023-10-17,0.35674965266858366,0.37385220601227465,4.0,озимая пшеница,2023,290,0.3673974358728668,новый полигон
AOI-0013,2023-10-19,0.3942540685661277,0.34386467745095434,4.0,озимая пшеница,2023,292,0.3866278133666405,новый полигон
AOI-0013,2024-04-26,0.32744700667539517,0.46857163618087444,14.0,озимая пшеница,2024,117,0.2936537698754159,новый полигон
AOI-0013,2024-05-04,0.4769949997668831,0.5042272485988951,14.0,озимая пшеница,2024,125,0.512624440989053,новый полигон
AOI-0013,2024-05-23,0.5430223781989773,0.5158731610544134,10.0,озимая пшеница,2024,144,0.532144995347682,новый полигон
AOI-0013,2024-05-24,0.5806704715128121,0.5162614782615399,10.0,озимая пшеница,2024,145,0.4731392593490931,новый полигон
AOI-0013,2024-06-30,0.47467691399600637,0.531500780427759,8.0,озимая пшеница,2024,182,0.5341737347264792,новый полигон
AOI-0013,2024-07-02,0.5460922392412361,0.5551106960277106,8.0,озимая пшеница,2024,184,0.5637220370607665,новый полигон
AOI-0013,2024-07-11,0.5237119445655695,0.5185314002793745,3.0,озимая пшеница,2024,193,0.536669156626506,новый полигон
AOI-0013,2024-07-26,0.4886624628087896,0.30147568264047236,10.0,озимая пшеница,2024,208,0.5148884150375757,новый полигон
AOI-0013,2024-07-27,0.49748286885360105,0.28265593787106796,10.0,озимая пшеница,2024,209,0.5070380450823168,новый полигон
AOI-0013,2024-08-09,0.4557163993638436,0.5102906181151059,8.0,озимая пшеница,2024,222,0.523164819379698,новый полигон
AOI-0013,2024-08-11,0.47587837463733595,0.5211258593617265,8.0,озимая пшеница,2024,224,0.5481402800772235,новый полигон
AOI-0013,2024-09-03,0.4392696321559349,0.5042521925033169,7.0,озимая пшеница,2024,247,0.4127120323164498,новый полигон
AOI-0013,2024-09-06,0.48906197430585124,0.519762393893582,7.0,озимая пшеница,2024,250,0.5031035208035046,новый полигон
AOI-0013,2024-09-26,0.469044165431841,0.4565886102769836,5.0,озимая пшеница,2024,270,0.427929788302664,новый полигон
AOI-0013,2024-10-08,0.38940951025239756,0.44399458414489273,4.0,озимая пшеница,2024,282,0.4237819392437698,новый полигон
AOI-0013,2025-04-01,0.4553001004689769,0.6630686746987952,,озимая пшеница,2025,91,0.3867990574114848,новый полигон
AOI-0013,2025-04-28,0.5425487188190807,0.4873893522419885,7.0,озимая пшеница,2025,118,0.5136805260386095,новый полигон
AOI-0013,2025-05-16,0.4850315937618571,0.5716069728915664,16.0,озимая пшеница,2025,136,0.4919804517507247,новый полигон
AOI-0013,2025-05-19,0.4879549063435665,0.5618823192771085,16.0,озимая пшеница,2025,139,0.5625298084198651,новый полигон
AOI-0013,2025-05-24,0.48752960504109427,0.5456745632530121,16.0,озимая пшеница,2025,144,0.4447053869333797,новый полигон
AOI-0013,2025-07-07,0.4850221468854278,0.522473367237485,4.0,озимая пшеница,2025,188,0.4980930347610962,новый полигон
AOI-0013,2025-07-08,0.4989111698492494,0.5095204514495694,4.0,озимая пшеница,2025,189,0.4897639169128684,новый полигон
AOI-0013,2025-07-14,0.5177671833861456,0.4952432439853115,2.0,озимая пшеница,2025,195,0.4965945312711338,новый полигон
AOI-0013,2025-07-21,0.5378088006929419,0.5101221655224184,5.0,озимая пшеница,2025,202,0.6290736840361519,новый полигон
AOI-0013,2025-07-27,0.5404563559176601,0.574123598287514,3.0,озимая пшеница,2025,208,0.4316128437822294,новый полигон
AOI-0013,2025-08-15,0.5323509134985219,0.4708292782530733,2.0,озимая пшеница,2025,227,0.5281842358243648,новый полигон
AOI-0013,2025-09-03,0.4473829595078721,0.48951586351289667,4.0,озимая пшеница,2025,246,0.2606998824276415,новый полигон
AOI-0013,2025-09-07,0.5316884350252369,0.4946943168051946,3.0,озимая пшеница,2025,250,0.522954152487717,новый полигон
AOI-0014,2010-04-07,0.47437139248571475,0.6073223152509999,,озимая пшеница,2010,97,0.3889946829596208,новый полигон
AOI-0014,2010-04-24,0.6366073865358575,0.7259459535751047,8.0,озимая пшеница,2010,114,0.7960681667148739,новый полигон
AOI-0014,2010-06-10,0.6857029073826256,0.7841552114968349,9.0,озимая пшеница,2010,161,0.7720007452619211,новый полигон
AOI-0014,2010-09-23,0.19482900763077166,0.29435747983870963,16.0,озимая пшеница,2010,266,0.156729815232221,новый полигон
AOI-0014,2011-04-19,0.23263613985679543,0.2160332843777001,5.0,озимая пшеница,2011,109,0.1672774827618733,новый полигон
AOI-0014,2011-04-26,0.21627793909302487,0.35850738027469176,11.0,озимая пшеница,2011,116,0.1802477455362318,новый полигон
AOI-0014,2011-05-09,0.5767319237404058,0.4084454383039386,17.0,озимая пшеница,2011,129,0.6096104147465438,новый полигон
AOI-0014,2011-05-28,0.6483136831754011,0.6803045482035184,11.0,озимая пшеница,2011,148,0.4623833079754428,новый полигон
AOI-0014,2011-06-14,0.7156275360847525,0.7978618442266765,12.0,озимая пшеница,2011,165,0.78595413369962,новый полигон
AOI-0014,2011-08-01,0.48073398652433164,0.4444123176175633,8.0,озимая пшеница,2011,213,0.5492368929161777,новый полигон
AOI-0014,2011-09-14,0.3070222982353622,0.19864212506775544,8.0,озимая пшеница,2011,257,0.3189232258064516,новый полигон
AOI-0014,2011-09-17,0.19850173314088407,0.18239115066396533,8.0,озимая пшеница,2011,260,0.1765902851372612,новый полигон
AOI-0014,2011-10-27,0.38852121046971305,0.4034623502304147,,озимая пшеница,2011,300,0.3837271964612058,новый полигон
AOI-0014,2012-05-06,0.7220988947869046,0.6721734465530285,9.0,озимая пшеница,2012,127,0.7765323323083747,новый полигон
AOI-0014,2012-06-25,0.4225978641001488,0.30858099436517217,16.0,озимая пшеница,2012,177,0.5008893548387097,новый полигон
AOI-0014,2012-08-28,0.31610940398737775,0.18827596786020256,18.0,озимая пшеница,2012,241,0.3208966359447004,новый полигон
AOI-0014,2012-09-04,0.19893638460389734,0.22908769159878328,18.0,озимая пшеница,2012,248,0.1839152423302315,новый полигон
AOI-0014,2012-09-11,0.18939724935704147,0.269899415337364,18.0,озимая пшеница,2012,255,0.2483564597740058,новый полигон
AOI-0014,2012-09-27,0.15091890240483669,0.2732822122328599,9.0,озимая пшеница,2012,271,0.1433448122843481,новый полигон
AOI-0014,2013-05-09,0.4574108224060757,0.3430068187483506,23.0,озимая пшеница,2013,129,0.2288234639751445,новый полигон
AOI-0014,2013-06-11,0.5712657949350044,0.5832365091103142,16.0,озимая пшеница,2013,162,0.649821272672161,новый полигон
AOI-0014,2013-06-19,0.6892063950436481,0.6830507939743955,16.0,озимая пшеница,2013,170,0.7066381370806489,новый полигон
AOI-0014,2013-07-28,0.59478128254767,0.7496786771808192,9.0,озимая пшеница,2013,209,0.6849935015336568,новый полигон
AOI-0014,2013-09-14,0.35453432568119125,0.3178182841437377,17.0,озимая пшеница,2013,257,0.4124616,новый полигон
AOI-0014,2013-09-23,0.245319975828752,0.30440791862573474,15.0,озимая пшеница,2013,266,0.2888826241019043,новый полигон
AOI-0014,2014-06-26,0.44274559160065846,0.36418196692634297,8.0,озимая пшеница,2014,177,0.4517102304147465,новый полигон
AOI-0014,2014-06-29,0.3168058689669914,0.3451410241987925,8.0,озимая пшеница,2014,180,0.2978337987695184,новый полигон
AOI-0014,2014-08-17,0.22557213275423013,0.1841419354242816,8.0,озимая пшеница,2014,229,0.2560811127107949,новый полигон
AOI-0014,2014-09-30,0.2767810083884297,0.23616694250231424,7.0,озимая пшеница,2014,273,0.3303560368663594,новый полигон
AOI-0014,2014-10-27,0.20549587330098423,0.1804794086911112,12.0,озимая пшеница,2014,300,0.2285913582099651,новый полигон
AOI-0014,2015-04-14,0.4044587986106203,0.44085701370806585,15.0,озимая пшеница,2015,104,0.2926410551723784,новый полигон
AOI-0014,2015-06-16,0.6077175388696023,0.5656119633080497,14.0,озимая пшеница,2015,167,0.6624329656255169,новый полигон
AOI-0014,2015-06-26,0.4586788421774113,0.37844484421518815,8.0,озимая пшеница,2015,177,0.5052233640552994,новый полигон
AOI-0014,2015-07-12,0.4482029991540315,0.4297872040359401,15.0,озимая пшеница,2015,193,0.462463732718894,новый полигон
AOI-0014,2015-07-27,0.31667011441980275,0.3651931295182971,2.0,озимая пшеница,2015,208,0.2501965357882705,новый полигон
AOI-0014,2015-08-28,0.199676422168377,0.253270186657922,2.0,озимая пшеница,2015,240,0.167701475862785,новый полигон
AOI-0014,2016-04-22,0.43165766298572816,0.2533439436614862,8.0,озимая пшеница,2016,113,0.5017225806451614,новый полигон
AOI-0014,2016-05-09,0.3954303493692427,0.43525059745918937,2.0,озимая пшеница,2016,130,0.4092123915931587,новый полигон
AOI-0014,2016-06-03,0.6299801697219877,0.6073063164975925,15.0,озимая пшеница,2016,155,0.7252849816568345,новый полигон
AOI-0014,2016-06-19,0.8310857721771759,0.8139482075709226,7.0,озимая пшеница,2016,171,0.8563631213905598,новый полигон
AOI-0014,2016-08-13,0.46808091168840177,0.44891680951380947,9.0,озимая пшеница,2016,226,0.4337763099178457,новый полигон
AOI-0014,2016-08-30,0.3220053666829306,0.3994313224044862,8.0,озимая пшеница,2016,243,0.3212257809850419,новый полигон
AOI-0014,2017-04-26,0.7822326928546184,0.8166967834335142,4.0,озимая пшеница,2017,116,0.8243612204831734,новый полигон
AOI-0014,2017-04-28,0.7715582003478485,0.8112324441729635,4.0,озимая пшеница,2017,118,0.8286125443102081,новый полигон
AOI-0014,2017-05-21,0.8980283665085427,0.8610192925968961,13.0,озимая пшеница,2017,141,0.8773962462592947,новый полигон
AOI-0014,2017-05-29,0.8308307969797926,0.8972212654351523,8.0,озимая пшеница,2017,149,0.8941892190965491,новый полигон
AOI-0014,2017-07-23,0.2298837995856491,0.2718852324617765,9.0,озимая пшеница,2017,204,0.2066724296400013,новый полигон
AOI-0014,2017-07-31,0.2209621480988902,0.20062609307257984,4.0,озимая пшеница,2017,212,0.2382201203486385,новый полигон
AOI-0014,2017-08-06,0.1652970182025735,0.14306181538717505,4.0,озимая пшеница,2017,218,0.1083809846936373,новый полигон
AOI-0014,2017-08-21,0.1324553691543491,0.1551408076667292,7.0,озимая пшеница,2017,233,0.1267742065838558,новый полигон
AOI-0014,2017-09-10,0.17580044531664338,0.1428821139371135,5.0,озимая пшеница,2017,253,0.1463296999706372,новый полигон
AOI-0014,2017-09-30,0.21614240916918528,0.20912238730142746,8.0,озимая пшеница,2017,273,0.2881607834101383,новый полигон
AOI-0014,2017-10-08,0.1560717290716375,0.1887787755262187,6.0,озимая пшеница,2017,281,0.1863391691794585,новый полигон
AOI-0014,2018-04-07,0.5372044996314838,0.5325643123282956,5.0,озимая пшеница,2018,97,0.5410934101382489,новый полигон
AOI-0014,2018-05-03,0.8075060790019275,0.7960024169253528,8.0,озимая пшеница,2018,123,0.8228099357136673,новый полигон
AOI-0014,2018-06-24,0.24913228976900942,0.32417594777895586,6.0,озимая пшеница,2018,175,0.2457054954476569,новый полигон
AOI-0014,2018-07-18,0.21334813496086294,0.3100233768059966,14.0,озимая пшеница,2018,199,0.1901708721480017,новый полигон
AOI-0014,2018-08-27,0.16602293474351176,0.2018690825897695,8.0,озимая пшеница,2018,239,0.1637094114363615,новый полигон
AOI-0014,2018-10-06,0.19602917911902998,0.19519973310571712,7.0,озимая пшеница,2018,279,0.2566602175272353,новый полигон
AOI-0014,2019-04-01,0.2315280132384674,0.1594228057245439,,озимая пшеница,2019,91,0.1520905237118836,новый полигон
AOI-0014,2019-04-21,0.1994944519652966,0.24255350083854132,16.0,озимая пшеница,2019,111,0.1891232626617558,новый полигон
AOI-0014,2019-05-01,0.22992836092406224,0.2725575289883304,4.0,озимая пшеница,2019,121,0.2058124779481092,новый полигон
AOI-0014,2019-05-09,0.5767437668332895,0.2693318235604737,3.0,озимая пшеница,2019,129,0.5852111059907835,новый полигон
AOI-0014,2019-05-27,0.6469747852335223,0.7562950515840611,6.0,озимая пшеница,2019,147,0.6987597284948145,новый полигон
AOI-0014,2019-05-28,0.6239453627755382,0.7350895128599626,6.0,озимая пшеница,2019,148,0.6037625794972529,новый полигон
AOI-0014,2019-06-04,0.7929965886673146,0.7801042649083516,3.0,озимая пшеница,2019,155,0.7933751670801721,новый полигон
AOI-0014,2019-06-11,0.8345123700508487,0.8813141730052124,2.0,озимая пшеница,2019,162,0.7935519448256443,новый полигон
AOI-0014,2019-06-15,0.8420685532929377,0.8789287191057538,5.0,озимая пшеница,2019,166,0.8986673109628762,новый полигон
AOI-0014,2019-06-22,0.6915016066341474,0.825393283620811,5.0,озимая пшеница,2019,173,0.7045914760254485,новый полигон
AOI-0014,2019-07-06,0.6109151179310192,0.5153907393889783,2.0,озимая пшеница,2019,187,0.6656910668464985,новый полигон
AOI-0014,2019-08-14,0.33590053733387176,0.3712452469746217,2.0,озимая пшеница,2019,226,0.3428841847981665,новый полигон
AOI-0014,2019-08-26,0.20596819754441276,0.16591240196488305,5.0,озимая пшеница,2019,238,0.2156017128355944,новый полигон
AOI-0014,2020-04-06,0.6898747721503982,0.7183728391857815,7.0,озимая пшеница,2020,97,0.6311159907834103,новый полигон
AOI-0014,2020-04-07,0.6978368413568444,0.7162582607134413,7.0,озимая пшеница,2020,98,0.7200015609755943,новый полигон
AOI-0014,2020-04-17,0.6832661305602603,0.7222106937045683,6.0,озимая пшеница,2020,108,0.7084847163401112,новый полигон
AOI-0014,2020-04-22,0.6460254543219034,0.7249592914630847,8.0,озимая пшеница,2020,113,0.5260432678925335,новый полигон
AOI-0014,2020-04-25,0.6858573608251385,0.7105916467620216,8.0,озимая пшеница,2020,116,0.7379729551110631,новый полигон
AOI-0014,2020-05-15,0.5371044531034664,0.718252662995258,7.0,озимая пшеница,2020,136,-0.0205214233573326,новый полигон
AOI-0014,2020-05-17,0.6341711084908084,0.6866588561550862,7.0,озимая пшеница,2020,138,0.1468550104606616,новый полигон
AOI-0014,2020-06-04,0.6706975526340188,0.7407505475167115,6.0,озимая пшеница,2020,156,0.6527961466181602,новый полигон
AOI-0014,2020-06-25,0.383086595943303,0.18088498439123735,2.0,озимая пшеница,2020,177,0.3823679262672811,новый полигон
AOI-0014,2020-07-11,0.22405826957432184,0.16194578945900542,7.0,озимая пшеница,2020,193,0.1157054337456902,новый полигон
AOI-0014,2020-07-27,0.2632461315820694,0.1488447418153014,7.0,озимая пшеница,2020,209,0.2920554838709678,новый полигон
AOI-0014,2020-08-16,0.19928848791294274,0.19210226355517146,2.0,озимая пшеница,2020,229,0.1819239656233313,новый полигон
AOI-0014,2020-09-09,0.17007553336375356,0.15312699492246035,3.0,озимая пшеница,2020,253,0.16139594703186,новый полигон
AOI-0014,2020-09-24,0.13810421474534756,0.17627765553121238,3.0,озимая пшеница,2020,268,0.1360099925443618,новый полигон
AOI-0014,2021-04-07,0.4592396674850081,0.3375023976567396,9.0,озимая пшеница,2021,97,0.4329042671614102,новый полигон
AOI-0014,2021-04-29,0.7084775777019612,0.7380774768870708,9.0,озимая пшеница,2021,119,0.7053486649425842,новый полигон
AOI-0014,2021-05-25,0.799202639892083,0.8840661761196916,8.0,озимая пшеница,2021,145,0.8350390783410138,новый полигон
AOI-0014,2021-08-13,0.22449390478375472,0.16641894272986146,11.0,озимая пшеница,2021,225,0.3506624423963134,новый полигон
AOI-0014,2021-08-18,0.15002107124805206,0.2066890706772379,11.0,озимая пшеница,2021,230,0.152617556584775,новый полигон
AOI-0014,2021-09-14,0.23692608416899108,0.18019902161725693,4.0,озимая пшеница,2021,257,0.1457192737452373,новый полигон
AOI-0014,2021-10-12,0.013053753301520903,0.12647474021568836,8.0,озимая пшеница,2021,285,0.0716028263787167,новый полигон
AOI-0014,2021-10-14,0.15286373225160238,0.11542987450221505,8.0,озимая пшеница,2021,287,0.1629212891565369,новый полигон
AOI-0014,2022-05-15,0.2109848828761282,0.38381287172655665,14.0,озимая пшеница,2022,135,0.2662879548579207,новый полигон
AOI-0014,2022-05-26,0.4043703905969279,0.5598090783523206,5.0,озимая пшеница,2022,146,0.294687668468609,новый полигон
AOI-0014,2022-05-27,0.32752734460923444,0.48253926269542485,5.0,озимая пшеница,2022,147,0.1986079771899976,новый полигон
AOI-0014,2022-06-24,0.7603168073990018,0.7184912512092942,5.0,озимая пшеница,2022,175,0.810795051745251,новый полигон
AOI-0014,2022-07-14,0.803566667875742,0.8190956043165608,5.0,озимая пшеница,2022,195,0.7041415355423297,новый полигон
AOI-0014,2022-07-24,0.7722807025012931,0.7066885143098234,7.0,озимая пшеница,2022,205,0.7954184986521645,новый полигон
AOI-0014,2022-08-22,0.32035225646404974,0.31875637641273435,8.0,озимая пшеница,2022,234,0.3543238510679537,новый полигон
AOI-0014,2022-08-29,0.3086756347913462,0.19982862040695398,2.0,озимая пшеница,2022,241,0.2889135483870967,новый полигон
AOI-0014,2022-09-02,0.23560682891879764,0.1951645761583419,6.0,озимая пшеница,2022,245,0.1713262531096165,новый полигон
AOI-0014,2022-09-08,0.2394193832334464,0.1964459619289195,2.0,озимая пшеница,2022,251,0.2255887058353069,новый полигон
AOI-0014,2022-09-14,0.22514898952589363,0.23215778004878537,6.0,озимая пшеница,2022,257,0.2452843778801843,новый полигон
AOI-0014,2023-06-07,0.8494150368031281,0.8523463374180043,4.0,озимая пшеница,2023,158,0.9058174833323122,новый полигон
AOI-0014,2023-08-10,0.2212190139631801,0.12387720511269014,5.0,озимая пшеница,2023,222,0.2855584101726184,новый полигон
AOI-0014,2024-04-04,0.7519451352464952,0.722161053454369,,озимая пшеница,2024,95,0.770784519360235,новый полигон
AOI-0014,2024-05-08,0.8438039042563804,0.87644193057416,17.0,озимая пшеница,2024,129,0.8369245161290323,новый полигон
AOI-0014,2024-05-09,0.8152000774682561,0.8732830406980726,17.0,озимая пшеница,2024,130,0.8261709199171672,новый полигон
AOI-0014,2024-05-21,0.8396976568145855,0.8353763621850238,17.0,озимая пшеница,2024,142,0.8407891339469035,новый полигон
AOI-0014,2024-05-23,0.8432095327136917,0.829058582432849,17.0,озимая пшеница,2024,144,0.8629665000404054,новый полигон
AOI-0014,2024-06-08,0.57040941020299,0.5649004841652046,4.0,озимая пшеница,2024,160,0.5227580507221843,новый полигон
AOI-0014,2024-07-25,0.16639537400725085,0.17961944690399334,6.0,озимая пшеница,2024,207,0.1267322418198363,новый полигон
AOI-0014,2024-08-11,0.2323761205518701,0.14778144850763691,3.0,озимая пшеница,2024,224,0.2224457835228792,новый полигон
AOI-0014,2024-09-01,0.14858414403869633,0.15512466807971176,6.0,озимая пшеница,2024,245,0.1447228988707614,новый полигон
AOI-0014,2024-09-08,0.15209401351830965,0.16733257390681744,6.0,озимая пшеница,2024,252,0.1638395062966358,новый полигон
AOI-0014,2024-09-11,0.1600342264845568,0.18729459699459564,6.0,озимая пшеница,2024,255,0.1367670914232761,новый полигон
AOI-0014,2024-09-18,0.15187285898402214,0.16784708501169682,4.0,озимая пшеница,2024,262,0.1557600829593596,новый полигон
AOI-0014,2024-09-29,0.20427626778128358,0.14958676245446217,3.0,озимая пшеница,2024,273,0.1900541923386937,новый полигон
AOI-0014,2024-10-07,0.19094481944763447,0.13672234899892474,2.0,озимая пшеница,2024,281,0.185410290130196,новый полигон
AOI-0014,2024-10-30,0.2078829219012585,0.1091046814656748,,озимая пшеница,2024,304,0.2118104081729523,новый полигон
AOI-0014,2025-04-23,0.4213787326008111,0.1829398371838591,5.0,озимая пшеница,2025,113,0.4496130414746545,новый полигон
AOI-0014,2025-05-01,0.2823931087885009,0.27131733388282653,4.0,озимая пшеница,2025,121,0.1966000708133214,новый полигон
AOI-0014,2025-05-27,0.4382437276200796,0.4283827267906849,3.0,озимая пшеница,2025,147,0.438062425097084,новый полигон
AOI-0014,2025-06-13,0.3917826386909329,0.4523610201900605,4.0,озимая пшеница,2025,164,0.0780855235157304,новый полигон
AOI-0014,2025-08-12,0.21714859402594425,0.27168063455568187,4.0,озимая пшеница,2025,224,0.293530595636466,новый полигон
AOI-0014,2025-08-15,0.30694768723323596,0.1899280274005386,2.0,озимая пшеница,2025,227,0.3084451934256391,новый полигон
AOI-0014,2025-08-24,0.1941312260498614,0.2735621504543746,4.0,озимая пшеница,2025,236,0.169482564393588,новый полигон
AOI-0014,2025-09-11,0.14600260106109636,0.12778610706006918,5.0,озимая пшеница,2025,254,0.1233844073078481,новый полигон
AOI-0014,2025-09-14,0.23640573955367858,0.17172928608899896,2.0,озимая пшеница,2025,257,0.2751430875576037,новый полигон
AOI-0014,2025-09-23,0.1764926182354403,0.1856067668362728,5.0,озимая пшеница,2025,266,0.1752070724706136,новый полигон
AOI-0014,2025-09-24,0.19180855200124297,0.1886998749809332,5.0,озимая пшеница,2025,267,0.224144689438449,новый полигон
AOI-0015,2025-05-04,0.4604431454393815,0.3159385117975333,3.0,озимая пшеница,2025,124,0.4816306373131113,есть в train
AOI-0015,2025-05-27,0.5527303994887537,0.5209173406081543,3.0,озимая пшеница,2025,147,0.5578615088157555,есть в train
AOI-0015,2025-06-07,0.45409903700148385,0.4205436150363512,3.0,озимая пшеница,2025,158,0.408152192070584,есть в train
AOI-0015,2025-07-03,0.3845819437589556,0.4199502171984231,9.0,озимая пшеница,2025,184,0.5584329800548783,есть в train
AOI-0015,2025-07-05,0.3597875425601032,0.4095223333084433,9.0,озимая пшеница,2025,186,0.5469334205482007,есть в train
AOI-0015,2025-07-08,0.3229317038652331,0.2920765831227117,3.0,озимая пшеница,2025,189,0.2818408028366897,есть в train
AOI-0015,2025-07-13,0.2509042506177753,0.3154775081638927,2.0,озимая пшеница,2025,194,0.2306478090592626,есть в train
AOI-0015,2025-07-15,0.25332952641079637,0.26569839040371523,3.0,озимая пшеница,2025,196,0.2450053522609794,есть в train
AOI-0015,2025-07-18,0.24062393433201343,0.21767695283142274,8.0,озимая пшеница,2025,199,0.2570219828053532,есть в train
AOI-0015,2025-07-21,0.2732217187078065,0.24141436079367284,8.0,озимая пшеница,2025,202,0.3992507777468167,есть в train
AOI-0015,2025-07-23,0.251042966824674,0.25723929943517293,8.0,озимая пшеница,2025,204,0.294651239914978,есть в train
AOI-0015,2025-09-07,0.20620762393615014,0.1500725880949853,3.0,озимая пшеница,2025,250,0.2378659875142534,есть в train
AOI-0015,2025-10-13,0.21482895871081678,0.23334644220536704,9.0,озимая пшеница,2025,286,0.1917878780442967,есть в train
AOI-0015,2025-10-16,0.2833502541410069,0.2779111480827968,9.0,озимая пшеница,2025,289,0.2723030914900893,есть в train
AOI-0015,2025-10-18,0.2526634230403803,0.2927660500419401,,озимая пшеница,2025,291,0.2516981918093707,есть в train
AOI-0016,2025-04-19,0.3439984903144686,0.26792680957176684,5.0,озимая пшеница,2025,109,0.2103180415807087,новый полигон
AOI-0016,2025-05-25,0.44740691149221634,0.2942599547562857,3.0,озимая пшеница,2025,145,0.5048612557427259,новый полигон
AOI-0016,2025-06-11,0.6060089224760781,0.44852271347376554,17.0,озимая пшеница,2025,162,0.65149169623021,новый полигон
AOI-0016,2025-06-26,0.7983334771428855,0.8349642669193003,17.0,озимая пшеница,2025,177,0.7983482388973965,новый полигон
AOI-0016,2025-07-10,0.7990560246594495,0.7589221099321622,4.0,озимая пшеница,2025,191,0.8164333756171944,новый полигон
AOI-0016,2025-07-17,0.6993235588696477,0.774637655341627,6.0,озимая пшеница,2025,198,0.661723261553917,новый полигон
AOI-0016,2025-07-18,0.6942330445328921,0.7818649929515211,6.0,озимая пшеница,2025,199,0.7159973216396901,новый полигон
AOI-0016,2025-08-19,0.3617461307081244,0.37862699069040023,5.0,озимая пшеница,2025,231,0.3550669592515938,новый полигон
AOI-0016,2025-08-29,0.3552407327882595,0.35497524949866466,3.0,озимая пшеница,2025,241,0.3207231766253647,новый полигон
AOI-0016,2025-10-17,0.3139848519237767,0.23380331922367076,2.0,озимая пшеница,2025,290,0.2776978955682568,новый полигон
AOI-0017,2010-06-10,0.5523114620698898,0.6095140747364807,9.0,озимая пшеница,2010,161,0.6067175895296251,новый полигон
AOI-0017,2010-07-29,0.5813123599347227,0.5817236437229851,8.0,озимая пшеница,2010,210,0.5828479349177318,новый полигон
AOI-0017,2010-09-23,0.4125447307499062,0.37231803097345134,16.0,озимая пшеница,2010,266,0.4333701834879162,новый полигон
AOI-0017,2011-04-18,0.3153819327367219,0.315639188478671,12.0,озимая пшеница,2011,108,0.3264766312096449,новый полигон
AOI-0017,2011-09-17,0.51680846952595,0.5328341186592525,4.0,озимая пшеница,2011,260,0.4745267769468294,новый полигон
AOI-0017,2011-09-26,0.517057519364438,0.5588867882919104,21.0,озимая пшеница,2011,269,0.5357042990861525,новый полигон
AOI-0017,2011-09-30,0.4273007483945718,0.547893678421139,21.0,озимая пшеница,2011,273,0.4477274336283185,новый полигон
AOI-0017,2011-10-11,0.47806123979881054,0.5176626262765175,21.0,озимая пшеница,2011,284,0.5259933199080619,новый полигон
AOI-0017,2011-10-27,0.5588624750638691,0.5039212389380532,,озимая пшеница,2011,300,0.6726134834727577,новый полигон
AOI-0017,2012-07-18,0.6210048323488402,0.5871549501319837,14.0,озимая пшеница,2012,200,0.6342042376984763,новый полигон
AOI-0017,2012-07-27,0.5039682787811668,0.5352135709923298,9.0,озимая пшеница,2012,209,0.390124778761062,новый полигон
AOI-0017,2012-08-28,0.47907352396768654,0.4830850044640228,9.0,озимая пшеница,2012,241,0.3889486725663718,новый полигон
AOI-0017,2012-09-29,0.40636075808000355,0.41845248187130657,9.0,озимая пшеница,2012,273,0.3943309734513274,новый полигон
AOI-0017,2013-05-25,0.6437184844666642,0.562036091068232,25.0,озимая пшеница,2013,145,0.724140707964602,новый полигон
AOI-0017,2013-07-12,0.4895651970661467,0.5325155861340111,9.0,озимая пшеница,2013,193,0.4501589440102049,новый полигон
AOI-0017,2013-08-14,0.47251260320062444,0.36714565843557595,9.0,озимая пшеница,2013,226,0.591283688948003,новый полигон
AOI-0017,2013-09-14,0.5258005667613975,0.6528875038268847,16.0,озимая пшеница,2013,257,0.4314830188679245,новый полигон
AOI-0017,2013-09-30,0.5825725694936906,0.6918899057182204,16.0,озимая пшеница,2013,273,0.5215194690265487,новый полигон
AOI-0017,2013-10-09,0.6444343379463305,0.6840119708013662,8.0,озимая пшеница,2013,282,0.5641948803285193,новый полигон
AOI-0017,2013-10-25,0.5860374550279831,0.6766930887069331,,озимая пшеница,2013,298,0.6100167095366867,новый полигон
AOI-0017,2014-04-23,0.6738448758138652,0.5793907874053259,9.0,озимая пшеница,2014,113,0.7128796460176992,новый полигон
AOI-0017,2014-06-06,0.5675433538661582,0.5926286318261652,5.0,озимая пшеница,2014,157,0.5838363432682969,новый полигон
AOI-0017,2014-07-24,0.4389026160296213,0.4697537564990735,5.0,озимая пшеница,2014,205,0.4135200256412066,новый полигон
AOI-0017,2014-10-04,0.4197242188659674,0.39205031648710964,11.0,озимая пшеница,2014,277,0.4863762600516771,новый полигон
AOI-0017,2015-04-23,0.4922591204126816,0.3951359100673476,25.0,озимая пшеница,2015,113,0.3796955752212389,новый полигон
AOI-0017,2015-04-30,0.4504573466792486,0.4536937060500512,25.0,озимая пшеница,2015,120,0.4540747887804053,новый полигон
AOI-0017,2015-07-11,0.720202079089385,0.6424926306019216,10.0,озимая пшеница,2015,192,0.6296317510675791,новый полигон
AOI-0017,2015-07-27,0.6277480493694703,0.5921378753339482,2.0,озимая пшеница,2015,208,0.5924599861695947,новый полигон
AOI-0017,2015-08-03,0.5443938470823996,0.556793733980804,7.0,озимая пшеница,2015,215,0.5300567917225059,новый полигон
AOI-0017,2015-08-29,0.41252767900225046,0.3979818451433364,7.0,озимая пшеница,2015,241,0.3659902654867256,новый полигон
AOI-0017,2015-10-16,0.40973680913122307,0.45264950563331824,23.0,озимая пшеница,2015,289,0.284383185840708,новый полигон
AOI-0017,2016-04-06,0.517553436999669,0.42900920153871,,озимая пшеница,2016,97,0.6223194690265489,новый полигон
AOI-0017,2016-04-07,0.4534116431582755,0.42900920153871,,озимая пшеница,2016,98,0.4606068802209054,новый полигон
AOI-0017,2016-06-18,0.6282536839573604,0.6159067343290562,10.0,озимая пшеница,2016,170,0.5770022585360417,новый полигон
AOI-0017,2016-07-05,0.5763972353696671,0.5498468259721815,7.0,озимая пшеница,2016,187,0.5652983065409637,новый полигон
AOI-0017,2016-07-27,0.5445465038366698,0.6097911787503221,15.0,озимая пшеница,2016,209,0.4794557522123894,новый полигон
AOI-0017,2016-08-21,0.5936473651396557,0.6449309980362533,9.0,озимая пшеница,2016,234,0.6070477481965927,новый полигон
AOI-0017,2016-09-15,0.5792977440484753,0.653200101113776,15.0,озимая пшеница,2016,259,0.6286806566545977,новый полигон
AOI-0017,2016-10-15,0.5252000660139696,0.5427862886943943,17.0,озимая пшеница,2016,289,0.4360079646017699,новый полигон
AOI-0017,2016-10-17,0.5145280591086678,0.5590923695740019,17.0,озимая пшеница,2016,291,0.6301929185585315,новый полигон
AOI-0017,2017-06-06,0.6981868492378189,0.6643776953372974,5.0,озимая пшеница,2017,157,0.6454808861233863,новый полигон
AOI-0017,2017-07-31,0.6121992918146342,0.6133261102910044,7.0,озимая пшеница,2017,212,0.7398638556700229,новый полигон
AOI-0017,2017-08-01,0.6056454782535643,0.6133991205059999,7.0,озимая пшеница,2017,213,0.6327808554967951,новый полигон
AOI-0017,2017-09-02,0.5546019336723123,0.6240774383626274,4.0,озимая пшеница,2017,245,0.4096715770405119,новый полигон
AOI-0017,2018-04-05,0.3442987987999683,0.4461297200119848,,озимая пшеница,2018,95,0.3675762289427171,новый полигон
AOI-0017,2018-05-09,0.6340600834885143,0.5514296437681293,12.0,озимая пшеница,2018,129,0.6877920353982302,новый полигон
AOI-0017,2018-05-23,0.6186622459828662,0.6650340624401835,8.0,озимая пшеница,2018,143,0.6552222455379215,новый полигон
AOI-0017,2018-06-20,0.5105106875593767,0.6220856068839158,10.0,озимая пшеница,2018,171,0.5935784239865575,новый полигон
AOI-0017,2018-07-11,0.4694865270043318,0.39680404517136947,16.0,озимая пшеница,2018,192,0.5180007812205399,новый полигон
AOI-0017,2018-07-12,0.47851631597704475,0.4012168430588285,16.0,озимая пшеница,2018,193,0.4055619469026549,новый полигон
AOI-0017,2019-04-25,0.44314866544019316,0.4290697508065414,3.0,озимая пшеница,2019,115,0.4600755113862518,новый полигон
AOI-0017,2019-04-28,0.43450688426004297,0.47707937142599977,6.0,озимая пшеница,2019,118,0.4843850222913551,новый полигон
AOI-0017,2019-05-13,0.4760524053544366,0.6061040982825545,5.0,озимая пшеница,2019,133,0.5388693288292217,новый полигон
AOI-0017,2019-05-18,0.6276883892770729,0.6190270472164024,5.0,озимая пшеница,2019,138,0.6206583142195129,новый полигон
AOI-0017,2019-05-28,0.6364939206387943,0.7225066017450176,4.0,озимая пшеница,2019,148,0.7145481249239619,новый полигон
AOI-0017,2019-06-04,0.6676897708150018,0.6575853495515505,3.0,озимая пшеница,2019,155,0.7028326856310524,новый полигон
AOI-0017,2019-06-12,0.6582426425309906,0.6772610865612811,4.0,озимая пшеница,2019,163,0.7323146193090591,новый полигон
AOI-0017,2019-06-17,0.6484107291052343,0.7077556990760179,4.0,озимая пшеница,2019,168,0.6695960199174131,новый полигон
AOI-0017,2019-07-17,0.6481364789770078,0.6760735950647895,6.0,озимая пшеница,2019,198,0.3359896243004875,новый полигон
AOI-0017,2019-08-06,0.6354420784447107,0.6257691848497392,6.0,озимая пшеница,2019,218,0.6388169858836056,новый полигон
AOI-0017,2019-08-11,0.6346839204571911,0.5606992698993379,4.0,озимая пшеница,2019,223,0.6857317031822501,новый полигон
AOI-0017,2019-08-24,0.42115002201024804,0.35386435065412736,3.0,озимая пшеница,2019,236,0.5300650915973932,новый полигон
AOI-0017,2019-08-29,0.4702286643800756,0.48843626033895515,4.0,озимая пшеница,2019,241,0.6301250092594578,новый полигон
AOI-0017,2019-08-31,0.4641119288400158,0.5505416508724397,4.0,озимая пшеница,2019,243,0.5676071068326016,новый полигон
AOI-0017,2019-09-13,0.5025764943496484,0.3793927896045216,4.0,озимая пшеница,2019,256,0.609962249499929,новый полигон
AOI-0017,2020-04-25,0.3958290848563493,0.36813790846394756,12.0,озимая пшеница,2020,116,0.3414059471461961,новый полигон
AOI-0017,2020-04-30,0.4483472067309036,0.4668324811329591,12.0,озимая пшеница,2020,121,0.3635325073773592,новый полигон
AOI-0017,2020-05-08,0.5521751610666586,0.5604119675729641,6.0,озимая пшеница,2020,129,0.5962681415929204,новый полигон
AOI-0017,2020-06-06,0.658252110672023,0.667896228408383,4.0,озимая пшеница,2020,158,0.6735276548654711,новый полигон
AOI-0017,2020-06-26,0.5184092279956046,0.511265956603014,4.0,озимая пшеница,2020,178,0.587156827602639,новый полигон
AOI-0017,2020-07-26,0.4196581578162899,0.4154136194780483,3.0,озимая пшеница,2020,208,0.4966272543160981,новый полигон
AOI-0017,2020-08-18,0.40797855396192034,0.4825650487243956,4.0,озимая пшеница,2020,231,0.1794169735347814,новый полигон
AOI-0017,2020-09-02,0.42148277513864435,0.41073821401533306,6.0,озимая пшеница,2020,246,0.4978673704599593,новый полигон
AOI-0017,2020-09-04,0.4354539133342984,0.35620326869754554,6.0,озимая пшеница,2020,248,0.4992888314155435,новый полигон
AOI-0017,2020-09-09,0.42736850459534786,0.3736003092885367,5.0,озимая пшеница,2020,253,0.5658976865593897,новый полигон
AOI-0017,2020-09-10,0.43266750290765127,0.423200038572373,5.0,озимая пшеница,2020,254,0.4381620624121027,новый полигон
AOI-0017,2020-09-19,0.38581893657630056,0.47911214451434303,4.0,озимая пшеница,2020,263,0.0320835019246025,новый полигон
AOI-0017,2020-10-12,0.38461925119722656,0.3952987780363033,6.0,озимая пшеница,2020,286,0.3953675459771066,новый полигон
AOI-0017,2021-04-07,0.29862219825323794,0.2527861220994885,13.0,озимая пшеница,2021,97,0.2932973451327434,новый полигон
AOI-0017,2021-05-20,0.5488954694841223,0.5733454780159711,7.0,озимая пшеница,2021,140,0.5980068304992354,новый полигон
AOI-0017,2021-07-02,0.6492401700921303,0.614865041605296,8.0,озимая пшеница,2021,183,0.6193236282952062,новый полигон
AOI-0017,2021-08-29,0.47172837492210506,0.5553410031960833,2.0,озимая пшеница,2021,241,0.3760221238938054,новый полигон
AOI-0017,2021-09-04,0.47495338416771105,0.5111315273084357,8.0,озимая пшеница,2021,247,0.5745425665621763,новый полигон
AOI-0017,2021-09-27,0.4761322870585973,0.6181256896822943,8.0,озимая пшеница,2021,270,0.5151844864276942,новый полигон
AOI-0017,2021-10-06,0.42760301097916975,0.26849885580717675,5.0,озимая пшеница,2021,279,0.5063151728257075,новый полигон
AOI-0017,2021-10-27,0.42352048874052506,0.5573989511771846,8.0,озимая пшеница,2021,300,0.5575017695942882,новый полигон
AOI-0017,2022-04-17,0.6108924940090869,0.6620029587796579,17.0,озимая пшеница,2022,107,0.6130898389603858,новый полигон
AOI-0017,2022-04-23,0.6157589318190341,0.6409784873559452,17.0,озимая пшеница,2022,113,0.6480858407079646,новый полигон
AOI-0017,2022-05-26,0.685204779734569,0.6231760415565091,5.0,озимая пшеница,2022,146,0.6719483670985377,новый полигон
AOI-0017,2022-05-27,0.6782337502128197,0.6118383909844397,5.0,озимая пшеница,2022,147,0.6201214518988232,новый полигон
AOI-0017,2022-06-03,0.6462169736916359,0.5796303721035682,5.0,озимая пшеница,2022,154,0.6501301880567876,новый полигон
AOI-0017,2022-06-11,0.6101123889785235,0.6276052517293056,2.0,озимая пшеница,2022,162,0.583933934213472,новый полигон
AOI-0017,2022-06-30,0.6064907450123309,0.619257456776157,2.0,озимая пшеница,2022,181,0.6576783702877297,новый полигон
AOI-0017,2022-07-12,0.574566820164945,0.561352439473565,5.0,озимая пшеница,2022,193,0.59882767492021,новый полигон
AOI-0017,2022-07-19,0.5706922477762915,0.6057326203256462,11.0,озимая пшеница,2022,200,0.6021893105756642,новый полигон
AOI-0017,2022-07-24,0.5502220384807402,0.5641830328290975,11.0,озимая пшеница,2022,205,0.5787036394539558,новый полигон
AOI-0017,2022-08-07,0.5534498428382156,0.5446409379303989,2.0,озимая пшеница,2022,219,0.5879186790397699,новый полигон
AOI-0017,2022-08-14,0.56076888588988,0.5504745631384466,9.0,озимая пшеница,2022,226,0.582414785427263,новый полигон
AOI-0017,2022-08-15,0.5130456572948608,0.549005052443495,9.0,озимая пшеница,2022,227,0.5633363054951869,новый полигон
AOI-0017,2022-08-23,0.5468137840156765,0.5408534366291317,3.0,озимая пшеница,2022,235,0.5750763167340484,новый полигон
AOI-0017,2022-08-30,0.5348889834400741,0.45948527447765186,2.0,озимая пшеница,2022,242,0.5324215122317889,новый полигон
AOI-0017,2022-09-17,0.4463133057926434,0.4630942740588889,4.0,озимая пшеница,2022,260,0.5392594918211779,новый полигон
AOI-0017,2022-10-19,0.38461752799886,0.5480782061733604,4.0,озимая пшеница,2022,292,0.5638861543255801,новый полигон
AOI-0017,2023-04-02,0.44940895089661226,0.6408336283185841,,озимая пшеница,2023,92,0.5558007841112629,новый полигон
AOI-0017,2023-05-06,0.5968201870856755,0.6438238643506493,4.0,озимая пшеница,2023,126,0.6462800580993077,новый полигон
AOI-0017,2023-06-11,0.6817824968826663,0.7194699952881222,11.0,озимая пшеница,2023,162,0.5600184261937339,новый полигон
AOI-0017,2023-06-19,0.6851808092795885,0.6696087186550461,11.0,озимая пшеница,2023,170,0.680367470577742,новый полигон
AOI-0017,2023-06-22,0.6252678750809223,0.6527718328363672,2.0,озимая пшеница,2023,173,0.6667085093653075,новый полигон
AOI-0017,2023-07-24,0.6513459708112415,0.668170409467572,4.0,озимая пшеница,2023,205,0.7346231168553777,новый полигон
AOI-0017,2023-09-19,0.45642019522050215,0.5032535588612291,4.0,озимая пшеница,2023,262,0.4734337838974332,новый полигон
AOI-0017,2023-10-12,0.29604360996465034,0.24065795266714435,5.0,озимая пшеница,2023,285,0.2857643042167043,новый полигон
AOI-0017,2023-10-16,0.3615634135850534,0.26212994093731234,5.0,озимая пшеница,2023,289,0.2527744618614896,новый полигон
AOI-0017,2023-10-21,0.31184292836347,0.2953512445842763,10.0,озимая пшеница,2023,294,0.2190469267309625,новый полигон
AOI-0017,2024-04-04,0.48809789073742665,0.5459404263059688,,озимая пшеница,2024,95,0.5754289564565145,новый полигон
AOI-0017,2024-06-05,0.2834808748226475,0.22857562416714933,5.0,озимая пшеница,2024,157,0.1934053447926061,новый полигон
AOI-0017,2024-06-13,0.21365014463251028,0.2414772018240006,7.0,озимая пшеница,2024,165,0.2650397570677744,новый полигон
AOI-0017,2024-06-28,0.2154328455594192,0.18313419012792775,5.0,озимая пшеница,2024,180,0.1547880136101077,новый полигон
AOI-0017,2024-07-19,0.2394155217155361,0.18930029446906477,2.0,озимая пшеница,2024,201,0.2844706526810506,новый полигон
AOI-0017,2024-08-22,0.21386631028099023,0.26963236838539095,4.0,озимая пшеница,2024,235,0.1846681093189662,новый полигон
AOI-0017,2024-09-01,0.26522120194479154,0.2328914518182026,5.0,озимая пшеница,2024,245,0.2729407608589501,новый полигон
AOI-0017,2024-09-21,0.2785374864886562,0.3260757731479123,6.0,озимая пшеница,2024,265,0.2045448181713089,новый полигон
AOI-0017,2024-09-29,0.3019253236261746,0.19251027881636978,3.0,озимая пшеница,2024,273,0.260782761056759,новый полигон
AOI-0017,2024-10-08,0.210055848690039,0.23065045039855814,4.0,озимая пшеница,2024,282,0.1785256355731885,новый полигон
AOI-0017,2024-10-22,0.27950186628898294,0.22192500263274745,11.0,озимая пшеница,2024,296,0.0934822875920368,новый полигон
AOI-0017,2025-05-04,0.8987192762012366,0.8692495121134616,3.0,озимая пшеница,2025,124,0.8620844227834706,новый полигон
AOI-0017,2025-05-27,0.7932054422097518,0.7022983682990733,9.0,озимая пшеница,2025,147,0.8080167283816646,новый полигон
AOI-0017,2025-06-07,0.6289214282470763,0.644421628106966,3.0,озимая пшеница,2025,158,0.6477176486132472,новый полигон
AOI-0017,2025-06-28,0.3347131318531018,0.35941161021780654,3.0,озимая пшеница,2025,179,0.2091077410799075,новый полигон
AOI-0017,2025-07-07,0.29493624063247953,0.3292162286221181,2.0,озимая пшеница,2025,188,0.2382531936714001,новый полигон
AOI-0017,2025-08-23,0.23390428574502573,0.17164326396786228,5.0,озимая пшеница,2025,235,0.2413669711477673,новый полигон
AOI-0017,2025-09-01,0.16944888979815767,0.23190121604607605,7.0,озимая пшеница,2025,244,0.1426642834155186,новый полигон
AOI-0017,2025-10-02,0.30027999664618765,0.25368242906138827,3.0,озимая пшеница,2025,275,0.2926057608648247,новый полигон
AOI-0018,2025-04-19,0.8515670227065096,0.8289013203048398,5.0,озимая пшеница,2025,109,0.831368198102295,новый полигон
AOI-0018,2025-05-27,0.7050694371245102,0.6544594890165852,10.0,озимая пшеница,2025,147,0.6796491724613924,новый полигон
AOI-0018,2025-06-13,0.265664541157028,0.43548713285988416,15.0,озимая пшеница,2025,164,0.1916051128897719,новый полигон
AOI-0018,2025-06-15,0.26216341512499824,0.4400912734695546,15.0,озимая пшеница,2025,166,0.2793219969071357,новый полигон
AOI-0018,2025-07-05,0.2529002445362706,0.2935133598370005,3.0,озимая пшеница,2025,186,0.2447536553133731,новый полигон
AOI-0018,2025-07-07,0.2617122392203256,0.32389043838092235,2.0,озимая пшеница,2025,188,0.2738492188723086,новый полигон
AOI-0018,2025-07-14,0.24194141419427573,0.19076549480721006,2.0,озимая пшеница,2025,195,0.2787013667267702,новый полигон
AOI-0018,2025-07-21,0.30601949823901325,0.24396153918686841,5.0,озимая пшеница,2025,202,0.330842267431704,новый полигон
AOI-0018,2025-08-19,0.17866554947968438,0.1794304683646924,5.0,озимая пшеница,2025,231,0.1688587210893823,новый полигон
AOI-0018,2025-08-27,0.16912974919753498,0.1850013050716508,6.0,озимая пшеница,2025,239,0.1738393823535595,новый полигон
AOI-0018,2025-09-08,0.13728426892388865,0.2069846343524423,4.0,озимая пшеница,2025,251,0.1448307404480923,новый полигон
AOI-0018,2025-09-24,0.21604432765157194,0.18467040821790467,3.0,озимая пшеница,2025,267,0.2285594016787236,новый полигон
AOI-0018,2025-10-17,0.2567268592017565,0.2129992980764244,2.0,озимая пшеница,2025,290,0.2522340515387226,новый полигон
AOI-0019,2025-04-14,0.5555890032572252,0.5818674377412372,11.0,подсолнечник,2025,104,0.5220759288054344,есть в train
AOI-0019,2025-04-17,0.5778223468965586,0.5663261656261994,11.0,подсолнечник,2025,107,0.5621568421670595,есть в train
AOI-0019,2025-04-28,0.567916356008236,0.621738683171973,8.0,подсолнечник,2025,118,0.5557764765526587,есть в train
AOI-0019,2025-05-14,0.5273422304796052,0.6054024200344268,7.0,подсолнечник,2025,134,0.6145346884055627,есть в train
AOI-0019,2025-05-25,0.6205198026663603,0.5419490357426201,3.0,подсолнечник,2025,145,0.6608898587014846,есть в train
AOI-0019,2025-06-15,0.33694949801517665,0.5111788670866836,15.0,подсолнечник,2025,166,0.5333014238737099,есть в train
AOI-0019,2025-06-27,0.42566978601846567,0.493308035761455,2.0,подсолнечник,2025,178,0.2200918621812226,есть в train
AOI-0019,2025-06-30,0.3805876255171592,0.34325504893601433,5.0,подсолнечник,2025,181,0.4003269365528107,есть в train
AOI-0019,2025-07-10,0.31238183775956013,0.37691112075934297,4.0,подсолнечник,2025,191,0.3039305323378869,есть в train
AOI-0019,2025-07-14,0.30565680660143846,0.2600240082626071,2.0,подсолнечник,2025,195,0.3057678435033733,есть в train
AOI-0019,2025-08-14,0.3260983453667295,0.3551606877440348,2.0,подсолнечник,2025,226,0.2953684606566163,есть в train
AOI-0019,2025-08-31,0.23263685653336008,0.21372347279437537,2.0,подсолнечник,2025,243,0.2578231414867596,есть в train
AOI-0019,2025-09-15,0.24471654635429535,0.25678340223270396,2.0,подсолнечник,2025,258,0.2104658125443433,есть в train
AOI-0019,2025-09-23,0.20732263126968808,0.22648279367620183,5.0,подсолнечник,2025,266,0.2137551421979717,есть в train
AOI-0019,2025-09-24,0.22830449474451067,0.22842998193345684,5.0,подсолнечник,2025,267,0.2517610301341831,есть в train
AOI-0019,2025-10-18,0.20752816226188808,0.2692935084596293,,подсолнечник,2025,291,0.2186314538210242,есть в train
AOI-0020,2025-04-18,0.27101276709769023,0.26401573533395073,2.0,подсолнечник,2025,108,0.2495895738089121,есть в train
AOI-0020,2025-04-23,0.4857496652709777,0.2900343121629523,9.0,подсолнечник,2025,113,0.5072986282096379,есть в train
AOI-0020,2025-05-03,0.423544039611529,0.41284245227878263,3.0,подсолнечник,2025,123,0.4461222326207281,есть в train
AOI-0020,2025-06-03,0.6452030444404936,0.6373125656282898,7.0,подсолнечник,2025,154,0.6500094860359014,есть в train
AOI-0020,2025-06-11,0.5396855799609321,0.09782210903498692,16.0,подсолнечник,2025,162,0.5634010871774952,есть в train
AOI-0020,2025-07-12,0.39024741828511134,0.34673839432414727,3.0,подсолнечник,2025,193,0.434944002813929,есть в train
AOI-0020,2025-07-21,0.3437524384019446,0.31962569612759273,5.0,подсолнечник,2025,202,0.4201191735155469,есть в train
AOI-0020,2025-07-29,0.3390472714497494,0.3349548939231666,5.0,подсолнечник,2025,210,0.3335554190909968,есть в train
AOI-0020,2025-07-30,0.2727376026497974,0.30448826874550083,5.0,подсолнечник,2025,211,0.259119793394769,есть в train
AOI-0020,2025-08-19,0.22686270918355178,0.24252520939070965,5.0,подсолнечник,2025,231,0.2312051989916659,есть в train
AOI-0020,2025-10-13,0.1696912660449213,0.20552888903855943,13.0,подсолнечник,2025,286,0.0655122137861807,есть в train
AOI-0021,2025-04-28,0.36122378356436147,0.4928149710262153,8.0,подсолнечник,2025,118,0.3739181653900732,есть в train
AOI-0021,2025-05-27,0.575515873604012,0.43098698948803954,3.0,подсолнечник,2025,147,0.6606249000751611,есть в train
AOI-0021,2025-06-03,0.5251907823320583,0.5559877434024652,7.0,подсолнечник,2025,154,0.5733678122666759,есть в train
AOI-0021,2025-07-06,0.3662757245366315,0.37044992357719575,2.0,подсолнечник,2025,187,0.4506093125790398,есть в train
AOI-0021,2025-07-18,0.32135750791845374,0.31334335243213474,4.0,подсолнечник,2025,199,0.2815388510227229,есть в train
AOI-0021,2025-07-29,0.33739600231469663,0.3217512068013903,2.0,подсолнечник,2025,210,0.3918195896662639,есть в train
AOI-0021,2025-08-07,0.2847167100193684,0.24652939819911301,3.0,подсолнечник,2025,219,0.2654388760993492,есть в train
AOI-0021,2025-08-22,0.2245603613079541,0.27462666106521066,4.0,подсолнечник,2025,234,0.2381852507446359,есть в train
AOI-0021,2025-08-30,0.2507971839715984,0.24181928126190186,2.0,подсолнечник,2025,242,0.2590661097694037,есть в train
AOI-0021,2025-09-15,0.2323911437578281,0.26934197127678,2.0,подсолнечник,2025,258,0.2111805657252349,есть в train
AOI-0021,2025-09-24,0.24485419812130804,0.21509670014984567,3.0,подсолнечник,2025,267,0.2531814466155864,есть в train
AOI-0021,2025-10-03,0.19226391426430745,0.24192729197681237,6.0,подсолнечник,2025,276,0.2200389656970201,есть в train
AOI-0022,2025-04-01,0.5179832991169078,0.7436341629730654,,подсолнечник,2025,91,0.4602772457917092,есть в train
AOI-0022,2025-05-03,0.8668402593492455,0.835098332843464,3.0,подсолнечник,2025,123,0.8501887164726037,есть в train
AOI-0022,2025-05-06,0.8525744322203275,0.8527036673468216,5.0,подсолнечник,2025,126,0.847891621051799,есть в train
AOI-0022,2025-05-25,0.8035714980647967,0.8726452229734648,10.0,подсолнечник,2025,145,0.8443771905898397,есть в train
AOI-0022,2025-05-28,0.8063373524211896,0.8760188182556414,10.0,подсолнечник,2025,148,0.7969661788502822,есть в train
AOI-0022,2025-07-08,0.2093952035516991,0.17720172411105697,3.0,подсолнечник,2025,189,0.1753650539235703,есть в train
AOI-0022,2025-07-17,0.17160986147116936,0.14308958372404493,3.0,подсолнечник,2025,198,0.1297626773563978,есть в train
AOI-0022,2025-07-21,0.1666371697907699,0.13685324140862465,5.0,подсолнечник,2025,202,0.217524678256838,есть в train
AOI-0022,2025-08-27,0.1359175990764648,0.1424852244412956,5.0,подсолнечник,2025,239,0.1598673830358425,есть в train
AOI-0022,2025-08-31,0.1831687765772011,0.16349621262706115,2.0,подсолнечник,2025,243,0.1947812336688004,есть в train
AOI-0022,2025-09-23,0.15797601248274123,0.1636129270748817,5.0,подсолнечник,2025,266,0.1571032329864,есть в train
AOI-0022,2025-09-24,0.17310770996744798,0.16637101662181047,5.0,подсолнечник,2025,267,0.1978797700262407,есть в train
AOI-0022,2025-09-30,0.2401831881227413,0.1975122227824192,6.0,подсолнечник,2025,273,0.2437433344698261,есть в train
AOI-0023,2025-04-16,0.17333549005728172,0.18360649399898588,4.0,подсолнечник,2025,106,0.2144652746897302,есть в train
AOI-0023,2025-04-17,0.2093164603391448,0.18076718301032205,4.0,подсолнечник,2025,107,0.2302152721570768,есть в train
AOI-0023,2025-04-24,0.20756932723918828,0.3508144676647835,5.0,подсолнечник,2025,114,0.1972335226679189,есть в train
AOI-0023,2025-05-01,0.2517952058978041,0.23604662719548242,4.0,подсолнечник,2025,121,0.1883647307289012,есть в train
AOI-0023,2025-05-04,0.27075228115517247,0.2410765002295837,3.0,подсолнечник,2025,124,0.2723503407568369,есть в train
AOI-0023,2025-06-27,0.7866808522264578,0.7986862650751474,2.0,подсолнечник,2025,178,0.772306939767548,есть в train
AOI-0023,2025-07-05,0.7327712472381339,0.7266254019847299,6.0,подсолнечник,2025,186,0.7339361719588877,есть в train
AOI-0023,2025-07-14,0.37823184777914987,0.35677181648783535,4.0,подсолнечник,2025,195,0.3893104778361975,есть в train
AOI-0023,2025-07-15,0.3466393092014064,0.32412775631360574,4.0,подсолнечник,2025,196,0.3142168038846505,есть в train
AOI-0023,2025-08-14,0.1503717214929968,0.233707170717661,2.0,подсолнечник,2025,226,0.1447258819626329,есть в train
AOI-0023,2025-08-22,0.1563770262608519,0.19188357275493573,4.0,подсолнечник,2025,234,0.1550295369668185,есть в train
AOI-0023,2025-08-30,0.183725278621217,0.17202095988980975,2.0,подсолнечник,2025,242,0.19056388789813,есть в train
AOI-0023,2025-09-21,0.15834289576731367,0.18936554044156678,8.0,подсолнечник,2025,264,0.1835673231056963,есть в train
AOI-0023,2025-09-23,0.15936308296437865,0.2028487412756668,8.0,подсолнечник,2025,266,0.1605754357606743,есть в train
AOI-0023,2025-10-17,0.25260069605180363,0.17817036508273854,2.0,подсолнечник,2025,290,0.2271778146464998,есть в train
AOI-0024,2025-04-07,0.32902521453045763,0.18876035370899202,13.0,подсолнечник,2025,97,0.4883804168952277,новый полигон
AOI-0024,2025-04-23,0.36750359659426446,0.2216315356099698,5.0,подсолнечник,2025,113,0.4327182117388919,новый полигон
AOI-0024,2025-05-25,0.3908107762292173,0.26159648049964446,3.0,подсолнечник,2025,145,0.4469580910586945,новый полигон
AOI-0024,2025-05-28,0.2782266861457407,0.3464620837541118,7.0,подсолнечник,2025,148,0.3000963900924507,новый полигон
AOI-0024,2025-06-05,0.31208005431021474,0.3434395997579014,3.0,подсолнечник,2025,156,0.3211417868330594,новый полигон
AOI-0024,2025-07-03,0.5219062567740625,0.598350659251939,5.0,подсолнечник,2025,184,0.6786444574284513,новый полигон
AOI-0024,2025-07-21,0.39151237587679333,0.43890971058939016,4.0,подсолнечник,2025,202,0.5306521243717734,новый полигон
AOI-0024,2025-07-25,0.36640222152117613,0.2638703353665117,4.0,подсолнечник,2025,206,0.3547183794945534,новый полигон
AOI-0024,2025-08-06,0.3149020470583867,0.32648965124155727,5.0,подсолнечник,2025,218,0.2951038244196754,новый полигон
AOI-0024,2025-08-09,0.29152930794894405,0.2934860499297039,5.0,подсолнечник,2025,221,0.1931199680603089,новый полигон
AOI-0024,2025-09-14,0.29890885646030035,0.2212566472460772,2.0,подсолнечник,2025,257,0.2763041689522765,новый полигон
AOI-0024,2025-09-21,0.19968833035182354,0.20010649765174163,7.0,подсолнечник,2025,264,0.2263596946409343,новый полигон
AOI-0024,2025-09-30,0.25762696664711776,0.14944647237126288,17.0,подсолнечник,2025,273,0.3042011519473396,новый полигон
AOI-0024,2025-10-02,0.1994263608674527,0.1319862815898692,17.0,подсолнечник,2025,275,0.2226498831910337,новый полигон
AOI-0024,2025-10-18,0.15153458026504985,0.2291788254564786,,подсолнечник,2025,291,0.1799566976292018,новый полигон
AOI-0025,2025-04-14,0.19830162864288042,0.25732037012136116,12.0,озимая пшеница,2025,104,0.1952355817717832,новый полигон
AOI-0025,2025-04-23,0.3171538523532427,0.19423177809006503,12.0,озимая пшеница,2025,113,0.4021818108974359,новый полигон
AOI-0025,2025-04-24,0.17314058843407693,0.19435358585269388,12.0,озимая пшеница,2025,114,0.2931031096385719,новый полигон
AOI-0025,2025-04-29,0.19506674209388405,0.1949626246658382,12.0,озимая пшеница,2025,119,0.2314234828079898,новый полигон
AOI-0025,2025-05-09,0.26020878919585505,0.1838809415071948,10.0,озимая пшеница,2025,129,0.4828224358974358,новый полигон
AOI-0025,2025-06-03,0.17576331061295677,0.26066444818253254,14.0,озимая пшеница,2025,154,0.1862569898189648,новый полигон
AOI-0025,2025-06-13,0.12771254418810016,0.24552238663541215,15.0,озимая пшеница,2025,164,0.1714378108243119,новый полигон
AOI-0025,2025-06-27,0.26777075323907973,0.25683013324872384,9.0,озимая пшеница,2025,178,0.2437529826434196,новый полигон
AOI-0025,2025-07-21,0.16075385095087574,0.13708320173821634,10.0,озимая пшеница,2025,202,0.240633993887541,новый полигон
AOI-0025,2025-08-07,0.13008602398545302,0.19603738138726529,6.0,озимая пшеница,2025,219,0.1368891409503791,новый полигон
AOI-0025,2025-08-30,0.20536784334818067,0.14959665216508689,3.0,озимая пшеница,2025,242,0.2015732766596595,новый полигон
AOI-0025,2025-09-07,0.20600053162401977,0.13838316232443068,7.0,озимая пшеница,2025,250,0.2099599423303837,новый полигон
AOI-0025,2025-09-14,0.26205602923013405,0.2003863947429865,4.0,озимая пшеница,2025,257,0.2763466346153846,новый полигон
AOI-0025,2025-10-17,0.4680560826175651,0.3244021875422057,12.0,озимая пшеница,2025,290,0.3999962146109731,новый полигон
AOI-0026,2025-04-07,0.6874479854507913,0.33764678990222036,10.0,озимая пшеница,2025,97,0.8429856042097355,есть в train
AOI-0026,2025-04-24,0.8307535544247525,0.9086039027873791,6.0,озимая пшеница,2025,114,0.8559546799901903,есть в train
AOI-0026,2025-05-09,0.8277926062544981,0.9001604479193093,10.0,озимая пшеница,2025,129,0.3990522030220781,есть в train
AOI-0026,2025-06-13,0.6063334275523117,0.725496658864729,15.0,озимая пшеница,2025,164,0.8181012195860047,есть в train
AOI-0026,2025-07-08,0.24754805726388188,0.3011481693889183,16.0,озимая пшеница,2025,189,0.1774574642665901,есть в train
AOI-0026,2025-07-10,0.2382569857544378,0.28861838221554303,16.0,озимая пшеница,2025,191,0.1733538684754821,есть в train
AOI-0026,2025-07-12,0.2463802988961901,0.2760885950421677,16.0,озимая пшеница,2025,193,0.2351483743657207,есть в train
AOI-0026,2025-07-13,0.19014184090251832,0.26982370145548007,16.0,озимая пшеница,2025,194,0.163079647530063,есть в train
AOI-0026,2025-07-18,0.15002954501168078,0.23849923352204178,16.0,озимая пшеница,2025,199,0.1570915712096416,есть в train
AOI-0026,2025-07-30,0.11052882957804083,0.18599254842874532,8.0,озимая пшеница,2025,211,0.1300023394717971,есть в train
AOI-0026,2025-08-19,0.12470687927423993,0.11511435666017622,5.0,озимая пшеница,2025,231,0.11835259241751,есть в train
AOI-0026,2025-09-08,0.11177174276683993,0.16216871799387217,4.0,озимая пшеница,2025,251,0.1127872612647067,есть в train
AOI-0026,2025-09-23,0.17345996398222105,0.14544469487398975,5.0,озимая пшеница,2025,266,0.1854554337932372,есть в train
AOI-0026,2025-09-30,0.26085825841022586,0.1788030370698269,18.0,озимая пшеница,2025,273,0.3674743093403497,есть в train
AOI-0027,2025-04-16,0.7817404634016788,0.7815067113919836,5.0,озимая пшеница,2025,106,0.7631099189988364,есть в train
AOI-0027,2025-04-24,0.8087014046010672,0.8222508052254902,8.0,озимая пшеница,2025,114,0.8360950270385711,есть в train
AOI-0027,2025-06-13,0.5237446269487612,0.6426014973115481,15.0,озимая пшеница,2025,164,0.6949825733666134,есть в train
AOI-0027,2025-06-27,0.4315383557641352,0.4553397206286449,12.0,озимая пшеница,2025,178,0.3841091274239085,есть в train
AOI-0027,2025-07-05,0.28246875860856274,0.301293113188168,12.0,озимая пшеница,2025,186,0.3218567502549904,есть в train
AOI-0027,2025-07-12,0.3415620279643185,0.24039502679242128,8.0,озимая пшеница,2025,193,0.4059127530364372,есть в train
AOI-0027,2025-07-13,0.2526111084033191,0.23946921262323767,8.0,озимая пшеница,2025,194,0.233863400519734,есть в train
AOI-0027,2025-07-23,0.21811366211577868,0.2869726780175771,7.0,озимая пшеница,2025,204,0.216097154319024,есть в train
AOI-0027,2025-07-29,0.2726217289700729,0.2346346864458749,2.0,озимая пшеница,2025,210,0.3021098709667493,есть в train
AOI-0027,2025-08-19,0.27562051343960164,0.286263764574466,8.0,озимая пшеница,2025,231,0.2471042720289043,есть в train
AOI-0027,2025-08-30,0.2569269658878207,0.2015066154520086,3.0,озимая пшеница,2025,242,0.2561437447049765,есть в train
AOI-0027,2025-09-16,0.26948106846293407,0.25278761551621737,6.0,озимая пшеница,2025,259,0.2046911246704201,есть в train
AOI-0027,2025-10-16,0.5046733720912615,0.6196003322310817,17.0,озимая пшеница,2025,289,0.6562680461753364,есть в train
AOI-0028,2010-04-07,0.7038723006743767,0.7873873160935253,,озимая пшеница,2010,97,0.7641562325681186,новый полигон
AOI-0028,2010-04-15,0.7373214536002751,0.7873873160935253,,озимая пшеница,2010,105,0.6884432948332453,новый полигон
AOI-0028,2010-10-24,0.19585459811485684,0.1629195902999978,,озимая пшеница,2010,297,0.1538656327973918,новый полигон
AOI-0028,2011-05-25,0.5270673619562414,0.38955862625350524,19.0,озимая пшеница,2011,145,0.4853073803904741,новый полигон
AOI-0028,2011-07-28,0.6026306392595441,0.5842994991338035,16.0,озимая пшеница,2011,209,0.6204069298433815,новый полигон
AOI-0028,2011-08-08,0.4925158841819148,0.5218383427184284,13.0,озимая пшеница,2011,220,0.6512307607754102,новый полигон
AOI-0028,2011-10-11,0.22455598504348578,0.349481292909247,16.0,озимая пшеница,2011,284,0.1887052676024219,новый полигон
AOI-0028,2012-04-22,0.7613714119186648,0.7227354388662834,30.0,озимая пшеница,2012,113,0.8125468998069085,новый полигон
AOI-0028,2012-09-27,0.1480372419675317,0.2231735276764643,16.0,озимая пшеница,2012,271,0.149621077977922,новый полигон
AOI-0028,2012-10-15,0.29147525555922765,0.1796413383478798,,озимая пшеница,2012,289,0.2360312593863979,новый полигон
AOI-0028,2013-04-07,0.35467101763451764,0.2347891856550519,,озимая пшеница,2013,97,0.2570587856683116,новый полигон
AOI-0028,2013-06-10,0.36675722054816534,0.30737370133786646,40.0,озимая пшеница,2013,161,0.2109110826466703,новый полигон
AOI-0028,2013-06-26,0.23629702120303336,0.24875248742149547,40.0,озимая пшеница,2013,177,0.1920103313615352,новый полигон
AOI-0028,2013-08-29,0.2641167479570106,0.2600599823903764,24.0,озимая пшеница,2013,241,0.2254875563183866,новый полигон
AOI-0028,2014-04-07,0.6739193803606307,0.5828498261704921,,озимая пшеница,2014,97,0.8313301866552242,новый полигон
AOI-0028,2014-05-04,0.8948240818767698,0.9175191415468784,16.0,озимая пшеница,2014,124,0.8988287536888939,новый полигон
AOI-0028,2014-07-28,0.23800629353032393,0.21535773818266335,8.0,озимая пшеница,2014,209,0.2402916541514697,новый полигон
AOI-0028,2014-10-11,0.20191397645732959,0.2065671251032778,13.0,озимая пшеница,2014,284,0.2069154014352413,новый полигон
AOI-0028,2015-04-13,0.24139866307615235,0.2793938398412359,16.0,озимая пшеница,2015,103,0.1708447705341972,новый полигон
AOI-0028,2015-08-27,0.26993425504558777,0.34833730422656095,16.0,озимая пшеница,2015,239,0.3362496325619322,новый полигон
AOI-0028,2015-09-28,0.1922862409972164,0.19610014626573594,10.0,озимая пшеница,2015,271,0.2012507879227754,новый полигон
AOI-0028,2016-04-07,0.7171128018380897,0.761029025423729,16.0,озимая пшеница,2016,98,0.615752973524762,новый полигон
AOI-0028,2016-04-23,0.8234682373915145,0.8349004800472003,16.0,озимая пшеница,2016,114,0.8169048923798906,новый полигон
AOI-0028,2016-06-09,0.6787431684893585,0.6355673267937405,24.0,озимая пшеница,2016,161,0.6060974683544307,новый полигон
AOI-0028,2016-06-10,0.7041513331045942,0.6202942688197951,24.0,озимая пшеница,2016,162,0.8415244504162787,новый полигон
AOI-0028,2016-06-25,0.37465177254658294,0.3482207284872472,8.0,озимая пшеница,2016,177,0.3778813773868269,новый полигон
AOI-0028,2016-07-27,0.26573509565952275,0.26162290473235517,16.0,озимая пшеница,2016,209,0.2657005578202104,новый полигон
AOI-0028,2016-09-06,0.17600996029898422,0.1878760988102628,15.0,озимая пшеница,2016,250,0.1390739419080993,новый полигон
AOI-0028,2017-04-26,0.28273552164304133,0.3604342435060765,8.0,озимая пшеница,2017,116,0.2738628323901091,новый полигон
AOI-0028,2017-07-23,0.19887954627788146,0.16521127012728293,10.0,озимая пшеница,2017,204,0.1846880732643624,новый полигон
AOI-0028,2017-08-09,0.16354252014390325,0.16045402784966498,6.0,озимая пшеница,2017,221,0.1483618617048085,новый полигон
AOI-0028,2017-08-13,0.23397306017704853,0.15613244033882756,6.0,озимая пшеница,2017,225,0.2279021454623472,новый полигон
AOI-0028,2017-08-29,0.18594891576069666,0.20840676262892968,8.0,озимая пшеница,2017,241,0.1395917291724151,новый полигон
AOI-0028,2017-09-17,0.25074866712819366,0.22576136499231386,4.0,озимая пшеница,2017,260,0.212153173356823,новый полигон
AOI-0028,2018-05-11,0.8742138490690056,0.8907280515317195,6.0,озимая пшеница,2018,131,0.903502109836561,новый полигон
AOI-0028,2018-08-19,0.210468088309848,0.1992597095926042,14.0,озимая пшеница,2018,231,0.1950278877910045,новый полигон
AOI-0028,2018-08-29,0.2136667189643288,0.16314087774339292,8.0,озимая пшеница,2018,241,0.2429426088822142,новый полигон
AOI-0028,2018-09-12,0.20192851222675934,0.17703987012056135,9.0,озимая пшеница,2018,255,0.1827910923990311,новый полигон
AOI-0028,2018-10-08,0.17599782974545694,0.1903137841757542,7.0,озимая пшеница,2018,281,0.1512835395399209,новый полигон
AOI-0028,2019-04-06,0.1350157079455345,0.23996115033583432,6.0,озимая пшеница,2019,96,0.1676503091386175,новый полигон
AOI-0028,2019-05-02,0.25439946847308303,0.14673168765990255,5.0,озимая пшеница,2019,122,0.2617926047462761,новый полигон
AOI-0028,2019-05-25,0.3836430840598202,0.17154285214121953,10.0,озимая пшеница,2019,145,0.473263355503111,новый полигон
AOI-0028,2019-06-27,0.1611117592795835,0.2629534102687376,4.0,озимая пшеница,2019,178,0.1749423133125129,новый полигон
AOI-0028,2019-08-09,0.18533451561260922,0.23948032103880473,7.0,озимая пшеница,2019,221,0.1360517120734742,новый полигон
AOI-0028,2019-08-24,0.12222724023558397,0.20315415785162283,7.0,озимая пшеница,2019,236,0.1236751093692223,новый полигон
AOI-0028,2019-10-17,0.6138712371345518,0.6854880093910982,7.0,озимая пшеница,2019,290,0.609541581844628,новый полигон
AOI-0028,2020-04-25,0.8359842991861254,0.8313441032826707,4.0,озимая пшеница,2020,116,0.8526809908660806,новый полигон
AOI-0028,2020-05-04,0.8867765093938391,0.887874924117407,12.0,озимая пшеница,2020,125,0.905232964798248,новый полигон
AOI-0028,2020-05-08,0.862385227422656,0.9014979445597575,12.0,озимая пшеница,2020,129,0.8995960308946581,новый полигон
AOI-0028,2020-05-30,0.7903379835832735,0.8671963765373139,7.0,озимая пшеница,2020,151,0.0105025612138114,новый полигон
AOI-0028,2020-07-14,0.17199199766282977,0.2466007803470487,4.0,озимая пшеница,2020,196,0.1776049698522599,новый полигон
AOI-0028,2020-08-03,0.14627485701152154,0.17331287551031407,12.0,озимая пшеница,2020,216,0.1439172568701877,новый полигон
AOI-0028,2020-08-08,0.13625406739895918,0.2067141588837469,12.0,озимая пшеница,2020,221,0.1320189607266805,новый полигон
AOI-0028,2020-09-02,0.1384301677954055,0.15532987531271017,6.0,озимая пшеница,2020,246,0.1472036179932759,новый полигон
AOI-0028,2020-09-13,0.22495813113142415,0.14301404298347697,5.0,озимая пшеница,2020,257,0.2070675820639348,новый полигон
AOI-0028,2021-06-14,0.6879971187155216,0.8242111632269082,9.0,озимая пшеница,2021,165,0.6699925679900547,новый полигон
AOI-0028,2021-06-16,0.72413504329965,0.8250078840808687,9.0,озимая пшеница,2021,167,0.7688273271778284,новый полигон
AOI-0028,2021-06-24,0.8218000071763469,0.8300532750243024,13.0,озимая пшеница,2021,175,0.815395999673981,новый полигон
AOI-0028,2021-06-26,0.7601795613760377,0.8315933988892996,13.0,озимая пшеница,2021,177,0.7778599227633557,новый полигон
AOI-0028,2021-07-24,0.7731542298474289,0.7755919370755263,7.0,озимая пшеница,2021,205,0.7701709426625996,новый полигон
AOI-0028,2021-10-27,0.3185228239642151,0.370092208768189,8.0,озимая пшеница,2021,300,0.3248558912521161,новый полигон
AOI-0028,2022-04-07,0.656410883674223,0.6689077571599827,,озимая пшеница,2022,97,0.6615143960523495,новый полигон
AOI-0028,2022-04-23,0.8556303232615213,0.8060140800936568,10.0,озимая пшеница,2022,113,0.8683787384681402,новый полигон
AOI-0028,2022-06-09,0.8409698708972629,0.86717495696917,6.0,озимая пшеница,2022,160,0.8847693550755013,новый полигон
AOI-0028,2022-06-29,0.32218316424866883,0.35270000244156396,4.0,озимая пшеница,2022,180,0.3236020573915509,новый полигон
AOI-0028,2022-07-28,0.29069915734058105,0.12902103862768527,5.0,озимая пшеница,2022,209,0.2306150826003004,новый полигон
AOI-0028,2022-08-03,0.12154029572007673,0.13283341297780582,15.0,озимая пшеница,2022,215,0.1149218076371839,новый полигон
AOI-0028,2022-08-08,0.15236848514989706,0.13305014311712027,15.0,озимая пшеница,2022,220,0.1156463518476725,новый полигон
AOI-0028,2022-08-30,0.14452939515425856,0.198282506588773,4.0,озимая пшеница,2022,242,0.199215891500841,новый полигон
AOI-0028,2022-10-01,0.2148437468339901,0.19128556894872106,2.0,озимая пшеница,2022,274,0.2207932323638399,новый полигон
AOI-0028,2023-04-07,0.42454244990844214,0.3286591074876637,,озимая пшеница,2023,97,0.341851469641708,новый полигон
AOI-0028,2023-04-11,0.27647565452831535,0.3286591074876637,,озимая пшеница,2023,101,0.2596420227105421,новый полигон
AOI-0028,2023-05-05,0.2538195553706851,0.2888598908470133,16.0,озимая пшеница,2023,125,0.2820931926692672,новый полигон
AOI-0028,2023-05-09,0.4698441034811325,0.28387106895379133,16.0,озимая пшеница,2023,129,0.3870550096545805,новый полигон
AOI-0028,2023-06-09,0.21127909458712155,0.30663917610458824,4.0,озимая пшеница,2023,160,0.187809450470506,новый полигон
AOI-0028,2023-08-06,0.19977629883446532,0.13441852013592837,5.0,озимая пшеница,2023,218,0.2047094399098099,новый полигон
AOI-0028,2023-08-23,0.1381728799733213,0.18178072043468774,7.0,озимая пшеница,2023,235,0.1282790718446146,новый полигон
AOI-0028,2023-08-29,0.1998225022984389,0.1273517641710584,5.0,озимая пшеница,2023,241,0.2570247371808626,новый полигон
AOI-0028,2023-09-22,0.16812529728175749,0.20931970624476315,8.0,озимая пшеница,2023,265,0.16779271499751,новый полигон
AOI-0028,2023-09-24,0.1987467747959299,0.20686368744775835,8.0,озимая пшеница,2023,267,0.1735243926730216,новый полигон
AOI-0028,2023-09-30,0.2910998720281643,0.1789980818014169,3.0,озимая пшеница,2023,273,0.4104497747264536,новый полигон
AOI-0028,2024-05-07,0.843809606218524,0.9131647897222339,4.0,озимая пшеница,2024,128,0.9017299703003746,новый полигон
AOI-0028,2024-05-23,0.8518407667142303,0.7664853669856801,12.0,озимая пшеница,2024,144,0.8836576572373107,новый полигон
AOI-0028,2024-05-24,0.840993138000291,0.7649219023139548,12.0,озимая пшеница,2024,145,0.8599251302239934,новый полигон
AOI-0028,2024-07-27,0.189525987944214,0.17884777109479036,16.0,озимая пшеница,2024,209,0.1775105342201245,новый полигон
AOI-0028,2024-08-03,0.1510261624409471,0.17710823196833286,16.0,озимая пшеница,2024,216,0.1679919642358799,новый полигон
AOI-0028,2024-08-12,0.1311220844643704,0.16509155586282487,6.0,озимая пшеница,2024,225,0.1117692923928053,новый полигон
AOI-0028,2024-09-11,0.142860797915628,0.16885498540781574,7.0,озимая пшеница,2024,255,0.1051290317330496,новый полигон
AOI-0028,2024-09-16,0.13657434625354947,0.17928525360941788,7.0,озимая пшеница,2024,260,0.1351169366558215,новый полигон
AOI-0028,2025-04-07,0.3981316806148191,0.11391216035983062,10.0,озимая пшеница,2025,97,0.393221840806694,новый полигон
AOI-0028,2025-05-24,0.64957527499292,0.6490395674667779,4.0,озимая пшеница,2025,144,0.5711878740734055,новый полигон
AOI-0028,2025-05-31,0.6030423437324363,0.6976846207811015,9.0,озимая пшеница,2025,151,0.5910322924958744,новый полигон
AOI-0028,2025-06-11,0.6395870122742982,0.6162655835628846,3.0,озимая пшеница,2025,162,0.6627338207228659,новый полигон
AOI-0028,2025-06-26,0.5573081384165438,0.5966848894885035,22.0,озимая пшеница,2025,177,0.5236817850246729,новый полигон
AOI-0028,2025-06-27,0.5532335522583339,0.5877803033968114,22.0,озимая пшеница,2025,178,0.6436599785509256,новый полигон
AOI-0028,2025-07-10,0.30153548905189115,0.2977534039623543,4.0,озимая пшеница,2025,191,0.2709605335863139,новый полигон
AOI-0028,2025-07-13,0.202380342746238,0.23666130403349583,6.0,озимая пшеница,2025,194,0.2052588774644785,новый полигон
AOI-0028,2025-07-23,0.1678736765678506,0.22611358161434908,7.0,озимая пшеница,2025,204,0.1687857990558057,новый полигон
AOI-0028,2025-08-13,0.2047546532591687,0.17982244017604476,2.0,озимая пшеница,2025,225,0.208143102338554,новый полигон
AOI-0028,2025-09-08,0.12798262642669414,0.1908646314122147,7.0,озимая пшеница,2025,251,0.1238397194319605,новый полигон
AOI-0028,2025-09-11,0.13265123790550407,0.2011841822583494,7.0,озимая пшеница,2025,254,0.1381759233883308,новый полигон
AOI-0028,2025-10-16,0.25059475975883594,0.24531916752913946,17.0,озимая пшеница,2025,289,0.2216248577194047,новый полигон
AOI-0028,2025-10-28,0.29600037420746017,0.1968383690642012,,озимая пшеница,2025,301,0.49672907216885,новый полигон
AOI-0029,2025-04-04,0.517545951932953,0.6243374103685884,6.0,озимая пшеница,2025,94,0.2069335151790523,новый полигон
AOI-0029,2025-04-24,0.8705217980107689,0.8891443281357684,6.0,озимая пшеница,2025,114,0.8506323147853231,новый полигон
AOI-0029,2025-06-08,0.7406687854333222,0.7146463906030377,23.0,озимая пшеница,2025,159,0.8297022911951851,новый полигон
AOI-0029,2025-06-10,0.6311913122891016,0.6723572167857766,23.0,озимая пшеница,2025,161,0.644948465804067,новый полигон
AOI-0029,2025-06-11,0.684870104926531,0.6512126298771462,23.0,озимая пшеница,2025,162,0.7744244622446048,новый полигон
AOI-0029,2025-06-13,0.5497428361774512,0.6089234560598853,23.0,озимая пшеница,2025,164,0.8036727835737295,новый полигон
AOI-0029,2025-07-29,0.17496039487071863,0.11758243886395114,2.0,озимая пшеница,2025,210,0.1738701464631764,новый полигон
AOI-0029,2025-08-02,0.1379142084379386,0.14324093960921436,7.0,озимая пшеница,2025,214,0.0169092326941437,новый полигон
AOI-0029,2025-08-19,0.116783660479381,0.11209968993609098,5.0,озимая пшеница,2025,231,0.1095115947011801,новый полигон
AOI-0029,2025-09-11,0.12706532026717926,0.14871678597186536,6.0,озимая пшеница,2025,254,0.1146016572298657,новый полигон
AOI-0029,2025-09-16,0.14896516088420694,0.16335243090728513,6.0,озимая пшеница,2025,259,0.1157395273570192,новый полигон
AOI-0030,2025-04-21,0.5191631102507901,0.607680580991235,4.0,озимая пшеница,2025,111,0.4962651782817544,есть в train
AOI-0030,2025-04-24,0.5939894462214665,0.7157230852257778,6.0,озимая пшеница,2025,114,0.5485228294228932,есть в train
AOI-0030,2025-06-10,0.6918603784820206,0.7734555071161551,3.0,озимая пшеница,2025,161,0.6569474617244159,есть в train
AOI-0030,2025-08-07,0.6127827081056905,0.7139597710039352,6.0,озимая пшеница,2025,219,0.673607998885406,есть в train
AOI-0031,2010-06-04,0.5660374836180397,0.5270396532731119,8.0,пастбища/зерновые,2010,155,0.5462430228408025,новый полигон
AOI-0031,2010-09-14,0.20645889266492307,0.12593579092475216,24.0,пастбища/зерновые,2010,257,0.1898060207991242,новый полигон
AOI-0031,2011-04-23,0.3349507055491171,0.20596605491575107,21.0,пастбища/зерновые,2011,113,0.297125807334428,новый полигон
AOI-0031,2011-06-10,0.5187645299364672,0.4615247330355814,8.0,пастбища/зерновые,2011,161,0.5350481512723183,новый полигон
AOI-0031,2011-07-09,0.2634017533592786,0.2668556396360649,10.0,пастбища/зерновые,2011,190,0.2044873342245405,новый полигон
AOI-0031,2011-08-11,0.21953848494506206,0.2185416008230033,3.0,пастбища/зерновые,2011,223,0.1908825236406831,новый полигон
AOI-0031,2011-08-18,0.2029620563184892,0.25275167932317205,13.0,пастбища/зерновые,2011,230,0.1895981441574245,новый полигон
AOI-0031,2011-08-19,0.19087370024188632,0.2488251104259017,13.0,пастбища/зерновые,2011,231,0.1718021827611104,новый полигон
AOI-0031,2011-09-19,0.23597689327472926,0.23610538856077634,6.0,пастбища/зерновые,2011,262,0.2384097622789445,новый полигон
AOI-0031,2012-04-06,0.3127119272201121,0.2900848795840174,,пастбища/зерновые,2012,97,0.240229584017515,новый полигон
AOI-0031,2012-04-15,0.22111467591271067,0.2900848795840174,,пастбища/зерновые,2012,106,0.1633367603007852,новый полигон
AOI-0031,2013-04-07,0.4622337968059143,0.49471792400009784,12.0,пастбища/зерновые,2013,97,0.553919321291735,новый полигон
AOI-0031,2013-05-09,0.6552140778791433,0.6453196476832516,7.0,пастбища/зерновые,2013,129,0.6372643951833606,новый полигон
AOI-0031,2013-05-12,0.6004573104777533,0.6421475898070942,8.0,пастбища/зерновые,2013,132,0.5762982674646964,новый полигон
AOI-0031,2013-05-25,0.507668245367577,0.5297943665345903,8.0,пастбища/зерновые,2013,145,0.4768077312534208,новый полигон
AOI-0031,2013-06-12,0.23738493898181665,0.2527417295204183,3.0,пастбища/зерновые,2013,163,0.2164390803094613,новый полигон
AOI-0031,2013-06-28,0.16656178171472097,0.22796173008839818,3.0,пастбища/зерновые,2013,179,0.1614811537970457,новый полигон
AOI-0031,2013-07-23,0.23984160190607923,0.23556298862404484,6.0,пастбища/зерновые,2013,204,0.1990119128663179,новый полигон
AOI-0031,2013-08-13,0.2746303976936566,0.20527838225785316,7.0,пастбища/зерновые,2013,225,0.255446113847838,новый полигон
AOI-0031,2013-10-16,0.35229799174925763,0.287638790210279,16.0,пастбища/зерновые,2013,289,0.2923124110563766,новый полигон
AOI-0031,2014-05-23,0.3862556624418904,0.422374085615992,3.0,пастбища/зерновые,2014,143,0.3613218765058759,новый полигон
AOI-0031,2014-06-23,0.2650382425095138,0.2996283483636927,8.0,пастбища/зерновые,2014,174,0.3587912966163131,новый полигон
AOI-0031,2014-07-17,0.1700912111799956,0.19699288595752829,14.0,пастбища/зерновые,2014,198,0.1816039858300786,новый полигон
AOI-0031,2014-07-28,0.21153899057111814,0.16566624638605473,8.0,пастбища/зерновые,2014,209,0.2008894362342638,новый полигон
AOI-0031,2014-08-02,0.15125520720354535,0.1897829537519408,8.0,пастбища/зерновые,2014,214,0.1589426468222592,новый полигон
AOI-0031,2014-08-13,0.19580735745461963,0.18323323448401233,8.0,пастбища/зерновые,2014,225,0.1980442939244662,новый полигон
AOI-0031,2014-10-14,0.14848557670423984,0.1984991303486548,3.0,пастбища/зерновые,2014,287,0.1604622292027757,новый полигон
AOI-0031,2015-09-22,0.21998978702787028,0.23691898383021043,8.0,пастбища/зерновые,2015,265,0.1938723352145004,новый полигон
AOI-0031,2015-10-16,0.18954013930625632,0.17187630901413892,8.0,пастбища/зерновые,2015,289,0.2334738345853963,новый полигон
AOI-0031,2016-04-01,0.24750448546822934,0.4360986042692938,,пастбища/зерновые,2016,92,0.2515676739405653,новый полигон
AOI-0031,2016-04-17,0.4482219045330749,0.4400463099057375,8.0,пастбища/зерновые,2016,108,0.4356419712887902,новый полигон
AOI-0031,2016-04-22,0.5734015089534873,0.4995433901125402,8.0,пастбища/зерновые,2016,113,0.6050147235905854,новый полигон
AOI-0031,2016-05-03,0.6694019140738963,0.6426435811208693,12.0,пастбища/зерновые,2016,124,0.6495258853602219,новый полигон
AOI-0031,2016-05-24,0.748554674162958,0.8069571988469677,24.0,пастбища/зерновые,2016,145,0.6773028188286809,новый полигон
AOI-0031,2016-06-09,0.5812646543997149,0.5822930971407247,24.0,пастбища/зерновые,2016,161,0.3705240558292281,новый полигон
AOI-0031,2016-06-12,0.5753461283380472,0.5401685780708042,24.0,пастбища/зерновые,2016,164,0.716793505980038,новый полигон
AOI-0031,2016-06-20,0.37719781326751933,0.39103789906106545,8.0,пастбища/зерновые,2016,172,0.291949575730925,новый полигон
AOI-0031,2016-06-25,0.3345401742500453,0.33548051638827936,7.0,пастбища/зерновые,2016,177,0.302206746031746,новый полигон
AOI-0031,2016-07-30,0.2492260318867321,0.24599591181396074,4.0,пастбища/зерновые,2016,212,0.2836821458043534,новый полигон
AOI-0031,2017-05-06,0.7600369141569746,0.7188258967735226,2.0,пастбища/зерновые,2017,126,0.6603559213403201,новый полигон
AOI-0031,2017-06-07,0.707602113237411,0.6724468634604148,9.0,пастбища/зерновые,2017,158,0.6060936384653618,новый полигон
AOI-0031,2017-08-03,0.1857830851128717,0.22450064387191432,4.0,пастбища/зерновые,2017,215,0.1605578213288738,новый полигон
AOI-0031,2017-08-13,0.19729510044188062,0.1747919203100622,8.0,пастбища/зерновые,2017,225,0.1794538604499304,новый полигон
AOI-0031,2017-09-04,0.21944154394985058,0.18306399037388638,2.0,пастбища/зерновые,2017,247,0.1723729764356378,новый полигон
AOI-0031,2017-09-22,0.29499342773959386,0.281868818335117,7.0,пастбища/зерновые,2017,265,0.288339632808419,новый полигон
AOI-0031,2018-04-23,0.5410915199558479,0.515842916964067,9.0,пастбища/зерновые,2018,113,0.5194742655370675,новый полигон
AOI-0031,2018-05-02,0.7354473207718685,0.7203762949373573,2.0,пастбища/зерновые,2018,122,0.7061838106389486,новый полигон
AOI-0031,2018-05-18,0.646015347412921,0.6532998366834273,8.0,пастбища/зерновые,2018,138,0.6018900038662952,новый полигон
AOI-0031,2018-06-03,0.318210807360659,0.313524557115096,12.0,пастбища/зерновые,2018,154,0.2718937362878669,новый полигон
AOI-0031,2018-06-10,0.2870982633181264,0.2167914818678941,12.0,пастбища/зерновые,2018,161,0.1602714687403748,новый полигон
AOI-0031,2018-06-11,0.22745630539987186,0.2029724711182938,12.0,пастбища/зерновые,2018,162,0.2206563821970534,новый полигон
AOI-0031,2018-07-13,0.22146598601372441,0.24562924741890685,8.0,пастбища/зерновые,2018,194,0.2933427339464918,новый полигон
AOI-0031,2018-09-06,0.24013967991258084,0.2021727659524627,10.0,пастбища/зерновые,2018,249,0.2338875817650637,новый полигон
AOI-0031,2018-09-14,0.22518657195706687,0.1970579070202922,10.0,пастбища/зерновые,2018,257,0.187973366329831,новый полигон
AOI-0031,2018-10-07,0.17479466674845093,0.19271212245881847,8.0,пастбища/зерновые,2018,280,0.2069855642788074,новый полигон
AOI-0031,2018-10-12,0.21243619567449085,0.22767481573239146,7.0,пастбища/зерновые,2018,285,0.2154233979434774,новый полигон
AOI-0031,2019-04-10,0.43286569358474825,0.5666674701076819,11.0,пастбища/зерновые,2019,100,0.4911073936864636,новый полигон
AOI-0031,2019-06-14,0.1963239789130387,0.1888841465075411,5.0,пастбища/зерновые,2019,165,0.182192370298804,новый полигон
AOI-0031,2019-06-22,0.1317173114490047,0.19077000006936495,3.0,пастбища/зерновые,2019,173,0.1600143279934545,новый полигон
AOI-0031,2019-07-09,0.11656383345530488,0.16535163381932722,4.0,пастбища/зерновые,2019,190,0.111860980208139,новый полигон
AOI-0031,2019-07-23,0.2968506012499225,0.24930779694413885,5.0,пастбища/зерновые,2019,204,0.2892527007748877,новый полигон
AOI-0031,2019-08-08,0.4686503520845871,0.44165809069498296,3.0,пастбища/зерновые,2019,220,0.4247023491969257,новый полигон
AOI-0031,2019-08-31,0.24650097332975668,0.25108500689236013,3.0,пастбища/зерновые,2019,243,0.246412613220251,новый полигон
AOI-0031,2019-09-17,0.21063212363648545,0.23489600304039215,8.0,пастбища/зерновые,2019,260,0.2144930313088437,новый полигон
AOI-0031,2019-10-03,0.3102705357555835,0.2135992594593229,3.0,пастбища/зерновые,2019,276,0.2990791820794932,новый полигон
AOI-0031,2019-10-10,0.35932131743487283,0.413832948275432,6.0,пастбища/зерновые,2019,283,0.2899984850591705,новый полигон
AOI-0031,2019-10-12,0.21845120331307252,0.46064008008976615,4.0,пастбища/зерновые,2019,285,0.2019322851445686,новый полигон
AOI-0031,2019-10-22,0.5468033381387005,0.43662977957428883,5.0,пастбища/зерновые,2019,295,0.4935172105020223,новый полигон
AOI-0031,2020-04-13,0.45551967573950386,0.448512846035246,2.0,пастбища/зерновые,2020,104,0.4353208897090603,новый полигон
AOI-0031,2020-06-01,0.3941340032311561,0.5118835712141512,3.0,пастбища/зерновые,2020,153,0.0327789879653495,новый полигон
AOI-0031,2020-06-06,0.5042590065278361,0.5244505423754462,4.0,пастбища/зерновые,2020,158,0.5436891067432195,новый полигон
AOI-0031,2020-07-11,0.15018257724109393,0.1583555890125265,6.0,пастбища/зерновые,2020,193,0.1600110473267311,новый полигон
AOI-0031,2020-07-18,0.13571390870940359,0.13709342512160158,6.0,пастбища/зерновые,2020,200,0.1457037095318782,новый полигон
AOI-0031,2020-07-28,0.14585932209227911,0.17171279049153518,4.0,пастбища/зерновые,2020,210,0.1291749552866167,новый полигон
AOI-0031,2020-08-07,0.1329707937760858,0.12748597356651448,5.0,пастбища/зерновые,2020,220,0.1199315911322827,новый полигон
AOI-0031,2020-08-17,0.14003724326814182,0.11570333288895834,3.0,пастбища/зерновые,2020,230,0.1284497535484863,новый полигон
AOI-0031,2020-08-22,0.12582734388811284,0.13399596259360594,5.0,пастбища/зерновые,2020,235,0.1325851274209917,новый полигон
AOI-0031,2020-09-27,0.15726162777688646,0.12308732430628433,3.0,пастбища/зерновые,2020,271,0.1478474926369329,новый полигон
AOI-0031,2020-10-13,0.19300242734901932,0.08371103700166165,3.0,пастбища/зерновые,2020,287,0.158449190934611,новый полигон
AOI-0031,2020-10-19,0.07935247680591578,0.14255310368962143,8.0,пастбища/зерновые,2020,293,0.0911724147975974,новый полигон
AOI-0031,2020-10-21,0.14443256776334418,0.15157159737156417,8.0,пастбища/зерновые,2020,295,0.1852021189755472,новый полигон
AOI-0031,2021-04-07,0.2075737751785214,0.08825886186652443,11.0,пастбища/зерновые,2021,97,0.2485258483853311,новый полигон
AOI-0031,2021-05-17,0.3119669092723546,0.3381217657129024,8.0,пастбища/зерновые,2021,137,0.3249804835945034,новый полигон
AOI-0031,2021-06-11,0.1755130832797515,0.2871961284337449,6.0,пастбища/зерновые,2021,162,0.1452352953011754,новый полигон
AOI-0031,2021-07-01,0.14914155739751145,0.1193813007152909,5.0,пастбища/зерновые,2021,182,0.1249257793582378,новый полигон
AOI-0031,2021-07-16,0.1253621341211517,0.14270361735091677,5.0,пастбища/зерновые,2021,197,0.0494885212964049,новый полигон
AOI-0031,2021-07-21,0.1332932304230438,0.10800916301847029,3.0,пастбища/зерновые,2021,202,0.1351807379945753,новый полигон
AOI-0031,2021-08-06,0.17250437097359955,0.1342336179026017,5.0,пастбища/зерновые,2021,218,0.1821455746251246,новый полигон
AOI-0031,2021-08-25,0.149522763907993,0.14868042557484623,7.0,пастбища/зерновые,2021,237,0.1420563673263315,новый полигон
AOI-0031,2021-08-30,0.1410138730394849,0.1658961830133129,3.0,пастбища/зерновые,2021,242,0.1416681746294576,новый полигон
AOI-0031,2022-05-14,0.872785751311941,0.885194809911438,4.0,пастбища/зерновые,2022,134,0.8783368866748307,новый полигон
AOI-0031,2022-06-10,0.7030846501514865,0.7155414292894879,7.0,пастбища/зерновые,2022,161,0.5240838533114395,новый полигон
AOI-0031,2022-06-11,0.7501733434615602,0.6806241589904485,7.0,пастбища/зерновые,2022,162,0.7626296313123735,новый полигон
AOI-0031,2022-06-20,0.40631445676052563,0.3574160217476132,5.0,пастбища/зерновые,2022,171,0.4041053460893108,новый полигон
AOI-0031,2022-06-21,0.39332509640892327,0.34950185922283405,5.0,пастбища/зерновые,2022,172,0.3700259018737418,новый полигон
AOI-0031,2022-07-08,0.19070876468073678,0.2201915654775912,8.0,пастбища/зерновые,2022,189,0.169036371487675,новый полигон
AOI-0031,2022-07-12,0.22553044537355588,0.2140479613249928,8.0,пастбища/зерновые,2022,193,0.2586178981937602,новый полигон
AOI-0031,2022-09-08,0.15108730798311729,0.15024536001699015,13.0,пастбища/зерновые,2022,251,0.1217693671590645,новый полигон
AOI-0031,2022-09-09,0.14511405950503622,0.1564232018568879,13.0,пастбища/зерновые,2022,252,0.1219593664294569,новый полигон
AOI-0031,2022-09-10,0.17104296869196636,0.1626010436967856,13.0,пастбища/зерновые,2022,253,0.1525978362680834,новый полигон
AOI-0031,2022-09-11,0.15782422281289105,0.16877888553668333,13.0,пастбища/зерновые,2022,254,0.1307308455618658,новый полигон
AOI-0031,2022-09-26,0.09121068836370079,0.17876372783322447,5.0,пастбища/зерновые,2022,269,0.1142789881730978,новый полигон
AOI-0031,2022-09-29,0.14116820760186968,0.18703739544089812,5.0,пастбища/зерновые,2022,272,0.1365898757851992,новый полигон
AOI-0031,2023-04-04,0.36773591280700646,0.37428122105636763,2.0,пастбища/зерновые,2023,94,0.2770979065144672,новый полигон
AOI-0031,2023-04-27,0.3877971694388763,0.4682282075552595,9.0,пастбища/зерновые,2023,117,0.4593459883731953,новый полигон
AOI-0031,2023-05-17,0.4433295504081387,0.45715507546144707,4.0,пастбища/зерновые,2023,137,0.4105560378733217,новый полигон
AOI-0031,2023-06-17,0.3112381278919403,0.20344774531971993,5.0,пастбища/зерновые,2023,168,0.3395036197586529,новый полигон
AOI-0031,2023-06-23,0.2894625315052707,0.267530484235057,4.0,пастбища/зерновые,2023,174,0.2241611642654059,новый полигон
AOI-0031,2023-06-26,0.3261982278428358,0.2833231937074931,3.0,пастбища/зерновые,2023,177,0.2199029679194284,новый полигон
AOI-0031,2023-07-11,0.3117240857977247,0.3631154395699446,6.0,пастбища/зерновые,2023,192,0.3294874579999775,новый полигон
AOI-0031,2023-08-15,0.26621982900585117,0.2614576490149177,4.0,пастбища/зерновые,2023,227,0.2518136340127789,новый полигон
AOI-0031,2023-09-19,0.17954053815706816,0.20648270204020447,7.0,пастбища/зерновые,2023,262,0.1882218349684069,новый полигон
AOI-0031,2023-09-20,0.20976642408738091,0.19625716914981603,7.0,пастбища/зерновые,2023,263,0.2282080750414964,новый полигон
AOI-0031,2023-09-30,0.23999597820518406,0.17624020063735252,2.0,пастбища/зерновые,2023,273,0.2246504378762999,новый полигон
AOI-0031,2023-10-15,0.20956456585757083,0.1350901526488634,2.0,пастбища/зерновые,2023,288,0.2048637698632201,новый полигон
AOI-0031,2023-10-24,0.15437920279337128,0.15668185805138718,6.0,пастбища/зерновые,2023,297,0.156670305415266,новый полигон
AOI-0031,2024-05-03,0.17534962540839244,0.22836785607084006,4.0,пастбища/зерновые,2024,124,0.1898281572259661,новый полигон
AOI-0031,2024-06-02,0.17699311283500796,0.22288646809915164,6.0,пастбища/зерновые,2024,154,0.1674481725544931,новый полигон
AOI-0031,2024-07-02,0.16028092176925812,0.1666245728690355,4.0,пастбища/зерновые,2024,184,0.1632558341176281,новый полигон
AOI-0031,2024-07-10,0.14003856534746367,0.1674677585239605,4.0,пастбища/зерновые,2024,192,0.1325968160884484,новый полигон
AOI-0031,2024-07-13,0.150365217926398,0.12390174619670166,3.0,пастбища/зерновые,2024,195,0.1705316523750761,новый полигон
AOI-0031,2024-08-09,0.14862953181665983,0.12659475560968386,12.0,пастбища/зерновые,2024,222,0.1268003715766882,новый полигон
AOI-0031,2024-08-16,0.1549275864758802,0.16142748680167385,6.0,пастбища/зерновые,2024,229,0.1331819588341705,новый полигон
AOI-0031,2024-08-26,0.14726161629963433,0.17886008717803692,6.0,пастбища/зерновые,2024,239,0.1326249187704275,новый полигон
AOI-0031,2025-04-19,0.4982151094079789,0.48958766082594973,3.0,пастбища/зерновые,2025,109,0.5200766283720334,новый полигон
AOI-0031,2025-04-23,0.5880212866181155,0.5619010141199161,4.0,пастбища/зерновые,2025,113,0.3689976016010938,новый полигон
AOI-0031,2025-06-21,0.4799780994067632,0.44448592230256745,5.0,пастбища/зерновые,2025,172,0.4201632145114179,новый полигон
AOI-0031,2025-07-12,0.2662998941040479,0.2144433031608021,4.0,пастбища/зерновые,2025,193,0.2082826784647765,новый полигон
AOI-0031,2025-07-15,0.22595960233795587,0.2176346738613383,2.0,пастбища/зерновые,2025,196,0.1839048018204229,новый полигон
AOI-0031,2025-08-06,0.18900588468739346,0.20259506343605227,12.0,пастбища/зерновые,2025,218,0.1768320466283842,новый полигон
AOI-0031,2025-08-09,0.18248268021760727,0.21838282301905307,12.0,пастбища/зерновые,2025,221,0.1597533856689306,новый полигон
AOI-0031,2025-09-08,0.15768512930098114,0.131306771231694,7.0,пастбища/зерновые,2025,251,0.1402014600578952,новый полигон
AOI-0031,2025-09-15,0.15615863348162182,0.2173979284038037,9.0,пастбища/зерновые,2025,258,0.1583952524234717,новый полигон
AOI-0031,2025-09-17,0.1956270332755571,0.19974942286877304,9.0,пастбища/зерновые,2025,260,0.195666712434903,новый полигон
AOI-0031,2025-10-02,0.2145685312604534,0.19224126420967247,3.0,пастбища/зерновые,2025,275,0.182572020258607,новый полигон
AOI-0031,2025-10-22,0.25497763576400234,0.21076096201505562,9.0,пастбища/зерновые,2025,295,0.215778213756868,новый полигон
AOI-0032,2010-06-04,0.2602563322814976,0.2429014774808429,11.0,пастбища/зерновые,2010,155,0.2267313998212422,новый полигон
AOI-0032,2010-06-10,0.28785594472166937,0.20175355581092752,7.0,пастбища/зерновые,2010,161,0.3528475031210986,новый полигон
AOI-0032,2010-06-20,0.21394591754373177,0.23653384529272287,13.0,пастбища/зерновые,2010,171,0.1860798718072198,новый полигон
AOI-0032,2010-07-12,0.22003997606661874,0.1571911773972885,8.0,пастбища/зерновые,2010,193,0.2396721598002497,новый полигон
AOI-0032,2010-08-16,0.14578050475190232,0.11292077755614324,8.0,пастбища/зерновые,2010,228,0.1441422342345495,новый полигон
AOI-0032,2010-09-14,0.1946114977982754,0.13817133325117664,24.0,пастбища/зерновые,2010,257,0.1983288389513108,новый полигон
AOI-0032,2010-09-30,0.20868235503113167,0.16216627213163542,21.0,пастбища/зерновые,2010,273,0.19858343605547,новый полигон
AOI-0032,2011-07-12,0.30012432995002336,0.21634503413692144,8.0,пастбища/зерновые,2011,193,0.3172034332084893,новый полигон
AOI-0032,2011-08-29,0.28503707425199604,0.18468142438809868,16.0,пастбища/зерновые,2011,241,0.2666960049937578,новый полигон
AOI-0032,2011-09-11,0.1569413635677806,0.19494532625901786,16.0,пастбища/зерновые,2011,254,0.2188753332857546,новый полигон
AOI-0032,2011-09-28,0.22675234224484317,0.21556792106856051,3.0,пастбища/зерновые,2011,271,0.1838491070921021,новый полигон
AOI-0032,2012-04-06,0.30442627556690577,0.1714979726659905,,пастбища/зерновые,2012,97,0.2399421348314606,новый полигон
AOI-0032,2012-05-01,0.458763214198421,0.5097884792446942,16.0,пастбища/зерновые,2012,122,0.3475737751519194,новый полигон
AOI-0032,2012-06-25,0.32580168775271084,0.3313464661855992,25.0,пастбища/зерновые,2012,177,0.2285507663668781,новый полигон
AOI-0032,2012-10-08,0.15604690832053894,0.136083781771836,16.0,пастбища/зерновые,2012,282,0.1389643198256472,новый полигон
AOI-0032,2013-05-19,0.5073105604784219,0.4437211492846703,14.0,пастбища/зерновые,2013,139,0.4572223934770697,новый полигон
AOI-0032,2013-05-20,0.4413393241839205,0.44968496730859436,14.0,пастбища/зерновые,2013,140,0.3860916179258367,новый полигон
AOI-0032,2013-06-10,0.3014653001339033,0.36037961636693994,21.0,пастбища/зерновые,2013,161,0.3639031835205993,новый полигон
AOI-0032,2013-06-12,0.29038631346708726,0.34818659628112236,21.0,пастбища/зерновые,2013,163,0.3398599307084196,новый полигон
AOI-0032,2013-06-13,0.277260200681769,0.34209008623821363,21.0,пастбища/зерновые,2013,164,0.3606164338692897,новый полигон
AOI-0032,2013-07-22,0.3456872584772956,0.36076548899575445,9.0,пастбища/зерновые,2013,203,0.4149904354289382,новый полигон
AOI-0032,2013-07-30,0.34269880725536706,0.38919337284312727,10.0,пастбища/зерновые,2013,211,0.4258776394178814,новый полигон
AOI-0032,2013-08-13,0.281270121898594,0.21936863871257894,7.0,пастбища/зерновые,2013,225,0.2503102372034956,новый полигон
AOI-0032,2013-08-29,0.2504786541544525,0.20782228298960098,38.0,пастбища/зерновые,2013,241,0.2404807116104869,новый полигон
AOI-0032,2013-09-14,0.19860862579855684,0.2490630453649628,38.0,пастбища/зерновые,2013,257,0.2157962546816479,новый полигон
AOI-0032,2014-06-16,0.2486416334379759,0.259230684993483,13.0,пастбища/зерновые,2014,167,0.293953519300678,новый полигон
AOI-0032,2014-06-26,0.22933631274758878,0.1791501892625074,7.0,пастбища/зерновые,2014,177,0.2074830836454432,новый полигон
AOI-0032,2014-07-12,0.19820730530219113,0.1382784483279749,7.0,пастбища/зерновые,2014,193,0.183830961298377,новый полигон
AOI-0032,2014-09-03,0.1388331385986207,0.16929234292510079,6.0,пастбища/зерновые,2014,246,0.1337231045231461,новый полигон
AOI-0032,2015-04-23,0.2650603469192614,0.18690223321680258,16.0,пастбища/зерновые,2015,113,0.2029112373651411,новый полигон
AOI-0032,2015-06-18,0.5355186634023797,0.5153523420090789,9.0,пастбища/зерновые,2015,169,0.4529284028771216,новый полигон
AOI-0032,2015-07-13,0.3966914215153146,0.2893599712274783,8.0,пастбища/зерновые,2015,194,0.2242682688805443,новый полигон
AOI-0032,2015-09-15,0.18545702976065256,0.25084618416201526,8.0,пастбища/зерновые,2015,258,0.2131958927993872,новый полигон
AOI-0032,2015-09-23,0.19641042302010106,0.19152878637229526,9.0,пастбища/зерновые,2015,266,0.2469913130443087,новый полигон
AOI-0032,2015-09-30,0.2089416437421416,0.16517225505906402,9.0,пастбища/зерновые,2015,273,0.2173607825162217,новый полигон
AOI-0032,2016-04-06,0.28276005897611545,0.20270808549600572,8.0,пастбища/зерновые,2016,97,0.2618505617977528,новый полигон
AOI-0032,2016-04-10,0.19728680751191716,0.20807746089748333,8.0,пастбища/зерновые,2016,101,0.184801311535575,новый полигон
AOI-0032,2016-05-03,0.24857859113979042,0.31561180165418223,16.0,пастбища/зерновые,2016,124,0.1853498131584974,новый полигон
AOI-0032,2016-06-09,0.3378213614791209,0.25620614250665275,19.0,пастбища/зерновые,2016,161,0.3412228464419475,новый полигон
AOI-0032,2016-06-28,0.20226905318349692,0.18875308496007587,4.0,пастбища/зерновые,2016,180,0.2007657253605925,новый полигон
AOI-0032,2016-07-15,0.14966710930783675,0.19724345931424964,8.0,пастбища/зерновые,2016,197,0.1583585436640532,новый полигон
AOI-0032,2016-07-30,0.1886936195692591,0.17869792816423774,4.0,пастбища/зерновые,2016,212,0.2298841824687919,новый полигон
AOI-0032,2016-08-16,0.16254252153088014,0.1917157409804869,8.0,пастбища/зерновые,2016,229,0.1550109102549865,новый полигон
AOI-0032,2016-09-09,0.17713776894149555,0.15634746345357037,5.0,пастбища/зерновые,2016,253,0.1872971773319677,новый полигон
AOI-0032,2016-10-18,0.440854070205911,0.4307533559961473,4.0,пастбища/зерновые,2016,292,0.4813046003921248,новый полигон
AOI-0032,2017-04-04,0.4069339121105029,0.4436316515538604,4.0,пастбища/зерновые,2017,94,0.3827890338756772,новый полигон
AOI-0032,2017-04-28,0.714777024771261,0.6894898538098114,6.0,пастбища/зерновые,2017,118,0.7254943241854982,новый полигон
AOI-0032,2017-05-09,0.812040916402746,0.80166144397045,18.0,пастбища/зерновые,2017,129,0.739728152309613,новый полигон
AOI-0032,2017-07-02,0.23148553836818345,0.2728594824355762,3.0,пастбища/зерновые,2017,183,0.2391523327776639,новый полигон
AOI-0032,2017-08-02,0.17255996408095978,0.1646326434692877,9.0,пастбища/зерновые,2017,214,0.1848794458138093,новый полигон
AOI-0032,2017-08-11,0.13832716487855914,0.14447686885098993,3.0,пастбища/зерновые,2017,223,0.1406259285957371,новый полигон
AOI-0032,2017-08-19,0.13394839334944203,0.15950633100312284,3.0,пастбища/зерновые,2017,231,0.1331434430952396,новый полигон
AOI-0032,2017-08-27,0.18054493844609887,0.13326884003413195,2.0,пастбища/зерновые,2017,239,0.1816750324985191,новый полигон
AOI-0032,2017-09-03,0.1563277810823435,0.15769441101021392,6.0,пастбища/зерновые,2017,246,0.1945049104150825,новый полигон
AOI-0032,2017-09-12,0.18011789370958284,0.17409768690440502,3.0,пастбища/зерновые,2017,255,0.1453280656351556,новый полигон
AOI-0032,2018-04-15,0.19325074664864017,0.20647143966798093,15.0,пастбища/зерновые,2018,105,0.2147750592845559,новый полигон
AOI-0032,2018-06-10,0.19839646653985982,0.193207595858477,8.0,пастбища/зерновые,2018,161,0.1578484416741712,новый полигон
AOI-0032,2018-06-19,0.1357756021923135,0.18057264245792415,8.0,пастбища/зерновые,2018,170,0.1476363492133797,новый полигон
AOI-0032,2018-09-14,0.1734465760333154,0.14585207692429455,9.0,пастбища/зерновые,2018,257,0.1371073033934206,новый полигон
AOI-0032,2018-09-23,0.16390794907237652,0.2027667129067907,9.0,пастбища/зерновые,2018,266,0.1561655447311333,новый полигон
AOI-0032,2018-09-30,0.1944860072717906,0.21930929202214178,9.0,пастбища/зерновые,2018,273,0.3026438826466917,новый полигон
AOI-0032,2018-10-07,0.183836401177595,0.21045949493148908,8.0,пастбища/зерновые,2018,280,0.2420488959339423,новый полигон
AOI-0032,2018-10-12,0.2342272742915001,0.2738704754516086,7.0,пастбища/зерновые,2018,285,0.2998482926427787,новый полигон
AOI-0032,2019-04-26,0.6859336995909269,0.687729339784322,2.0,пастбища/зерновые,2019,116,0.6710939466394721,новый полигон
AOI-0032,2019-04-28,0.6893302178847123,0.7189536171222873,7.0,пастбища/зерновые,2019,118,0.3875856505130394,новый полигон
AOI-0032,2019-05-18,0.7836731500078574,0.7893615626108075,6.0,пастбища/зерновые,2019,138,0.7916520852024226,новый полигон
AOI-0032,2019-05-20,0.8060493076423788,0.7810658754841462,6.0,пастбища/зерновые,2019,140,0.839842332064262,новый полигон
AOI-0032,2019-05-30,0.6807722848235763,0.6899084850513143,4.0,пастбища/зерновые,2019,150,0.6780257417422495,новый полигон
AOI-0032,2019-06-14,0.2581788154618529,0.15444458703193403,5.0,пастбища/зерновые,2019,165,0.2784684276697874,новый полигон
AOI-0032,2019-06-19,0.18353281768669494,0.20450902617449943,5.0,пастбища/зерновые,2019,170,0.2239164371407567,новый полигон
AOI-0032,2019-07-23,0.17023832765011787,0.10160208135331028,5.0,пастбища/зерновые,2019,204,0.241186814128189,новый полигон
AOI-0032,2019-09-25,0.10382669235173643,0.17527469828822312,8.0,пастбища/зерновые,2019,268,0.12734083190997,новый полигон
AOI-0032,2019-10-05,0.16914978304293904,0.17816207362160144,3.0,пастбища/зерновые,2019,278,0.1546380633913777,новый полигон
AOI-0032,2019-10-11,0.23203047328250867,0.09563458887173595,2.0,пастбища/зерновые,2019,284,0.2210111087228287,новый полигон
AOI-0032,2019-10-25,0.34036388999532546,0.34631373879124083,5.0,пастбища/зерновые,2019,298,0.3096914532784329,новый полигон
AOI-0032,2019-10-28,0.32482269068452235,0.4159541653938381,,пастбища/зерновые,2019,301,0.4026927401315729,новый полигон
AOI-0032,2020-05-27,0.41927419146621264,0.4364131834130631,5.0,пастбища/зерновые,2020,148,0.3993351734438813,новый полигон
AOI-0032,2020-05-30,0.4310562541603571,0.39332394027908374,2.0,пастбища/зерновые,2020,151,0.4453632391364124,новый полигон
AOI-0032,2020-06-24,0.19461710060926057,0.27060572398137767,2.0,пастбища/зерновые,2020,176,0.1599226221834246,новый полигон
AOI-0032,2020-06-26,0.19873527688103665,0.23494140799159005,3.0,пастбища/зерновые,2020,178,0.1294031600775067,новый полигон
AOI-0032,2020-08-05,0.13062296084732786,0.1803764418068669,7.0,пастбища/зерновые,2020,218,0.1157262191205997,новый полигон
AOI-0032,2020-08-07,0.13756015958190965,0.15594117169715088,7.0,пастбища/зерновые,2020,220,0.1224281616480333,новый полигон
AOI-0032,2020-09-13,0.17331150046624366,0.12313713013326899,2.0,пастбища/зерновые,2020,257,0.1759556179775281,новый полигон
AOI-0032,2020-09-28,0.10225303087839971,0.1565306623946626,12.0,пастбища/зерновые,2020,272,0.1166547061961938,новый полигон
AOI-0032,2020-09-29,0.1383286957613577,0.1546211002684899,12.0,пастбища/зерновые,2020,273,0.1290292682774851,новый полигон
AOI-0032,2020-10-05,0.12864258108457075,0.14316372751145362,12.0,пастбища/зерновые,2020,279,0.128067380740505,новый полигон
AOI-0032,2020-10-06,0.13332891189102147,0.1412541653852809,12.0,пастбища/зерновые,2020,280,0.1570635528817076,новый полигон
AOI-0032,2020-10-24,0.14917228478413522,0.19141862389068245,5.0,пастбища/зерновые,2020,298,0.1651220828575485,новый полигон
AOI-0032,2021-04-04,0.12313726989774193,0.2205913857677902,,пастбища/зерновые,2021,94,0.0371411441794161,новый полигон
AOI-0032,2021-04-23,0.2482527352751116,0.12533888305841512,10.0,пастбища/зерновые,2021,113,0.2416246192353158,новый полигон
AOI-0032,2021-05-01,0.2153286049681666,0.04600311526373741,10.0,пастбища/зерновые,2021,121,0.2080334405092098,новый полигон
AOI-0032,2021-05-25,0.27891650938143847,0.17605694499178243,7.0,пастбища/зерновые,2021,145,0.3991073657927591,новый полигон
AOI-0032,2021-06-18,0.12373902352940828,0.20168906320766797,3.0,пастбища/зерновые,2021,169,0.1332486402830318,новый полигон
AOI-0032,2021-07-01,0.15285704013054258,0.13224653613558562,5.0,пастбища/зерновые,2021,182,0.1379685065810852,новый полигон
AOI-0032,2021-07-18,0.130950187029844,0.14275978997086936,4.0,пастбища/зерновые,2021,199,0.1398945763053229,новый полигон
AOI-0032,2021-09-06,0.15229935631720237,0.17229452432869133,3.0,пастбища/зерновые,2021,249,0.1725569026634434,новый полигон
AOI-0032,2021-09-15,0.16150200253649374,0.0832235727381532,2.0,пастбища/зерновые,2021,258,0.1603887562006531,новый полигон
AOI-0032,2021-10-08,0.3097241485392244,0.32087284981999337,3.0,пастбища/зерновые,2021,281,0.3235025493112333,новый полигон
AOI-0032,2022-04-26,0.8098531574031446,0.8037164879849165,4.0,пастбища/зерновые,2022,116,0.8359674843391025,новый полигон
AOI-0032,2022-05-09,0.8401711890666019,0.8571179731372681,8.0,пастбища/зерновые,2022,129,0.7944958177278402,новый полигон
AOI-0032,2022-05-13,0.9152066811260637,0.8588166137905202,2.0,пастбища/зерновые,2022,133,0.8677542180693888,новый полигон
AOI-0032,2022-05-29,0.8936678701824118,0.8594219987530254,4.0,пастбища/зерновые,2022,149,0.8687528314873851,новый полигон
AOI-0032,2022-06-06,0.8011168120050088,0.7404815914537608,3.0,пастбища/зерновые,2022,157,0.8019604811266683,новый полигон
AOI-0032,2022-06-13,0.651380330108138,0.5985790449656849,3.0,пастбища/зерновые,2022,164,0.6839471419831364,новый полигон
AOI-0032,2022-06-30,0.29387945880218225,0.30245270967944105,2.0,пастбища/зерновые,2022,181,0.3184152124871524,новый полигон
AOI-0032,2022-08-01,0.166697430530246,0.10664819214905011,8.0,пастбища/зерновые,2022,213,0.1542412903935618,новый полигон
AOI-0032,2022-08-02,0.10583920158876332,0.10832768255152575,8.0,пастбища/зерновые,2022,214,0.1062377398248212,новый полигон
AOI-0032,2022-08-15,0.11773262021261637,0.1324451571372315,4.0,пастбища/зерновые,2022,227,0.1049414933425273,новый полигон
AOI-0032,2022-08-24,0.168712729790787,0.12805246221503935,3.0,пастбища/зерновые,2022,236,0.1611741371589118,новый полигон
AOI-0032,2022-08-29,0.1900685244181712,0.1116083308065211,5.0,пастбища/зерновые,2022,241,0.1637872034956305,новый полигон
AOI-0032,2022-09-11,0.15591466003335575,0.1626871393596518,4.0,пастбища/зерновые,2022,254,0.1266521278476217,новый полигон
AOI-0032,2023-04-07,0.29939919044310853,0.20686583777277903,12.0,пастбища/зерновые,2023,97,0.1725199132366844,новый полигон
AOI-0032,2023-04-12,0.21053197126040582,0.19565637306892286,12.0,пастбища/зерновые,2023,102,0.1660468929177214,новый полигон
AOI-0032,2023-05-12,0.24423132908638287,0.3690063547466602,7.0,пастбища/зерновые,2023,132,0.2255112608905153,новый полигон
AOI-0032,2023-05-15,0.27154890024988343,0.3112898006294003,7.0,пастбища/зерновые,2023,135,0.2801916361483271,новый полигон
AOI-0032,2023-05-24,0.2806072536771423,0.419935749778285,6.0,пастбища/зерновые,2023,144,0.2800378191288495,новый полигон
AOI-0032,2023-06-06,0.4599397174185312,0.3921027188831293,5.0,пастбища/зерновые,2023,157,0.4392363748521611,новый полигон
AOI-0032,2023-06-18,0.5431459936327675,0.5943603420176617,3.0,пастбища/зерновые,2023,169,0.6086686174144711,новый полигон
AOI-0032,2023-07-26,0.3229311792020189,0.22310751692335978,4.0,пастбища/зерновые,2023,207,0.2373408881433786,новый полигон
AOI-0032,2023-07-28,0.29619767929723545,0.27144617901002716,9.0,пастбища/зерновые,2023,209,0.2732021223470662,новый полигон
AOI-0032,2023-08-08,0.2560789044734412,0.2321593606423319,4.0,пастбища/зерновые,2023,220,0.2665052714084509,новый полигон
AOI-0032,2023-09-01,0.2299261915855619,0.24651847069060848,6.0,пастбища/зерновые,2023,244,0.2232126350686349,новый полигон
AOI-0032,2023-09-11,0.21518644309543442,0.26208082253222226,7.0,пастбища/зерновые,2023,254,0.0672605130526926,новый полигон
AOI-0032,2023-09-24,0.19539280649554852,0.21262319722611384,7.0,пастбища/зерновые,2023,267,0.1885669105335358,новый полигон
AOI-0032,2024-04-07,0.22914239970759193,0.18181555274923844,2.0,пастбища/зерновые,2024,98,0.2072397806870641,новый полигон
AOI-0032,2024-05-06,0.22572853056161646,0.19385425161329545,5.0,пастбища/зерновые,2024,127,0.2033794183251812,новый полигон
AOI-0032,2024-06-03,0.22324607231186824,0.19420759902255014,5.0,пастбища/зерновые,2024,155,0.2503527753252932,новый полигон
AOI-0032,2024-07-12,0.18355945614760255,0.19232762681499266,2.0,пастбища/зерновые,2024,194,0.1463658491929657,новый полигон
AOI-0032,2024-07-25,0.15558920384400127,0.15333938686006215,5.0,пастбища/зерновые,2024,207,0.1630708861839952,новый полигон
AOI-0032,2024-07-30,0.15073221273630175,0.1688843522038945,3.0,пастбища/зерновые,2024,212,0.135582044044357,новый полигон
AOI-0032,2024-08-22,0.16477168483290433,0.14003045816625168,5.0,пастбища/зерновые,2024,235,0.1728503352907001,новый полигон
AOI-0032,2024-08-30,0.17096276733680166,0.11072633025028766,8.0,пастбища/зерновые,2024,243,0.1698851750814204,новый полигон
AOI-0032,2024-09-13,0.1564003815933351,0.1651066169409371,6.0,пастбища/зерновые,2024,257,0.1449338605007328,новый полигон
AOI-0032,2024-09-18,0.14406394670490805,0.141233322682063,5.0,пастбища/зерновые,2024,262,0.1597360167698122,новый полигон
AOI-0032,2024-10-05,0.13154076831286213,0.14567355144561706,7.0,пастбища/зерновые,2024,279,0.1385507299185736,новый полигон
AOI-0032,2024-10-15,0.17343712080283966,0.13578191472916257,12.0,пастбища/зерновые,2024,289,0.1898269308260577,новый полигон
AOI-0032,2024-10-23,0.1505739133137285,0.15306961893680956,12.0,пастбища/зерновые,2024,297,0.1562593777417414,новый полигон
AOI-0032,2025-05-06,0.7174202304124877,0.6803636447419914,4.0,пастбища/зерновые,2025,126,0.6645660308013949,новый полигон
AOI-0032,2025-05-28,0.7779012516172455,0.7580760294261539,10.0,пастбища/зерновые,2025,148,0.7365656191277079,новый полигон
AOI-0032,2025-06-30,0.2996607823621951,0.2855675216302601,5.0,пастбища/зерновые,2025,181,0.2807056989171201,новый полигон
AOI-0032,2025-07-07,0.2198799304431058,0.23266759990991748,3.0,пастбища/зерновые,2025,188,0.2134324636604445,новый полигон
AOI-0032,2025-07-10,0.19516450532216395,0.19206346427810878,4.0,пастбища/зерновые,2025,191,0.1640355394471953,новый полигон
AOI-0032,2025-08-13,0.19906337727532636,0.15526274627787587,8.0,пастбища/зерновые,2025,225,0.2259426966292134,новый полигон
AOI-0032,2025-08-16,0.16266890372391485,0.15359544580449164,5.0,пастбища/зерновые,2025,228,0.1636990057043992,новый полигон
AOI-0032,2025-08-24,0.1613146505036988,0.1828639428525644,2.0,пастбища/зерновые,2025,236,0.1495005887409891,новый полигон
AOI-0032,2025-08-31,0.16763084233054104,0.17999253053890635,3.0,пастбища/зерновые,2025,243,0.1449332120541785,новый полигон
AOI-0032,2025-09-03,0.11028291623871551,0.17776890037631446,6.0,пастбища/зерновые,2025,246,0.140498846370606,новый полигон
AOI-0032,2025-10-08,0.15634047239668694,0.15947677021854012,11.0,пастбища/зерновые,2025,281,0.1396965954443473,новый полигон
AOI-0033,2025-04-28,0.18685451109768847,0.21153363376714357,6.0,пастбища/зерновые,2025,118,0.1667645083550219,есть в train
AOI-0033,2025-05-20,0.2310661745656674,0.21544745336562132,7.0,пастбища/зерновые,2025,140,0.2687261454765267,есть в train
AOI-0033,2025-06-10,0.5670033165810195,0.6361311472165765,6.0,пастбища/зерновые,2025,161,0.5310594328571954,есть в train
AOI-0033,2025-06-22,0.7465109595039018,0.7630138939820991,4.0,пастбища/зерновые,2025,173,0.7336194442878994,есть в train
AOI-0033,2025-07-05,0.506631013953537,0.4412533145705235,5.0,пастбища/зерновые,2025,186,0.3498089325776205,есть в train
AOI-0033,2025-07-10,0.3413879686256131,0.3544311471038417,4.0,пастбища/зерновые,2025,191,0.3323501755419206,есть в train
AOI-0033,2025-09-15,0.29070366782454465,0.36737680764844827,3.0,пастбища/зерновые,2025,258,0.2870653590715332,есть в train
AOI-0034,2025-04-25,0.17140271988275718,0.1598112864588776,5.0,пастбища/зерновые,2025,115,0.102723501503644,новый полигон
AOI-0034,2025-05-06,0.17495423903282256,0.22648801471551094,4.0,пастбища/зерновые,2025,126,0.1626246588513853,новый полигон
AOI-0034,2025-05-09,0.31676422897436357,0.2225633187419413,7.0,пастбища/зерновые,2025,129,0.311662951234959,новый полигон
AOI-0034,2025-06-10,0.16839728222991682,0.20334291366477836,6.0,пастбища/зерновые,2025,161,0.1310386275904499,новый полигон
AOI-0034,2025-06-15,0.12710074802919913,0.1791259498717887,4.0,пастбища/зерновые,2025,166,0.124089323249372,новый полигон
AOI-0034,2025-06-21,0.18099266687805146,0.12640286049540633,5.0,пастбища/зерновые,2025,172,0.2111513173914407,новый полигон
AOI-0034,2025-07-07,0.13948074502659205,0.16162499051199677,3.0,пастбища/зерновые,2025,188,0.1233440462425008,новый полигон
AOI-0034,2025-07-10,0.13228745306886308,0.1453217138989197,4.0,пастбища/зерновые,2025,191,0.1233745319942088,новый полигон
AOI-0034,2025-07-16,0.18588928835973373,0.12015629899448421,2.0,пастбища/зерновые,2025,197,0.2230364318103697,новый полигон
AOI-0034,2025-08-31,0.1647743246684369,0.16733374896813838,3.0,пастбища/зерновые,2025,243,0.1304034969929264,новый полигон
AOI-0034,2025-09-13,0.15248464258163183,0.18635894825030774,2.0,пастбища/зерновые,2025,256,0.1143873692167807,новый полигон
AOI-0034,2025-09-23,0.1649425443892125,0.15493922051821252,8.0,пастбища/зерновые,2025,266,0.1481043931137061,новый полигон
AOI-0034,2025-10-02,0.2554860914554032,0.2961209878673031,3.0,пастбища/зерновые,2025,275,0.2643026218145179,новый полигон
AOI-0034,2025-10-16,0.6055476303224255,0.5150249314659525,14.0,пастбища/зерновые,2025,289,0.7347552089930338,новый полигон
AOI-0035,2025-05-16,0.18331973055022427,0.13297721730304513,8.0,пастбища/зерновые,2025,136,0.1440060336169343,есть в train
AOI-0035,2025-05-20,0.03583074840390518,0.128744621602136,8.0,пастбища/зерновые,2025,140,0.185608515311865,есть в train
AOI-0035,2025-06-05,0.19120960632249553,0.17274636531690063,2.0,пастбища/зерновые,2025,156,0.1722747213224379,есть в train
AOI-0035,2025-06-07,0.1468590982053453,0.1978901945009904,7.0,пастбища/зерновые,2025,158,0.1634844875584265,есть в train
AOI-0035,2025-06-10,0.13847423399848108,0.20882980603107276,7.0,пастбища/зерновые,2025,161,0.1332372172613079,есть в train
AOI-0035,2025-07-30,0.14808111917564193,0.1495400132522162,4.0,пастбища/зерновые,2025,211,0.1255076172497656,есть в train
AOI-0035,2025-08-31,0.1470280535976847,0.15389700580950144,3.0,пастбища/зерновые,2025,243,0.1199148014969945,есть в train
AOI-0035,2025-09-26,0.17670595956884813,0.1440416168543134,5.0,пастбища/зерновые,2025,269,0.1790573344451654,есть в train
AOI-0035,2025-09-28,0.15324579384466194,0.1889564324641366,5.0,пастбища/зерновые,2025,271,0.1545934947630231,есть в train
AOI-0035,2025-10-02,0.19488426364169897,0.21761183682397314,3.0,пастбища/зерновые,2025,275,0.188143035321911,есть в train
AOI-0035,2025-10-30,0.5588380373845983,0.6298891219205744,,пастбища/зерновые,2025,303,0.6038942070034666,есть в train
AOI-0036,2025-05-16,0.5980677048016153,0.5622928452480588,5.0,пастбища/зерновые,2025,136,0.5946025807585948,новый полигон
AOI-0036,2025-07-16,0.2628914671679054,0.19560487564041154,2.0,пастбища/зерновые,2025,197,0.2763130788383403,новый полигон
AOI-0036,2025-08-01,0.206796728937109,0.233635651564577,6.0,пастбища/зерновые,2025,213,0.1881828503242029,новый полигон
AOI-0036,2025-08-09,0.1906830899303279,0.20396888561340826,7.0,пастбища/зерновые,2025,221,0.1653768353171283,новый полигон
AOI-0036,2025-08-23,0.17781897555707002,0.15383305081181153,5.0,пастбища/зерновые,2025,235,0.1644389833225208,новый полигон
AOI-0036,2025-10-02,0.18493243084515879,0.21088562758682677,3.0,пастбища/зерновые,2025,275,0.1829874279436318,новый полигон
AOI-0037,2025-04-07,0.5399853399463725,0.3002759310456979,13.0,зерновые,2025,97,0.5623587971274687,есть в train
AOI-0037,2025-04-16,0.49804266098312633,0.4946783310813899,13.0,зерновые,2025,106,0.5391865962560878,есть в train
AOI-0037,2025-05-23,0.602274076431043,0.6328647389284661,5.0,зерновые,2025,143,0.6405775011267716,есть в train
AOI-0037,2025-06-30,0.3817187403121022,0.40180874250388465,8.0,зерновые,2025,181,0.4166240310477975,есть в train
AOI-0037,2025-07-14,0.30854380215412286,0.21936172271288468,3.0,зерновые,2025,195,0.2511062096452687,есть в train
AOI-0037,2025-07-23,0.29548873392330793,0.2716600805602552,6.0,зерновые,2025,204,0.3361320408165531,есть в train
AOI-0037,2025-08-09,0.2197079729094104,0.2780060653814192,7.0,зерновые,2025,221,0.2389963212694686,есть в train
AOI-0037,2025-08-16,0.24765171327301552,0.26075337216080896,3.0,зерновые,2025,228,0.2322760019637207,есть в train
AOI-0037,2025-09-12,0.1979250102644791,0.24656796213581034,5.0,зерновые,2025,255,0.2018978617867586,есть в train
AOI-0037,2025-09-13,0.20402778401525326,0.2523872575490542,5.0,зерновые,2025,256,0.2177549165933256,есть в train
AOI-0037,2025-09-23,0.21139617858933152,0.20616347068203303,8.0,зерновые,2025,266,0.2117005147882665,есть в train
AOI-0037,2025-09-26,0.2362087511604843,0.19766142959767166,3.0,зерновые,2025,269,0.2474699167056651,есть в train
AOI-0037,2025-09-30,0.25362575292150574,0.20589799455590763,4.0,зерновые,2025,273,0.2699127468581688,есть в train
AOI-0037,2025-10-05,0.19817946547398216,0.22185002816712304,4.0,зерновые,2025,278,0.1936741228571875,есть в train
AOI-0038,2025-04-07,0.4442304838663289,0.34447142207824233,11.0,зерновые,2025,97,0.4801557568999162,есть в train
AOI-0038,2025-04-25,0.5059451463978003,0.49033192316271235,5.0,зерновые,2025,115,0.4711231334299919,есть в train
AOI-0038,2025-06-14,0.4797571820271602,0.5096993117332168,8.0,зерновые,2025,165,0.4317014606164264,есть в train
AOI-0038,2025-07-10,0.21033754914984124,0.2190191330448609,4.0,зерновые,2025,191,0.2105368030302726,есть в train
AOI-0038,2025-07-15,0.20008376037708447,0.2077380945121357,2.0,зерновые,2025,196,0.2139894249730538,есть в train
AOI-0038,2025-08-14,0.18584651169878325,0.23360589467945697,3.0,зерновые,2025,226,0.1717630511297845,есть в train
AOI-0038,2025-09-02,0.20923320047712532,0.1860489228034373,2.0,зерновые,2025,245,0.2155316671056582,есть в train
AOI-0038,2025-10-05,0.1599437486535081,0.20519703678308826,19.0,зерновые,2025,278,0.158920550646075,есть в train
AOI-0038,2025-10-08,0.17537416121552177,0.21358174398472293,19.0,зерновые,2025,281,0.1615145990027246,есть в train
AOI-0038,2025-10-16,0.26978805589833443,0.23594096318908198,19.0,зерновые,2025,289,0.3554599944243099,есть в train
AOI-0039,2025-05-04,0.7299204392592923,0.723978475872196,5.0,зерновые,2025,124,0.7046179911480754,новый полигон
AOI-0039,2025-05-08,0.6674549122697737,0.6386270805417249,3.0,зерновые,2025,128,0.6876900627006624,новый полигон
AOI-0039,2025-05-28,0.7128006290622938,0.6868387076139841,9.0,зерновые,2025,148,0.6520733869451679,новый полигон
AOI-0039,2025-07-10,0.3950499407816774,0.45453183264186436,4.0,зерновые,2025,191,0.5110239593871584,новый полигон
AOI-0039,2025-08-06,0.34885379421926366,0.31778741562009355,5.0,зерновые,2025,218,0.3920878702342948,новый полигон
AOI-0039,2025-08-24,0.3624864502743872,0.36531026410886425,2.0,зерновые,2025,236,0.2594960962019863,новый полигон
AOI-0039,2025-09-08,0.2869317497533872,0.32617525331426844,6.0,зерновые,2025,251,0.3349395457489566,новый полигон
AOI-0039,2025-09-12,0.2903325252297222,0.32742358549335115,4.0,зерновые,2025,255,0.3216299115640894,новый полигон
AOI-0039,2025-09-14,0.3648746747424912,0.32780778082497186,2.0,зерновые,2025,257,0.3106568010075567,новый полигон
AOI-0039,2025-09-26,0.29983241705895103,0.31059631925859965,3.0,зерновые,2025,269,0.353231724254769,новый полигон
AOI-0039,2025-10-23,0.381849453177396,0.45212562759975317,11.0,зерновые,2025,296,0.4155651254862213,новый полигон
AOI-0040,2025-04-02,0.3593279170604361,0.263998890272167,,зерновые,2025,92,0.3108629219653069,есть в train
AOI-0040,2025-04-03,0.41833074183310304,0.263998890272167,,зерновые,2025,93,0.3175774778054646,есть в train
AOI-0040,2025-05-06,0.7490888363300959,0.710507222037415,4.0,зерновые,2025,126,0.6906832604722407,есть в train
AOI-0040,2025-06-07,0.7133324001025179,0.6606491219079097,4.0,зерновые,2025,158,0.7392494892679431,есть в train
AOI-0040,2025-07-08,0.2381482235407329,0.21455920331464862,3.0,зерновые,2025,189,0.2658195758195298,есть в train
AOI-0040,2025-09-12,0.13498383596217797,0.18389256454769204,5.0,зерновые,2025,255,0.1290944607786327,есть в train
AOI-0040,2025-09-13,0.1385985508769758,0.18749217605622942,5.0,зерновые,2025,256,0.1426113908737122,есть в train
AOI-0040,2025-09-28,0.14990813935079036,0.16366850660924584,7.0,зерновые,2025,271,0.143776515300299,есть в train
AOI-0040,2025-09-30,0.19401478850993928,0.1596935143463128,7.0,зерновые,2025,273,0.1865054922279793,есть в train
AOI-0040,2025-10-02,0.18139377951744318,0.15571852208337975,7.0,зерновые,2025,275,0.1483617207051752,есть в train
AOI-0041,2025-04-23,0.6457655447018309,0.6452597979852555,6.0,зерновые,2025,113,0.6117497648302647,есть в train
AOI-0041,2025-05-20,0.5910563849247917,0.6151735292081217,8.0,зерновые,2025,140,0.6186904202610424,есть в train
AOI-0041,2025-06-22,0.3755482884396093,0.4482962915939542,5.0,зерновые,2025,173,0.412110937907533,есть в train
AOI-0041,2025-06-27,0.3721430363466859,0.36307017441298095,3.0,зерновые,2025,178,0.432393086270476,есть в train
AOI-0041,2025-07-23,0.28679006089233866,0.264501060961196,6.0,зерновые,2025,204,0.2930781129224144,есть в train
AOI-0041,2025-08-19,0.24559585094074818,0.25571169049268766,6.0,зерновые,2025,231,0.2312188639986814,есть в train
AOI-0041,2025-09-30,0.2715161004634278,0.213659135986328,4.0,зерновые,2025,273,0.2660113022113022,есть в train
AOI-0042,2025-04-18,0.16423591127048465,0.1822572868549717,3.0,зерновые,2025,108,0.1603854184647356,новый полигон
AOI-0042,2025-05-04,0.1945681403198258,0.15934140233226562,5.0,зерновые,2025,124,0.2160285676739551,новый полигон
AOI-0042,2025-06-13,0.15761529443890268,0.19437253856965847,4.0,зерновые,2025,164,0.2269483402656478,новый полигон
AOI-0042,2025-07-14,0.16276241203949537,0.13111653208955953,3.0,зерновые,2025,195,0.1140149437064262,новый полигон
AOI-0042,2025-07-16,0.18335098374581268,0.13150038838858602,7.0,зерновые,2025,197,0.1801926512098867,новый полигон
AOI-0042,2025-07-24,0.18389386304192284,0.14968436689111395,2.0,зерновые,2025,205,0.1851155240563661,новый полигон
AOI-0042,2025-08-17,0.17472906710984246,0.1181698279792812,7.0,зерновые,2025,229,0.1547508470669563,новый полигон
AOI-0042,2025-08-19,0.15136877867548104,0.1202693951880406,7.0,зерновые,2025,231,0.1328329626372393,новый полигон
AOI-0042,2025-08-24,0.16017677843178063,0.14477845725005264,2.0,зерновые,2025,236,0.1258978886329716,новый полигон
AOI-0042,2025-08-29,0.1688943803441703,0.13447814231798824,6.0,зерновые,2025,241,0.1372090386339122,новый полигон
AOI-0042,2025-09-15,0.1817542028345099,0.17981871979560912,9.0,зерновые,2025,258,0.1331200744720455,новый полигон
AOI-0042,2025-09-17,0.18506965859126576,0.167350988434581,9.0,зерновые,2025,260,0.1608851343730554,новый полигон
AOI-0042,2025-10-02,0.16808588195545424,0.16846014088594985,3.0,зерновые,2025,275,0.1504594096737361,новый полигон
AOI-0043,2025-04-24,0.21211183108967524,0.30971597497890113,2.0,зерновые,2025,114,0.2043173913320993,есть в train
AOI-0043,2025-04-29,0.2279905588320669,0.18444690450957008,3.0,зерновые,2025,119,0.2189690359510168,есть в train
AOI-0043,2025-05-31,0.16804536732932673,0.21959334375761036,7.0,зерновые,2025,151,0.1837583648671428,есть в train
AOI-0043,2025-06-08,0.20183253086908856,0.16150870340372606,3.0,зерновые,2025,159,0.1694990523757301,есть в train
AOI-0043,2025-06-15,0.13965636481202234,0.16399895190950237,16.0,зерновые,2025,166,0.121256893768573,есть в train
AOI-0043,2025-06-17,0.17755251658826593,0.17495061592518668,16.0,зерновые,2025,168,0.1655682865091693,есть в train
AOI-0043,2025-06-25,0.13737494613860443,0.21875727198792394,16.0,зерновые,2025,176,0.1265564699659276,есть в train
AOI-0043,2025-07-07,0.19466432903831182,0.2049281330373142,2.0,зерновые,2025,188,0.1699709295235205,есть в train
AOI-0043,2025-07-13,0.13545450802928385,0.21136300288646415,2.0,зерновые,2025,194,0.162076694348452,есть в train
AOI-0043,2025-08-12,0.1255514517139293,0.20108608415205176,6.0,зерновые,2025,224,0.1700882107031761,есть в train
AOI-0043,2025-09-24,0.2052552636521415,0.17546884807779062,3.0,зерновые,2025,267,0.1977461538701444,есть в train
AOI-0043,2025-10-13,0.17856627362046437,0.17987741245557987,8.0,зерновые,2025,286,0.110208277741905,есть в train
AOI-0043,2025-10-15,0.17791926949511988,0.18973368203417187,8.0,зерновые,2025,288,0.1536989885751749,есть в train
AOI-0044,2010-04-16,0.2576684998294699,0.3752604889060043,16.0,зерновые,2010,106,0.169373233974155,новый полигон
AOI-0044,2010-04-25,0.3139219538285686,0.3867547131506322,9.0,зерновые,2010,115,0.3460422780991286,новый полигон
AOI-0044,2010-05-09,0.4614987220117129,0.39291892220730024,23.0,зерновые,2010,129,0.4188662165705298,новый полигон
AOI-0044,2010-05-18,0.4025447577024435,0.48195069743200214,23.0,зерновые,2010,138,0.3545350815921365,новый полигон
AOI-0044,2010-06-12,0.4790786655316366,0.4663799255310473,8.0,зерновые,2010,163,0.4628108195676391,новый полигон
AOI-0044,2010-06-20,0.46858155272051993,0.4095299719603891,7.0,зерновые,2010,171,0.377467603262467,новый полигон
AOI-0044,2010-06-28,0.4961662689444771,0.5846876922542401,9.0,зерновые,2010,179,0.4562508408995602,новый полигон
AOI-0044,2010-07-29,0.24397245266473797,0.2605956112685757,2.0,зерновые,2010,210,0.1990020869462915,новый полигон
AOI-0044,2010-08-06,0.1920523910350283,0.18835126512742068,8.0,зерновые,2010,218,0.1696211249214607,новый полигон
AOI-0044,2010-10-16,0.24319294711834338,0.20360007690206539,26.0,зерновые,2010,289,0.2915615167802833,новый полигон
AOI-0044,2010-10-25,0.17657692552744048,0.15989420568320548,26.0,зерновые,2010,298,0.155809946944042,новый полигон
AOI-0044,2011-07-16,0.7294798732759394,0.661606017469873,12.0,зерновые,2011,197,0.7364398296217319,новый полигон
AOI-0044,2011-08-01,0.3336005415370563,0.3559690918204242,12.0,зерновые,2011,213,0.3895393646835054,новый полигон
AOI-0044,2011-08-02,0.3157295798608523,0.3428097998174809,12.0,зерновые,2011,214,0.3539747591268459,новый полигон
AOI-0044,2011-10-16,0.35375724618196086,0.2946583406797923,,зерновые,2011,289,0.3412636405348715,новый полигон
AOI-0044,2012-04-06,0.3527021279079397,0.2529577529316745,,зерновые,2012,97,0.3728943563188253,новый полигон
AOI-0044,2012-05-08,0.6707649787417828,0.5818605886848955,25.0,зерновые,2012,129,0.7013705427372838,новый полигон
AOI-0044,2013-05-02,0.23642728162722398,0.2900291968771663,14.0,зерновые,2013,122,0.2206763682846662,новый полигон
AOI-0044,2013-05-03,0.25344242989688276,0.30196431160899967,14.0,зерновые,2013,123,0.2432181553474516,новый полигон
AOI-0044,2013-05-11,0.2794001876675806,0.40203428159412713,16.0,зерновые,2013,131,0.2079194101400308,новый полигон
AOI-0044,2014-04-07,0.3581070781406939,0.31890191725598327,19.0,зерновые,2014,97,0.3741072364971159,новый полигон
AOI-0044,2014-06-06,0.2468070216867971,0.24805555805726653,8.0,зерновые,2014,157,0.2106795325026388,новый полигон
AOI-0044,2014-06-14,0.25266357937464307,0.2770550486992277,12.0,зерновые,2014,165,0.2533000232151826,новый полигон
AOI-0044,2014-06-23,0.2358921228508013,0.22207378583178383,4.0,зерновые,2014,174,0.2742101478665564,новый полигон
AOI-0044,2014-08-02,0.17245938117863174,0.22065019639787567,9.0,зерновые,2014,214,0.1727593982051314,новый полигон
AOI-0044,2014-08-09,0.16961445479176326,0.2195899131558575,9.0,зерновые,2014,221,0.1628371998150019,новый полигон
AOI-0044,2014-08-29,0.21061626853523358,0.20663189466964704,7.0,зерновые,2014,241,0.2456191400104876,новый полигон
AOI-0044,2014-09-18,0.18573866901268882,0.22919900766301707,12.0,зерновые,2014,261,0.1934104052457274,новый полигон
AOI-0044,2014-09-19,0.1595301589974385,0.22223779716612463,12.0,зерновые,2014,262,0.1713765827979638,новый полигон
AOI-0044,2014-10-04,0.1986090182557467,0.18144499973687017,5.0,зерновые,2014,277,0.2104704903789367,новый полигон
AOI-0044,2014-10-12,0.1635144019422631,0.21336012850321537,8.0,зерновые,2014,285,0.1787221265211627,новый полигон
AOI-0044,2014-10-28,0.24271864608057844,0.2925364774514945,,зерновые,2014,301,0.2385308080446136,новый полигон
AOI-0044,2014-10-29,0.2722478864642095,0.2925364774514945,,зерновые,2014,302,0.2855961925386625,новый полигон
AOI-0044,2015-06-26,0.364661061329393,0.46135968571304786,24.0,зерновые,2015,177,0.4089373230204507,новый полигон
AOI-0044,2015-07-27,0.26212447647131054,0.2430011358671803,15.0,зерновые,2015,208,0.1947689794524117,новый полигон
AOI-0044,2015-07-28,0.3164713606634951,0.24347817964629748,15.0,зерновые,2015,209,0.2541096503100591,новый полигон
AOI-0044,2015-08-29,0.2414811307869092,0.1940187414310925,15.0,зерновые,2015,241,0.2100551657703476,новый полигон
AOI-0044,2015-10-08,0.18329165453644175,0.1936679902668609,,зерновые,2015,281,0.1611151729988266,новый полигон
AOI-0044,2015-10-16,0.23643573988555144,0.1936679902668609,,зерновые,2015,289,0.2310217369419674,новый полигон
AOI-0044,2016-04-08,0.5719890571514592,0.5719531961790429,3.0,зерновые,2016,99,0.431563410097377,новый полигон
AOI-0044,2016-05-08,0.8468360720802569,0.8534374693277296,7.0,зерновые,2016,129,0.8419276809124279,новый полигон
AOI-0044,2016-05-11,0.8486933525234207,0.8648015419766433,8.0,зерновые,2016,132,0.7948916525156153,новый полигон
AOI-0044,2016-06-20,0.4191038563626196,0.43461891404455094,8.0,зерновые,2016,172,0.3557178074616656,новый полигон
AOI-0044,2016-06-25,0.40086467363809436,0.32785346067661414,8.0,зерновые,2016,177,0.3991701625589933,новый полигон
AOI-0044,2016-07-13,0.2912474024526482,0.33742661518966666,3.0,зерновые,2016,195,0.2739612181194336,новый полигон
AOI-0044,2016-07-27,0.3379436291123479,0.29804078714796334,8.0,зерновые,2016,209,0.3220393550078658,новый полигон
AOI-0044,2016-09-07,0.22060188889510343,0.20328692362179915,9.0,зерновые,2016,251,0.2590865154724966,новый полигон
AOI-0044,2016-09-13,0.268105392335272,0.2069258700463445,7.0,зерновые,2016,257,0.2722445136339801,новый полигон
AOI-0044,2016-10-02,0.21151411929358288,0.18014473399686481,8.0,зерновые,2016,276,0.2266288701222797,новый полигон
AOI-0044,2016-10-26,0.22789597829427202,0.2252776341939864,,зерновые,2016,300,0.1740163414934983,новый полигон
AOI-0044,2017-04-03,0.2185929911875939,0.2787150760356581,,зерновые,2017,93,0.176634147028167,новый полигон
AOI-0044,2017-04-04,0.20245798944242807,0.2787150760356581,,зерновые,2017,94,0.1605204499685429,новый полигон
AOI-0044,2017-04-12,0.22383770402533443,0.17636916808928327,5.0,зерновые,2017,102,0.2098321886080046,новый полигон
AOI-0044,2017-06-27,0.23328753589491036,0.2947938716339886,5.0,зерновые,2017,178,0.2062836766449041,новый полигон
AOI-0044,2017-06-30,0.22099576292278647,0.28052892780496325,5.0,зерновые,2017,181,0.2860367343747455,новый полигон
AOI-0044,2017-08-10,0.1814602928571413,0.17560499319093104,2.0,зерновые,2017,222,0.1533984757001982,новый полигон
AOI-0044,2017-09-14,0.26185558329509057,0.15183262671850672,4.0,зерновые,2017,257,0.2496445857367592,новый полигон
AOI-0044,2018-04-06,0.5219547582365038,0.5189120169746269,,зерновые,2018,96,0.6069384577454646,новый полигон
AOI-0044,2018-07-12,0.22969179800259368,0.2544839237632988,9.0,зерновые,2018,193,0.1841663520432837,новый полигон
AOI-0044,2018-07-19,0.16479055814395918,0.21128634616857286,9.0,зерновые,2018,200,0.1140681914934623,новый полигон
AOI-0044,2018-09-30,0.21242470633843977,0.19250883135866276,8.0,зерновые,2018,273,0.2230141503804267,новый полигон
AOI-0044,2019-04-25,0.36358339399778733,0.34255176730687065,10.0,зерновые,2019,115,0.3551778711701436,новый полигон
AOI-0044,2019-04-26,0.40346882016162205,0.3600178133410932,10.0,зерновые,2019,116,0.3369016388023209,новый полигон
AOI-0044,2019-06-02,0.6818095912666491,0.6756132446242034,7.0,зерновые,2019,153,0.6586295234675348,новый полигон
AOI-0044,2019-06-12,0.47944124958312473,0.47095772420362986,3.0,зерновые,2019,163,0.3808237823913078,новый полигон
AOI-0044,2019-06-20,0.34171454809432916,0.34035534837581605,8.0,зерновые,2019,171,0.2937792398992913,новый полигон
AOI-0044,2019-08-13,0.4171867423140614,0.3832726357905544,4.0,зерновые,2019,225,0.4341342422653382,новый полигон
AOI-0044,2019-09-10,0.17352895705924407,0.22277837386360033,5.0,зерновые,2019,253,0.1780878070992263,новый полигон
AOI-0044,2019-09-15,0.16067675831308464,0.2096857600899551,3.0,зерновые,2019,258,0.1471559481533717,новый полигон
AOI-0044,2019-09-16,0.19465078303262248,0.1844392902375925,3.0,зерновые,2019,259,0.2119254835823114,новый полигон
AOI-0044,2019-10-10,0.17659729381298092,0.21264283984643162,8.0,зерновые,2019,283,0.1541225602219872,новый полигон
AOI-0044,2020-04-17,0.20043684101181064,0.21321121308495872,7.0,зерновые,2020,108,0.183301693165861,новый полигон
AOI-0044,2020-04-22,0.21796306584751404,0.2056100531836147,13.0,зерновые,2020,113,0.1980062422874451,новый полигон
AOI-0044,2020-05-17,0.20171573441814636,0.3014287121571329,11.0,зерновые,2020,138,0.2001602517548066,новый полигон
AOI-0044,2020-06-30,0.19890198623756322,0.10286143835989812,5.0,зерновые,2020,182,0.218038689544921,новый полигон
AOI-0044,2020-08-10,0.1405632438279174,0.17346067055288333,3.0,зерновые,2020,223,0.1457966628012062,новый полигон
AOI-0044,2020-09-09,0.1479319762320129,0.17360000602327905,7.0,зерновые,2020,253,0.157950028842029,новый полигон
AOI-0044,2020-09-10,0.15098085197047847,0.1776332688777275,7.0,зерновые,2020,254,0.1431400621259815,новый полигон
AOI-0044,2020-09-26,0.12288488704615799,0.16170673169271008,3.0,зерновые,2020,270,0.1345751087354487,новый полигон
AOI-0044,2020-09-29,0.1421943305279621,0.17339287692973387,8.0,зерновые,2020,273,0.1455277975151331,новый полигон
AOI-0044,2020-10-14,0.15603286421178958,0.1909231055488012,3.0,зерновые,2020,288,0.158821796562355,новый полигон
AOI-0044,2020-10-21,0.1613376465162569,0.19750207539555445,4.0,зерновые,2020,295,0.1544103706350754,новый полигон
AOI-0044,2021-05-12,0.6957556448386182,0.7718225241993889,7.0,зерновые,2021,132,0.7433412699309925,новый полигон
AOI-0044,2021-05-17,0.7668916395832319,0.7409160232752313,11.0,зерновые,2021,137,0.6949834461096639,новый полигон
AOI-0044,2021-05-25,0.7408401780303424,0.6695744307144311,11.0,зерновые,2021,145,0.8097170818038808,новый полигон
AOI-0044,2021-07-16,0.22766541326912917,0.2933404766878452,7.0,зерновые,2021,197,0.1706163630708758,новый полигон
AOI-0044,2021-07-21,0.16780249496194735,0.15708838887210252,6.0,зерновые,2021,202,0.1215239471767067,новый полигон
AOI-0044,2021-09-30,0.24839099715880184,0.1620998235423826,24.0,зерновые,2021,273,0.2198322523502438,новый полигон
AOI-0044,2021-10-07,0.16552624488799442,0.16629808966803672,24.0,зерновые,2021,280,0.206034547195771,новый полигон
AOI-0044,2022-05-27,0.7440825006413623,0.7722696355382169,3.0,зерновые,2022,147,0.6643555530583394,новый полигон
AOI-0044,2022-06-06,0.7547985290125019,0.7564974024879756,3.0,зерновые,2022,157,0.7274210697698371,новый полигон
AOI-0044,2022-06-12,0.6804732468931574,0.6847695495453208,2.0,зерновые,2022,163,0.6983843065966393,новый полигон
AOI-0044,2022-07-07,0.23752393131322094,0.1804458735204126,6.0,зерновые,2022,188,0.1916529642819105,новый полигон
AOI-0044,2022-08-10,0.23138944195537026,0.26973401048490786,7.0,зерновые,2022,222,0.2268491963645095,новый полигон
AOI-0044,2022-08-13,0.2848473638991778,0.2585429579349925,7.0,зерновые,2022,225,0.3084979286837966,новый полигон
AOI-0044,2022-08-24,0.26920657620346977,0.24813402893399295,2.0,зерновые,2022,236,0.265680551471222,новый полигон
AOI-0044,2022-09-25,0.21818654404363008,0.19321168950018197,25.0,зерновые,2022,268,0.3674376816039605,новый полигон
AOI-0044,2022-09-30,0.2735261347814147,0.17190465125265758,25.0,зерновые,2022,273,0.3232614643418984,новый полигон
AOI-0044,2023-04-02,0.2114881105385595,0.2305173413584973,,зерновые,2023,92,0.1793163456095358,новый полигон
AOI-0044,2023-04-07,0.3461399101101323,0.2257402504311845,12.0,зерновые,2023,97,0.4099896237545883,новый полигон
AOI-0044,2023-06-06,0.24572519463817002,0.25658364667720357,7.0,зерновые,2023,157,0.1907888393818507,новый полигон
AOI-0044,2023-06-30,0.20830658381450493,0.1297154303704767,5.0,зерновые,2023,181,0.2001862792904516,новый полигон
AOI-0044,2023-07-05,0.19581501949492983,0.1628051821685259,4.0,зерновые,2023,186,0.1691009160546554,новый полигон
AOI-0044,2023-07-09,0.2163157513202989,0.20918917881890361,6.0,зерновые,2023,190,0.2059431767277941,новый полигон
AOI-0044,2023-07-11,0.11706341992900893,0.25200805611040894,6.0,зерновые,2023,192,0.1531380737785372,новый полигон
AOI-0044,2023-07-16,0.16208668729728898,0.24451441281453168,5.0,зерновые,2023,197,0.1357580711539635,новый полигон
AOI-0044,2023-07-25,0.1942560103266143,0.1450551746248361,4.0,зерновые,2023,206,0.2228764473642802,новый полигон
AOI-0044,2023-08-05,0.1484535321168469,0.1818238904354462,10.0,зерновые,2023,217,0.1294059373497013,новый полигон
AOI-0044,2023-08-25,0.15914356131942778,0.18233374941543173,3.0,зерновые,2023,237,0.1444416679920407,новый полигон
AOI-0044,2023-09-30,0.2744504607263203,0.14586410543868675,5.0,зерновые,2023,273,0.2958098518615628,новый полигон
AOI-0044,2023-10-14,0.23901217146259565,0.4545121960394022,5.0,зерновые,2023,287,0.2224760060933464,новый полигон
AOI-0044,2024-04-06,0.74581870055845,0.8106742042305491,6.0,зерновые,2024,97,0.758839364815901,новый полигон
AOI-0044,2024-04-14,0.8623190705996497,0.8101962024377377,11.0,зерновые,2024,105,0.8644685973551445,новый полигон
AOI-0044,2024-06-05,0.6126687892349305,0.6431732447071544,7.0,зерновые,2024,157,0.5014427896101127,новый полигон
AOI-0044,2024-09-06,0.15225948887959298,0.16171579138873046,3.0,зерновые,2024,250,0.1743213595226999,новый полигон
AOI-0044,2024-09-21,0.16482735677973442,0.1687912488691627,4.0,зерновые,2024,265,0.1766768117618546,новый полигон
AOI-0044,2025-04-02,0.21202620832845406,0.2722451363398008,,зерновые,2025,92,0.2285439380618125,новый полигон
AOI-0044,2025-05-20,0.22354110590252663,0.22690937835952021,9.0,зерновые,2025,140,0.2193070149392053,новый полигон
AOI-0044,2025-07-06,0.20409005344145087,0.13882080881668715,2.0,зерновые,2025,187,0.2161102933833152,новый полигон
AOI-0044,2025-07-10,0.18042089732847616,0.19639254465086495,5.0,зерновые,2025,191,0.1421609924246279,новый полигон
AOI-0044,2025-08-14,0.15028174526828025,0.21085841185505586,2.0,зерновые,2025,226,0.152761953044732,новый полигон
AOI-0044,2025-09-23,0.15637938093580614,0.191977515534385,7.0,зерновые,2025,266,0.1613838352991701,новый полигон
AOI-0044,2025-10-03,0.14495220531266553,0.1871747612201117,6.0,зерновые,2025,276,0.1610533094187122,новый полигон
AOI-0044,2025-10-15,0.16038694647504756,0.22114850051231813,3.0,зерновые,2025,288,0.1389708494812739,новый полигон
AOI-0045,2025-04-26,0.202743605109061,0.24630730711845894,3.0,зерновые,2025,116,0.1703701820776711,есть в train
AOI-0045,2025-06-15,0.1404089201588785,0.22585098567057552,8.0,зерновые,2025,166,0.1509152390445986,есть в train
AOI-0045,2025-06-27,0.1741338472376832,0.22776789442331086,2.0,зерновые,2025,178,0.1535302191498889,есть в train
AOI-0045,2025-06-29,0.21339795547347334,0.17301239604381244,2.0,зерновые,2025,180,0.2136772205597847,есть в train
AOI-0045,2025-07-31,0.20092536178512393,0.1371052578181292,7.0,зерновые,2025,212,0.1949198164855589,есть в train
AOI-0045,2025-08-13,0.23400114891907772,0.15545212599883793,7.0,зерновые,2025,225,0.2291629390354868,есть в train
AOI-0045,2025-08-15,0.2045806768879356,0.14861537874766095,5.0,зерновые,2025,227,0.1901789460660322,есть в train
AOI-0045,2025-08-16,0.1623293500638602,0.14786704707707007,5.0,зерновые,2025,228,0.113939035288229,есть в train
AOI-0045,2025-09-30,0.22384533475460683,0.18346445720572635,4.0,зерновые,2025,273,0.2217305914467697,есть в train
AOI-0045,2025-10-15,0.16799900622085487,0.21440944320976935,3.0,зерновые,2025,288,0.1503332327690379,есть в train
AOI-0046,2010-06-26,0.3374865465353424,0.19814610149959586,8.0,зерновые,2010,177,0.3549744952997381,новый полигон
AOI-0046,2010-07-12,0.36310316333548603,0.24398316561444663,8.0,зерновые,2010,193,0.4030981815379872,новый полигон
AOI-0046,2010-09-14,0.37892425642866734,0.36818492040052125,23.0,зерновые,2010,257,0.3969421790722761,новый полигон
AOI-0046,2011-05-30,0.2937001138311537,0.30682869092630455,12.0,зерновые,2011,150,0.1993930690619421,новый полигон
AOI-0046,2011-08-17,0.17827557912137124,0.17951360996310936,5.0,зерновые,2011,229,0.1608491493317837,новый полигон
AOI-0046,2012-04-22,0.39055480777740076,0.3096484338883984,25.0,зерновые,2012,113,0.5013403451995685,новый полигон
AOI-0046,2012-04-29,0.28964800541685864,0.4181283767483083,25.0,зерновые,2012,120,0.3468437021642838,новый полигон
AOI-0046,2012-06-09,0.5637404247498403,0.5704135200062056,32.0,зерновые,2012,161,0.6832605223239212,новый полигон
AOI-0046,2013-04-25,0.23544053614563043,0.33256381514838157,9.0,зерновые,2013,115,0.2721772079901205,новый полигон
AOI-0046,2013-05-09,0.46238121249407776,0.3143921063866699,8.0,зерновые,2013,129,0.5671477577438743,новый полигон
AOI-0046,2013-06-11,0.5594458276957771,0.5766993340881308,2.0,зерновые,2013,162,0.6609713361820168,новый полигон
AOI-0046,2013-06-27,0.3612783412517747,0.3532395914471917,2.0,зерновые,2013,178,0.433611545026995,новый полигон
AOI-0046,2013-07-21,0.30151591079071965,0.32825244310227397,9.0,зерновые,2013,202,0.2779534527930222,новый полигон
AOI-0046,2013-07-28,0.3522310038948379,0.31999943885102167,15.0,зерновые,2013,209,0.3475341038680844,новый полигон
AOI-0046,2013-07-30,0.2789682475497484,0.31841019267571385,15.0,зерновые,2013,211,0.2652136546989636,новый полигон
AOI-0046,2014-05-25,0.7615068126030106,0.771716098196551,9.0,зерновые,2014,145,0.7835811064879026,новый полигон
AOI-0046,2014-05-29,0.7698254118441198,0.7455825847092005,9.0,зерновые,2014,149,0.7951038620127324,новый полигон
AOI-0046,2014-07-01,0.33121072580920624,0.3803440761615229,16.0,зерновые,2014,182,0.318757860535912,новый полигон
AOI-0046,2014-07-12,0.3084108509153322,0.3146147625326481,16.0,зерновые,2014,193,0.3176208198489753,новый полигон
AOI-0046,2014-08-01,0.18227186145263355,0.16856358821638112,5.0,зерновые,2014,213,0.1976868115757712,новый полигон
AOI-0046,2014-08-25,0.15298528446149073,0.19220433485649566,8.0,зерновые,2014,237,0.1185645313838269,новый полигон
AOI-0046,2014-09-19,0.14883328169038745,0.18721665564109247,8.0,зерновые,2014,262,0.1535211668682834,новый полигон
AOI-0046,2015-05-17,0.27652842988508813,0.25484141045924735,8.0,зерновые,2015,137,0.2195702084658776,новый полигон
AOI-0046,2015-07-12,0.3565864896384149,0.33557748507211904,8.0,зерновые,2015,193,0.4050255621178691,новый полигон
AOI-0046,2015-09-22,0.20982341736898794,0.21686139185713027,15.0,зерновые,2015,265,0.1786200244873896,новый полигон
AOI-0046,2015-10-16,0.2579481696007601,0.1638856966142129,,зерновые,2015,289,0.2639127922851109,новый полигон
AOI-0046,2016-05-02,0.8846874571603326,0.8695086647625088,9.0,зерновые,2016,123,0.8824187055197528,новый полигон
AOI-0046,2016-05-10,0.8395472954061779,0.8421698987548747,3.0,зерновые,2016,131,0.8898643632844496,новый полигон
AOI-0046,2016-05-18,0.8611958293791927,0.824264208745966,13.0,зерновые,2016,139,0.9047221979624018,новый полигон
AOI-0046,2016-06-03,0.7305954559824759,0.6464738906202302,24.0,зерновые,2016,155,0.8765333736868202,новый полигон
AOI-0046,2016-06-09,0.6287634099476207,0.6215699486010167,24.0,зерновые,2016,161,0.7294725997842505,новый полигон
AOI-0046,2016-07-13,0.19579901695386562,0.2185013994825191,3.0,зерновые,2016,195,0.1642534129965359,новый полигон
AOI-0046,2016-07-30,0.255385557068158,0.32062600265834484,16.0,зерновые,2016,212,0.2670091595075638,новый полигон
AOI-0046,2016-10-02,0.22138806602805397,0.20068230811619506,8.0,зерновые,2016,276,0.213630801120315,новый полигон
AOI-0046,2016-10-17,0.3258798799472065,0.354858234525124,3.0,зерновые,2016,291,0.2826321405646573,новый полигон
AOI-0046,2016-10-25,0.3131899447417063,0.31384334806791453,8.0,зерновые,2016,299,0.3560663402004241,новый полигон
AOI-0046,2017-04-13,0.41255612719362283,0.451974296395409,11.0,зерновые,2017,103,0.3807292037129152,новый полигон
AOI-0046,2017-06-27,0.40008490453600615,0.40305396780243197,4.0,зерновые,2017,178,0.3998085850328119,новый полигон
AOI-0046,2017-07-02,0.31908719221096493,0.4067419380524473,7.0,зерновые,2017,183,0.3278133348811135,новый полигон
AOI-0046,2017-07-24,0.19235875456902962,0.16038508658391498,9.0,зерновые,2017,205,0.2326764287415502,новый полигон
AOI-0046,2017-08-09,0.16795342406044322,0.15618192754066046,8.0,зерновые,2017,221,0.1981020245003172,новый полигон
AOI-0046,2017-08-21,0.1756332666434421,0.20500769435945207,7.0,зерновые,2017,233,0.1555962195013564,новый полигон
AOI-0046,2017-09-10,0.2478966269687779,0.3071029206149532,11.0,зерновые,2017,253,0.2095399245655337,новый полигон
AOI-0046,2017-09-15,0.27398042038006676,0.3373019549156537,4.0,зерновые,2017,258,0.2526222089182152,новый полигон
AOI-0046,2017-10-12,0.3127336256912236,0.3549397892994672,,зерновые,2017,285,0.3600180013656339,новый полигон
AOI-0046,2018-05-09,0.34493500027418655,0.20267100485936151,13.0,зерновые,2018,129,0.4389967329326553,новый полигон
AOI-0046,2018-06-01,0.22097965914732162,0.1696103760619427,8.0,зерновые,2018,152,0.1747970940955035,новый полигон
AOI-0046,2018-07-20,0.18838985725043442,0.1485752377844905,8.0,зерновые,2018,201,0.2273900300102453,новый полигон
AOI-0046,2018-08-20,0.16536980732893863,0.1974653589667613,8.0,зерновые,2018,232,0.1542296024607834,новый полигон
AOI-0046,2018-08-29,0.18425634200739172,0.18821295972094162,8.0,зерновые,2018,241,0.1181623680591854,новый полигон
AOI-0046,2018-10-15,0.15631945747456277,0.14432669716339883,9.0,зерновые,2018,288,0.195380284193846,новый полигон
AOI-0046,2018-10-24,0.17777807576128268,0.1417469300120601,,зерновые,2018,297,0.2150130036877552,новый полигон
AOI-0046,2019-04-01,0.20108191373304427,0.4150501309909077,,зерновые,2019,91,0.1878408941716133,новый полигон
AOI-0046,2019-04-18,0.39346336401162085,0.3261159945075415,13.0,зерновые,2019,108,0.4450586573515646,новый полигон
AOI-0046,2019-05-19,0.8116226375204028,0.7719813532346942,2.0,зерновые,2019,139,0.7711242621387133,новый полигон
AOI-0046,2019-08-01,0.1784286401545887,0.2558899967490487,6.0,зерновые,2019,213,0.2952892772470913,новый полигон
AOI-0046,2019-09-01,0.19453144659765573,0.15713245913825963,5.0,зерновые,2019,244,0.1658580100171515,новый полигон
AOI-0046,2019-10-20,0.382424927780665,0.4929550402507702,9.0,зерновые,2019,293,0.4336304501011561,новый полигон
AOI-0046,2020-04-04,0.7577304645954192,0.8230086451512741,3.0,зерновые,2020,95,0.825715245194226,новый полигон
AOI-0046,2020-04-07,0.7817811093861781,0.7983223321177249,6.0,зерновые,2020,98,0.838326679628386,новый полигон
AOI-0046,2020-05-08,0.8248691623854981,0.8338486492313639,10.0,зерновые,2020,129,0.8888587763908152,новый полигон
AOI-0046,2020-05-24,0.8250284559210147,0.8430060685724081,10.0,зерновые,2020,145,0.8715226845430729,новый полигон
AOI-0046,2020-06-09,0.6656630567417842,0.7288078204812127,4.0,зерновые,2020,161,0.6266586839266451,новый полигон
AOI-0046,2020-09-10,0.15544756877949753,0.15737101587982855,2.0,зерновые,2020,254,0.1358765875470009,новый полигон
AOI-0046,2020-09-13,0.19147813738122407,0.1743201405233521,7.0,зерновые,2020,257,0.1918524734165511,новый полигон
AOI-0046,2020-09-26,0.11309496865156575,0.16807167702570305,3.0,зерновые,2020,270,0.1413539014321159,новый полигон
AOI-0046,2020-10-21,0.13108894018024236,0.16203216941647722,4.0,зерновые,2020,295,0.1315123793183071,новый полигон
AOI-0046,2021-05-02,0.5585854027340024,0.5637286228719229,15.0,зерновые,2021,122,0.5089638004496916,новый полигон
AOI-0046,2021-05-25,0.7885794746238365,0.6910476503988534,10.0,зерновые,2021,145,0.8410076591154263,новый полигон
AOI-0046,2021-07-11,0.25906585194101517,0.33155578227072785,8.0,зерновые,2021,192,0.2635565051384494,новый полигон
AOI-0046,2021-07-28,0.302730862159126,0.23914735461969416,5.0,зерновые,2021,209,0.3327943588139514,новый полигон
AOI-0046,2021-08-13,0.382551338754829,0.24653366287286832,20.0,зерновые,2021,225,0.4078301587301587,новый полигон
AOI-0046,2021-08-20,0.23382270772370842,0.26640377242593843,20.0,зерновые,2021,232,0.1614643156112896,новый полигон
AOI-0046,2021-08-29,0.415573503775741,0.34889653992057934,2.0,зерновые,2021,241,0.4016183160771186,новый полигон
AOI-0046,2021-09-06,0.46107941493788507,0.20505036437894134,5.0,зерновые,2021,249,0.5038269099184176,новый полигон
AOI-0046,2022-06-05,0.26437293521872646,0.23396468577164747,2.0,зерновые,2022,156,0.2529370037167242,новый полигон
AOI-0046,2022-07-24,0.19440293877713935,0.2411550489725116,13.0,зерновые,2022,205,0.2562131542357237,новый полигон
AOI-0046,2022-07-29,0.19963669376628854,0.2084428797025641,3.0,зерновые,2022,210,0.1886931474997735,новый полигон
AOI-0046,2022-07-30,0.2355959690751564,0.17666507825240818,3.0,зерновые,2022,211,0.221506879964548,новый полигон
AOI-0046,2022-08-24,0.2103878823501649,0.18643927662621534,2.0,зерновые,2022,236,0.2045794968932595,новый полигон
AOI-0046,2022-08-30,0.14766080791306946,0.2097365382087448,2.0,зерновые,2022,242,0.1447834934620818,новый полигон
AOI-0046,2023-04-02,0.537160426256031,0.5898381464752864,,зерновые,2023,92,0.5424241695578681,новый полигон
AOI-0046,2023-04-29,0.823970604867796,0.8263215842973131,9.0,зерновые,2023,119,0.7895824413410631,новый полигон
AOI-0046,2023-05-06,0.8750605899417379,0.876365437603718,7.0,зерновые,2023,126,0.8749935107998185,новый полигон
AOI-0046,2023-06-21,0.6339727462482737,0.6425541319839284,7.0,зерновые,2023,172,0.6478171453736068,новый полигон
AOI-0046,2023-06-24,0.49092451623322947,0.5244375519976967,3.0,зерновые,2023,175,0.5340814256194292,новый полигон
AOI-0046,2023-07-22,0.250943545186618,0.2049194530439875,5.0,зерновые,2023,203,0.2145763328758148,новый полигон
AOI-0046,2023-07-25,0.22653479995827247,0.1964308920111427,5.0,зерновые,2023,206,0.2714386166620479,новый полигон
AOI-0046,2023-08-13,0.18515557414822842,0.17114348718558975,4.0,зерновые,2023,225,0.2192525504700262,новый полигон
AOI-0046,2023-08-18,0.16369231536487866,0.18349443702229468,4.0,зерновые,2023,230,0.1784235723385002,новый полигон
AOI-0046,2023-08-25,0.16256143540475762,0.18644676492628903,3.0,зерновые,2023,237,0.1371398990626526,новый полигон
AOI-0046,2023-08-27,0.1835505583072637,0.20873359382527862,3.0,зерновые,2023,239,0.1980393032653649,новый полигон
AOI-0046,2023-08-28,0.15483022396388244,0.21655578597104588,3.0,зерновые,2023,240,0.1259941764667917,новый полигон
AOI-0046,2023-10-13,0.18881164935272254,0.15169544790582867,3.0,зерновые,2023,286,0.1870118394533675,новый полигон
AOI-0046,2023-10-29,0.2788687893381746,0.3190002465711203,,зерновые,2023,302,0.3133880038306084,новый полигон
AOI-0046,2024-04-06,0.6979090513264703,0.7132790229008819,6.0,зерновые,2024,97,0.6947943100023943,новый полигон
AOI-0046,2024-05-08,0.9033223865762545,0.8798094365948455,18.0,зерновые,2024,129,0.8412632763137617,новый полигон
AOI-0046,2024-05-09,0.8917482791401671,0.8787105534588159,18.0,зерновые,2024,130,0.8822152613910921,новый полигон
AOI-0046,2024-06-01,0.8181248903595797,0.7611593634642171,8.0,зерновые,2024,153,0.7031915162132458,новый полигон
AOI-0046,2024-06-09,0.5862470151635807,0.48533514557081614,8.0,зерновые,2024,161,0.5534626621074907,новый полигон
AOI-0046,2024-07-03,0.23495153035106767,0.20019697301804085,10.0,зерновые,2024,185,0.2998307326031468,новый полигон
AOI-0046,2024-07-19,0.16735245502323698,0.12264727882178483,5.0,зерновые,2024,201,0.1800928346370765,новый полигон
AOI-0046,2024-08-09,0.1429456343454896,0.2274764771605995,7.0,зерновые,2024,222,0.1385016644528755,новый полигон
AOI-0046,2024-08-20,0.19825102082989005,0.18360277823272192,2.0,зерновые,2024,233,0.2061142198169641,новый полигон
AOI-0046,2024-08-28,0.20822554205968596,0.16397122392679775,12.0,зерновые,2024,241,0.2510240330058733,новый полигон
AOI-0046,2024-09-13,0.15464268446395218,0.18445927631276837,6.0,зерновые,2024,257,0.1446831798796709,новый полигон
AOI-0046,2024-09-22,0.18632837881287964,0.16834223104555895,2.0,зерновые,2024,266,0.1890530693746566,новый полигон
AOI-0046,2024-10-13,0.1346798825218485,0.18766860196571994,7.0,зерновые,2024,287,0.1305230509361894,новый полигон
AOI-0046,2025-06-30,0.7173887777315751,0.7129241806384035,6.0,зерновые,2025,181,0.777770964047023,новый полигон
AOI-0046,2025-07-15,0.4821668025300239,0.4632821534425664,11.0,зерновые,2025,196,0.4723957769455575,новый полигон
AOI-0046,2025-08-07,0.492742788535672,0.4479532925297718,7.0,зерновые,2025,219,0.4752887893648185,новый полигон
AOI-0046,2025-08-15,0.44129936640195716,0.4037166028187965,2.0,зерновые,2025,227,0.4245123786619058,новый полигон
AOI-0046,2025-09-24,0.22020554265967876,0.19864890702792626,2.0,зерновые,2025,267,0.2173354111903689,новый полигон
AOI-0046,2025-10-02,0.21529708114778406,0.18979105786262718,3.0,зерновые,2025,275,0.2233806860986588,новый полигон
AOI-0047,2025-05-08,0.7846673170622847,0.8232633310456883,3.0,зерновые,2025,128,0.7475885152641656,новый полигон
AOI-0047,2025-05-16,0.7795429559130521,0.829508690432149,10.0,зерновые,2025,136,0.8118777367061066,новый полигон
AOI-0047,2025-05-25,0.7328242086974597,0.7564214682306063,3.0,зерновые,2025,145,0.7197915704027475,новый полигон
AOI-0047,2025-06-15,0.32239802956953334,0.38781435090113836,7.0,зерновые,2025,166,0.3314020836345832,новый полигон
AOI-0047,2025-07-17,0.176688926740985,0.18057755157196903,8.0,зерновые,2025,198,0.4348182242158294,новый полигон
AOI-0047,2025-07-18,0.17148238258176376,0.17968008406486113,8.0,зерновые,2025,199,0.188740390660999,новый полигон
AOI-0047,2025-09-03,0.14268223203278185,0.14485098970223365,5.0,зерновые,2025,246,0.1705725505971389,новый полигон
AOI-0047,2025-10-15,0.13313760864390026,0.15389692259997934,5.0,зерновые,2025,288,0.1528528386841803,новый полигон
AOI-0047,2025-10-16,0.19883476733664604,0.15035905589384405,5.0,зерновые,2025,289,0.1714587058770674,новый полигон
AOI-0048,2025-04-07,0.6344253379728592,0.6768994524356792,,зерновые,2025,97,0.7827281808337845,есть в train
AOI-0048,2025-04-17,0.7252631963216019,0.6906741955361813,2.0,зерновые,2025,107,0.6898557160449569,есть в train
AOI-0048,2025-05-09,0.7634471310469234,0.6306316153591133,3.0,зерновые,2025,129,0.7873594342176505,есть в train
AOI-0048,2025-09-17,0.18381839988231957,0.18127772871015782,7.0,зерновые,2025,260,0.1865423305616005,есть в train
AOI-0048,2025-09-24,0.20236304191721802,0.17029906206951556,2.0,зерновые,2025,267,0.1884880207074303,есть в train
AOI-0049,2025-05-04,0.8011491768268363,0.8073241643397897,10.0,озимая пшеница,2025,124,0.8135412218164542,новый полигон
AOI-0049,2025-06-26,0.3363381321347747,0.2627837072410158,15.0,озимая пшеница,2025,177,0.2666203978906999,новый полигон
AOI-0049,2025-06-27,0.23711092604844136,0.2574388862335587,15.0,озимая пшеница,2025,178,0.2809852809374695,новый полигон
AOI-0049,2025-07-29,0.20178789403818662,0.1669978253363228,2.0,озимая пшеница,2025,210,0.2205221658380328,новый полигон
AOI-0049,2025-08-06,0.17598246925569921,0.20222372765948338,2.0,озимая пшеница,2025,218,0.2339923187341895,новый полигон
AOI-0049,2025-08-12,0.16978046555536724,0.2413936415076361,4.0,озимая пшеница,2025,224,0.1768585084969734,новый полигон
AOI-0049,2025-08-17,0.1652331465541716,0.191574591113913,6.0,озимая пшеница,2025,229,0.1814060203372782,новый полигон
AOI-0049,2025-09-06,0.1546240000142055,0.17265089134470676,6.0,озимая пшеница,2025,249,0.1817275463848104,новый полигон
AOI-0049,2025-09-14,0.2101863238174501,0.19423707620163969,4.0,озимая пшеница,2025,257,0.2188955681099428,новый полигон
AOI-0049,2025-09-26,0.1955508004833617,0.21696160196290812,24.0,озимая пшеница,2025,269,0.1945239610514296,новый полигон
AOI-0049,2025-09-30,0.2909802605583881,0.22560384569721947,24.0,озимая пшеница,2025,273,0.2572641418983701,новый полигон
AOI-0049,2025-10-08,0.2246243849183621,0.24288833316584224,24.0,озимая пшеница,2025,281,0.1608978465777971,новый полигон
AOI-0049,2025-10-16,0.2854020081291073,0.26017282063446495,24.0,озимая пшеница,2025,289,0.2030021420784501,новый полигон
AOI-0049,2025-10-28,0.31714252003312937,0.2623333815680428,,озимая пшеница,2025,301,0.4655162415621195,новый полигон
AOI-0050,2025-04-14,0.3706497101587688,0.3426259465692127,5.0,озимая пшеница,2025,104,0.3314305823648874,есть в train
AOI-0050,2025-04-15,0.37280706573526895,0.3628257851136807,5.0,озимая пшеница,2025,105,0.3894423693809448,есть в train
AOI-0050,2025-05-25,0.6048021401123405,0.6528054573529802,10.0,озимая пшеница,2025,145,0.6330679245283019,есть в train
AOI-0050,2025-06-27,0.5098793105277387,0.6124920936005658,8.0,озимая пшеница,2025,178,0.505018086764831,есть в train
AOI-0050,2025-08-07,0.3108686413946457,0.3581563754651599,6.0,озимая пшеница,2025,219,0.3116257722227209,есть в train
AOI-0050,2025-08-09,0.2991602784020983,0.3491090954929827,6.0,озимая пшеница,2025,221,0.2693624041320099,есть в train
AOI-0050,2025-08-13,0.4059330114116418,0.3316329170002432,7.0,озимая пшеница,2025,225,0.3733786459751725,есть в train
AOI-0050,2025-08-17,0.33556458927463173,0.3160118828623486,7.0,озимая пшеница,2025,229,0.3396884161156538,есть в train
AOI-0050,2025-09-07,0.3532035470568477,0.31530216322685967,2.0,озимая пшеница,2025,250,0.3382106399524956,есть в train
AOI-0050,2025-09-30,0.4258234440984672,0.3095645857492228,12.0,озимая пшеница,2025,273,0.462945283018868,есть в train
AOI-0050,2025-10-17,0.36583007416631314,0.3994611087486654,,озимая пшеница,2025,290,0.4078862051235079,есть в train
AOI-0050,2025-10-28,0.31454063966579443,0.3994611087486654,,озимая пшеница,2025,301,0.582103314716573,есть в train
AOI-0051,2010-06-09,0.6999847688874711,0.7130441031640621,8.0,озимая пшеница,2010,160,0.7033382092628768,новый полигон
AOI-0051,2011-06-04,0.49842839458527166,0.5886948601080227,13.0,озимая пшеница,2011,155,0.4124675891380737,новый полигон
AOI-0051,2011-06-05,0.49721292780531734,0.6161383483356331,13.0,озимая пшеница,2011,156,0.4620690197733149,новый полигон
AOI-0051,2011-06-12,0.6762149404852854,0.7542381578947369,16.0,озимая пшеница,2011,163,0.7074187760365389,новый полигон
AOI-0051,2011-06-13,0.6639718336653305,0.7546793421052632,16.0,озимая пшеница,2011,164,0.6387633453946854,новый полигон
AOI-0051,2011-09-01,0.5838192193138925,0.6082586162670497,14.0,озимая пшеница,2011,244,0.5504811879018552,новый полигон
AOI-0051,2011-10-11,0.36085148813088247,0.4294219078947368,16.0,озимая пшеница,2011,284,0.3979328595491658,новый полигон
AOI-0051,2012-04-27,0.5176743301967099,0.6106899441542343,14.0,озимая пшеница,2012,118,0.6066897553425397,новый полигон
AOI-0051,2012-05-22,0.6658391565271476,0.6874854194390725,11.0,озимая пшеница,2012,143,0.7099359946808288,новый полигон
AOI-0051,2012-08-12,0.4645670504409699,0.45781585391584606,46.0,озимая пшеница,2012,225,0.4175202631578948,новый полигон
AOI-0051,2012-08-26,0.36288614704034533,0.40757686425010603,46.0,озимая пшеница,2012,239,0.3131648272426883,новый полигон
AOI-0051,2012-08-28,0.4249060142698305,0.40039986572642894,46.0,озимая пшеница,2012,241,0.4698126315789473,новый полигон
AOI-0051,2012-09-18,0.3565150823499781,0.39670613486842105,16.0,озимая пшеница,2012,262,0.3177814268379876,новый полигон
AOI-0051,2012-10-13,0.41298744174290336,0.4199912828947368,16.0,озимая пшеница,2012,287,0.4707278026195473,новый полигон
AOI-0051,2013-05-01,0.7110831250341799,0.73303225254736,9.0,озимая пшеница,2013,121,0.8459645461356295,новый полигон
AOI-0051,2013-07-19,0.4099860138800131,0.38788915040380784,8.0,озимая пшеница,2013,200,0.3759391562375047,новый полигон
AOI-0051,2013-07-28,0.4945914539728655,0.5626653879169603,9.0,озимая пшеница,2013,209,0.4166069400257716,новый полигон
AOI-0051,2013-08-29,0.43347588970988,0.35981200532953805,23.0,озимая пшеница,2013,241,0.3999713157894736,новый полигон
AOI-0051,2013-10-07,0.45311460783512403,0.4353798294893445,8.0,озимая пшеница,2013,280,0.4094501031277832,новый полигон
AOI-0051,2013-10-16,0.4969785197039769,0.4779667022980934,16.0,озимая пшеница,2013,289,0.3997734533263333,новый полигон
AOI-0051,2014-04-18,0.79658682894149,0.7385375721424859,6.0,озимая пшеница,2014,108,0.8437513107603932,новый полигон
AOI-0051,2014-06-05,0.7441956937422232,0.6099939799467613,19.0,озимая пшеница,2014,156,0.6274268623897927,новый полигон
AOI-0051,2014-06-10,0.5953034621978719,0.5598046406881121,19.0,озимая пшеница,2014,161,0.6184615789473685,новый полигон
AOI-0051,2014-06-28,0.4801955864991175,0.6231960197368422,16.0,озимая пшеница,2014,179,0.4019833690415758,новый полигон
AOI-0051,2014-09-08,0.37731716811183164,0.3951062608809821,14.0,озимая пшеница,2014,251,0.2472084992484905,новый полигон
AOI-0051,2014-09-16,0.3977354629726238,0.3875880592105263,16.0,озимая пшеница,2014,259,0.3576865815431815,новый полигон
AOI-0051,2015-04-07,0.293630543162274,0.2576856435847507,,озимая пшеница,2015,97,0.3074307894736842,новый полигон
AOI-0051,2015-05-23,0.7477654060819916,0.7460180640797367,3.0,озимая пшеница,2015,143,0.7582153673672899,новый полигон
AOI-0051,2015-06-10,0.7281737334082486,0.8265534165138975,24.0,озимая пшеница,2015,161,0.7491563157894737,новый полигон
AOI-0051,2015-06-15,0.7136801031783842,0.7938448149449758,24.0,озимая пшеница,2015,166,0.8198131600740298,новый полигон
AOI-0051,2015-06-26,0.6960208926113464,0.721885891493348,24.0,озимая пшеница,2015,177,0.6741789473684211,новый полигон
AOI-0051,2015-09-14,0.3857460502073975,0.34275448795811647,16.0,озимая пшеница,2015,257,0.3980244736842104,новый полигон
AOI-0051,2015-09-20,0.3175957647854275,0.33285227591730215,8.0,озимая пшеница,2015,263,0.3115591230318733,новый полигон
AOI-0051,2015-10-06,0.2584673730293162,0.30329455117543236,11.0,озимая пшеница,2015,279,0.2372683686625595,новый полигон
AOI-0051,2016-04-06,0.6951349468927146,0.7162609587501838,,озимая пшеница,2016,97,0.5351119243436826,новый полигон
AOI-0051,2016-06-25,0.5593733258601312,0.4894976361540216,8.0,озимая пшеница,2016,177,0.6898781578947369,новый полигон
AOI-0051,2016-07-12,0.4144296975234252,0.6057093670291139,9.0,озимая пшеница,2016,194,0.3480435695650831,новый полигон
AOI-0051,2016-08-28,0.4253054774609304,0.34388122279422784,8.0,озимая пшеница,2016,241,0.3273426177210797,новый полигон
AOI-0051,2016-09-14,0.35259562402657935,0.36110748933492787,32.0,озимая пшеница,2016,258,0.370878230043056,новый полигон
AOI-0051,2016-09-29,0.4286897003024866,0.3813307955086809,32.0,озимая пшеница,2016,273,0.4221413157894737,новый полигон
AOI-0051,2016-10-24,0.32126665736655535,-0.6116860380514454,,озимая пшеница,2016,298,0.3503344949751705,новый полигон
AOI-0051,2017-05-28,0.5327392839928828,0.5233089562955173,8.0,озимая пшеница,2017,148,0.4314303958937793,новый полигон
AOI-0051,2017-06-21,0.620659035726859,0.6118766733992189,6.0,озимая пшеница,2017,172,0.6031307354923773,новый полигон
AOI-0051,2017-06-28,0.658159869663126,0.6653005921052633,16.0,озимая пшеница,2017,179,0.6903880331855419,новый полигон
AOI-0051,2017-07-06,0.6934266588544996,0.6414745394736843,16.0,озимая пшеница,2017,187,0.8129902404393037,новый полигон
AOI-0051,2017-07-23,0.6891467536301075,0.7298160698954475,11.0,озимая пшеница,2017,204,0.7568926401079975,новый полигон
AOI-0051,2017-09-25,0.3028563705490838,0.3927770128997037,14.0,озимая пшеница,2017,268,0.30614566295335,новый полигон
AOI-0051,2017-09-30,0.40165939860495065,0.33381331188289665,14.0,озимая пшеница,2017,273,0.3314742105263158,новый полигон
AOI-0051,2017-10-16,0.2625039124466337,0.16634838586268325,7.0,озимая пшеница,2017,289,0.3249896935933148,новый полигон
AOI-0051,2018-04-11,0.43611668934558284,0.46041557073390005,5.0,озимая пшеница,2018,101,0.5266675075249763,новый полигон
AOI-0051,2018-04-28,0.6454359186208272,0.7166513211575796,8.0,озимая пшеница,2018,118,0.7179357613804751,новый полигон
AOI-0051,2018-04-29,0.6837526842755198,0.7433887432838324,8.0,озимая пшеница,2018,119,0.7681356455476459,новый полигон
AOI-0051,2018-05-30,0.7368845275317525,0.7584121067532258,6.0,озимая пшеница,2018,150,0.7695875794439591,новый полигон
AOI-0051,2018-06-26,0.4431328962998149,0.33452356236221126,8.0,озимая пшеница,2018,177,0.4955960526315789,новый полигон
AOI-0051,2018-07-02,0.31933315288758257,0.3170929069265889,8.0,озимая пшеница,2018,183,0.3176172333473465,новый полигон
AOI-0051,2018-08-02,0.3017122328840395,0.44980765075638984,13.0,озимая пшеница,2018,214,0.3131785194527873,новый полигон
AOI-0051,2018-08-18,0.3050651123245188,0.31741033415969166,6.0,озимая пшеница,2018,230,0.3039230897188017,новый полигон
AOI-0051,2018-09-14,0.37986419835167834,0.2161932284596268,5.0,озимая пшеница,2018,257,0.4405502631578948,новый полигон
AOI-0051,2018-09-19,0.29585858903380496,0.2770711790668403,2.0,озимая пшеница,2018,262,0.3202826634783839,новый полигон
AOI-0051,2018-10-14,0.2691693180035057,0.24565236990954648,3.0,озимая пшеница,2018,287,0.2394738774890674,новый полигон
AOI-0051,2019-05-17,0.8249184712570744,0.8204169884363897,2.0,озимая пшеница,2019,137,0.7013527975064504,новый полигон
AOI-0051,2019-05-31,0.738653784582043,0.722732743686731,8.0,озимая пшеница,2019,151,0.7208249953591928,новый полигон
AOI-0051,2019-06-25,0.2633478286806478,0.32873932318355464,6.0,озимая пшеница,2019,176,0.2180580254387781,новый полигон
AOI-0051,2019-06-30,0.22828779850215702,0.2839772209092182,8.0,озимая пшеница,2019,181,0.1672025445246261,новый полигон
AOI-0051,2019-07-29,0.316919189694254,0.4234820431850703,9.0,озимая пшеница,2019,210,0.3996590723204983,новый полигон
AOI-0051,2019-08-05,0.3197579458193348,0.39383157965604476,9.0,озимая пшеница,2019,217,0.4042443188672578,новый полигон
AOI-0051,2019-08-13,0.42084513750204355,0.26853710236134914,5.0,озимая пшеница,2019,225,0.379978279979984,новый полигон
AOI-0051,2019-08-22,0.26713288986019634,0.30483068304726285,3.0,озимая пшеница,2019,234,0.361550169453785,новый полигон
AOI-0051,2019-09-13,0.20679222867403935,0.3421585998103535,7.0,озимая пшеница,2019,256,0.2409155403748764,новый полигон
AOI-0051,2019-10-16,0.36917262748966073,0.2839854355139987,4.0,озимая пшеница,2019,289,0.3403891379526389,новый полигон
AOI-0051,2020-04-26,0.3732840397639011,0.35355547832748946,5.0,озимая пшеница,2020,117,0.3579121764993925,новый полигон
AOI-0051,2020-06-09,0.7460799272119109,0.787068558461071,9.0,озимая пшеница,2020,161,0.8189207925103201,новый полигон
AOI-0051,2020-07-04,0.49948133155395813,0.4835231555422989,7.0,озимая пшеница,2020,186,0.4565268536390596,новый полигон
AOI-0051,2020-07-27,0.439179624492621,0.31172685013425894,5.0,озимая пшеница,2020,209,0.4948765789473683,новый полигон
AOI-0051,2020-08-31,0.3166601761169603,0.3540579093891771,4.0,озимая пшеница,2020,244,0.4035824040739536,новый полигон
AOI-0051,2020-09-07,0.2113491371197991,0.313301951129817,7.0,озимая пшеница,2020,251,0.2320452119885497,новый полигон
AOI-0051,2020-10-27,0.16288967540682187,0.183475374914415,,озимая пшеница,2020,301,0.2440366452835043,новый полигон
AOI-0051,2021-05-06,0.761858134773555,0.8143721339820529,2.0,озимая пшеница,2021,126,0.8045429715124192,новый полигон
AOI-0051,2021-06-23,0.5211806676639777,0.4098139034792144,5.0,озимая пшеница,2021,174,0.5038475314436792,новый полигон
AOI-0051,2021-07-19,0.3461042791894399,0.31734022827954433,6.0,озимая пшеница,2021,200,0.2201643085751756,новый полигон
AOI-0051,2021-07-28,0.43330029137337533,0.28317050422138823,3.0,озимая пшеница,2021,209,0.5170968421052632,новый полигон
AOI-0051,2021-08-23,0.34374432917859077,0.3683111340854887,24.0,озимая пшеница,2021,235,0.4779694749201288,новый полигон
AOI-0051,2021-08-28,0.43785270595831727,0.3615037989456418,24.0,озимая пшеница,2021,240,0.2649697096818494,новый полигон
AOI-0051,2021-08-29,0.47101860311435145,0.3601423319176723,24.0,озимая пшеница,2021,241,0.5393352631578947,новый полигон
AOI-0051,2021-09-03,0.3761287799445277,0.3533349967778254,24.0,озимая пшеница,2021,246,0.4020933577594888,новый полигон
AOI-0051,2021-09-07,0.3440350192574753,0.3478891286659478,24.0,озимая пшеница,2021,250,0.264361828282257,новый полигон
AOI-0051,2021-10-02,0.2728352169197397,0.46642586215699755,6.0,озимая пшеница,2021,275,0.3336520608610452,новый полигон
AOI-0051,2021-10-21,0.30416608642695714,0.28005145855023317,6.0,озимая пшеница,2021,294,0.3372520379898759,новый полигон
AOI-0051,2022-05-09,0.6280524972815238,0.2756193178637236,15.0,озимая пшеница,2022,129,0.4043059120931451,новый полигон
AOI-0051,2022-05-26,0.4365717870574048,0.5004604997706094,5.0,озимая пшеница,2022,146,0.4201750990343317,новый полигон
AOI-0051,2022-05-27,0.3984345634724111,0.4627056478600623,5.0,озимая пшеница,2022,147,0.4806014133306117,новый полигон
AOI-0051,2022-06-11,0.6840293673814544,0.6651833712321715,8.0,озимая пшеница,2022,162,0.6488082004254764,новый полигон
AOI-0051,2022-06-19,0.7183434598481727,0.7382995028296422,8.0,озимая пшеница,2022,170,0.8088680049358782,новый полигон
AOI-0051,2022-06-30,0.7417281813694407,0.7819979427667157,5.0,озимая пшеница,2022,181,0.7941788261346191,новый полигон
AOI-0051,2022-07-09,0.7679747651864787,0.7806876539813468,8.0,озимая пшеница,2022,190,0.796897542760151,новый полигон
AOI-0051,2022-07-12,0.6277979897040509,0.7694457245000379,8.0,озимая пшеница,2022,193,0.8290123640644365,новый полигон
AOI-0051,2022-07-22,0.7159965593353637,0.5936590126339789,7.0,озимая пшеница,2022,203,0.7610263239765737,новый полигон
AOI-0051,2022-07-24,0.7276373764354745,0.6619962514028166,7.0,озимая пшеница,2022,205,0.7632683852913558,новый полигон
AOI-0051,2022-07-29,0.7021777646955786,0.7743266729458944,6.0,озимая пшеница,2022,210,0.6796270457202108,новый полигон
AOI-0051,2022-08-13,0.6585499382170068,0.6827641672907765,6.0,озимая пшеница,2022,225,0.7054546842675865,новый полигон
AOI-0051,2022-08-28,0.5487651636924665,0.44278307484488516,4.0,озимая пшеница,2022,240,0.5328134085830615,новый полигон
AOI-0051,2022-09-06,0.5213105559934024,0.4480393822962374,5.0,озимая пшеница,2022,249,0.519685958564425,новый полигон
AOI-0051,2022-09-14,0.4295374118854499,0.5546525761843901,8.0,озимая пшеница,2022,257,0.3815339473684211,новый полигон
AOI-0051,2022-10-07,0.30653561564041615,0.383696836286248,7.0,озимая пшеница,2022,280,0.2975842305902518,новый полигон
AOI-0051,2022-10-15,0.32571950958303786,0.27077502408162124,5.0,озимая пшеница,2022,288,0.3735670678681314,новый полигон
AOI-0051,2023-04-23,0.7759115387531197,0.8474965413944611,19.0,озимая пшеница,2023,113,0.7277978947368421,новый полигон
AOI-0051,2023-07-31,0.3667970644537496,0.3249302175762691,3.0,озимая пшеница,2023,212,0.3446940117501341,новый полигон
AOI-0051,2023-08-28,0.35786937505645716,0.44934547230838473,4.0,озимая пшеница,2023,240,0.289280715599688,новый полигон
AOI-0051,2023-09-09,0.3110458459445909,0.2491084568026441,5.0,озимая пшеница,2023,252,0.401724665737921,новый полигон
AOI-0051,2023-09-27,0.3521711891306845,0.418851456988361,3.0,озимая пшеница,2023,270,0.332827102519979,новый полигон
AOI-0051,2023-10-04,0.35413879210827465,0.32788543687806415,5.0,озимая пшеница,2023,277,0.3727247951510951,новый полигон
AOI-0051,2024-04-05,0.29746742718159763,0.36402217163903283,2.0,озимая пшеница,2024,96,0.294891256562984,новый полигон
AOI-0051,2024-05-04,0.47639157155366596,0.4689105179261501,8.0,озимая пшеница,2024,125,0.4147330274656356,новый полигон
AOI-0051,2024-05-22,0.5783702225238214,0.5615866561429792,15.0,озимая пшеница,2024,143,0.5698715449213776,новый полигон
AOI-0051,2024-06-03,0.5626995513518499,0.6210030256941566,8.0,озимая пшеница,2024,155,0.5431300909138973,новый полигон
AOI-0051,2024-06-23,0.44594101494850663,0.4944396515342521,6.0,озимая пшеница,2024,175,0.3583502693886096,новый полигон
AOI-0051,2024-07-28,0.3058417081191374,0.4702338097609586,7.0,озимая пшеница,2024,210,0.2287100197264658,новый полигон
AOI-0051,2024-08-27,0.2673987233631118,0.37529112398737774,2.0,озимая пшеница,2024,240,0.2074099956063106,новый полигон
AOI-0051,2024-09-03,0.2533570842109795,0.23336451471952513,5.0,озимая пшеница,2024,247,0.3502423147832464,новый полигон
AOI-0051,2024-10-01,0.2672663894090734,0.32271482741139784,12.0,озимая пшеница,2024,275,0.2340577476167244,новый полигон
AOI-0051,2024-10-05,0.274776804517682,0.2768723769710356,12.0,озимая пшеница,2024,279,0.3006914695196847,новый полигон
AOI-0051,2024-10-06,0.24581989241392962,0.265411764360945,12.0,озимая пшеница,2024,280,0.2267413205100026,новый полигон
AOI-0051,2024-10-15,0.3280361906640602,0.22539357405271582,15.0,озимая пшеница,2024,289,0.3178647368421052,новый полигон
AOI-0051,2025-05-09,0.8110599327645784,0.8576804120541404,10.0,озимая пшеница,2025,129,0.8111931578947368,новый полигон
AOI-0051,2025-06-10,0.4881661495499263,0.5076700606348957,3.0,озимая пшеница,2025,161,0.4575042105263158,новый полигон
AOI-0051,2025-06-27,0.3415135016148991,0.4538726996907963,8.0,озимая пшеница,2025,178,0.398475375745125,новый полигон
AOI-0051,2025-07-05,0.2591869628637573,0.3491418023619859,4.0,озимая пшеница,2025,186,0.3436541893136778,новый полигон
AOI-0051,2025-07-10,0.2241753852309898,0.25092041353485334,4.0,озимая пшеница,2025,191,0.2075383052580751,новый полигон
AOI-0051,2025-08-05,0.2047401862790994,0.23152053779535053,7.0,озимая пшеница,2025,217,0.2425781176889739,новый полигон
AOI-0051,2025-08-12,0.17453632736126298,0.23387074789794607,6.0,озимая пшеница,2025,224,0.172978802848948,новый полигон
AOI-0051,2025-09-15,0.23925018349132707,0.27606528506127803,7.0,озимая пшеница,2025,258,0.2792442068370891,новый полигон
AOI-0051,2025-09-16,0.21731822425601793,0.26339768695016463,7.0,озимая пшеница,2025,259,0.2083052027953806,новый полигон
AOI-0052,2025-04-19,0.18843148835803458,0.2544976298991965,7.0,озимая пшеница,2025,109,0.1852613336853938,есть в train
AOI-0052,2025-06-08,0.36841399933358265,0.27025644918717556,7.0,озимая пшеница,2025,159,0.4187179886886534,есть в train
AOI-0052,2025-06-11,0.4239650688182342,0.32645106330385765,3.0,озимая пшеница,2025,162,0.4781119267659049,есть в train
AOI-0052,2025-07-05,0.6904545819582991,0.7270247985878363,4.0,озимая пшеница,2025,186,0.7284029358796337,есть в train
AOI-0052,2025-07-18,0.3066138014505593,0.37689452388444844,8.0,озимая пшеница,2025,199,0.2876936470878179,есть в train
AOI-0052,2025-08-22,0.13255590708622883,0.18468462533395796,8.0,озимая пшеница,2025,234,0.1266448414722214,есть в train
AOI-0052,2025-08-27,0.1368025648397524,0.14648914271454944,8.0,озимая пшеница,2025,239,0.1402096071904665,есть в train
AOI-0052,2025-09-06,0.16458350192666832,0.1677155546569718,6.0,озимая пшеница,2025,249,0.1762941742839041,есть в train
AOI-0052,2025-09-14,0.21850385189672736,0.17644087255713198,4.0,озимая пшеница,2025,257,0.1938445353753836,есть в train
AOI-0052,2025-10-17,0.2736039684802928,0.1590791459224425,12.0,озимая пшеница,2025,290,0.2119349856119162,есть в train
AOI-0053,2025-04-11,0.720691457952678,0.8172661361455373,17.0,озимая пшеница,2025,101,0.6972796566396523,есть в train
AOI-0053,2025-04-14,0.7843655902166233,0.8225237019148637,17.0,озимая пшеница,2025,104,0.7681340455844387,есть в train
AOI-0053,2025-04-16,0.7994481066558762,0.8260287457610813,17.0,озимая пшеница,2025,106,0.7179650115360835,есть в train
AOI-0053,2025-04-19,0.8155626885364349,0.8312863115304078,17.0,озимая пшеница,2025,109,0.8475278538423981,есть в train
AOI-0053,2025-04-23,0.8307158014284833,0.838296399222843,17.0,озимая пшеница,2025,113,0.7946429783077904,есть в train
AOI-0053,2025-06-26,0.38735280687518014,0.2702488302931649,8.0,озимая пшеница,2025,177,0.3284901456866918,есть в train
AOI-0053,2025-07-28,0.15018926278635195,0.18236440450400662,6.0,озимая пшеница,2025,209,0.1356559394542732,есть в train
AOI-0053,2025-08-02,0.1400811177637804,0.16783232010291274,6.0,озимая пшеница,2025,214,0.1322151858977812,есть в train
AOI-0053,2025-08-09,0.13432679709626996,0.14921890319702674,6.0,озимая пшеница,2025,221,0.1159006404422506,есть в train
AOI-0053,2025-08-12,0.1379691583267649,0.1685066531832757,6.0,озимая пшеница,2025,224,0.1494553590156114,есть в train
AOI-0053,2025-08-29,0.15829333712965962,0.16836721267597532,3.0,озимая пшеница,2025,241,0.1328650134881516,есть в train
AOI-0053,2025-09-01,0.13026545976617226,0.1785118258364847,7.0,озимая пшеница,2025,244,0.114137999552946,есть в train
AOI-0053,2025-09-07,0.18024394854253992,0.14335857792039955,2.0,озимая пшеница,2025,250,0.1764906288302236,есть в train
AOI-0053,2025-09-11,0.1328415319758556,0.12680719030540177,8.0,озимая пшеница,2025,254,0.1441255510476689,есть в train
AOI-0053,2025-09-14,0.21830559390120155,0.14015939031511787,8.0,озимая пшеница,2025,257,0.1894437020026513,есть в train
AOI-0053,2025-09-15,0.1830602835711973,0.14461012365168988,8.0,озимая пшеница,2025,258,0.1845383684646213,есть в train
AOI-0053,2025-09-21,0.1473343287597258,0.18896247020747042,6.0,озимая пшеница,2025,264,0.1502825418040768,есть в train
AOI-0053,2025-09-26,0.151201733635502,0.21358072573456802,7.0,озимая пшеница,2025,269,0.1625142096986402,есть в train
AOI-0053,2025-10-28,0.2466951355352484,0.2782393203598451,,озимая пшеница,2025,301,0.1777972119872923,есть в train
AOI-0054,2025-04-11,0.5765186334360999,0.6427227424206301,7.0,озимая пшеница,2025,101,0.4652016507753257,новый полигон
AOI-0054,2025-04-19,0.7228872295300446,0.6636424761388178,7.0,озимая пшеница,2025,109,0.7220756345630063,новый полигон
AOI-0054,2025-05-04,0.7922644599431788,0.7745830557791583,8.0,озимая пшеница,2025,124,0.7945331854919888,новый полигон
AOI-0054,2025-06-03,0.7995673909491581,0.7989796638531643,6.0,озимая пшеница,2025,154,0.8620027677960145,новый полигон
AOI-0054,2025-07-28,0.5973687707918965,0.6626692609984258,6.0,озимая пшеница,2025,209,0.7694818242385846,новый полигон
AOI-0054,2025-08-12,0.684205833908426,0.7253379451068279,4.0,озимая пшеница,2025,224,0.7431981310148289,новый полигон
AOI-0054,2025-09-21,0.6797496535530048,0.7091872489100703,6.0,озимая пшеница,2025,264,0.7338382357422782,новый полигон
AOI-0054,2025-09-30,0.6782134764652328,0.7075837312426141,12.0,озимая пшеница,2025,273,0.5678460589444825,новый полигон
AOI-0054,2025-10-16,0.5915463909318082,0.6977144000019183,9.0,озимая пшеница,2025,289,0.5962062371487321,новый полигон
AOI-0055,2025-04-01,0.24978216846278506,0.4667,,озимая пшеница,2025,91,0.1606731715483927,есть в train
AOI-0055,2025-04-11,0.35626427314723436,0.42797533100873464,7.0,озимая пшеница,2025,101,0.4027113120033191,есть в train
AOI-0055,2025-05-09,0.5199599772048101,0.4307031643570107,10.0,озимая пшеница,2025,129,0.5415,есть в train
AOI-0055,2025-07-04,0.5607434903585305,0.5196020307473931,13.0,озимая пшеница,2025,185,0.5597079367151687,есть в train
AOI-0055,2025-07-05,0.5104325487031821,0.5124133614322203,13.0,озимая пшеница,2025,186,0.5458284555977272,есть в train
AOI-0055,2025-07-08,0.506064154138154,0.4908473534867017,13.0,озимая пшеница,2025,189,0.4925911686405815,есть в train
AOI-0055,2025-07-23,0.41721211465507013,0.46449496847228483,7.0,озимая пшеница,2025,204,0.2781789866301061,есть в train
AOI-0055,2025-08-17,0.4048189872779056,0.3837366737417388,6.0,озимая пшеница,2025,229,0.3837857278894117,есть в train
AOI-0055,2025-09-14,0.4329152004201317,0.4103206063143944,4.0,озимая пшеница,2025,257,0.4212193801107148,есть в train
AOI-0055,2025-09-22,0.42180044825199314,0.4022892250736885,2.0,озимая пшеница,2025,265,0.4187637455812813,есть в train
AOI-0056,2025-04-23,0.8037802096838177,0.7884674266753144,5.0,озимая пшеница,2025,113,0.8301136739102668,есть в train
AOI-0056,2025-05-24,0.7908279056709242,0.7593800443720309,6.0,озимая пшеница,2025,144,0.7963388792841574,есть в train
AOI-0056,2025-06-10,0.5124726057437181,0.46047558428173346,3.0,озимая пшеница,2025,161,0.4413985464032798,есть в train
AOI-0056,2025-06-19,0.3540712056800803,0.40073414090909204,13.0,озимая пшеница,2025,170,0.3858921340646616,есть в train
AOI-0056,2025-07-18,0.17146602536099761,0.2145886060120793,8.0,озимая пшеница,2025,199,0.1622523754079457,есть в train
AOI-0056,2025-07-23,0.16899060822037063,0.21996732573475253,7.0,озимая пшеница,2025,204,0.1749386424493997,есть в train
AOI-0056,2025-08-09,0.1761516257631449,0.1791883680071058,6.0,озимая пшеница,2025,221,0.1700623868245248,есть в train
AOI-0056,2025-09-06,0.19389131462457884,0.2088620977261004,6.0,озимая пшеница,2025,249,0.2192597362320729,есть в train
AOI-0056,2025-09-08,0.16663093350560712,0.21287890442535845,4.0,озимая пшеница,2025,251,0.1618465095254591,есть в train
AOI-0056,2025-10-16,0.2577990051650422,0.24478978034649912,9.0,озимая пшеница,2025,289,0.2358404539072966,есть в train
AOI-0057,2025-05-04,0.8478860857816368,0.7857075929867094,13.0,озимая пшеница,2025,124,0.8344289465538717,новый полигон
AOI-0057,2025-05-09,0.759970725846639,0.7852967784235485,13.0,озимая пшеница,2025,129,0.841564040889958,новый полигон
AOI-0057,2025-05-19,0.5771537075249608,0.5181924894986597,8.0,озимая пшеница,2025,139,0.7698055732495009,новый полигон
AOI-0057,2025-06-26,0.38453595774236815,0.2867032607106379,15.0,озимая пшеница,2025,177,0.3638241731809983,новый полигон
AOI-0057,2025-06-27,0.32304623975997865,0.28257017025511877,15.0,озимая пшеница,2025,178,0.2815323750358134,новый полигон
AOI-0057,2025-07-10,0.23797756155631475,0.21462395024435382,4.0,озимая пшеница,2025,191,0.1903709324426637,новый полигон
AOI-0057,2025-07-13,0.17876431716799757,0.24597228041497216,9.0,озимая пшеница,2025,194,0.181465709620886,новый полигон
AOI-0057,2025-07-18,0.19561324840379574,0.2639703764219804,9.0,озимая пшеница,2025,199,0.1952599348597535,новый полигон
AOI-0057,2025-08-05,0.18537968746911523,0.1906865145704813,4.0,озимая пшеница,2025,217,0.2125369634247368,новый полигон
AOI-0057,2025-08-27,0.13479015313892365,0.14101504621660105,7.0,озимая пшеница,2025,239,0.151597347243922,новый полигон
AOI-0057,2025-09-01,0.13547211650854843,0.17833567963983776,7.0,озимая пшеница,2025,244,0.1217268345541748,новый полигон
AOI-0057,2025-09-21,0.15823191309383608,0.20109722805349434,7.0,озимая пшеница,2025,264,0.163461546505687,новый полигон
AOI-0058,2010-04-23,0.39339790163242244,0.2483907947428542,15.0,озимая пшеница,2010,113,0.2672157745590544,новый полигон
AOI-0058,2010-08-13,0.4341733363003852,0.4251638476556798,23.0,озимая пшеница,2010,225,0.4023274751025191,новый полигон
AOI-0058,2010-08-29,0.3495839928100048,0.31840975539003313,9.0,озимая пшеница,2010,241,0.3123845032852761,новый полигон
AOI-0058,2010-09-05,0.309702099179921,0.3158436712032929,9.0,озимая пшеница,2010,248,0.3056142304346848,новый полигон
AOI-0058,2011-04-02,0.3071101724800045,0.4920689318492484,,озимая пшеница,2011,92,0.3271075955336436,новый полигон
AOI-0058,2011-04-26,0.35407164987427836,0.6055804640206994,16.0,озимая пшеница,2011,116,0.5172851862760172,новый полигон
AOI-0058,2011-06-12,0.7242441807080698,0.7418277237091685,3.0,озимая пшеница,2011,163,0.7461286602082285,новый полигон
AOI-0058,2011-07-15,0.461379161942062,0.5804723296231206,16.0,озимая пшеница,2011,196,0.4555647157045848,новый полигон
AOI-0058,2011-08-29,0.4592186448372423,0.31703222781935136,18.0,озимая пшеница,2011,241,0.525909763718024,новый полигон
AOI-0058,2011-09-01,0.3102328531029385,0.29995859141552833,14.0,озимая пшеница,2011,244,0.2813627940059835,новый полигон
AOI-0058,2011-10-02,0.3411974842100279,0.4583854642647921,16.0,озимая пшеница,2011,275,0.2107369119516771,новый полигон
AOI-0058,2011-10-27,0.4560062129565371,0.4795810193321619,,озимая пшеница,2011,300,0.2826179062939606,новый полигон
AOI-0058,2012-04-22,0.5561665405167441,0.4677725007385205,21.0,озимая пшеница,2012,113,0.5945588947471199,новый полигон
AOI-0058,2012-06-09,0.6616141028413726,0.6086511592681632,21.0,озимая пшеница,2012,161,0.6962686389377079,новый полигон
AOI-0058,2012-06-23,0.63384735638046,0.6751084228019597,11.0,озимая пшеница,2012,175,0.5211465958590258,новый полигон
AOI-0058,2012-07-11,0.5913664908939495,0.5481318350845091,7.0,озимая пшеница,2012,193,0.5953411833626248,новый полигон
AOI-0058,2012-08-12,0.4716794950907121,0.41931955014113176,30.0,озимая пшеница,2012,225,0.4474008006248781,новый полигон
AOI-0058,2012-09-11,0.39089464513187056,0.4440293350908028,16.0,озимая пшеница,2012,255,0.4184321909143865,новый полигон
AOI-0058,2013-04-07,0.445323437200705,0.3502431246348625,,озимая пшеница,2013,97,0.5883852763132201,новый полигон
AOI-0058,2013-04-23,0.4422048043404312,0.2757472682511824,15.0,озимая пшеница,2013,113,0.6572258152704552,новый полигон
AOI-0058,2013-05-09,0.4586778060115947,0.334487322061244,24.0,озимая пшеница,2013,129,0.2539973231885717,новый полигон
AOI-0058,2013-06-09,0.5442113184250543,0.5605552246808054,23.0,озимая пшеница,2013,160,0.5729576231238315,новый полигон
AOI-0058,2013-06-10,0.570967352252265,0.5682620452662315,23.0,озимая пшеница,2013,161,0.5031743749227295,новый полигон
AOI-0058,2013-07-11,0.6586008442658053,0.6718742369716164,8.0,озимая пшеница,2013,192,0.7213682217584645,новый полигон
AOI-0058,2013-07-19,0.6447540473152287,0.6832067686675674,8.0,озимая пшеница,2013,200,0.592148591686577,новый полигон
AOI-0058,2013-08-28,0.22477765144069004,0.2842875997081506,8.0,озимая пшеница,2013,240,0.2986852248659251,новый полигон
AOI-0058,2013-10-16,0.41123581515698276,0.2467606176374956,,озимая пшеница,2013,289,0.1895906588599401,новый полигон
AOI-0058,2013-10-24,0.3208290895114369,0.2467606176374956,,озимая пшеница,2013,297,0.2699885682682856,новый полигон
AOI-0058,2014-04-25,0.85115037147075,0.8216409542991548,11.0,озимая пшеница,2014,115,0.8477587180751759,новый полигон
AOI-0058,2014-06-05,0.8296644888663287,0.7174169766647143,32.0,озимая пшеница,2014,156,0.8658329890928477,новый полигон
AOI-0058,2014-06-10,0.6631637306528826,0.6724976371802386,32.0,озимая пшеница,2014,161,0.628283928920133,новый полигон
AOI-0058,2014-09-14,0.36347778780705503,0.3151623308364354,16.0,озимая пшеница,2014,257,0.3479226713532513,новый полигон
AOI-0058,2015-04-28,0.36668143430657185,0.5786939483382415,29.0,озимая пшеница,2015,118,0.3115170794109506,новый полигон
AOI-0058,2015-05-09,0.5432354695154187,0.5836901562601895,29.0,озимая пшеница,2015,129,0.7803268502245657,новый полигон
AOI-0058,2015-09-03,0.4869660839374965,0.45363083779087776,6.0,озимая пшеница,2015,246,0.554011968801658,новый полигон
AOI-0058,2015-09-27,0.46293358394468936,0.5231050131781153,8.0,озимая пшеница,2015,270,0.4695092598896854,новый полигон
AOI-0058,2016-04-06,0.6994994798797085,0.7270686919847632,,озимая пшеница,2016,97,0.4444512950936587,новый полигон
AOI-0058,2016-04-30,0.8370935054517719,0.8525860638927361,15.0,озимая пшеница,2016,121,0.8879159099475004,новый полигон
AOI-0058,2016-06-09,0.7578376546890317,0.8835690832408625,16.0,озимая пшеница,2016,161,0.7961422768990434,новый полигон
AOI-0058,2016-07-27,0.5708089977378442,0.4783830169119009,23.0,озимая пшеница,2016,209,0.5592135847013113,новый полигон
AOI-0058,2016-07-28,0.5364630185857584,0.48554381217076487,23.0,озимая пшеница,2016,210,0.6235936943942079,новый полигон
AOI-0058,2016-08-13,0.5338225496349065,0.5644593162106046,8.0,озимая пшеница,2016,226,0.2768808320525375,новый полигон
AOI-0058,2017-04-25,0.798148875575603,0.8206581247185436,3.0,озимая пшеница,2017,115,0.8273402907565278,новый полигон
AOI-0058,2017-07-15,0.25778302028206845,0.23288592357464777,9.0,озимая пшеница,2017,196,0.2930854124120024,новый полигон
AOI-0058,2017-09-13,0.16944529159197763,0.33022995540366595,6.0,озимая пшеница,2017,256,0.1637584997929578,новый полигон
AOI-0058,2017-09-16,0.20777032827497935,0.2677139456173116,3.0,озимая пшеница,2017,259,0.1915227271884377,новый полигон
AOI-0058,2018-05-15,0.6809939938994152,0.6368159956036351,14.0,озимая пшеница,2018,135,0.6337822140786761,новый полигон
AOI-0058,2018-07-26,0.49515836340026,0.5121787618900127,10.0,озимая пшеница,2018,207,0.4475186616539745,новый полигон
AOI-0058,2018-08-02,0.5023419772912318,0.5247940202741795,13.0,озимая пшеница,2018,214,0.4815971609254393,новый полигон
AOI-0058,2019-04-23,0.7962084757867038,0.8217922166572044,3.0,озимая пшеница,2019,113,0.8709185364296175,новый полигон
AOI-0058,2019-05-25,0.8184524652079104,0.8705384051509191,10.0,озимая пшеница,2019,145,0.8501351493848861,новый полигон
AOI-0058,2019-06-25,0.2815719409645046,0.3446714462083216,6.0,озимая пшеница,2019,176,0.2541774399518597,новый полигон
AOI-0058,2019-06-27,0.31745707779509325,0.32042346838142954,4.0,озимая пшеница,2019,178,0.2796530065127628,новый полигон
AOI-0058,2019-07-04,0.28778243166868195,0.23187004854829846,5.0,озимая пшеница,2019,185,0.2742141435765228,новый полигон
AOI-0058,2019-08-30,0.2138719964986225,0.1649765643879186,5.0,озимая пшеница,2019,242,0.1848771726785847,новый полигон
AOI-0058,2019-09-28,0.13851868465353107,0.08070539450197357,16.0,озимая пшеница,2019,271,0.0317635095911346,новый полигон
AOI-0058,2019-09-30,0.26482558756046937,0.1109192189246454,16.0,озимая пшеница,2019,273,0.3361220269478619,новый полигон
AOI-0058,2020-04-17,0.4518283521321276,0.4821804485462467,12.0,озимая пшеница,2020,108,0.3787478714179738,новый полигон
AOI-0058,2020-05-04,0.5217506616468922,0.5111991833023627,8.0,озимая пшеница,2020,125,0.5134327490309324,новый полигон
AOI-0058,2020-06-05,0.6820320884616834,0.5519778791130628,5.0,озимая пшеница,2020,157,0.736242919279788,новый полигон
AOI-0058,2020-06-29,0.5099608217132152,0.5980785531979309,6.0,озимая пшеница,2020,181,0.5311716877797109,новый полигон
AOI-0058,2020-07-06,0.5552068156961701,0.5152904555554976,3.0,озимая пшеница,2020,188,0.4740046409304476,новый полигон
AOI-0058,2020-07-22,0.48424055239427666,0.3998181360753822,5.0,озимая пшеница,2020,204,0.400725762506511,новый полигон
AOI-0058,2020-07-30,0.40652202886204636,0.3459551321529394,2.0,озимая пшеница,2020,212,0.4271053392664475,новый полигон
AOI-0058,2020-08-07,0.38564053312265056,0.33240061321679587,5.0,озимая пшеница,2020,220,0.3431208862589165,новый полигон
AOI-0058,2020-08-12,0.4567281194342475,0.3388753733115764,5.0,озимая пшеница,2020,225,0.5120520015621949,новый полигон
AOI-0058,2020-08-23,0.33443009321619105,0.3611640424635088,6.0,озимая пшеница,2020,236,0.3179791042235667,новый полигон
AOI-0058,2020-08-28,0.36544101800959233,0.36725414033928216,7.0,озимая пшеница,2020,241,0.4549495411052529,новый полигон
AOI-0058,2020-09-24,0.3254997854084004,0.33199920467952615,3.0,озимая пшеница,2020,268,0.2930574296653195,новый полигон
AOI-0058,2020-10-27,0.2470094747379803,0.2759732685220933,,озимая пшеница,2020,301,0.2986301126274959,новый полигон
AOI-0058,2021-04-15,0.5587210173235229,0.6076075967851287,14.0,озимая пшеница,2021,105,0.1277140934538894,новый полигон
AOI-0058,2021-05-09,0.741839126563866,0.5940253589996707,7.0,озимая пшеница,2021,129,0.7833837727006445,новый полигон
AOI-0058,2021-05-31,0.7077570508721281,0.6463570673734726,15.0,озимая пшеница,2021,151,0.7758397617716475,новый полигон
AOI-0058,2021-07-09,0.5512330611343886,0.5757803976419833,8.0,озимая пшеница,2021,190,0.5157683740954179,новый полигон
AOI-0058,2021-07-14,0.5027403870234629,0.5015571154702209,5.0,озимая пшеница,2021,195,0.5038531813140333,новый полигон
AOI-0058,2021-07-25,0.45575494814259304,0.488876111998338,2.0,озимая пшеница,2021,206,0.4371358303700663,новый полигон
AOI-0058,2021-08-13,0.43965960239024426,0.19193103911729556,10.0,озимая пшеница,2021,225,0.4082247607889086,новый полигон
AOI-0058,2021-08-28,0.3968791594866074,0.4542253765313655,3.0,озимая пшеница,2021,240,0.2983622672980686,новый полигон
AOI-0058,2021-09-27,0.4685460562184926,0.5318364230111028,8.0,озимая пшеница,2021,270,0.2794879104716066,новый полигон
AOI-0058,2022-06-10,0.7910597497877285,0.8541022652827069,2.0,озимая пшеница,2022,161,0.8760643747651378,новый полигон
AOI-0058,2022-06-18,0.7861129458785061,0.7762778897083527,8.0,озимая пшеница,2022,169,0.774796744382118,новый полигон
AOI-0058,2022-07-04,0.2535630350766624,0.34812237032960525,5.0,озимая пшеница,2022,185,0.2394173121119666,новый полигон
AOI-0058,2022-07-12,0.3386521518282863,0.19210220225703792,5.0,озимая пшеница,2022,193,0.3267299544482737,новый полигон
AOI-0058,2022-07-17,0.22770322922070238,0.18172043437885035,5.0,озимая пшеница,2022,198,0.2671409901539553,новый полигон
AOI-0058,2022-07-29,0.22307186645840352,0.2193444739095753,6.0,озимая пшеница,2022,210,0.1522561604862992,новый полигон
AOI-0058,2022-09-14,0.2886620364838398,0.21972665737900887,10.0,озимая пшеница,2022,257,0.3673145869947277,новый полигон
AOI-0058,2023-05-09,0.7695799122084287,0.4554290109913103,7.0,озимая пшеница,2023,129,0.6871148994337046,новый полигон
AOI-0058,2023-05-20,0.6163265972656838,0.663233703148999,10.0,озимая пшеница,2023,140,0.6072924666373134,новый полигон
AOI-0058,2023-06-28,0.799463828769163,0.8193553353231057,3.0,озимая пшеница,2023,179,0.7868629587440785,новый полигон
AOI-0058,2023-08-17,0.5362183311268689,0.49251907712099446,2.0,озимая пшеница,2023,229,0.5030749387359342,новый полигон
AOI-0058,2023-09-02,0.44009778117575515,0.4084280171767931,6.0,озимая пшеница,2023,245,0.4628400861106427,новый полигон
AOI-0058,2023-09-10,0.4999063429294621,0.48696827985863445,5.0,озимая пшеница,2023,253,0.5533614810495432,новый полигон
AOI-0058,2023-09-27,0.47034138526803765,0.5216971886285356,3.0,озимая пшеница,2023,270,0.4907831645815073,новый полигон
AOI-0058,2023-10-12,0.46666999607651377,0.5062496788334582,9.0,озимая пшеница,2023,285,0.5212369994433536,новый полигон
AOI-0058,2024-04-09,0.7464111490962178,0.7189883847050067,7.0,озимая пшеница,2024,100,0.7665176909830157,новый полигон
AOI-0058,2024-05-09,0.776932157464207,0.8004304300768964,14.0,озимая пшеница,2024,130,0.8422338666200462,новый полигон
AOI-0058,2024-06-03,0.6029912103154574,0.6880678905957136,8.0,озимая пшеница,2024,155,0.6814528199214782,новый полигон
AOI-0058,2024-06-23,0.3237676476432902,0.42249413731056423,6.0,озимая пшеница,2024,175,0.2815597358325238,новый полигон
AOI-0058,2024-06-28,0.3527583594647582,0.4216748399568696,6.0,озимая пшеница,2024,180,0.3440969420954536,новый полигон
AOI-0058,2024-07-09,0.3600773264201135,0.3273713791008699,7.0,озимая пшеница,2024,191,0.3320763663151812,новый полигон
AOI-0058,2024-07-26,0.26464321026321636,0.22452829830962526,3.0,озимая пшеница,2024,208,0.1984240618772138,новый полигон
AOI-0058,2024-07-27,0.3748062355053472,0.24462186872579153,3.0,озимая пшеница,2024,209,0.3785824448349931,новый полигон
AOI-0058,2024-08-18,0.2766560680774981,0.24363770608745988,2.0,озимая пшеница,2024,231,0.2631569094219568,новый полигон
AOI-0058,2024-08-27,0.2077306233129082,0.25872000569660225,6.0,озимая пшеница,2024,240,0.1240474143385996,новый полигон
AOI-0058,2024-08-28,0.30779628755524,0.24685676871962411,6.0,озимая пшеница,2024,241,0.3109983011130639,новый полигон
AOI-0058,2024-09-21,0.22105490470326822,0.2486823081585008,6.0,озимая пшеница,2024,265,0.2116879093281687,новый полигон
AOI-0058,2024-09-28,0.24274901915066321,0.2656232331389278,2.0,озимая пшеница,2024,272,0.2582581513673105,новый полигон
AOI-0058,2024-10-01,0.2215713440476512,0.2624792482454104,6.0,озимая пшеница,2024,275,0.1855445896424975,новый полигон
AOI-0058,2024-10-30,0.2286331497746007,0.1977763595441957,,озимая пшеница,2024,304,0.2524120526499321,новый полигон
AOI-0058,2025-04-07,0.600663768356545,0.41289104742644056,10.0,озимая пшеница,2025,97,0.5520426479203281,новый полигон
AOI-0058,2025-04-16,0.4848099890111996,0.4800648281237186,5.0,озимая пшеница,2025,106,0.4950812604370596,новый полигон
AOI-0058,2025-04-24,0.5327055573244119,0.6639579685228025,6.0,озимая пшеница,2025,114,0.3209733350242145,новый полигон
AOI-0058,2025-07-18,0.2900662884656794,0.38519855944944364,8.0,озимая пшеница,2025,199,0.3127818014902006,новый полигон
AOI-0058,2025-07-28,0.3211231681206748,0.31177926522610916,6.0,озимая пшеница,2025,209,0.2955389601400642,новый полигон
AOI-0058,2025-08-02,0.2520503211562903,0.2944206451389802,6.0,озимая пшеница,2025,214,0.1071795351875795,новый полигон
AOI-0058,2025-08-06,0.2795107870503127,0.279721669525778,2.0,озимая пшеница,2025,218,0.3090435065482449,новый полигон
AOI-0058,2025-08-09,0.2150477401075821,0.24191215083004472,6.0,озимая пшеница,2025,221,0.2249268021593953,новый полигон
AOI-0058,2025-08-12,0.18000990767028993,0.252655957504349,6.0,озимая пшеница,2025,224,0.2154430555535708,новый полигон
AOI-0058,2025-08-14,0.18929058314543082,0.23064466848483245,4.0,озимая пшеница,2025,226,0.2319534615732678,новый полигон
AOI-0058,2025-09-14,0.22523949022798206,0.21057307445724333,4.0,озимая пшеница,2025,257,0.2338974022215987,новый полигон
AOI-0058,2025-09-22,0.2372854754319888,0.19257775747288897,2.0,озимая пшеница,2025,265,0.2267997868872511,новый полигон
AOI-0059,2010-06-26,0.7643842768397129,0.8142158268563324,32.0,озимая пшеница,2010,177,0.6883183482506103,новый полигон
AOI-0059,2010-07-19,0.7095779267141845,0.6985876946489049,15.0,озимая пшеница,2010,200,0.5352262895005754,новый полигон
AOI-0059,2010-08-28,0.3167348201882377,0.25681292394512384,16.0,озимая пшеница,2010,240,0.2625495577439968,новый полигон
AOI-0059,2011-04-23,0.67480366975893,0.6849669252541124,19.0,озимая пшеница,2011,113,0.8417872660699756,новый полигон
AOI-0059,2011-05-27,0.7028847393767751,0.7990505623780211,10.0,озимая пшеница,2011,147,0.9326060598088534,новый полигон
AOI-0059,2011-05-28,0.6463314315081732,0.7433957174482357,10.0,озимая пшеница,2011,148,0.9038432827443182,новый полигон
AOI-0059,2011-06-12,0.6792727368559484,0.7349560405744935,3.0,озимая пшеница,2011,163,0.667572589864508,новый полигон
AOI-0059,2011-06-26,0.6947464208787095,0.7968031073882972,16.0,озимая пшеница,2011,177,0.8047689178193655,новый полигон
AOI-0059,2011-07-07,0.7107200357104404,0.724666876412832,6.0,озимая пшеница,2011,188,0.8598197231846268,новый полигон
AOI-0059,2011-07-28,0.49126151656480144,0.4262731137847869,16.0,озимая пшеница,2011,209,0.5568626118795769,новый полигон
AOI-0059,2011-08-08,0.5097880125661883,0.543472952575916,6.0,озимая пшеница,2011,220,0.571534739406428,новый полигон
AOI-0059,2011-08-23,0.5083901940246812,0.5442405334642584,13.0,озимая пшеница,2011,235,0.6457158535474716,новый полигон
AOI-0059,2012-04-04,0.6059872350724441,0.6779837266069976,,озимая пшеница,2012,95,0.2644482320656012,новый полигон
AOI-0059,2012-08-12,0.4109592894236064,0.43033883238405213,32.0,озимая пшеница,2012,225,0.4237360048820179,новый полигон
AOI-0059,2012-08-26,0.2336056382566615,0.42459709875915386,32.0,озимая пшеница,2012,239,0.2029632126510629,новый полигон
AOI-0059,2012-09-11,0.26525920370408174,0.3443344334825061,16.0,озимая пшеница,2012,255,0.2184011615616079,новый полигон
AOI-0059,2012-10-13,0.29775612380057537,0.546431102522376,16.0,озимая пшеница,2012,287,0.2527140036362442,новый полигон
AOI-0059,2013-05-09,0.8058133450026553,0.8803817834864103,24.0,озимая пшеница,2013,129,0.9127954313382188,новый полигон
AOI-0059,2013-06-18,0.31639923651824764,0.30878983371598523,8.0,озимая пшеница,2013,169,0.4239405067313779,новый полигон
AOI-0059,2013-07-20,0.217617651400459,0.18900900011077715,9.0,озимая пшеница,2013,201,0.2230048430409159,новый полигон
AOI-0059,2013-08-13,0.27024811929333686,0.2589897456426004,8.0,озимая пшеница,2013,225,0.3168061025223759,новый полигон
AOI-0059,2013-08-21,0.2077790492867546,0.1779080113415555,8.0,озимая пшеница,2013,233,0.2088841204969981,новый полигон
AOI-0059,2013-10-16,0.3913790492046077,0.32252249369411445,16.0,озимая пшеница,2013,289,0.2539835996630256,новый полигон
AOI-0059,2014-05-09,0.8447412591463956,0.9106444484509226,7.0,озимая пшеница,2014,129,0.8313615134255493,новый полигон
AOI-0059,2014-10-27,0.23898851817920536,0.184126999519458,,озимая пшеница,2014,300,0.2310584369920989,новый полигон
AOI-0059,2015-04-13,0.3933259930558882,0.2539399066694571,11.0,озимая пшеница,2015,103,0.2362960551989519,новый полигон
AOI-0059,2015-05-22,0.4355894149393991,0.32246641807628157,14.0,озимая пшеница,2015,142,0.2995814942267832,новый полигон
AOI-0059,2015-06-07,0.7576382211883081,0.8088491613000423,14.0,озимая пшеница,2015,158,0.7847606679334436,новый полигон
AOI-0059,2015-08-02,0.7536273766317912,0.7481394955918745,6.0,озимая пшеница,2015,214,0.8175097281256184,новый полигон
AOI-0059,2015-08-10,0.6997640604604634,0.7432590790231228,8.0,озимая пшеница,2015,222,0.7197857588476799,новый полигон
AOI-0059,2015-08-29,0.5991900016076165,0.6466286556238738,7.0,озимая пшеница,2015,241,0.5538837672904802,новый полигон
AOI-0059,2015-09-27,0.47201580591365977,0.5282489965783986,8.0,озимая пшеница,2015,270,0.4661601797043087,новый полигон
AOI-0059,2015-09-30,0.3607694918716608,0.45754575376308554,7.0,озимая пшеница,2015,273,0.3025587062652563,новый полигон
AOI-0059,2016-05-25,0.8743169299555104,0.8618774816924331,16.0,озимая пшеница,2016,146,0.8857442280535845,новый полигон
AOI-0059,2016-07-04,0.35982021730605346,0.39221534881453424,8.0,озимая пшеница,2016,186,0.2556966058368458,новый полигон
AOI-0059,2016-09-14,0.24343413701892228,0.192770852966547,16.0,озимая пшеница,2016,258,0.4443741126644594,новый полигон
AOI-0059,2016-10-24,0.21039074153805837,0.2132764699294073,,озимая пшеница,2016,298,0.1804681121537364,новый полигон
AOI-0059,2017-04-02,0.6648346340721302,0.8018364524003255,,озимая пшеница,2017,92,0.4905345763485332,новый полигон
AOI-0059,2017-05-06,0.9094364170602064,0.8892825075155528,5.0,озимая пшеница,2017,126,0.9086853834156507,новый полигон
AOI-0059,2017-05-27,0.8554535342456214,0.9043253428653009,3.0,озимая пшеница,2017,147,0.8904151234310587,новый полигон
AOI-0059,2017-06-04,0.8762724849412005,0.8968229214992512,8.0,озимая пшеница,2017,155,0.8793830123030021,новый полигон
AOI-0059,2017-06-10,0.8503394978611991,0.8990194128892652,7.0,озимая пшеница,2017,161,0.8001809601301875,новый полигон
AOI-0059,2017-07-12,0.41122345854611875,0.2497691283456898,8.0,озимая пшеница,2017,193,0.3555586655817737,новый полигон
AOI-0059,2017-07-23,0.2319782191161262,0.15320110214227298,11.0,озимая пшеница,2017,204,0.2222949383643857,новый полигон
AOI-0059,2017-07-28,0.3329328940818404,0.1873627385044448,5.0,озимая пшеница,2017,209,0.3588104963384866,новый полигон
AOI-0059,2017-08-13,0.2937152173628454,0.1557767343256495,5.0,озимая пшеница,2017,225,0.3013317331163548,новый полигон
AOI-0059,2017-08-29,0.24576636420468428,0.2372188552763446,8.0,озимая пшеница,2017,241,0.1646065713562885,новый полигон
AOI-0059,2017-09-24,0.21632409789971385,0.16983051282447223,7.0,озимая пшеница,2017,267,0.2296015287694811,новый полигон
AOI-0059,2018-04-07,0.3601001837020286,0.1973741320024483,6.0,озимая пшеница,2018,97,0.4325103336045566,новый полигон
AOI-0059,2018-05-22,0.3693435538096897,0.5661367204457645,10.0,озимая пшеница,2018,142,0.4531232018788374,новый полигон
AOI-0059,2018-05-31,0.3812307539189347,0.4253032068776844,8.0,озимая пшеница,2018,151,0.338867046238131,новый полигон
AOI-0059,2018-07-09,0.6283606314344236,0.5651349872184009,8.0,озимая пшеница,2018,190,0.611534004115854,новый полигон
AOI-0059,2018-07-18,0.4943421462877568,0.5401278478437755,16.0,озимая пшеница,2018,199,0.7379397576849971,новый полигон
AOI-0059,2018-07-26,0.3804392517188809,0.49890775020341743,16.0,озимая пшеница,2018,207,0.5846104528173094,новый полигон
AOI-0059,2018-08-02,0.34530965553448056,0.4324789864643975,21.0,озимая пшеница,2018,214,0.4838047133478086,новый полигон
AOI-0059,2018-08-10,0.32404465555767215,0.3426810035381087,21.0,озимая пшеница,2018,222,0.3810988562472466,новый полигон
AOI-0059,2018-08-13,0.35034688693361365,0.30900675994075044,21.0,озимая пшеница,2018,225,0.32851639544345,новый полигон
AOI-0059,2018-10-06,0.19983035778108785,0.17755721661401677,3.0,озимая пшеница,2018,279,0.2247804298945904,новый полигон
AOI-0059,2019-04-11,0.6782756435150205,0.7307020098914812,16.0,озимая пшеница,2019,101,0.5337427458215486,новый полигон
AOI-0059,2019-04-21,0.7993778829179939,0.7719326377747034,16.0,озимая пшеница,2019,111,0.8753617770480604,новый полигон
AOI-0059,2019-04-23,0.8024719030914537,0.780178763351348,16.0,озимая пшеница,2019,113,0.869115745527668,новый полигон
AOI-0059,2019-05-21,0.8954967137438811,0.8439432721744118,8.0,озимая пшеница,2019,141,0.8876124013013192,новый полигон
AOI-0059,2019-06-02,0.8185773420269664,0.8391763815613168,11.0,озимая пшеница,2019,153,0.8664364770168717,новый полигон
AOI-0059,2019-06-05,0.7941621680414173,0.8001054363799582,11.0,озимая пшеница,2019,156,0.8371324629787638,новый полигон
AOI-0059,2019-06-10,0.7289783083550803,0.7349871944110271,11.0,озимая пшеница,2019,161,0.7657974764460936,новый полигон
AOI-0059,2019-06-15,0.5264003211084713,0.5565677435897198,7.0,озимая пшеница,2019,166,0.500548536893531,новый полигон
AOI-0059,2019-06-30,0.18492616834885528,0.27229714732834265,7.0,озимая пшеница,2019,181,0.2498505855591589,новый полигон
AOI-0059,2019-07-29,0.25446973834685715,0.32256217254830294,8.0,озимая пшеница,2019,210,0.2845000423811512,новый полигон
AOI-0059,2019-08-21,0.20872432461564544,0.2299298528414402,8.0,озимая пшеница,2019,233,0.2176391147552044,новый полигон
AOI-0059,2019-08-24,0.14120883190992312,0.21098963755630243,7.0,озимая пшеница,2019,236,0.1034611511063925,новый полигон
AOI-0059,2019-09-03,0.15603194008262702,0.25969564137850304,8.0,озимая пшеница,2019,246,0.1114071894784323,новый полигон
AOI-0059,2019-10-13,0.21506535613483124,0.25705048457394536,7.0,озимая пшеница,2019,286,0.1434482191282042,новый полигон
AOI-0059,2019-10-24,0.22480514937787183,0.2627888373187116,2.0,озимая пшеница,2019,297,0.1751145203096649,новый полигон
AOI-0059,2020-04-09,0.24245137309498152,0.23845626559237082,4.0,озимая пшеница,2020,100,0.2170642877861946,новый полигон
AOI-0059,2020-04-18,0.19482848407259007,0.27714803290092116,5.0,озимая пшеница,2020,109,0.2816251535035034,новый полигон
AOI-0059,2020-04-25,0.16105591682455958,0.274127999713853,4.0,озимая пшеница,2020,116,0.1769248668637907,новый полигон
AOI-0059,2020-05-08,0.5114722101141062,0.34375599751773694,7.0,озимая пшеница,2020,129,0.5228530105777055,новый полигон
AOI-0059,2020-05-12,0.329555072178902,0.2957634111351479,9.0,озимая пшеница,2020,133,0.2563736608610092,новый полигон
AOI-0059,2020-06-05,0.6871485722666079,0.6546031405418173,5.0,озимая пшеница,2020,157,0.6731100807622914,новый полигон
AOI-0059,2020-07-11,0.7164049931302905,0.7737789058836007,5.0,озимая пшеница,2020,193,0.6609118388934093,новый полигон
AOI-0059,2020-07-30,0.7266821090058583,0.6960316404990602,2.0,озимая пшеница,2020,212,0.7383824898402553,новый полигон
AOI-0059,2020-10-26,0.1913961426351188,0.1226851349379381,10.0,озимая пшеница,2020,300,0.1314446634571166,новый полигон
AOI-0059,2021-06-19,0.6657904904877239,0.6786275127262121,10.0,озимая пшеница,2021,170,0.7911163730954821,новый полигон
AOI-0059,2021-06-23,0.6329797630221625,0.5983024782903361,10.0,озимая пшеница,2021,174,0.5765036162449788,новый полигон
AOI-0059,2021-06-29,0.37760764790233803,0.46270119525369136,5.0,озимая пшеница,2021,180,0.0161939693509402,новый полигон
AOI-0059,2021-07-28,0.3617542136330271,0.2836089546411173,7.0,озимая пшеница,2021,209,0.3554958909682669,новый полигон
AOI-0059,2021-07-29,0.27359040275259844,0.2828859985735953,7.0,озимая пшеница,2021,210,0.1774938995620983,новый полигон
AOI-0059,2021-08-18,0.44015962835964034,0.48274708186508175,10.0,озимая пшеница,2021,230,0.1753093399016092,новый полигон
AOI-0059,2021-08-28,0.6181162886903442,0.6932725626829905,6.0,озимая пшеница,2021,240,0.590388689800643,новый полигон
AOI-0059,2021-09-07,0.6293286084985504,0.769674916091813,8.0,озимая пшеница,2021,250,0.8186399594808044,новый полигон
AOI-0059,2021-09-17,0.6252782340113673,0.8000773775507519,6.0,озимая пшеница,2021,260,0.7883390394906223,новый полигон
AOI-0059,2021-09-28,0.38979335454084457,0.22196555241136773,5.0,озимая пшеница,2021,271,0.3145935254322342,новый полигон
AOI-0059,2021-09-30,0.37721130353165994,0.21748339639845535,5.0,озимая пшеница,2021,273,0.4339638730675346,новый полигон
AOI-0059,2021-10-16,0.26083176874177894,0.20020263214497291,9.0,озимая пшеница,2021,289,0.3204456875508543,новый полигон
AOI-0059,2022-04-15,0.19920323440722737,0.2611487319077751,9.0,озимая пшеница,2022,105,0.4308240625650936,новый полигон
AOI-0059,2022-06-10,0.7725860351986341,0.7480870527381762,9.0,озимая пшеница,2022,161,0.7853861667039308,новый полигон
AOI-0059,2022-06-11,0.8028911182597211,0.7544506168994138,9.0,озимая пшеница,2022,162,0.7811995068364138,новый полигон
AOI-0059,2022-07-20,0.8016808144247147,0.7972652037411866,2.0,озимая пшеница,2022,201,0.7857346671812687,новый полигон
AOI-0059,2022-08-18,0.7325660448501258,0.7053603120175609,9.0,озимая пшеница,2022,230,0.7629754845867373,новый полигон
AOI-0059,2022-09-27,0.37748696942157384,0.4253754447000191,13.0,озимая пшеница,2022,270,0.4222723978584688,новый полигон
AOI-0059,2022-10-08,0.43054240149239986,0.39782293807453345,5.0,озимая пшеница,2022,281,0.4440688264170295,новый полигон
AOI-0059,2023-05-13,0.8554880417397079,0.8898984223987624,3.0,озимая пшеница,2023,133,0.8672436893665636,новый полигон
AOI-0059,2023-05-25,0.8548452703206436,0.8848325986098468,8.0,озимая пшеница,2023,145,0.837677886678018,новый полигон
AOI-0059,2023-06-18,0.8325478346919745,0.8378197866194658,9.0,озимая пшеница,2023,169,0.7252821868516155,новый полигон
AOI-0059,2023-07-16,0.24615889421832143,0.24921946536836376,5.0,озимая пшеница,2023,197,0.2824763531391208,новый полигон
AOI-0059,2023-07-29,0.2013078150130088,0.2497649681882308,3.0,озимая пшеница,2023,210,0.1793879155439568,новый полигон
AOI-0059,2023-09-30,0.21457790118483674,0.17036890084847747,3.0,озимая пшеница,2023,273,0.305000244100895,новый полигон
AOI-0059,2023-10-12,0.20220784578315457,0.2597833104832375,6.0,озимая пшеница,2023,285,0.1855025956936173,новый полигон
AOI-0059,2023-10-16,0.2625271855136779,0.172588181294424,6.0,озимая пшеница,2023,289,0.3259687957689178,новый полигон
AOI-0059,2024-04-04,0.24210228690735053,0.3826118714925555,,озимая пшеница,2024,95,0.1776777214441143,новый полигон
AOI-0059,2024-04-13,0.28245906555848926,0.2551044919419539,20.0,озимая пшеница,2024,104,0.2921013562986546,новый полигон
AOI-0059,2024-04-22,0.5352066175201987,0.36296784600329984,20.0,озимая пшеница,2024,113,0.465357323026851,новый полигон
AOI-0059,2024-05-19,0.284481064214711,0.3229861393035429,13.0,озимая пшеница,2024,140,0.1350396487780867,новый полигон
AOI-0059,2024-06-09,0.5960927603835262,0.46455711431119484,10.0,озимая пшеница,2024,161,0.5734724165988608,новый полигон
AOI-0059,2024-07-13,0.355155201723649,0.40233216814174483,7.0,озимая пшеница,2024,195,0.4558454835890907,новый полигон
AOI-0059,2024-07-17,0.35591379585648997,0.34854239539350124,7.0,озимая пшеница,2024,199,0.4233081802091522,новый полигон
AOI-0059,2024-07-27,0.31970758958169976,0.1786225272495104,2.0,озимая пшеница,2024,209,0.27523311635476,новый полигон
AOI-0059,2024-09-11,0.16999779926582959,0.2143799947017881,6.0,озимая пшеница,2024,255,0.1350517986063384,новый полигон
AOI-0059,2025-04-01,0.6839844495868458,0.8075501220504475,,озимая пшеница,2025,91,0.5059742321182953,новый полигон
AOI-0059,2025-04-23,0.797524839061254,0.8334578960381258,5.0,озимая пшеница,2025,113,0.8468757683983517,новый полигон
AOI-0059,2025-05-01,0.8489192996811377,0.8581910198093421,5.0,озимая пшеница,2025,121,0.8323438326505072,новый полигон
AOI-0059,2025-05-09,0.7586773695878182,0.8335949828211049,15.0,озимая пшеница,2025,129,0.7213149413204779,новый полигон
AOI-0059,2025-05-17,0.8085710905498609,0.8154419934959336,15.0,озимая пшеница,2025,137,0.7891854137401338,новый полигон
AOI-0059,2025-06-10,0.4289723136790064,0.37900970599079353,3.0,озимая пшеница,2025,161,0.4260177379983727,новый полигон
AOI-0059,2025-08-29,0.16658872729220106,0.16449607024304486,3.0,озимая пшеница,2025,241,0.1197511229272128,новый полигон
AOI-0059,2025-09-07,0.1913942540127444,0.1461255130122182,2.0,озимая пшеница,2025,250,0.1891409587590002,новый полигон
AOI-0059,2025-10-08,0.2040992279194255,0.24725529458264806,16.0,озимая пшеница,2025,281,0.1643996392742397,новый полигон
AOI-0059,2025-10-28,0.19925286836725417,0.2093148202474767,,озимая пшеница,2025,301,0.1736178566555832,новый полигон
AOI-0060,2025-04-14,0.7693319128239421,0.777677699131336,8.0,озимая пшеница,2025,104,0.7482735586864012,есть в train
AOI-0060,2025-04-29,0.8002440460373571,0.7667556371354812,7.0,озимая пшеница,2025,119,0.8752922065216868,есть в train
AOI-0060,2025-06-03,0.4823106133452118,0.5053739394658265,14.0,озимая пшеница,2025,154,0.5293110394637655,есть в train
AOI-0060,2025-07-04,0.6064350957741452,0.5768616739998047,11.0,озимая пшеница,2025,185,0.6596807970838945,есть в train
AOI-0060,2025-07-05,0.5638943943625135,0.5589520999668286,11.0,озимая пшеница,2025,186,0.6135836768793902,есть в train
AOI-0060,2025-07-21,0.3097768720798937,0.2869135837378201,5.0,озимая пшеница,2025,202,0.3628092207805101,есть в train
AOI-0060,2025-08-05,0.2311304550946702,0.25678241916607947,4.0,озимая пшеница,2025,217,0.3504843088073556,есть в train
AOI-0060,2025-08-29,0.20240431057422642,0.19021130139220466,10.0,озимая пшеница,2025,241,0.1682008620474865,есть в train
AOI-0060,2025-08-30,0.19519743205332965,0.19476745837859782,10.0,озимая пшеница,2025,242,0.2241779118091024,есть в train
AOI-0060,2025-09-01,0.15947906741442167,0.20387977235138421,10.0,озимая пшеница,2025,244,0.15469749099261,есть в train
AOI-0060,2025-09-11,0.19561668883873576,0.2015993103719848,6.0,озимая пшеница,2025,254,0.2075554140963894,есть в train
AOI-0061,2010-04-23,0.3731275778396995,0.304629306475684,17.0,озимая пшеница,2010,113,0.393231735463826,новый полигон
AOI-0061,2010-05-26,0.5968086048997264,0.7552779446848646,16.0,озимая пшеница,2010,146,0.7168757878058051,новый полигон
AOI-0061,2010-06-11,0.6581609105873281,0.7143686196182866,16.0,озимая пшеница,2010,162,0.6971865917890137,новый полигон
AOI-0061,2011-06-30,0.5013567301027869,0.5399911118508656,16.0,озимая пшеница,2011,181,0.6438452428887655,новый полигон
AOI-0061,2011-07-28,0.46565526012161046,0.4488682334549907,20.0,озимая пшеница,2011,209,0.482213071460275,новый полигон
AOI-0061,2011-09-18,0.28525536747121033,0.41181280514869056,16.0,озимая пшеница,2011,261,0.2534485002593362,новый полигон
AOI-0061,2011-09-26,0.28917388824236634,0.46877418996893033,16.0,озимая пшеница,2011,269,0.2410555007445884,новый полигон
AOI-0061,2012-04-06,0.32486435330433105,0.243863655658119,,озимая пшеница,2012,97,0.378550954283178,новый полигон
AOI-0061,2012-05-24,0.6945562728698643,0.6692890428188429,23.0,озимая пшеница,2012,145,0.6215228362183755,новый полигон
AOI-0061,2012-08-28,0.467793435406908,0.5021902352418997,32.0,озимая пшеница,2012,241,0.5681780514869064,новый полигон
AOI-0061,2012-09-04,0.37821867442225776,0.45991025854416334,32.0,озимая пшеница,2012,248,0.5323337635568672,новый полигон
AOI-0061,2012-10-22,0.1816228417822115,0.2581988015978695,,озимая пшеница,2012,296,0.1757485639508642,новый полигон
AOI-0061,2013-04-16,0.7871492898430239,0.7869953867066133,16.0,озимая пшеница,2013,106,0.6919350252467755,новый полигон
AOI-0061,2013-06-10,0.6354686675015379,0.6493800949553379,8.0,озимая пшеница,2013,161,0.6746836662228141,новый полигон
AOI-0061,2013-06-26,0.4432008125065492,0.4692060014222304,8.0,озимая пшеница,2013,177,0.4476898579671549,новый полигон
AOI-0061,2013-08-29,0.2684100438451821,0.2245772625810745,8.0,озимая пшеница,2013,241,0.2548660008877052,новый полигон
AOI-0061,2013-09-14,0.3005378831300128,0.1988319528130707,24.0,озимая пшеница,2013,257,0.299407212605415,новый полигон
AOI-0061,2013-10-09,0.2175058635526967,0.27611920494895686,16.0,озимая пшеница,2013,282,0.1897212651021701,новый полигон
AOI-0061,2014-04-27,0.8051403195266579,0.8688193575233023,16.0,озимая пшеница,2014,117,0.888686754229004,новый полигон
AOI-0061,2014-06-26,0.42890746049491374,0.3936065641215024,16.0,озимая пшеница,2014,177,0.3395170883266755,новый полигон
AOI-0061,2014-07-28,0.30277985635106847,0.20212267118795424,8.0,озимая пшеница,2014,209,0.307577363515313,новый полигон
AOI-0061,2015-04-07,0.2788301270457548,0.2718074451993471,,озимая пшеница,2015,97,0.2883387927208167,новый полигон
AOI-0061,2015-05-08,0.26848705741025747,0.41623776182891054,9.0,озимая пшеница,2015,128,0.271119660340694,новый полигон
AOI-0061,2015-09-29,0.25581239976375936,0.29231435453246907,9.0,озимая пшеница,2015,272,0.2621161451095226,новый полигон
AOI-0061,2016-04-22,0.7996781242217718,0.6991880858466029,16.0,озимая пшеница,2016,113,0.7556586773191301,новый полигон
AOI-0061,2016-06-19,0.6575962016986826,0.566565864957834,16.0,озимая пшеница,2016,171,0.6224293029112715,новый полигон
AOI-0061,2016-06-27,0.4796304410592812,0.4681059821962203,10.0,озимая пшеница,2016,179,0.4222214355356068,новый полигон
AOI-0061,2016-07-13,0.35615346831595407,0.41947686418109204,16.0,озимая пшеница,2016,195,0.3787059173520442,новый полигон
AOI-0061,2017-04-03,0.15239028027618434,0.3209581446959609,,озимая пшеница,2017,93,0.183812617965739,новый полигон
AOI-0061,2017-05-25,0.5399530367066471,0.26844917796269574,17.0,озимая пшеница,2017,145,0.4892918996893031,новый полигон
AOI-0061,2017-07-02,0.8339785714844299,0.9255124253433135,8.0,озимая пшеница,2017,183,0.8327270962335986,новый полигон
AOI-0061,2017-07-27,0.7700116089529349,0.7357471876824383,3.0,озимая пшеница,2017,208,0.7888056586501356,новый полигон
AOI-0061,2017-08-11,0.5241028586909028,0.511328208414888,4.0,озимая пшеница,2017,223,0.5209125142461475,новый полигон
AOI-0061,2017-09-02,0.2956734926304641,0.2698055992894081,5.0,озимая пшеница,2017,245,0.2197292564707112,новый полигон
AOI-0061,2018-04-07,0.7843352202980404,0.7633048965499825,5.0,озимая пшеница,2018,97,0.8421446515756771,новый полигон
AOI-0061,2018-06-10,0.6280381069352554,0.7892617743322907,11.0,озимая пшеница,2018,161,0.7712065246338217,новый полигон
AOI-0061,2019-04-09,0.22219235181977126,0.17581300186897125,3.0,озимая пшеница,2019,99,0.2264184776479475,новый полигон
AOI-0061,2019-05-13,0.27251065427441323,0.28722894224607143,5.0,озимая пшеница,2019,133,0.3002513132484943,новый полигон
AOI-0061,2019-05-21,0.48004564111972364,0.3919998748065123,7.0,озимая пшеница,2019,141,0.436579387331551,новый полигон
AOI-0061,2019-05-25,0.6552843511907295,0.525556699466998,3.0,озимая пшеница,2019,145,0.6970379937860631,новый полигон
AOI-0061,2019-06-27,0.7253068613669013,0.7151287838971294,2.0,озимая пшеница,2019,178,0.7243722793050017,новый полигон
AOI-0061,2019-07-12,0.7442877875542884,0.7408829574514,7.0,озимая пшеница,2019,193,0.7259776076342653,новый полигон
AOI-0061,2019-08-21,0.6638280675759705,0.6784287409672876,4.0,озимая пшеница,2019,233,0.6463837189426617,новый полигон
AOI-0061,2019-09-14,0.31158491837679214,0.18826880378408045,2.0,озимая пшеница,2019,257,0.2616635153129161,новый полигон
AOI-0061,2019-09-23,0.08380807430661767,0.15793183516992515,12.0,озимая пшеница,2019,266,0.1469236644834356,новый полигон
AOI-0061,2019-10-18,0.26210821880810486,0.39647567774285514,7.0,озимая пшеница,2019,291,0.2835920038722589,новый полигон
AOI-0061,2019-10-20,0.22533318145233736,0.37586642428286954,7.0,озимая пшеница,2019,293,0.27699809059223,новый полигон
AOI-0061,2020-04-17,0.44578761427478675,0.291044974786159,7.0,озимая пшеница,2020,108,0.2295710479762399,новый полигон
AOI-0061,2020-05-24,0.7044189766229864,0.60280085575437,6.0,озимая пшеница,2020,145,0.6570421881935197,новый полигон
AOI-0061,2020-07-16,0.2939858035287053,0.3011973933475549,12.0,озимая пшеница,2020,198,0.2781619989010142,новый полигон
AOI-0061,2020-07-19,0.24300017835748403,0.29693060807670674,12.0,озимая пшеница,2020,201,0.1969109127996093,новый полигон
AOI-0061,2020-07-24,0.3051257766491759,0.2898192992919597,12.0,озимая пшеница,2020,206,0.2790909520702687,новый полигон
AOI-0061,2020-07-27,0.38647585716245814,0.2887240944803075,3.0,озимая пшеница,2020,209,0.383688970261873,новый полигон
AOI-0061,2020-08-08,0.22919106170181247,0.2629938632303906,4.0,озимая пшеница,2020,221,0.2501240184397111,новый полигон
AOI-0061,2020-08-17,0.27117948684355525,0.2539511224740318,5.0,озимая пшеница,2020,230,0.2722676003364709,новый полигон
AOI-0061,2020-08-18,0.2500764659595449,0.2376167806259767,5.0,озимая пшеница,2020,231,0.2193267229344231,новый полигон
AOI-0061,2020-08-23,0.18985624919818866,0.20856861914948693,5.0,озимая пшеница,2020,236,0.2500482047320287,новый полигон
AOI-0061,2020-09-18,0.20808141316137177,0.12795998119689936,2.0,озимая пшеница,2020,262,0.1968593773206803,новый полигон
AOI-0061,2020-10-17,0.12164321412856652,0.22809394299075478,9.0,озимая пшеница,2020,291,0.1397298757991787,новый полигон
AOI-0061,2020-10-29,0.049032976947076125,0.1058150454615413,,озимая пшеница,2020,303,0.0349108243804344,новый полигон
AOI-0061,2021-05-05,0.9005462985632438,0.899725684133533,7.0,озимая пшеница,2021,125,0.8732834266880258,новый полигон
AOI-0061,2021-05-08,0.8806327086479433,0.9150983946311801,2.0,озимая пшеница,2021,128,0.9021740798239934,новый полигон
AOI-0061,2021-05-15,0.866870350312582,0.9031923981232826,4.0,озимая пшеница,2021,135,0.8614141528032252,новый полигон
AOI-0061,2021-07-21,0.17982638764610032,0.1753873961343879,7.0,озимая пшеница,2021,202,0.1647263921876037,новый полигон
AOI-0061,2021-07-24,0.19170278690538956,0.1904722089986578,7.0,озимая пшеница,2021,205,0.186029877410367,новый полигон
AOI-0061,2021-08-04,0.3055335490544758,0.2372412013949474,2.0,озимая пшеница,2021,216,0.3250237343883608,новый полигон
AOI-0061,2021-08-28,0.31206232725684335,0.3224487051159448,5.0,озимая пшеница,2021,240,0.3006923395779282,новый полигон
AOI-0061,2021-08-29,0.3595455417987844,0.30791949368901184,5.0,озимая пшеница,2021,241,0.3783643808255659,новый полигон
AOI-0061,2021-10-29,0.107973730632435,0.2412777025308155,,озимая пшеница,2021,302,0.0588971514017146,новый полигон
AOI-0061,2022-04-09,0.22435364637288643,0.193501706256829,3.0,озимая пшеница,2022,99,0.2396324422292422,новый полигон
AOI-0061,2022-05-09,0.4866571432871626,0.22568265086114545,13.0,озимая пшеница,2022,129,0.3480245894363071,новый полигон
AOI-0061,2022-05-22,0.4372818983358988,0.37022618016665243,15.0,озимая пшеница,2022,142,0.2865115850795105,новый полигон
AOI-0061,2022-05-25,0.5456386577490241,0.4262539419321404,15.0,озимая пшеница,2022,145,0.4270788260972021,новый полигон
AOI-0061,2022-05-27,0.4898525218837466,0.4636057831091323,15.0,озимая пшеница,2022,147,0.4479581188941616,новый полигон
AOI-0061,2022-06-12,0.7867660678544092,0.7894790610663827,5.0,озимая пшеница,2022,163,0.7891242346461413,новый полигон
AOI-0061,2022-06-29,0.8124983473345837,0.8406262302071916,4.0,озимая пшеница,2022,180,0.868548614067639,новый полигон
AOI-0061,2022-07-06,0.815258474827628,0.8257914169122177,5.0,озимая пшеница,2022,187,0.8463655027613921,новый полигон
AOI-0061,2022-07-21,0.8099282323122208,0.7829204307898159,7.0,озимая пшеница,2022,202,0.8220071397879798,новый полигон
AOI-0061,2022-07-22,0.8007585343991378,0.7791872267212142,7.0,озимая пшеница,2022,203,0.8549091261819376,новый полигон
AOI-0061,2022-07-28,0.7615296685911863,0.8205604825017622,3.0,озимая пшеница,2022,209,0.7745706613404351,новый полигон
AOI-0061,2022-08-23,0.4321408814476866,0.2989775439416926,10.0,озимая пшеница,2022,235,0.4389202759749634,новый полигон
AOI-0061,2023-04-07,0.6394789654249079,0.4727779535017182,13.0,озимая пшеница,2023,97,0.6536621171770971,новый полигон
AOI-0061,2023-04-25,0.6023801863374939,0.7744884237683088,16.0,озимая пшеница,2023,115,0.693258448065517,новый полигон
AOI-0061,2023-05-05,0.7496876722327168,0.7990335164225478,16.0,озимая пшеница,2023,125,0.8349730377864644,новый полигон
AOI-0061,2023-05-06,0.7449089451840448,0.8014880256879716,16.0,озимая пшеница,2023,126,0.7073082213494317,новый полигон
AOI-0061,2023-05-17,0.7471115784591894,0.7272314555640871,10.0,озимая пшеница,2023,137,0.6325837626216965,новый полигон
AOI-0061,2023-06-06,0.8145382072208217,0.8349914758228081,13.0,озимая пшеница,2023,157,0.7750131302216422,новый полигон
AOI-0061,2023-06-21,0.7547689766223923,0.7457565343468475,5.0,озимая пшеница,2023,172,0.7748566835543277,новый полигон
AOI-0061,2023-07-17,0.44568710224258656,0.4564354505451731,11.0,озимая пшеница,2023,198,0.9033396199451283,новый полигон
AOI-0061,2023-07-21,0.4299911904030151,0.4772921972032092,11.0,озимая пшеница,2023,202,0.4368565492844444,новый полигон
AOI-0061,2023-07-27,0.47079973670066444,0.42660786266141465,2.0,озимая пшеница,2023,208,0.443971779677343,новый полигон
AOI-0061,2023-09-24,0.1811896866144433,0.16923544881403632,5.0,озимая пшеница,2023,267,0.1682949607768593,новый полигон
AOI-0061,2023-10-14,0.16586915090440332,0.19163286949222233,3.0,озимая пшеница,2023,287,0.1710109818322748,новый полигон
AOI-0061,2023-10-29,0.1910162934140606,0.1252050487084448,,озимая пшеница,2023,302,0.1740736733565686,новый полигон
AOI-0061,2024-04-29,0.4920702079964548,0.4190200706498308,12.0,озимая пшеница,2024,120,0.4196712099036732,новый полигон
AOI-0061,2024-05-01,0.4978268786088677,0.4170792803817851,12.0,озимая пшеница,2024,122,0.4194374649137973,новый полигон
AOI-0061,2024-05-08,0.6585946720355788,0.4251800120886631,13.0,озимая пшеница,2024,129,0.4383756132932647,новый полигон
AOI-0061,2024-06-20,0.41863417055520025,0.34953077218546985,5.0,озимая пшеница,2024,172,0.4698362506738254,новый полигон
AOI-0061,2024-07-15,0.3260535701441406,0.430454071576449,5.0,озимая пшеница,2024,197,0.4196567359845966,новый полигон
AOI-0061,2024-08-09,0.30197195302837976,0.32291544370965225,10.0,озимая пшеница,2024,222,0.3341110244638617,новый полигон
AOI-0061,2024-08-12,0.37353818318555254,0.31606392958561536,10.0,озимая пшеница,2024,225,0.3321395305680617,новый полигон
AOI-0061,2024-09-06,0.22401222061102616,0.20143170401401517,5.0,озимая пшеница,2024,250,0.2235792600543341,новый полигон
AOI-0061,2024-09-26,0.19901784778627168,0.18628661580574124,7.0,озимая пшеница,2024,270,0.1330688385160203,новый полигон
AOI-0061,2024-10-07,0.22036669919666876,0.18294857064381076,2.0,озимая пшеница,2024,281,0.2335481129023669,новый полигон
AOI-0061,2025-04-16,0.7348714622359802,0.6937877999068794,3.0,озимая пшеница,2025,106,0.6660364245514114,новый полигон
AOI-0061,2025-04-19,0.7610406493031963,0.7092916060744074,5.0,озимая пшеница,2025,109,0.6821478533400926,новый полигон
AOI-0061,2025-05-28,0.8138578682630907,0.8499568907202134,9.0,озимая пшеница,2025,148,0.8530007985017439,новый полигон
AOI-0061,2025-06-28,0.45909695151268354,0.48169402232913106,3.0,озимая пшеница,2025,179,0.4817019049123908,новый полигон
AOI-0061,2025-07-07,0.3655615020048324,0.3981436186401577,2.0,озимая пшеница,2025,188,0.3508362736402141,новый полигон
AOI-0061,2025-07-10,0.30304406814574153,0.3391362194137106,4.0,озимая пшеница,2025,191,0.3382346763369549,новый полигон
AOI-0061,2025-07-28,0.26237437383762274,0.15822663761705416,3.0,озимая пшеница,2025,209,0.1577964013477074,новый полигон
AOI-0061,2025-08-16,0.23775741389453067,0.20015569183166737,2.0,озимая пшеница,2025,228,0.1779167919911842,новый полигон
AOI-0061,2025-08-29,0.23870734269760419,0.2196239401753502,4.0,озимая пшеница,2025,241,0.1903102555228173,новый полигон
AOI-0061,2025-09-24,0.30544393756766985,0.3093323341060017,2.0,озимая пшеница,2025,267,0.3497013290502426,новый полигон
AOI-0061,2025-09-26,0.31152199746319253,0.3259798399377114,5.0,озимая пшеница,2025,269,0.326441836793386,новый полигон
AOI-0061,2025-10-16,0.3610378916542304,0.3220290059505401,5.0,озимая пшеница,2025,289,0.380425911443159,новый полигон
AOI-0062,2010-04-24,0.8247910889430391,0.8439465665872098,25.0,озимая пшеница,2010,114,0.817302753674938,новый полигон
AOI-0062,2010-05-09,0.8149100357360934,0.8516990465019694,25.0,озимая пшеница,2010,129,0.8406610436347282,новый полигон
AOI-0062,2010-05-26,0.7982596383716943,0.8661525134952769,16.0,озимая пшеница,2010,146,0.8922782458231358,новый полигон
AOI-0062,2010-08-13,0.23484991593023416,0.15132445575429362,16.0,озимая пшеница,2010,225,0.2463179037336932,новый полигон
AOI-0062,2010-10-16,0.27173669813922724,0.2024739371832009,,озимая пшеница,2010,289,0.4240275753486281,новый полигон
AOI-0062,2011-06-14,0.650124595408481,0.624729938186402,12.0,озимая пшеница,2011,165,0.7926915055719047,новый полигон
AOI-0062,2011-07-28,0.42483509925562224,0.39411564003069155,20.0,озимая пшеница,2011,209,0.5640596941070627,новый полигон
AOI-0062,2011-10-16,0.46234888366463905,0.43457864317843087,28.0,озимая пшеница,2011,289,0.5576720647773281,новый полигон
AOI-0062,2012-06-09,0.6547012127397246,0.6142489203778677,32.0,озимая пшеница,2012,161,0.6448616734143051,новый полигон
AOI-0062,2012-08-28,0.3041151035373584,0.22609395483792802,39.0,озимая пшеница,2012,241,0.3321232568600989,новый полигон
AOI-0062,2012-09-04,0.20422474681246178,0.2081028963368315,39.0,озимая пшеница,2012,248,0.2775717964220025,новый полигон
AOI-0062,2012-09-13,0.27341877569957757,0.1849715354068502,39.0,озимая пшеница,2012,257,0.2814659469185785,новый полигон
AOI-0062,2013-04-23,0.3703288394524211,0.2719006246897455,8.0,озимая пшеница,2013,113,0.3712076473234368,новый полигон
AOI-0062,2013-07-12,0.6744135273524386,0.7365503656012926,16.0,озимая пшеница,2013,193,0.6671487629329736,новый полигон
AOI-0062,2013-07-28,0.671869153755714,0.722460303396406,8.0,озимая пшеница,2013,209,0.6950069275753488,новый полигон
AOI-0062,2013-09-14,0.35606939709334495,0.2503680574841346,24.0,озимая пшеница,2013,257,0.2845247863247864,новый полигон
AOI-0062,2013-10-16,0.29678886250509434,0.1896805172868658,16.0,озимая пшеница,2013,289,0.2805358974358974,новый полигон
AOI-0062,2014-06-30,0.2763593177669955,0.3334227269587829,12.0,озимая пшеница,2014,181,0.3386449856695062,новый полигон
AOI-0062,2014-10-04,0.3704985742627317,0.4912150636393082,12.0,озимая пшеница,2014,277,0.4048207177456868,новый полигон
AOI-0062,2015-04-22,0.6227216356140224,0.7184591177462889,16.0,озимая пшеница,2015,112,0.7611870687555341,новый полигон
AOI-0062,2015-05-09,0.7166771663212048,0.6245781603118009,16.0,озимая пшеница,2015,129,0.680689248762933,новый полигон
AOI-0062,2015-09-05,0.20309549965997706,0.2883820344129555,16.0,озимая пшеница,2015,248,0.1987331923116542,новый полигон
AOI-0062,2015-09-21,0.21391525887638874,0.25191518966657256,15.0,озимая пшеница,2015,264,0.3036733230511538,новый полигон
AOI-0062,2016-05-08,0.8548817884901064,0.8934903369946534,16.0,озимая пшеница,2016,129,0.9153533063427802,новый полигон
AOI-0062,2016-07-11,0.33542603421972306,0.2233062182081546,8.0,озимая пшеница,2016,193,0.2911381916329285,новый полигон
AOI-0062,2016-07-27,0.3516151701810822,0.31626338818002137,24.0,озимая пшеница,2016,209,0.3637235267656321,новый полигон
AOI-0062,2016-09-13,0.27829824740287606,0.1853778495714943,8.0,озимая пшеница,2016,257,0.2487460188933873,новый полигон
AOI-0062,2016-10-25,0.2671797234075967,0.318583748864446,,озимая пшеница,2016,299,0.3115103079560547,новый полигон
AOI-0062,2017-04-07,0.3780126774910896,0.1786350801517997,10.0,озимая пшеница,2017,97,0.2801522717049033,новый полигон
AOI-0062,2017-07-28,0.6857205848014623,0.7834700232433233,5.0,озимая пшеница,2017,209,0.7315580746738644,новый полигон
AOI-0062,2017-09-15,0.1889347464478805,0.23239148622518568,4.0,озимая пшеница,2017,258,0.1771519748595868,новый полигон
AOI-0062,2018-04-06,0.7064528068837262,0.755406939330212,,озимая пшеница,2018,96,0.6708479783534406,новый полигон
AOI-0062,2018-04-07,0.7601178074285301,0.755406939330212,,озимая пшеница,2018,97,0.8083668915879444,новый полигон
AOI-0062,2018-06-02,0.8087258018282099,0.8141546733184168,8.0,озимая пшеница,2018,153,0.8286267670675693,новый полигон
AOI-0062,2018-06-25,0.28845868936412433,0.3425177172727844,6.0,озимая пшеница,2018,176,0.3753923759081974,новый полигон
AOI-0062,2018-07-28,0.30210480923843447,0.2301428760247431,8.0,озимая пшеница,2018,209,0.282210661268556,новый полигон
AOI-0062,2018-08-28,0.17630252195961027,0.24607098653492043,9.0,озимая пшеница,2018,240,0.2022515702163007,новый полигон
AOI-0062,2019-04-08,0.21426997475592457,0.2610913692578771,2.0,озимая пшеница,2019,98,0.1688284895880957,новый полигон
AOI-0062,2019-04-11,0.1627230779953159,0.2048358845477408,12.0,озимая пшеница,2019,101,0.1811735008256817,новый полигон
AOI-0062,2019-06-17,0.698609138867923,0.7489027415711484,5.0,озимая пшеница,2019,168,0.7322981036763823,новый полигон
AOI-0062,2019-07-06,0.749705327397012,0.7060753115463763,2.0,озимая пшеница,2019,187,0.644440120887091,новый полигон
AOI-0062,2019-08-09,0.6994655793253997,0.6827592459578773,4.0,озимая пшеница,2019,221,0.7617742103198587,новый полигон
AOI-0062,2019-08-23,0.369012393273749,0.36072165174361237,3.0,озимая пшеница,2019,235,0.3634040936398464,новый полигон
AOI-0062,2019-09-23,0.06810984420000132,0.13653787195473668,12.0,озимая пшеница,2019,266,0.1095908097063285,новый полигон
AOI-0062,2019-10-18,0.18390109078304823,0.24104798149519774,4.0,озимая пшеница,2019,291,0.1844241214114597,новый полигон
AOI-0062,2019-10-23,0.22937343473054833,0.18870093070303168,5.0,озимая пшеница,2019,296,0.1871296501025005,новый полигон
AOI-0062,2019-10-28,0.16821196234690033,0.2154180940537984,,озимая пшеница,2019,301,0.2040672544172625,новый полигон
AOI-0062,2020-04-30,0.8003947663399738,0.801346755791911,13.0,озимая пшеница,2020,121,0.729009713583285,новый полигон
AOI-0062,2020-05-30,0.7795498244082429,0.8011285166617734,13.0,озимая пшеница,2020,151,0.8230584818369866,новый полигон
AOI-0062,2020-06-16,0.5467451234270266,0.5874666512612843,14.0,озимая пшеница,2020,168,0.6279580335629174,новый полигон
AOI-0062,2020-07-26,0.17505537449568165,0.24943525815185913,3.0,озимая пшеница,2020,208,0.1496528979835308,новый полигон
AOI-0062,2020-08-18,0.15996581513397654,0.2145048531834701,11.0,озимая пшеница,2020,231,0.1528019133589076,новый полигон
AOI-0062,2020-08-20,0.15030598125228933,0.22722160634344724,11.0,озимая пшеница,2020,233,0.1530158934989073,новый полигон
AOI-0062,2020-08-23,0.14092669335646701,0.24629673608341293,11.0,озимая пшеница,2020,236,0.1052110635358516,новый полигон
AOI-0062,2020-08-25,0.1624174905906356,0.25901348924339007,11.0,озимая пшеница,2020,238,0.1692841197580085,новый полигон
AOI-0062,2020-09-07,0.12152538958161466,0.15428354843010955,6.0,озимая пшеница,2020,251,0.096392490175574,новый полигон
AOI-0062,2020-09-09,0.1661354196652552,0.15944889118969258,6.0,озимая пшеница,2020,253,0.1366916444960781,новый полигон
AOI-0062,2020-10-07,0.14621755302450776,0.17523632215881207,10.0,озимая пшеница,2020,281,0.1628246374290619,новый полигон
AOI-0062,2020-10-15,0.17400101805767315,0.11882700971190938,5.0,озимая пшеница,2020,289,0.340634323583181,новый полигон
AOI-0062,2021-04-23,0.29212738135430233,0.21317805843912968,8.0,озимая пшеница,2021,113,0.347434008097166,новый полигон
AOI-0062,2021-05-05,0.1745308195360413,0.1871103095741845,5.0,озимая пшеница,2021,125,0.2411683112901732,новый полигон
AOI-0062,2021-05-08,0.2217592112605249,0.29430890344665184,2.0,озимая пшеница,2021,128,0.2343691045616223,новый полигон
AOI-0062,2021-05-12,0.21299557878871658,0.3032825629247598,6.0,озимая пшеница,2021,132,0.2212652006499571,новый полигон
AOI-0062,2021-06-06,0.354754689387066,0.335034229831976,10.0,озимая пшеница,2021,157,0.3313531474980916,новый полигон
AOI-0062,2021-06-10,0.5391885509232309,0.3763028608481402,2.0,озимая пшеница,2021,161,0.7096152946468738,новый полигон
AOI-0062,2021-07-01,0.7038031813098983,0.7535235235329282,7.0,озимая пшеница,2021,182,0.739318157043582,новый полигон
AOI-0062,2021-07-26,0.7564922796116229,0.739220402273687,4.0,озимая пшеница,2021,207,0.7368656718963003,новый полигон
AOI-0062,2021-07-29,0.7044132918802728,0.6998243261309639,3.0,озимая пшеница,2021,210,0.752856408488559,новый полигон
AOI-0062,2021-09-12,0.2272128471456141,0.2280455324978784,5.0,озимая пшеница,2021,255,0.1998013887506888,новый полигон
AOI-0062,2021-09-13,0.26666359171680926,0.20771391554194268,5.0,озимая пшеница,2021,256,0.2223684678276226,новый полигон
AOI-0062,2021-09-19,0.20279458713128093,0.21785943396658874,16.0,озимая пшеница,2021,262,0.1829827216950002,новый полигон
AOI-0062,2021-09-27,0.20376536106756396,0.2666228505755196,16.0,озимая пшеница,2021,270,0.2036175533330632,новый полигон
AOI-0062,2021-09-29,0.17239414132448333,0.27881370472775224,16.0,озимая пшеница,2021,272,0.1520687065848254,новый полигон
AOI-0062,2021-10-07,0.18826208426583174,0.1507635266790054,12.0,озимая пшеница,2021,280,0.1294172569992409,новый полигон
AOI-0062,2021-10-16,0.2388726451751583,0.1656517765385843,4.0,озимая пшеница,2021,289,0.2634273054430949,новый полигон
AOI-0062,2022-04-10,0.7782585404036646,0.752954339200329,8.0,озимая пшеница,2022,100,0.7594619017521169,новый полигон
AOI-0062,2022-04-27,0.8552350947749675,0.8642261869596488,14.0,озимая пшеница,2022,117,0.842697629187645,новый полигон
AOI-0062,2022-05-11,0.8438414562382567,0.9084059777474186,2.0,озимая пшеница,2022,131,0.9078006277078076,новый полигон
AOI-0062,2022-05-25,0.8226560342684928,0.7950511989681638,5.0,озимая пшеница,2022,145,0.8023924413149268,новый полигон
AOI-0062,2022-07-21,0.1982043494928463,0.2537606991341796,8.0,озимая пшеница,2022,202,0.1698331687675751,новый полигон
AOI-0062,2022-07-24,0.20018929628193452,0.28358488667142706,6.0,озимая пшеница,2022,205,0.1653236539265848,новый полигон
AOI-0062,2022-08-23,0.200615144797555,0.1798905490982874,10.0,озимая пшеница,2022,235,0.1830980318257953,новый полигон
AOI-0062,2022-09-14,0.20733392258333325,0.20351242704861233,7.0,озимая пшеница,2022,257,0.1515048142533985,новый полигон
AOI-0062,2022-09-18,0.16482998029469553,0.215759990356849,11.0,озимая пшеница,2022,261,0.1477727993966345,новый полигон
AOI-0062,2022-09-30,0.23157215756274083,0.12475906771597339,8.0,озимая пшеница,2022,273,0.255914619883041,новый полигон
AOI-0062,2022-10-19,0.16950533245347385,0.16552900359906128,4.0,озимая пшеница,2022,292,0.1707634090581299,новый полигон
AOI-0062,2023-05-17,0.37392518616051323,0.3717202465257202,10.0,озимая пшеница,2023,137,0.3114229748135341,новый полигон
AOI-0062,2023-06-18,0.8892890198888915,0.8927282145976814,5.0,озимая пшеница,2023,169,0.8846853845136531,новый полигон
AOI-0062,2023-06-24,0.8725012360475537,0.8778628544478648,3.0,озимая пшеница,2023,175,0.8688777424152445,новый полигон
AOI-0062,2023-07-14,0.833927149601708,0.7984447983544624,5.0,озимая пшеница,2023,195,0.8327540617441711,новый полигон
AOI-0062,2023-08-05,0.46372090110208064,0.4682689027889856,7.0,озимая пшеница,2023,217,0.4700601586690601,новый полигон
AOI-0062,2023-08-25,0.172347842244271,0.18199070563939485,3.0,озимая пшеница,2023,237,0.1491659961045068,новый полигон
AOI-0062,2023-09-17,0.17015838557719945,0.15365868647981687,5.0,озимая пшеница,2023,260,0.1148106675340711,новый полигон
AOI-0062,2023-10-12,0.17984076577396838,0.1873511929451657,2.0,озимая пшеница,2023,285,0.2008392948018171,новый полигон
AOI-0062,2023-10-16,0.20543791934414793,0.174514804870469,5.0,озимая пшеница,2023,289,0.1525816379574787,новый полигон
AOI-0062,2024-04-22,0.8568447534779596,0.8494263452558047,17.0,озимая пшеница,2024,113,0.919090278054826,новый полигон
AOI-0062,2024-06-03,0.792537541202576,0.6602231877163116,16.0,озимая пшеница,2024,155,0.8818623131670967,новый полигон
AOI-0062,2024-06-08,0.6060465242191284,0.5420148182856022,16.0,озимая пшеница,2024,160,0.7975518260630441,новый полигон
AOI-0062,2024-06-23,0.235284812408347,0.2418756713604484,5.0,озимая пшеница,2024,175,0.2499498921439176,новый полигон
AOI-0062,2024-07-30,0.11463639480486558,0.16436740623814755,6.0,озимая пшеница,2024,212,0.1131543220588088,новый полигон
AOI-0062,2024-08-04,0.1463916019571099,0.12635574350063625,7.0,озимая пшеница,2024,217,0.1235942317762761,новый полигон
AOI-0062,2024-08-12,0.1785070054139323,0.14205722314575653,8.0,озимая пшеница,2024,225,0.1289805627646539,новый полигон
AOI-0062,2024-09-06,0.150359426594585,0.12462797589072103,8.0,озимая пшеница,2024,250,0.1467775853516016,новый полигон
AOI-0062,2024-10-26,0.11874767347383929,0.1931965672447425,,озимая пшеница,2024,300,0.1354521314303043,новый полигон
AOI-0062,2025-04-01,0.1984081149828702,0.2428895382584523,,озимая пшеница,2025,91,0.1996849392566652,новый полигон
AOI-0062,2025-04-07,0.3952177332588846,0.2428895382584523,,озимая пшеница,2025,97,0.4121372919478183,новый полигон
AOI-0062,2025-04-11,0.23408514101456163,0.2428895382584523,,озимая пшеница,2025,101,0.270234330723646,новый полигон
AOI-0062,2025-04-24,0.29785265490654556,0.3646526358800775,5.0,озимая пшеница,2025,114,0.2852888953148028,новый полигон
AOI-0062,2025-04-29,0.287865046751613,0.2668923077555018,3.0,озимая пшеница,2025,119,0.2566217327876325,новый полигон
AOI-0062,2025-05-28,0.45600672235971645,0.6177180309570884,9.0,озимая пшеница,2025,148,0.2601381646241934,новый полигон
AOI-0062,2025-06-28,0.8010876993389149,0.8743257024738852,3.0,озимая пшеница,2025,179,0.8738422261402711,новый полигон
AOI-0062,2025-07-06,0.7937516902195039,0.8247333536186698,3.0,озимая пшеница,2025,187,0.8516756416369811,новый полигон
AOI-0062,2025-07-07,0.7500512372683448,0.8133319221707384,3.0,озимая пшеница,2025,188,0.805331952221752,новый полигон
AOI-0062,2025-07-15,0.4952565017779021,0.5341937323979592,3.0,озимая пшеница,2025,196,0.4503025418624627,новый полигон
AOI-0062,2025-07-25,0.4083238169586661,0.4078645887784801,4.0,озимая пшеница,2025,206,0.4353125799106523,новый полигон
AOI-0062,2025-08-02,0.27717834708001954,0.27033868519316895,5.0,озимая пшеница,2025,214,0.3355067302699975,новый полигон
AOI-0062,2025-08-17,0.2585154780046072,0.24317671455117346,3.0,озимая пшеница,2025,229,0.2581473712541597,новый полигон
AOI-0062,2025-09-24,0.20319541992509843,0.16763258326315805,2.0,озимая пшеница,2025,267,0.2152504067580141,новый полигон
AOI-0062,2025-09-30,0.25720092014547397,0.25055496083955403,6.0,озимая пшеница,2025,273,0.3110300494826811,новый полигон
AOI-0062,2025-10-08,0.15826643275777277,0.18575094118014068,5.0,озимая пшеница,2025,281,0.1790239100993005,новый полигон
AOI-0062,2025-10-13,0.1620298642773571,0.18900947084561748,5.0,озимая пшеница,2025,286,0.1872177904091224,новый полигон
AOI-0063,2025-04-14,0.240634257546607,0.23767187050762564,5.0,озимая пшеница,2025,104,0.2250899846127559,есть в train
AOI-0063,2025-04-19,0.26259592920101305,0.2204590998803718,10.0,озимая пшеница,2025,109,0.2313179820742137,есть в train
AOI-0063,2025-04-23,0.3598017860648977,0.22744967525167095,10.0,озимая пшеница,2025,113,0.4258156950672646,есть в train
AOI-0063,2025-04-24,0.2741678446067311,0.22919731909449576,10.0,озимая пшеница,2025,114,0.2184886400674527,есть в train
AOI-0063,2025-05-06,0.20528373008381315,0.34810574113632464,8.0,озимая пшеница,2025,126,0.2100528025764811,есть в train
AOI-0063,2025-05-25,0.5696907119441198,0.3238452265642726,4.0,озимая пшеница,2025,145,0.6374841447789878,есть в train
AOI-0063,2025-06-05,0.733477106740608,0.7296156787064063,3.0,озимая пшеница,2025,156,0.7223460798792659,есть в train
AOI-0063,2025-06-25,0.801547482279134,0.7820153876694087,9.0,озимая пшеница,2025,176,0.9059755786792896,есть в train
AOI-0063,2025-06-28,0.797866071152183,0.8479385022973798,6.0,озимая пшеница,2025,179,0.9013887924307944,есть в train
AOI-0063,2025-06-30,0.7854213581399254,0.73261933541078,6.0,озимая пшеница,2025,181,0.8708255611072662,есть в train
AOI-0063,2025-07-06,0.7595675919416739,0.808172189023834,3.0,озимая пшеница,2025,187,0.8688390443774733,есть в train
AOI-0063,2025-07-07,0.7356918665695485,0.8097576360844625,3.0,озимая пшеница,2025,188,0.8120131795094576,есть в train
AOI-0063,2025-07-22,0.5259364032217573,0.515224106181678,5.0,озимая пшеница,2025,203,0.5076842245436206,есть в train
AOI-0063,2025-08-23,0.4092101141763664,0.3971728846503267,5.0,озимая пшеница,2025,235,0.4168448898818952,есть в train
AOI-0063,2025-09-13,0.2331168357852423,0.22936995893753964,9.0,озимая пшеница,2025,256,0.1949967263266714,есть в train
AOI-0063,2025-09-14,0.2812906808367535,0.21087879204429721,9.0,озимая пшеница,2025,257,0.2777502081998719,есть в train
AOI-0064,2025-04-14,0.49882057256038936,0.42160567935624993,5.0,озимая пшеница,2025,104,0.4228168728448358,есть в train
AOI-0064,2025-04-23,0.6529411517509108,0.46765179592233586,9.0,озимая пшеница,2025,113,0.6916853760737482,есть в train
AOI-0064,2025-04-24,0.4999829296573704,0.47362163466784757,9.0,озимая пшеница,2025,114,0.4623799724482552,есть в train
AOI-0064,2025-06-03,0.7844026336090612,0.7649437664554536,7.0,озимая пшеница,2025,154,0.7436420600420374,есть в train
AOI-0064,2025-06-05,0.7662811182144612,0.7552730788399593,3.0,озимая пшеница,2025,156,0.7344710286662935,есть в train
AOI-0064,2025-06-26,0.516798456862829,0.48277826890250425,5.0,озимая пшеница,2025,177,0.4931693484181857,есть в train
AOI-0064,2025-06-27,0.45091415009625213,0.4286592823876446,5.0,озимая пшеница,2025,178,0.4595035858560276,есть в train
AOI-0064,2025-06-28,0.39355525959137183,0.374540295872785,5.0,озимая пшеница,2025,179,0.4266638636278004,есть в train
AOI-0064,2025-07-10,0.25455328701061775,0.2855072947751336,4.0,озимая пшеница,2025,191,0.2454773144858468,есть в train
AOI-0064,2025-08-12,0.14900103313218935,0.2262339863868577,4.0,озимая пшеница,2025,224,0.1697927263983429,есть в train
AOI-0064,2025-08-19,0.15747046475561768,0.1646945353654263,5.0,озимая пшеница,2025,231,0.1454264344364548,есть в train
AOI-0064,2025-08-27,0.1486263277940509,0.18754661236236964,6.0,озимая пшеница,2025,239,0.181698884537435,есть в train
AOI-0064,2025-08-31,0.22173193108458678,0.1642824004169008,3.0,озимая пшеница,2025,243,0.2165011591312711,есть в train
AOI-0064,2025-09-13,0.1494747303712306,0.3102051172221659,8.0,озимая пшеница,2025,256,0.1818936443070584,есть в train
AOI-0064,2025-10-06,0.1960667518438071,0.1655767792718524,3.0,озимая пшеница,2025,279,0.1911648492569679,есть в train
AOI-0064,2025-10-13,0.18948664947889382,0.22295583785703163,8.0,озимая пшеница,2025,286,0.1946871269398022,есть в train
AOI-0065,2025-04-19,0.4887228740914183,0.45466928265181616,5.0,озимая пшеница,2025,109,0.4490976752154549,есть в train
AOI-0065,2025-05-01,0.4915078660885568,0.4930987409442379,7.0,озимая пшеница,2025,121,0.5025693903066165,есть в train
AOI-0065,2025-06-04,0.5360065600522838,0.533547255709763,4.0,озимая пшеница,2025,155,0.5819205556902092,есть в train
AOI-0065,2025-06-05,0.511936762886988,0.5234522628547724,4.0,озимая пшеница,2025,156,0.509510151659438,есть в train
AOI-0065,2025-06-08,0.5198880963396272,0.502930293071366,3.0,озимая пшеница,2025,159,0.532729384270843,есть в train
AOI-0065,2025-06-26,0.6343535798290038,0.573478694275251,2.0,озимая пшеница,2025,177,0.6697743724038286,есть в train
AOI-0065,2025-07-15,0.4314652277181969,0.4588790385353516,3.0,озимая пшеница,2025,196,0.4490904988434049,есть в train
AOI-0065,2025-07-18,0.3990979453557341,0.42787839913386383,5.0,озимая пшеница,2025,199,0.4612189900300368,есть в train
AOI-0065,2025-08-07,0.20263279495559933,0.19262683124188598,5.0,озимая пшеница,2025,219,0.125509774478753,есть в train
AOI-0065,2025-08-17,0.22184270804174488,0.20516720781938072,3.0,озимая пшеница,2025,229,0.2177573135665573,есть в train
AOI-0065,2025-09-14,0.2853244609826039,0.185682977129018,2.0,озимая пшеница,2025,257,0.3013040093913671,есть в train
AOI-0065,2025-09-25,0.2359280082951732,0.2308433213686134,2.0,озимая пшеница,2025,268,0.1978573642850132,есть в train
AOI-0065,2025-09-30,0.2890658009025451,0.25818261531254877,6.0,озимая пшеница,2025,273,0.3143022214195412,есть в train
AOI-0065,2025-10-08,0.23287139406674728,0.2470453275859411,7.0,озимая пшеница,2025,281,0.2253143265260069,есть в train
AOI-0066,2025-06-05,0.49866932567975236,0.4983173648169742,3.0,озимая пшеница,2025,156,0.438443426053471,новый полигон
AOI-0066,2025-07-05,0.7790365954258092,0.818919945601431,6.0,озимая пшеница,2025,186,0.7873423473596531,новый полигон
AOI-0066,2025-07-15,0.651012058853122,0.689411384830571,3.0,озимая пшеница,2025,196,0.6687068060027433,новый полигон
AOI-0066,2025-07-25,0.5424826180860223,0.5996957280309492,5.0,озимая пшеница,2025,206,0.4127639310113525,новый полигон
AOI-0066,2025-07-27,0.4577662222161275,0.5473795036981709,5.0,озимая пшеница,2025,208,0.5068242172857098,новый полигон
AOI-0066,2025-08-14,0.39224514171336106,0.3926418044313442,2.0,озимая пшеница,2025,226,0.2395826753283871,новый полигон
AOI-0066,2025-09-01,0.16815642806194114,0.2319504552448071,5.0,озимая пшеница,2025,244,0.1853541508982892,новый полигон
AOI-0067,2010-04-25,0.1703714843985263,0.16009079816213753,8.0,зерновые,2010,115,0.1780893933336229,новый полигон
AOI-0067,2010-06-20,0.19747926771824417,0.17173015774200065,9.0,зерновые,2010,171,0.1651833274461,новый полигон
AOI-0067,2010-06-26,0.2832395726621859,0.1769723829863056,9.0,зерновые,2010,177,0.2939999203187251,новый полигон
AOI-0067,2010-07-13,0.205105447162683,0.20525310759573678,2.0,зерновые,2010,194,0.1696620057186782,новый полигон
AOI-0067,2010-07-21,0.16535270955506687,0.19069884464752956,14.0,зерновые,2010,202,0.1545057358148372,новый полигон
AOI-0067,2010-08-06,0.15658904120697936,0.1888422461004306,14.0,зерновые,2010,218,0.1401915557570922,новый полигон
AOI-0067,2010-08-07,0.16287128116181307,0.19321655243440436,14.0,зерновые,2010,219,0.1428475853490432,новый полигон
AOI-0067,2010-08-15,0.14901953939631668,0.2003650936048034,9.0,зерновые,2010,227,0.1400842096195647,новый полигон
AOI-0067,2010-09-23,0.16487592882161128,0.2208916135458167,32.0,зерновые,2010,266,0.1481017507755544,новый полигон
AOI-0067,2010-10-09,0.14906977400234397,0.21970053784860555,32.0,зерновые,2010,282,0.1433816100046012,новый полигон
AOI-0067,2011-05-09,0.32297059869400196,0.2175223939538174,20.0,зерновые,2011,129,0.3248403187250996,новый полигон
AOI-0067,2011-05-14,0.19519375796774383,0.2480335980344845,20.0,зерновые,2011,134,0.1804347166176493,новый полигон
AOI-0067,2011-09-03,0.3621539122340823,0.34927257148075863,8.0,зерновые,2011,246,0.3058327162229138,новый полигон
AOI-0067,2011-09-19,0.3254776688768841,0.29124609369005494,8.0,зерновые,2011,262,0.3319000447963294,новый полигон
AOI-0067,2012-05-08,0.3738250803872308,0.3499850463962542,25.0,зерновые,2012,129,0.3357043824701196,новый полигон
AOI-0067,2012-06-09,0.21336146771004186,0.22370788733411895,32.0,зерновые,2012,161,0.138898010758683,новый полигон
AOI-0067,2012-07-27,0.1467206338532359,0.12400355105491612,16.0,зерновые,2012,209,0.1187964819380127,новый полигон
AOI-0067,2012-09-29,0.1669048027825032,0.11255073460426915,25.0,зерновые,2012,273,0.1228357971025714,новый полигон
AOI-0067,2013-07-30,0.24264074582605707,0.255006676907212,8.0,зерновые,2013,211,0.1979650913600584,новый полигон
AOI-0067,2013-08-29,0.3861705331696988,0.32665528770684105,15.0,зерновые,2013,241,0.3358082071713147,новый полигон
AOI-0067,2014-05-21,0.21898903956360263,0.23264976553538003,21.0,зерновые,2014,141,0.1731896043521764,новый полигон
AOI-0067,2014-05-25,0.26539906172640987,0.21278300743362755,21.0,зерновые,2014,145,0.3004054980079681,новый полигон
AOI-0067,2014-06-06,0.2068831084474047,0.24611066209549537,11.0,зерновые,2014,157,0.1665767478549089,новый полигон
AOI-0067,2014-06-07,0.18630359037207447,0.2544193909939323,11.0,зерновые,2014,158,0.2006432801955862,новый полигон
AOI-0067,2014-07-01,0.22405571735155727,0.23888602044712742,12.0,зерновые,2014,182,0.2002053042096888,новый полигон
AOI-0067,2014-07-16,0.2122498923668984,0.22372915657847176,12.0,зерновые,2014,197,0.1906273242138455,новый полигон
AOI-0067,2014-07-17,0.19246737673820255,0.21656694373105784,12.0,зерновые,2014,198,0.1479018437714956,новый полигон
AOI-0067,2014-09-14,0.20652884955267914,0.18238689406312475,7.0,зерновые,2014,257,0.2227827091633466,новый полигон
AOI-0067,2014-10-12,0.1312719086040769,0.17607621301108808,11.0,зерновые,2014,285,0.1367973803392562,новый полигон
AOI-0067,2015-04-15,0.1499590458831086,0.18445727725745337,9.0,зерновые,2015,105,0.1569164082333945,новый полигон
AOI-0067,2015-05-09,0.281868751386612,0.23916570571915147,16.0,зерновые,2015,129,0.2943055776892431,новый полигон
AOI-0067,2015-06-02,0.2313968737366622,0.223432298415762,15.0,зерновые,2015,153,0.189610116486825,новый полигон
AOI-0067,2015-06-18,0.2686150031049665,0.3483122709163346,16.0,зерновые,2015,169,0.1956100658083923,новый полигон
AOI-0067,2015-07-12,0.4440135473316167,0.35714338208974417,16.0,зерновые,2015,193,0.3972035693789858,новый полигон
AOI-0067,2015-07-20,0.415280595090001,0.399441923626527,16.0,зерновые,2015,201,0.4743138864236442,новый полигон
AOI-0067,2015-08-29,0.5246384404300477,0.5174918100351559,8.0,зерновые,2015,241,0.5886530253247326,новый полигон
AOI-0067,2015-09-14,0.3809770638088315,0.336973494466009,16.0,зерновые,2015,257,0.3986666932270916,новый полигон
AOI-0067,2015-09-29,0.2281844499904596,0.2605553267040185,8.0,зерновые,2015,272,0.2225855374994796,новый полигон
AOI-0067,2016-05-03,0.25065209834368657,0.2504064068678867,6.0,зерновые,2016,124,0.2041565171294419,новый полигон
AOI-0067,2016-05-10,0.24203198326232228,0.36556419322709166,16.0,зерновые,2016,131,0.1933200582730913,новый полигон
AOI-0067,2016-05-11,0.27885000834369394,0.36424708665338645,16.0,зерновые,2016,132,0.222603604862866,новый полигон
AOI-0067,2016-06-25,0.2634114385629937,0.16843173636313563,7.0,зерновые,2016,177,0.2955089243027888,новый полигон
AOI-0067,2016-07-14,0.22160555875628177,0.15227307570751297,9.0,зерновые,2016,196,0.1870083876949033,новый полигон
AOI-0067,2016-07-27,0.37189304358238756,0.2586158991886673,8.0,зерновые,2016,209,0.4902738645418326,новый полигон
AOI-0067,2016-09-29,0.25766728587529375,0.1603745729006318,15.0,зерновые,2016,273,0.2801824701195219,новый полигон
AOI-0067,2016-10-25,0.1949090382398074,0.1613067462005882,8.0,зерновые,2016,299,0.1883146486642897,новый полигон
AOI-0067,2017-04-04,0.17000329905291037,0.15998019155757998,4.0,зерновые,2017,94,0.131618868062664,новый полигон
AOI-0067,2017-04-28,0.17586830357672964,0.1625928677525726,9.0,зерновые,2017,118,0.1442261134595292,новый полигон
AOI-0067,2017-05-05,0.19573386276756216,0.15941537657695726,9.0,зерновые,2017,125,0.1995720280432353,новый полигон
AOI-0067,2017-06-07,0.2910051503372984,0.29829086417124273,4.0,зерновые,2017,158,0.2523814944745775,новый полигон
AOI-0067,2017-07-09,0.45434906202739306,0.5055436331923714,4.0,зерновые,2017,190,0.4303703762662706,новый полигон
AOI-0067,2017-07-25,0.5338468906949463,0.5600393442275865,3.0,зерновые,2017,206,0.4757897429075429,новый полигон
AOI-0067,2017-08-02,0.5832322087351114,0.5650821148021549,5.0,зерновые,2017,214,0.6047308142911787,новый полигон
AOI-0067,2017-08-11,0.5455111127940392,0.5379253902554525,7.0,зерновые,2017,223,0.572923795517945,новый полигон
AOI-0067,2017-08-13,0.5240474287335658,0.5203681988492321,7.0,зерновые,2017,225,0.5011164940239043,новый полигон
AOI-0067,2017-08-29,0.5145069707973307,0.5364410823829096,8.0,зерновые,2017,241,0.4694453386454184,новый полигон
AOI-0067,2017-09-14,0.44218961332066115,0.45399436318818964,4.0,зерновые,2017,257,0.4248656573705179,новый полигон
AOI-0067,2017-09-20,0.40057622441600865,0.4369068742956835,6.0,зерновые,2017,263,0.4182158404689279,новый полигон
AOI-0067,2018-04-06,0.17578229572732523,0.1356835958225089,,зерновые,2018,96,0.1722364216307262,новый полигон
AOI-0067,2018-04-23,0.2572403846416562,0.15107478737511396,13.0,зерновые,2018,113,0.2977141832669323,новый полигон
AOI-0067,2018-05-25,0.20615263438901824,0.2084781082750234,8.0,зерновые,2018,145,0.3086656573705179,новый полигон
AOI-0067,2018-07-11,0.15754497576214863,0.10133250740599813,10.0,зерновые,2018,192,0.2133035774827038,новый полигон
AOI-0067,2018-08-29,0.16249438792336768,0.17437310534322104,9.0,зерновые,2018,241,0.2040611155378486,новый полигон
AOI-0067,2019-05-08,0.7238540821028575,0.7866339225441381,5.0,зерновые,2019,128,0.7241390077688449,новый полигон
AOI-0067,2019-05-28,0.8110041280915294,0.85991982016506,6.0,зерновые,2019,148,0.8458683583749377,новый полигон
AOI-0067,2019-06-12,0.4892607616486944,0.4346802125311343,3.0,зерновые,2019,163,0.4543016809258393,новый полигон
AOI-0067,2019-07-12,0.26848619296107573,0.16099508952627747,8.0,зерновые,2019,193,0.2793621513944223,новый полигон
AOI-0067,2019-07-14,0.19665757521236085,0.16541311097161457,8.0,зерновые,2019,195,0.2098273946902933,новый полигон
AOI-0067,2019-07-28,0.4453430934973681,0.3342600185958463,9.0,зерновые,2019,209,0.4219748207171314,новый полигон
AOI-0067,2019-08-08,0.4218335120315102,0.40957904378965987,7.0,зерновые,2019,220,0.4441851422233303,новый полигон
AOI-0067,2019-08-11,0.38139190843420734,0.38700001592223854,7.0,зерновые,2019,223,0.3960825298300625,новый полигон
AOI-0067,2019-08-29,0.30968480200193954,0.2808176906746368,5.0,зерновые,2019,241,0.3002813545816732,новый полигон
AOI-0067,2019-09-05,0.24942948198964443,0.2768264309774717,7.0,зерновые,2019,248,0.2817015064996091,новый полигон
AOI-0067,2019-09-16,0.2716663737735246,0.24407376576706674,2.0,зерновые,2019,259,0.2956933445729192,новый полигон
AOI-0067,2019-09-24,0.3104563098144794,0.2587734582486808,8.0,зерновые,2019,267,0.2680641591977108,новый полигон
AOI-0067,2019-10-02,0.2851943131371257,0.3311101539150628,10.0,зерновые,2019,275,0.3073450299852982,новый полигон
AOI-0067,2019-10-03,0.27767399818188687,0.3273296133427139,10.0,зерновые,2019,276,0.2631762325334236,новый полигон
AOI-0067,2019-10-15,0.2781899676560076,0.34536624432967,5.0,зерновые,2019,288,0.3055356598349139,новый полигон
AOI-0067,2020-04-22,0.18733129048326694,0.19286389727402267,16.0,зерновые,2020,113,0.1440190801421812,новый полигон
AOI-0067,2020-04-27,0.10832570930908823,0.20200986804365278,16.0,зерновые,2020,118,0.1373080395787988,новый полигон
AOI-0067,2020-05-02,0.17094214094197704,0.21115583881328293,16.0,зерновые,2020,123,0.1327567139765041,новый полигон
AOI-0067,2020-05-08,0.2849606009818585,0.1881729461916109,7.0,зерновые,2020,129,0.4014175298804781,новый полигон
AOI-0067,2020-07-06,0.6077462145570408,0.587446837988028,7.0,зерновые,2020,188,0.6830396258161368,новый полигон
AOI-0067,2020-07-25,0.4771585037862044,0.4058339063809424,15.0,зерновые,2020,207,0.5363182490518436,новый полигон
AOI-0067,2020-07-26,0.42464806166911934,0.40833233111174344,15.0,зерновые,2020,208,0.5088183735962802,новый полигон
AOI-0067,2020-07-27,0.482415855399564,0.41083075584254447,15.0,зерновые,2020,209,0.420971235059761,новый полигон
AOI-0067,2020-08-25,0.34716987179157377,0.39862439121476156,6.0,зерновые,2020,238,0.3913262111494849,новый полигон
AOI-0067,2020-10-15,0.22320209987181197,0.21192778593138098,6.0,зерновые,2020,289,0.2389166666666667,новый полигон
AOI-0067,2021-05-16,0.2592886722966572,0.1830932530805937,5.0,зерновые,2021,136,0.2166686154048152,новый полигон
AOI-0067,2021-06-06,0.5967472822768956,0.6114875531141312,14.0,зерновые,2021,157,0.6030346688194624,новый полигон
AOI-0067,2021-06-16,0.6889902173538925,0.621442647949976,10.0,зерновые,2021,167,0.7482067611771077,новый полигон
AOI-0067,2021-06-18,0.7194195907241446,0.5782471245840294,10.0,зерновые,2021,169,0.7504497891285729,новый полигон
AOI-0067,2021-07-04,0.4342880814959598,0.4975548255698714,8.0,зерновые,2021,185,0.3774417429939891,новый полигон
AOI-0067,2021-08-30,0.2749522685626466,0.29707948616469537,6.0,зерновые,2021,242,0.2472788317533497,новый полигон
AOI-0067,2021-09-09,0.320038472349135,0.3126667424134699,8.0,зерновые,2021,252,0.2991364623454764,новый полигон
AOI-0067,2021-10-09,0.14573722085304372,0.15334921917527874,6.0,зерновые,2021,282,0.158247962335896,новый полигон
AOI-0067,2022-04-02,0.16703217297320685,0.1468468528896181,,зерновые,2022,92,0.1391411378764389,новый полигон
AOI-0067,2022-04-23,0.26043057985905194,0.20643496073759748,8.0,зерновые,2022,113,0.3306054980079682,новый полигон
AOI-0067,2022-04-26,0.1873688730922736,0.2041893339334955,8.0,зерновые,2022,116,0.218984640715768,новый полигон
AOI-0067,2022-06-01,0.24344069037808982,0.2516499916665107,6.0,зерновые,2022,152,0.1733345417600104,новый полигон
AOI-0067,2022-07-01,0.6600528200362689,0.6539713510443814,7.0,зерновые,2022,182,0.6288405857804454,новый полигон
AOI-0067,2022-08-23,0.4307032978177411,0.4444450747011218,9.0,зерновые,2022,235,0.4624732155955329,новый полигон
AOI-0067,2022-08-24,0.4400815918648496,0.4391930349845189,9.0,зерновые,2022,236,0.4529128244059821,новый полигон
AOI-0067,2022-08-29,0.40041286586291835,0.36480446903226965,3.0,зерновые,2022,241,0.3721363346613546,новый полигон
AOI-0067,2022-09-01,0.3734926330423368,0.3972932992790867,8.0,зерновые,2022,244,0.3419087535460887,новый полигон
AOI-0067,2022-09-25,0.37737344312731336,0.31248051972776203,15.0,зерновые,2022,268,0.3693552481799108,новый полигон
AOI-0067,2022-10-09,0.31088688640300216,0.3621428932878698,17.0,зерновые,2022,282,0.3633321497617482,новый полигон
AOI-0067,2022-10-14,0.24016905338194652,0.32908088845222416,17.0,зерновые,2022,287,0.2599377165174052,новый полигон
AOI-0067,2023-04-23,0.33546760505516854,0.15921087270002393,10.0,зерновые,2023,113,0.3658803187250996,новый полигон
AOI-0067,2023-05-31,0.23679742347815713,0.2518239564084764,9.0,зерновые,2023,151,0.2552482095920725,новый полигон
AOI-0067,2023-06-30,0.7119325280496712,0.691725179720603,5.0,зерновые,2023,181,0.6835014152897512,новый полигон
AOI-0067,2023-07-12,0.6788147010816061,0.6998158626265769,7.0,зерновые,2023,193,0.7086645418326694,новый полигон
AOI-0067,2023-07-21,0.6285859017666026,0.5952186713327315,4.0,зерновые,2023,202,0.5437159009578679,новый полигон
AOI-0067,2023-07-27,0.5151156565690306,0.4373337739618577,6.0,зерновые,2023,208,0.4590715989605471,новый полигон
AOI-0067,2023-08-26,0.3010592500899262,0.2733935818535247,2.0,зерновые,2023,238,0.3260856525926756,новый полигон
AOI-0067,2023-09-24,0.2166080807330452,0.23880169705598578,9.0,зерновые,2023,267,0.2225026096760538,новый полигон
AOI-0067,2023-09-27,0.24057329738817984,0.248210440355587,9.0,зерновые,2023,270,0.2566743319428279,новый полигон
AOI-0067,2023-10-05,0.2562021437195944,0.248242063594343,2.0,зерновые,2023,278,0.2607190309986887,новый полигон
AOI-0067,2023-10-13,0.2308949089778806,0.1536186598548058,3.0,зерновые,2023,286,0.2134934217304694,новый полигон
AOI-0067,2024-04-01,0.20770131671924313,0.2555494439730097,,зерновые,2024,92,0.17790677707687,новый полигон
AOI-0067,2024-04-11,0.23348943796756796,0.2454617830533641,7.0,зерновые,2024,102,0.2152371987710422,новый полигон
AOI-0067,2024-05-09,0.49935203802957684,0.5312397688938091,3.0,зерновые,2024,130,0.3522027016230277,новый полигон
AOI-0067,2024-05-24,0.6311241001980864,0.6096996768333227,4.0,зерновые,2024,145,0.6375496604035407,новый полигон
AOI-0067,2024-07-05,0.27457036624081366,0.32081665608254534,8.0,зерновые,2024,187,0.2636884799695516,новый полигон
AOI-0067,2024-07-10,0.2636971767378209,0.2975729326952032,8.0,зерновые,2024,192,0.2393140723748277,новый полигон
AOI-0067,2024-08-29,0.14816749754854247,0.18045447052743777,8.0,зерновые,2024,242,0.1236497300250197,новый полигон
AOI-0067,2024-09-06,0.16808373190895465,0.15962036939997842,3.0,зерновые,2024,250,0.1678656551075854,новый полигон
AOI-0067,2024-09-23,0.13894890050079275,0.15896741425418717,6.0,зерновые,2024,267,0.1199993483878156,новый полигон
AOI-0067,2025-04-17,0.16139317087051483,0.1315772665913522,2.0,зерновые,2025,107,0.1663901421477487,новый полигон
AOI-0067,2025-04-23,0.2268911675142135,0.1317375264376047,10.0,зерновые,2025,113,0.2241878087649402,новый полигон
AOI-0067,2025-04-28,0.151691686121628,0.13115854491510842,10.0,зерновые,2025,118,0.0785309495219065,новый полигон
AOI-0067,2025-06-05,0.15374699467580488,0.17648402458840423,3.0,зерновые,2025,156,0.1496792741153097,новый полигон
AOI-0067,2025-06-21,0.2981041385897712,0.23843141944588556,8.0,зерновые,2025,172,0.2756502276717747,новый полигон
AOI-0067,2025-06-26,0.4145046461301175,0.317692325966268,3.0,зерновые,2025,177,0.4519642231075697,новый полигон
AOI-0067,2025-07-05,0.46666274956724557,0.465948802598673,6.0,зерновые,2025,186,0.3394657704532799,новый полигон
AOI-0067,2025-07-14,0.476521494044498,0.43804639284228486,5.0,зерновые,2025,195,0.5036200590921932,новый полигон
AOI-0067,2025-07-15,0.4845679708587519,0.3707122187454991,5.0,зерновые,2025,196,0.5649079248403303,новый полигон
AOI-0067,2025-08-06,0.5589637655390688,0.5845688842091227,8.0,зерновые,2025,218,0.5948914470123214,новый полигон
AOI-0067,2025-09-01,0.46653098535050636,0.4403458767577693,8.0,зерновые,2025,244,0.4366554188450992,новый полигон
AOI-0067,2025-09-23,0.265562504823283,0.3080198907977354,7.0,зерновые,2025,266,0.25751952365005,новый полигон
AOI-0067,2025-10-03,0.2158091333964093,0.2734139951099204,6.0,зерновые,2025,276,0.2365988036520135,новый полигон
AOI-0068,2010-04-16,0.14545748462852504,0.22932548975840333,16.0,зерновые,2010,106,0.1089882563227631,новый полигон
AOI-0068,2010-05-02,0.16163153122652452,0.20304715992003253,30.0,зерновые,2010,122,0.1504640729226267,новый полигон
AOI-0068,2010-05-09,0.29451417525509865,0.23685381393414023,30.0,зерновые,2010,129,0.2916718382352941,новый полигон
AOI-0068,2010-06-20,0.1846573050289147,0.17207804470881655,7.0,зерновые,2010,171,0.158061215692449,новый полигон
AOI-0068,2010-07-13,0.17204271731438486,0.20628492271678803,9.0,зерновые,2010,194,0.1396372937490304,новый полигон
AOI-0068,2010-07-14,0.1114236647906874,0.1969929494251728,9.0,зерновые,2010,195,0.144098442960316,новый полигон
AOI-0068,2010-07-28,0.19255262412585472,0.13935769329142586,8.0,зерновые,2010,209,0.1992126418067226,новый полигон
AOI-0068,2010-08-07,0.1579891128192883,0.1344144192991736,7.0,зерновые,2010,219,0.1282775706267325,новый полигон
AOI-0068,2010-08-29,0.20486194563857915,0.1425739363135336,7.0,зерновые,2010,241,0.2001732510504201,новый полигон
AOI-0068,2011-04-07,0.4975563754921238,0.4487005745848141,,зерновые,2011,97,0.4785207668067226,новый полигон
AOI-0068,2011-05-30,0.6274418321044899,0.6081080432170041,12.0,зерновые,2011,150,0.5844754666863335,новый полигон
AOI-0068,2011-06-15,0.3916861881099476,0.3948820712332253,12.0,зерновые,2011,166,0.3871801492961002,новый полигон
AOI-0068,2011-06-23,0.3003188332322052,0.277730249753419,4.0,зерновые,2011,174,0.2579583570303191,новый полигон
AOI-0068,2011-07-16,0.2164357168078775,0.21492434820094752,5.0,зерновые,2011,197,0.2001386703273501,новый полигон
AOI-0068,2011-08-09,0.1774288953393028,0.1706130925451405,8.0,зерновые,2011,221,0.1719902089548196,новый полигон
AOI-0068,2011-09-03,0.1859877080657218,0.16391750131598706,8.0,зерновые,2011,246,0.1801430990105957,новый полигон
AOI-0068,2012-07-27,0.16195823824971234,0.1688029649346024,25.0,зерновые,2012,209,0.1752852566388661,новый полигон
AOI-0068,2012-08-03,0.14736899746855572,0.1517681725618524,25.0,зерновые,2012,216,0.1276759937884967,новый полигон
AOI-0068,2012-10-22,0.1613108777894324,0.1199690949354003,,зерновые,2012,296,0.3330900822887902,новый полигон
AOI-0068,2013-06-19,0.24661443079580783,0.26466833086101915,14.0,зерновые,2013,170,0.154868072640323,новый полигон
AOI-0068,2013-06-27,0.24168700530912776,0.2527149590293661,2.0,зерновые,2013,178,0.2779113345070721,новый полигон
AOI-0068,2013-07-28,0.24625192880737531,0.24389160054410364,7.0,зерновые,2013,209,0.269935162815126,новый полигон
AOI-0068,2014-04-27,0.4934406224826758,0.5329731276260506,16.0,зерновые,2014,117,0.4215193215627956,новый полигон
AOI-0068,2014-07-28,0.1909145752489684,0.15916154740192417,8.0,зерновые,2014,209,0.1953695903361344,новый полигон
AOI-0068,2014-08-17,0.16703961854548408,0.13980604108708294,5.0,зерновые,2014,229,0.179504725949013,новый полигон
AOI-0068,2014-08-25,0.1349768554698204,0.1733540339463629,8.0,зерновые,2014,237,0.1252799928909666,новый полигон
AOI-0068,2014-10-05,0.14323343894008794,0.16829176276661087,8.0,зерновые,2014,278,0.1295242498203788,новый полигон
AOI-0068,2014-10-16,0.20126627405143233,0.1334104379043304,16.0,зерновые,2014,289,0.1903708032101878,новый полигон
AOI-0068,2014-10-29,0.17595991675187125,0.1411651638418945,,зерновые,2014,302,0.1835708714365448,новый полигон
AOI-0068,2015-06-09,0.3262557083779825,0.3530541249294067,8.0,зерновые,2015,160,0.3595396934696312,новый полигон
AOI-0068,2015-07-27,0.2712427196977694,0.2847592721036881,8.0,зерновые,2015,208,0.2434630241034694,новый полигон
AOI-0068,2015-08-04,0.25427778441009036,0.23665145206959423,8.0,зерновые,2015,216,0.2284781365377768,новый полигон
AOI-0068,2016-05-02,0.320813956659189,0.2748984439580776,8.0,зерновые,2016,123,0.2989243659735911,новый полигон
AOI-0068,2016-05-11,0.3104859580593881,0.27282626420550504,8.0,зерновые,2016,132,0.3167329409090207,новый полигон
AOI-0068,2016-07-14,0.3215736367708902,0.30971510784883416,9.0,зерновые,2016,196,0.3604786676409597,новый полигон
AOI-0068,2016-08-28,0.29009582261327804,0.23198267092709834,7.0,зерновые,2016,241,0.3004388550420167,новый полигон
AOI-0068,2016-09-13,0.2921205293423481,0.19421471523071876,7.0,зерновые,2016,257,0.3024560556722688,новый полигон
AOI-0068,2016-09-29,0.3896126385176242,0.26908666030144174,15.0,зерновые,2016,273,0.4219071481092437,новый полигон
AOI-0068,2017-05-14,0.5155459112873477,0.5643716852150921,12.0,зерновые,2017,134,0.5310803197213686,новый полигон
AOI-0068,2017-06-10,0.4602581839065369,0.47834363049957507,8.0,зерновые,2017,161,0.4313785451680673,новый полигон
AOI-0068,2017-06-22,0.35963543651050495,0.4001901128182014,11.0,зерновые,2017,173,0.5202391453675255,новый полигон
AOI-0068,2017-06-27,0.289019223458601,0.31156707475828727,4.0,зерновые,2017,178,0.3579621011665996,новый полигон
AOI-0068,2017-07-12,0.2686486536637341,0.20156994386570926,7.0,зерновые,2017,193,0.251580262605042,новый полигон
AOI-0068,2017-08-02,0.18450117952233308,0.15664125319728514,5.0,зерновые,2017,214,0.211720898809953,новый полигон
AOI-0068,2017-08-11,0.13774769913939477,0.15065183281612204,7.0,зерновые,2017,223,0.157425157223909,новый полигон
AOI-0068,2017-08-13,0.18663927670394714,0.1484589372691727,7.0,зерновые,2017,225,0.2045495010504202,новый полигон
AOI-0068,2017-09-02,0.15740148502380352,0.23191121707383522,12.0,зерновые,2017,245,0.0300025888403712,новый полигон
AOI-0068,2017-09-03,0.20773208835153406,0.22672677344313436,12.0,зерновые,2017,246,0.1948671437700812,новый полигон
AOI-0068,2018-04-28,0.22784081127936043,0.28636489144215205,7.0,зерновые,2018,118,0.2427005701124152,новый полигон
AOI-0068,2018-05-09,0.3715001615841944,0.26918075199202973,13.0,зерновые,2018,129,0.4083572584033614,новый полигон
AOI-0068,2018-06-07,0.18765996198259155,0.23120036115555898,7.0,зерновые,2018,158,0.2027347814227721,новый полигон
AOI-0068,2018-07-11,0.15134520108290236,0.12175815950109392,10.0,зерновые,2018,192,0.2012552395139962,новый полигон
AOI-0068,2018-08-28,0.15603475321194896,0.12946319577308252,8.0,зерновые,2018,240,0.1689298566981925,новый полигон
AOI-0068,2018-09-06,0.15642297673701092,0.14937740569202107,15.0,зерновые,2018,249,0.1641055734474639,новый полигон
AOI-0068,2018-09-21,0.13147923232579656,0.18021839260917136,8.0,зерновые,2018,264,0.1414979414047898,новый полигон
AOI-0068,2019-05-25,0.5952363445356559,0.6173959066570666,7.0,зерновые,2019,145,0.544995409663866,новый полигон
AOI-0068,2019-05-28,0.567993773687859,0.6041254115902889,6.0,зерновые,2019,148,0.5646106844361048,новый полигон
AOI-0068,2019-06-28,0.21917834793354715,0.18232803821430932,9.0,зерновые,2019,179,0.2311576411405012,новый полигон
AOI-0068,2019-08-07,0.23101723810921498,0.2164277711942083,2.0,зерновые,2019,219,0.2314610362524783,новый полигон
AOI-0068,2019-09-01,0.19484615365710822,0.1552144165762684,8.0,зерновые,2019,244,0.1626473056703597,новый полигон
AOI-0068,2019-09-05,0.15550028870975252,0.16324631322398067,8.0,зерновые,2019,248,0.1829839464691618,новый полигон
AOI-0068,2019-09-15,0.16366885875768125,0.2253385528777352,2.0,зерновые,2019,258,0.1616001640449933,новый полигон
AOI-0068,2019-09-24,0.2228840799965578,0.20904234558625578,16.0,зерновые,2019,267,0.2027409295710664,новый полигон
AOI-0068,2019-09-25,0.23252558348195,0.21397900924374444,16.0,зерновые,2019,268,0.2179556360623952,новый полигон
AOI-0068,2019-09-30,0.3281832827331622,0.2386623275311876,16.0,зерновые,2019,273,0.3365249307968668,новый полигон
AOI-0068,2019-10-02,0.2837162885090515,0.24853565484616486,16.0,зерновые,2019,275,0.3128372305839963,новый полигон
AOI-0068,2019-10-25,0.36023136660201105,0.34847681956981413,6.0,зерновые,2019,298,0.3288069312344982,новый полигон
AOI-0068,2020-04-02,0.353772443907911,0.3051034489147857,,зерновые,2020,93,0.3327493336141176,новый полигон
AOI-0068,2020-04-06,0.4188446063375186,0.3499901739342725,4.0,зерновые,2020,97,0.4182042647058822,новый полигон
AOI-0068,2020-04-12,0.2878998604729631,0.3135040915394246,10.0,зерновые,2020,103,0.3747825552762394,новый полигон
AOI-0068,2020-04-19,0.3141644850605992,0.2827647501572469,5.0,зерновые,2020,110,0.3022315895077547,новый полигон
AOI-0068,2020-06-26,0.16878054670580003,0.2516312695890178,5.0,зерновые,2020,178,0.1679948273185822,новый полигон
AOI-0068,2020-07-27,0.17114333016096983,0.14242225969829067,10.0,зерновые,2020,209,0.2001973161764706,новый полигон
AOI-0068,2020-07-31,0.11974701623285307,0.13799311403780223,10.0,зерновые,2020,213,0.1092953126777578,новый полигон
AOI-0068,2020-09-03,0.15901582000216,0.16036392654024328,2.0,зерновые,2020,247,0.1329341825876834,новый полигон
AOI-0068,2020-10-05,0.13570028378334797,0.14784475066837427,10.0,зерновые,2020,279,0.1298917455987093,новый полигон
AOI-0068,2020-10-20,0.18454885198891766,0.14667994298304252,7.0,зерновые,2020,294,0.2008508993356756,новый полигон
AOI-0068,2021-05-01,0.2829564966655413,0.28755277838330917,9.0,зерновые,2021,121,0.3036487017885535,новый полигон
AOI-0068,2021-05-16,0.4327252905842121,0.44470966854471433,5.0,зерновые,2021,136,0.4774806393697001,новый полигон
AOI-0068,2021-06-11,0.48638861700654795,0.5122074384644907,8.0,зерновые,2021,162,0.4556854660533025,новый полигон
AOI-0068,2021-06-16,0.3906793557807885,0.45511977275513227,8.0,зерновые,2021,167,0.3767575901187611,новый полигон
AOI-0068,2021-07-19,0.22747810778526167,0.23078756054739305,4.0,зерновые,2021,200,0.2813562321174434,новый полигон
AOI-0068,2021-07-31,0.20120172291575564,0.22942789532484661,8.0,зерновые,2021,212,0.2405115352873754,новый полигон
AOI-0068,2021-09-30,0.4399522411183064,0.3951748891786942,18.0,зерновые,2021,273,0.4314796130985088,новый полигон
AOI-0068,2022-04-02,0.2669406817783087,0.3329664556719099,,зерновые,2022,92,0.324848464664787,новый полигон
AOI-0068,2022-04-12,0.3365925914118452,0.3790626321819241,7.0,зерновые,2022,102,0.3414718282332202,новый полигон
AOI-0068,2022-04-23,0.49604163672678364,0.4218419735221528,8.0,зерновые,2022,113,0.5793026628151261,новый полигон
AOI-0068,2022-05-12,0.49716725502677095,0.5794972197405606,6.0,зерновые,2022,132,0.3862241489637762,новый полигон
AOI-0068,2022-05-27,0.32183483857007883,0.44446701285788787,3.0,зерновые,2022,147,0.3090325591466153,новый полигон
AOI-0068,2022-06-08,0.3321771880006836,0.35345285683651306,4.0,зерновые,2022,159,0.403896723096098,новый полигон
AOI-0068,2022-06-20,0.2301217072837319,0.19537765274466407,5.0,зерновые,2022,171,0.2346393803320132,новый полигон
AOI-0068,2022-07-01,0.18363506067437319,0.21396155762779162,7.0,зерновые,2022,182,0.1819387388965423,новый полигон
AOI-0068,2022-07-14,0.14271816110431396,0.19844412052922178,3.0,зерновые,2022,195,0.2171382671805706,новый полигон
AOI-0068,2022-07-30,0.21004203358853124,0.1298422598838757,2.0,зерновые,2022,211,0.1846613267031699,новый полигон
AOI-0068,2022-08-15,0.1483323671038653,0.18674573916203607,3.0,зерновые,2022,227,0.1447758226920958,новый полигон
AOI-0068,2023-04-03,0.4901832913420023,0.4895560654481877,,зерновые,2023,93,0.5359629252064936,новый полигон
AOI-0068,2023-04-17,0.4821771796935833,0.4208873781075282,15.0,зерновые,2023,107,0.5400262055442303,новый полигон
AOI-0068,2023-05-09,0.6171117553451929,0.5635251471912437,6.0,зерновые,2023,129,0.647395530462185,новый полигон
AOI-0068,2023-06-06,0.49918203905893044,0.5471000580462031,4.0,зерновые,2023,157,0.4174231358288088,новый полигон
AOI-0068,2023-06-30,0.26542402031928874,0.2239585797974839,5.0,зерновые,2023,181,0.2651829105229011,новый полигон
AOI-0068,2023-07-05,0.24510433644004204,0.2189168867111342,4.0,зерновые,2023,186,0.2365461545352788,новый полигон
AOI-0068,2023-08-03,0.2431258500643695,0.26318789334952286,3.0,зерновые,2023,215,0.2862182811036626,новый полигон
AOI-0068,2023-08-13,0.2899738577691128,0.2763990268517146,4.0,зерновые,2023,225,0.3396089600840336,новый полигон
AOI-0068,2023-09-03,0.36705482801369826,0.3529040183914707,12.0,зерновые,2023,246,0.366784908247914,новый полигон
AOI-0068,2023-09-24,0.3341788397259429,0.3729096346973158,7.0,зерновые,2023,267,0.3339878420185188,новый полигон
AOI-0068,2023-10-06,0.32293700504305095,0.3289719680914633,4.0,зерновые,2023,279,0.2973532006624799,новый полигон
AOI-0068,2023-10-11,0.2939285063224506,0.3127722921487856,4.0,зерновые,2023,284,0.2586594260569237,новый полигон
AOI-0068,2024-05-01,0.2237110405863776,0.23888821965436458,13.0,зерновые,2024,122,0.2323957063967945,новый полигон
AOI-0068,2024-05-09,0.24978780043959226,0.2948524518560614,3.0,зерновые,2024,130,0.2601407292921184,новый полигон
AOI-0068,2024-06-15,0.1576251443451802,0.1991674753388514,7.0,зерновые,2024,167,0.1337504129011131,новый полигон
AOI-0068,2024-08-05,0.19484874770150157,0.14085713522356372,8.0,зерновые,2024,218,0.2286636478074315,новый полигон
AOI-0068,2024-08-09,0.139015189320595,0.16526930932746509,8.0,зерновые,2024,222,0.1456634963533658,новый полигон
AOI-0068,2024-08-19,0.14407470702337036,0.176480804468968,6.0,зерновые,2024,232,0.1469629374215266,новый полигон
AOI-0068,2024-08-28,0.1992960187528139,0.11621286123443346,5.0,зерновые,2024,241,0.1822431365841549,новый полигон
AOI-0068,2024-09-08,0.13814490412105004,0.17261775574539157,7.0,зерновые,2024,252,0.1526939142254498,новый полигон
AOI-0068,2024-09-14,0.18495985794557773,0.15718378222005547,5.0,зерновые,2024,258,0.1791699914145152,новый полигон
AOI-0068,2024-09-29,0.19660484803037442,0.14944815561582303,2.0,зерновые,2024,273,0.1567696801104146,новый полигон
AOI-0068,2024-10-13,0.12887038974741327,0.1799716823152394,16.0,зерновые,2024,287,0.0977255997190383,новый полигон
AOI-0068,2025-05-08,0.648098868170185,0.7055952607364403,3.0,зерновые,2025,128,0.5958934555178289,новый полигон
AOI-0068,2025-05-11,0.6467183725859956,0.6983374060472316,7.0,зерновые,2025,131,0.6221153166752039,новый полигон
AOI-0068,2025-05-20,0.6635418506102733,0.6690819651315223,9.0,зерновые,2025,140,0.6850186843338485,новый полигон
AOI-0068,2025-06-10,0.4105034520852616,0.45911991269263785,6.0,зерновые,2025,161,0.3691013644260558,новый полигон
AOI-0068,2025-06-15,0.31592984304974053,0.4216653296560694,8.0,зерновые,2025,166,0.2901074299110454,новый полигон
AOI-0068,2025-06-17,0.31516281687651154,0.39140538584437085,8.0,зерновые,2025,168,0.2950444017608278,новый полигон
AOI-0068,2025-06-30,0.21952520450116353,0.26862913455083587,7.0,зерновые,2025,181,0.2153695913190305,новый полигон
AOI-0068,2025-07-22,0.20375498721055457,0.1710798186767274,8.0,зерновые,2025,203,0.2507102993136318,новый полигон
AOI-0068,2025-07-28,0.2314912594519199,0.17730216723762435,5.0,зерновые,2025,209,0.2427546901260505,новый полигон
AOI-0068,2025-08-13,0.22494224153115025,0.23888821188414638,8.0,зерновые,2025,225,0.2449077888655463,новый полигон
AOI-0068,2025-08-14,0.1857532488832672,0.23929614870220609,8.0,зерновые,2025,226,0.1660201084802814,новый полигон
AOI-0068,2025-08-23,0.21800640526737505,0.20220918087520506,7.0,зерновые,2025,235,0.2492116032729279,новый полигон
AOI-0068,2025-08-24,0.19644781277954118,0.20098096414549388,7.0,зерновые,2025,236,0.1828282041681204,новый полигон
AOI-0068,2025-09-08,0.19241357216853186,0.18528846396027232,10.0,зерновые,2025,251,0.1925021848401985,новый полигон
AOI-0068,2025-09-14,0.2718183038761677,0.207604215673171,2.0,зерновые,2025,257,0.2498670010504202,новый полигон
AOI-0068,2025-09-24,0.2346022046417036,0.1942160879416855,2.0,зерновые,2025,267,0.2441783041623397,новый полигон
AOI-0069,2025-04-16,0.17345146600069014,0.2061667067830788,10.0,зерновые,2025,106,0.1669731042566085,есть в train
AOI-0069,2025-04-21,0.181695844229302,0.15848024868201027,10.0,зерновые,2025,111,0.1628988225903637,есть в train
AOI-0069,2025-04-23,0.2835690864550737,0.1556009185397075,10.0,зерновые,2025,113,0.3060133480896931,есть в train
AOI-0069,2025-05-01,0.20960505733502546,0.19157007798109196,5.0,зерновые,2025,121,0.1748614497439934,есть в train
AOI-0069,2025-05-11,0.2391206113023393,0.38604647903111283,7.0,зерновые,2025,131,0.2949828632568063,есть в train
AOI-0069,2025-05-25,0.4328492108691628,0.4251542647011654,7.0,зерновые,2025,145,0.5056388220575501,есть в train
AOI-0069,2025-05-28,0.4396592077181241,0.45116387676029807,4.0,зерновые,2025,148,0.4168401495854953,есть в train
AOI-0069,2025-06-10,0.39121942291181455,0.41247218903068156,8.0,зерновые,2025,161,0.4330202579155039,есть в train
AOI-0069,2025-06-25,0.24640126325727113,0.2552683080110773,6.0,зерновые,2025,176,0.0932773456791269,есть в train
AOI-0069,2025-06-26,0.29790653463235284,0.2156555149735755,6.0,зерновые,2025,177,0.2908102300067365,есть в train
AOI-0069,2025-07-05,0.19665710326854116,0.2157185313306732,9.0,зерновые,2025,186,0.1253745492907779,есть в train
AOI-0069,2025-07-06,0.23041940787756027,0.20189709889372254,9.0,зерновые,2025,187,0.2545660230011802,есть в train
AOI-0069,2025-07-22,0.17207207458872445,0.13110709927093106,8.0,зерновые,2025,203,0.2110010258471502,есть в train
AOI-0069,2025-08-07,0.1740442287661152,0.14888525386142892,7.0,зерновые,2025,219,0.1787655027050834,есть в train
AOI-0069,2025-08-14,0.12919078397005834,0.186659029644545,2.0,зерновые,2025,226,0.1325417642146202,есть в train
AOI-0069,2025-09-01,0.14336445917668075,0.14152188611455999,3.0,зерновые,2025,244,0.1679820852311253,есть в train
AOI-0069,2025-09-14,0.2116153425056551,0.12495706629886205,2.0,зерновые,2025,257,0.1903460013473199,есть в train
AOI-0069,2025-09-24,0.18268560930613267,0.13955549670316156,7.0,зерновые,2025,267,0.1699385766305837,есть в train
AOI-0069,2025-09-25,0.15211596099237348,0.1534452560102133,7.0,зерновые,2025,268,0.1224667845996818,есть в train
AOI-0069,2025-09-28,0.1386692330498881,0.19511453393136857,7.0,зерновые,2025,271,0.1433435244259288,есть в train
AOI-0070,2025-05-11,0.27080763346573605,0.3322883902759457,7.0,зерновые,2025,131,0.5277146041993036,есть в train
AOI-0070,2025-05-25,0.32921210861015787,0.2867955086383779,7.0,зерновые,2025,145,0.3390887182855734,есть в train
AOI-0070,2025-06-07,0.20764114438771997,0.14179045172099103,10.0,зерновые,2025,158,0.2196181196554843,есть в train
AOI-0070,2025-06-10,0.22078239591939205,0.17684523644412709,10.0,зерновые,2025,161,0.1967076361572255,есть в train
AOI-0070,2025-06-25,0.19961662492023965,0.2673374305102395,5.0,зерновые,2025,176,0.335207860967317,есть в train
AOI-0070,2025-07-12,0.2370065082287686,0.22604305856605628,4.0,зерновые,2025,193,0.2302944740947532,есть в train
AOI-0070,2025-08-24,0.15357505161261967,0.18741188882191456,3.0,зерновые,2025,236,0.1504612436324455,есть в train
AOI-0070,2025-08-31,0.17808542440613195,0.18267078330728098,3.0,зерновые,2025,243,0.177434318297065,есть в train
AOI-0070,2025-09-25,0.1653802430349883,0.18592679216905014,4.0,зерновые,2025,268,0.1461592956282318,есть в train
AOI-0070,2025-10-02,0.19677716795024294,0.1813858492756708,3.0,зерновые,2025,275,0.192535939623456,есть в train
AOI-0070,2025-10-13,0.18205480981092936,0.16897311837287796,7.0,зерновые,2025,286,0.1646160745429436,есть в train
AOI-0070,2025-10-23,0.23261060015187665,0.31207390869231877,11.0,зерновые,2025,296,0.2189317183396401,есть в train
AOI-0071,2025-04-16,0.3174843937351638,0.35828768417169576,10.0,зерновые,2025,106,0.3099009558564577,есть в train
AOI-0071,2025-04-18,0.3263741550801782,0.38591153416571156,6.0,зерновые,2025,108,0.304585765090158,есть в train
AOI-0071,2025-04-21,0.3635411107768781,0.5226739318481028,6.0,зерновые,2025,111,0.3367431487403383,есть в train
AOI-0071,2025-05-25,0.4821980560116537,0.3579355098523776,7.0,зерновые,2025,145,0.5309943181818183,есть в train
AOI-0071,2025-06-26,0.5715615075844039,0.6659749487258061,7.0,зерновые,2025,177,0.503859090909091,есть в train
AOI-0071,2025-07-06,0.5401631061899486,0.5445269528726978,10.0,зерновые,2025,187,0.6471455122724575,есть в train
AOI-0071,2025-07-07,0.5093570963267933,0.545993128760769,10.0,зерновые,2025,188,0.6207196679430753,есть в train
AOI-0071,2025-07-12,0.46990888360655697,0.5022323276052034,4.0,зерновые,2025,193,0.4011056818181818,есть в train
AOI-0071,2025-08-13,0.4492198936506204,0.4485182008220458,8.0,зерновые,2025,225,0.3613079545454545,есть в train
AOI-0071,2025-08-23,0.4099616387604168,0.41851250122225425,20.0,зерновые,2025,235,0.4197165615500516,есть в train
AOI-0071,2025-08-24,0.3742394519991615,0.4161094514306326,20.0,зерновые,2025,236,0.3792413345716054,есть в train
AOI-0071,2025-08-26,0.39382918269038086,0.4113033518473891,20.0,зерновые,2025,238,0.3523854632511395,есть в train
AOI-0071,2025-08-29,0.36170175526447074,0.404094202472524,20.0,зерновые,2025,241,0.3805791917258999,есть в train
AOI-0071,2025-09-01,0.3780146258011207,0.39688505309765887,20.0,зерновые,2025,244,0.3735909095365726,есть в train
AOI-0071,2025-09-15,0.3617288568194988,0.32821078823982686,2.0,зерновые,2025,258,0.3436965704922068,есть в train
AOI-0071,2025-09-28,0.3203202632127665,0.3312553993567654,5.0,зерновые,2025,271,0.3258543051478828,есть в train
AOI-0072,2025-05-08,0.8026256909186604,0.80322423906684,3.0,зерновые,2025,128,0.6871114302071736,новый полигон
AOI-0072,2025-06-04,0.6259601313498362,0.6354051670811394,5.0,зерновые,2025,155,0.7010312846268412,новый полигон
AOI-0072,2025-07-05,0.1740853604277628,0.19315761478529853,9.0,зерновые,2025,186,0.153900711998724,новый полигон
AOI-0072,2025-07-06,0.21117593382570823,0.18437648374017215,9.0,зерновые,2025,187,0.2493213485826382,новый полигон
AOI-0072,2025-07-14,0.18543324082709528,0.19055753947653786,3.0,зерновые,2025,195,0.2160832424060361,новый полигон
AOI-0072,2025-07-17,0.1462844230903685,0.1720994895665352,7.0,зерновые,2025,198,0.1611035695670848,новый полигон
AOI-0072,2025-08-07,0.21589266074674524,0.15514695751365457,7.0,зерновые,2025,219,0.199714576990422,новый полигон
AOI-0072,2025-08-19,0.17727844470403856,0.17398428199744886,7.0,зерновые,2025,231,0.1593821410121355,новый полигон
AOI-0072,2025-08-29,0.19835329302484409,0.19059440389550403,5.0,зерновые,2025,241,0.1697856761142475,новый полигон
AOI-0072,2025-09-03,0.13138507688024115,0.18838396590554163,7.0,зерновые,2025,246,0.1563494922542738,новый полигон
AOI-0072,2025-09-15,0.18176126031354323,0.2158401158066107,3.0,зерновые,2025,258,0.1565863255178018,новый полигон
AOI-0072,2025-09-16,0.16895775495271267,0.2024981538971231,3.0,зерновые,2025,259,0.1993539021566326,новый полигон
AOI-0072,2025-09-30,0.20457601247582832,0.1723613007219148,4.0,зерновые,2025,273,0.1784489898989899,новый полигон
AOI-0072,2025-10-03,0.1315199684187019,0.1789291266444016,6.0,зерновые,2025,276,0.151947139638346,новый полигон
AOI-0072,2025-10-13,0.1347375160820132,0.14182930624859447,7.0,зерновые,2025,286,0.1248070926607408,новый полигон
AOI-0073,2010-06-26,0.6098441735389252,0.6195700464240386,8.0,озимая пшеница,2010,177,0.6328056515646895,новый полигон
AOI-0073,2010-07-12,0.5213652966007464,0.5173364844123849,16.0,озимая пшеница,2010,193,0.5581627837459131,новый полигон
AOI-0073,2011-04-07,0.24820254306655126,0.1430869856263179,22.0,озимая пшеница,2011,97,0.2378155908453993,новый полигон
AOI-0073,2011-07-14,0.5825871021176522,0.6222982111163009,16.0,озимая пшеница,2011,195,0.5632615303305933,новый полигон
AOI-0073,2011-09-14,0.3584058417906104,0.2725052667863912,24.0,озимая пшеница,2011,257,0.4320670901447921,новый полигон
AOI-0073,2012-04-22,0.436241612260849,0.34513528487241557,25.0,озимая пшеница,2012,113,0.5151560952825782,новый полигон
AOI-0073,2012-04-27,0.34520816519853165,0.39197687640746964,25.0,озимая пшеница,2012,118,0.3758560024008643,новый полигон
AOI-0073,2012-05-24,0.6611411872234152,0.5835593066828246,27.0,озимая пшеница,2012,145,0.6888308360579168,новый полигон
AOI-0073,2012-09-29,0.307865130658414,0.19063730499007964,16.0,озимая пшеница,2012,273,0.2714972442783746,новый полигон
AOI-0073,2013-04-03,0.2895909575934895,0.3010377487155535,,озимая пшеница,2013,93,0.2121098945998425,новый полигон
AOI-0073,2013-06-10,0.4920033452730303,0.3878141248991335,17.0,озимая пшеница,2013,161,0.5300892573563756,новый полигон
AOI-0073,2013-06-25,0.5385854526101552,0.5712343046884938,17.0,озимая пшеница,2013,176,0.5132999537247788,новый полигон
AOI-0073,2013-07-12,0.5277200677023751,0.4924911464553199,8.0,озимая пшеница,2013,193,0.532353545072396,новый полигон
AOI-0073,2013-07-28,0.50552248238034,0.6378533494203071,16.0,озимая пшеница,2013,209,0.5156099859878562,новый полигон
AOI-0073,2013-09-30,0.37112015616500915,0.4277630919650427,32.0,озимая пшеница,2013,273,0.396937730032695,новый полигон
AOI-0073,2014-05-27,0.5292715013158199,0.6360809983610767,10.0,озимая пшеница,2014,147,0.5710518551431888,новый полигон
AOI-0073,2014-07-12,0.7236286713567875,0.7567690388810044,16.0,озимая пшеница,2014,193,0.7557180382998597,новый полигон
AOI-0073,2014-07-30,0.6772859192630811,0.6391503895096441,10.0,озимая пшеница,2014,211,0.6623110903813034,новый полигон
AOI-0073,2014-08-13,0.5005776276883839,0.4661060355422253,8.0,озимая пшеница,2014,225,0.4695084072863149,новый полигон
AOI-0073,2014-09-14,0.3708717969342409,0.39215547337465806,30.0,озимая пшеница,2014,257,0.398446221391873,новый полигон
AOI-0073,2014-10-10,0.24584917268908493,0.29703904717421764,16.0,озимая пшеница,2014,283,0.2565667422384127,новый полигон
AOI-0073,2015-05-22,0.3744460081902081,0.4756888345222725,11.0,озимая пшеница,2015,142,0.3650812965811869,новый полигон
AOI-0073,2015-05-30,0.42686656883499713,0.4896988503214441,13.0,озимая пшеница,2015,150,0.5516135484556137,новый полигон
AOI-0073,2015-06-10,0.5763863160900164,0.4547964600974187,16.0,озимая пшеница,2015,161,0.6513773283512376,новый полигон
AOI-0073,2015-06-15,0.44941258293943764,0.4833240896079458,16.0,озимая пшеница,2015,166,0.4678781029479457,новый полигон
AOI-0073,2015-07-01,0.6258155114083515,0.6333963638486687,16.0,озимая пшеница,2015,182,0.6586917922262163,новый полигон
AOI-0073,2015-07-09,0.6173823989576694,0.6516813334890238,16.0,озимая пшеница,2015,190,0.6299410188270483,новый полигон
AOI-0073,2015-08-26,0.3255789494778507,0.3369280418028957,16.0,озимая пшеница,2015,238,0.3638804293322075,новый полигон
AOI-0073,2015-10-05,0.21498250771479643,0.2523416460968505,13.0,озимая пшеница,2015,278,0.2215488964568611,новый полигон
AOI-0073,2016-04-06,0.4324281294852038,0.7261413451658104,,озимая пшеница,2016,97,0.2995940365322438,новый полигон
AOI-0073,2017-04-23,0.29426511260995997,0.22788534195591265,18.0,озимая пшеница,2017,113,0.3093735730966837,новый полигон
AOI-0073,2017-06-04,0.37156462127776496,0.2771176634463775,9.0,озимая пшеница,2017,155,0.393108683543877,новый полигон
AOI-0073,2017-06-12,0.39758412402290877,0.5920543841896008,10.0,озимая пшеница,2017,163,0.5271226123528693,новый полигон
AOI-0073,2017-07-06,0.786812550093204,0.7469422419860028,12.0,озимая пшеница,2017,187,0.7424075991252633,новый полигон
AOI-0073,2017-07-18,0.7376971654459744,0.7741310439712761,8.0,озимая пшеница,2017,199,0.8176223674214242,новый полигон
AOI-0073,2017-08-07,0.7238695852398964,0.6480108127043438,16.0,озимая пшеница,2017,219,0.6666558745669814,новый полигон
AOI-0073,2017-08-12,0.6328274221777491,0.6081092363381596,16.0,озимая пшеница,2017,224,0.6306822170359903,новый полигон
AOI-0073,2017-10-11,0.24748203080605397,0.33361677691445796,8.0,озимая пшеница,2017,284,0.2715283411807701,новый полигон
AOI-0073,2017-10-16,0.30679992718607574,0.2663375747089277,8.0,озимая пшеница,2017,289,0.3049296310135451,новый полигон
AOI-0073,2018-04-16,0.16735730957242445,0.2553601035010952,11.0,озимая пшеница,2018,106,0.1486214739886449,новый полигон
AOI-0073,2019-05-17,0.3082197976411164,0.2709057863478687,5.0,озимая пшеница,2019,137,0.3539411069956122,новый полигон
AOI-0073,2019-05-19,0.3200615865525006,0.29034771607915144,5.0,озимая пшеница,2019,139,0.2978208009992385,новый полигон
AOI-0073,2019-06-03,0.5300339977664181,0.5609096971019127,3.0,озимая пшеница,2019,154,0.5322647341432563,новый полигон
AOI-0073,2019-07-13,0.6969463049099702,0.6949422088693566,3.0,озимая пшеница,2019,194,0.6678520401431315,новый полигон
AOI-0073,2019-08-07,0.6639202195413129,0.572980536331094,4.0,озимая пшеница,2019,219,0.6712929443447206,новый полигон
AOI-0073,2019-08-12,0.5978555037853335,0.5640209433124145,4.0,озимая пшеница,2019,224,0.581324018073262,новый полигон
AOI-0073,2019-09-06,0.3422821985902293,0.3142404013183573,10.0,озимая пшеница,2019,249,0.3430428540921517,новый полигон
AOI-0073,2019-09-11,0.31123347583709415,0.32229637834106317,10.0,озимая пшеница,2019,254,0.2754831564934702,новый полигон
AOI-0073,2019-09-15,0.31021433065372506,0.34469666118437586,7.0,озимая пшеница,2019,258,0.4873880567830747,новый полигон
AOI-0073,2019-09-16,0.3096831411942431,0.31251735940347336,7.0,озимая пшеница,2019,259,0.3353976929080147,новый полигон
AOI-0073,2019-09-28,0.19309419785154747,0.28817311174452487,4.0,озимая пшеница,2019,271,0.2798442411145331,новый полигон
AOI-0073,2019-10-16,0.28160323645437707,0.22581219364633776,4.0,озимая пшеница,2019,289,0.2338331221881611,новый полигон
AOI-0073,2019-10-26,0.2505171069713983,0.2043478273909489,,озимая пшеница,2019,299,0.2259173343426853,новый полигон
AOI-0073,2020-04-05,0.19236904298627322,0.23955657643460684,3.0,озимая пшеница,2020,96,0.1271379830577389,новый полигон
AOI-0073,2020-04-15,0.20588148932202954,0.22333703087187015,4.0,озимая пшеница,2020,106,0.0227969180607333,новый полигон
AOI-0073,2020-04-22,0.3521651100749373,0.25927119993623665,5.0,озимая пшеница,2020,113,0.4894778421298458,новый полигон
AOI-0073,2020-05-18,0.6269958469786242,0.6703157261090419,7.0,озимая пшеница,2020,139,0.3331437796883366,новый полигон
AOI-0073,2020-07-04,0.3201225000103809,0.29791561698454344,5.0,озимая пшеница,2020,186,0.2633374162697999,новый полигон
AOI-0073,2020-07-06,0.3238130387733214,0.26068545114931696,5.0,озимая пшеница,2020,188,0.257159027357862,новый полигон
AOI-0073,2020-07-24,0.205452773474885,0.2007968156984743,5.0,озимая пшеница,2020,206,0.1424772793361543,новый полигон
AOI-0073,2020-07-29,0.17496447691501257,0.21423983312894754,3.0,озимая пшеница,2020,211,0.1610673892245972,новый полигон
AOI-0073,2020-08-12,0.289529512084942,0.1552637346454224,2.0,озимая пшеница,2020,225,0.3215778234469874,новый полигон
AOI-0073,2020-09-01,0.20870754233726277,0.18575676582226064,2.0,озимая пшеница,2020,245,0.2282171999207422,новый полигон
AOI-0073,2020-09-20,0.14185672710927735,0.1603658279624233,5.0,озимая пшеница,2020,264,0.169250635405609,новый полигон
AOI-0073,2020-10-20,0.21775230307872737,0.17937218498298557,3.0,озимая пшеница,2020,294,0.1972153393942556,новый полигон
AOI-0073,2020-10-26,0.1901766851683057,0.1676962031801427,,озимая пшеница,2020,300,0.1885972449984178,новый полигон
AOI-0073,2021-05-06,0.228559576355155,0.24484666806385696,4.0,озимая пшеница,2021,126,0.2314733048841837,новый полигон
AOI-0073,2021-05-13,0.19990926321837488,0.34141880650936385,16.0,озимая пшеница,2021,133,0.2014672440521195,новый полигон
AOI-0073,2021-05-15,0.21348497483396392,0.32500729430398045,16.0,озимая пшеница,2021,135,0.2036694006909901,новый полигон
AOI-0073,2021-06-29,0.6609615712761108,0.6894986181452427,4.0,озимая пшеница,2021,180,0.6582930012965312,новый полигон
AOI-0073,2021-07-25,0.7665617375098538,0.7505692471495077,3.0,озимая пшеница,2021,206,0.7677364858911966,новый полигон
AOI-0073,2021-08-02,0.6642109246003682,0.6689390468672718,2.0,озимая пшеница,2021,214,0.7263126863148751,новый полигон
AOI-0073,2021-09-07,0.3388872328887082,0.2720408835575314,5.0,озимая пшеница,2021,250,0.3563969335856715,новый полигон
AOI-0073,2021-09-14,0.3474927832069413,0.298079944828161,7.0,озимая пшеница,2021,257,0.3846199813171416,новый полигон
AOI-0073,2021-09-15,0.27821745398805936,0.290726837613953,7.0,озимая пшеница,2021,258,0.3062246284331684,новый полигон
AOI-0073,2022-04-23,0.2809191331558786,0.17175054603483897,13.0,озимая пшеница,2022,113,0.1757738092520237,новый полигон
AOI-0073,2022-04-25,0.19897540505304553,0.16930342208438537,13.0,озимая пшеница,2022,115,0.1877777097725866,новый полигон
AOI-0073,2022-06-04,0.2765483547082777,0.26136097567763594,4.0,озимая пшеница,2022,155,0.2090584264086797,новый полигон
AOI-0073,2022-06-07,0.24671850952504978,0.3303642298418204,4.0,озимая пшеница,2022,158,0.2646502147520767,новый полигон
AOI-0073,2022-06-09,0.2813180162111897,0.3390601040178681,4.0,озимая пшеница,2022,160,0.2857850535486742,новый полигон
AOI-0073,2022-06-14,0.36640282741020447,0.3848619889583094,5.0,озимая пшеница,2022,165,0.3742831390027553,новый полигон
AOI-0073,2022-07-05,0.7791001341650283,0.7549291691657347,5.0,озимая пшеница,2022,186,0.8057110108574805,новый полигон
AOI-0073,2022-07-07,0.7848218456813009,0.7579381251289181,5.0,озимая пшеница,2022,188,0.8041618402239497,новый полигон
AOI-0073,2022-09-10,0.3595455202892483,0.3210915677829624,6.0,озимая пшеница,2022,253,0.4309169689616711,новый полигон
AOI-0073,2022-09-30,0.3302070875814831,0.25592239512149684,15.0,озимая пшеница,2022,273,0.7834186637570996,новый полигон
AOI-0073,2023-04-02,0.20997864653491635,0.1008466767420375,,озимая пшеница,2023,92,0.2214485045545687,новый полигон
AOI-0073,2023-04-28,0.27846097520938223,0.29173128373554275,8.0,озимая пшеница,2023,118,0.1934094816711016,новый полигон
AOI-0073,2023-05-03,0.2998207068895851,0.3227615351920314,8.0,озимая пшеница,2023,123,0.2629938650158403,новый полигон
AOI-0073,2023-05-05,0.24462726541463647,0.3510536349443466,5.0,озимая пшеница,2023,125,0.2626959603824962,новый полигон
AOI-0073,2023-05-13,0.3244732851169853,0.31932389532702576,3.0,озимая пшеница,2023,133,0.2608223103162642,новый полигон
AOI-0073,2023-06-04,0.5867756363305888,0.5687825240250044,3.0,озимая пшеница,2023,155,0.5444854459713434,новый полигон
AOI-0073,2023-06-07,0.568255478279345,0.5715070759489893,3.0,озимая пшеница,2023,158,0.5481369747066868,новый полигон
AOI-0073,2023-07-25,0.3515901394818762,0.2677029621703392,8.0,озимая пшеница,2023,206,0.3257758580601699,новый полигон
AOI-0073,2023-07-31,0.306580233797352,0.26220878027837236,4.0,озимая пшеница,2023,212,0.329321583370354,новый полигон
AOI-0073,2023-08-06,0.23569700071435343,0.2142796236830457,5.0,озимая пшеница,2023,218,0.2185635104384343,новый полигон
AOI-0073,2023-08-16,0.2557673491939891,0.2405392517668388,5.0,озимая пшеница,2023,228,0.2663649787413385,новый полигон
AOI-0073,2023-08-28,0.2005216794678247,0.30241758970315347,3.0,озимая пшеница,2023,240,0.1610847125613373,новый полигон
AOI-0073,2023-09-07,0.20752307953687565,0.23289203898915606,9.0,озимая пшеница,2023,250,0.205345750884363,новый полигон
AOI-0073,2023-09-12,0.19559710597124877,0.30193022692677424,9.0,озимая пшеница,2023,255,0.1722247909489319,новый полигон
AOI-0073,2023-09-29,0.23554824086361192,0.1854638863024462,3.0,озимая пшеница,2023,272,0.2116296137729708,новый полигон
AOI-0073,2023-10-11,0.2417067362347399,0.24723325280934733,12.0,озимая пшеница,2023,284,0.3127302502295088,новый полигон
AOI-0073,2023-10-15,0.28000844038920597,0.32424734892037094,4.0,озимая пшеница,2023,288,0.2650545965487857,новый полигон
AOI-0073,2024-04-14,0.4754065398225203,0.5085298747578626,5.0,озимая пшеница,2024,105,0.4195464663325295,новый полигон
AOI-0073,2024-04-20,0.6267481409156823,0.5591142400458863,3.0,озимая пшеница,2024,111,0.5450155867641548,новый полигон
AOI-0073,2024-05-06,0.6299385846808052,0.6619621701499088,4.0,озимая пшеница,2024,127,0.6058656802026675,новый полигон
AOI-0073,2024-05-07,0.5980727766462498,0.6742707908199332,4.0,озимая пшеница,2024,128,0.5833410682670666,новый полигон
AOI-0073,2024-06-23,0.31315407353614544,0.4321613166222207,9.0,озимая пшеница,2024,175,0.3376928073458429,новый полигон
AOI-0073,2024-07-03,0.28368579878376715,0.2767099300925824,5.0,озимая пшеница,2024,185,0.2731115749817994,новый полигон
AOI-0073,2024-07-11,0.32805710627961315,0.2556713856479267,8.0,озимая пшеница,2024,193,0.3010180912362744,новый полигон
AOI-0073,2024-07-13,0.25953720415125875,0.2544957747296203,8.0,озимая пшеница,2024,195,0.3002529511657837,новый полигон
AOI-0073,2024-07-21,0.2320792679024767,0.20520459482719733,5.0,озимая пшеница,2024,203,0.1784077066762401,новый полигон
AOI-0073,2024-07-25,0.27346721814089503,0.18105423372620982,3.0,озимая пшеница,2024,207,0.2542667460497996,новый полигон
AOI-0073,2024-08-12,0.2154486806052005,0.19185105412524903,5.0,озимая пшеница,2024,225,0.1940412309591826,новый полигон
AOI-0073,2024-08-28,0.24177893671255357,0.16939922090230003,3.0,озимая пшеница,2024,241,0.3017438206445585,новый полигон
AOI-0073,2024-09-01,0.17529870839252082,0.18313728237202592,5.0,озимая пшеница,2024,245,0.1746080964633137,новый полигон
AOI-0073,2024-09-13,0.23991082437061348,0.1798210604997848,5.0,озимая пшеница,2024,257,0.2907507706679121,новый полигон
AOI-0073,2024-09-29,0.21826028673969308,0.19758961160184774,4.0,озимая пшеница,2024,273,0.1891788670818476,новый полигон
AOI-0073,2025-04-07,0.20548654056558144,0.17276646815394628,5.0,озимая пшеница,2025,97,0.3500567367660964,новый полигон
AOI-0073,2025-04-15,0.17683175433977588,0.17924357438266458,5.0,озимая пшеница,2025,105,0.3206380598286406,новый полигон
AOI-0073,2025-04-19,0.2085622594119997,0.1809593371069618,4.0,озимая пшеница,2025,109,0.1803407541646113,новый полигон
AOI-0073,2025-04-22,0.20782561089506085,0.18258114045427287,3.0,озимая пшеница,2025,112,0.1871675477976807,новый полигон
AOI-0073,2025-04-23,0.2881245222132991,0.18148745511796255,3.0,озимая пшеница,2025,113,0.2342560099039149,новый полигон
AOI-0073,2025-04-29,0.19279995632743424,0.17569231192517126,7.0,озимая пшеница,2025,119,0.2090972733926651,новый полигон
AOI-0073,2025-05-11,0.21684085298793987,0.2909484660071423,3.0,озимая пшеница,2025,131,0.2087788088825232,новый полигон
AOI-0073,2025-05-22,0.23275989999011537,0.21855978613362553,10.0,озимая пшеница,2025,142,0.2274632911147268,новый полигон
AOI-0073,2025-05-29,0.27272694111895135,0.25792054922875135,6.0,озимая пшеница,2025,149,0.2514530869126265,новый полигон
AOI-0073,2025-06-03,0.3050734140938949,0.36911376549166525,4.0,озимая пшеница,2025,154,0.3411366181303609,новый полигон
AOI-0073,2025-06-30,0.7755593119155728,0.8220404722260428,8.0,озимая пшеница,2025,181,0.7959883444090846,новый полигон
AOI-0073,2025-07-06,0.7889673713247063,0.8242308271601018,6.0,озимая пшеница,2025,187,0.8211699579216556,новый полигон
AOI-0073,2025-07-08,0.8004275049752136,0.81831369445476,6.0,озимая пшеница,2025,189,0.8020352918308354,новый полигон
AOI-0073,2025-07-28,0.7206361630544899,0.736540456770451,9.0,озимая пшеница,2025,209,0.775660067848447,новый полигон
AOI-0073,2025-08-05,0.7440790080720056,0.6962474985116325,8.0,озимая пшеница,2025,217,0.7401302054447998,новый полигон
AOI-0073,2025-08-07,0.7196912616443456,0.6620292184254877,8.0,озимая пшеница,2025,219,0.6948599118686349,новый полигон
AOI-0073,2025-08-22,0.48327068523346584,0.5038877250327245,8.0,озимая пшеница,2025,234,0.4519173900227806,новый полигон
AOI-0073,2025-08-27,0.38412409002148384,0.4000508829126542,8.0,озимая пшеница,2025,239,0.214558780111235,новый полигон
AOI-0073,2025-09-22,0.32002375240505404,0.29226877474393487,3.0,озимая пшеница,2025,265,0.3391671623458522,новый полигон
AOI-0074,2010-07-12,0.3675185786175447,0.2607707533294923,16.0,озимая пшеница,2010,193,0.387827666451196,новый полигон
AOI-0074,2010-08-29,0.3076222826093561,0.31832558177117004,32.0,озимая пшеница,2010,241,0.3338150937297996,новый полигон
AOI-0074,2011-05-27,0.31055646168673745,0.4966652271415988,10.0,озимая пшеница,2011,147,0.3599568754366526,новый полигон
AOI-0074,2011-06-20,0.6147412949578887,0.570206185438811,30.0,озимая пшеница,2011,171,0.4941265198075008,новый полигон
AOI-0074,2011-06-26,0.7877356919339629,0.6347148029024343,30.0,озимая пшеница,2011,177,0.6692782805429865,новый полигон
AOI-0074,2011-07-06,0.8115805410597816,0.7422291653418067,30.0,озимая пшеница,2011,187,0.7540356778044991,новый полигон
AOI-0074,2011-09-24,0.2578068171860201,0.3665579185520363,16.0,озимая пшеница,2011,267,0.2410430363409472,новый полигон
AOI-0074,2013-06-25,0.4120193176493741,0.5080817711700066,16.0,озимая пшеница,2013,176,0.4351307760526712,новый полигон
AOI-0074,2013-07-03,0.3215981862023005,0.4296688914027151,16.0,озимая пшеница,2013,184,0.376757538246553,новый полигон
AOI-0074,2013-07-11,0.25445116840046816,0.34454840012928256,16.0,озимая пшеница,2013,192,0.3223823278386351,новый полигон
AOI-0074,2013-08-13,0.30844686751441197,0.26457865118985224,17.0,озимая пшеница,2013,225,0.3044950226244344,новый полигон
AOI-0074,2014-07-14,0.8005091713796234,0.7846413247184478,18.0,озимая пшеница,2014,195,0.8066721580945371,новый полигон
AOI-0074,2014-07-28,0.6357744253715686,0.7114821814579888,18.0,озимая пшеница,2014,209,0.6933586296056884,новый полигон
AOI-0074,2014-09-14,0.33752947994342375,0.3147883077486604,30.0,озимая пшеница,2014,257,0.3521873303167421,новый полигон
AOI-0074,2014-10-16,0.2704198039846425,0.21590217537551934,16.0,озимая пшеница,2014,289,0.2472546218487395,новый полигон
AOI-0074,2015-04-23,0.28243888103499604,0.2776979560767321,27.0,озимая пшеница,2015,113,0.2342003232062056,новый полигон
AOI-0074,2015-04-28,0.23405936628212484,0.31915356813824136,27.0,озимая пшеница,2015,118,0.1993398244994875,новый полигон
AOI-0074,2015-07-25,0.7260623549018378,0.6420590671156441,11.0,озимая пшеница,2015,206,0.688051051176534,новый полигон
AOI-0074,2015-10-16,0.2508283347346202,0.2016156387370846,8.0,озимая пшеница,2015,289,0.2695098577892695,новый полигон
AOI-0074,2015-10-29,0.1914016985037614,0.1970613268791054,,озимая пшеница,2015,302,0.1580320866876005,новый полигон
AOI-0074,2016-08-12,0.3641474004742834,0.27233147590894186,32.0,озимая пшеница,2016,225,0.2748733043195916,новый полигон
AOI-0074,2016-08-20,0.2565826178673201,0.2501248048889192,32.0,озимая пшеница,2016,233,0.242461642763479,новый полигон
AOI-0074,2017-04-23,0.3201783009618224,0.22802569416823565,18.0,озимая пшеница,2017,113,0.3091084356819651,новый полигон
AOI-0074,2017-05-04,0.21925745404476596,0.27600281689597317,6.0,озимая пшеница,2017,124,0.1951852367993963,новый полигон
AOI-0074,2017-05-06,0.26932583176748565,0.3478672363560713,6.0,озимая пшеница,2017,126,0.1945814095012033,новый полигон
AOI-0074,2017-06-04,0.37647187571085977,0.3793023226058969,16.0,озимая пшеница,2017,155,0.3098472090697221,новый полигон
AOI-0074,2017-06-05,0.3847059144510154,0.38849636852999214,16.0,озимая пшеница,2017,156,0.2312385128041925,новый полигон
AOI-0074,2017-06-10,0.5740298406812768,0.4344665981504682,16.0,озимая пшеница,2017,161,0.6156368455074337,новый полигон
AOI-0074,2017-06-20,0.6293514212762181,0.5944476461387264,16.0,озимая пшеница,2017,171,0.5454997916882858,новый полигон
AOI-0074,2017-06-26,0.751363825420207,0.7006423632437772,16.0,озимая пшеница,2017,177,0.8080561409179058,новый полигон
AOI-0074,2017-07-18,0.7425668375410702,0.7708280706057918,8.0,озимая пшеница,2017,199,0.809420498868308,новый полигон
AOI-0074,2017-08-07,0.7157861336146363,0.6486962085275811,15.0,озимая пшеница,2017,219,0.6682877501188498,новый полигон
AOI-0074,2017-08-17,0.517820925127274,0.5229414350847272,4.0,озимая пшеница,2017,229,0.5206768805377721,новый полигон
AOI-0074,2017-09-16,0.28477255822784703,0.3649641682615852,7.0,озимая пшеница,2017,259,0.2824708959610937,новый полигон
AOI-0074,2017-10-11,0.21990146849451278,0.27932875294213905,8.0,озимая пшеница,2017,284,0.2284681931558735,новый полигон
AOI-0074,2017-10-16,0.2805233639692174,0.22793251512727744,8.0,озимая пшеница,2017,289,0.2935467356173238,новый полигон
AOI-0074,2018-04-04,0.24392583215347077,0.2489189722042663,,озимая пшеница,2018,94,-0.009643601523034,новый полигон
AOI-0074,2018-04-23,0.33364916505748804,0.21389008964614264,12.0,озимая пшеница,2018,113,0.4000749191984487,новый полигон
AOI-0074,2018-05-06,0.279412051788496,0.36778445482124056,5.0,озимая пшеница,2018,126,0.3122092150328178,новый полигон
AOI-0074,2018-05-11,0.3024043996887665,0.5344783088235296,16.0,озимая пшеница,2018,131,0.3291483719490092,новый полигон
AOI-0074,2018-05-22,0.3810965556878571,0.4968765251292826,16.0,озимая пшеница,2018,142,0.3762481081318609,новый полигон
AOI-0074,2018-05-26,0.41528393691430493,0.4849842133968973,16.0,озимая пшеница,2018,146,0.2239687044652612,новый полигон
AOI-0074,2018-05-30,0.3595253380807635,0.47843509413380747,16.0,озимая пшеница,2018,150,0.3008398448416963,новый полигон
AOI-0074,2018-07-13,0.7192033077621006,0.7720880938966036,13.0,озимая пшеница,2018,194,0.6754783197049798,новый полигон
AOI-0074,2018-08-18,0.7439697318748846,0.7342185592169836,13.0,озимая пшеница,2018,230,0.7588226756762922,новый полигон
AOI-0074,2018-09-14,0.41812655025679657,0.3920485253664819,18.0,озимая пшеница,2018,257,0.3553944085326438,новый полигон
AOI-0074,2018-09-19,0.3294147260857049,0.34028903768373797,18.0,озимая пшеница,2018,262,0.2375178378896348,новый полигон
AOI-0074,2018-09-30,0.27126622012758467,0.22641816478170135,18.0,озимая пшеница,2018,273,0.3392325791855203,новый полигон
AOI-0074,2019-04-23,0.2125248740086296,0.14775835281674105,3.0,озимая пшеница,2019,113,0.1842986109788438,новый полигон
AOI-0074,2019-05-04,0.2038715642602466,0.15120304203614615,12.0,озимая пшеница,2019,124,0.1844599914496327,новый полигон
AOI-0074,2019-05-14,0.25719559443633666,0.2800716883712714,6.0,озимая пшеница,2019,134,0.2105585788191009,новый полигон
AOI-0074,2019-05-16,0.2898267367491803,0.32971113764642107,6.0,озимая пшеница,2019,136,0.2250807383449782,новый полигон
AOI-0074,2019-05-31,0.45628604763630515,0.4348195976192402,5.0,озимая пшеница,2019,151,0.4378831792871356,новый полигон
AOI-0074,2019-06-13,0.7260628920864652,0.6895358716066562,5.0,озимая пшеница,2019,164,0.6771937852603308,новый полигон
AOI-0074,2019-07-13,0.6629716446155721,0.6831458744552266,3.0,озимая пшеница,2019,194,0.3005064884333918,новый полигон
AOI-0074,2019-08-05,0.6376187319367438,0.5098656765421302,8.0,озимая пшеница,2019,217,0.6373263687418471,новый полигон
AOI-0074,2019-08-09,0.5939174592271047,0.6277738501807504,5.0,озимая пшеница,2019,221,0.1644981693228778,новый полигон
AOI-0074,2019-09-14,0.2801848321443969,0.24130640972151,3.0,озимая пшеница,2019,257,0.3510844648225225,новый полигон
AOI-0074,2020-04-09,0.2119255967217101,0.13364559975408666,2.0,озимая пшеница,2020,100,0.1910459035643951,новый полигон
AOI-0074,2020-07-06,0.30205021511404073,0.20833945997289005,3.0,озимая пшеница,2020,188,0.2730543691971577,новый полигон
AOI-0074,2020-07-22,0.23025875076624064,0.17484417226012383,5.0,озимая пшеница,2020,204,0.14085609364064,новый полигон
AOI-0074,2020-08-07,0.23181893310843601,0.14569893915574575,2.0,озимая пшеница,2020,220,0.207242718854691,новый полигон
AOI-0074,2020-08-26,0.14800567569508294,0.09022778437054907,5.0,озимая пшеница,2020,239,0.1888697008526594,новый полигон
AOI-0074,2020-09-07,0.13418142445313863,0.15969488591259481,8.0,озимая пшеница,2020,251,0.1605497599215391,новый полигон
AOI-0074,2020-09-08,0.15327412955591765,0.15903102943333478,8.0,озимая пшеница,2020,252,0.2207907301706674,новый полигон
AOI-0074,2020-09-12,0.1641340014706774,0.2692853976700148,3.0,озимая пшеница,2020,256,0.1626434765528751,новый полигон
AOI-0074,2020-10-07,0.1690790056136269,0.1562346029242897,10.0,озимая пшеница,2020,281,0.1774919980646143,новый полигон
AOI-0074,2020-10-12,0.1438321247796916,0.15127571537767387,10.0,озимая пшеница,2020,286,0.1190521666253356,новый полигон
AOI-0074,2020-10-18,0.26682867011270545,0.15513967059344563,2.0,озимая пшеница,2020,292,0.2537605076693299,новый полигон
AOI-0074,2020-10-22,0.1445409317346423,0.18811868789553216,6.0,озимая пшеница,2020,296,0.1547346869031331,новый полигон
AOI-0074,2021-04-25,0.1644172003064478,0.06852134318270009,5.0,озимая пшеница,2021,115,0.3244789070605642,новый полигон
AOI-0074,2021-06-23,0.6265569594264044,0.5808592174244332,2.0,озимая пшеница,2021,174,0.5146810703083421,новый полигон
AOI-0074,2021-06-27,0.6474816198885815,0.7335905109074063,3.0,озимая пшеница,2021,178,0.5640220762447404,новый полигон
AOI-0074,2021-07-17,0.6939543459217884,0.7433482693889398,4.0,озимая пшеница,2021,198,0.7637729936618106,новый полигон
AOI-0074,2021-08-03,0.5804503045587974,0.6233525471954648,9.0,озимая пшеница,2021,215,0.561521046905009,новый полигон
AOI-0074,2021-08-06,0.562446385710245,0.582966941040504,9.0,озимая пшеница,2021,218,0.6063007184248199,новый полигон
AOI-0074,2021-08-19,0.4541968608326254,0.43106357763530523,3.0,озимая пшеница,2021,231,0.5123992716760142,новый полигон
AOI-0074,2021-09-03,0.3186109869159635,0.1185005739206515,5.0,озимая пшеница,2021,246,0.3706116566114377,новый полигон
AOI-0074,2021-10-06,0.22855616130363923,0.18197506023085291,15.0,озимая пшеница,2021,279,0.2809725942771844,новый полигон
AOI-0074,2021-10-17,0.17625232275925265,0.2807582458613459,5.0,озимая пшеница,2021,290,0.1870632402784941,новый полигон
AOI-0074,2021-10-20,0.22199757139105497,0.25549426334195746,5.0,озимая пшеница,2021,293,0.2677002589772934,новый полигон
AOI-0074,2021-10-27,0.19121689144046516,0.23760780602035905,5.0,озимая пшеница,2021,300,0.1849732402864738,новый полигон
AOI-0074,2022-05-30,0.23336744789808708,0.3220347121708538,8.0,озимая пшеница,2022,150,0.2329649245820673,новый полигон
AOI-0074,2022-07-12,0.72566141615557,0.7703864061265876,10.0,озимая пшеница,2022,193,0.7898557287018241,новый полигон
AOI-0074,2022-08-29,0.5296929950275141,0.49862932589012626,2.0,озимая пшеница,2022,241,0.527079476405947,новый полигон
AOI-0074,2022-10-16,0.3304570409153691,0.2379171249701037,2.0,озимая пшеница,2022,289,0.3048575349355632,новый полигон
AOI-0074,2023-04-28,0.26423567812158094,0.2561903690812195,7.0,озимая пшеница,2023,118,0.1933168312800733,новый полигон
AOI-0074,2023-05-30,0.42345810040462845,0.43541996371935465,8.0,озимая пшеница,2023,150,0.4537611144350981,новый полигон
AOI-0074,2023-06-09,0.5906126668843624,0.6465151307741509,4.0,озимая пшеница,2023,160,0.5037603186598165,новый полигон
AOI-0074,2023-06-19,0.47332888628778164,0.47856937701182245,4.0,озимая пшеница,2023,170,0.6427810914380149,новый полигон
AOI-0074,2023-07-14,0.25841084627465544,0.39899460177396023,3.0,озимая пшеница,2023,195,0.2678214034510439,новый полигон
AOI-0074,2023-08-16,0.23949925407149517,0.21459302479934744,5.0,озимая пшеница,2023,228,0.2158085414064809,новый полигон
AOI-0074,2023-09-14,0.2338843076867915,0.18673184482178184,5.0,озимая пшеница,2023,257,0.3360999353587588,новый полигон
AOI-0074,2023-10-11,0.2526026478286052,0.249502340081105,9.0,озимая пшеница,2023,284,0.3218191618496149,новый полигон
AOI-0074,2024-04-17,0.540709828736366,0.4966054453551842,5.0,озимая пшеница,2024,108,0.5938786881514383,новый полигон
AOI-0074,2024-05-08,0.6793509969901095,0.6068558703752363,5.0,озимая пшеница,2024,129,0.7143807369101487,новый полигон
AOI-0074,2024-05-09,0.6141374402531887,0.6189950668381834,5.0,озимая пшеница,2024,130,0.6378057650885229,новый полигон
AOI-0074,2024-06-06,0.5262446363245966,0.5130678929567437,7.0,озимая пшеница,2024,158,0.5047596698431494,новый полигон
AOI-0074,2024-07-08,0.2590602481628887,0.27423332854491866,5.0,озимая пшеница,2024,190,0.2476926200712338,новый полигон
AOI-0074,2024-07-18,0.26029758063499536,0.3229409734961739,4.0,озимая пшеница,2024,200,0.2515866146500924,новый полигон
AOI-0074,2024-07-27,0.30840433777349074,0.16649910719936956,2.0,озимая пшеница,2024,209,0.3839586942469295,новый полигон
AOI-0074,2024-08-12,0.189704983571394,0.19896439888152903,5.0,озимая пшеница,2024,225,0.1905516769074429,новый полигон
AOI-0074,2024-08-28,0.2534945837588614,0.15369399010680032,3.0,озимая пшеница,2024,241,0.2848718487394958,новый полигон
AOI-0074,2024-09-04,0.19787520932176267,0.16097515713348337,5.0,озимая пшеница,2024,248,0.2022836598000361,новый полигон
AOI-0074,2024-09-09,0.19534011788252578,0.21293759062769468,7.0,озимая пшеница,2024,253,0.157992691476639,новый полигон
AOI-0074,2025-04-07,0.2241039374442287,0.15619035658582636,5.0,озимая пшеница,2025,97,0.2168693139912055,новый полигон
AOI-0074,2025-04-15,0.16488528424170867,0.1703592379665554,5.0,озимая пшеница,2025,105,0.2770691404322595,новый полигон
AOI-0074,2025-05-12,0.21766452154209698,0.1949265481164359,11.0,озимая пшеница,2025,132,0.2370668925205949,новый полигон
AOI-0074,2025-05-14,0.19430371289821757,0.19968230025644232,11.0,озимая пшеница,2025,134,0.1542499830703348,новый полигон
AOI-0074,2025-06-01,0.35645215674318553,0.3248355731141349,2.0,озимая пшеница,2025,152,0.3199854060039341,новый полигон
AOI-0074,2025-06-10,0.5129921479520384,0.46580330748107923,3.0,озимая пшеница,2025,161,0.6248302197802197,новый полигон
AOI-0074,2025-07-06,0.8032137052057666,0.808375109510734,4.0,озимая пшеница,2025,187,0.8307490790241322,новый полигон
AOI-0074,2025-07-16,0.6900737698195537,0.6450637672897781,5.0,озимая пшеница,2025,197,0.6253811648394713,новый полигон
AOI-0074,2025-08-05,0.6898879224961462,0.6393108517333308,5.0,озимая пшеница,2025,217,0.6714231162180523,новый полигон
AOI-0074,2025-08-19,0.4694934719903767,0.4623651005103891,3.0,озимая пшеница,2025,231,0.4793707187994609,новый полигон
AOI-0074,2025-09-08,0.25847834331218367,0.24928803130807947,5.0,озимая пшеница,2025,251,0.2273552731195893,новый полигон
AOI-0074,2025-09-22,0.26028027806960813,0.25574388945809734,3.0,озимая пшеница,2025,265,0.3115377723535999,новый полигон
AOI-0074,2025-10-01,0.20160724117570786,0.2741228124701005,4.0,озимая пшеница,2025,274,0.2499962127551137,новый полигон
AOI-0074,2025-10-26,0.22036422183686613,0.2063057061316911,13.0,озимая пшеница,2025,299,0.233966861779512,новый полигон
AOI-0075,2025-04-07,0.3520935745813669,0.2346633172325026,13.0,озимая пшеница,2025,97,0.289331373426736,есть в train
AOI-0075,2025-04-12,0.2366745016066114,0.2510758070107436,13.0,озимая пшеница,2025,102,0.2394008826951536,есть в train
AOI-0075,2025-07-12,0.640103450931789,0.5702939906377207,2.0,озимая пшеница,2025,193,0.6236109182266344,есть в train
AOI-0075,2025-07-18,0.5573760182138627,0.5137175722133397,5.0,озимая пшеница,2025,199,0.515359768500954,есть в train
AOI-0075,2025-08-21,0.4937728150784491,0.4965688086837048,2.0,озимая пшеница,2025,233,0.53915292157765,есть в train
AOI-0075,2025-08-30,0.45324905675468036,0.4677276426250191,3.0,озимая пшеница,2025,242,0.5004269764342195,есть в train
AOI-0075,2025-09-08,0.4035303883073291,0.4774399190113565,5.0,озимая пшеница,2025,251,0.3814797040204355,есть в train
AOI-0075,2025-09-16,0.3293555299282147,0.35389989938667515,8.0,озимая пшеница,2025,259,0.3125707379186712,есть в train
AOI-0075,2025-09-21,0.25100611725085065,0.29922617182531336,8.0,озимая пшеница,2025,264,0.245866481195882,есть в train
AOI-0075,2025-10-29,0.3198527620738122,0.3917910556003137,,озимая пшеница,2025,302,0.2163803184151581,есть в train
AOI-0076,2025-04-19,0.22182731369442496,0.2164206667451708,4.0,озимая пшеница,2025,109,0.2232987710306415,есть в train
AOI-0076,2025-05-01,0.30833332553721304,0.24663076576535434,3.0,озимая пшеница,2025,121,0.205204005955082,есть в train
AOI-0076,2025-05-11,0.28374259847901684,0.3667520664962183,3.0,озимая пшеница,2025,131,0.2584646077520186,есть в train
AOI-0076,2025-05-25,0.5235534459367578,0.3583314110418068,8.0,озимая пшеница,2025,145,0.4099884904031831,есть в train
AOI-0076,2025-07-10,0.7947769903025748,0.809058291855175,3.0,озимая пшеница,2025,191,0.8326229410049396,есть в train
AOI-0076,2025-07-31,0.7404834950071365,0.7051318398759946,3.0,озимая пшеница,2025,212,0.7204860175090746,есть в train
AOI-0076,2025-08-21,0.42232259523094234,0.3748949162431477,3.0,озимая пшеница,2025,233,0.4359147918932257,есть в train
AOI-0076,2025-08-27,0.34016342229319974,0.3254318304661882,7.0,озимая пшеница,2025,239,0.298525882537162,есть в train
AOI-0076,2025-09-01,0.3306808340193621,0.3255589421492553,12.0,озимая пшеница,2025,244,0.2795480540964985,есть в train
AOI-0076,2025-09-21,0.23319800431577709,0.23087272472674258,8.0,озимая пшеница,2025,264,0.2297517898807114,есть в train
AOI-0076,2025-09-22,0.24444184142761033,0.22039358124388514,8.0,озимая пшеница,2025,265,0.2793622556737117,есть в train
AOI-0076,2025-10-01,0.19394577121227366,0.25142921591599365,14.0,озимая пшеница,2025,274,0.2269865548087618,есть в train
AOI-0076,2025-10-04,0.18110600176384037,0.23990376255530751,14.0,озимая пшеница,2025,277,0.1953882127260947,есть в train
AOI-0077,2025-05-09,0.7566574970799169,0.7540968713491791,8.0,озимая пшеница,2025,129,0.7443431937172774,есть в train
AOI-0077,2025-06-06,0.5978296911098082,0.4944613812764236,5.0,озимая пшеница,2025,157,0.486161478082337,есть в train
AOI-0077,2025-06-21,0.4715214109654434,0.40926773122516813,13.0,озимая пшеница,2025,172,0.3139200443771795,есть в train
AOI-0077,2025-07-12,0.35111305533182985,0.22420699102663205,2.0,озимая пшеница,2025,193,0.2856359999168976,есть в train
AOI-0077,2025-08-22,0.15219875452800322,0.17222625676316158,10.0,озимая пшеница,2025,234,0.1738617019540012,есть в train
AOI-0077,2025-08-27,0.15096103687555792,0.17999137070501325,10.0,озимая пшеница,2025,239,0.1891624930861864,есть в train
AOI-0077,2025-08-30,0.21722104582418877,0.18064587276472777,3.0,озимая пшеница,2025,242,0.2111683945927812,есть в train
AOI-0077,2025-09-11,0.15816201312162523,0.2436131173882698,8.0,озимая пшеница,2025,254,0.188113003862924,есть в train
AOI-0077,2025-09-22,0.23142964303539137,0.19221002983110697,3.0,озимая пшеница,2025,265,0.2422955316656133,есть в train
AOI-0078,2025-05-02,0.8340133721923706,0.8306261859814685,3.0,озимая пшеница,2025,122,0.8647249243259486,новый полигон
AOI-0078,2025-05-25,0.7898405430912513,0.8286725970985692,7.0,озимая пшеница,2025,145,0.8858146938390185,новый полигон
AOI-0078,2025-06-01,0.6689841220817091,0.5510539560388615,8.0,озимая пшеница,2025,152,0.6225951921680672,новый полигон
AOI-0078,2025-06-03,0.6488849942682845,0.5876491479392734,8.0,озимая пшеница,2025,154,0.7812605291442423,новый полигон
AOI-0078,2025-06-06,0.6392066538304744,0.642541935789891,8.0,озимая пшеница,2025,157,0.7611044854747544,новый полигон
AOI-0078,2025-06-10,0.544540369459481,0.628122592298694,3.0,озимая пшеница,2025,161,0.631829092143989,новый полигон
AOI-0078,2025-07-04,0.2779815253289151,0.23180412180517052,6.0,озимая пшеница,2025,185,0.3349785936592428,новый полигон
AOI-0078,2025-07-10,0.20873417158194119,0.21645485643324525,4.0,озимая пшеница,2025,191,0.1834677070718552,новый полигон
AOI-0078,2025-07-11,0.22747944908250392,0.232359711906455,4.0,озимая пшеница,2025,192,0.1866025987826518,новый полигон
AOI-0078,2025-07-13,0.17337611883021123,0.22886351228009738,4.0,озимая пшеница,2025,194,0.1741935654622787,новый полигон
AOI-0078,2025-08-10,0.1945867636690404,0.20280499726996606,8.0,озимая пшеница,2025,222,0.1394391523439377,новый полигон
AOI-0078,2025-08-15,0.19024195933684518,0.18499818659595701,4.0,озимая пшеница,2025,227,0.1491580064247269,новый полигон
AOI-0078,2025-09-08,0.16424261195319811,0.16044037302474995,5.0,озимая пшеница,2025,251,0.1378429980155222,новый полигон
AOI-0078,2025-10-04,0.2338285498187619,0.1937476438541847,5.0,озимая пшеница,2025,277,0.2483580846572919,новый полигон
