anon_polygon_id,year,start,end,days,z_min,z_mean,ndvi_mean,clim_mean,drop_vs_norm,severity,crop_type,precip_30d,precip_30d_norm,temp_anom,cause,precip_ratio,comment
AOI-0022,2013,2013-10-02,2013-10-16,15,-10.096547921104104,-5.647167830794948,-0.16093257588103724,0.2001094649512955,-0.3610420408323327,Критическая аномалия,подсолнечник,101.04348151434787,50.98565116870085,-2.630626198931398,"краткое отклонение, погодой не объясняется (вероятно агрооперация или ошибка данных)",1.98,"Критическая аномалия: NDVI -0.16 против нормы 0.20 (z=-10.1) в течение 15 дн.; краткое отклонение, погодой не объясняется (вероятно агрооперация или ошибка данных)"
AOI-0004,2010,2010-04-09,2010-07-04,87,-5.527314566417498,-3.0356696940644747,0.36248511296479985,0.6246470967586816,-0.2621619837938817,Критическая аномалия,озимая пшеница,69.14033598661867,68.64463273081996,0.4339608343136525,устойчивое угнетение без явного погодного сигнала,1.01,Критическая аномалия: NDVI 0.36 против нормы 0.62 (z=-5.5) в течение 87 дн.; устойчивое угнетение без явного погодного сигнала
AOI-0054,2011,2011-04-01,2011-05-23,53,-5.300912081342927,-3.1431222677962607,0.47158246731669184,0.6731147818841199,-0.20153231456742804,Критическая аномалия,озимая пшеница,64.76447880059638,67.53976958608996,-2.0433073976474936,устойчивое угнетение без явного погодного сигнала,0.96,Критическая аномалия: NDVI 0.47 против нормы 0.67 (z=-5.3) в течение 53 дн.; устойчивое угнетение без явного погодного сигнала
AOI-0017,2024,2024-05-06,2024-10-30,178,-4.778848150356705,-2.3107839913651116,0.25860442804475514,0.5171852897306696,-0.25858086168591443,Критическая аномалия,озимая пшеница,,,,устойчивое угнетение без явного погодного сигнала,,Критическая аномалия: NDVI 0.26 против нормы 0.52 (z=-4.8) в течение 178 дн.; устойчивое угнетение без явного погодного сигнала
AOI-0030,2019,2019-06-21,2019-07-08,18,-4.459275471847827,-2.7193674497213873,0.5626177920511309,0.7466021485918939,-0.18398435654076295,Критическая аномалия,озимая пшеница,44.334846941346285,56.067250920457546,0.17637618110253525,"краткое отклонение, погодой не объясняется (вероятно агрооперация или ошибка данных)",0.79,"Критическая аномалия: NDVI 0.56 против нормы 0.75 (z=-4.5) в течение 18 дн.; краткое отклонение, погодой не объясняется (вероятно агрооперация или ошибка данных)"
AOI-0005,2015,2015-04-01,2015-04-20,20,-4.421815243296237,-2.396750946447674,0.1554073789515017,0.4115719056983388,-0.2561645267468371,Критическая аномалия,озимая пшеница,79.55692907102653,48.29434071934368,-1.8451025998200763,"краткое отклонение, погодой не объясняется (вероятно агрооперация или ошибка данных)",1.65,"Критическая аномалия: NDVI 0.16 против нормы 0.41 (z=-4.4) в течение 20 дн.; краткое отклонение, погодой не объясняется (вероятно агрооперация или ошибка данных)"
AOI-0055,2011,2011-04-02,2011-05-09,38,-4.406095990291728,-3.035282845665245,0.32849595802368575,0.47402106496191593,-0.14552510693823018,Критическая аномалия,озимая пшеница,,,,устойчивое угнетение без явного погодного сигнала,,Критическая аномалия: NDVI 0.33 против нормы 0.47 (z=-4.4) в течение 38 дн.; устойчивое угнетение без явного погодного сигнала
AOI-0054,2017,2017-08-08,2017-09-10,34,-4.403774136862595,-2.6913673959628532,0.5316226664665927,0.7259381822595146,-0.19431551579292183,Критическая аномалия,озимая пшеница,31.479716412143915,30.558835846184152,1.3248745126686738,устойчивое угнетение без явного погодного сигнала,1.03,Критическая аномалия: NDVI 0.53 против нормы 0.73 (z=-4.4) в течение 34 дн.; устойчивое угнетение без явного погодного сигнала
AOI-0054,2021,2021-05-08,2021-06-13,37,-4.3813269105487915,-2.3660240299739654,0.7081829845610113,0.8168181992642531,-0.10863521470324189,Критическая аномалия,озимая пшеница,124.87330519606314,79.02594294540211,-0.7727793063203093,устойчивое угнетение без явного погодного сигнала,1.58,Критическая аномалия: NDVI 0.71 против нормы 0.82 (z=-4.4) в течение 37 дн.; устойчивое угнетение без явного погодного сигнала
AOI-0004,2011,2011-06-27,2011-09-10,76,-4.022923250149128,-2.0646540667932807,0.32122856099764097,0.49767013908294366,-0.1764415780853027,Критическая аномалия,озимая пшеница,68.86537682649274,37.500184350221296,-0.7078364266484247,устойчивое угнетение без явного погодного сигнала,1.84,Критическая аномалия: NDVI 0.32 против нормы 0.50 (z=-4.0) в течение 76 дн.; устойчивое угнетение без явного погодного сигнала
AOI-0054,2019,2019-09-15,2019-09-30,16,-3.8865549715513845,-2.599663190268637,0.46706552268024715,0.6811278637220524,-0.21406234104180522,Критическая аномалия,озимая пшеница,32.336429950264865,41.639625002402326,-0.2182681305453421,"краткое отклонение, погодой не объясняется (вероятно агрооперация или ошибка данных)",0.78,"Критическая аномалия: NDVI 0.47 против нормы 0.68 (z=-3.9) в течение 16 дн.; краткое отклонение, погодой не объясняется (вероятно агрооперация или ошибка данных)"
AOI-0005,2010,2010-04-10,2010-08-17,130,-3.650176718558708,-2.3897960049986273,0.3382485269690229,0.5789977161273481,-0.24074918915832516,Критическая аномалия,озимая пшеница,52.528975937217204,57.810213346210254,1.196824722759665,устойчивое угнетение без явного погодного сигнала,0.91,Критическая аномалия: NDVI 0.34 против нормы 0.58 (z=-3.7) в течение 130 дн.; устойчивое угнетение без явного погодного сигнала
AOI-0030,2010,2010-04-12,2010-06-03,53,-3.576316253818576,-1.9631054282912328,0.5197991594423447,0.6643318290349846,-0.14453266959263988,Критическая аномалия,озимая пшеница,82.48865600543338,74.1435234461274,0.09696361038737882,устойчивое угнетение без явного погодного сигнала,1.11,Критическая аномалия: NDVI 0.52 против нормы 0.66 (z=-3.6) в течение 53 дн.; устойчивое угнетение без явного погодного сигнала
AOI-0055,2010,2010-04-06,2010-04-30,25,-3.4226145500966014,-2.4722263103479682,0.33181669496840593,0.46312165778473896,-0.13130496281633303,Критическая аномалия,озимая пшеница,,,,устойчивое угнетение без явного погодного сигнала,,Критическая аномалия: NDVI 0.33 против нормы 0.46 (z=-3.4) в течение 25 дн.; устойчивое угнетение без явного погодного сигнала
AOI-0009,2024,2024-04-01,2024-06-05,66,-3.287068502145003,-2.1523429607224713,0.27703372867707093,0.6232534862809805,-0.3462197576039096,Критическая аномалия,озимая пшеница,20.439950830664767,61.775081955343644,1.7821544725318097,дефицит осадков,0.33,Критическая аномалия: NDVI 0.28 против нормы 0.62 (z=-3.3) в течение 66 дн.; дефицит осадков
AOI-0004,2015,2015-04-01,2015-04-16,16,-3.2759834933574883,-1.964426309476385,0.1853484040379545,0.3558355205451938,-0.1704871165072393,Критическая аномалия,озимая пшеница,72.30124460820954,46.97964933482503,-1.865594946793045,"краткое отклонение, погодой не объясняется (вероятно агрооперация или ошибка данных)",1.54,"Критическая аномалия: NDVI 0.19 против нормы 0.36 (z=-3.3) в течение 16 дн.; краткое отклонение, погодой не объясняется (вероятно агрооперация или ошибка данных)"
AOI-0056,2011,2011-04-02,2011-05-27,56,-3.2692662426042314,-2.409072663369543,0.3139666893099873,0.6374846009234476,-0.32351791161346033,Критическая аномалия,озимая пшеница,,,,устойчивое угнетение без явного погодного сигнала,,Критическая аномалия: NDVI 0.31 против нормы 0.64 (z=-3.3) в течение 56 дн.; устойчивое угнетение без явного погодного сигнала
AOI-0020,2023,2023-05-13,2023-06-15,34,-3.241532969356535,-2.023328342210834,0.3563719724712829,0.6510897486164747,-0.29471777614519185,Критическая аномалия,подсолнечник,93.55605021628567,71.43334371419411,-1.591701605719733,устойчивое угнетение без явного погодного сигнала,1.31,Критическая аномалия: NDVI 0.36 против нормы 0.65 (z=-3.2) в течение 34 дн.; устойчивое угнетение без явного погодного сигнала
AOI-0055,2012,2012-04-04,2012-04-27,24,-3.1811166438235974,-2.1439002299309657,0.34208527818738743,0.4667055395254011,-0.12462026133801368,Критическая аномалия,озимая пшеница,,,,устойчивое угнетение без явного погодного сигнала,,Критическая аномалия: NDVI 0.34 против нормы 0.47 (z=-3.2) в течение 24 дн.; устойчивое угнетение без явного погодного сигнала
AOI-0064,2021,2021-04-01,2021-06-13,74,-3.156323830752055,-1.7405421321676506,0.3287224173461439,0.6173446502494365,-0.28862223290329264,Критическая аномалия,озимая пшеница,121.36484780683027,76.12273160955486,-0.559232816334636,устойчивое угнетение без явного погодного сигнала,1.59,Критическая аномалия: NDVI 0.33 против нормы 0.62 (z=-3.2) в течение 74 дн.; устойчивое угнетение без явного погодного сигнала
AOI-0011,2010,2010-04-09,2010-06-08,61,-3.1110280992233306,-2.067778620311088,0.3122725352261689,0.6597073875319163,-0.3474348523057474,Критическая аномалия,озимая пшеница,86.74997689557489,66.26139375671394,-0.1345998068722372,устойчивое угнетение без явного погодного сигнала,1.31,Критическая аномалия: NDVI 0.31 против нормы 0.66 (z=-3.1) в течение 61 дн.; устойчивое угнетение без явного погодного сигнала
AOI-0003,2022,2022-05-14,2022-06-22,40,-3.105750277575763,-2.1236880306958583,0.29884090115910633,0.6556771849846774,-0.3568362838255711,Критическая аномалия,озимая пшеница,31.535729895513146,73.24130271234947,-0.5707525740591864,дефицит осадков,0.43,Критическая аномалия: NDVI 0.30 против нормы 0.66 (z=-3.1) в течение 40 дн.; дефицит осадков
AOI-0030,2021,2021-08-13,2021-08-26,14,-3.0744977245911693,-2.215043596731971,0.39080135541225014,0.6365251691335606,-0.24572381372131047,Критическая аномалия,озимая пшеница,47.14916950140514,27.0195422618397,-0.6973041565074597,"краткое отклонение, погодой не объясняется (вероятно агрооперация или ошибка данных)",1.75,"Критическая аномалия: NDVI 0.39 против нормы 0.64 (z=-3.1) в течение 14 дн.; краткое отклонение, погодой не объясняется (вероятно агрооперация или ошибка данных)"
AOI-0030,2019,2019-09-13,2019-09-25,13,-3.006516015548803,-2.1547639282889084,0.44600892267157516,0.6001729152999714,-0.15416399262839625,Критическая аномалия,озимая пшеница,30.820377023780964,39.3312089046068,-0.24683410433258038,"краткое отклонение, погодой не объясняется (вероятно агрооперация или ошибка данных)",0.78,"Критическая аномалия: NDVI 0.45 против нормы 0.60 (z=-3.0) в течение 13 дн.; краткое отклонение, погодой не объясняется (вероятно агрооперация или ошибка данных)"
AOI-0041,2021,2021-04-07,2021-05-01,25,-2.9941575170218244,-2.393237875228857,0.34439307108556044,0.5102644773358855,-0.1658714062503251,Критическая аномалия,зерновые,,,,устойчивое угнетение без явного погодного сигнала,,Критическая аномалия: NDVI 0.34 против нормы 0.51 (z=-3.0) в течение 25 дн.; устойчивое угнетение без явного погодного сигнала
AOI-0058,2025,2025-05-05,2025-06-17,44,-2.9683434319458715,-2.282031582316232,0.3686221969167779,0.7010119523156476,-0.3323897553988697,Критическая аномалия,озимая пшеница,57.71025834639169,79.05663028614407,-0.2107024956888684,устойчивое угнетение без явного погодного сигнала,0.73,Критическая аномалия: NDVI 0.37 против нормы 0.70 (z=-3.0) в течение 44 дн.; устойчивое угнетение без явного погодного сигнала
AOI-0051,2016,2016-10-15,2016-10-24,10,-2.9629511591600957,-2.2978901604016726,0.11189603799104997,0.3378789306056742,-0.22598289261462423,Критическая аномалия,озимая пшеница,,,,"краткое отклонение, погодой не объясняется (вероятно агрооперация или ошибка данных)",,"Критическая аномалия: NDVI 0.11 против нормы 0.34 (z=-3.0) в течение 10 дн.; краткое отклонение, погодой не объясняется (вероятно агрооперация или ошибка данных)"
AOI-0054,2018,2018-06-09,2018-07-20,42,-2.9406257760761916,-1.5733358131200752,0.7045569845620349,0.7956682786979032,-0.09111129413586838,Критическая аномалия,озимая пшеница,31.830902930097203,57.79245126880152,1.3837304866146656,дефицит осадков,0.55,Критическая аномалия: NDVI 0.70 против нормы 0.80 (z=-2.9) в течение 42 дн.; дефицит осадков
AOI-0078,2017,2017-04-30,2017-06-19,51,-2.912055426989877,-1.7454166981994994,0.34222794713272553,0.6352804848035016,-0.2930525376707761,Критическая аномалия,озимая пшеница,89.8845657233709,70.0598044208009,-2.6015405481219074,устойчивое угнетение без явного погодного сигнала,1.28,Критическая аномалия: NDVI 0.34 против нормы 0.64 (z=-2.9) в течение 51 дн.; устойчивое угнетение без явного погодного сигнала
AOI-0023,2023,2023-05-10,2023-06-10,32,-2.9039398594276813,-1.8932485930037284,0.3148301818469565,0.6719143568690886,-0.35708417502213213,Критическая аномалия,подсолнечник,110.14285437840287,74.6281295135216,-1.6343823211615123,устойчивое угнетение без явного погодного сигнала,1.48,Критическая аномалия: NDVI 0.31 против нормы 0.67 (z=-2.9) в течение 32 дн.; устойчивое угнетение без явного погодного сигнала
AOI-0005,2012,2012-07-09,2012-10-11,95,-2.902052372575789,-1.9621983828780822,0.2147545900889001,0.39415342920887186,-0.17939883911997176,Критическая аномалия,озимая пшеница,32.05839270522167,37.052734318746346,0.4765925775867738,устойчивое угнетение без явного погодного сигнала,0.87,Критическая аномалия: NDVI 0.21 против нормы 0.39 (z=-2.9) в течение 95 дн.; устойчивое угнетение без явного погодного сигнала
AOI-0007,2018,2018-04-01,2018-06-21,82,-2.898690874564491,-1.6084262694870572,0.23410895976309115,0.5341797439781745,-0.3000707842150833,Критическая аномалия,озимая пшеница,21.321256556193546,63.233452339685265,1.1207472924719486,дефицит осадков,0.34,Критическая аномалия: NDVI 0.23 против нормы 0.53 (z=-2.9) в течение 82 дн.; дефицит осадков
AOI-0054,2021,2021-04-01,2021-05-02,32,-2.8744646801151283,-1.8346660830932175,0.4353890377929276,0.5886149449957014,-0.15322590720277385,Критическая аномалия,озимая пшеница,106.59891451097658,59.92713268216764,-1.315508598471141,устойчивое угнетение без явного погодного сигнала,1.78,Критическая аномалия: NDVI 0.44 против нормы 0.59 (z=-2.9) в течение 32 дн.; устойчивое угнетение без явного погодного сигнала
AOI-0005,2013,2013-05-29,2013-08-05,69,-2.8604125430134006,-2.2445936186880604,0.36124841462087753,0.5796858448625843,-0.2184374302417068,Критическая аномалия,озимая пшеница,48.04646114359345,53.532388627185426,-0.06425818958957148,устойчивое угнетение без явного погодного сигнала,0.9,Критическая аномалия: NDVI 0.36 против нормы 0.58 (z=-2.9) в течение 69 дн.; устойчивое угнетение без явного погодного сигнала
AOI-0018,2019,2019-05-01,2019-06-29,60,-2.821929846161507,-2.207046137631125,0.31868284754383075,0.6644956670324758,-0.345812819488645,Критическая аномалия,озимая пшеница,34.63632634774925,69.1867909010463,1.991736153330598,дефицит осадков,0.5,Критическая аномалия: NDVI 0.32 против нормы 0.66 (z=-2.8) в течение 60 дн.; дефицит осадков
AOI-0014,2022,2022-04-26,2022-06-07,43,-2.810480274495216,-1.744127719386772,0.30315964835987447,0.6522147750296731,-0.3490551266697986,Критическая аномалия,озимая пшеница,50.72310086390455,73.86853147237214,-1.0789978396565012,устойчивое угнетение без явного погодного сигнала,0.69,Критическая аномалия: NDVI 0.30 против нормы 0.65 (z=-2.8) в течение 43 дн.; устойчивое угнетение без явного погодного сигнала
AOI-0053,2025,2025-06-02,2025-09-13,104,-2.804986218897201,-1.983732916482618,0.20855467326568192,0.44365233653587044,-0.23509766327018852,Критическая аномалия,озимая пшеница,35.17265508093154,47.27827921955728,0.042818331025765696,устойчивое угнетение без явного погодного сигнала,0.74,Критическая аномалия: NDVI 0.21 против нормы 0.44 (z=-2.8) в течение 104 дн.; устойчивое угнетение без явного погодного сигнала
AOI-0023,2010,2010-05-14,2010-06-15,33,-2.7986907920789585,-1.8543095634136355,0.34232289839014196,0.6777339664073658,-0.33541106801722387,Критическая аномалия,подсолнечник,96.59715406816544,73.30230692725559,0.64197062888485,устойчивое угнетение без явного погодного сигнала,1.32,Критическая аномалия: NDVI 0.34 против нормы 0.68 (z=-2.8) в течение 33 дн.; устойчивое угнетение без явного погодного сигнала
AOI-0015,2023,2023-04-27,2023-06-12,47,-2.7982871877030155,-1.843453108568442,0.29431292323072417,0.6115421344475892,-0.31722921121686504,Критическая аномалия,озимая пшеница,109.93838176369465,75.46443319631804,-1.6271752135363613,устойчивое угнетение без явного погодного сигнала,1.46,Критическая аномалия: NDVI 0.29 против нормы 0.61 (z=-2.8) в течение 47 дн.; устойчивое угнетение без явного погодного сигнала
AOI-0004,2021,2021-08-08,2021-08-18,11,-2.7927169023704126,-1.981324092691988,0.28943346765605305,0.4700912042797563,-0.18065773662370327,Критическая аномалия,озимая пшеница,56.57149105807539,29.344314045774784,-0.19716516936468667,"краткое отклонение, погодой не объясняется (вероятно агрооперация или ошибка данных)",1.93,"Критическая аномалия: NDVI 0.29 против нормы 0.47 (z=-2.8) в течение 11 дн.; краткое отклонение, погодой не объясняется (вероятно агрооперация или ошибка данных)"
AOI-0054,2025,2025-07-18,2025-08-06,20,-2.782781611154388,-1.88186165826538,0.6495638150210723,0.7599135055151733,-0.11034969049410104,Критическая аномалия,озимая пшеница,13.237843377967627,37.18966150896428,1.2399855189365547,дефицит осадков,0.36,Критическая аномалия: NDVI 0.65 против нормы 0.76 (z=-2.8) в течение 20 дн.; дефицит осадков
AOI-0022,2024,2024-04-28,2024-07-01,65,-2.778676233676208,-1.9751203793329934,0.23900710914854972,0.6257148114539887,-0.38670770230543894,Критическая аномалия,подсолнечник,20.788589950085655,68.98374075942782,1.0702071367185222,дефицит осадков,0.3,Критическая аномалия: NDVI 0.24 против нормы 0.63 (z=-2.8) в течение 65 дн.; дефицит осадков
AOI-0066,2025,2025-04-09,2025-06-11,64,-2.7774909879131773,-1.7395314216072693,0.331521143466864,0.675867698924361,-0.34434655545749704,Критическая аномалия,озимая пшеница,88.42072774138026,78.9017093352757,-0.8807144355033691,устойчивое угнетение без явного погодного сигнала,1.12,Критическая аномалия: NDVI 0.33 против нормы 0.68 (z=-2.8) в течение 64 дн.; устойчивое угнетение без явного погодного сигнала
AOI-0039,2015,2015-04-07,2015-04-24,18,-2.7661103904803905,-1.9831038449879426,0.38268606641482383,0.5567467995885043,-0.17406073317368043,Критическая аномалия,зерновые,,,,"краткое отклонение, погодой не объясняется (вероятно агрооперация или ошибка данных)",,"Критическая аномалия: NDVI 0.38 против нормы 0.56 (z=-2.8) в течение 18 дн.; краткое отклонение, погодой не объясняется (вероятно агрооперация или ошибка данных)"
AOI-0030,2020,2020-04-22,2020-06-03,43,-2.756755772798028,-1.5882337618348625,0.6225017150616691,0.7275259363958757,-0.10502422133420664,Критическая аномалия,озимая пшеница,86.49301613955429,78.22235610120484,-1.5337384476715488,устойчивое угнетение без явного погодного сигнала,1.11,Критическая аномалия: NDVI 0.62 против нормы 0.73 (z=-2.8) в течение 43 дн.; устойчивое угнетение без явного погодного сигнала
AOI-0010,2015,2015-04-06,2015-07-12,98,-2.747344182133729,-1.7190811142076596,0.27084003816106067,0.49691138875644203,-0.22607135059538136,Критическая аномалия,озимая пшеница,,,,устойчивое угнетение без явного погодного сигнала,,Критическая аномалия: NDVI 0.27 против нормы 0.50 (z=-2.7) в течение 98 дн.; устойчивое угнетение без явного погодного сигнала
AOI-0012,2015,2015-04-06,2015-05-25,50,-2.7399157838695087,-1.8207646907509782,0.30215807407249395,0.5612230603641657,-0.25906498629167174,Критическая аномалия,озимая пшеница,,,,устойчивое угнетение без явного погодного сигнала,,Критическая аномалия: NDVI 0.30 против нормы 0.56 (z=-2.7) в течение 50 дн.; устойчивое угнетение без явного погодного сигнала
AOI-0074,2019,2019-04-03,2019-04-13,11,-2.72961797102137,-2.0149664578467106,0.002499187864563725,0.22629164118435174,-0.22379245331978803,Критическая аномалия,озимая пшеница,70.94831947669242,47.481984416346705,-0.5111755933182051,"краткое отклонение, погодой не объясняется (вероятно агрооперация или ошибка данных)",1.49,"Критическая аномалия: NDVI 0.00 против нормы 0.23 (z=-2.7) в течение 11 дн.; краткое отклонение, погодой не объясняется (вероятно агрооперация или ошибка данных)"
AOI-0013,2010,2010-07-29,2010-10-25,89,-2.7044490180348775,-2.221522074209393,0.25203766244559606,0.46128878628849,-0.20925112384289396,Критическая аномалия,озимая пшеница,,,,устойчивое угнетение без явного погодного сигнала,,Критическая аномалия: NDVI 0.25 против нормы 0.46 (z=-2.7) в течение 89 дн.; устойчивое угнетение без явного погодного сигнала
AOI-0009,2011,2011-04-01,2011-06-05,66,-2.7015229623559134,-1.8887719819517927,0.26864532115292356,0.6030056059128994,-0.33436028475997587,Критическая аномалия,озимая пшеница,75.44776052750534,61.354685285469955,-1.760768076048914,устойчивое угнетение без явного погодного сигнала,1.23,Критическая аномалия: NDVI 0.27 против нормы 0.60 (z=-2.7) в течение 66 дн.; устойчивое угнетение без явного погодного сигнала
AOI-0002,2020,2020-04-22,2020-06-01,41,-2.6916020196817603,-1.763641613179862,0.41483394114538386,0.682066122312622,-0.2672321811672381,Критическая аномалия,озимая пшеница,89.4327838724721,77.28631487927107,-1.5450638888658765,устойчивое угнетение без явного погодного сигнала,1.16,Критическая аномалия: NDVI 0.41 против нормы 0.68 (z=-2.7) в течение 41 дн.; устойчивое угнетение без явного погодного сигнала
AOI-0030,2021,2021-05-26,2021-06-13,19,-2.6732921116732764,-1.8959295518049644,0.6971795492780241,0.7968039509409014,-0.09962440166287734,Критическая аномалия,озимая пшеница,132.3821465834537,77.14413730067942,-0.7238534668861549,"краткое отклонение, погодой не объясняется (вероятно агрооперация или ошибка данных)",1.72,"Критическая аномалия: NDVI 0.70 против нормы 0.80 (z=-2.7) в течение 19 дн.; краткое отклонение, погодой не объясняется (вероятно агрооперация или ошибка данных)"
AOI-0011,2024,2024-04-01,2024-06-02,63,-2.670344824578793,-1.8680115773500303,0.32596267977177334,0.6441424276073885,-0.31817974783561515,Критическая аномалия,озимая пшеница,20.789498034800094,63.23589275147866,1.7886918747978184,дефицит осадков,0.33,Критическая аномалия: NDVI 0.33 против нормы 0.64 (z=-2.7) в течение 63 дн.; дефицит осадков
AOI-0030,2015,2015-08-30,2015-09-11,13,-2.656200583117219,-1.8834836613413606,0.468551309257324,0.6215028171077359,-0.1529515078504119,Критическая аномалия,озимая пшеница,9.118573121233506,31.667631209650363,0.9962406127186271,дефицит осадков,0.29,Критическая аномалия: NDVI 0.47 против нормы 0.62 (z=-2.7) в течение 13 дн.; дефицит осадков
AOI-0004,2011,2011-09-19,2011-10-15,27,-2.648567343324618,-1.902715083006207,0.2572711242347705,0.3659524213460164,-0.10868129711124591,Критическая аномалия,озимая пшеница,69.74744882779818,45.881316847403546,-0.7374581777722808,устойчивое угнетение без явного погодного сигнала,1.52,Критическая аномалия: NDVI 0.26 против нормы 0.37 (z=-2.6) в течение 27 дн.; устойчивое угнетение без явного погодного сигнала
AOI-0017,2025,2025-06-15,2025-10-17,125,-2.6449553158737236,-2.0633687415670794,0.23520002228828593,0.49226785860581324,-0.2570678363175273,Критическая аномалия,озимая пшеница,,,,устойчивое угнетение без явного погодного сигнала,,Критическая аномалия: NDVI 0.24 против нормы 0.49 (z=-2.6) в течение 125 дн.; устойчивое угнетение без явного погодного сигнала
AOI-0036,2021,2021-04-01,2021-05-08,38,-2.6273460537782225,-2.047955036479535,0.25579998180473124,0.4289049845284154,-0.17310500272368418,Критическая аномалия,пастбища/зерновые,79.5440387567179,46.28639369162074,-0.11608240131501822,устойчивое угнетение без явного погодного сигнала,1.72,Критическая аномалия: NDVI 0.26 против нормы 0.43 (z=-2.6) в течение 38 дн.; устойчивое угнетение без явного погодного сигнала
AOI-0075,2021,2021-06-28,2021-08-30,64,-2.5980533864164608,-1.9574034737125903,0.23314935934179856,0.5662266254118502,-0.3330772660700516,Критическая аномалия,озимая пшеница,60.00328117031173,55.774295562810565,1.2326182617919033,устойчивое угнетение без явного погодного сигнала,1.08,Критическая аномалия: NDVI 0.23 против нормы 0.57 (z=-2.6) в течение 64 дн.; устойчивое угнетение без явного погодного сигнала
AOI-0028,2019,2019-04-25,2019-06-25,62,-2.595995764375488,-1.6080180652475005,0.22673050359453925,0.6060374018633952,-0.3793068982688559,Критическая аномалия,озимая пшеница,43.36703584495493,73.50696414636137,1.8557955259450198,дефицит осадков,0.59,Критическая аномалия: NDVI 0.23 против нормы 0.61 (z=-2.6) в течение 62 дн.; дефицит осадков
AOI-0037,2020,2020-04-18,2020-05-26,39,-2.557359440316248,-1.7463211176099678,0.3972128370887397,0.5226716337557074,-0.12545879666696763,Критическая аномалия,зерновые,81.49414059203625,52.34016806962087,-1.830569351904691,устойчивое угнетение без явного погодного сигнала,1.56,Критическая аномалия: NDVI 0.40 против нормы 0.52 (z=-2.6) в течение 39 дн.; устойчивое угнетение без явного погодного сигнала
AOI-0010,2021,2021-04-02,2021-06-21,81,-2.5411522547480057,-2.003050366350079,0.32178203515888765,0.5824535593842263,-0.2606715242253386,Критическая аномалия,озимая пшеница,,,,устойчивое угнетение без явного погодного сигнала,,Критическая аномалия: NDVI 0.32 против нормы 0.58 (z=-2.5) в течение 81 дн.; устойчивое угнетение без явного погодного сигнала
AOI-0011,2025,2025-06-01,2025-06-30,30,-2.5362452421387247,-1.7791281425956893,0.33480472477620876,0.5867049907240433,-0.2519002659478345,Критическая аномалия,озимая пшеница,56.79253300010649,62.155425153224435,-1.1398350626770595,устойчивое угнетение без явного погодного сигнала,0.91,Критическая аномалия: NDVI 0.33 против нормы 0.59 (z=-2.5) в течение 30 дн.; устойчивое угнетение без явного погодного сигнала
AOI-0036,2010,2010-04-11,2010-05-26,46,-2.5091072123998552,-1.6767358902781624,0.3137262688445298,0.4660057163083477,-0.15227944746381789,Критическая аномалия,пастбища/зерновые,68.88304778373436,53.91500855467233,-0.3479073207672475,устойчивое угнетение без явного погодного сигнала,1.28,Критическая аномалия: NDVI 0.31 против нормы 0.47 (z=-2.5) в течение 46 дн.; устойчивое угнетение без явного погодного сигнала
AOI-0068,2020,2020-07-06,2020-07-25,20,-2.486591935400307,-1.682434630256136,0.1142880694349914,0.21566741620364835,-0.10137934676865695,Критическая аномалия,зерновые,15.4156532488793,40.99841262969248,0.8597293984077222,дефицит осадков,0.38,Критическая аномалия: NDVI 0.11 против нормы 0.22 (z=-2.5) в течение 20 дн.; дефицит осадков
AOI-0066,2021,2021-04-24,2021-06-05,43,-2.4834793435855236,-1.7162258926342364,0.34048714515071254,0.6998027445720999,-0.35931559942138735,Критическая аномалия,озимая пшеница,130.7873951963394,85.46859577421374,-0.4597622089488134,устойчивое угнетение без явного погодного сигнала,1.53,Критическая аномалия: NDVI 0.34 против нормы 0.70 (z=-2.5) в течение 43 дн.; устойчивое угнетение без явного погодного сигнала
AOI-0030,2018,2018-07-05,2018-07-27,23,-2.45649468289799,-1.764620272023513,0.6197340315425691,0.716633124104241,-0.09689909256167184,Критическая аномалия,озимая пшеница,44.88953874104471,44.99699942877179,1.058134418334758,устойчивое угнетение без явного погодного сигнала,1.0,Критическая аномалия: NDVI 0.62 против нормы 0.72 (z=-2.5) в течение 23 дн.; устойчивое угнетение без явного погодного сигнала
AOI-0055,2017,2017-09-24,2017-10-19,26,-2.4499702505113445,-1.7049727604362108,0.30546376916590756,0.4175511253190101,-0.11208735615310256,Критическая аномалия,озимая пшеница,,,,устойчивое угнетение без явного погодного сигнала,,Критическая аномалия: NDVI 0.31 против нормы 0.42 (z=-2.4) в течение 26 дн.; устойчивое угнетение без явного погодного сигнала
AOI-0001,2021,2021-05-13,2021-06-14,33,-2.447911556283387,-1.6920038813421092,0.4247006009583706,0.6735653945073214,-0.24886479354895086,Критическая аномалия,озимая пшеница,122.07523777177595,74.91116117830138,-0.7782435879501544,устойчивое угнетение без явного погодного сигнала,1.63,Критическая аномалия: NDVI 0.42 против нормы 0.67 (z=-2.4) в течение 33 дн.; устойчивое угнетение без явного погодного сигнала
AOI-0030,2011,2011-04-01,2011-05-22,52,-2.4327639045468903,-1.8989635067249386,0.41038176567229445,0.5706599303207,-0.1602781646484055,Критическая аномалия,озимая пшеница,58.60898283705347,66.4379989670899,-1.8819220741880494,устойчивое угнетение без явного погодного сигнала,0.88,Критическая аномалия: NDVI 0.41 против нормы 0.57 (z=-2.4) в течение 52 дн.; устойчивое угнетение без явного погодного сигнала
AOI-0012,2021,2021-04-02,2021-06-29,89,-2.4324905144978777,-1.9644017694671845,0.3074902646429502,0.5677238915554973,-0.2602336269125471,Критическая аномалия,озимая пшеница,,,,устойчивое угнетение без явного погодного сигнала,,Критическая аномалия: NDVI 0.31 против нормы 0.57 (z=-2.4) в течение 89 дн.; устойчивое угнетение без явного погодного сигнала
AOI-0011,2013,2013-04-01,2013-06-05,66,-2.4272331549196573,-1.9087787081551166,0.2963158287562911,0.632758288523309,-0.33644245976701787,Критическая аномалия,озимая пшеница,26.124390450368782,62.91778599736192,1.499696471792539,дефицит осадков,0.42,Критическая аномалия: NDVI 0.30 против нормы 0.63 (z=-2.4) в течение 66 дн.; дефицит осадков
AOI-0051,2011,2011-04-02,2011-05-09,38,-2.4183512746663665,-1.8445133828961475,0.30206254688896356,0.6092974455278178,-0.3072348986388543,Критическая аномалия,озимая пшеница,,,,устойчивое угнетение без явного погодного сигнала,,Критическая аномалия: NDVI 0.30 против нормы 0.61 (z=-2.4) в течение 38 дн.; устойчивое угнетение без явного погодного сигнала
AOI-0037,2020,2020-07-29,2020-10-30,94,-2.4043056713729025,-1.5780022480554559,0.17619531102694536,0.28545471157320645,-0.1092594005462611,Критическая аномалия,зерновые,8.536305063170033,32.360853613916944,1.2239828624540874,дефицит осадков,0.26,Критическая аномалия: NDVI 0.18 против нормы 0.29 (z=-2.4) в течение 94 дн.; дефицит осадков
AOI-0054,2010,2010-04-01,2010-05-17,47,-2.3852498661004358,-1.7056564854285068,0.5339236789155518,0.6561719911610921,-0.12224831224554034,Критическая аномалия,озимая пшеница,59.49271994457976,66.16034201749368,-0.3944149446737133,устойчивое угнетение без явного погодного сигнала,0.9,Критическая аномалия: NDVI 0.53 против нормы 0.66 (z=-2.4) в течение 47 дн.; устойчивое угнетение без явного погодного сигнала
AOI-0009,2013,2013-04-01,2013-06-08,69,-2.382794511720102,-1.780911804892609,0.29428029568806674,0.6058096665199912,-0.3115293708319245,Критическая аномалия,озимая пшеница,27.127494007359903,61.48313055532514,1.508080460199953,дефицит осадков,0.44,Критическая аномалия: NDVI 0.29 против нормы 0.61 (z=-2.4) в течение 69 дн.; дефицит осадков
AOI-0001,2011,2011-04-01,2011-06-07,68,-2.382757574801297,-1.8290378950792965,0.2933405204132688,0.5976294275819773,-0.30428890716870854,Критическая аномалия,озимая пшеница,63.51289110189432,67.82533949120659,-1.5169541297881206,устойчивое угнетение без явного погодного сигнала,0.94,Критическая аномалия: NDVI 0.29 против нормы 0.60 (z=-2.4) в течение 68 дн.; устойчивое угнетение без явного погодного сигнала
AOI-0048,2024,2024-04-01,2024-06-22,83,-2.3536094072114713,-1.54008067489696,0.22804385697003013,0.5408140245420477,-0.3127701675720176,Критическая аномалия,зерновые,24.808275379296546,58.91602312948815,1.8017426361603845,дефицит осадков,0.42,Критическая аномалия: NDVI 0.23 против нормы 0.54 (z=-2.4) в течение 83 дн.; дефицит осадков
AOI-0050,2011,2011-04-02,2011-04-18,17,-2.3291074990929466,-1.8242465562468333,0.2725351194193472,0.5109790080945172,-0.23844388867517002,Критическая аномалия,озимая пшеница,,,,"краткое отклонение, погодой не объясняется (вероятно агрооперация или ошибка данных)",,"Критическая аномалия: NDVI 0.27 против нормы 0.51 (z=-2.3) в течение 17 дн.; краткое отклонение, погодой не объясняется (вероятно агрооперация или ошибка данных)"
AOI-0055,2025,2025-07-10,2025-09-01,54,-2.322570608038284,-1.6965008782505637,0.3953684014787222,0.5130206072899515,-0.11765220581122926,Критическая аномалия,озимая пшеница,,,,устойчивое угнетение без явного погодного сигнала,,Критическая аномалия: NDVI 0.40 против нормы 0.51 (z=-2.3) в течение 54 дн.; устойчивое угнетение без явного погодного сигнала
AOI-0029,2022,2022-04-01,2022-06-05,66,-2.315721924758343,-1.462592972281542,0.2722713491021576,0.6104249440014771,-0.33815359489931945,Критическая аномалия,озимая пшеница,56.04112886128475,68.99734064228247,-0.6363996538535289,устойчивое угнетение без явного погодного сигнала,0.81,Критическая аномалия: NDVI 0.27 против нормы 0.61 (z=-2.3) в течение 66 дн.; устойчивое угнетение без явного погодного сигнала
AOI-0016,2021,2021-07-02,2021-09-13,74,-2.3050020326843,-1.7483432660505127,0.1922159728399299,0.5042229520665187,-0.3120069792265888,Критическая аномалия,озимая пшеница,,,,устойчивое угнетение без явного погодного сигнала,,Критическая аномалия: NDVI 0.19 против нормы 0.50 (z=-2.3) в течение 74 дн.; устойчивое угнетение без явного погодного сигнала
AOI-0038,2015,2015-04-01,2015-05-30,60,-2.303791349037905,-2.0246790467198537,0.20479684598123266,0.42175993676669365,-0.216963090785461,Критическая аномалия,зерновые,38.36007917237858,46.19294394602586,-0.8217737151623549,устойчивое угнетение без явного погодного сигнала,0.83,Критическая аномалия: NDVI 0.20 против нормы 0.42 (z=-2.3) в течение 60 дн.; устойчивое угнетение без явного погодного сигнала
AOI-0030,2011,2011-07-11,2011-08-03,24,-2.3037355291719233,-1.8043931274625742,0.5867215748675423,0.7066151639474626,-0.11989358907992032,Критическая аномалия,озимая пшеница,46.313377053742805,39.35300634707341,0.27328303070364823,устойчивое угнетение без явного погодного сигнала,1.18,Критическая аномалия: NDVI 0.59 против нормы 0.71 (z=-2.3) в течение 24 дн.; устойчивое угнетение без явного погодного сигнала
AOI-0020,2010,2010-04-01,2010-06-11,72,-2.302840119598198,-1.7324611325815589,0.28391158727794646,0.5457580490775015,-0.261846461799555,Критическая аномалия,подсолнечник,75.8918167934657,65.72094676692856,-0.12940150043336204,устойчивое угнетение без явного погодного сигнала,1.15,Критическая аномалия: NDVI 0.28 против нормы 0.55 (z=-2.3) в течение 72 дн.; устойчивое угнетение без явного погодного сигнала
AOI-0055,2024,2024-05-23,2024-07-25,64,-2.2836443036752585,-1.7065461536876807,0.45978728884389825,0.5559023360570426,-0.0961150472131444,Критическая аномалия,озимая пшеница,,,,устойчивое угнетение без явного погодного сигнала,,Критическая аномалия: NDVI 0.46 против нормы 0.56 (z=-2.3) в течение 64 дн.; устойчивое угнетение без явного погодного сигнала
AOI-0053,2024,2024-04-23,2024-06-12,51,-2.2835141092316027,-1.7420203209830287,0.33712034648974143,0.5838510023479216,-0.24673065585818021,Критическая аномалия,озимая пшеница,31.294433885099085,82.15059070517331,0.7598143390645007,дефицит осадков,0.38,Критическая аномалия: NDVI 0.34 против нормы 0.58 (z=-2.3) в течение 51 дн.; дефицит осадков
AOI-0037,2021,2021-04-01,2021-04-21,21,-2.28280400443804,-1.896091757459599,0.22139053775163017,0.3758434392571472,-0.15445290150551702,Критическая аномалия,зерновые,67.51450837570718,34.98621548377658,-0.13922807512528504,устойчивое угнетение без явного погодного сигнала,1.93,Критическая аномалия: NDVI 0.22 против нормы 0.38 (z=-2.3) в течение 21 дн.; устойчивое угнетение без явного погодного сигнала
AOI-0004,2015,2015-09-22,2015-10-30,39,-2.2709459104922325,-1.6792182997217895,0.25436675513994456,0.35085695094593217,-0.09649019580598761,Критическая аномалия,озимая пшеница,42.849386469947206,42.79290104454553,-0.9359320152533778,устойчивое угнетение без явного погодного сигнала,1.0,Критическая аномалия: NDVI 0.25 против нормы 0.35 (z=-2.3) в течение 39 дн.; устойчивое угнетение без явного погодного сигнала
AOI-0064,2015,2015-05-10,2015-06-11,33,-2.2686839179587515,-1.7245710011221507,0.3955099069268055,0.6815836417461564,-0.2860737348193509,Критическая аномалия,озимая пшеница,89.38199442975467,87.21452394712502,0.37738218924198236,устойчивое угнетение без явного погодного сигнала,1.02,Критическая аномалия: NDVI 0.40 против нормы 0.68 (z=-2.3) в течение 33 дн.; устойчивое угнетение без явного погодного сигнала
AOI-0052,2023,2023-05-09,2023-06-14,37,-2.259540166413827,-1.6976059381021078,0.31100880354599675,0.6625029748337784,-0.35149417128778165,Критическая аномалия,озимая пшеница,158.94321907887343,83.25272818214583,-1.8526746046850586,устойчивое угнетение без явного погодного сигнала,1.91,Критическая аномалия: NDVI 0.31 против нормы 0.66 (z=-2.3) в течение 37 дн.; устойчивое угнетение без явного погодного сигнала
AOI-0058,2024,2024-06-07,2024-07-07,31,-2.2464774110448262,-1.5259785319241594,0.3813134884967842,0.6208493035970865,-0.23953581510030225,Критическая аномалия,озимая пшеница,21.583487335528925,64.16347293805785,2.119330576701546,засуха: осадки ниже нормы и жара,0.34,Критическая аномалия: NDVI 0.38 против нормы 0.62 (z=-2.2) в течение 31 дн.; засуха: осадки ниже нормы и жара
AOI-0018,2024,2024-04-01,2024-05-24,54,-2.243456301895503,-1.801131628575492,0.29572635638884237,0.5935354490783344,-0.29780909268949207,Критическая аномалия,озимая пшеница,17.758624190382623,65.04663423715135,2.2205116447256,засуха: осадки ниже нормы и жара,0.27,Критическая аномалия: NDVI 0.30 против нормы 0.59 (z=-2.2) в течение 54 дн.; засуха: осадки ниже нормы и жара
AOI-0039,2021,2021-04-07,2021-04-29,23,-2.217811939400238,-1.7314331893465258,0.38090873135626735,0.5382319339594078,-0.15732320260314048,Критическая аномалия,зерновые,,,,устойчивое угнетение без явного погодного сигнала,,Критическая аномалия: NDVI 0.38 против нормы 0.54 (z=-2.2) в течение 23 дн.; устойчивое угнетение без явного погодного сигнала
AOI-0049,2025,2025-06-02,2025-07-20,49,-2.2177657429733606,-1.5072765888899096,0.25331842187552195,0.5601974428585407,-0.3068790209830187,Критическая аномалия,озимая пшеница,56.414814019481376,62.80289208682732,-0.11286742811228877,устойчивое угнетение без явного погодного сигнала,0.9,Критическая аномалия: NDVI 0.25 против нормы 0.56 (z=-2.2) в течение 49 дн.; устойчивое угнетение без явного погодного сигнала
AOI-0026,2020,2020-04-09,2020-06-28,81,-2.2104760929052505,-1.6851268811934133,0.2158319635394987,0.6166097195504835,-0.40077775601098475,Критическая аномалия,озимая пшеница,71.92960927932181,71.02059471856562,-0.9300126408786319,устойчивое угнетение без явного погодного сигнала,1.01,Критическая аномалия: NDVI 0.22 против нормы 0.62 (z=-2.2) в течение 81 дн.; устойчивое угнетение без явного погодного сигнала
AOI-0065,2017,2017-04-01,2017-05-28,58,-2.2044139462215875,-1.566575455551604,0.3078391929479045,0.607867934696039,-0.30002874174813443,Критическая аномалия,озимая пшеница,115.23378741595967,78.96534401166039,-1.282861403613057,устойчивое угнетение без явного погодного сигнала,1.46,Критическая аномалия: NDVI 0.31 против нормы 0.61 (z=-2.2) в течение 58 дн.; устойчивое угнетение без явного погодного сигнала
AOI-0001,2025,2025-04-25,2025-06-09,46,-2.1995135991141455,-1.7526100935925049,0.4051257594359483,0.6687424719125141,-0.2636167124765658,Критическая аномалия,озимая пшеница,59.765646845697574,76.01557519519314,-0.31813183724654814,устойчивое угнетение без явного погодного сигнала,0.79,Критическая аномалия: NDVI 0.41 против нормы 0.67 (z=-2.2) в течение 46 дн.; устойчивое угнетение без явного погодного сигнала
AOI-0030,2020,2020-07-27,2020-08-06,11,-2.1962351998567478,-1.6988273495344262,0.5273937144525258,0.6909837166268799,-0.16359000217435404,Критическая аномалия,озимая пшеница,29.137628147182024,33.09004355189842,-1.3328604284173518,"краткое отклонение, погодой не объясняется (вероятно агрооперация или ошибка данных)",0.88,"Критическая аномалия: NDVI 0.53 против нормы 0.69 (z=-2.2) в течение 11 дн.; краткое отклонение, погодой не объясняется (вероятно агрооперация или ошибка данных)"
AOI-0029,2024,2024-04-01,2024-06-29,90,-2.1901081892200525,-1.5962219538628704,0.23146384162004302,0.595629610167391,-0.364165768547348,Критическая аномалия,озимая пшеница,17.74940087882493,67.84304553676655,2.0579822724264534,засуха: осадки ниже нормы и жара,0.26,Критическая аномалия: NDVI 0.23 против нормы 0.60 (z=-2.2) в течение 90 дн.; засуха: осадки ниже нормы и жара
AOI-0001,2016,2016-05-27,2016-06-25,30,-2.187791267068319,-1.6688636874081892,0.3718718345316267,0.6263336254596916,-0.2544617909280649,Критическая аномалия,озимая пшеница,107.5930831034395,67.26486360333652,-1.532234359528811,устойчивое угнетение без явного погодного сигнала,1.6,Критическая аномалия: NDVI 0.37 против нормы 0.63 (z=-2.2) в течение 30 дн.; устойчивое угнетение без явного погодного сигнала
AOI-0018,2022,2022-04-01,2022-06-05,66,-2.184157306187226,-1.7065643674534972,0.2994430582775994,0.5942060858990004,-0.29476302762140094,Критическая аномалия,озимая пшеница,54.790413883257116,65.77781419099189,-0.6239549925202635,устойчивое угнетение без явного погодного сигнала,0.83,Критическая аномалия: NDVI 0.30 против нормы 0.59 (z=-2.2) в течение 66 дн.; устойчивое угнетение без явного погодного сигнала
AOI-0060,2020,2020-09-20,2020-10-30,41,-2.184154168992023,-1.3574775669393622,0.2037326735382101,0.3464310603328392,-0.14269838679462912,Критическая аномалия,озимая пшеница,17.504513367662508,42.741495183993806,3.6953631951992363,засуха: осадки ниже нормы и жара,0.41,Критическая аномалия: NDVI 0.20 против нормы 0.35 (z=-2.2) в течение 41 дн.; засуха: осадки ниже нормы и жара
AOI-0060,2017,2017-05-26,2017-06-24,30,-2.1809208655404575,-1.4887056191599979,0.4391561164378447,0.6642564159383703,-0.22510029950052557,Критическая аномалия,озимая пшеница,89.75906461840887,77.53099928673684,-1.8705133608906972,устойчивое угнетение без явного погодного сигнала,1.16,Критическая аномалия: NDVI 0.44 против нормы 0.66 (z=-2.2) в течение 30 дн.; устойчивое угнетение без явного погодного сигнала
AOI-0057,2020,2020-04-02,2020-05-28,57,-2.1802105393281512,-1.8088162853443275,0.29444431962318035,0.659453701562368,-0.3650093819391877,Критическая аномалия,озимая пшеница,,,,устойчивое угнетение без явного погодного сигнала,,Критическая аномалия: NDVI 0.29 против нормы 0.66 (z=-2.2) в течение 57 дн.; устойчивое угнетение без явного погодного сигнала
AOI-0019,2019,2019-09-16,2019-10-01,16,-2.1772772829790044,-1.7232222293183088,0.131983720678919,0.22514604531158394,-0.09316232463266494,Критическая аномалия,подсолнечник,41.500138768401975,44.21334998675119,-0.4664691142941382,"краткое отклонение, погодой не объясняется (вероятно агрооперация или ошибка данных)",0.94,"Критическая аномалия: NDVI 0.13 против нормы 0.23 (z=-2.2) в течение 16 дн.; краткое отклонение, погодой не объясняется (вероятно агрооперация или ошибка данных)"
AOI-0060,2019,2019-09-14,2019-09-28,15,-2.175115578807928,-1.6534638331678246,0.1891539298862465,0.35538928814360055,-0.16623535825735405,Критическая аномалия,озимая пшеница,36.97694556602328,45.612713700547104,-0.4142594051988065,"краткое отклонение, погодой не объясняется (вероятно агрооперация или ошибка данных)",0.81,"Критическая аномалия: NDVI 0.19 против нормы 0.36 (z=-2.2) в течение 15 дн.; краткое отклонение, погодой не объясняется (вероятно агрооперация или ошибка данных)"
AOI-0002,2021,2021-07-29,2021-08-18,21,-2.1739139448868485,-1.48146619695362,0.1446059235823666,0.3713795333493997,-0.22677360976703312,Критическая аномалия,озимая пшеница,59.495293836811804,31.42392224480627,0.1840396530433728,устойчивое угнетение без явного погодного сигнала,1.89,Критическая аномалия: NDVI 0.14 против нормы 0.37 (z=-2.2) в течение 21 дн.; устойчивое угнетение без явного погодного сигнала
AOI-0051,2015,2015-04-07,2015-04-23,17,-2.1711856412901085,-1.7351593183520966,0.3162788114928451,0.6159230612357556,-0.2996442497429105,Критическая аномалия,озимая пшеница,,,,"краткое отклонение, погодой не объясняется (вероятно агрооперация или ошибка данных)",,"Критическая аномалия: NDVI 0.32 против нормы 0.62 (z=-2.2) в течение 17 дн.; краткое отклонение, погодой не объясняется (вероятно агрооперация или ошибка данных)"
AOI-0054,2010,2010-09-15,2010-10-15,31,-2.162838305528849,-1.5720293450820804,0.5198844053082571,0.6632258805514317,-0.14334147524317464,Критическая аномалия,озимая пшеница,38.85618293193625,43.96607590237827,-0.49316056995898927,устойчивое угнетение без явного погодного сигнала,0.88,Критическая аномалия: NDVI 0.52 против нормы 0.66 (z=-2.2) в течение 31 дн.; устойчивое угнетение без явного погодного сигнала
AOI-0060,2015,2015-05-09,2015-06-17,40,-2.1617956850055964,-1.5931638556361238,0.3636640257520086,0.6262985106635407,-0.2626344849115321,Критическая аномалия,озимая пшеница,80.68427628886133,82.63281400475785,0.011929960577107135,устойчивое угнетение без явного погодного сигнала,0.98,Критическая аномалия: NDVI 0.36 против нормы 0.63 (z=-2.2) в течение 40 дн.; устойчивое угнетение без явного погодного сигнала
AOI-0037,2010,2010-04-13,2010-05-20,38,-2.1600997880643753,-1.6356682732377734,0.36098813056748363,0.4911683810310767,-0.13018025046359305,Критическая аномалия,зерновые,80.33771738949565,50.73268669211412,-0.6728592772532962,устойчивое угнетение без явного погодного сигнала,1.58,Критическая аномалия: NDVI 0.36 против нормы 0.49 (z=-2.2) в течение 38 дн.; устойчивое угнетение без явного погодного сигнала
AOI-0004,2013,2013-04-30,2013-06-19,51,-2.154535423240061,-1.6173971318202567,0.5309902363729303,0.6853048361977252,-0.1543145998247949,Критическая аномалия,озимая пшеница,50.17313941779532,75.61380750968954,1.808192564496338,устойчивое угнетение без явного погодного сигнала,0.66,Критическая аномалия: NDVI 0.53 против нормы 0.69 (z=-2.2) в течение 51 дн.; устойчивое угнетение без явного погодного сигнала
AOI-0049,2012,2012-04-28,2012-06-05,39,-2.14571031164854,-1.5261301019774127,0.2848451974328214,0.61329300429983,-0.32844780686700864,Критическая аномалия,озимая пшеница,64.84974579870924,84.46272196479201,2.432410474468412,температурный стресс,0.77,Критическая аномалия: NDVI 0.28 против нормы 0.61 (z=-2.1) в течение 39 дн.; температурный стресс
AOI-0028,2023,2023-05-11,2023-06-24,45,-2.1451491712915693,-1.5752571168092715,0.24294603383496238,0.6112964811593518,-0.3683504473243894,Критическая аномалия,озимая пшеница,116.71589815979291,73.52342846404191,-1.731482338641964,устойчивое угнетение без явного погодного сигнала,1.59,Критическая аномалия: NDVI 0.24 против нормы 0.61 (z=-2.1) в течение 45 дн.; устойчивое угнетение без явного погодного сигнала
AOI-0065,2015,2015-04-01,2015-06-05,66,-2.144812035686903,-1.4949401246099816,0.33771019077694003,0.6149329781138437,-0.2772227873369037,Критическая аномалия,озимая пшеница,86.49673620262756,80.51087189414606,-0.7203828168892112,устойчивое угнетение без явного погодного сигнала,1.07,Критическая аномалия: NDVI 0.34 против нормы 0.61 (z=-2.1) в течение 66 дн.; устойчивое угнетение без явного погодного сигнала
AOI-0041,2019,2019-06-27,2019-07-15,19,-2.1441467755512145,-1.7165391730039334,0.261991445006248,0.37873197133419,-0.11674052632794202,Критическая аномалия,зерновые,,,,"краткое отклонение, погодой не объясняется (вероятно агрооперация или ошибка данных)",,"Критическая аномалия: NDVI 0.26 против нормы 0.38 (z=-2.1) в течение 19 дн.; краткое отклонение, погодой не объясняется (вероятно агрооперация или ошибка данных)"
AOI-0068,2024,2024-04-28,2024-07-07,71,-2.1400042776027743,-1.5368787360732334,0.19884101505349144,0.3721174014501742,-0.17327638639668275,Критическая аномалия,зерновые,10.883797932839881,47.81171876877196,1.064598048619939,дефицит осадков,0.23,Критическая аномалия: NDVI 0.20 против нормы 0.37 (z=-2.1) в течение 71 дн.; дефицит осадков
AOI-0078,2010,2010-10-20,2010-10-30,11,-2.134375065115941,-1.5405720044485869,0.14900856077329605,0.2968413797912459,-0.14783281901794987,Критическая аномалия,озимая пшеница,68.97521107361823,42.38005095839599,-2.7236320694556873,"краткое отклонение, погодой не объясняется (вероятно агрооперация или ошибка данных)",1.63,"Критическая аномалия: NDVI 0.15 против нормы 0.30 (z=-2.1) в течение 11 дн.; краткое отклонение, погодой не объясняется (вероятно агрооперация или ошибка данных)"
AOI-0015,2015,2015-04-24,2015-06-13,51,-2.130135512980196,-1.4473617439935669,0.33495945051935705,0.5985378773230678,-0.2635784268037108,Критическая аномалия,озимая пшеница,80.29604855363138,75.19176953249284,-0.4704559473701637,устойчивое угнетение без явного погодного сигнала,1.07,Критическая аномалия: NDVI 0.33 против нормы 0.60 (z=-2.1) в течение 51 дн.; устойчивое угнетение без явного погодного сигнала
AOI-0038,2012,2012-04-01,2012-06-01,62,-2.1295534329879815,-1.6013942994762782,0.24104919960759988,0.4220663854509871,-0.18101718584338725,Критическая аномалия,зерновые,25.55153070003674,46.415185826749514,3.266588201599089,засуха: осадки ниже нормы и жара,0.55,Критическая аномалия: NDVI 0.24 против нормы 0.42 (z=-2.1) в течение 62 дн.; засуха: осадки ниже нормы и жара
AOI-0036,2016,2016-04-23,2016-06-01,40,-2.1281530497202357,-1.6326020123180995,0.33427270965989414,0.48402330669060556,-0.14975059703071142,Критическая аномалия,пастбища/зерновые,78.79182809640551,57.27703683635089,-1.006856508412687,устойчивое угнетение без явного погодного сигнала,1.38,Критическая аномалия: NDVI 0.33 против нормы 0.48 (z=-2.1) в течение 40 дн.; устойчивое угнетение без явного погодного сигнала
AOI-0019,2018,2018-04-01,2018-06-05,66,-2.121392225264412,-1.61068332110767,0.3642277712647612,0.5953801965185549,-0.2311524252537937,Критическая аномалия,подсолнечник,30.8150201643215,65.62718175233397,1.0930739412364123,дефицит осадков,0.47,Критическая аномалия: NDVI 0.36 против нормы 0.60 (z=-2.1) в течение 66 дн.; дефицит осадков
AOI-0030,2010,2010-09-01,2010-10-14,44,-2.117917314406359,-1.5600027135483834,0.4499808420142766,0.5722041578377387,-0.12222331582346208,Критическая аномалия,озимая пшеница,35.816590706182346,40.805978231417015,-0.05221408593179841,устойчивое угнетение без явного погодного сигнала,0.88,Критическая аномалия: NDVI 0.45 против нормы 0.57 (z=-2.1) в течение 44 дн.; устойчивое угнетение без явного погодного сигнала
AOI-0002,2010,2010-04-09,2010-06-04,57,-2.114420445748358,-1.5120186129043036,0.35347290656456587,0.6257888683745175,-0.27231596180995166,Критическая аномалия,озимая пшеница,81.89182185564204,71.74017416467085,0.006891947024369104,устойчивое угнетение без явного погодного сигнала,1.14,Критическая аномалия: NDVI 0.35 против нормы 0.63 (z=-2.1) в течение 57 дн.; устойчивое угнетение без явного погодного сигнала
AOI-0038,2013,2013-04-01,2013-07-01,92,-2.1129422889083265,-1.5877044934904807,0.23000784403433952,0.3988190202004472,-0.16881117616610766,Критическая аномалия,зерновые,35.26353535247931,43.09267574926902,0.9968207561635303,устойчивое угнетение без явного погодного сигнала,0.82,Критическая аномалия: NDVI 0.23 против нормы 0.40 (z=-2.1) в течение 92 дн.; устойчивое угнетение без явного погодного сигнала
AOI-0023,2013,2013-06-07,2013-07-07,31,-2.107266859955496,-1.5493868450939912,0.2836841295004437,0.6038088973955246,-0.3201247678950809,Критическая аномалия,подсолнечник,54.71222027546128,63.62966020883908,0.6198091466327048,устойчивое угнетение без явного погодного сигнала,0.86,Критическая аномалия: NDVI 0.28 против нормы 0.60 (z=-2.1) в течение 31 дн.; устойчивое угнетение без явного погодного сигнала
AOI-0057,2012,2012-04-04,2012-04-27,24,-2.104713813018553,-1.584446074014625,0.2685494484061068,0.6247887245805777,-0.3562392761744709,Критическая аномалия,озимая пшеница,,,,устойчивое угнетение без явного погодного сигнала,,Критическая аномалия: NDVI 0.27 против нормы 0.62 (z=-2.1) в течение 24 дн.; устойчивое угнетение без явного погодного сигнала
AOI-0030,2013,2013-05-11,2013-06-08,29,-2.101941886968782,-1.7192392457302126,0.6927583649367399,0.7863948187790796,-0.09363645384233965,Критическая аномалия,озимая пшеница,51.24519593298577,79.42372575502606,2.1696693719314424,температурный стресс,0.65,Критическая аномалия: NDVI 0.69 против нормы 0.79 (z=-2.1) в течение 29 дн.; температурный стресс
AOI-0003,2017,2017-04-01,2017-06-04,65,-2.101896982034819,-1.582881607749075,0.29141980472737605,0.6112138222298767,-0.3197940175025007,Критическая аномалия,озимая пшеница,78.75306395314838,68.15927893485147,-1.4401548139392966,устойчивое угнетение без явного погодного сигнала,1.16,Критическая аномалия: NDVI 0.29 против нормы 0.61 (z=-2.1) в течение 65 дн.; устойчивое угнетение без явного погодного сигнала
AOI-0022,2022,2022-04-25,2022-06-04,41,-2.100362548444765,-1.586675157500399,0.28762052994575393,0.6554724450101014,-0.36785191506434745,Критическая аномалия,подсолнечник,52.13156435632756,74.25478921132306,-1.1236426998434699,устойчивое угнетение без явного погодного сигнала,0.7,Критическая аномалия: NDVI 0.29 против нормы 0.66 (z=-2.1) в течение 41 дн.; устойчивое угнетение без явного погодного сигнала
AOI-0018,2025,2025-06-06,2025-07-22,47,-2.0983627486914416,-1.5480503041042126,0.291434194477079,0.5886811892301309,-0.2972469947530519,Критическая аномалия,озимая пшеница,52.6162676900918,56.7174791669129,-0.4243397271546404,устойчивое угнетение без явного погодного сигнала,0.93,Критическая аномалия: NDVI 0.29 против нормы 0.59 (z=-2.1) в течение 47 дн.; устойчивое угнетение без явного погодного сигнала
AOI-0054,2014,2014-09-02,2014-09-12,11,-2.097013675812889,-1.641020686396706,0.5085356490519285,0.6840884574073133,-0.17555280835538478,Критическая аномалия,озимая пшеница,42.457006849080805,32.85878015922258,-0.5948781288501973,"краткое отклонение, погодой не объясняется (вероятно агрооперация или ошибка данных)",1.29,"Критическая аномалия: NDVI 0.51 против нормы 0.68 (z=-2.1) в течение 11 дн.; краткое отклонение, погодой не объясняется (вероятно агрооперация или ошибка данных)"
AOI-0057,2010,2010-04-06,2010-04-30,25,-2.094802098324291,-1.7110210969215518,0.24713200683351558,0.6295056313002204,-0.38237362446670486,Критическая аномалия,озимая пшеница,,,,устойчивое угнетение без явного погодного сигнала,,Критическая аномалия: NDVI 0.25 против нормы 0.63 (z=-2.1) в течение 25 дн.; устойчивое угнетение без явного погодного сигнала
AOI-0036,2024,2024-05-20,2024-06-25,37,-2.0924260294973305,-1.4967307341412805,0.2500111321788645,0.39510562849243813,-0.14509449631357363,Критическая аномалия,пастбища/зерновые,20.530134763931486,49.94628254324608,1.324947017280315,дефицит осадков,0.41,Критическая аномалия: NDVI 0.25 против нормы 0.40 (z=-2.1) в течение 37 дн.; дефицит осадков
AOI-0003,2012,2012-04-10,2012-06-04,56,-2.0918128239597293,-1.6347325990578183,0.2970372511776291,0.6342916681112591,-0.33725441693363006,Критическая аномалия,озимая пшеница,74.83270022039639,72.69954843685623,2.746861621837316,температурный стресс,1.03,Критическая аномалия: NDVI 0.30 против нормы 0.63 (z=-2.1) в течение 56 дн.; температурный стресс
AOI-0005,2010,2010-08-24,2010-10-13,51,-2.091219802971144,-1.6184286812501816,0.21732661021126248,0.34823449773397114,-0.13090788752270865,Критическая аномалия,озимая пшеница,32.75648301086212,39.144355606181335,0.1572165794192412,устойчивое угнетение без явного погодного сигнала,0.84,Критическая аномалия: NDVI 0.22 против нормы 0.35 (z=-2.1) в течение 51 дн.; устойчивое угнетение без явного погодного сигнала
AOI-0001,2014,2014-04-01,2014-05-25,55,-2.0884419076247176,-1.5464781233079172,0.299738224017345,0.5743400981475962,-0.2746018741302512,Критическая аномалия,озимая пшеница,59.463760061352524,65.93965417409824,0.4320318089393382,устойчивое угнетение без явного погодного сигнала,0.9,Критическая аномалия: NDVI 0.30 против нормы 0.57 (z=-2.1) в течение 55 дн.; устойчивое угнетение без явного погодного сигнала
AOI-0002,2019,2019-06-11,2019-07-23,43,-2.0814621214093627,-1.5630687326780246,0.24747658066590325,0.4975383149870318,-0.25006173432112855,Критическая аномалия,озимая пшеница,50.12232168001013,53.89236433065508,-0.22828336153498274,устойчивое угнетение без явного погодного сигнала,0.93,Критическая аномалия: NDVI 0.25 против нормы 0.50 (z=-2.1) в течение 43 дн.; устойчивое угнетение без явного погодного сигнала
AOI-0064,2013,2013-06-06,2013-07-02,27,-2.0745182806526445,-1.5730987729472081,0.3195280070752545,0.580837737039292,-0.26130972996403745,Критическая аномалия,озимая пшеница,73.68944668441901,70.97094265260749,0.4037351243656403,устойчивое угнетение без явного погодного сигнала,1.04,Критическая аномалия: NDVI 0.32 против нормы 0.58 (z=-2.1) в течение 27 дн.; устойчивое угнетение без явного погодного сигнала
AOI-0050,2025,2025-06-10,2025-09-15,98,-2.0690167586485453,-1.4639350631812724,0.3709114561945388,0.537659367972582,-0.16674791177804316,Критическая аномалия,озимая пшеница,,,,устойчивое угнетение без явного погодного сигнала,,Критическая аномалия: NDVI 0.37 против нормы 0.54 (z=-2.1) в течение 98 дн.; устойчивое угнетение без явного погодного сигнала
AOI-0056,2025,2025-06-11,2025-09-08,90,-2.0658315322402356,-1.7241937441074877,0.23162485115699163,0.42783302413966057,-0.19620817298266893,Критическая аномалия,озимая пшеница,,,,устойчивое угнетение без явного погодного сигнала,,Критическая аномалия: NDVI 0.23 против нормы 0.43 (z=-2.1) в течение 90 дн.; устойчивое угнетение без явного погодного сигнала
AOI-0054,2022,2022-09-12,2022-09-24,13,-2.061701270897567,-1.6013077287479394,0.4901786896855638,0.67679308619262,-0.18661439650705625,Критическая аномалия,озимая пшеница,54.47857646024363,39.40128542534565,-0.2581008003908529,"краткое отклонение, погодой не объясняется (вероятно агрооперация или ошибка данных)",1.38,"Критическая аномалия: NDVI 0.49 против нормы 0.68 (z=-2.1) в течение 13 дн.; краткое отклонение, погодой не объясняется (вероятно агрооперация или ошибка данных)"
AOI-0037,2024,2024-09-13,2024-10-30,48,-2.0485896743573093,-1.426039020611366,0.17790529432339386,0.287711446235752,-0.10980615191235815,Критическая аномалия,зерновые,10.377905224466428,37.84159975013127,1.5091420458878513,дефицит осадков,0.27,Критическая аномалия: NDVI 0.18 против нормы 0.29 (z=-2.0) в течение 48 дн.; дефицит осадков
AOI-0052,2025,2025-04-01,2025-06-12,73,-2.0470844242307717,-1.6143043054984556,0.24697763161020975,0.6051670049269257,-0.3581893733167159,Критическая аномалия,озимая пшеница,49.02813057519424,74.43105565051158,-0.3069174053851013,устойчивое угнетение без явного погодного сигнала,0.66,Критическая аномалия: NDVI 0.25 против нормы 0.61 (z=-2.0) в течение 73 дн.; устойчивое угнетение без явного погодного сигнала
AOI-0049,2018,2018-06-08,2018-07-10,33,-2.046454842135374,-1.5397091192509966,0.2522270413770607,0.5630544584720526,-0.3108274170949919,Критическая аномалия,озимая пшеница,27.070975426828106,64.24056044857386,1.5174637249639353,дефицит осадков,0.42,Критическая аномалия: NDVI 0.25 против нормы 0.56 (z=-2.0) в течение 33 дн.; дефицит осадков
AOI-0060,2019,2019-04-23,2019-06-10,49,-2.0457877007589356,-1.3886682875258034,0.3528089949164415,0.5967632043763431,-0.2439542094599016,Критическая аномалия,озимая пшеница,54.65641496632777,83.51470542713164,1.8957035872939267,устойчивое угнетение без явного погодного сигнала,0.65,Критическая аномалия: NDVI 0.35 против нормы 0.60 (z=-2.0) в течение 49 дн.; устойчивое угнетение без явного погодного сигнала
AOI-0058,2010,2010-04-01,2010-05-22,52,-2.045670401530498,-1.6378132993155565,0.3000515606038471,0.6017142675871286,-0.30166270698328157,Критическая аномалия,озимая пшеница,65.66309171090533,67.72194652152021,-0.29902780344313507,устойчивое угнетение без явного погодного сигнала,0.97,Критическая аномалия: NDVI 0.30 против нормы 0.60 (z=-2.0) в течение 52 дн.; устойчивое угнетение без явного погодного сигнала
AOI-0063,2025,2025-04-01,2025-06-01,62,-2.045233125685646,-1.5890271897060961,0.3080433819129314,0.635849207530418,-0.32780582561748656,Критическая аномалия,озимая пшеница,86.72779442265184,79.5912500205733,-0.9237879075907773,устойчивое угнетение без явного погодного сигнала,1.09,Критическая аномалия: NDVI 0.31 против нормы 0.64 (z=-2.0) в течение 62 дн.; устойчивое угнетение без явного погодного сигнала
AOI-0024,2010,2010-05-11,2010-06-20,41,-2.0448399232365118,-1.5026372092134535,0.28680566068604224,0.6140457303167058,-0.3272400696306636,Критическая аномалия,подсолнечник,91.81524185870684,71.87337027209774,0.6571851131660092,устойчивое угнетение без явного погодного сигнала,1.28,Критическая аномалия: NDVI 0.29 против нормы 0.61 (z=-2.0) в течение 41 дн.; устойчивое угнетение без явного погодного сигнала
AOI-0041,2015,2015-04-07,2015-04-23,17,-2.044710578964219,-1.7409968564407412,0.3851949862105166,0.5143940430206404,-0.12919905681012378,Критическая аномалия,зерновые,,,,"краткое отклонение, погодой не объясняется (вероятно агрооперация или ошибка данных)",,"Критическая аномалия: NDVI 0.39 против нормы 0.51 (z=-2.0) в течение 17 дн.; краткое отклонение, погодой не объясняется (вероятно агрооперация или ошибка данных)"
AOI-0008,2020,2020-04-02,2020-05-24,53,-2.04114814290014,-1.7114204433272389,0.2698782387058161,0.6072840588838888,-0.3374058201780727,Критическая аномалия,озимая пшеница,,,,устойчивое угнетение без явного погодного сигнала,,Критическая аномалия: NDVI 0.27 против нормы 0.61 (z=-2.0) в течение 53 дн.; устойчивое угнетение без явного погодного сигнала
AOI-0002,2025,2025-06-02,2025-06-21,20,-2.0402840736604384,-1.6388149269441885,0.41908553549132666,0.6512942858157603,-0.23220875032443367,Критическая аномалия,озимая пшеница,72.19981589969002,68.65494582234774,-1.076134503005269,"краткое отклонение, погодой не объясняется (вероятно агрооперация или ошибка данных)",1.05,"Критическая аномалия: NDVI 0.42 против нормы 0.65 (z=-2.0) в течение 20 дн.; краткое отклонение, погодой не объясняется (вероятно агрооперация или ошибка данных)"
AOI-0030,2012,2012-05-13,2012-06-15,34,-2.034577708376498,-1.3808961845340566,0.7105526517143711,0.7895101822946744,-0.0789575305803033,Критическая аномалия,озимая пшеница,94.38881692939331,77.48629363103426,1.3084081436013715,устойчивое угнетение без явного погодного сигнала,1.22,Критическая аномалия: NDVI 0.71 против нормы 0.79 (z=-2.0) в течение 34 дн.; устойчивое угнетение без явного погодного сигнала
AOI-0078,2020,2020-10-06,2020-10-30,25,-2.02928578637703,-1.3574021978121653,0.1376069124186667,0.28495622615244953,-0.14734931373378282,Критическая аномалия,озимая пшеница,14.995608551783734,49.14669412574286,3.849683764094014,засуха: осадки ниже нормы и жара,0.31,Критическая аномалия: NDVI 0.14 против нормы 0.28 (z=-2.0) в течение 25 дн.; засуха: осадки ниже нормы и жара
AOI-0003,2015,2015-04-10,2015-06-02,54,-2.026198137815465,-1.5100223719933763,0.314935662200736,0.6307078748475504,-0.31577221264681443,Критическая аномалия,озимая пшеница,83.16877927994592,72.10555828485077,-1.0136312176946758,устойчивое угнетение без явного погодного сигнала,1.15,Критическая аномалия: NDVI 0.31 против нормы 0.63 (z=-2.0) в течение 54 дн.; устойчивое угнетение без явного погодного сигнала
AOI-0037,2015,2015-04-01,2015-04-22,22,-2.02090897185111,-1.5409070271920506,0.24750899333053902,0.3781358144676764,-0.1306268211371374,Критическая аномалия,зерновые,35.771760240725456,35.79151261126956,-1.340716020313158,устойчивое угнетение без явного погодного сигнала,1.0,Критическая аномалия: NDVI 0.25 против нормы 0.38 (z=-2.0) в течение 22 дн.; устойчивое угнетение без явного погодного сигнала
AOI-0039,2024,2024-09-22,2024-10-30,39,-2.0207628380006124,-1.5210639342031673,0.25343295519116604,0.37801849467839155,-0.1245855394872255,Критическая аномалия,зерновые,,,,устойчивое угнетение без явного погодного сигнала,,Критическая аномалия: NDVI 0.25 против нормы 0.38 (z=-2.0) в течение 39 дн.; устойчивое угнетение без явного погодного сигнала
AOI-0058,2019,2019-06-17,2019-07-27,41,-2.0203236147743424,-1.5642673567503191,0.26971534358719174,0.5369150240176485,-0.2671996804304567,Критическая аномалия,озимая пшеница,47.78747324946564,52.90265623534639,-0.8558636821611498,устойчивое угнетение без явного погодного сигнала,0.9,Критическая аномалия: NDVI 0.27 против нормы 0.54 (z=-2.0) в течение 41 дн.; устойчивое угнетение без явного погодного сигнала
AOI-0065,2024,2024-06-10,2024-10-13,126,-2.0202649006757856,-1.4830626569535235,0.19149689180445964,0.3936451677077972,-0.20214827590333753,Критическая аномалия,озимая пшеница,24.099973476163974,63.18666948070408,1.7023697266178226,дефицит осадков,0.38,Критическая аномалия: NDVI 0.19 против нормы 0.39 (z=-2.0) в течение 126 дн.; дефицит осадков
AOI-0050,2010,2010-04-06,2010-04-23,18,-2.0174416420249006,-1.5439926906396744,0.3084038265049397,0.5107393647210514,-0.20233553821611172,Критическая аномалия,озимая пшеница,,,,"краткое отклонение, погодой не объясняется (вероятно агрооперация или ошибка данных)",,"Критическая аномалия: NDVI 0.31 против нормы 0.51 (z=-2.0) в течение 18 дн.; краткое отклонение, погодой не объясняется (вероятно агрооперация или ошибка данных)"
AOI-0054,2017,2017-10-14,2017-10-30,17,-2.014511759548907,-1.8272067202866864,0.4061865337221933,0.5925434990878161,-0.1863569653656228,Критическая аномалия,озимая пшеница,35.75778901588055,36.059270518297865,-0.18292914539214433,"краткое отклонение, погодой не объясняется (вероятно агрооперация или ошибка данных)",0.99,"Критическая аномалия: NDVI 0.41 против нормы 0.59 (z=-2.0) в течение 17 дн.; краткое отклонение, погодой не объясняется (вероятно агрооперация или ошибка данных)"
AOI-0048,2022,2022-05-18,2022-07-09,53,-2.010850335861064,-1.4784452728931088,0.2337768685280716,0.5211704785533764,-0.2873936100253048,Критическая аномалия,зерновые,31.120451083296132,60.86104412940115,-0.6522862135818965,дефицит осадков,0.51,Критическая аномалия: NDVI 0.23 против нормы 0.52 (z=-2.0) в течение 53 дн.; дефицит осадков
AOI-0029,2018,2018-04-01,2018-06-28,89,-2.010575500614332,-1.4972407246619415,0.23959219858810188,0.5911654625036542,-0.3515732639155523,Критическая аномалия,озимая пшеница,29.360969499989878,67.87818079579648,1.2002179820958603,дефицит осадков,0.43,Критическая аномалия: NDVI 0.24 против нормы 0.59 (z=-2.0) в течение 89 дн.; дефицит осадков
AOI-0056,2016,2016-04-06,2016-04-22,17,-2.0087207908002167,-1.527373358864845,0.4117194866035378,0.6344511254893894,-0.22273163888585162,Критическая аномалия,озимая пшеница,,,,"краткое отклонение, погодой не объясняется (вероятно агрооперация или ошибка данных)",,"Критическая аномалия: NDVI 0.41 против нормы 0.63 (z=-2.0) в течение 17 дн.; краткое отклонение, погодой не объясняется (вероятно агрооперация или ошибка данных)"
AOI-0037,2012,2012-05-12,2012-07-04,54,-2.003058003149003,-1.5760324692520713,0.3420658096519222,0.47093026205264743,-0.12886445240072525,Критическая аномалия,зерновые,38.17368354731126,42.227341929798726,1.3819411124986094,устойчивое угнетение без явного погодного сигнала,0.9,Критическая аномалия: NDVI 0.34 против нормы 0.47 (z=-2.0) в течение 54 дн.; устойчивое угнетение без явного погодного сигнала
AOI-0058,2019,2019-09-10,2019-10-13,34,-2.001691319195847,-1.3798613505909485,0.1761339174540878,0.35022069470064454,-0.17408677724655675,Критическая аномалия,озимая пшеница,26.31513409105177,44.725853386940926,-0.11309973415006237,дефицит осадков,0.59,Критическая аномалия: NDVI 0.18 против нормы 0.35 (z=-2.0) в течение 34 дн.; дефицит осадков
AOI-0016,2023,2023-06-23,2023-09-26,96,-2.000655778046843,-1.3542221535602865,0.23573514944803672,0.4854120566031794,-0.24967690715514265,Критическая аномалия,озимая пшеница,,,,устойчивое угнетение без явного погодного сигнала,,Критическая аномалия: NDVI 0.24 против нормы 0.49 (z=-2.0) в течение 96 дн.; устойчивое угнетение без явного погодного сигнала
AOI-0002,2021,2021-10-04,2021-10-19,16,-1.9993392704091602,-1.489632310697272,0.13715203086590216,0.26342454754521194,-0.12627251667930978,Угнетение биомассы,озимая пшеница,26.782736201787174,46.9980626784522,-2.1775945294024432,дефицит осадков,0.57,Угнетение биомассы: NDVI 0.14 против нормы 0.26 (z=-2.0) в течение 16 дн.; дефицит осадков
AOI-0011,2019,2019-04-01,2019-05-20,50,-1.996190287739677,-1.7000933974336903,0.31275789204299814,0.6178313586653283,-0.3050734666223302,Угнетение биомассы,озимая пшеница,57.275771637025976,60.416891398236906,0.19986728207016477,устойчивое угнетение без явного погодного сигнала,0.95,Угнетение биомассы: NDVI 0.31 против нормы 0.62 (z=-2.0) в течение 50 дн.; устойчивое угнетение без явного погодного сигнала
AOI-0028,2013,2013-04-30,2013-06-23,55,-1.9941202092837342,-1.4001308783500164,0.23568275421680826,0.5851070765883429,-0.34942432237153465,Угнетение биомассы,озимая пшеница,49.5162678118159,74.30600193870664,1.7375455880395871,устойчивое угнетение без явного погодного сигнала,0.67,Угнетение биомассы: NDVI 0.24 против нормы 0.59 (z=-2.0) в течение 55 дн.; устойчивое угнетение без явного погодного сигнала
AOI-0068,2010,2010-04-01,2010-07-06,97,-1.9937856750044352,-1.507265523282544,0.18450097526972245,0.36592586217438,-0.18142488690465755,Угнетение биомассы,зерновые,71.44563731038006,46.162567742742716,-0.12355900912429832,устойчивое угнетение без явного погодного сигнала,1.55,Угнетение биомассы: NDVI 0.18 против нормы 0.37 (z=-2.0) в течение 97 дн.; устойчивое угнетение без явного погодного сигнала
AOI-0031,2024,2024-04-01,2024-07-09,100,-1.9884084501331036,-1.4901802309851788,0.19730112207920755,0.43685748084390574,-0.2395563587646982,Угнетение биомассы,пастбища/зерновые,16.030666738100336,47.22253707680053,1.6996881578485008,дефицит осадков,0.34,Угнетение биомассы: NDVI 0.20 против нормы 0.44 (z=-2.0) в течение 100 дн.; дефицит осадков
AOI-0069,2015,2015-04-29,2015-06-26,59,-1.980934467238799,-1.4709089483138855,0.18662238419015828,0.457564968162926,-0.2709425839727677,Угнетение биомассы,зерновые,33.81424587457009,51.72208762639506,0.2749944497622685,устойчивое угнетение без явного погодного сигнала,0.65,Угнетение биомассы: NDVI 0.19 против нормы 0.46 (z=-2.0) в течение 59 дн.; устойчивое угнетение без явного погодного сигнала
AOI-0009,2025,2025-06-04,2025-06-25,22,-1.9788710837754098,-1.6178637705367023,0.33549304117063355,0.5821056252896503,-0.2466125841190167,Угнетение биомассы,озимая пшеница,54.37948148866328,61.40326115737944,-1.194528713215979,устойчивое угнетение без явного погодного сигнала,0.89,Угнетение биомассы: NDVI 0.34 против нормы 0.58 (z=-2.0) в течение 22 дн.; устойчивое угнетение без явного погодного сигнала
AOI-0065,2013,2013-06-10,2013-06-26,17,-1.9780538872674271,-1.530586962141421,0.39805749634564896,0.6274088822357452,-0.22935138589009624,Угнетение биомассы,озимая пшеница,81.86291078798395,77.67714772866817,0.3666910700958426,"краткое отклонение, погодой не объясняется (вероятно агрооперация или ошибка данных)",1.05,"Угнетение биомассы: NDVI 0.40 против нормы 0.63 (z=-2.0) в течение 17 дн.; краткое отклонение, погодой не объясняется (вероятно агрооперация или ошибка данных)"
AOI-0030,2021,2021-04-01,2021-04-20,20,-1.9761236062308924,-1.5199990203540499,0.28071463728440726,0.4051097462086963,-0.12439510892428901,Угнетение биомассы,озимая пшеница,95.69036999003497,49.947129862546646,-1.1723453596124709,"краткое отклонение, погодой не объясняется (вероятно агрооперация или ошибка данных)",1.92,"Угнетение биомассы: NDVI 0.28 против нормы 0.41 (z=-2.0) в течение 20 дн.; краткое отклонение, погодой не объясняется (вероятно агрооперация или ошибка данных)"
AOI-0018,2011,2011-04-01,2011-05-11,41,-1.9721114389720191,-1.483105148523092,0.29422153150132063,0.5484084833242814,-0.25418695182296075,Угнетение биомассы,озимая пшеница,72.14121641069902,60.887172277214475,-2.59191453709632,устойчивое угнетение без явного погодного сигнала,1.18,Угнетение биомассы: NDVI 0.29 против нормы 0.55 (z=-2.0) в течение 41 дн.; устойчивое угнетение без явного погодного сигнала
AOI-0022,2015,2015-04-28,2015-06-21,55,-1.9635600101015054,-1.5665131603660853,0.3085371322030553,0.6472509049950601,-0.3387137727920048,Угнетение биомассы,подсолнечник,79.4157003577804,71.34154882752112,-0.2527432105563007,устойчивое угнетение без явного погодного сигнала,1.11,Угнетение биомассы: NDVI 0.31 против нормы 0.65 (z=-2.0) в течение 55 дн.; устойчивое угнетение без явного погодного сигнала
AOI-0038,2010,2010-04-01,2010-06-22,83,-1.9591455837709872,-1.5877315489980877,0.23230447775357996,0.40879893463395656,-0.1764944568803766,Угнетение биомассы,зерновые,66.79742230519717,43.957096850767165,-0.2669460724300138,устойчивое угнетение без явного погодного сигнала,1.52,Угнетение биомассы: NDVI 0.23 против нормы 0.41 (z=-2.0) в течение 83 дн.; устойчивое угнетение без явного погодного сигнала
AOI-0057,2022,2022-05-30,2022-07-12,44,-1.9585340738540322,-1.5845427605025075,0.24669240564323405,0.5724655639137163,-0.32577315827048225,Угнетение биомассы,озимая пшеница,,,,устойчивое угнетение без явного погодного сигнала,,Угнетение биомассы: NDVI 0.25 против нормы 0.57 (z=-2.0) в течение 44 дн.; устойчивое угнетение без явного погодного сигнала
AOI-0034,2021,2021-09-14,2021-09-24,11,-1.9581291319199243,-1.6096762921940502,0.0869547430964389,0.17667550627971496,-0.08972076318327606,Угнетение биомассы,пастбища/зерновые,56.1645374008496,40.41782457755175,-2.9583901167987148,"краткое отклонение, погодой не объясняется (вероятно агрооперация или ошибка данных)",1.39,"Угнетение биомассы: NDVI 0.09 против нормы 0.18 (z=-2.0) в течение 11 дн.; краткое отклонение, погодой не объясняется (вероятно агрооперация или ошибка данных)"
AOI-0068,2020,2020-09-15,2020-10-30,46,-1.9567265949567803,-1.5151440266084406,0.14164693742068735,0.2768084790933942,-0.13516154167270683,Угнетение биомассы,зерновые,12.105973367052998,42.5140751154357,2.8826686810146387,засуха: осадки ниже нормы и жара,0.28,Угнетение биомассы: NDVI 0.14 против нормы 0.28 (z=-2.0) в течение 46 дн.; засуха: осадки ниже нормы и жара
AOI-0054,2025,2025-05-09,2025-05-19,11,-1.9560533141992744,-1.5720364165220457,0.713020749660264,0.7985556662711215,-0.08553491661085755,Угнетение биомассы,озимая пшеница,53.22479679753946,79.70771630751008,-0.3500851227389807,"краткое отклонение, погодой не объясняется (вероятно агрооперация или ошибка данных)",0.67,"Угнетение биомассы: NDVI 0.71 против нормы 0.80 (z=-2.0) в течение 11 дн.; краткое отклонение, погодой не объясняется (вероятно агрооперация или ошибка данных)"
AOI-0001,2013,2013-06-02,2013-07-10,39,-1.9495560293835392,-1.49612022104693,0.30308626214925666,0.5550763844626354,-0.25199012231337875,Угнетение биомассы,озимая пшеница,46.478625524563164,60.72405245125357,0.78499460150796,устойчивое угнетение без явного погодного сигнала,0.77,Угнетение биомассы: NDVI 0.30 против нормы 0.56 (z=-1.9) в течение 39 дн.; устойчивое угнетение без явного погодного сигнала
AOI-0016,2024,2024-06-08,2024-09-13,98,-1.9463696530257582,-1.5319093468929335,0.2403596701797858,0.5220425898534973,-0.2816829196737115,Угнетение биомассы,озимая пшеница,,,,устойчивое угнетение без явного погодного сигнала,,Угнетение биомассы: NDVI 0.24 против нормы 0.52 (z=-1.9) в течение 98 дн.; устойчивое угнетение без явного погодного сигнала
AOI-0073,2023,2023-06-17,2023-07-22,36,-1.9439420037898416,-1.5495135023014093,0.3120269313752932,0.5895493958411029,-0.2775224644658097,Угнетение биомассы,озимая пшеница,92.42363031030561,68.51787685368679,-1.6996470244545836,устойчивое угнетение без явного погодного сигнала,1.35,Угнетение биомассы: NDVI 0.31 против нормы 0.59 (z=-1.9) в течение 36 дн.; устойчивое угнетение без явного погодного сигнала
AOI-0009,2019,2019-04-01,2019-05-20,50,-1.9404577097209181,-1.5632398116995765,0.2997690181209693,0.5847584523862577,-0.2849894342652884,Угнетение биомассы,озимая пшеница,48.22515022924811,58.992953746570464,0.15443310316402065,устойчивое угнетение без явного погодного сигнала,0.82,Угнетение биомассы: NDVI 0.30 против нормы 0.58 (z=-1.9) в течение 50 дн.; устойчивое угнетение без явного погодного сигнала
AOI-0078,2024,2024-06-10,2024-07-01,22,-1.939562868090931,-1.5553448755806136,0.40857773227837696,0.6439308564144507,-0.23535312413607373,Угнетение биомассы,озимая пшеница,31.379886522045773,65.25240589975736,2.552090536749435,засуха: осадки ниже нормы и жара,0.48,Угнетение биомассы: NDVI 0.41 против нормы 0.64 (z=-1.9) в течение 22 дн.; засуха: осадки ниже нормы и жара
AOI-0056,2021,2021-04-07,2021-04-21,15,-1.9366002393866244,-1.5762848590271765,0.38617788709061807,0.6240677104872068,-0.2378898233965887,Угнетение биомассы,озимая пшеница,,,,"краткое отклонение, погодой не объясняется (вероятно агрооперация или ошибка данных)",,"Угнетение биомассы: NDVI 0.39 против нормы 0.62 (z=-1.9) в течение 15 дн.; краткое отклонение, погодой не объясняется (вероятно агрооперация или ошибка данных)"
AOI-0063,2020,2020-04-11,2020-06-03,54,-1.9348828544632555,-1.4399371695931487,0.3824211524414975,0.6625022841709092,-0.2800811317294117,Угнетение биомассы,озимая пшеница,80.8899773547276,86.91188821306402,-0.9822789417247625,устойчивое угнетение без явного погодного сигнала,0.93,Угнетение биомассы: NDVI 0.38 против нормы 0.66 (z=-1.9) в течение 54 дн.; устойчивое угнетение без явного погодного сигнала
AOI-0020,2012,2012-04-01,2012-06-04,65,-1.9336229563122291,-1.495376007853064,0.3045203620562833,0.5370940761146923,-0.232573714058409,Угнетение биомассы,подсолнечник,53.8640052017413,66.04649744795368,3.0161748145899825,температурный стресс,0.82,Угнетение биомассы: NDVI 0.30 против нормы 0.54 (z=-1.9) в течение 65 дн.; температурный стресс
AOI-0008,2024,2024-04-01,2024-07-08,99,-1.9291950698263807,-1.6011939048352484,0.20828657878483822,0.49582596846376137,-0.2875393896789231,Угнетение биомассы,озимая пшеница,,,,устойчивое угнетение без явного погодного сигнала,,Угнетение биомассы: NDVI 0.21 против нормы 0.50 (z=-1.9) в течение 99 дн.; устойчивое угнетение без явного погодного сигнала
AOI-0020,2021,2021-05-12,2021-06-02,22,-1.9279950748948507,-1.4422668267251892,0.44199207081781666,0.6705213593116682,-0.22852928849385157,Угнетение биомассы,подсолнечник,122.28950452296728,74.51579798733889,-0.9363619559461345,устойчивое угнетение без явного погодного сигнала,1.64,Угнетение биомассы: NDVI 0.44 против нормы 0.67 (z=-1.9) в течение 22 дн.; устойчивое угнетение без явного погодного сигнала
AOI-0041,2020,2020-04-07,2020-05-14,38,-1.9276687905035368,-1.5145366181131192,0.38231055610748405,0.5003285797848345,-0.11801802367735043,Угнетение биомассы,зерновые,,,,устойчивое угнетение без явного погодного сигнала,,Угнетение биомассы: NDVI 0.38 против нормы 0.50 (z=-1.9) в течение 38 дн.; устойчивое угнетение без явного погодного сигнала
AOI-0007,2011,2011-05-16,2011-06-12,28,-1.923085844227673,-1.4954142316727108,0.3256354861704497,0.6276508291456738,-0.30201534297522414,Угнетение биомассы,озимая пшеница,88.13301834572341,69.5924681931058,-0.7999347308060871,устойчивое угнетение без явного погодного сигнала,1.27,Угнетение биомассы: NDVI 0.33 против нормы 0.63 (z=-1.9) в течение 28 дн.; устойчивое угнетение без явного погодного сигнала
AOI-0050,2024,2024-06-03,2024-08-28,87,-1.9224131254200645,-1.445332478299076,0.4046580290982993,0.5751695475956683,-0.170511518497369,Угнетение биомассы,озимая пшеница,,,,устойчивое угнетение без явного погодного сигнала,,Угнетение биомассы: NDVI 0.40 против нормы 0.58 (z=-1.9) в течение 87 дн.; устойчивое угнетение без явного погодного сигнала
AOI-0017,2021,2021-04-02,2021-05-02,31,-1.920787384655412,-1.511073984436781,0.32803167127349075,0.5342231369793704,-0.20619146570587965,Угнетение биомассы,озимая пшеница,,,,устойчивое угнетение без явного погодного сигнала,,Угнетение биомассы: NDVI 0.33 против нормы 0.53 (z=-1.9) в течение 31 дн.; устойчивое угнетение без явного погодного сигнала
AOI-0054,2020,2020-07-08,2020-07-17,10,-1.918522589661166,-1.5367563968128646,0.6553922547472539,0.7613719087002073,-0.10597965395295339,Угнетение биомассы,озимая пшеница,43.442444256012536,49.04808837169728,0.4767525367914381,"краткое отклонение, погодой не объясняется (вероятно агрооперация или ошибка данных)",0.89,"Угнетение биомассы: NDVI 0.66 против нормы 0.76 (z=-1.9) в течение 10 дн.; краткое отклонение, погодой не объясняется (вероятно агрооперация или ошибка данных)"
AOI-0054,2010,2010-08-02,2010-08-24,23,-1.91743893567865,-1.4842684596229503,0.6274867780638708,0.7442922555051451,-0.11680547744127434,Угнетение биомассы,озимая пшеница,8.412985181518758,30.307028354979114,2.6138942063954413,засуха: осадки ниже нормы и жара,0.28,Угнетение биомассы: NDVI 0.63 против нормы 0.74 (z=-1.9) в течение 23 дн.; засуха: осадки ниже нормы и жара
AOI-0059,2010,2010-04-06,2010-04-30,25,-1.9152579904043496,-1.5005347827572257,0.28736359186527705,0.6517612780060802,-0.36439768614080315,Угнетение биомассы,озимая пшеница,,,,устойчивое угнетение без явного погодного сигнала,,Угнетение биомассы: NDVI 0.29 против нормы 0.65 (z=-1.9) в течение 25 дн.; устойчивое угнетение без явного погодного сигнала
AOI-0007,2023,2023-04-23,2023-06-04,43,-1.9136039350443657,-1.4179624907246053,0.29838680099747333,0.5854565195425249,-0.28706971854505153,Угнетение биомассы,озимая пшеница,99.7064090516533,71.43867326191543,-1.5413099898914149,устойчивое угнетение без явного погодного сигнала,1.4,Угнетение биомассы: NDVI 0.30 против нормы 0.59 (z=-1.9) в течение 43 дн.; устойчивое угнетение без явного погодного сигнала
AOI-0018,2020,2020-06-20,2020-08-25,67,-1.9135929436685337,-1.4991271640511104,0.23045695998298465,0.5239648143899663,-0.2935078544069817,Угнетение биомассы,озимая пшеница,26.034457467965858,42.32932252486861,0.07171199277751816,устойчивое угнетение без явного погодного сигнала,0.62,Угнетение биомассы: NDVI 0.23 против нормы 0.52 (z=-1.9) в течение 67 дн.; устойчивое угнетение без явного погодного сигнала
AOI-0053,2011,2011-04-01,2011-05-23,53,-1.9130686624098947,-1.4620004239849094,0.2666775609784369,0.5089335620146015,-0.24225600103616457,Угнетение биомассы,озимая пшеница,82.5442993398108,69.89779240267728,-2.0784359622705,устойчивое угнетение без явного погодного сигнала,1.18,Угнетение биомассы: NDVI 0.27 против нормы 0.51 (z=-1.9) в течение 53 дн.; устойчивое угнетение без явного погодного сигнала
AOI-0041,2020,2020-07-18,2020-10-26,101,-1.909292921866786,-1.424168533388606,0.2055310618704686,0.3187653354092473,-0.11323427353877868,Угнетение биомассы,зерновые,,,,устойчивое угнетение без явного погодного сигнала,,Угнетение биомассы: NDVI 0.21 против нормы 0.32 (z=-1.9) в течение 101 дн.; устойчивое угнетение без явного погодного сигнала
AOI-0049,2013,2013-04-01,2013-06-08,69,-1.907924606140403,-1.3461567979300142,0.2605685631981027,0.5542427640724745,-0.29367420087437185,Угнетение биомассы,озимая пшеница,45.673189569721195,74.20909260855416,1.6061128126262938,устойчивое угнетение без явного погодного сигнала,0.62,Угнетение биомассы: NDVI 0.26 против нормы 0.55 (z=-1.9) в течение 69 дн.; устойчивое угнетение без явного погодного сигнала
AOI-0052,2019,2019-06-13,2019-07-09,27,-1.9076946216253452,-1.4915602075165184,0.2577453259770886,0.5213692010982051,-0.26362387512111646,Угнетение биомассы,озимая пшеница,43.1565440519863,62.41171444789478,0.9823453765328597,устойчивое угнетение без явного погодного сигнала,0.69,Угнетение биомассы: NDVI 0.26 против нормы 0.52 (z=-1.9) в течение 27 дн.; устойчивое угнетение без явного погодного сигнала
AOI-0058,2013,2013-04-25,2013-06-10,47,-1.900965566950518,-1.6784876526556967,0.3698284915219355,0.6688211129200489,-0.2989926213981134,Угнетение биомассы,озимая пшеница,59.139281625093574,79.52649371757494,1.9614658855770641,устойчивое угнетение без явного погодного сигнала,0.74,Угнетение биомассы: NDVI 0.37 против нормы 0.67 (z=-1.9) в течение 47 дн.; устойчивое угнетение без явного погодного сигнала
AOI-0069,2012,2012-05-13,2012-06-29,48,-1.8963628761409626,-1.3822540495719107,0.19517882868588662,0.42401321805437003,-0.2288343893684834,Угнетение биомассы,зерновые,39.0073226692679,49.18103806584745,1.509062809455158,устойчивое угнетение без явного погодного сигнала,0.79,Угнетение биомассы: NDVI 0.20 против нормы 0.42 (z=-1.9) в течение 48 дн.; устойчивое угнетение без явного погодного сигнала
AOI-0063,2024,2024-06-12,2024-08-26,76,-1.894751283821649,-1.346126396904569,0.21064062417588778,0.42631609359962824,-0.21567546942374047,Угнетение биомассы,озимая пшеница,26.63407078985035,58.24523439544787,1.4445126407678845,дефицит осадков,0.46,Угнетение биомассы: NDVI 0.21 против нормы 0.43 (z=-1.9) в течение 76 дн.; дефицит осадков
AOI-0077,2021,2021-04-07,2021-08-31,147,-1.8945992637174731,-1.4454853890625212,0.274533969682297,0.5201458145069559,-0.24561184482465886,Угнетение биомассы,озимая пшеница,,,,устойчивое угнетение без явного погодного сигнала,,Угнетение биомассы: NDVI 0.27 против нормы 0.52 (z=-1.9) в течение 147 дн.; устойчивое угнетение без явного погодного сигнала
AOI-0030,2010,2010-07-10,2010-07-31,22,-1.894268166320856,-1.482646541831462,0.6147330094618767,0.7081791270893321,-0.09344611762745536,Угнетение биомассы,озимая пшеница,25.160379440994134,40.7743773447854,2.738660462665303,температурный стресс,0.62,Угнетение биомассы: NDVI 0.61 против нормы 0.71 (z=-1.9) в течение 22 дн.; температурный стресс
AOI-0026,2024,2024-04-09,2024-06-30,83,-1.8935211545260788,-1.530230267920065,0.2358281499478013,0.6054006779044856,-0.36957252795668427,Угнетение биомассы,озимая пшеница,18.52585651054087,70.62455670159726,1.7673829045373566,дефицит осадков,0.26,Угнетение биомассы: NDVI 0.24 против нормы 0.61 (z=-1.9) в течение 83 дн.; дефицит осадков
AOI-0038,2021,2021-04-01,2021-04-18,18,-1.893464260682359,-1.5435090561611853,0.1917017230487084,0.333227396852353,-0.14152567380364459,Угнетение биомассы,зерновые,61.24809765198001,33.73829460566308,-0.08226394814810295,"краткое отклонение, погодой не объясняется (вероятно агрооперация или ошибка данных)",1.82,"Угнетение биомассы: NDVI 0.19 против нормы 0.33 (z=-1.9) в течение 18 дн.; краткое отклонение, погодой не объясняется (вероятно агрооперация или ошибка данных)"
AOI-0050,2017,2017-10-10,2017-10-19,10,-1.8917623690915129,-1.5096593518988808,0.24370995300598539,0.40370749110181653,-0.15999753809583114,Угнетение биомассы,озимая пшеница,,,,"краткое отклонение, погодой не объясняется (вероятно агрооперация или ошибка данных)",,"Угнетение биомассы: NDVI 0.24 против нормы 0.40 (z=-1.9) в течение 10 дн.; краткое отклонение, погодой не объясняется (вероятно агрооперация или ошибка данных)"
AOI-0015,2024,2024-06-10,2024-07-25,46,-1.886297061584775,-1.3734477786715729,0.23089387126171107,0.4741893022994783,-0.24329543103776724,Угнетение биомассы,озимая пшеница,21.77905424332231,54.16954031942946,1.9357135290742236,дефицит осадков,0.4,Угнетение биомассы: NDVI 0.23 против нормы 0.47 (z=-1.9) в течение 46 дн.; дефицит осадков
AOI-0019,2025,2025-05-26,2025-06-21,27,-1.8846929148846387,-1.4101143360309527,0.49428769810814993,0.6800677948575251,-0.18578009674937518,Угнетение биомассы,подсолнечник,64.39875729007497,67.26578513388222,-0.8597880669583046,устойчивое угнетение без явного погодного сигнала,0.96,Угнетение биомассы: NDVI 0.49 против нормы 0.68 (z=-1.9) в течение 27 дн.; устойчивое угнетение без явного погодного сигнала
AOI-0054,2012,2012-07-25,2012-08-27,34,-1.8839487165988096,-1.5764785772161147,0.615712346716007,0.7411953617282107,-0.1254830150122036,Угнетение биомассы,озимая пшеница,20.647521820104917,31.477927969271885,-0.0955328300229033,устойчивое угнетение без явного погодного сигнала,0.66,Угнетение биомассы: NDVI 0.62 против нормы 0.74 (z=-1.9) в течение 34 дн.; устойчивое угнетение без явного погодного сигнала
AOI-0056,2010,2010-04-06,2010-04-15,10,-1.8823520521980683,-1.5179881187515238,0.3987111134760469,0.6257860280898365,-0.22707491461378965,Угнетение биомассы,озимая пшеница,,,,"краткое отклонение, погодой не объясняется (вероятно агрооперация или ошибка данных)",,"Угнетение биомассы: NDVI 0.40 против нормы 0.63 (z=-1.9) в течение 10 дн.; краткое отклонение, погодой не объясняется (вероятно агрооперация или ошибка данных)"
AOI-0069,2020,2020-04-25,2020-06-26,63,-1.882110105420501,-1.3893345084886584,0.1996096349284451,0.4577961739676085,-0.25818653903916344,Угнетение биомассы,зерновые,75.11259326504864,51.76272345517312,-0.8162684963741408,устойчивое угнетение без явного погодного сигнала,1.45,Угнетение биомассы: NDVI 0.20 против нормы 0.46 (z=-1.9) в течение 63 дн.; устойчивое угнетение без явного погодного сигнала
AOI-0017,2011,2011-04-02,2011-04-19,18,-1.8663420473257355,-1.470613657936552,0.3353137501810198,0.538581507444844,-0.20326775726382423,Угнетение биомассы,озимая пшеница,,,,"краткое отклонение, погодой не объясняется (вероятно агрооперация или ошибка данных)",,"Угнетение биомассы: NDVI 0.34 против нормы 0.54 (z=-1.9) в течение 18 дн.; краткое отклонение, погодой не объясняется (вероятно агрооперация или ошибка данных)"
AOI-0076,2018,2018-04-04,2018-04-28,25,-1.8646271599536177,-1.3149479823246075,0.16316498652888925,0.3730571116765384,-0.20989212514764913,Угнетение биомассы,озимая пшеница,,,,устойчивое угнетение без явного погодного сигнала,,Угнетение биомассы: NDVI 0.16 против нормы 0.37 (z=-1.9) в течение 25 дн.; устойчивое угнетение без явного погодного сигнала
AOI-0021,2023,2023-05-01,2023-06-19,50,-1.8638716950654943,-1.4055065493610994,0.3069570386206123,0.6040139840245279,-0.2970569454039156,Угнетение биомассы,подсолнечник,95.93368888769236,71.67728067060118,-1.5667454419413713,устойчивое угнетение без явного погодного сигнала,1.34,Угнетение биомассы: NDVI 0.31 против нормы 0.60 (z=-1.9) в течение 50 дн.; устойчивое угнетение без явного погодного сигнала
AOI-0014,2025,2025-06-06,2025-06-19,14,-1.8540416405092723,-1.5009499880251143,0.4070846925998417,0.6639905131612812,-0.2569058205614395,Угнетение биомассы,озимая пшеница,67.70892064284367,65.70688836095779,-1.1446318662642825,"краткое отклонение, погодой не объясняется (вероятно агрооперация или ошибка данных)",1.03,"Угнетение биомассы: NDVI 0.41 против нормы 0.66 (z=-1.9) в течение 14 дн.; краткое отклонение, погодой не объясняется (вероятно агрооперация или ошибка данных)"
AOI-0076,2022,2022-05-13,2022-06-17,36,-1.8509210859922387,-1.4867869313315185,0.35451531189286595,0.5841069711195964,-0.22959165922673047,Угнетение биомассы,озимая пшеница,,,,устойчивое угнетение без явного погодного сигнала,,Угнетение биомассы: NDVI 0.35 против нормы 0.58 (z=-1.9) в течение 36 дн.; устойчивое угнетение без явного погодного сигнала
AOI-0027,2011,2011-04-02,2011-04-23,22,-1.8494955088720626,-1.447870632571209,0.3012473082188518,0.5857471788365936,-0.28449987061774173,Угнетение биомассы,озимая пшеница,,,,устойчивое угнетение без явного погодного сигнала,,Угнетение биомассы: NDVI 0.30 против нормы 0.59 (z=-1.8) в течение 22 дн.; устойчивое угнетение без явного погодного сигнала
AOI-0077,2025,2025-07-06,2025-10-04,91,-1.849335726755174,-1.46031988030038,0.21680255945215182,0.45562632398868047,-0.23882376453652865,Угнетение биомассы,озимая пшеница,,,,устойчивое угнетение без явного погодного сигнала,,Угнетение биомассы: NDVI 0.22 против нормы 0.46 (z=-1.8) в течение 91 дн.; устойчивое угнетение без явного погодного сигнала
AOI-0004,2018,2018-05-31,2018-07-17,48,-1.848234736945443,-1.4878508006535072,0.5106892243544509,0.6477326530510202,-0.13704342869656938,Угнетение биомассы,озимая пшеница,33.1262746615541,60.422832378958105,1.2209547960611113,дефицит осадков,0.55,Угнетение биомассы: NDVI 0.51 против нормы 0.65 (z=-1.8) в течение 48 дн.; дефицит осадков
AOI-0062,2024,2024-06-18,2024-08-20,64,-1.8433677810264666,-1.420926928377771,0.1780810858354155,0.48825609199809844,-0.31017500616268295,Угнетение биомассы,озимая пшеница,,,,устойчивое угнетение без явного погодного сигнала,,Угнетение биомассы: NDVI 0.18 против нормы 0.49 (z=-1.8) в течение 64 дн.; устойчивое угнетение без явного погодного сигнала
AOI-0075,2010,2010-07-03,2010-09-12,72,-1.842350901470798,-1.3889428842963851,0.2551701606736441,0.5104665896998577,-0.2552964290262136,Угнетение биомассы,озимая пшеница,25.698858796959,52.558315152351305,2.9784320577063044,засуха: осадки ниже нормы и жара,0.49,Угнетение биомассы: NDVI 0.26 против нормы 0.51 (z=-1.8) в течение 72 дн.; засуха: осадки ниже нормы и жара
AOI-0031,2021,2021-04-01,2021-05-19,49,-1.8421924275936419,-1.6227537337532896,0.21256477255701106,0.4814342482878648,-0.26886947573085374,Угнетение биомассы,пастбища/зерновые,74.28383429679968,47.73337430830673,-0.16482022206578847,устойчивое угнетение без явного погодного сигнала,1.56,Угнетение биомассы: NDVI 0.21 против нормы 0.48 (z=-1.8) в течение 49 дн.; устойчивое угнетение без явного погодного сигнала
AOI-0078,2019,2019-04-20,2019-06-07,49,-1.8386770071063323,-1.3852771448531125,0.33020186532160517,0.5916489014733761,-0.26144703615177095,Угнетение биомассы,озимая пшеница,100.19887173791297,71.03092473979167,0.5972403349355482,устойчивое угнетение без явного погодного сигнала,1.41,Угнетение биомассы: NDVI 0.33 против нормы 0.59 (z=-1.8) в течение 49 дн.; устойчивое угнетение без явного погодного сигнала
AOI-0003,2020,2020-04-01,2020-05-19,49,-1.8367174087988432,-1.4960979364167484,0.2765979085787922,0.5939803920059539,-0.3173824834271617,Угнетение биомассы,озимая пшеница,57.85544533997111,65.65876171554771,-1.7103692461737772,устойчивое угнетение без явного погодного сигнала,0.88,Угнетение биомассы: NDVI 0.28 против нормы 0.59 (z=-1.8) в течение 49 дн.; устойчивое угнетение без явного погодного сигнала
AOI-0049,2010,2010-04-01,2010-06-08,69,-1.8363207503420707,-1.3351061226365957,0.26437430073168555,0.55331459572092,-0.28894029498923446,Угнетение биомассы,озимая пшеница,67.70722021082175,74.20909260855416,0.088626281128535,устойчивое угнетение без явного погодного сигнала,0.91,Угнетение биомассы: NDVI 0.26 против нормы 0.55 (z=-1.8) в течение 69 дн.; устойчивое угнетение без явного погодного сигнала
AOI-0065,2025,2025-05-14,2025-06-13,31,-1.831746712877737,-1.4397369125114416,0.505661972465858,0.7118259679435021,-0.20616399547764408,Угнетение биомассы,озимая пшеница,83.06254978085086,92.34803445284581,-1.2956136959556421,устойчивое угнетение без явного погодного сигнала,0.9,Угнетение биомассы: NDVI 0.51 против нормы 0.71 (z=-1.8) в течение 31 дн.; устойчивое угнетение без явного погодного сигнала
AOI-0073,2020,2020-07-01,2020-09-24,86,-1.8314318065306456,-1.589545735913365,0.2049012196777402,0.4586871771623749,-0.2537859574846347,Угнетение биомассы,озимая пшеница,22.828327728885252,52.96659960028503,0.15621503886583726,дефицит осадков,0.43,Угнетение биомассы: NDVI 0.20 против нормы 0.46 (z=-1.8) в течение 86 дн.; дефицит осадков
AOI-0013,2011,2011-04-02,2011-05-04,33,-1.8293026626658193,-1.5454733899568682,0.263578085369903,0.4524410709575477,-0.1888629855876447,Угнетение биомассы,озимая пшеница,,,,устойчивое угнетение без явного погодного сигнала,,Угнетение биомассы: NDVI 0.26 против нормы 0.45 (z=-1.8) в течение 33 дн.; устойчивое угнетение без явного погодного сигнала
AOI-0004,2010,2010-10-04,2010-10-30,27,-1.826359837158995,-1.5348972487219696,0.25246689491247837,0.34246232967157236,-0.089995434759094,Угнетение биомассы,озимая пшеница,42.59076693452508,42.06014392156479,-0.968381512044001,устойчивое угнетение без явного погодного сигнала,1.01,Угнетение биомассы: NDVI 0.25 против нормы 0.34 (z=-1.8) в течение 27 дн.; устойчивое угнетение без явного погодного сигнала
AOI-0038,2020,2020-07-28,2020-10-30,95,-1.825178779520867,-1.3600763569614407,0.15929973740854664,0.25584879387616427,-0.09654905646761763,Угнетение биомассы,зерновые,8.830974547800556,31.738971782428084,1.1768192549355598,дефицит осадков,0.28,Угнетение биомассы: NDVI 0.16 против нормы 0.26 (z=-1.8) в течение 95 дн.; дефицит осадков
AOI-0022,2013,2013-04-24,2013-06-01,39,-1.8236171609145024,-1.4183647558751582,0.2991335442061067,0.641590326516762,-0.34245678231065524,Угнетение биомассы,подсолнечник,37.065973464069174,74.69042680671065,2.0002671094072535,засуха: осадки ниже нормы и жара,0.5,Угнетение биомассы: NDVI 0.30 против нормы 0.64 (z=-1.8) в течение 39 дн.; засуха: осадки ниже нормы и жара
AOI-0039,2020,2020-04-12,2020-05-04,23,-1.8236162057183032,-1.5064285734004388,0.4002635036759845,0.5318855497596364,-0.1316220460836519,Угнетение биомассы,зерновые,,,,устойчивое угнетение без явного погодного сигнала,,Угнетение биомассы: NDVI 0.40 против нормы 0.53 (z=-1.8) в течение 23 дн.; устойчивое угнетение без явного погодного сигнала
AOI-0004,2024,2024-05-14,2024-06-01,19,-1.819828102770909,-1.4257043132010758,0.6157061902399165,0.7256865983568417,-0.10998040811692522,Угнетение биомассы,озимая пшеница,22.54542704462778,78.92986125272274,0.14692093536763046,дефицит осадков,0.29,Угнетение биомассы: NDVI 0.62 против нормы 0.73 (z=-1.8) в течение 19 дн.; дефицит осадков
AOI-0039,2013,2013-04-02,2013-04-17,16,-1.816857859568551,-1.4775769988833436,0.35492517450644656,0.509533178864356,-0.15460800435790945,Угнетение биомассы,зерновые,,,,"краткое отклонение, погодой не объясняется (вероятно агрооперация или ошибка данных)",,"Угнетение биомассы: NDVI 0.35 против нормы 0.51 (z=-1.8) в течение 16 дн.; краткое отклонение, погодой не объясняется (вероятно агрооперация или ошибка данных)"
AOI-0073,2024,2024-06-21,2024-09-12,84,-1.8141382025221744,-1.4657288163763194,0.24015390713338122,0.49497505296350175,-0.2548211458301205,Угнетение биомассы,озимая пшеница,16.204038267435674,55.18566457692199,1.7027415915895017,дефицит осадков,0.29,Угнетение биомассы: NDVI 0.24 против нормы 0.49 (z=-1.8) в течение 84 дн.; дефицит осадков
AOI-0068,2021,2021-04-01,2021-04-18,18,-1.8117822647953528,-1.3559759049176237,0.18223784110297614,0.3378799849334351,-0.15564214383045893,Угнетение биомассы,зерновые,78.0046984557791,37.03095226133709,-0.6232797095336228,"краткое отклонение, погодой не объясняется (вероятно агрооперация или ошибка данных)",2.11,"Угнетение биомассы: NDVI 0.18 против нормы 0.34 (z=-1.8) в течение 18 дн.; краткое отклонение, погодой не объясняется (вероятно агрооперация или ошибка данных)"
AOI-0078,2011,2011-05-11,2011-06-07,28,-1.8114154262889675,-1.4216528748099546,0.4146066880937905,0.6566165483904596,-0.2420098602966691,Угнетение биомассы,озимая пшеница,53.16051905423587,70.46899083683472,0.33245108039663535,устойчивое угнетение без явного погодного сигнала,0.75,Угнетение биомассы: NDVI 0.41 против нормы 0.66 (z=-1.8) в течение 28 дн.; устойчивое угнетение без явного погодного сигнала
AOI-0002,2020,2020-10-17,2020-10-30,14,-1.8073400095436063,-1.4484211855464306,0.15591329885929614,0.27101325095934387,-0.11509995210004773,Угнетение биомассы,озимая пшеница,22.640830418348294,34.48151893811941,4.0296290018586935,температурный стресс,0.66,Угнетение биомассы: NDVI 0.16 против нормы 0.27 (z=-1.8) в течение 14 дн.; температурный стресс
AOI-0036,2012,2012-05-23,2012-06-26,35,-1.8056089164344604,-1.4680492789119977,0.22493241903066036,0.37425111160787405,-0.1493186925772137,Угнетение биомассы,пастбища/зерновые,61.468111513318036,49.13039745453408,0.906295110668394,устойчивое угнетение без явного погодного сигнала,1.25,Угнетение биомассы: NDVI 0.22 против нормы 0.37 (z=-1.8) в течение 35 дн.; устойчивое угнетение без явного погодного сигнала
AOI-0037,2019,2019-06-10,2019-07-17,38,-1.8052878523401108,-1.399374629578999,0.26984462803572273,0.3838890789108007,-0.11404445087507797,Угнетение биомассы,зерновые,52.03480414219915,36.63725549409419,-0.12130785915369922,устойчивое угнетение без явного погодного сигнала,1.42,Угнетение биомассы: NDVI 0.27 против нормы 0.38 (z=-1.8) в течение 38 дн.; устойчивое угнетение без явного погодного сигнала
AOI-0062,2021,2021-04-02,2021-06-10,70,-1.8039712918519257,-1.4153021456408559,0.26551815125834904,0.6068479256166179,-0.3413297743582689,Угнетение биомассы,озимая пшеница,,,,устойчивое угнетение без явного погодного сигнала,,Угнетение биомассы: NDVI 0.27 против нормы 0.61 (z=-1.8) в течение 70 дн.; устойчивое угнетение без явного погодного сигнала
AOI-0030,2022,2022-09-07,2022-09-23,17,-1.8030986071689346,-1.4788210086804945,0.48497851974406686,0.6062488847427406,-0.12127036499867377,Угнетение биомассы,озимая пшеница,59.2347927766852,37.05877315768078,-0.07682777079992968,"краткое отклонение, погодой не объясняется (вероятно агрооперация или ошибка данных)",1.6,"Угнетение биомассы: NDVI 0.48 против нормы 0.61 (z=-1.8) в течение 17 дн.; краткое отклонение, погодой не объясняется (вероятно агрооперация или ошибка данных)"
AOI-0041,2018,2018-06-02,2018-07-02,31,-1.801579502664434,-1.4411476751383145,0.3441318719489302,0.45390501939399513,-0.10977314744506494,Угнетение биомассы,зерновые,,,,устойчивое угнетение без явного погодного сигнала,,Угнетение биомассы: NDVI 0.34 против нормы 0.45 (z=-1.8) в течение 31 дн.; устойчивое угнетение без явного погодного сигнала
AOI-0060,2020,2020-06-14,2020-08-08,56,-1.799292098562732,-1.4614104009985032,0.32059276056838976,0.6007691599847015,-0.2801763994163117,Угнетение биомассы,озимая пшеница,35.029699506774925,51.210476956634864,-0.04027246890051745,устойчивое угнетение без явного погодного сигнала,0.68,Угнетение биомассы: NDVI 0.32 против нормы 0.60 (z=-1.8) в течение 56 дн.; устойчивое угнетение без явного погодного сигнала
AOI-0060,2022,2022-06-24,2022-07-29,36,-1.798293028704806,-1.544489133185659,0.3091054029946885,0.6083176275780439,-0.29921222458335534,Угнетение биомассы,озимая пшеница,70.51302469320764,51.372490823547906,-1.5637575071464,устойчивое угнетение без явного погодного сигнала,1.37,Угнетение биомассы: NDVI 0.31 против нормы 0.61 (z=-1.8) в течение 36 дн.; устойчивое угнетение без явного погодного сигнала
AOI-0053,2019,2019-09-15,2019-09-27,13,-1.793926011096844,-1.448367822415062,0.1262528905821082,0.22060164357962023,-0.09434875299751203,Угнетение биомассы,озимая пшеница,33.50172895931508,43.70408991262215,-0.34625369437048276,"краткое отклонение, погодой не объясняется (вероятно агрооперация или ошибка данных)",0.77,"Угнетение биомассы: NDVI 0.13 против нормы 0.22 (z=-1.8) в течение 13 дн.; краткое отклонение, погодой не объясняется (вероятно агрооперация или ошибка данных)"
AOI-0030,2011,2011-09-30,2011-10-10,11,-1.7893550250422867,-1.5015504788874992,0.4256696205803149,0.5297925719394425,-0.10412295135912764,Угнетение биомассы,озимая пшеница,65.53731647587732,47.993031303228484,-0.5396564904498651,"краткое отклонение, погодой не объясняется (вероятно агрооперация или ошибка данных)",1.37,"Угнетение биомассы: NDVI 0.43 против нормы 0.53 (z=-1.8) в течение 11 дн.; краткое отклонение, погодой не объясняется (вероятно агрооперация или ошибка данных)"
AOI-0069,2017,2017-04-27,2017-06-24,59,-1.7880004300828176,-1.372266350661018,0.20180326799501577,0.4661440162656484,-0.2643407482706326,Угнетение биомассы,зерновые,68.86361364200201,52.12013382525833,-2.1814507370178946,устойчивое угнетение без явного погодного сигнала,1.32,Угнетение биомассы: NDVI 0.20 против нормы 0.47 (z=-1.8) в течение 59 дн.; устойчивое угнетение без явного погодного сигнала
AOI-0031,2012,2012-04-01,2012-07-04,95,-1.7847690512420293,-1.497936969293039,0.17849555394456804,0.4329896148038467,-0.2544940608592786,Угнетение биомассы,пастбища/зерновые,46.49541174342231,47.3808222102166,2.2649407642608157,температурный стресс,0.98,Угнетение биомассы: NDVI 0.18 против нормы 0.43 (z=-1.8) в течение 95 дн.; температурный стресс
AOI-0070,2012,2012-05-13,2012-07-06,55,-1.7845277873698464,-1.3259235730422356,0.20330285786268493,0.37506071003037733,-0.1717578521676924,Угнетение биомассы,зерновые,41.58775315903065,49.18137711914016,1.3654851521651994,устойчивое угнетение без явного погодного сигнала,0.85,Угнетение биомассы: NDVI 0.20 против нормы 0.38 (z=-1.8) в течение 55 дн.; устойчивое угнетение без явного погодного сигнала
AOI-0064,2012,2012-04-01,2012-05-04,34,-1.7815758017696672,-1.4392171466843473,0.2584108197660115,0.5297588905687777,-0.2713480708027662,Угнетение биомассы,озимая пшеница,34.57552071182381,64.96454839413036,3.3862846763367305,засуха: осадки ниже нормы и жара,0.53,Угнетение биомассы: NDVI 0.26 против нормы 0.53 (z=-1.8) в течение 34 дн.; засуха: осадки ниже нормы и жара
AOI-0051,2019,2019-06-11,2019-07-12,32,-1.7757130568546073,-1.5255437354730261,0.3189808124571849,0.5488150195228532,-0.22983420706566826,Угнетение биомассы,озимая пшеница,,,,устойчивое угнетение без явного погодного сигнала,,Угнетение биомассы: NDVI 0.32 против нормы 0.55 (z=-1.8) в течение 32 дн.; устойчивое угнетение без явного погодного сигнала
AOI-0042,2020,2020-08-06,2020-08-17,12,-1.773767622082437,-1.4326358690325272,0.09889398853170005,0.1630806716583348,-0.06418668312663477,Угнетение биомассы,зерновые,2.475196523596363,21.102382455751474,-0.8318543209812468,дефицит осадков,0.12,Угнетение биомассы: NDVI 0.10 против нормы 0.16 (z=-1.8) в течение 12 дн.; дефицит осадков
AOI-0061,2022,2022-04-07,2022-05-27,51,-1.7737384087433212,-1.6075261073948408,0.2752762896852789,0.6098952580397639,-0.33461896835448496,Угнетение биомассы,озимая пшеница,,,,устойчивое угнетение без явного погодного сигнала,,Угнетение биомассы: NDVI 0.28 против нормы 0.61 (z=-1.8) в течение 51 дн.; устойчивое угнетение без явного погодного сигнала
AOI-0027,2023,2023-10-16,2023-10-26,11,-1.772953046586239,-1.5285396019063437,0.17869999744741483,0.3320743685238309,-0.15337437107641605,Угнетение биомассы,озимая пшеница,,,,"краткое отклонение, погодой не объясняется (вероятно агрооперация или ошибка данных)",,"Угнетение биомассы: NDVI 0.18 против нормы 0.33 (z=-1.8) в течение 11 дн.; краткое отклонение, погодой не объясняется (вероятно агрооперация или ошибка данных)"
AOI-0051,2022,2022-04-07,2022-05-30,54,-1.7725424708922772,-1.6354929537756324,0.41874200845620985,0.6632416717810055,-0.2444996633247956,Угнетение биомассы,озимая пшеница,,,,устойчивое угнетение без явного погодного сигнала,,Угнетение биомассы: NDVI 0.42 против нормы 0.66 (z=-1.8) в течение 54 дн.; устойчивое угнетение без явного погодного сигнала
AOI-0019,2021,2021-04-01,2021-05-21,51,-1.7720001379164685,-1.4578341026352455,0.34789475441520856,0.5605253942999454,-0.21263063988473685,Угнетение биомассы,подсолнечник,118.04695479842373,63.56826211182131,-0.8517127235570834,устойчивое угнетение без явного погодного сигнала,1.86,Угнетение биомассы: NDVI 0.35 против нормы 0.56 (z=-1.8) в течение 51 дн.; устойчивое угнетение без явного погодного сигнала
AOI-0046,2018,2018-04-26,2018-07-08,74,-1.7717184848376275,-1.4569663784353382,0.19881136368602112,0.5172541695211453,-0.3184428058351242,Угнетение биомассы,зерновые,27.316791810633696,62.017155208344136,1.2770178739291738,дефицит осадков,0.44,Угнетение биомассы: NDVI 0.20 против нормы 0.52 (z=-1.8) в течение 74 дн.; дефицит осадков
AOI-0061,2017,2017-04-03,2017-05-29,57,-1.7713936157547374,-1.5388994520840265,0.28257040309256193,0.5964977960115075,-0.3139273929189456,Угнетение биомассы,озимая пшеница,,,,устойчивое угнетение без явного погодного сигнала,,Угнетение биомассы: NDVI 0.28 против нормы 0.60 (z=-1.8) в течение 57 дн.; устойчивое угнетение без явного погодного сигнала
AOI-0055,2019,2019-04-06,2019-04-21,16,-1.7657926584937933,-1.4684849042336865,0.35542909775782655,0.4462627646164963,-0.09083366685866973,Угнетение биомассы,озимая пшеница,,,,"краткое отклонение, погодой не объясняется (вероятно агрооперация или ошибка данных)",,"Угнетение биомассы: NDVI 0.36 против нормы 0.45 (z=-1.8) в течение 16 дн.; краткое отклонение, погодой не объясняется (вероятно агрооперация или ошибка данных)"
AOI-0071,2024,2024-05-25,2024-10-24,153,-1.7629011836934199,-1.473956906022027,0.1953097201565126,0.34271565661721437,-0.14740593646070177,Угнетение биомассы,зерновые,,,,устойчивое угнетение без явного погодного сигнала,,Угнетение биомассы: NDVI 0.20 против нормы 0.34 (z=-1.8) в течение 153 дн.; устойчивое угнетение без явного погодного сигнала
AOI-0059,2024,2024-04-04,2024-06-03,61,-1.758836985837583,-1.3739925053616049,0.3391995586487318,0.6715397233184645,-0.33234016466973265,Угнетение биомассы,озимая пшеница,,,,устойчивое угнетение без явного погодного сигнала,,Угнетение биомассы: NDVI 0.34 против нормы 0.67 (z=-1.8) в течение 61 дн.; устойчивое угнетение без явного погодного сигнала
AOI-0044,2025,2025-04-26,2025-06-25,61,-1.7578759224826763,-1.46999308073172,0.19015565331075804,0.5236613013530038,-0.3335056480422458,Угнетение биомассы,зерновые,49.53937152925896,60.04386235214305,-0.5996098944882584,устойчивое угнетение без явного погодного сигнала,0.83,Угнетение биомассы: NDVI 0.19 против нормы 0.52 (z=-1.8) в течение 61 дн.; устойчивое угнетение без явного погодного сигнала
AOI-0014,2024,2024-06-10,2024-07-09,30,-1.7572209588399683,-1.3525400037052424,0.29038057125621225,0.5731986315739668,-0.2828180603177545,Угнетение биомассы,озимая пшеница,19.516469392086933,57.97667932573079,2.2543279655071173,засуха: осадки ниже нормы и жара,0.34,Угнетение биомассы: NDVI 0.29 против нормы 0.57 (z=-1.8) в течение 30 дн.; засуха: осадки ниже нормы и жара
AOI-0053,2013,2013-05-04,2013-05-24,21,-1.755421884446651,-1.3690865145372353,0.3533268277591878,0.5726673860314023,-0.21934055827221455,Угнетение биомассы,озимая пшеница,56.9764325203149,83.41387552339035,2.458466039382392,температурный стресс,0.68,Угнетение биомассы: NDVI 0.35 против нормы 0.57 (z=-1.8) в течение 21 дн.; температурный стресс
AOI-0051,2025,2025-06-27,2025-09-15,81,-1.7541943652106349,-1.5378335642009617,0.2229707227894293,0.43740944754003225,-0.21443872475060294,Угнетение биомассы,озимая пшеница,,,,устойчивое угнетение без явного погодного сигнала,,Угнетение биомассы: NDVI 0.22 против нормы 0.44 (z=-1.8) в течение 81 дн.; устойчивое угнетение без явного погодного сигнала
AOI-0063,2018,2018-05-29,2018-06-10,13,-1.7529134908641528,-1.5312004659117753,0.568706461085611,0.7439313600511913,-0.17522489896558036,Угнетение биомассы,озимая пшеница,23.546501480648622,90.07905906136683,1.556122376808884,дефицит осадков,0.26,Угнетение биомассы: NDVI 0.57 против нормы 0.74 (z=-1.8) в течение 13 дн.; дефицит осадков
AOI-0002,2023,2023-05-11,2023-05-25,15,-1.7523500724313021,-1.4467582148077098,0.4948686694760938,0.7294625321267186,-0.23459386265062482,Угнетение биомассы,озимая пшеница,126.52550763532174,78.59578697611786,-1.7369868501377894,"краткое отклонение, погодой не объясняется (вероятно агрооперация или ошибка данных)",1.61,"Угнетение биомассы: NDVI 0.49 против нормы 0.73 (z=-1.8) в течение 15 дн.; краткое отклонение, погодой не объясняется (вероятно агрооперация или ошибка данных)"
AOI-0012,2025,2025-06-10,2025-07-08,29,-1.751558107393741,-1.46127443718182,0.233053492069048,0.37499669336410224,-0.14194320129505425,Угнетение биомассы,озимая пшеница,,,,устойчивое угнетение без явного погодного сигнала,,Угнетение биомассы: NDVI 0.23 против нормы 0.37 (z=-1.8) в течение 29 дн.; устойчивое угнетение без явного погодного сигнала
AOI-0013,2012,2012-09-13,2012-10-15,33,-1.7507433335914149,-1.4894090763734706,0.30273566103934163,0.455145898826987,-0.1524102377876454,Угнетение биомассы,озимая пшеница,,,,устойчивое угнетение без явного погодного сигнала,,Угнетение биомассы: NDVI 0.30 против нормы 0.46 (z=-1.8) в течение 33 дн.; устойчивое угнетение без явного погодного сигнала
AOI-0021,2019,2019-04-09,2019-06-09,62,-1.7462873918141257,-1.3526309882171679,0.27525103694646297,0.5665927024798441,-0.2913416655333811,Угнетение биомассы,подсолнечник,57.7206380121986,68.9780419438257,1.1880508458624366,устойчивое угнетение без явного погодного сигнала,0.84,Угнетение биомассы: NDVI 0.28 против нормы 0.57 (z=-1.7) в течение 62 дн.; устойчивое угнетение без явного погодного сигнала
AOI-0023,2020,2020-06-10,2020-07-16,37,-1.7433959654334001,-1.3110760667736892,0.2596508279804313,0.5521206270091558,-0.29246979902872444,Угнетение биомассы,подсолнечник,56.7465394836787,61.585656976437505,0.7123169161267957,устойчивое угнетение без явного погодного сигнала,0.92,Угнетение биомассы: NDVI 0.26 против нормы 0.55 (z=-1.7) в течение 37 дн.; устойчивое угнетение без явного погодного сигнала
AOI-0077,2022,2022-04-03,2022-06-12,71,-1.74338951730023,-1.5218118388222184,0.2691394434081704,0.55235220063843,-0.2832127572302596,Угнетение биомассы,озимая пшеница,,,,устойчивое угнетение без явного погодного сигнала,,Угнетение биомассы: NDVI 0.27 против нормы 0.55 (z=-1.7) в течение 71 дн.; устойчивое угнетение без явного погодного сигнала
AOI-0050,2020,2020-09-27,2020-10-27,31,-1.74327832816897,-1.348706903711268,0.26195357383815543,0.4009854802525739,-0.13903190641441848,Угнетение биомассы,озимая пшеница,,,,устойчивое угнетение без явного погодного сигнала,,Угнетение биомассы: NDVI 0.26 против нормы 0.40 (z=-1.7) в течение 31 дн.; устойчивое угнетение без явного погодного сигнала
AOI-0052,2019,2019-09-15,2019-09-28,14,-1.7411973916285026,-1.441623277968812,0.11813430209221322,0.23759052549448262,-0.1194562234022694,Угнетение биомассы,озимая пшеница,31.632919883494683,44.35567512478331,-0.42975372518315297,"краткое отклонение, погодой не объясняется (вероятно агрооперация или ошибка данных)",0.71,"Угнетение биомассы: NDVI 0.12 против нормы 0.24 (z=-1.7) в течение 14 дн.; краткое отклонение, погодой не объясняется (вероятно агрооперация или ошибка данных)"
AOI-0066,2010,2010-04-11,2010-06-10,61,-1.7411735745969747,-1.383777817857411,0.34351916159607715,0.6500851150096244,-0.30656595341354725,Угнетение биомассы,озимая пшеница,75.3237929209473,80.00557191043784,0.09810268598048939,устойчивое угнетение без явного погодного сигнала,0.94,Угнетение биомассы: NDVI 0.34 против нормы 0.65 (z=-1.7) в течение 61 дн.; устойчивое угнетение без явного погодного сигнала
AOI-0012,2025,2025-04-01,2025-04-23,23,-1.7409928388150016,-1.4745515561326266,0.3252831680674707,0.5904525994549132,-0.26516943138744253,Угнетение биомассы,озимая пшеница,,,,устойчивое угнетение без явного погодного сигнала,,Угнетение биомассы: NDVI 0.33 против нормы 0.59 (z=-1.7) в течение 23 дн.; устойчивое угнетение без явного погодного сигнала
AOI-0058,2022,2022-09-25,2022-10-30,36,-1.7408985016256486,-1.245838518086823,0.18754908620017227,0.3366202981967563,-0.14907121199658405,Угнетение биомассы,озимая пшеница,53.6044090524548,41.592556876981135,-0.037873191849520045,устойчивое угнетение без явного погодного сигнала,1.29,Угнетение биомассы: NDVI 0.19 против нормы 0.34 (z=-1.7) в течение 36 дн.; устойчивое угнетение без явного погодного сигнала
AOI-0004,2012,2012-06-11,2012-08-02,53,-1.7399062182206533,-1.4253309590280288,0.45522915164918026,0.5841514652058477,-0.12892231355666744,Угнетение биомассы,озимая пшеница,49.68262331254924,49.740042396391395,0.05445975559924046,устойчивое угнетение без явного погодного сигнала,1.0,Угнетение биомассы: NDVI 0.46 против нормы 0.58 (z=-1.7) в течение 53 дн.; устойчивое угнетение без явного погодного сигнала
AOI-0064,2010,2010-04-12,2010-06-07,57,-1.7373951842492408,-1.3401408496531049,0.36471335339676775,0.6147564876872689,-0.2500431342905011,Угнетение биомассы,озимая пшеница,76.7777544104174,82.11161460284806,0.08056245836565505,устойчивое угнетение без явного погодного сигнала,0.94,Угнетение биомассы: NDVI 0.36 против нормы 0.61 (z=-1.7) в течение 57 дн.; устойчивое угнетение без явного погодного сигнала
AOI-0046,2020,2020-06-29,2020-08-15,48,-1.7362694967576617,-1.2557555563869816,0.13721749386058146,0.27501326506094526,-0.1377957712003638,Угнетение биомассы,зерновые,23.325873198508578,40.98112558920172,-0.015725253369455554,дефицит осадков,0.57,Угнетение биомассы: NDVI 0.14 против нормы 0.28 (z=-1.7) в течение 48 дн.; дефицит осадков
AOI-0015,2013,2013-06-06,2013-06-29,24,-1.7360205812148628,-1.4420203995227325,0.31600373848471996,0.565415507253792,-0.249411768769072,Угнетение биомассы,озимая пшеница,47.685349682070544,62.29191156770529,0.9220751888451595,устойчивое угнетение без явного погодного сигнала,0.77,Угнетение биомассы: NDVI 0.32 против нормы 0.57 (z=-1.7) в течение 24 дн.; устойчивое угнетение без явного погодного сигнала
AOI-0047,2020,2020-04-13,2020-06-30,79,-1.7315232101608269,-1.3574207851515159,0.22062797429624864,0.5596294885213872,-0.3390015142251385,Угнетение биомассы,зерновые,69.19033295968018,58.46182425609642,-0.832943792176328,устойчивое угнетение без явного погодного сигнала,1.18,Угнетение биомассы: NDVI 0.22 против нормы 0.56 (z=-1.7) в течение 79 дн.; устойчивое угнетение без явного погодного сигнала
AOI-0043,2019,2019-04-01,2019-06-25,86,-1.7283747593461753,-1.3029038263335064,0.20522976134576532,0.5203442588659581,-0.3151144975201928,Угнетение биомассы,зерновые,45.56969188136357,56.88276293583839,0.8351024836369504,устойчивое угнетение без явного погодного сигнала,0.8,Угнетение биомассы: NDVI 0.21 против нормы 0.52 (z=-1.7) в течение 86 дн.; устойчивое угнетение без явного погодного сигнала
AOI-0063,2011,2011-05-28,2011-06-12,16,-1.7274231825410553,-1.446574166044702,0.562124030459263,0.7327102656331348,-0.17058623517387184,Угнетение биомассы,озимая пшеница,102.72150136120817,89.71311035039665,-1.2087436212735827,"краткое отклонение, погодой не объясняется (вероятно агрооперация или ошибка данных)",1.14,"Угнетение биомассы: NDVI 0.56 против нормы 0.73 (z=-1.7) в течение 16 дн.; краткое отклонение, погодой не объясняется (вероятно агрооперация или ошибка данных)"
AOI-0075,2012,2012-07-17,2012-09-08,54,-1.7268197574215747,-1.3382164010754722,0.26534854974526934,0.5047135900838824,-0.23936504033861306,Угнетение биомассы,озимая пшеница,47.560360166277675,47.892544931762686,0.055707506896608985,устойчивое угнетение без явного погодного сигнала,0.99,Угнетение биомассы: NDVI 0.27 против нормы 0.50 (z=-1.7) в течение 54 дн.; устойчивое угнетение без явного погодного сигнала
AOI-0066,2020,2020-06-08,2020-06-24,17,-1.72316392904785,-1.3561938762549186,0.4401453759368445,0.6482923176336345,-0.20814694169679,Угнетение биомассы,озимая пшеница,84.87328305010485,70.62557684246293,0.40351226998525647,"краткое отклонение, погодой не объясняется (вероятно агрооперация или ошибка данных)",1.2,"Угнетение биомассы: NDVI 0.44 против нормы 0.65 (z=-1.7) в течение 17 дн.; краткое отклонение, погодой не объясняется (вероятно агрооперация или ошибка данных)"
AOI-0051,2017,2017-04-01,2017-05-19,49,-1.7227881050388805,-1.2340038291100321,0.4052263209235992,0.6298401735498316,-0.22461385262623235,Угнетение биомассы,озимая пшеница,,,,устойчивое угнетение без явного погодного сигнала,,Угнетение биомассы: NDVI 0.41 против нормы 0.63 (z=-1.7) в течение 49 дн.; устойчивое угнетение без явного погодного сигнала
AOI-0055,2022,2022-04-07,2022-04-23,17,-1.7226175577300675,-1.5259736579789855,0.41751427384275974,0.4960846520285985,-0.07857037818583879,Угнетение биомассы,озимая пшеница,,,,"краткое отклонение, погодой не объясняется (вероятно агрооперация или ошибка данных)",,"Угнетение биомассы: NDVI 0.42 против нормы 0.50 (z=-1.7) в течение 17 дн.; краткое отклонение, погодой не объясняется (вероятно агрооперация или ошибка данных)"
AOI-0014,2018,2018-06-11,2018-07-09,29,-1.721650790049585,-1.4405659282257015,0.2698363243560344,0.5712661035640743,-0.30142977920803987,Угнетение биомассы,озимая пшеница,37.72836770240024,58.06138974074416,1.2748303698028467,устойчивое угнетение без явного погодного сигнала,0.65,Угнетение биомассы: NDVI 0.27 против нормы 0.57 (z=-1.7) в течение 29 дн.; устойчивое угнетение без явного погодного сигнала
AOI-0064,2018,2018-04-09,2018-05-06,28,-1.7198440577974048,-1.4296100131872953,0.276680861907695,0.5512098286232648,-0.27452896671556987,Угнетение биомассы,озимая пшеница,40.31279995816663,71.12341299086337,1.2471602851229053,дефицит осадков,0.57,Угнетение биомассы: NDVI 0.28 против нормы 0.55 (z=-1.7) в течение 28 дн.; дефицит осадков
AOI-0054,2025,2025-06-10,2025-06-25,16,-1.7178256358986699,-1.442381240167418,0.7239495388712897,0.8171048847737529,-0.09315534590246322,Угнетение биомассы,озимая пшеница,65.92555510004016,66.45945058345367,-0.6258388986208205,"краткое отклонение, погодой не объясняется (вероятно агрооперация или ошибка данных)",0.99,"Угнетение биомассы: NDVI 0.72 против нормы 0.82 (z=-1.7) в течение 16 дн.; краткое отклонение, погодой не объясняется (вероятно агрооперация или ошибка данных)"
AOI-0053,2017,2017-10-12,2017-10-30,19,-1.7177733514564693,-1.526535813631302,0.12678599722388634,0.21197517840617874,-0.0851891811822924,Угнетение биомассы,озимая пшеница,34.238315646441876,38.70601800963942,-0.12668146349831452,"краткое отклонение, погодой не объясняется (вероятно агрооперация или ошибка данных)",0.88,"Угнетение биомассы: NDVI 0.13 против нормы 0.21 (z=-1.7) в течение 19 дн.; краткое отклонение, погодой не объясняется (вероятно агрооперация или ошибка данных)"
AOI-0038,2014,2014-07-14,2014-10-30,109,-1.7169678319478117,-1.3214367399788804,0.15172969328630856,0.24842089958489405,-0.09669120629858549,Угнетение биомассы,зерновые,27.556432600609476,32.07154981705438,-0.681052969365658,устойчивое угнетение без явного погодного сигнала,0.86,Угнетение биомассы: NDVI 0.15 против нормы 0.25 (z=-1.7) в течение 109 дн.; устойчивое угнетение без явного погодного сигнала
AOI-0056,2017,2017-10-08,2017-10-19,12,-1.7140412369594165,-1.413963910088029,0.15346117039330404,0.2631438804076879,-0.10968271001438384,Угнетение биомассы,озимая пшеница,,,,"краткое отклонение, погодой не объясняется (вероятно агрооперация или ошибка данных)",,"Угнетение биомассы: NDVI 0.15 против нормы 0.26 (z=-1.7) в течение 12 дн.; краткое отклонение, погодой не объясняется (вероятно агрооперация или ошибка данных)"
AOI-0046,2025,2025-04-28,2025-05-27,30,-1.713927433587865,-1.3782435469905916,0.24826919383025473,0.5969851184208207,-0.348715924590566,Угнетение биомассы,зерновые,52.791595157769095,66.59297891426239,-0.2692654231670682,устойчивое угнетение без явного погодного сигнала,0.79,Угнетение биомассы: NDVI 0.25 против нормы 0.60 (z=-1.7) в течение 30 дн.; устойчивое угнетение без явного погодного сигнала
AOI-0001,2019,2019-04-01,2019-05-08,38,-1.7111634883236022,-1.3313085911429607,0.291029342838089,0.538379334409849,-0.24734999157175996,Угнетение биомассы,озимая пшеница,53.645349579641554,60.74056904809308,0.04220146865203036,устойчивое угнетение без явного погодного сигнала,0.88,Угнетение биомассы: NDVI 0.29 против нормы 0.54 (z=-1.7) в течение 38 дн.; устойчивое угнетение без явного погодного сигнала
AOI-0004,2014,2014-10-20,2014-10-30,11,-1.7109421500309117,-1.3521143375460343,0.2516402914854443,0.3266186453690377,-0.07497835388359336,Угнетение биомассы,озимая пшеница,48.48329383491742,34.779238179151,-2.4272540175298385,"краткое отклонение, погодой не объясняется (вероятно агрооперация или ошибка данных)",1.39,"Угнетение биомассы: NDVI 0.25 против нормы 0.33 (z=-1.7) в течение 11 дн.; краткое отклонение, погодой не объясняется (вероятно агрооперация или ошибка данных)"
AOI-0067,2012,2012-06-06,2012-10-25,142,-1.7089743013553873,-1.4572789977065483,0.13087109170465147,0.33174614541868036,-0.2008750537140289,Угнетение биомассы,зерновые,27.262693514374078,37.87209663702291,0.6762609828605739,устойчивое угнетение без явного погодного сигнала,0.72,Угнетение биомассы: NDVI 0.13 против нормы 0.33 (z=-1.7) в течение 142 дн.; устойчивое угнетение без явного погодного сигнала
AOI-0015,2010,2010-04-01,2010-05-07,37,-1.705865808515656,-1.4116859745795904,0.22259609675391628,0.4597907144219442,-0.2371946176680279,Угнетение биомассы,озимая пшеница,53.52812861454068,60.54458280330529,-0.5671092546064668,устойчивое угнетение без явного погодного сигнала,0.88,Угнетение биомассы: NDVI 0.22 против нормы 0.46 (z=-1.7) в течение 37 дн.; устойчивое угнетение без явного погодного сигнала
AOI-0058,2017,2017-10-03,2017-10-30,28,-1.7032671564622064,-1.4320417416088957,0.16674358427320876,0.33157520078117214,-0.16483161650796338,Угнетение биомассы,озимая пшеница,30.21185689215728,40.153895998603865,0.06054249558782843,устойчивое угнетение без явного погодного сигнала,0.75,Угнетение биомассы: NDVI 0.17 против нормы 0.33 (z=-1.7) в течение 28 дн.; устойчивое угнетение без явного погодного сигнала
AOI-0048,2018,2018-04-01,2018-05-24,54,-1.7029145105435297,-1.4224374069064512,0.2486561908327902,0.5240301314925959,-0.2753739406598057,Угнетение биомассы,зерновые,22.594546954924848,56.31558563806422,0.8388708609959273,дефицит осадков,0.4,Угнетение биомассы: NDVI 0.25 против нормы 0.52 (z=-1.7) в течение 54 дн.; дефицит осадков
AOI-0052,2020,2020-04-01,2020-05-30,60,-1.702536216541575,-1.3589986725808691,0.27888411137255376,0.6004511649751746,-0.32156705360262083,Угнетение биомассы,озимая пшеница,60.43728835036917,73.7434579750142,-1.5942968018507822,устойчивое угнетение без явного погодного сигнала,0.82,Угнетение биомассы: NDVI 0.28 против нормы 0.60 (z=-1.7) в течение 60 дн.; устойчивое угнетение без явного погодного сигнала
AOI-0032,2021,2021-04-01,2021-06-24,85,-1.7016139987303767,-1.2652020197092324,0.1830726424883944,0.4333054705886895,-0.2502328281002951,Угнетение биомассы,пастбища/зерновые,56.250721219431966,49.60090466717492,-0.0029132525075596886,устойчивое угнетение без явного погодного сигнала,1.13,Угнетение биомассы: NDVI 0.18 против нормы 0.43 (z=-1.7) в течение 85 дн.; устойчивое угнетение без явного погодного сигнала
AOI-0074,2023,2023-06-21,2023-07-21,31,-1.701122065497276,-1.4208247697551033,0.288060013922033,0.5693844884323339,-0.2813244745103009,Угнетение биомассы,озимая пшеница,77.082447277829,67.55493275582343,-1.707905028575809,устойчивое угнетение без явного погодного сигнала,1.14,Угнетение биомассы: NDVI 0.29 против нормы 0.57 (z=-1.7) в течение 31 дн.; устойчивое угнетение без явного погодного сигнала
AOI-0048,2014,2014-05-01,2014-05-26,26,-1.7003523932624305,-1.3573455713680063,0.3486343099955083,0.6358184581950528,-0.28718414819954446,Угнетение биомассы,зерновые,58.94620167648836,67.12675891722841,1.8683170022365314,устойчивое угнетение без явного погодного сигнала,0.88,Угнетение биомассы: NDVI 0.35 против нормы 0.64 (z=-1.7) в течение 26 дн.; устойчивое угнетение без явного погодного сигнала
AOI-0031,2015,2015-04-01,2015-05-08,38,-1.6994957694367303,-1.4705181150079272,0.21169858557401042,0.4476276043346303,-0.23592901876061986,Угнетение биомассы,пастбища/зерновые,46.47719714822307,45.16669539790771,-1.3521101303940062,устойчивое угнетение без явного погодного сигнала,1.03,Угнетение биомассы: NDVI 0.21 против нормы 0.45 (z=-1.7) в течение 38 дн.; устойчивое угнетение без явного погодного сигнала
AOI-0074,2024,2024-06-16,2024-08-27,73,-1.6977972360797116,-1.3194174703837118,0.2480205652743726,0.5096890050791995,-0.26166843980482685,Угнетение биомассы,озимая пшеница,19.864085692447457,57.091875330667406,1.3700619420745133,дефицит осадков,0.35,Угнетение биомассы: NDVI 0.25 против нормы 0.51 (z=-1.7) в течение 73 дн.; дефицит осадков
AOI-0047,2018,2018-04-13,2018-06-25,74,-1.6969324338765304,-1.3591890375723223,0.2087804904891854,0.560376890334984,-0.35159639984579855,Угнетение биомассы,зерновые,20.33307311335129,58.9806622686339,0.9473950682517188,дефицит осадков,0.34,Угнетение биомассы: NDVI 0.21 против нормы 0.56 (z=-1.7) в течение 74 дн.; дефицит осадков
AOI-0019,2024,2024-06-13,2024-08-06,55,-1.6966905693492687,-1.3561477758271887,0.25457294793406654,0.4402723348495069,-0.18569938691544036,Угнетение биомассы,подсолнечник,20.774007599122186,51.715990686823716,1.5918956696583866,дефицит осадков,0.4,Угнетение биомассы: NDVI 0.25 против нормы 0.44 (z=-1.7) в течение 55 дн.; дефицит осадков
AOI-0061,2021,2021-06-21,2021-07-29,39,-1.6939072930199799,-1.444716721675067,0.2553439297376327,0.5456682048873079,-0.29032427514967524,Угнетение биомассы,озимая пшеница,,,,устойчивое угнетение без явного погодного сигнала,,Угнетение биомассы: NDVI 0.26 против нормы 0.55 (z=-1.7) в течение 39 дн.; устойчивое угнетение без явного погодного сигнала
AOI-0039,2014,2014-10-05,2014-10-30,26,-1.6927747354515628,-1.33514535611858,0.25872139259238913,0.37191455204702856,-0.11319315945463942,Угнетение биомассы,зерновые,,,,устойчивое угнетение без явного погодного сигнала,,Угнетение биомассы: NDVI 0.26 против нормы 0.37 (z=-1.7) в течение 26 дн.; устойчивое угнетение без явного погодного сигнала
AOI-0060,2012,2012-04-01,2012-05-04,34,-1.692552042903891,-1.3724861513391544,0.2591799055068754,0.5153685153328366,-0.25618860982596114,Угнетение биомассы,озимая пшеница,60.22175365690138,65.71711823728396,2.8339998125526087,температурный стресс,0.92,Угнетение биомассы: NDVI 0.26 против нормы 0.52 (z=-1.7) в течение 34 дн.; температурный стресс
AOI-0014,2022,2022-04-01,2022-04-17,17,-1.6922184131658975,-1.3931341600296037,0.1897730584121063,0.4650533582566844,-0.27528029984457814,Угнетение биомассы,озимая пшеница,53.81550670870183,46.23732869050654,0.5772312387946521,"краткое отклонение, погодой не объясняется (вероятно агрооперация или ошибка данных)",1.16,"Угнетение биомассы: NDVI 0.19 против нормы 0.47 (z=-1.7) в течение 17 дн.; краткое отклонение, погодой не объясняется (вероятно агрооперация или ошибка данных)"
AOI-0066,2013,2013-04-27,2013-06-13,48,-1.6910946471238628,-1.4268075665072695,0.37817660879590403,0.6792245395634721,-0.30104793076756803,Угнетение биомассы,озимая пшеница,70.84548698004397,84.56331221768336,1.3315868490320493,устойчивое угнетение без явного погодного сигнала,0.84,Угнетение биомассы: NDVI 0.38 против нормы 0.68 (z=-1.7) в течение 48 дн.; устойчивое угнетение без явного погодного сигнала
AOI-0055,2010,2010-08-29,2010-10-23,56,-1.6885319681847348,-1.3953286837094294,0.35448039412721355,0.4580558763825163,-0.10357548225530278,Угнетение биомассы,озимая пшеница,,,,устойчивое угнетение без явного погодного сигнала,,Угнетение биомассы: NDVI 0.35 против нормы 0.46 (z=-1.7) в течение 56 дн.; устойчивое угнетение без явного погодного сигнала
AOI-0024,2024,2024-06-14,2024-07-25,42,-1.6850759333465635,-1.3508781796640135,0.22621929643571523,0.48234787705792775,-0.25612858062221255,Угнетение биомассы,подсолнечник,22.0830770298092,56.89289623493185,1.950698486432764,дефицит осадков,0.39,Угнетение биомассы: NDVI 0.23 против нормы 0.48 (z=-1.7) в течение 42 дн.; дефицит осадков
AOI-0073,2022,2022-05-27,2022-06-13,18,-1.6842912693382943,-1.444583408182167,0.2861285015167027,0.500564460147075,-0.2144359586303723,Угнетение биомассы,озимая пшеница,82.22469363998718,68.51574551152547,-1.3235225442559586,"краткое отклонение, погодой не объясняется (вероятно агрооперация или ошибка данных)",1.2,"Угнетение биомассы: NDVI 0.29 против нормы 0.50 (z=-1.7) в течение 18 дн.; краткое отклонение, погодой не объясняется (вероятно агрооперация или ошибка данных)"
AOI-0025,2011,2011-04-02,2011-04-23,22,-1.6809916829311409,-1.4096381599517063,0.22745210800804885,0.5563743260551375,-0.32892221804708865,Угнетение биомассы,озимая пшеница,,,,устойчивое угнетение без явного погодного сигнала,,Угнетение биомассы: NDVI 0.23 против нормы 0.56 (z=-1.7) в течение 22 дн.; устойчивое угнетение без явного погодного сигнала
AOI-0056,2018,2018-04-04,2018-05-09,36,-1.6801306985559215,-1.5058580418095984,0.37399490266966867,0.5945200110307102,-0.2205251083610415,Угнетение биомассы,озимая пшеница,,,,устойчивое угнетение без явного погодного сигнала,,Угнетение биомассы: NDVI 0.37 против нормы 0.59 (z=-1.7) в течение 36 дн.; устойчивое угнетение без явного погодного сигнала
AOI-0047,2022,2022-05-16,2022-06-29,45,-1.6761858715532654,-1.3657268353947392,0.23381472619554475,0.5615822798919617,-0.32776755369641697,Угнетение биомассы,зерновые,27.949164885991387,58.03212275848151,-0.9135593214279777,дефицит осадков,0.48,Угнетение биомассы: NDVI 0.23 против нормы 0.56 (z=-1.7) в течение 45 дн.; дефицит осадков
AOI-0050,2018,2018-04-04,2018-05-01,28,-1.6753825723612557,-1.410767891365318,0.31642372237860045,0.49655766179066174,-0.1801339394120613,Угнетение биомассы,озимая пшеница,,,,устойчивое угнетение без явного погодного сигнала,,Угнетение биомассы: NDVI 0.32 против нормы 0.50 (z=-1.7) в течение 28 дн.; устойчивое угнетение без явного погодного сигнала
AOI-0038,2020,2020-07-07,2020-07-24,18,-1.67340594385542,-1.3719935981278732,0.14778965079996964,0.23435208538674587,-0.08656243458677623,Угнетение биомассы,зерновые,8.299017481196694,34.93812066822919,0.8390199315730581,дефицит осадков,0.24,Угнетение биомассы: NDVI 0.15 против нормы 0.23 (z=-1.7) в течение 18 дн.; дефицит осадков
AOI-0015,2021,2021-09-15,2021-09-25,11,-1.6733214464574246,-1.3945086495735555,0.12476252868403508,0.2052884391702931,-0.08052591048625803,Угнетение биомассы,озимая пшеница,47.80300271753808,41.193533242021815,-2.508461822687423,"краткое отклонение, погодой не объясняется (вероятно агрооперация или ошибка данных)",1.16,"Угнетение биомассы: NDVI 0.12 против нормы 0.21 (z=-1.7) в течение 11 дн.; краткое отклонение, погодой не объясняется (вероятно агрооперация или ошибка данных)"
AOI-0017,2015,2015-04-07,2015-04-23,17,-1.6693355899749431,-1.44542726809146,0.37796517261624113,0.5713922531775159,-0.19342708056127472,Угнетение биомассы,озимая пшеница,,,,"краткое отклонение, погодой не объясняется (вероятно агрооперация или ошибка данных)",,"Угнетение биомассы: NDVI 0.38 против нормы 0.57 (z=-1.7) в течение 17 дн.; краткое отклонение, погодой не объясняется (вероятно агрооперация или ошибка данных)"
AOI-0054,2020,2020-09-30,2020-10-30,31,-1.666706622371683,-1.4002411798006276,0.48301760867366733,0.6190688185324456,-0.13605120985877822,Угнетение биомассы,озимая пшеница,21.317791804862626,39.98450931917031,3.818371821177624,засуха: осадки ниже нормы и жара,0.53,Угнетение биомассы: NDVI 0.48 против нормы 0.62 (z=-1.7) в течение 31 дн.; засуха: осадки ниже нормы и жара
AOI-0075,2020,2020-08-20,2020-09-23,35,-1.6657723799124582,-1.3570272420353506,0.22010382985689558,0.4149812081594574,-0.1948773783025618,Угнетение биомассы,озимая пшеница,5.23265416236904,43.451304913605235,1.1634559613945132,дефицит осадков,0.12,Угнетение биомассы: NDVI 0.22 против нормы 0.41 (z=-1.7) в течение 35 дн.; дефицит осадков
AOI-0034,2020,2020-09-30,2020-10-30,31,-1.6630180685082983,-1.366715946231259,0.133263308679835,0.3777626050041492,-0.24449929632431422,Угнетение биомассы,пастбища/зерновые,14.643096371434728,36.46461910193059,2.984412611319467,засуха: осадки ниже нормы и жара,0.4,Угнетение биомассы: NDVI 0.13 против нормы 0.38 (z=-1.7) в течение 31 дн.; засуха: осадки ниже нормы и жара
AOI-0068,2012,2012-04-01,2012-06-20,81,-1.6597759992384005,-1.4216026101120214,0.20105821021546458,0.38639044262323546,-0.18533223240777089,Угнетение биомассы,зерновые,25.918164411847016,47.18731953213419,2.6142204442773673,засуха: осадки ниже нормы и жара,0.55,Угнетение биомассы: NDVI 0.20 против нормы 0.39 (z=-1.7) в течение 81 дн.; засуха: осадки ниже нормы и жара
AOI-0074,2020,2020-06-30,2020-08-31,63,-1.6586803649836295,-1.4498635007476481,0.20114342761695403,0.4888667284332118,-0.28772330081625774,Угнетение биомассы,озимая пшеница,31.819397342977588,54.22353230586377,-0.37904335093690367,дефицит осадков,0.59,Угнетение биомассы: NDVI 0.20 против нормы 0.49 (z=-1.7) в течение 63 дн.; дефицит осадков
AOI-0032,2018,2018-05-13,2018-06-24,43,-1.6556414616715505,-1.3404350429984961,0.1786063686654808,0.446878883047561,-0.2682725143820802,Угнетение биомассы,пастбища/зерновые,11.925094222610682,51.661968988724574,1.135239096037415,дефицит осадков,0.23,Угнетение биомассы: NDVI 0.18 против нормы 0.45 (z=-1.7) в течение 43 дн.; дефицит осадков
AOI-0033,2019,2019-05-12,2019-06-22,42,-1.654380727527829,-1.4078750132559241,0.17046394719586555,0.4445322668245223,-0.27406831962865674,Угнетение биомассы,пастбища/зерновые,25.989859528629093,53.09125680622378,1.7304602404785103,дефицит осадков,0.49,Угнетение биомассы: NDVI 0.17 против нормы 0.44 (z=-1.7) в течение 42 дн.; дефицит осадков
AOI-0057,2017,2017-04-02,2017-05-06,35,-1.651458915744988,-1.473441043748906,0.32307868583829086,0.6483163755057193,-0.32523768966742844,Угнетение биомассы,озимая пшеница,,,,устойчивое угнетение без явного погодного сигнала,,Угнетение биомассы: NDVI 0.32 против нормы 0.65 (z=-1.7) в течение 35 дн.; устойчивое угнетение без явного погодного сигнала
AOI-0029,2019,2019-09-16,2019-09-25,10,-1.651175736039628,-1.3968566462632659,0.13460078971895048,0.19585833855929707,-0.06125754884034659,Угнетение биомассы,озимая пшеница,30.103148187127715,39.29066989405298,-0.4106449701581546,"краткое отклонение, погодой не объясняется (вероятно агрооперация или ошибка данных)",0.77,"Угнетение биомассы: NDVI 0.13 против нормы 0.20 (z=-1.7) в течение 10 дн.; краткое отклонение, погодой не объясняется (вероятно агрооперация или ошибка данных)"
AOI-0022,2019,2019-09-18,2019-09-28,11,-1.64966159441837,-1.4224372514698007,0.12610799759747085,0.19291640525933945,-0.0668084076618686,Угнетение биомассы,подсолнечник,42.03476335929775,42.91433424120016,-0.6313478994427043,"краткое отклонение, погодой не объясняется (вероятно агрооперация или ошибка данных)",0.98,"Угнетение биомассы: NDVI 0.13 против нормы 0.19 (z=-1.6) в течение 11 дн.; краткое отклонение, погодой не объясняется (вероятно агрооперация или ошибка данных)"
AOI-0059,2020,2020-04-02,2020-05-24,53,-1.6481118285850807,-1.486686268104282,0.310152287567431,0.6741115863392723,-0.36395929877184124,Угнетение биомассы,озимая пшеница,,,,устойчивое угнетение без явного погодного сигнала,,Угнетение биомассы: NDVI 0.31 против нормы 0.67 (z=-1.6) в течение 53 дн.; устойчивое угнетение без явного погодного сигнала
AOI-0061,2019,2019-04-06,2019-05-21,46,-1.6469338193335887,-1.435844983047889,0.27342120405845205,0.5923118729305873,-0.31889066887213524,Угнетение биомассы,озимая пшеница,,,,устойчивое угнетение без явного погодного сигнала,,Угнетение биомассы: NDVI 0.27 против нормы 0.59 (z=-1.6) в течение 46 дн.; устойчивое угнетение без явного погодного сигнала
AOI-0021,2015,2015-06-06,2015-06-20,15,-1.6463724859575781,-1.3961908451196912,0.37594734459866885,0.6107462382772818,-0.23479889367861295,Угнетение биомассы,подсолнечник,73.48781735764689,64.52702412540125,0.30132197004850786,"краткое отклонение, погодой не объясняется (вероятно агрооперация или ошибка данных)",1.14,"Угнетение биомассы: NDVI 0.38 против нормы 0.61 (z=-1.6) в течение 15 дн.; краткое отклонение, погодой не объясняется (вероятно агрооперация или ошибка данных)"
AOI-0036,2014,2014-05-14,2014-06-05,23,-1.645048593626269,-1.3539241565308318,0.3499602839235322,0.4787506511067786,-0.12879036718324643,Угнетение биомассы,пастбища/зерновые,49.67892362433863,55.63299010613761,1.917320427810283,устойчивое угнетение без явного погодного сигнала,0.89,Угнетение биомассы: NDVI 0.35 против нормы 0.48 (z=-1.6) в течение 23 дн.; устойчивое угнетение без явного погодного сигнала
AOI-0068,2015,2015-04-01,2015-04-19,19,-1.6426622434541218,-1.23143519776195,0.1962541983196708,0.3396572070637668,-0.14340300874409598,Угнетение биомассы,зерновые,44.45338411956058,37.388709451113435,-1.281645038686165,"краткое отклонение, погодой не объясняется (вероятно агрооперация или ошибка данных)",1.19,"Угнетение биомассы: NDVI 0.20 против нормы 0.34 (z=-1.6) в течение 19 дн.; краткое отклонение, погодой не объясняется (вероятно агрооперация или ошибка данных)"
AOI-0030,2016,2016-05-27,2016-06-08,13,-1.6421045313130875,-1.386961901170217,0.717668736911746,0.7972738458422816,-0.07960510893053552,Угнетение биомассы,озимая пшеница,153.42751379677085,78.23889291718923,-1.744351782538169,"краткое отклонение, погодой не объясняется (вероятно агрооперация или ошибка данных)",1.96,"Угнетение биомассы: NDVI 0.72 против нормы 0.80 (z=-1.6) в течение 13 дн.; краткое отклонение, погодой не объясняется (вероятно агрооперация или ошибка данных)"
AOI-0039,2020,2020-07-16,2020-08-15,31,-1.640724614190151,-1.34787765532296,0.306344540618638,0.39603974040794565,-0.08969519978930768,Угнетение биомассы,зерновые,,,,устойчивое угнетение без явного погодного сигнала,,Угнетение биомассы: NDVI 0.31 против нормы 0.40 (z=-1.6) в течение 31 дн.; устойчивое угнетение без явного погодного сигнала
AOI-0076,2019,2019-06-25,2019-07-30,36,-1.6399987954340394,-1.4574606783580462,0.2777514540612918,0.561817231022257,-0.2840657769609652,Угнетение биомассы,озимая пшеница,,,,устойчивое угнетение без явного погодного сигнала,,Угнетение биомассы: NDVI 0.28 против нормы 0.56 (z=-1.6) в течение 36 дн.; устойчивое угнетение без явного погодного сигнала
AOI-0024,2025,2025-04-26,2025-06-10,46,-1.6388906582656664,-1.3368735887871572,0.28769092587944906,0.6008512685692801,-0.313160342689831,Угнетение биомассы,подсолнечник,59.38244241116445,74.55883083608879,-0.7067930500747913,устойчивое угнетение без явного погодного сигнала,0.8,Угнетение биомассы: NDVI 0.29 против нормы 0.60 (z=-1.6) в течение 46 дн.; устойчивое угнетение без явного погодного сигнала
AOI-0011,2012,2012-04-01,2012-04-15,15,-1.6367866757847236,-1.3257965419991196,0.24443647697235374,0.48024151571755597,-0.23580503874520223,Угнетение биомассы,озимая пшеница,41.89525438069476,42.7634399562424,2.9109008665801412,температурный стресс,0.98,Угнетение биомассы: NDVI 0.24 против нормы 0.48 (z=-1.6) в течение 15 дн.; температурный стресс
AOI-0049,2010,2010-09-16,2010-09-26,11,-1.634890176160256,-1.3518187680333433,0.13819029004148903,0.2106761786577627,-0.07248588861627367,Угнетение биомассы,озимая пшеница,46.567726501488046,43.1003430034626,-0.5177851528757084,"краткое отклонение, погодой не объясняется (вероятно агрооперация или ошибка данных)",1.08,"Угнетение биомассы: NDVI 0.14 против нормы 0.21 (z=-1.6) в течение 11 дн.; краткое отклонение, погодой не объясняется (вероятно агрооперация или ошибка данных)"
AOI-0009,2018,2018-06-11,2018-06-24,14,-1.631090535147261,-1.4002071257107023,0.3255090615886573,0.5493042252714213,-0.22379516368276403,Угнетение биомассы,озимая пшеница,20.112976071709305,60.51041658453225,1.2238858382666786,дефицит осадков,0.33,Угнетение биомассы: NDVI 0.33 против нормы 0.55 (z=-1.6) в течение 14 дн.; дефицит осадков
AOI-0040,2020,2020-07-28,2020-08-19,23,-1.6278673688280467,-1.2961392027878207,0.1159046137088672,0.18515988271592687,-0.06925526900705967,Угнетение биомассы,зерновые,4.036457510617174,25.04183512905488,-0.763852478607531,дефицит осадков,0.16,Угнетение биомассы: NDVI 0.12 против нормы 0.19 (z=-1.6) в течение 23 дн.; дефицит осадков
AOI-0024,2020,2020-04-24,2020-06-05,43,-1.6255544206254458,-1.2440166762603908,0.2900718827252033,0.5870784252219967,-0.2970065424967934,Угнетение биомассы,подсолнечник,97.34321581657163,75.11703356125872,-1.391062967710112,устойчивое угнетение без явного погодного сигнала,1.3,Угнетение биомассы: NDVI 0.29 против нормы 0.59 (z=-1.6) в течение 43 дн.; устойчивое угнетение без явного погодного сигнала
AOI-0057,2019,2019-04-06,2019-05-06,31,-1.6253239364816154,-1.36635646067978,0.28943330080354923,0.6085997706308682,-0.319166469827319,Угнетение биомассы,озимая пшеница,,,,устойчивое угнетение без явного погодного сигнала,,Угнетение биомассы: NDVI 0.29 против нормы 0.61 (z=-1.6) в течение 31 дн.; устойчивое угнетение без явного погодного сигнала
AOI-0030,2012,2012-07-26,2012-08-20,26,-1.624744419597015,-1.3564710977740662,0.5003490419721427,0.6632676697479496,-0.1629186277758069,Угнетение биомассы,озимая пшеница,24.222793520416523,30.47654671980794,0.07098934575908676,устойчивое угнетение без явного погодного сигнала,0.79,Угнетение биомассы: NDVI 0.50 против нормы 0.66 (z=-1.6) в течение 26 дн.; устойчивое угнетение без явного погодного сигнала
AOI-0073,2020,2020-10-06,2020-10-18,13,-1.6219309290998618,-1.3465401650586097,0.17544511660878184,0.2621305499813103,-0.08668543337252846,Угнетение биомассы,озимая пшеница,15.80687011220296,57.63757124806387,4.0094071829176325,засуха: осадки ниже нормы и жара,0.27,Угнетение биомассы: NDVI 0.18 против нормы 0.26 (z=-1.6) в течение 13 дн.; засуха: осадки ниже нормы и жара
AOI-0028,2021,2021-04-26,2021-06-05,41,-1.6215244084855591,-1.2799133092926034,0.2674032402786688,0.6090414032442951,-0.3416381629656263,Угнетение биомассы,озимая пшеница,127.00250896265301,76.79111867071994,-0.8829689825920372,устойчивое угнетение без явного погодного сигнала,1.65,Угнетение биомассы: NDVI 0.27 против нормы 0.61 (z=-1.6) в течение 41 дн.; устойчивое угнетение без явного погодного сигнала
AOI-0039,2010,2010-04-07,2010-04-25,19,-1.6207599682060494,-1.3907193418473274,0.4405192906162861,0.568668182572421,-0.12814889195613494,Угнетение биомассы,зерновые,,,,"краткое отклонение, погодой не объясняется (вероятно агрооперация или ошибка данных)",,"Угнетение биомассы: NDVI 0.44 против нормы 0.57 (z=-1.6) в течение 19 дн.; краткое отклонение, погодой не объясняется (вероятно агрооперация или ошибка данных)"
AOI-0011,2018,2018-06-11,2018-06-25,15,-1.620241882158533,-1.3760302516664769,0.3410412022458454,0.5583538155293784,-0.21731261328353296,Угнетение биомассы,озимая пшеница,21.891422831109487,61.60574278374425,1.2313539694923459,дефицит осадков,0.36,Угнетение биомассы: NDVI 0.34 против нормы 0.56 (z=-1.6) в течение 15 дн.; дефицит осадков
AOI-0061,2015,2015-04-07,2015-05-09,33,-1.6189089824881067,-1.51665589238541,0.30255027875975754,0.6128716719450751,-0.31032139318531754,Угнетение биомассы,озимая пшеница,,,,устойчивое угнетение без явного погодного сигнала,,Угнетение биомассы: NDVI 0.30 против нормы 0.61 (z=-1.6) в течение 33 дн.; устойчивое угнетение без явного погодного сигнала
AOI-0076,2024,2024-06-13,2024-08-18,67,-1.6179826743532923,-1.2539614019756509,0.30455485170368696,0.5466615029304893,-0.24210665122680236,Угнетение биомассы,озимая пшеница,,,,устойчивое угнетение без явного погодного сигнала,,Угнетение биомассы: NDVI 0.30 против нормы 0.55 (z=-1.6) в течение 67 дн.; устойчивое угнетение без явного погодного сигнала
AOI-0054,2019,2019-05-04,2019-05-14,11,-1.6164679098710895,-1.3763304621593249,0.7119358841854745,0.7863598063035467,-0.07442392211807225,Угнетение биомассы,озимая пшеница,50.25630881707277,79.67577774862568,1.0094566269387943,"краткое отклонение, погодой не объясняется (вероятно агрооперация или ошибка данных)",0.63,"Угнетение биомассы: NDVI 0.71 против нормы 0.79 (z=-1.6) в течение 11 дн.; краткое отклонение, погодой не объясняется (вероятно агрооперация или ошибка данных)"
AOI-0030,2012,2012-09-01,2012-10-06,36,-1.615774375619996,-1.41930311652093,0.47738774424740005,0.5875832077755492,-0.11019546352814913,Угнетение биомассы,озимая пшеница,31.902309587027958,39.470860657491436,0.994928997632639,устойчивое угнетение без явного погодного сигнала,0.81,Угнетение биомассы: NDVI 0.48 против нормы 0.59 (z=-1.6) в течение 36 дн.; устойчивое угнетение без явного погодного сигнала
AOI-0014,2020,2020-06-13,2020-07-18,36,-1.6146393621481618,-1.3640163332873982,0.2236060587213393,0.5220578887732168,-0.2984518300518775,Угнетение биомассы,озимая пшеница,42.97414601199081,55.05853253670144,0.8744757842227273,устойчивое угнетение без явного погодного сигнала,0.78,Угнетение биомассы: NDVI 0.22 против нормы 0.52 (z=-1.6) в течение 36 дн.; устойчивое угнетение без явного погодного сигнала
AOI-0076,2020,2020-07-02,2020-08-03,33,-1.6131202707040337,-1.413111647454449,0.25776475013600036,0.5383588586459859,-0.2805941085099855,Угнетение биомассы,озимая пшеница,,,,устойчивое угнетение без явного погодного сигнала,,Угнетение биомассы: NDVI 0.26 против нормы 0.54 (z=-1.6) в течение 33 дн.; устойчивое угнетение без явного погодного сигнала
AOI-0048,2012,2012-04-01,2012-06-26,87,-1.6118561996281051,-1.2120655675265568,0.26585618759739277,0.5185674658902829,-0.25271127829289014,Угнетение биомассы,зерновые,41.20065162417495,58.676003408930576,2.698089602688706,температурный стресс,0.7,Угнетение биомассы: NDVI 0.27 против нормы 0.52 (z=-1.6) в течение 87 дн.; температурный стресс
AOI-0014,2013,2013-04-27,2013-06-04,39,-1.6117879744451071,-1.3565700567884782,0.33357562345879044,0.6402555616103351,-0.3066799381515447,Угнетение биомассы,озимая пшеница,52.27786607763452,74.2455214333564,1.9011894530617912,устойчивое угнетение без явного погодного сигнала,0.7,Угнетение биомассы: NDVI 0.33 против нормы 0.64 (z=-1.6) в течение 39 дн.; устойчивое угнетение без явного погодного сигнала
AOI-0074,2018,2018-05-30,2018-06-25,27,-1.6106653368709893,-1.2548754709079692,0.31490554468049264,0.5156517739030362,-0.20074622922254354,Угнетение биомассы,озимая пшеница,40.71863629036179,66.62283098155919,-0.06021334925758263,устойчивое угнетение без явного погодного сигнала,0.61,Угнетение биомассы: NDVI 0.31 против нормы 0.52 (z=-1.6) в течение 27 дн.; устойчивое угнетение без явного погодного сигнала
AOI-0012,2012,2012-04-06,2012-04-22,17,-1.6104038963841003,-1.3555200204405724,0.301088557979793,0.48677021942018167,-0.18568166144038867,Угнетение биомассы,озимая пшеница,,,,"краткое отклонение, погодой не объясняется (вероятно агрооперация или ошибка данных)",,"Угнетение биомассы: NDVI 0.30 против нормы 0.49 (z=-1.6) в течение 17 дн.; краткое отклонение, погодой не объясняется (вероятно агрооперация или ошибка данных)"
AOI-0027,2021,2021-04-07,2021-05-08,32,-1.6088986432999484,-1.280279793293181,0.3488593503976868,0.610231112293097,-0.2613717618954102,Угнетение биомассы,озимая пшеница,,,,устойчивое угнетение без явного погодного сигнала,,Угнетение биомассы: NDVI 0.35 против нормы 0.61 (z=-1.6) в течение 32 дн.; устойчивое угнетение без явного погодного сигнала
AOI-0066,2012,2012-06-07,2012-06-24,18,-1.6076530801087272,-1.3359929842396983,0.4364194727907545,0.6428088909419608,-0.20638941815120632,Угнетение биомассы,озимая пшеница,92.10847336952573,71.2297113048831,0.09452023995730209,"краткое отклонение, погодой не объясняется (вероятно агрооперация или ошибка данных)",1.29,"Угнетение биомассы: NDVI 0.44 против нормы 0.64 (z=-1.6) в течение 18 дн.; краткое отклонение, погодой не объясняется (вероятно агрооперация или ошибка данных)"
AOI-0050,2015,2015-04-07,2015-05-15,39,-1.605891593188541,-1.3866470267239661,0.36816169767018536,0.5444070897391036,-0.1762453920689182,Угнетение биомассы,озимая пшеница,,,,устойчивое угнетение без явного погодного сигнала,,Угнетение биомассы: NDVI 0.37 против нормы 0.54 (z=-1.6) в течение 39 дн.; устойчивое угнетение без явного погодного сигнала
AOI-0049,2021,2021-04-01,2021-06-02,63,-1.6049639026388223,-1.277114857419193,0.26976621560345565,0.5537616097607565,-0.28399539415730085,Угнетение биомассы,озимая пшеница,120.2324794546511,73.46180558923803,-1.037270686805984,устойчивое угнетение без явного погодного сигнала,1.64,Угнетение биомассы: NDVI 0.27 против нормы 0.55 (z=-1.6) в течение 63 дн.; устойчивое угнетение без явного погодного сигнала
AOI-0029,2014,2014-04-12,2014-06-23,73,-1.6034701557810698,-1.2204418542872941,0.3093722932037047,0.6081522520750693,-0.2987799588713646,Угнетение биомассы,озимая пшеница,79.06474371411595,72.3336426858587,0.58824877867809,устойчивое угнетение без явного погодного сигнала,1.09,Угнетение биомассы: NDVI 0.31 против нормы 0.61 (z=-1.6) в течение 73 дн.; устойчивое угнетение без явного погодного сигнала
AOI-0049,2015,2015-05-10,2015-06-02,24,-1.6027279947838888,-1.3116575445208951,0.36840592488632895,0.6484713706659234,-0.28006544577959447,Угнетение биомассы,озимая пшеница,64.79718414488379,85.76247777663936,-0.15321644480803057,устойчивое угнетение без явного погодного сигнала,0.76,Угнетение биомассы: NDVI 0.37 против нормы 0.65 (z=-1.6) в течение 24 дн.; устойчивое угнетение без явного погодного сигнала
AOI-0032,2021,2021-08-15,2021-08-25,11,-1.600534760535009,-1.356337054565053,0.11193324494131497,0.1737507569440687,-0.06181751200275372,Угнетение биомассы,пастбища/зерновые,55.40638592462763,25.690384892548163,0.16284391420422395,"краткое отклонение, погодой не объясняется (вероятно агрооперация или ошибка данных)",2.16,"Угнетение биомассы: NDVI 0.11 против нормы 0.17 (z=-1.6) в течение 11 дн.; краткое отклонение, погодой не объясняется (вероятно агрооперация или ошибка данных)"
AOI-0046,2010,2010-05-12,2010-06-24,44,-1.6002807873704608,-1.2299268590562236,0.2689480160169163,0.550561084145193,-0.2816130681282767,Угнетение биомассы,зерновые,95.53088136305846,63.278433506977585,0.48110640574694313,устойчивое угнетение без явного погодного сигнала,1.51,Угнетение биомассы: NDVI 0.27 против нормы 0.55 (z=-1.6) в течение 44 дн.; устойчивое угнетение без явного погодного сигнала
AOI-0077,2015,2015-04-07,2015-04-23,17,-1.600278746093827,-1.3029728258585498,0.28145671662883487,0.5268933582465273,-0.2454366416176924,Угнетение биомассы,озимая пшеница,,,,"краткое отклонение, погодой не объясняется (вероятно агрооперация или ошибка данных)",,"Угнетение биомассы: NDVI 0.28 против нормы 0.53 (z=-1.6) в течение 17 дн.; краткое отклонение, погодой не объясняется (вероятно агрооперация или ошибка данных)"
AOI-0055,2013,2013-04-07,2013-04-30,24,-1.599494584348894,-1.4237568648175603,0.3911598901394163,0.46934923105236515,-0.07818934091294882,Угнетение биомассы,озимая пшеница,,,,устойчивое угнетение без явного погодного сигнала,,Угнетение биомассы: NDVI 0.39 против нормы 0.47 (z=-1.6) в течение 24 дн.; устойчивое угнетение без явного погодного сигнала
AOI-0001,2021,2021-04-01,2021-04-19,19,-1.5989264754532777,-1.283026709130602,0.22774339081379702,0.46489820191593595,-0.23715481110213893,Угнетение биомассы,озимая пшеница,96.01354932940254,48.491191123877265,-1.1091748216540183,"краткое отклонение, погодой не объясняется (вероятно агрооперация или ошибка данных)",1.98,"Угнетение биомассы: NDVI 0.23 против нормы 0.46 (z=-1.6) в течение 19 дн.; краткое отклонение, погодой не объясняется (вероятно агрооперация или ошибка данных)"
AOI-0009,2010,2010-06-07,2010-06-24,18,-1.5941856680546416,-1.3391702958916458,0.34876358889175735,0.5635527998052515,-0.21478921091349418,Угнетение биомассы,озимая пшеница,59.50608273151896,61.21596201294224,0.980893428162719,"краткое отклонение, погодой не объясняется (вероятно агрооперация или ошибка данных)",0.97,"Угнетение биомассы: NDVI 0.35 против нормы 0.56 (z=-1.6) в течение 18 дн.; краткое отклонение, погодой не объясняется (вероятно агрооперация или ошибка данных)"
AOI-0037,2021,2021-04-25,2021-05-17,23,-1.591316652012543,-1.278040306992543,0.42792029322802255,0.5242230328601581,-0.09630273963213559,Угнетение биомассы,зерновые,68.06311892543627,54.40515453495722,-0.16328285781926108,устойчивое угнетение без явного погодного сигнала,1.25,Угнетение биомассы: NDVI 0.43 против нормы 0.52 (z=-1.6) в течение 23 дн.; устойчивое угнетение без явного погодного сигнала
AOI-0078,2025,2025-06-12,2025-07-25,44,-1.5905706159996293,-1.330836252578389,0.30255276243557894,0.5457138613719758,-0.2431610989363968,Угнетение биомассы,озимая пшеница,67.0828316336699,65.87880336477465,-0.7300930175028035,устойчивое угнетение без явного погодного сигнала,1.02,Угнетение биомассы: NDVI 0.30 против нормы 0.55 (z=-1.6) в течение 44 дн.; устойчивое угнетение без явного погодного сигнала
AOI-0010,2025,2025-06-26,2025-07-08,13,-1.5902439260406922,-1.3663627339635998,0.1829227985811958,0.32530674672490345,-0.14238394814370764,Угнетение биомассы,озимая пшеница,,,,"краткое отклонение, погодой не объясняется (вероятно агрооперация или ошибка данных)",,"Угнетение биомассы: NDVI 0.18 против нормы 0.33 (z=-1.6) в течение 13 дн.; краткое отклонение, погодой не объясняется (вероятно агрооперация или ошибка данных)"
AOI-0009,2019,2019-06-15,2019-06-29,15,-1.5884578845001358,-1.3407991925381169,0.2936184033604568,0.5004667024452766,-0.20684829908481978,Угнетение биомассы,озимая пшеница,20.588120917782977,58.34578792118943,1.5786480301030048,дефицит осадков,0.35,Угнетение биомассы: NDVI 0.29 против нормы 0.50 (z=-1.6) в течение 15 дн.; дефицит осадков
AOI-0065,2012,2012-04-01,2012-05-20,50,-1.5873489550500626,-1.3054059151789956,0.3182555501955627,0.5830789245239142,-0.2648233743283515,Угнетение биомассы,озимая пшеница,43.73577205853401,77.33447272524496,3.187516602571281,засуха: осадки ниже нормы и жара,0.57,Угнетение биомассы: NDVI 0.32 против нормы 0.58 (z=-1.6) в течение 50 дн.; засуха: осадки ниже нормы и жара
AOI-0026,2012,2012-04-10,2012-06-27,79,-1.5864161470503233,-1.3063131654873392,0.2629336139409572,0.5961448121757061,-0.33321119823474893,Угнетение биомассы,озимая пшеница,77.50608550070832,71.52905282221944,1.8315389607250117,устойчивое угнетение без явного погодного сигнала,1.08,Угнетение биомассы: NDVI 0.26 против нормы 0.60 (z=-1.6) в течение 79 дн.; устойчивое угнетение без явного погодного сигнала
AOI-0014,2025,2025-04-10,2025-06-02,54,-1.5860718398127367,-1.341850210303282,0.30136275237981464,0.6015799805117312,-0.3002172281319166,Угнетение биомассы,озимая пшеница,51.142270452781425,69.32414370235387,-0.32520338287853967,устойчивое угнетение без явного погодного сигнала,0.74,Угнетение биомассы: NDVI 0.30 против нормы 0.60 (z=-1.6) в течение 54 дн.; устойчивое угнетение без явного погодного сигнала
AOI-0056,2024,2024-06-03,2024-07-03,31,-1.586013059085696,-1.3521887362511587,0.3921972173635637,0.5863736718441768,-0.19417645448061305,Угнетение биомассы,озимая пшеница,,,,устойчивое угнетение без явного погодного сигнала,,Угнетение биомассы: NDVI 0.39 против нормы 0.59 (z=-1.6) в течение 31 дн.; устойчивое угнетение без явного погодного сигнала
AOI-0068,2018,2018-04-01,2018-04-12,12,-1.5859177524088268,-1.2273976826800785,0.1992121779760634,0.33386390294156265,-0.13465172496549926,Угнетение биомассы,зерновые,18.095099470489373,34.31142941342054,-1.089003243589451,дефицит осадков,0.53,Угнетение биомассы: NDVI 0.20 против нормы 0.33 (z=-1.6) в течение 12 дн.; дефицит осадков
AOI-0021,2017,2017-05-27,2017-06-08,13,-1.5847822519399566,-1.3685714252304497,0.346305285709658,0.6402654013760259,-0.2939601156663679,Угнетение биомассы,подсолнечник,90.57285762952871,70.71165458642355,-2.5754495888096307,"краткое отклонение, погодой не объясняется (вероятно агрооперация или ошибка данных)",1.28,"Угнетение биомассы: NDVI 0.35 против нормы 0.64 (z=-1.6) в течение 13 дн.; краткое отклонение, погодой не объясняется (вероятно агрооперация или ошибка данных)"
AOI-0058,2022,2022-06-29,2022-08-06,39,-1.584693421987884,-1.3323604674944873,0.24532064163033104,0.4843959534303131,-0.23907531179998207,Угнетение биомассы,озимая пшеница,70.58336817018487,45.25085441438095,-1.5865472133178131,устойчивое угнетение без явного погодного сигнала,1.56,Угнетение биомассы: NDVI 0.25 против нормы 0.48 (z=-1.6) в течение 39 дн.; устойчивое угнетение без явного погодного сигнала
AOI-0067,2024,2024-07-28,2024-10-19,84,-1.583426749717932,-1.2832913475194618,0.1650044198791868,0.31000572183273745,-0.14500130195355065,Угнетение биомассы,зерновые,7.056082141334299,37.252630351490424,1.3799411685597498,дефицит осадков,0.19,Угнетение биомассы: NDVI 0.17 против нормы 0.31 (z=-1.6) в течение 84 дн.; дефицит осадков
AOI-0034,2021,2021-04-01,2021-05-23,53,-1.5815450682321908,-1.2254249201067091,0.16752749963523308,0.4895287118171122,-0.32200121218187916,Угнетение биомассы,пастбища/зерновые,69.4944393633651,47.2443607555765,-0.02847043363075787,устойчивое угнетение без явного погодного сигнала,1.47,Угнетение биомассы: NDVI 0.17 против нормы 0.49 (z=-1.6) в течение 53 дн.; устойчивое угнетение без явного погодного сигнала
AOI-0027,2010,2010-04-07,2010-04-23,17,-1.5803398807914002,-1.3256859860627852,0.3511523612151748,0.5923539905023367,-0.24120162928716193,Угнетение биомассы,озимая пшеница,,,,"краткое отклонение, погодой не объясняется (вероятно агрооперация или ошибка данных)",,"Угнетение биомассы: NDVI 0.35 против нормы 0.59 (z=-1.6) в течение 17 дн.; краткое отклонение, погодой не объясняется (вероятно агрооперация или ошибка данных)"
AOI-0046,2022,2022-05-05,2022-07-05,62,-1.5788128604298557,-1.3351568104082119,0.23620105402490224,0.529183282813886,-0.29298222878898383,Угнетение биомассы,зерновые,32.91756500886303,61.96227157991586,-0.8405836862304384,дефицит осадков,0.53,Угнетение биомассы: NDVI 0.24 против нормы 0.53 (z=-1.6) в течение 62 дн.; дефицит осадков
AOI-0065,2019,2019-04-01,2019-05-21,51,-1.578020483769754,-1.2675818981525193,0.3464838990817424,0.5957284602594639,-0.24924456117772154,Угнетение биомассы,озимая пшеница,46.11780285993685,76.67138332157822,0.27765767666830704,устойчивое угнетение без явного погодного сигнала,0.6,Угнетение биомассы: NDVI 0.35 против нормы 0.60 (z=-1.6) в течение 51 дн.; устойчивое угнетение без явного погодного сигнала
AOI-0026,2018,2018-04-10,2018-05-14,35,-1.5770227719802747,-1.2993194157169334,0.26477709456656157,0.6036109847617517,-0.3388338901951901,Угнетение биомассы,озимая пшеница,36.124817399629855,69.35285841644814,1.5314625516532676,дефицит осадков,0.52,Угнетение биомассы: NDVI 0.26 против нормы 0.60 (z=-1.6) в течение 35 дн.; дефицит осадков
AOI-0006,2021,2021-07-09,2021-08-29,52,-1.5759882608586016,-1.3196006282019286,0.1620504551163543,0.42880044518177096,-0.26674999006541666,Угнетение биомассы,озимая пшеница,,,,устойчивое угнетение без явного погодного сигнала,,Угнетение биомассы: NDVI 0.16 против нормы 0.43 (z=-1.6) в течение 52 дн.; устойчивое угнетение без явного погодного сигнала
AOI-0068,2018,2018-05-13,2018-07-08,57,-1.574060346691,-1.3159375447665855,0.20973796033299985,0.35018114408647877,-0.14044318375347892,Угнетение биомассы,зерновые,20.68442328469787,45.74176475483988,1.10691478186314,дефицит осадков,0.45,Угнетение биомассы: NDVI 0.21 против нормы 0.35 (z=-1.6) в течение 57 дн.; дефицит осадков
AOI-0053,2010,2010-04-01,2010-05-20,50,-1.5736896754294174,-1.4071973272683973,0.2714543058340484,0.5042528093409305,-0.23279850350688214,Угнетение биомассы,озимая пшеница,61.08881451053711,69.11395550265051,-0.3488824452714811,устойчивое угнетение без явного погодного сигнала,0.88,Угнетение биомассы: NDVI 0.27 против нормы 0.50 (z=-1.6) в течение 50 дн.; устойчивое угнетение без явного погодного сигнала
AOI-0067,2018,2018-06-03,2018-09-26,116,-1.5704558786150191,-1.3013522541095304,0.15822277920522973,0.3621162645530115,-0.20389348534778176,Угнетение биомассы,зерновые,34.6619368939216,36.74119363628628,0.5588856408473277,устойчивое угнетение без явного погодного сигнала,0.94,Угнетение биомассы: NDVI 0.16 против нормы 0.36 (z=-1.6) в течение 116 дн.; устойчивое угнетение без явного погодного сигнала
AOI-0018,2021,2021-07-13,2021-08-16,35,-1.5703065414267676,-1.3865156403542147,0.22569394404312482,0.5130235821316544,-0.2873296380885296,Угнетение биомассы,озимая пшеница,41.42036028564888,38.161116086191505,0.9286106720255747,устойчивое угнетение без явного погодного сигнала,1.09,Угнетение биомассы: NDVI 0.23 против нормы 0.51 (z=-1.6) в течение 35 дн.; устойчивое угнетение без явного погодного сигнала
AOI-0002,2011,2011-04-01,2011-05-06,36,-1.569968713584305,-1.3584260498306777,0.24809944017982874,0.5116108388968376,-0.2635113987170088,Угнетение биомассы,озимая пшеница,62.25976399907255,59.996897099617485,-2.507391934769154,устойчивое угнетение без явного погодного сигнала,1.04,Угнетение биомассы: NDVI 0.25 против нормы 0.51 (z=-1.6) в течение 36 дн.; устойчивое угнетение без явного погодного сигнала
AOI-0021,2010,2010-05-26,2010-06-16,22,-1.56502937083634,-1.3764340207082848,0.35151462305519315,0.6266583077162008,-0.27514368466100764,Угнетение биомассы,подсолнечник,89.03237923507619,68.98001969656626,0.8154051724704305,устойчивое угнетение без явного погодного сигнала,1.29,Угнетение биомассы: NDVI 0.35 против нормы 0.63 (z=-1.6) в течение 22 дн.; устойчивое угнетение без явного погодного сигнала
AOI-0010,2019,2019-06-15,2019-07-07,23,-1.5643528357078826,-1.4222067464984445,0.17875239421238828,0.3239669397028141,-0.1452145454904258,Угнетение биомассы,озимая пшеница,,,,устойчивое угнетение без явного погодного сигнала,,Угнетение биомассы: NDVI 0.18 против нормы 0.32 (z=-1.6) в течение 23 дн.; устойчивое угнетение без явного погодного сигнала
AOI-0024,2011,2011-06-02,2011-06-26,25,-1.564325968423681,-1.2737902254926858,0.34585152137347736,0.5888010803463598,-0.24294955897288245,Угнетение биомассы,подсолнечник,98.87817371073524,65.08047360635538,-0.9698314858060239,устойчивое угнетение без явного погодного сигнала,1.52,Угнетение биомассы: NDVI 0.35 против нормы 0.59 (z=-1.6) в течение 25 дн.; устойчивое угнетение без явного погодного сигнала
AOI-0058,2025,2025-08-14,2025-09-28,46,-1.5634727833017505,-1.3013526815106402,0.1903170183517074,0.3445061889697585,-0.1541891706180511,Угнетение биомассы,озимая пшеница,30.359526225332605,36.846981488743104,-0.47596688690987554,устойчивое угнетение без явного погодного сигнала,0.82,Угнетение биомассы: NDVI 0.19 против нормы 0.34 (z=-1.6) в течение 46 дн.; устойчивое угнетение без явного погодного сигнала
AOI-0030,2020,2020-07-08,2020-07-17,10,-1.5622089304763125,-1.3339818474570464,0.6476216695568187,0.7216684630414077,-0.07404679348458909,Угнетение биомассы,озимая пшеница,35.53865949210966,48.20169449939019,0.5487174272681414,"краткое отклонение, погодой не объясняется (вероятно агрооперация или ошибка данных)",0.74,"Угнетение биомассы: NDVI 0.65 против нормы 0.72 (z=-1.6) в течение 10 дн.; краткое отклонение, погодой не объясняется (вероятно агрооперация или ошибка данных)"
AOI-0004,2011,2011-04-12,2011-05-05,24,-1.5615363724432179,-1.3888837448306217,0.31221730551998705,0.4883500997585886,-0.17613279423860156,Угнетение биомассы,озимая пшеница,72.70538831794413,67.02366659638979,-2.310932665692864,устойчивое угнетение без явного погодного сигнала,1.08,Угнетение биомассы: NDVI 0.31 против нормы 0.49 (z=-1.6) в течение 24 дн.; устойчивое угнетение без явного погодного сигнала
AOI-0078,2021,2021-04-13,2021-06-04,53,-1.5609028624098362,-1.2982323106893556,0.29226799457122715,0.5498312787087931,-0.25756328413756596,Угнетение биомассы,озимая пшеница,99.90546919639102,69.73419291665171,-1.0931277648502125,устойчивое угнетение без явного погодного сигнала,1.43,Угнетение биомассы: NDVI 0.29 против нормы 0.55 (z=-1.6) в течение 53 дн.; устойчивое угнетение без явного погодного сигнала
AOI-0039,2020,2020-09-12,2020-10-26,45,-1.5579668519654755,-1.3623305969677753,0.27454540402775174,0.3875816643639961,-0.11303626033624437,Угнетение биомассы,зерновые,,,,устойчивое угнетение без явного погодного сигнала,,Угнетение биомассы: NDVI 0.27 против нормы 0.39 (z=-1.6) в течение 45 дн.; устойчивое угнетение без явного погодного сигнала
AOI-0052,2018,2018-04-01,2018-06-03,64,-1.5576166890038674,-1.2803844894311318,0.28381270338009534,0.5896674205502261,-0.3058547171701308,Угнетение биомассы,озимая пшеница,28.82031967535015,73.7125710828208,1.4532232371942644,дефицит осадков,0.39,Угнетение биомассы: NDVI 0.28 против нормы 0.59 (z=-1.6) в течение 64 дн.; дефицит осадков
AOI-0008,2022,2022-04-02,2022-04-17,16,-1.557244320307416,-1.3167506748357167,0.23512351136669926,0.5361270497729755,-0.30100353840627625,Угнетение биомассы,озимая пшеница,,,,"краткое отклонение, погодой не объясняется (вероятно агрооперация или ошибка данных)",,"Угнетение биомассы: NDVI 0.24 против нормы 0.54 (z=-1.6) в течение 16 дн.; краткое отклонение, погодой не объясняется (вероятно агрооперация или ошибка данных)"
AOI-0002,2021,2021-04-01,2021-04-23,23,-1.5561957062699578,-1.3507888020035608,0.2269831819595256,0.47305196550431045,-0.24606878354478484,Угнетение биомассы,озимая пшеница,103.11218907879987,51.56070082112859,-1.2054699380288616,устойчивое угнетение без явного погодного сигнала,2.0,Угнетение биомассы: NDVI 0.23 против нормы 0.47 (z=-1.6) в течение 23 дн.; устойчивое угнетение без явного погодного сигнала
AOI-0064,2012,2012-05-27,2012-06-07,12,-1.5544603554829866,-1.320984424768866,0.5098606719056632,0.706504896205197,-0.19664422429953377,Угнетение биомассы,озимая пшеница,61.429384074522225,85.16110891992602,2.042202158702398,температурный стресс,0.72,Угнетение биомассы: NDVI 0.51 против нормы 0.71 (z=-1.6) в течение 12 дн.; температурный стресс
AOI-0050,2015,2015-10-06,2015-10-30,25,-1.5541422180506212,-1.2705596471765537,0.2872527747872667,0.4126945081495355,-0.12544173336226883,Угнетение биомассы,озимая пшеница,,,,устойчивое угнетение без явного погодного сигнала,,Угнетение биомассы: NDVI 0.29 против нормы 0.41 (z=-1.6) в течение 25 дн.; устойчивое угнетение без явного погодного сигнала
AOI-0062,2020,2020-06-29,2020-08-10,43,-1.5528721719499758,-1.3275546139764185,0.17249729377051443,0.4796553345904623,-0.30715804081994785,Угнетение биомассы,озимая пшеница,,,,устойчивое угнетение без явного погодного сигнала,,Угнетение биомассы: NDVI 0.17 против нормы 0.48 (z=-1.6) в течение 43 дн.; устойчивое угнетение без явного погодного сигнала
AOI-0031,2021,2021-05-25,2021-07-05,42,-1.5497475993519694,-1.374242038985044,0.17302600023752981,0.3770956525901757,-0.20406965235264587,Угнетение биомассы,пастбища/зерновые,37.036107039207295,45.59237824473808,0.5927950269858014,устойчивое угнетение без явного погодного сигнала,0.81,Угнетение биомассы: NDVI 0.17 против нормы 0.38 (z=-1.5) в течение 42 дн.; устойчивое угнетение без явного погодного сигнала
AOI-0056,2019,2019-09-13,2019-09-30,18,-1.5487755863516248,-1.3222818081079288,0.1710340077313043,0.27608324913347176,-0.10504924140216745,Угнетение биомассы,озимая пшеница,,,,"краткое отклонение, погодой не объясняется (вероятно агрооперация или ошибка данных)",,"Угнетение биомассы: NDVI 0.17 против нормы 0.28 (z=-1.5) в течение 18 дн.; краткое отклонение, погодой не объясняется (вероятно агрооперация или ошибка данных)"
AOI-0010,2025,2025-04-01,2025-04-17,17,-1.5460173888864555,-1.3053253143875008,0.3416913408330115,0.5703816960500652,-0.22869035521705366,Угнетение биомассы,озимая пшеница,,,,"краткое отклонение, погодой не объясняется (вероятно агрооперация или ошибка данных)",,"Угнетение биомассы: NDVI 0.34 против нормы 0.57 (z=-1.5) в течение 17 дн.; краткое отклонение, погодой не объясняется (вероятно агрооперация или ошибка данных)"
AOI-0060,2025,2025-07-17,2025-09-24,70,-1.5448273406245943,-1.3593859466629288,0.23176625693525757,0.4626281986846997,-0.2308619417494421,Угнетение биомассы,озимая пшеница,22.507183825543677,38.87530841173093,-0.05826287334018099,дефицит осадков,0.58,Угнетение биомассы: NDVI 0.23 против нормы 0.46 (z=-1.5) в течение 70 дн.; дефицит осадков
AOI-0075,2020,2020-10-05,2020-10-30,26,-1.5436491607842073,-1.1900106100568009,0.17556665160938462,0.3119092687683462,-0.13634261715896157,Угнетение биомассы,озимая пшеница,15.050144901575774,50.13271471345639,3.7513138977293727,засуха: осадки ниже нормы и жара,0.3,Угнетение биомассы: NDVI 0.18 против нормы 0.31 (z=-1.5) в течение 26 дн.; засуха: осадки ниже нормы и жара
AOI-0061,2025,2025-07-15,2025-08-17,34,-1.5421155977541068,-1.2729752891464483,0.19500256169831412,0.4639497672345171,-0.268947205536203,Угнетение биомассы,озимая пшеница,,,,устойчивое угнетение без явного погодного сигнала,,Угнетение биомассы: NDVI 0.20 против нормы 0.46 (z=-1.5) в течение 34 дн.; устойчивое угнетение без явного погодного сигнала
AOI-0014,2019,2019-04-13,2019-05-19,37,-1.541655294891517,-1.312529040112271,0.27252682124403754,0.5805541696079368,-0.3080273483638993,Угнетение биомассы,озимая пшеница,42.24368106678103,69.36646880640885,0.6742156431865819,устойчивое угнетение без явного погодного сигнала,0.61,Угнетение биомассы: NDVI 0.27 против нормы 0.58 (z=-1.5) в течение 37 дн.; устойчивое угнетение без явного погодного сигнала
AOI-0066,2018,2018-04-24,2018-05-19,26,-1.5406547469428142,-1.3160120924589562,0.3122184914700321,0.6450565416792049,-0.3328380502091728,Угнетение биомассы,озимая пшеница,35.00638753879629,85.37967807242597,1.6891363997250093,дефицит осадков,0.41,Угнетение биомассы: NDVI 0.31 против нормы 0.65 (z=-1.5) в течение 26 дн.; дефицит осадков
AOI-0047,2024,2024-05-01,2024-06-18,49,-1.537527880525298,-1.3313366869550747,0.25325316265690534,0.598871635923105,-0.34561847326619966,Угнетение биомассы,зерновые,10.682980822171697,62.11171211910577,0.9513215072923417,дефицит осадков,0.17,Угнетение биомассы: NDVI 0.25 против нормы 0.60 (z=-1.5) в течение 49 дн.; дефицит осадков
AOI-0026,2010,2010-04-15,2010-05-08,24,-1.5372094326956933,-1.326036623254119,0.254279526330112,0.6041629103022972,-0.34988338397218516,Угнетение биомассы,озимая пшеница,65.44208657460719,70.73291005552561,-0.23766624685346102,устойчивое угнетение без явного погодного сигнала,0.93,Угнетение биомассы: NDVI 0.25 против нормы 0.60 (z=-1.5) в течение 24 дн.; устойчивое угнетение без явного погодного сигнала
AOI-0074,2020,2020-10-05,2020-10-17,13,-1.535729884249004,-1.3221562868412242,0.15976898177355875,0.2409065245846335,-0.08113754281107474,Угнетение биомассы,озимая пшеница,10.862164282734728,57.92659730367299,3.5504014646854642,засуха: осадки ниже нормы и жара,0.19,Угнетение биомассы: NDVI 0.16 против нормы 0.24 (z=-1.5) в течение 13 дн.; засуха: осадки ниже нормы и жара
AOI-0021,2013,2013-06-14,2013-07-03,20,-1.5352522297431628,-1.336253616668445,0.3257571744688662,0.5353000881201476,-0.20954291365128141,Угнетение биомассы,подсолнечник,51.265900211677014,59.468325265551584,0.6675455966736885,"краткое отклонение, погодой не объясняется (вероятно агрооперация или ошибка данных)",0.86,"Угнетение биомассы: NDVI 0.33 против нормы 0.54 (z=-1.5) в течение 20 дн.; краткое отклонение, погодой не объясняется (вероятно агрооперация или ошибка данных)"
AOI-0049,2019,2019-05-12,2019-05-23,12,-1.5333809856493261,-1.3468475552786643,0.3375950259201008,0.6459491523471877,-0.3083541264270869,Угнетение биомассы,озимая пшеница,54.955170404041326,84.66902913411332,2.262804948949492,температурный стресс,0.65,Угнетение биомассы: NDVI 0.34 против нормы 0.65 (z=-1.5) в течение 12 дн.; температурный стресс
AOI-0049,2017,2017-04-01,2017-05-05,35,-1.5310361260333063,-1.1287392273245778,0.23165403494583947,0.4874480887633936,-0.25579405381755416,Угнетение биомассы,озимая пшеница,82.88771969545306,63.82101344835561,-1.068411138077727,устойчивое угнетение без явного погодного сигнала,1.3,Угнетение биомассы: NDVI 0.23 против нормы 0.49 (z=-1.5) в течение 35 дн.; устойчивое угнетение без явного погодного сигнала
AOI-0022,2018,2018-04-24,2018-05-24,31,-1.5301183592013607,-1.325292222916289,0.3186910746305381,0.639464085713759,-0.3207730110832209,Угнетение биомассы,подсолнечник,37.748512170286666,74.81183661012605,1.5467206861462737,дефицит осадков,0.5,Угнетение биомассы: NDVI 0.32 против нормы 0.64 (z=-1.5) в течение 31 дн.; дефицит осадков
AOI-0063,2018,2018-04-25,2018-05-19,25,-1.5291966940403832,-1.2447591502300128,0.38406503882831794,0.6641255926435773,-0.28006055381525935,Угнетение биомассы,озимая пшеница,54.086022802133584,91.69651885517564,1.5985706859171387,дефицит осадков,0.59,Угнетение биомассы: NDVI 0.38 против нормы 0.66 (z=-1.5) в течение 25 дн.; дефицит осадков
AOI-0028,2011,2011-05-27,2011-06-07,12,-1.5268901827591144,-1.3146425269308646,0.38427017455450546,0.6800638277837868,-0.29579365322928136,Угнетение биомассы,озимая пшеница,61.521511688519944,78.23147602589218,-0.13711696980937038,"краткое отклонение, погодой не объясняется (вероятно агрооперация или ошибка данных)",0.79,"Угнетение биомассы: NDVI 0.38 против нормы 0.68 (z=-1.5) в течение 12 дн.; краткое отклонение, погодой не объясняется (вероятно агрооперация или ошибка данных)"
AOI-0074,2022,2022-05-29,2022-06-11,14,-1.5251120354113088,-1.3472477142079318,0.281420067148301,0.4908531631227544,-0.20943309597445342,Угнетение биомассы,озимая пшеница,88.06869876540244,67.85971807024566,-1.0503073701204233,"краткое отклонение, погодой не объясняется (вероятно агрооперация или ошибка данных)",1.3,"Угнетение биомассы: NDVI 0.28 против нормы 0.49 (z=-1.5) в течение 14 дн.; краткое отклонение, погодой не объясняется (вероятно агрооперация или ошибка данных)"
AOI-0041,2024,2024-07-02,2024-10-30,121,-1.5246052690738139,-1.2203441889750584,0.23032917808687808,0.3255982155797713,-0.09526903749289323,Угнетение биомассы,зерновые,,,,устойчивое угнетение без явного погодного сигнала,,Угнетение биомассы: NDVI 0.23 против нормы 0.33 (z=-1.5) в течение 121 дн.; устойчивое угнетение без явного погодного сигнала
AOI-0068,2024,2024-09-24,2024-10-30,37,-1.5239111202954427,-1.3410590978016272,0.15506791628364497,0.2824758133776419,-0.1274078970939969,Угнетение биомассы,зерновые,14.230893630199077,41.853041020233974,1.2411444727645737,дефицит осадков,0.34,Угнетение биомассы: NDVI 0.16 против нормы 0.28 (z=-1.5) в течение 37 дн.; дефицит осадков
AOI-0059,2025,2025-06-11,2025-09-06,88,-1.523445001514205,-1.253034530565352,0.18350371634017654,0.44840128484691616,-0.2648975685067396,Угнетение биомассы,озимая пшеница,,,,устойчивое угнетение без явного погодного сигнала,,Угнетение биомассы: NDVI 0.18 против нормы 0.45 (z=-1.5) в течение 88 дн.; устойчивое угнетение без явного погодного сигнала
AOI-0015,2021,2021-04-01,2021-04-18,18,-1.5228852600710576,-1.2824947111931433,0.22124655957129635,0.4135473932639662,-0.19230083369266987,Угнетение биомассы,озимая пшеница,97.27536108803254,47.74121898526604,-1.0577793571178964,"краткое отклонение, погодой не объясняется (вероятно агрооперация или ошибка данных)",2.04,"Угнетение биомассы: NDVI 0.22 против нормы 0.41 (z=-1.5) в течение 18 дн.; краткое отклонение, погодой не объясняется (вероятно агрооперация или ошибка данных)"
AOI-0054,2011,2011-07-17,2011-08-10,25,-1.5228262685665068,-1.1967981925004185,0.6554569488018245,0.7513894793103338,-0.09593253050850936,Угнетение биомассы,озимая пшеница,37.21713198174683,36.658034812147186,0.12018859991953619,устойчивое угнетение без явного погодного сигнала,1.02,Угнетение биомассы: NDVI 0.66 против нормы 0.75 (z=-1.5) в течение 25 дн.; устойчивое угнетение без явного погодного сигнала
AOI-0064,2019,2019-06-19,2019-07-10,22,-1.5215601995303345,-1.298483200664592,0.252002386282398,0.4869992990637575,-0.23499691278135948,Угнетение биомассы,озимая пшеница,75.90318054223778,64.52953485654207,0.6236230695406575,устойчивое угнетение без явного погодного сигнала,1.18,Угнетение биомассы: NDVI 0.25 против нормы 0.49 (z=-1.5) в течение 22 дн.; устойчивое угнетение без явного погодного сигнала
AOI-0052,2024,2024-06-19,2024-08-24,67,-1.5201304742432877,-1.2449026248460777,0.18405443640985514,0.41019207953258946,-0.22613764312273432,Угнетение биомассы,озимая пшеница,34.253311373596745,43.90278872988299,1.2232170843027677,устойчивое угнетение без явного погодного сигнала,0.78,Угнетение биомассы: NDVI 0.18 против нормы 0.41 (z=-1.5) в течение 67 дн.; устойчивое угнетение без явного погодного сигнала
AOI-0067,2010,2010-06-15,2010-10-14,122,-1.5187686117466501,-1.3067532578305845,0.15779025796318086,0.3432207677267506,-0.18543050976356973,Угнетение биомассы,зерновые,28.83763063711665,37.57369279082657,1.30104334045743,устойчивое угнетение без явного погодного сигнала,0.77,Угнетение биомассы: NDVI 0.16 против нормы 0.34 (z=-1.5) в течение 122 дн.; устойчивое угнетение без явного погодного сигнала
AOI-0007,2021,2021-04-01,2021-05-24,54,-1.5176811689208387,-1.2751194404148538,0.26543001961790624,0.5043126581046535,-0.2388826384867473,Угнетение биомассы,озимая пшеница,118.72774466381736,61.63461355292713,-0.7886634335562261,устойчивое угнетение без явного погодного сигнала,1.93,Угнетение биомассы: NDVI 0.27 против нормы 0.50 (z=-1.5) в течение 54 дн.; устойчивое угнетение без явного погодного сигнала
AOI-0066,2021,2021-04-01,2021-04-22,22,-1.5125473292129545,-1.3467419017044753,0.23324297358199492,0.5481143878444227,-0.31487141426242776,Угнетение биомассы,озимая пшеница,104.74074853988841,53.066202977016225,-0.6687056325447993,устойчивое угнетение без явного погодного сигнала,1.97,Угнетение биомассы: NDVI 0.23 против нормы 0.55 (z=-1.5) в течение 22 дн.; устойчивое угнетение без явного погодного сигнала
AOI-0075,2018,2018-06-27,2018-07-24,28,-1.51152831164154,-1.3055084267013317,0.2817553310373709,0.5540703156086377,-0.27231498457126685,Угнетение биомассы,озимая пшеница,132.9570257524202,67.940047523365,0.0855682567177803,устойчивое угнетение без явного погодного сигнала,1.96,Угнетение биомассы: NDVI 0.28 против нормы 0.55 (z=-1.5) в течение 28 дн.; устойчивое угнетение без явного погодного сигнала
AOI-0048,2020,2020-09-14,2020-10-13,30,-1.5100322973573856,-1.3181723276499253,0.14013022350098694,0.24208270865148135,-0.1019524851504944,Угнетение биомассы,зерновые,18.16104034583065,46.894388991171304,2.62669332653922,засуха: осадки ниже нормы и жара,0.39,Угнетение биомассы: NDVI 0.14 против нормы 0.24 (z=-1.5) в течение 30 дн.; засуха: осадки ниже нормы и жара
AOI-0027,2024,2024-04-04,2024-07-11,99,-1.5093654949885147,-1.3477710770518003,0.3601859374206878,0.5915013278575976,-0.2313153904369098,Угнетение биомассы,озимая пшеница,,,,устойчивое угнетение без явного погодного сигнала,,Угнетение биомассы: NDVI 0.36 против нормы 0.59 (z=-1.5) в течение 99 дн.; устойчивое угнетение без явного погодного сигнала
AOI-0046,2015,2015-04-30,2015-06-06,38,-1.5082067886629724,-1.2626792369028896,0.2627896640089824,0.5840745615028972,-0.32128489749391476,Угнетение биомассы,зерновые,69.3042715801719,66.98871478260398,-0.2535028140645603,устойчивое угнетение без явного погодного сигнала,1.03,Угнетение биомассы: NDVI 0.26 против нормы 0.58 (z=-1.5) в течение 38 дн.; устойчивое угнетение без явного погодного сигнала
AOI-0005,2018,2018-05-29,2018-07-08,41,-1.507755255100529,-1.300179060827746,0.5282715836233705,0.6529893574790688,-0.12471777385569838,Угнетение биомассы,озимая пшеница,30.806286464413578,63.07186026365591,1.174809976576345,дефицит осадков,0.49,Угнетение биомассы: NDVI 0.53 против нормы 0.65 (z=-1.5) в течение 41 дн.; дефицит осадков
AOI-0031,2020,2020-09-02,2020-10-17,46,-1.5074575612178143,-1.245596000716918,0.12774370287232537,0.20891354391315198,-0.08116984104082661,Угнетение биомассы,пастбища/зерновые,3.2241260603885515,40.94423227150679,2.087260663892835,засуха: осадки ниже нормы и жара,0.08,Угнетение биомассы: NDVI 0.13 против нормы 0.21 (z=-1.5) в течение 46 дн.; засуха: осадки ниже нормы и жара
AOI-0006,2019,2019-06-20,2019-07-20,31,-1.5072581274889112,-1.2986673763603727,0.2491262758884886,0.5245044097198868,-0.2753781338313982,Угнетение биомассы,озимая пшеница,,,,устойчивое угнетение без явного погодного сигнала,,Угнетение биомассы: NDVI 0.25 против нормы 0.52 (z=-1.5) в течение 31 дн.; устойчивое угнетение без явного погодного сигнала
AOI-0033,2021,2021-04-01,2021-04-23,23,-1.5064022850387024,-1.341997709834361,0.16427524435420682,0.4253521053759207,-0.2610768610217139,Угнетение биомассы,пастбища/зерновые,78.50580700941948,40.53287689499935,-0.13699777011733244,устойчивое угнетение без явного погодного сигнала,1.94,Угнетение биомассы: NDVI 0.16 против нормы 0.43 (z=-1.5) в течение 23 дн.; устойчивое угнетение без явного погодного сигнала
AOI-0023,2019,2019-06-16,2019-07-08,23,-1.505246463150346,-1.297357022074633,0.2778726805935324,0.5744349126764494,-0.29656223208291704,Угнетение биомассы,подсолнечник,54.244212294089564,61.720763471894585,0.7536183451674847,устойчивое угнетение без явного погодного сигнала,0.88,Угнетение биомассы: NDVI 0.28 против нормы 0.57 (z=-1.5) в течение 23 дн.; устойчивое угнетение без явного погодного сигнала
AOI-0054,2013,2013-05-28,2013-06-23,27,-1.5052013266620283,-1.3634492088126455,0.7340718320721499,0.8239323609772528,-0.08986052890510288,Угнетение биомассы,озимая пшеница,63.09874805417627,73.28745642537304,1.3022737468182026,устойчивое угнетение без явного погодного сигнала,0.86,Угнетение биомассы: NDVI 0.73 против нормы 0.82 (z=-1.5) в течение 27 дн.; устойчивое угнетение без явного погодного сигнала
AOI-0019,2015,2015-05-24,2015-06-06,14,-1.5037397706885958,-1.278991249109735,0.5400168591624342,0.7125692438727499,-0.17255238471031564,Угнетение биомассы,подсолнечник,65.19561763700464,71.99067560845475,0.07079951874092925,"краткое отклонение, погодой не объясняется (вероятно агрооперация или ошибка данных)",0.91,"Угнетение биомассы: NDVI 0.54 против нормы 0.71 (z=-1.5) в течение 14 дн.; краткое отклонение, погодой не объясняется (вероятно агрооперация или ошибка данных)"
AOI-0036,2020,2020-07-05,2020-07-26,22,-1.50309500248095,-1.209427010767992,0.13677876585376436,0.2353161664475987,-0.09853740059383434,Угнетение биомассы,пастбища/зерновые,12.03209027791533,39.00171598466567,0.9604621886377532,дефицит осадков,0.31,Угнетение биомассы: NDVI 0.14 против нормы 0.24 (z=-1.5) в течение 22 дн.; дефицит осадков
AOI-0009,2020,2020-08-01,2020-08-24,24,-1.5026570771255392,-1.2119466521336515,0.1394194856714669,0.25132989247500154,-0.11191040680353465,Угнетение биомассы,озимая пшеница,12.32755431252771,32.920699103861004,-0.35558711363717715,дефицит осадков,0.37,Угнетение биомассы: NDVI 0.14 против нормы 0.25 (z=-1.5) в течение 24 дн.; дефицит осадков
AOI-0037,2013,2013-06-05,2013-06-19,15,-1.5016631392473712,-1.3311175999809464,0.35329298367845485,0.467115927589943,-0.11382294391148817,Угнетение биомассы,зерновые,45.3851094932728,37.174105018055954,0.6437908254637478,"краткое отклонение, погодой не объясняется (вероятно агрооперация или ошибка данных)",1.22,"Угнетение биомассы: NDVI 0.35 против нормы 0.47 (z=-1.5) в течение 15 дн.; краткое отклонение, погодой не объясняется (вероятно агрооперация или ошибка данных)"
AOI-0070,2020,2020-07-10,2020-07-24,15,-1.500257831565483,-1.2832407447935652,0.1395163022076147,0.24830736124737696,-0.10879105903976224,Угнетение биомассы,зерновые,19.28060432676938,40.43174599305029,0.6411265151094727,дефицит осадков,0.48,Угнетение биомассы: NDVI 0.14 против нормы 0.25 (z=-1.5) в течение 15 дн.; дефицит осадков
AOI-0021,2017,2017-04-01,2017-05-19,49,-1.4983012429920313,-1.2648926365538655,0.23436438523779957,0.49840026013197414,-0.26403587489417457,Угнетение биомассы,подсолнечник,74.94097468427078,63.121908038113204,-1.268868592728636,устойчивое угнетение без явного погодного сигнала,1.19,Угнетение биомассы: NDVI 0.23 против нормы 0.50 (z=-1.5) в течение 49 дн.; устойчивое угнетение без явного погодного сигнала
AOI-0030,2016,2016-09-15,2016-10-05,21,-1.4981194033689889,-1.2900573927584829,0.4740952877172687,0.571470830153525,-0.09737554243625623,Угнетение биомассы,озимая пшеница,53.41391709828544,42.88901278274183,-1.3687625313550802,устойчивое угнетение без явного погодного сигнала,1.25,Угнетение биомассы: NDVI 0.47 против нормы 0.57 (z=-1.5) в течение 21 дн.; устойчивое угнетение без явного погодного сигнала
AOI-0059,2022,2022-04-07,2022-05-15,39,-1.4973634679512262,-1.3710794741410528,0.36252765262801234,0.6814814992473992,-0.31895384661938686,Угнетение биомассы,озимая пшеница,,,,устойчивое угнетение без явного погодного сигнала,,Угнетение биомассы: NDVI 0.36 против нормы 0.68 (z=-1.5) в течение 39 дн.; устойчивое угнетение без явного погодного сигнала
AOI-0070,2018,2018-04-30,2018-07-19,81,-1.497311623137991,-1.244486256561652,0.21199802241444618,0.3765179127073228,-0.16451989029287664,Угнетение биомассы,зерновые,28.365025023055974,49.88702224494887,1.2220571272921725,дефицит осадков,0.57,Угнетение биомассы: NDVI 0.21 против нормы 0.38 (z=-1.5) в течение 81 дн.; дефицит осадков
AOI-0004,2025,2025-08-28,2025-09-15,19,-1.4960316592881089,-1.312295891474962,0.32752612913516616,0.4183930915216088,-0.09086696238644265,Угнетение биомассы,озимая пшеница,20.144017963412534,33.052830914095516,-0.4216965206364006,"краткое отклонение, погодой не объясняется (вероятно агрооперация или ошибка данных)",0.61,"Угнетение биомассы: NDVI 0.33 против нормы 0.42 (z=-1.5) в течение 19 дн.; краткое отклонение, погодой не объясняется (вероятно агрооперация или ошибка данных)"
AOI-0011,2014,2014-06-11,2014-06-24,14,-1.4946010189564054,-1.3130485770131306,0.35542163292036183,0.56268650056339,-0.20726486764302815,Угнетение биомассы,озимая пшеница,64.48099182038622,61.955880431952735,-0.5064506103617992,"краткое отклонение, погодой не объясняется (вероятно агрооперация или ошибка данных)",1.04,"Угнетение биомассы: NDVI 0.36 против нормы 0.56 (z=-1.5) в течение 14 дн.; краткое отклонение, погодой не объясняется (вероятно агрооперация или ошибка данных)"
AOI-0005,2020,2020-04-14,2020-05-13,30,-1.4939285277545296,-1.2423263654851695,0.42451180388731286,0.5926772419066427,-0.16816543801932987,Угнетение биомассы,озимая пшеница,61.40763399627478,71.0444664980071,-1.4619199903728137,устойчивое угнетение без явного погодного сигнала,0.86,Угнетение биомассы: NDVI 0.42 против нормы 0.59 (z=-1.5) в течение 30 дн.; устойчивое угнетение без явного погодного сигнала
AOI-0009,2012,2012-04-01,2012-04-13,13,-1.4932303913944562,-1.1551776660180924,0.2458347008431252,0.43971943496560506,-0.19388473412247986,Угнетение биомассы,озимая пшеница,41.619684352953854,40.48490884806361,2.852054830291181,температурный стресс,1.03,Угнетение биомассы: NDVI 0.25 против нормы 0.44 (z=-1.5) в течение 13 дн.; температурный стресс
AOI-0043,2025,2025-04-01,2025-06-27,88,-1.4928554385364734,-1.3009350646900417,0.20513629964308241,0.519699126475128,-0.3145628268320455,Угнетение биомассы,зерновые,47.55391287982432,56.74157369023356,-0.4054036286988829,устойчивое угнетение без явного погодного сигнала,0.84,Угнетение биомассы: NDVI 0.21 против нормы 0.52 (z=-1.5) в течение 88 дн.; устойчивое угнетение без явного погодного сигнала
AOI-0054,2020,2020-04-27,2020-05-08,12,-1.4920466511718995,-1.3255571446412249,0.6725319174469568,0.7601133571035135,-0.08758143965655663,Угнетение биомассы,озимая пшеница,58.19560188818832,77.89209408030285,-1.5141563068521968,"краткое отклонение, погодой не объясняется (вероятно агрооперация или ошибка данных)",0.75,"Угнетение биомассы: NDVI 0.67 против нормы 0.76 (z=-1.5) в течение 12 дн.; краткое отклонение, погодой не объясняется (вероятно агрооперация или ошибка данных)"
AOI-0017,2020,2020-04-02,2020-04-25,24,-1.4906974895006582,-1.323950437121744,0.31198803726132973,0.4925645600082162,-0.18057652274688646,Угнетение биомассы,озимая пшеница,,,,устойчивое угнетение без явного погодного сигнала,,Угнетение биомассы: NDVI 0.31 против нормы 0.49 (z=-1.5) в течение 24 дн.; устойчивое угнетение без явного погодного сигнала
AOI-0068,2014,2014-09-20,2014-10-30,41,-1.4892501005258276,-1.304213126268223,0.1546437344126904,0.27675595963669136,-0.12211222522400098,Угнетение биомассы,зерновые,40.58284301747332,43.1046779419911,-2.3982574076567826,устойчивое угнетение без явного погодного сигнала,0.94,Угнетение биомассы: NDVI 0.15 против нормы 0.28 (z=-1.5) в течение 41 дн.; устойчивое угнетение без явного погодного сигнала
AOI-0057,2018,2018-06-16,2018-07-12,27,-1.4886043389039287,-1.3306272370613552,0.2507307054813033,0.5254766529850359,-0.2747459475037326,Угнетение биомассы,озимая пшеница,,,,устойчивое угнетение без явного погодного сигнала,,Угнетение биомассы: NDVI 0.25 против нормы 0.53 (z=-1.5) в течение 27 дн.; устойчивое угнетение без явного погодного сигнала
AOI-0030,2014,2014-08-29,2014-09-11,14,-1.4881679936586105,-1.2812770667292903,0.5065827334562253,0.6189384215109773,-0.11235568805475205,Угнетение биомассы,озимая пшеница,26.30076023953899,31.50029991101044,-0.018028946741850658,"краткое отклонение, погодой не объясняется (вероятно агрооперация или ошибка данных)",0.83,"Угнетение биомассы: NDVI 0.51 против нормы 0.62 (z=-1.5) в течение 14 дн.; краткое отклонение, погодой не объясняется (вероятно агрооперация или ошибка данных)"
AOI-0007,2013,2013-05-10,2013-06-04,26,-1.487650989143169,-1.3364773289181378,0.3427091919027773,0.6238968626520482,-0.2811876707492709,Угнетение биомассы,озимая пшеница,28.388194917801464,71.63644441146563,2.195224617390394,засуха: осадки ниже нормы и жара,0.4,Угнетение биомассы: NDVI 0.34 против нормы 0.62 (z=-1.5) в течение 26 дн.; засуха: осадки ниже нормы и жара
AOI-0054,2012,2012-05-29,2012-06-12,15,-1.4856457644249796,-1.3191496102843934,0.7415258586987895,0.8276930856192766,-0.08616722692048706,Угнетение биомассы,озимая пшеница,81.09143884330977,77.17957426999732,0.8865180310202239,"краткое отклонение, погодой не объясняется (вероятно агрооперация или ошибка данных)",1.05,"Угнетение биомассы: NDVI 0.74 против нормы 0.83 (z=-1.5) в течение 15 дн.; краткое отклонение, погодой не объясняется (вероятно агрооперация или ошибка данных)"
AOI-0039,2012,2012-07-11,2012-09-06,58,-1.4855447462063598,-1.2644246425790195,0.34267873466542387,0.43933289249276897,-0.0966541578273451,Угнетение биомассы,зерновые,,,,устойчивое угнетение без явного погодного сигнала,,Угнетение биомассы: NDVI 0.34 против нормы 0.44 (z=-1.5) в течение 58 дн.; устойчивое угнетение без явного погодного сигнала
AOI-0038,2019,2019-06-09,2019-07-11,33,-1.4828906961214994,-1.244393387245066,0.1867742567720509,0.29886164373763713,-0.11208738696558623,Угнетение биомассы,зерновые,44.32845489157387,35.79640124299379,0.3528315220770913,устойчивое угнетение без явного погодного сигнала,1.24,Угнетение биомассы: NDVI 0.19 против нормы 0.30 (z=-1.5) в течение 33 дн.; устойчивое угнетение без явного погодного сигнала
AOI-0075,2020,2020-04-11,2020-04-20,10,-1.4820257963343926,-1.2983112387893871,0.1579031618507101,0.31375575724030547,-0.15585259538959537,Угнетение биомассы,озимая пшеница,41.474583818536814,60.12090825673598,-1.3768014334456313,"краткое отклонение, погодой не объясняется (вероятно агрооперация или ошибка данных)",0.69,"Угнетение биомассы: NDVI 0.16 против нормы 0.31 (z=-1.5) в течение 10 дн.; краткое отклонение, погодой не объясняется (вероятно агрооперация или ошибка данных)"
AOI-0058,2014,2014-06-20,2014-07-10,21,-1.4801585830672501,-1.258909579235463,0.34659920139501643,0.5587598738787121,-0.21216067248369563,Угнетение биомассы,озимая пшеница,73.57646897151851,58.819068972639265,-1.0485607596062565,устойчивое угнетение без явного погодного сигнала,1.25,Угнетение биомассы: NDVI 0.35 против нормы 0.56 (z=-1.5) в течение 21 дн.; устойчивое угнетение без явного погодного сигнала
AOI-0056,2022,2022-07-04,2022-08-05,33,-1.4794430971114758,-1.3035470527569697,0.2670738316236842,0.4445295732588858,-0.1774557416352016,Угнетение биомассы,озимая пшеница,,,,устойчивое угнетение без явного погодного сигнала,,Угнетение биомассы: NDVI 0.27 против нормы 0.44 (z=-1.5) в течение 33 дн.; устойчивое угнетение без явного погодного сигнала
AOI-0026,2016,2016-04-13,2016-06-23,72,-1.4783714171340636,-1.1846387335952149,0.3014614172284477,0.6100167057974444,-0.30855528856899667,Угнетение биомассы,озимая пшеница,123.35928807369262,73.48043275271549,-0.9405268407449916,устойчивое угнетение без явного погодного сигнала,1.68,Угнетение биомассы: NDVI 0.30 против нормы 0.61 (z=-1.5) в течение 72 дн.; устойчивое угнетение без явного погодного сигнала
AOI-0031,2011,2011-04-01,2011-05-07,37,-1.4778665905276651,-1.3106094394198653,0.2271887505802599,0.44131678006015823,-0.21412802947989834,Угнетение биомассы,пастбища/зерновые,78.85757848496101,44.83539737449091,-2.220021835327887,устойчивое угнетение без явного погодного сигнала,1.76,Угнетение биомассы: NDVI 0.23 против нормы 0.44 (z=-1.5) в течение 37 дн.; устойчивое угнетение без явного погодного сигнала
AOI-0023,2012,2012-05-13,2012-06-04,23,-1.4751889564753382,-1.2028378212781612,0.4164682044661219,0.661071853091599,-0.24460364862547707,Угнетение биомассы,подсолнечник,67.30621036942955,75.37225381698171,2.3810694256019964,температурный стресс,0.89,Угнетение биомассы: NDVI 0.42 против нормы 0.66 (z=-1.5) в течение 23 дн.; температурный стресс
AOI-0060,2016,2016-04-01,2016-05-04,34,-1.4745240395977408,-1.2792563707411493,0.2777140404994529,0.5154103904655823,-0.23769634996612943,Угнетение биомассы,озимая пшеница,67.83007574867331,65.71711823728396,0.7733748262069604,устойчивое угнетение без явного погодного сигнала,1.03,Угнетение биомассы: NDVI 0.28 против нормы 0.52 (z=-1.5) в течение 34 дн.; устойчивое угнетение без явного погодного сигнала
AOI-0063,2021,2021-08-02,2021-08-17,16,-1.4736652944768815,-1.247164706514023,0.15035434610845777,0.3256983571373748,-0.17534401102891706,Угнетение биомассы,озимая пшеница,100.13506724576703,45.95287780630344,-0.03338929773461152,"краткое отклонение, погодой не объясняется (вероятно агрооперация или ошибка данных)",2.18,"Угнетение биомассы: NDVI 0.15 против нормы 0.33 (z=-1.5) в течение 16 дн.; краткое отклонение, погодой не объясняется (вероятно агрооперация или ошибка данных)"
AOI-0054,2012,2012-06-26,2012-07-06,11,-1.4734062363176614,-1.2616463367296085,0.7119255443205222,0.7850305363783415,-0.07310499205781928,Угнетение биомассы,озимая пшеница,37.9926780779304,55.53634419558003,0.1843862255154259,"краткое отклонение, погодой не объясняется (вероятно агрооперация или ошибка данных)",0.68,"Угнетение биомассы: NDVI 0.71 против нормы 0.79 (z=-1.5) в течение 11 дн.; краткое отклонение, погодой не объясняется (вероятно агрооперация или ошибка данных)"
AOI-0015,2025,2025-06-05,2025-06-18,14,-1.4730967225741771,-1.3052931789674822,0.38873548244176026,0.6163419930819307,-0.22760651064017046,Угнетение биомассы,озимая пшеница,67.5776168460247,67.2833451752321,-1.1908376922985044,"краткое отклонение, погодой не объясняется (вероятно агрооперация или ошибка данных)",1.0,"Угнетение биомассы: NDVI 0.39 против нормы 0.62 (z=-1.5) в течение 14 дн.; краткое отклонение, погодой не объясняется (вероятно агрооперация или ошибка данных)"
AOI-0060,2010,2010-06-30,2010-09-25,88,-1.4719297844204424,-1.3025261849466014,0.24065583440726004,0.4738546023191137,-0.23319876791185365,Угнетение биомассы,озимая пшеница,27.167465824715876,42.0348207658833,1.6612190310456147,устойчивое угнетение без явного погодного сигнала,0.65,Угнетение биомассы: NDVI 0.24 против нормы 0.47 (z=-1.5) в течение 88 дн.; устойчивое угнетение без явного погодного сигнала
AOI-0031,2014,2014-04-08,2014-05-07,30,-1.4714399525051467,-1.3024695546543905,0.243549608808928,0.4650520828714017,-0.2215024740624737,Угнетение биомассы,пастбища/зерновые,27.958256550670416,48.402271880702166,0.16803429510332127,дефицит осадков,0.58,Угнетение биомассы: NDVI 0.24 против нормы 0.47 (z=-1.5) в течение 30 дн.; дефицит осадков
AOI-0062,2019,2019-04-06,2019-05-31,56,-1.4714377023135463,-1.3592214691993476,0.277577292686901,0.6180870563782783,-0.3405097636913773,Угнетение биомассы,озимая пшеница,,,,устойчивое угнетение без явного погодного сигнала,,Угнетение биомассы: NDVI 0.28 против нормы 0.62 (z=-1.5) в течение 56 дн.; устойчивое угнетение без явного погодного сигнала
AOI-0046,2020,2020-10-18,2020-10-30,13,-1.4714032541689066,-1.3099529644800032,0.13251302125991915,0.2747205515965436,-0.14220753033662448,Угнетение биомассы,зерновые,26.05630459012622,33.33590799336227,4.025186730866998,температурный стресс,0.78,Угнетение биомассы: NDVI 0.13 против нормы 0.27 (z=-1.5) в течение 13 дн.; температурный стресс
AOI-0003,2024,2024-06-09,2024-06-26,18,-1.4706852392472862,-1.2646530471022706,0.2678925141200772,0.5239849539437536,-0.25609243982367635,Угнетение биомассы,озимая пшеница,16.970449764410603,62.23414711844709,2.112699856513302,засуха: осадки ниже нормы и жара,0.27,Угнетение биомассы: NDVI 0.27 против нормы 0.52 (z=-1.5) в течение 18 дн.; засуха: осадки ниже нормы и жара
AOI-0022,2020,2020-05-09,2020-05-20,12,-1.4676863193849312,-1.2822120765223846,0.400735904435706,0.6991282188445829,-0.29839231440887687,Угнетение биомассы,подсолнечник,118.48599393682798,75.40542519515155,-1.6467685585919833,"краткое отклонение, погодой не объясняется (вероятно агрооперация или ошибка данных)",1.57,"Угнетение биомассы: NDVI 0.40 против нормы 0.70 (z=-1.5) в течение 12 дн.; краткое отклонение, погодой не объясняется (вероятно агрооперация или ошибка данных)"
AOI-0037,2014,2014-10-07,2014-10-30,24,-1.4668390228897523,-1.2777974913409051,0.18851995245127182,0.2866583573067043,-0.09813840485543249,Угнетение биомассы,зерновые,39.32403075084527,35.73036028323381,-2.922080469822953,устойчивое угнетение без явного погодного сигнала,1.1,Угнетение биомассы: NDVI 0.19 против нормы 0.29 (z=-1.5) в течение 24 дн.; устойчивое угнетение без явного погодного сигнала
AOI-0030,2014,2014-07-09,2014-07-20,12,-1.4651530636509866,-1.3446073224967696,0.6432414721101614,0.7169838613116014,-0.07374238920144005,Угнетение биомассы,озимая пшеница,46.69969857755104,46.4053338372154,-0.2874920856813817,"краткое отклонение, погодой не объясняется (вероятно агрооперация или ошибка данных)",1.01,"Угнетение биомассы: NDVI 0.64 против нормы 0.72 (z=-1.5) в течение 12 дн.; краткое отклонение, погодой не объясняется (вероятно агрооперация или ошибка данных)"
AOI-0039,2019,2019-06-19,2019-07-14,26,-1.465055989475888,-1.2243145825137889,0.39262360640104943,0.48822282552894297,-0.09559921912789354,Угнетение биомассы,зерновые,,,,устойчивое угнетение без явного погодного сигнала,,Угнетение биомассы: NDVI 0.39 против нормы 0.49 (z=-1.5) в течение 26 дн.; устойчивое угнетение без явного погодного сигнала
AOI-0030,2014,2014-09-17,2014-10-07,21,-1.46486097777881,-1.2245900482058454,0.47634362991677603,0.568162636024705,-0.09181900610792892,Угнетение биомассы,озимая пшеница,50.61781448488354,43.43421706695962,-1.6706210981755738,устойчивое угнетение без явного погодного сигнала,1.17,Угнетение биомассы: NDVI 0.48 против нормы 0.57 (z=-1.5) в течение 21 дн.; устойчивое угнетение без явного погодного сигнала
AOI-0066,2019,2019-06-16,2019-07-08,23,-1.4644716300481244,-1.2059508202357223,0.29272710928518975,0.5416835717621223,-0.2489564624769326,Угнетение биомассы,озимая пшеница,65.26841891178417,63.861908481295714,0.9850837555218035,устойчивое угнетение без явного погодного сигнала,1.02,Угнетение биомассы: NDVI 0.29 против нормы 0.54 (z=-1.5) в течение 23 дн.; устойчивое угнетение без явного погодного сигнала
AOI-0030,2020,2020-09-27,2020-10-06,10,-1.4612066950467586,-1.304903486430294,0.4641441373944226,0.5505691241990304,-0.08642498680460775,Угнетение биомассы,озимая пшеница,14.254218762049927,46.890522163780126,2.9326532227753512,засуха: осадки ниже нормы и жара,0.3,Угнетение биомассы: NDVI 0.46 против нормы 0.55 (z=-1.5) в течение 10 дн.; засуха: осадки ниже нормы и жара
AOI-0070,2020,2020-09-19,2020-10-30,42,-1.4608376107336014,-1.2584555074285821,0.14956885488339722,0.301771823593125,-0.15220296870972777,Угнетение биомассы,зерновые,14.553559339893317,42.52498722157099,2.9908234234480204,засуха: осадки ниже нормы и жара,0.34,Угнетение биомассы: NDVI 0.15 против нормы 0.30 (z=-1.5) в течение 42 дн.; засуха: осадки ниже нормы и жара
AOI-0066,2016,2016-06-10,2016-06-22,13,-1.4597166368611312,-1.2609407433935944,0.4484354581922405,0.640985620973977,-0.19255016278173653,Угнетение биомассы,озимая пшеница,126.40504655846335,70.88239753665653,-1.3367275386725075,"краткое отклонение, погодой не объясняется (вероятно агрооперация или ошибка данных)",1.78,"Угнетение биомассы: NDVI 0.45 против нормы 0.64 (z=-1.5) в течение 13 дн.; краткое отклонение, погодой не объясняется (вероятно агрооперация или ошибка данных)"
AOI-0063,2015,2015-04-24,2015-05-23,30,-1.4571450386823301,-1.3044887265522747,0.37604164520768435,0.6624079857588072,-0.28636634055112287,Угнетение биомассы,озимая пшеница,89.44462170332378,92.08272506646784,-0.4018749761067274,устойчивое угнетение без явного погодного сигнала,0.97,Угнетение биомассы: NDVI 0.38 против нормы 0.66 (z=-1.5) в течение 30 дн.; устойчивое угнетение без явного погодного сигнала
AOI-0074,2024,2024-09-16,2024-10-13,28,-1.455354027604647,-1.2775140753177978,0.16325268748811025,0.24348956754956427,-0.08023688006145402,Угнетение биомассы,озимая пшеница,18.229239740485703,55.79525802704381,3.0071683072169866,засуха: осадки ниже нормы и жара,0.33,Угнетение биомассы: NDVI 0.16 против нормы 0.24 (z=-1.5) в течение 28 дн.; засуха: осадки ниже нормы и жара
AOI-0025,2019,2019-04-01,2019-06-26,87,-1.4542910546467152,-1.2714681098881595,0.23436374335398014,0.5298922647677639,-0.2955285214137837,Угнетение биомассы,озимая пшеница,,,,устойчивое угнетение без явного погодного сигнала,,Угнетение биомассы: NDVI 0.23 против нормы 0.53 (z=-1.5) в течение 87 дн.; устойчивое угнетение без явного погодного сигнала
AOI-0070,2012,2012-07-17,2012-09-17,63,-1.453936575408736,-1.2111996756408787,0.13341407441945188,0.25033852119967287,-0.11692444678022099,Угнетение биомассы,зерновые,22.411592190941896,34.421568886223746,-0.1263087432328474,устойчивое угнетение без явного погодного сигнала,0.65,Угнетение биомассы: NDVI 0.13 против нормы 0.25 (z=-1.5) в течение 63 дн.; устойчивое угнетение без явного погодного сигнала
AOI-0015,2011,2011-04-01,2011-05-02,32,-1.4522330918050477,-1.2223077298105995,0.23835664070182255,0.44640007132185766,-0.2080434306200351,Угнетение биомассы,озимая пшеница,67.15638548558178,57.965722620055196,-2.7034421111053284,устойчивое угнетение без явного погодного сигнала,1.16,Угнетение биомассы: NDVI 0.24 против нормы 0.45 (z=-1.5) в течение 32 дн.; устойчивое угнетение без явного погодного сигнала
AOI-0020,2019,2019-09-17,2019-09-29,13,-1.448461449454871,-1.313185060854998,0.14787112079189468,0.23237642703316297,-0.08450530624126829,Угнетение биомассы,подсолнечник,42.0488358644704,43.552936589408915,-0.5741925595162377,"краткое отклонение, погодой не объясняется (вероятно агрооперация или ошибка данных)",0.97,"Угнетение биомассы: NDVI 0.15 против нормы 0.23 (z=-1.4) в течение 13 дн.; краткое отклонение, погодой не объясняется (вероятно агрооперация или ошибка данных)"
AOI-0043,2021,2021-04-01,2021-04-13,13,-1.4469401578396366,-1.2719185060502203,0.1731873182687609,0.49179638444043433,-0.3186090661716734,Угнетение биомассы,зерновые,80.7849942005424,35.746572542425525,-0.5601785596668043,"краткое отклонение, погодой не объясняется (вероятно агрооперация или ошибка данных)",2.26,"Угнетение биомассы: NDVI 0.17 против нормы 0.49 (z=-1.4) в течение 13 дн.; краткое отклонение, погодой не объясняется (вероятно агрооперация или ошибка данных)"
AOI-0013,2011,2011-08-01,2011-08-16,16,-1.4440807232805315,-1.3047898211340363,0.3465275340181141,0.47049921364692776,-0.12397167962881367,Угнетение биомассы,озимая пшеница,,,,"краткое отклонение, погодой не объясняется (вероятно агрооперация или ошибка данных)",,"Угнетение биомассы: NDVI 0.35 против нормы 0.47 (z=-1.4) в течение 16 дн.; краткое отклонение, погодой не объясняется (вероятно агрооперация или ошибка данных)"
AOI-0030,2015,2015-09-27,2015-10-08,12,-1.4426932693969274,-1.2756111720086272,0.4596842159129175,0.5459588316627687,-0.08627461574985118,Угнетение биомассы,озимая пшеница,34.48317669920146,46.65814716531066,0.007236193902087369,"краткое отклонение, погодой не объясняется (вероятно агрооперация или ошибка данных)",0.74,"Угнетение биомассы: NDVI 0.46 против нормы 0.55 (z=-1.4) в течение 12 дн.; краткое отклонение, погодой не объясняется (вероятно агрооперация или ошибка данных)"
AOI-0054,2012,2012-09-22,2012-10-07,16,-1.442283941356837,-1.2742628156370857,0.5634202353904113,0.6689261584173984,-0.10550592302698714,Угнетение биомассы,озимая пшеница,45.11885496695811,45.21279385503372,2.0683821966584164,температурный стресс,1.0,Угнетение биомассы: NDVI 0.56 против нормы 0.67 (z=-1.4) в течение 16 дн.; температурный стресс
AOI-0070,2012,2012-09-21,2012-10-30,40,-1.4415865619348536,-1.272024872944583,0.13809945787508388,0.29539794853795637,-0.1572984906628725,Угнетение биомассы,зерновые,20.20438562195658,42.403140710096885,2.554114552748419,засуха: осадки ниже нормы и жара,0.48,Угнетение биомассы: NDVI 0.14 против нормы 0.30 (z=-1.4) в течение 40 дн.; засуха: осадки ниже нормы и жара
AOI-0053,2011,2011-05-27,2011-06-05,10,-1.4407974232496559,-1.2510474460722465,0.4173146115641232,0.5958155695136027,-0.1785009579494795,Угнетение биомассы,озимая пшеница,70.85823969898685,85.18603701122386,-0.41403753746746297,"краткое отклонение, погодой не объясняется (вероятно агрооперация или ошибка данных)",0.83,"Угнетение биомассы: NDVI 0.42 против нормы 0.60 (z=-1.4) в течение 10 дн.; краткое отклонение, погодой не объясняется (вероятно агрооперация или ошибка данных)"
AOI-0001,2018,2018-06-15,2018-07-20,36,-1.437720708020432,-1.1900105577956586,0.267319583878448,0.48456142389534407,-0.21724184001689606,Угнетение биомассы,озимая пшеница,38.172480944275534,52.617508190663926,1.2862718652428426,устойчивое угнетение без явного погодного сигнала,0.73,Угнетение биомассы: NDVI 0.27 против нормы 0.48 (z=-1.4) в течение 36 дн.; устойчивое угнетение без явного погодного сигнала
AOI-0001,2016,2016-04-01,2016-05-06,36,-1.4369907364548515,-1.249161914376945,0.2925261030970192,0.5299860167007682,-0.23745991360374896,Угнетение биомассы,озимая пшеница,66.42612878367427,60.82126374649162,0.8078053162285341,устойчивое угнетение без явного погодного сигнала,1.09,Угнетение биомассы: NDVI 0.29 против нормы 0.53 (z=-1.4) в течение 36 дн.; устойчивое угнетение без явного погодного сигнала
AOI-0001,2010,2010-08-25,2010-09-13,20,-1.4356796373874887,-1.265370137027166,0.15596577846376067,0.24969579876632547,-0.0937300203025648,Угнетение биомассы,озимая пшеница,16.5708467701819,31.239309723750797,0.867219739565803,дефицит осадков,0.53,Угнетение биомассы: NDVI 0.16 против нормы 0.25 (z=-1.4) в течение 20 дн.; дефицит осадков
AOI-0010,2020,2020-09-17,2020-10-12,26,-1.4351439719976051,-1.241796378663924,0.1646030992046336,0.24109038323919554,-0.07648728403456195,Угнетение биомассы,озимая пшеница,,,,устойчивое угнетение без явного погодного сигнала,,Угнетение биомассы: NDVI 0.16 против нормы 0.24 (z=-1.4) в течение 26 дн.; устойчивое угнетение без явного погодного сигнала
AOI-0057,2020,2020-10-07,2020-10-27,21,-1.432800901895374,-1.2144115072193726,0.1281164420664203,0.24622132253089177,-0.11810488046447146,Угнетение биомассы,озимая пшеница,,,,устойчивое угнетение без явного погодного сигнала,,Угнетение биомассы: NDVI 0.13 против нормы 0.25 (z=-1.4) в течение 21 дн.; устойчивое угнетение без явного погодного сигнала
AOI-0023,2014,2014-05-26,2014-06-05,11,-1.4308242425323756,-1.2097653311509164,0.5054124545398803,0.7200186600051016,-0.21460620546522136,Угнетение биомассы,подсолнечник,63.51783717597893,73.80710642206104,1.199917351134295,"краткое отклонение, погодой не объясняется (вероятно агрооперация или ошибка данных)",0.86,"Угнетение биомассы: NDVI 0.51 против нормы 0.72 (z=-1.4) в течение 11 дн.; краткое отклонение, погодой не объясняется (вероятно агрооперация или ошибка данных)"
AOI-0017,2010,2010-04-07,2010-04-16,10,-1.429244986689514,-1.2749658286611014,0.35134137218810296,0.5434570654945865,-0.19211569330648354,Угнетение биомассы,озимая пшеница,,,,"краткое отклонение, погодой не объясняется (вероятно агрооперация или ошибка данных)",,"Угнетение биомассы: NDVI 0.35 против нормы 0.54 (z=-1.4) в течение 10 дн.; краткое отклонение, погодой не объясняется (вероятно агрооперация или ошибка данных)"
AOI-0010,2020,2020-06-24,2020-08-08,46,-1.4286356741330175,-1.2302747804312415,0.17212434380338215,0.2741560498047739,-0.10203170600139178,Угнетение биомассы,озимая пшеница,,,,устойчивое угнетение без явного погодного сигнала,,Угнетение биомассы: NDVI 0.17 против нормы 0.27 (z=-1.4) в течение 46 дн.; устойчивое угнетение без явного погодного сигнала
AOI-0030,2021,2021-04-25,2021-05-04,10,-1.4277524680010505,-1.2839526885267023,0.4563083206849125,0.6037788962899976,-0.14747057560508509,Угнетение биомассы,озимая пшеница,113.40977661006518,75.17865487078836,-0.779767455119804,"краткое отклонение, погодой не объясняется (вероятно агрооперация или ошибка данных)",1.51,"Угнетение биомассы: NDVI 0.46 против нормы 0.60 (z=-1.4) в течение 10 дн.; краткое отклонение, погодой не объясняется (вероятно агрооперация или ошибка данных)"
AOI-0021,2010,2010-04-01,2010-05-22,52,-1.4266731720368224,-1.230175011095631,0.2343951332104684,0.49530345848375756,-0.26090832527328917,Угнетение биомассы,подсолнечник,66.95906810448797,63.791486611488466,-0.48886073010298625,устойчивое угнетение без явного погодного сигнала,1.05,Угнетение биомассы: NDVI 0.23 против нормы 0.50 (z=-1.4) в течение 52 дн.; устойчивое угнетение без явного погодного сигнала
AOI-0066,2018,2018-04-09,2018-04-21,13,-1.4238833386240766,-1.2269267600668747,0.2600509715369962,0.543484870928792,-0.28343389939179586,Угнетение биомассы,озимая пшеница,23.157463942140478,57.0545449300289,1.0641769397097267,дефицит осадков,0.41,Угнетение биомассы: NDVI 0.26 против нормы 0.54 (z=-1.4) в течение 13 дн.; дефицит осадков
AOI-0072,2022,2022-04-26,2022-06-21,57,-1.4214024633939137,-1.1869108251283536,0.19800649475095652,0.4657326219299821,-0.26772612717902555,Угнетение биомассы,зерновые,44.31375447016424,50.97805679789578,-1.2105216360708,устойчивое угнетение без явного погодного сигнала,0.87,Угнетение биомассы: NDVI 0.20 против нормы 0.47 (z=-1.4) в течение 57 дн.; устойчивое угнетение без явного погодного сигнала
AOI-0018,2025,2025-08-14,2025-09-09,27,-1.420566139698948,-1.2672439110145088,0.18596613100462478,0.40702442765682345,-0.22105829665219867,Угнетение биомассы,озимая пшеница,18.890377730306508,30.331494875531845,-0.3832528182871276,устойчивое угнетение без явного погодного сигнала,0.62,Угнетение биомассы: NDVI 0.19 против нормы 0.41 (z=-1.4) в течение 27 дн.; устойчивое угнетение без явного погодного сигнала
AOI-0026,2022,2022-04-01,2022-04-19,19,-1.4187532794478441,-1.2018504009006072,0.2114068922563354,0.4826453194856817,-0.27123842722934627,Угнетение биомассы,озимая пшеница,64.49213171693408,49.64491720181259,0.5546537420333854,"краткое отклонение, погодой не объясняется (вероятно агрооперация или ошибка данных)",1.3,"Угнетение биомассы: NDVI 0.21 против нормы 0.48 (z=-1.4) в течение 19 дн.; краткое отклонение, погодой не объясняется (вероятно агрооперация или ошибка данных)"
AOI-0029,2012,2012-04-24,2012-05-24,31,-1.418098611599887,-1.1891408416130915,0.34198540074320305,0.6395208798763194,-0.2975354791331164,Угнетение биомассы,озимая пшеница,70.01150036168917,77.66227817978759,2.8616667934174247,температурный стресс,0.9,Угнетение биомассы: NDVI 0.34 против нормы 0.64 (z=-1.4) в течение 31 дн.; температурный стресс
AOI-0024,2023,2023-05-14,2023-06-08,26,-1.4178645107011787,-1.3137793935584428,0.31757964236094416,0.6299656197720632,-0.31238597741111906,Угнетение биомассы,подсолнечник,108.6747464933062,74.3468262568675,-1.5100094248586136,устойчивое угнетение без явного погодного сигнала,1.46,Угнетение биомассы: NDVI 0.32 против нормы 0.63 (z=-1.4) в течение 26 дн.; устойчивое угнетение без явного погодного сигнала
AOI-0043,2022,2022-05-01,2022-06-24,55,-1.4177672662733225,-1.2534443106281663,0.22659299599629276,0.5297222116278623,-0.30312921563156947,Угнетение биомассы,зерновые,35.91402463837712,62.515785577652736,-0.7802406083421082,дефицит осадков,0.57,Угнетение биомассы: NDVI 0.23 против нормы 0.53 (z=-1.4) в течение 55 дн.; дефицит осадков
AOI-0044,2023,2023-04-30,2023-06-23,55,-1.416866982162943,-1.1937709140235422,0.24051680611572535,0.520836405604758,-0.2803195994890326,Угнетение биомассы,зерновые,82.08503580026644,60.51865846268326,-1.400567157861826,устойчивое угнетение без явного погодного сигнала,1.36,Угнетение биомассы: NDVI 0.24 против нормы 0.52 (z=-1.4) в течение 55 дн.; устойчивое угнетение без явного погодного сигнала
AOI-0043,2020,2020-07-10,2020-07-24,15,-1.41607301243666,-1.2416272917928226,0.1386435496867731,0.21319753073434952,-0.07455398104757643,Угнетение биомассы,зерновые,27.38030820382989,41.764027822273164,0.3760662532741504,"краткое отклонение, погодой не объясняется (вероятно агрооперация или ошибка данных)",0.66,"Угнетение биомассы: NDVI 0.14 против нормы 0.21 (z=-1.4) в течение 15 дн.; краткое отклонение, погодой не объясняется (вероятно агрооперация или ошибка данных)"
AOI-0036,2019,2019-06-10,2019-06-23,14,-1.4154340203080489,-1.275058639227899,0.20529895017326785,0.3304730109133267,-0.12517406074005885,Угнетение биомассы,пастбища/зерновые,14.450984593310066,46.00741134400713,1.9161050268131867,дефицит осадков,0.31,Угнетение биомассы: NDVI 0.21 против нормы 0.33 (z=-1.4) в течение 14 дн.; дефицит осадков
AOI-0024,2024,2024-08-19,2024-09-18,31,-1.4153936640489182,-1.195274352215067,0.15162585115478922,0.28329090981760874,-0.13166505866281952,Угнетение биомассы,подсолнечник,13.029390534566893,35.546222800387824,2.134837737343804,засуха: осадки ниже нормы и жара,0.37,Угнетение биомассы: NDVI 0.15 против нормы 0.28 (z=-1.4) в течение 31 дн.; засуха: осадки ниже нормы и жара
AOI-0038,2018,2018-06-01,2018-07-07,37,-1.4142107536153654,-1.1720231259132428,0.21723311531846679,0.3325152458600781,-0.1152821305416113,Угнетение биомассы,зерновые,28.82178193485635,36.98130942560649,0.8254644794815043,устойчивое угнетение без явного погодного сигнала,0.78,Угнетение биомассы: NDVI 0.22 против нормы 0.33 (z=-1.4) в течение 37 дн.; устойчивое угнетение без явного погодного сигнала
AOI-0067,2014,2014-07-15,2014-09-28,76,-1.4137208105412573,-1.204249654243589,0.17100509367856204,0.3406722299718314,-0.16966713629326935,Угнетение биомассы,зерновые,18.116004131387697,34.066652790159516,0.05145550771645762,дефицит осадков,0.53,Угнетение биомассы: NDVI 0.17 против нормы 0.34 (z=-1.4) в течение 76 дн.; дефицит осадков
AOI-0045,2020,2020-08-01,2020-09-11,42,-1.4131006981618899,-1.2481967271923335,0.12363335382090378,0.19942108718008802,-0.07578773335918425,Угнетение биомассы,зерновые,7.043065972834111,31.12794704930954,-0.286269561984619,дефицит осадков,0.23,Угнетение биомассы: NDVI 0.12 против нормы 0.20 (z=-1.4) в течение 42 дн.; дефицит осадков
AOI-0038,2012,2012-10-05,2012-10-30,26,-1.4122959979766,-1.291105695231655,0.15357626362250115,0.2671632202298778,-0.11358695660737667,Угнетение биомассы,зерновые,16.296191185139772,35.41100456185864,2.8429916441864145,засуха: осадки ниже нормы и жара,0.46,Угнетение биомассы: NDVI 0.15 против нормы 0.27 (z=-1.4) в течение 26 дн.; засуха: осадки ниже нормы и жара
AOI-0036,2024,2024-10-02,2024-10-30,29,-1.4115679614169483,-1.1647578520835262,0.14628432290520707,0.24942957476923436,-0.10314525186402729,Угнетение биомассы,пастбища/зерновые,17.376604540250568,36.63893691358207,0.6470308519228035,дефицит осадков,0.47,Угнетение биомассы: NDVI 0.15 против нормы 0.25 (z=-1.4) в течение 29 дн.; дефицит осадков
AOI-0076,2021,2021-04-07,2021-05-30,54,-1.4104667649746008,-1.268918618570492,0.2333874503193342,0.4433973227755384,-0.2100098724562042,Угнетение биомассы,озимая пшеница,,,,устойчивое угнетение без явного погодного сигнала,,Угнетение биомассы: NDVI 0.23 против нормы 0.44 (z=-1.4) в течение 54 дн.; устойчивое угнетение без явного погодного сигнала
AOI-0034,2022,2022-10-17,2022-10-30,14,-1.4102435657414778,-1.2498760127858957,0.15732155339717627,0.4382235981514736,-0.28090204475429736,Угнетение биомассы,пастбища/зерновые,26.823841528864886,29.873810859502253,0.10488374082556325,"краткое отклонение, погодой не объясняется (вероятно агрооперация или ошибка данных)",0.9,"Угнетение биомассы: NDVI 0.16 против нормы 0.44 (z=-1.4) в течение 14 дн.; краткое отклонение, погодой не объясняется (вероятно агрооперация или ошибка данных)"
AOI-0018,2023,2023-07-26,2023-08-27,33,-1.40918509660118,-1.2432033291699498,0.23530623428111364,0.4795141469419991,-0.24420791266088548,Угнетение биомассы,озимая пшеница,33.032224723908186,31.603336420741662,0.05916283057405593,устойчивое угнетение без явного погодного сигнала,1.05,Угнетение биомассы: NDVI 0.24 против нормы 0.48 (z=-1.4) в течение 33 дн.; устойчивое угнетение без явного погодного сигнала
AOI-0069,2025,2025-09-02,2025-09-11,10,-1.4052313069644422,-1.2701132012602585,0.12879933899137475,0.18765654710095345,-0.0588572081095787,Угнетение биомассы,зерновые,5.767073266732528,37.40923564412932,-0.5831904131977013,дефицит осадков,0.15,Угнетение биомассы: NDVI 0.13 против нормы 0.19 (z=-1.4) в течение 10 дн.; дефицит осадков
AOI-0054,2015,2015-06-20,2015-06-30,11,-1.4049058836273687,-1.2557976788104332,0.7263683927149753,0.8029965017938523,-0.07662810907887696,Угнетение биомассы,озимая пшеница,89.67659130223184,58.95736957093786,-0.6728072949237123,"краткое отклонение, погодой не объясняется (вероятно агрооперация или ошибка данных)",1.52,"Угнетение биомассы: NDVI 0.73 против нормы 0.80 (z=-1.4) в течение 11 дн.; краткое отклонение, погодой не объясняется (вероятно агрооперация или ошибка данных)"
AOI-0027,2025,2025-07-05,2025-09-14,72,-1.4048368916088179,-1.2347808575747765,0.2709658012100093,0.4677212865871809,-0.19675548537717158,Угнетение биомассы,озимая пшеница,,,,устойчивое угнетение без явного погодного сигнала,,Угнетение биомассы: NDVI 0.27 против нормы 0.47 (z=-1.4) в течение 72 дн.; устойчивое угнетение без явного погодного сигнала
AOI-0038,2010,2010-09-01,2010-10-30,60,-1.4045094003360237,-1.210236085429292,0.1582372127895951,0.2507410171724197,-0.0925038043828246,Угнетение биомассы,зерновые,37.56458478245755,36.67893995923116,-0.10043944279388774,устойчивое угнетение без явного погодного сигнала,1.02,Угнетение биомассы: NDVI 0.16 против нормы 0.25 (z=-1.4) в течение 60 дн.; устойчивое угнетение без явного погодного сигнала
AOI-0055,2014,2014-10-16,2014-10-27,12,-1.4038897044797498,-1.245679142340945,0.3326194635950434,0.4150337297386069,-0.08241426614356351,Угнетение биомассы,озимая пшеница,,,,"краткое отклонение, погодой не объясняется (вероятно агрооперация или ошибка данных)",,"Угнетение биомассы: NDVI 0.33 против нормы 0.42 (z=-1.4) в течение 12 дн.; краткое отклонение, погодой не объясняется (вероятно агрооперация или ошибка данных)"
AOI-0005,2025,2025-06-04,2025-06-14,11,-1.4034738684314585,-1.237825118497321,0.5950304421102326,0.7083328160673624,-0.11330237395712983,Угнетение биомассы,озимая пшеница,76.11791723594506,70.91950799076993,-1.0492385736173928,"краткое отклонение, погодой не объясняется (вероятно агрооперация или ошибка данных)",1.07,"Угнетение биомассы: NDVI 0.60 против нормы 0.71 (z=-1.4) в течение 11 дн.; краткое отклонение, погодой не объясняется (вероятно агрооперация или ошибка данных)"
AOI-0061,2010,2010-04-07,2010-04-24,18,-1.4033486160385624,-1.261860571780316,0.3405128582241672,0.6066042855453885,-0.26609142732122126,Угнетение биомассы,озимая пшеница,,,,"краткое отклонение, погодой не объясняется (вероятно агрооперация или ошибка данных)",,"Угнетение биомассы: NDVI 0.34 против нормы 0.61 (z=-1.4) в течение 18 дн.; краткое отклонение, погодой не объясняется (вероятно агрооперация или ошибка данных)"
AOI-0067,2025,2025-06-02,2025-06-18,17,-1.4026542840673148,-1.207055419404698,0.15715589299422145,0.37655665444778114,-0.2194007614535597,Угнетение биомассы,зерновые,47.060729607280734,45.41722959447981,-1.3096967975867106,"краткое отклонение, погодой не объясняется (вероятно агрооперация или ошибка данных)",1.04,"Угнетение биомассы: NDVI 0.16 против нормы 0.38 (z=-1.4) в течение 17 дн.; краткое отклонение, погодой не объясняется (вероятно агрооперация или ошибка данных)"
AOI-0034,2014,2014-10-18,2014-10-30,13,-1.4022380174442992,-1.2659517713006303,0.1575397630190656,0.44401913900633505,-0.28647937598726947,Угнетение биомассы,пастбища/зерновые,34.53552910537421,29.559086541695503,-2.611515364285722,"краткое отклонение, погодой не объясняется (вероятно агрооперация или ошибка данных)",1.17,"Угнетение биомассы: NDVI 0.16 против нормы 0.44 (z=-1.4) в течение 13 дн.; краткое отклонение, погодой не объясняется (вероятно агрооперация или ошибка данных)"
AOI-0074,2020,2020-09-16,2020-09-26,11,-1.4019273266385663,-1.245809480998975,0.17006683284882076,0.25177002543382365,-0.08170319258500289,Угнетение биомассы,озимая пшеница,3.0925691538796354,50.257714347178315,2.42679687542522,засуха: осадки ниже нормы и жара,0.06,Угнетение биомассы: NDVI 0.17 против нормы 0.25 (z=-1.4) в течение 11 дн.; засуха: осадки ниже нормы и жара
AOI-0078,2020,2020-06-27,2020-07-26,30,-1.4008962659332884,-1.2260953076703205,0.21594720330147188,0.4661261740745133,-0.2501789707730414,Угнетение биомассы,озимая пшеница,42.77997329468459,65.9081174319814,0.4671640579938829,устойчивое угнетение без явного погодного сигнала,0.65,Угнетение биомассы: NDVI 0.22 против нормы 0.47 (z=-1.4) в течение 30 дн.; устойчивое угнетение без явного погодного сигнала
AOI-0064,2020,2020-06-04,2020-06-20,17,-1.4003328362787837,-1.2435317608354552,0.45100551857226107,0.6471998416282082,-0.19619432305594714,Угнетение биомассы,озимая пшеница,100.55469727422577,76.08582838965243,-0.03828791711253513,"краткое отклонение, погодой не объясняется (вероятно агрооперация или ошибка данных)",1.32,"Угнетение биомассы: NDVI 0.45 против нормы 0.65 (z=-1.4) в течение 17 дн.; краткое отклонение, погодой не объясняется (вероятно агрооперация или ошибка данных)"
AOI-0051,2024,2024-04-04,2024-04-22,19,-1.399881354038617,-1.258142685391867,0.3407730795769324,0.5785081189313432,-0.23773503935441082,Угнетение биомассы,озимая пшеница,,,,"краткое отклонение, погодой не объясняется (вероятно агрооперация или ошибка данных)",,"Угнетение биомассы: NDVI 0.34 против нормы 0.58 (z=-1.4) в течение 19 дн.; краткое отклонение, погодой не объясняется (вероятно агрооперация или ошибка данных)"
AOI-0054,2015,2015-10-09,2015-10-22,14,-1.3982335620212003,-1.2309417093053507,0.5005888341529788,0.6213679261034837,-0.12077909195050485,Угнетение биомассы,озимая пшеница,49.253461274570256,42.7376363072221,-1.2426834154372364,"краткое отклонение, погодой не объясняется (вероятно агрооперация или ошибка данных)",1.15,"Угнетение биомассы: NDVI 0.50 против нормы 0.62 (z=-1.4) в течение 14 дн.; краткое отклонение, погодой не объясняется (вероятно агрооперация или ошибка данных)"
AOI-0044,2020,2020-04-23,2020-06-21,60,-1.3977813534288535,-1.2159931372447124,0.22553853051090852,0.5143814539798003,-0.28884292346889173,Угнетение биомассы,зерновые,78.45354343554685,60.558170440796175,-0.9141244667461693,устойчивое угнетение без явного погодного сигнала,1.3,Угнетение биомассы: NDVI 0.23 против нормы 0.51 (z=-1.4) в течение 60 дн.; устойчивое угнетение без явного погодного сигнала
AOI-0049,2012,2012-04-01,2012-04-20,20,-1.3976346873160643,-1.197117816869293,0.20007667894671402,0.4467846080223178,-0.24670792907560377,Угнетение биомассы,озимая пшеница,65.29997262774802,53.713438683471566,2.5021820261154053,температурный стресс,1.22,Угнетение биомассы: NDVI 0.20 против нормы 0.45 (z=-1.4) в течение 20 дн.; температурный стресс
AOI-0053,2012,2012-04-01,2012-04-20,20,-1.397502660861407,-1.2211948666607904,0.22677204029090112,0.4279210666492859,-0.2011490263583848,Угнетение биомассы,озимая пшеница,64.98899329120692,53.00689337102132,2.5529165024511946,температурный стресс,1.23,Угнетение биомассы: NDVI 0.23 против нормы 0.43 (z=-1.4) в течение 20 дн.; температурный стресс
AOI-0014,2011,2011-04-01,2011-05-05,35,-1.3963106530209084,-1.2167513453622523,0.22002674653268775,0.4942074295364431,-0.2741806830037553,Угнетение биомассы,озимая пшеница,61.89151760055498,57.872074270693176,-2.7572839261144027,устойчивое угнетение без явного погодного сигнала,1.07,Угнетение биомассы: NDVI 0.22 против нормы 0.49 (z=-1.4) в течение 35 дн.; устойчивое угнетение без явного погодного сигнала
AOI-0033,2023,2023-05-26,2023-06-20,26,-1.3959934213148104,-1.2092415576795394,0.20365735129470977,0.4141163293163863,-0.21045897802167654,Угнетение биомассы,пастбища/зерновые,73.00494526816377,50.78786070747548,-1.2786095161312676,устойчивое угнетение без явного погодного сигнала,1.44,Угнетение биомассы: NDVI 0.20 против нормы 0.41 (z=-1.4) в течение 26 дн.; устойчивое угнетение без явного погодного сигнала
AOI-0075,2023,2023-06-30,2023-07-11,12,-1.3942660122129513,-1.2323123099599378,0.3028117952480897,0.5639838818715183,-0.26117208662342856,Угнетение биомассы,озимая пшеница,105.61557232884054,70.6355481331731,-1.9646077761952243,"краткое отклонение, погодой не объясняется (вероятно агрооперация или ошибка данных)",1.5,"Угнетение биомассы: NDVI 0.30 против нормы 0.56 (z=-1.4) в течение 12 дн.; краткое отклонение, погодой не объясняется (вероятно агрооперация или ошибка данных)"
AOI-0031,2022,2022-08-30,2022-09-10,12,-1.3919478386856392,-1.2476635901801367,0.12608216139586004,0.19195248839384735,-0.06587032699798731,Угнетение биомассы,пастбища/зерновые,43.76139858850317,35.14689180163902,1.5116430619359609,"краткое отклонение, погодой не объясняется (вероятно агрооперация или ошибка данных)",1.25,"Угнетение биомассы: NDVI 0.13 против нормы 0.19 (z=-1.4) в течение 12 дн.; краткое отклонение, погодой не объясняется (вероятно агрооперация или ошибка данных)"
AOI-0006,2013,2013-04-07,2013-04-23,17,-1.3912525426894262,-1.2723110086641343,0.23933155064521175,0.5337312856861953,-0.2943997350409836,Угнетение биомассы,озимая пшеница,,,,"краткое отклонение, погодой не объясняется (вероятно агрооперация или ошибка данных)",,"Угнетение биомассы: NDVI 0.24 против нормы 0.53 (z=-1.4) в течение 17 дн.; краткое отклонение, погодой не объясняется (вероятно агрооперация или ошибка данных)"
AOI-0002,2013,2013-05-06,2013-05-22,17,-1.3895715945172435,-1.223877835925977,0.4733426122246063,0.6920776047883926,-0.21873499256378637,Угнетение биомассы,озимая пшеница,47.15502497427212,78.30197825339184,2.4356246406415094,температурный стресс,0.6,Угнетение биомассы: NDVI 0.47 против нормы 0.69 (z=-1.4) в течение 17 дн.; температурный стресс
AOI-0030,2010,2010-06-09,2010-06-19,11,-1.3889646056054015,-1.1874883259047067,0.6988952908336107,0.78169967441688,-0.08280438358326936,Угнетение биомассы,озимая пшеница,60.040016232140594,68.67270956291883,0.7245344944421241,"краткое отклонение, погодой не объясняется (вероятно агрооперация или ошибка данных)",0.87,"Угнетение биомассы: NDVI 0.70 против нормы 0.78 (z=-1.4) в течение 11 дн.; краткое отклонение, погодой не объясняется (вероятно агрооперация или ошибка данных)"
AOI-0036,2012,2012-08-29,2012-09-27,30,-1.387715543083396,-1.2509843113277304,0.12765379373379585,0.17995635167601792,-0.05230255794222208,Угнетение биомассы,пастбища/зерновые,19.76848275599713,40.441291396146056,0.4012960345881828,дефицит осадков,0.49,Угнетение биомассы: NDVI 0.13 против нормы 0.18 (z=-1.4) в течение 30 дн.; дефицит осадков
AOI-0071,2021,2021-06-18,2021-07-16,29,-1.3874159762397003,-1.199868900882647,0.2259257166708361,0.3796195765173119,-0.15369385984647577,Угнетение биомассы,зерновые,,,,устойчивое угнетение без явного погодного сигнала,,Угнетение биомассы: NDVI 0.23 против нормы 0.38 (z=-1.4) в течение 29 дн.; устойчивое угнетение без явного погодного сигнала
AOI-0024,2020,2020-09-15,2020-09-27,13,-1.3852263271265752,-1.2211677011898618,0.1590388896753325,0.25443492829814396,-0.09539603862281146,Угнетение биомассы,подсолнечник,9.63916196476579,44.33334712370217,2.4893448741542135,засуха: осадки ниже нормы и жара,0.22,Угнетение биомассы: NDVI 0.16 против нормы 0.25 (z=-1.4) в течение 13 дн.; засуха: осадки ниже нормы и жара
AOI-0023,2025,2025-04-01,2025-05-07,37,-1.3847883962429786,-1.2140638808097324,0.22360578506372047,0.5351025314507227,-0.31149674638700225,Угнетение биомассы,подсолнечник,53.38287121096308,59.49204756154288,-0.3158396479668203,устойчивое угнетение без явного погодного сигнала,0.9,Угнетение биомассы: NDVI 0.22 против нормы 0.54 (z=-1.4) в течение 37 дн.; устойчивое угнетение без явного погодного сигнала
AOI-0034,2016,2016-10-19,2016-10-30,12,-1.3842872716173062,-1.2196177874125929,0.16089137904721468,0.4493098527659049,-0.2884184737186902,Угнетение биомассы,пастбища/зерновые,29.78127826491347,27.490812598512047,-2.7643681776244393,"краткое отклонение, погодой не объясняется (вероятно агрооперация или ошибка данных)",1.08,"Угнетение биомассы: NDVI 0.16 против нормы 0.45 (z=-1.4) в течение 12 дн.; краткое отклонение, погодой не объясняется (вероятно агрооперация или ошибка данных)"
AOI-0030,2018,2018-10-18,2018-10-30,13,-1.3837902947541523,-1.2645801348119856,0.34806575527265515,0.4320778625639733,-0.08401210729131814,Угнетение биомассы,озимая пшеница,28.73840944121616,35.18802637464217,2.0043555305298586,температурный стресс,0.82,Угнетение биомассы: NDVI 0.35 против нормы 0.43 (z=-1.4) в течение 13 дн.; температурный стресс
AOI-0006,2022,2022-06-30,2022-08-06,38,-1.3833191416941573,-1.1632298655918174,0.21694380096739174,0.4699126113344276,-0.25296881036703583,Угнетение биомассы,озимая пшеница,,,,устойчивое угнетение без явного погодного сигнала,,Угнетение биомассы: NDVI 0.22 против нормы 0.47 (z=-1.4) в течение 38 дн.; устойчивое угнетение без явного погодного сигнала
AOI-0047,2010,2010-04-15,2010-05-24,40,-1.3826901399828821,-1.1781109790764717,0.22653590041513735,0.5558579173334792,-0.32932201691834184,Угнетение биомассы,зерновые,109.94950337891314,61.03005323716659,-0.366887267780276,устойчивое угнетение без явного погодного сигнала,1.8,Угнетение биомассы: NDVI 0.23 против нормы 0.56 (z=-1.4) в течение 40 дн.; устойчивое угнетение без явного погодного сигнала
AOI-0033,2025,2025-04-09,2025-04-28,20,-1.3817470547370851,-1.2074231876191444,0.19947195140183416,0.4535397614538438,-0.2540678100520096,Угнетение биомассы,пастбища/зерновые,51.973883594752294,47.91309124191357,0.2496196593063007,"краткое отклонение, погодой не объясняется (вероятно агрооперация или ошибка данных)",1.08,"Угнетение биомассы: NDVI 0.20 против нормы 0.45 (z=-1.4) в течение 20 дн.; краткое отклонение, погодой не объясняется (вероятно агрооперация или ошибка данных)"
AOI-0058,2025,2025-10-02,2025-10-30,29,-1.3809961121281893,-1.1365279301542222,0.1929396389347333,0.3288119526960741,-0.13587231376134082,Угнетение биомассы,озимая пшеница,53.63938366628134,40.40343397322776,-0.4525112337465877,устойчивое угнетение без явного погодного сигнала,1.33,Угнетение биомассы: NDVI 0.19 против нормы 0.33 (z=-1.4) в течение 29 дн.; устойчивое угнетение без явного погодного сигнала
AOI-0060,2022,2022-08-14,2022-09-11,29,-1.3804292856422766,-1.2149830961394672,0.2203326033702681,0.41453573152764805,-0.19420312815737995,Угнетение биомассы,озимая пшеница,51.35113742960352,36.14564806501272,0.016310536071134373,устойчивое угнетение без явного погодного сигнала,1.42,Угнетение биомассы: NDVI 0.22 против нормы 0.41 (z=-1.4) в течение 29 дн.; устойчивое угнетение без явного погодного сигнала
AOI-0029,2020,2020-04-08,2020-05-02,25,-1.375665309027574,-1.1998136193146498,0.2848545695815676,0.5694175873112092,-0.2845630177296416,Угнетение биомассы,озимая пшеница,42.245157342984065,64.17299031903997,-1.3612507093956554,устойчивое угнетение без явного погодного сигнала,0.66,Угнетение биомассы: NDVI 0.28 против нормы 0.57 (z=-1.4) в течение 25 дн.; устойчивое угнетение без явного погодного сигнала
AOI-0002,2011,2011-05-12,2011-06-02,22,-1.3754241691306233,-1.2083226802921818,0.5425075787038832,0.7270324926101938,-0.18452491390631054,Угнетение биомассы,озимая пшеница,64.91566059930805,78.61111603085808,-0.3446131919659198,устойчивое угнетение без явного погодного сигнала,0.83,Угнетение биомассы: NDVI 0.54 против нормы 0.73 (z=-1.4) в течение 22 дн.; устойчивое угнетение без явного погодного сигнала
AOI-0020,2013,2013-05-28,2013-06-06,10,-1.3752527876664138,-1.206998664033625,0.48551032499999913,0.6723885226557663,-0.1868781976557672,Угнетение биомассы,подсолнечник,53.16907283846177,70.82235139188757,1.5477428818781178,"краткое отклонение, погодой не объясняется (вероятно агрооперация или ошибка данных)",0.75,"Угнетение биомассы: NDVI 0.49 против нормы 0.67 (z=-1.4) в течение 10 дн.; краткое отклонение, погодой не объясняется (вероятно агрооперация или ошибка данных)"
AOI-0008,2013,2013-04-07,2013-04-24,18,-1.3747768295270597,-1.2171230756671756,0.31084808672386866,0.5743109201752374,-0.2634628334513688,Угнетение биомассы,озимая пшеница,,,,"краткое отклонение, погодой не объясняется (вероятно агрооперация или ошибка данных)",,"Угнетение биомассы: NDVI 0.31 против нормы 0.57 (z=-1.4) в течение 18 дн.; краткое отклонение, погодой не объясняется (вероятно агрооперация или ошибка данных)"
AOI-0048,2016,2016-04-21,2016-06-01,42,-1.3740658443730014,-1.222372521915808,0.33683628578373576,0.6052384495627846,-0.26840216377904885,Угнетение биомассы,зерновые,98.63685451566624,66.52893465280302,-1.0810873112273471,устойчивое угнетение без явного погодного сигнала,1.48,Угнетение биомассы: NDVI 0.34 против нормы 0.61 (z=-1.4) в течение 42 дн.; устойчивое угнетение без явного погодного сигнала
AOI-0059,2018,2018-04-04,2018-05-30,57,-1.3729015473262052,-1.259179104678994,0.3363942764888673,0.6605497221205403,-0.324155445631673,Угнетение биомассы,озимая пшеница,,,,устойчивое угнетение без явного погодного сигнала,,Угнетение биомассы: NDVI 0.34 против нормы 0.66 (z=-1.4) в течение 57 дн.; устойчивое угнетение без явного погодного сигнала
AOI-0066,2024,2024-06-15,2024-07-08,24,-1.3727347680703843,-1.2004790225231028,0.28530135170161036,0.5334838959131835,-0.2481825442115731,Угнетение биомассы,озимая пшеница,24.58802331773654,63.807809932963686,2.346706522041327,засуха: осадки ниже нормы и жара,0.39,Угнетение биомассы: NDVI 0.29 против нормы 0.53 (z=-1.4) в течение 24 дн.; засуха: осадки ниже нормы и жара
AOI-0001,2010,2010-06-15,2010-07-18,34,-1.3725114348740923,-1.223762164601969,0.2553044838835607,0.4817077949697867,-0.22640331108622602,Угнетение биомассы,озимая пшеница,31.285691742309275,53.51341763986479,1.7063090500093765,дефицит осадков,0.58,Угнетение биомассы: NDVI 0.26 против нормы 0.48 (z=-1.4) в течение 34 дн.; дефицит осадков
AOI-0021,2012,2012-04-01,2012-04-19,19,-1.3723702536119555,-1.219252497213127,0.202406392887558,0.42015629595037113,-0.21774990306281314,Угнетение биомассы,подсолнечник,44.54755478149321,47.69891546721094,2.922191978712124,температурный стресс,0.93,Угнетение биомассы: NDVI 0.20 против нормы 0.42 (z=-1.4) в течение 19 дн.; температурный стресс
AOI-0016,2022,2022-05-10,2022-06-04,26,-1.3711921415071253,-1.2423732616387064,0.27666659897740253,0.5274549434287266,-0.25078834445132403,Угнетение биомассы,озимая пшеница,,,,устойчивое угнетение без явного погодного сигнала,,Угнетение биомассы: NDVI 0.28 против нормы 0.53 (z=-1.4) в течение 26 дн.; устойчивое угнетение без явного погодного сигнала
AOI-0015,2012,2012-04-01,2012-04-18,18,-1.3707909645533216,-1.2167911382286944,0.2262149954225955,0.41599755930815774,-0.18978256388556225,Угнетение биомассы,озимая пшеница,55.67706035164497,48.74862364621994,2.797604868125224,температурный стресс,1.14,Угнетение биомассы: NDVI 0.23 против нормы 0.42 (z=-1.4) в течение 18 дн.; температурный стресс
AOI-0005,2025,2025-08-31,2025-09-13,14,-1.370145745610084,-1.2615345666403843,0.26725969777819675,0.359954047276066,-0.09269434949786926,Угнетение биомассы,озимая пшеница,19.229683855129004,33.065980915387634,-0.7347913997060684,дефицит осадков,0.58,Угнетение биомассы: NDVI 0.27 против нормы 0.36 (z=-1.4) в течение 14 дн.; дефицит осадков
AOI-0056,2019,2019-06-19,2019-07-12,24,-1.3698150523824328,-1.2683302727499277,0.3516368846428026,0.5304232722118734,-0.17878638756907073,Угнетение биомассы,озимая пшеница,,,,устойчивое угнетение без явного погодного сигнала,,Угнетение биомассы: NDVI 0.35 против нормы 0.53 (z=-1.4) в течение 24 дн.; устойчивое угнетение без явного погодного сигнала
AOI-0054,2015,2015-04-26,2015-05-08,13,-1.369627604647536,-1.2106996338433365,0.6628646531038742,0.7468027679721797,-0.08393811486830549,Угнетение биомассы,озимая пшеница,81.38157347974857,77.06860595216591,-1.2713998860429203,"краткое отклонение, погодой не объясняется (вероятно агрооперация или ошибка данных)",1.06,"Угнетение биомассы: NDVI 0.66 против нормы 0.75 (z=-1.4) в течение 13 дн.; краткое отклонение, погодой не объясняется (вероятно агрооперация или ошибка данных)"
AOI-0078,2024,2024-10-20,2024-10-30,11,-1.3691910490607824,-1.1365072888511982,0.17479207593604762,0.2931890566427138,-0.11839698070666616,Угнетение биомассы,озимая пшеница,27.10411527448092,39.8825738867889,1.2982862927778105,"краткое отклонение, погодой не объясняется (вероятно агрооперация или ошибка данных)",0.68,"Угнетение биомассы: NDVI 0.17 против нормы 0.29 (z=-1.4) в течение 11 дн.; краткое отклонение, погодой не объясняется (вероятно агрооперация или ошибка данных)"
AOI-0062,2025,2025-04-28,2025-05-25,28,-1.3688750737108526,-1.22033746140995,0.300804875742617,0.6086269600171401,-0.3078220842745231,Угнетение биомассы,озимая пшеница,,,,устойчивое угнетение без явного погодного сигнала,,Угнетение биомассы: NDVI 0.30 против нормы 0.61 (z=-1.4) в течение 28 дн.; устойчивое угнетение без явного погодного сигнала
AOI-0012,2024,2024-06-18,2024-07-10,23,-1.3683639914306325,-1.2392947084702002,0.17898413995387946,0.2983373706285114,-0.11935323067463194,Угнетение биомассы,озимая пшеница,,,,устойчивое угнетение без явного погодного сигнала,,Угнетение биомассы: NDVI 0.18 против нормы 0.30 (z=-1.4) в течение 23 дн.; устойчивое угнетение без явного погодного сигнала
AOI-0046,2018,2018-04-01,2018-04-14,14,-1.3682786663354696,-1.1994321709529967,0.16836688513427794,0.44792690437146715,-0.2795600192371892,Угнетение биомассы,зерновые,22.63765522069911,37.07779302467621,-0.3589454419870984,"краткое отклонение, погодой не объясняется (вероятно агрооперация или ошибка данных)",0.61,"Угнетение биомассы: NDVI 0.17 против нормы 0.45 (z=-1.4) в течение 14 дн.; краткое отклонение, погодой не объясняется (вероятно агрооперация или ошибка данных)"
AOI-0034,2024,2024-10-11,2024-10-30,20,-1.368060891082393,-1.185222779552363,0.14385862397458082,0.40299014971173663,-0.2591315257371558,Угнетение биомассы,пастбища/зерновые,18.876535762995776,31.728699688275544,0.43320983878675345,дефицит осадков,0.59,Угнетение биомассы: NDVI 0.14 против нормы 0.40 (z=-1.4) в течение 20 дн.; дефицит осадков
AOI-0060,2014,2014-06-14,2014-07-02,19,-1.3672679879462326,-1.2180504495454458,0.4485484207704237,0.6541241102186075,-0.20557568944818383,Угнетение биомассы,озимая пшеница,95.02026341036019,64.77688589058171,-1.1582921839958413,"краткое отклонение, погодой не объясняется (вероятно агрооперация или ошибка данных)",1.47,"Угнетение биомассы: NDVI 0.45 против нормы 0.65 (z=-1.4) в течение 19 дн.; краткое отклонение, погодой не объясняется (вероятно агрооперация или ошибка данных)"
AOI-0027,2017,2017-04-01,2017-04-16,16,-1.3665370359931912,-1.202305442305565,0.2736399724519841,0.5261860463927814,-0.2525460739407973,Угнетение биомассы,озимая пшеница,,,,"краткое отклонение, погодой не объясняется (вероятно агрооперация или ошибка данных)",,"Угнетение биомассы: NDVI 0.27 против нормы 0.53 (z=-1.4) в течение 16 дн.; краткое отклонение, погодой не объясняется (вероятно агрооперация или ошибка данных)"
AOI-0016,2020,2020-04-02,2020-05-10,39,-1.3660773375289978,-1.1779035056898384,0.22202073578173737,0.4407665896152105,-0.21874585383347311,Угнетение биомассы,озимая пшеница,,,,устойчивое угнетение без явного погодного сигнала,,Угнетение биомассы: NDVI 0.22 против нормы 0.44 (z=-1.4) в течение 39 дн.; устойчивое угнетение без явного погодного сигнала
AOI-0034,2012,2012-10-18,2012-10-30,13,-1.3660735364098366,-1.2255630314603296,0.15447274112003456,0.44198677257322705,-0.2875140314531925,Угнетение биомассы,пастбища/зерновые,9.516806652189741,27.988844474856503,2.984042643598853,засуха: осадки ниже нормы и жара,0.34,Угнетение биомассы: NDVI 0.15 против нормы 0.44 (z=-1.4) в течение 13 дн.; засуха: осадки ниже нормы и жара
AOI-0060,2021,2021-04-27,2021-05-06,10,-1.3654515393013291,-1.2226531024594742,0.32750216485214134,0.556852922575618,-0.22935075772347668,Угнетение биомассы,озимая пшеница,113.136460920326,82.02315972532345,-0.7436462149159435,"краткое отклонение, погодой не объясняется (вероятно агрооперация или ошибка данных)",1.38,"Угнетение биомассы: NDVI 0.33 против нормы 0.56 (z=-1.4) в течение 10 дн.; краткое отклонение, погодой не объясняется (вероятно агрооперация или ошибка данных)"
AOI-0048,2025,2025-06-11,2025-08-05,56,-1.3650832567374123,-1.1299128728129646,0.200221871534176,0.3580312011865452,-0.15780932965236918,Угнетение биомассы,зерновые,32.702630519262584,48.9974344729931,-0.17942764010711487,устойчивое угнетение без явного погодного сигнала,0.67,Угнетение биомассы: NDVI 0.20 против нормы 0.36 (z=-1.4) в течение 56 дн.; устойчивое угнетение без явного погодного сигнала
AOI-0020,2024,2024-06-13,2024-08-26,75,-1.3650521961606321,-1.1506737805010419,0.22355650166438001,0.40945373080154157,-0.18589722913716156,Угнетение биомассы,подсолнечник,19.629932814085006,46.09673852192451,1.3180947431975776,дефицит осадков,0.43,Угнетение биомассы: NDVI 0.22 против нормы 0.41 (z=-1.4) в течение 75 дн.; дефицит осадков
AOI-0012,2019,2019-06-17,2019-07-02,16,-1.3649848667349802,-1.2060818612051194,0.21156432122609659,0.33533234088076125,-0.12376801965466466,Угнетение биомассы,озимая пшеница,,,,"краткое отклонение, погодой не объясняется (вероятно агрооперация или ошибка данных)",,"Угнетение биомассы: NDVI 0.21 против нормы 0.34 (z=-1.4) в течение 16 дн.; краткое отклонение, погодой не объясняется (вероятно агрооперация или ошибка данных)"
AOI-0069,2019,2019-04-26,2019-05-22,27,-1.3639858993134042,-1.1698805469804052,0.2137963881032217,0.497598468963422,-0.2838020808602003,Угнетение биомассы,зерновые,56.377839567489175,56.18760010640405,0.5544406577006511,устойчивое угнетение без явного погодного сигнала,1.0,Угнетение биомассы: NDVI 0.21 против нормы 0.50 (z=-1.4) в течение 27 дн.; устойчивое угнетение без явного погодного сигнала
AOI-0058,2015,2015-04-10,2015-04-21,12,-1.3629733277817087,-1.2077134448268454,0.32068181130222506,0.5579249088473079,-0.23724309754508288,Угнетение биомассы,озимая пшеница,96.21087860455903,57.18915907161204,-1.9374004450557571,"краткое отклонение, погодой не объясняется (вероятно агрооперация или ошибка данных)",1.68,"Угнетение биомассы: NDVI 0.32 против нормы 0.56 (z=-1.4) в течение 12 дн.; краткое отклонение, погодой не объясняется (вероятно агрооперация или ошибка данных)"
AOI-0044,2020,2020-07-30,2020-08-08,10,-1.3607739284135592,-1.1977815816562885,0.13039035081632167,0.22323946312762316,-0.0928491123113015,Угнетение биомассы,зерновые,14.308258990219258,30.83742994601664,-1.2259790217738995,дефицит осадков,0.46,Угнетение биомассы: NDVI 0.13 против нормы 0.22 (z=-1.4) в течение 10 дн.; дефицит осадков
AOI-0060,2011,2011-06-28,2011-08-08,42,-1.3604810007298551,-1.268727374672206,0.30590116077764506,0.5692629551528987,-0.26336179437525364,Угнетение биомассы,озимая пшеница,62.37566467560226,47.011249997854925,-0.13256588951365902,устойчивое угнетение без явного погодного сигнала,1.33,Угнетение биомассы: NDVI 0.31 против нормы 0.57 (z=-1.4) в течение 42 дн.; устойчивое угнетение без явного погодного сигнала
AOI-0054,2010,2010-06-14,2010-07-04,21,-1.360350462080381,-1.1660132898312354,0.7289387032165403,0.8023187445779454,-0.07338004136140508,Угнетение биомассы,озимая пшеница,40.79413888849935,60.7373741669681,1.4330424069559855,устойчивое угнетение без явного погодного сигнала,0.67,Угнетение биомассы: NDVI 0.73 против нормы 0.80 (z=-1.4) в течение 21 дн.; устойчивое угнетение без явного погодного сигнала
AOI-0064,2015,2015-04-11,2015-04-22,12,-1.358896519931269,-1.2299159746834014,0.3031128938462609,0.5191188708092079,-0.21600597696294704,Угнетение биомассы,озимая пшеница,97.06806808483039,61.013127701869934,-1.5731337878881835,"краткое отклонение, погодой не объясняется (вероятно агрооперация или ошибка данных)",1.59,"Угнетение биомассы: NDVI 0.30 против нормы 0.52 (z=-1.4) в течение 12 дн.; краткое отклонение, погодой не объясняется (вероятно агрооперация или ошибка данных)"
AOI-0023,2024,2024-06-17,2024-07-18,32,-1.3581652488362805,-1.2246115587017425,0.22634252376937472,0.5171931054202277,-0.290850581650853,Угнетение биомассы,подсолнечник,21.963540235571234,59.6993557822175,2.0528845243108913,засуха: осадки ниже нормы и жара,0.37,Угнетение биомассы: NDVI 0.23 против нормы 0.52 (z=-1.4) в течение 32 дн.; засуха: осадки ниже нормы и жара
AOI-0043,2022,2022-04-01,2022-04-12,12,-1.358088965574004,-1.218557036244362,0.18959375242688012,0.4978401756777267,-0.3082464232508466,Угнетение биомассы,зерновые,41.18916516987614,35.62193239321635,1.2849370450502011,"краткое отклонение, погодой не объясняется (вероятно агрооперация или ошибка данных)",1.16,"Угнетение биомассы: NDVI 0.19 против нормы 0.50 (z=-1.4) в течение 12 дн.; краткое отклонение, погодой не объясняется (вероятно агрооперация или ошибка данных)"
AOI-0056,2020,2020-10-12,2020-10-27,16,-1.3575889863527604,-1.1714057814168928,0.1543799492304648,0.25849202115150555,-0.10411207192104074,Угнетение биомассы,озимая пшеница,,,,"краткое отклонение, погодой не объясняется (вероятно агрооперация или ошибка данных)",,"Угнетение биомассы: NDVI 0.15 против нормы 0.26 (z=-1.4) в течение 16 дн.; краткое отклонение, погодой не объясняется (вероятно агрооперация или ошибка данных)"
AOI-0046,2022,2022-04-01,2022-04-10,10,-1.357308890676059,-1.2237499784832004,0.18825604333097817,0.4690421363142905,-0.2807860929833123,Угнетение биомассы,зерновые,43.703193010498964,35.759428318703385,1.244357346787469,"краткое отклонение, погодой не объясняется (вероятно агрооперация или ошибка данных)",1.22,"Угнетение биомассы: NDVI 0.19 против нормы 0.47 (z=-1.4) в течение 10 дн.; краткое отклонение, погодой не объясняется (вероятно агрооперация или ошибка данных)"
AOI-0075,2021,2021-09-22,2021-10-11,20,-1.3564038736095347,-1.1447552073050542,0.17179650965188709,0.3073295890043847,-0.1355330793524976,Угнетение биомассы,озимая пшеница,47.8659338794321,56.90922501582553,-1.8115697633660601,"краткое отклонение, погодой не объясняется (вероятно агрооперация или ошибка данных)",0.84,"Угнетение биомассы: NDVI 0.17 против нормы 0.31 (z=-1.4) в течение 20 дн.; краткое отклонение, погодой не объясняется (вероятно агрооперация или ошибка данных)"
AOI-0043,2012,2012-04-24,2012-06-21,59,-1.3563183899791162,-1.1948244307483158,0.21024256973819436,0.512479522025202,-0.30223695228700764,Угнетение биомассы,зерновые,44.83635256160577,62.83950992388722,2.587380482117893,температурный стресс,0.71,Угнетение биомассы: NDVI 0.21 против нормы 0.51 (z=-1.4) в течение 59 дн.; температурный стресс
AOI-0048,2020,2020-07-27,2020-08-24,29,-1.355423226763814,-1.1640876833556144,0.14284872589808578,0.27374675527713627,-0.13089802937905048,Угнетение биомассы,зерновые,14.498724106194945,31.702346316289155,-0.8058796994017964,дефицит осадков,0.46,Угнетение биомассы: NDVI 0.14 против нормы 0.27 (z=-1.4) в течение 29 дн.; дефицит осадков
AOI-0073,2025,2025-05-13,2025-06-02,21,-1.3540278576543303,-1.2558944437818809,0.24718833451064123,0.43991150471913115,-0.19272317020848992,Угнетение биомассы,озимая пшеница,48.29576210925778,69.67494889384132,0.31360630566794834,устойчивое угнетение без явного погодного сигнала,0.69,Угнетение биомассы: NDVI 0.25 против нормы 0.44 (z=-1.4) в течение 21 дн.; устойчивое угнетение без явного погодного сигнала
AOI-0049,2020,2020-07-13,2020-08-22,41,-1.352321387745293,-1.1493564464476107,0.16253161342449765,0.3863488795088057,-0.22381726608430805,Угнетение биомассы,озимая пшеница,29.089156338763708,35.47732897793824,-0.6258351573151962,устойчивое угнетение без явного погодного сигнала,0.82,Угнетение биомассы: NDVI 0.16 против нормы 0.39 (z=-1.4) в течение 41 дн.; устойчивое угнетение без явного погодного сигнала
AOI-0020,2025,2025-04-01,2025-04-20,20,-1.3522623912044929,-1.1860211717323768,0.24778520910999421,0.408270807835294,-0.1604855987252998,Угнетение биомассы,подсолнечник,46.767647409075856,47.234803523076025,0.04408727063038213,"краткое отклонение, погодой не объясняется (вероятно агрооперация или ошибка данных)",0.99,"Угнетение биомассы: NDVI 0.25 против нормы 0.41 (z=-1.4) в течение 20 дн.; краткое отклонение, погодой не объясняется (вероятно агрооперация или ошибка данных)"
AOI-0024,2013,2013-04-29,2013-06-11,44,-1.3517254956765083,-1.2158708350040976,0.2955173040212504,0.5893141816642037,-0.29379687764295326,Угнетение биомассы,подсолнечник,39.73025853388295,74.53154019422503,1.8520831664532629,дефицит осадков,0.53,Угнетение биомассы: NDVI 0.30 против нормы 0.59 (z=-1.4) в течение 44 дн.; дефицит осадков
AOI-0070,2010,2010-04-01,2010-05-06,36,-1.350995790174837,-1.1400326704667856,0.22396219884960653,0.38270191367129885,-0.15873971482169233,Угнетение биомассы,зерновые,65.03384625844076,46.795649148125094,-1.0893134126912614,устойчивое угнетение без явного погодного сигнала,1.39,Угнетение биомассы: NDVI 0.22 против нормы 0.38 (z=-1.4) в течение 36 дн.; устойчивое угнетение без явного погодного сигнала
AOI-0037,2018,2018-06-19,2018-07-07,19,-1.350723186398346,-1.2052234673646494,0.2739236190252497,0.37849469034081007,-0.10457107131556037,Угнетение биомассы,зерновые,46.93003899061647,36.6703524639935,1.0330739223549392,"краткое отклонение, погодой не объясняется (вероятно агрооперация или ошибка данных)",1.28,"Угнетение биомассы: NDVI 0.27 против нормы 0.38 (z=-1.4) в течение 19 дн.; краткое отклонение, погодой не объясняется (вероятно агрооперация или ошибка данных)"
AOI-0033,2015,2015-04-01,2015-04-24,24,-1.350354393539236,-1.214865198286306,0.1744414556033417,0.416402216988041,-0.24196076138469927,Угнетение биомассы,пастбища/зерновые,50.813708164971764,41.236765009028765,-1.6477937873613435,устойчивое угнетение без явного погодного сигнала,1.23,Угнетение биомассы: NDVI 0.17 против нормы 0.42 (z=-1.4) в течение 24 дн.; устойчивое угнетение без явного погодного сигнала
AOI-0031,2021,2021-09-12,2021-09-23,12,-1.349190603629183,-1.2355125107536555,0.12588188202957754,0.19394191538876734,-0.06806003335918981,Угнетение биомассы,пастбища/зерновые,57.38868693902936,40.4532854732058,-2.9343303580361404,"краткое отклонение, погодой не объясняется (вероятно агрооперация или ошибка данных)",1.42,"Угнетение биомассы: NDVI 0.13 против нормы 0.19 (z=-1.3) в течение 12 дн.; краткое отклонение, погодой не объясняется (вероятно агрооперация или ошибка данных)"
AOI-0021,2020,2020-08-30,2020-09-11,13,-1.3490476364666049,-1.2180799982103436,0.17272116926292172,0.27833493424644556,-0.10561376498352384,Угнетение биомассы,подсолнечник,3.31836787912301,34.907972545999144,0.8199222578831241,дефицит осадков,0.1,Угнетение биомассы: NDVI 0.17 против нормы 0.28 (z=-1.3) в течение 13 дн.; дефицит осадков
AOI-0053,2023,2023-08-02,2023-08-27,26,-1.3483985924414703,-1.1746059608652724,0.20314695415556921,0.35193485517651435,-0.14878790102094513,Угнетение биомассы,озимая пшеница,39.53225009810538,30.38780756481689,-0.2902947681481317,устойчивое угнетение без явного погодного сигнала,1.3,Угнетение биомассы: NDVI 0.20 против нормы 0.35 (z=-1.3) в течение 26 дн.; устойчивое угнетение без явного погодного сигнала
AOI-0032,2024,2024-05-01,2024-06-18,49,-1.3472507865545356,-1.2119459972921212,0.21506622488608065,0.4722548557230307,-0.2571886308369501,Угнетение биомассы,пастбища/зерновые,18.59452269343365,53.99333145666269,0.6275049101731334,дефицит осадков,0.34,Угнетение биомассы: NDVI 0.22 против нормы 0.47 (z=-1.3) в течение 49 дн.; дефицит осадков
AOI-0071,2012,2012-08-12,2012-10-22,72,-1.3468966885225284,-1.2681029999414448,0.21012013848496122,0.35094384274506407,-0.14082370426010285,Угнетение биомассы,зерновые,,,,устойчивое угнетение без явного погодного сигнала,,Угнетение биомассы: NDVI 0.21 против нормы 0.35 (z=-1.3) в течение 72 дн.; устойчивое угнетение без явного погодного сигнала
AOI-0021,2021,2021-05-16,2021-05-30,15,-1.3466889882676611,-1.2172303661529706,0.32068900049846144,0.6095313814132197,-0.2888423809147583,Угнетение биомассы,подсолнечник,125.0975771977979,74.91905658963421,-1.129649291860279,"краткое отклонение, погодой не объясняется (вероятно агрооперация или ошибка данных)",1.67,"Угнетение биомассы: NDVI 0.32 против нормы 0.61 (z=-1.3) в течение 15 дн.; краткое отклонение, погодой не объясняется (вероятно агрооперация или ошибка данных)"
AOI-0038,2010,2010-08-14,2010-08-26,13,-1.344251018985944,-1.2239885953193814,0.15960871568090115,0.24242499700485826,-0.0828162813239571,Угнетение биомассы,зерновые,10.020158591503538,19.95726998698935,2.143094745504087,засуха: осадки ниже нормы и жара,0.5,Угнетение биомассы: NDVI 0.16 против нормы 0.24 (z=-1.3) в течение 13 дн.; засуха: осадки ниже нормы и жара
AOI-0045,2025,2025-04-26,2025-06-18,54,-1.342972868472555,-1.1744349559366005,0.1977887218834805,0.5002028125538514,-0.30241409067037084,Угнетение биомассы,зерновые,47.202250863023515,62.25114289551788,-0.5864445855582207,устойчивое угнетение без явного погодного сигнала,0.76,Угнетение биомассы: NDVI 0.20 против нормы 0.50 (z=-1.3) в течение 54 дн.; устойчивое угнетение без явного погодного сигнала
AOI-0070,2025,2025-05-16,2025-06-14,30,-1.342124732937767,-1.1954867175600232,0.24742220106897858,0.44544471074940617,-0.1980225096804276,Угнетение биомассы,зерновые,56.34658552553376,52.512114915019,-1.0012731483161121,устойчивое угнетение без явного погодного сигнала,1.07,Угнетение биомассы: NDVI 0.25 против нормы 0.45 (z=-1.3) в течение 30 дн.; устойчивое угнетение без явного погодного сигнала
AOI-0074,2010,2010-06-26,2010-07-24,29,-1.341954967062646,-1.1997377604486104,0.2918340979462439,0.5515294635769687,-0.2596953656307249,Угнетение биомассы,озимая пшеница,36.00142840523876,67.12346018985329,3.378305367945006,засуха: осадки ниже нормы и жара,0.54,Угнетение биомассы: NDVI 0.29 против нормы 0.55 (z=-1.3) в течение 29 дн.; засуха: осадки ниже нормы и жара
AOI-0006,2018,2018-04-05,2018-05-31,57,-1.3416828861891623,-1.2084812984799398,0.25496617122138054,0.5271492316925344,-0.2721830604711538,Угнетение биомассы,озимая пшеница,,,,устойчивое угнетение без явного погодного сигнала,,Угнетение биомассы: NDVI 0.25 против нормы 0.53 (z=-1.3) в течение 57 дн.; устойчивое угнетение без явного погодного сигнала
AOI-0029,2016,2016-05-08,2016-05-20,13,-1.3413469776233253,-1.2017940458022738,0.34683299639917764,0.6519678922344145,-0.3051348958352369,Угнетение биомассы,озимая пшеница,164.58917509265393,79.04868862684185,-1.5038071479190573,"краткое отклонение, погодой не объясняется (вероятно агрооперация или ошибка данных)",2.08,"Угнетение биомассы: NDVI 0.35 против нормы 0.65 (z=-1.3) в течение 13 дн.; краткое отклонение, погодой не объясняется (вероятно агрооперация или ошибка данных)"
AOI-0073,2012,2012-06-25,2012-07-23,29,-1.3411434926002122,-1.2125561175201558,0.32535250023115975,0.570874060385193,-0.2455215601540332,Угнетение биомассы,озимая пшеница,55.252149589729875,68.90045442166152,0.6713665836465579,устойчивое угнетение без явного погодного сигнала,0.8,Угнетение биомассы: NDVI 0.33 против нормы 0.57 (z=-1.3) в течение 29 дн.; устойчивое угнетение без явного погодного сигнала
AOI-0006,2024,2024-06-23,2024-07-08,16,-1.3407180772939065,-1.2192784731669728,0.2803702162530727,0.5353375042346641,-0.2549672879815914,Угнетение биомассы,озимая пшеница,,,,"краткое отклонение, погодой не объясняется (вероятно агрооперация или ошибка данных)",,"Угнетение биомассы: NDVI 0.28 против нормы 0.54 (z=-1.3) в течение 16 дн.; краткое отклонение, погодой не объясняется (вероятно агрооперация или ошибка данных)"
AOI-0059,2019,2019-06-20,2019-07-12,23,-1.3394983235911833,-1.2335396815858846,0.27808044829224227,0.539233274100047,-0.2611528258078047,Угнетение биомассы,озимая пшеница,,,,устойчивое угнетение без явного погодного сигнала,,Угнетение биомассы: NDVI 0.28 против нормы 0.54 (z=-1.3) в течение 23 дн.; устойчивое угнетение без явного погодного сигнала
AOI-0010,2025,2025-07-23,2025-08-07,16,-1.3393804792591608,-1.2013912713285748,0.15722307519197273,0.23737288092967643,-0.0801498057377037,Угнетение биомассы,озимая пшеница,,,,"краткое отклонение, погодой не объясняется (вероятно агрооперация или ошибка данных)",,"Угнетение биомассы: NDVI 0.16 против нормы 0.24 (z=-1.3) в течение 16 дн.; краткое отклонение, погодой не объясняется (вероятно агрооперация или ошибка данных)"
AOI-0063,2013,2013-04-27,2013-05-08,12,-1.3392653736581717,-1.209839282120056,0.352321770585806,0.6472000509344477,-0.29487828034864166,Угнетение биомассы,озимая пшеница,65.25376223164157,89.13267417594959,1.2837109465499976,"краткое отклонение, погодой не объясняется (вероятно агрооперация или ошибка данных)",0.73,"Угнетение биомассы: NDVI 0.35 против нормы 0.65 (z=-1.3) в течение 12 дн.; краткое отклонение, погодой не объясняется (вероятно агрооперация или ошибка данных)"
AOI-0050,2022,2022-05-30,2022-06-24,26,-1.3375260101269089,-1.1976237057509909,0.46377437500884405,0.6290762332478721,-0.16530185823902804,Угнетение биомассы,озимая пшеница,,,,устойчивое угнетение без явного погодного сигнала,,Угнетение биомассы: NDVI 0.46 против нормы 0.63 (z=-1.3) в течение 26 дн.; устойчивое угнетение без явного погодного сигнала
AOI-0006,2017,2017-04-01,2017-05-12,42,-1.3374845230484427,-1.2464353259214007,0.2138912855937254,0.4979600003604248,-0.2840687147666994,Угнетение биомассы,озимая пшеница,,,,устойчивое угнетение без явного погодного сигнала,,Угнетение биомассы: NDVI 0.21 против нормы 0.50 (z=-1.3) в течение 42 дн.; устойчивое угнетение без явного погодного сигнала
AOI-0004,2019,2019-06-24,2019-07-11,18,-1.337283101387015,-1.147919575020025,0.4889567762688528,0.6012669311783951,-0.11231015490954233,Угнетение биомассы,озимая пшеница,53.49575590543536,53.49239818814585,-0.22248231531043336,"краткое отклонение, погодой не объясняется (вероятно агрооперация или ошибка данных)",1.0,"Угнетение биомассы: NDVI 0.49 против нормы 0.60 (z=-1.3) в течение 18 дн.; краткое отклонение, погодой не объясняется (вероятно агрооперация или ошибка данных)"
AOI-0064,2025,2025-07-17,2025-08-10,25,-1.3368446962685094,-1.1606482698616651,0.17960768286514037,0.38633298135123895,-0.20672529848609858,Угнетение биомассы,озимая пшеница,13.717452552068748,46.1248129849974,1.31655395828355,дефицит осадков,0.3,Угнетение биомассы: NDVI 0.18 против нормы 0.39 (z=-1.3) в течение 25 дн.; дефицит осадков
AOI-0019,2022,2022-07-13,2022-07-27,15,-1.3365977243013465,-1.1858770130346423,0.20808037006396188,0.3765517388030985,-0.16847136873913662,Угнетение биомассы,подсолнечник,57.80718407071604,47.826584509064205,-1.4240066610969562,"краткое отклонение, погодой не объясняется (вероятно агрооперация или ошибка данных)",1.21,"Угнетение биомассы: NDVI 0.21 против нормы 0.38 (z=-1.3) в течение 15 дн.; краткое отклонение, погодой не объясняется (вероятно агрооперация или ошибка данных)"
AOI-0046,2011,2011-05-25,2011-06-07,14,-1.3360093594517735,-1.1944009339389312,0.278590503161484,0.5759593215596429,-0.29736881839815893,Угнетение биомассы,зерновые,71.05963741187286,67.77271416615247,-0.6570498727494218,"краткое отклонение, погодой не объясняется (вероятно агрооперация или ошибка данных)",1.05,"Угнетение биомассы: NDVI 0.28 против нормы 0.58 (z=-1.3) в течение 14 дн.; краткое отклонение, погодой не объясняется (вероятно агрооперация или ошибка данных)"
AOI-0036,2019,2019-07-06,2019-07-16,11,-1.3336697972810285,-1.2237433716919073,0.1390364688075245,0.23525961865921055,-0.09622314985168606,Угнетение биомассы,пастбища/зерновые,55.149682230989384,42.37630016022734,-1.301863900351654,"краткое отклонение, погодой не объясняется (вероятно агрооперация или ошибка данных)",1.3,"Угнетение биомассы: NDVI 0.14 против нормы 0.24 (z=-1.3) в течение 11 дн.; краткое отклонение, погодой не объясняется (вероятно агрооперация или ошибка данных)"
AOI-0072,2024,2024-04-14,2024-06-14,62,-1.332319110566399,-1.1818126431052196,0.19710752085854621,0.47646951228394957,-0.27936199142540336,Угнетение биомассы,зерновые,10.48043956603926,51.261726592552186,1.1390005775246406,дефицит осадков,0.2,Угнетение биомассы: NDVI 0.20 против нормы 0.48 (z=-1.3) в течение 62 дн.; дефицит осадков
AOI-0060,2017,2017-05-11,2017-05-23,13,-1.3323017309043517,-1.2047455284031288,0.34500780919622726,0.5723423428311774,-0.2273345336349501,Угнетение биомассы,озимая пшеница,106.01539908404828,84.20514631583475,-1.4316522775283964,"краткое отклонение, погодой не объясняется (вероятно агрооперация или ошибка данных)",1.26,"Угнетение биомассы: NDVI 0.35 против нормы 0.57 (z=-1.3) в течение 13 дн.; краткое отклонение, погодой не объясняется (вероятно агрооперация или ошибка данных)"
AOI-0025,2025,2025-04-01,2025-07-08,99,-1.33009870516699,-1.2026579099370103,0.24792342134377812,0.5163369488321905,-0.2684135274884124,Угнетение биомассы,озимая пшеница,,,,устойчивое угнетение без явного погодного сигнала,,Угнетение биомассы: NDVI 0.25 против нормы 0.52 (z=-1.3) в течение 99 дн.; устойчивое угнетение без явного погодного сигнала
AOI-0040,2024,2024-05-02,2024-06-05,35,-1.3292789029581211,-1.1689122767845355,0.18900681879871933,0.46784536901822055,-0.2788385502195012,Угнетение биомассы,зерновые,13.8752212424531,50.79554676590546,0.2751729032234939,дефицит осадков,0.27,Угнетение биомассы: NDVI 0.19 против нормы 0.47 (z=-1.3) в течение 35 дн.; дефицит осадков
AOI-0077,2020,2020-08-31,2020-10-26,57,-1.3286531843457523,-1.2174826221552992,0.20363174495020628,0.3869440242151986,-0.1833122792649923,Угнетение биомассы,озимая пшеница,,,,устойчивое угнетение без явного погодного сигнала,,Угнетение биомассы: NDVI 0.20 против нормы 0.39 (z=-1.3) в течение 57 дн.; устойчивое угнетение без явного погодного сигнала
AOI-0069,2012,2012-08-09,2012-09-17,40,-1.3277795481104389,-1.1842263003454931,0.12261198480389775,0.18128901745123666,-0.05867703264733891,Угнетение биомассы,зерновые,21.757957855103115,32.93816525433026,-0.3526424165383656,устойчивое угнетение без явного погодного сигнала,0.66,Угнетение биомассы: NDVI 0.12 против нормы 0.18 (z=-1.3) в течение 40 дн.; устойчивое угнетение без явного погодного сигнала
AOI-0040,2020,2020-04-17,2020-06-07,52,-1.326833897389726,-1.1632265462613245,0.17192370108075308,0.4456282181472323,-0.27370451706647925,Угнетение биомассы,зерновые,77.53615267311147,50.51554692636918,-1.562427511868655,устойчивое угнетение без явного погодного сигнала,1.53,Угнетение биомассы: NDVI 0.17 против нормы 0.45 (z=-1.3) в течение 52 дн.; устойчивое угнетение без явного погодного сигнала
AOI-0033,2013,2013-05-13,2013-06-16,35,-1.3235391160789467,-1.138828055425855,0.20893508203506528,0.44396383166811515,-0.23502874963304987,Угнетение биомассы,пастбища/зерновые,47.55187008274667,53.95890865699854,1.6336966377098803,устойчивое угнетение без явного погодного сигнала,0.88,Угнетение биомассы: NDVI 0.21 против нормы 0.44 (z=-1.3) в течение 35 дн.; устойчивое угнетение без явного погодного сигнала
AOI-0043,2012,2012-04-01,2012-04-18,18,-1.323537505068139,-1.1227231219055283,0.17427130739928076,0.4629066490501466,-0.28863534165086585,Угнетение биомассы,зерновые,19.281517614134493,39.89532293477048,3.15101639425623,засуха: осадки ниже нормы и жара,0.48,Угнетение биомассы: NDVI 0.17 против нормы 0.46 (z=-1.3) в течение 18 дн.; засуха: осадки ниже нормы и жара
AOI-0020,2020,2020-06-21,2020-07-25,35,-1.3207360243401511,-1.2184431817580281,0.2197659092708933,0.44066441940547935,-0.22089851013458606,Угнетение биомассы,подсолнечник,35.92596881977375,54.28216142882834,0.7315971572055235,устойчивое угнетение без явного погодного сигнала,0.66,Угнетение биомассы: NDVI 0.22 против нормы 0.44 (z=-1.3) в течение 35 дн.; устойчивое угнетение без явного погодного сигнала
AOI-0061,2014,2014-07-08,2014-08-01,25,-1.318139071834566,-1.2204639843035903,0.263492752375388,0.48542796941058586,-0.22193521703519786,Угнетение биомассы,озимая пшеница,,,,устойчивое угнетение без явного погодного сигнала,,Угнетение биомассы: NDVI 0.26 против нормы 0.49 (z=-1.3) в течение 25 дн.; устойчивое угнетение без явного погодного сигнала
AOI-0042,2019,2019-05-13,2019-06-25,44,-1.3160568240178385,-1.1806778054548508,0.15998016437693316,0.3792253089794444,-0.21924514460251124,Угнетение биомассы,зерновые,28.116379326737345,43.056466819808,1.4293841164791048,устойчивое угнетение без явного погодного сигнала,0.65,Угнетение биомассы: NDVI 0.16 против нормы 0.38 (z=-1.3) в течение 44 дн.; устойчивое угнетение без явного погодного сигнала
AOI-0078,2011,2011-04-26,2011-05-07,12,-1.3160306074207557,-1.1912266002137972,0.2437386147467623,0.5145941620617239,-0.27085554731496164,Угнетение биомассы,озимая пшеница,80.54819647569053,73.87197491319829,-0.9352567676409627,"краткое отклонение, погодой не объясняется (вероятно агрооперация или ошибка данных)",1.09,"Угнетение биомассы: NDVI 0.24 против нормы 0.51 (z=-1.3) в течение 12 дн.; краткое отклонение, погодой не объясняется (вероятно агрооперация или ошибка данных)"
AOI-0019,2011,2011-04-13,2011-05-01,19,-1.313867632302696,-1.2029311691042572,0.34127856805260864,0.5285207745949304,-0.18724220654232177,Угнетение биомассы,подсолнечник,80.40910591996264,64.83611957543718,-2.44660700651956,"краткое отклонение, погодой не объясняется (вероятно агрооперация или ошибка данных)",1.24,"Угнетение биомассы: NDVI 0.34 против нормы 0.53 (z=-1.3) в течение 19 дн.; краткое отклонение, погодой не объясняется (вероятно агрооперация или ошибка данных)"
AOI-0006,2011,2011-04-02,2011-05-28,57,-1.313267999254286,-1.2453511206067462,0.2701954742568749,0.5357705861948093,-0.2655751119379344,Угнетение биомассы,озимая пшеница,,,,устойчивое угнетение без явного погодного сигнала,,Угнетение биомассы: NDVI 0.27 против нормы 0.54 (z=-1.3) в течение 57 дн.; устойчивое угнетение без явного погодного сигнала
AOI-0067,2016,2016-06-16,2016-07-09,24,-1.313162064244366,-1.1486371613433806,0.20405982570234382,0.41373248226993464,-0.20967265656759082,Угнетение биомассы,зерновые,60.39482281616578,40.46697545771983,-0.36927464556385897,устойчивое угнетение без явного погодного сигнала,1.49,Угнетение биомассы: NDVI 0.20 против нормы 0.41 (z=-1.3) в течение 24 дн.; устойчивое угнетение без явного погодного сигнала
AOI-0020,2017,2017-04-01,2017-04-15,15,-1.3125412844415894,-1.2319358127307718,0.23916299656819598,0.4026376331302542,-0.1634746365620582,Угнетение биомассы,подсолнечник,48.23650139833664,43.86823526548762,-1.0351631911449302,"краткое отклонение, погодой не объясняется (вероятно агрооперация или ошибка данных)",1.1,"Угнетение биомассы: NDVI 0.24 против нормы 0.40 (z=-1.3) в течение 15 дн.; краткое отклонение, погодой не объясняется (вероятно агрооперация или ошибка данных)"
AOI-0067,2021,2021-07-18,2021-08-09,23,-1.3112507317438515,-1.1785406706515644,0.1793112424882539,0.3880803992152263,-0.2087691567269724,Угнетение биомассы,зерновые,36.752381595844206,31.430549806589482,1.850358390184843,устойчивое угнетение без явного погодного сигнала,1.17,Угнетение биомассы: NDVI 0.18 против нормы 0.39 (z=-1.3) в течение 23 дн.; устойчивое угнетение без явного погодного сигнала
AOI-0034,2025,2025-04-01,2025-05-24,54,-1.3084434870081123,-1.2050269993196023,0.1838736989462325,0.5026659039209069,-0.3187922049746744,Угнетение биомассы,пастбища/зерновые,48.117155255386415,47.35687456291977,-0.2585382454981024,устойчивое угнетение без явного погодного сигнала,1.02,Угнетение биомассы: NDVI 0.18 против нормы 0.50 (z=-1.3) в течение 54 дн.; устойчивое угнетение без явного погодного сигнала
AOI-0062,2017,2017-04-03,2017-05-05,33,-1.3080585121910526,-1.2043812106172305,0.23650401082319802,0.5630990477961564,-0.32659503697295833,Угнетение биомассы,озимая пшеница,,,,устойчивое угнетение без явного погодного сигнала,,Угнетение биомассы: NDVI 0.24 против нормы 0.56 (z=-1.3) в течение 33 дн.; устойчивое угнетение без явного погодного сигнала
AOI-0073,2022,2022-05-13,2022-05-23,11,-1.3055873377193772,-1.1967519619104465,0.24007962720978426,0.4172362176135201,-0.17715659040373583,Угнетение биомассы,озимая пшеница,42.95187380641961,69.56299985146734,-2.113005428109916,"краткое отклонение, погодой не объясняется (вероятно агрооперация или ошибка данных)",0.62,"Угнетение биомассы: NDVI 0.24 против нормы 0.42 (z=-1.3) в течение 11 дн.; краткое отклонение, погодой не объясняется (вероятно агрооперация или ошибка данных)"
AOI-0052,2022,2022-06-28,2022-08-05,39,-1.3055676281904605,-1.159643675740253,0.19960185690956886,0.4308181084146481,-0.23121625150507927,Угнетение биомассы,озимая пшеница,64.85472296365569,46.37181504781019,-1.5476979173347771,устойчивое угнетение без явного погодного сигнала,1.4,Угнетение биомассы: NDVI 0.20 против нормы 0.43 (z=-1.3) в течение 39 дн.; устойчивое угнетение без явного погодного сигнала
AOI-0064,2015,2015-04-25,2015-05-07,13,-1.3051300199081097,-1.1747926960449915,0.3266077731626535,0.5784101898812644,-0.25180241671861087,Угнетение биомассы,озимая пшеница,79.57186352189045,83.76308026723827,-0.842869634214371,"краткое отклонение, погодой не объясняется (вероятно агрооперация или ошибка данных)",0.95,"Угнетение биомассы: NDVI 0.33 против нормы 0.58 (z=-1.3) в течение 13 дн.; краткое отклонение, погодой не объясняется (вероятно агрооперация или ошибка данных)"
AOI-0029,2012,2012-04-01,2012-04-21,21,-1.304812045780888,-1.1562124238397256,0.24380063375194336,0.5115991793924255,-0.2677985456404821,Угнетение биомассы,озимая пшеница,68.34038856975933,51.982951209412356,2.599761071221503,температурный стресс,1.31,Угнетение биомассы: NDVI 0.24 против нормы 0.51 (z=-1.3) в течение 21 дн.; температурный стресс
AOI-0004,2020,2020-09-24,2020-10-14,21,-1.3038968752988553,-1.181134609382911,0.2944243447442715,0.36490765588290114,-0.07048331113862966,Угнетение биомассы,озимая пшеница,18.11288338689614,47.32836087512254,3.0817534848288837,засуха: осадки ниже нормы и жара,0.38,Угнетение биомассы: NDVI 0.29 против нормы 0.36 (z=-1.3) в течение 21 дн.; засуха: осадки ниже нормы и жара
AOI-0034,2019,2019-05-11,2019-06-07,28,-1.3018310731400569,-1.1966169700749396,0.17366377102504776,0.4623949107732375,-0.28873113974818976,Угнетение биомассы,пастбища/зерновые,32.78888408418114,52.323238861242416,1.3659754422609791,устойчивое угнетение без явного погодного сигнала,0.63,Угнетение биомассы: NDVI 0.17 против нормы 0.46 (z=-1.3) в течение 28 дн.; устойчивое угнетение без явного погодного сигнала
AOI-0072,2012,2012-07-21,2012-10-13,85,-1.3017417075350115,-1.1583801380339875,0.12672640290840173,0.2216688469919339,-0.09494244408353217,Угнетение биомассы,зерновые,20.50959571323661,37.7486836453574,0.6029705112127518,дефицит осадков,0.54,Угнетение биомассы: NDVI 0.13 против нормы 0.22 (z=-1.3) в течение 85 дн.; дефицит осадков
AOI-0005,2017,2017-04-27,2017-05-19,23,-1.3012292622587853,-1.1500267318153512,0.5205146686748465,0.6614724866858751,-0.14095781801102858,Угнетение биомассы,озимая пшеница,78.38554449287027,76.3632050234113,-1.3988012073202543,устойчивое угнетение без явного погодного сигнала,1.03,Угнетение биомассы: NDVI 0.52 против нормы 0.66 (z=-1.3) в течение 23 дн.; устойчивое угнетение без явного погодного сигнала
AOI-0062,2010,2010-07-21,2010-08-13,24,-1.3011871026078365,-1.2074853531342398,0.1931182322240123,0.4061187677345789,-0.21300053551056658,Угнетение биомассы,озимая пшеница,,,,устойчивое угнетение без явного погодного сигнала,,Угнетение биомассы: NDVI 0.19 против нормы 0.41 (z=-1.3) в течение 24 дн.; устойчивое угнетение без явного погодного сигнала
AOI-0040,2022,2022-05-10,2022-06-21,43,-1.3010109211803378,-1.1775241103286294,0.16756938541948355,0.42019962914921855,-0.25263024372973497,Угнетение биомассы,зерновые,34.59913631506743,44.826582497237034,-0.9647089969369373,устойчивое угнетение без явного погодного сигнала,0.77,Угнетение биомассы: NDVI 0.17 против нормы 0.42 (z=-1.3) в течение 43 дн.; устойчивое угнетение без явного погодного сигнала
AOI-0020,2013,2013-04-09,2013-04-22,14,-1.2997741209253146,-1.1724141094471574,0.26188127293867486,0.4226176357287234,-0.16073636279004855,Угнетение биомассы,подсолнечник,26.412139878375594,53.51553093894312,1.1128003537393234,дефицит осадков,0.49,Угнетение биомассы: NDVI 0.26 против нормы 0.42 (z=-1.3) в течение 14 дн.; дефицит осадков
AOI-0060,2017,2017-10-18,2017-10-30,13,-1.2997006666397737,-1.209792674410124,0.18878024158448364,0.31308548564418814,-0.1243052440597045,Угнетение биомассы,озимая пшеница,30.68133602971748,34.7945518732278,0.027099581894918064,"краткое отклонение, погодой не объясняется (вероятно агрооперация или ошибка данных)",0.88,"Угнетение биомассы: NDVI 0.19 против нормы 0.31 (z=-1.3) в течение 13 дн.; краткое отклонение, погодой не объясняется (вероятно агрооперация или ошибка данных)"
AOI-0043,2020,2020-10-19,2020-10-30,12,-1.2990167195213655,-1.1652338029893519,0.1377576403125165,0.37058216681249617,-0.23282452649997967,Угнетение биомассы,зерновые,23.788265098162082,32.988185985837674,3.870507942354589,температурный стресс,0.72,Угнетение биомассы: NDVI 0.14 против нормы 0.37 (z=-1.3) в течение 12 дн.; температурный стресс
AOI-0023,2016,2016-04-01,2016-04-17,17,-1.298396169334933,-1.1248456660672228,0.21932799217493792,0.48950810167515485,-0.2701801095002169,Угнетение биомассы,подсолнечник,29.967395898738026,46.76688280259613,1.3899929838910439,"краткое отклонение, погодой не объясняется (вероятно агрооперация или ошибка данных)",0.64,"Угнетение биомассы: NDVI 0.22 против нормы 0.49 (z=-1.3) в течение 17 дн.; краткое отклонение, погодой не объясняется (вероятно агрооперация или ошибка данных)"
AOI-0002,2025,2025-07-29,2025-08-09,12,-1.2973792072259205,-1.1684396274299045,0.18843495975155447,0.3887606779608876,-0.20032571820933312,Угнетение биомассы,озимая пшеница,21.208928412784545,33.33776554964036,0.6245325896591716,"краткое отклонение, погодой не объясняется (вероятно агрооперация или ошибка данных)",0.64,"Угнетение биомассы: NDVI 0.19 против нормы 0.39 (z=-1.3) в течение 12 дн.; краткое отклонение, погодой не объясняется (вероятно агрооперация или ошибка данных)"
AOI-0042,2020,2020-09-05,2020-10-20,46,-1.2960849924662046,-1.1323655551329481,0.12192361660013398,0.20064222721108288,-0.0787186106109489,Угнетение биомассы,зерновые,10.181492853577641,38.94972445445054,2.1611460654326824,засуха: осадки ниже нормы и жара,0.26,Угнетение биомассы: NDVI 0.12 против нормы 0.20 (z=-1.3) в течение 46 дн.; засуха: осадки ниже нормы и жара
AOI-0065,2021,2021-05-28,2021-06-08,12,-1.296003795338091,-1.2047051864754177,0.5525816923598786,0.7226391888094393,-0.1700574964495607,Угнетение биомассы,озимая пшеница,121.84251541544693,91.46454973703429,-0.4018735776895248,"краткое отклонение, погодой не объясняется (вероятно агрооперация или ошибка данных)",1.33,"Угнетение биомассы: NDVI 0.55 против нормы 0.72 (z=-1.3) в течение 12 дн.; краткое отклонение, погодой не объясняется (вероятно агрооперация или ошибка данных)"
AOI-0023,2018,2018-04-27,2018-05-08,12,-1.2955410219107215,-1.1783707418909874,0.24288680342564284,0.573390346660663,-0.3305035432350202,Угнетение биомассы,подсолнечник,41.72454515650603,75.48589101751959,1.837493305386272,дефицит осадков,0.55,Угнетение биомассы: NDVI 0.24 против нормы 0.57 (z=-1.3) в течение 12 дн.; дефицит осадков
AOI-0009,2020,2020-09-18,2020-10-17,30,-1.295506415785468,-1.1575039340923268,0.14332182816928024,0.22011640518502204,-0.0767945770157418,Угнетение биомассы,озимая пшеница,28.01471420166723,49.836402557329436,2.953541590985955,засуха: осадки ниже нормы и жара,0.56,Угнетение биомассы: NDVI 0.14 против нормы 0.22 (z=-1.3) в течение 30 дн.; засуха: осадки ниже нормы и жара
AOI-0072,2019,2019-04-10,2019-05-06,27,-1.2950868711453989,-1.1972260446780831,0.1764931695182801,0.4747885962264389,-0.2982954267081588,Угнетение биомассы,зерновые,74.2134406135584,48.88734275554607,-0.3993178062173563,устойчивое угнетение без явного погодного сигнала,1.52,Угнетение биомассы: NDVI 0.18 против нормы 0.47 (z=-1.3) в течение 27 дн.; устойчивое угнетение без явного погодного сигнала
AOI-0015,2024,2024-08-21,2024-10-11,52,-1.2948275184980789,-1.1568448012272368,0.1385663670555059,0.2227809951058529,-0.08421462805034699,Угнетение биомассы,озимая пшеница,11.637836876667182,39.736336391813,2.251318154486891,засуха: осадки ниже нормы и жара,0.29,Угнетение биомассы: NDVI 0.14 против нормы 0.22 (z=-1.3) в течение 52 дн.; засуха: осадки ниже нормы и жара
AOI-0018,2023,2023-06-24,2023-07-05,12,-1.2940637027066102,-1.174229358704258,0.331225797947761,0.5702950043141422,-0.23906920636638113,Угнетение биомассы,озимая пшеница,72.344303059572,54.76768161081794,-2.244698894219934,"краткое отклонение, погодой не объясняется (вероятно агрооперация или ошибка данных)",1.32,"Угнетение биомассы: NDVI 0.33 против нормы 0.57 (z=-1.3) в течение 12 дн.; краткое отклонение, погодой не объясняется (вероятно агрооперация или ошибка данных)"
AOI-0043,2016,2016-04-26,2016-06-05,41,-1.293391632668072,-1.1777275133891187,0.24030997687910627,0.5520716941617942,-0.311761717282688,Угнетение биомассы,зерновые,102.40047578826575,65.68715358744822,-1.2896217476406617,устойчивое угнетение без явного погодного сигнала,1.56,Угнетение биомассы: NDVI 0.24 против нормы 0.55 (z=-1.3) в течение 41 дн.; устойчивое угнетение без явного погодного сигнала
AOI-0066,2024,2024-07-12,2024-07-28,17,-1.2914287302959664,-1.1728375596375242,0.1621413955553868,0.4323332194747604,-0.2701918239193736,Угнетение биомассы,озимая пшеница,23.85989332428133,49.404537473728965,1.1477853541318144,дефицит осадков,0.48,Угнетение биомассы: NDVI 0.16 против нормы 0.43 (z=-1.3) в течение 17 дн.; дефицит осадков
AOI-0007,2013,2013-04-01,2013-04-21,21,-1.288542319280429,-1.1073466516591863,0.21756788040624184,0.39881104821437285,-0.18124316780813102,Угнетение биомассы,озимая пшеница,22.836086362703092,45.8642850798595,0.6698832181763322,дефицит осадков,0.5,Угнетение биомассы: NDVI 0.22 против нормы 0.40 (z=-1.3) в течение 21 дн.; дефицит осадков
AOI-0068,2012,2012-07-30,2012-08-19,21,-1.2877574952894555,-1.1958827964021914,0.13098452008344147,0.2009525861882533,-0.06996806610481182,Угнетение биомассы,зерновые,18.134080547805166,29.734590436743957,-0.18007777885868273,устойчивое угнетение без явного погодного сигнала,0.61,Угнетение биомассы: NDVI 0.13 против нормы 0.20 (z=-1.3) в течение 21 дн.; устойчивое угнетение без явного погодного сигнала
AOI-0026,2019,2019-09-18,2019-09-28,11,-1.287018225575192,-1.181654387253831,0.1358608963775312,0.2444478997129936,-0.1085870033354624,Угнетение биомассы,озимая пшеница,31.669878679330044,40.51072214467453,-0.502896976488481,"краткое отклонение, погодой не объясняется (вероятно агрооперация или ошибка данных)",0.78,"Угнетение биомассы: NDVI 0.14 против нормы 0.24 (z=-1.3) в течение 11 дн.; краткое отклонение, погодой не объясняется (вероятно агрооперация или ошибка данных)"
AOI-0034,2015,2015-04-01,2015-04-16,16,-1.2864117325809457,-1.1253881716583949,0.18733650815949937,0.4708937987637798,-0.2835572906042804,Угнетение биомассы,пастбища/зерновые,36.68181510933843,32.719486224058166,-1.5723960646160484,"краткое отклонение, погодой не объясняется (вероятно агрооперация или ошибка данных)",1.12,"Угнетение биомассы: NDVI 0.19 против нормы 0.47 (z=-1.3) в течение 16 дн.; краткое отклонение, погодой не объясняется (вероятно агрооперация или ошибка данных)"
AOI-0002,2014,2014-08-30,2014-09-26,28,-1.2848202652377438,-1.1736049957909511,0.17018116669619357,0.2759179200614126,-0.10573675336521901,Угнетение биомассы,озимая пшеница,28.92960253815234,36.18180368357498,-0.665789792727373,устойчивое угнетение без явного погодного сигнала,0.8,Угнетение биомассы: NDVI 0.17 против нормы 0.28 (z=-1.3) в течение 28 дн.; устойчивое угнетение без явного погодного сигнала
AOI-0007,2016,2016-04-01,2016-04-20,20,-1.283169499925222,-1.103710294442782,0.22146270980078347,0.40129929567100575,-0.17983658587022228,Угнетение биомассы,озимая пшеница,30.849195664751683,46.281583224014945,1.2904667966593633,"краткое отклонение, погодой не объясняется (вероятно агрооперация или ошибка данных)",0.67,"Угнетение биомассы: NDVI 0.22 против нормы 0.40 (z=-1.3) в течение 20 дн.; краткое отклонение, погодой не объясняется (вероятно агрооперация или ошибка данных)"
AOI-0034,2019,2019-04-01,2019-05-08,38,-1.2830920435931605,-1.13029160610496,0.19025172346106806,0.4896225136873066,-0.2993707902262385,Угнетение биомассы,пастбища/зерновые,57.26791080238048,44.026140917821124,-0.3501101815720002,устойчивое угнетение без явного погодного сигнала,1.3,Угнетение биомассы: NDVI 0.19 против нормы 0.49 (z=-1.3) в течение 38 дн.; устойчивое угнетение без явного погодного сигнала
AOI-0033,2015,2015-05-17,2015-06-19,34,-1.2825127888648202,-1.1390833889766865,0.20619870611858887,0.42933835233947737,-0.2231396462208885,Угнетение биомассы,пастбища/зерновые,37.53174664591713,52.66610791210082,0.39164486080854555,устойчивое угнетение без явного погодного сигнала,0.71,Угнетение биомассы: NDVI 0.21 против нормы 0.43 (z=-1.3) в течение 34 дн.; устойчивое угнетение без явного погодного сигнала
AOI-0062,2022,2022-06-30,2022-07-22,23,-1.2816674889855322,-1.1787780840835906,0.2319946583559349,0.5273801862039595,-0.29538552784802463,Угнетение биомассы,озимая пшеница,,,,устойчивое угнетение без явного погодного сигнала,,Угнетение биомассы: NDVI 0.23 против нормы 0.53 (z=-1.3) в течение 23 дн.; устойчивое угнетение без явного погодного сигнала
AOI-0019,2013,2013-05-30,2013-06-12,14,-1.2812721058647087,-1.1928801884346771,0.5267787079586744,0.6926529387129721,-0.16587423075429764,Угнетение биомассы,подсолнечник,52.0169900582404,68.16199469218245,1.2738776818757793,"краткое отклонение, погодой не объясняется (вероятно агрооперация или ошибка данных)",0.76,"Угнетение биомассы: NDVI 0.53 против нормы 0.69 (z=-1.3) в течение 14 дн.; краткое отклонение, погодой не объясняется (вероятно агрооперация или ошибка данных)"
AOI-0071,2019,2019-04-10,2019-04-26,17,-1.2812640673150968,-1.1817260904089648,0.23482900484068256,0.39712284153561633,-0.16229383669493377,Угнетение биомассы,зерновые,,,,"краткое отклонение, погодой не объясняется (вероятно агрооперация или ошибка данных)",,"Угнетение биомассы: NDVI 0.23 против нормы 0.40 (z=-1.3) в течение 17 дн.; краткое отклонение, погодой не объясняется (вероятно агрооперация или ошибка данных)"
AOI-0015,2012,2012-04-27,2012-05-22,26,-1.2808212488401762,-1.1549401604530407,0.3367386659781312,0.5694011584458593,-0.23266249246772808,Угнетение биомассы,озимая пшеница,64.6808022251794,77.41468620983544,3.223724799221495,температурный стресс,0.84,Угнетение биомассы: NDVI 0.34 против нормы 0.57 (z=-1.3) в течение 26 дн.; температурный стресс
AOI-0065,2022,2022-07-31,2022-08-20,21,-1.2804319482326847,-1.1669396136861911,0.20463970446644608,0.3916077780104706,-0.1869680735440245,Угнетение биомассы,озимая пшеница,45.155209398048086,46.0178974592756,0.23296159971588248,устойчивое угнетение без явного погодного сигнала,0.98,Угнетение биомассы: NDVI 0.20 против нормы 0.39 (z=-1.3) в течение 21 дн.; устойчивое угнетение без явного погодного сигнала
AOI-0055,2015,2015-10-05,2015-10-30,26,-1.28026825291551,-1.1630345690262802,0.32586964762229426,0.40687858398453886,-0.0810089363622446,Угнетение биомассы,озимая пшеница,,,,устойчивое угнетение без явного погодного сигнала,,Угнетение биомассы: NDVI 0.33 против нормы 0.41 (z=-1.3) в течение 26 дн.; устойчивое угнетение без явного погодного сигнала
AOI-0002,2015,2015-10-21,2015-10-30,10,-1.2797817787874848,-1.1813080835880467,0.16792810174986192,0.2701008957338735,-0.1021727939840116,Угнетение биомассы,озимая пшеница,51.02552163942882,34.08637746221889,-3.390587688064174,"краткое отклонение, погодой не объясняется (вероятно агрооперация или ошибка данных)",1.5,"Угнетение биомассы: NDVI 0.17 против нормы 0.27 (z=-1.3) в течение 10 дн.; краткое отклонение, погодой не объясняется (вероятно агрооперация или ошибка данных)"
AOI-0073,2023,2023-07-30,2023-08-17,19,-1.2791862537182834,-1.1642403674615025,0.24629903880234125,0.49167625634177375,-0.2453772175394325,Угнетение биомассы,озимая пшеница,45.251309649840465,49.83419576553276,-0.08648965681140627,"краткое отклонение, погодой не объясняется (вероятно агрооперация или ошибка данных)",0.91,"Угнетение биомассы: NDVI 0.25 против нормы 0.49 (z=-1.3) в течение 19 дн.; краткое отклонение, погодой не объясняется (вероятно агрооперация или ошибка данных)"
AOI-0036,2016,2016-04-10,2016-04-19,10,-1.2785170519056908,-1.1748376703343444,0.28369798277125235,0.4049056943434565,-0.12120771157220417,Угнетение биомассы,пастбища/зерновые,28.93769296935425,41.815936453779614,0.6839615864816958,"краткое отклонение, погодой не объясняется (вероятно агрооперация или ошибка данных)",0.69,"Угнетение биомассы: NDVI 0.28 против нормы 0.40 (z=-1.3) в течение 10 дн.; краткое отклонение, погодой не объясняется (вероятно агрооперация или ошибка данных)"
AOI-0075,2019,2019-05-16,2019-06-03,19,-1.2779172649250572,-1.1818439731171921,0.2771119494484158,0.46835447785804274,-0.19124252840962697,Угнетение биомассы,озимая пшеница,87.78390942057686,70.39804826263847,1.3703378682447287,"краткое отклонение, погодой не объясняется (вероятно агрооперация или ошибка данных)",1.25,"Угнетение биомассы: NDVI 0.28 против нормы 0.47 (z=-1.3) в течение 19 дн.; краткое отклонение, погодой не объясняется (вероятно агрооперация или ошибка данных)"
AOI-0074,2012,2012-06-26,2012-07-21,26,-1.2771582666501728,-1.1291879239522447,0.3064085759176059,0.5501303666602275,-0.24372179074262162,Угнетение биомассы,озимая пшеница,55.635992823874126,67.79639990515679,0.6360217595604291,устойчивое угнетение без явного погодного сигнала,0.82,Угнетение биомассы: NDVI 0.31 против нормы 0.55 (z=-1.3) в течение 26 дн.; устойчивое угнетение без явного погодного сигнала
AOI-0074,2025,2025-05-13,2025-05-30,18,-1.2766887120487402,-1.1575901588542774,0.23667614409919432,0.4253725796124732,-0.1886964355132789,Угнетение биомассы,озимая пшеница,45.18969208603707,69.19014761738971,0.544460721040323,"краткое отклонение, погодой не объясняется (вероятно агрооперация или ошибка данных)",0.65,"Угнетение биомассы: NDVI 0.24 против нормы 0.43 (z=-1.3) в течение 18 дн.; краткое отклонение, погодой не объясняется (вероятно агрооперация или ошибка данных)"
AOI-0047,2013,2013-04-17,2013-06-21,66,-1.2760671245797874,-1.1774310885906616,0.24476762939513905,0.56015652724572,-0.3153888978505809,Угнетение биомассы,зерновые,35.96615221176836,60.47979099608093,1.838841805762917,дефицит осадков,0.59,Угнетение биомассы: NDVI 0.24 против нормы 0.56 (z=-1.3) в течение 66 дн.; дефицит осадков
AOI-0072,2017,2017-04-13,2017-06-04,53,-1.2750194072709768,-1.1644897460484247,0.20376348935970062,0.49347907012186865,-0.289715580762168,Угнетение биомассы,зерновые,59.79500740680695,52.01567786482971,-1.648625473326106,устойчивое угнетение без явного погодного сигнала,1.15,Угнетение биомассы: NDVI 0.20 против нормы 0.49 (z=-1.3) в течение 53 дн.; устойчивое угнетение без явного погодного сигнала
AOI-0040,2012,2012-08-03,2012-09-05,34,-1.2742155192808426,-1.1493766518606958,0.1203007136923351,0.18207106844298784,-0.06177035475065275,Угнетение биомассы,зерновые,25.966458596641615,24.518658996535063,-0.5645597519416302,устойчивое угнетение без явного погодного сигнала,1.06,Угнетение биомассы: NDVI 0.12 против нормы 0.18 (z=-1.3) в течение 34 дн.; устойчивое угнетение без явного погодного сигнала
AOI-0060,2022,2022-09-21,2022-10-12,22,-1.2722465861426728,-1.113404034749689,0.23454108779137536,0.3578515410439087,-0.12331045325253334,Угнетение биомассы,озимая пшеница,57.82021008411885,48.28194868412899,-0.16368487845553217,устойчивое угнетение без явного погодного сигнала,1.2,Угнетение биомассы: NDVI 0.23 против нормы 0.36 (z=-1.3) в течение 22 дн.; устойчивое угнетение без явного погодного сигнала
AOI-0002,2022,2022-07-01,2022-07-23,23,-1.2717600181998572,-1.1338104112498815,0.23394903273487444,0.4287545841005899,-0.19480555136571548,Угнетение биомассы,озимая пшеница,47.788044817922504,48.180927352571494,-1.6576133387834344,устойчивое угнетение без явного погодного сигнала,0.99,Угнетение биомассы: NDVI 0.23 против нормы 0.43 (z=-1.3) в течение 23 дн.; устойчивое угнетение без явного погодного сигнала
AOI-0002,2023,2023-04-29,2023-05-08,10,-1.2716062685919625,-1.1655422475915511,0.38670107545475585,0.6167274002586154,-0.23002632480385954,Угнетение биомассы,озимая пшеница,127.5859659123075,76.58510899856135,-1.6233543747925545,"краткое отклонение, погодой не объясняется (вероятно агрооперация или ошибка данных)",1.67,"Угнетение биомассы: NDVI 0.39 против нормы 0.62 (z=-1.3) в течение 10 дн.; краткое отклонение, погодой не объясняется (вероятно агрооперация или ошибка данных)"
AOI-0073,2021,2021-05-13,2021-06-03,22,-1.2690876967245162,-1.1804394770876399,0.2529661083125579,0.4343714548918575,-0.18140534657929963,Угнетение биомассы,озимая пшеница,119.02579001509706,69.60282390092287,-0.939860260540221,устойчивое угнетение без явного погодного сигнала,1.71,Угнетение биомассы: NDVI 0.25 против нормы 0.43 (z=-1.3) в течение 22 дн.; устойчивое угнетение без явного погодного сигнала
AOI-0026,2010,2010-05-11,2010-06-08,29,-1.2689474912959138,-1.1883677053647788,0.32055715367316273,0.6545403707829969,-0.33398321710983414,Угнетение биомассы,озимая пшеница,102.27517446150601,79.61832422795604,0.6823004598751002,устойчивое угнетение без явного погодного сигнала,1.28,Угнетение биомассы: NDVI 0.32 против нормы 0.65 (z=-1.3) в течение 29 дн.; устойчивое угнетение без явного погодного сигнала
AOI-0029,2025,2025-09-03,2025-09-23,21,-1.2667465324013398,-1.1518683470991935,0.14090104625702013,0.1977279918247652,-0.05682694556774506,Угнетение биомассы,озимая пшеница,26.06469613574277,35.417470568856615,-0.312989165948572,устойчивое угнетение без явного погодного сигнала,0.74,Угнетение биомассы: NDVI 0.14 против нормы 0.20 (z=-1.3) в течение 21 дн.; устойчивое угнетение без явного погодного сигнала
AOI-0058,2019,2019-08-02,2019-09-05,35,-1.2666611223423625,-1.1356415177897703,0.1996920172770562,0.3490242945340066,-0.14933227725695036,Угнетение биомассы,озимая пшеница,34.68953206767346,32.22918255745085,-0.7336738285095963,устойчивое угнетение без явного погодного сигнала,1.08,Угнетение биомассы: NDVI 0.20 против нормы 0.35 (z=-1.3) в течение 35 дн.; устойчивое угнетение без явного погодного сигнала
AOI-0068,2020,2020-07-29,2020-08-09,12,-1.2652001142448093,-1.1698089875534259,0.13811445022919674,0.2026970431571358,-0.06458259292793905,Угнетение биомассы,зерновые,9.0931026683414,33.057353660588014,-1.202726794944125,дефицит осадков,0.28,Угнетение биомассы: NDVI 0.14 против нормы 0.20 (z=-1.3) в течение 12 дн.; дефицит осадков
AOI-0036,2020,2020-09-01,2020-10-30,60,-1.2646688270585922,-1.1742216748152345,0.141286509605654,0.21481213562992857,-0.07352562602427457,Угнетение биомассы,пастбища/зерновые,3.4501601168948683,39.304994886547796,2.431004465413401,засуха: осадки ниже нормы и жара,0.09,Угнетение биомассы: NDVI 0.14 против нормы 0.21 (z=-1.3) в течение 60 дн.; засуха: осадки ниже нормы и жара
AOI-0057,2025,2025-06-11,2025-07-13,33,-1.264548097226615,-1.174042762712101,0.2604011356769397,0.5101885428349384,-0.24978740715799874,Угнетение биомассы,озимая пшеница,,,,устойчивое угнетение без явного погодного сигнала,,Угнетение биомассы: NDVI 0.26 против нормы 0.51 (z=-1.3) в течение 33 дн.; устойчивое угнетение без явного погодного сигнала
AOI-0021,2020,2020-06-25,2020-08-24,61,-1.2643088710229504,-1.168344393780093,0.19990178950000373,0.4272358037097258,-0.22733401420972207,Угнетение биомассы,подсолнечник,24.6716561649537,43.67941711340061,0.007263782250842656,дефицит осадков,0.56,Угнетение биомассы: NDVI 0.20 против нормы 0.43 (z=-1.3) в течение 61 дн.; дефицит осадков
AOI-0065,2021,2021-05-13,2021-05-22,10,-1.2637511853591976,-1.1656667063070434,0.47916028325650206,0.6884963104130402,-0.2093360271565381,Угнетение биомассы,озимая пшеница,130.01906525963454,96.04561886973582,-0.5363005908431624,"краткое отклонение, погодой не объясняется (вероятно агрооперация или ошибка данных)",1.35,"Угнетение биомассы: NDVI 0.48 против нормы 0.69 (z=-1.3) в течение 10 дн.; краткое отклонение, погодой не объясняется (вероятно агрооперация или ошибка данных)"
AOI-0051,2020,2020-04-02,2020-04-22,21,-1.2628214727005798,-1.2017861287563953,0.33637145068612523,0.5703183261907804,-0.23394687550465515,Угнетение биомассы,озимая пшеница,,,,устойчивое угнетение без явного погодного сигнала,,Угнетение биомассы: NDVI 0.34 против нормы 0.57 (z=-1.3) в течение 21 дн.; устойчивое угнетение без явного погодного сигнала
AOI-0019,2015,2015-04-11,2015-04-23,13,-1.2608982513575722,-1.1703138262910402,0.3130285767167138,0.49485230033267186,-0.18182372361595805,Угнетение биомассы,подсолнечник,101.3784279063639,56.496446571791985,-1.6484498365275408,"краткое отклонение, погодой не объясняется (вероятно агрооперация или ошибка данных)",1.79,"Угнетение биомассы: NDVI 0.31 против нормы 0.49 (z=-1.3) в течение 13 дн.; краткое отклонение, погодой не объясняется (вероятно агрооперация или ошибка данных)"
AOI-0061,2018,2018-07-02,2018-08-29,59,-1.2602884911948493,-1.135937063407239,0.24982686722855027,0.43072641203389045,-0.18089954480534018,Угнетение биомассы,озимая пшеница,,,,устойчивое угнетение без явного погодного сигнала,,Угнетение биомассы: NDVI 0.25 против нормы 0.43 (z=-1.3) в течение 59 дн.; устойчивое угнетение без явного погодного сигнала
AOI-0007,2013,2013-04-24,2013-05-06,13,-1.2600686238431804,-1.1514181962818049,0.25804760631068197,0.48910578772018504,-0.23105818140950307,Угнетение биомассы,озимая пшеница,26.079835501902583,70.92976349268868,1.4502136396692151,дефицит осадков,0.37,Угнетение биомассы: NDVI 0.26 против нормы 0.49 (z=-1.3) в течение 13 дн.; дефицит осадков
AOI-0028,2020,2020-10-21,2020-10-30,10,-1.259731466577796,-1.1152086832787875,0.14061518228005504,0.35437961699655884,-0.2137644347165038,Угнетение биомассы,озимая пшеница,21.102737274145156,30.897491768674513,4.211239611607082,температурный стресс,0.68,Угнетение биомассы: NDVI 0.14 против нормы 0.35 (z=-1.3) в течение 10 дн.; температурный стресс
AOI-0021,2015,2015-04-01,2015-04-18,18,-1.2589197259386895,-1.1381167719697518,0.2155866100118654,0.41330249859376406,-0.19771588858189865,Угнетение биомассы,подсолнечник,71.82960972493213,46.13496741676269,-1.7462916537020152,"краткое отклонение, погодой не объясняется (вероятно агрооперация или ошибка данных)",1.56,"Угнетение биомассы: NDVI 0.22 против нормы 0.41 (z=-1.3) в течение 18 дн.; краткое отклонение, погодой не объясняется (вероятно агрооперация или ошибка данных)"
AOI-0034,2023,2023-05-14,2023-06-07,25,-1.2579712588658474,-1.1475023379320413,0.18083883637661533,0.4580819992315242,-0.2772431628549089,Угнетение биомассы,пастбища/зерновые,75.50610392110826,51.78326142568014,-1.263252907593064,устойчивое угнетение без явного погодного сигнала,1.46,Угнетение биомассы: NDVI 0.18 против нормы 0.46 (z=-1.3) в течение 25 дн.; устойчивое угнетение без явного погодного сигнала
AOI-0074,2021,2021-05-13,2021-06-03,22,-1.257839367713082,-1.1451196432049364,0.24216888118501767,0.4273658740721549,-0.18519699288713726,Угнетение биомассы,озимая пшеница,119.49426657727959,68.96671611080716,-0.9290539979734537,устойчивое угнетение без явного погодного сигнала,1.73,Угнетение биомассы: NDVI 0.24 против нормы 0.43 (z=-1.3) в течение 22 дн.; устойчивое угнетение без явного погодного сигнала
AOI-0045,2019,2019-04-01,2019-04-18,18,-1.2574146550202772,-1.1476492532617113,0.18373267035253102,0.45111403888094753,-0.26738136852841654,Угнетение биомассы,зерновые,43.06999221418136,37.88265749047278,-0.5890146596034874,"краткое отклонение, погодой не объясняется (вероятно агрооперация или ошибка данных)",1.14,"Угнетение биомассы: NDVI 0.18 против нормы 0.45 (z=-1.3) в течение 18 дн.; краткое отклонение, погодой не объясняется (вероятно агрооперация или ошибка данных)"
AOI-0008,2017,2017-04-01,2017-04-26,26,-1.2573361635027083,-1.1274162974278135,0.2762137745872927,0.5401275077615996,-0.2639137331743069,Угнетение биомассы,озимая пшеница,,,,устойчивое угнетение без явного погодного сигнала,,Угнетение биомассы: NDVI 0.28 против нормы 0.54 (z=-1.3) в течение 26 дн.; устойчивое угнетение без явного погодного сигнала
AOI-0072,2020,2020-09-01,2020-09-11,11,-1.2572519939219515,-1.1649985671212841,0.13979125552979418,0.21674820251975566,-0.07695694698996147,Угнетение биомассы,зерновые,0.46056309826331465,37.70629825789044,0.7493762148954892,дефицит осадков,0.01,Угнетение биомассы: NDVI 0.14 против нормы 0.22 (z=-1.3) в течение 11 дн.; дефицит осадков
AOI-0006,2014,2014-06-29,2014-08-08,41,-1.2571743613121997,-1.166814036489863,0.21809473615328073,0.4642740662060805,-0.2461793300527998,Угнетение биомассы,озимая пшеница,,,,устойчивое угнетение без явного погодного сигнала,,Угнетение биомассы: NDVI 0.22 против нормы 0.46 (z=-1.3) в течение 41 дн.; устойчивое угнетение без явного погодного сигнала
AOI-0005,2020,2020-09-26,2020-10-06,11,-1.255668844372201,-1.205660756311271,0.26195380827620246,0.3414166057845956,-0.07946279750839313,Угнетение биомассы,озимая пшеница,16.427316418395513,46.733042498254115,2.843749425673439,засуха: осадки ниже нормы и жара,0.35,Угнетение биомассы: NDVI 0.26 против нормы 0.34 (z=-1.3) в течение 11 дн.; засуха: осадки ниже нормы и жара
AOI-0004,2014,2014-07-19,2014-08-03,16,-1.2546882705074167,-1.1586494924199529,0.41696261783858524,0.5126178228063062,-0.09565520496772095,Угнетение биомассы,озимая пшеница,31.317929080344122,36.19415812450838,0.7136406894521199,"краткое отклонение, погодой не объясняется (вероятно агрооперация или ошибка данных)",0.87,"Угнетение биомассы: NDVI 0.42 против нормы 0.51 (z=-1.3) в течение 16 дн.; краткое отклонение, погодой не объясняется (вероятно агрооперация или ошибка данных)"
AOI-0016,2020,2020-05-13,2020-06-05,24,-1.2542435518099262,-1.1405746231919638,0.30338742459629,0.5468469289523267,-0.2434595043560367,Угнетение биомассы,озимая пшеница,,,,устойчивое угнетение без явного погодного сигнала,,Угнетение биомассы: NDVI 0.30 против нормы 0.55 (z=-1.3) в течение 24 дн.; устойчивое угнетение без явного погодного сигнала
AOI-0033,2011,2011-05-28,2011-06-09,13,-1.2541496539211232,-1.161080012304787,0.22335270377645228,0.4410290096218778,-0.21767630584542552,Угнетение биомассы,пастбища/зерновые,72.7698903041921,52.1330196605857,-1.2236992612111985,"краткое отклонение, погодой не объясняется (вероятно агрооперация или ошибка данных)",1.4,"Угнетение биомассы: NDVI 0.22 против нормы 0.44 (z=-1.3) в течение 13 дн.; краткое отклонение, погодой не объясняется (вероятно агрооперация или ошибка данных)"
AOI-0075,2018,2018-08-01,2018-08-27,27,-1.2537330957404065,-1.118652702452616,0.33350164196863874,0.5352146196124761,-0.20171297764383733,Угнетение биомассы,озимая пшеница,38.02161770597868,44.80464478141948,-0.21203767298834306,устойчивое угнетение без явного погодного сигнала,0.85,Угнетение биомассы: NDVI 0.33 против нормы 0.54 (z=-1.3) в течение 27 дн.; устойчивое угнетение без явного погодного сигнала
AOI-0070,2024,2024-10-01,2024-10-30,30,-1.2534592336410582,-1.1624788568784798,0.16514172389819906,0.31274872531121994,-0.14760700141302088,Угнетение биомассы,зерновые,14.157843739783722,40.48098075699486,0.9999101610912174,дефицит осадков,0.35,Угнетение биомассы: NDVI 0.17 против нормы 0.31 (z=-1.3) в течение 30 дн.; дефицит осадков
AOI-0030,2015,2015-04-13,2015-05-04,22,-1.2520310816126459,-1.1197322102000533,0.40868498383268276,0.5270609545884339,-0.11837597075575118,Угнетение биомассы,озимая пшеница,104.46565937062195,67.92091666685954,-1.80046000028065,устойчивое угнетение без явного погодного сигнала,1.54,Угнетение биомассы: NDVI 0.41 против нормы 0.53 (z=-1.3) в течение 22 дн.; устойчивое угнетение без явного погодного сигнала
AOI-0034,2017,2017-04-01,2017-04-19,19,-1.251680115641174,-1.1769562236359488,0.18895197485522588,0.4852960836195908,-0.2963441087643649,Угнетение биомассы,пастбища/зерновые,46.0084814849814,34.32592023390545,-0.9225886498714423,"краткое отклонение, погодой не объясняется (вероятно агрооперация или ошибка данных)",1.34,"Угнетение биомассы: NDVI 0.19 против нормы 0.49 (z=-1.3) в течение 19 дн.; краткое отклонение, погодой не объясняется (вероятно агрооперация или ошибка данных)"
AOI-0048,2020,2020-08-31,2020-09-11,12,-1.2513607597022969,-1.1513462175290394,0.14734543062467242,0.2373076097381522,-0.08996217911347978,Угнетение биомассы,зерновые,1.7290615605620747,37.08153717652613,0.6287187296267888,дефицит осадков,0.05,Угнетение биомассы: NDVI 0.15 против нормы 0.24 (z=-1.3) в течение 12 дн.; дефицит осадков
AOI-0028,2021,2021-04-10,2021-04-20,11,-1.2512957701886873,-1.1392447514313908,0.17600596194808357,0.48657204922647085,-0.3105660872783873,Угнетение биомассы,озимая пшеница,99.6411710736305,54.22333304078847,-1.191216024164503,"краткое отклонение, погодой не объясняется (вероятно агрооперация или ошибка данных)",1.84,"Угнетение биомассы: NDVI 0.18 против нормы 0.49 (z=-1.3) в течение 11 дн.; краткое отклонение, погодой не объясняется (вероятно агрооперация или ошибка данных)"
AOI-0051,2018,2018-06-16,2018-07-09,24,-1.2511437305511552,-1.1723608741830673,0.3615907401840835,0.5486637139008809,-0.18707297371679737,Угнетение биомассы,озимая пшеница,,,,устойчивое угнетение без явного погодного сигнала,,Угнетение биомассы: NDVI 0.36 против нормы 0.55 (z=-1.3) в течение 24 дн.; устойчивое угнетение без явного погодного сигнала
AOI-0022,2022,2022-04-01,2022-04-11,11,-1.2498807082673433,-1.1610807473189448,0.18838663524986557,0.40812781385147756,-0.219741178601612,Угнетение биомассы,подсолнечник,49.895494140418606,41.488103387506,0.8689670611047501,"краткое отклонение, погодой не объясняется (вероятно агрооперация или ошибка данных)",1.2,"Угнетение биомассы: NDVI 0.19 против нормы 0.41 (z=-1.2) в течение 11 дн.; краткое отклонение, погодой не объясняется (вероятно агрооперация или ошибка данных)"
AOI-0027,2017,2017-07-28,2017-08-29,33,-1.2494174406896814,-1.1742844315176673,0.2746253847090811,0.45729454584239715,-0.18266916113331605,Угнетение биомассы,озимая пшеница,,,,устойчивое угнетение без явного погодного сигнала,,Угнетение биомассы: NDVI 0.27 против нормы 0.46 (z=-1.2) в течение 33 дн.; устойчивое угнетение без явного погодного сигнала
AOI-0049,2022,2022-07-14,2022-08-12,30,-1.2489523292912097,-1.1152745112256368,0.17592193514041962,0.4213032720546885,-0.24538133691426886,Угнетение биомассы,озимая пшеница,59.82414967225582,37.6969780969631,-1.0650796567836178,устойчивое угнетение без явного погодного сигнала,1.59,Угнетение биомассы: NDVI 0.18 против нормы 0.42 (z=-1.2) в течение 30 дн.; устойчивое угнетение без явного погодного сигнала
AOI-0016,2019,2019-05-11,2019-06-04,25,-1.2481570085896403,-1.1446315245069902,0.2925793915483806,0.5438843744829325,-0.2513049829345519,Угнетение биомассы,озимая пшеница,,,,устойчивое угнетение без явного погодного сигнала,,Угнетение биомассы: NDVI 0.29 против нормы 0.54 (z=-1.2) в течение 25 дн.; устойчивое угнетение без явного погодного сигнала
AOI-0060,2013,2013-06-15,2013-06-25,11,-1.2463717231420848,-1.1695091449533055,0.47656784853456846,0.6656586601936826,-0.18909081165911412,Угнетение биомассы,озимая пшеница,64.00827646419543,67.22395423803457,0.9189723398984287,"краткое отклонение, погодой не объясняется (вероятно агрооперация или ошибка данных)",0.95,"Угнетение биомассы: NDVI 0.48 против нормы 0.67 (z=-1.2) в течение 11 дн.; краткое отклонение, погодой не объясняется (вероятно агрооперация или ошибка данных)"
AOI-0049,2020,2020-10-01,2020-10-11,11,-1.24517643383402,-1.150486358771978,0.13420931133905883,0.216018653870716,-0.08180934253165717,Угнетение биомассы,озимая пшеница,21.167749565142717,48.985397324611306,3.138898496802342,засуха: осадки ниже нормы и жара,0.43,Угнетение биомассы: NDVI 0.13 против нормы 0.22 (z=-1.2) в течение 11 дн.; засуха: осадки ниже нормы и жара
AOI-0070,2020,2020-04-11,2020-04-22,12,-1.244093820352226,-1.1506960436716172,0.21788801978108271,0.37965486074006966,-0.16176684095898694,Угнетение биомассы,зерновые,30.686622244643146,45.332387026515995,-1.503715866953927,"краткое отклонение, погодой не объясняется (вероятно агрооперация или ошибка данных)",0.68,"Угнетение биомассы: NDVI 0.22 против нормы 0.38 (z=-1.2) в течение 12 дн.; краткое отклонение, погодой не объясняется (вероятно агрооперация или ошибка данных)"
AOI-0074,2013,2013-07-04,2013-07-24,21,-1.2436611467115857,-1.1367145403827537,0.29198634177219845,0.5483004570080717,-0.2563141152358733,Угнетение биомассы,озимая пшеница,54.99709247622639,67.14915925156075,-1.2143755316042755,устойчивое угнетение без явного погодного сигнала,0.82,Угнетение биомассы: NDVI 0.29 против нормы 0.55 (z=-1.2) в течение 21 дн.; устойчивое угнетение без явного погодного сигнала
AOI-0002,2025,2025-08-22,2025-09-10,20,-1.2415124566114748,-1.1424022957483653,0.1849171747223471,0.3034319864185856,-0.11851481169623851,Угнетение биомассы,озимая пшеница,17.02675493009611,30.645313740273185,-0.520262396469788,дефицит осадков,0.56,Угнетение биомассы: NDVI 0.18 против нормы 0.30 (z=-1.2) в течение 20 дн.; дефицит осадков
AOI-0078,2013,2013-06-06,2013-06-21,16,-1.2412225573999318,-1.0955907891415615,0.5323154037086473,0.693895248293769,-0.16157984458512176,Угнетение биомассы,озимая пшеница,86.38615995492626,65.78138393223551,0.9755354597438162,"краткое отклонение, погодой не объясняется (вероятно агрооперация или ошибка данных)",1.31,"Угнетение биомассы: NDVI 0.53 против нормы 0.69 (z=-1.2) в течение 16 дн.; краткое отклонение, погодой не объясняется (вероятно агрооперация или ошибка данных)"
AOI-0063,2021,2021-07-10,2021-07-24,15,-1.2407011129313443,-1.1243133388689988,0.1895953689764266,0.4094798967157843,-0.21988452773935768,Угнетение биомассы,озимая пшеница,61.743162031100944,58.01511899421328,0.926357112781807,"краткое отклонение, погодой не объясняется (вероятно агрооперация или ошибка данных)",1.06,"Угнетение биомассы: NDVI 0.19 против нормы 0.41 (z=-1.2) в течение 15 дн.; краткое отклонение, погодой не объясняется (вероятно агрооперация или ошибка данных)"
AOI-0036,2010,2010-09-10,2010-09-24,15,-1.2398066889777175,-1.1135999441448365,0.1343585590717319,0.17747957976002304,-0.043121020688291156,Угнетение биомассы,пастбища/зерновые,39.44441827396142,41.5674694092862,0.42044332761810826,"краткое отклонение, погодой не объясняется (вероятно агрооперация или ошибка данных)",0.95,"Угнетение биомассы: NDVI 0.13 против нормы 0.18 (z=-1.2) в течение 15 дн.; краткое отклонение, погодой не объясняется (вероятно агрооперация или ошибка данных)"
AOI-0023,2018,2018-04-01,2018-04-19,19,-1.2390039026579776,-1.1328154189435204,0.21785917656683687,0.49123096815831885,-0.27337179159148195,Угнетение биомассы,подсолнечник,22.014461001459182,46.93944957992199,0.674319098320361,дефицит осадков,0.47,Угнетение биомассы: NDVI 0.22 против нормы 0.49 (z=-1.2) в течение 19 дн.; дефицит осадков
AOI-0065,2022,2022-07-03,2022-07-26,24,-1.2380045819861436,-1.1502399403670156,0.25764692980129805,0.47282904888884497,-0.21518211908754692,Угнетение биомассы,озимая пшеница,63.29099206021042,60.720067790439145,-1.3884386711740913,устойчивое угнетение без явного погодного сигнала,1.04,Угнетение биомассы: NDVI 0.26 против нормы 0.47 (z=-1.2) в течение 24 дн.; устойчивое угнетение без явного погодного сигнала
AOI-0070,2014,2014-10-06,2014-10-29,24,-1.2375376782440082,-1.1478543442555291,0.16896018825959944,0.3153323280559155,-0.14637213979631605,Угнетение биомассы,зерновые,41.544764190845584,40.31441813916542,-2.874812743951478,устойчивое угнетение без явного погодного сигнала,1.03,Угнетение биомассы: NDVI 0.17 против нормы 0.32 (z=-1.2) в течение 24 дн.; устойчивое угнетение без явного погодного сигнала
AOI-0064,2017,2017-07-31,2017-08-10,11,-1.2366655068576196,-1.1429786287646824,0.1667654720720896,0.340363594112968,-0.1735981220408784,Угнетение биомассы,озимая пшеница,43.298867840894154,43.456072531009006,1.1043203644441062,"краткое отклонение, погодой не объясняется (вероятно агрооперация или ошибка данных)",1.0,"Угнетение биомассы: NDVI 0.17 против нормы 0.34 (z=-1.2) в течение 11 дн.; краткое отклонение, погодой не объясняется (вероятно агрооперация или ошибка данных)"
AOI-0045,2021,2021-04-01,2021-04-17,17,-1.23648319396952,-1.1520762695349114,0.171281480897396,0.44242941366049704,-0.271147932763101,Угнетение биомассы,зерновые,82.72186677044209,37.39045723020722,-0.6486430969026714,"краткое отклонение, погодой не объясняется (вероятно агрооперация или ошибка данных)",2.21,"Угнетение биомассы: NDVI 0.17 против нормы 0.44 (z=-1.2) в течение 17 дн.; краткое отклонение, погодой не объясняется (вероятно агрооперация или ошибка данных)"
AOI-0065,2010,2010-07-19,2010-08-23,36,-1.2362897998622568,-1.1120319612651643,0.20554310718850136,0.3939344350549366,-0.18839132786643523,Угнетение биомассы,озимая пшеница,19.75185688906015,47.726146347042736,2.3480522343445873,засуха: осадки ниже нормы и жара,0.41,Угнетение биомассы: NDVI 0.21 против нормы 0.39 (z=-1.2) в течение 36 дн.; засуха: осадки ниже нормы и жара
AOI-0024,2016,2016-05-12,2016-05-21,10,-1.2360405577013127,-1.144004303822877,0.3287037037975665,0.6217417464273625,-0.29303804262979594,Угнетение биомассы,подсолнечник,129.67129143813912,76.78394048703605,-1.5996048421579787,"краткое отклонение, погодой не объясняется (вероятно агрооперация или ошибка данных)",1.69,"Угнетение биомассы: NDVI 0.33 против нормы 0.62 (z=-1.2) в течение 10 дн.; краткое отклонение, погодой не объясняется (вероятно агрооперация или ошибка данных)"
AOI-0033,2020,2020-08-01,2020-08-19,19,-1.2359590120915516,-1.1719036564989775,0.12578453234443168,0.17884485408317174,-0.05306032173874006,Угнетение биомассы,пастбища/зерновые,7.310029670052986,28.47381019321872,-0.6133004056578372,дефицит осадков,0.26,Угнетение биомассы: NDVI 0.13 против нормы 0.18 (z=-1.2) в течение 19 дн.; дефицит осадков
AOI-0062,2023,2023-04-02,2023-05-12,41,-1.2359079643053925,-1.1245496368184613,0.24867282925713646,0.5576586490453767,-0.3089858197882402,Угнетение биомассы,озимая пшеница,,,,устойчивое угнетение без явного погодного сигнала,,Угнетение биомассы: NDVI 0.25 против нормы 0.56 (z=-1.2) в течение 41 дн.; устойчивое угнетение без явного погодного сигнала
AOI-0029,2016,2016-04-11,2016-05-05,25,-1.2352762067722163,-1.1706459334177282,0.28867574136342317,0.5733518071897366,-0.2846760658263134,Угнетение биомассы,озимая пшеница,84.13720951759018,67.80529536680035,0.48810577246271714,устойчивое угнетение без явного погодного сигнала,1.24,Угнетение биомассы: NDVI 0.29 против нормы 0.57 (z=-1.2) в течение 25 дн.; устойчивое угнетение без явного погодного сигнала
AOI-0052,2024,2024-09-23,2024-10-10,18,-1.2334995258387569,-1.120705385998554,0.14899217236624887,0.24740123270429015,-0.09840906033804128,Угнетение биомассы,озимая пшеница,25.359632437070328,48.20461348980196,2.222126181458899,засуха: осадки ниже нормы и жара,0.53,Угнетение биомассы: NDVI 0.15 против нормы 0.25 (z=-1.2) в течение 18 дн.; засуха: осадки ниже нормы и жара
AOI-0020,2023,2023-04-08,2023-04-22,15,-1.2327646381891653,-1.1273614435927743,0.2634313626080314,0.4179741794363821,-0.1545428168283507,Угнетение биомассы,подсолнечник,92.8517059849026,52.8577045761621,-0.4614520638109583,"краткое отклонение, погодой не объясняется (вероятно агрооперация или ошибка данных)",1.76,"Угнетение биомассы: NDVI 0.26 против нормы 0.42 (z=-1.2) в течение 15 дн.; краткое отклонение, погодой не объясняется (вероятно агрооперация или ошибка данных)"
AOI-0001,2021,2021-04-27,2021-05-06,10,-1.2326988222687316,-1.1434381916737841,0.39173443683145914,0.6171606264045992,-0.2254261895731401,Угнетение биомассы,озимая пшеница,114.49448168307158,75.22107360761143,-0.8397617435081404,"краткое отклонение, погодой не объясняется (вероятно агрооперация или ошибка данных)",1.52,"Угнетение биомассы: NDVI 0.39 против нормы 0.62 (z=-1.2) в течение 10 дн.; краткое отклонение, погодой не объясняется (вероятно агрооперация или ошибка данных)"
AOI-0071,2017,2017-07-09,2017-08-17,40,-1.2324969292621306,-1.1140868170390088,0.21452040957046326,0.34399922833215213,-0.12947881876168887,Угнетение биомассы,зерновые,,,,устойчивое угнетение без явного погодного сигнала,,Угнетение биомассы: NDVI 0.21 против нормы 0.34 (z=-1.2) в течение 40 дн.; устойчивое угнетение без явного погодного сигнала
AOI-0008,2019,2019-06-17,2019-07-02,16,-1.2313336395860623,-1.1462331339442764,0.2113696935322824,0.39477982838940695,-0.18341013485712454,Угнетение биомассы,озимая пшеница,,,,"краткое отклонение, погодой не объясняется (вероятно агрооперация или ошибка данных)",,"Угнетение биомассы: NDVI 0.21 против нормы 0.39 (z=-1.2) в течение 16 дн.; краткое отклонение, погодой не объясняется (вероятно агрооперация или ошибка данных)"
AOI-0013,2013,2013-04-07,2013-05-01,25,-1.2312613575936446,-1.1372285229793822,0.3133789181049296,0.4582936042853854,-0.14491468618045578,Угнетение биомассы,озимая пшеница,,,,устойчивое угнетение без явного погодного сигнала,,Угнетение биомассы: NDVI 0.31 против нормы 0.46 (z=-1.2) в течение 25 дн.; устойчивое угнетение без явного погодного сигнала
AOI-0031,2021,2021-07-15,2021-07-26,12,-1.2311834870614957,-1.1677767484406003,0.12298721707609556,0.2246646701504075,-0.10167745307431195,Угнетение биомассы,пастбища/зерновые,29.989735108487164,37.731727768506694,1.738145877279113,"краткое отклонение, погодой не объясняется (вероятно агрооперация или ошибка данных)",0.79,"Угнетение биомассы: NDVI 0.12 против нормы 0.22 (z=-1.2) в течение 12 дн.; краткое отклонение, погодой не объясняется (вероятно агрооперация или ошибка данных)"
AOI-0072,2019,2019-05-12,2019-06-07,27,-1.2309357344018155,-1.1405747976580194,0.2295917553762464,0.4940952007477688,-0.26450344537152237,Угнетение биомассы,зерновые,33.242106211913544,52.635493357969395,1.5189139224127974,устойчивое угнетение без явного погодного сигнала,0.63,Угнетение биомассы: NDVI 0.23 против нормы 0.49 (z=-1.2) в течение 27 дн.; устойчивое угнетение без явного погодного сигнала
AOI-0063,2013,2013-05-11,2013-05-21,11,-1.2308703416045137,-1.1434452525259802,0.4426795324011282,0.6738034547974773,-0.2311239223963491,Угнетение биомассы,озимая пшеница,53.8155072435871,95.75683632280555,2.075492605479002,засуха: осадки ниже нормы и жара,0.56,Угнетение биомассы: NDVI 0.44 против нормы 0.67 (z=-1.2) в течение 11 дн.; засуха: осадки ниже нормы и жара
AOI-0019,2024,2024-08-16,2024-08-25,10,-1.2308454816477348,-1.1352389324638263,0.19402784593876207,0.2827965304593613,-0.08876868452059924,Угнетение биомассы,подсолнечник,13.519793935033775,28.845947119272097,0.7725515166590273,дефицит осадков,0.47,Угнетение биомассы: NDVI 0.19 против нормы 0.28 (z=-1.2) в течение 10 дн.; дефицит осадков
AOI-0059,2013,2013-06-25,2013-07-20,26,-1.2303578436030158,-1.1374156071126136,0.25747176244920544,0.5014520649579275,-0.24398030250872205,Угнетение биомассы,озимая пшеница,,,,устойчивое угнетение без явного погодного сигнала,,Угнетение биомассы: NDVI 0.26 против нормы 0.50 (z=-1.2) в течение 26 дн.; устойчивое угнетение без явного погодного сигнала
AOI-0070,2020,2020-04-28,2020-05-25,28,-1.2293779887197078,-1.1373584621548847,0.2798413375711084,0.48039099122865053,-0.20054965365754213,Угнетение биомассы,зерновые,91.9149866073296,56.7004662138409,-1.8592755900111122,устойчивое угнетение без явного погодного сигнала,1.62,Угнетение биомассы: NDVI 0.28 против нормы 0.48 (z=-1.2) в течение 28 дн.; устойчивое угнетение без явного погодного сигнала
AOI-0040,2018,2018-06-23,2018-07-07,15,-1.229140678745503,-1.1255582508622795,0.13687912835904725,0.23657172536887783,-0.09969259700983057,Угнетение биомассы,зерновые,51.69120151874534,37.1563213524787,1.1438302182587845,"краткое отклонение, погодой не объясняется (вероятно агрооперация или ошибка данных)",1.39,"Угнетение биомассы: NDVI 0.14 против нормы 0.24 (z=-1.2) в течение 15 дн.; краткое отклонение, погодой не объясняется (вероятно агрооперация или ошибка данных)"
AOI-0036,2020,2020-08-01,2020-08-24,24,-1.228320478789009,-1.1449034336139607,0.13792557338943157,0.2034872254502937,-0.06556165206086215,Угнетение биомассы,пастбища/зерновые,5.3345160390814925,27.59792811686707,-0.5100071372653744,дефицит осадков,0.19,Угнетение биомассы: NDVI 0.14 против нормы 0.20 (z=-1.2) в течение 24 дн.; дефицит осадков
AOI-0056,2017,2017-07-14,2017-09-16,65,-1.228289542921544,-1.1481495588248671,0.24294591458105597,0.36937667024277554,-0.12643075566171957,Угнетение биомассы,озимая пшеница,,,,устойчивое угнетение без явного погодного сигнала,,Угнетение биомассы: NDVI 0.24 против нормы 0.37 (z=-1.2) в течение 65 дн.; устойчивое угнетение без явного погодного сигнала
AOI-0025,2017,2017-04-02,2017-05-04,33,-1.2272740940671076,-1.1328413228422778,0.2526039201493799,0.5414840456764516,-0.2888801255270717,Угнетение биомассы,озимая пшеница,,,,устойчивое угнетение без явного погодного сигнала,,Угнетение биомассы: NDVI 0.25 против нормы 0.54 (z=-1.2) в течение 33 дн.; устойчивое угнетение без явного погодного сигнала
AOI-0075,2013,2013-07-30,2013-08-21,23,-1.225802309461383,-1.1139384397306138,0.3431627661386753,0.5448203979216437,-0.20165763178296842,Угнетение биомассы,озимая пшеница,69.92815143210197,47.59230426532639,-2.065393939711572,устойчивое угнетение без явного погодного сигнала,1.47,Угнетение биомассы: NDVI 0.34 против нормы 0.54 (z=-1.2) в течение 23 дн.; устойчивое угнетение без явного погодного сигнала
AOI-0043,2020,2020-09-23,2020-10-02,10,-1.2239578547949928,-1.1301551455989678,0.13341698451304898,0.2152217091889388,-0.08180472467588981,Угнетение биомассы,зерновые,12.431078801221673,45.44417111089926,2.5785686384047652,засуха: осадки ниже нормы и жара,0.27,Угнетение биомассы: NDVI 0.13 против нормы 0.22 (z=-1.2) в течение 10 дн.; засуха: осадки ниже нормы и жара
AOI-0035,2025,2025-04-18,2025-06-27,71,-1.222379925671551,-1.1439668816893058,0.16663222020279295,0.4154860881929979,-0.24885386799020498,Угнетение биомассы,пастбища/зерновые,,,,устойчивое угнетение без явного погодного сигнала,,Угнетение биомассы: NDVI 0.17 против нормы 0.42 (z=-1.2) в течение 71 дн.; устойчивое угнетение без явного погодного сигнала
AOI-0054,2014,2014-10-09,2014-10-19,11,-1.221841530923457,-1.1216092171639518,0.5253442378595167,0.6303427471267112,-0.10499850926719456,Угнетение биомассы,озимая пшеница,62.81485294455051,43.68148500799289,-2.687103318356441,"краткое отклонение, погодой не объясняется (вероятно агрооперация или ошибка данных)",1.44,"Угнетение биомассы: NDVI 0.53 против нормы 0.63 (z=-1.2) в течение 11 дн.; краткое отклонение, погодой не объясняется (вероятно агрооперация или ошибка данных)"
AOI-0004,2014,2014-09-19,2014-10-10,22,-1.2211146557634585,-1.111415249867996,0.30038188099944785,0.36824471554888216,-0.06786283454943431,Угнетение биомассы,озимая пшеница,55.141758586806255,45.28084722816804,-1.7640813406572116,устойчивое угнетение без явного погодного сигнала,1.22,Угнетение биомассы: NDVI 0.30 против нормы 0.37 (z=-1.2) в течение 22 дн.; устойчивое угнетение без явного погодного сигнала
AOI-0068,2010,2010-08-01,2010-08-10,10,-1.2185143971663552,-1.1426806551944588,0.1376855931443501,0.20082486415546805,-0.06313927101111794,Угнетение биомассы,зерновые,2.4600470467824196,32.36414220361188,2.518820741891892,засуха: осадки ниже нормы и жара,0.08,Угнетение биомассы: NDVI 0.14 против нормы 0.20 (z=-1.2) в течение 10 дн.; засуха: осадки ниже нормы и жара
AOI-0045,2020,2020-09-17,2020-10-13,27,-1.2175844393331565,-1.1557889976155382,0.12595811145480246,0.21144528645120744,-0.08548717499640499,Угнетение биомассы,зерновые,16.241018150912527,45.96273984090599,2.5962580324252573,засуха: осадки ниже нормы и жара,0.35,Угнетение биомассы: NDVI 0.13 против нормы 0.21 (z=-1.2) в течение 27 дн.; засуха: осадки ниже нормы и жара
AOI-0040,2020,2020-06-27,2020-07-20,24,-1.2174573747221846,-1.1401129271289634,0.1278418772193977,0.21066052248355774,-0.08281864526416005,Угнетение биомассы,зерновые,10.974552061471243,37.18429548888037,1.3282035261282685,дефицит осадков,0.3,Угнетение биомассы: NDVI 0.13 против нормы 0.21 (z=-1.2) в течение 24 дн.; дефицит осадков
AOI-0048,2010,2010-04-12,2010-05-05,24,-1.2168364238536487,-1.1100450242179714,0.250484076463852,0.4841562951781451,-0.2336722187142931,Угнетение биомассы,зерновые,69.28011644894589,57.012127746894514,-0.694719176586112,устойчивое угнетение без явного погодного сигнала,1.22,Угнетение биомассы: NDVI 0.25 против нормы 0.48 (z=-1.2) в течение 24 дн.; устойчивое угнетение без явного погодного сигнала
AOI-0046,2024,2024-07-12,2024-08-01,21,-1.2157057996591412,-1.1203193117265844,0.14887991601278733,0.26191456099005805,-0.11303464497727073,Угнетение биомассы,зерновые,13.006183024636186,40.40301235552811,0.8222550504141831,дефицит осадков,0.32,Угнетение биомассы: NDVI 0.15 против нормы 0.26 (z=-1.2) в течение 21 дн.; дефицит осадков
AOI-0037,2018,2018-06-04,2018-06-13,10,-1.215504631057508,-1.1087272629619844,0.3986427943017502,0.48959239080556893,-0.09094959650381873,Угнетение биомассы,зерновые,4.962961880373127,38.817841682545335,0.9280407552219746,дефицит осадков,0.13,Угнетение биомассы: NDVI 0.40 против нормы 0.49 (z=-1.2) в течение 10 дн.; дефицит осадков
AOI-0045,2019,2019-05-28,2019-06-06,10,-1.2148959299255984,-1.130731466030405,0.22115663626887386,0.5237959038239699,-0.30263926755509607,Угнетение биомассы,зерновые,28.583554971804755,64.38553673561916,2.2021963234366897,засуха: осадки ниже нормы и жара,0.44,Угнетение биомассы: NDVI 0.22 против нормы 0.52 (z=-1.2) в течение 10 дн.; засуха: осадки ниже нормы и жара
AOI-0037,2015,2015-06-06,2015-06-16,11,-1.2148038092110567,-1.137508525047027,0.3776075973459397,0.4739071411275324,-0.09629954378159272,Угнетение биомассы,зерновые,14.937968833693107,37.32909083063812,1.6254287445141997,дефицит осадков,0.4,Угнетение биомассы: NDVI 0.38 против нормы 0.47 (z=-1.2) в течение 11 дн.; дефицит осадков
AOI-0044,2017,2017-05-10,2017-06-09,31,-1.2146185797408633,-1.1154358496719743,0.2646735101509786,0.5479815220696492,-0.2833080119186706,Угнетение биомассы,зерновые,77.04032474415106,63.30805244262391,-2.3656000818497636,устойчивое угнетение без явного погодного сигнала,1.22,Угнетение биомассы: NDVI 0.26 против нормы 0.55 (z=-1.2) в течение 31 дн.; устойчивое угнетение без явного погодного сигнала
AOI-0075,2011,2011-04-28,2011-05-07,10,-1.2138636177061157,-1.131017056535954,0.22614057048602915,0.446832104140699,-0.22069153365466987,Угнетение биомассы,озимая пшеница,76.91214041032099,74.98384743206118,-0.8551306191203902,"краткое отклонение, погодой не объясняется (вероятно агрооперация или ошибка данных)",1.03,"Угнетение биомассы: NDVI 0.23 против нормы 0.45 (z=-1.2) в течение 10 дн.; краткое отклонение, погодой не объясняется (вероятно агрооперация или ошибка данных)"
AOI-0028,2011,2011-04-01,2011-05-06,36,-1.2132317269265527,-1.1224671182278454,0.18319142761442953,0.49627063682419276,-0.31307920920976323,Угнетение биомассы,озимая пшеница,58.758435173129506,59.625579908449566,-2.4982372190846736,устойчивое угнетение без явного погодного сигнала,0.99,Угнетение биомассы: NDVI 0.18 против нормы 0.50 (z=-1.2) в течение 36 дн.; устойчивое угнетение без явного погодного сигнала
AOI-0044,2012,2012-09-14,2012-09-29,16,-1.213217277543806,-1.1367953933672428,0.13683943452472908,0.19599761540023364,-0.05915818087550456,Угнетение биомассы,зерновые,15.262265801350146,42.60537382178251,1.5231114860273662,дефицит осадков,0.36,Угнетение биомассы: NDVI 0.14 против нормы 0.20 (z=-1.2) в течение 16 дн.; дефицит осадков
AOI-0006,2020,2020-04-02,2020-05-20,49,-1.2128229150405887,-1.1283488579813803,0.2516692591555243,0.5180139098352281,-0.2663446506797038,Угнетение биомассы,озимая пшеница,,,,устойчивое угнетение без явного погодного сигнала,,Угнетение биомассы: NDVI 0.25 против нормы 0.52 (z=-1.2) в течение 49 дн.; устойчивое угнетение без явного погодного сигнала
AOI-0078,2016,2016-04-30,2016-05-16,17,-1.2123042729194229,-1.1386229902437508,0.30054854656193764,0.5540643563190836,-0.25351580975714594,Угнетение биомассы,озимая пшеница,133.40388079507818,72.34657426215895,-0.7575131363356171,"краткое отклонение, погодой не объясняется (вероятно агрооперация или ошибка данных)",1.84,"Угнетение биомассы: NDVI 0.30 против нормы 0.55 (z=-1.2) в течение 17 дн.; краткое отклонение, погодой не объясняется (вероятно агрооперация или ошибка данных)"
AOI-0035,2024,2024-05-10,2024-06-20,42,-1.2115939616627476,-1.1316704666459434,0.17444342932786275,0.42349377310440817,-0.24905034377654542,Угнетение биомассы,пастбища/зерновые,,,,устойчивое угнетение без явного погодного сигнала,,Угнетение биомассы: NDVI 0.17 против нормы 0.42 (z=-1.2) в течение 42 дн.; устойчивое угнетение без явного погодного сигнала
AOI-0052,2016,2016-06-19,2016-06-29,11,-1.2108954115466148,-1.1290616906269209,0.29784719802241016,0.5087397456448053,-0.21089254762239512,Угнетение биомассы,озимая пшеница,48.183504085964756,61.55036572954725,-0.8905006872221665,"краткое отклонение, погодой не объясняется (вероятно агрооперация или ошибка данных)",0.78,"Угнетение биомассы: NDVI 0.30 против нормы 0.51 (z=-1.2) в течение 11 дн.; краткое отклонение, погодой не объясняется (вероятно агрооперация или ошибка данных)"
AOI-0028,2019,2019-04-01,2019-04-20,20,-1.2105202009531648,-1.122326314294331,0.18472482800382184,0.4829009076777009,-0.29817607967387905,Угнетение биомассы,озимая пшеница,40.907634431924045,49.48111085218511,-0.33194309297219454,"краткое отклонение, погодой не объясняется (вероятно агрооперация или ошибка данных)",0.83,"Угнетение биомассы: NDVI 0.18 против нормы 0.48 (z=-1.2) в течение 20 дн.; краткое отклонение, погодой не объясняется (вероятно агрооперация или ошибка данных)"
AOI-0031,2018,2018-06-06,2018-07-03,28,-1.2101986062736485,-1.1508753310968014,0.17467079454945877,0.3244495235959103,-0.1497787290464515,Угнетение биомассы,пастбища/зерновые,30.949175796437146,43.07959953722662,1.2663591927829303,устойчивое угнетение без явного погодного сигнала,0.72,Угнетение биомассы: NDVI 0.17 против нормы 0.32 (z=-1.2) в течение 28 дн.; устойчивое угнетение без явного погодного сигнала
AOI-0064,2019,2019-07-16,2019-07-26,11,-1.2097352677201059,-1.1297684836829724,0.18198887990228235,0.4169587564016114,-0.23496987649932904,Угнетение биомассы,озимая пшеница,110.34380561070925,50.23628478150529,-3.1835413272710342,"краткое отклонение, погодой не объясняется (вероятно агрооперация или ошибка данных)",2.2,"Угнетение биомассы: NDVI 0.18 против нормы 0.42 (z=-1.2) в течение 11 дн.; краткое отклонение, погодой не объясняется (вероятно агрооперация или ошибка данных)"
AOI-0044,2011,2011-04-25,2011-06-03,40,-1.2088965480712468,-1.1133475020685921,0.2427613663042572,0.527435458025631,-0.28467409172137376,Угнетение биомассы,зерновые,66.52581934988886,63.32458865833972,-0.9497074914447137,устойчивое угнетение без явного погодного сигнала,1.05,Угнетение биомассы: NDVI 0.24 против нормы 0.53 (z=-1.2) в течение 40 дн.; устойчивое угнетение без явного погодного сигнала
AOI-0076,2020,2020-10-15,2020-10-26,12,-1.2077536168359588,-1.1297467582865144,0.18505493573490409,0.2882483571775656,-0.1031934214426615,Угнетение биомассы,озимая пшеница,,,,"краткое отклонение, погодой не объясняется (вероятно агрооперация или ошибка данных)",,"Угнетение биомассы: NDVI 0.19 против нормы 0.29 (z=-1.2) в течение 12 дн.; краткое отклонение, погодой не объясняется (вероятно агрооперация или ошибка данных)"
AOI-0020,2023,2023-04-25,2023-05-06,12,-1.2056807490035197,-1.1119881478638278,0.33483600551316073,0.5161611659137658,-0.1813251604006051,Угнетение биомассы,подсолнечник,108.24998064786938,74.14832258653587,-1.4295679516925557,"краткое отклонение, погодой не объясняется (вероятно агрооперация или ошибка данных)",1.46,"Угнетение биомассы: NDVI 0.33 против нормы 0.52 (z=-1.2) в течение 12 дн.; краткое отклонение, погодой не объясняется (вероятно агрооперация или ошибка данных)"
AOI-0020,2018,2018-10-20,2018-10-30,11,-1.2056287558440153,-1.1342484382158484,0.14343794682740835,0.25669370656118523,-0.11325575973377688,Угнетение биомассы,подсолнечник,31.7038050451353,36.951740838587945,2.0038170373414683,температурный стресс,0.86,Угнетение биомассы: NDVI 0.14 против нормы 0.26 (z=-1.2) в течение 11 дн.; температурный стресс
AOI-0062,2018,2018-07-02,2018-07-28,27,-1.204162370298202,-1.1399467494669868,0.2490065802360771,0.4595374624547365,-0.21053088221865937,Угнетение биомассы,озимая пшеница,,,,устойчивое угнетение без явного погодного сигнала,,Угнетение биомассы: NDVI 0.25 против нормы 0.46 (z=-1.2) в течение 27 дн.; устойчивое угнетение без явного погодного сигнала
AOI-0067,2014,2014-10-05,2014-10-14,10,-1.2026150899333783,-1.1259992319706134,0.1480578473336554,0.2331418581162164,-0.085084010782561,Угнетение биомассы,зерновые,49.12189869858316,48.88233035835872,-2.8190428963032823,"краткое отклонение, погодой не объясняется (вероятно агрооперация или ошибка данных)",1.0,"Угнетение биомассы: NDVI 0.15 против нормы 0.23 (z=-1.2) в течение 10 дн.; краткое отклонение, погодой не объясняется (вероятно агрооперация или ошибка данных)"
AOI-0015,2015,2015-04-12,2015-04-21,10,-1.2021968827585738,-1.1329252435531099,0.2540323503429632,0.45124080791639,-0.1972084575734268,Угнетение биомассы,озимая пшеница,102.62839365613418,56.043534315903415,-1.6800737895016007,"краткое отклонение, погодой не объясняется (вероятно агрооперация или ошибка данных)",1.83,"Угнетение биомассы: NDVI 0.25 против нормы 0.45 (z=-1.2) в течение 10 дн.; краткое отклонение, погодой не объясняется (вероятно агрооперация или ошибка данных)"
AOI-0034,2021,2021-05-28,2021-06-08,12,-1.2016957960530608,-1.1221494227568372,0.16948311684774453,0.4135284980701604,-0.24404538122241587,Угнетение биомассы,пастбища/зерновые,41.18380019906305,48.361766286709205,0.4642594155304141,"краткое отклонение, погодой не объясняется (вероятно агрооперация или ошибка данных)",0.85,"Угнетение биомассы: NDVI 0.17 против нормы 0.41 (z=-1.2) в течение 12 дн.; краткое отклонение, погодой не объясняется (вероятно агрооперация или ошибка данных)"
AOI-0021,2024,2024-06-20,2024-06-29,10,-1.2016886104782016,-1.1288848459189464,0.35102345308798716,0.5254391732665198,-0.17441572017853263,Угнетение биомассы,подсолнечник,16.120000862100525,57.94768659851907,2.557219919180598,засуха: осадки ниже нормы и жара,0.28,Угнетение биомассы: NDVI 0.35 против нормы 0.53 (z=-1.2) в течение 10 дн.; засуха: осадки ниже нормы и жара
AOI-0007,2024,2024-06-09,2024-06-22,14,-1.2005938948549624,-1.1124242116875518,0.29040562127508235,0.5383184094602453,-0.247912788185163,Угнетение биомассы,озимая пшеница,24.305620840064325,62.25875584620452,1.7429150557766124,дефицит осадков,0.39,Угнетение биомассы: NDVI 0.29 против нормы 0.54 (z=-1.2) в течение 14 дн.; дефицит осадков
AOI-0068,2012,2012-10-07,2012-10-16,10,-1.2002122808976436,-1.1347267485201697,0.16742598638594317,0.2807639793710007,-0.11333799298505756,Угнетение биомассы,зерновые,23.56491668109193,45.41005404049491,3.193974334174615,засуха: осадки ниже нормы и жара,0.52,Угнетение биомассы: NDVI 0.17 против нормы 0.28 (z=-1.2) в течение 10 дн.; засуха: осадки ниже нормы и жара
AOI-0042,2025,2025-05-11,2025-06-06,27,-1.1998046162500557,-1.0986788795030857,0.18040961998506488,0.44638831629146064,-0.26597869630639576,Угнетение биомассы,зерновые,60.630240055035614,48.979061623988166,-0.5104382908518224,устойчивое угнетение без явного погодного сигнала,1.24,Угнетение биомассы: NDVI 0.18 против нормы 0.45 (z=-1.2) в течение 27 дн.; устойчивое угнетение без явного погодного сигнала
AOI-0070,2014,2014-05-13,2014-06-08,27,-1.1996866791925453,-1.121978134847142,0.26398827024782956,0.4626468868404508,-0.19865861659262124,Угнетение биомассы,зерновые,42.26693570668523,54.56476629373906,1.997252969937548,устойчивое угнетение без явного погодного сигнала,0.77,Угнетение биомассы: NDVI 0.26 против нормы 0.46 (z=-1.2) в течение 27 дн.; устойчивое угнетение без явного погодного сигнала
AOI-0034,2025,2025-05-27,2025-06-09,14,-1.1986165040851486,-1.1253010197624782,0.17191581095569677,0.4149787153114562,-0.24306290435575942,Угнетение биомассы,пастбища/зерновые,65.18973247300634,48.37833439712415,-1.2927280387805171,"краткое отклонение, погодой не объясняется (вероятно агрооперация или ошибка данных)",1.35,"Угнетение биомассы: NDVI 0.17 против нормы 0.41 (z=-1.2) в течение 14 дн.; краткое отклонение, погодой не объясняется (вероятно агрооперация или ошибка данных)"
AOI-0067,2014,2014-06-15,2014-07-10,26,-1.1981646356813966,-1.105052707619661,0.2063569041596654,0.409747456172318,-0.2033905520126526,Угнетение биомассы,зерновые,46.14347213398089,40.64208450874102,-1.5638961006961973,устойчивое угнетение без явного погодного сигнала,1.14,Угнетение биомассы: NDVI 0.21 против нормы 0.41 (z=-1.2) в течение 26 дн.; устойчивое угнетение без явного погодного сигнала
AOI-0062,2013,2013-04-07,2013-04-23,17,-1.1976215752886963,-1.1109719385308763,0.3059538721673625,0.5804161590039763,-0.2744622868366138,Угнетение биомассы,озимая пшеница,,,,"краткое отклонение, погодой не объясняется (вероятно агрооперация или ошибка данных)",,"Угнетение биомассы: NDVI 0.31 против нормы 0.58 (z=-1.2) в течение 17 дн.; краткое отклонение, погодой не объясняется (вероятно агрооперация или ошибка данных)"
AOI-0042,2021,2021-06-14,2021-06-30,17,-1.1974508478550672,-1.1091177181027,0.14916994399456723,0.23830105081352015,-0.08913110681895292,Угнетение биомассы,зерновые,46.453153029126156,35.229772339053305,0.4461578264841865,"краткое отклонение, погодой не объясняется (вероятно агрооперация или ошибка данных)",1.32,"Угнетение биомассы: NDVI 0.15 против нормы 0.24 (z=-1.2) в течение 17 дн.; краткое отклонение, погодой не объясняется (вероятно агрооперация или ошибка данных)"
AOI-0014,2016,2016-04-26,2016-05-17,22,-1.1968230606939256,-1.1132381095295154,0.3431568401039492,0.6200106094115128,-0.27685376930756356,Угнетение биомассы,озимая пшеница,121.09626285869658,74.45547926711275,-0.5150103356780341,устойчивое угнетение без явного погодного сигнала,1.63,Угнетение биомассы: NDVI 0.34 против нормы 0.62 (z=-1.2) в течение 22 дн.; устойчивое угнетение без явного погодного сигнала
AOI-0011,2012,2012-06-09,2012-06-21,13,-1.1958612713849308,-1.1069571246571814,0.3997576635344987,0.5766428549293715,-0.1768851913948728,Угнетение биомассы,озимая пшеница,80.71877492375114,62.51117177363756,0.2598826653070674,"краткое отклонение, погодой не объясняется (вероятно агрооперация или ошибка данных)",1.29,"Угнетение биомассы: NDVI 0.40 против нормы 0.58 (z=-1.2) в течение 13 дн.; краткое отклонение, погодой не объясняется (вероятно агрооперация или ошибка данных)"
AOI-0012,2020,2020-06-25,2020-07-11,17,-1.1956801873843947,-1.1177569123278963,0.19553315960300666,0.2984500920677915,-0.10291693246478484,Угнетение биомассы,озимая пшеница,,,,"краткое отклонение, погодой не объясняется (вероятно агрооперация или ошибка данных)",,"Угнетение биомассы: NDVI 0.20 против нормы 0.30 (z=-1.2) в течение 17 дн.; краткое отклонение, погодой не объясняется (вероятно агрооперация или ошибка данных)"
AOI-0003,2010,2010-08-30,2010-09-10,12,-1.195425616581371,-1.1137710375109,0.15919625050983344,0.24656281669026114,-0.08736656618042771,Угнетение биомассы,озимая пшеница,15.623586111356206,32.18170682247324,0.947753516830784,дефицит осадков,0.49,Угнетение биомассы: NDVI 0.16 против нормы 0.25 (z=-1.2) в течение 12 дн.; дефицит осадков
AOI-0040,2018,2018-05-10,2018-06-12,34,-1.195307752501239,-1.1076803291231747,0.1833486506471101,0.4423779852743336,-0.2590293346272235,Угнетение биомассы,зерновые,8.26313936603995,47.36197624099043,1.042125682457587,дефицит осадков,0.17,Угнетение биомассы: NDVI 0.18 против нормы 0.44 (z=-1.2) в течение 34 дн.; дефицит осадков
AOI-0045,2010,2010-04-01,2010-04-18,18,-1.1945536470850697,-1.084831798785344,0.18161684761617178,0.43750708544428757,-0.2558902378281158,Угнетение биомассы,зерновые,29.4316185692954,37.88265749047278,-1.3461921995787292,"краткое отклонение, погодой не объясняется (вероятно агрооперация или ошибка данных)",0.78,"Угнетение биомассы: NDVI 0.18 против нормы 0.44 (z=-1.2) в течение 18 дн.; краткое отклонение, погодой не объясняется (вероятно агрооперация или ошибка данных)"
AOI-0070,2010,2010-05-12,2010-05-21,10,-1.1943214400418463,-1.1204203325383337,0.2855074512936817,0.4906340227896351,-0.20512657149595337,Угнетение биомассы,зерновые,125.4352865074402,54.57264081068962,-0.09268635671835064,"краткое отклонение, погодой не объясняется (вероятно агрооперация или ошибка данных)",2.3,"Угнетение биомассы: NDVI 0.29 против нормы 0.49 (z=-1.2) в течение 10 дн.; краткое отклонение, погодой не объясняется (вероятно агрооперация или ошибка данных)"
AOI-0033,2011,2011-04-09,2011-04-19,11,-1.1942470590895056,-1.1011016123291861,0.20411805478379969,0.4274516354196663,-0.2233335806358666,Угнетение биомассы,пастбища/зерновые,79.20881020951403,41.98357284711119,-2.336196068105845,"краткое отклонение, погодой не объясняется (вероятно агрооперация или ошибка данных)",1.89,"Угнетение биомассы: NDVI 0.20 против нормы 0.43 (z=-1.2) в течение 11 дн.; краткое отклонение, погодой не объясняется (вероятно агрооперация или ошибка данных)"
AOI-0033,2020,2020-10-17,2020-10-30,14,-1.194015525400201,-1.1239950536761942,0.1400780846407732,0.2683036476237587,-0.12822556298298549,Угнетение биомассы,пастбища/зерновые,17.552997098956777,30.39105664238176,3.5046764370375976,засуха: осадки ниже нормы и жара,0.58,Угнетение биомассы: NDVI 0.14 против нормы 0.27 (z=-1.2) в течение 14 дн.; засуха: осадки ниже нормы и жара
AOI-0033,2020,2020-09-01,2020-09-11,11,-1.191755319050992,-1.1219417696540719,0.1270018857393586,0.18257844414124325,-0.055576558401884635,Угнетение биомассы,пастбища/зерновые,1.2970237970093137,39.51752302791995,0.6291342054657314,дефицит осадков,0.03,Угнетение биомассы: NDVI 0.13 против нормы 0.18 (z=-1.2) в течение 11 дн.; дефицит осадков
AOI-0044,2024,2024-07-27,2024-08-11,16,-1.1903228486150093,-1.112674541867757,0.1369071968046718,0.2235886305740904,-0.08668143376941859,Угнетение биомассы,зерновые,10.102582786290615,30.830759389806982,0.22703560658785427,дефицит осадков,0.33,Угнетение биомассы: NDVI 0.14 против нормы 0.22 (z=-1.2) в течение 16 дн.; дефицит осадков
AOI-0076,2023,2023-05-05,2023-05-25,21,-1.1880640065641521,-1.1112041451770165,0.2944108370216791,0.4918903015994673,-0.1974794645777882,Угнетение биомассы,озимая пшеница,,,,устойчивое угнетение без явного погодного сигнала,,Угнетение биомассы: NDVI 0.29 против нормы 0.49 (z=-1.2) в течение 21 дн.; устойчивое угнетение без явного погодного сигнала
AOI-0024,2024,2024-09-21,2024-10-04,14,-1.1877374881790652,-1.0869746265393765,0.16246003508025744,0.24774963541563702,-0.08528960033537958,Угнетение биомассы,подсолнечник,13.150919834330159,48.85139137459907,2.5261985230332185,засуха: осадки ниже нормы и жара,0.27,Угнетение биомассы: NDVI 0.16 против нормы 0.25 (z=-1.2) в течение 14 дн.; засуха: осадки ниже нормы и жара
AOI-0009,2025,2025-10-05,2025-10-15,11,-1.1873328663874851,-1.124912724006131,0.14786617530815602,0.23078112081142843,-0.08291494550327241,Угнетение биомассы,озимая пшеница,68.17496041051028,54.02659367891238,-0.7100139667072998,"краткое отклонение, погодой не объясняется (вероятно агрооперация или ошибка данных)",1.26,"Угнетение биомассы: NDVI 0.15 против нормы 0.23 (z=-1.2) в течение 11 дн.; краткое отклонение, погодой не объясняется (вероятно агрооперация или ошибка данных)"
AOI-0032,2024,2024-04-01,2024-04-23,23,-1.1870083136787697,-1.1120675807712406,0.18912054572129894,0.39082042724849225,-0.20169988152719331,Угнетение биомассы,пастбища/зерновые,17.894794678850257,39.800088142714884,4.246687380963912,засуха: осадки ниже нормы и жара,0.45,Угнетение биомассы: NDVI 0.19 против нормы 0.39 (z=-1.2) в течение 23 дн.; засуха: осадки ниже нормы и жара
AOI-0052,2025,2025-08-03,2025-09-08,37,-1.186539896621677,-1.110176483508942,0.1585090933913587,0.30356710559992656,-0.14505801220856784,Угнетение биомассы,озимая пшеница,12.467120578022294,32.764189443604046,-0.05919948210395074,дефицит осадков,0.38,Угнетение биомассы: NDVI 0.16 против нормы 0.30 (z=-1.2) в течение 37 дн.; дефицит осадков
AOI-0022,2010,2010-04-11,2010-04-22,12,-1.1845664891536423,-1.1113448335273757,0.20351835364759582,0.4484597991144512,-0.2449414454668554,Угнетение биомассы,подсолнечник,34.37366868779831,55.17055690039381,-0.8619060059566258,"краткое отклонение, погодой не объясняется (вероятно агрооперация или ошибка данных)",0.62,"Угнетение биомассы: NDVI 0.20 против нормы 0.45 (z=-1.2) в течение 12 дн.; краткое отклонение, погодой не объясняется (вероятно агрооперация или ошибка данных)"
AOI-0074,2023,2023-08-01,2023-08-14,14,-1.1837286992441522,-1.1203162738344237,0.2180079936562236,0.46479975367120846,-0.24679176001498487,Угнетение биомассы,озимая пшеница,40.706753173991366,49.502874713847255,-0.04699066930723207,"краткое отклонение, погодой не объясняется (вероятно агрооперация или ошибка данных)",0.82,"Угнетение биомассы: NDVI 0.22 против нормы 0.46 (z=-1.2) в течение 14 дн.; краткое отклонение, погодой не объясняется (вероятно агрооперация или ошибка данных)"
AOI-0038,2024,2024-10-02,2024-10-22,21,-1.1836402171113385,-1.1202605069508356,0.16935516073118462,0.2711324705648445,-0.1017773098336599,Угнетение биомассы,зерновые,14.062530646140171,40.14392714452213,1.172424968029697,дефицит осадков,0.35,Угнетение биомассы: NDVI 0.17 против нормы 0.27 (z=-1.2) в течение 21 дн.; дефицит осадков
AOI-0003,2010,2010-04-01,2010-04-15,15,-1.183598905585611,-1.1241844720742025,0.21082140363474117,0.4361541874580743,-0.22533278382333316,Угнетение биомассы,озимая пшеница,31.703308086412108,45.92255625500115,-0.9203991782310912,"краткое отклонение, погодой не объясняется (вероятно агрооперация или ошибка данных)",0.69,"Угнетение биомассы: NDVI 0.21 против нормы 0.44 (z=-1.2) в течение 15 дн.; краткое отклонение, погодой не объясняется (вероятно агрооперация или ошибка данных)"
AOI-0037,2024,2024-08-18,2024-08-28,11,-1.182821401583147,-1.1052246183035768,0.20002828524118188,0.26420356710669024,-0.06417528186550836,Угнетение биомассы,зерновые,3.339817923140228,22.542705390437888,0.6863020925453505,дефицит осадков,0.15,Угнетение биомассы: NDVI 0.20 против нормы 0.26 (z=-1.2) в течение 11 дн.; дефицит осадков
AOI-0073,2024,2024-10-02,2024-10-22,21,-1.1827783088306931,-1.1056264617555844,0.17925146003967957,0.2567951321224295,-0.07754367208274993,Угнетение биомассы,озимая пшеница,27.31882074001475,56.04718301052788,2.1445818677555946,засуха: осадки ниже нормы и жара,0.49,Угнетение биомассы: NDVI 0.18 против нормы 0.26 (z=-1.2) в течение 21 дн.; засуха: осадки ниже нормы и жара
AOI-0010,2017,2017-08-04,2017-08-13,10,-1.1801354516363813,-1.1161767206085007,0.15862467263096955,0.2349498711680884,-0.07632519853711886,Угнетение биомассы,озимая пшеница,,,,"краткое отклонение, погодой не объясняется (вероятно агрооперация или ошибка данных)",,"Угнетение биомассы: NDVI 0.16 против нормы 0.23 (z=-1.2) в течение 10 дн.; краткое отклонение, погодой не объясняется (вероятно агрооперация или ошибка данных)"
AOI-0001,2020,2020-07-11,2020-07-23,13,-1.1779794127778895,-1.1162016925855454,0.20335173967494324,0.4112554860246558,-0.20790374634971254,Угнетение биомассы,озимая пшеница,32.74353263692229,42.1530784150456,0.36705964392481366,"краткое отклонение, погодой не объясняется (вероятно агрооперация или ошибка данных)",0.78,"Угнетение биомассы: NDVI 0.20 против нормы 0.41 (z=-1.2) в течение 13 дн.; краткое отклонение, погодой не объясняется (вероятно агрооперация или ошибка данных)"
AOI-0002,2014,2014-06-21,2014-07-05,15,-1.1776362001564917,-1.1172948183800524,0.3017524670023277,0.4867533094588505,-0.18500084245652276,Угнетение биомассы,озимая пшеница,75.14264993180336,54.92913422397294,-1.0917830225620013,"краткое отклонение, погодой не объясняется (вероятно агрооперация или ошибка данных)",1.37,"Угнетение биомассы: NDVI 0.30 против нормы 0.49 (z=-1.2) в течение 15 дн.; краткое отклонение, погодой не объясняется (вероятно агрооперация или ошибка данных)"
AOI-0032,2020,2020-08-09,2020-08-20,12,-1.1769442843999505,-1.098926389112782,0.1206790011066179,0.17998931453173203,-0.05931031342511413,Угнетение биомассы,пастбища/зерновые,4.841395467078218,25.355664913797487,-0.5807313884612059,дефицит осадков,0.19,Угнетение биомассы: NDVI 0.12 против нормы 0.18 (z=-1.2) в течение 12 дн.; дефицит осадков
AOI-0032,2023,2023-04-06,2023-04-20,15,-1.1752698806663975,-1.1051846900843387,0.18275359229384777,0.38325844869626924,-0.20050485640242147,Угнетение биомассы,пастбища/зерновые,41.20148328718565,39.095003883240906,0.020807574178527823,"краткое отклонение, погодой не объясняется (вероятно агрооперация или ошибка данных)",1.05,"Угнетение биомассы: NDVI 0.18 против нормы 0.38 (z=-1.2) в течение 15 дн.; краткое отклонение, погодой не объясняется (вероятно агрооперация или ошибка данных)"
AOI-0020,2019,2019-07-01,2019-07-10,10,-1.175153402105787,-1.1005529927286506,0.2398319133527183,0.4450133683160759,-0.2051814549633576,Угнетение биомассы,подсолнечник,102.73964675867796,59.27154252877269,-0.62385425073,"краткое отклонение, погодой не объясняется (вероятно агрооперация или ошибка данных)",1.73,"Угнетение биомассы: NDVI 0.24 против нормы 0.45 (z=-1.2) в течение 10 дн.; краткое отклонение, погодой не объясняется (вероятно агрооперация или ошибка данных)"
AOI-0007,2020,2020-10-03,2020-10-13,11,-1.1748201512152863,-1.1153618348585335,0.1502144877630537,0.22264657234232257,-0.07243208457926886,Угнетение биомассы,озимая пшеница,38.58122718849218,55.279951980282746,2.9152066535000176,температурный стресс,0.7,Угнетение биомассы: NDVI 0.15 против нормы 0.22 (z=-1.2) в течение 11 дн.; температурный стресс
AOI-0046,2010,2010-04-27,2010-05-06,10,-1.1745515234172137,-1.1035970955298942,0.22472699310896926,0.5137630122342268,-0.28903601912525756,Угнетение биомассы,зерновые,122.15052972807534,65.28357978956454,-0.29306314736478944,"краткое отклонение, погодой не объясняется (вероятно агрооперация или ошибка данных)",1.87,"Угнетение биомассы: NDVI 0.22 против нормы 0.51 (z=-1.2) в течение 10 дн.; краткое отклонение, погодой не объясняется (вероятно агрооперация или ошибка данных)"
AOI-0044,2014,2014-05-30,2014-06-17,19,-1.1745363183863495,-1.088846761922419,0.25360390695819646,0.499062029352401,-0.24545812239420456,Угнетение биомассы,зерновые,54.476998243258684,58.5196186840597,0.5693233483988444,"краткое отклонение, погодой не объясняется (вероятно агрооперация или ошибка данных)",0.93,"Угнетение биомассы: NDVI 0.25 против нормы 0.50 (z=-1.2) в течение 19 дн.; краткое отклонение, погодой не объясняется (вероятно агрооперация или ошибка данных)"
AOI-0041,2024,2024-05-25,2024-06-03,10,-1.1742556355596072,-1.1131404053119396,0.44074135800894354,0.5210161843395446,-0.08027482633060101,Угнетение биомассы,зерновые,,,,"краткое отклонение, погодой не объясняется (вероятно агрооперация или ошибка данных)",,"Угнетение биомассы: NDVI 0.44 против нормы 0.52 (z=-1.2) в течение 10 дн.; краткое отклонение, погодой не объясняется (вероятно агрооперация или ошибка данных)"
AOI-0076,2017,2017-07-22,2017-08-17,27,-1.1742462112200418,-1.1340335927206926,0.2623647814047669,0.4521558048165149,-0.18979102341174803,Угнетение биомассы,озимая пшеница,,,,устойчивое угнетение без явного погодного сигнала,,Угнетение биомассы: NDVI 0.26 против нормы 0.45 (z=-1.2) в течение 27 дн.; устойчивое угнетение без явного погодного сигнала
AOI-0013,2014,2014-07-08,2014-08-16,40,-1.173675443764507,-1.097601476842116,0.3818281699419459,0.48678416148380976,-0.10495599154186386,Угнетение биомассы,озимая пшеница,,,,устойчивое угнетение без явного погодного сигнала,,Угнетение биомассы: NDVI 0.38 против нормы 0.49 (z=-1.2) в течение 40 дн.; устойчивое угнетение без явного погодного сигнала
AOI-0068,2018,2018-10-17,2018-10-28,12,-1.1735076144763688,-1.1045754931702119,0.18125054068624535,0.29971489020750625,-0.11846434952126089,Угнетение биомассы,зерновые,23.731994778599958,34.52294765360332,2.0780362046230003,температурный стресс,0.69,Угнетение биомассы: NDVI 0.18 против нормы 0.30 (z=-1.2) в течение 12 дн.; температурный стресс
AOI-0034,2023,2023-04-11,2023-05-08,28,-1.1733051944568043,-1.0877298582694668,0.18822763118632352,0.48364156049696516,-0.29541392931064164,Угнетение биомассы,пастбища/зерновые,58.34935523521015,49.091818958388004,-0.44510380495847957,устойчивое угнетение без явного погодного сигнала,1.19,Угнетение биомассы: NDVI 0.19 против нормы 0.48 (z=-1.2) в течение 28 дн.; устойчивое угнетение без явного погодного сигнала
AOI-0002,2024,2024-06-08,2024-06-17,10,-1.1731463775330118,-1.1137487838927709,0.4632582220548821,0.6430261184055772,-0.17976789635069512,Угнетение биомассы,озимая пшеница,22.065853703803736,67.25041252673644,1.5418270351678633,дефицит осадков,0.33,Угнетение биомассы: NDVI 0.46 против нормы 0.64 (z=-1.2) в течение 10 дн.; дефицит осадков
AOI-0044,2017,2017-04-26,2017-05-07,12,-1.1719470242865997,-1.1031734857592637,0.22225483982192462,0.4983994063210094,-0.27614456649908475,Угнетение биомассы,зерновые,82.15754689754107,62.214361339926675,-1.2269341971373964,"краткое отклонение, погодой не объясняется (вероятно агрооперация или ошибка данных)",1.32,"Угнетение биомассы: NDVI 0.22 против нормы 0.50 (z=-1.2) в течение 12 дн.; краткое отклонение, погодой не объясняется (вероятно агрооперация или ошибка данных)"
AOI-0049,2020,2020-06-20,2020-07-07,18,-1.171376091123538,-1.1064843397418553,0.2614029239633896,0.5148487112645869,-0.25344578730119727,Угнетение биомассы,озимая пшеница,39.881654235347746,58.994789724387715,1.0528954384620004,"краткое отклонение, погодой не объясняется (вероятно агрооперация или ошибка данных)",0.68,"Угнетение биомассы: NDVI 0.26 против нормы 0.51 (z=-1.2) в течение 18 дн.; краткое отклонение, погодой не объясняется (вероятно агрооперация или ошибка данных)"
AOI-0070,2020,2020-07-30,2020-08-08,10,-1.1711215504350556,-1.105946400318092,0.1573036065907273,0.2483721761569016,-0.09106856956617429,Угнетение биомассы,зерновые,10.142255869256186,32.83917786368349,-1.1101798552551263,дефицит осадков,0.31,Угнетение биомассы: NDVI 0.16 против нормы 0.25 (z=-1.2) в течение 10 дн.; дефицит осадков
AOI-0032,2012,2012-10-18,2012-10-30,13,-1.1702589357462756,-1.0562592334291887,0.1334063692843996,0.2333644175763643,-0.0999580482919647,Угнетение биомассы,пастбища/зерновые,9.677270494241094,29.6550187702777,2.874231851529771,засуха: осадки ниже нормы и жара,0.33,Угнетение биомассы: NDVI 0.13 против нормы 0.23 (z=-1.2) в течение 13 дн.; засуха: осадки ниже нормы и жара
AOI-0067,2019,2019-07-03,2019-07-15,13,-1.1702136217968846,-1.0832258404711024,0.20772243391358144,0.41144379841495715,-0.2037213645013757,Угнетение биомассы,зерновые,53.241502517017544,40.3763059584617,-1.4284907677221261,"краткое отклонение, погодой не объясняется (вероятно агрооперация или ошибка данных)",1.32,"Угнетение биомассы: NDVI 0.21 против нормы 0.41 (z=-1.2) в течение 13 дн.; краткое отклонение, погодой не объясняется (вероятно агрооперация или ошибка данных)"
AOI-0013,2018,2018-04-23,2018-05-09,17,-1.1699122706262146,-1.0990363003670722,0.3188090167236927,0.45195193296232344,-0.13314291623863073,Угнетение биомассы,озимая пшеница,,,,"краткое отклонение, погодой не объясняется (вероятно агрооперация или ошибка данных)",,"Угнетение биомассы: NDVI 0.32 против нормы 0.45 (z=-1.2) в течение 17 дн.; краткое отклонение, погодой не объясняется (вероятно агрооперация или ошибка данных)"
AOI-0020,2014,2014-06-05,2014-06-16,12,-1.1697748065301627,-1.1192642055139859,0.4327903932552146,0.6144517835258484,-0.18166139027063377,Угнетение биомассы,подсолнечник,60.78427674262225,66.25191012068967,0.23379032322611426,"краткое отклонение, погодой не объясняется (вероятно агрооперация или ошибка данных)",0.92,"Угнетение биомассы: NDVI 0.43 против нормы 0.61 (z=-1.2) в течение 12 дн.; краткое отклонение, погодой не объясняется (вероятно агрооперация или ошибка данных)"
AOI-0058,2024,2024-10-01,2024-10-10,10,-1.169589242982198,-1.0843030032661434,0.21794697712100933,0.35517686090245304,-0.1372298837814437,Угнетение биомассы,озимая пшеница,27.45020903587339,47.504701179889224,1.5534673432797137,дефицит осадков,0.58,Угнетение биомассы: NDVI 0.22 против нормы 0.36 (z=-1.2) в течение 10 дн.; дефицит осадков
AOI-0067,2016,2016-09-01,2016-09-11,11,-1.167880984360622,-1.109143967813363,0.1833726418692567,0.301203912894631,-0.1178312710253743,Угнетение биомассы,зерновые,46.98887763408683,37.14697566699717,-0.10097681661096368,"краткое отклонение, погодой не объясняется (вероятно агрооперация или ошибка данных)",1.26,"Угнетение биомассы: NDVI 0.18 против нормы 0.30 (z=-1.2) в течение 11 дн.; краткое отклонение, погодой не объясняется (вероятно агрооперация или ошибка данных)"
AOI-0042,2021,2021-04-01,2021-04-20,20,-1.1650905749556435,-1.1010127891610135,0.13321869079600865,0.37811475383005716,-0.2448960630340485,Угнетение биомассы,зерновые,63.03841956783724,34.174384056841376,-0.15117539181444783,"краткое отклонение, погодой не объясняется (вероятно агрооперация или ошибка данных)",1.84,"Угнетение биомассы: NDVI 0.13 против нормы 0.38 (z=-1.2) в течение 20 дн.; краткое отклонение, погодой не объясняется (вероятно агрооперация или ошибка данных)"
AOI-0017,2023,2023-10-09,2023-10-21,13,-1.1640828121646127,-1.110868598514508,0.2702814733368565,0.42960765596523715,-0.15932618262838066,Угнетение биомассы,озимая пшеница,,,,"краткое отклонение, погодой не объясняется (вероятно агрооперация или ошибка данных)",,"Угнетение биомассы: NDVI 0.27 против нормы 0.43 (z=-1.2) в течение 13 дн.; краткое отклонение, погодой не объясняется (вероятно агрооперация или ошибка данных)"
AOI-0064,2023,2023-04-14,2023-05-03,20,-1.1634917015369772,-1.1038324526215715,0.33988291289686623,0.5550532894954323,-0.21517037659856608,Угнетение биомассы,озимая пшеница,93.21514027496444,75.21519002285228,-0.9937170917042334,"краткое отклонение, погодой не объясняется (вероятно агрооперация или ошибка данных)",1.24,"Угнетение биомассы: NDVI 0.34 против нормы 0.56 (z=-1.2) в течение 20 дн.; краткое отклонение, погодой не объясняется (вероятно агрооперация или ошибка данных)"
AOI-0051,2019,2019-09-14,2019-09-23,10,-1.1634714281066145,-1.0957481035871677,0.2280052858929283,0.3442493199666437,-0.11624403407371542,Угнетение биомассы,озимая пшеница,,,,"краткое отклонение, погодой не объясняется (вероятно агрооперация или ошибка данных)",,"Угнетение биомассы: NDVI 0.23 против нормы 0.34 (z=-1.2) в течение 10 дн.; краткое отклонение, погодой не объясняется (вероятно агрооперация или ошибка данных)"
AOI-0045,2012,2012-10-13,2012-10-29,17,-1.1632781805920984,-1.0832877408949773,0.12587124116331425,0.27636002440067764,-0.1504887832373634,Угнетение биомассы,зерновые,20.186970996971475,36.693469835211395,3.076196826630849,засуха: осадки ниже нормы и жара,0.55,Угнетение биомассы: NDVI 0.13 против нормы 0.28 (z=-1.2) в течение 17 дн.; засуха: осадки ниже нормы и жара
AOI-0020,2024,2024-09-21,2024-10-05,15,-1.1622676571646988,-1.0883979003283044,0.15707521582632109,0.23448762217483385,-0.07741240634851276,Угнетение биомассы,подсолнечник,12.071814467170817,47.680452938285406,2.4219789113636443,засуха: осадки ниже нормы и жара,0.25,Угнетение биомассы: NDVI 0.16 против нормы 0.23 (z=-1.2) в течение 15 дн.; засуха: осадки ниже нормы и жара
AOI-0072,2015,2015-05-28,2015-06-07,11,-1.1619307127122225,-1.0951472632681962,0.207264642213387,0.4396074713633483,-0.23234282914996132,Угнетение биомассы,зерновые,26.30493083282365,52.03479536581465,0.8318265430750045,дефицит осадков,0.51,Угнетение биомассы: NDVI 0.21 против нормы 0.44 (z=-1.2) в течение 11 дн.; дефицит осадков
AOI-0024,2010,2010-04-26,2010-05-06,11,-1.160360882026761,-1.0962678020772478,0.23226127695691326,0.4874690735225043,-0.255207796565591,Угнетение биомассы,подсолнечник,88.71364680533327,74.78701661652396,-0.15206334816376277,"краткое отклонение, погодой не объясняется (вероятно агрооперация или ошибка данных)",1.19,"Угнетение биомассы: NDVI 0.23 против нормы 0.49 (z=-1.2) в течение 11 дн.; краткое отклонение, погодой не объясняется (вероятно агрооперация или ошибка данных)"
AOI-0045,2011,2011-04-01,2011-04-18,18,-1.160070611931886,-1.0694930634034603,0.1847201801892559,0.43710646639860673,-0.25238628620935083,Угнетение биомассы,зерновые,33.38123192803227,37.88265749047278,-2.4559256993203307,"краткое отклонение, погодой не объясняется (вероятно агрооперация или ошибка данных)",0.88,"Угнетение биомассы: NDVI 0.18 против нормы 0.44 (z=-1.2) в течение 18 дн.; краткое отклонение, погодой не объясняется (вероятно агрооперация или ошибка данных)"
AOI-0008,2014,2014-06-22,2014-07-12,21,-1.1594498175301462,-1.1200881356786354,0.2613491746584989,0.4189454292805256,-0.1575962546220267,Угнетение биомассы,озимая пшеница,,,,устойчивое угнетение без явного погодного сигнала,,Угнетение биомассы: NDVI 0.26 против нормы 0.42 (z=-1.2) в течение 21 дн.; устойчивое угнетение без явного погодного сигнала
AOI-0044,2020,2020-09-30,2020-10-11,12,-1.1594210605807798,-1.096440941794847,0.13822869892126735,0.20660217845948545,-0.0683734795382181,Угнетение биомассы,зерновые,24.668060983364864,47.757941344096565,2.776385525061094,засуха: осадки ниже нормы и жара,0.52,Угнетение биомассы: NDVI 0.14 против нормы 0.21 (z=-1.2) в течение 12 дн.; засуха: осадки ниже нормы и жара
AOI-0001,2012,2012-06-09,2012-06-23,15,-1.1571062356739823,-1.1019299769264281,0.39385093761765605,0.5831002427067582,-0.18924930508910215,Угнетение биомассы,озимая пшеница,79.51317145285468,63.0373878633801,-0.2962962439421001,"краткое отклонение, погодой не объясняется (вероятно агрооперация или ошибка данных)",1.26,"Угнетение биомассы: NDVI 0.39 против нормы 0.58 (z=-1.2) в течение 15 дн.; краткое отклонение, погодой не объясняется (вероятно агрооперация или ошибка данных)"
AOI-0045,2020,2020-10-21,2020-10-30,10,-1.1569528062979795,-1.1138497687169118,0.12086418322140347,0.2948101347440869,-0.17394595152268344,Угнетение биомассы,зерновые,25.49956032273677,31.291277318856565,3.894005353079713,температурный стресс,0.81,Угнетение биомассы: NDVI 0.12 против нормы 0.29 (z=-1.2) в течение 10 дн.; температурный стресс
AOI-0041,2025,2025-08-01,2025-08-17,17,-1.15586063109438,-1.0944651705200292,0.2332216326866791,0.31353161052235645,-0.08030997783567737,Угнетение биомассы,зерновые,,,,"краткое отклонение, погодой не объясняется (вероятно агрооперация или ошибка данных)",,"Угнетение биомассы: NDVI 0.23 против нормы 0.31 (z=-1.2) в течение 17 дн.; краткое отклонение, погодой не объясняется (вероятно агрооперация или ошибка данных)"
AOI-0034,2018,2018-10-19,2018-10-30,12,-1.1551667642226238,-1.1146019197697672,0.18044247910445488,0.4394196569951054,-0.2589771778906505,Угнетение биомассы,пастбища/зерновые,21.695391807429704,29.191908170920964,1.7575465183960197,"краткое отклонение, погодой не объясняется (вероятно агрооперация или ошибка данных)",0.74,"Угнетение биомассы: NDVI 0.18 против нормы 0.44 (z=-1.2) в течение 12 дн.; краткое отклонение, погодой не объясняется (вероятно агрооперация или ошибка данных)"
AOI-0022,2020,2020-04-17,2020-05-03,17,-1.1540485834091017,-1.1087708802305956,0.26450762793552934,0.5378927794066903,-0.273385151471161,Угнетение биомассы,подсолнечник,53.393444284776926,69.71172665315129,-1.4053905393767863,"краткое отклонение, погодой не объясняется (вероятно агрооперация или ошибка данных)",0.77,"Угнетение биомассы: NDVI 0.26 против нормы 0.54 (z=-1.2) в течение 17 дн.; краткое отклонение, погодой не объясняется (вероятно агрооперация или ошибка данных)"
AOI-0031,2019,2019-06-07,2019-06-22,16,-1.1531273183436535,-1.0940014360481025,0.2006283666844228,0.3714735404766766,-0.17084517379225378,Угнетение биомассы,пастбища/зерновые,17.217800594649944,43.46346640495581,1.8179662157117447,дефицит осадков,0.4,Угнетение биомассы: NDVI 0.20 против нормы 0.37 (z=-1.2) в течение 16 дн.; дефицит осадков
AOI-0044,2024,2024-08-14,2024-08-27,14,-1.1530899085340554,-1.0909894904862087,0.14558566793315827,0.21747510691238275,-0.07188943897922448,Угнетение биомассы,зерновые,6.257123894487292,27.330364194686883,0.9425548471404834,дефицит осадков,0.23,Угнетение биомассы: NDVI 0.15 против нормы 0.22 (z=-1.2) в течение 14 дн.; дефицит осадков
AOI-0036,2015,2015-10-14,2015-10-28,15,-1.1516867292568573,-1.0717442116766303,0.15480419781786894,0.25711341921405495,-0.102309221396186,Угнетение биомассы,пастбища/зерновые,35.66870488404657,32.69191963042918,-2.144995439663672,"краткое отклонение, погодой не объясняется (вероятно агрооперация или ошибка данных)",1.09,"Угнетение биомассы: NDVI 0.15 против нормы 0.26 (z=-1.2) в течение 15 дн.; краткое отклонение, погодой не объясняется (вероятно агрооперация или ошибка данных)"
AOI-0037,2024,2024-05-28,2024-06-08,12,-1.1513070500224563,-1.073384595971031,0.429212385938527,0.5149537599515354,-0.08574137401300835,Угнетение биомассы,зерновые,20.249585297214583,43.737932023838205,0.7683880104034472,дефицит осадков,0.46,Угнетение биомассы: NDVI 0.43 против нормы 0.51 (z=-1.2) в течение 12 дн.; дефицит осадков
AOI-0069,2025,2025-04-27,2025-05-08,12,-1.1501825702094002,-1.0998697834826225,0.20989960470456606,0.4864286560455458,-0.2765290513409797,Угнетение биомассы,зерновые,50.79349855323195,58.347776026247004,-0.3153663959465554,"краткое отклонение, погодой не объясняется (вероятно агрооперация или ошибка данных)",0.87,"Угнетение биомассы: NDVI 0.21 против нормы 0.49 (z=-1.2) в течение 12 дн.; краткое отклонение, погодой не объясняется (вероятно агрооперация или ошибка данных)"
AOI-0023,2010,2010-04-13,2010-05-05,23,-1.1501089453299433,-1.101761052519835,0.23266883005440805,0.5287625628155344,-0.29609373276112627,Угнетение биомассы,подсолнечник,59.43368744418767,67.26478855551777,-0.5422642430764624,устойчивое угнетение без явного погодного сигнала,0.88,Угнетение биомассы: NDVI 0.23 против нормы 0.53 (z=-1.2) в течение 23 дн.; устойчивое угнетение без явного погодного сигнала
AOI-0061,2020,2020-09-07,2020-09-26,20,-1.1498450029606213,-1.073178197218675,0.1570609806014445,0.2536018940354203,-0.09654091343397583,Угнетение биомассы,озимая пшеница,,,,"краткое отклонение, погодой не объясняется (вероятно агрооперация или ошибка данных)",,"Угнетение биомассы: NDVI 0.16 против нормы 0.25 (z=-1.1) в течение 20 дн.; краткое отклонение, погодой не объясняется (вероятно агрооперация или ошибка данных)"
AOI-0023,2023,2023-04-27,2023-05-07,11,-1.1490452624475733,-1.0925341672527187,0.26102054267911384,0.5668870621633998,-0.30586651948428595,Угнетение биомассы,подсолнечник,102.49261012276958,75.32292638334881,-1.4086957538911369,"краткое отклонение, погодой не объясняется (вероятно агрооперация или ошибка данных)",1.36,"Угнетение биомассы: NDVI 0.26 против нормы 0.57 (z=-1.1) в течение 11 дн.; краткое отклонение, погодой не объясняется (вероятно агрооперация или ошибка данных)"
AOI-0062,2024,2024-09-06,2024-09-28,23,-1.1489149433027857,-1.1043772087602521,0.1287053036358558,0.21739833698252795,-0.08869303334667214,Угнетение биомассы,озимая пшеница,,,,устойчивое угнетение без явного погодного сигнала,,Угнетение биомассы: NDVI 0.13 против нормы 0.22 (z=-1.1) в течение 23 дн.; устойчивое угнетение без явного погодного сигнала
AOI-0066,2017,2017-08-02,2017-08-11,10,-1.1474396881293012,-1.0917975145618601,0.13879596085697082,0.30594430551007307,-0.16714834465310224,Угнетение биомассы,озимая пшеница,48.75587125559413,42.29746561573031,0.9686613656034734,"краткое отклонение, погодой не объясняется (вероятно агрооперация или ошибка данных)",1.15,"Угнетение биомассы: NDVI 0.14 против нормы 0.31 (z=-1.1) в течение 10 дн.; краткое отклонение, погодой не объясняется (вероятно агрооперация или ошибка данных)"
AOI-0006,2023,2023-05-06,2023-05-20,15,-1.145751818874978,-1.0996159776524992,0.32140221621438037,0.5755829322925269,-0.2541807160781465,Угнетение биомассы,озимая пшеница,,,,"краткое отклонение, погодой не объясняется (вероятно агрооперация или ошибка данных)",,"Угнетение биомассы: NDVI 0.32 против нормы 0.58 (z=-1.1) в течение 15 дн.; краткое отклонение, погодой не объясняется (вероятно агрооперация или ошибка данных)"
AOI-0070,2014,2014-06-15,2014-06-25,11,-1.1451540607640998,-1.0916838724903448,0.21423431470146168,0.32389026043655966,-0.10965594573509799,Угнетение биомассы,зерновые,53.34581748939751,43.166022829261244,-0.8814583236983644,"краткое отклонение, погодой не объясняется (вероятно агрооперация или ошибка данных)",1.24,"Угнетение биомассы: NDVI 0.21 против нормы 0.32 (z=-1.1) в течение 11 дн.; краткое отклонение, погодой не объясняется (вероятно агрооперация или ошибка данных)"
AOI-0032,2015,2015-04-11,2015-04-25,15,-1.1445463178293018,-1.0896924002356334,0.18949976769835827,0.40220878497048523,-0.21270901727212696,Угнетение биомассы,пастбища/зерновые,59.15269464188882,45.61581722118581,-1.3405999880377186,"краткое отклонение, погодой не объясняется (вероятно агрооперация или ошибка данных)",1.3,"Угнетение биомассы: NDVI 0.19 против нормы 0.40 (z=-1.1) в течение 15 дн.; краткое отклонение, погодой не объясняется (вероятно агрооперация или ошибка данных)"
AOI-0075,2022,2022-06-02,2022-06-11,10,-1.1445008563822552,-1.0892879209620854,0.25762541605971967,0.4223078464797057,-0.16468243041998604,Угнетение биомассы,озимая пшеница,86.44654205697861,68.12442354209975,-1.0000784981227095,"краткое отклонение, погодой не объясняется (вероятно агрооперация или ошибка данных)",1.27,"Угнетение биомассы: NDVI 0.26 против нормы 0.42 (z=-1.1) в течение 10 дн.; краткое отклонение, погодой не объясняется (вероятно агрооперация или ошибка данных)"
AOI-0057,2013,2013-06-26,2013-07-12,17,-1.1429300798345532,-1.093524076340905,0.25818045727124034,0.47641321117446567,-0.21823275390322533,Угнетение биомассы,озимая пшеница,,,,"краткое отклонение, погодой не объясняется (вероятно агрооперация или ошибка данных)",,"Угнетение биомассы: NDVI 0.26 против нормы 0.48 (z=-1.1) в течение 17 дн.; краткое отклонение, погодой не объясняется (вероятно агрооперация или ошибка данных)"
AOI-0077,2020,2020-04-05,2020-04-17,13,-1.142265817292227,-1.093096988100532,0.21113903742349643,0.41235331782072343,-0.201214280397227,Угнетение биомассы,озимая пшеница,,,,"краткое отклонение, погодой не объясняется (вероятно агрооперация или ошибка данных)",,"Угнетение биомассы: NDVI 0.21 против нормы 0.41 (z=-1.1) в течение 13 дн.; краткое отклонение, погодой не объясняется (вероятно агрооперация или ошибка данных)"
AOI-0076,2022,2022-04-07,2022-04-25,19,-1.1396041017144907,-1.090583783849026,0.20849672494894572,0.3929664053287262,-0.18446968037978045,Угнетение биомассы,озимая пшеница,,,,"краткое отклонение, погодой не объясняется (вероятно агрооперация или ошибка данных)",,"Угнетение биомассы: NDVI 0.21 против нормы 0.39 (z=-1.1) в течение 19 дн.; краткое отклонение, погодой не объясняется (вероятно агрооперация или ошибка данных)"
AOI-0035,2020,2020-07-08,2020-07-17,10,-1.1387748767081425,-1.0874484029104083,0.10596527691680313,0.23667973431272868,-0.13071445739592555,Угнетение биомассы,пастбища/зерновые,,,,"краткое отклонение, погодой не объясняется (вероятно агрооперация или ошибка данных)",,"Угнетение биомассы: NDVI 0.11 против нормы 0.24 (z=-1.1) в течение 10 дн.; краткое отклонение, погодой не объясняется (вероятно агрооперация или ошибка данных)"
AOI-0053,2012,2012-04-26,2012-05-06,11,-1.1370769015583595,-1.0825448983526575,0.3594155143754423,0.5499187165944525,-0.19050320221901018,Угнетение биомассы,озимая пшеница,53.81720079914778,80.02603853197166,3.9255675432544237,температурный стресс,0.67,Угнетение биомассы: NDVI 0.36 против нормы 0.55 (z=-1.1) в течение 11 дн.; температурный стресс
AOI-0076,2025,2025-05-11,2025-05-22,12,-1.1343922775416926,-1.0844160529731224,0.3060822473913434,0.5023030707311971,-0.1962208233398537,Угнетение биомассы,озимая пшеница,,,,"краткое отклонение, погодой не объясняется (вероятно агрооперация или ошибка данных)",,"Угнетение биомассы: NDVI 0.31 против нормы 0.50 (z=-1.1) в течение 12 дн.; краткое отклонение, погодой не объясняется (вероятно агрооперация или ошибка данных)"
AOI-0020,2022,2022-07-31,2022-08-13,14,-1.1341973320374388,-1.0682329892922817,0.18924489226723754,0.3536788079967805,-0.16443391572954294,Угнетение биомассы,подсолнечник,48.29089492004332,35.632552571222725,-0.16653812972705165,"краткое отклонение, погодой не объясняется (вероятно агрооперация или ошибка данных)",1.36,"Угнетение биомассы: NDVI 0.19 против нормы 0.35 (z=-1.1) в течение 14 дн.; краткое отклонение, погодой не объясняется (вероятно агрооперация или ошибка данных)"
AOI-0073,2016,2016-07-09,2016-07-20,12,-1.133882269962405,-1.0989636945856087,0.33560904501145744,0.5666464663790979,-0.23103742136764044,Угнетение биомассы,озимая пшеница,66.58015851594445,68.43084878371256,0.658425832185228,"краткое отклонение, погодой не объясняется (вероятно агрооперация или ошибка данных)",0.97,"Угнетение биомассы: NDVI 0.34 против нормы 0.57 (z=-1.1) в течение 12 дн.; краткое отклонение, погодой не объясняется (вероятно агрооперация или ошибка данных)"
AOI-0039,2015,2015-06-10,2015-06-26,17,-1.1331667722569194,-1.0827626457544226,0.4459489435690239,0.5310009002677373,-0.08505195669871335,Угнетение биомассы,зерновые,,,,"краткое отклонение, погодой не объясняется (вероятно агрооперация или ошибка данных)",,"Угнетение биомассы: NDVI 0.45 против нормы 0.53 (z=-1.1) в течение 17 дн.; краткое отклонение, погодой не объясняется (вероятно агрооперация или ошибка данных)"
AOI-0035,2020,2020-04-14,2020-06-06,54,-1.1328486447483126,-1.0728201955526964,0.1976019578945292,0.4506975766932286,-0.25309561879869935,Угнетение биомассы,пастбища/зерновые,,,,устойчивое угнетение без явного погодного сигнала,,Угнетение биомассы: NDVI 0.20 против нормы 0.45 (z=-1.1) в течение 54 дн.; устойчивое угнетение без явного погодного сигнала
AOI-0049,2018,2018-07-22,2018-08-22,32,-1.1309788714380202,-1.0661599237940114,0.16710931122444073,0.36165786321917276,-0.19454855199473203,Угнетение биомассы,озимая пшеница,22.920008497320012,33.190733826717874,0.35100328712141204,устойчивое угнетение без явного погодного сигнала,0.69,Угнетение биомассы: NDVI 0.17 против нормы 0.36 (z=-1.1) в течение 32 дн.; устойчивое угнетение без явного погодного сигнала
AOI-0049,2014,2014-06-14,2014-06-28,15,-1.1299293339693146,-1.0909161278905282,0.36036473102693317,0.5821746659110792,-0.22180993488414608,Угнетение биомассы,озимая пшеница,112.53788820281062,65.40167726834004,-1.2792470996087792,"краткое отклонение, погодой не объясняется (вероятно агрооперация или ошибка данных)",1.72,"Угнетение биомассы: NDVI 0.36 против нормы 0.58 (z=-1.1) в течение 15 дн.; краткое отклонение, погодой не объясняется (вероятно агрооперация или ошибка данных)"
AOI-0040,2020,2020-09-01,2020-09-11,11,-1.1297966355789815,-1.078860707278533,0.1301496741355925,0.19677914854055328,-0.06662947440496078,Угнетение биомассы,зерновые,0.9327608476726549,32.17163788589433,0.3210098089951885,дефицит осадков,0.03,Угнетение биомассы: NDVI 0.13 против нормы 0.20 (z=-1.1) в течение 11 дн.; дефицит осадков
AOI-0045,2010,2010-04-27,2010-05-06,10,-1.1290235176547945,-1.080464975849262,0.2030080037164746,0.49894666402855864,-0.29593866031208405,Угнетение биомассы,зерновые,134.87993161453852,63.012411117579994,-0.32606930575927534,"краткое отклонение, погодой не объясняется (вероятно агрооперация или ошибка данных)",2.14,"Угнетение биомассы: NDVI 0.20 против нормы 0.50 (z=-1.1) в течение 10 дн.; краткое отклонение, погодой не объясняется (вероятно агрооперация или ошибка данных)"
AOI-0032,2018,2018-04-13,2018-04-28,16,-1.1281314130909994,-1.0667915247155557,0.19863841615226852,0.4154629042269037,-0.21682448807463517,Угнетение биомассы,пастбища/зерновые,20.339358802006437,48.94757875592685,0.7502657210669783,дефицит осадков,0.42,Угнетение биомассы: NDVI 0.20 против нормы 0.42 (z=-1.1) в течение 16 дн.; дефицит осадков
AOI-0034,2018,2018-09-25,2018-10-05,11,-1.126732560736199,-1.0667234741929428,0.1185558062632578,0.21183839930636433,-0.09328259304310653,Угнетение биомассы,пастбища/зерновые,44.431022962765354,44.34662698147276,1.0708541892320598,"краткое отклонение, погодой не объясняется (вероятно агрооперация или ошибка данных)",1.0,"Угнетение биомассы: NDVI 0.12 против нормы 0.21 (z=-1.1) в течение 11 дн.; краткое отклонение, погодой не объясняется (вероятно агрооперация или ошибка данных)"
AOI-0072,2021,2021-04-07,2021-04-19,13,-1.1264190076849976,-1.07699118141144,0.16358054340339168,0.4171609586181748,-0.25358041521478314,Угнетение биомассы,зерновые,86.7893215461736,38.66473386397694,-0.903123317717712,"краткое отклонение, погодой не объясняется (вероятно агрооперация или ошибка данных)",2.24,"Угнетение биомассы: NDVI 0.16 против нормы 0.42 (z=-1.1) в течение 13 дн.; краткое отклонение, погодой не объясняется (вероятно агрооперация или ошибка данных)"
AOI-0031,2012,2012-08-17,2012-09-05,20,-1.1253554784868836,-1.0566561094634204,0.1306564923446334,0.19137297561941993,-0.06071648327478654,Угнетение биомассы,пастбища/зерновые,28.715733377348226,29.51367966612251,-0.9252953582725482,"краткое отклонение, погодой не объясняется (вероятно агрооперация или ошибка данных)",0.97,"Угнетение биомассы: NDVI 0.13 против нормы 0.19 (z=-1.1) в течение 20 дн.; краткое отклонение, погодой не объясняется (вероятно агрооперация или ошибка данных)"
AOI-0002,2020,2020-04-11,2020-04-20,10,-1.1245374659396679,-1.0752801627629534,0.2660261822256201,0.49762310651926417,-0.2315969242936441,Угнетение биомассы,озимая пшеница,35.22221304379087,56.068222135925524,-1.4537802383486356,"краткое отклонение, погодой не объясняется (вероятно агрооперация или ошибка данных)",0.63,"Угнетение биомассы: NDVI 0.27 против нормы 0.50 (z=-1.1) в течение 10 дн.; краткое отклонение, погодой не объясняется (вероятно агрооперация или ошибка данных)"
AOI-0008,2021,2021-06-26,2021-07-09,14,-1.123311059651627,-1.0815537981748629,0.19557065449426847,0.3475987626152085,-0.15202810812094003,Угнетение биомассы,озимая пшеница,,,,"краткое отклонение, погодой не объясняется (вероятно агрооперация или ошибка данных)",,"Угнетение биомассы: NDVI 0.20 против нормы 0.35 (z=-1.1) в течение 14 дн.; краткое отклонение, погодой не объясняется (вероятно агрооперация или ошибка данных)"
AOI-0042,2021,2021-05-12,2021-05-21,10,-1.1225052103315833,-1.0736431031648612,0.1766558874905237,0.4541683737536973,-0.2775124862631736,Угнетение биомассы,зерновые,59.84016499872098,51.3695759501292,-0.6167152334614812,"краткое отклонение, погодой не объясняется (вероятно агрооперация или ошибка данных)",1.16,"Угнетение биомассы: NDVI 0.18 против нормы 0.45 (z=-1.1) в течение 10 дн.; краткое отклонение, погодой не объясняется (вероятно агрооперация или ошибка данных)"
AOI-0031,2021,2021-08-10,2021-08-24,15,-1.121121823082101,-1.0866890387603043,0.12792328716294765,0.20651396782246179,-0.07859068065951413,Угнетение биомассы,пастбища/зерновые,67.69204440792437,25.116257090037696,0.19681898904169134,"краткое отклонение, погодой не объясняется (вероятно агрооперация или ошибка данных)",2.7,"Угнетение биомассы: NDVI 0.13 против нормы 0.21 (z=-1.1) в течение 15 дн.; краткое отклонение, погодой не объясняется (вероятно агрооперация или ошибка данных)"
AOI-0035,2018,2018-05-01,2018-06-19,50,-1.1188311101677526,-1.0613665814932376,0.17280810035327387,0.402330915407603,-0.22952281505432914,Угнетение биомассы,пастбища/зерновые,,,,устойчивое угнетение без явного погодного сигнала,,Угнетение биомассы: NDVI 0.17 против нормы 0.40 (z=-1.1) в течение 50 дн.; устойчивое угнетение без явного погодного сигнала
AOI-0078,2020,2020-08-10,2020-08-26,17,-1.1176878932543841,-1.0719679079322757,0.14745883412190838,0.396469777696261,-0.24901094357435263,Угнетение биомассы,озимая пшеница,13.511267314487734,40.95323447411073,-0.4193270060324411,дефицит осадков,0.33,Угнетение биомассы: NDVI 0.15 против нормы 0.40 (z=-1.1) в течение 17 дн.; дефицит осадков
AOI-0033,2020,2020-07-13,2020-07-23,11,-1.1169501037111313,-1.0780841583722576,0.11546357040988617,0.1857543701397355,-0.07029079972984933,Угнетение биомассы,пастбища/зерновые,12.53623348554197,39.9145838275214,0.7281459885137157,дефицит осадков,0.31,Угнетение биомассы: NDVI 0.12 против нормы 0.19 (z=-1.1) в течение 11 дн.; дефицит осадков
AOI-0042,2023,2023-06-02,2023-06-16,15,-1.1169243830825042,-1.0540440405620126,0.16456830937474376,0.34569714884004626,-0.1811288394653025,Угнетение биомассы,зерновые,61.67400858887835,38.288590746509136,-1.348059990427405,"краткое отклонение, погодой не объясняется (вероятно агрооперация или ошибка данных)",1.61,"Угнетение биомассы: NDVI 0.16 против нормы 0.35 (z=-1.1) в течение 15 дн.; краткое отклонение, погодой не объясняется (вероятно агрооперация или ошибка данных)"
AOI-0078,2025,2025-08-03,2025-08-18,16,-1.1158853385132386,-1.059523814951472,0.16789572314848172,0.41583139300963806,-0.24793566986115634,Угнетение биомассы,озимая пшеница,29.405930963970263,47.51879225129137,-0.4269246036991581,"краткое отклонение, погодой не объясняется (вероятно агрооперация или ошибка данных)",0.62,"Угнетение биомассы: NDVI 0.17 против нормы 0.42 (z=-1.1) в течение 16 дн.; краткое отклонение, погодой не объясняется (вероятно агрооперация или ошибка данных)"
AOI-0057,2025,2025-08-06,2025-09-01,27,-1.1154770530768445,-1.0503137824797855,0.16602424655423986,0.31637949300392865,-0.15035524644968878,Угнетение биомассы,озимая пшеница,,,,устойчивое угнетение без явного погодного сигнала,,Угнетение биомассы: NDVI 0.17 против нормы 0.32 (z=-1.1) в течение 27 дн.; устойчивое угнетение без явного погодного сигнала
AOI-0058,2017,2017-07-10,2017-07-23,14,-1.1136125880492416,-1.0698896116149181,0.27776495151191766,0.48106680790839285,-0.2033018563964752,Угнетение биомассы,озимая пшеница,28.861126885087483,45.72121243050991,0.3604347455634489,"краткое отклонение, погодой не объясняется (вероятно агрооперация или ошибка данных)",0.63,"Угнетение биомассы: NDVI 0.28 против нормы 0.48 (z=-1.1) в течение 14 дн.; краткое отклонение, погодой не объясняется (вероятно агрооперация или ошибка данных)"
AOI-0013,2018,2018-06-15,2018-07-27,43,-1.1132474558063137,-1.0659546957676225,0.3897043698427565,0.4923255773240338,-0.10262120748127729,Угнетение биомассы,озимая пшеница,,,,устойчивое угнетение без явного погодного сигнала,,Угнетение биомассы: NDVI 0.39 против нормы 0.49 (z=-1.1) в течение 43 дн.; устойчивое угнетение без явного погодного сигнала
AOI-0032,2016,2016-04-10,2016-04-20,11,-1.1119465574967442,-1.068532904931218,0.20023761279556362,0.40462312444815984,-0.20438551165259622,Угнетение биомассы,пастбища/зерновые,29.464559845601652,41.9931186667895,0.8614637078295634,"краткое отклонение, погодой не объясняется (вероятно агрооперация или ошибка данных)",0.7,"Угнетение биомассы: NDVI 0.20 против нормы 0.40 (z=-1.1) в течение 11 дн.; краткое отклонение, погодой не объясняется (вероятно агрооперация или ошибка данных)"
AOI-0052,2010,2010-05-13,2010-05-24,12,-1.1114921004946947,-1.0666060480018686,0.3850744405391698,0.6578382314194289,-0.2727637908802591,Угнетение биомассы,озимая пшеница,77.23096452175149,84.07649623481346,0.6304686868153961,"краткое отклонение, погодой не объясняется (вероятно агрооперация или ошибка данных)",0.92,"Угнетение биомассы: NDVI 0.39 против нормы 0.66 (z=-1.1) в течение 12 дн.; краткое отклонение, погодой не объясняется (вероятно агрооперация или ошибка данных)"
AOI-0045,2012,2012-08-09,2012-08-21,13,-1.1114722018060075,-1.063388277617634,0.12811989058295883,0.19847308820825293,-0.0703531976252941,Угнетение биомассы,зерновые,28.71365460853097,27.372952451246665,-0.4342747640739445,"краткое отклонение, погодой не объясняется (вероятно агрооперация или ошибка данных)",1.05,"Угнетение биомассы: NDVI 0.13 против нормы 0.20 (z=-1.1) в течение 13 дн.; краткое отклонение, погодой не объясняется (вероятно агрооперация или ошибка данных)"
AOI-0006,2025,2025-04-23,2025-05-14,22,-1.1099461715108485,-1.0704539446756884,0.27680324560642444,0.5348813869304669,-0.2580781413240425,Угнетение биомассы,озимая пшеница,,,,устойчивое угнетение без явного погодного сигнала,,Угнетение биомассы: NDVI 0.28 против нормы 0.53 (z=-1.1) в течение 22 дн.; устойчивое угнетение без явного погодного сигнала
AOI-0057,2020,2020-08-08,2020-08-18,11,-1.1084847063022787,-1.062335453589234,0.16145602685346583,0.32287334793273775,-0.16141732107927192,Угнетение биомассы,озимая пшеница,,,,"краткое отклонение, погодой не объясняется (вероятно агрооперация или ошибка данных)",,"Угнетение биомассы: NDVI 0.16 против нормы 0.32 (z=-1.1) в течение 11 дн.; краткое отклонение, погодой не объясняется (вероятно агрооперация или ошибка данных)"
AOI-0072,2020,2020-09-20,2020-10-14,25,-1.1064408490498272,-1.0569272273816859,0.1374156375646237,0.2839123977915025,-0.14649676022687882,Угнетение биомассы,зерновые,10.449889484000321,48.10428019718876,2.685237347151509,засуха: осадки ниже нормы и жара,0.22,Угнетение биомассы: NDVI 0.14 против нормы 0.28 (z=-1.1) в течение 25 дн.; засуха: осадки ниже нормы и жара
AOI-0045,2021,2021-05-30,2021-06-08,10,-1.104877406010973,-1.070976226361825,0.22092497478152104,0.5027232439779341,-0.28179826919641304,Угнетение биомассы,зерновые,109.44692890533395,63.23707988594705,-0.39784027502646957,"краткое отклонение, погодой не объясняется (вероятно агрооперация или ошибка данных)",1.73,"Угнетение биомассы: NDVI 0.22 против нормы 0.50 (z=-1.1) в течение 10 дн.; краткое отклонение, погодой не объясняется (вероятно агрооперация или ошибка данных)"
AOI-0003,2018,2018-06-10,2018-06-20,11,-1.104413633397837,-1.059757678222491,0.3468009605814227,0.5612782501911417,-0.21447728960971907,Угнетение биомассы,озимая пшеница,20.75762616959118,65.72032438377192,0.9007032543465279,дефицит осадков,0.32,Угнетение биомассы: NDVI 0.35 против нормы 0.56 (z=-1.1) в течение 11 дн.; дефицит осадков
AOI-0031,2020,2020-08-08,2020-08-21,14,-1.1031909185060125,-1.0632396094371324,0.13100964582585858,0.21221293340850803,-0.08120328758264944,Угнетение биомассы,пастбища/зерновые,3.833619067766136,25.300658285338077,-0.5747174368270345,дефицит осадков,0.15,Угнетение биомассы: NDVI 0.13 против нормы 0.21 (z=-1.1) в течение 14 дн.; дефицит осадков
AOI-0025,2024,2024-10-06,2024-10-30,25,-1.1030911241512706,-1.0771382785026522,0.14824522862338135,0.2652492057196517,-0.11700397709627036,Угнетение биомассы,озимая пшеница,,,,устойчивое угнетение без явного погодного сигнала,,Угнетение биомассы: NDVI 0.15 против нормы 0.27 (z=-1.1) в течение 25 дн.; устойчивое угнетение без явного погодного сигнала
AOI-0052,2023,2023-04-28,2023-05-07,10,-1.1018874702034642,-1.0659956752775757,0.3358008606672991,0.6177344589196924,-0.2819335982523933,Угнетение биомассы,озимая пшеница,146.08833341685553,81.76144866233886,-1.4916724554278056,"краткое отклонение, погодой не объясняется (вероятно агрооперация или ошибка данных)",1.79,"Угнетение биомассы: NDVI 0.34 против нормы 0.62 (z=-1.1) в течение 10 дн.; краткое отклонение, погодой не объясняется (вероятно агрооперация или ошибка данных)"
AOI-0054,2014,2014-08-10,2014-08-22,13,-1.101509122572225,-1.067270011608675,0.6511440296939344,0.7398933789549264,-0.08874934926099198,Угнетение биомассы,озимая пшеница,12.302432412464434,29.15505035636406,0.9796003279814568,дефицит осадков,0.42,Угнетение биомассы: NDVI 0.65 против нормы 0.74 (z=-1.1) в течение 13 дн.; дефицит осадков
AOI-0075,2019,2019-04-22,2019-05-05,14,-1.0972817041616407,-1.0638466068341936,0.21567373077380841,0.41023345995433813,-0.19455972918052972,Угнетение биомассы,озимая пшеница,126.56843324304161,73.59512663751082,-0.009014943181660153,"краткое отклонение, погодой не объясняется (вероятно агрооперация или ошибка данных)",1.72,"Угнетение биомассы: NDVI 0.22 против нормы 0.41 (z=-1.1) в течение 14 дн.; краткое отклонение, погодой не объясняется (вероятно агрооперация или ошибка данных)"
AOI-0032,2010,2010-04-12,2010-04-21,10,-1.0971001916565684,-1.0631938517197985,0.19308889241807678,0.3976072201686633,-0.2045183277505865,Угнетение биомассы,пастбища/зерновые,22.775851121878077,42.801894885454224,-1.0523995246255529,дефицит осадков,0.53,Угнетение биомассы: NDVI 0.19 против нормы 0.40 (z=-1.1) в течение 10 дн.; дефицит осадков
AOI-0064,2017,2017-07-09,2017-07-22,14,-1.0945044697271171,-1.0601160981110958,0.19460899676399282,0.4094417908885414,-0.21483279412454856,Угнетение биомассы,озимая пшеница,31.07197773602342,54.969272123338655,0.3446973087680484,дефицит осадков,0.57,Угнетение биомассы: NDVI 0.19 против нормы 0.41 (z=-1.1) в течение 14 дн.; дефицит осадков
AOI-0010,2018,2018-09-05,2018-09-21,17,-1.0922996773140745,-1.0563635947091297,0.17298900921247656,0.24334737860911732,-0.07035836939664075,Угнетение биомассы,озимая пшеница,,,,"краткое отклонение, погодой не объясняется (вероятно агрооперация или ошибка данных)",,"Угнетение биомассы: NDVI 0.17 против нормы 0.24 (z=-1.1) в течение 17 дн.; краткое отклонение, погодой не объясняется (вероятно агрооперация или ошибка данных)"
AOI-0040,2012,2012-05-30,2012-06-13,15,-1.092095679802864,-1.0590743015807826,0.1537265450388484,0.36872534899114756,-0.21499880395229917,Угнетение биомассы,зерновые,35.10521477233179,40.06896791137366,1.3758439194565955,"краткое отклонение, погодой не объясняется (вероятно агрооперация или ошибка данных)",0.88,"Угнетение биомассы: NDVI 0.15 против нормы 0.37 (z=-1.1) в течение 15 дн.; краткое отклонение, погодой не объясняется (вероятно агрооперация или ошибка данных)"
AOI-0049,2017,2017-10-17,2017-10-30,14,-1.0909654774874444,-1.0375474375497258,0.12735837788563625,0.23639849250591302,-0.10904011462027677,Угнетение биомассы,озимая пшеница,34.301109684216264,36.320395415083446,0.01845150650008647,"краткое отклонение, погодой не объясняется (вероятно агрооперация или ошибка данных)",0.94,"Угнетение биомассы: NDVI 0.13 против нормы 0.24 (z=-1.1) в течение 14 дн.; краткое отклонение, погодой не объясняется (вероятно агрооперация или ошибка данных)"
AOI-0049,2025,2025-07-28,2025-08-12,16,-1.0908382940698724,-1.0579659339580654,0.19563164348266987,0.39196736689562506,-0.1963357234129552,Угнетение биомассы,озимая пшеница,10.927485323395825,33.228993497901754,0.6337778023364766,дефицит осадков,0.33,Угнетение биомассы: NDVI 0.20 против нормы 0.39 (z=-1.1) в течение 16 дн.; дефицит осадков
AOI-0053,2018,2018-06-20,2018-07-08,19,-1.0902377824674414,-1.0560671013147667,0.3824351394422953,0.5287602045350773,-0.14632506509278204,Угнетение биомассы,озимая пшеница,34.45426738791207,59.679024797615845,1.7081082189365393,дефицит осадков,0.58,Угнетение биомассы: NDVI 0.38 против нормы 0.53 (z=-1.1) в течение 19 дн.; дефицит осадков
AOI-0049,2015,2015-04-28,2015-05-07,10,-1.0885141044135014,-1.0529804614857636,0.25378904243760786,0.53476721910518,-0.28097817666757213,Угнетение биомассы,озимая пшеница,84.2847959768882,81.37545049967753,-1.1828467200170276,"краткое отклонение, погодой не объясняется (вероятно агрооперация или ошибка данных)",1.04,"Угнетение биомассы: NDVI 0.25 против нормы 0.53 (z=-1.1) в течение 10 дн.; краткое отклонение, погодой не объясняется (вероятно агрооперация или ошибка данных)"
AOI-0014,2024,2024-07-13,2024-07-26,14,-1.0882480078434515,-1.058609406510266,0.15676896681963046,0.3918667017162372,-0.23509773489660676,Угнетение биомассы,озимая пшеница,25.971950413092923,43.60816758529058,1.363693811516963,дефицит осадков,0.6,Угнетение биомассы: NDVI 0.16 против нормы 0.39 (z=-1.1) в течение 14 дн.; дефицит осадков
AOI-0039,2014,2014-06-23,2014-07-17,25,-1.0882181152893948,-1.054325177717527,0.4046701665501167,0.48701264804152716,-0.08234248149141049,Угнетение биомассы,зерновые,,,,устойчивое угнетение без явного погодного сигнала,,Угнетение биомассы: NDVI 0.40 против нормы 0.49 (z=-1.1) в течение 25 дн.; устойчивое угнетение без явного погодного сигнала
AOI-0072,2018,2018-09-16,2018-09-26,11,-1.0833416851908442,-1.046167904192061,0.14466291513811844,0.2457011519237599,-0.10103823678564147,Угнетение биомассы,зерновые,28.343090094639354,45.24752998530967,1.115458429450635,"краткое отклонение, погодой не объясняется (вероятно агрооперация или ошибка данных)",0.63,"Угнетение биомассы: NDVI 0.14 против нормы 0.25 (z=-1.1) в течение 11 дн.; краткое отклонение, погодой не объясняется (вероятно агрооперация или ошибка данных)"
AOI-0040,2012,2012-06-22,2012-07-02,11,-1.0818223433106993,-1.0561872004646558,0.13873605121718582,0.23817158035987393,-0.0994355291426881,Угнетение биомассы,зерновые,56.99624867187226,36.39798038498463,0.2125224504650098,"краткое отклонение, погодой не объясняется (вероятно агрооперация или ошибка данных)",1.57,"Угнетение биомассы: NDVI 0.14 против нормы 0.24 (z=-1.1) в течение 11 дн.; краткое отклонение, погодой не объясняется (вероятно агрооперация или ошибка данных)"
AOI-0066,2022,2022-07-13,2022-07-24,12,-1.0811662849623838,-1.0475151699529142,0.18405351182491758,0.4366140292951716,-0.25256051747025404,Угнетение биомассы,озимая пшеница,49.404410503297434,51.20208453954114,-1.2805559701180484,"краткое отклонение, погодой не объясняется (вероятно агрооперация или ошибка данных)",0.96,"Угнетение биомассы: NDVI 0.18 против нормы 0.44 (z=-1.1) в течение 12 дн.; краткое отклонение, погодой не объясняется (вероятно агрооперация или ошибка данных)"
AOI-0047,2011,2011-04-15,2011-04-27,13,-1.080741377197113,-1.0443731213832455,0.20837301273085285,0.4980428493959111,-0.28966983666505824,Угнетение биомассы,зерновые,63.498553690715966,53.38076563327656,-2.0482767181004062,"краткое отклонение, погодой не объясняется (вероятно агрооперация или ошибка данных)",1.19,"Угнетение биомассы: NDVI 0.21 против нормы 0.50 (z=-1.1) в течение 13 дн.; краткое отклонение, погодой не объясняется (вероятно агрооперация или ошибка данных)"
AOI-0008,2025,2025-07-30,2025-08-09,11,-1.0798954485621248,-1.0480931306869552,0.15080133738094592,0.23284478348780832,-0.0820434461068624,Угнетение биомассы,озимая пшеница,,,,"краткое отклонение, погодой не объясняется (вероятно агрооперация или ошибка данных)",,"Угнетение биомассы: NDVI 0.15 против нормы 0.23 (z=-1.1) в течение 11 дн.; краткое отклонение, погодой не объясняется (вероятно агрооперация или ошибка данных)"
AOI-0021,2024,2024-07-17,2024-07-26,10,-1.078771743699279,-1.048084652189583,0.20100563322345763,0.44264762564582333,-0.2416419924223657,Угнетение биомассы,подсолнечник,21.389864616444854,44.84445241747251,1.22143421632843,дефицит осадков,0.48,Угнетение биомассы: NDVI 0.20 против нормы 0.44 (z=-1.1) в течение 10 дн.; дефицит осадков
AOI-0011,2020,2020-07-09,2020-07-18,10,-1.077651540246855,-1.042310935818922,0.15445804720176007,0.3272464738081519,-0.17278842660639185,Угнетение биомассы,озимая пшеница,40.303836034002316,54.05147797007794,0.5855831966462283,"краткое отклонение, погодой не объясняется (вероятно агрооперация или ошибка данных)",0.75,"Угнетение биомассы: NDVI 0.15 против нормы 0.33 (z=-1.1) в течение 10 дн.; краткое отклонение, погодой не объясняется (вероятно агрооперация или ошибка данных)"
AOI-0072,2015,2015-04-17,2015-04-26,10,-1.0773294358156562,-1.0370036386599366,0.21125052955749446,0.46271113166365196,-0.2514606021061575,Угнетение биомассы,зерновые,65.75777438122827,48.33781767361755,-1.1130179317075957,"краткое отклонение, погодой не объясняется (вероятно агрооперация или ошибка данных)",1.36,"Угнетение биомассы: NDVI 0.21 против нормы 0.46 (z=-1.1) в течение 10 дн.; краткое отклонение, погодой не объясняется (вероятно агрооперация или ошибка данных)"
AOI-0013,2015,2015-10-07,2015-10-30,24,-1.0771669786245697,-1.0571702481209004,0.3285758632080302,0.4422628166821962,-0.11368695347416596,Угнетение биомассы,озимая пшеница,,,,устойчивое угнетение без явного погодного сигнала,,Угнетение биомассы: NDVI 0.33 против нормы 0.44 (z=-1.1) в течение 24 дн.; устойчивое угнетение без явного погодного сигнала
AOI-0040,2024,2024-06-26,2024-07-07,12,-1.0716262794647857,-1.038207536883161,0.14365252340278842,0.2291753231563692,-0.08552279975358079,Угнетение биомассы,зерновые,17.976314262832044,37.81780882581694,1.7378784675392207,дефицит осадков,0.48,Угнетение биомассы: NDVI 0.14 против нормы 0.23 (z=-1.1) в течение 12 дн.; дефицит осадков
AOI-0048,2012,2012-07-18,2012-08-01,15,-1.070509803358245,-1.050462972351736,0.168764930060678,0.2807734480193107,-0.1120085179586327,Угнетение биомассы,зерновые,34.969688039400395,38.776169231544294,0.4400175412969039,"краткое отклонение, погодой не объясняется (вероятно агрооперация или ошибка данных)",0.9,"Угнетение биомассы: NDVI 0.17 против нормы 0.28 (z=-1.1) в течение 15 дн.; краткое отклонение, погодой не объясняется (вероятно агрооперация или ошибка данных)"
AOI-0042,2020,2020-07-14,2020-07-23,10,-1.0703058930851526,-1.0326332217943779,0.11408208077834141,0.16409924252878175,-0.05001716175044034,Угнетение биомассы,зерновые,9.482777137381504,33.10564131737696,0.6981104736765129,дефицит осадков,0.29,Угнетение биомассы: NDVI 0.11 против нормы 0.16 (z=-1.1) в течение 10 дн.; дефицит осадков
AOI-0066,2020,2020-07-14,2020-08-03,21,-1.0692307713791878,-1.0375999121217792,0.17655844758597355,0.40092010360318686,-0.2243616560172133,Угнетение биомассы,озимая пшеница,29.703701240831,47.14154057129242,-0.09863754494401296,устойчивое угнетение без явного погодного сигнала,0.63,Угнетение биомассы: NDVI 0.18 против нормы 0.40 (z=-1.1) в течение 21 дн.; устойчивое угнетение без явного погодного сигнала
AOI-0059,2023,2023-07-04,2023-07-15,12,-1.0679381775453802,-1.0389945486175831,0.2696729251741389,0.5033963234570722,-0.23372339828293331,Угнетение биомассы,озимая пшеница,,,,"краткое отклонение, погодой не объясняется (вероятно агрооперация или ошибка данных)",,"Угнетение биомассы: NDVI 0.27 против нормы 0.50 (z=-1.1) в течение 12 дн.; краткое отклонение, погодой не объясняется (вероятно агрооперация или ошибка данных)"
AOI-0045,2012,2012-09-16,2012-09-25,10,-1.065582174601764,-1.0473613697594455,0.128594557569032,0.19167327260428585,-0.06307871503525386,Угнетение биомассы,зерновые,14.638359008078794,42.196571433572025,1.3512094165862987,дефицит осадков,0.35,Угнетение биомассы: NDVI 0.13 против нормы 0.19 (z=-1.1) в течение 10 дн.; дефицит осадков
AOI-0010,2024,2024-06-17,2024-06-28,12,-1.0649136451874122,-1.0291144222531676,0.2285468303712427,0.3501159437263472,-0.12156911335510448,Угнетение биомассы,озимая пшеница,,,,"краткое отклонение, погодой не объясняется (вероятно агрооперация или ошибка данных)",,"Угнетение биомассы: NDVI 0.23 против нормы 0.35 (z=-1.1) в течение 12 дн.; краткое отклонение, погодой не объясняется (вероятно агрооперация или ошибка данных)"
AOI-0072,2013,2013-04-15,2013-05-19,35,-1.0585122441304071,-1.0342545986485845,0.22727538268152905,0.4965322446604068,-0.26925686197887777,Угнетение биомассы,зерновые,30.690236597915852,52.2443803623348,1.5122144492601663,дефицит осадков,0.59,Угнетение биомассы: NDVI 0.23 против нормы 0.50 (z=-1.1) в течение 35 дн.; дефицит осадков
AOI-0066,2020,2020-06-28,2020-07-09,12,-1.0540960222640299,-1.0278374378244595,0.2250022721820176,0.48311307515556107,-0.2581108029735435,Угнетение биомассы,озимая пшеница,51.93941782801185,61.935005813092545,0.8595843656270207,"краткое отклонение, погодой не объясняется (вероятно агрооперация или ошибка данных)",0.84,"Угнетение биомассы: NDVI 0.23 против нормы 0.48 (z=-1.1) в течение 12 дн.; краткое отклонение, погодой не объясняется (вероятно агрооперация или ошибка данных)"
AOI-0055,2017,2017-08-29,2017-09-08,11,-1.053351816354806,-1.0410662223629101,0.38827437200709985,0.45952755872255685,-0.071253186715457,Угнетение биомассы,озимая пшеница,,,,"краткое отклонение, погодой не объясняется (вероятно агрооперация или ошибка данных)",,"Угнетение биомассы: NDVI 0.39 против нормы 0.46 (z=-1.1) в течение 11 дн.; краткое отклонение, погодой не объясняется (вероятно агрооперация или ошибка данных)"
AOI-0024,2024,2024-07-31,2024-08-09,10,-1.0435666338703182,-1.027649811180613,0.17104165022097823,0.3715712126218623,-0.2005295624008841,Угнетение биомассы,подсолнечник,21.197264032146276,37.68184030612548,0.3255630202881516,дефицит осадков,0.56,Угнетение биомассы: NDVI 0.17 против нормы 0.37 (z=-1.0) в течение 10 дн.; дефицит осадков
AOI-0027,2014,2014-07-23,2014-08-08,17,-1.0415786587178721,-1.028060716651932,0.3255167253896383,0.4876312941602744,-0.16211456877063612,Угнетение биомассы,озимая пшеница,,,,"краткое отклонение, погодой не объясняется (вероятно агрооперация или ошибка данных)",,"Угнетение биомассы: NDVI 0.33 против нормы 0.49 (z=-1.0) в течение 17 дн.; краткое отклонение, погодой не объясняется (вероятно агрооперация или ошибка данных)"
AOI-0061,2020,2020-06-30,2020-07-19,20,-1.040294070444945,-1.0260075017795351,0.3229067829039935,0.5414255666744796,-0.2185187837704861,Угнетение биомассы,озимая пшеница,,,,"краткое отклонение, погодой не объясняется (вероятно агрооперация или ошибка данных)",,"Угнетение биомассы: NDVI 0.32 против нормы 0.54 (z=-1.0) в течение 20 дн.; краткое отклонение, погодой не объясняется (вероятно агрооперация или ошибка данных)"
