cell_id,date,era5_temp_c,era5_precip_mm
38.3_47.2,2024-04-01,14.017310078938806,8.52346317969932E-4
38.4_47.2,2024-04-01,14.176489766438806,8.52346317969932E-4
39.0_46.8,2024-04-01,15.613989766438806,8.52346317969932E-4
39.1_46.9,2024-04-01,15.356177266438806,8.52346317969932E-4
39.1_47.3,2024-04-01,14.383521016438806,8.52346317969932E-4
39.5_47.0,2024-04-01,15.274308776855491,8.52346317969932E-4
39.6_47.1,2024-04-01,15.317440287272177,8.52346317969932E-4
39.7_47.0,2024-04-01,15.210099792480491,8.52346317969932E-4
39.9_48.9,2024-04-01,14.514624532063806,8.52346317969932E-4
40.0_48.8,2024-04-01,14.281388854980491,8.52346317969932E-4
40.1_48.1,2024-04-01,13.775936381022177,8.52346317969932E-4
40.2_46.7,2024-04-01,15.000057474772177,8.52346317969932E-4
40.2_49.6,2024-04-01,13.981828308105491,8.52346317969932E-4
40.3_48.7,2024-04-01,14.194718933105491,8.52346317969932E-4
40.4_49.2,2024-04-01,14.253882344563806,8.52346317969932E-4
40.7_47.2,2024-04-01,14.800920104980491,8.52346317969932E-4
40.8_46.7,2024-04-01,14.539201354980491,8.52346317969932E-4
40.9_46.3,2024-04-01,14.677873229980491,8.52346317969932E-4
41.0_46.6,2024-04-01,14.392716979980491,8.52346317969932E-4
41.0_46.8,2024-04-01,14.445369974772177,8.52346317969932E-4
38.3_47.2,2024-04-02,15.019111251831077,0.0012889495337731205
38.4_47.2,2024-04-02,15.221341069539392,0.0012889495337731205
39.0_46.8,2024-04-02,17.032783126831077,0.0012889495337731205
39.1_46.9,2024-04-02,16.801256434122763,0.0012889495337731205
39.1_47.3,2024-04-02,15.765856043497763,0.0012889495337731205
39.5_47.0,2024-04-02,16.894518152872763,0.0012889495337731205
39.6_47.1,2024-04-02,16.978665288289392,0.0012889495337731205
39.7_47.0,2024-04-02,16.885403569539392,0.0012889495337731205
39.9_48.9,2024-04-02,16.714912033081077,0.0012889495337731205
40.0_48.8,2024-04-02,16.482652918497763,0.0012889495337731205
40.1_48.1,2024-04-02,15.815497970581077,0.0012889495337731205
40.2_46.7,2024-04-02,16.746162033081077,0.0012889495337731205
40.2_49.6,2024-04-02,16.243964767456077,0.0012889495337731205
40.3_48.7,2024-04-02,16.320055262247763,0.0012889495337731205
40.4_49.2,2024-04-02,16.364732996622763,0.0012889495337731205
40.7_47.2,2024-04-02,16.716539637247763,0.0012889495337731205
40.8_46.7,2024-04-02,16.380520757039392,0.0012889495337731205
40.9_46.3,2024-04-02,16.421617762247763,0.0012889495337731205
41.0_46.6,2024-04-02,16.096259689331077,0.0012889495337731205
41.0_46.8,2024-04-02,16.077705001831077,0.0012889495337731205
38.3_47.2,2024-04-03,13.419104512532556,0.7846653461456299
38.4_47.2,2024-04-03,13.425045267740927,0.8025467395782471
39.0_46.8,2024-04-03,13.641516621907556,1.1571049690246582
39.1_46.9,2024-04-03,13.527747090657556,1.2708008289337158
39.1_47.3,2024-04-03,13.555579121907556,1.5081167221069336
39.5_47.0,2024-04-03,13.772701517740927,2.38916277885437
39.6_47.1,2024-04-03,13.951656595865927,2.6523470878601074
39.7_47.0,2024-04-03,13.973792012532556,3.1827688217163086
39.9_48.9,2024-04-03,14.207841491699241,3.008335828781128
40.0_48.8,2024-04-03,14.062577819824241,3.032982349395752
40.1_48.1,2024-04-03,13.698971048990927,2.938181161880493
40.2_46.7,2024-04-03,14.690507507324241,6.581813097000122
40.2_49.6,2024-04-03,13.756995137532556,1.2753009796142578
40.3_48.7,2024-04-03,14.210852559407556,1.705944538116455
40.4_49.2,2024-04-03,14.176265970865927,1.6019046306610107
40.7_47.2,2024-04-03,15.328040059407556,9.462147951126099
40.8_46.7,2024-04-03,15.059485371907556,9.413868188858032
40.9_46.3,2024-04-03,15.419023132324241,10.01778244972229
41.0_46.6,2024-04-03,15.140051778157556,10.678380727767944
41.0_46.8,2024-04-03,14.952958679199241,10.719329118728638
38.3_47.2,2024-04-04,11.884875869751,0.0017220344261659193
38.4_47.2,2024-04-04,11.923124567667685,0.0017220344261659193
39.0_46.8,2024-04-04,12.851672744751,0.005879458399249415
39.1_46.9,2024-04-04,12.618111546834314,0.007041748972369533
39.1_47.3,2024-04-04,12.377063369751,0.0017220344261659193
39.5_47.0,2024-04-04,12.942899958292685,0.005208906145526271
39.6_47.1,2024-04-04,13.079944229126,0.011333283396197658
39.7_47.0,2024-04-04,12.954455947876,0.013940986605120997
39.9_48.9,2024-04-04,13.014677302042685,0.0558728542046083
40.0_48.8,2024-04-04,12.823271052042685,0.025399979563189845
40.1_48.1,2024-04-04,12.581327692667685,0.035249647112323146
40.2_46.7,2024-04-04,12.811226781209314,0.09454136750264297
40.2_49.6,2024-04-04,12.176705296834314,0.04322176835103164
40.3_48.7,2024-04-04,12.987821833292685,0.023820456476641994
40.4_49.2,2024-04-04,12.810412979126,0.0673169460014833
40.7_47.2,2024-04-04,13.415800348917685,0.1636529531197084
40.8_46.7,2024-04-04,12.759224828084314,0.6018215980247987
40.9_46.3,2024-04-04,12.580188369751,0.5637789334969057
41.0_46.6,2024-04-04,12.687040583292685,0.5773836936668886
41.0_46.8,2024-04-04,12.768339411417685,0.6481940116600526
38.3_47.2,2024-04-05,11.09315134684249,4.351138613856165E-4
38.4_47.2,2024-04-05,11.11097361246749,4.351138613856165E-4
39.0_46.8,2024-04-05,11.69227244059249,0.004398822738949093
39.1_46.9,2024-04-05,11.65955759684249,4.351138613856165E-4
39.1_47.3,2024-04-05,11.31141306559249,4.351138613856165E-4
39.5_47.0,2024-04-05,11.681855773925804,0.008749961807552609
39.6_47.1,2024-04-05,11.787080383300804,0.0076323747180140344
39.7_47.0,2024-04-05,11.700980122884118,0.12715458865386609
39.9_48.9,2024-04-05,8.769502258300804,0.005084276153866085
40.0_48.8,2024-04-05,8.832083638509118,0.0015974044345057337
40.1_48.1,2024-04-05,8.948782857259118,4.351138613856165E-4
40.2_46.7,2024-04-05,11.736299133300804,1.703816652252499
40.2_49.6,2024-04-05,7.301240539550804,0.0032961368106043665
40.3_48.7,2024-04-05,9.14368845621749,4.351138613856165E-4
40.4_49.2,2024-04-05,8.33485056559249,0.022891163780514034
40.7_47.2,2024-04-05,12.097464497884118,0.523599982216183
40.8_46.7,2024-04-05,11.89905954996749,1.4522999524615443
40.9_46.3,2024-04-05,11.916230773925804,1.1960297822497523
41.0_46.6,2024-04-05,11.860810852050804,1.9449770450137294
41.0_46.8,2024-04-05,11.892549133300804,1.541140675499264
38.3_47.2,2024-04-06,10.470496749877952,8.52346317969932E-4
38.4_47.2,2024-04-06,10.475542322794638,8.52346317969932E-4
39.0_46.8,2024-04-06,9.955848312377952,8.52346317969932E-4
39.1_46.9,2024-04-06,9.936072921752952,8.52346317969932E-4
39.1_47.3,2024-04-06,10.514523442586267,8.52346317969932E-4
39.5_47.0,2024-04-06,9.786333338419638,8.52346317969932E-4
39.6_47.1,2024-04-06,9.902869796752952,8.52346317969932E-4
39.7_47.0,2024-04-06,9.755815760294638,8.52346317969932E-4
39.9_48.9,2024-04-06,8.433957036336267,8.52346317969932E-4
40.0_48.8,2024-04-06,8.452186203002952,8.52346317969932E-4
40.1_48.1,2024-04-06,8.612098312377952,8.52346317969932E-4
40.2_46.7,2024-04-06,10.057899093627952,8.52346317969932E-4
40.2_49.6,2024-04-06,7.607052739461267,0.06701350201865353
40.3_48.7,2024-04-06,8.578406906127952,8.52346317969932E-4
40.4_49.2,2024-04-06,8.083371098836267,0.0011652707030407328
40.7_47.2,2024-04-06,10.185666020711267,8.52346317969932E-4
40.8_46.7,2024-04-06,10.074012374877952,8.52346317969932E-4
40.9_46.3,2024-04-06,10.788205083211267,8.52346317969932E-4
41.0_46.6,2024-04-06,10.312537765502952,8.52346317969932E-4
41.0_46.8,2024-04-06,9.770138676961267,8.52346317969932E-4
38.3_47.2,2024-04-07,13.351878738403343,0.03973245617316934
38.4_47.2,2024-04-07,13.692292149861657,0.03991127010749551
39.0_46.8,2024-04-07,12.705638504028343,0.0012874602930423862
39.1_46.9,2024-04-07,12.601146316528343,0.0012874602930423862
39.1_47.3,2024-04-07,14.399160639445029,0.037974119152295316
39.5_47.0,2024-04-07,12.731029129028343,0.004208087887036527
39.6_47.1,2024-04-07,13.100495274861657,0.007694959606396878
39.7_47.0,2024-04-07,12.727773920695029,0.004148483242261136
39.9_48.9,2024-04-07,13.161937332153343,0.15679597851203653
40.0_48.8,2024-04-07,12.746898269653343,0.16087889667915078
40.1_48.1,2024-04-07,12.090485509236657,0.23848414417670938
40.2_46.7,2024-04-07,12.916901524861657,0.0012874602930423862
40.2_49.6,2024-04-07,11.955557123820029,0.15007555481361123
40.3_48.7,2024-04-07,12.453603998820029,0.2128839492456791
40.4_49.2,2024-04-07,12.369701004028343,0.1747965812342045
40.7_47.2,2024-04-07,13.178376134236657,0.0012874602930423862
40.8_46.7,2024-04-07,12.855296707153343,0.0012874602930423862
40.9_46.3,2024-04-07,12.845856602986657,0.0012874602930423862
41.0_46.6,2024-04-07,12.548818842570029,0.0012874602930423862
41.0_46.8,2024-04-07,12.600658035278343,0.0012874602930423862
38.3_47.2,2024-04-08,15.344285583496116,8.702277796146518E-4
38.4_47.2,2024-04-08,15.447963968912802,8.404254572269565E-4
39.0_46.8,2024-04-08,15.126919047037802,8.702277796146518E-4
39.1_46.9,2024-04-08,14.959031677246116,8.702277796146518E-4
39.1_47.3,2024-04-08,15.948777770996116,8.404254572269565E-4
39.5_47.0,2024-04-08,14.812465922037802,8.702277796146518E-4
39.6_47.1,2024-04-08,15.095262145996116,8.702277796146518E-4
39.7_47.0,2024-04-08,14.665574645996116,8.404254572269565E-4
39.9_48.9,2024-04-08,16.06726735432943,8.404254572269565E-4
40.0_48.8,2024-04-08,15.90003102620443,8.404254572269565E-4
40.1_48.1,2024-04-08,14.367641703287802,8.404254572269565E-4
40.2_46.7,2024-04-08,14.43030446370443,8.702277796146518E-4
40.2_49.6,2024-04-08,14.42566579182943,8.702277796146518E-4
40.3_48.7,2024-04-08,15.635301208496116,8.404254572269565E-4
40.4_49.2,2024-04-08,15.431443786621116,8.404254572269565E-4
40.7_47.2,2024-04-08,15.355760192871116,8.702277796146518E-4
40.8_46.7,2024-04-08,14.045864359537802,8.702277796146518E-4
40.9_46.3,2024-04-08,14.35535329182943,8.702277796146518E-4
41.0_46.6,2024-04-08,13.853318786621116,8.702277796146518E-4
41.0_46.8,2024-04-08,13.97376149495443,8.702277796146518E-4
38.3_47.2,2024-04-09,15.90399068196615,0.0017131802110270655
38.4_47.2,2024-04-09,15.900979614257835,0.0017131802110270655
39.0_46.8,2024-04-09,15.581643676757835,0.0017131802110270655
39.1_46.9,2024-04-09,15.528176879882835,0.0017131802110270655
39.1_47.3,2024-04-09,15.75701802571615,0.0017131802110270655
39.5_47.0,2024-04-09,15.12176411946615,0.0017131802110270655
39.6_47.1,2024-04-09,15.23821919759115,0.0017131802110270655
39.7_47.0,2024-04-09,14.99757792154952,0.0017131802110270655
39.9_48.9,2024-04-09,16.330667114257835,0.0017131802110270655
40.0_48.8,2024-04-09,16.22943013509115,0.0017131802110270655
40.1_48.1,2024-04-09,14.78102518717452,0.0017131802110270655
40.2_46.7,2024-04-09,14.70412089029952,0.0017131802110270655
40.2_49.6,2024-04-09,15.263040161132835,0.0017131802110270655
40.3_48.7,2024-04-09,16.144387817382835,0.0017131802110270655
40.4_49.2,2024-04-09,16.02899068196615,0.0017131802110270655
40.7_47.2,2024-04-09,14.764016723632835,0.0017131802110270655
40.8_46.7,2024-04-09,14.30169576009115,0.0017131802110270655
40.9_46.3,2024-04-09,14.45045878092452,0.0017131802110270655
41.0_46.6,2024-04-09,14.16839497884115,0.0017131802110270655
41.0_46.8,2024-04-09,14.26002909342452,0.0017131802110270655
38.3_47.2,2024-04-10,16.035821533203148,2.92232016363414E-7
38.4_47.2,2024-04-10,16.035740152994833,2.92232016363414E-7
39.0_46.8,2024-04-10,16.335870361328148,2.92232016363414E-7
39.1_46.9,2024-04-10,16.182794189453148,2.92232016363414E-7
39.1_47.3,2024-04-10,15.920261637369833,2.92232016363414E-7
39.5_47.0,2024-04-10,15.980157470703148,2.92232016363414E-7
39.6_47.1,2024-04-10,16.018162027994833,2.92232016363414E-7
39.7_47.0,2024-04-10,15.855808512369833,2.92232016363414E-7
39.9_48.9,2024-04-10,16.679376220703148,2.92232016363414E-7
40.0_48.8,2024-04-10,16.493829345703148,2.92232016363414E-7
40.1_48.1,2024-04-10,14.834242757161462,2.92232016363414E-7
40.2_46.7,2024-04-10,15.712253824869833,2.92232016363414E-7
40.2_49.6,2024-04-10,16.223158772786462,2.92232016363414E-7
40.3_48.7,2024-04-10,16.331231689453148,2.92232016363414E-7
40.4_49.2,2024-04-10,16.470391845703148,2.92232016363414E-7
40.7_47.2,2024-04-10,15.459079996744833,2.92232016363414E-7
40.8_46.7,2024-04-10,15.359063720703148,2.92232016363414E-7
40.9_46.3,2024-04-10,15.574314371744833,2.92232016363414E-7
41.0_46.6,2024-04-10,15.284438069661462,2.92232016363414E-7
41.0_46.8,2024-04-10,15.240981038411462,2.92232016363414E-7
38.3_47.2,2024-04-11,18.313513692220056,0.0
38.4_47.2,2024-04-11,18.348018900553427,0.0
39.0_46.8,2024-04-11,17.893917338053427,0.0
39.1_46.9,2024-04-11,17.71797332763674,0.0
39.1_47.3,2024-04-11,18.15547332763674,0.0
39.5_47.0,2024-04-11,17.674597676595056,0.0
39.6_47.1,2024-04-11,17.84761199951174,0.0
39.7_47.0,2024-04-11,17.546993509928427,0.0
39.9_48.9,2024-04-11,18.586462910970056,0.0
40.0_48.8,2024-04-11,18.594112650553427,0.0
40.1_48.1,2024-04-11,16.535437520345056,0.0
40.2_46.7,2024-04-11,17.153113301595056,0.0
40.2_49.6,2024-04-11,18.35884246826174,0.0
40.3_48.7,2024-04-11,18.52168426513674,0.0
40.4_49.2,2024-04-11,18.46186981201174,0.0
40.7_47.2,2024-04-11,17.488643900553427,0.0
40.8_46.7,2024-04-11,17.146033223470056,0.0
40.9_46.3,2024-04-11,16.84785614013674,0.0
41.0_46.6,2024-04-11,16.697058614095056,0.0
41.0_46.8,2024-04-11,17.215450541178427,0.0
38.3_47.2,2024-04-12,18.21846987406417,8.940696716308594E-5
38.4_47.2,2024-04-12,18.334599431355798,0.0
39.0_46.8,2024-04-12,18.72579409281417,0.0
39.1_46.9,2024-04-12,18.632857894897484,0.0
39.1_47.3,2024-04-12,18.425338363647484,0.0
39.5_47.0,2024-04-12,18.605595525105798,0.0
39.6_47.1,2024-04-12,18.67379213968917,0.0
39.7_47.0,2024-04-12,18.537724431355798,0.0
39.9_48.9,2024-04-12,19.020634587605798,0.2785921096801758
40.0_48.8,2024-04-12,18.912887191772484,0.08574128150939941
40.1_48.1,2024-04-12,18.019820785522484,0.060558319091796875
40.2_46.7,2024-04-12,17.659306462605798,0.0
40.2_49.6,2024-04-12,17.458785629272484,1.529395580291748
40.3_48.7,2024-04-12,19.08834292093917,0.0
40.4_49.2,2024-04-12,18.578902816772484,0.04869699478149414
40.7_47.2,2024-04-12,18.87813784281417,0.0
40.8_46.7,2024-04-12,17.961308415730798,0.0
40.9_46.3,2024-04-12,17.314742660522484,0.152587890625
41.0_46.6,2024-04-12,17.684697087605798,0.0
41.0_46.8,2024-04-12,17.871383285522484,0.0
38.3_47.2,2024-04-13,17.451217269897484,0.005879998184354918
38.4_47.2,2024-04-13,17.481327946980798,0.005879998184354918
39.0_46.8,2024-04-13,17.325240707397484,0.006982684112699644
39.1_46.9,2024-04-13,17.20797182718917,0.008249282814176695
39.1_47.3,2024-04-13,17.82442690531417,0.01623630521407904
39.5_47.0,2024-04-13,17.308150863647484,0.007385015464933531
39.6_47.1,2024-04-13,17.605514144897484,0.00847280023208441
39.7_47.0,2024-04-13,17.25802065531417,0.009307265258939879
39.9_48.9,2024-04-13,16.034306462605798,0.0017225742112714215
40.0_48.8,2024-04-13,15.98507143656417,0.0017225742112714215
40.1_48.1,2024-04-13,16.223759587605798,0.001960992790372984
40.2_46.7,2024-04-13,16.825728988647484,0.08145868775955023
40.2_49.6,2024-04-13,14.581669743855798,0.0017225742112714215
40.3_48.7,2024-04-13,16.112838363647484,0.0017225742112714215
40.4_49.2,2024-04-13,15.41939760843917,0.0017225742112714215
40.7_47.2,2024-04-13,17.795943832397484,0.07299482820144476
40.8_46.7,2024-04-13,16.897750473022484,0.16705095765701117
40.9_46.3,2024-04-13,16.761601384480798,0.39058327672591986
41.0_46.6,2024-04-13,16.747441228230798,0.3190875053178388
41.0_46.8,2024-04-13,16.940800603230798,0.06646811959853949
38.3_47.2,2024-04-14,15.405728276570642,0.024014711375031084
38.4_47.2,2024-04-14,15.448615646362327,0.023925304407867998
39.0_46.8,2024-04-14,16.243537521362327,8.583068797918258E-4
39.1_46.9,2024-04-14,16.009162521362327,8.583068797918258E-4
39.1_47.3,2024-04-14,15.849331792195642,0.023388862604889482
39.5_47.0,2024-04-14,16.182827885945642,8.583068797918258E-4
39.6_47.1,2024-04-14,16.342495854695642,0.0051200389812322555
39.7_47.0,2024-04-14,16.156786219279013,8.583068797918258E-4
39.9_48.9,2024-04-14,15.614956792195642,0.08387267589071712
40.0_48.8,2024-04-14,15.503140385945642,0.13516247271994075
40.1_48.1,2024-04-14,15.059943771362327,0.014075636858734697
40.2_46.7,2024-04-14,16.001350021362327,8.583068797918258E-4
40.2_49.6,2024-04-14,14.504686609904013,0.0433117151210638
40.3_48.7,2024-04-14,15.690396245320642,0.06131231784323177
40.4_49.2,2024-04-14,15.312710698445642,0.05126893519857845
40.7_47.2,2024-04-14,16.825731531779013,0.005522370333466142
40.8_46.7,2024-04-14,15.989305750529013,0.0015586614559026657
40.9_46.3,2024-04-14,15.784797286987327,0.01614689826467952
41.0_46.6,2024-04-14,15.837368901570642,8.583068797918258E-4
41.0_46.8,2024-04-14,15.989468510945642,9.626150081487594E-4
38.3_47.2,2024-04-15,15.099057769775413,1.1280328034217746
38.4_47.2,2024-04-15,15.145770009358728,0.9836107491310031
39.0_46.8,2024-04-15,16.546160634358728,0.05200505245284148
39.1_46.9,2024-04-15,16.274350738525413,0.0814646481330783
39.1_47.3,2024-04-15,15.535906728108728,1.0023564099128635
39.5_47.0,2024-04-15,16.649187978108728,0.3159791230018527
39.6_47.1,2024-04-15,16.643328603108728,0.3685355185325534
39.7_47.0,2024-04-15,16.6822283426921,0.5624890326316745
39.9_48.9,2024-04-15,15.986183420817099,7.276311516648093
40.0_48.8,2024-04-15,15.979591623942099,5.389139056092063
40.1_48.1,2024-04-15,15.835385894775413,4.49776649463729
40.2_46.7,2024-04-15,16.633807118733728,1.4591664074714572
40.2_49.6,2024-04-15,13.910337066650413,10.051071643715659
40.3_48.7,2024-04-15,16.0721209208171,6.36592507350997
40.4_49.2,2024-04-15,14.898211415608728,8.96909832943038
40.7_47.2,2024-04-15,17.148455556233728,0.7249265908058078
40.8_46.7,2024-04-15,16.4302752176921,1.2043416498954684
40.9_46.3,2024-04-15,16.200864410400413,0.835433602219382
41.0_46.6,2024-04-15,16.301775868733728,0.8711516856010348
41.0_46.8,2024-04-15,16.5201189676921,0.7057785986717136
38.3_47.2,2024-04-16,15.566312408447288,4.291534878575476E-4
38.4_47.2,2024-04-16,15.795804595947288,4.291534878575476E-4
39.0_46.8,2024-04-16,18.92251358032229,4.291534878575476E-4
39.1_46.9,2024-04-16,18.600166575113974,4.291534878575476E-4
39.1_47.3,2024-04-16,16.931384023030603,4.291534878575476E-4
39.5_47.0,2024-04-16,19.064928944905603,4.291534878575476E-4
39.6_47.1,2024-04-16,18.967109934488974,4.291534878575476E-4
39.7_47.0,2024-04-16,19.13052139282229,4.291534878575476E-4
39.9_48.9,2024-04-16,17.344795481363974,2.074030041740116
40.0_48.8,2024-04-16,17.29116592407229,1.9200712442852819
40.1_48.1,2024-04-16,17.038805898030603,0.024658441589053837
40.2_46.7,2024-04-16,19.18642959594729,4.291534878575476E-4
40.2_49.6,2024-04-16,13.526843007405603,2.52785980705994
40.3_48.7,2024-04-16,17.331367746988974,1.178634166763004
40.4_49.2,2024-04-16,16.10586318969729,2.87195742134827
40.7_47.2,2024-04-16,19.44131240844729,4.291534878575476E-4
40.8_46.7,2024-04-16,18.982002512613974,4.291534878575476E-4
40.9_46.3,2024-04-16,19.007881418863974,4.291534878575476E-4
41.0_46.6,2024-04-16,18.818428293863974,4.291534878575476E-4
41.0_46.8,2024-04-16,18.979479726155603,4.291534878575476E-4
38.3_47.2,2024-04-17,17.881607945760095,0.036494560788469244
38.4_47.2,2024-04-17,18.192154820760095,0.04320008332570069
39.0_46.8,2024-04-17,20.565771357218466,6.27465794877935E-4
39.1_46.9,2024-04-17,20.44646797180178,0.0011192041142749076
39.1_47.3,2024-04-17,19.539322789510095,0.026838608334855962
39.5_47.0,2024-04-17,20.70183906555178,4.188495381640678E-4
39.6_47.1,2024-04-17,20.778417841593466,0.0021324830754565482
39.7_47.0,2024-04-17,20.935074742635095,4.188495381640678E-4
39.9_48.9,2024-04-17,19.873551305135095,0.03467661912281983
40.0_48.8,2024-04-17,19.862646357218466,0.03650946194966309
40.1_48.1,2024-04-17,19.248307164510095,0.02099735314686768
40.2_46.7,2024-04-17,20.936783727010095,4.188495381640678E-4
40.2_49.6,2024-04-17,18.653824742635095,4.188495381640678E-4
40.3_48.7,2024-04-17,19.934342320760095,0.003443785260515142
40.4_49.2,2024-04-17,19.438492711385095,0.014232225964860845
40.7_47.2,2024-04-17,21.458023961385095,4.188495381640678E-4
40.8_46.7,2024-04-17,21.237402216593466,4.188495381640678E-4
40.9_46.3,2024-04-17,21.223160680135095,4.188495381640678E-4
41.0_46.6,2024-04-17,21.14055976867678,4.188495381640678E-4
41.0_46.8,2024-04-17,21.310156122843466,4.188495381640678E-4
38.3_47.2,2024-04-18,19.51417503356936,0.08448958396911621
38.4_47.2,2024-04-18,19.786310450236044,0.07957220077514648
39.0_46.8,2024-04-18,20.909031804402673,0.8383989334106445
39.1_46.9,2024-04-18,20.87818870544436,0.8418560028076172
39.1_47.3,2024-04-18,20.84181175231936,0.5868971347808838
39.5_47.0,2024-04-18,21.350763575236044,1.492619514465332
39.6_47.1,2024-04-18,21.510919825236044,1.489579677581787
39.7_47.0,2024-04-18,21.50978050231936,1.456618309020996
39.9_48.9,2024-04-18,21.094822820027673,0.5526542663574219
40.0_48.8,2024-04-18,21.123387273152673,0.2822279930114746
40.1_48.1,2024-04-18,20.238865788777673,0.5153119564056396
40.2_46.7,2024-04-18,21.653742090861044,1.2164413928985596
40.2_49.6,2024-04-18,20.20704612731936,0.12934207916259766
40.3_48.7,2024-04-18,21.227879460652673,0.021398067474365234
40.4_49.2,2024-04-18,20.852228418986044,0.6981492042541504
40.7_47.2,2024-04-18,21.776707585652673,0.03355741500854492
40.8_46.7,2024-04-18,21.384699122111044,0.3789365291595459
40.9_46.3,2024-04-18,21.603449122111044,0.4061758518218994
41.0_46.6,2024-04-18,21.192723210652673,0.8329451084136963
41.0_46.8,2024-04-18,21.363621648152673,0.029742717742919922
38.3_47.2,2024-04-19,13.90782190958663,0.3170847891738049
38.4_47.2,2024-04-19,13.946477508544945,0.4403471945693127
39.0_46.8,2024-04-19,14.25889612833663,3.2140493391921154
39.1_46.9,2024-04-19,14.306096649169945,2.8158307074477307
39.1_47.3,2024-04-19,14.41343714396163,1.755017042057716
39.5_47.0,2024-04-19,14.37681605021163,2.5664150713851086
39.6_47.1,2024-04-19,14.50572230021163,2.387779950993263
39.7_47.0,2024-04-19,14.38804651896163,2.240288257496559
39.9_48.9,2024-04-19,14.46885706583663,0.7781267165114514
40.0_48.8,2024-04-19,14.49351526896163,1.0716497897078625
40.1_48.1,2024-04-19,14.11241175333663,1.9043266772200695
40.2_46.7,2024-04-19,14.533228810628259,2.058345079319679
40.2_49.6,2024-04-19,13.44834925333663,0.23399591435691036
40.3_48.7,2024-04-19,14.80064417521163,1.4841437338759533
40.4_49.2,2024-04-19,14.33018519083663,0.6295919417311779
40.7_47.2,2024-04-19,15.50157190958663,1.2454569338729016
40.8_46.7,2024-04-19,15.258977508544945,1.9249498843123547
40.9_46.3,2024-04-19,15.59288050333663,1.4718055724074475
41.0_46.6,2024-04-19,15.442896779378259,1.5656828879286877
41.0_46.8,2024-04-19,15.56456019083663,1.4757394789626233
38.3_47.2,2024-04-20,16.126838302612327,0.0
38.4_47.2,2024-04-20,16.149217859904013,0.0
39.0_46.8,2024-04-20,16.466682052612327,0.0
39.1_46.9,2024-04-20,16.387417729695642,0.0
39.1_47.3,2024-04-20,16.352831141154013,0.0
39.5_47.0,2024-04-20,16.323127365112327,0.0
39.6_47.1,2024-04-20,16.377082443237327,0.0
39.7_47.0,2024-04-20,16.305467859904013,0.0
39.9_48.9,2024-04-20,15.376431401570642,0.0
40.0_48.8,2024-04-20,15.396206792195642,0.0
40.1_48.1,2024-04-20,15.086880620320642,0.0
40.2_46.7,2024-04-20,16.745653406779013,0.0
40.2_49.6,2024-04-20,13.936896896362327,0.0
40.3_48.7,2024-04-20,15.497932052612327,0.0
40.4_49.2,2024-04-20,14.815233484904013,0.002771615982055664
40.7_47.2,2024-04-20,16.641649500529013,0.0
40.8_46.7,2024-04-20,17.126024500529013,0.0
40.9_46.3,2024-04-20,17.590868250529013,0.0027418136596679688
41.0_46.6,2024-04-20,17.319546635945642,0.0
41.0_46.8,2024-04-20,17.200650151570642,0.0
38.3_47.2,2024-04-21,15.213005320231161,0.11214613914489746
38.4_47.2,2024-04-21,15.311963653564476,0.11408329010009766
39.0_46.8,2024-04-21,15.860547637939476,0.3032088279724121
39.1_46.9,2024-04-21,15.940381622314476,0.2397298812866211
39.1_47.3,2024-04-21,15.86014073689779,0.21597743034362793
39.5_47.0,2024-04-21,16.447949981689476,0.1474320888519287
39.6_47.1,2024-04-21,16.66906000773116,0.156402587890625
39.7_47.0,2024-04-21,16.60061925252279,0.18808245658874512
39.9_48.9,2024-04-21,17.023877716064476,2.8755366802215576
40.0_48.8,2024-04-21,16.96666742960616,2.3338794708251953
40.1_48.1,2024-04-21,16.222608184814476,1.4096200466156006
40.2_46.7,2024-04-21,16.670606231689476,0.5175769329071045
40.2_49.6,2024-04-21,16.436719512939476,3.793060779571533
40.3_48.7,2024-04-21,16.822217559814476,4.4696033000946045
40.4_49.2,2024-04-21,16.79983800252279,4.845649003982544
40.7_47.2,2024-04-21,17.72513097127279,0.3198981285095215
40.8_46.7,2024-04-21,17.17711664835616,0.25773048400878906
40.9_46.3,2024-04-21,17.18118565877279,0.31441450119018555
41.0_46.6,2024-04-21,17.25499750773116,0.28502941131591797
41.0_46.8,2024-04-21,17.42833735148116,0.3344714641571045
38.3_47.2,2024-04-22,15.211589431762718,1.2659460305712855
38.4_47.2,2024-04-22,15.334636306762718,0.9324282407305873
39.0_46.8,2024-04-22,15.522299067179404,0.06087422366363171
39.1_46.9,2024-04-22,15.454265213012718,0.18401741976958874
39.1_47.3,2024-04-22,15.411459223429404,0.5937695502780116
39.5_47.0,2024-04-22,15.182455317179404,0.36347210402709607
39.6_47.1,2024-04-22,15.298096593221032,0.48822462554198864
39.7_47.0,2024-04-22,15.121013259887718,0.422853231384579
39.9_48.9,2024-04-22,13.878418858846032,8.523463748133508E-4
40.0_48.8,2024-04-22,13.791504796346032,8.523463748133508E-4
40.1_48.1,2024-04-22,13.566895421346032,0.221747159912411
40.2_46.7,2024-04-22,14.677572504679404,0.20282268519622448
40.2_49.6,2024-04-22,12.890707270304404,8.523463748133508E-4
40.3_48.7,2024-04-22,13.992513910929404,8.523463748133508E-4
40.4_49.2,2024-04-22,13.499268468221032,8.523463748133508E-4
40.7_47.2,2024-04-22,15.329997634887718,0.05466043944579724
40.8_46.7,2024-04-22,14.676189041137718,0.05942881102782849
40.9_46.3,2024-04-22,14.683269119262718,0.047358870460811886
41.0_46.6,2024-04-22,14.590007400512718,0.07762312884551648
41.0_46.8,2024-04-22,14.859701410929404,0.014010071708980831
38.3_47.2,2024-04-23,15.047177886962913,0.12049612365672147
38.4_47.2,2024-04-23,15.090146636962913,0.12380418144175565
39.0_46.8,2024-04-23,15.248105621337913,0.11949774585673367
39.1_46.9,2024-04-23,15.188616689046228,0.1390778716654495
39.1_47.3,2024-04-23,15.685035959879599,0.1349502500147537
39.5_47.0,2024-04-23,15.022438303629599,0.06078717075297391
39.6_47.1,2024-04-23,15.201230621337913,0.04530486427256619
39.7_47.0,2024-04-23,14.972470855712913,0.040640800818891876
39.9_48.9,2024-04-23,13.252825673421228,1.2691968377680496
40.0_48.8,2024-04-23,13.297259267171228,1.2894326146692947
40.1_48.1,2024-04-23,13.866351064046228,0.6386691030115799
40.2_46.7,2024-04-23,15.003395334879599,0.024934976920576446
40.2_49.6,2024-04-23,12.168027496337913,0.9135210212320999
40.3_48.7,2024-04-23,13.648414866129599,0.9783112701029495
40.4_49.2,2024-04-23,13.116676584879599,0.9365433152765945
40.7_47.2,2024-04-23,15.770322418212913,0.15010473094889676
40.8_46.7,2024-04-23,15.268532053629599,0.09820398651072537
40.9_46.3,2024-04-23,15.569557444254599,0.00691947303721463
41.0_46.6,2024-04-23,15.195696767171228,0.0706964429468826
41.0_46.8,2024-04-23,15.560849761962913,0.14056798778483426
38.3_47.2,2024-04-24,17.02812792460128,0.07991545813368361
38.4_47.2,2024-04-24,17.10649706522628,0.05896442549513381
39.0_46.8,2024-04-24,18.066783523559593,8.498968391279504E-4
39.1_46.9,2024-04-24,17.78960253397628,8.498968391279504E-4
39.1_47.3,2024-04-24,17.079967117309593,8.647980003217981E-4
39.5_47.0,2024-04-24,17.659638341267907,8.647980003217981E-4
39.6_47.1,2024-04-24,17.60869433085128,0.005439454486833029
39.7_47.0,2024-04-24,17.585826492309593,0.08721702711866897
39.9_48.9,2024-04-24,14.341197586059593,0.36227756159590285
40.0_48.8,2024-04-24,14.404918289184593,0.31092816012190383
40.1_48.1,2024-04-24,14.690074539184593,0.10725908892439406
40.2_46.7,2024-04-24,17.58330370585128,0.42741053717421096
40.2_49.6,2024-04-24,12.721324539184593,1.2250100912361006
40.3_48.7,2024-04-24,14.598196283976279,0.02171152251051467
40.4_49.2,2024-04-24,13.696340815226279,1.0412936748771529
40.7_47.2,2024-04-24,17.541230138142907,8.647980003217981E-4
40.8_46.7,2024-04-24,17.49394823710128,0.0336026491432051
40.9_46.3,2024-04-24,17.839244461059593,0.3037607015876631
41.0_46.6,2024-04-24,17.439179356892907,8.349956779341028E-4
41.0_46.8,2024-04-24,17.553681310017907,8.647980003217981E-4
38.3_47.2,2024-04-25,22.213240559895837,0.2203166483809582
38.4_47.2,2024-04-25,22.33099772135421,0.19233226765891231
39.0_46.8,2024-04-25,23.90668131510421,8.52346317969932E-4
39.1_46.9,2024-04-25,23.793318684895837,0.011342763798438682
39.1_47.3,2024-04-25,22.845971679687523,0.0036835669448009867
39.5_47.0,2024-04-25,23.940942382812523,0.0053822993208996195
39.6_47.1,2024-04-25,23.860945638020837,0.0023126601149670023
39.7_47.0,2024-04-25,23.743269856770837,8.52346317969932E-4
39.9_48.9,2024-04-25,21.620385742187523,0.10334253300925411
40.0_48.8,2024-04-25,21.547224934895837,0.14041662205954708
40.1_48.1,2024-04-25,21.46576334635421,0.047820806400977744
40.2_46.7,2024-04-25,23.118025716145837,8.52346317969932E-4
40.2_49.6,2024-04-25,19.931990559895837,0.347006320851051
40.3_48.7,2024-04-25,21.352400716145837,0.0964283942153088
40.4_49.2,2024-04-25,20.53729654947921,0.3423869608809582
40.7_47.2,2024-04-25,22.522078450520837,8.52346317969932E-4
40.8_46.7,2024-04-25,22.323022460937523,8.52346317969932E-4
40.9_46.3,2024-04-25,22.669946289062523,8.52346317969932E-4
41.0_46.6,2024-04-25,22.077498372395837,8.52346317969932E-4
41.0_46.8,2024-04-25,22.07635904947921,8.52346317969932E-4
38.3_47.2,2024-04-26,20.66773122151693,5.6843418860808015E-11
38.4_47.2,2024-04-26,20.742845153808616,0.001728534755329747
39.0_46.8,2024-04-26,22.262132263183616,0.09110569959602799
39.1_46.9,2024-04-26,21.98706715901693,0.07367134099922623
39.1_47.3,2024-04-26,21.346360778808616,0.20056962972603287
39.5_47.0,2024-04-26,22.30713551839193,0.028043985423664708
39.6_47.1,2024-04-26,22.29346364339193,0.013709068355183263
39.7_47.0,2024-04-26,22.34253590901693,0.012636184749226231
39.9_48.9,2024-04-26,21.42285817464193,0.07063150411568131
40.0_48.8,2024-04-26,21.39649098714193,0.021457672175984044
40.1_48.1,2024-04-26,21.02100270589193,0.0010132790180250595
40.2_46.7,2024-04-26,22.213955179850302,0.040769577083210606
40.2_49.6,2024-04-26,20.582607523600302,0.22801756864510025
40.3_48.7,2024-04-26,21.245205179850302,5.6843418860808015E-11
40.4_49.2,2024-04-26,20.881923929850302,0.0478029251667067
40.7_47.2,2024-04-26,21.980068461100302,5.6843418860808015E-11
40.8_46.7,2024-04-26,21.681809997558616,5.6843418860808015E-11
40.9_46.3,2024-04-26,21.96582692464193,5.6843418860808015E-11
41.0_46.6,2024-04-26,21.464443461100302,5.6843418860808015E-11
41.0_46.8,2024-04-26,21.535081481933616,5.6843418860808015E-11
38.3_47.2,2024-04-27,20.727396265665732,0.0021421217866191
38.4_47.2,2024-04-27,20.683776473999046,0.0021421217866191
39.0_46.8,2024-04-27,21.097757593790732,0.0021719241090067953
39.1_46.9,2024-04-27,21.278991317749046,0.0021421217866191
39.1_47.3,2024-04-27,21.200133895874046,0.0021421217866191
39.5_47.0,2024-04-27,21.08278363545736,0.0021421217866191
39.6_47.1,2024-04-27,21.151061630249046,0.0021421217866191
39.7_47.0,2024-04-27,20.88087933858236,0.0021421217866191
39.9_48.9,2024-04-27,20.55910199483236,0.010963609213376913
40.0_48.8,2024-04-27,20.310404078165732,0.014659097189451131
40.1_48.1,2024-04-27,19.51881879170736,0.0021421217866191
40.2_46.7,2024-04-27,19.64967816670736,0.0036024355836161703
40.2_49.6,2024-04-27,19.922790145874046,0.01555316686108199
40.3_48.7,2024-04-27,19.666116968790732,0.07629029988720504
40.4_49.2,2024-04-27,19.626159286499046,0.07098548650219527
40.7_47.2,2024-04-27,19.578958765665732,0.010963609213376913
40.8_46.7,2024-04-27,18.955993270874046,0.06931655644848433
40.9_46.3,2024-04-27,18.95558636983236,0.36239259480908004
41.0_46.6,2024-04-27,18.734069442749046,0.28672449826672164
41.0_46.8,2024-04-27,18.97462933858236,0.2959632182069072
38.3_47.2,2024-04-28,21.203583017985068,0.2080699856605861
38.4_47.2,2024-04-28,21.271698252360068,0.2010664398994777
39.0_46.8,2024-04-28,21.251434580485068,0.2106031830635402
39.1_46.9,2024-04-28,21.266408538818382,0.2274861986961696
39.1_47.3,2024-04-28,21.406056976318382,0.10699540928271745
39.5_47.0,2024-04-28,21.246551767985068,0.5241534169044826
39.6_47.1,2024-04-28,21.377004241943382,0.570764249118838
39.7_47.0,2024-04-28,21.194549814860068,0.5099675114479396
39.9_48.9,2024-04-28,20.736379241943382,0.0025680716362330713
40.0_48.8,2024-04-28,20.603403981526696,0.0025680716362330713
40.1_48.1,2024-04-28,19.764374033610068,0.01854211643603776
40.2_46.7,2024-04-28,20.785451507568382,0.1149526293602321
40.2_49.6,2024-04-28,19.914439137776696,0.0025680716362330713
40.3_48.7,2024-04-28,20.254608408610068,0.0025680716362330713
40.4_49.2,2024-04-28,20.188202158610068,0.0025680716362330713
40.7_47.2,2024-04-28,20.929413096110068,0.07468969181445573
40.8_46.7,2024-04-28,20.680796559651696,0.037004655155215005
40.9_46.3,2024-04-28,20.910288747151696,0.0025978739586207666
41.0_46.6,2024-04-28,20.614471689860068,0.002925699504885415
41.0_46.8,2024-04-28,20.712127939860068,0.015755599292788247
38.3_47.2,2024-04-29,18.505654907226585,0.30522479586991835
38.4_47.2,2024-04-29,18.55366923014327,0.3600759702244716
39.0_46.8,2024-04-29,19.444131469726585,1.177255650095077
39.1_46.9,2024-04-29,19.37324930826827,0.8901400762120204
39.1_47.3,2024-04-29,18.821328735351585,0.27251674704942275
39.5_47.0,2024-04-29,19.685098266601585,0.3832770782032924
39.6_47.1,2024-04-29,19.71016337076827,0.15506579451951552
39.7_47.0,2024-04-29,19.73726298014327,0.32036437564286757
39.9_48.9,2024-04-29,16.40401102701827,4.734356542162033
40.0_48.8,2024-04-29,16.445108032226585,3.3034874396840053
40.1_48.1,2024-04-29,16.84785868326827,0.99327101283464
40.2_46.7,2024-04-29,19.81978251139327,0.7660879092732387
40.2_49.6,2024-04-29,15.0001210530599,3.613267679742904
40.3_48.7,2024-04-29,16.541543579101585,1.7450941997090297
40.4_49.2,2024-04-29,15.705850219726585,4.17019857936296
40.7_47.2,2024-04-29,19.6788319905599,0.2493007379094081
40.8_46.7,2024-04-29,19.85786844889327,1.3092948394337611
40.9_46.3,2024-04-29,20.60835673014327,0.6587846475163417
41.0_46.6,2024-04-29,19.991250610351585,1.0937793450871425
41.0_46.8,2024-04-29,19.83784891764327,0.9579999642888026
38.3_47.2,2024-04-30,16.388825988769554,8.542979621495306E-4
38.4_47.2,2024-04-30,16.40087025960287,8.542979621495306E-4
39.0_46.8,2024-04-30,16.51000111897787,0.0015099490546788275
39.1_46.9,2024-04-30,16.406159973144554,8.542979621495306E-4
39.1_47.3,2024-04-30,16.35212351481124,8.691991233433782E-4
39.5_47.0,2024-04-30,16.408845520019554,0.009720488872488886
39.6_47.1,2024-04-30,16.50861765543624,0.0038047278785313665
39.7_47.0,2024-04-30,16.17919057210287,0.06543593057628527
39.9_48.9,2024-04-30,15.53986765543624,8.542979621495306E-4
40.0_48.8,2024-04-30,15.474356587727868,8.691991233433782E-4
40.1_48.1,2024-04-30,14.86530710856124,8.691991233433782E-4
40.2_46.7,2024-04-30,15.12946726481124,0.4856486762427892
40.2_49.6,2024-04-30,14.723542785644554,8.542979621495306E-4
40.3_48.7,2024-04-30,15.43293406168624,8.691991233433782E-4
40.4_49.2,2024-04-30,15.044669087727868,8.691991233433782E-4
40.7_47.2,2024-04-30,15.663565572102868,0.15850858339305773
40.8_46.7,2024-04-30,14.454255676269554,0.9877284015082921
40.9_46.3,2024-04-30,13.855948384602868,2.311845585193595
41.0_46.6,2024-04-30,14.16218210856124,1.7065008128547277
41.0_46.8,2024-04-30,14.510245259602868,0.9791751349830236
38.3_47.2,2024-05-01,17.689022954305017,8.52346317969932E-4
38.4_47.2,2024-05-01,17.660621261596702,8.52346317969932E-4
39.0_46.8,2024-05-01,16.917050298055017,8.52346317969932E-4
39.1_46.9,2024-05-01,16.955787277221702,8.52346317969932E-4
39.1_47.3,2024-05-01,17.530087407430017,8.52346317969932E-4
39.5_47.0,2024-05-01,16.960100428263388,8.52346317969932E-4
39.6_47.1,2024-05-01,17.199683761596702,8.52346317969932E-4
39.7_47.0,2024-05-01,16.704078292846702,8.52346317969932E-4
39.9_48.9,2024-05-01,16.653541183471702,8.52346317969932E-4
40.0_48.8,2024-05-01,16.582252120971702,8.52346317969932E-4
40.1_48.1,2024-05-01,15.780738449096702,8.52346317969932E-4
40.2_46.7,2024-05-01,15.258521652221702,8.52346317969932E-4
40.2_49.6,2024-05-01,16.545875167846702,8.52346317969932E-4
40.3_48.7,2024-05-01,16.579973475138388,8.52346317969932E-4
40.4_49.2,2024-05-01,16.574765141805017,8.52346317969932E-4
40.7_47.2,2024-05-01,16.381649907430017,8.52346317969932E-4
40.8_46.7,2024-05-01,14.545305506388388,0.0033110379149547953
40.9_46.3,2024-05-01,13.616024907430017,2.694907784359657
41.0_46.6,2024-05-01,14.044247563680017,0.012996792690955772
41.0_46.8,2024-05-01,14.790422693888388,8.52346317969932E-4
38.3_47.2,2024-05-02,18.979125595092796,0.002968311207496299
38.4_47.2,2024-05-02,19.077677027384482,0.0015676020552746195
39.0_46.8,2024-05-02,18.31783002217611,8.52346317969932E-4
39.1_46.9,2024-05-02,18.542846298217796,8.52346317969932E-4
39.1_47.3,2024-05-02,19.188109970092796,8.52346317969932E-4
39.5_47.0,2024-05-02,18.582397079467796,8.52346317969932E-4
39.6_47.1,2024-05-02,18.823038355509482,8.52346317969932E-4
39.7_47.0,2024-05-02,18.380004501342796,8.52346317969932E-4
39.9_48.9,2024-05-02,16.18135541280111,0.2882659434249035
40.0_48.8,2024-05-02,16.220011011759482,0.32128691663046993
40.1_48.1,2024-05-02,16.197387313842796,0.05387067784567989
40.2_46.7,2024-05-02,17.273315048217796,8.52346317969932E-4
40.2_49.6,2024-05-02,14.54707806905111,3.9055526255538098
40.3_48.7,2024-05-02,16.16475385030111,1.837867498295509
40.4_49.2,2024-05-02,15.17891400655111,2.8639912604262463
40.7_47.2,2024-05-02,17.99922650655111,8.52346317969932E-4
40.8_46.7,2024-05-02,17.457559839884482,8.52346317969932E-4
40.9_46.3,2024-05-02,16.708861923217796,8.52346317969932E-4
41.0_46.6,2024-05-02,17.124796168009482,8.52346317969932E-4
41.0_46.8,2024-05-02,17.53120892842611,8.52346317969932E-4
38.3_47.2,2024-05-03,18.10953547159835,0.0
38.4_47.2,2024-05-03,18.06339289347335,0.0
39.0_46.8,2024-05-03,17.945310211181663,0.0
39.1_46.9,2024-05-03,17.867185211181663,0.0
39.1_47.3,2024-05-03,17.420163726806663,0.0
39.5_47.0,2024-05-03,17.71915461222335,0.0
39.6_47.1,2024-05-03,17.755694325764978,0.0
39.7_47.0,2024-05-03,17.587888336181663,0.0
39.9_48.9,2024-05-03,13.000323232014978,0.018835067749023438
40.0_48.8,2024-05-03,13.117266591389978,0.031948089599609375
40.1_48.1,2024-05-03,13.930743153889978,0.0010132789611816406
40.2_46.7,2024-05-03,17.214597320556663,0.0011622905731201172
40.2_49.6,2024-05-03,10.725339508056663,0.0
40.3_48.7,2024-05-03,13.257566070556663,0.034332275390625
40.4_49.2,2024-05-03,11.729164377848349,0.0
40.7_47.2,2024-05-03,17.020749664306663,0.0
40.8_46.7,2024-05-03,16.984698232014978,0.0021457672119140625
40.9_46.3,2024-05-03,17.150632476806663,0.013172626495361328
41.0_46.6,2024-05-03,16.94840265909835,0.0053942203521728516
41.0_46.8,2024-05-03,16.84098078409835,0.0
38.3_47.2,2024-05-04,11.202037429809593,0.0012814998058274796
38.4_47.2,2024-05-04,11.161835606892907,0.0012814998058274796
39.0_46.8,2024-05-04,11.496633783976279,0.0012814998058274796
39.1_46.9,2024-05-04,11.288219070434593,0.0012814998058274796
39.1_47.3,2024-05-04,10.674205398559593,0.0012814998058274796
39.5_47.0,2024-05-04,10.882050450642907,0.0012814998058274796
39.6_47.1,2024-05-04,10.781220372517907,0.0012814998058274796
39.7_47.0,2024-05-04,10.687388992309593,0.0012814998058274796
39.9_48.9,2024-05-04,7.753551101684593,0.0012814998058274796
40.0_48.8,2024-05-04,7.725230789184593,0.0012814998058274796
40.1_48.1,2024-05-04,7.550914382934593,0.0012814998058274796
40.2_46.7,2024-05-04,10.701223627726279,0.0012814998058274796
40.2_49.6,2024-05-04,6.466523106892907,0.0012814998058274796
40.3_48.7,2024-05-04,7.696991856892907,0.0012814998058274796
40.4_49.2,2024-05-04,6.969290033976279,0.0012814998058274796
40.7_47.2,2024-05-04,10.081757481892907,0.0012814998058274796
40.8_46.7,2024-05-04,10.338674799601279,0.0012814998058274796
40.9_46.3,2024-05-04,10.971894200642907,0.0012814998058274796
41.0_46.6,2024-05-04,10.367564773559593,0.0012814998058274796
41.0_46.8,2024-05-04,10.061249669392907,0.0012814998058274796
38.3_47.2,2024-05-05,12.192387517293298,8.702278364580707E-4
38.4_47.2,2024-05-05,12.18172671000167,8.702278364580707E-4
39.0_46.8,2024-05-05,11.792892074584984,8.702278364580707E-4
39.1_46.9,2024-05-05,11.790694808959984,8.702278364580707E-4
39.1_47.3,2024-05-05,12.192306137084984,8.702278364580707E-4
39.5_47.0,2024-05-05,11.57357241312667,8.702278364580707E-4
39.6_47.1,2024-05-05,11.727706527709984,8.702278364580707E-4
39.7_47.0,2024-05-05,11.37362124125167,8.702278364580707E-4
39.9_48.9,2024-05-05,11.566899236043298,8.702278364580707E-4
40.0_48.8,2024-05-05,11.22396303812667,8.702278364580707E-4
40.1_48.1,2024-05-05,9.99373842875167,8.702278364580707E-4
40.2_46.7,2024-05-05,10.93563296000167,8.702278364580707E-4
40.2_49.6,2024-05-05,11.362960433959984,8.702278364580707E-4
40.3_48.7,2024-05-05,11.046635564168298,8.702278364580707E-4
40.4_49.2,2024-05-05,11.077885564168298,8.702278364580707E-4
40.7_47.2,2024-05-05,11.451583480834984,8.702278364580707E-4
40.8_46.7,2024-05-05,10.677413558959984,8.702278364580707E-4
40.9_46.3,2024-05-05,10.69271303812667,8.702278364580707E-4
41.0_46.6,2024-05-05,10.595707829793298,8.702278364580707E-4
41.0_46.8,2024-05-05,10.69344546000167,8.702278364580707E-4
38.3_47.2,2024-05-06,14.757846450805687,0.0
38.4_47.2,2024-05-06,14.790642674764001,0.0
39.0_46.8,2024-05-06,14.515333429972372,0.0
39.1_46.9,2024-05-06,14.490186945597372,0.0
39.1_47.3,2024-05-06,14.632276789347372,0.0
39.5_47.0,2024-05-06,14.513949966430687,0.0
39.6_47.1,2024-05-06,14.697787857055687,0.0
39.7_47.0,2024-05-06,14.423373794555687,0.0
39.9_48.9,2024-05-06,16.473910903930687,0.06631016731262207
40.0_48.8,2024-05-06,16.268018976847372,0.02473592758178711
40.1_48.1,2024-05-06,14.793979263305687,0.007539987564086914
40.2_46.7,2024-05-06,13.637240982055687,0.0
40.2_49.6,2024-05-06,15.724887466430687,0.0737309455871582
40.3_48.7,2024-05-06,16.088494237264,0.08001923561096191
40.4_49.2,2024-05-06,15.814161554972372,0.42504072189331055
40.7_47.2,2024-05-06,14.655388768514001,0.0
40.8_46.7,2024-05-06,13.463819758097372,0.0
40.9_46.3,2024-05-06,12.706088638305687,0.0
41.0_46.6,2024-05-06,13.151970799764001,0.0
41.0_46.8,2024-05-06,13.545525487264001,0.0
38.3_47.2,2024-05-07,16.281320826212607,8.702277796146518E-4
38.4_47.2,2024-05-07,16.32437095642092,8.702277796146518E-4
39.0_46.8,2024-05-07,17.086415227254236,8.702277796146518E-4
39.1_46.9,2024-05-07,16.87954673767092,8.702277796146518E-4
39.1_47.3,2024-05-07,16.577707544962607,8.702277796146518E-4
39.5_47.0,2024-05-07,17.14028892517092,8.702277796146518E-4
39.6_47.1,2024-05-07,17.278798039754236,8.702277796146518E-4
39.7_47.0,2024-05-07,17.151682154337607,8.702277796146518E-4
39.9_48.9,2024-05-07,19.36441001892092,8.702277796146518E-4
40.0_48.8,2024-05-07,19.064442571004236,8.702277796146518E-4
40.1_48.1,2024-05-07,17.078928248087607,8.702277796146518E-4
40.2_46.7,2024-05-07,16.830148951212607,8.702277796146518E-4
40.2_49.6,2024-05-07,18.427805201212607,0.5367755889551518
40.3_48.7,2024-05-07,18.684803899129236,8.702277796146518E-4
40.4_49.2,2024-05-07,18.708566919962607,0.002032518352734769
40.7_47.2,2024-05-07,17.641835149129236,8.702277796146518E-4
40.8_46.7,2024-05-07,16.631418482462607,8.702277796146518E-4
40.9_46.3,2024-05-07,15.818104680379236,8.702277796146518E-4
41.0_46.6,2024-05-07,16.25112876892092,8.702277796146518E-4
41.0_46.8,2024-05-07,16.639637883504236,8.702277796146518E-4
38.3_47.2,2024-05-08,14.720747884114587,1.9307076930950018
38.4_47.2,2024-05-08,14.711145019531273,1.8263399600932928
39.0_46.8,2024-05-08,14.288700358072958,4.230403900141511
39.1_46.9,2024-05-08,14.373173014322958,3.765934705729279
39.1_47.3,2024-05-08,14.245568847656273,1.8927097320506903
39.5_47.0,2024-05-08,14.184615071614587,2.950274944300446
39.6_47.1,2024-05-08,14.326135253906273,2.5477647781322332
39.7_47.0,2024-05-08,14.054569498697958,2.7136445045421453
39.9_48.9,2024-05-08,11.493778483072958,0.5794107913921209
40.0_48.8,2024-05-08,11.630985514322958,0.496947765345368
40.1_48.1,2024-05-08,12.011926269531273,0.17508268355825862
40.2_46.7,2024-05-08,13.715295410156273,3.0378043651531073
40.2_49.6,2024-05-08,9.577193196614587,1.0163724422405096
40.3_48.7,2024-05-08,11.878055826822958,0.41141510009268245
40.4_49.2,2024-05-08,10.708459472656273,0.4497110843608709
40.7_47.2,2024-05-08,14.057010904947958,2.4473607540080877
40.8_46.7,2024-05-08,13.817427571614587,2.116137742991242
40.9_46.3,2024-05-08,14.755904134114587,0.3532409667919012
41.0_46.6,2024-05-08,14.040897623697958,1.2979149818370672
41.0_46.8,2024-05-08,13.804488118489587,2.62086987494925
38.3_47.2,2024-05-09,13.772469456990564,8.702277618510834E-4
38.4_47.2,2024-05-09,13.781584040323935,8.702277618510834E-4
39.0_46.8,2024-05-09,13.288094456990564,8.702277618510834E-4
39.1_46.9,2024-05-09,13.29753456115725,8.404254394633881E-4
39.1_47.3,2024-05-09,13.177987035115564,8.404254394633881E-4
39.5_47.0,2024-05-09,12.933683649698935,8.404254394633881E-4
39.6_47.1,2024-05-09,13.075447972615564,8.702277618510834E-4
39.7_47.0,2024-05-09,12.837410863240564,8.702277618510834E-4
39.9_48.9,2024-05-09,9.39201698303225,8.702277618510834E-4
40.0_48.8,2024-05-09,9.507332738240564,8.404254394633881E-4
40.1_48.1,2024-05-09,10.233651097615564,8.404254394633881E-4
40.2_46.7,2024-05-09,12.72844276428225,8.702277618510834E-4
40.2_49.6,2024-05-09,7.254077529907249,8.702277618510834E-4
40.3_48.7,2024-05-09,9.69377479553225,8.404254394633881E-4
40.4_49.2,2024-05-09,8.40568885803225,8.702277618510834E-4
40.7_47.2,2024-05-09,13.020597712198935,8.404254394633881E-4
40.8_46.7,2024-05-09,12.692716852823935,8.702277618510834E-4
40.9_46.3,2024-05-09,13.41960487365725,0.0096619128662212
41.0_46.6,2024-05-09,12.84563026428225,8.404254394633881E-4
41.0_46.8,2024-05-09,12.602873102823935,8.702277618510834E-4
38.3_47.2,2024-05-10,14.01686566670736,0.0017106532936850272
38.4_47.2,2024-05-10,14.025329208374046,0.0017106532936850272
39.0_46.8,2024-05-10,13.729674911499046,0.0017106532936850272
39.1_46.9,2024-05-10,13.69435590108236,0.0017106532936850272
39.1_47.3,2024-05-10,13.79396527608236,0.0017106532936850272
39.5_47.0,2024-05-10,13.413756942749046,0.0017106532936850272
39.6_47.1,2024-05-10,13.493346786499046,0.0017106532936850272
39.7_47.0,2024-05-10,13.386331812540732,0.0017106532936850272
39.9_48.9,2024-05-10,10.220397567749046,0.0017106532936850272
40.0_48.8,2024-05-10,10.21876996358236,0.0017106532936850272
40.1_48.1,2024-05-10,10.650817489624046,0.0017106532936850272
40.2_46.7,2024-05-10,13.36134808858236,0.0017106532936850272
40.2_49.6,2024-05-10,9.079691187540732,0.0017106532936850272
40.3_48.7,2024-05-10,10.268493270874046,0.0017106532936850272
40.4_49.2,2024-05-10,9.628844833374046,0.0017106532936850272
40.7_47.2,2024-05-10,13.282653427124046,0.0017106532936850272
40.8_46.7,2024-05-10,13.302428817749046,0.0017106532936850272
40.9_46.3,2024-05-10,13.893900171915732,0.0017106532936850272
41.0_46.6,2024-05-10,13.38258832295736,0.0017106532936850272
41.0_46.8,2024-05-10,13.163187281290732,0.0017106532936850272
38.3_47.2,2024-05-11,15.759863789876306,0.0
38.4_47.2,2024-05-11,15.843929545084677,0.0
39.0_46.8,2024-05-11,15.796322123209677,0.0
39.1_46.9,2024-05-11,15.817725118001306,0.0
39.1_47.3,2024-05-11,15.883887227376306,0.0
39.5_47.0,2024-05-11,15.463151550292991,0.0
39.6_47.1,2024-05-11,15.531836446126306,0.0
39.7_47.0,2024-05-11,15.583187357584677,0.0
39.9_48.9,2024-05-11,14.890560404459677,0.8054375648498535
40.0_48.8,2024-05-11,14.852230326334677,0.750511884689331
40.1_48.1,2024-05-11,13.925798034667991,0.007539987564086914
40.2_46.7,2024-05-11,15.920589701334677,0.10320544242858887
40.2_49.6,2024-05-11,13.451107279459677,1.787126064300537
40.3_48.7,2024-05-11,14.689144388834677,0.3598630428314209
40.4_49.2,2024-05-11,14.385189310709677,0.9485781192779541
40.7_47.2,2024-05-11,15.877865091959677,2.980232238769531E-4
40.8_46.7,2024-05-11,15.828141784667991,1.5877485275268555
40.9_46.3,2024-05-11,16.034359232584677,1.3477504253387451
41.0_46.6,2024-05-11,15.727637227376306,1.3347864151000977
41.0_46.8,2024-05-11,15.663916524251306,1.6480684280395508
38.3_47.2,2024-05-12,15.134479141235374,0.0
38.4_47.2,2024-05-12,15.067910130818689,0.0
39.0_46.8,2024-05-12,14.68322588602706,0.0020563602447509766
39.1_46.9,2024-05-12,14.65270830790206,0.00858306884765625
39.1_47.3,2024-05-12,14.549111302693689,0.023871660232543945
39.5_47.0,2024-05-12,14.27941729227706,0.024139881134033203
39.6_47.1,2024-05-12,14.419391250610374,0.032782554626464844
39.7_47.0,2024-05-12,14.158404922485374,0.022232532501220703
39.9_48.9,2024-05-12,12.280963516235374,0.05227327346801758
40.0_48.8,2024-05-12,12.250527318318689,0.15673041343688965
40.1_48.1,2024-05-12,12.332965469360374,0.32597780227661133
40.2_46.7,2024-05-12,14.042682266235374,0.0015497207641601562
40.2_49.6,2024-05-12,10.266070938110374,0.03102421760559082
40.3_48.7,2024-05-12,12.31115557352706,0.6331801414489746
40.4_49.2,2024-05-12,11.27258135477706,0.3345012664794922
40.7_47.2,2024-05-12,14.08605791727706,0.004202127456665039
40.8_46.7,2024-05-12,13.991168594360374,0.0014007091522216797
40.9_46.3,2024-05-12,14.68542315165206,0.0
41.0_46.6,2024-05-12,14.153847630818689,0.0
41.0_46.8,2024-05-12,13.898639297485374,2.980232238769531E-4
38.3_47.2,2024-05-13,13.641876475016318,0.03633085304954875
38.4_47.2,2024-05-13,13.637644704182946,0.041188631598743086
39.0_46.8,2024-05-13,13.658071136474632,0.11094096714714397
39.1_46.9,2024-05-13,13.495636240641318,0.09858790451744426
39.1_47.3,2024-05-13,13.225616709391318,0.0938791375801884
39.5_47.0,2024-05-13,13.157338714599632,0.1488793235466801
39.6_47.1,2024-05-13,13.193552907307946,0.16637328678825725
39.7_47.0,2024-05-13,12.954213714599632,0.13062540108421672
39.9_48.9,2024-05-13,9.795440928141318,0.004203949515613203
40.0_48.8,2024-05-13,9.772328948974632,0.004993711058887129
40.1_48.1,2024-05-13,10.125030771891318,0.012712512557300215
40.2_46.7,2024-05-13,12.519073740641318,0.04515234047630656
40.2_49.6,2024-05-13,7.957143402099632,0.0027585368798099807
40.3_48.7,2024-05-13,9.742055511474632,0.004949007575305586
40.4_49.2,2024-05-13,8.719757334391318,0.006215606276782637
40.7_47.2,2024-05-13,12.498891448974632,0.024454627578052168
40.8_46.7,2024-05-13,12.039011891682946,0.035854015891345625
40.9_46.3,2024-05-13,12.510121917724632,0.012056861464770918
41.0_46.6,2024-05-13,11.986114756266318,0.018225942199023848
41.0_46.8,2024-05-13,11.889109547932946,0.029312406127246504
38.3_47.2,2024-05-14,13.441417312622093,0.8702880019200165
38.4_47.2,2024-05-14,13.521332677205407,0.6938582533848603
39.0_46.8,2024-05-14,13.703624343872093,0.24333654585007025
39.1_46.9,2024-05-14,13.660655593872093,0.2385979765904267
39.1_47.3,2024-05-14,13.321055984497093,0.07864891233566595
39.5_47.0,2024-05-14,13.491222000122093,0.03381131830337836
39.6_47.1,2024-05-14,13.553559239705407,6.413334858734743E-4
39.7_47.0,2024-05-14,13.327891921997093,5.966300022919313E-4
39.9_48.9,2024-05-14,11.429047520955407,8.648509037811891E-4
40.0_48.8,2024-05-14,11.304535802205407,5.835545380250551E-7
40.1_48.1,2024-05-14,10.983572260538779,5.835545380250551E-7
40.2_46.7,2024-05-14,12.903494135538779,5.835545380250551E-7
40.2_49.6,2024-05-14,9.872569656372093,0.0012969845784027711
40.3_48.7,2024-05-14,11.247325515747093,5.835545380250551E-7
40.4_49.2,2024-05-14,10.649750645955407,1.7939748886419693E-4
40.7_47.2,2024-05-14,13.024343744913779,1.548471573187271E-5
40.8_46.7,2024-05-14,12.526541010538779,5.835545380250551E-7
40.9_46.3,2024-05-14,12.624848302205407,5.835545380250551E-7
41.0_46.6,2024-05-14,12.524180984497093,5.835545380250551E-7
41.0_46.8,2024-05-14,12.489594395955407,5.835545380250551E-7
38.3_47.2,2024-05-15,12.422739283243857,8.585016936354606
38.4_47.2,2024-05-15,12.462290064493857,7.6469292345571205
39.0_46.8,2024-05-15,12.307830429077171,9.018879145674674
39.1_46.9,2024-05-15,12.373178736368857,6.678964704565971
39.1_47.3,2024-05-15,12.855356470743857,2.0182689133214637
39.5_47.0,2024-05-15,12.794321314493857,2.4773140850591346
39.6_47.1,2024-05-15,13.167286809285486,1.1106540861653968
39.7_47.0,2024-05-15,12.854217147827171,1.3788004818486854
39.9_48.9,2024-05-15,12.156707382202171,0.001560658507315793
40.0_48.8,2024-05-15,11.959930038452171,8.603039312049532E-4
40.1_48.1,2024-05-15,11.336720403035486,0.1688112917470619
40.2_46.7,2024-05-15,12.618214543660486,2.216603368811576
40.2_49.6,2024-05-15,10.860971705118857,0.012244791083304563
40.3_48.7,2024-05-15,11.858042017618857,0.0017245712804481172
40.4_49.2,2024-05-15,11.497446314493857,0.002350420050589719
40.7_47.2,2024-05-15,13.441782251993857,0.4788746538686439
40.8_46.7,2024-05-15,12.796599960327171,1.0079552832173988
40.9_46.3,2024-05-15,12.830779647827171,1.7430444660710975
41.0_46.6,2024-05-15,12.779672876993857,0.7273664179372474
41.0_46.8,2024-05-15,12.920053736368857,0.5975475016164467
38.3_47.2,2024-05-16,12.96743227640792,0.3773454915290131
38.4_47.2,2024-05-16,12.94887758890792,0.3407929431205048
39.0_46.8,2024-05-16,12.44887758890792,1.2663040648703827
39.1_46.9,2024-05-16,12.525456364949548,1.1762265454535736
39.1_47.3,2024-05-16,12.83413149515792,0.2155039798026337
39.5_47.0,2024-05-16,12.45327212015792,0.8502189408545746
39.6_47.1,2024-05-16,12.715153630574548,0.6197277795081391
39.7_47.0,2024-05-16,12.46938540140792,0.6513331424002899
39.9_48.9,2024-05-16,12.31899477640792,0.15560131180336612
40.0_48.8,2024-05-16,12.064274724324548,0.1268271695380463
40.1_48.1,2024-05-16,11.309147771199548,0.053126026273275784
40.2_46.7,2024-05-16,12.27651430765792,1.2404803525214447
40.2_49.6,2024-05-16,11.433415349324548,0.2452764998679413
40.3_48.7,2024-05-16,11.901595687866234,0.1051310788398041
40.4_49.2,2024-05-16,11.748356755574548,0.191706825376059
40.7_47.2,2024-05-16,12.90102602640792,0.4504505883460297
40.8_46.7,2024-05-16,12.523503239949548,1.3420466672187104
40.9_46.3,2024-05-16,12.484440739949548,5.490902472615744
41.0_46.6,2024-05-16,12.517399724324548,1.949790526509787
41.0_46.8,2024-05-16,12.577458318074548,0.5428377877478852
38.3_47.2,2024-05-17,14.305124537150107,0.052124434262168506
38.4_47.2,2024-05-17,14.339385604858421,0.049010091572654346
39.0_46.8,2024-05-17,14.015166854858421,0.08903461053932915
39.1_46.9,2024-05-17,13.973500188191736,0.08690374448860894
39.1_47.3,2024-05-17,13.828155136108421,0.24275498941506157
39.5_47.0,2024-05-17,13.651234563191736,0.09121018007363091
39.6_47.1,2024-05-17,13.789174016316736,0.08130090787972222
39.7_47.0,2024-05-17,13.569935735066736,0.07085519388283501
39.9_48.9,2024-05-17,13.069284693400107,0.13230758264626274
40.0_48.8,2024-05-17,12.916371281941736,0.10564940527046929
40.1_48.1,2024-05-17,12.365264511108421,0.1411141689118267
40.2_46.7,2024-05-17,13.412546412150107,0.20469742372597466
40.2_49.6,2024-05-17,11.488636906941736,0.2611728246506573
40.3_48.7,2024-05-17,13.034128443400107,0.06885843828285942
40.4_49.2,2024-05-17,12.565948104858421,0.09815412118996392
40.7_47.2,2024-05-17,13.464304224650107,0.06531196191872368
40.8_46.7,2024-05-17,13.338897323608421,0.30832009866799126
40.9_46.3,2024-05-17,13.121774927775107,0.47560053423012505
41.0_46.6,2024-05-17,13.163522974650107,0.5116613443192364
41.0_46.8,2024-05-17,13.372832870483421,0.23996847227181206
38.3_47.2,2024-05-18,16.33641077677413,0.023946166038513184
38.4_47.2,2024-05-18,16.31313603719076,0.048920512199401855
39.0_46.8,2024-05-18,15.409734344482445,0.8421540260314941
39.1_46.9,2024-05-18,15.43577601114913,0.22952258586883545
39.1_47.3,2024-05-18,15.709376271565759,0.23725628852844238
39.5_47.0,2024-05-18,15.235173797607445,0.27492642402648926
39.6_47.1,2024-05-18,15.45652796427413,0.3221482038497925
39.7_47.0,2024-05-18,15.04515101114913,0.3018230199813843
39.9_48.9,2024-05-18,14.277735646565759,0.22871792316436768
40.0_48.8,2024-05-18,14.095037078857445,0.17465651035308838
40.1_48.1,2024-05-18,13.795720672607445,0.4405975341796875
40.2_46.7,2024-05-18,14.084539031982445,0.1580268144607544
40.2_49.6,2024-05-18,13.33592249552413,1.4908015727996826
40.3_48.7,2024-05-18,14.06321741739913,0.12065470218658447
40.4_49.2,2024-05-18,14.22019983927413,0.13577938079833984
40.7_47.2,2024-05-18,14.823634084065759,0.32401084899902344
40.8_46.7,2024-05-18,14.099675750732445,0.2891272306442261
40.9_46.3,2024-05-18,13.933904266357445,0.029847025871276855
41.0_46.6,2024-05-18,13.977686818440759,0.12612342834472656
41.0_46.8,2024-05-18,14.239405568440759,0.298038125038147
38.3_47.2,2024-05-19,17.276287968953454,0.11179149140616573
38.4_47.2,2024-05-19,17.259930547078454,0.15297830094596065
39.0_46.8,2024-05-19,16.063478724161826,1.1776715516020886
39.1_46.9,2024-05-19,16.124758021036826,0.7881253956725232
39.1_47.3,2024-05-19,16.663006718953454,0.2545148133208386
39.5_47.0,2024-05-19,15.899416224161826,0.9382247923781506
39.6_47.1,2024-05-19,16.08724174499514,0.8748948573042981
39.7_47.0,2024-05-19,15.76106986999514,1.1878490446974865
39.9_48.9,2024-05-19,16.235760625203454,0.41346549977561153
40.0_48.8,2024-05-19,16.046307500203454,0.5026340483595959
40.1_48.1,2024-05-19,15.656008021036826,0.1839131115843884
40.2_46.7,2024-05-19,14.963381067911826,3.321799635784828
40.2_49.6,2024-05-19,15.229982630411826,0.09280741204520382
40.3_48.7,2024-05-19,16.08260307312014,0.3777474163939587
40.4_49.2,2024-05-19,15.87606010437014,0.2876996992995373
40.7_47.2,2024-05-19,15.852948125203454,1.1505216359068982
40.8_46.7,2024-05-19,15.145428593953454,3.5700678824355236
40.9_46.3,2024-05-19,15.498293177286826,1.8145620821883313
41.0_46.6,2024-05-19,15.19710502624514,3.355714678662025
41.0_46.8,2024-05-19,15.143312708536826,3.35759222497245
38.3_47.2,2024-05-20,18.416086451212607,0.09149312973022461
38.4_47.2,2024-05-20,18.390614446004236,0.09199976921081543
39.0_46.8,2024-05-20,17.631418482462607,0.09468197822570801
39.1_46.9,2024-05-20,17.67959556579592,0.0921785831451416
39.1_47.3,2024-05-20,18.19058189392092,0.03165006637573242
39.5_47.0,2024-05-20,17.69204673767092,0.11032819747924805
39.6_47.1,2024-05-20,17.96865806579592,0.11435151100158691
39.7_47.0,2024-05-20,17.672678248087607,0.0947713851928711
39.9_48.9,2024-05-20,17.762277857462607,0.0
40.0_48.8,2024-05-20,17.832997258504236,0.0
40.1_48.1,2024-05-20,16.966298039754236,0.06148219108581543
40.2_46.7,2024-05-20,17.14248619079592,0.04246830940246582
40.2_49.6,2024-05-20,17.314523951212607,0.0
40.3_48.7,2024-05-20,17.66763267517092,0.0
40.4_49.2,2024-05-20,17.953928248087607,0.0
40.7_47.2,2024-05-20,18.10122642517092,0.10544061660766602
40.8_46.7,2024-05-20,17.09976158142092,0.11688470840454102
40.9_46.3,2024-05-20,17.447255071004236,0.017881393432617188
41.0_46.6,2024-05-20,17.123361841837607,0.046312808990478516
41.0_46.8,2024-05-20,17.129465357462607,0.0947415828704834
38.3_47.2,2024-05-21,20.089005406697595,8.549805556867796E-4
38.4_47.2,2024-05-21,20.120987828572595,8.549805556867796E-4
39.0_46.8,2024-05-21,19.60137519836428,8.549805556867796E-4
39.1_46.9,2024-05-21,19.740372594197595,8.549805556867796E-4
39.1_47.3,2024-05-21,20.33892402648928,8.549805556867796E-4
39.5_47.0,2024-05-21,19.776098505655966,8.549805556867796E-4
39.6_47.1,2024-05-21,20.066788609822595,8.549805556867796E-4
39.7_47.0,2024-05-21,19.733048375447595,8.549805556867796E-4
39.9_48.9,2024-05-21,20.53325996398928,8.549805556867796E-4
40.0_48.8,2024-05-21,20.284643427530966,8.549805556867796E-4
40.1_48.1,2024-05-21,18.758764521280966,8.549805556867796E-4
40.2_46.7,2024-05-21,19.165177281697595,8.549805556867796E-4
40.2_49.6,2024-05-21,18.68535957336428,8.549805556867796E-4
40.3_48.7,2024-05-21,19.98272285461428,8.549805556867796E-4
40.4_49.2,2024-05-21,19.761856969197595,8.549805556867796E-4
40.7_47.2,2024-05-21,19.89654121398928,8.549805556867796E-4
40.8_46.7,2024-05-21,19.045548375447595,8.549805556867796E-4
40.9_46.3,2024-05-21,19.142960484822595,8.549805556867796E-4
41.0_46.6,2024-05-21,18.930151240030966,8.549805556867796E-4
41.0_46.8,2024-05-21,19.12823066711428,8.549805556867796E-4
38.3_47.2,2024-05-22,21.491529083251976,8.583068797918258E-4
38.4_47.2,2024-05-22,21.41259028116866,8.583068797918258E-4
39.0_46.8,2024-05-22,20.56444574991866,8.583068797918258E-4
39.1_46.9,2024-05-22,20.665845489501976,8.583068797918258E-4
39.1_47.3,2024-05-22,21.07242101033529,8.583068797918258E-4
39.5_47.0,2024-05-22,20.529615020751976,8.583068797918258E-4
39.6_47.1,2024-05-22,20.82152582804366,8.583068797918258E-4
39.7_47.0,2024-05-22,20.514722442626976,8.583068797918258E-4
39.9_48.9,2024-05-22,21.26390864054366,8.583068797918258E-4
40.0_48.8,2024-05-22,21.08169835408529,8.583068797918258E-4
40.1_48.1,2024-05-22,20.485913848876976,8.583068797918258E-4
40.2_46.7,2024-05-22,19.97207921346029,8.583068797918258E-4
40.2_49.6,2024-05-22,20.30980707804366,0.003153085703644365
40.3_48.7,2024-05-22,21.08226801554366,8.583068797918258E-4
40.4_49.2,2024-05-22,21.01114171346029,8.583068797918258E-4
40.7_47.2,2024-05-22,20.47997309366866,8.583068797918258E-4
40.8_46.7,2024-05-22,19.82095616658529,8.583068797918258E-4
40.9_46.3,2024-05-22,19.827954864501976,8.583068797918258E-4
41.0_46.6,2024-05-22,19.73802973429366,8.583068797918258E-4
41.0_46.8,2024-05-22,19.94799067179366,8.583068797918258E-4
38.3_47.2,2024-05-23,21.41088129679366,0.0
38.4_47.2,2024-05-23,21.41893793741866,0.0
39.0_46.8,2024-05-23,21.04613520304366,0.0
39.1_46.9,2024-05-23,21.07787348429366,0.0
39.1_47.3,2024-05-23,21.130445098876976,0.0
39.5_47.0,2024-05-23,21.18871332804366,0.0
39.6_47.1,2024-05-23,21.44823481241866,0.0
39.7_47.0,2024-05-23,21.116529083251976,0.0
39.9_48.9,2024-05-23,21.48168207804366,0.0
40.0_48.8,2024-05-23,21.39720942179366,0.0
40.1_48.1,2024-05-23,20.70254796346029,0.0
40.2_46.7,2024-05-23,20.38231684366866,0.0
40.2_49.6,2024-05-23,19.68553949991866,1.7011761665344238
40.3_48.7,2024-05-23,21.541822052001976,0.0
40.4_49.2,2024-05-23,20.62832921346029,0.07408857345581055
40.7_47.2,2024-05-23,21.379224395751976,0.0
40.8_46.7,2024-05-23,20.24755121866866,0.0
40.9_46.3,2024-05-23,20.02774327596029,0.0
41.0_46.6,2024-05-23,20.13077061971029,0.0
41.0_46.8,2024-05-23,20.38736241658529,0.0
38.3_47.2,2024-05-24,19.78827501932784,8.52346317969932E-4
38.4_47.2,2024-05-24,19.82147814432784,8.52346317969932E-4
39.0_46.8,2024-05-24,20.69281603495284,8.52346317969932E-4
39.1_46.9,2024-05-24,20.43866564432784,8.52346317969932E-4
39.1_47.3,2024-05-24,19.74961942036947,8.52346317969932E-4
39.5_47.0,2024-05-24,20.52452176411947,8.52346317969932E-4
39.6_47.1,2024-05-24,20.537135696411156,8.52346317969932E-4
39.7_47.0,2024-05-24,20.44029324849447,8.52346317969932E-4
39.9_48.9,2024-05-24,18.55503934224447,8.52346317969932E-4
40.0_48.8,2024-05-24,18.44493192036947,8.52346317969932E-4
40.1_48.1,2024-05-24,18.104762649536156,8.52346317969932E-4
40.2_46.7,2024-05-24,20.38373400370284,8.52346317969932E-4
40.2_49.6,2024-05-24,16.646510696411156,8.52346317969932E-4
40.3_48.7,2024-05-24,18.31122423807784,8.52346317969932E-4
40.4_49.2,2024-05-24,17.42987658182784,8.52346317969932E-4
40.7_47.2,2024-05-24,20.11607449849447,8.52346317969932E-4
40.8_46.7,2024-05-24,20.141872024536156,8.52346317969932E-4
40.9_46.3,2024-05-24,20.504909133911156,8.52346317969932E-4
41.0_46.6,2024-05-24,20.16864611307784,8.52346317969932E-4
41.0_46.8,2024-05-24,19.95599962870284,8.52346317969932E-4
38.3_47.2,2024-05-25,18.179607645670615,0.026166439056396484
38.4_47.2,2024-05-25,18.204509989420615,0.05269050598144531
39.0_46.8,2024-05-25,18.81591949462893,0.5946755409240723
39.1_46.9,2024-05-25,18.656577046712243,0.11798739433288574
39.1_47.3,2024-05-25,18.119549051920615,0.061124563217163086
39.5_47.0,2024-05-25,18.862875874837243,0.1417994499206543
39.6_47.1,2024-05-25,18.975261942545615,0.04076957702636719
39.7_47.0,2024-05-25,18.768474833170615,0.14764070510864258
39.9_48.9,2024-05-25,17.373699442545615,0.0
40.0_48.8,2024-05-25,17.205730692545615,0.0
40.1_48.1,2024-05-25,16.67407379150393,0.0
40.2_46.7,2024-05-25,18.25317535400393,0.2187788486480713
40.2_49.6,2024-05-25,15.934083557128929,0.0
40.3_48.7,2024-05-25,17.09301910400393,0.0
40.4_49.2,2024-05-25,16.553061421712243,0.0
40.7_47.2,2024-05-25,18.591147359212243,0.0
40.8_46.7,2024-05-25,17.864177958170615,0.11035799980163574
40.9_46.3,2024-05-25,17.752524312337243,0.1252293586730957
41.0_46.6,2024-05-25,17.68335113525393,0.2275407314300537
41.0_46.8,2024-05-25,17.77050933837893,0.007927417755126953
38.3_47.2,2024-05-26,17.05034662882491,1.867920160293579
38.4_47.2,2024-05-26,17.01388829549154,1.8374919891357422
39.0_46.8,2024-05-26,16.087537384033226,1.684337854385376
39.1_46.9,2024-05-26,16.142224884033226,2.1273791790008545
39.1_47.3,2024-05-26,16.92599767049154,1.6095638275146484
39.5_47.0,2024-05-26,16.31279780069991,3.0044615268707275
39.6_47.1,2024-05-26,16.648084259033226,3.112703561782837
39.7_47.0,2024-05-26,16.19308751424154,3.478318452835083
39.9_48.9,2024-05-26,18.77878087361654,0.0
40.0_48.8,2024-05-26,18.61479975382491,0.0
40.1_48.1,2024-05-26,17.30954259236654,0.015556812286376953
40.2_46.7,2024-05-26,15.356824493408226,5.510896444320679
40.2_49.6,2024-05-26,17.671521759033226,0.0
40.3_48.7,2024-05-26,18.45920079549154,0.0
40.4_49.2,2024-05-26,18.19268061319991,0.0
40.7_47.2,2024-05-26,17.147107696533226,0.7375776767730713
40.8_46.7,2024-05-26,15.666883087158226,3.173738718032837
40.9_46.3,2024-05-26,15.920056915283226,2.509206533432007
41.0_46.6,2024-05-26,15.81442540486654,2.491086721420288
41.0_46.8,2024-05-26,15.893120066324911,2.126842737197876
38.3_47.2,2024-05-27,19.3333730061849,0.12742396484100027
38.4_47.2,2024-05-27,19.329141235351585,0.1393746961184661
39.0_46.8,2024-05-27,19.1939687093099,0.8018505204745452
39.1_46.9,2024-05-27,19.123818969726585,0.667471848828427
39.1_47.3,2024-05-27,19.3172597249349,0.3829490769930999
39.5_47.0,2024-05-27,19.4061269124349,0.47327991615020437
39.6_47.1,2024-05-27,19.7081288655599,0.40220137725555105
39.7_47.0,2024-05-27,19.32735087076827,1.0762107003756682
39.9_48.9,2024-05-27,20.723428344726585,0.002582036358944606
40.0_48.8,2024-05-27,20.522256469726585,0.002582036358944606
40.1_48.1,2024-05-27,18.92134501139327,0.14101382384978933
40.2_46.7,2024-05-27,18.629678344726585,1.770127974850766
40.2_49.6,2024-05-27,20.411172485351585,0.002582036358944606
40.3_48.7,2024-05-27,20.42988993326827,0.002582036358944606
40.4_49.2,2024-05-27,20.704873657226585,0.002582036358944606
40.7_47.2,2024-05-27,20.275186157226585,0.17203804145538015
40.8_46.7,2024-05-27,18.6893300374349,1.8461835015841643
40.9_46.3,2024-05-27,18.82515360514327,0.586588345868222
41.0_46.6,2024-05-27,18.699746704101585,1.6041886437960784
41.0_46.8,2024-05-27,18.871865844726585,1.6425442327090423
38.3_47.2,2024-05-28,21.34289957682296,0.0
38.4_47.2,2024-05-28,21.352746582031273,0.0
39.0_46.8,2024-05-28,21.43835856119796,0.0
39.1_46.9,2024-05-28,21.272180175781273,0.0
39.1_47.3,2024-05-28,21.223840332031273,0.0
39.5_47.0,2024-05-28,21.550093587239587,0.0
39.6_47.1,2024-05-28,21.797814941406273,0.0
39.7_47.0,2024-05-28,21.51770426432296,0.0
39.9_48.9,2024-05-28,21.352990722656273,0.0
40.0_48.8,2024-05-28,21.228967285156273,0.0
40.1_48.1,2024-05-28,20.515100097656273,0.0
40.2_46.7,2024-05-28,21.148889160156273,0.0
40.2_49.6,2024-05-28,19.89416910807296,0.0
40.3_48.7,2024-05-28,21.05652262369796,0.0
40.4_49.2,2024-05-28,20.482385253906273,0.0
40.7_47.2,2024-05-28,21.789839680989587,0.0
40.8_46.7,2024-05-28,21.067590332031273,0.0
40.9_46.3,2024-05-28,21.33386637369796,0.0
41.0_46.6,2024-05-28,21.08215738932296,0.0
41.0_46.8,2024-05-28,20.99914957682296,0.0
38.3_47.2,2024-05-29,19.50802383422854,5.530083179468903
38.4_47.2,2024-05-29,19.548632558186853,5.713784694666657
39.0_46.8,2024-05-29,19.37032852172854,5.75810074805716
39.1_46.9,2024-05-29,19.46285781860354,6.655329465861115
39.1_47.3,2024-05-29,19.949511464436853,5.719715356821808
39.5_47.0,2024-05-29,20.169075266520224,3.759706020350251
39.6_47.1,2024-05-29,20.58736953735354,2.582007646555695
39.7_47.0,2024-05-29,20.31368789672854,2.582305669779572
39.9_48.9,2024-05-29,21.93722305297854,0.6298065185497137
40.0_48.8,2024-05-29,21.793261464436853,0.5353033542583319
40.1_48.1,2024-05-29,20.89254531860354,0.2661883830974432
40.2_46.7,2024-05-29,19.996142323811853,2.3356914520213934
40.2_49.6,2024-05-29,20.973518625895224,0.31741857528189144
40.3_48.7,2024-05-29,21.806689198811853,0.395709276194367
40.4_49.2,2024-05-29,21.557991282145224,0.31682252883413753
40.7_47.2,2024-05-29,21.59176406860354,0.8155047893474432
40.8_46.7,2024-05-29,20.649462636311853,0.7357239723155828
40.9_46.3,2024-05-29,20.625129954020224,1.589232683176789
41.0_46.6,2024-05-29,20.748420969645224,0.706756114954743
41.0_46.8,2024-05-29,20.99703750610354,0.2807617187450262
38.3_47.2,2024-05-30,20.99163653055831,0.6773948668978846
38.4_47.2,2024-05-30,21.11045163472494,0.5958557128451503
39.0_46.8,2024-05-30,21.294696426391624,0.6274163722537196
39.1_46.9,2024-05-30,21.283954238891624,0.3083229064486659
39.1_47.3,2024-05-30,21.33050371805831,0.16497373576385144
39.5_47.0,2024-05-30,21.58969968159994,0.46049356456023816
39.6_47.1,2024-05-30,21.934344863891624,0.45998692507964734
39.7_47.0,2024-05-30,21.863055801391624,0.6283104419253505
39.9_48.9,2024-05-30,22.71282793680831,0.05723834033233288
40.0_48.8,2024-05-30,22.73789304097494,0.01700520510894421
40.1_48.1,2024-05-30,22.43743731180831,0.07649064059478405
40.2_46.7,2024-05-30,22.32358640034994,1.6521096229098475
40.2_49.6,2024-05-30,22.268329238891624,1.1727392673037684
40.3_48.7,2024-05-30,22.92571856180831,0.010299682571712765
40.4_49.2,2024-05-30,22.93198483784994,0.8030116557620204
40.7_47.2,2024-05-30,23.39731686909994,0.4641890525363124
40.8_46.7,2024-05-30,23.11248613993331,0.5526423453829921
40.9_46.3,2024-05-30,23.375262832641624,0.08584856982452038
41.0_46.6,2024-05-30,23.218768692016624,0.21072030062896374
41.0_46.8,2024-05-30,23.311786270141624,0.34092664714080456
38.3_47.2,2024-05-31,22.708959833780966,0.22676587104797363
38.4_47.2,2024-05-31,22.688696161905966,0.18784403800964355
39.0_46.8,2024-05-31,22.49834785461428,0.2529323101043701
39.1_46.9,2024-05-31,22.395890172322595,0.16203522682189941
39.1_47.3,2024-05-31,22.42632637023928,0.25278329849243164
39.5_47.0,2024-05-31,22.496069208780966,0.1303553581237793
39.6_47.1,2024-05-31,22.752335484822595,0.11295080184936523
39.7_47.0,2024-05-31,22.561987177530966,0.1367628574371338
39.9_48.9,2024-05-31,23.125952021280966,1.371145248413086
40.0_48.8,2024-05-31,23.111710484822595,0.6802082061767578
40.1_48.1,2024-05-31,22.47417793273928,1.0042190551757812
40.2_46.7,2024-05-31,22.386938349405966,1.438736915588379
40.2_49.6,2024-05-31,22.40972480773928,1.8648505210876465
40.3_48.7,2024-05-31,23.32598457336428,0.8744597434997559
40.4_49.2,2024-05-31,22.888077672322595,2.047628164291382
40.7_47.2,2024-05-31,23.57329902648928,2.598673105239868
40.8_46.7,2024-05-31,22.75396308898928,1.8620491027832031
40.9_46.3,2024-05-31,22.690161005655966,2.4515390396118164
41.0_46.6,2024-05-31,22.834610875447595,3.0424892902374268
41.0_46.8,2024-05-31,22.896134312947595,3.2922327518463135
38.3_47.2,2024-06-01,22.664566294352255,8.583068797918258E-4
38.4_47.2,2024-06-01,22.72055587768557,8.583068797918258E-4
39.0_46.8,2024-06-01,23.468684132893884,8.583068797918258E-4
39.1_46.9,2024-06-01,23.234553273518884,8.583068797918258E-4
39.1_47.3,2024-06-01,23.259455617268884,8.583068797918258E-4
39.5_47.0,2024-06-01,23.54135665893557,8.583068797918258E-4
39.6_47.1,2024-06-01,23.76181564331057,0.0013351440379949508
39.7_47.0,2024-06-01,23.543391164143884,0.004196166987213701
39.9_48.9,2024-06-01,23.327408091227255,0.038439035410675615
40.0_48.8,2024-06-01,23.277277882893884,0.032210350031647295
40.1_48.1,2024-06-01,22.93295822143557,0.01221299170950374
40.2_46.7,2024-06-01,23.023859914143884,0.03632307052114925
40.2_49.6,2024-06-01,22.275324757893884,0.15913844108084163
40.3_48.7,2024-06-01,23.40537033081057,0.031256675715241045
40.4_49.2,2024-06-01,22.903498586018884,0.09112954139212093
40.7_47.2,2024-06-01,23.913833872477255,0.006908178324493974
40.8_46.7,2024-06-01,22.989436086018884,0.04433989524343929
40.9_46.3,2024-06-01,22.929947153727255,0.0951230525920721
41.0_46.6,2024-06-01,22.955500539143884,0.08120536803701839
41.0_46.8,2024-06-01,23.06747970581057,0.04183650016287288
38.3_47.2,2024-06-02,22.42599004109701,0.0
38.4_47.2,2024-06-02,22.419072723388695,0.0
39.0_46.8,2024-06-02,23.32564824422201,0.0017136335372924805
39.1_46.9,2024-06-02,23.03560918172201,0.0017136335372924805
39.1_47.3,2024-06-02,22.96196009318038,0.0
39.5_47.0,2024-06-02,23.678350067138695,5.513429641723633E-4
39.6_47.1,2024-06-02,23.919561004638695,0.0
39.7_47.0,2024-06-02,23.800420379638695,0.002771615982055664
39.9_48.9,2024-06-02,24.95797246297201,2.9802322387695312E-5
40.0_48.8,2024-06-02,24.817510223388695,5.662441253662109E-4
40.1_48.1,2024-06-02,24.370732879638695,2.384185791015625E-4
40.2_46.7,2024-06-02,23.55123418172201,0.010207295417785645
40.2_49.6,2024-06-02,24.099492645263695,0.012293457984924316
40.3_48.7,2024-06-02,24.874394989013695,1.4901161193847656E-5
40.4_49.2,2024-06-02,24.545537567138695,0.003635883331298828
40.7_47.2,2024-06-02,24.73653691609701,0.0
40.8_46.7,2024-06-02,23.794072723388695,0.004753470420837402
40.9_46.3,2024-06-02,23.59664433797201,0.022396445274353027
41.0_46.6,2024-06-02,23.73238652547201,0.006735324859619141
41.0_46.8,2024-06-02,23.947393035888695,7.599592208862305E-4
38.3_47.2,2024-06-03,22.69208170572921,0.001716613667213096
38.4_47.2,2024-06-03,22.734643554687523,0.001716613667213096
39.0_46.8,2024-06-03,23.603621419270837,0.001716613667213096
39.1_46.9,2024-06-03,23.402205403645837,0.001716613667213096
39.1_47.3,2024-06-03,22.970076497395837,0.001716613667213096
39.5_47.0,2024-06-03,23.868676757812523,0.001716613667213096
39.6_47.1,2024-06-03,24.06341959635421,0.001716613667213096
39.7_47.0,2024-06-03,23.97650553385421,0.001716613667213096
39.9_48.9,2024-06-03,25.522485351562523,0.019463896649085655
40.0_48.8,2024-06-03,25.315291341145837,0.01579821099539913
40.1_48.1,2024-06-03,24.135278320312523,0.031086802380286827
40.2_46.7,2024-06-03,23.813500976562523,0.001716613667213096
40.2_49.6,2024-06-03,24.62543131510421,0.06096363057395138
40.3_48.7,2024-06-03,25.322127278645837,0.012490153210364952
40.4_49.2,2024-06-03,25.14911295572921,0.018197297947608604
40.7_47.2,2024-06-03,24.885359700520837,0.001716613667213096
40.8_46.7,2024-06-03,24.265893554687523,0.001716613667213096
40.9_46.3,2024-06-03,24.34881998697921,0.001716613667213096
41.0_46.6,2024-06-03,24.296980794270837,0.001716613667213096
41.0_46.8,2024-06-03,24.387719726562523,0.001716613667213096
38.3_47.2,2024-06-04,24.71552429199221,0.0
38.4_47.2,2024-06-04,24.847929890950525,0.0
39.0_46.8,2024-06-04,25.48798522949221,0.0
39.1_46.9,2024-06-04,25.31708679199221,0.0
39.1_47.3,2024-06-04,25.160022989908896,0.0
39.5_47.0,2024-06-04,25.502715047200525,0.0
39.6_47.1,2024-06-04,25.734730021158896,0.0
39.7_47.0,2024-06-04,25.51484069824221,0.0
39.9_48.9,2024-06-04,25.447376505533896,1.4027655124664307
40.0_48.8,2024-06-04,25.493681844075525,1.5149116516113281
40.1_48.1,2024-06-04,25.473174031575525,0.9044110774993896
40.2_46.7,2024-06-04,25.185820515950525,0.0
40.2_49.6,2024-06-04,24.832793172200525,0.025898218154907227
40.3_48.7,2024-06-04,25.957549031575525,0.8797943592071533
40.4_49.2,2024-06-04,24.921253458658896,1.3653934001922607
40.7_47.2,2024-06-04,26.110625203450525,0.0
40.8_46.7,2024-06-04,25.58149108886721,0.0
40.9_46.3,2024-06-04,25.82489929199221,0.0
41.0_46.6,2024-06-04,25.45282897949221,0.0
41.0_46.8,2024-06-04,25.73945007324221,0.0
38.3_47.2,2024-06-05,27.14350026448568,0.0
38.4_47.2,2024-06-05,27.42255299886068,0.0
39.0_46.8,2024-06-05,27.66840260823568,0.0
39.1_46.9,2024-06-05,27.710720316569052,0.0
39.1_47.3,2024-06-05,27.834011332194052,0.0
39.5_47.0,2024-06-05,27.61908620198568,0.0
39.6_47.1,2024-06-05,27.82855885823568,0.0
39.7_47.0,2024-06-05,27.652614847819052,0.0
39.9_48.9,2024-06-05,25.771348571777366,0.3841221332550049
40.0_48.8,2024-06-05,25.807481384277366,0.5361437797546387
40.1_48.1,2024-06-05,26.63910573323568,0.1378953456878662
40.2_46.7,2024-06-05,27.53119557698568,0.0
40.2_49.6,2024-06-05,24.37152760823568,0.5744397640228271
40.3_48.7,2024-06-05,26.125596618652366,1.1702477931976318
40.4_49.2,2024-06-05,25.250759379069052,0.3503859043121338
40.7_47.2,2024-06-05,28.292588806152366,0.0
40.8_46.7,2024-06-05,27.87860768636068,0.0
40.9_46.3,2024-06-05,27.995876566569052,0.0
41.0_46.6,2024-06-05,27.780788675944052,0.0
41.0_46.8,2024-06-05,27.84271901448568,0.0
38.3_47.2,2024-06-06,25.27999649047854,0.001716613667213096
38.4_47.2,2024-06-06,25.21676406860354,0.002148747341834678
39.0_46.8,2024-06-06,25.86739883422854,0.001716613667213096
39.1_46.9,2024-06-06,25.81246719360354,0.003013014691077842
39.1_47.3,2024-06-06,25.930468495686853,0.001418590443336143
39.5_47.0,2024-06-06,26.60323867797854,0.005203485386573448
39.6_47.1,2024-06-06,26.86568984985354,0.006008148091041221
39.7_47.0,2024-06-06,26.768196360270224,0.005203485386573448
39.9_48.9,2024-06-06,25.986458079020224,0.293987989323341
40.0_48.8,2024-06-06,26.01485977172854,0.11559128751059689
40.1_48.1,2024-06-06,26.233691151936853,0.02654194821616329
40.2_46.7,2024-06-06,26.47384414672854,8.52346317969932E-4
40.2_49.6,2024-06-06,24.818245188395224,0.10334253300925411
40.3_48.7,2024-06-06,26.424609120686853,0.11651515950461544
40.4_49.2,2024-06-06,25.779670969645224,0.2633959053923718
40.7_47.2,2024-06-06,27.789843495686853,0.004205107586585655
40.8_46.7,2024-06-06,27.013964589436853,8.52346317969932E-4
40.9_46.3,2024-06-06,26.713020579020224,8.52346317969932E-4
41.0_46.6,2024-06-06,26.952766672770224,8.52346317969932E-4
41.0_46.8,2024-06-06,27.231819407145224,8.52346317969932E-4
38.3_47.2,2024-06-07,24.767308171590173,0.017094612019263877
38.4_47.2,2024-06-07,24.58778343200686,0.0172585247923962
39.0_46.8,2024-06-07,24.503717676798544,0.021669268505775108
39.1_46.9,2024-06-07,24.371637598673544,0.026258826153480186
39.1_47.3,2024-06-07,24.581110254923544,0.011014938252174034
39.5_47.0,2024-06-07,24.73670921325686,0.051188468830787315
39.6_47.1,2024-06-07,24.973932520548544,0.055256485836707725
39.7_47.0,2024-06-07,24.79554710388186,0.05077123631735958
39.9_48.9,2024-06-07,23.218235905965173,0.3397196530272595
40.0_48.8,2024-06-07,23.13368186950686,0.25275647629996456
40.1_48.1,2024-06-07,23.228082911173544,0.10751485814353146
40.2_46.7,2024-06-07,24.76429710388186,0.03712177266379513
40.2_49.6,2024-06-07,21.522760645548544,3.6766707896163098
40.3_48.7,2024-06-07,23.325495020548544,0.19766688336630978
40.4_49.2,2024-06-07,22.503392155965173,0.5457729100157849
40.7_47.2,2024-06-07,25.304417546590173,0.10501146306296505
40.8_46.7,2024-06-07,24.93763694763186,0.20350813855429806
40.9_46.3,2024-06-07,25.102838770548544,0.20915567864676632
41.0_46.6,2024-06-07,24.95521507263186,0.41434466828604855
41.0_46.8,2024-06-07,24.91297874450686,0.08251070966025509
38.3_47.2,2024-06-08,25.14771995544436,0.16447901725769043
38.4_47.2,2024-06-08,25.21437034606936,0.20891427993774414
39.0_46.8,2024-06-08,25.30055198669436,0.0057220458984375
39.1_46.9,2024-06-08,25.113214747111044,0.025153160095214844
39.1_47.3,2024-06-08,25.091730372111044,0.016361474990844727
39.5_47.0,2024-06-08,25.12037620544436,8.791685104370117E-4
39.6_47.1,2024-06-08,25.30738792419436,0.0012069940567016602
39.7_47.0,2024-06-08,25.090021387736044,0.001519918441772461
39.9_48.9,2024-06-08,23.33546409606936,-1.4901161193847656E-5
40.0_48.8,2024-06-08,23.240818913777673,0.0
40.1_48.1,2024-06-08,23.376805241902673,0.0
40.2_46.7,2024-06-08,24.640802637736044,0.0039637088775634766
40.2_49.6,2024-06-08,22.008152898152673,0.0
40.3_48.7,2024-06-08,23.587498601277673,0.0
40.4_49.2,2024-06-08,22.668797429402673,0.0
40.7_47.2,2024-06-08,24.930027898152673,0.0017881393432617188
40.8_46.7,2024-06-08,24.859796778361044,0.004410743713378906
40.9_46.3,2024-06-08,25.02980003356936,0.004380941390991211
41.0_46.6,2024-06-08,24.915460840861044,0.004976987838745117
41.0_46.8,2024-06-08,24.815037663777673,0.003337860107421875
38.3_47.2,2024-06-09,25.094262695312523,0.9414851665496826
38.4_47.2,2024-06-09,25.168806966145837,1.0880827903747559
39.0_46.8,2024-06-09,25.441267903645837,0.6321370601654053
39.1_46.9,2024-06-09,25.178572591145837,0.9977221488952637
39.1_47.3,2024-06-09,25.163354492187523,1.5591084957122803
39.5_47.0,2024-06-09,25.155541992187523,1.793980598449707
39.6_47.1,2024-06-09,25.32367350260421,2.088695764541626
39.7_47.0,2024-06-09,25.149438476562523,2.080202102661133
39.9_48.9,2024-06-09,24.419295247395837,0.3420710563659668
40.0_48.8,2024-06-09,24.22967936197921,0.17321109771728516
40.1_48.1,2024-06-09,23.422469075520837,1.9395947456359863
40.2_46.7,2024-06-09,24.955834960937523,1.6699135303497314
40.2_49.6,2024-06-09,23.110620117187523,0.16891956329345703
40.3_48.7,2024-06-09,24.26215006510421,0.08377432823181152
40.4_49.2,2024-06-09,23.56903483072921,0.11414289474487305
40.7_47.2,2024-06-09,25.62006022135421,1.0383129119873047
40.8_46.7,2024-06-09,25.176782226562523,1.6322731971740723
40.9_46.3,2024-06-09,25.345808919270837,0.4042983055114746
41.0_46.6,2024-06-09,25.192976888020837,0.8965432643890381
41.0_46.8,2024-06-09,25.235620117187523,1.0652542114257812
38.3_47.2,2024-06-10,25.150037384033226,0.013950467007362022
38.4_47.2,2024-06-10,25.34917475382491,0.024858117001258506
39.0_46.8,2024-06-10,25.80449701944991,0.08371770371695675
39.1_46.9,2024-06-10,25.74199701944991,0.04980266083975948
39.1_47.3,2024-06-10,25.87212397257491,0.029715895550452842
39.5_47.0,2024-06-10,26.02324701944991,0.01700520505210079
39.6_47.1,2024-06-10,26.32174962361654,0.03689825524588741
39.7_47.0,2024-06-10,25.970349884033226,0.014188885586463584
39.9_48.9,2024-06-10,25.98809076944991,8.52346317969932E-4
40.0_48.8,2024-06-10,25.764051055908226,8.52346317969932E-4
40.1_48.1,2024-06-10,24.821912384033226,0.031086802380286827
40.2_46.7,2024-06-10,25.515027618408226,0.006112456219398155
40.2_49.6,2024-06-10,24.947156524658226,8.52346317969932E-4
40.3_48.7,2024-06-10,25.72441889444991,8.52346317969932E-4
40.4_49.2,2024-06-10,25.33639806111654,8.52346317969932E-4
40.7_47.2,2024-06-10,26.361219024658226,8.52346317969932E-4
40.8_46.7,2024-06-10,25.568494415283226,0.002938508885108604
40.9_46.3,2024-06-10,25.01047032674154,0.11568069447775997
41.0_46.6,2024-06-10,25.397840118408226,0.007066130535804405
41.0_46.8,2024-06-10,25.64230626424154,9.566544463268656E-4
38.3_47.2,2024-06-11,27.59670537312826,0.21109879008918142
38.4_47.2,2024-06-11,27.73147099812826,0.19174218169837332
39.0_46.8,2024-06-11,27.31919886271163,0.0363677739301238
39.1_46.9,2024-06-11,27.29747034708663,0.031152367512277124
39.1_47.3,2024-06-11,27.11526006062826,0.008562207142404077
39.5_47.0,2024-06-11,26.887395477294945,0.26466846458106374
39.6_47.1,2024-06-11,26.94566370646163,0.2689152955213103
39.7_47.0,2024-06-11,26.56276982625326,0.252121686855844
39.9_48.9,2024-06-11,27.022649383544945,0.05389153949408865
40.0_48.8,2024-06-11,26.92507451375326,0.031152367512277124
40.1_48.1,2024-06-11,25.839299774169945,0.027695298115304468
40.2_46.7,2024-06-11,25.849797821044945,0.00288486472754812
40.2_49.6,2024-06-11,26.27907842000326,0.05240142337470388
40.3_48.7,2024-06-11,26.93532842000326,0.010678172031930444
40.4_49.2,2024-06-11,26.59865849812826,0.06412863723426199
40.7_47.2,2024-06-11,26.34947230021163,0.0017225741544280027
40.8_46.7,2024-06-11,25.544622039794945,0.002706050793221948
40.9_46.3,2024-06-11,25.33921839396163,0.002959370533517358
41.0_46.6,2024-06-11,25.36900355021163,0.0032871960797820066
41.0_46.8,2024-06-11,25.365666961669945,0.0024676322141203855
38.3_47.2,2024-06-12,26.966618474324548,0.0016179023418771976
38.4_47.2,2024-06-12,27.060287094116234,0.04223846775630591
39.0_46.8,2024-06-12,27.161686833699548,1.7391529021892893
39.1_46.9,2024-06-12,27.22695376078292,2.089732521596943
39.1_47.3,2024-06-12,27.11611391703292,2.196767562452351
39.5_47.0,2024-06-12,27.52749087015792,3.061034911695515
39.6_47.1,2024-06-12,27.73403383890792,3.084712856832539
39.7_47.0,2024-06-12,27.552311833699548,2.747544282499348
39.9_48.9,2024-06-12,26.296859359741234,1.7193641601238596
40.0_48.8,2024-06-12,26.22329165140792,1.6037311492596018
40.1_48.1,2024-06-12,25.696598943074548,2.8890457091961252
40.2_46.7,2024-06-12,27.410954411824548,0.7070686755810129
40.2_49.6,2024-06-12,25.671126937866234,1.7546203075085032
40.3_48.7,2024-06-12,26.170394515991234,1.75433718544582
40.4_49.2,2024-06-12,25.97744204203292,1.0356988845501292
40.7_47.2,2024-06-12,27.576888656616234,1.132258409086262
40.8_46.7,2024-06-12,27.256413396199548,1.0528799234066355
40.9_46.3,2024-06-12,27.78798891703292,0.5905266938839304
41.0_46.6,2024-06-12,27.588851547241234,0.35474562031367896
41.0_46.8,2024-06-12,27.282536443074548,0.7710691629085886
38.3_47.2,2024-06-13,25.273338572184286,0.014823674064246006
38.4_47.2,2024-06-13,25.1984687805176,0.014913081031409092
39.0_46.8,2024-06-13,25.3039375305176,0.06471276174124796
39.1_46.9,2024-06-13,25.232729848225915,0.05651712308463175
39.1_47.3,2024-06-13,25.615542348225915,0.016880034308996983
39.5_47.0,2024-06-13,25.414126332600915,0.11546611676749308
39.6_47.1,2024-06-13,25.6386543273926,0.132200120788184
39.7_47.0,2024-06-13,25.495262400309286,0.16586184392508585
39.9_48.9,2024-06-13,24.253970082600915,2.9857128847652348
40.0_48.8,2024-06-13,24.3056465148926,2.376523612838355
40.1_48.1,2024-06-13,24.714907582600915,0.8067756880336674
40.2_46.7,2024-06-13,25.884178415934286,0.601601599555579
40.2_49.6,2024-06-13,23.2573066711426,3.819060324531165
40.3_48.7,2024-06-13,24.472720082600915,1.9089102734142216
40.4_49.2,2024-06-13,23.9020820617676,3.7728369225078495
40.7_47.2,2024-06-13,26.134422556559286,0.9716123331600102
40.8_46.7,2024-06-13,25.6154609680176,3.15284430871543
40.9_46.3,2024-06-13,26.005923207600915,2.0749241102748783
41.0_46.6,2024-06-13,25.5195137023926,3.5297542799526127
41.0_46.8,2024-06-13,25.3171211242676,3.7179857481532963
38.3_47.2,2024-06-14,25.762286758422874,0.04744767164766017
38.4_47.2,2024-06-14,25.817950820922874,0.047745694871537125
39.0_46.8,2024-06-14,26.241290664672874,0.010373582597367204
39.1_46.9,2024-06-14,26.116046524047874,0.002326955552689469
39.1_47.3,2024-06-14,25.88134600321456,0.001730909104935563
39.5_47.0,2024-06-14,26.04272295633956,0.001730909104935563
39.6_47.1,2024-06-14,26.18961423238119,0.0017011067825478676
39.7_47.0,2024-06-14,25.974933242797874,0.0029230020004433754
39.9_48.9,2024-06-14,23.69059079488119,0.0017011067825478676
40.0_48.8,2024-06-14,23.72241045633956,0.001730909104935563
40.1_48.1,2024-06-14,24.00382321675619,0.0017011067825478676
40.2_46.7,2024-06-14,25.853351211547874,0.007423152680985368
40.2_49.6,2024-06-14,22.48380368550619,0.0018799207168740395
40.3_48.7,2024-06-14,23.76017087300619,0.0017011067825478676
40.4_49.2,2024-06-14,23.200763320922874,0.0017011067825478676
40.7_47.2,2024-06-14,26.32535641988119,0.015439977403275407
40.8_46.7,2024-06-14,25.99039548238119,0.011208047624222672
40.9_46.3,2024-06-14,26.51952959696456,0.0017011067825478676
41.0_46.6,2024-06-14,26.15551592508956,0.001730909104935563
41.0_46.8,2024-06-14,26.00846188863119,0.009181489701859391
38.3_47.2,2024-06-15,25.556099828084314,3.6195188918668464
38.4_47.2,2024-06-15,25.749459203084314,2.980944530065699
39.0_46.8,2024-06-15,26.054146703084314,1.9669503131467536
39.1_46.9,2024-06-15,26.119576390584314,2.020236865575953
39.1_47.3,2024-06-15,26.114368057251,3.7082404056150153
39.5_47.0,2024-06-15,26.218778864542685,6.025877610738917
39.6_47.1,2024-06-15,26.448515192667685,6.873723880346461
39.7_47.0,2024-06-15,26.262886937459314,6.980654613073511
39.9_48.9,2024-06-15,26.028756078084314,0.2084940829831794
40.0_48.8,2024-06-15,25.931750869751,0.638809815939112
40.1_48.1,2024-06-15,25.697945531209314,0.40274562030617744
40.2_46.7,2024-06-15,26.601265843709314,4.786548034246607
40.2_49.6,2024-06-15,24.810819880167685,0.4531413474637702
40.3_48.7,2024-06-15,26.089953994751,0.3147691646177009
40.4_49.2,2024-06-15,25.633004124959314,0.018027440603418654
40.7_47.2,2024-06-15,27.635771052042685,0.733789817388697
40.8_46.7,2024-06-15,27.061389541626,1.4712482848722175
40.9_46.3,2024-06-15,27.405383682251,0.998464242513819
41.0_46.6,2024-06-15,27.281116104126,0.9970635333615974
41.0_46.8,2024-06-15,27.190458552042685,0.7135242381650642
38.3_47.2,2024-06-16,22.329287465413415,7.524785399425582
38.4_47.2,2024-06-16,22.519798533121786,5.773898959148482
39.0_46.8,2024-06-16,23.4708076477051,6.444182991970138
39.1_46.9,2024-06-16,23.506126658121786,5.665433406818465
39.1_47.3,2024-06-16,23.288760121663415,3.7520051002388755
39.5_47.0,2024-06-16,23.802757517496786,3.0760437250023642
39.6_47.1,2024-06-16,23.964866892496786,2.4557679891472617
39.7_47.0,2024-06-16,23.957949574788415,2.3442029952889243
39.9_48.9,2024-06-16,25.180687204996786,0.9483665227776328
40.0_48.8,2024-06-16,25.0931221008301,0.8431494235878745
40.1_48.1,2024-06-16,24.062767283121786,0.7423132657891074
40.2_46.7,2024-06-16,24.423118845621786,0.8024692535286704
40.2_49.6,2024-06-16,25.5377021789551,1.0920137166863242
40.3_48.7,2024-06-16,25.3436103820801,0.4204034805184165
40.4_49.2,2024-06-16,25.671654001871786,0.6771206855660239
40.7_47.2,2024-06-16,25.2586494445801,2.3715615272408286
40.8_46.7,2024-06-16,24.4869209289551,3.1437993049507895
40.9_46.3,2024-06-16,24.520530954996786,3.8775175809746543
41.0_46.6,2024-06-16,24.4271064758301,3.9794266223793784
41.0_46.8,2024-06-16,24.462099965413415,3.5776913165932456
38.3_47.2,2024-06-17,22.405524826049827,0.7271523584790884
38.4_47.2,2024-06-17,22.519538497924827,0.740101467556542
39.0_46.8,2024-06-17,23.266446050008142,1.4801974405713736
39.1_46.9,2024-06-17,23.200365320841513,1.3403649439283072
39.1_47.3,2024-06-17,22.856778081258142,0.8760000576444327
39.5_47.0,2024-06-17,23.471849695841513,0.7527674545713126
39.6_47.1,2024-06-17,23.590827560424827,0.6962771524854361
39.7_47.0,2024-06-17,23.616299565633142,0.5037541498609244
39.9_48.9,2024-06-17,23.882250086466513,0.8877421726651846
40.0_48.8,2024-06-17,23.857591883341513,0.6693656553693472
40.1_48.1,2024-06-17,23.198574956258142,0.49171401161629547
40.2_46.7,2024-06-17,24.241950607299827,4.376282163320866E-4
40.2_49.6,2024-06-17,23.588142013549827,0.576859246677941
40.3_48.7,2024-06-17,24.143480555216513,0.43267561096627105
40.4_49.2,2024-06-17,24.031257247924827,0.5131269802518545
40.7_47.2,2024-06-17,25.076504643758142,7.207502790151921E-4
40.8_46.7,2024-06-17,24.819668706258142,0.007888208813255915
40.9_46.3,2024-06-17,25.033861414591513,0.04378510612923492
41.0_46.6,2024-06-17,24.879890060424827,0.0416840424009024
41.0_46.8,2024-06-17,24.850430425008142,0.017424951977318415
38.3_47.2,2024-06-18,24.931438064575218,0.5376356309056973
38.4_47.2,2024-06-18,24.988892491658532,0.5747991269231534
39.0_46.8,2024-06-18,24.996867752075218,0.7793026631475186
39.1_46.9,2024-06-18,25.070272699991904,0.7328408425451016
39.1_47.3,2024-06-18,24.714885330200218,0.9270923798680997
39.5_47.0,2024-06-18,24.806112543741904,0.9441691105962491
39.6_47.1,2024-06-18,24.929240798950218,1.0079013770223355
39.7_47.0,2024-06-18,24.739218012491904,0.8579211896062588
39.9_48.9,2024-06-18,24.363811111450218,0.47651106768853424
40.0_48.8,2024-06-18,24.325806554158532,0.3916042512059903
40.1_48.1,2024-06-18,23.760132726033532,1.588078088104794
40.2_46.7,2024-06-18,24.727906163533532,0.30166084223992584
40.2_49.6,2024-06-18,23.453329340616904,1.8110292618871426
40.3_48.7,2024-06-18,24.475383377075218,0.4176812832952237
40.4_49.2,2024-06-18,24.133260981241904,0.8431094353795743
40.7_47.2,2024-06-18,25.418986892700218,0.40710145884759186
40.8_46.7,2024-06-18,25.013713455200218,0.3407316868901944
40.9_46.3,2024-06-18,25.408488845825218,0.2198832696080899
41.0_46.6,2024-06-18,25.120158767700218,0.27495796138055084
41.0_46.8,2024-06-18,25.058798090616904,0.2878325646520352
38.3_47.2,2024-06-19,26.567653910319052,0.003382563591003418
38.4_47.2,2024-06-19,26.77655690511068,0.003293156623840332
39.0_46.8,2024-06-19,26.67987721761068,0.0
39.1_46.9,2024-06-19,26.61054128011068,0.0
39.1_47.3,2024-06-19,26.75238698323568,0.0
39.5_47.0,2024-06-19,26.53143971761068,0.0
39.6_47.1,2024-06-19,26.66327565511068,0.0
39.7_47.0,2024-06-19,26.496364847819052,0.0
39.9_48.9,2024-06-19,25.899034118652366,0.0034421682357788086
40.0_48.8,2024-06-19,25.77313893636068,0.0011622905731201172
40.1_48.1,2024-06-19,25.581163024902366,0.0013262033462524414
40.2_46.7,2024-06-19,26.506862894694052,8.642673492431641E-4
40.2_49.6,2024-06-19,24.408962504069052,5.066394805908203E-4
40.3_48.7,2024-06-19,25.971950785319052,0.0016838312149047852
40.4_49.2,2024-06-19,25.471299743652366,0.003591179847717285
40.7_47.2,2024-06-19,26.971218363444052,0.0
40.8_46.7,2024-06-19,26.63129323323568,0.0033974647521972656
40.9_46.3,2024-06-19,26.92011159261068,0.004291534423828125
41.0_46.6,2024-06-19,26.681423441569052,0.002250075340270996
41.0_46.8,2024-06-19,26.646999613444052,0.001817941665649414
38.3_47.2,2024-06-20,26.35786844889327,0.032174587147437705
38.4_47.2,2024-06-20,26.46333719889327,0.0992745160033337
39.0_46.8,2024-06-20,27.08980204264327,0.10483264912863888
39.1_46.9,2024-06-20,26.8836659749349,0.3459483384062878
39.1_47.3,2024-06-20,26.38960673014327,1.1674344538619152
39.5_47.0,2024-06-20,26.9429921468099,0.6080746649672619
39.6_47.1,2024-06-20,27.0572499593099,0.8322924374510876
39.7_47.0,2024-06-20,27.1043690999349,0.5913853644301525
39.9_48.9,2024-06-20,25.8270253499349,2.3549526928832165
40.0_48.8,2024-06-20,25.805215454101585,2.3090571164061657
40.1_48.1,2024-06-20,25.930215454101585,3.1297087668349377
40.2_46.7,2024-06-20,27.85420633951827,0.012490153210364952
40.2_49.6,2024-06-20,24.45381571451827,3.032851219074928
40.3_48.7,2024-06-20,26.217568969726585,3.0381709336211316
40.4_49.2,2024-06-20,25.58687235514327,3.0078470705916516
40.7_47.2,2024-06-20,28.052529907226585,0.18614828576346554
40.8_46.7,2024-06-20,28.28780008951827,8.52346317969932E-4
40.9_46.3,2024-06-20,28.80830790201827,0.0016421078612438578
41.0_46.6,2024-06-20,28.4715565999349,0.0014781950881115336
41.0_46.8,2024-06-20,28.251260375976585,8.52346317969932E-4
38.3_47.2,2024-06-21,22.001628494262718,0.0017097143540922843
38.4_47.2,2024-06-21,22.059245681762718,0.0017097143540922843
39.0_46.8,2024-06-21,22.339600499471032,0.0017097143540922843
39.1_46.9,2024-06-21,22.215332921346032,0.0017097143540922843
39.1_47.3,2024-06-21,21.830892817179404,0.0017097143540922843
39.5_47.0,2024-06-21,22.004720942179404,0.0017097143540922843
39.6_47.1,2024-06-21,22.032797114054404,0.0017097143540922843
39.7_47.0,2024-06-21,21.884278233846032,0.0017097143540922843
39.9_48.9,2024-06-21,20.526123936971032,0.23339296859603564
40.0_48.8,2024-06-21,20.335938390096032,0.4161110071549956
40.1_48.1,2024-06-21,19.985515213012718,0.02081300300460498
40.2_46.7,2024-06-21,21.843832270304404,0.0017097143540922843
40.2_49.6,2024-06-21,19.019613520304404,0.8868088869462554
40.3_48.7,2024-06-21,20.272624588012718,0.18752719444137256
40.4_49.2,2024-06-21,19.638835525512718,0.7780304102311675
40.7_47.2,2024-06-21,22.029867426554404,0.003378644407803222
40.8_46.7,2024-06-21,21.907959874471032,0.0017097143540922843
40.9_46.3,2024-06-21,22.200521723429404,0.0017097143540922843
41.0_46.6,2024-06-21,21.977133051554404,0.0017097143540922843
41.0_46.8,2024-06-21,21.806315994262718,0.0017097143540922843
38.3_47.2,2024-06-22,23.968036270141624,0.001711709444407461
38.4_47.2,2024-06-22,23.95452715555831,0.001711709444407461
39.0_46.8,2024-06-22,23.38470293680831,0.001711709444407461
39.1_46.9,2024-06-22,23.26824785868331,0.004483325426463125
39.1_47.3,2024-06-22,23.41473223368331,0.003708465044383047
39.5_47.0,2024-06-22,23.08123613993331,0.003008110468272207
39.6_47.1,2024-06-22,23.21990801493331,0.003440244142893789
39.7_47.0,2024-06-22,23.04013913472494,0.01621053928602123
39.9_48.9,2024-06-22,22.06919186909994,0.02740131134260082
40.0_48.8,2024-06-22,21.856464004516624,0.04617677444684887
40.1_48.1,2024-06-22,21.29892819722494,0.029606683199290273
40.2_46.7,2024-06-22,23.02549069722494,0.021470649187449453
40.2_49.6,2024-06-22,20.95501543680831,0.007254941408518789
40.3_48.7,2024-06-22,21.71917559305831,0.030858380739573477
40.4_49.2,2024-06-22,21.45403887430831,0.008372528498057363
40.7_47.2,2024-06-22,23.29819577534994,0.02549396270978832
40.8_46.7,2024-06-22,23.06845944722494,0.007031423990611074
40.9_46.3,2024-06-22,23.39520098368331,0.001711709444407461
41.0_46.6,2024-06-22,23.13470293680831,0.001711709444407461
41.0_46.8,2024-06-22,22.895038223266624,0.001711709444407461
38.3_47.2,2024-06-23,25.508870697021507,8.551182872906793E-6
38.4_47.2,2024-06-23,25.50748723347982,8.551182872906793E-6
39.0_46.8,2024-06-23,24.934570566813193,8.551182872906793E-6
39.1_46.9,2024-06-23,24.861328379313193,-6.349978320940863E-6
39.1_47.3,2024-06-23,24.89200871785482,-6.349978320940863E-6
39.5_47.0,2024-06-23,24.750488535563193,8.551182872906793E-6
39.6_47.1,2024-06-23,24.928060150146507,-6.349978320940863E-6
39.7_47.0,2024-06-23,24.79069035847982,8.551182872906793E-6
39.9_48.9,2024-06-23,23.285726165771507,8.551182872906793E-6
40.0_48.8,2024-06-23,23.114827728271507,2.345234406675445E-5
40.1_48.1,2024-06-23,23.112630462646507,-6.349978320940863E-6
40.2_46.7,2024-06-23,24.970296478271507,8.551182872906793E-6
40.2_49.6,2024-06-23,22.193441009521507,0.0264283099795648
40.3_48.7,2024-06-23,22.971517181396507,0.0013794580127068912
40.4_49.2,2024-06-23,22.700276947021507,0.005998817982799665
40.7_47.2,2024-06-23,25.353515879313193,8.551182872906793E-6
40.8_46.7,2024-06-23,25.263427988688193,-6.349978320940863E-6
40.9_46.3,2024-06-23,25.358886973063193,8.551182872906793E-6
41.0_46.6,2024-06-23,25.27921574910482,8.551182872906793E-6
41.0_46.8,2024-06-23,25.222168223063193,8.551182872906793E-6
38.3_47.2,2024-06-24,26.658239618937216,0.010126829142365068
38.4_47.2,2024-06-24,26.536332066853845,0.01030564307669124
39.0_46.8,2024-06-24,26.84337959289553,4.410743663640915E-4
39.1_46.9,2024-06-24,26.605505243937216,0.00172257422903499
39.1_47.3,2024-06-24,26.72448310852053,0.07014870643118343
39.5_47.0,2024-06-24,26.91466865539553,0.0111997127483221
39.6_47.1,2024-06-24,27.124466832478845,0.024968385691437334
39.7_47.0,2024-06-24,26.975785191853845,0.01665353774527034
39.9_48.9,2024-06-24,24.139684931437216,1.0009646415660711
40.0_48.8,2024-06-24,24.112992223103845,1.3280749320934149
40.1_48.1,2024-06-24,24.53844795227053,0.13094544410208186
40.2_46.7,2024-06-24,27.029089228312216,0.1752912998149725
40.2_49.6,2024-06-24,21.205114618937216,6.2215864658305975
40.3_48.7,2024-06-24,24.09582099914553,1.064652204508576
40.4_49.2,2024-06-24,22.644242223103845,2.111756801600251
40.7_47.2,2024-06-24,27.44298896789553,0.28809309005239925
40.8_46.7,2024-06-24,27.264847691853845,0.008726119990143388
40.9_46.3,2024-06-24,27.08849678039553,0.9171307086894842
41.0_46.6,2024-06-24,27.29259834289553,0.014895200724396318
41.0_46.8,2024-06-24,27.251257197062216,0.011646747584137529
38.3_47.2,2024-06-25,22.55103200276693,1.0696589946697088
38.4_47.2,2024-06-25,22.547451273600302,1.1573076248119207
39.0_46.8,2024-06-25,22.99194997151693,1.2157499790141912
39.1_46.9,2024-06-25,22.84302419026693,1.1404991149852606
39.1_47.3,2024-06-25,22.369961039225302,1.8564999103496405
39.5_47.0,2024-06-25,22.950364685058616,1.5741825103710028
39.6_47.1,2024-06-25,23.08374684651693,1.6374826431224676
39.7_47.0,2024-06-25,22.87940114339193,1.8815636634776922
39.9_48.9,2024-06-25,20.02905934651693,0.9573638439128729
40.0_48.8,2024-06-25,20.017177836100302,0.6555557250926825
40.1_48.1,2024-06-25,20.180101013183616,0.5290448665569158
40.2_46.7,2024-06-25,22.701585388183616,1.8003523349712225
40.2_49.6,2024-06-25,18.202806091308616,3.2025814056346746
40.3_48.7,2024-06-25,19.84937184651693,0.8433401584575506
40.4_49.2,2024-06-25,18.92334645589193,2.5809049606273504
40.7_47.2,2024-06-25,22.730149841308616,1.963073015208039
40.8_46.7,2024-06-25,22.637864685058616,2.5834381580303045
40.9_46.3,2024-06-25,23.47461598714193,0.5357205867717596
41.0_46.6,2024-06-25,22.84082692464193,1.3769209384868475
41.0_46.8,2024-06-25,22.440029398600302,2.3120284080455633
38.3_47.2,2024-06-26,22.553620910644554,0.02018809317405612
38.4_47.2,2024-06-26,22.55760854085287,0.061941146839217254
39.0_46.8,2024-06-26,22.61669057210287,0.21753907202537448
39.1_46.9,2024-06-26,22.389558410644554,0.30533671377952487
39.1_47.3,2024-06-26,21.75129343668624,0.9336888790016928
39.5_47.0,2024-06-26,22.084138488769554,0.404995679843978
39.6_47.1,2024-06-26,22.117097473144554,0.5796074867134848
39.7_47.0,2024-06-26,21.91755320231124,0.6521463394051352
39.9_48.9,2024-06-26,19.323640441894554,2.3664057254677573
40.0_48.8,2024-06-26,19.17853953043624,2.6037812232857505
40.1_48.1,2024-06-26,19.01854604085287,2.1732866763954917
40.2_46.7,2024-06-26,21.60887807210287,1.0381162166481772
40.2_49.6,2024-06-26,18.104158020019554,1.6650378703957358
40.3_48.7,2024-06-26,19.10399525960287,2.0119071006661216
40.4_49.2,2024-06-26,18.605378723144554,3.644567728031234
40.7_47.2,2024-06-26,21.679353332519554,1.4400005340462485
40.8_46.7,2024-06-26,21.48273874918624,2.338927984226302
40.9_46.3,2024-06-26,21.96874135335287,0.47529935835655124
41.0_46.6,2024-06-26,21.59455515543624,0.6436526775246421
41.0_46.8,2024-06-26,21.296296691894554,1.7947971820717612
38.3_47.2,2024-06-27,22.878411865234398,0.032067298889160156
38.4_47.2,2024-06-27,22.837559000651083,0.03272294998168945
39.0_46.8,2024-06-27,22.726149495442712,0.1252293586730957
39.1_46.9,2024-06-27,22.504144287109398,0.1321732997894287
39.1_47.3,2024-06-27,21.966546630859398,0.17148256301879883
39.5_47.0,2024-06-27,22.224114990234398,0.30487775802612305
39.6_47.1,2024-06-27,22.266432698567712,0.34368038177490234
39.7_47.0,2024-06-27,22.040114339192712,0.3432929515838623
39.9_48.9,2024-06-27,20.048089599609398,0.5473494529724121
40.0_48.8,2024-06-27,19.953037516276083,0.5282759666442871
40.1_48.1,2024-06-27,19.752353922526083,0.7938146591186523
40.2_46.7,2024-06-27,21.332594807942712,0.8377730846405029
40.2_49.6,2024-06-27,18.874586995442712,0.9950697422027588
40.3_48.7,2024-06-27,19.961012776692712,0.4487931728363037
40.4_49.2,2024-06-27,19.452305094401083,0.8381903171539307
40.7_47.2,2024-06-27,21.460524495442712,1.1239945888519287
40.8_46.7,2024-06-27,20.815098063151083,1.193016767501831
40.9_46.3,2024-06-27,21.276930745442712,1.072227954864502
41.0_46.6,2024-06-27,20.892734781901083,1.6110241413116455
41.0_46.8,2024-06-27,20.707350667317712,1.7086267471313477
38.3_47.2,2024-06-28,23.741386032104515,0.0034375924542473513
38.4_47.2,2024-06-28,23.75635999043783,0.0034375924542473513
39.0_46.8,2024-06-28,23.66676038106283,0.010649754472069617
39.1_46.9,2024-06-28,23.5044882456462,0.010083510346703406
39.1_47.3,2024-06-28,23.1377890268962,0.004748894639305945
39.5_47.0,2024-06-28,23.2850058237712,0.010724260278038855
39.6_47.1,2024-06-28,23.4087851206462,0.011603428788475867
39.7_47.0,2024-06-28,23.140800094604515,0.013793899483971472
39.9_48.9,2024-06-28,21.80860608418783,0.027085735268883582
40.0_48.8,2024-06-28,21.6382773081462,0.023524357743553992
40.1_48.1,2024-06-28,21.1705038706462,0.019307329125695105
40.2_46.7,2024-06-28,22.5994589487712,0.038708641000084754
40.2_49.6,2024-06-28,20.296805953979515,0.12973983473330009
40.3_48.7,2024-06-28,21.48267834981283,0.040288164086632605
40.4_49.2,2024-06-28,20.932792282104515,0.09387273973970878
40.7_47.2,2024-06-28,22.828788375854515,0.014419748254113074
40.8_46.7,2024-06-28,22.3423788706462,0.048617913193993445
40.9_46.3,2024-06-28,22.6158163706462,0.070865346856408
41.0_46.6,2024-06-28,22.4358847300212,0.04292566961794364
41.0_46.8,2024-06-28,22.2659628550212,0.02575953192263114
38.3_47.2,2024-06-29,24.44251721700033,8.509616904461836E-4
38.4_47.2,2024-06-29,24.534476852417015,8.509616904461836E-4
39.0_46.8,2024-06-29,24.366996383667015,8.509616904461836E-4
39.1_46.9,2024-06-29,24.30042737325033,8.658628516400313E-4
39.1_47.3,2024-06-29,24.0500204722087,8.658628516400313E-4
39.5_47.0,2024-06-29,24.24451917012533,8.658628516400313E-4
39.6_47.1,2024-06-29,24.4352743784587,8.509616904461836E-4
39.7_47.0,2024-06-29,24.16590588887533,8.658628516400313E-4
39.9_48.9,2024-06-29,23.483207321167015,0.0017301302008831954
40.0_48.8,2024-06-29,23.33680432637533,8.509616904461836E-4
40.1_48.1,2024-06-29,22.80408948262533,8.658628516400313E-4
40.2_46.7,2024-06-29,23.6650107065837,8.509616904461836E-4
40.2_49.6,2024-06-29,22.33607190450033,0.1721100072913373
40.3_48.7,2024-06-29,23.2756064097087,8.658628516400313E-4
40.4_49.2,2024-06-29,22.8390829722087,0.03767173100044374
40.7_47.2,2024-06-29,24.19862073262533,8.658628516400313E-4
40.8_46.7,2024-06-29,23.34217542012533,8.658628516400313E-4
40.9_46.3,2024-06-29,23.295463180542015,8.509616904461836E-4
41.0_46.6,2024-06-29,23.26698010762533,0.001178787236710832
41.0_46.8,2024-06-29,23.331351852417015,0.0016407232337201094
38.3_47.2,2024-06-30,26.890059407552087,0.001289113072289183
38.4_47.2,2024-06-30,26.923262532552087,0.001289113072289183
39.0_46.8,2024-06-30,26.674645996093773,0.0018255548752676987
39.1_46.9,2024-06-30,26.654951985677087,0.001289113072289183
39.1_47.3,2024-06-30,26.662927246093773,0.0023917990006339096
39.5_47.0,2024-06-30,26.794519042968773,0.0033454733170401596
39.6_47.1,2024-06-30,27.065596516927087,0.00385211279763098
39.7_47.0,2024-06-30,26.836104329427087,0.00385211279763098
39.9_48.9,2024-06-30,26.14282633463546,0.0013487177170645737
40.0_48.8,2024-06-30,26.022139485677087,0.002421601323021605
40.1_48.1,2024-06-30,25.573083496093773,0.001765950230492308
40.2_46.7,2024-06-30,26.58520914713546,0.001289113072289183
40.2_49.6,2024-06-30,24.797448730468773,0.127680762318505
40.3_48.7,2024-06-30,25.911462402343773,0.0013189153946768783
40.4_49.2,2024-06-30,25.267175292968773,0.001289113072289183
40.7_47.2,2024-06-30,26.796797688802087,0.001289113072289183
40.8_46.7,2024-06-30,26.428063964843773,0.001289113072289183
40.9_46.3,2024-06-30,26.458174641927087,0.001289113072289183
41.0_46.6,2024-06-30,26.427819824218773,0.001289113072289183
41.0_46.8,2024-06-30,26.290856933593773,0.001289113072289183
38.3_47.2,2024-07-01,27.74960098266604,8.543246963199636E-4
38.4_47.2,2024-07-01,27.76449356079104,8.543246963199636E-4
39.0_46.8,2024-07-01,27.62630996704104,8.543246963199636E-4
39.1_46.9,2024-07-01,27.54672012329104,8.543246963199636E-4
39.1_47.3,2024-07-01,27.181322987874353,8.543246963199636E-4
39.5_47.0,2024-07-01,27.508471425374353,8.543246963199636E-4
39.6_47.1,2024-07-01,27.677253977457724,8.543246963199636E-4
39.7_47.0,2024-07-01,27.461352284749353,8.543246963199636E-4
39.9_48.9,2024-07-01,26.95492324829104,0.16327698170925942
40.0_48.8,2024-07-01,26.86483535766604,0.12790162503506508
40.1_48.1,2024-07-01,26.201668039957724,8.543246963199636E-4
40.2_46.7,2024-07-01,27.29842910766604,8.543246963199636E-4
40.2_49.6,2024-07-01,26.06576309204104,0.5386670345046696
40.3_48.7,2024-07-01,26.895678456624353,0.005533289311188128
40.4_49.2,2024-07-01,26.350756581624353,0.06311137616421547
40.7_47.2,2024-07-01,27.34872207641604,8.543246963199636E-4
40.8_46.7,2024-07-01,27.145190175374353,8.543246963199636E-4
40.9_46.3,2024-07-01,27.554451243082724,8.543246963199636E-4
41.0_46.6,2024-07-01,27.264330800374353,8.543246963199636E-4
41.0_46.8,2024-07-01,27.020678456624353,8.543246963199636E-4
38.3_47.2,2024-07-02,27.980987803141318,0.0
38.4_47.2,2024-07-02,27.993113454182946,0.0
39.0_46.8,2024-07-02,28.078074391682946,0.0
39.1_46.9,2024-07-02,28.012237803141318,0.0
39.1_47.3,2024-07-02,27.786896006266318,0.0
39.5_47.0,2024-07-02,27.912058766682946,0.0
39.6_47.1,2024-07-02,28.090444183349632,0.0
39.7_47.0,2024-07-02,27.883006032307946,0.0
39.9_48.9,2024-07-02,28.362498219807946,0.0
40.0_48.8,2024-07-02,28.155955251057946,0.0
40.1_48.1,2024-07-02,27.151397959391318,0.0
40.2_46.7,2024-07-02,27.535756683349632,0.0
40.2_49.6,2024-07-02,27.530548350016318,0.013500452041625977
40.3_48.7,2024-07-02,28.221954600016318,0.0
40.4_49.2,2024-07-02,27.532582855224632,0.0
40.7_47.2,2024-07-02,27.934601084391318,0.0
40.8_46.7,2024-07-02,27.299184417724632,0.0
40.9_46.3,2024-07-02,27.405548350016318,0.0
41.0_46.6,2024-07-02,27.300567881266318,0.0
41.0_46.8,2024-07-02,27.320750172932946,0.0
38.3_47.2,2024-07-03,28.555059051513695,0.0
38.4_47.2,2024-07-03,28.52299524943038,0.0
39.0_46.8,2024-07-03,28.23751347859701,0.0
39.1_46.9,2024-07-03,28.16435267130538,0.0
39.1_47.3,2024-07-03,28.169072723388695,0.0
39.5_47.0,2024-07-03,28.06962610880538,0.0
39.6_47.1,2024-07-03,28.25826543172201,0.0
39.7_47.0,2024-07-03,28.04635136922201,0.0
39.9_48.9,2024-07-03,29.171758270263695,0.0
40.0_48.8,2024-07-03,29.076787567138695,0.0
40.1_48.1,2024-07-03,28.19161504109701,0.0
40.2_46.7,2024-07-03,27.606572723388695,0.0
40.2_49.6,2024-07-03,28.73246790568038,0.0
40.3_48.7,2024-07-03,29.13350957234701,0.0
40.4_49.2,2024-07-03,28.80668665568038,0.0
40.7_47.2,2024-07-03,28.334355926513695,0.0
40.8_46.7,2024-07-03,27.372686004638695,0.0
40.9_46.3,2024-07-03,27.370732879638695,0.008016824722290039
41.0_46.6,2024-07-03,27.316777801513695,0.0
41.0_46.8,2024-07-03,27.421758270263695,0.0
38.3_47.2,2024-07-04,28.272118504842126,0.05622551185524571
38.4_47.2,2024-07-04,28.320376968383812,0.05676195365822423
39.0_46.8,2024-07-04,29.298241551717126,0.0017170642081509868
39.1_46.9,2024-07-04,29.153873062133812,0.0017170642081509868
39.1_47.3,2024-07-04,28.459048843383812,0.0017170642081509868
39.5_47.0,2024-07-04,29.379458999633812,0.0017170642081509868
39.6_47.1,2024-07-04,29.410057957967126,0.0017170642081509868
39.7_47.0,2024-07-04,29.252831395467126,0.0017170642081509868
39.9_48.9,2024-07-04,29.331932957967126,0.0018064711753140728
40.0_48.8,2024-07-04,29.249332046508812,0.0017170642081509868
40.1_48.1,2024-07-04,28.177636082967126,0.0017170642081509868
40.2_46.7,2024-07-04,28.969139989217126,0.0017170642081509868
40.2_49.6,2024-07-04,28.830712254842126,0.015396330184103135
40.3_48.7,2024-07-04,29.287662124633812,0.0017170642081509868
40.4_49.2,2024-07-04,29.098453140258812,0.002193901366354112
40.7_47.2,2024-07-04,29.745832697550497,0.0017170642081509868
40.8_46.7,2024-07-04,29.089338556925497,0.0017170642081509868
40.9_46.3,2024-07-04,28.915347671508812,0.0024621222678433696
41.0_46.6,2024-07-04,29.181460952758812,0.0017170642081509868
41.0_46.8,2024-07-04,29.163394546508812,0.0017170642081509868
38.3_47.2,2024-07-05,29.195041910807333,0.038993358543848444
38.4_47.2,2024-07-05,29.408664957682333,0.04018545143935626
39.0_46.8,2024-07-05,29.883437093098962,0.09889602654311602
39.1_46.9,2024-07-05,29.974664306640648,0.06963014595839923
39.1_47.3,2024-07-05,29.270074462890648,0.017684698036646296
39.5_47.0,2024-07-05,29.969537353515648,0.029844045570825983
39.6_47.1,2024-07-05,29.912001546223962,0.04149675362441485
39.7_47.0,2024-07-05,29.925429280598962,0.015479326179956843
39.9_48.9,2024-07-05,30.538873291015648,0.06310343735549395
40.0_48.8,2024-07-05,30.445774332682333,0.11329054825637286
40.1_48.1,2024-07-05,29.752659098307333,0.17638206475112383
40.2_46.7,2024-07-05,30.358453369140648,0.005376338890528132
40.2_49.6,2024-07-05,29.869602457682333,0.09937286370131915
40.3_48.7,2024-07-05,30.314508056640648,0.11314153664443438
40.4_49.2,2024-07-05,29.974745686848962,0.7625043391499275
40.7_47.2,2024-07-05,31.366916910807333,0.15477538102004473
40.8_46.7,2024-07-05,30.900689697265648,0.17134547226760333
40.9_46.3,2024-07-05,30.889784749348962,0.2102971076283211
41.0_46.6,2024-07-05,30.834853108723962,0.714820623329615
41.0_46.8,2024-07-05,30.845595296223962,0.769597291878199
38.3_47.2,2024-07-06,28.95447438557943,0.01687971655428555
38.4_47.2,2024-07-06,29.017544047037802,0.016969123521448637
39.0_46.8,2024-07-06,29.67590993245443,0.3897365719467416
39.1_46.9,2024-07-06,29.549851989746116,0.46194759909212735
39.1_47.3,2024-07-06,28.83997243245443,1.0284003407150522
39.5_47.0,2024-07-06,29.962856547037802,0.32145945135653164
39.6_47.1,2024-07-06,30.131394958496116,0.277411618867518
39.7_47.0,2024-07-06,30.16809743245443,0.24558273855745938
39.9_48.9,2024-07-06,27.528123474121116,0.041198411622644926
40.0_48.8,2024-07-06,27.686245218912802,0.0585433632522836
40.1_48.1,2024-07-06,27.941453552246116,0.9544607788711801
40.2_46.7,2024-07-06,30.641079203287802,0.3629442841202035
40.2_49.6,2024-07-06,25.86389821370443,0.12750593725741055
40.3_48.7,2024-07-06,27.963914489746116,0.41748253408968594
40.4_49.2,2024-07-06,26.95447438557943,0.3802296311050668
40.7_47.2,2024-07-06,31.170213317871116,0.21133987013399747
40.8_46.7,2024-07-06,31.10852711995443,0.522237697282435
40.9_46.3,2024-07-06,31.709438578287802,0.5816933304458871
41.0_46.6,2024-07-06,31.326870218912802,0.8790311009079232
41.0_46.8,2024-07-06,31.11096852620443,0.15760628286898282
38.3_47.2,2024-07-07,28.793807601928734,0.0
38.4_47.2,2024-07-07,28.78469301859542,0.0
39.0_46.8,2024-07-07,29.82473208109542,0.0
39.1_46.9,2024-07-07,29.680607732137048,0.0
39.1_47.3,2024-07-07,28.78737856547042,0.0
39.5_47.0,2024-07-07,30.15163637797042,0.0
39.6_47.1,2024-07-07,30.241887029012048,0.0
39.7_47.0,2024-07-07,30.299260075887048,0.0
39.9_48.9,2024-07-07,27.556747055053734,0.0
40.0_48.8,2024-07-07,27.65261294047042,0.0
40.1_48.1,2024-07-07,27.914006169637048,0.0
40.2_46.7,2024-07-07,30.677108383178734,0.0
40.2_49.6,2024-07-07,26.281926091512048,0.0
40.3_48.7,2024-07-07,27.862248357137048,0.0
40.4_49.2,2024-07-07,27.07375551859542,0.0
40.7_47.2,2024-07-07,30.87209536234542,0.0
40.8_46.7,2024-07-07,30.88942934672042,0.002771615982055664
40.9_46.3,2024-07-07,31.35842348734542,0.0171661376953125
41.0_46.6,2024-07-07,31.062931950887048,0.0
41.0_46.8,2024-07-07,30.85573794047042,0.0017881393432617188
38.3_47.2,2024-07-08,30.891156133015954,0.1796633005142212
38.4_47.2,2024-07-08,30.892620976765954,0.18076598644256592
39.0_46.8,2024-07-08,31.862591679890954,0.1140981912612915
39.1_46.9,2024-07-08,31.635540898640954,0.051915645599365234
39.1_47.3,2024-07-08,30.944867070515954,0.44670701026916504
39.5_47.0,2024-07-08,32.02046928405764,0.05726516246795654
39.6_47.1,2024-07-08,32.16280326843264,0.07526576519012451
39.7_47.0,2024-07-08,32.122682825724326,0.05790591239929199
39.9_48.9,2024-07-08,30.718304570515954,0.3323107957839966
40.0_48.8,2024-07-08,30.810671106974326,0.3408193588256836
40.1_48.1,2024-07-08,30.615033086140954,0.13212859630584717
40.2_46.7,2024-07-08,32.32271537780764,0.1024007797241211
40.2_49.6,2024-07-08,29.466676966349326,0.4319101572036743
40.3_48.7,2024-07-08,30.962526575724326,0.30894577503204346
40.4_49.2,2024-07-08,30.111208216349326,0.9081214666366577
40.7_47.2,2024-07-08,32.747601445515954,0.04126131534576416
40.8_46.7,2024-07-08,32.505495325724326,0.05535781383514404
40.9_46.3,2024-07-08,32.583294804890954,0.033408403396606445
41.0_46.6,2024-07-08,32.562542851765954,0.045865774154663086
41.0_46.8,2024-07-08,32.44991264343264,0.04805624485015869
38.3_47.2,2024-07-09,30.28133099873861,8.583068797918258E-4
38.4_47.2,2024-07-09,30.293619410196982,8.583068797918258E-4
39.0_46.8,2024-07-09,31.54622357686361,8.583068797918258E-4
39.1_46.9,2024-07-09,31.18880170186361,8.583068797918258E-4
39.1_47.3,2024-07-09,30.054931259155296,8.583068797918258E-4
39.5_47.0,2024-07-09,31.340087509155296,8.583068797918258E-4
39.6_47.1,2024-07-09,31.378092066446982,8.583068797918258E-4
39.7_47.0,2024-07-09,31.312662378946982,8.583068797918258E-4
39.9_48.9,2024-07-09,29.586588160196982,0.04159808158377132
40.0_48.8,2024-07-09,29.699136988321982,0.013703107828888506
40.1_48.1,2024-07-09,29.30574506123861,8.583068797918258E-4
40.2_46.7,2024-07-09,31.396402613321982,8.583068797918258E-4
40.2_49.6,2024-07-09,27.902261988321982,0.02067685126760921
40.3_48.7,2024-07-09,29.691405868530296,8.583068797918258E-4
40.4_49.2,2024-07-09,28.513590113321982,0.10720789432028255
40.7_47.2,2024-07-09,31.244872665405296,8.583068797918258E-4
40.8_46.7,2024-07-09,31.22688763936361,8.583068797918258E-4
40.9_46.3,2024-07-09,31.578775660196982,8.583068797918258E-4
41.0_46.6,2024-07-09,31.285400009155296,8.583068797918258E-4
41.0_46.8,2024-07-09,31.018310165405296,8.583068797918258E-4
38.3_47.2,2024-07-10,28.990324910481775,0.0
38.4_47.2,2024-07-10,29.034595743815146,0.0
39.0_46.8,2024-07-10,30.09790954589846,0.0
39.1_46.9,2024-07-10,29.806731160481775,0.0
39.1_47.3,2024-07-10,28.809742228190146,0.0
39.5_47.0,2024-07-10,30.024260457356775,0.0
39.6_47.1,2024-07-10,30.11402282714846,0.0
39.7_47.0,2024-07-10,30.02979431152346,0.0
39.9_48.9,2024-07-10,28.890227254231775,0.0
40.0_48.8,2024-07-10,28.902515665690146,0.0
40.1_48.1,2024-07-10,28.338550821940146,0.0
40.2_46.7,2024-07-10,30.031828816731775,0.0
40.2_49.6,2024-07-10,27.566334025065146,0.0
40.3_48.7,2024-07-10,28.919605509440146,0.0
40.4_49.2,2024-07-10,27.96778259277346,0.0
40.7_47.2,2024-07-10,30.188811238606775,0.0
40.8_46.7,2024-07-10,29.85669860839846,0.0
40.9_46.3,2024-07-10,30.266936238606775,0.0
41.0_46.6,2024-07-10,29.871672566731775,0.0
41.0_46.8,2024-07-10,29.70704040527346,0.0
38.3_47.2,2024-07-11,29.371019617716513,8.52346317969932E-4
38.4_47.2,2024-07-11,29.478197352091513,8.52346317969932E-4
39.0_46.8,2024-07-11,29.565599695841513,8.52346317969932E-4
39.1_46.9,2024-07-11,29.543220138549827,8.52346317969932E-4
39.1_47.3,2024-07-11,29.576992925008142,8.52346317969932E-4
39.5_47.0,2024-07-11,29.930508550008142,8.52346317969932E-4
39.6_47.1,2024-07-11,30.235928471883142,8.52346317969932E-4
39.7_47.0,2024-07-11,29.945645268758142,8.52346317969932E-4
39.9_48.9,2024-07-11,29.418382898966513,8.52346317969932E-4
40.0_48.8,2024-07-11,29.456306076049827,8.52346317969932E-4
40.1_48.1,2024-07-11,29.337084070841513,8.52346317969932E-4
40.2_46.7,2024-07-11,29.420824305216513,8.52346317969932E-4
40.2_49.6,2024-07-11,27.751716232299827,0.047254562275611534
40.3_48.7,2024-07-11,29.574795659383142,8.52346317969932E-4
40.4_49.2,2024-07-11,28.471361414591513,8.52346317969932E-4
40.7_47.2,2024-07-11,30.529141362508142,8.52346317969932E-4
40.8_46.7,2024-07-11,29.566657638549827,8.52346317969932E-4
40.9_46.3,2024-07-11,29.347419357299827,8.52346317969932E-4
41.0_46.6,2024-07-11,29.526293055216513,8.52346317969932E-4
41.0_46.8,2024-07-11,29.632901128133142,8.52346317969932E-4
38.3_47.2,2024-07-12,29.120392100016318,8.583068797918258E-4
38.4_47.2,2024-07-12,29.120554860432946,8.583068797918258E-4
39.0_46.8,2024-07-12,29.145131683349632,8.583068797918258E-4
39.1_46.9,2024-07-12,29.006215667724632,8.583068797918258E-4
39.1_47.3,2024-07-12,28.527130381266318,8.583068797918258E-4
39.5_47.0,2024-07-12,29.029734547932946,8.583068797918258E-4
39.6_47.1,2024-07-12,29.142120615641318,8.583068797918258E-4
39.7_47.0,2024-07-12,29.000112152099632,8.583068797918258E-4
39.9_48.9,2024-07-12,26.802521006266318,8.583068797918258E-4
40.0_48.8,2024-07-12,26.820506032307946,8.583068797918258E-4
40.1_48.1,2024-07-12,27.077748870849632,8.583068797918258E-4
40.2_46.7,2024-07-12,28.960154469807946,8.583068797918258E-4
40.2_49.6,2024-07-12,25.046417490641318,8.583068797918258E-4
40.3_48.7,2024-07-12,26.834584808349632,8.583068797918258E-4
40.4_49.2,2024-07-12,25.662302907307946,8.583068797918258E-4
40.7_47.2,2024-07-12,28.960886891682946,8.583068797918258E-4
40.8_46.7,2024-07-12,28.732615407307946,8.583068797918258E-4
40.9_46.3,2024-07-12,29.133331553141318,8.583068797918258E-4
41.0_46.6,2024-07-12,28.736603037516318,8.583068797918258E-4
41.0_46.8,2024-07-12,28.517201995849632,8.583068797918258E-4
38.3_47.2,2024-07-13,27.415697987874353,0.0
38.4_47.2,2024-07-13,27.40755996704104,0.0
39.0_46.8,2024-07-13,27.158699289957724,0.0
39.1_46.9,2024-07-13,27.096606190999353,0.0
39.1_47.3,2024-07-13,26.856127675374353,0.0
39.5_47.0,2024-07-13,27.145922597249353,0.0
39.6_47.1,2024-07-13,27.34823379516604,0.0
39.7_47.0,2024-07-13,27.07894668579104,0.0
39.9_48.9,2024-07-13,25.749031321207724,0.0
40.0_48.8,2024-07-13,25.704272206624353,0.0
40.1_48.1,2024-07-13,25.524828847249353,0.0
40.2_46.7,2024-07-13,26.787605539957724,0.0
40.2_49.6,2024-07-13,24.625414784749353,0.0
40.3_48.7,2024-07-13,25.672859446207724,0.0
40.4_49.2,2024-07-13,24.934089914957724,0.0
40.7_47.2,2024-07-13,27.17074356079104,0.0
40.8_46.7,2024-07-13,26.679125722249353,0.0
40.9_46.3,2024-07-13,26.900805409749353,0.0
41.0_46.6,2024-07-13,26.676765696207724,0.0
41.0_46.8,2024-07-13,26.552498118082724,0.0
38.3_47.2,2024-07-14,28.430462773640954,8.583068797918258E-4
38.4_47.2,2024-07-14,28.440065638224326,8.583068797918258E-4
39.0_46.8,2024-07-14,27.827516810099326,8.583068797918258E-4
39.1_46.9,2024-07-14,27.798138554890954,8.583068797918258E-4
39.1_47.3,2024-07-14,27.753216679890954,8.583068797918258E-4
39.5_47.0,2024-07-14,27.790081914265954,8.583068797918258E-4
39.6_47.1,2024-07-14,28.035199101765954,8.583068797918258E-4
39.7_47.0,2024-07-14,27.688600794474326,8.583068797918258E-4
39.9_48.9,2024-07-14,27.366823450724326,8.583068797918258E-4
40.0_48.8,2024-07-14,27.286419804890954,8.583068797918258E-4
40.1_48.1,2024-07-14,26.66915092468264,8.583068797918258E-4
40.2_46.7,2024-07-14,27.207806523640954,8.583068797918258E-4
40.2_49.6,2024-07-14,26.577272669474326,8.583068797918258E-4
40.3_48.7,2024-07-14,27.148317591349326,8.583068797918258E-4
40.4_49.2,2024-07-14,26.712201054890954,8.583068797918258E-4
40.7_47.2,2024-07-14,27.612347539265954,8.583068797918258E-4
40.8_46.7,2024-07-14,27.076458867390954,8.583068797918258E-4
40.9_46.3,2024-07-14,27.311159388224326,8.583068797918258E-4
41.0_46.6,2024-07-14,27.07662162780764,8.583068797918258E-4
41.0_46.8,2024-07-14,26.932171758015954,8.583068797918258E-4
38.3_47.2,2024-07-15,30.24087486267092,4.261732051702438E-4
38.4_47.2,2024-07-15,30.261301294962607,4.261732051702438E-4
39.0_46.8,2024-07-15,29.63735923767092,4.261732051702438E-4
39.1_46.9,2024-07-15,29.59732017517092,4.261732051702438E-4
39.1_47.3,2024-07-15,29.654530461629236,4.261732051702438E-4
39.5_47.0,2024-07-15,29.592600123087607,4.261732051702438E-4
39.6_47.1,2024-07-15,29.851307805379236,4.261732051702438E-4
39.7_47.0,2024-07-15,29.577707544962607,4.261732051702438E-4
39.9_48.9,2024-07-15,28.850331242879236,0.15597939490774593
40.0_48.8,2024-07-15,28.88638267517092,0.08543729781607112
40.1_48.1,2024-07-15,28.749582544962607,4.261732051702438E-4
40.2_46.7,2024-07-15,29.424061711629236,4.261732051702438E-4
40.2_49.6,2024-07-15,27.604074732462607,1.9216328859279486
40.3_48.7,2024-07-15,29.102365748087607,0.05511343478659114
40.4_49.2,2024-07-15,28.263986841837607,1.3478338718364569
40.7_47.2,2024-07-15,29.76528892517092,4.261732051702438E-4
40.8_46.7,2024-07-15,29.46450767517092,4.261732051702438E-4
40.9_46.3,2024-07-15,29.72036705017092,4.261732051702438E-4
41.0_46.6,2024-07-15,29.537180201212607,4.261732051702438E-4
41.0_46.8,2024-07-15,29.36807212829592,4.261732051702438E-4
38.3_47.2,2024-07-16,31.31714274088546,4.2617311279968817E-4
38.4_47.2,2024-07-16,31.424483235677087,4.2617311279968817E-4
39.0_46.8,2024-07-16,31.68286539713546,4.2617311279968817E-4
39.1_46.9,2024-07-16,31.54150797526046,4.2617311279968817E-4
39.1_47.3,2024-07-16,31.163008626302087,4.2617311279968817E-4
39.5_47.0,2024-07-16,31.549157714843773,4.2617311279968817E-4
39.6_47.1,2024-07-16,31.713057454427087,4.2617311279968817E-4
39.7_47.0,2024-07-16,31.53979899088546,4.2617311279968817E-4
39.9_48.9,2024-07-16,30.449873860677087,0.0011414288501043757
40.0_48.8,2024-07-16,30.454919433593773,0.001260638139655157
40.1_48.1,2024-07-16,29.98828531901046,4.2617311279968817E-4
40.2_46.7,2024-07-16,31.59131266276046,4.2617311279968817E-4
40.2_49.6,2024-07-16,29.071455891927087,4.2617311279968817E-4
40.3_48.7,2024-07-16,30.566573079427087,4.2617311279968817E-4
40.4_49.2,2024-07-16,29.793623860677087,4.2617311279968817E-4
40.7_47.2,2024-07-16,31.63843180338546,4.2617311279968817E-4
40.8_46.7,2024-07-16,31.632002766927087,4.2617311279968817E-4
40.9_46.3,2024-07-16,31.948083496093773,4.2617311279968817E-4
41.0_46.6,2024-07-16,31.760583496093773,4.2617311279968817E-4
41.0_46.8,2024-07-16,31.50073649088546,4.2617311279968817E-4
38.3_47.2,2024-07-17,31.524207051595056,0.0
38.4_47.2,2024-07-17,31.595984395345056,0.0
39.0_46.8,2024-07-17,32.024207051595056,0.0
39.1_46.9,2024-07-17,31.86860809326174,0.0
39.1_47.3,2024-07-17,31.38643035888674,0.0
39.5_47.0,2024-07-17,31.937537129720056,0.0
39.6_47.1,2024-07-17,32.075964864095056,0.0
39.7_47.0,2024-07-17,31.89351043701174,0.0
39.9_48.9,2024-07-17,30.59004364013674,0.001519918441772461
40.0_48.8,2024-07-17,30.662960306803427,5.364418029785156E-4
40.1_48.1,2024-07-17,30.423132832845056,4.76837158203125E-4
40.2_46.7,2024-07-17,31.693640645345056,0.0
40.2_49.6,2024-07-17,29.223669942220056,0.0035762786865234375
40.3_48.7,2024-07-17,30.66963348388674,0.0
40.4_49.2,2024-07-17,29.91450653076174,0.00622868537902832
40.7_47.2,2024-07-17,31.821895853678427,0.0
40.8_46.7,2024-07-17,31.474646504720056,0.0
40.9_46.3,2024-07-17,31.567013041178427,0.0
41.0_46.6,2024-07-17,31.40791473388674,0.0
41.0_46.8,2024-07-17,31.362423197428427,0.0
38.3_47.2,2024-07-18,31.02755190531417,8.52346317969932E-4
38.4_47.2,2024-07-18,31.16427065531417,8.52346317969932E-4
39.0_46.8,2024-07-18,31.79146792093917,8.52346317969932E-4
39.1_46.9,2024-07-18,31.640914535522484,8.52346317969932E-4
39.1_47.3,2024-07-18,31.53682924906417,8.52346317969932E-4
39.5_47.0,2024-07-18,31.897994613647484,8.52346317969932E-4
39.6_47.1,2024-07-18,32.026168441772484,8.52346317969932E-4
39.7_47.0,2024-07-18,31.764449691772484,8.52346317969932E-4
39.9_48.9,2024-07-18,31.001347478230798,8.52346317969932E-4
40.0_48.8,2024-07-18,30.937545394897484,8.52346317969932E-4
40.1_48.1,2024-07-18,31.094039535522484,8.52346317969932E-4
40.2_46.7,2024-07-18,31.36324526468917,8.52346317969932E-4
40.2_49.6,2024-07-18,29.931767400105798,8.52346317969932E-4
40.3_48.7,2024-07-18,30.945683415730798,8.52346317969932E-4
40.4_49.2,2024-07-18,30.274052556355798,8.52346317969932E-4
40.7_47.2,2024-07-18,31.80660463968917,8.52346317969932E-4
40.8_46.7,2024-07-18,31.141728337605798,8.52346317969932E-4
40.9_46.3,2024-07-18,31.27193667093917,8.52346317969932E-4
41.0_46.6,2024-07-18,31.277226384480798,8.52346317969932E-4
41.0_46.8,2024-07-18,31.206913884480798,8.52346317969932E-4
38.3_47.2,2024-07-19,31.53853251139327,0.002139806667855737
38.4_47.2,2024-07-19,31.5872792561849,0.002139806667855737
39.0_46.8,2024-07-19,32.290811157226585,0.07378458968787527
39.1_46.9,2024-07-19,32.018838500976585,0.3068089484372649
39.1_47.3,2024-07-19,31.53657938639327,0.06421804420142507
39.5_47.0,2024-07-19,32.10274149576827,0.12742876998572683
39.6_47.1,2024-07-19,32.25630594889327,0.03682970992713308
39.7_47.0,2024-07-19,32.1143788655599,0.0025570391812834714
39.9_48.9,2024-07-19,29.67647196451827,0.4043519496121917
40.0_48.8,2024-07-19,29.76192118326827,0.3558337687650237
40.1_48.1,2024-07-19,30.05049540201827,0.924491882244638
40.2_46.7,2024-07-19,32.2886952718099,0.002139806667855737
40.2_49.6,2024-07-19,27.9539784749349,0.297212600628427
40.3_48.7,2024-07-19,29.98628641764327,0.0882387160459075
40.4_49.2,2024-07-19,28.80440165201827,0.7830798625150237
40.7_47.2,2024-07-19,32.385293579101585,0.20598769179969167
40.8_46.7,2024-07-19,32.335244750976585,0.002139806667855737
40.9_46.3,2024-07-19,32.7779530843099,0.002139806667855737
41.0_46.6,2024-07-19,32.751504516601585,0.002139806667855737
41.0_46.8,2024-07-19,32.32466532389327,0.002139806667855737
38.3_47.2,2024-07-20,29.07522799173995,0.0018132401358172956
38.4_47.2,2024-07-20,29.198356246948265,8.595658194110456E-4
39.0_46.8,2024-07-20,29.76875012715658,0.07174438961854435
39.1_46.9,2024-07-20,29.65799166361495,0.08543855675569034
39.1_47.3,2024-07-20,28.88528658548995,8.595658194110456E-4
39.5_47.0,2024-07-20,29.76321627298995,0.026042528237013585
39.6_47.1,2024-07-20,29.822135543823265,0.0013811064611957136
39.7_47.0,2024-07-20,29.73139661153158,0.0012618971716449323
39.9_48.9,2024-07-20,26.45144869486495,8.595658194110456E-4
40.0_48.8,2024-07-20,26.50833346048995,8.595658194110456E-4
40.1_48.1,2024-07-20,26.746451950073265,8.595658194110456E-4
40.2_46.7,2024-07-20,29.761344528198265,8.595658194110456E-4
40.2_49.6,2024-07-20,24.739616012573265,8.595658194110456E-4
40.3_48.7,2024-07-20,26.576530075073265,8.595658194110456E-4
40.4_49.2,2024-07-20,25.589713668823265,8.595658194110456E-4
40.7_47.2,2024-07-20,29.58320325215658,8.595658194110456E-4
40.8_46.7,2024-07-20,29.705680465698265,0.07570809849610782
40.9_46.3,2024-07-20,30.44428723653158,0.07666177281251407
41.0_46.6,2024-07-20,29.92337252298995,0.2166879845511005
41.0_46.8,2024-07-20,29.57026379903158,0.007460780228285557
38.3_47.2,2024-07-21,28.846780395507835,0.00258088101645626
38.4_47.2,2024-07-21,28.954690551757835,0.00258088101645626
39.0_46.8,2024-07-21,29.48976542154952,0.005233287708961143
39.1_46.9,2024-07-21,29.451028442382835,0.00258088101645626
39.1_47.3,2024-07-21,28.939797973632835,0.00258088101645626
39.5_47.0,2024-07-21,29.387551879882835,0.00258088101645626
39.6_47.1,2024-07-21,29.428079223632835,0.00258088101645626
39.7_47.0,2024-07-21,29.34254862467452,0.00258088101645626
39.9_48.9,2024-07-21,27.709573364257835,0.00258088101645626
40.0_48.8,2024-07-21,27.50750630696615,0.00258088101645626
40.1_48.1,2024-07-21,27.31951802571615,0.00258088101645626
40.2_46.7,2024-07-21,29.10670878092452,0.00258088101645626
40.2_49.6,2024-07-21,25.877297973632835,0.00258088101645626
40.3_48.7,2024-07-21,27.488381958007835,0.00258088101645626
40.4_49.2,2024-07-21,26.904153442382835,0.00258088101645626
40.7_47.2,2024-07-21,29.025735473632835,0.00258088101645626
40.8_46.7,2024-07-21,28.81487935384115,0.00258088101645626
40.9_46.3,2024-07-21,29.08937479654952,0.00258088101645626
41.0_46.6,2024-07-21,28.763040161132835,0.00258088101645626
41.0_46.8,2024-07-21,28.635842895507835,0.00258088101645626
38.3_47.2,2024-07-22,28.09459584554037,0.966358184712135
38.4_47.2,2024-07-22,28.17272084554037,0.9515166281630627
39.0_46.8,2024-07-22,29.26647084554037,0.4031091927458874
39.1_46.9,2024-07-22,29.18932240804037,0.10359585274954952
39.1_47.3,2024-07-22,28.56440378824874,0.14008879651328243
39.5_47.0,2024-07-22,29.49718373616537,0.0322043894698254
39.6_47.1,2024-07-22,29.70470326741537,0.03305375565787472
39.7_47.0,2024-07-22,29.552766418457054,0.009182095425330772
39.9_48.9,2024-07-22,26.01411081949874,0.9122222660948864
40.0_48.8,2024-07-22,26.12202097574874,0.9999305008818737
40.1_48.1,2024-07-22,26.953401184082054,1.06974244107505
40.2_46.7,2024-07-22,29.42084910074874,9.268521239391703E-4
40.2_49.6,2024-07-22,22.95331980387374,2.6899605988432995
40.3_48.7,2024-07-22,26.31798451741537,1.710328459637367
40.4_49.2,2024-07-22,25.13203074137374,1.5843093394209973
40.7_47.2,2024-07-22,30.08043568929037,8.52346317969932E-4
40.8_46.7,2024-07-22,29.59654897054037,0.007259845631324424
40.9_46.3,2024-07-22,29.76573842366537,0.030341744320594444
41.0_46.6,2024-07-22,29.662385559082054,0.0076770781447521586
41.0_46.8,2024-07-22,29.614289855957054,8.52346317969932E-4
38.3_47.2,2024-07-23,24.068098322550497,8.325070142745972
38.4_47.2,2024-07-23,23.992821629842126,9.483098983764648
39.0_46.8,2024-07-23,23.182030614217126,29.941901564598083
39.1_46.9,2024-07-23,23.194237645467126,27.75508165359497
39.1_47.3,2024-07-23,23.215152359008812,22.854208946228027
39.5_47.0,2024-07-23,23.057600275675497,24.840205907821655
39.6_47.1,2024-07-23,23.119937515258812,21.667510271072388
39.7_47.0,2024-07-23,22.978498713175497,23.788288235664368
39.9_48.9,2024-07-23,24.579817072550497,0.50334632396698
40.0_48.8,2024-07-23,24.327375666300497,0.7705092430114746
40.1_48.1,2024-07-23,21.880110041300497,10.43158769607544
40.2_46.7,2024-07-23,23.287417984008812,23.883849382400513
40.2_49.6,2024-07-23,23.136294937133812,0.14676153659820557
40.3_48.7,2024-07-23,23.853010431925497,2.325505018234253
40.4_49.2,2024-07-23,24.205061213175497,0.11494755744934082
40.7_47.2,2024-07-23,24.708723322550497,3.2598376274108887
40.8_46.7,2024-07-23,23.799625015258812,18.060117959976196
40.9_46.3,2024-07-23,24.002994155883812,24.02585744857788
41.0_46.6,2024-07-23,24.076317723592126,13.894140720367432
41.0_46.8,2024-07-23,24.084292984008812,14.908254146575928
38.3_47.2,2024-07-24,24.22382761637374,0.37460327138205685
38.4_47.2,2024-07-24,24.152131652832054,0.3372907637526623
39.0_46.8,2024-07-24,23.77924753824874,0.1816928385665051
39.1_46.9,2024-07-24,23.655061340332054,0.32250881184836544
39.1_47.3,2024-07-24,23.39952748616537,0.18470287312766231
39.5_47.0,2024-07-24,23.41938425699874,0.22332668294211544
39.6_47.1,2024-07-24,23.518342590332054,0.24314522732993282
39.7_47.0,2024-07-24,23.347688293457054,0.2152800558974377
39.9_48.9,2024-07-24,21.89366811116537,0.307294726269447
40.0_48.8,2024-07-24,21.805451965332054,0.24356245984336056
40.1_48.1,2024-07-24,21.34077097574874,0.7671296595503918
40.2_46.7,2024-07-24,23.24824167887374,0.28227567662497677
40.2_49.6,2024-07-24,20.46088816324874,0.16157627095481075
40.3_48.7,2024-07-24,21.82856394449874,0.30315220345755733
40.4_49.2,2024-07-24,21.17329050699874,0.11913776387473263
40.7_47.2,2024-07-24,23.831575012207054,1.6838788985182873
40.8_46.7,2024-07-24,23.29389597574874,0.6554007529189221
40.9_46.3,2024-07-24,23.270539855957054,0.9701430796553723
41.0_46.6,2024-07-24,23.25572865804037,1.6505300997664563
41.0_46.8,2024-07-24,23.293489074707054,0.5945444106032483
38.3_47.2,2024-07-25,24.086463546752952,0.0017106532936850272
38.4_47.2,2024-07-25,24.132117843627952,0.0017106532936850272
39.0_46.8,2024-07-25,23.378699874877952,0.0017106532936850272
39.1_46.9,2024-07-25,23.521929041544638,0.0017106532936850272
39.1_47.3,2024-07-25,24.000200525919638,0.0017106532936850272
39.5_47.0,2024-07-25,23.606808598836267,0.0017106532936850272
39.6_47.1,2024-07-25,23.994666671752952,0.0017106532936850272
39.7_47.0,2024-07-25,23.500770187377952,0.0017106532936850272
39.9_48.9,2024-07-25,23.264523442586267,0.0017106532936850272
40.0_48.8,2024-07-25,23.074012374877952,0.0017106532936850272
40.1_48.1,2024-07-25,22.164588546752952,0.0017106532936850272
40.2_46.7,2024-07-25,22.643592453002952,0.0017106532936850272
40.2_49.6,2024-07-25,22.228634770711267,0.006002187717513152
40.3_48.7,2024-07-25,22.996294275919638,0.0017106532936850272
40.4_49.2,2024-07-25,22.816118494669638,0.0017106532936850272
40.7_47.2,2024-07-25,24.225054041544638,0.0017106532936850272
40.8_46.7,2024-07-25,22.674191411336267,0.0017106532936850272
40.9_46.3,2024-07-25,22.834266281127952,0.0017106532936850272
41.0_46.6,2024-07-25,22.807410812377952,0.0017106532936850272
41.0_46.8,2024-07-25,22.848426437377952,0.0017106532936850272
38.3_47.2,2024-07-26,26.038266118367517,0.0
38.4_47.2,2024-07-26,26.054867680867517,0.0
39.0_46.8,2024-07-26,25.299496587117517,0.0
39.1_46.9,2024-07-26,25.321794764200888,0.0
39.1_47.3,2024-07-26,25.440121587117517,0.0
39.5_47.0,2024-07-26,25.082781092325888,0.0
39.6_47.1,2024-07-26,25.335141118367517,0.0
39.7_47.0,2024-07-26,24.995297368367517,0.0
39.9_48.9,2024-07-26,23.954118982950888,0.0
40.0_48.8,2024-07-26,23.845639165242517,0.0
40.1_48.1,2024-07-26,23.215023930867517,0.0
40.2_46.7,2024-07-26,24.487403488159202,0.0
40.2_49.6,2024-07-26,22.237973149617517,0.0
40.3_48.7,2024-07-26,23.687517420450888,0.0
40.4_49.2,2024-07-26,23.040544764200888,0.0
40.7_47.2,2024-07-26,25.397559738159202,0.0
40.8_46.7,2024-07-26,24.589047368367517,0.0
40.9_46.3,2024-07-26,24.719499842325888,0.0
41.0_46.6,2024-07-26,24.713965988159202,0.0
41.0_46.8,2024-07-26,24.723080571492517,0.0
38.3_47.2,2024-07-27,25.502833938598656,0.0
38.4_47.2,2024-07-27,25.45823758443197,0.0
39.0_46.8,2024-07-27,24.65672391255697,0.0
39.1_46.9,2024-07-27,24.67487169901534,0.0
39.1_47.3,2024-07-27,24.682521438598656,0.0
39.5_47.0,2024-07-27,24.70188992818197,0.0
39.6_47.1,2024-07-27,24.955226516723656,0.0
39.7_47.0,2024-07-27,24.74542833964034,0.0
39.9_48.9,2024-07-27,23.894679641723656,0.0
40.0_48.8,2024-07-27,23.726466751098656,0.0
40.1_48.1,2024-07-27,23.02708524068197,0.0
40.2_46.7,2024-07-27,24.59723498026534,0.0
40.2_49.6,2024-07-27,22.59178250630697,0.0
40.3_48.7,2024-07-27,23.53522326151534,0.0
40.4_49.2,2024-07-27,23.05735867818197,0.0
40.7_47.2,2024-07-27,25.20978380839034,0.0
40.8_46.7,2024-07-27,24.714503860473656,0.0
40.9_46.3,2024-07-27,25.11326688130697,0.0
41.0_46.6,2024-07-27,24.92308133443197,0.0
41.0_46.8,2024-07-27,24.706935501098656,0.0
38.3_47.2,2024-07-28,26.598128890991234,8.583068833445395E-4
38.4_47.2,2024-07-28,26.572494125366234,8.583068833445395E-4
39.0_46.8,2024-07-28,25.235335922241234,8.583068833445395E-4
39.1_46.9,2024-07-28,25.449772771199548,8.583068833445395E-4
39.1_47.3,2024-07-28,25.907210922241234,8.583068833445395E-4
39.5_47.0,2024-07-28,25.346745427449548,8.583068833445395E-4
39.6_47.1,2024-07-28,25.761540349324548,8.583068833445395E-4
39.7_47.0,2024-07-28,25.43691469828292,8.583068833445395E-4
39.9_48.9,2024-07-28,26.32241274515792,8.583068833445395E-4
40.0_48.8,2024-07-28,26.097233708699548,8.583068833445395E-4
40.1_48.1,2024-07-28,25.20229555765792,8.583068833445395E-4
40.2_46.7,2024-07-28,25.01723696390792,8.583068833445395E-4
40.2_49.6,2024-07-28,24.81704165140792,8.583068833445395E-4
40.3_48.7,2024-07-28,25.686507797241234,8.583068833445395E-4
40.4_49.2,2024-07-28,25.46254946390792,8.583068833445395E-4
40.7_47.2,2024-07-28,26.12587954203292,8.583068833445395E-4
40.8_46.7,2024-07-28,25.133773422241234,8.583068833445395E-4
40.9_46.3,2024-07-28,25.44741274515792,8.583068833445395E-4
41.0_46.6,2024-07-28,25.317855453491234,8.583068833445395E-4
41.0_46.8,2024-07-28,25.391341781616234,8.583068833445395E-4
38.3_47.2,2024-07-29,26.477167383829794,0.09481310837600176
38.4_47.2,2024-07-29,26.443150456746423,0.09420216076705401
39.0_46.8,2024-07-29,27.021356836954794,0.0021427869114631903
39.1_46.9,2024-07-29,26.70332298278811,0.0021427869114631903
39.1_47.3,2024-07-29,26.488560612996423,0.019934773376917292
39.5_47.0,2024-07-29,27.049921290079794,0.0021427869114631903
39.6_47.1,2024-07-29,27.361607487996423,0.0021427869114631903
39.7_47.0,2024-07-29,27.112339909871423,0.0021427869114631903
39.9_48.9,2024-07-29,27.414179102579794,0.6122261285099739
40.0_48.8,2024-07-29,27.345575586954794,0.9140640496525521
40.1_48.1,2024-07-29,26.724481836954794,0.8185923098835701
40.2_46.7,2024-07-29,26.945917383829794,0.0021427869114631903
40.2_49.6,2024-07-29,25.44868431091311,1.496550440720057
40.3_48.7,2024-07-29,27.349156316121423,1.140308380058741
40.4_49.2,2024-07-29,26.676304753621423,0.6057143210682625
40.7_47.2,2024-07-29,28.40693626403811,0.0021427869114631903
40.8_46.7,2024-07-29,27.129511133829794,0.0021427869114631903
40.9_46.3,2024-07-29,27.15010032653811,0.0021427869114631903
41.0_46.6,2024-07-29,27.180699284871423,0.0021427869114631903
41.0_46.8,2024-07-29,27.53315696716311,0.0021427869114631903
38.3_47.2,2024-07-30,24.071068700154626,0.043544173195186886
38.4_47.2,2024-07-30,23.978783543904626,0.04363358016234997
39.0_46.8,2024-07-30,24.220482762654626,8.523463748133508E-4
39.1_46.9,2024-07-30,23.972680028279626,8.523463748133508E-4
39.1_47.3,2024-07-30,24.053490575154626,0.08496940131408337
39.5_47.0,2024-07-30,24.375593439737997,0.02037286753875378
39.6_47.1,2024-07-30,24.603213882446312,0.04211366172057751
39.7_47.0,2024-07-30,24.518415705362997,0.025856494858089718
39.9_48.9,2024-07-30,22.850609715779626,0.015336275055233273
40.0_48.8,2024-07-30,22.861189142862997,0.06889104838592175
40.1_48.1,2024-07-30,22.808373387654626,2.190712094261471
40.2_46.7,2024-07-30,24.917911148071312,0.0113427638552821
40.2_49.6,2024-07-30,20.637312189737997,0.06082952018005017
40.3_48.7,2024-07-30,22.987816747029626,0.5513459443591273
40.4_49.2,2024-07-30,22.113142267862997,0.03721117968780163
40.7_47.2,2024-07-30,25.779483413696312,0.020745396568599972
40.8_46.7,2024-07-30,25.506859715779626,8.523463748133508E-4
40.9_46.3,2024-07-30,25.821882502237997,0.008407235100094113
41.0_46.6,2024-07-30,25.859073257446312,0.0025510787509119837
41.0_46.8,2024-07-30,25.747175470987997,8.523463748133508E-4
38.3_47.2,2024-07-31,24.00719286600753,0.32551884640952267
38.4_47.2,2024-07-31,23.946808751424157,0.334191322224342
39.0_46.8,2024-07-31,23.63731981913253,0.11687278737326778
39.1_46.9,2024-07-31,23.492218907674157,0.08212327946921505
39.1_47.3,2024-07-31,23.64586474100753,0.06051659573813595
39.5_47.0,2024-07-31,23.505076980590843,0.0893950461318127
39.6_47.1,2024-07-31,23.711619949340843,0.11121034611960567
39.7_47.0,2024-07-31,23.509308751424157,0.09160041798850216
39.9_48.9,2024-07-31,22.643260574340843,0.10259747494956173
40.0_48.8,2024-07-31,22.588328933715843,0.14142990102072872
40.1_48.1,2024-07-31,22.199006017049157,0.031012296574317588
40.2_46.7,2024-07-31,23.529084142049157,8.52346317969932E-4
40.2_49.6,2024-07-31,21.077668126424157,0.13684034337302364
40.3_48.7,2024-07-31,22.666453933715843,0.09362697591086544
40.4_49.2,2024-07-31,22.032909011840843,0.11559128751059689
40.7_47.2,2024-07-31,24.232371902465843,0.014829635517799034
40.8_46.7,2024-07-31,23.67101122538253,9.715556075207132E-4
40.9_46.3,2024-07-31,23.873729324340843,0.008600950138770713
41.0_46.6,2024-07-31,23.806427892049157,0.0018656252791515726
41.0_46.8,2024-07-31,23.724640782674157,8.52346317969932E-4
38.3_47.2,2024-08-01,25.448791122436546,0.002131228143298358
38.4_47.2,2024-08-01,25.426248804728232,0.002131228143298358
39.0_46.8,2024-08-01,24.96864789326986,0.002131228143298358
39.1_46.9,2024-08-01,24.844705835978232,0.002131228143298358
39.1_47.3,2024-08-01,24.73402875264486,0.002131228143298358
39.5_47.0,2024-08-01,24.77528851826986,0.002131228143298358
39.6_47.1,2024-08-01,24.989318466186546,0.002131228143298358
39.7_47.0,2024-08-01,24.77309125264486,0.002131228143298358
39.9_48.9,2024-08-01,23.514871851603232,0.002131228143298358
40.0_48.8,2024-08-01,23.464416122436546,0.002131228143298358
40.1_48.1,2024-08-01,23.448058700561546,0.002131228143298358
40.2_46.7,2024-08-01,24.635965601603232,0.018880133325183124
40.2_49.6,2024-08-01,22.098937606811546,0.002131228143298358
40.3_48.7,2024-08-01,23.558328882853232,0.002131228143298358
40.4_49.2,2024-08-01,22.908914820353232,0.002131228143298358
40.7_47.2,2024-08-01,25.54677289326986,0.002131228143298358
40.8_46.7,2024-08-01,24.83119672139486,0.05443430393370363
40.9_46.3,2024-08-01,24.79872601826986,0.04394388645323488
41.0_46.6,2024-08-01,24.904113388061546,0.02945995777281496
41.0_46.8,2024-08-01,24.95399945576986,0.06784534900816652
38.3_47.2,2024-08-02,25.498173650105798,0.00976324071189083
38.4_47.2,2024-08-02,25.441207504272484,0.009495019810401573
39.0_46.8,2024-08-02,25.65426088968917,8.52346317969932E-4
39.1_46.9,2024-08-02,25.41671206156417,8.52346317969932E-4
39.1_47.3,2024-08-02,25.263798650105798,0.4786729811598889
39.5_47.0,2024-08-02,25.69820620218917,8.52346317969932E-4
39.6_47.1,2024-08-02,25.896122868855798,0.13532042493125118
39.7_47.0,2024-08-02,25.75924135843917,8.52346317969932E-4
39.9_48.9,2024-08-02,24.387496566772484,0.22326707829734005
40.0_48.8,2024-08-02,24.440312321980798,0.09922981251975216
40.1_48.1,2024-08-02,24.380660629272484,0.228065252201759
40.2_46.7,2024-08-02,25.53023745218917,8.52346317969932E-4
40.2_49.6,2024-08-02,22.474898910522484,0.21265745152732052
40.3_48.7,2024-08-02,24.69405581156417,0.0239491461684338
40.4_49.2,2024-08-02,23.547245915730798,0.32751560200949825
40.7_47.2,2024-08-02,26.41378237406417,0.023472309010230674
40.8_46.7,2024-08-02,25.657516098022484,8.52346317969932E-4
40.9_46.3,2024-08-02,25.101689275105798,0.005918741123878135
41.0_46.6,2024-08-02,25.540165837605798,8.52346317969932E-4
41.0_46.8,2024-08-02,25.84713198343917,8.52346317969932E-4
38.3_47.2,2024-08-03,26.631416575113974,0.001300925475788972
38.4_47.2,2024-08-03,26.62515029907229,0.001300925475788972
39.0_46.8,2024-08-03,26.999743398030603,0.001300925475788972
39.1_46.9,2024-08-03,27.041003163655603,0.001300925475788972
39.1_47.3,2024-08-03,26.57949600219729,0.001300925475788972
39.5_47.0,2024-08-03,26.99453506469729,0.001300925475788972
39.6_47.1,2024-08-03,27.084216054280603,0.001300925475788972
39.7_47.0,2024-08-03,26.901436106363974,0.001300925475788972
39.9_48.9,2024-08-03,24.503975168863974,0.001300925475788972
40.0_48.8,2024-08-03,24.46499404907229,0.001300925475788972
40.1_48.1,2024-08-03,24.641344960530603,0.001300925475788972
40.2_46.7,2024-08-03,26.492419179280603,0.001300925475788972
40.2_49.6,2024-08-03,23.058093007405603,0.001300925475788972
40.3_48.7,2024-08-03,24.53066787719729,0.001300925475788972
40.4_49.2,2024-08-03,23.84780654907229,0.001300925475788972
40.7_47.2,2024-08-03,27.08291397094729,0.001300925475788972
40.8_46.7,2024-08-03,26.576973215738974,0.001300925475788972
40.9_46.3,2024-08-03,26.680000559488974,0.001300925475788972
41.0_46.6,2024-08-03,26.724841054280603,0.001300925475788972
41.0_46.8,2024-08-03,26.765368398030603,0.001300925475788972
38.3_47.2,2024-08-04,26.83010317484542,1.3432502746582031
38.4_47.2,2024-08-04,26.925724919637048,1.359879970550537
39.0_46.8,2024-08-04,26.902531560262048,1.3473927974700928
39.1_46.9,2024-08-04,27.042424138387048,0.8932650089263916
39.1_47.3,2024-08-04,26.933211898803734,0.03272294998168945
39.5_47.0,2024-08-04,27.151066716512048,0.3616809844970703
39.6_47.1,2024-08-04,27.319198226928734,0.261157751083374
39.7_47.0,2024-08-04,27.193058904012048,0.12880563735961914
39.9_48.9,2024-08-04,25.43044497172042,0.7357001304626465
40.0_48.8,2024-08-04,25.653915023803734,0.5101263523101807
40.1_48.1,2024-08-04,25.704533513387048,0.04455447196960449
40.2_46.7,2024-08-04,27.747665023803734,0.039190053939819336
40.2_49.6,2024-08-04,24.181502914428734,3.599613904953003
40.3_48.7,2024-08-04,25.989933904012048,0.7444322109222412
40.4_49.2,2024-08-04,25.31960512797042,0.5272328853607178
40.7_47.2,2024-08-04,28.454777654012048,0.0
40.8_46.7,2024-08-04,28.485213851928734,0.0
40.9_46.3,2024-08-04,28.851424789428734,7.748603820800781E-4
41.0_46.6,2024-08-04,28.703312810262048,0.0
41.0_46.8,2024-08-04,28.540389633178734,0.0
38.3_47.2,2024-08-05,23.531082407633505,5.478352308273315
38.4_47.2,2024-08-05,23.585769907633505,5.251049995422363
39.0_46.8,2024-08-05,24.217605845133505,6.623893976211548
39.1_46.9,2024-08-05,24.190913136800134,5.814403295516968
39.1_47.3,2024-08-05,23.859695688883505,3.6424994468688965
39.5_47.0,2024-08-05,24.70621261596682,4.35580313205719
39.6_47.1,2024-08-05,24.918289438883505,3.5499781370162964
39.7_47.0,2024-08-05,24.91275558471682,3.721460700035095
39.9_48.9,2024-08-05,23.611079152425134,5.580216646194458
40.0_48.8,2024-08-05,23.63882980346682,5.571901798248291
40.1_48.1,2024-08-05,23.576167043050134,3.671690821647644
40.2_46.7,2024-08-05,25.29092941284182,2.945244312286377
40.2_49.6,2024-08-05,21.969070688883505,6.370052695274353
40.3_48.7,2024-08-05,23.919754282633505,5.800828337669373
40.4_49.2,2024-08-05,23.234614308675134,5.236119031906128
40.7_47.2,2024-08-05,26.00601730346682,2.7130842208862305
40.8_46.7,2024-08-05,25.965083058675134,2.8081685304641724
40.9_46.3,2024-08-05,26.412592824300134,1.2757331132888794
41.0_46.6,2024-08-05,26.190262095133505,2.8408318758010864
41.0_46.8,2024-08-05,26.120682017008505,1.7771720886230469
38.3_47.2,2024-08-06,23.5671319325765,2.215355634689331
38.4_47.2,2024-08-06,23.654208755493187,2.2527575492858887
39.0_46.8,2024-08-06,23.769443130493187,2.191975712776184
39.1_46.9,2024-08-06,23.873935317993187,1.707017421722412
39.1_47.3,2024-08-06,24.0156182607015,2.598106861114502
39.5_47.0,2024-08-06,24.1735772450765,1.1528730392456055
39.6_47.1,2024-08-06,24.4699639638265,0.6948411464691162
39.7_47.0,2024-08-06,24.273837661743187,1.7738938331604004
39.9_48.9,2024-08-06,23.640536880493187,0.07523596286773682
40.0_48.8,2024-08-06,23.454501724243187,0.2017766237258911
40.1_48.1,2024-08-06,22.1713799794515,2.477318048477173
40.2_46.7,2024-08-06,23.946200942993187,2.4325698614120483
40.2_49.6,2024-08-06,22.175204849243187,0.027313828468322754
40.3_48.7,2024-08-06,23.3110284169515,0.24497509002685547
40.4_49.2,2024-08-06,23.122226333618187,0.030234456062316895
40.7_47.2,2024-08-06,24.658115005493187,0.5906671285629272
40.8_46.7,2024-08-06,23.974684015909872,2.112254500389099
40.9_46.3,2024-08-06,24.446363703409872,1.0935068130493164
41.0_46.6,2024-08-06,24.126783625284872,1.7272233963012695
41.0_46.8,2024-08-06,24.008945083618187,1.741662621498108
38.3_47.2,2024-08-07,25.099402999877952,0.14060735702514648
38.4_47.2,2024-08-07,25.123084640502952,0.15345215797424316
39.0_46.8,2024-08-07,24.698442713419638,0.7959604263305664
39.1_46.9,2024-08-07,24.665809249877952,0.8184313774108887
39.1_47.3,2024-08-07,25.076209640502952,0.06946921348571777
39.5_47.0,2024-08-07,24.985389328002952,0.3994405269622803
39.6_47.1,2024-08-07,25.230018234252952,0.1863539218902588
39.7_47.0,2024-08-07,24.888139979044638,0.33614039421081543
39.9_48.9,2024-08-07,24.417274093627952,0.13628602027893066
40.0_48.8,2024-08-07,24.236528650919638,0.22670626640319824
40.1_48.1,2024-08-07,23.454220708211267,0.20202994346618652
40.2_46.7,2024-08-07,23.945024744669638,1.5229880809783936
40.2_49.6,2024-08-07,23.277381515502952,0.12874603271484375
40.3_48.7,2024-08-07,24.193152999877952,0.5536377429962158
40.4_49.2,2024-08-07,24.090451176961267,0.2428591251373291
40.7_47.2,2024-08-07,25.082231775919638,0.6184279918670654
40.8_46.7,2024-08-07,23.907101567586267,0.49877166748046875
40.9_46.3,2024-08-07,24.180864588419638,0.3052651882171631
41.0_46.6,2024-08-07,24.006141281127952,0.5364418029785156
41.0_46.8,2024-08-07,24.083452479044638,0.4151463508605957
38.3_47.2,2024-08-08,25.314525222778343,8.046627044677734E-4
38.4_47.2,2024-08-08,25.328929519653343,8.046627044677734E-4
39.0_46.8,2024-08-08,25.60594774882003,3.2782554626464844E-4
39.1_46.9,2024-08-08,25.422272618611657,8.642673492431641E-4
39.1_47.3,2024-08-08,25.16136767069503,0.0
39.5_47.0,2024-08-08,25.546702957153343,0.0
39.6_47.1,2024-08-08,25.76903368632003,0.0
39.7_47.0,2024-08-08,25.590892410278343,0.0
39.9_48.9,2024-08-08,23.831452306111657,0.22137165069580078
40.0_48.8,2024-08-08,23.728099441528343,0.0959932804107666
40.1_48.1,2024-08-08,23.47826220194503,0.006258487701416016
40.2_46.7,2024-08-08,25.275951004028343,0.0
40.2_49.6,2024-08-08,22.094554519653343,0.7515847682952881
40.3_48.7,2024-08-08,23.802887852986657,0.2678036689758301
40.4_49.2,2024-08-08,23.293122227986657,0.21031498908996582
40.7_47.2,2024-08-08,25.923981602986657,0.0
40.8_46.7,2024-08-08,25.325999832153343,0.0
40.9_46.3,2024-08-08,25.555492019653343,0.0
41.0_46.6,2024-08-08,25.422272618611657,0.0
41.0_46.8,2024-08-08,25.431468582153343,0.0
38.3_47.2,2024-08-09,25.445923105875693,0.0
38.4_47.2,2024-08-09,25.43705266316732,0.0
39.0_46.8,2024-08-09,25.32425969441732,0.0
39.1_46.9,2024-08-09,25.239217376709007,0.0
39.1_47.3,2024-08-09,25.139526621500693,0.0
39.5_47.0,2024-08-09,25.25297063191732,0.0
39.6_47.1,2024-08-09,25.53666203816732,0.0
39.7_47.0,2024-08-09,25.329549407959007,0.0
39.9_48.9,2024-08-09,23.426717376709007,9.5367431640625E-4
40.0_48.8,2024-08-09,23.361206309000693,5.811452865600586E-4
40.1_48.1,2024-08-09,23.437134043375693,0.0
40.2_46.7,2024-08-09,25.163940684000693,0.0
40.2_49.6,2024-08-09,21.565552012125693,0.03457069396972656
40.3_48.7,2024-08-09,23.413452402750693,0.0
40.4_49.2,2024-08-09,22.53055852254232,0.009953975677490234
40.7_47.2,2024-08-09,25.732137298584007,0.0
40.8_46.7,2024-08-09,25.333211517334007,0.0
40.9_46.3,2024-08-09,25.67411321004232,0.0
41.0_46.6,2024-08-09,25.49491399129232,0.0
41.0_46.8,2024-08-09,25.430053965250693,0.0
38.3_47.2,2024-08-10,26.261201477050804,0.0728219747543335
38.4_47.2,2024-08-10,26.27601267496749,0.024810433387756348
39.0_46.8,2024-08-10,26.38432973225912,0.0
39.1_46.9,2024-08-10,26.272431945800804,0.0
39.1_47.3,2024-08-10,25.995332336425804,0.0
39.5_47.0,2024-08-10,26.23564809163412,0.0
39.6_47.1,2024-08-10,26.451631164550804,0.0
39.7_47.0,2024-08-10,26.26966501871749,0.0
39.9_48.9,2024-08-10,24.146943664550804,0.0
40.0_48.8,2024-08-10,24.07484079996749,4.470348358154297E-5
40.1_48.1,2024-08-10,24.16859079996749,9.834766387939453E-4
40.2_46.7,2024-08-10,26.028047180175804,0.0
40.2_49.6,2024-08-10,22.484101867675804,0.0
40.3_48.7,2024-08-10,24.12212270100912,0.0010579824447631836
40.4_49.2,2024-08-10,23.530732727050804,0.0
40.7_47.2,2024-08-10,26.281953430175804,0.0
40.8_46.7,2024-08-10,25.88652699788412,0.0
40.9_46.3,2024-08-10,26.263398742675804,0.0
41.0_46.6,2024-08-10,25.947969055175804,0.0
41.0_46.8,2024-08-10,25.97034861246749,0.0
38.3_47.2,2024-08-11,26.59547131856283,8.583068797918258E-4
38.4_47.2,2024-08-11,26.47364514668783,8.583068797918258E-4
39.0_46.8,2024-08-11,27.088798141479515,8.583068797918258E-4
39.1_46.9,2024-08-11,26.7693808237712,8.583068797918258E-4
39.1_47.3,2024-08-11,26.53760999043783,8.583068797918258E-4
39.5_47.0,2024-08-11,26.77467053731283,8.583068797918258E-4
39.6_47.1,2024-08-11,26.958427047729515,8.583068797918258E-4
39.7_47.0,2024-08-11,26.7796347300212,8.583068797918258E-4
39.9_48.9,2024-08-11,25.40333264668783,0.00172257422903499
40.0_48.8,2024-08-11,25.366630172729515,8.583068797918258E-4
40.1_48.1,2024-08-11,25.4820273081462,8.583068797918258E-4
40.2_46.7,2024-08-11,26.71412366231283,8.583068797918258E-4
40.2_49.6,2024-08-11,23.27003186543783,0.06341338157156429
40.3_48.7,2024-08-11,25.51124280293783,8.583068797918258E-4
40.4_49.2,2024-08-11,24.53175061543783,0.03122687339285335
40.7_47.2,2024-08-11,27.663993453979515,8.583068797918258E-4
40.8_46.7,2024-08-11,26.755790328979515,8.583068797918258E-4
40.9_46.3,2024-08-11,27.047294235229515,8.583068797918258E-4
41.0_46.6,2024-08-11,26.86060803731283,8.583068797918258E-4
41.0_46.8,2024-08-11,26.952323532104515,8.583068797918258E-4
38.3_47.2,2024-08-12,23.9343251546224,0.03426671027639827
38.4_47.2,2024-08-12,23.890542602539085,0.03453493117788753
39.0_46.8,2024-08-12,24.20637919108077,8.583068797918258E-4
39.1_46.9,2024-08-12,24.016519165039085,0.020378828043732256
39.1_47.3,2024-08-12,23.655679321289085,0.005939602846893877
39.5_47.0,2024-08-12,23.913003540039085,0.009247660631928056
39.6_47.1,2024-08-12,24.041177368164085,0.006133317942413896
39.7_47.0,2024-08-12,23.9184560139974,8.583068797918258E-4
39.9_48.9,2024-08-12,21.015054321289085,0.7536798715541693
40.0_48.8,2024-08-12,20.968179321289085,1.0441780090282293
40.1_48.1,2024-08-12,21.44319559733077,0.11273622512320003
40.2_46.7,2024-08-12,24.10213114420577,8.583068797918258E-4
40.2_49.6,2024-08-12,19.09309794108077,1.0114997625301214
40.3_48.7,2024-08-12,21.0795888264974,0.5672812461803289
40.4_49.2,2024-08-12,20.1130360921224,0.893676280970368
40.7_47.2,2024-08-12,24.2705067952474,8.583068797918258E-4
40.8_46.7,2024-08-12,24.25813700358077,8.583068797918258E-4
40.9_46.3,2024-08-12,24.9108876546224,8.583068797918258E-4
41.0_46.6,2024-08-12,24.5002431233724,8.583068797918258E-4
41.0_46.8,2024-08-12,24.227700805664085,8.583068797918258E-4
38.3_47.2,2024-08-13,22.589618301391624,0.019028782844543457
38.4_47.2,2024-08-13,22.56121660868331,0.03711879253387451
39.0_46.8,2024-08-13,22.97625567118331,0.015407800674438477
39.1_46.9,2024-08-13,22.67547442118331,0.12437999248504639
39.1_47.3,2024-08-13,21.96225827534994,0.06923079490661621
39.5_47.0,2024-08-13,22.302508926391624,0.036403536796569824
39.6_47.1,2024-08-13,22.34018796284994,0.016942620277404785
39.7_47.0,2024-08-13,22.252948379516624,0.0021010637283325195
39.9_48.9,2024-08-13,19.94614499409994,0.01862645149230957
40.0_48.8,2024-08-13,19.820575332641624,0.03014504909515381
40.1_48.1,2024-08-13,19.492694473266624,0.029265880584716797
40.2_46.7,2024-08-13,22.578143692016624,0.0
40.2_49.6,2024-08-13,18.16985918680831,0.32961368560791016
40.3_48.7,2024-08-13,19.860370254516624,0.049427151679992676
40.4_49.2,2024-08-13,19.171161270141624,0.049948692321777344
40.7_47.2,2024-08-13,22.523456192016624,0.0
40.8_46.7,2024-08-13,22.51865475972494,0.0
40.9_46.3,2024-08-13,23.46136309305831,0.0
41.0_46.6,2024-08-13,22.782489395141624,0.0
41.0_46.8,2024-08-13,22.51767819722494,0.0
38.3_47.2,2024-08-14,22.3449588775635,0.0
38.4_47.2,2024-08-14,22.333647028605185,0.0
39.0_46.8,2024-08-14,22.0407596588135,0.0
39.1_46.9,2024-08-14,21.957426325480185,0.0
39.1_47.3,2024-08-14,21.775216039021814,0.0
39.5_47.0,2024-08-14,21.863594945271814,0.0
39.6_47.1,2024-08-14,22.0580936431885,0.0
39.7_47.0,2024-08-14,21.8754764556885,0.0
39.9_48.9,2024-08-14,19.983549372355185,0.023365020751953125
40.0_48.8,2024-08-14,19.846830622355185,0.020951032638549805
40.1_48.1,2024-08-14,19.5998416900635,0.0
40.2_46.7,2024-08-14,21.906889216105185,0.0
40.2_49.6,2024-08-14,18.759916559855185,0.212937593460083
40.3_48.7,2024-08-14,19.864571507771814,0.004276633262634277
40.4_49.2,2024-08-14,19.4018436431885,0.07240474224090576
40.7_47.2,2024-08-14,22.138253148396814,0.0
40.8_46.7,2024-08-14,22.112618382771814,0.0
40.9_46.3,2024-08-14,22.632475153605185,0.0
41.0_46.6,2024-08-14,22.280587132771814,0.0
41.0_46.8,2024-08-14,22.0453983306885,0.0
38.3_47.2,2024-08-15,23.25298970540365,7.748603820800781E-4
38.4_47.2,2024-08-15,23.266336059570335,9.387731552124023E-4
39.0_46.8,2024-08-15,23.283670043945335,1.9371509552001953E-4
39.1_46.9,2024-08-15,23.09966939290365,6.854534149169922E-4
39.1_47.3,2024-08-15,22.819558715820335,5.662441253662109E-4
39.5_47.0,2024-08-15,22.83160298665365,0.0
39.6_47.1,2024-08-15,23.034890747070335,0.0
39.7_47.0,2024-08-15,22.82484842936202,0.0
39.9_48.9,2024-08-15,21.179666137695335,0.7026493549346924
40.0_48.8,2024-08-15,21.10919087727865,0.5222856998443604
40.1_48.1,2024-08-15,21.27479960123702,0.02631545066833496
40.2_46.7,2024-08-15,22.784158325195335,0.0
40.2_49.6,2024-08-15,19.85707499186202,0.21585822105407715
40.3_48.7,2024-08-15,21.324441528320335,0.0645071268081665
40.4_49.2,2024-08-15,20.56011861165365,0.31110644340515137
40.7_47.2,2024-08-15,23.20351053873702,0.0
40.8_46.7,2024-08-15,22.90948384602865,0.0
40.9_46.3,2024-08-15,23.241433715820335,0.0
41.0_46.6,2024-08-15,23.008767700195335,0.0
41.0_46.8,2024-08-15,22.881570434570335,0.0
38.3_47.2,2024-08-16,23.933614349365257,8.583068797918258E-4
38.4_47.2,2024-08-16,23.886251068115257,8.583068797918258E-4
39.0_46.8,2024-08-16,23.457947031656943,8.583068797918258E-4
39.1_46.9,2024-08-16,23.260030364990257,8.583068797918258E-4
39.1_47.3,2024-08-16,23.294454193115257,8.583068797918258E-4
39.5_47.0,2024-08-16,23.096374766031943,8.583068797918258E-4
39.6_47.1,2024-08-16,23.36216252644857,8.583068797918258E-4
39.7_47.0,2024-08-16,23.110616302490257,8.583068797918258E-4
39.9_48.9,2024-08-16,21.17783635457357,8.583068797918258E-4
40.0_48.8,2024-08-16,21.062276458740257,8.583068797918258E-4
40.1_48.1,2024-08-16,21.196309661865257,8.583068797918258E-4
40.2_46.7,2024-08-16,22.96299260457357,8.583068797918258E-4
40.2_49.6,2024-08-16,19.761983489990257,8.583068797918258E-4
40.3_48.7,2024-08-16,21.126241302490257,8.583068797918258E-4
40.4_49.2,2024-08-16,20.464782969156943,8.583068797918258E-4
40.7_47.2,2024-08-16,23.33066838582357,8.583068797918258E-4
40.8_46.7,2024-08-16,22.98716252644857,8.583068797918258E-4
40.9_46.3,2024-08-16,23.24326604207357,8.583068797918258E-4
41.0_46.6,2024-08-16,23.065938568115257,8.583068797918258E-4
41.0_46.8,2024-08-16,22.99643987019857,8.583068797918258E-4
38.3_47.2,2024-08-17,23.873881912231468,0.0
38.4_47.2,2024-08-17,23.935079828898154,0.0
39.0_46.8,2024-08-17,23.660014724731468,0.0
39.1_46.9,2024-08-17,23.447693761189782,0.0
39.1_47.3,2024-08-17,23.557638422648154,0.0
39.5_47.0,2024-08-17,23.403341547648154,0.0
39.6_47.1,2024-08-17,23.670350011189782,0.0
39.7_47.0,2024-08-17,23.389262771606468,0.0
39.9_48.9,2024-08-17,21.626648839314782,0.0
40.0_48.8,2024-08-17,21.507182693481468,0.0
40.1_48.1,2024-08-17,21.402527745564782,0.0
40.2_46.7,2024-08-17,23.206401443481468,0.0
40.2_49.6,2024-08-17,20.789165115356468,0.0
40.3_48.7,2024-08-17,21.644389724731468,0.0
40.4_49.2,2024-08-17,21.387065505981468,0.0
40.7_47.2,2024-08-17,23.362732823689782,0.0
40.8_46.7,2024-08-17,23.204041417439782,0.0
40.9_46.3,2024-08-17,23.633728917439782,0.0
41.0_46.6,2024-08-17,23.335633214314782,0.0
41.0_46.8,2024-08-17,23.205262120564782,0.0
38.3_47.2,2024-08-18,25.08309453328451,8.583068833445395E-4
38.4_47.2,2024-08-18,25.154546356201195,8.583068833445395E-4
39.0_46.8,2024-08-18,24.96029179890951,8.583068833445395E-4
39.1_46.9,2024-08-18,24.87248255411788,8.583068833445395E-4
39.1_47.3,2024-08-18,24.68856328328451,8.583068833445395E-4
39.5_47.0,2024-08-18,24.669438934326195,8.583068833445395E-4
39.6_47.1,2024-08-18,24.857915496826195,8.583068833445395E-4
39.7_47.0,2024-08-18,24.677495574951195,8.583068833445395E-4
39.9_48.9,2024-08-18,23.72673060099288,8.583068833445395E-4
40.0_48.8,2024-08-18,23.51896692911788,8.583068833445395E-4
40.1_48.1,2024-08-18,23.396733856201195,8.583068833445395E-4
40.2_46.7,2024-08-18,24.77767461140951,8.583068833445395E-4
40.2_49.6,2024-08-18,22.853520965576195,8.583068833445395E-4
40.3_48.7,2024-08-18,23.70858281453451,8.583068833445395E-4
40.4_49.2,2024-08-18,23.497075653076195,8.583068833445395E-4
40.7_47.2,2024-08-18,24.71061731974288,8.583068833445395E-4
40.8_46.7,2024-08-18,24.802739715576195,8.583068833445395E-4
40.9_46.3,2024-08-18,25.46818567911788,8.583068833445395E-4
41.0_46.6,2024-08-18,25.01896692911788,8.583068833445395E-4
41.0_46.8,2024-08-18,24.72502161661788,8.583068833445395E-4
38.3_47.2,2024-08-19,26.245802815755212,0.0
38.4_47.2,2024-08-19,26.307977294921898,0.0
39.0_46.8,2024-08-19,26.258823649088583,0.0
39.1_46.9,2024-08-19,26.174920654296898,0.0
39.1_47.3,2024-08-19,25.777541097005212,0.0
39.5_47.0,2024-08-19,26.134800211588583,0.0
39.6_47.1,2024-08-19,26.308302815755212,0.0
39.7_47.0,2024-08-19,26.106317138671898,0.0
39.9_48.9,2024-08-19,24.942498779296898,0.0
40.0_48.8,2024-08-19,24.849481201171898,0.0
40.1_48.1,2024-08-19,24.419712320963583,0.0
40.2_46.7,2024-08-19,26.010207112630212,0.0
40.2_49.6,2024-08-19,24.740838623046898,0.0
40.3_48.7,2024-08-19,25.163771565755212,0.0
40.4_49.2,2024-08-19,25.029168701171898,0.0
40.7_47.2,2024-08-19,26.169793701171898,0.0
40.8_46.7,2024-08-19,25.887160237630212,0.0
40.9_46.3,2024-08-19,26.289992268880212,0.0
41.0_46.6,2024-08-19,25.992466227213583,0.0
41.0_46.8,2024-08-19,25.818475341796898,0.0
38.3_47.2,2024-08-20,27.08749351501467,8.55760788454063E-4
38.4_47.2,2024-08-20,27.096689478556357,8.55760788454063E-4
39.0_46.8,2024-08-20,27.391774113972986,8.55760788454063E-4
39.1_46.9,2024-08-20,27.19296226501467,8.55760788454063E-4
39.1_47.3,2024-08-20,26.604176457722986,8.55760788454063E-4
39.5_47.0,2024-08-20,27.255625025431357,8.55760788454063E-4
39.6_47.1,2024-08-20,27.394541041056357,8.55760788454063E-4
39.7_47.0,2024-08-20,27.262705103556357,8.55760788454063E-4
39.9_48.9,2024-08-20,26.60263023376467,8.55760788454063E-4
40.0_48.8,2024-08-20,26.40927085876467,8.55760788454063E-4
40.1_48.1,2024-08-20,25.554371770222986,8.55760788454063E-4
40.2_46.7,2024-08-20,27.301523462931357,8.55760788454063E-4
40.2_49.6,2024-08-20,26.564462916056357,8.55760788454063E-4
40.3_48.7,2024-08-20,26.456308619181357,8.55760788454063E-4
40.4_49.2,2024-08-20,26.76986656188967,8.55760788454063E-4
40.7_47.2,2024-08-20,27.304371770222986,8.55760788454063E-4
40.8_46.7,2024-08-20,27.08651695251467,8.55760788454063E-4
40.9_46.3,2024-08-20,27.383310572306357,8.55760788454063E-4
41.0_46.6,2024-08-20,27.13021812438967,8.55760788454063E-4
41.0_46.8,2024-08-20,26.98544273376467,8.55760788454063E-4
38.3_47.2,2024-08-21,27.627933120727562,-4.342268766777124E-7
38.4_47.2,2024-08-21,27.672692235310876,-4.342268766777124E-7
39.0_46.8,2024-08-21,28.640709813435876,-4.342268766777124E-7
39.1_46.9,2024-08-21,28.320397313435876,-4.342268766777124E-7
39.1_47.3,2024-08-21,27.273278172810876,-4.342268766777124E-7
39.5_47.0,2024-08-21,28.525231297810876,-4.342268766777124E-7
39.6_47.1,2024-08-21,28.631351089477562,-4.342268766777124E-7
39.7_47.0,2024-08-21,28.544681167602562,-4.342268766777124E-7
39.9_48.9,2024-08-21,27.533043797810876,-4.342268766777124E-7
40.0_48.8,2024-08-21,27.438968276977562,-4.342268766777124E-7
40.1_48.1,2024-08-21,26.788903172810876,-4.342268766777124E-7
40.2_46.7,2024-08-21,28.581790542602562,-4.342268766777124E-7
40.2_49.6,2024-08-21,27.368493016560876,-4.342268766777124E-7
40.3_48.7,2024-08-21,27.535892105102562,-4.342268766777124E-7
40.4_49.2,2024-08-21,27.693037287394247,-4.342268766777124E-7
40.7_47.2,2024-08-21,28.645918146769247,-4.342268766777124E-7
40.8_46.7,2024-08-21,28.287682469685876,-4.342268766777124E-7
40.9_46.3,2024-08-21,28.697757339477562,-4.342268766777124E-7
41.0_46.6,2024-08-21,28.315433120727562,-4.342268766777124E-7
41.0_46.8,2024-08-21,28.169925308227562,-4.342268766777124E-7
38.3_47.2,2024-08-22,28.173204040527366,0.04013145849057764
38.4_47.2,2024-08-22,28.304470316569052,0.014888891428199713
39.0_46.8,2024-08-22,29.85394948323568,0.001284131258216803
39.1_46.9,2024-08-22,29.486436462402366,0.0016566602880629944
39.1_47.3,2024-08-22,28.283311462402366,0.001984485834327643
39.5_47.0,2024-08-22,29.834825134277366,0.0024315206701430725
39.6_47.1,2024-08-22,29.91205495198568,0.0025209276373061584
39.7_47.0,2024-08-22,29.857204691569052,0.006380328386512701
39.9_48.9,2024-08-22,28.69110768636068,0.001284131258216803
40.0_48.8,2024-08-22,28.653428649902366,0.001284131258216803
40.1_48.1,2024-08-22,27.960557556152366,0.001284131258216803
40.2_46.7,2024-08-22,29.854844665527366,0.022130855768409674
40.2_49.6,2024-08-22,27.179795837402366,0.007527717798438971
40.3_48.7,2024-08-22,28.661892191569052,0.001284131258216803
40.4_49.2,2024-08-22,27.827419535319052,0.001284131258216803
40.7_47.2,2024-08-22,29.637966410319052,0.007274398058143561
40.8_46.7,2024-08-22,29.477810160319052,0.001805671900001471
40.9_46.3,2024-08-22,29.933702087402366,0.001284131258216803
41.0_46.6,2024-08-22,29.54315846761068,0.01554454252072901
41.0_46.8,2024-08-22,29.28314870198568,0.022682198732582037
38.3_47.2,2024-08-23,27.85160853068038,0.0017153214457721333
38.4_47.2,2024-08-23,27.95601933797201,0.0017153214457721333
39.0_46.8,2024-08-23,28.866094207763695,1.3401823233607502
39.1_46.9,2024-08-23,28.580205535888695,2.436207432651827
39.1_47.3,2024-08-23,27.66768925984701,3.6964433382991047
39.5_47.0,2024-08-23,28.70561243693038,4.039900202656099
39.6_47.1,2024-08-23,28.92533899943038,3.8604753207209797
39.7_47.0,2024-08-23,28.88114954630538,3.2807307433131427
39.9_48.9,2024-08-23,27.68160527547201,0.20161439886123844
40.0_48.8,2024-08-23,27.73946660359701,0.14451314916641422
40.1_48.1,2024-08-23,27.74662806193038,0.13555755128891178
40.2_46.7,2024-08-23,29.30807011922201,0.21501054277450748
40.2_49.6,2024-08-23,25.72555058797201,0.22028555383712956
40.3_48.7,2024-08-23,27.81181360880538,0.07800926675827213
40.4_49.2,2024-08-23,26.41728235880538,0.4329549263957233
40.7_47.2,2024-08-23,30.006230926513695,0.02181698789627262
40.8_46.7,2024-08-23,29.60258509318038,0.001983542347261391
40.9_46.3,2024-08-23,29.636846160888695,0.029550690555879555
41.0_46.6,2024-08-23,29.56148808797201,0.005127687359163247
41.0_46.8,2024-08-23,29.440312957763695,0.005604524517366372
38.3_47.2,2024-08-24,27.746359761555993,0.022739171981811523
38.4_47.2,2024-08-24,27.714214579264365,0.022917985916137695
39.0_46.8,2024-08-24,27.77899322509768,0.0025033950805664062
39.1_46.9,2024-08-24,27.530051167805993,0.004351139068603516
39.1_47.3,2024-08-24,27.22259674072268,0.010520219802856445
39.5_47.0,2024-08-24,27.554546610514365,0.16614794731140137
39.6_47.1,2024-08-24,27.782818094889365,0.19875168800354004
39.7_47.0,2024-08-24,27.581890360514365,0.16435980796813965
39.9_48.9,2024-08-24,27.477642313639365,0.06854534149169922
40.0_48.8,2024-08-24,27.360129292805993,0.01582503318786621
40.1_48.1,2024-08-24,26.785910542805993,0.19747018814086914
40.2_46.7,2024-08-24,27.396994527180993,0.0
40.2_49.6,2024-08-24,26.141704813639365,0.0
40.3_48.7,2024-08-24,27.19427642822268,0.04658102989196777
40.4_49.2,2024-08-24,26.606467183430993,0.0
40.7_47.2,2024-08-24,28.150493876139365,0.0
40.8_46.7,2024-08-24,27.178325907389365,0.0
40.9_46.3,2024-08-24,26.92840728759768,0.0
41.0_46.6,2024-08-24,27.01092681884768,0.0
41.0_46.8,2024-08-24,27.14300689697268,0.0
38.3_47.2,2024-08-25,26.702162679036462,8.52346317969932E-4
38.4_47.2,2024-08-25,26.644057210286462,8.52346317969932E-4
39.0_46.8,2024-08-25,26.314304606119833,8.52346317969932E-4
39.1_46.9,2024-08-25,26.149102783203148,8.52346317969932E-4
39.1_47.3,2024-08-25,25.967869059244833,8.52346317969932E-4
39.5_47.0,2024-08-25,26.248874918619833,8.52346317969932E-4
39.6_47.1,2024-08-25,26.504083251953148,8.52346317969932E-4
39.7_47.0,2024-08-25,26.225111897786462,8.52346317969932E-4
39.9_48.9,2024-08-25,26.131199137369833,8.52346317969932E-4
40.0_48.8,2024-08-25,26.007419840494833,8.52346317969932E-4
40.1_48.1,2024-08-25,25.218194580078148,8.52346317969932E-4
40.2_46.7,2024-08-25,25.876316324869833,8.52346317969932E-4
40.2_49.6,2024-08-25,25.568699137369833,8.52346317969932E-4
40.3_48.7,2024-08-25,25.950697835286462,8.52346317969932E-4
40.4_49.2,2024-08-25,25.767836507161462,8.52346317969932E-4
40.7_47.2,2024-08-25,26.442397054036462,8.52346317969932E-4
40.8_46.7,2024-08-25,25.687270100911462,8.52346317969932E-4
40.9_46.3,2024-08-25,25.494317626953148,8.52346317969932E-4
41.0_46.6,2024-08-25,25.596449788411462,8.52346317969932E-4
41.0_46.8,2024-08-25,25.691176350911462,8.52346317969932E-4
38.3_47.2,2024-08-26,26.92616233825686,0.0
38.4_47.2,2024-08-26,26.913629786173544,0.0
39.0_46.8,2024-08-26,26.452204004923544,0.0
39.1_46.9,2024-08-26,26.38954124450686,0.0
39.1_47.3,2024-08-26,26.464329655965173,0.0
39.5_47.0,2024-08-26,26.733942286173544,0.0
39.6_47.1,2024-08-26,27.10169944763186,0.0
39.7_47.0,2024-08-26,26.752659734090173,0.0
39.9_48.9,2024-08-26,26.89344749450686,0.002682209014892578
40.0_48.8,2024-08-26,26.738499577840173,0.00903010368347168
40.1_48.1,2024-08-26,25.903131739298544,0.0
40.2_46.7,2024-08-26,26.212620671590173,3.2782554626464844E-4
40.2_49.6,2024-08-26,25.366998926798544,0.0
40.3_48.7,2024-08-26,26.61488304138186,3.8743019104003906E-4
40.4_49.2,2024-08-26,26.229547754923544,0.0
40.7_47.2,2024-08-26,27.09291038513186,0.0
40.8_46.7,2024-08-26,26.148899968465173,0.013947486877441406
40.9_46.3,2024-08-26,25.74452171325686,0.2034306526184082
41.0_46.6,2024-08-26,26.023493067423544,0.025510787963867188
41.0_46.8,2024-08-26,26.20423851013186,0.0
38.3_47.2,2024-08-27,26.05176442464193,0.023603439331054688
38.4_47.2,2024-08-27,26.094651794433616,0.023812055587768555
39.0_46.8,2024-08-27,26.60864919026693,0.39333105087280273
39.1_46.9,2024-08-27,26.453050231933616,0.2339780330657959
39.1_47.3,2024-08-27,26.10474294026693,0.07405877113342285
39.5_47.0,2024-08-27,26.986253356933616,0.0903010368347168
39.6_47.1,2024-08-27,27.278977966308616,0.030249357223510742
39.7_47.0,2024-08-27,27.116380310058616,0.05179643630981445
39.9_48.9,2024-08-27,26.649013773600302,0.0
40.0_48.8,2024-08-27,26.60620778401693,0.0
40.1_48.1,2024-08-27,26.373379007975302,0.0019669532775878906
40.2_46.7,2024-08-27,27.101731872558616,0.140458345413208
40.2_49.6,2024-08-27,25.04273122151693,0.0
40.3_48.7,2024-08-27,26.611171976725302,0.0
40.4_49.2,2024-08-27,25.78345387776693,0.0
40.7_47.2,2024-08-27,27.893154398600302,0.07456541061401367
40.8_46.7,2024-08-27,27.144375101725302,0.16453862190246582
40.9_46.3,2024-08-27,27.201504007975302,0.013142824172973633
41.0_46.6,2024-08-27,27.159593200683616,0.00903010368347168
41.0_46.8,2024-08-27,27.201748148600302,0.11909008026123047
38.3_47.2,2024-08-28,26.746446228027366,8.583068797918258E-4
38.4_47.2,2024-08-28,26.82977956136068,8.583068797918258E-4
39.0_46.8,2024-08-28,28.002224222819052,8.583068797918258E-4
39.1_46.9,2024-08-28,27.600938415527366,8.583068797918258E-4
39.1_47.3,2024-08-28,26.764756774902366,0.010037422175201982
39.5_47.0,2024-08-28,27.93671315511068,0.0633537769267889
39.6_47.1,2024-08-28,28.057888285319052,0.1281142234752508
39.7_47.0,2024-08-28,27.94110768636068,0.09145736693838558
39.9_48.9,2024-08-28,26.480983988444052,8.583068797918258E-4
40.0_48.8,2024-08-28,26.40741628011068,8.583068797918258E-4
40.1_48.1,2024-08-28,26.131374613444052,8.583068797918258E-4
40.2_46.7,2024-08-28,27.826768493652366,0.06308555602529964
40.2_49.6,2024-08-28,24.979356384277366,8.583068797918258E-4
40.3_48.7,2024-08-28,26.35883229573568,8.583068797918258E-4
40.4_49.2,2024-08-28,25.615505472819052,8.583068797918258E-4
40.7_47.2,2024-08-28,28.146755472819052,0.011587142939362138
40.8_46.7,2024-08-28,27.628689066569052,8.583068797918258E-4
40.9_46.3,2024-08-28,27.761257425944052,8.583068797918258E-4
41.0_46.6,2024-08-28,27.591823832194052,0.010067224497589677
41.0_46.8,2024-08-28,27.596055603027366,8.583068797918258E-4
38.3_47.2,2024-08-29,25.595150248209677,8.52346317969932E-4
38.4_47.2,2024-08-29,25.61720428466799,8.52346317969932E-4
39.0_46.8,2024-08-29,27.21461639404299,8.52346317969932E-4
39.1_46.9,2024-08-29,26.75514373779299,8.52346317969932E-4
39.1_47.3,2024-08-29,25.468359883626306,8.52346317969932E-4
39.5_47.0,2024-08-29,27.006038920084677,8.52346317969932E-4
39.6_47.1,2024-08-29,26.95729217529299,0.02350211133261837
39.7_47.0,2024-08-29,27.03981170654299,0.025439262287818565
39.9_48.9,2024-08-29,25.62989959716799,0.01655817021628536
40.0_48.8,2024-08-29,25.41749725341799,0.006991624729835166
40.1_48.1,2024-08-29,24.35548553466799,0.336247682469093
40.2_46.7,2024-08-29,27.37794647216799,0.03625750531455196
40.2_49.6,2024-08-29,24.67164764404299,8.52346317969932E-4
40.3_48.7,2024-08-29,25.252376810709677,0.04829764355918087
40.4_49.2,2024-08-29,25.196956888834677,8.52346317969932E-4
40.7_47.2,2024-08-29,26.855811055501306,0.09231567372580685
40.8_46.7,2024-08-29,27.09401092529299,0.07368922223349728
40.9_46.3,2024-08-29,27.50392303466799,0.005710124867164268
41.0_46.6,2024-08-29,27.129980977376306,0.09431242932578243
41.0_46.8,2024-08-29,26.942725118001306,0.174659490483009
38.3_47.2,2024-08-30,25.40948384602865,0.2091825008392334
38.4_47.2,2024-08-30,25.486550903320335,0.22105872631072998
39.0_46.8,2024-08-30,25.640115356445335,1.0892599821090698
39.1_46.9,2024-08-30,25.61627095540365,0.729680061340332
39.1_47.3,2024-08-30,25.39849751790365,0.18465518951416016
39.5_47.0,2024-08-30,26.373025512695335,0.22111833095550537
39.6_47.1,2024-08-30,26.66534322102865,0.02205371856689453
39.7_47.0,2024-08-30,26.58778788248702,0.025019049644470215
39.9_48.9,2024-08-30,26.11065572102865,0.0
40.0_48.8,2024-08-30,25.995584106445335,0.0
40.1_48.1,2024-08-30,25.193093872070335,0.10457634925842285
40.2_46.7,2024-08-30,26.589578247070335,0.08417665958404541
40.2_49.6,2024-08-30,25.100320434570335,0.0
40.3_48.7,2024-08-30,25.931863403320335,0.0
40.4_49.2,2024-08-30,25.556863403320335,0.0
40.7_47.2,2024-08-30,26.93788553873702,0.008165836334228516
40.8_46.7,2024-08-30,26.65736796061202,0.008657574653625488
40.9_46.3,2024-08-30,26.71986796061202,0.0
41.0_46.6,2024-08-30,26.65004374186202,0.002041459083557129
41.0_46.8,2024-08-30,26.68023579915365,0.008493661880493164
38.3_47.2,2024-08-31,26.219444529215536,0.002148747341834678
38.4_47.2,2024-08-31,26.242393747965536,0.002148747341834678
39.0_46.8,2024-08-31,27.136355336507165,0.002148747341834678
39.1_46.9,2024-08-31,26.771853383382165,0.002148747341834678
39.1_47.3,2024-08-31,26.00785598754885,0.002148747341834678
39.5_47.0,2024-08-31,27.207400258382165,0.002148747341834678
39.6_47.1,2024-08-31,27.410606638590536,0.002148747341834678
39.7_47.0,2024-08-31,27.272911326090536,0.002148747341834678
39.9_48.9,2024-08-31,27.289187367757165,0.002148747341834678
40.0_48.8,2024-08-31,27.135704294840536,0.002148747341834678
40.1_48.1,2024-08-31,26.33646926879885,0.002148747341834678
40.2_46.7,2024-08-31,27.22172317504885,0.002148747341834678
40.2_49.6,2024-08-31,25.849083201090536,0.002148747341834678
40.3_48.7,2024-08-31,27.036990102132165,0.002148747341834678
40.4_49.2,2024-08-31,26.513145701090536,0.002148747341834678
40.7_47.2,2024-08-31,27.784385935465536,0.002148747341834678
40.8_46.7,2024-08-31,27.129519399007165,0.002148747341834678
40.9_46.3,2024-08-31,27.291466013590536,0.002148747341834678
41.0_46.6,2024-08-31,27.14555130004885,0.002148747341834678
41.0_46.8,2024-08-31,27.118858591715536,0.002148747341834678
38.3_47.2,2024-09-01,25.845808919270837,0.2864927052996791
38.4_47.2,2024-09-01,25.86200358072921,0.2824395894549525
39.0_46.8,2024-09-01,27.333764648437523,0.0046372413180506555
39.1_46.9,2024-09-01,26.88837076822921,0.03455877299529675
39.1_47.3,2024-09-01,25.707788085937523,0.15583932395202282
39.5_47.0,2024-09-01,27.348006184895837,0.029432773544613156
39.6_47.1,2024-09-01,27.43793131510421,0.019404292061153683
39.7_47.0,2024-09-01,27.410506184895837,0.03873109812957409
39.9_48.9,2024-09-01,25.585961914062523,8.523463748133508E-4
40.0_48.8,2024-09-01,25.537459309895837,8.523463748133508E-4
40.1_48.1,2024-09-01,25.371199544270837,8.523463748133508E-4
40.2_46.7,2024-09-01,27.36224772135421,0.09326934809905651
40.2_49.6,2024-09-01,23.790063476562523,8.523463748133508E-4
40.3_48.7,2024-09-01,25.569197591145837,8.523463748133508E-4
40.4_49.2,2024-09-01,24.705183919270837,8.523463748133508E-4
40.7_47.2,2024-09-01,27.458276367187523,0.1181542872927821
40.8_46.7,2024-09-01,27.075219726562523,0.24520158763152722
40.9_46.3,2024-09-01,26.712019856770837,0.23524761195403698
41.0_46.6,2024-09-01,26.910262044270837,0.2307176589511073
41.0_46.8,2024-09-01,27.059594726562523,0.3295272588275111
38.3_47.2,2024-09-02,25.78835576375326,0.7450520992229315
38.4_47.2,2024-09-02,25.867620086669945,0.7434129714916082
39.0_46.8,2024-09-02,26.338079071044945,2.3673713207195135
39.1_46.9,2024-09-02,26.30967737833663,1.6405224800060125
39.1_47.3,2024-09-02,26.122991180419945,0.6822586059520575
39.5_47.0,2024-09-02,27.06578089396163,0.9053587913463446
39.6_47.1,2024-09-02,27.36965459187826,0.5414426326701971
39.7_47.0,2024-09-02,27.20608037312826,0.6890237331340643
39.9_48.9,2024-09-02,26.65163701375326,0.10185837745169124
40.0_48.8,2024-09-02,26.52867151896163,0.08704662322500667
40.1_48.1,2024-09-02,25.80772425333663,0.16295313834646663
40.2_46.7,2024-09-02,26.93125940958663,1.5202105045268866
40.2_49.6,2024-09-02,24.91075159708663,0.4601418971965643
40.3_48.7,2024-09-02,26.39968388875326,0.08880496024588069
40.4_49.2,2024-09-02,25.878362274169945,0.034505128855499834
40.7_47.2,2024-09-02,27.50840784708663,0.34841299056509456
40.8_46.7,2024-09-02,27.00157190958663,0.48696398734549007
40.9_46.3,2024-09-02,27.25026982625326,0.23519396781424007
41.0_46.6,2024-09-02,27.041692352294945,0.30519962310293636
41.0_46.8,2024-09-02,26.994329071044945,0.4004180431316229
38.3_47.2,2024-09-03,23.174785868326865,1.0109424590609706
38.4_47.2,2024-09-03,23.244772847493493,1.0438442229769862
39.0_46.8,2024-09-03,23.965801493326865,3.231334686233822
39.1_46.9,2024-09-03,23.908102925618493,2.789157628967587
39.1_47.3,2024-09-03,23.51812896728518,0.9808421134493983
39.5_47.0,2024-09-03,24.487774149576865,1.4555335044406092
39.6_47.1,2024-09-03,24.711895243326865,0.6641626357577479
39.7_47.0,2024-09-03,24.66851959228518,0.7977962493441737
39.9_48.9,2024-09-03,23.65558013916018,0.357705354645077
40.0_48.8,2024-09-03,23.58233795166018,0.4384696483157313
40.1_48.1,2024-09-03,23.356100972493493,0.3910541533969081
40.2_46.7,2024-09-03,24.503643290201865,1.661556959106747
40.2_49.6,2024-09-03,23.06231842041018,0.035661458923641476
40.3_48.7,2024-09-03,23.61676177978518,0.4143595695040858
40.4_49.2,2024-09-03,23.21734771728518,0.14369487757903698
40.7_47.2,2024-09-03,25.263815816243493,0.24287700648528698
40.8_46.7,2024-09-03,24.27008209228518,4.054057598068539
40.9_46.3,2024-09-03,24.806865946451865,7.293748855545346
41.0_46.6,2024-09-03,24.355368550618493,6.486493349029843
41.0_46.8,2024-09-03,24.370749409993493,2.869325876190487
38.3_47.2,2024-09-04,24.382270431518577,0.012683868305884971
38.4_47.2,2024-09-04,24.387804285685263,0.005739927189551963
39.0_46.8,2024-09-04,24.285916264851892,0.021132826702796592
39.1_46.9,2024-09-04,24.229601160685263,0.003102421658240928
39.1_47.3,2024-09-04,24.221788660685263,0.00563561906119503
39.5_47.0,2024-09-04,24.534044520060263,0.0010162590911022562
39.6_47.1,2024-09-04,24.792345301310263,0.025901198284827842
39.7_47.0,2024-09-04,24.576280848185263,0.07783174504538692
39.9_48.9,2024-09-04,24.477078374226892,4.351138045421976E-4
40.0_48.8,2024-09-04,24.324409103393577,4.351138045421976E-4
40.1_48.1,2024-09-04,23.495551681518577,4.351138045421976E-4
40.2_46.7,2024-09-04,24.272895431518577,0.06902515877982296
40.2_49.6,2024-09-04,22.987820561726892,4.351138045421976E-4
40.3_48.7,2024-09-04,24.204129155476892,4.351138045421976E-4
40.4_49.2,2024-09-04,23.689480717976892,4.351138045421976E-4
40.7_47.2,2024-09-04,24.895047124226892,0.020924210446082725
40.8_46.7,2024-09-04,24.146756108601892,0.010359287159644737
40.9_46.3,2024-09-04,24.295112228393577,4.351138045421976E-4
41.0_46.6,2024-09-04,24.134874598185263,6.139277388683695E-4
41.0_46.8,2024-09-04,24.253852462768577,0.007021427052222862
38.3_47.2,2024-09-05,23.91362787882491,8.940696716308594E-5
38.4_47.2,2024-09-05,23.923474884033226,8.642673492431641E-4
39.0_46.8,2024-09-05,24.14604975382491,0.008225440979003906
39.1_46.9,2024-09-05,24.03398920694991,0.010475516319274902
39.1_47.3,2024-09-05,23.62277501424154,0.0011324882507324219
39.5_47.0,2024-09-05,24.38042475382491,0.0020712614059448242
39.6_47.1,2024-09-05,24.557263946533226,0.0
39.7_47.0,2024-09-05,24.42461420694991,0.0
39.9_48.9,2024-09-05,22.43926264444991,0.0
40.0_48.8,2024-09-05,22.39645665486654,0.0
40.1_48.1,2024-09-05,22.368054962158226,0.0
40.2_46.7,2024-09-05,24.14897944132491,8.642673492431641E-4
40.2_49.6,2024-09-05,20.34909337361654,0.0
40.3_48.7,2024-09-05,22.323621368408226,0.0
40.4_49.2,2024-09-05,21.28146642049154,0.0
40.7_47.2,2024-09-05,24.289685821533226,0.0
40.8_46.7,2024-09-05,24.03512852986654,0.0
40.9_46.3,2024-09-05,23.52121251424154,0.0
41.0_46.6,2024-09-05,23.87456537882491,0.0
41.0_46.8,2024-09-05,24.13864415486654,0.0
38.3_47.2,2024-09-06,21.385445531209314,0.0
38.4_47.2,2024-09-06,21.394478734334314,0.0
39.0_46.8,2024-09-06,22.346138890584314,0.0
39.1_46.9,2024-09-06,22.039091364542685,0.0
39.1_47.3,2024-09-06,21.045032119751,0.0
39.5_47.0,2024-09-06,22.099719619751,0.0
39.6_47.1,2024-09-06,22.072131729126,0.0
39.7_47.0,2024-09-06,22.040067927042685,0.0
39.9_48.9,2024-09-06,20.013456598917685,0.0
40.0_48.8,2024-09-06,19.868518447876,0.0
40.1_48.1,2024-09-06,19.448677953084314,0.0
40.2_46.7,2024-09-06,22.067818578084314,0.0
40.2_49.6,2024-09-06,18.568062718709314,0.0
40.3_48.7,2024-09-06,19.736275609334314,0.0
40.4_49.2,2024-09-06,19.207141494751,0.0
40.7_47.2,2024-09-06,21.582792536417685,0.0
40.8_46.7,2024-09-06,21.666207249959314,0.0
40.9_46.3,2024-09-06,22.058215713501,0.0
41.0_46.6,2024-09-06,21.626575088501,0.0
41.0_46.8,2024-09-06,21.466500218709314,0.0
38.3_47.2,2024-09-07,20.226379648844443,0.0
38.4_47.2,2024-09-07,20.241516367594443,0.0
39.0_46.8,2024-09-07,21.170308685302757,0.0
39.1_46.9,2024-09-07,20.875549570719443,0.0
39.1_47.3,2024-09-07,19.951965586344443,0.0
39.5_47.0,2024-09-07,20.933166758219443,0.0
39.6_47.1,2024-09-07,20.948140716552757,0.0
39.7_47.0,2024-09-07,20.879944101969443,0.0
39.9_48.9,2024-09-07,19.323547617594443,0.0
40.0_48.8,2024-09-07,19.15891545613607,0.0
40.1_48.1,2024-09-07,18.47068303426107,0.0
40.2_46.7,2024-09-07,20.868062591552757,0.0
40.2_49.6,2024-09-07,18.237365976969443,0.0
40.3_48.7,2024-09-07,19.07493108113607,0.0
40.4_49.2,2024-09-07,18.765035247802757,0.0
40.7_47.2,2024-09-07,20.62913029988607,0.0
40.8_46.7,2024-09-07,20.476135508219443,0.0
40.9_46.3,2024-09-07,20.86643498738607,0.0
41.0_46.6,2024-09-07,20.448059336344443,0.0
41.0_46.8,2024-09-07,20.286438242594443,0.0
38.3_47.2,2024-09-08,20.82029240926107,0.009497151779669366
38.4_47.2,2024-09-08,20.839742279052757,0.010137901711004815
39.0_46.8,2024-09-08,21.72751897176107,0.0820807079549013
39.1_46.9,2024-09-08,21.422505950927757,0.04475329916431292
39.1_47.3,2024-09-08,20.614400482177757,0.002270088600653253
39.5_47.0,2024-09-08,21.617330169677757,0.01296912233783587
39.6_47.1,2024-09-08,21.689026133219443,0.0026277164693055965
39.7_47.0,2024-09-08,21.596822357177757,0.0025979141469179012
39.9_48.9,2024-09-08,20.503723398844443,0.0017038444752870419
40.0_48.8,2024-09-08,20.32395451863607,0.0017038444752870419
40.1_48.1,2024-09-08,19.46531194051107,0.0017038444752870419
40.2_46.7,2024-09-08,21.48411076863607,0.0017038444752870419
40.2_49.6,2024-09-08,19.442932383219443,0.0017038444752870419
40.3_48.7,2024-09-08,20.229878997802757,0.0017038444752870419
40.4_49.2,2024-09-08,19.956441497802757,0.0017038444752870419
40.7_47.2,2024-09-08,21.440490976969443,0.0017038444752870419
40.8_46.7,2024-09-08,21.138977305094443,0.0017038444752870419
40.9_46.3,2024-09-08,21.43967717488607,0.0017038444752870419
41.0_46.6,2024-09-08,21.10227483113607,0.00247870485736712
41.0_46.8,2024-09-08,21.018860117594443,0.0017038444752870419
38.3_47.2,2024-09-09,20.89755528767904,0.6667405366442836
38.4_47.2,2024-09-09,20.91952794392904,0.6093561648867762
39.0_46.8,2024-09-09,21.408704376220726,1.1451721190951503
39.1_46.9,2024-09-09,21.18840815226241,0.7738947867892421
39.1_47.3,2024-09-09,20.815686798095726,0.5426883697055018
39.5_47.0,2024-09-09,21.44784825642904,0.8147239684603846
39.6_47.1,2024-09-09,21.584485626220726,0.7119655608676112
39.7_47.0,2024-09-09,21.49887364705404,0.6981372832797206
39.9_48.9,2024-09-09,21.751233673095726,0.13317465777618054
40.0_48.8,2024-09-09,21.563733673095726,0.2077400683901942
40.1_48.1,2024-09-09,20.59652989705404,0.17254352565032605
40.2_46.7,2024-09-09,21.421399688720726,0.39060711856109265
40.2_49.6,2024-09-09,20.53362299601241,0.3348767756961024
40.3_48.7,2024-09-09,21.40927403767904,0.17781853671294812
40.4_49.2,2024-09-09,21.06389643351241,0.5837857722781337
40.7_47.2,2024-09-09,21.48406244913741,1.540946960403744
40.8_46.7,2024-09-09,21.10491205851241,1.0012567042849696
40.9_46.3,2024-09-09,21.10165685017904,2.0184397696993983
41.0_46.6,2024-09-09,21.05819981892904,1.285660266830746
41.0_46.8,2024-09-09,21.11435216267904,0.7108330726168788
38.3_47.2,2024-09-10,22.33586908976241,0.6940932489669649
38.4_47.2,2024-09-10,22.42205073038741,0.5327732778823702
39.0_46.8,2024-09-10,24.06658198038741,0.06085350287321489
39.1_46.9,2024-09-10,23.546155548095726,0.15088631880644243
39.1_47.3,2024-09-10,21.99789708455404,2.4811895109451143
39.5_47.0,2024-09-10,23.267346954345726,1.882311842564377
39.6_47.1,2024-09-10,23.02279942830404,2.896514675740036
39.7_47.0,2024-09-10,23.25693028767904,2.338138363484177
39.9_48.9,2024-09-10,22.15976231892904,1.005527517918381
40.0_48.8,2024-09-10,21.98031895955404,1.20946481001738
40.1_48.1,2024-09-10,21.41806310017904,2.468404314640793
40.2_46.7,2024-09-10,23.98544591267904,0.688311598423752
40.2_49.6,2024-09-10,21.746106719970726,0.49987151396635454
40.3_48.7,2024-09-10,21.97983067830404,2.544787666920456
40.4_49.2,2024-09-10,22.11248041788741,0.3792019106185762
40.7_47.2,2024-09-10,23.034680938720726,4.215178034428391
40.8_46.7,2024-09-10,23.55331700642904,0.36880090010527056
40.9_46.3,2024-09-10,23.87297846476241,1.2092263914382784
41.0_46.6,2024-09-10,23.60710932413741,0.49358322394255083
41.0_46.8,2024-09-10,23.44662755330404,0.5860300279891817
38.3_47.2,2024-09-11,24.63277142842611,8.52346317969932E-4
38.4_47.2,2024-09-11,24.631469345092796,8.52346317969932E-4
39.0_46.8,2024-09-11,25.712686793009482,8.52346317969932E-4
39.1_46.9,2024-09-11,25.242797470092796,8.52346317969932E-4
39.1_47.3,2024-09-11,24.19038861592611,8.52346317969932E-4
39.5_47.0,2024-09-11,25.170775985717796,0.0037729739119640726
39.6_47.1,2024-09-11,25.069132105509482,0.004279613392554893
39.7_47.0,2024-09-11,25.158487574259482,0.003713369267188682
39.9_48.9,2024-09-11,23.758829371134482,8.52346317969932E-4
40.0_48.8,2024-09-11,23.652953720092796,8.52346317969932E-4
40.1_48.1,2024-09-11,23.236693954467796,8.52346317969932E-4
40.2_46.7,2024-09-11,25.412637964884482,0.00258088101645626
40.2_49.6,2024-09-11,23.196410751342796,8.52346317969932E-4
40.3_48.7,2024-09-11,23.64741986592611,8.52346317969932E-4
40.4_49.2,2024-09-11,23.531290308634482,8.52346317969932E-4
40.7_47.2,2024-09-11,24.87373822530111,0.004220008747779502
40.8_46.7,2024-09-11,24.86079877217611,8.52346317969932E-4
40.9_46.3,2024-09-11,25.200317001342796,8.52346317969932E-4
41.0_46.6,2024-09-11,24.814005152384482,8.52346317969932E-4
41.0_46.8,2024-09-11,24.724242782592796,8.52346317969932E-4
38.3_47.2,2024-09-12,24.54630368550619,0.24870634069884545
38.4_47.2,2024-09-12,24.57006670633956,0.308221578507073
39.0_46.8,2024-09-12,25.774493789672874,0.4353880881353689
39.1_46.9,2024-09-12,25.35424639383956,0.4116654395147634
39.1_47.3,2024-09-12,24.26480954488119,0.3761112689062429
39.5_47.0,2024-09-12,25.54882647196456,0.38293600073302514
39.6_47.1,2024-09-12,25.553302383422874,0.38934350004637963
39.7_47.0,2024-09-12,25.55118649800619,0.435179471878655
39.9_48.9,2024-09-12,24.54150225321456,8.70227722771233E-4
40.0_48.8,2024-09-12,24.40893389383956,8.70227722771233E-4
40.1_48.1,2024-09-12,24.053058242797874,8.70227722771233E-4
40.2_46.7,2024-09-12,25.52506345113119,0.4728794096990896
40.2_49.6,2024-09-12,23.300860977172874,8.70227722771233E-4
40.3_48.7,2024-09-12,24.23307126363119,8.70227722771233E-4
40.4_49.2,2024-09-12,23.79882647196456,8.70227722771233E-4
40.7_47.2,2024-09-12,25.39859860738119,8.70227722771233E-4
40.8_46.7,2024-09-12,25.15209795633956,0.11203289022887475
40.9_46.3,2024-09-12,25.298419570922874,0.7581174372717214
41.0_46.6,2024-09-12,25.07535641988119,8.70227722771233E-4
41.0_46.8,2024-09-12,25.09326006571456,8.70227722771233E-4
38.3_47.2,2024-09-13,23.714973068237327,0.0017285346416429093
38.4_47.2,2024-09-13,23.752489344279013,0.0017285346416429093
39.0_46.8,2024-09-13,24.900926844279013,0.0017285346416429093
39.1_46.9,2024-09-13,24.478563563029013,0.0017285346416429093
39.1_47.3,2024-09-13,23.414191818237327,0.0017285346416429093
39.5_47.0,2024-09-13,24.544888432820642,0.0017285346416429093
39.6_47.1,2024-09-13,24.508999760945642,0.011056661548991542
39.7_47.0,2024-09-13,24.506070073445642,0.04094839090384994
39.9_48.9,2024-09-13,23.389777755737327,0.0017285346416429093
40.0_48.8,2024-09-13,23.227831141154013,0.0017285346416429093
40.1_48.1,2024-09-13,22.805874760945642,0.0017285346416429093
40.2_46.7,2024-09-13,24.551480229695642,0.10314583772697006
40.2_49.6,2024-09-13,22.115851974487327,0.0017285346416429093
40.3_48.7,2024-09-13,23.069790776570642,0.0017285346416429093
40.4_49.2,2024-09-13,22.657762781779013,0.0017285346416429093
40.7_47.2,2024-09-13,24.401496505737327,0.0017285346416429093
40.8_46.7,2024-09-13,24.236294682820642,0.0017285346416429093
40.9_46.3,2024-09-13,24.379605229695642,0.00464916223563705
41.0_46.6,2024-09-13,24.185594813029013,0.0017285346416429093
41.0_46.8,2024-09-13,24.157030359904013,0.0017285346416429093
38.3_47.2,2024-09-14,23.503593063354515,4.351138045421976E-4
38.4_47.2,2024-09-14,23.57276624043783,4.351138045421976E-4
39.0_46.8,2024-09-14,25.019706344604515,4.351138045421976E-4
39.1_46.9,2024-09-14,24.561210250854515,4.351138045421976E-4
39.1_47.3,2024-09-14,23.4446737925212,4.351138045421976E-4
39.5_47.0,2024-09-14,24.69337170918783,4.351138045421976E-4
39.6_47.1,2024-09-14,24.694999313354515,4.351138045421976E-4
39.7_47.0,2024-09-14,24.637870407104515,4.351138045421976E-4
39.9_48.9,2024-09-14,23.63087170918783,4.351138045421976E-4
40.0_48.8,2024-09-14,23.453300094604515,4.351138045421976E-4
40.1_48.1,2024-09-14,22.84986584981283,4.351138045421976E-4
40.2_46.7,2024-09-14,24.59132092793783,4.351138045421976E-4
40.2_49.6,2024-09-14,22.418632125854515,4.351138045421976E-4
40.3_48.7,2024-09-14,23.30958264668783,4.351138045421976E-4
40.4_49.2,2024-09-14,22.996268844604515,4.351138045421976E-4
40.7_47.2,2024-09-14,24.51099866231283,4.351138045421976E-4
40.8_46.7,2024-09-14,24.2088339487712,4.351138045421976E-4
40.9_46.3,2024-09-14,24.3023398081462,4.351138045421976E-4
41.0_46.6,2024-09-14,24.118095016479515,4.351138045421976E-4
41.0_46.8,2024-09-14,24.0833456675212,4.351138045421976E-4
38.3_47.2,2024-09-15,22.218007024129236,0.002989363736105588
38.4_47.2,2024-09-15,22.275461451212607,0.002989363736105588
39.0_46.8,2024-09-15,23.462880071004236,0.002989363736105588
39.1_46.9,2024-09-15,23.11782798767092,0.002989363736105588
39.1_47.3,2024-09-15,22.22500572204592,0.002989363736105588
39.5_47.0,2024-09-15,23.37026939392092,0.002989363736105588
39.6_47.1,2024-09-15,23.459543482462607,0.002989363736105588
39.7_47.0,2024-09-15,23.325184758504236,0.002989363736105588
39.9_48.9,2024-09-15,22.752674992879236,0.002989363736105588
40.0_48.8,2024-09-15,22.57339439392092,0.002989363736105588
40.1_48.1,2024-09-15,21.890370305379236,0.002989363736105588
40.2_46.7,2024-09-15,23.090809758504236,0.002989363736105588
40.2_49.6,2024-09-15,21.429514185587607,0.002989363736105588
40.3_48.7,2024-09-15,22.423817571004236,0.002989363736105588
40.4_49.2,2024-09-15,22.045643742879236,0.002989363736105588
40.7_47.2,2024-09-15,23.39834556579592,0.002989363736105588
40.8_46.7,2024-09-15,22.827463404337607,0.002989363736105588
40.9_46.3,2024-09-15,22.784169133504236,0.002989363736105588
41.0_46.6,2024-09-15,22.736561711629236,0.002989363736105588
41.0_46.8,2024-09-15,22.771473821004236,0.002989363736105588
38.3_47.2,2024-09-16,21.99522997538253,4.440538710070996E-4
38.4_47.2,2024-09-16,22.02647997538253,4.440538710070996E-4
39.0_46.8,2024-09-16,23.148468907674157,4.440538710070996E-4
39.1_46.9,2024-09-16,22.78575731913253,4.440538710070996E-4
39.1_47.3,2024-09-16,21.883576329549157,4.440538710070996E-4
39.5_47.0,2024-09-16,23.029491043090843,4.440538710070996E-4
39.6_47.1,2024-09-16,23.13927294413253,4.440538710070996E-4
39.7_47.0,2024-09-16,22.990672683715843,4.440538710070996E-4
39.9_48.9,2024-09-16,22.480744298299157,4.440538710070996E-4
40.0_48.8,2024-09-16,22.282420730590843,4.440538710070996E-4
40.1_48.1,2024-09-16,21.454051589965843,4.440538710070996E-4
40.2_46.7,2024-09-16,22.857860183715843,4.440538710070996E-4
40.2_49.6,2024-09-16,21.046173985799157,4.440538710070996E-4
40.3_48.7,2024-09-16,22.15660692850753,4.440538710070996E-4
40.4_49.2,2024-09-16,21.741486485799157,4.440538710070996E-4
40.7_47.2,2024-09-16,22.932078933715843,4.440538710070996E-4
40.8_46.7,2024-09-16,22.58019091288253,4.440538710070996E-4
40.9_46.3,2024-09-16,22.717479324340843,4.440538710070996E-4
41.0_46.6,2024-09-16,22.54942919413253,4.440538710070996E-4
41.0_46.8,2024-09-16,22.42174364725753,4.440538710070996E-4
38.3_47.2,2024-09-17,20.684361394246423,3.282889723777771
38.4_47.2,2024-09-17,20.725621159871423,2.9713213443756104
39.0_46.8,2024-09-17,21.75898704528811,1.4971345663070679
39.1_46.9,2024-09-17,21.51924095153811,1.181080937385559
39.1_47.3,2024-09-17,20.863641993204794,1.240372657775879
39.5_47.0,2024-09-17,21.674677149454794,2.4212896823883057
39.6_47.1,2024-09-17,21.73384056091311,2.8030872344970703
39.7_47.0,2024-09-17,21.753697331746423,2.441003918647766
39.9_48.9,2024-09-17,22.108921941121423,0.0
40.0_48.8,2024-09-17,21.94380149841311,0.0
40.1_48.1,2024-09-17,21.000604883829794,0.0
40.2_46.7,2024-09-17,22.05439720153811,1.0860711336135864
40.2_49.6,2024-09-17,20.48945579528811,0.0
40.3_48.7,2024-09-17,21.820591862996423,0.0
40.4_49.2,2024-09-17,21.32490501403811,0.0
40.7_47.2,2024-09-17,22.27900657653811,0.842064619064331
40.8_46.7,2024-09-17,22.050328191121423,0.3028959035873413
40.9_46.3,2024-09-17,21.81904563903811,0.7353127002716064
41.0_46.6,2024-09-17,21.95991477966311,0.46928226947784424
41.0_46.8,2024-09-17,22.077265040079794,0.1827925443649292
38.3_47.2,2024-09-18,19.557916259765648,0.026696920372160093
38.4_47.2,2024-09-18,19.558974202473962,0.019440054870756285
39.0_46.8,2024-09-18,20.188287353515648,0.0023782253038007184
39.1_46.9,2024-09-18,19.851698811848962,0.0019013881455975934
39.1_47.3,2024-09-18,19.199355061848962,8.583068620282575E-4
39.5_47.0,2024-09-18,19.782362874348962,0.0013798475038129254
39.6_47.1,2024-09-18,19.806125895182333,8.583068620282575E-4
39.7_47.0,2024-09-18,19.691217041015648,8.583068620282575E-4
39.9_48.9,2024-09-18,18.545790608723962,8.583068620282575E-4
40.0_48.8,2024-09-18,18.376682535807333,8.583068620282575E-4
40.1_48.1,2024-09-18,17.900120035807333,8.583068620282575E-4
40.2_46.7,2024-09-18,19.555800374348962,8.583068620282575E-4
40.2_49.6,2024-09-18,17.133681233723962,8.583068620282575E-4
40.3_48.7,2024-09-18,18.234592692057333,8.583068620282575E-4
40.4_49.2,2024-09-18,17.780328369140648,8.583068620282575E-4
40.7_47.2,2024-09-18,19.501519775390648,8.583068620282575E-4
40.8_46.7,2024-09-18,19.205702718098962,8.583068620282575E-4
40.9_46.3,2024-09-18,19.232476806640648,8.583068620282575E-4
41.0_46.6,2024-09-18,19.119439697265648,8.583068620282575E-4
41.0_46.8,2024-09-18,19.112034098307333,8.583068620282575E-4
38.3_47.2,2024-09-19,18.178755060831747,0.002592914370325161
38.4_47.2,2024-09-19,18.154422378540062,0.002592914370325161
39.0_46.8,2024-09-19,18.484826024373376,0.002592914370325161
39.1_46.9,2024-09-19,18.265913263956747,0.002592914370325161
39.1_47.3,2024-09-19,17.731245295206747,0.002592914370325161
39.5_47.0,2024-09-19,18.151248550415062,0.002592914370325161
39.6_47.1,2024-09-19,18.195193862915062,0.002592914370325161
39.7_47.0,2024-09-19,18.086551284790062,0.002592914370325161
39.9_48.9,2024-09-19,16.922163263956747,0.002592914370325161
40.0_48.8,2024-09-19,16.726769383748376,0.002592914370325161
40.1_48.1,2024-09-19,15.825890477498376,0.002592914370325161
40.2_46.7,2024-09-19,18.125776545206747,0.002592914370325161
40.2_49.6,2024-09-19,15.991010920206747,0.002592914370325161
40.3_48.7,2024-09-19,16.572635269165062,0.002592914370325161
40.4_49.2,2024-09-19,16.503950373331747,0.002592914370325161
40.7_47.2,2024-09-19,17.861941909790062,0.002592914370325161
40.8_46.7,2024-09-19,17.843875503540062,0.002592914370325161
40.9_46.3,2024-09-19,18.103152847290062,0.002592914370325161
41.0_46.6,2024-09-19,17.861128107706747,0.002592914370325161
41.0_46.8,2024-09-19,17.660363133748376,0.002592914370325161
38.3_47.2,2024-09-20,18.575184122721396,-1.16921228254796E-5
38.4_47.2,2024-09-20,18.550200398763025,-1.16921228254796E-5
39.0_46.8,2024-09-20,18.243315633138025,-1.16921228254796E-5
39.1_46.9,2024-09-20,18.156971232096396,-1.16921228254796E-5
39.1_47.3,2024-09-20,18.096098836263025,-1.16921228254796E-5
39.5_47.0,2024-09-20,17.990223185221396,-1.16921228254796E-5
39.6_47.1,2024-09-20,18.17536315917971,-1.16921228254796E-5
39.7_47.0,2024-09-20,17.969633992513025,-1.16921228254796E-5
39.9_48.9,2024-09-20,18.299467976888025,-1.16921228254796E-5
40.0_48.8,2024-09-20,18.239490763346396,-1.16921228254796E-5
40.1_48.1,2024-09-20,16.933338419596396,-1.16921228254796E-5
40.2_46.7,2024-09-20,17.94342956542971,-1.16921228254796E-5
40.2_49.6,2024-09-20,16.991932169596396,-1.16921228254796E-5
40.3_48.7,2024-09-20,18.10090026855471,-1.16921228254796E-5
40.4_49.2,2024-09-20,17.764881388346396,-1.16921228254796E-5
40.7_47.2,2024-09-20,17.977446492513025,-1.16921228254796E-5
40.8_46.7,2024-09-20,17.76447448730471,-1.16921228254796E-5
40.9_46.3,2024-09-20,18.011626180013025,-1.16921228254796E-5
41.0_46.6,2024-09-20,17.808338419596396,-1.16921228254796E-5
41.0_46.8,2024-09-20,17.674712117513025,-1.16921228254796E-5
38.3_47.2,2024-09-21,19.309941864013695,0.0012904405366498395
38.4_47.2,2024-09-21,19.303594207763695,0.0012904405366498395
39.0_46.8,2024-09-21,19.11528040568038,0.0012904405366498395
39.1_46.9,2024-09-21,18.98800175984701,0.0012904405366498395
39.1_47.3,2024-09-21,18.78910853068038,0.0012904405366498395
39.5_47.0,2024-09-21,18.83232142130538,0.0012904405366498395
39.6_47.1,2024-09-21,19.00387090047201,0.0012904405366498395
39.7_47.0,2024-09-21,18.824346160888695,0.0012904405366498395
39.9_48.9,2024-09-21,17.77584355672201,0.0012904405366498395
40.0_48.8,2024-09-21,17.57304407755538,0.0012904405366498395
40.1_48.1,2024-09-21,17.33004277547201,0.0012904405366498395
40.2_46.7,2024-09-21,18.75663782755538,0.0012904405366498395
40.2_49.6,2024-09-21,16.42989629109701,0.0012904405366498395
40.3_48.7,2024-09-21,17.594609832763695,0.0012904405366498395
40.4_49.2,2024-09-21,17.45219446818038,0.0012904405366498395
40.7_47.2,2024-09-21,18.87577845255538,0.0012904405366498395
40.8_46.7,2024-09-21,18.51054407755538,0.0012904405366498395
40.9_46.3,2024-09-21,18.82760136922201,0.0012904405366498395
41.0_46.6,2024-09-21,18.51925175984701,0.0012904405366498395
41.0_46.8,2024-09-21,18.471562957763695,0.0012904405366498395
38.3_47.2,2024-09-22,20.15569648742678,4.351138045421976E-4
38.4_47.2,2024-09-22,20.190689977010095,4.351138045421976E-4
39.0_46.8,2024-09-22,20.08343086242678,4.351138045421976E-4
39.1_46.9,2024-09-22,19.953222529093466,4.351138045421976E-4
39.1_47.3,2024-09-22,19.688492711385095,4.351138045421976E-4
39.5_47.0,2024-09-22,19.80730781555178,4.351138045421976E-4
39.6_47.1,2024-09-22,19.97552070617678,4.351138045421976E-4
39.7_47.0,2024-09-22,19.795426305135095,4.351138045421976E-4
39.9_48.9,2024-09-22,19.753434117635095,4.351138045421976E-4
40.0_48.8,2024-09-22,19.612809117635095,4.351138045421976E-4
40.1_48.1,2024-09-22,18.655859247843466,4.351138045421976E-4
40.2_46.7,2024-09-22,19.719091669718466,4.351138045421976E-4
40.2_49.6,2024-09-22,18.331396357218466,4.351138045421976E-4
40.3_48.7,2024-09-22,19.62322578430178,4.351138045421976E-4
40.4_49.2,2024-09-22,18.932714716593466,4.351138045421976E-4
40.7_47.2,2024-09-22,19.755468622843466,4.351138045421976E-4
40.8_46.7,2024-09-22,19.394140497843466,4.351138045421976E-4
40.9_46.3,2024-09-22,19.900244013468466,4.351138045421976E-4
41.0_46.6,2024-09-22,19.402115758260095,4.351138045421976E-4
41.0_46.8,2024-09-22,19.323095575968466,4.351138045421976E-4
38.3_47.2,2024-09-23,20.241396204630576,8.65351637457934E-4
38.4_47.2,2024-09-23,20.240094121297204,8.65351637457934E-4
39.0_46.8,2024-09-23,20.22292289733889,8.65351637457934E-4
39.1_46.9,2024-09-23,20.04640922546389,8.65351637457934E-4
39.1_47.3,2024-09-23,19.863385136922204,8.65351637457934E-4
39.5_47.0,2024-09-23,20.014833704630576,8.65351637457934E-4
39.6_47.1,2024-09-23,20.241640345255576,8.65351637457934E-4
39.7_47.0,2024-09-23,20.03298149108889,8.65351637457934E-4
39.9_48.9,2024-09-23,19.120221074422204,8.65351637457934E-4
40.0_48.8,2024-09-23,19.146425501505576,8.65351637457934E-4
40.1_48.1,2024-09-23,18.678407923380576,8.65351637457934E-4
40.2_46.7,2024-09-23,20.082948939005576,8.65351637457934E-4
40.2_49.6,2024-09-23,16.86745414733889,8.65351637457934E-4
40.3_48.7,2024-09-23,19.109234746297204,8.65351637457934E-4
40.4_49.2,2024-09-23,18.03371391296389,8.65351637457934E-4
40.7_47.2,2024-09-23,20.228131230672204,8.65351637457934E-4
40.8_46.7,2024-09-23,19.904726282755576,8.65351637457934E-4
40.9_46.3,2024-09-23,19.577577845255576,8.65351637457934E-4
41.0_46.6,2024-09-23,19.816998418172204,8.65351637457934E-4
41.0_46.8,2024-09-23,19.873883183797204,8.65351637457934E-4
38.3_47.2,2024-09-24,19.258471425374353,8.516840921402036E-4
38.4_47.2,2024-09-24,19.238289133707724,8.516840921402036E-4
39.0_46.8,2024-09-24,19.52035293579104,8.516840921402036E-4
39.1_46.9,2024-09-24,19.287035878499353,8.516840921402036E-4
39.1_47.3,2024-09-24,18.76644668579104,8.516840921402036E-4
39.5_47.0,2024-09-24,19.101244862874353,8.516840921402036E-4
39.6_47.1,2024-09-24,19.14144668579104,8.516840921402036E-4
39.7_47.0,2024-09-24,19.066414133707724,8.516840921402036E-4
39.9_48.9,2024-09-24,17.203539784749353,8.516840921402036E-4
40.0_48.8,2024-09-24,17.147387440999353,8.516840921402036E-4
40.1_48.1,2024-09-24,16.948250071207724,8.516840921402036E-4
40.2_46.7,2024-09-24,19.09554824829104,0.0017159514413833676
40.2_49.6,2024-09-24,15.332934315999353,8.516840921402036E-4
40.3_48.7,2024-09-24,16.995043690999353,8.516840921402036E-4
40.4_49.2,2024-09-24,16.14266738891604,8.516840921402036E-4
40.7_47.2,2024-09-24,18.640551503499353,8.516840921402036E-4
40.8_46.7,2024-09-24,18.551033274332724,0.006558828829383856
40.9_46.3,2024-09-24,18.411791737874353,0.0066184334741592465
41.0_46.6,2024-09-24,18.37557754516604,0.021445088862037665
41.0_46.8,2024-09-24,18.409187571207724,8.516840921402036E-4
38.3_47.2,2024-09-25,18.201028442382835,0.0
38.4_47.2,2024-09-25,18.187844848632835,0.0
39.0_46.8,2024-09-25,18.698098754882835,0.0
39.1_46.9,2024-09-25,18.41286112467452,0.0
39.1_47.3,2024-09-25,17.69183247884115,0.0
39.5_47.0,2024-09-25,18.27345682779952,0.0
39.6_47.1,2024-09-25,18.24139302571615,0.0
39.7_47.0,2024-09-25,18.22625630696615,0.0
39.9_48.9,2024-09-25,15.96673482259115,0.0
40.0_48.8,2024-09-25,15.938577270507835,0.0
40.1_48.1,2024-09-25,15.80714823404952,0.0
40.2_46.7,2024-09-25,18.44402974446615,0.0
40.2_49.6,2024-09-25,14.41497701009115,0.0
40.3_48.7,2024-09-25,15.85036112467452,0.0
40.4_49.2,2024-09-25,15.12819315592452,0.0
40.7_47.2,2024-09-25,17.86110331217452,0.0
40.8_46.7,2024-09-25,18.15309549967452,0.0
40.9_46.3,2024-09-25,18.60890604654952,0.0
41.0_46.6,2024-09-25,18.24025370279952,0.0
41.0_46.8,2024-09-25,17.97552388509115,0.0
38.3_47.2,2024-09-26,19.285136795043968,0.0
38.4_47.2,2024-09-26,19.356914138793968,0.0
39.0_46.8,2024-09-26,20.549785232543968,0.0
39.1_46.9,2024-09-26,20.092591222127282,0.0
39.1_47.3,2024-09-26,19.036031977335654,0.0
39.5_47.0,2024-09-26,20.044088617960654,0.0
39.6_47.1,2024-09-26,20.021871821085654,0.0
39.7_47.0,2024-09-26,19.934225336710654,0.0
39.9_48.9,2024-09-26,18.139384841918968,0.0
40.0_48.8,2024-09-26,18.012757237752282,0.0
40.1_48.1,2024-09-26,17.693014399210654,0.0
40.2_46.7,2024-09-26,19.815003331502282,0.0
40.2_49.6,2024-09-26,16.755839920043968,0.0
40.3_48.7,2024-09-26,17.863505935668968,0.0
40.4_49.2,2024-09-26,17.306783930460654,0.0
40.7_47.2,2024-09-26,19.299052810668968,0.0
40.8_46.7,2024-09-26,19.153300857543968,0.0
40.9_46.3,2024-09-26,19.616110102335654,0.0
41.0_46.6,2024-09-26,19.098287836710654,0.0
41.0_46.8,2024-09-26,18.856588617960654,0.0
38.3_47.2,2024-09-27,18.63869183858236,0.0013013165585107345
38.4_47.2,2024-09-27,18.68410199483236,0.0013013165585107345
39.0_46.8,2024-09-27,19.616312281290732,0.0013013165585107345
39.1_46.9,2024-09-27,19.309997177124046,0.0013013165585107345
39.1_47.3,2024-09-27,18.33913129170736,0.0013013165585107345
39.5_47.0,2024-09-27,19.28078168233236,0.0013013165585107345
39.6_47.1,2024-09-27,19.24733441670736,0.0013013165585107345
39.7_47.0,2024-09-27,19.21950238545736,0.0013013165585107345
39.9_48.9,2024-09-27,17.562438583374046,0.0013013165585107345
40.0_48.8,2024-09-27,17.424010848999046,0.0013013165585107345
40.1_48.1,2024-09-27,17.105895614624046,0.0013013165585107345
40.2_46.7,2024-09-27,19.170267359415732,0.0013013165585107345
40.2_49.6,2024-09-27,16.58327191670736,0.0013013165585107345
40.3_48.7,2024-09-27,17.23097699483236,0.0013013165585107345
40.4_49.2,2024-09-27,16.828226343790732,0.0013013165585107345
40.7_47.2,2024-09-27,18.688577906290732,0.0013013165585107345
40.8_46.7,2024-09-27,18.62062543233236,0.0013013165585107345
40.9_46.3,2024-09-27,19.176615015665732,0.0013013165585107345
41.0_46.6,2024-09-27,18.60963910420736,0.0013013165585107345
41.0_46.8,2024-09-27,18.342630640665732,0.0013013165585107345
38.3_47.2,2024-09-28,19.340285237630212,-7.895835096860537E-6
38.4_47.2,2024-09-28,19.359735107421898,-7.895835096860537E-6
39.0_46.8,2024-09-28,20.204380289713583,-7.895835096860537E-6
39.1_46.9,2024-09-28,19.826369222005212,-7.895835096860537E-6
39.1_47.3,2024-09-28,18.901483154296898,-7.895835096860537E-6
39.5_47.0,2024-09-28,19.716750081380212,-7.895835096860537E-6
39.6_47.1,2024-09-28,19.665236409505212,-7.895835096860537E-6
39.7_47.0,2024-09-28,19.579868570963583,-7.895835096860537E-6
39.9_48.9,2024-09-28,18.470168050130212,-7.895835096860537E-6
40.0_48.8,2024-09-28,18.298293050130212,-7.895835096860537E-6
40.1_48.1,2024-09-28,17.796909586588583,-7.895835096860537E-6
40.2_46.7,2024-09-28,19.271681722005212,-7.895835096860537E-6
40.2_49.6,2024-09-28,17.500441487630212,-7.895835096860537E-6
40.3_48.7,2024-09-28,18.030552164713583,-7.895835096860537E-6
40.4_49.2,2024-09-28,17.684360758463583,-7.895835096860537E-6
40.7_47.2,2024-09-28,18.997674560546898,-7.895835096860537E-6
40.8_46.7,2024-09-28,18.637892659505212,-7.895835096860537E-6
40.9_46.3,2024-09-28,19.015659586588583,-7.895835096860537E-6
41.0_46.6,2024-09-28,18.575555419921898,-7.895835096860537E-6
41.0_46.8,2024-09-28,18.452915445963583,-7.895835096860537E-6
38.3_47.2,2024-09-29,18.807400639851892,4.351138045421976E-4
38.4_47.2,2024-09-29,18.833605066935263,4.351138045421976E-4
39.0_46.8,2024-09-29,19.939317957560263,4.351138045421976E-4
39.1_46.9,2024-09-29,19.672228113810263,4.351138045421976E-4
39.1_47.3,2024-09-29,18.500108973185263,4.351138045421976E-4
39.5_47.0,2024-09-29,19.768012619018577,4.351138045421976E-4
39.6_47.1,2024-09-29,19.695258712768577,4.351138045421976E-4
39.7_47.0,2024-09-29,19.738227462768577,4.351138045421976E-4
39.9_48.9,2024-09-29,18.360216395060263,4.351138045421976E-4
40.0_48.8,2024-09-29,18.309516525268577,4.351138045421976E-4
40.1_48.1,2024-09-29,18.122504806518577,4.351138045421976E-4
40.2_46.7,2024-09-29,19.700385665893577,4.351138045421976E-4
40.2_49.6,2024-09-29,17.550646082560263,4.351138045421976E-4
40.3_48.7,2024-09-29,18.181668217976892,4.351138045421976E-4
40.4_49.2,2024-09-29,17.821642176310263,4.351138045421976E-4
40.7_47.2,2024-09-29,19.497748947143577,4.351138045421976E-4
40.8_46.7,2024-09-29,19.289008712768577,4.351138045421976E-4
40.9_46.3,2024-09-29,19.721381759643577,4.351138045421976E-4
41.0_46.6,2024-09-29,19.308784103393577,4.351138045421976E-4
41.0_46.8,2024-09-29,19.236518478393577,4.351138045421976E-4
38.3_47.2,2024-09-30,19.511472320556663,0.0017128930380749807
38.4_47.2,2024-09-30,19.537920888264978,0.0017128930380749807
39.0_46.8,2024-09-30,20.55387140909835,0.0017128930380749807
39.1_46.9,2024-09-30,20.360674794514978,0.0017128930380749807
39.1_47.3,2024-09-30,19.29093195597335,0.0017128930380749807
39.5_47.0,2024-09-30,20.575681304931663,0.0017128930380749807
39.6_47.1,2024-09-30,20.584795888264978,0.0017128930380749807
39.7_47.0,2024-09-30,20.598142242431663,0.0017128930380749807
39.9_48.9,2024-09-30,20.040036773681663,0.0017128930380749807
40.0_48.8,2024-09-30,19.952471669514978,0.0017128930380749807
40.1_48.1,2024-09-30,19.478513336181663,0.0017128930380749807
40.2_46.7,2024-09-30,20.558184560139978,0.0017128930380749807
40.2_49.6,2024-09-30,19.264646148681663,0.0017128930380749807
40.3_48.7,2024-09-30,19.890215810139978,0.0017128930380749807
40.4_49.2,2024-09-30,19.65665461222335,0.0017128930380749807
40.7_47.2,2024-09-30,20.66446711222335,0.0017128930380749807
40.8_46.7,2024-09-30,20.231931304931663,0.0017128930380749807
40.9_46.3,2024-09-30,20.508298492431663,0.0017128930380749807
41.0_46.6,2024-09-30,20.23160578409835,0.0017128930380749807
41.0_46.8,2024-09-30,20.215818023681663,0.0017128930380749807
38.3_47.2,2024-10-01,18.630144373575888,0.0
38.4_47.2,2024-10-01,18.652198410034202,0.0
39.0_46.8,2024-10-01,19.549984868367517,0.0
39.1_46.9,2024-10-01,19.270199712117517,0.0
39.1_47.3,2024-10-01,18.340756352742517,0.0
39.5_47.0,2024-10-01,19.330665206909202,0.0
39.6_47.1,2024-10-01,19.350603357950888,0.0
39.7_47.0,2024-10-01,19.270362472534202,0.0
39.9_48.9,2024-10-01,19.001563644409202,0.0
40.0_48.8,2024-10-01,18.847592290242517,0.0
40.1_48.1,2024-10-01,17.927019373575888,0.0
40.2_46.7,2024-10-01,19.102719243367517,0.0
40.2_49.6,2024-10-01,18.132667160034202,0.0
40.3_48.7,2024-10-01,18.719988123575888,0.0
40.4_49.2,2024-10-01,18.599219894409202,0.0
40.7_47.2,2024-10-01,19.209815597534202,0.0
40.8_46.7,2024-10-01,18.767839686075888,0.0
40.9_46.3,2024-10-01,18.935320154825888,0.0
41.0_46.6,2024-10-01,18.731788253784202,0.0
41.0_46.8,2024-10-01,18.729428227742517,0.0
38.3_47.2,2024-10-02,17.33636881510421,8.52346317969932E-4
38.4_47.2,2024-10-02,17.28314615885421,8.52346317969932E-4
39.0_46.8,2024-10-02,17.03851725260421,8.52346317969932E-4
39.1_46.9,2024-10-02,17.008894856770837,8.52346317969932E-4
39.1_47.3,2024-10-02,16.967879231770837,8.52346317969932E-4
39.5_47.0,2024-10-02,16.958032226562523,8.52346317969932E-4
39.6_47.1,2024-10-02,17.149194335937523,8.52346317969932E-4
39.7_47.0,2024-10-02,16.893823242187523,8.52346317969932E-4
39.9_48.9,2024-10-02,18.244734700520837,8.52346317969932E-4
40.0_48.8,2024-10-02,18.09149576822921,8.52346317969932E-4
40.1_48.1,2024-10-02,16.443953450520837,8.52346317969932E-4
40.2_46.7,2024-10-02,16.508650716145837,8.52346317969932E-4
40.2_49.6,2024-10-02,17.214379882812523,8.52346317969932E-4
40.3_48.7,2024-10-02,17.943383789062523,8.52346317969932E-4
40.4_49.2,2024-10-02,17.864607747395837,8.52346317969932E-4
40.7_47.2,2024-10-02,16.927840169270837,0.0011503695418468851
40.8_46.7,2024-10-02,16.23456217447921,8.52346317969932E-4
40.9_46.3,2024-10-02,16.12006022135421,0.0032067297865978617
41.0_46.6,2024-10-02,16.132104492187523,8.52346317969932E-4
41.0_46.8,2024-10-02,16.25116373697921,0.0028192995955578226
38.3_47.2,2024-10-03,16.67050132751467,0.002157955123038846
38.4_47.2,2024-10-03,16.895029322306357,0.002157955123038846
39.0_46.8,2024-10-03,15.927500025431357,0.002157955123038846
39.1_46.9,2024-10-03,15.908294296264671,0.002157955123038846
39.1_47.3,2024-10-03,16.572275416056357,0.002157955123038846
39.5_47.0,2024-10-03,15.871266301472986,0.002157955123038846
39.6_47.1,2024-10-03,16.098642603556357,0.002157955123038846
39.7_47.0,2024-10-03,15.775237655639671,0.002157955123038846
39.9_48.9,2024-10-03,16.569996770222986,0.002157955123038846
40.0_48.8,2024-10-03,16.435231145222986,0.002157955123038846
40.1_48.1,2024-10-03,15.577890650431357,0.002157955123038846
40.2_46.7,2024-10-03,15.717213567097986,0.002157955123038846
40.2_49.6,2024-10-03,16.08163414001467,0.002157955123038846
40.3_48.7,2024-10-03,16.476328150431357,0.002157955123038846
40.4_49.2,2024-10-03,16.610117212931357,0.002157955123038846
40.7_47.2,2024-10-03,15.970631535847986,0.002157955123038846
40.8_46.7,2024-10-03,15.671396509806357,0.002157955123038846
40.9_46.3,2024-10-03,15.771819686889671,0.002157955123038846
41.0_46.6,2024-10-03,15.646087265014671,0.002157955123038846
41.0_46.8,2024-10-03,15.651865259806357,0.002157955123038846
38.3_47.2,2024-10-04,17.08456192016604,4.372209332359489E-4
38.4_47.2,2024-10-04,17.088142649332724,4.372209332359489E-4
39.0_46.8,2024-10-04,16.99960098266604,4.372209332359489E-4
39.1_46.9,2024-10-04,16.87240371704104,4.372209332359489E-4
39.1_47.3,2024-10-04,17.00008926391604,4.372209332359489E-4
39.5_47.0,2024-10-04,16.81918106079104,4.372209332359489E-4
39.6_47.1,2024-10-04,17.027514394124353,4.372209332359489E-4
39.7_47.0,2024-10-04,16.876635487874353,4.372209332359489E-4
39.9_48.9,2024-10-04,17.002205149332724,4.372209332359489E-4
40.0_48.8,2024-10-04,16.947517649332724,4.372209332359489E-4
40.1_48.1,2024-10-04,16.340095774332724,4.372209332359489E-4
40.2_46.7,2024-10-04,17.093920644124353,4.372209332359489E-4
40.2_49.6,2024-10-04,16.075365956624353,4.372209332359489E-4
40.3_48.7,2024-10-04,17.023119862874353,4.372209332359489E-4
40.4_49.2,2024-10-04,16.57699356079104,4.372209332359489E-4
40.7_47.2,2024-10-04,17.262947336832724,4.372209332359489E-4
40.8_46.7,2024-10-04,17.16756973266604,4.372209332359489E-4
40.9_46.3,2024-10-04,17.248787180582724,4.372209332359489E-4
41.0_46.6,2024-10-04,17.299975331624353,4.372209332359489E-4
41.0_46.8,2024-10-04,17.173510487874353,4.372209332359489E-4
38.3_47.2,2024-10-05,17.922259902954124,4.357596594672941E-4
38.4_47.2,2024-10-05,18.04327227274581,4.357596594672941E-4
39.0_46.8,2024-10-05,18.26324297587081,4.357596594672941E-4
39.1_46.9,2024-10-05,18.21262448628744,4.357596594672941E-4
39.1_47.3,2024-10-05,18.104632949829124,4.357596594672941E-4
39.5_47.0,2024-10-05,18.37473386128744,4.357596594672941E-4
39.6_47.1,2024-10-05,18.55279375712081,4.357596594672941E-4
39.7_47.0,2024-10-05,18.56060625712081,4.357596594672941E-4
39.9_48.9,2024-10-05,18.26348711649581,4.357596594672941E-4
40.0_48.8,2024-10-05,18.258441543579124,4.357596594672941E-4
40.1_48.1,2024-10-05,17.31231524149581,4.357596594672941E-4
40.2_46.7,2024-10-05,18.640521621704124,4.357596594672941E-4
40.2_49.6,2024-10-05,17.81003659566244,4.357596594672941E-4
40.3_48.7,2024-10-05,18.25860430399581,4.357596594672941E-4
40.4_49.2,2024-10-05,18.143939590454124,4.357596594672941E-4
40.7_47.2,2024-10-05,18.49485104878744,4.357596594672941E-4
40.8_46.7,2024-10-05,18.46872800191244,4.357596594672941E-4
40.9_46.3,2024-10-05,18.583880996704124,4.357596594672941E-4
41.0_46.6,2024-10-05,18.34600664774581,4.357596594672941E-4
41.0_46.8,2024-10-05,18.354388809204124,4.357596594672941E-4
38.3_47.2,2024-10-06,18.7043173472087,8.583068797918258E-4
38.4_47.2,2024-10-06,18.77747815450033,8.583068797918258E-4
39.0_46.8,2024-10-06,19.4299032847087,8.583068797918258E-4
39.1_46.9,2024-10-06,19.279105758667015,8.583068797918258E-4
39.1_47.3,2024-10-06,18.64149182637533,8.583068797918258E-4
39.5_47.0,2024-10-06,19.44740002950033,8.583068797918258E-4
39.6_47.1,2024-10-06,19.5959189097087,8.583068797918258E-4
39.7_47.0,2024-10-06,19.570121383667015,8.583068797918258E-4
39.9_48.9,2024-10-06,18.90687268575033,8.583068797918258E-4
40.0_48.8,2024-10-06,18.846732711792015,8.583068797918258E-4
40.1_48.1,2024-10-06,18.106986618042015,8.583068797918258E-4
40.2_46.7,2024-10-06,19.7182333628337,8.583068797918258E-4
40.2_49.6,2024-10-06,18.41785901387533,8.583068797918258E-4
40.3_48.7,2024-10-06,18.81995862325033,8.583068797918258E-4
40.4_49.2,2024-10-06,18.66468518575033,8.583068797918258E-4
40.7_47.2,2024-10-06,19.71082776387533,8.583068797918258E-4
40.8_46.7,2024-10-06,19.5241415659587,8.583068797918258E-4
40.9_46.3,2024-10-06,19.72523206075033,8.583068797918258E-4
41.0_46.6,2024-10-06,19.453178024292015,8.583068797918258E-4
41.0_46.8,2024-10-06,19.35316174825033,8.583068797918258E-4
38.3_47.2,2024-10-07,18.228882726033532,0.6325244903564453
38.4_47.2,2024-10-07,18.338339106241904,0.5925893783569336
39.0_46.8,2024-10-07,20.234579340616904,0.01506507396697998
39.1_46.9,2024-10-07,19.939738845825218,0.018864870071411133
39.1_47.3,2024-10-07,18.735800043741904,0.028133392333984375
39.5_47.0,2024-10-07,20.322469965616904,0.021204352378845215
39.6_47.1,2024-10-07,20.353801345825218,0.06760656833648682
39.7_47.0,2024-10-07,20.496379470825218,0.022113323211669922
39.9_48.9,2024-10-07,19.349895095825218,0.6317794322967529
40.0_48.8,2024-10-07,19.234742101033532,0.6298273801803589
40.1_48.1,2024-10-07,18.743205642700218,0.11135637760162354
40.2_46.7,2024-10-07,21.030070877075218,0.0
40.2_49.6,2024-10-07,18.504761632283532,0.21757185459136963
40.3_48.7,2024-10-07,19.096232986450218,0.18550455570220947
40.4_49.2,2024-10-07,18.794068272908532,0.45746564865112305
40.7_47.2,2024-10-07,20.458781814575218,0.010147690773010254
40.8_46.7,2024-10-07,20.674683507283532,0.00406801700592041
40.9_46.3,2024-10-07,20.986695226033532,0.0032335519790649414
41.0_46.6,2024-10-07,20.519816970825218,0.06324052810668945
41.0_46.8,2024-10-07,20.330933507283532,0.08963048458099365
38.3_47.2,2024-10-08,16.159668223063193,0.25835037229171576
38.4_47.2,2024-10-08,16.19376653035482,0.3552079200517255
39.0_46.8,2024-10-08,16.674153900146507,0.0702232122193891
39.1_46.9,2024-10-08,16.53458684285482,0.1518666744004804
39.1_47.3,2024-10-08,16.229980723063193,0.08221864698043646
39.5_47.0,2024-10-08,16.602620697021507,0.07561743257156195
39.6_47.1,2024-10-08,16.689453379313193,0.07999837396255316
39.7_47.0,2024-10-08,16.672689056396507,0.07217526433578314
39.9_48.9,2024-10-08,15.417317962646507,0.11714696881881537
40.0_48.8,2024-10-08,15.416260019938193,0.056752562500150816
40.1_48.1,2024-10-08,15.259196217854821,0.018724799133451597
40.2_46.7,2024-10-08,17.07584660847982,0.0863909721147138
40.2_49.6,2024-10-08,13.656901295979821,0.8986383676301557
40.3_48.7,2024-10-08,15.632243092854821,0.11355578897109808
40.4_49.2,2024-10-08,14.958008066813193,0.12161731717696966
40.7_47.2,2024-10-08,17.22135442097982,0.04268586633315863
40.8_46.7,2024-10-08,17.29166692097982,0.013390183426054136
40.9_46.3,2024-10-08,17.804524993896507,0.151613354660185
41.0_46.6,2024-10-08,17.47526067097982,0.008368492103727476
41.0_46.8,2024-10-08,17.23429387410482,0.0026017427217084332
38.3_47.2,2024-10-09,15.965132649739587,0.0
38.4_47.2,2024-10-09,15.923140462239587,0.0
39.0_46.8,2024-10-09,16.258345540364587,0.0
39.1_46.9,2024-10-09,16.128218587239587,0.0
39.1_47.3,2024-10-09,15.778527832031273,0.0
39.5_47.0,2024-10-09,16.164351399739587,0.0
39.6_47.1,2024-10-09,16.146936035156273,0.0
39.7_47.0,2024-10-09,16.08630777994796,0.0
39.9_48.9,2024-10-09,13.947717285156273,0.0017285346984863281
40.0_48.8,2024-10-09,13.887007649739587,5.960464477539062E-4
40.1_48.1,2024-10-09,13.653283691406273,3.8743019104003906E-4
40.2_46.7,2024-10-09,16.37976481119796,0.0
40.2_49.6,2024-10-09,13.111291503906273,0.042945146560668945
40.3_48.7,2024-10-09,14.020145670572958,8.642673492431641E-4
40.4_49.2,2024-10-09,13.784224446614587,0.004172325134277344
40.7_47.2,2024-10-09,16.312544759114587,0.0
40.8_46.7,2024-10-09,16.444136555989587,5.9604644775390625E-5
40.9_46.3,2024-10-09,17.07312418619796,0.005662441253662109
41.0_46.6,2024-10-09,16.608199055989587,6.258487701416016E-4
41.0_46.8,2024-10-09,16.305139160156273,0.0
38.3_47.2,2024-10-10,16.040359751383505,0.00303821428815354
38.4_47.2,2024-10-10,16.088862355550134,0.002650784097113501
39.0_46.8,2024-10-10,16.49454269409182,0.0067933069090031495
39.1_46.9,2024-10-10,16.283930714925134,8.626447538517823E-4
39.1_47.3,2024-10-10,15.66153488159182,8.626447538517823E-4
39.5_47.0,2024-10-10,15.752436574300134,8.626447538517823E-4
39.6_47.1,2024-10-10,15.702631886800134,8.626447538517823E-4
39.7_47.0,2024-10-10,15.62198410034182,8.626447538517823E-4
39.9_48.9,2024-10-10,13.249262746175134,0.0043197141508244385
40.0_48.8,2024-10-10,13.208572642008505,0.007597969613470923
40.1_48.1,2024-10-10,13.187088267008505,8.626447538517823E-4
40.2_46.7,2024-10-10,15.676101938883505,8.626447538517823E-4
40.2_49.6,2024-10-10,12.531977589925134,0.01492934092084397
40.3_48.7,2024-10-10,13.210769907633505,0.004528330407538306
40.4_49.2,2024-10-10,12.82388839721682,0.0027103887418888917
40.7_47.2,2024-10-10,14.958735402425134,8.626447538517823E-4
40.8_46.7,2024-10-10,15.245193735758505,8.626447538517823E-4
40.9_46.3,2024-10-10,15.745844777425134,0.003962086282172095
41.0_46.6,2024-10-10,15.26456222534182,8.626447538517823E-4
41.0_46.8,2024-10-10,15.059891001383505,8.626447538517823E-4
38.3_47.2,2024-10-11,16.80077705383303,2.1536266103794333E-6
38.4_47.2,2024-10-11,16.79320869445803,2.1536266103794333E-6
39.0_46.8,2024-10-11,17.259924189249716,0.11569476913564358
39.1_46.9,2024-10-11,16.931717809041345,0.12852466892354641
39.1_47.3,2024-10-11,16.01488838195803,2.1536266103794333E-6
39.5_47.0,2024-10-11,16.558019892374716,0.038551457635094266
39.6_47.1,2024-10-11,16.46093330383303,7.323105251089146E-4
39.7_47.0,2024-10-11,16.40038642883303,0.0033698160564199497
39.9_48.9,2024-10-11,13.88183174133303,2.1536266103794333E-6
40.0_48.8,2024-10-11,13.709793980916345,2.1536266103794333E-6
40.1_48.1,2024-10-11,13.574621454874716,2.1536266103794333E-6
40.2_46.7,2024-10-11,16.331945673624716,0.1703224260722891
40.2_49.6,2024-10-11,12.694657262166345,2.1536266103794333E-6
40.3_48.7,2024-10-11,13.415116246541345,2.1536266103794333E-6
40.4_49.2,2024-10-11,13.007482782999716,2.1536266103794333E-6
40.7_47.2,2024-10-11,15.674393590291345,2.1536266103794333E-6
40.8_46.7,2024-10-11,15.730383173624716,0.30835188221089993
40.9_46.3,2024-10-11,16.43578681945803,0.5643836338435904
41.0_46.6,2024-10-11,15.76220283508303,0.13667560409658108
41.0_46.8,2024-10-11,15.484533564249716,0.3077856380855337
38.3_47.2,2024-10-12,14.796231206258142,0.0
38.4_47.2,2024-10-12,14.742357508341513,0.0
39.0_46.8,2024-10-12,15.723884201049827,0.0
39.1_46.9,2024-10-12,15.276211675008142,0.0
39.1_47.3,2024-10-12,13.738858159383142,0.0
39.5_47.0,2024-10-12,14.633959070841513,0.0
39.6_47.1,2024-10-12,14.230638758341513,0.0
39.7_47.0,2024-10-12,14.389737065633142,0.0
39.9_48.9,2024-10-12,10.184252039591513,0.0
40.0_48.8,2024-10-12,10.176846440633142,0.0
40.1_48.1,2024-10-12,10.649421310424827,0.0
40.2_46.7,2024-10-12,14.433519617716513,0.0
40.2_49.6,2024-10-12,8.512377039591513,7.003545761108398E-4
40.3_48.7,2024-10-12,9.859056727091513,0.0
40.4_49.2,2024-10-12,8.916592534383142,0.0010728836059570312
40.7_47.2,2024-10-12,12.883633550008142,0.0
40.8_46.7,2024-10-12,13.612881596883142,0.0
40.9_46.3,2024-10-12,14.266934331258142,0.0
41.0_46.6,2024-10-12,13.584724044799827,0.0
41.0_46.8,2024-10-12,13.355313237508142,0.0
38.3_47.2,2024-10-13,12.740532175699911,7.631997703470006
38.4_47.2,2024-10-13,12.667045847574911,7.061566351808324
39.0_46.8,2024-10-13,13.25558751424154,6.653363942064061
39.1_46.9,2024-10-13,12.99118321736654,6.912495135225072
39.1_47.3,2024-10-13,11.932914988199911,5.6995555152070665
39.5_47.0,2024-10-13,12.566541290283226,7.075081705011144
39.6_47.1,2024-10-13,12.298230743408226,6.9320007552278184
39.7_47.0,2024-10-13,12.403455352783226,7.147069214738622
39.9_48.9,2024-10-13,8.684705352783226,0.1564278592240953
40.0_48.8,2024-10-13,8.72311681111654,0.040422319329991296
40.1_48.1,2024-10-13,9.163139597574911,1.0612710703981065
40.2_46.7,2024-10-13,12.341687774658226,6.522263525880589
40.2_49.6,2024-10-13,6.9658739725749115,0.0021412362229966675
40.3_48.7,2024-10-13,8.46310704549154,0.07496321097733016
40.4_49.2,2024-10-13,7.434461212158226,0.001291870034947351
40.7_47.2,2024-10-13,11.405815378824911,2.3728563775193834
40.8_46.7,2024-10-13,11.676648712158226,3.125975965417638
40.9_46.3,2024-10-13,12.276664988199911,4.401440857805028
41.0_46.6,2024-10-13,11.680961863199911,3.377045630372777
41.0_46.8,2024-10-13,11.517469024658226,2.739573954499974
38.3_47.2,2024-10-14,13.274880981445335,5.4353237151190115
38.4_47.2,2024-10-14,13.17803853352865,5.128896236328728
39.0_46.8,2024-10-14,13.64125467936202,2.7949571608587576
39.1_46.9,2024-10-14,13.349588012695335,2.8664827345892263
39.1_47.3,2024-10-14,12.18414204915365,1.8546789883657766
39.5_47.0,2024-10-14,12.84535624186202,0.4519879817053152
39.6_47.1,2024-10-14,12.48036600748702,0.35273134699309594
39.7_47.0,2024-10-14,12.530252075195335,0.3057479857488943
39.9_48.9,2024-10-14,7.946674601237021,2.202278375534661
40.0_48.8,2024-10-14,7.971658325195335,1.8206596373602224
40.1_48.1,2024-10-14,8.55816548665365,2.0394533871694875
40.2_46.7,2024-10-14,12.19073384602865,1.4529436825796438
40.2_49.6,2024-10-14,5.97466939290365,3.2000899313970876
40.3_48.7,2024-10-14,7.64922993977865,2.8104990719839407
40.4_49.2,2024-10-14,6.49468892415365,2.8571546076818777
40.7_47.2,2024-10-14,10.314431762695335,3.127372264771111
40.8_46.7,2024-10-14,11.006814575195335,2.2008478640600515
40.9_46.3,2024-10-14,12.00152486165365,1.0794013737722707
41.0_46.6,2024-10-14,10.92811991373702,2.1529257296606374
41.0_46.8,2024-10-14,10.55547993977865,2.6677012442632986
38.3_47.2,2024-10-15,13.230642573038779,3.5358667373657227
38.4_47.2,2024-10-15,13.247406895955407,3.9231181144714355
39.0_46.8,2024-10-15,13.405365880330407,3.8372576236724854
39.1_46.9,2024-10-15,13.249604161580407,4.643082618713379
39.1_47.3,2024-10-15,12.865652338663779,5.935251712799072
39.5_47.0,2024-10-15,13.084727859497093,3.989100456237793
39.6_47.1,2024-10-15,13.074636713663779,4.2438507080078125
39.7_47.0,2024-10-15,13.042247390747093,3.6554932594299316
39.9_48.9,2024-10-15,10.803152338663779,2.435743808746338
40.0_48.8,2024-10-15,10.836355463663779,2.2063255310058594
40.1_48.1,2024-10-15,10.810232416788779,4.350244998931885
40.2_46.7,2024-10-15,13.022309239705407,2.195596694946289
40.2_49.6,2024-10-15,9.150483067830407,0.9076297283172607
40.3_48.7,2024-10-15,10.626313145955407,2.1321773529052734
40.4_49.2,2024-10-15,9.573416010538779,1.962214708328247
40.7_47.2,2024-10-15,12.654470698038779,2.2155046463012695
40.8_46.7,2024-10-15,12.899506505330407,0.3966689109802246
40.9_46.3,2024-10-15,13.425629552205407,0.2256333827972412
41.0_46.6,2024-10-15,12.962576166788779,0.15875697135925293
41.0_46.8,2024-10-15,12.801361974080407,0.3180503845214844
38.3_47.2,2024-10-16,11.370996093750023,1.5570045487862672
38.4_47.2,2024-10-16,11.437565104166708,1.522791482685193
39.0_46.8,2024-10-16,11.561425781250023,1.5020341651421631
39.1_46.9,2024-10-16,11.557356770833337,1.4410735146981324
39.1_47.3,2024-10-16,11.443098958333337,0.7853032128792847
39.5_47.0,2024-10-16,11.495914713541708,1.4552296178322877
39.6_47.1,2024-10-16,11.689925130208337,1.2751788871270264
39.7_47.0,2024-10-16,11.418929036458337,1.7507047431450928
39.9_48.9,2024-10-16,9.516748046875023,1.9994945304375733
40.0_48.8,2024-10-16,9.361230468750023,2.248373724697217
40.1_48.1,2024-10-16,9.155908203125023,3.830474712131604
40.2_46.7,2024-10-16,11.404850260416708,3.0588776843529786
40.2_49.6,2024-10-16,8.695296223958337,4.079786040065869
40.3_48.7,2024-10-16,9.398177083333337,2.0580858962517823
40.4_49.2,2024-10-16,9.141585286458337,2.545145251033887
40.7_47.2,2024-10-16,11.942285156250023,1.0566384570580567
40.8_46.7,2024-10-16,11.607812500000023,2.34098444151698
40.9_46.3,2024-10-16,12.022851562500023,1.6643674151879395
41.0_46.6,2024-10-16,11.769026692708337,1.4994264619332398
41.0_46.8,2024-10-16,11.584944661458337,2.1155596749764527
38.3_47.2,2024-10-17,10.101305898030603,0.7917165755770839
38.4_47.2,2024-10-17,10.136136627197288,0.8586823939822352
39.0_46.8,2024-10-17,10.414294179280603,1.0809034108660853
39.1_46.9,2024-10-17,10.319648996988974,1.4191001653216517
39.1_47.3,2024-10-17,10.088773345947288,1.5138119458697474
39.5_47.0,2024-10-17,10.245918528238974,0.9548395871661342
39.6_47.1,2024-10-17,10.314522043863974,0.8344680070422328
39.7_47.0,2024-10-17,10.240221913655603,0.6844878196261561
39.9_48.9,2024-10-17,8.779203033447288,1.032131910278622
40.0_48.8,2024-10-17,8.628812408447288,0.7859796285174525
40.1_48.1,2024-10-17,8.010892486572288,4.029500484421078
40.2_46.7,2024-10-17,10.466703033447288,0.30625164504272107
40.2_49.6,2024-10-17,7.196439361572288,0.4623860120318568
40.3_48.7,2024-10-17,8.464424387613974,0.5086988210223353
40.4_49.2,2024-10-17,7.869372304280603,0.39758086199981335
40.7_47.2,2024-10-17,10.633288319905603,0.45201480384093884
40.8_46.7,2024-10-17,10.373034413655603,0.2681791781924403
40.9_46.3,2024-10-17,10.401598866780603,1.2177258729479945
41.0_46.6,2024-10-17,10.312406158447288,0.5970329045794642
41.0_46.8,2024-10-17,10.259915924072288,0.21495223040801648
38.3_47.2,2024-10-18,8.070662434895837,1.1153101920058361
38.4_47.2,2024-10-18,8.081730143229208,1.1800408362319104
39.0_46.8,2024-10-18,8.196232096354208,0.4828751086165539
39.1_46.9,2024-10-18,8.101424153645837,0.991585850613319
39.1_47.3,2024-10-18,7.852156575520837,1.4323174952437512
39.5_47.0,2024-10-18,7.932804361979208,0.4379928111006848
39.6_47.1,2024-10-18,7.936873372395837,0.4854381083418957
39.7_47.0,2024-10-18,7.821150716145837,0.4039883612563244
39.9_48.9,2024-10-18,5.937117513020837,4.428762197392189
40.0_48.8,2024-10-18,5.879500325520837,3.9905935524870983
40.1_48.1,2024-10-18,5.676863606770837,2.6623636483122937
40.2_46.7,2024-10-18,7.707218424479208,0.6704658268859021
40.2_49.6,2024-10-18,5.001163736979208,7.408472895519935
40.3_48.7,2024-10-18,5.869246419270837,4.081282019512855
40.4_49.2,2024-10-18,5.434838867187523,5.919563770191871
40.7_47.2,2024-10-18,7.734643554687523,1.1460959910323254
40.8_46.7,2024-10-18,7.508813476562523,1.1146545409133068
40.9_46.3,2024-10-18,7.923852539062523,0.8025646208693615
41.0_46.6,2024-10-18,7.593123372395837,1.0271698235442273
41.0_46.8,2024-10-18,7.459497070312523,1.1764943598677746
38.3_47.2,2024-10-19,7.026566441853845,0.7997799015129203
38.4_47.2,2024-10-19,7.054235712687216,0.7590699291313285
39.0_46.8,2024-10-19,7.3546100616455305,0.8414435482109184
39.1_46.9,2024-10-19,7.292516962687216,1.013343343743145
39.1_47.3,2024-10-19,7.0589557647705305,0.7299977636421318
39.5_47.0,2024-10-19,7.386185582478845,0.4463541603172416
39.6_47.1,2024-10-19,7.507360712687216,0.3188747263038749
39.7_47.0,2024-10-19,7.3780475616455305,0.2879399156654472
39.9_48.9,2024-10-19,5.590531285603845,1.3991940116966362
40.0_48.8,2024-10-19,5.6021686553955305,1.165543804177105
40.1_48.1,2024-10-19,5.258255894978845,1.1869716739738578
40.2_46.7,2024-10-19,7.375931676228845,0.24636567593461223
40.2_49.6,2024-10-19,4.222204462687216,4.1118013954246635
40.3_48.7,2024-10-19,5.737097040812216,0.9993213510597343
40.4_49.2,2024-10-19,5.061478551228845,1.6990500784004325
40.7_47.2,2024-10-19,7.3970905303955305,0.21382153988724895
40.8_46.7,2024-10-19,7.2235065460205305,0.11435628891831584
40.9_46.3,2024-10-19,7.531937535603845,0.27058006287461467
41.0_46.6,2024-10-19,7.2117877960205305,0.09465695382004924
41.0_46.8,2024-10-19,7.029007848103845,0.06196380616074748
38.3_47.2,2024-10-20,7.068762079874716,1.7221599816821254
38.4_47.2,2024-10-20,7.068924840291345,1.727971434547726
39.0_46.8,2024-10-20,7.157140986124716,1.0834366082690394
39.1_46.9,2024-10-20,7.101883824666345,1.3019174336932338
39.1_47.3,2024-10-20,6.916662470499716,1.8378525971911586
39.5_47.0,2024-10-20,7.105139032999716,1.1740207671664393
39.6_47.1,2024-10-20,7.2148395538330305,1.2903392314456141
39.7_47.0,2024-10-20,7.056799189249716,1.038181781723324
39.9_48.9,2024-10-20,5.972570673624716,3.905954956962887
40.0_48.8,2024-10-20,5.884924189249716,3.9412409066699183
40.1_48.1,2024-10-20,5.327469762166345,3.625157475426022
40.2_46.7,2024-10-20,6.735754267374716,0.3167122602008021
40.2_49.6,2024-10-20,5.298172887166345,3.473821282341305
40.3_48.7,2024-10-20,5.860184605916345,4.0287703275225795
40.4_49.2,2024-10-20,5.5693317413330305,3.948006033851925
40.7_47.2,2024-10-20,7.2509723663330305,0.8662074803851283
40.8_46.7,2024-10-20,6.826004918416345,0.12089610095245007
40.9_46.3,2024-10-20,6.7453571319580305,0.03533363337737683
41.0_46.6,2024-10-20,6.814611689249716,0.07485151286346081
41.0_46.8,2024-10-20,6.869706090291345,0.09447634215575818
38.3_47.2,2024-10-21,8.772241210937523,0.3913581371257635
38.4_47.2,2024-10-21,8.761336263020837,0.49909353255728206
39.0_46.8,2024-10-21,8.679305013020837,1.2878119945476385
39.1_46.9,2024-10-21,8.588972981770837,1.255968213076386
39.1_47.3,2024-10-21,8.416609700520837,0.9636819362590643
39.5_47.0,2024-10-21,8.370955403645837,1.1687815189311834
39.6_47.1,2024-10-21,8.442081705729208,1.0939478874156805
39.7_47.0,2024-10-21,8.255965169270837,1.3074517250011297
39.9_48.9,2024-10-21,7.491235351562523,0.37232935428122005
40.0_48.8,2024-10-21,7.433943684895837,0.4224419593761297
40.1_48.1,2024-10-21,6.968611653645837,0.4742085933635565
40.2_46.7,2024-10-21,7.805444335937523,2.241843938822541
40.2_49.6,2024-10-21,7.255639648437523,0.06789863109091243
40.3_48.7,2024-10-21,7.448754882812523,0.37435591220358333
40.4_49.2,2024-10-21,7.281681315104208,0.2254486083934637
40.7_47.2,2024-10-21,8.196313476562523,1.5849858522365423
40.8_46.7,2024-10-21,7.587670898437523,2.2353172302196356
40.9_46.3,2024-10-21,7.648136393229208,1.5716493129680487
41.0_46.6,2024-10-21,7.681990559895837,1.7961353063533636
41.0_46.8,2024-10-21,7.611108398437523,2.190464735026154
38.3_47.2,2024-10-22,9.055177307128929,8.523463748133508E-4
38.4_47.2,2024-10-22,9.046306864420615,8.523463748133508E-4
39.0_46.8,2024-10-22,9.145834859212243,0.005024671509090695
39.1_46.9,2024-10-22,9.148113505045615,0.006186962082210812
39.1_47.3,2024-10-22,8.592530822753929,0.0014185905001795618
39.5_47.0,2024-10-22,8.798259989420615,0.013488531067196163
39.6_47.1,2024-10-22,8.763998921712243,0.014382600738827023
39.7_47.0,2024-10-22,8.765382385253929,0.01465082164031628
39.9_48.9,2024-10-22,8.395183817545615,0.05398988719207409
40.0_48.8,2024-10-22,8.189047749837243,0.05789399142486218
40.1_48.1,2024-10-22,6.983237202962243,0.02889633174163464
40.2_46.7,2024-10-22,9.026287333170615,0.013816356613460812
40.2_49.6,2024-10-22,8.919353739420615,0.12429356570464734
40.3_48.7,2024-10-22,7.903321838378929,0.04579424853545788
40.4_49.2,2024-10-22,8.432211812337243,0.06628334517699841
40.7_47.2,2024-10-22,8.486980692545615,0.024664401962581906
40.8_46.7,2024-10-22,9.037517801920615,0.005188584282223019
40.9_46.3,2024-10-22,9.595541890462243,0.005099177315059933
41.0_46.6,2024-10-22,9.204265848795615,0.005337595894161495
41.0_46.8,2024-10-22,8.902589416503929,0.006306171371761593
38.3_47.2,2024-10-23,10.826116180419945,8.583068797918258E-4
38.4_47.2,2024-10-23,10.79991175333663,8.583068797918258E-4
39.0_46.8,2024-10-23,11.12046839396163,8.583068797918258E-4
39.1_46.9,2024-10-23,11.035426076253259,8.583068797918258E-4
39.1_47.3,2024-10-23,10.104680633544945,8.583068797918258E-4
39.5_47.0,2024-10-23,10.781763966878259,8.583068797918258E-4
39.6_47.1,2024-10-23,10.73155237833663,8.583068797918258E-4
39.7_47.0,2024-10-23,10.731715138753259,8.583068797918258E-4
39.9_48.9,2024-10-23,10.781031545003259,8.583068797918258E-4
40.0_48.8,2024-10-23,10.69517542521163,8.583068797918258E-4
40.1_48.1,2024-10-23,10.27696253458663,8.583068797918258E-4
40.2_46.7,2024-10-23,10.722600555419945,8.583068797918258E-4
40.2_49.6,2024-10-23,10.547795867919945,0.002110004420075029
40.3_48.7,2024-10-23,10.758245086669945,8.583068797918258E-4
40.4_49.2,2024-10-23,10.63682581583663,8.583068797918258E-4
40.7_47.2,2024-10-23,10.905950164794945,0.0011861324260564743
40.8_46.7,2024-10-23,10.881373341878259,8.583068797918258E-4
40.9_46.3,2024-10-23,10.841985321044945,8.583068797918258E-4
41.0_46.6,2024-10-23,10.957707977294945,8.583068797918258E-4
41.0_46.8,2024-10-23,11.04209925333663,8.583068797918258E-4
38.3_47.2,2024-10-24,11.26010411580404,0.05542635917166194
38.4_47.2,2024-10-24,11.20419591267904,0.044667720789703935
39.0_46.8,2024-10-24,10.86777013142904,0.0061184167812200485
39.1_46.9,2024-10-24,10.871595001220726,0.012928247446808427
39.1_47.3,2024-10-24,10.392997996012411,0.008487701411041826
39.5_47.0,2024-10-24,10.627454376220726,0.0019907951305242477
39.6_47.1,2024-10-24,10.702324167887411,0.00172257422903499
39.7_47.0,2024-10-24,10.50961583455404,0.0019162893245550094
39.9_48.9,2024-10-24,9.739921824137411,8.583068797918258E-4
40.0_48.8,2024-10-24,9.70883458455404,8.583068797918258E-4
40.1_48.1,2024-10-24,9.409436798095726,0.008115172381195634
40.2_46.7,2024-10-24,9.975843048095726,0.006505846972260088
40.2_49.6,2024-10-24,8.692151641845726,0.002020597452911943
40.3_48.7,2024-10-24,9.704358673095726,8.583068797918258E-4
40.4_49.2,2024-10-24,9.278740183512411,8.583068797918258E-4
40.7_47.2,2024-10-24,10.400403594970726,8.583068797918258E-4
40.8_46.7,2024-10-24,9.84726231892904,0.006476044649872392
40.9_46.3,2024-10-24,9.70419591267904,0.025162100786957353
41.0_46.6,2024-10-24,9.786389923095726,0.010469555849823564
41.0_46.8,2024-10-24,9.934827423095726,0.004091858858856767
38.3_47.2,2024-10-25,9.385205841064476,0.3887021040327454
38.4_47.2,2024-10-25,9.362907663981161,0.4628055786497498
39.0_46.8,2024-10-25,9.055778757731161,1.0993831848509217
39.1_46.9,2024-10-25,8.99710362752279,1.2660526728041077
39.1_47.3,2024-10-25,8.731315867106161,0.7122659181959534
39.5_47.0,2024-10-25,8.607373809814476,1.0054760670072938
39.6_47.1,2024-10-25,8.607048288981161,0.9433978294737244
39.7_47.0,2024-10-25,8.447868601481161,0.9876691793806458
39.9_48.9,2024-10-25,7.93631261189779,2.1293812488920594
40.0_48.8,2024-10-25,7.812696075439476,1.6998850798017884
40.1_48.1,2024-10-25,7.1766283671061615,1.2509279941923523
40.2_46.7,2024-10-25,8.142448679606161,1.319920370519867
40.2_49.6,2024-10-25,6.99515050252279,2.1355205273039246
40.3_48.7,2024-10-25,7.68118565877279,2.242078731001129
40.4_49.2,2024-10-25,7.40921300252279,2.2308730577833558
40.7_47.2,2024-10-25,8.220166778564476,0.940700719297638
40.8_46.7,2024-10-25,8.018262481689476,1.2644433473951722
40.9_46.3,2024-10-25,8.20413487752279,1.840090105474701
41.0_46.6,2024-10-25,8.094434356689476,1.7699056362516785
41.0_46.8,2024-10-25,7.98831456502279,0.977476785124054
38.3_47.2,2024-10-26,8.049208577473962,3.5610696613730397E-6
38.4_47.2,2024-10-26,8.052789306640648,3.5610696613730397E-6
39.0_46.8,2024-10-26,7.696343994140648,0.030372127582722896
39.1_46.9,2024-10-26,7.739638264973962,0.026929959346944088
39.1_47.3,2024-10-26,7.412652587890648,-1.1340091532474617E-5
39.5_47.0,2024-10-26,7.105523681640648,0.018033966114217037
39.6_47.1,2024-10-26,7.123508707682333,0.006142839481526607
39.7_47.0,2024-10-26,6.757379150390648,0.02761541276186108
39.9_48.9,2024-10-26,5.383925374348962,3.5610696613730397E-6
40.0_48.8,2024-10-26,5.210666910807333,4.826455324291601E-5
40.1_48.1,2024-10-26,4.678196207682333,0.005204066326314205
40.2_46.7,2024-10-26,6.118544514973962,0.10492263703554272
40.2_49.6,2024-10-26,4.682672119140648,0.0035798397561848105
40.3_48.7,2024-10-26,5.189263916015648,0.001910909702473873
40.4_49.2,2024-10-26,4.938450113932333,0.0011807528039753379
40.7_47.2,2024-10-26,6.849176025390648,0.019494279911214107
40.8_46.7,2024-10-26,6.245823160807333,0.101569875766927
40.9_46.3,2024-10-26,6.512668863932333,0.16045926480501294
41.0_46.6,2024-10-26,6.359511311848962,0.10787306695192456
41.0_46.8,2024-10-26,6.327935791015648,0.07678924470155835
38.3_47.2,2024-10-27,7.660108184814476,0.0
38.4_47.2,2024-10-27,7.653516387939476,0.0
39.0_46.8,2024-10-27,6.208692169189476,0.0
39.1_46.9,2024-10-27,6.800000762939476,0.0
39.1_47.3,2024-10-27,7.315381622314476,0.0
39.5_47.0,2024-10-27,6.051953887939476,0.0
39.6_47.1,2024-10-27,6.089795684814476,0.0
39.7_47.0,2024-10-27,5.7103197733561615,0.0
39.9_48.9,2024-10-27,5.869824981689476,4.917383193969727E-4
40.0_48.8,2024-10-27,5.693067169189476,8.642673492431641E-4
40.1_48.1,2024-10-27,4.8279955546061615,0.0
40.2_46.7,2024-10-27,5.44681065877279,0.0
40.2_49.6,2024-10-27,5.6207201639811615,0.09624660015106201
40.3_48.7,2024-10-27,5.678418731689476,8.642673492431641E-4
40.4_49.2,2024-10-27,5.7320482889811615,0.014603137969970703
40.7_47.2,2024-10-27,5.580518341064476,0.0
40.8_46.7,2024-10-27,5.265088653564476,0.0
40.9_46.3,2024-10-27,6.08523839314779,0.0
41.0_46.6,2024-10-27,5.595655059814476,0.0
41.0_46.8,2024-10-27,5.34646886189779,0.0
38.3_47.2,2024-10-28,9.949242528279626,0.662773847579956
38.4_47.2,2024-10-28,9.873965835571312,0.6260871887207031
39.0_46.8,2024-10-28,9.157413101196312,0.8612871170043945
39.1_46.9,2024-10-28,9.145206069946312,0.7376968860626221
39.1_47.3,2024-10-28,9.072777684529626,0.296175479888916
39.5_47.0,2024-10-28,8.723168309529626,0.3384053707122803
39.6_47.1,2024-10-28,8.711612319946312,0.2071857452392578
39.7_47.0,2024-10-28,8.572777684529626,0.2574324607849121
39.9_48.9,2024-10-28,8.298933283487997,1.1379271745681763
40.0_48.8,2024-10-28,8.191104507446312,0.7558465003967285
40.1_48.1,2024-10-28,7.481387710571312,0.33736228942871094
40.2_46.7,2024-10-28,8.464135106404626,0.6797611713409424
40.2_49.6,2024-10-28,7.553978856404626,0.943496823310852
40.3_48.7,2024-10-28,8.236514663696312,0.45809149742126465
40.4_49.2,2024-10-28,8.073672866821312,0.7446408271789551
40.7_47.2,2024-10-28,8.378523127237997,0.6003677845001221
40.8_46.7,2024-10-28,8.183780288696312,1.059502363204956
40.9_46.3,2024-10-28,8.975609715779626,0.22038817405700684
41.0_46.6,2024-10-28,8.289411799112997,0.8848905563354492
41.0_46.8,2024-10-28,8.044375991821312,1.2258291244506836
38.3_47.2,2024-10-29,11.296505228678427,0.06535649299621582
38.4_47.2,2024-10-29,11.199255879720056,0.0674128532409668
39.0_46.8,2024-10-29,11.612748718261741,0.11461973190307617
39.1_46.9,2024-10-29,11.405391947428427,0.08040666580200195
39.1_47.3,2024-10-29,10.702836608886741,0.025153160095214844
39.5_47.0,2024-10-29,11.468868509928427,0.06026029586791992
39.6_47.1,2024-10-29,11.499874369303427,0.0235140323638916
39.7_47.0,2024-10-29,11.515499369303427,0.13083219528198242
39.9_48.9,2024-10-29,9.660193379720056,0.026673078536987305
40.0_48.8,2024-10-29,9.704057312011741,0.053435564041137695
40.1_48.1,2024-10-29,9.492387390136741,0.013232231140136719
40.2_46.7,2024-10-29,11.699337259928427,0.5804300308227539
40.2_49.6,2024-10-29,8.493526713053427,0.03185868263244629
40.3_48.7,2024-10-29,9.656205749511741,0.1131296157836914
40.4_49.2,2024-10-29,9.159216817220056,0.05778670310974121
40.7_47.2,2024-10-29,11.400834655761741,0.18587708473205566
40.8_46.7,2024-10-29,11.347123718261741,0.9790658950805664
40.9_46.3,2024-10-29,11.816361999511741,2.245664596557617
41.0_46.6,2024-10-29,11.291947937011741,1.5448331832885742
41.0_46.8,2024-10-29,11.092485046386741,1.747727394104004
38.3_47.2,2024-10-30,9.430414454142294,0.0
38.4_47.2,2024-10-30,9.403803126017294,0.0
39.0_46.8,2024-10-30,10.091547266642294,0.0
39.1_46.9,2024-10-30,9.885248438517294,0.0
39.1_47.3,2024-10-30,9.120844141642294,0.0
39.5_47.0,2024-10-30,9.362950261433923,0.0
39.6_47.1,2024-10-30,9.234125391642294,0.0
39.7_47.0,2024-10-30,9.253493881225609,0.0
39.9_48.9,2024-10-30,5.780349349975609,8.791685104370117E-4
40.0_48.8,2024-10-30,5.791742579142294,0.0
40.1_48.1,2024-10-30,6.285557683308923,0.0
40.2_46.7,2024-10-30,9.512608464558923,8.642673492431641E-4
40.2_49.6,2024-10-30,5.371739323933923,0.010356307029724121
40.3_48.7,2024-10-30,6.007074610392294,8.642673492431641E-4
40.4_49.2,2024-10-30,5.726801172892294,0.001564621925354004
40.7_47.2,2024-10-30,8.709304428100609,0.0
40.8_46.7,2024-10-30,9.274164454142294,0.0
40.9_46.3,2024-10-30,10.727289454142294,0.008001923561096191
41.0_46.6,2024-10-30,9.526931381225609,3.129243850708008E-4
41.0_46.8,2024-10-30,9.021560287475609,0.0
