anon_polygon_id,date,s2_ndvi,s2_evi,s2_ndwi
ROS1-18-0007,2024-04-01,0.4376912497260667,0.29023894284372165,-0.43330634080908315
ROS1-01-0003,2024-04-02,0.42153630458675573,0.29793977381067743,-0.412235013949147
ROS1-07-0011,2024-04-02,0.2905311949266903,0.15876957620572277,-0.33627785427419815
ROS1-07-0011,2024-04-02,0.337115465950328,0.1579497347936396,-0.42493145007096944
ROS1-07-0011,2024-04-02,0.29601858822512994,0.1594071020193588,-0.3447565168703825
ROS1-07-0012,2024-04-02,0.44469093999908677,0.2773016568956872,-0.47239796213266394
ROS1-07-0011,2024-04-02,0.30589459846374767,0.15916683788211852,-0.36336259337099824
ROS1-01-0003,2024-04-04,0.5104512064847847,0.28568883799939904,-0.4824665865256523
ROS1-07-0011,2024-04-04,0.31304427061969003,0.12815958935082702,-0.37598048125696587
ROS1-01-0007,2024-04-04,0.4628060561144422,0.22645507005762047,-0.4668939843517913
ROS1-07-0011,2024-04-04,0.314416500818522,0.12799896865508084,-0.37903409520628273
ROS1-01-0005,2024-04-04,0.6751705962637513,0.42124055449406417,-0.619014466880478
ROS1-01-0004,2024-04-04,0.1586724049701421,0.06029421922480751,-0.26284008446491425
ROS1-07-0011,2024-04-04,0.3103484183184081,0.12847019080908526,-0.3692664646044901
ROS1-13-0005,2024-04-04,0.23648334841413707,0.06259553655435594,-0.3619218274884367
ROS1-07-0012,2024-04-04,0.5108385251971781,0.30791077406788836,-0.5218694662651565
ROS1-07-0011,2024-04-04,0.3118131909497731,0.12878928326865233,-0.37174162056820664
ROS1-07-0018,2024-04-04,0.17426347482616092,0.04996877845800164,-0.2903016494340557
ROS1-13-0013,2024-04-04,0.29562871301955856,0.12430743205651189,-0.40103464191746657
ROS1-07-0002,2024-04-04,0.7710809644592774,0.4751088905440604,-0.710053314036083
ROS1-18-0007,2024-04-04,0.608411887078396,0.2768062450979424,-0.5767610542486713
ROS1-18-0009,2024-04-04,0.4646193151456399,0.18673958331428694,-0.46947136264746764
ROS1-18-0014,2024-04-04,0.1862057130026656,0.04884747900265095,-0.2660715551590461
ROS1-19-0018,2024-04-04,0.597486450096611,0.28000915190636827,-0.5680804181718931
ROS1-19-0022,2024-04-04,0.18263955677542743,0.057759489566560775,-0.29772288090503585
ROS1-15-0016,2024-04-04,0.1624250749607317,0.08184781016237656,-0.30576155646636194
ROS1-16-0006,2024-04-04,0.18042536003078746,0.05532661999837271,-0.3303028948382006
ROS1-15-0004,2024-04-04,0.1671199930314499,0.06670470150342679,-0.31132442704281277
ROS1-16-0004,2024-04-04,0.19885728206920525,0.04620291986552575,-0.33235535167267216
ROS1-16-0006,2024-04-04,0.1708236267708563,0.05481508787561407,-0.3020038623649499
ROS1-18-0007,2024-04-06,0.5753300026382924,0.3375015876259079,-0.5538325469304388
ROS1-18-0009,2024-04-06,0.40840543312920696,0.21981527249476543,-0.4246511982239703
ROS1-18-0014,2024-04-06,0.18346896036483037,0.06937622781976213,-0.24282150414355483
ROS1-19-0018,2024-04-06,0.6026230020381657,0.33914755020753845,-0.5513786354126348
ROS1-19-0022,2024-04-06,0.16849105323765187,0.07810247314603887,-0.2817403657254703
ROS1-01-0003,2024-04-07,0.5119574370022727,0.27489089776165515,-0.4827393977448933
ROS1-07-0011,2024-04-07,0.3233823456745302,0.12857671983354774,-0.3779859797821775
ROS1-01-0007,2024-04-07,0.46416150352610064,0.22217820292456966,-0.4621458065970243
ROS1-07-0011,2024-04-07,0.3263575778441775,0.1286221846420902,-0.3842884400253679
ROS1-01-0005,2024-04-07,0.7018369408164601,0.42067655532556686,-0.6372448194620083
ROS1-01-0004,2024-04-07,0.15236492374420205,0.056951474280477955,-0.2518924124858839
ROS1-07-0011,2024-04-07,0.3217208635554579,0.1288582761515643,-0.3735222200392774
ROS1-07-0012,2024-04-07,0.5490564792657733,0.3218224361276975,-0.5407439836708288
ROS1-07-0011,2024-04-07,0.32288270611102343,0.1288640531233197,-0.375514041830347
ROS1-07-0018,2024-04-07,0.17905663760471735,0.050665882047113066,-0.2809517963379346
ROS1-15-0006,2024-04-07,0.43916148842462843,0.19591445391243711,-0.509899413725671
ROS1-16-0006,2024-04-07,0.1931543957756377,0.050261002575728894,-0.3703046292575614
ROS1-15-0004,2024-04-07,0.1649768848514302,0.06433172179591884,-0.3269178276181874
ROS1-16-0004,2024-04-07,0.2128842437404413,0.0429525105018996,-0.3832271760780638
ROS1-16-0006,2024-04-07,0.18568206429512213,0.049881144690938344,-0.34729878546203186
ROS1-01-0003,2024-04-09,0.5354708842167392,0.33387292474970265,-0.4861384740877002
ROS1-07-0011,2024-04-09,0.37209138270412706,0.18344831312129123,-0.39424079019178604
ROS1-01-0007,2024-04-09,0.4902766936194713,0.27904216500071266,-0.46407742192477375
ROS1-07-0011,2024-04-09,0.3734675283805225,0.18326631656541087,-0.39662861390711923
ROS1-01-0005,2024-04-09,0.7048772657446717,0.4890377700041635,-0.6280849895256856
ROS1-01-0004,2024-04-09,0.1669669034426406,0.07451850453097918,-0.2492930105477914
ROS1-07-0011,2024-04-09,0.3697024909731311,0.184258791961262,-0.38893915294610315
ROS1-13-0005,2024-04-09,0.22084376267649966,0.0904170622986655,-0.3244333632497635
ROS1-07-0012,2024-04-09,0.5747964944466958,0.385232439839507,-0.5461402057965942
ROS1-07-0011,2024-04-09,0.37037544619495816,0.18406197019023282,-0.39029901518210486
ROS1-07-0018,2024-04-09,0.18507704928229007,0.06761453593241551,-0.27531810591441486
ROS1-13-0013,2024-04-09,0.3004091405443591,0.160436391816929,-0.378349732662069
ROS1-07-0002,2024-04-09,0.7764132170315678,0.5454759832036943,-0.7108909500416035
ROS1-18-0007,2024-04-09,0.6397769923480513,0.3770378766734461,-0.605153485425277
ROS1-18-0009,2024-04-09,0.49338813380869884,0.28906169505917884,-0.4848602201193941
ROS1-18-0014,2024-04-09,0.1917018394991626,0.07993052841040676,-0.2524449672390122
ROS1-19-0018,2024-04-09,0.6276656141884042,0.3505707815647087,-0.5696852015609285
ROS1-19-0022,2024-04-09,0.1747077578971451,0.0793141288533837,-0.2839467691968775
ROS1-14-0017,2024-04-09,0.26527302552995663,0.12039699638420642,-0.3451640181781173
ROS1-15-0006,2024-04-09,0.37392161687859893,0.23259110213647124,-0.3838344051130897
ROS1-16-0004,2024-04-09,0.16693079569997518,0.06456041659119358,-0.23050334026931688
ROS1-18-0007,2024-04-11,0.6446739175292828,0.42411944739175483,-0.5974080950213232
ROS1-18-0009,2024-04-11,0.5372978259461115,0.34049318007131446,-0.5058186533009679
ROS1-18-0014,2024-04-11,0.19293278149637913,0.09244170697481467,-0.24521422923781838
ROS1-19-0018,2024-04-11,0.6347788279410003,0.3741305569829036,-0.5687499627639192
ROS1-19-0022,2024-04-11,0.17251529108921448,0.08397456521019343,-0.2691987547561559
ROS1-01-0003,2024-04-12,0.5338393686354814,0.335376961429387,-0.480609099706363
ROS1-07-0011,2024-04-12,0.3306171586853023,0.18645420294460147,-0.33871912231743506
ROS1-01-0007,2024-04-12,0.47686452485735115,0.2543863935443669,-0.4611789221145355
ROS1-07-0011,2024-04-12,0.33039746870575293,0.18760543167966007,-0.3361185035080976
ROS1-01-0005,2024-04-12,0.7060785846597972,0.45928972373004473,-0.6365139173345306
ROS1-01-0004,2024-04-12,0.1643669053089145,0.07131461382208135,-0.24738433465338971
ROS1-07-0011,2024-04-12,0.34659630180748663,0.18279526462703413,-0.36376730605238644
ROS1-07-0012,2024-04-12,0.604986921912452,0.4024209086256475,-0.5693223354120901
ROS1-07-0011,2024-04-12,0.3278163474960363,0.18781175237287753,-0.3290931467429537
ROS1-15-0004,2024-04-12,0.17445017466533952,0.08447849783464499,-0.2733663469427974
ROS1-16-0004,2024-04-12,0.17429684881396326,0.05524280731613275,-0.25400352145961463
ROS1-01-0003,2024-04-14,0.533972875945053,0.3398919574262891,-0.4802870789826873
ROS1-01-0007,2024-04-14,0.4312282533346596,0.31997273813124333,-0.40710354183390196
ROS1-01-0005,2024-04-14,0.7373152040692418,0.5683174073415748,-0.6557378911969267
ROS1-13-0005,2024-04-14,0.16262180299672824,0.07652152690145428,-0.2755822026309162
ROS1-07-0012,2024-04-14,0.6244865417931862,0.34566528855315126,-0.5614114517187091
ROS1-07-0018,2024-04-14,0.18691088900556355,0.156794328536445,-0.21522191242891617
ROS1-13-0013,2024-04-14,0.27025662386408,0.16220709441975317,-0.33179562793665635
ROS1-07-0002,2024-04-14,0.8160238606537601,0.5815905421684457,-0.744281099253755
ROS1-18-0007,2024-04-14,0.6743626214368352,0.4748643291996516,-0.6175658763583523
ROS1-18-0009,2024-04-14,0.4779480906324196,0.3752601100125514,-0.44708427560381886
ROS1-18-0014,2024-04-14,0.17996207944846737,0.12117249163685981,-0.21705336724005908
ROS1-19-0018,2024-04-14,0.6632854190935309,0.46039530602597234,-0.5866251724269738
ROS1-19-0022,2024-04-14,0.15710084103295074,0.06937800008103996,-0.24251285713690918
ROS1-15-0016,2024-04-14,0.1443323865093971,0.11320881022208262,-0.23448221077220108
ROS1-16-0006,2024-04-14,0.1583513214843992,0.06098127693917772,-0.2728244387324239
ROS1-15-0004,2024-04-14,0.1406687680952962,0.09821082428737334,-0.13910756458641363
ROS1-16-0004,2024-04-14,0.18050349303815894,0.06667139863886226,-0.26150821684864645
ROS1-16-0006,2024-04-14,0.1434994638795785,0.06017502271346539,-0.23079530222133945
ROS1-18-0007,2024-04-14,0.6775129900706058,0.47498920719219834,-0.6212303107134007
ROS1-07-0012,2024-04-17,0.7153165376052365,0.5612457381105832,-0.6534652183822183
ROS1-07-0018,2024-04-17,0.1999225646137798,0.09231958279247922,-0.2905702936754704
ROS1-16-0004,2024-04-17,0.28668677179404206,0.06166485351232771,-0.5293248812223058
ROS1-01-0005,2024-04-19,0.779915935902201,0.7350215254014537,-0.6776229246320891
ROS1-01-0004,2024-04-19,0.1800938256166563,0.09603552337085404,-0.25902800613118965
ROS1-14-0017,2024-04-19,0.3147769968977912,0.2945928105298245,-0.30273977689097953
ROS1-15-0006,2024-04-19,0.5235974469900846,0.34749975614737166,-0.5102185435069001
ROS1-16-0004,2024-04-19,0.19196736256833138,0.05437604772308494,-0.27784492361165
ROS1-01-0003,2024-04-22,0.6282628844277278,0.38864003975927863,-0.5458922304938326
ROS1-07-0011,2024-04-22,0.42964597015591116,0.20234177657148428,-0.4405703876431611
ROS1-01-0007,2024-04-22,0.6203413722310817,0.34575206472103137,-0.5526024700693253
ROS1-07-0011,2024-04-22,0.43137554426626473,0.20160432149830138,-0.4446470240764064
ROS1-01-0005,2024-04-22,0.8293302183583959,0.597644334480125,-0.7331685922794017
ROS1-01-0004,2024-04-22,0.16377695319786406,0.06397655113375494,-0.269985769164425
ROS1-07-0011,2024-04-22,0.42882604092633214,0.2026987402114507,-0.4382402774239482
ROS1-07-0012,2024-04-22,0.7707994347847059,0.5221244748128783,-0.7080921819351653
ROS1-07-0011,2024-04-22,0.42840634776326286,0.20233111035717485,-0.4381747914740673
ROS1-07-0018,2024-04-22,0.1910044467040359,0.0656987626429036,-0.2982576659940515
ROS1-15-0006,2024-04-22,0.6141700340479304,0.3184363460982175,-0.6016878364864762
ROS1-16-0006,2024-04-22,0.18767915171206073,0.06646682029596737,-0.3140537051610885
ROS1-15-0004,2024-04-22,0.20595022423241918,0.08880351694460581,-0.3222999016826321
ROS1-16-0004,2024-04-22,0.20324208290978224,0.0553818869783543,-0.30553096553036097
ROS1-16-0006,2024-04-22,0.1863280681624424,0.06643118622677036,-0.30944935182929606
ROS1-18-0007,2024-04-26,0.5400021261069499,0.5302207222739662,-0.5176484755668436
ROS1-18-0009,2024-04-26,0.5123105408009325,0.5278022148507228,-0.4775957327421522
ROS1-18-0014,2024-04-26,0.2868314924140564,0.26434458434667674,-0.2895049104505035
ROS1-19-0018,2024-04-26,0.5524475636068386,0.578033732002145,-0.5060335029219827
ROS1-19-0022,2024-04-26,0.17923463121225003,0.153064139112677,-0.22710484250752802
ROS1-16-0006,2024-04-27,0.18553018957310374,0.0821135976208081,-0.26844010372712396
ROS1-16-0004,2024-04-27,0.1956729837201301,0.07911895240415881,-0.2516025416465466
ROS1-16-0006,2024-04-27,0.17593609384822925,0.07315376653092902,-0.2816014933483621
ROS1-07-0002,2024-04-29,0.6220998997605153,0.7307950213979078,-0.5765310104627306
ROS1-18-0009,2024-05-01,0.683533534967404,0.4518106973638787,-0.5926990155756569
ROS1-18-0014,2024-05-01,0.44945871847211927,0.29931976239287933,-0.400098153192877
ROS1-07-0012,2024-05-02,0.8194075329500262,0.5982345273614831,-0.7496110901249795
ROS1-15-0006,2024-05-02,0.556998760336324,0.36694251211999607,-0.5332849298299103
ROS1-16-0006,2024-05-02,0.1788952091370649,0.0853387912958237,-0.2622926017689364
ROS1-15-0004,2024-05-02,0.2282074857381247,0.11111784260132089,-0.2938789223222773
ROS1-16-0006,2024-05-02,0.17731245363208187,0.08352585176027612,-0.264583238481168
ROS1-01-0003,2024-05-02,0.6186091046548703,0.39006270257757797,-0.5677703879026212
ROS1-07-0011,2024-05-02,0.5187308235397233,0.27356843207019593,-0.4984419651409304
ROS1-01-0007,2024-05-02,0.6201158084761434,0.35524787572153804,-0.5691792670853604
ROS1-07-0011,2024-05-02,0.5189750092874631,0.2727678747646884,-0.5002158357587986
ROS1-01-0005,2024-05-02,0.803496632840504,0.597277211327787,-0.7219336052435603
ROS1-01-0004,2024-05-02,0.16605808175135328,0.07113854246159144,-0.2644418813270001
ROS1-07-0011,2024-05-02,0.5163179763609416,0.27436769427730784,-0.49436774528886407
ROS1-07-0012,2024-05-02,0.8207215818727606,0.5973671660027592,-0.7510288240955475
ROS1-07-0011,2024-05-02,0.5220641298699429,0.274769875551132,-0.5018684404633728
ROS1-07-0018,2024-05-02,0.21373438181278534,0.08412855487803249,-0.3009365974816393
ROS1-01-0003,2024-05-04,0.6360409426037302,0.42810863228972845,-0.5746315503955205
ROS1-07-0011,2024-05-04,0.5882426528668384,0.33428833670552904,-0.5553533655483444
ROS1-01-0007,2024-05-04,0.657099091980602,0.4281668335567379,-0.5905693789549877
ROS1-07-0011,2024-05-04,0.5789574089907243,0.33298381102866387,-0.5453477313266883
ROS1-01-0005,2024-05-04,0.8077005516272969,0.6431427259632029,-0.7255068128872141
ROS1-01-0004,2024-05-04,0.1598279758243543,0.07148239288008491,-0.27103709861117686
ROS1-07-0011,2024-05-04,0.5745444450975673,0.3345384038850935,-0.5382331138022828
ROS1-13-0005,2024-05-04,0.28634262788984527,0.13487743979806133,-0.3749979155001884
ROS1-07-0012,2024-05-04,0.8292362857837088,0.6481035757390636,-0.7518008386542846
ROS1-07-0011,2024-05-04,0.5743190717492066,0.3343798813788146,-0.5378810920754934
ROS1-07-0018,2024-05-04,0.19352605252053476,0.08088441762701451,-0.29895949577293557
ROS1-13-0013,2024-05-04,0.41529182666648123,0.2202115907693241,-0.46275364694280385
ROS1-07-0002,2024-05-04,0.8917223358677142,0.7481249190882959,-0.8203771532607282
ROS1-18-0007,2024-05-04,0.8477547429482359,0.5702704495516037,-0.7738790628657173
ROS1-18-0009,2024-05-04,0.8074510607216947,0.5780191576979536,-0.7274151847186806
ROS1-18-0014,2024-05-04,0.47369744721900525,0.2746181814119621,-0.44149998146884606
ROS1-19-0018,2024-05-04,0.8736341276792559,0.6916582062925497,-0.770409453741621
ROS1-19-0022,2024-05-04,0.1810801394737976,0.0854708815134711,-0.30583592965007583
ROS1-15-0016,2024-05-04,0.2414647628104688,0.14081044540297627,-0.3473365028490111
ROS1-14-0017,2024-05-04,0.3707203472082738,0.18977630030903594,-0.4279546660885209
ROS1-15-0006,2024-05-04,0.672504030656736,0.3663896843676153,-0.6469462848011323
ROS1-16-0006,2024-05-04,0.206775509693066,0.08125278693711872,-0.3338451759748168
ROS1-15-0004,2024-05-04,0.21621636015593837,0.07964232380035619,-0.33161575205477895
ROS1-16-0004,2024-05-04,0.2142801409684583,0.06952459247255605,-0.32542105956903883
ROS1-16-0006,2024-05-04,0.20508805093989754,0.08126282564944734,-0.3286547900596195
ROS1-18-0007,2024-05-06,0.8553104972198622,0.6545538672704113,-0.7777400898631868
ROS1-18-0009,2024-05-06,0.8015807041197679,0.6322585109538879,-0.7124563032011345
ROS1-18-0014,2024-05-06,0.48174168892556024,0.31372152467679437,-0.437865390802255
ROS1-19-0018,2024-05-06,0.8603149939433995,0.7459932421159362,-0.7490759432952173
ROS1-19-0022,2024-05-06,0.16046870906091823,0.0847252260744291,-0.284266932524733
ROS1-01-0003,2024-05-07,0.588293012139295,0.34829969248571196,-0.5610539538169471
ROS1-07-0011,2024-05-07,0.5399477506938454,0.27031870754055537,-0.5279266107027341
ROS1-01-0007,2024-05-07,0.6265020518402631,0.3591832755865426,-0.5725255038772677
ROS1-07-0011,2024-05-07,0.5341703677269337,0.26903605064370656,-0.521984563426415
ROS1-01-0005,2024-05-07,0.7871278649369766,0.5671890796048763,-0.7192962288309264
ROS1-01-0004,2024-05-07,0.16985162851739585,0.07267725820346188,-0.26971607681470994
ROS1-07-0011,2024-05-07,0.5326728371332992,0.27058333107651905,-0.5176001829347148
ROS1-07-0012,2024-05-07,0.8073040839154303,0.5741865783197284,-0.7425390800244052
ROS1-07-0011,2024-05-07,0.5349101187168561,0.2705975643243847,-0.5205745115190561
ROS1-07-0018,2024-05-07,0.20397817635008583,0.07756091209427031,-0.2962834557455583
ROS1-15-0006,2024-05-07,0.6231336395513011,0.32640550468346863,-0.604386482738326
ROS1-16-0006,2024-05-07,0.20370676953391856,0.08312216104351539,-0.30531305964849204
ROS1-15-0004,2024-05-07,0.20646661435238245,0.07843897315749714,-0.3008898683219782
ROS1-16-0004,2024-05-07,0.2005086875669235,0.07138128603901145,-0.28479377155937885
ROS1-16-0006,2024-05-07,0.20276301817423395,0.08288337106927496,-0.30359683833631007
ROS1-01-0003,2024-05-09,0.5237650408231769,0.42452128752967794,-0.48190462045411475
ROS1-07-0011,2024-05-09,0.5883712433801828,0.33483216810685495,-0.5810504557770928
ROS1-07-0011,2024-05-09,0.555637579815948,0.3354766947120331,-0.5388478173072676
ROS1-07-0011,2024-05-09,0.5641560203122729,0.33621375375461193,-0.5481992107767082
ROS1-13-0005,2024-05-09,0.31453526419095845,0.23685896386466043,-0.3407136334174864
ROS1-07-0011,2024-05-09,0.5404925179199264,0.3345005433087972,-0.5189000690270349
ROS1-07-0018,2024-05-09,0.21861556881047767,0.09874079381243345,-0.30800128062573834
ROS1-13-0013,2024-05-09,0.4368221866365655,0.24159093187581898,-0.4788370845060476
ROS1-07-0002,2024-05-09,0.8764766345074174,0.7358855448583607,-0.806192661406174
ROS1-18-0009,2024-05-09,0.7379820012767128,0.6089701516847394,-0.6660386942855123
ROS1-18-0014,2024-05-09,0.5627655828532968,0.38399076935244525,-0.4886103473366729
ROS1-19-0018,2024-05-09,0.8276692250273918,0.7701431484652803,-0.7177682655053274
ROS1-15-0016,2024-05-09,0.22410146730908065,0.13909219656518876,-0.33103975932147517
ROS1-15-0006,2024-05-09,0.6309419958509458,0.3514980782197855,-0.6159891422939447
ROS1-16-0006,2024-05-09,0.21799923429923093,0.09457667097031673,-0.33422233843624694
ROS1-15-0004,2024-05-09,0.20076660103718175,0.08166257284555957,-0.3123652007361067
ROS1-16-0004,2024-05-09,0.20691507708804607,0.07123393396151943,-0.31581609577073816
ROS1-16-0006,2024-05-09,0.21533408551056582,0.09482278569180581,-0.32541533772997744
ROS1-18-0007,2024-05-11,0.8370684055359632,0.6804797699761375,-0.76136810042625
ROS1-19-0018,2024-05-11,0.8319789580260243,0.8896433694988242,-0.721480764128202
ROS1-19-0022,2024-05-11,0.16150948995455416,0.08020704774612461,-0.2847059326249335
ROS1-01-0007,2024-05-12,0.638647491124268,0.421173673348082,-0.5795851660754204
ROS1-01-0005,2024-05-12,0.7724764776577228,0.6113607608986262,-0.7154782617684254
ROS1-01-0004,2024-05-12,0.17561155641892506,0.08757699602735759,-0.2716815598929155
ROS1-07-0018,2024-05-12,0.20967725335421633,0.1212374133351808,-0.2678927738411356
ROS1-15-0006,2024-05-12,0.6291381611278251,0.3842728161542387,-0.6089276723867781
ROS1-15-0004,2024-05-12,0.17896988706840228,0.0760874278917508,-0.2809112067755539
ROS1-01-0003,2024-05-14,0.5318529308419785,0.4152984733995947,-0.5058811407676562
ROS1-07-0011,2024-05-14,0.5813849019563718,0.3604298040998376,-0.5386576350816876
ROS1-07-0011,2024-05-14,0.5888004499595175,0.3645060388503673,-0.5463884247751128
ROS1-07-0011,2024-05-14,0.5778465115636913,0.3639748026264845,-0.5315864309256759
ROS1-07-0012,2024-05-14,0.7358688825605002,0.5716262027459307,-0.6625427466493643
ROS1-07-0011,2024-05-14,0.582730628227293,0.3660841454572088,-0.5364196591139263
ROS1-19-0018,2024-05-14,0.8072796073016507,0.7473153321050331,-0.7088950338590859
ROS1-15-0006,2024-05-14,0.5444638591750071,0.4475999304971177,-0.5345759493817205
ROS1-07-0012,2024-05-17,0.7065388038184516,0.755932303698453,-0.6523983333179368
ROS1-15-0006,2024-05-17,0.6709712643506164,0.381464362130483,-0.6622832974802071
ROS1-16-0004,2024-05-17,0.18832603968895986,0.0746752669881443,-0.29387536406308296
ROS1-07-0011,2024-05-19,0.5238056493122171,0.4347135025410969,-0.4856746885640758
ROS1-07-0011,2024-05-19,0.5185370280841018,0.4290883257831228,-0.4759270724467322
ROS1-01-0004,2024-05-19,0.09944368595372952,0.0709875466260243,-0.1544881532198476
ROS1-07-0011,2024-05-19,0.5247751394167048,0.4235578763096778,-0.47565984827903907
ROS1-07-0012,2024-05-19,0.8283275571737715,0.6882492359911161,-0.7405542472719657
ROS1-07-0011,2024-05-19,0.5002852192058149,0.4593358536936594,-0.45759767974065346
ROS1-07-0018,2024-05-19,0.24291546291835503,0.12080408177180466,-0.2895163783665062
ROS1-13-0013,2024-05-19,0.33053020076243295,0.2351339638819453,-0.358598654423923
ROS1-15-0016,2024-05-19,0.11317924747214612,0.06612271756484889,-0.25278199773377497
ROS1-14-0017,2024-05-19,0.28757379295061786,0.15835847021213706,-0.3540694884430163
ROS1-16-0006,2024-05-19,0.14938424468833122,0.07230077734026946,-0.26137279278504155
ROS1-15-0004,2024-05-19,0.11106987245546449,0.06868599103903518,-0.22345817901649598
ROS1-16-0004,2024-05-19,0.06732920137483119,0.028324284728294295,-0.20553884354936128
ROS1-16-0006,2024-05-19,0.14754745414178352,0.07265504385226929,-0.2533647570575942
ROS1-18-0007,2024-05-21,0.8183966762615482,0.5987740412733559,-0.7429987670010776
ROS1-18-0014,2024-05-21,0.1548707833256804,0.06768736362933586,-0.23066876595965777
ROS1-19-0018,2024-05-21,0.8673230268202363,0.8356339949179349,-0.7609120455413738
ROS1-19-0022,2024-05-21,0.1628267765789602,0.08605876554764388,-0.28059449604582015
ROS1-01-0003,2024-05-22,0.5787754272677657,0.36031298500568354,-0.5631473094336401
ROS1-07-0011,2024-05-22,0.6490550051639055,0.34345467240355954,-0.6126484365383926
ROS1-01-0007,2024-05-22,0.6452117933813694,0.3975233527618434,-0.590826600369604
ROS1-07-0011,2024-05-22,0.6521477863375512,0.34217210826812283,-0.617800046734977
ROS1-01-0005,2024-05-22,0.7516342495766483,0.5397138649121584,-0.7046738713455688
ROS1-01-0004,2024-05-22,0.16038955594635973,0.06728737539087129,-0.27449930790987503
ROS1-07-0011,2024-05-22,0.6403981279736881,0.34393428168023993,-0.6007332673430472
ROS1-07-0012,2024-05-22,0.813907492324109,0.6170791876009231,-0.7428116787058328
ROS1-07-0011,2024-05-22,0.6517474692474579,0.3440939148608376,-0.615166768834219
ROS1-07-0018,2024-05-22,0.29027831383489017,0.11088624654858532,-0.3611990426629176
ROS1-15-0006,2024-05-22,0.5454822132172209,0.34219030381286425,-0.548465055468776
ROS1-16-0006,2024-05-22,0.1662138973422234,0.0807683093952772,-0.269742400015927
ROS1-16-0004,2024-05-22,0.15853979338689,0.07560811361928202,-0.2038332161505797
ROS1-16-0006,2024-05-22,0.1645745103832211,0.08137301504457098,-0.2616917388172361
ROS1-15-0006,2024-05-24,0.5543580685316984,0.31111573697392875,-0.5795688034624142
ROS1-16-0006,2024-05-24,0.1846717998385613,0.08072963153876522,-0.3226131415009066
ROS1-16-0004,2024-05-24,0.20934902328124558,0.0674692822510175,-0.33441519297106875
ROS1-16-0006,2024-05-24,0.1839636606047663,0.08167703060093962,-0.31518095684185254
ROS1-01-0003,2024-05-24,0.5951848026510855,0.39075437457006307,-0.5651766469122541
ROS1-07-0011,2024-05-24,0.7227167915986021,0.42912483609891205,-0.6760905211219007
ROS1-01-0007,2024-05-24,0.6487753082201076,0.44645013982627285,-0.5815263004865584
ROS1-07-0011,2024-05-24,0.7120715922442996,0.4263375444845502,-0.661859383236946
ROS1-01-0005,2024-05-24,0.7400528216919435,0.5678327425401037,-0.6825236142308723
ROS1-01-0004,2024-05-24,0.12278959918749764,0.05216965778286831,-0.24926317379576696
ROS1-07-0011,2024-05-24,0.6830680835975677,0.42691431241456124,-0.6296323974614937
ROS1-13-0005,2024-05-24,0.2813637917791605,0.1354635408924013,-0.3647709782863458
ROS1-07-0012,2024-05-24,0.8001798017582539,0.638839859929656,-0.722907065212867
ROS1-07-0011,2024-05-24,0.6919973676604737,0.42761436338750247,-0.6369513979570007
ROS1-07-0018,2024-05-24,0.25826846415854665,0.10921349197812451,-0.3422373144768805
ROS1-13-0013,2024-05-24,0.3405823759255594,0.17968164430710198,-0.42097562270741223
ROS1-07-0002,2024-05-24,0.8234616106311555,0.6988169130778529,-0.7422637067514499
ROS1-18-0007,2024-05-24,0.8058290634336585,0.5235686238498051,-0.7381102968659045
ROS1-18-0009,2024-05-24,0.7811720918286377,0.5477811886822187,-0.7107798826913583
ROS1-18-0014,2024-05-24,0.14335732486278432,0.06671086478412017,-0.22679109977176923
ROS1-19-0018,2024-05-24,0.8729805562527019,0.6997671023702076,-0.7743149680889825
ROS1-19-0022,2024-05-24,0.18963152929112911,0.09152467528444659,-0.30136502425348083
ROS1-15-0016,2024-05-24,0.18430766543379926,0.09340962614979742,-0.31339272336131785
ROS1-14-0017,2024-05-24,0.40852090837753774,0.2344732730567691,-0.4419190024334223
ROS1-15-0006,2024-05-24,0.5570959475693174,0.30991112372523116,-0.5852717680781173
ROS1-15-0004,2024-05-24,0.17859174265347708,0.07645638840383935,-0.31274697554733594
ROS1-07-0011,2024-05-27,0.5049637836940988,0.4649759352175345,-0.47578307691054916
ROS1-07-0011,2024-05-27,0.4540015131646474,0.5637868081351621,-0.39253390519273934
ROS1-15-0006,2024-05-27,0.48165535551901545,0.16157138166511884,-0.4935917851750273
ROS1-16-0006,2024-05-27,0.17178000149434933,0.07237477588700754,-0.29701798488673437
ROS1-16-0004,2024-05-27,0.19489697916822496,0.06315863263113553,-0.3091193626908297
ROS1-16-0006,2024-05-27,0.17142450365738438,0.07292409581777935,-0.2921689932370391
ROS1-07-0012,2024-05-29,0.540771848057183,0.594931363857393,-0.4507023022437236
ROS1-19-0022,2024-05-29,0.20313568873103055,0.13724567805877871,-0.2611016985921114
ROS1-14-0017,2024-05-29,0.37653661251219905,0.26265511833308625,-0.4027577639781429
ROS1-15-0006,2024-05-29,0.4469022776773988,0.27320203855491715,-0.48675142438710256
ROS1-16-0006,2024-05-29,0.1720333373305919,0.07946105345891502,-0.300154997458621
ROS1-15-0004,2024-05-29,0.18731172957595957,0.09339249156219798,-0.28572570452208496
ROS1-16-0004,2024-05-29,0.23115785980499165,0.09451508055568483,-0.31958884829171497
ROS1-16-0006,2024-05-29,0.1689673087332694,0.08146740232665907,-0.280488927703887
ROS1-01-0003,2024-06-01,0.5799753486664941,0.3381565424021972,-0.5748037842629949
ROS1-07-0011,2024-06-01,0.8094014038565223,0.4047719363901872,-0.7511777498594894
ROS1-01-0007,2024-06-01,0.6024038127597863,0.4128671727920252,-0.5491965349073328
ROS1-07-0011,2024-06-01,0.7942693087116759,0.4030991213852783,-0.7343141941583735
ROS1-07-0011,2024-06-01,0.7809280584657495,0.40544538542109126,-0.715933026759692
ROS1-07-0012,2024-06-01,0.7752702404505519,0.6176706289767667,-0.7124729921994812
ROS1-07-0011,2024-06-01,0.7718732113990738,0.40521111303509194,-0.7049701521513803
ROS1-07-0018,2024-06-01,0.32007072568813905,0.13765821305626444,-0.3858363996195111
ROS1-15-0006,2024-06-01,0.4103827218627717,0.22948193451916443,-0.4845224623587878
ROS1-16-0006,2024-06-01,0.17168382926317602,0.0735526374175411,-0.29483278674996277
ROS1-15-0004,2024-06-01,0.17018463196289726,0.07448519124344051,-0.2881415397822635
ROS1-16-0004,2024-06-01,0.22513582827924108,0.0761079069787686,-0.3135616588662086
ROS1-16-0006,2024-06-01,0.17064046332152816,0.07353296421976599,-0.2906019628232573
ROS1-01-0003,2024-06-03,0.5230057404830937,0.32573907174559663,-0.5166208743522961
ROS1-07-0011,2024-06-03,0.7574505432909985,0.42874443358306685,-0.7212941064692013
ROS1-01-0007,2024-06-03,0.5802426194234157,0.37120908558444243,-0.5402667300067525
ROS1-07-0011,2024-06-03,0.7570570023353679,0.4284069490802006,-0.7212071927414252
ROS1-01-0005,2024-06-03,0.5604583519443131,0.37936214735508056,-0.5904332272018465
ROS1-01-0004,2024-06-03,0.12921238231505291,0.04776501938854722,-0.2876251958744838
ROS1-07-0011,2024-06-03,0.7413848445522665,0.4321510108104779,-0.6988760136435586
ROS1-13-0005,2024-06-03,0.35400815847345435,0.16289590181166305,-0.4476279025489279
ROS1-07-0012,2024-06-03,0.7376147448638495,0.5750248333713692,-0.6792278383940313
ROS1-07-0011,2024-06-03,0.734485230458134,0.431803169785739,-0.690735478489289
ROS1-07-0018,2024-06-03,0.2953209582198435,0.13857046436884343,-0.38597951253165874
ROS1-13-0013,2024-06-03,0.3692335393634145,0.19558716955970915,-0.45495981967533705
ROS1-07-0002,2024-06-03,0.7154527672693984,0.545574364231311,-0.6837930810489204
ROS1-18-0007,2024-06-03,0.6519339017880121,0.3660237107207881,-0.6394138181775738
ROS1-18-0009,2024-06-03,0.7219655494614294,0.45261450385324614,-0.6863802450009039
ROS1-18-0014,2024-06-03,0.11359710192433742,0.04829918345658881,-0.22258970200018804
ROS1-19-0018,2024-06-03,0.8291610715695522,0.5959327554845153,-0.7444217795032497
ROS1-19-0022,2024-06-03,0.3612882923142638,0.15162936772289182,-0.4348935486089583
ROS1-15-0016,2024-06-03,0.16903053350075573,0.09087480111128965,-0.2802523850366286
ROS1-14-0017,2024-06-03,0.35966012818837073,0.19660340745543284,-0.41364214258009135
ROS1-16-0006,2024-06-03,0.16519466803306232,0.14324066573300387,-0.219957110814042
ROS1-16-0006,2024-06-03,0.16071043931890444,0.14729314875011837,-0.21286680760707669
ROS1-18-0007,2024-06-05,0.5440007029680334,0.33546761290580535,-0.5722044547725061
ROS1-18-0009,2024-06-05,0.6647040071198334,0.454306439114132,-0.6485623657873889
ROS1-18-0014,2024-06-05,0.08895492484533485,0.0432659964589645,-0.20329502027118668
ROS1-19-0018,2024-06-05,0.7549003422491799,0.5697867563792659,-0.6903882903776928
ROS1-19-0022,2024-06-05,0.32473136003258846,0.15939135408026905,-0.4144790377539443
ROS1-01-0005,2024-06-06,0.4066028359123967,0.27599254096835896,-0.445802839473903
ROS1-01-0004,2024-06-06,0.18566783298137182,0.11432645912156365,-0.2177981293427124
ROS1-07-0018,2024-06-06,0.34178636796260725,0.16775987294610323,-0.39840064399484454
ROS1-16-0006,2024-06-06,0.22356313395436733,0.10419426790536365,-0.31575083715577384
ROS1-16-0004,2024-06-06,0.37628545590876517,0.1192908241216279,-0.4569886449510646
ROS1-16-0006,2024-06-06,0.21388710725702595,0.10618822727733553,-0.2867533613300159
ROS1-01-0003,2024-06-08,0.29860150443643074,0.19122821167279014,-0.42012895408599726
ROS1-07-0011,2024-06-08,0.7316031816213192,0.4780417065275204,-0.7028478727982239
ROS1-01-0007,2024-06-08,0.43737703030983316,0.3315629163214565,-0.4559771652910726
ROS1-07-0011,2024-06-08,0.6930008973921549,0.4798756107658165,-0.6544497840342912
ROS1-01-0004,2024-06-08,0.14863894342801576,0.07516922317031895,-0.2420442710068674
ROS1-07-0011,2024-06-08,0.6907777235791784,0.4817545055982958,-0.6470584990117224
ROS1-13-0005,2024-06-08,0.3830093333035735,0.24232703126133756,-0.4145152426727997
ROS1-07-0011,2024-06-08,0.6901906440913727,0.48149017029608954,-0.6469543959803408
ROS1-07-0018,2024-06-08,0.3051415618933399,0.1924392944654387,-0.3513077141796385
ROS1-07-0002,2024-06-08,0.5036434022606635,0.4103247848019186,-0.5599731708330993
ROS1-19-0018,2024-06-08,0.5854988433934981,0.4418724718266564,-0.5841080796626014
ROS1-15-0016,2024-06-08,0.1497174667058027,0.08584461681894026,-0.25746887233166893
ROS1-14-0017,2024-06-08,0.39577944171927343,0.2686952739494143,-0.43265380244146506
ROS1-15-0004,2024-06-08,0.1421279971242614,0.07439973822000444,-0.2523837194309498
ROS1-18-0009,2024-06-10,0.5388886445942398,0.38355967701904803,-0.5770101304945773
ROS1-18-0014,2024-06-10,0.19744751136006738,0.15323079154803296,-0.22790088728483504
ROS1-19-0018,2024-06-10,0.5297349488284073,0.35928174694672815,-0.5840631321463358
ROS1-19-0022,2024-06-10,0.5598469089763908,0.23854678918737557,-0.558611630970226
ROS1-07-0011,2024-06-11,0.6873803216145666,0.4436582435520084,-0.6577362703997863
ROS1-01-0007,2024-06-11,0.3217682712493282,0.1753185272440222,-0.4509311147613151
ROS1-07-0011,2024-06-11,0.6838094762414806,0.4413976624487151,-0.6522792452865606
ROS1-01-0005,2024-06-11,0.2918481147749607,0.1678917271801413,-0.5094247958335478
ROS1-01-0004,2024-06-11,0.18540555707361422,0.06568904000006638,-0.3250972560078463
ROS1-07-0011,2024-06-11,0.668933946192042,0.440577024477389,-0.626936502256178
ROS1-07-0012,2024-06-11,0.5992542867606352,0.40783843524097696,-0.6118071596085211
ROS1-07-0011,2024-06-11,0.6792598707182461,0.441017146585232,-0.6412043658977372
ROS1-07-0018,2024-06-11,0.34149900523262533,0.15679255783175666,-0.4474781341044692
ROS1-15-0006,2024-06-11,0.2792540036122729,0.1540663645407287,-0.42227320681645764
ROS1-16-0006,2024-06-11,0.1891480703732275,0.10852704982590299,-0.2628940879518013
ROS1-15-0004,2024-06-11,0.174245576852706,0.08105482934206945,-0.2754257071532718
ROS1-16-0004,2024-06-11,0.4281220083377263,0.196273564874694,-0.4164342192111516
ROS1-16-0006,2024-06-11,0.18485279765372503,0.10500149765962175,-0.2629455723384483
ROS1-01-0003,2024-06-13,0.23354285712797154,0.1548452637392291,-0.3873047375540871
ROS1-07-0011,2024-06-13,0.6096231694222777,0.3712630999526931,-0.6061245102111662
ROS1-01-0007,2024-06-13,0.2636855709860771,0.16390509644575493,-0.40744748462649916
ROS1-07-0011,2024-06-13,0.5892564160706313,0.37206853964978637,-0.5775090758385408
ROS1-01-0005,2024-06-13,0.24855297681774557,0.15560682649726928,-0.4464962235583152
ROS1-01-0004,2024-06-13,0.1949962808913824,0.08714454737608752,-0.2864461788610624
ROS1-07-0011,2024-06-13,0.6275988899472336,0.3710372311075298,-0.6314937102461278
ROS1-13-0005,2024-06-13,0.4585155980753244,0.2114928943932673,-0.5122346469213409
ROS1-07-0012,2024-06-13,0.4857586658878585,0.3483863152528357,-0.5305275464734517
ROS1-07-0011,2024-06-13,0.6003695587401426,0.37364133611755923,-0.5915444387374815
ROS1-13-0013,2024-06-13,0.3733422341064477,0.21228986124579255,-0.4294143317815974
ROS1-19-0022,2024-06-13,0.6287827456227724,0.43616605739133263,-0.5463106295749109
ROS1-15-0006,2024-06-13,0.22434986673860308,0.14662153883917745,-0.35701907946022393
ROS1-18-0009,2024-06-15,0.3676344789462943,0.24591431838824404,-0.4364816750862283
ROS1-19-0018,2024-06-15,0.33292925192084355,0.2181181419331155,-0.5090875373663666
ROS1-15-0006,2024-06-16,0.23916398777250986,0.10979326390361425,-0.4435897265130698
ROS1-16-0006,2024-06-16,0.28624526149878404,0.1266171581138417,-0.35786784618846634
ROS1-15-0004,2024-06-16,0.19063917930166732,0.08259138662730352,-0.29800239340027007
ROS1-16-0004,2024-06-16,0.6551622898728086,0.3101586810702974,-0.5293102020282394
ROS1-16-0006,2024-06-16,0.2939739104932139,0.12787337478141042,-0.37276320402266816
ROS1-01-0007,2024-06-18,0.2439770191769974,0.1660069128246018,-0.3651154423455381
ROS1-01-0005,2024-06-18,0.16873273414669246,0.10806645518754206,-0.335147788160007
ROS1-01-0004,2024-06-18,0.28191804793955094,0.16244535083937325,-0.3281214170617791
ROS1-13-0005,2024-06-18,0.5020441235673133,0.2955716349161395,-0.4873757943736518
ROS1-18-0007,2024-06-18,0.20698187709763383,0.1075251560788255,-0.3492471985387196
ROS1-18-0009,2024-06-18,0.32464605393716695,0.17540285948142056,-0.41846721486855654
ROS1-18-0014,2024-06-18,0.1663767020776153,0.09784105634830491,-0.2263040549168381
ROS1-19-0018,2024-06-18,0.2759041538371618,0.16990446934818976,-0.43879669742036936
ROS1-14-0017,2024-06-18,0.32146614209332836,0.21101145544365632,-0.37041737941633274
ROS1-16-0006,2024-06-18,0.3288944689056652,0.1932509991119378,-0.33458053878117316
ROS1-15-0004,2024-06-18,0.16416915872587917,0.07823272554475147,-0.26957343846129134
ROS1-16-0006,2024-06-18,0.30393501892942204,0.1855476560671887,-0.3054973195686268
ROS1-18-0007,2024-06-20,0.17035212768167143,0.09462748385067475,-0.34727094958600196
ROS1-18-0009,2024-06-20,0.2794770683810617,0.14856325276285448,-0.42618862147482856
ROS1-18-0014,2024-06-20,0.17797046907263728,0.11129661830122062,-0.24701487668101596
ROS1-19-0018,2024-06-20,0.2611911378089004,0.13671601895729527,-0.475738902622835
ROS1-19-0022,2024-06-20,0.8407756468984519,0.5805838941989505,-0.7315270198821721
ROS1-01-0003,2024-06-21,0.22918798602102883,0.11900830858391519,-0.3878720379590574
ROS1-07-0011,2024-06-21,0.43210223673567744,0.23224829854669543,-0.49896871381251057
ROS1-01-0007,2024-06-21,0.2523529969557033,0.13614298600105018,-0.39235793532262814
ROS1-07-0011,2024-06-21,0.4326516391147904,0.23214579445957095,-0.5001580451347376
ROS1-01-0005,2024-06-21,0.19609380394605422,0.11390216348131274,-0.36937931468580104
ROS1-01-0004,2024-06-21,0.34983015175227317,0.2192904866333237,-0.3897372731088091
ROS1-07-0011,2024-06-21,0.43211212339277927,0.2338972206864269,-0.498721794390552
ROS1-07-0012,2024-06-21,0.3589200176749824,0.20271674068526332,-0.5156234660505048
ROS1-07-0011,2024-06-21,0.43057513913328305,0.23262828555619028,-0.49532394473349506
ROS1-07-0018,2024-06-21,0.3420357721292141,0.1833280400367885,-0.3954415897068231
ROS1-15-0004,2024-06-21,0.20780069173972537,0.148911782022613,-0.2708071604818501
ROS1-01-0003,2024-06-23,0.17585310028563603,0.14768432932924258,-0.31782564288747117
ROS1-07-0011,2024-06-23,0.32474032459557894,0.17880892536625445,-0.44339370528093014
ROS1-01-0007,2024-06-23,0.19810761754693984,0.10915577862835824,-0.33733172448004467
ROS1-07-0011,2024-06-23,0.32678277929748384,0.1831745818681741,-0.4360388344910109
ROS1-01-0005,2024-06-23,0.1749249883690706,0.13340560591889866,-0.29861841842786674
ROS1-01-0004,2024-06-23,0.31472217754110615,0.2516576122051001,-0.34103313636808275
ROS1-07-0011,2024-06-23,0.3249242417811837,0.18534388879835556,-0.42767522455514095
ROS1-13-0005,2024-06-23,0.5259202689050696,0.273380654251055,-0.5334602242138559
ROS1-07-0012,2024-06-23,0.30272806338593233,0.17922119429256,-0.45093885469114303
ROS1-07-0011,2024-06-23,0.3250197037158609,0.1854115031536321,-0.42693900069638974
ROS1-07-0018,2024-06-23,0.31013963279833084,0.18811142940415387,-0.3736765678581663
ROS1-13-0013,2024-06-23,0.3988271718269285,0.20488210750761765,-0.4551572059815696
ROS1-07-0002,2024-06-23,0.2509497819326026,0.1496325498122756,-0.45393062540181867
ROS1-18-0007,2024-06-23,0.2065799875255059,0.10985398752095622,-0.35743689907901455
ROS1-18-0009,2024-06-23,0.2690394296527858,0.134385570313705,-0.4156081037322383
ROS1-18-0014,2024-06-23,0.21851315225178744,0.12517665125000904,-0.27519122853029737
ROS1-19-0018,2024-06-23,0.27058049876332907,0.130053201061673,-0.46400785534241346
ROS1-19-0022,2024-06-23,0.8366835319170834,0.5984599911833142,-0.7266510300135361
ROS1-14-0017,2024-06-23,0.2802277417598211,0.23517742632720554,-0.3171420314125322
ROS1-16-0006,2024-06-23,0.31682822175708736,0.2710365035130223,-0.3152593062589713
ROS1-16-0006,2024-06-23,0.3415226100382372,0.2435007125647642,-0.34583376958229767
ROS1-18-0007,2024-06-25,0.19487076723369517,0.14642296906454538,-0.33937838606426635
ROS1-07-0011,2024-06-26,0.29715877458153844,0.15932877443828738,-0.44348681174289456
ROS1-01-0007,2024-06-26,0.2488464930253103,0.15025828825393428,-0.39231941135121434
ROS1-07-0011,2024-06-26,0.2906984619059397,0.1482967360417155,-0.4698810384663795
ROS1-01-0005,2024-06-26,0.18413531634205926,0.1413211756100576,-0.34064436505362117
ROS1-01-0004,2024-06-26,0.4458207170506554,0.4074815581033059,-0.42552575497043305
ROS1-07-0011,2024-06-26,0.2971809111697463,0.16053758750514985,-0.4389580654503455
ROS1-07-0012,2024-06-26,0.3597681648413174,0.22857482609554977,-0.4898774992729881
ROS1-07-0011,2024-06-26,0.2973028277510357,0.15969501040373174,-0.4431218352079786
ROS1-07-0018,2024-06-26,0.5060974621329037,0.3463003215587252,-0.5043512758153658
ROS1-15-0006,2024-06-26,0.23678131158316193,0.12365200672649455,-0.4138657787850576
ROS1-01-0003,2024-06-26,0.1822653231844164,0.1356687175399692,-0.34411785283570523
ROS1-01-0003,2024-06-28,0.16933006022759192,0.13472262456062067,-0.32812979108842144
ROS1-07-0011,2024-06-28,0.23854114379606897,0.13249626977019893,-0.4147327666555656
ROS1-01-0007,2024-06-28,0.2287846652447001,0.15507248144969335,-0.3669379792407474
ROS1-07-0011,2024-06-28,0.2370136478881888,0.1306648725057997,-0.41781933239238206
ROS1-01-0005,2024-06-28,0.17298258308717837,0.13471065359189172,-0.33520804129212917
ROS1-01-0004,2024-06-28,0.566672900452829,0.5128523975404063,-0.5313640490890748
ROS1-07-0011,2024-06-28,0.23529956909450012,0.13132564401333802,-0.410648988598549
ROS1-13-0005,2024-06-28,0.6340246282071117,0.3452416281347609,-0.6113652905146303
ROS1-07-0012,2024-06-28,0.2915272629626387,0.20875297938315282,-0.4472749445296926
ROS1-07-0011,2024-06-28,0.23745893254618206,0.1326734897548455,-0.41116837772674836
ROS1-07-0018,2024-06-28,0.28925434010991263,0.1766238541248707,-0.376907551199787
ROS1-13-0013,2024-06-28,0.4640643146514529,0.23677652467378568,-0.5125173133852592
ROS1-07-0002,2024-06-28,0.23811471085275904,0.15392151547263203,-0.4582540035769897
ROS1-18-0007,2024-06-28,0.16953534721645327,0.09988509030812208,-0.33872540115574995
ROS1-19-0018,2024-06-28,0.2599768806353336,0.1258060632667899,-0.4953699873052066
ROS1-19-0022,2024-06-28,0.916199443668003,0.7103714757389744,-0.790133553407865
ROS1-14-0017,2024-06-28,0.3216501824363216,0.2798879517206392,-0.3660372812535619
ROS1-18-0009,2024-06-30,0.2136682889902197,0.13914574362400126,-0.36460745173137776
ROS1-19-0018,2024-06-30,0.22112350103745199,0.12631393263156143,-0.41878327802037396
ROS1-01-0003,2024-07-01,0.1753318119915342,0.13229333173934188,-0.34288734597796555
ROS1-07-0011,2024-07-01,0.24086368918646803,0.13410232510849562,-0.4059449357839207
ROS1-01-0007,2024-07-01,0.19789519425698401,0.15319440612319335,-0.3339820247542849
ROS1-07-0011,2024-07-01,0.24219830724632893,0.13414550792353494,-0.4097726954518169
ROS1-01-0005,2024-07-01,0.16614783631996355,0.1332926775051619,-0.32667076310424925
ROS1-01-0004,2024-07-01,0.6060338146091204,0.40130468783761697,-0.5721522285484165
ROS1-07-0011,2024-07-01,0.24148171914745453,0.13514023644433412,-0.4038988190054914
ROS1-07-0012,2024-07-01,0.2991494216840294,0.1749766127153575,-0.4707991482113837
ROS1-07-0011,2024-07-01,0.24128600047456042,0.13466305132703446,-0.40558264689909074
ROS1-07-0018,2024-07-01,0.30847116685573733,0.16827911197970657,-0.37244421326167076
ROS1-15-0006,2024-07-01,0.2173917547062621,0.11482966912572229,-0.3555634651022119
ROS1-16-0006,2024-07-01,0.5590092730932896,0.40201199867016396,-0.5178778995104013
ROS1-15-0004,2024-07-01,0.18707994580622592,0.090976048136536,-0.2807155105340207
ROS1-16-0004,2024-07-01,0.8646992220687626,0.7995504076972251,-0.7102319590260389
ROS1-16-0006,2024-07-01,0.573657476885116,0.40910592730874606,-0.5315324538893822
ROS1-01-0003,2024-07-01,0.1759211017904331,0.13276306757661546,-0.34336752423145267
ROS1-01-0003,2024-07-03,0.16879638976275402,0.13055872199821897,-0.3297286259900434
ROS1-07-0011,2024-07-03,0.20450623469003304,0.12280933479090103,-0.37682421188840626
ROS1-01-0007,2024-07-03,0.1949242319747721,0.15620403689517642,-0.3244338578136215
ROS1-07-0011,2024-07-03,0.2180273342503784,0.13472235604006755,-0.3663000654140334
ROS1-01-0005,2024-07-03,0.1700053982367607,0.14013226783830668,-0.32752142581600513
ROS1-01-0004,2024-07-03,0.6314332677663881,0.4739223890391954,-0.5870817039835513
ROS1-07-0011,2024-07-03,0.20343539008519002,0.12319562864624273,-0.3730431516367385
ROS1-07-0012,2024-07-03,0.27119280069974805,0.17209363565433958,-0.42794979078088924
ROS1-07-0011,2024-07-03,0.2111582777808195,0.12984541328447402,-0.3684327785994188
ROS1-07-0018,2024-07-03,0.2933040437594654,0.17664594505190098,-0.3503420179205121
ROS1-13-0013,2024-07-03,0.39492207533636514,0.21754635743325335,-0.4444810086752688
ROS1-07-0002,2024-07-03,0.23085616805834802,0.1442980994700387,-0.4256397862057863
ROS1-18-0007,2024-07-03,0.18767700443912014,0.1075165975579473,-0.3459714995931164
ROS1-18-0009,2024-07-03,0.22215966597524214,0.12103893905781941,-0.3859416498421033
ROS1-18-0014,2024-07-03,0.10598973242571526,0.0468241430317471,-0.20243832005068746
ROS1-19-0018,2024-07-03,0.16170734789810207,0.14987475835182615,-0.3458724787297302
ROS1-19-0022,2024-07-03,0.8560261330911877,0.6619783144091399,-0.7604532163708393
ROS1-14-0017,2024-07-03,0.33070208215908553,0.19495512018442698,-0.4184559546493765
ROS1-15-0006,2024-07-03,0.2098692701703176,0.10684833062445952,-0.3618223553973182
ROS1-16-0006,2024-07-03,0.5678005004399804,0.3798561300885425,-0.540104717833012
ROS1-15-0004,2024-07-03,0.1805761423378842,0.08791709527010878,-0.2822907130539664
ROS1-16-0004,2024-07-03,0.8525881640322452,0.6928567287638966,-0.7191250288987289
ROS1-16-0006,2024-07-03,0.5668639830463874,0.38179773210001355,-0.5375286451615595
ROS1-18-0007,2024-07-05,0.18805375957193068,0.12550107133974717,-0.3280110890192318
ROS1-18-0009,2024-07-05,0.19774409817118038,0.126146953347559,-0.34338318502932674
ROS1-18-0014,2024-07-05,0.12138421405561672,0.06696920480976748,-0.19573269567422358
ROS1-01-0003,2024-07-06,0.15387772021886728,0.11128193897298,-0.3269455533204834
ROS1-07-0011,2024-07-06,0.19765922622734766,0.10799447932563604,-0.3833344816765461
ROS1-01-0007,2024-07-06,0.17201097677054178,0.13183999046346065,-0.3060280665556618
ROS1-07-0011,2024-07-06,0.2006671773266785,0.11319335550266969,-0.3670816873884037
ROS1-01-0005,2024-07-06,0.15671637392441948,0.12372024591468896,-0.3127407277071362
ROS1-01-0004,2024-07-06,0.6864034513823769,0.47911699088100496,-0.6297634943892948
ROS1-07-0011,2024-07-06,0.1990047369527205,0.11239538817608401,-0.3660997459478819
ROS1-07-0012,2024-07-06,0.16724473358146777,0.11437877379142736,-0.3070178126422613
ROS1-07-0011,2024-07-06,0.1994191177454634,0.1115629787114222,-0.37115787653012605
ROS1-07-0018,2024-07-06,0.29974713441203543,0.1415383182972867,-0.37231805302154214
ROS1-15-0006,2024-07-06,0.19332295732033622,0.09520957078309242,-0.3430415610733724
ROS1-16-0006,2024-07-06,0.5652936384741762,0.35986446448518483,-0.5361646916555469
ROS1-15-0004,2024-07-06,0.1742065759909489,0.07355673902317647,-0.2768943457414096
ROS1-16-0004,2024-07-06,0.8294812906684351,0.6609300558623316,-0.7072600297270573
ROS1-16-0006,2024-07-06,0.5637046183308861,0.36092359714582467,-0.533230086559174
ROS1-01-0007,2024-07-08,0.17008514439386543,0.14245283433958758,-0.29571332497458624
ROS1-01-0004,2024-07-08,0.651685298007825,0.5725624880809613,-0.5869586972688913
ROS1-18-0007,2024-07-08,0.2019488780105683,0.13529565181057712,-0.35401126108436803
ROS1-18-0009,2024-07-08,0.17739928184583026,0.1454413622799469,-0.35271525686279087
ROS1-18-0014,2024-07-08,0.09182705899906873,0.041223912297697146,-0.17719665642427473
ROS1-14-0017,2024-07-08,0.26384418235879475,0.1951259077022871,-0.35067535919456955
ROS1-15-0006,2024-07-08,0.14968834120047278,0.12220908236117033,-0.29706928032938523
ROS1-16-0006,2024-07-08,0.567868390308214,0.39859294050158994,-0.5394619755067596
ROS1-15-0004,2024-07-08,0.1759631429841032,0.08712351213588256,-0.26924026048100397
ROS1-16-0004,2024-07-08,0.8079018800853132,0.6755686351289422,-0.6866118441960605
ROS1-16-0006,2024-07-08,0.5638894140691934,0.4002973489207072,-0.5330803554633984
ROS1-18-0009,2024-07-10,0.179864766351179,0.1629377944788444,-0.3399005611731346
ROS1-19-0022,2024-07-10,0.8169233212647936,0.7542114968368699,-0.7375367445358041
ROS1-15-0006,2024-07-11,0.14642861136816665,0.11602498417534504,-0.303014669229313
ROS1-16-0006,2024-07-11,0.6004302451903034,0.39863964634434634,-0.5597162475838943
ROS1-15-0004,2024-07-11,0.1637649841095913,0.07896662312890937,-0.26041155700550744
ROS1-16-0004,2024-07-11,0.83810411898035,0.7073350662168526,-0.7141365461544698
ROS1-16-0006,2024-07-11,0.5994287490143244,0.3994659638207321,-0.557673713322675
ROS1-01-0003,2024-07-13,0.1480057688951446,0.09000528531427296,-0.28918927249634147
ROS1-07-0011,2024-07-13,0.115290635544692,0.07044089088623842,-0.24949584531907285
ROS1-01-0007,2024-07-13,0.18099191047563398,0.14568476976485492,-0.31540570162872317
ROS1-07-0011,2024-07-13,0.12378978700522314,0.0768044047230833,-0.24893889265502497
ROS1-01-0005,2024-07-13,0.1705819106203477,0.1430988829022301,-0.32496086755322884
ROS1-01-0004,2024-07-13,0.7857570227700782,0.6626119628345712,-0.7102139993865443
ROS1-07-0011,2024-07-13,0.11904010934616871,0.0742129999935852,-0.24471492274299225
ROS1-13-0005,2024-07-13,0.47901557265561734,0.25361602243090514,-0.5049519186737765
ROS1-07-0012,2024-07-13,0.16897507327511385,0.13046226764992186,-0.30843997672818485
ROS1-07-0011,2024-07-13,0.12270606482104998,0.07641576231572582,-0.25094416857942303
ROS1-07-0018,2024-07-13,0.29687449803004073,0.15708888158134898,-0.37242981009208237
ROS1-13-0013,2024-07-13,0.4249182462007692,0.21752903709946397,-0.48685211061983397
ROS1-07-0002,2024-07-13,0.12432800315382166,0.08815768279564161,-0.2775545871062755
ROS1-18-0007,2024-07-13,0.20975901769082878,0.13808476188853055,-0.36723074460086935
ROS1-18-0009,2024-07-13,0.17336912688143769,0.14364750401278822,-0.34346246558885224
ROS1-18-0014,2024-07-13,0.15578298750234554,0.07335521011999895,-0.23646903284479814
ROS1-19-0018,2024-07-13,0.1541863214076369,0.13849270040942288,-0.3436075956548549
ROS1-19-0022,2024-07-13,0.867321574258089,0.7039572002739887,-0.7889941799662005
ROS1-15-0016,2024-07-13,0.19282999531788098,0.08932525400132496,-0.313628263913109
ROS1-14-0017,2024-07-13,0.29235831368666615,0.18948598259287477,-0.3921348676245437
ROS1-15-0006,2024-07-13,0.15026937154756032,0.08327695374594409,-0.2850735530978613
ROS1-16-0006,2024-07-13,0.6323073522179612,0.4327724569116794,-0.5953799189421367
ROS1-15-0004,2024-07-13,0.18148715124323977,0.0789574638153965,-0.2995105937720811
ROS1-16-0004,2024-07-13,0.8513851935615748,0.6746553796808569,-0.734756401548464
ROS1-16-0006,2024-07-13,0.6291700050284516,0.4343330778549294,-0.5900895624400124
ROS1-18-0007,2024-07-15,0.11142224967268287,0.0511165637645137,-0.22221533522702885
ROS1-18-0009,2024-07-15,0.15986014293582063,0.13970895794769256,-0.32257519557955966
ROS1-18-0014,2024-07-15,0.15024528295392567,0.08011390967836815,-0.2171027674608772
ROS1-19-0018,2024-07-15,0.14264659710113142,0.13213290730857116,-0.3267276316159224
ROS1-19-0022,2024-07-15,0.853551712784401,0.7529786080380778,-0.7729343749224346
ROS1-01-0003,2024-07-16,0.12365844773919248,0.07180252014000636,-0.25904421872824823
ROS1-07-0011,2024-07-16,0.10104862770787211,0.057690210614201494,-0.23517089549218298
ROS1-01-0007,2024-07-16,0.1663293990644915,0.1261028319046941,-0.3108737885468743
ROS1-07-0011,2024-07-16,0.1056411456946156,0.06039415650906264,-0.24225204426321778
ROS1-01-0005,2024-07-16,0.13284615271901848,0.08385652679110402,-0.2780111900258146
ROS1-01-0004,2024-07-16,0.8069762761398012,0.6119336874200025,-0.7276865106993073
ROS1-07-0011,2024-07-16,0.10500721996386854,0.061381208057501205,-0.23011135024777554
ROS1-07-0012,2024-07-16,0.1500026525697273,0.10868170656239728,-0.2897893170142853
ROS1-07-0011,2024-07-16,0.103926033490881,0.060218256617949106,-0.23168971394076965
ROS1-07-0018,2024-07-16,0.30318927956765696,0.13516961297125316,-0.36512436971134016
ROS1-15-0006,2024-07-16,0.12627531091864655,0.06740727496679402,-0.2549102663537287
ROS1-16-0006,2024-07-16,0.6089461383737967,0.40590800820326856,-0.574491969009962
ROS1-15-0004,2024-07-16,0.16590887290107026,0.07027178602885638,-0.27391133703104126
ROS1-16-0004,2024-07-16,0.8192651550048253,0.615011770753995,-0.7140177635475768
ROS1-16-0006,2024-07-16,0.6092145183826043,0.40725873812337476,-0.5736542507040004
ROS1-01-0003,2024-07-18,0.1537732377971782,0.1338895292201557,-0.2560755745930551
ROS1-07-0011,2024-07-18,0.1090161674334468,0.07059308980140054,-0.23090320507863807
ROS1-01-0007,2024-07-18,0.17020272856627675,0.13965330933148404,-0.308531455163797
ROS1-07-0011,2024-07-18,0.10661487055459347,0.06766288470153409,-0.23627358396765258
ROS1-01-0005,2024-07-18,0.12607092495820513,0.09123901597253549,-0.26740972670261526
ROS1-01-0004,2024-07-18,0.7928229831335644,0.6906856038248655,-0.7136094325045331
ROS1-07-0011,2024-07-18,0.10571615303431041,0.06829778853457848,-0.23056195556344528
ROS1-13-0005,2024-07-18,0.39821379585276134,0.21702881163659804,-0.44732941327767706
ROS1-07-0012,2024-07-18,0.15880818079785197,0.12500562338388965,-0.29269643829796715
ROS1-07-0011,2024-07-18,0.10778452548003893,0.07002181532209031,-0.22903469067328455
ROS1-07-0018,2024-07-18,0.2725447236048452,0.15488022080026947,-0.3206939973492662
ROS1-13-0013,2024-07-18,0.41063229171732646,0.2256520279509428,-0.4540285296498119
ROS1-07-0002,2024-07-18,0.11606550465503031,0.08502461297235023,-0.26095412012423774
ROS1-18-0007,2024-07-18,0.09465446772629724,0.02192203141671373,-0.2293698731447698
ROS1-18-0009,2024-07-18,0.1557721942286031,0.13017202802259448,-0.3238388194973002
ROS1-18-0014,2024-07-18,0.14163821375332125,0.07428328017750566,-0.20632249745976616
ROS1-19-0018,2024-07-18,0.1282925530995707,0.10278272243452481,-0.2882830718920101
ROS1-19-0022,2024-07-18,0.832543523446982,0.7053601343810968,-0.7481474476740213
ROS1-15-0016,2024-07-18,0.188739183433235,0.09677445890043722,-0.280242219099672
ROS1-14-0017,2024-07-18,0.2628650542271635,0.17911387983839194,-0.3582920855356713
ROS1-15-0006,2024-07-18,0.13963174860398658,0.08242058521384182,-0.2607720438180611
ROS1-16-0006,2024-07-18,0.6124155752729854,0.43476930817782067,-0.5741223672382617
ROS1-15-0004,2024-07-18,0.17265863926748265,0.08283063741528157,-0.26848001219586126
ROS1-16-0004,2024-07-18,0.7798661080197289,0.6290171697471623,-0.6750664715713997
ROS1-16-0006,2024-07-18,0.6117367456331999,0.43718754015234573,-0.571325658816667
ROS1-18-0007,2024-07-20,0.07260871905761655,0.019960825327576124,-0.1782131412234617
ROS1-18-0009,2024-07-20,0.15076253086643146,0.1240788508480434,-0.31899062638217746
ROS1-18-0014,2024-07-20,0.14615646644881988,0.07871706145122502,-0.20185082984760594
ROS1-19-0018,2024-07-20,0.10268244895540045,0.07417714125747904,-0.2271436360788388
ROS1-19-0022,2024-07-20,0.8326439757780477,0.7033132393360183,-0.7505392329619853
ROS1-01-0003,2024-07-21,0.12746659151095233,0.07500189014233405,-0.2744091161358566
ROS1-07-0011,2024-07-21,0.09751681134082464,0.056395424250418914,-0.24451098761324827
ROS1-01-0007,2024-07-21,0.19032956784225985,0.14965840276290832,-0.3275074723572333
ROS1-07-0011,2024-07-21,0.10457449997992596,0.06279439323873094,-0.2350866714853199
ROS1-01-0005,2024-07-21,0.1271463130843855,0.08824550840853644,-0.26916677963563307
ROS1-01-0004,2024-07-21,0.810362842073057,0.6237880418012209,-0.7298178424453007
ROS1-07-0011,2024-07-21,0.10344869937845332,0.06272891821373928,-0.23074084574545592
ROS1-07-0011,2024-07-21,0.10293463292433998,0.061973039146776515,-0.23249172583489794
ROS1-07-0018,2024-07-21,0.3192127223520362,0.13544348864342945,-0.36169231534885127
ROS1-15-0006,2024-07-21,0.1245717179023537,0.07809096873752437,-0.24160610913029537
ROS1-16-0006,2024-07-21,0.5938727761441844,0.4278065303575547,-0.5516645620814083
ROS1-16-0004,2024-07-21,0.6213210271441353,0.550074908078226,-0.5468931448971219
ROS1-16-0006,2024-07-21,0.5881924356627547,0.42758908976621907,-0.5448213819084715
ROS1-18-0007,2024-07-25,0.1314074271631148,0.0641138736799298,-0.23939862123865016
ROS1-18-0009,2024-07-25,0.16035481110024755,0.11919510799749979,-0.27735883126358857
ROS1-19-0018,2024-07-25,0.09780795267228806,0.07010867935341172,-0.20889484837861266
ROS1-19-0022,2024-07-25,0.8435134898456328,0.7385387888654003,-0.7547806491863107
ROS1-01-0003,2024-07-26,0.12409544640031883,0.07497628258834381,-0.25060833467353033
ROS1-01-0004,2024-07-26,0.6470096575500055,0.6111345809667068,-0.5838595619467278
ROS1-15-0006,2024-07-26,0.13452970122055227,0.076480651455645,-0.24971144603778747
ROS1-16-0006,2024-07-26,0.6333096843434096,0.42180306501952985,-0.5774422252773276
ROS1-15-0004,2024-07-26,0.17794267372686823,0.07309902713124225,-0.27983646171343407
ROS1-16-0004,2024-07-26,0.8684873610365907,0.7598475972346532,-0.7346991002959699
ROS1-16-0006,2024-07-26,0.6309128838445363,0.42253943080685075,-0.5737642282753957
ROS1-01-0003,2024-07-28,0.14174129563418428,0.0880766152281523,-0.27395025017300545
ROS1-07-0011,2024-07-28,0.13124890816908283,0.07721233855961439,-0.25817839020787303
ROS1-01-0007,2024-07-28,0.24750053495190413,0.20241120757047884,-0.3622763576474795
ROS1-07-0011,2024-07-28,0.13247544037384218,0.07831156079098144,-0.2565819940759406
ROS1-01-0005,2024-07-28,0.13407640653100011,0.10132536331621272,-0.2664596001504243
ROS1-01-0004,2024-07-28,0.7787867555322442,0.7033081008216701,-0.6967940346438524
ROS1-07-0011,2024-07-28,0.12869353330111757,0.07730510582626929,-0.24463634836238848
ROS1-13-0005,2024-07-28,0.33648702104070943,0.16741344121053445,-0.4345649229040454
ROS1-07-0012,2024-07-28,0.1277747282978622,0.10457869002565849,-0.26507305045078383
ROS1-07-0011,2024-07-28,0.1292731588807,0.07773510696497427,-0.24406767519732148
ROS1-07-0018,2024-07-28,0.39087629584084427,0.21765268727782972,-0.4053441932635743
ROS1-13-0013,2024-07-28,0.47105426141586276,0.2508873479366209,-0.5085241916611678
ROS1-07-0002,2024-07-28,0.1275567550346776,0.08897239323396657,-0.2720272032885232
ROS1-19-0018,2024-07-28,0.10573043076987076,0.0601303812672321,-0.21331893820793058
ROS1-15-0016,2024-07-28,0.24095771916294248,0.16457965729302268,-0.32071779070496326
ROS1-15-0006,2024-07-28,0.13668317027573348,0.07908028727169618,-0.25754321279106895
ROS1-15-0004,2024-07-28,0.18411086976278032,0.08383473187071737,-0.28567430365738533
ROS1-16-0004,2024-07-28,0.853247634405371,0.7640802619487994,-0.7098193152577423
ROS1-19-0018,2024-07-30,0.05633222975330797,0.0349908076393132,-0.1443732507860318
ROS1-19-0022,2024-07-30,0.8211583015264445,0.669816565179363,-0.7345445167041802
ROS1-01-0003,2024-07-31,0.1187633801553493,0.07296888927367813,-0.250498122838634
ROS1-07-0011,2024-07-31,0.11171165111939341,0.06170660289799474,-0.23462070346735114
ROS1-07-0011,2024-07-31,0.11198092080058658,0.060549276903917815,-0.24392339952725783
ROS1-07-0011,2024-07-31,0.1121451008320967,0.06304490784111817,-0.2281694349840739
ROS1-07-0011,2024-07-31,0.11156217046450041,0.061704892165728026,-0.2338446984473827
ROS1-07-0018,2024-07-31,0.4590927931812231,0.22063709849014024,-0.44921394739142567
ROS1-16-0006,2024-07-31,0.529688730120998,0.45329327795909685,-0.4823044418498719
ROS1-15-0004,2024-07-31,0.15991716655909133,0.09067902446482036,-0.26039525855299117
ROS1-16-0004,2024-07-31,0.8510735063890242,0.8590256799380573,-0.6829253594854124
ROS1-16-0006,2024-07-31,0.5239669041355682,0.452121170065478,-0.4761064189758846
ROS1-01-0007,2024-08-02,0.2515544716468773,0.23392565077628502,-0.362498360437323
ROS1-07-0018,2024-08-02,0.3748764249887682,0.22680416585788699,-0.38593362351716703
ROS1-13-0013,2024-08-02,0.3805338715048544,0.22802326476100573,-0.4117025777964208
ROS1-19-0022,2024-08-02,0.8214979160383152,0.6544079482384357,-0.731846168017669
ROS1-16-0006,2024-08-02,0.5640036675704632,0.44769603669615005,-0.5217183860995274
ROS1-16-0006,2024-08-02,0.5656947434094801,0.45191961722033286,-0.5213307477274391
ROS1-18-0007,2024-08-04,0.12951562640210554,0.07330664119536014,-0.21338284758782503
ROS1-18-0009,2024-08-04,0.15624501326960746,0.12154465046342167,-0.26009649415607805
ROS1-19-0018,2024-08-04,0.10279015415094236,0.08368861700782712,-0.20630488978733624
ROS1-19-0022,2024-08-04,0.5679133043722101,0.6349470439749377,-0.5262588696819349
ROS1-18-0007,2024-08-09,0.12695193561890603,0.06993762522782496,-0.2287388170802753
ROS1-18-0009,2024-08-09,0.16728508529111108,0.10508976852143107,-0.30253737439646067
ROS1-18-0014,2024-08-09,0.13451633340900815,0.060881799356349596,-0.21898805567390497
ROS1-19-0018,2024-08-09,0.11897566252817668,0.08147889141286366,-0.24160415489229717
ROS1-19-0022,2024-08-09,0.8140716438106257,0.6612535046275547,-0.7210514105776531
ROS1-01-0005,2024-08-10,0.14870025811689583,0.0683145620512133,-0.27897552859981073
ROS1-01-0004,2024-08-10,0.845782680038562,0.6644788059965621,-0.7259536796273499
ROS1-07-0012,2024-08-10,0.11086950150140441,0.06233043440846127,-0.19283060202271102
ROS1-07-0018,2024-08-10,0.4178782533158088,0.1797087175163346,-0.4538556622408536
ROS1-16-0006,2024-08-10,0.6648088417211296,0.5613506299880804,-0.5624548065260673
ROS1-16-0004,2024-08-10,0.688694815839707,0.6029361618962041,-0.5150688644344626
ROS1-16-0006,2024-08-10,0.6615697571782162,0.562340870312005,-0.5586397397175626
ROS1-01-0003,2024-08-12,0.14939275875951313,0.08249929022398947,-0.280908493011189
ROS1-07-0011,2024-08-12,0.12054857414907273,0.0697211372279856,-0.2361211671566086
ROS1-01-0007,2024-08-12,0.2912525345399696,0.21540356006171085,-0.37878565799723934
ROS1-07-0011,2024-08-12,0.1198340677917569,0.06841933689773132,-0.24129332515305782
ROS1-01-0005,2024-08-12,0.16742587214853316,0.07153851022200994,-0.29917603618956023
ROS1-01-0004,2024-08-12,0.8323645563491123,0.7063553025141172,-0.7218779540623709
ROS1-07-0011,2024-08-12,0.11917454890599109,0.06972136453301463,-0.23165035102764686
ROS1-07-0012,2024-08-12,0.1634454153020445,0.1353083855284941,-0.2981369695534778
ROS1-07-0011,2024-08-12,0.11904822331044078,0.06905859247337426,-0.23488625315549766
ROS1-07-0018,2024-08-12,0.38237288895398003,0.1857948657000107,-0.42610912795605294
ROS1-13-0013,2024-08-12,0.47667788248443027,0.23177407467364905,-0.5273819785641858
ROS1-07-0002,2024-08-12,0.11425729668166384,0.07763854230386506,-0.2522974383623321
ROS1-18-0007,2024-08-12,0.13702911098463308,0.11324413960354408,-0.22776893086465888
ROS1-18-0009,2024-08-12,0.16713097006897898,0.10497569720211523,-0.303930472539998
ROS1-18-0014,2024-08-12,0.14174918764408542,0.05981698336306311,-0.2338311150688551
ROS1-19-0018,2024-08-12,0.12644780576580772,0.0941780864504251,-0.2368220314948569
ROS1-19-0022,2024-08-12,0.813879543891109,0.6874779068335536,-0.7209872135017928
ROS1-15-0016,2024-08-12,0.5624723504639629,0.45172247563838636,-0.5203537585308674
ROS1-14-0017,2024-08-12,0.1909416053353324,0.24250494531861755,-0.21485763572033015
ROS1-16-0006,2024-08-12,0.6712557633860686,0.5343235921521066,-0.5739595437517103
ROS1-16-0006,2024-08-12,0.6762381942522783,0.5084668173226023,-0.5739216411564918
ROS1-18-0007,2024-08-14,0.1427806363971527,0.07570361511497099,-0.2540883697589739
ROS1-18-0009,2024-08-14,0.1707326116673289,0.11539384694971155,-0.2963112274277098
ROS1-18-0014,2024-08-14,0.15414041856731353,0.08153014942964582,-0.22331869045028127
ROS1-19-0018,2024-08-14,0.14811831849503068,0.060627956767519836,-0.23287883014188157
ROS1-19-0022,2024-08-14,0.6592383437064788,0.6140298817144797,-0.6021479719155512
ROS1-01-0003,2024-08-15,0.13623856645079666,0.0780214424641232,-0.2680477378552731
ROS1-07-0011,2024-08-15,0.12380410594771156,0.07385829721382467,-0.24319319602701986
ROS1-07-0011,2024-08-15,0.12431117648575497,0.07365866057711527,-0.24552682928030287
ROS1-01-0004,2024-08-15,0.7729699217316577,0.6876548884961029,-0.6680186880873765
ROS1-07-0011,2024-08-15,0.12291201842070773,0.07333105674385687,-0.2425328603022852
ROS1-07-0012,2024-08-15,0.1599092141402544,0.12816673676662185,-0.29581932361731483
ROS1-07-0011,2024-08-15,0.12407876429676575,0.07394672057761957,-0.24387816543151522
ROS1-07-0018,2024-08-15,0.39265922930167985,0.18050078485211393,-0.4099095017420285
ROS1-15-0004,2024-08-15,0.14928078133923245,0.08849174918929212,-0.25947186692304997
ROS1-16-0004,2024-08-15,0.1697596060719742,0.14267739180392114,-0.17612412472263686
ROS1-01-0003,2024-08-17,0.14723280661997423,0.0855803157550228,-0.27010403370442926
ROS1-07-0011,2024-08-17,0.12902567182954391,0.0781053990708386,-0.24288920323266572
ROS1-01-0007,2024-08-17,0.15494990382889023,0.08645264899029712,-0.2704516907658086
ROS1-07-0011,2024-08-17,0.1299999051875325,0.078946842659322,-0.2408148200094366
ROS1-01-0005,2024-08-17,0.16425963376588398,0.06893988328725072,-0.266448988160958
ROS1-01-0004,2024-08-17,0.7935456269354814,0.7068920277489268,-0.6790327948243969
ROS1-07-0011,2024-08-17,0.12782703638372944,0.0785157923621874,-0.23537138176994393
ROS1-13-0005,2024-08-17,0.20455705211391592,0.12479575013174389,-0.3913140075400696
ROS1-07-0012,2024-08-17,0.16629065004999594,0.12681635941879144,-0.3002055091610418
ROS1-07-0011,2024-08-17,0.12892298537910812,0.07938498931885705,-0.23519711767620596
ROS1-07-0018,2024-08-17,0.4067267515884316,0.21177324627090188,-0.4389989586307851
ROS1-13-0013,2024-08-17,0.44571284832778235,0.23950242569926636,-0.48666339437871486
ROS1-07-0002,2024-08-17,0.14759727083990073,0.08420068452052581,-0.2804653511769356
ROS1-18-0007,2024-08-17,0.14680770436119864,0.0664361644281359,-0.27216821449867784
ROS1-18-0009,2024-08-17,0.171045469901807,0.10867964138653514,-0.30370349129862695
ROS1-18-0014,2024-08-17,0.14666130941650155,0.06174683215512757,-0.2458749685217136
ROS1-19-0018,2024-08-17,0.14760173430735113,0.057170006009503505,-0.2440066253539684
ROS1-19-0022,2024-08-17,0.8129600342629338,0.6301728183092815,-0.7190647609940559
ROS1-15-0016,2024-08-17,0.6080522184484032,0.42963762762711555,-0.5545627513921579
ROS1-14-0017,2024-08-17,0.30951816836363316,0.1593975447088041,-0.3969681501063081
ROS1-15-0006,2024-08-17,0.1505870791423635,0.07036851477739518,-0.27886622735982014
ROS1-16-0006,2024-08-17,0.6842469493079669,0.4930670394555684,-0.5957239590843774
ROS1-15-0004,2024-08-17,0.19640233171687768,0.08811695346263622,-0.32024817112757203
ROS1-16-0004,2024-08-17,0.4617483027838639,0.3418274058928892,-0.4658143132914914
ROS1-16-0006,2024-08-17,0.6798270302512245,0.49511606008947817,-0.5870749715800991
ROS1-19-0018,2024-08-19,0.14354330453208172,0.06025130615087924,-0.23312850422144485
ROS1-19-0022,2024-08-19,0.7724953418145092,0.5809082681018886,-0.6854577112756532
ROS1-18-0007,2024-08-19,0.1452466312011223,0.07231362871209718,-0.26176523305287835
ROS1-18-0009,2024-08-19,0.176172617644848,0.09208764188762608,-0.3066901131950983
ROS1-18-0014,2024-08-19,0.15479165164604383,0.06763556309064529,-0.24283778646855886
ROS1-19-0018,2024-08-19,0.14210772395936436,0.060811886875443096,-0.22688635199221022
ROS1-16-0004,2024-08-20,0.3710675943483179,0.26355607067720643,-0.46018046973599896
ROS1-01-0003,2024-08-20,0.13055045318443756,0.06760080669838789,-0.2624570370877257
ROS1-07-0011,2024-08-20,0.11845709168684442,0.06424546171387861,-0.2375977746864339
ROS1-01-0007,2024-08-20,0.1369762676014134,0.06962288042090181,-0.2632057368387143
ROS1-07-0011,2024-08-20,0.1180330887712109,0.06394881953724481,-0.23703997527095647
ROS1-01-0005,2024-08-20,0.15865572518331306,0.055706071615805264,-0.28302476418700817
ROS1-01-0004,2024-08-20,0.7752963614269368,0.5888129051054086,-0.6605843358627793
ROS1-07-0011,2024-08-20,0.11646446240562322,0.06434359403005488,-0.2287335756982929
ROS1-07-0011,2024-08-20,0.11662060410366236,0.063975983464197,-0.23147300004155652
ROS1-07-0018,2024-08-20,0.45969428908359605,0.2131438739013293,-0.485926492846385
ROS1-15-0006,2024-08-20,0.14103239992719568,0.06223312573192325,-0.2678644999335844
ROS1-16-0006,2024-08-20,0.6465444241948949,0.43461271402568397,-0.5609706382733909
ROS1-15-0004,2024-08-20,0.18840791125555542,0.07756048442872636,-0.3152875525766676
ROS1-16-0004,2024-08-20,0.3720319790715237,0.26324266270452634,-0.4594938217060714
ROS1-16-0006,2024-08-20,0.645421815318006,0.435915350647312,-0.5584628002236844
ROS1-07-0011,2024-08-22,0.11250186387284235,0.06869932536633451,-0.2202045365216188
ROS1-01-0007,2024-08-22,0.12780638968759325,0.07617050085368947,-0.2321428899786953
ROS1-07-0011,2024-08-22,0.11241945746400267,0.06896047137340547,-0.21765902339279738
ROS1-01-0005,2024-08-22,0.13641272383338107,0.06255829150596015,-0.21918850539252965
ROS1-01-0004,2024-08-22,0.6605630601087856,0.5533030839516163,-0.5629385462242983
ROS1-07-0011,2024-08-22,0.11113899939527934,0.0689412734938907,-0.21417028854204637
ROS1-13-0005,2024-08-22,0.19109751139620013,0.11635046673959085,-0.3756984418669539
ROS1-07-0012,2024-08-22,0.15184938193217434,0.11346823070908124,-0.28626901878429284
ROS1-07-0011,2024-08-22,0.10591460936210494,0.0670566562324818,-0.20594692934817674
ROS1-07-0018,2024-08-22,0.42084396528686496,0.23108532959741898,-0.4497034289024115
ROS1-13-0013,2024-08-22,0.4182244149237111,0.21244174400528607,-0.47850300437935006
ROS1-07-0002,2024-08-22,0.12709683763630145,0.07409465232696384,-0.25996460607402666
ROS1-18-0007,2024-08-22,0.1186213694601959,0.042545635308780805,-0.22910625895301173
ROS1-18-0009,2024-08-22,0.13186598083114814,0.09842383662900284,-0.20725201142827396
ROS1-18-0014,2024-08-22,0.12203264006750354,0.056203356169067645,-0.19670389252627488
ROS1-19-0018,2024-08-22,0.1387046284073816,0.07060566324621012,-0.19645271614624865
ROS1-19-0022,2024-08-22,0.7596786014806861,0.5024388748730028,-0.6794655835771435
ROS1-15-0016,2024-08-22,0.5812747311753005,0.4002557433576225,-0.5358666005244055
ROS1-14-0017,2024-08-22,0.2682857959849839,0.13607673691385178,-0.3573508465016949
ROS1-15-0006,2024-08-22,0.1362860828687187,0.06153462691229851,-0.257252779282596
ROS1-16-0006,2024-08-22,0.5694088514247918,0.37585007164433887,-0.5018150159946383
ROS1-15-0004,2024-08-22,0.17536528068884472,0.07485779922542188,-0.2982141728868729
ROS1-16-0004,2024-08-22,0.31901672065936726,0.23258125893801423,-0.433907619624004
ROS1-16-0006,2024-08-22,0.5701054684175345,0.3784947659276668,-0.5004224475142673
ROS1-18-0007,2024-08-24,0.14190506726135557,0.06373857896217285,-0.2754977119236556
ROS1-18-0009,2024-08-24,0.11366011707932977,0.08317250198664856,-0.2314319953090971
ROS1-18-0014,2024-08-24,0.13569657392701226,0.06241866230813596,-0.22677660977080985
ROS1-19-0018,2024-08-24,0.13097421853472774,0.07488945948411664,-0.20852286042835044
ROS1-01-0003,2024-08-25,0.13691815656469628,0.06608667693518669,-0.28089890371327664
ROS1-07-0011,2024-08-25,0.1262534486872303,0.06528428684906608,-0.25352791787056245
ROS1-01-0007,2024-08-25,0.1476153351828933,0.07540792314950474,-0.27799869614732153
ROS1-07-0011,2024-08-25,0.1259542694198269,0.06537036008508647,-0.25109257961309894
ROS1-01-0005,2024-08-25,0.1694535559173366,0.0598311449386226,-0.2960780858544806
ROS1-01-0004,2024-08-25,0.6942958155962071,0.4664064602429206,-0.5942716682555768
ROS1-07-0011,2024-08-25,0.12248093018411109,0.06518019245245137,-0.23790631963278355
ROS1-07-0012,2024-08-25,0.16072409303257917,0.11284812591077444,-0.3074105876424507
ROS1-07-0011,2024-08-25,0.1245410348336552,0.0654804034209337,-0.24441922444619993
ROS1-07-0018,2024-08-25,0.48517388078323986,0.23008722459331743,-0.5071384624343509
ROS1-15-0006,2024-08-25,0.12772069366729974,0.05691686099001812,-0.24340332476344884
ROS1-15-0004,2024-08-25,0.17378911133058658,0.06676265958657888,-0.2900255050394071
ROS1-01-0007,2024-08-27,0.03329523986887793,0.0352573346205726,-0.056748982170082604
ROS1-13-0005,2024-08-27,0.15396454739090076,0.12366904553877794,-0.2986429811546363
ROS1-18-0009,2024-08-27,0.1405566859955082,0.07248145657585227,-0.2748835244945131
ROS1-18-0014,2024-08-27,0.13632127121327645,0.06467951697445251,-0.2285865477804451
ROS1-15-0016,2024-08-27,0.6045831071043468,0.4500096101812571,-0.5416749524849477
ROS1-14-0017,2024-08-27,0.2753520196265019,0.16289536259451956,-0.3400306391853436
ROS1-15-0006,2024-08-27,0.13915720713690297,0.06766481277957324,-0.2505622434218456
ROS1-16-0006,2024-08-27,0.44840339017396696,0.29378433237205454,-0.4209889510305302
ROS1-15-0004,2024-08-27,0.17785926886227726,0.07528110964709207,-0.28570476803892025
ROS1-16-0004,2024-08-27,0.2881636379210262,0.21899373521275106,-0.4341327799983962
ROS1-16-0006,2024-08-27,0.44815153899054033,0.2955167856845626,-0.4187192086216415
ROS1-18-0007,2024-08-29,0.12587946272438483,0.05708112195487966,-0.2561235419600194
ROS1-07-0011,2024-08-30,-0.01677775525003784,2.907967788272028E-4,-0.11306884839193045
ROS1-07-0011,2024-08-30,0.023100238768467722,0.02018291424594737,-0.13571343828710108
ROS1-01-0005,2024-08-30,0.11997442913278657,0.057859468116905954,-0.19083495972508077
ROS1-01-0004,2024-08-30,0.4864243335497851,0.42764085964381393,-0.43059433359057847
ROS1-07-0011,2024-08-30,0.015047928178173162,0.01737350143463875,-0.13143867209255525
ROS1-07-0011,2024-08-30,0.08607826136893403,0.05282911574264085,-0.14999340853995183
ROS1-07-0018,2024-08-30,0.34753213985852643,0.2790354976445133,-0.3819856482627757
ROS1-15-0006,2024-08-30,0.1346949861943345,0.06347878392376768,-0.2423193662179631
ROS1-16-0006,2024-08-30,0.3961642745259615,0.23265662465079887,-0.399678361448145
ROS1-16-0004,2024-08-30,0.2726231172546798,0.1986558820273205,-0.4353629035241415
ROS1-16-0006,2024-08-30,0.3937076154052575,0.23325754661126236,-0.3948928697764776
ROS1-01-0003,2024-09-01,0.13616839990270463,0.0722479602927471,-0.273001377742389
ROS1-01-0007,2024-09-01,0.14206152261723082,0.08769904177007057,-0.2585566296572194
ROS1-13-0005,2024-09-01,0.14923854272330758,0.08721140879320383,-0.3014316983721993
ROS1-07-0012,2024-09-01,0.15663708980729482,0.10198379555108993,-0.2821777257713707
ROS1-07-0018,2024-09-01,0.46763546220027447,0.32901536879865345,-0.46605458231105823
ROS1-18-0007,2024-09-01,0.10835254524658432,0.035390017341807016,-0.22964984980701877
ROS1-18-0009,2024-09-01,0.13806084921093417,0.0694965264628078,-0.26766660241358686
ROS1-18-0014,2024-09-01,0.11809667738286138,0.03831630038470061,-0.22720641863416424
ROS1-19-0018,2024-09-01,0.14269541768090233,0.07344545885988359,-0.22412976819947364
ROS1-19-0022,2024-09-01,0.5824904851495022,0.49505022049049,-0.564221401684591
ROS1-15-0016,2024-09-01,0.5876639645422859,0.41364879681971095,-0.5358483364248202
ROS1-14-0017,2024-09-01,0.19974490503283704,0.10312504467018284,-0.30605821812677764
ROS1-15-0006,2024-09-01,0.13496120129171177,0.06235055811417428,-0.2602505236325542
ROS1-16-0006,2024-09-01,0.35493879552420177,0.20561618285580902,-0.38834949508030914
ROS1-15-0004,2024-09-01,0.18285268496547816,0.07716514235201676,-0.3090021072490076
ROS1-16-0004,2024-09-01,0.2739881949692846,0.2010482966041385,-0.4339473822064521
ROS1-16-0006,2024-09-01,0.3540055421436686,0.20610308418027337,-0.38572877819568435
ROS1-18-0007,2024-09-03,0.14074215606190152,0.06092766119846669,-0.2730516014563928
ROS1-18-0014,2024-09-03,0.12544041871689654,0.04997282453183312,-0.19383954203101408
ROS1-19-0018,2024-09-03,0.10942754218318328,0.053392021647907816,-0.18277374765392204
ROS1-19-0022,2024-09-03,0.5355533838923374,0.36544305811585276,-0.5676496879101286
ROS1-07-0012,2024-09-04,0.08759093468071649,0.08152441038416666,-0.18250083215173193
ROS1-15-0006,2024-09-04,0.1741327754676018,0.12555294851825824,-0.25009379612722693
ROS1-15-0004,2024-09-04,0.16789293620618398,0.07554249748090289,-0.2646989258455203
ROS1-01-0003,2024-09-06,0.14815424124750504,0.07946837385046335,-0.27310429265601355
ROS1-07-0011,2024-09-06,0.12969890172966939,0.08359609324640961,-0.23549586403842734
ROS1-01-0007,2024-09-06,0.15506453257741684,0.08989685218576175,-0.27577387071555065
ROS1-07-0011,2024-09-06,0.13208538885003782,0.08387845321872477,-0.24146901649748925
ROS1-01-0005,2024-09-06,0.17502144211712936,0.0702954204522901,-0.28351127496622525
ROS1-01-0004,2024-09-06,0.5298230781409344,0.3587587728217359,-0.46985343443249394
ROS1-07-0011,2024-09-06,0.12841328782619194,0.08335501853388076,-0.23177003988506
ROS1-13-0005,2024-09-06,0.15965359590493086,0.08886805268376113,-0.307553404870204
ROS1-07-0012,2024-09-06,0.16155107509504152,0.11274679686220752,-0.2893003711381478
ROS1-07-0011,2024-09-06,0.1303057763303756,0.0840609094093794,-0.23490000665425803
ROS1-07-0018,2024-09-06,0.547145388583133,0.388939077679226,-0.5488660274881402
ROS1-13-0013,2024-09-06,0.4478682490352332,0.23127468052543113,-0.5059719449273902
ROS1-07-0002,2024-09-06,0.1435817745600857,0.09389656427765504,-0.2832457167330161
ROS1-18-0007,2024-09-06,0.1500123027831545,0.06628382441037735,-0.2627863637920813
ROS1-18-0009,2024-09-06,0.15884439199510356,0.07585173653285578,-0.2768072990740749
ROS1-18-0014,2024-09-06,0.14103002612818563,0.055436318580038314,-0.22371332628264787
ROS1-19-0018,2024-09-06,0.13702798436130534,0.05402628574829505,-0.2133362133053637
ROS1-19-0022,2024-09-06,0.49326990603834314,0.31000174044073087,-0.5526521587544352
ROS1-15-0016,2024-09-06,0.589644761913558,0.428759346056055,-0.5348070697567865
ROS1-14-0017,2024-09-06,0.26034976802076415,0.1359568865267348,-0.36835911265912735
ROS1-15-0006,2024-09-06,0.15186847825041616,0.07289721731847855,-0.27296330646435335
ROS1-16-0006,2024-09-06,0.3286019627906786,0.18486510747627452,-0.3975407861280964
ROS1-15-0004,2024-09-06,0.1992292918680707,0.08520754031717778,-0.31760714272809226
ROS1-16-0004,2024-09-06,0.20146913650520498,0.17171550103899352,-0.3659385429128358
ROS1-16-0006,2024-09-06,0.32772857711369224,0.1853092213666818,-0.3949416677930452
ROS1-18-0007,2024-09-08,0.14509566393139087,0.0633921426551708,-0.2787363918802431
ROS1-18-0009,2024-09-08,0.15246057838087224,0.07467785455924528,-0.2859903886382072
ROS1-18-0014,2024-09-08,0.1502485996020159,0.06044481630783398,-0.2473324465766173
ROS1-19-0018,2024-09-08,0.140207090566764,0.05532674868822465,-0.24087325872246257
ROS1-19-0022,2024-09-08,0.4385896553119984,0.29346516242080856,-0.5226183852470314
ROS1-07-0012,2024-09-09,0.13761303949942563,0.10328497127503321,-0.24986846091977147
ROS1-15-0006,2024-09-09,0.13116240213096736,0.06166669910195147,-0.2428348474855383
ROS1-16-0006,2024-09-09,0.3134628526142046,0.1613577386195956,-0.3984383685258619
ROS1-15-0004,2024-09-09,0.1801836693502573,0.07580923884529676,-0.294985727639271
ROS1-16-0004,2024-09-09,0.18202243806637342,0.14842253916057488,-0.35857252265108486
ROS1-16-0006,2024-09-09,0.31050991434396813,0.16149131788828064,-0.39223340642230853
ROS1-01-0003,2024-09-11,0.1342686339719026,0.065376716063229,-0.27116837387669546
ROS1-07-0011,2024-09-11,0.11713639438235986,0.06309739168700373,-0.24238553738860746
ROS1-01-0007,2024-09-11,0.1699457606102172,0.09311388352447565,-0.2880894736979276
ROS1-07-0011,2024-09-11,0.11714720520643766,0.06328476272742861,-0.24071615692285858
ROS1-01-0005,2024-09-11,0.1761461570156332,0.06945543621219546,-0.30481660532500376
ROS1-01-0004,2024-09-11,0.5175316480333885,0.29731012531659373,-0.47793250721237623
ROS1-07-0011,2024-09-11,0.11166464949803452,0.062456987938010335,-0.2228097984379683
ROS1-13-0005,2024-09-11,0.13550745139121526,0.07528298577990448,-0.2762564847661851
ROS1-07-0012,2024-09-11,0.14749138530293138,0.09959965164942298,-0.2730020171708185
ROS1-07-0011,2024-09-11,0.11530580097879767,0.06330794573173651,-0.23339536840588238
ROS1-07-0018,2024-09-11,0.5456678148782099,0.3843640644680554,-0.5321118667400988
ROS1-18-0007,2024-09-11,0.13689259369379586,0.058054602221968586,-0.26375334030309205
ROS1-18-0014,2024-09-11,0.11972083041562477,0.04312005167012997,-0.21140848690385755
ROS1-15-0004,2024-09-11,0.15513626082437662,0.06733137648607809,-0.24528796889969087
ROS1-18-0007,2024-09-13,0.14313455366993996,0.06667901292305672,-0.27398691902384475
ROS1-18-0009,2024-09-13,0.12567701141839055,0.0823812906725087,-0.22951151328168487
ROS1-18-0014,2024-09-13,0.13441054934957516,0.07146948282014984,-0.2029988635333117
ROS1-19-0018,2024-09-13,0.132630665207982,0.05754576500835957,-0.21424258840437843
ROS1-19-0022,2024-09-13,0.31639628916823603,0.22120548652175717,-0.4608701002615704
ROS1-01-0003,2024-09-14,0.1337141178623196,0.0631548546305579,-0.2675229951318008
ROS1-07-0011,2024-09-14,0.12647027810885547,0.06681904970310985,-0.24750361370351137
ROS1-01-0007,2024-09-14,0.21447564876309302,0.11356583112356416,-0.3084532248284291
ROS1-07-0011,2024-09-14,0.12819966652468057,0.06701159734079952,-0.25221572971291295
ROS1-01-0005,2024-09-14,0.1889718229982733,0.06971199344335936,-0.3030021982918816
ROS1-01-0004,2024-09-14,0.4503485634653555,0.21355977479348076,-0.4462297941335395
ROS1-07-0011,2024-09-14,0.1236210004987834,0.06642536904545351,-0.2382138003852432
ROS1-07-0012,2024-09-14,0.16761113653540324,0.10199720622474283,-0.2963731699121001
ROS1-07-0011,2024-09-14,0.1262522428184684,0.06676661534670728,-0.2460879688147608
ROS1-07-0018,2024-09-14,0.5884878726897481,0.38546299882246704,-0.5803348568260204
ROS1-15-0006,2024-09-14,0.13614683024610313,0.05678246938811726,-0.26566560852078686
ROS1-16-0006,2024-09-14,0.29255599466111787,0.14153638881816835,-0.39784933113923543
ROS1-15-0004,2024-09-14,0.17877739107624296,0.0716624348343023,-0.29511949225164114
ROS1-16-0004,2024-09-14,0.1727859375999506,0.13745368360982896,-0.34883870949699464
ROS1-16-0006,2024-09-14,0.29243607995197,0.1417692925145173,-0.39648532748481224
ROS1-01-0003,2024-09-16,0.14882244880343934,0.07956086993607883,-0.2744722998970674
ROS1-07-0011,2024-09-16,0.13950891686126188,0.07970696606412477,-0.2580713606148087
ROS1-01-0007,2024-09-16,0.25092422875957116,0.15273084126044265,-0.32425800331857574
ROS1-07-0011,2024-09-16,0.13778832468006885,0.07903744524738787,-0.25456511305959356
ROS1-01-0005,2024-09-16,0.19436530698037557,0.09159913246579215,-0.2910025583328195
ROS1-01-0004,2024-09-16,0.4110929657297611,0.23348139323008066,-0.4333424133713913
ROS1-07-0011,2024-09-16,0.1372271383461311,0.07942001429822795,-0.2518450387677105
ROS1-13-0005,2024-09-16,0.161047157244051,0.09072855691717926,-0.30323719098356255
ROS1-07-0012,2024-09-16,0.18023838594726754,0.12293553849798916,-0.30007766247754986
ROS1-07-0011,2024-09-16,0.13962876402346602,0.08006044663581496,-0.25725214774085625
ROS1-07-0018,2024-09-16,0.5741675875835754,0.38418180095857374,-0.567970844996464
ROS1-13-0013,2024-09-16,0.4411536117714178,0.23299979193998233,-0.502556236965689
ROS1-07-0002,2024-09-16,0.16924321903563283,0.11035715618873332,-0.29456321833713817
ROS1-18-0007,2024-09-16,0.1472958123724148,0.06879466069999306,-0.26338574821011335
ROS1-18-0009,2024-09-16,0.15724166750553528,0.07954190898777645,-0.27284689326937933
ROS1-18-0014,2024-09-16,0.13611753668622806,0.05799855273710449,-0.21903066453798153
ROS1-19-0018,2024-09-16,0.1348725577107467,0.05596750182388315,-0.21441413264045678
ROS1-19-0022,2024-09-16,0.3170628623315747,0.2076480405895161,-0.49198551099277477
ROS1-15-0016,2024-09-16,0.4231617836590782,0.32523275258864104,-0.42304616138330187
ROS1-14-0017,2024-09-16,0.2220860511722286,0.11722333091456627,-0.3397089861715648
ROS1-15-0006,2024-09-16,0.14111286405290646,0.06553511061687506,-0.2615740588457547
ROS1-16-0006,2024-09-16,0.29181696676056695,0.14965791259039093,-0.41267336770465474
ROS1-15-0004,2024-09-16,0.16876372433479364,0.07300624361733032,-0.2818533248500575
ROS1-16-0004,2024-09-16,0.16971341333366963,0.14056652793198168,-0.33973468985430333
ROS1-16-0006,2024-09-16,0.2908308467805648,0.1497863165837755,-0.41010933023885615
ROS1-18-0007,2024-09-18,0.15009041442303994,0.07158363199856999,-0.2724371747373407
ROS1-18-0009,2024-09-18,0.16756500771168165,0.08696694947567958,-0.28692388588843476
ROS1-19-0022,2024-09-18,0.3052599749889628,0.22764857713145795,-0.48903806173093095
ROS1-01-0003,2024-09-19,0.15487765261617653,0.07523480376276298,-0.2947963404234387
ROS1-07-0011,2024-09-19,0.144735543913835,0.0758948354016757,-0.27611776485097017
ROS1-01-0007,2024-09-19,0.28314512568998523,0.16369506589055338,-0.3604452202656193
ROS1-07-0011,2024-09-19,0.14468207590667723,0.07565679131776254,-0.2767066159120147
ROS1-01-0005,2024-09-19,0.21523130999802775,0.09102114539705583,-0.3271229068614144
ROS1-01-0004,2024-09-19,0.4290305300587411,0.22277923970158328,-0.4732646807897898
ROS1-07-0011,2024-09-19,0.1422773459694548,0.07566871579045416,-0.268144065200221
ROS1-07-0012,2024-09-19,0.19230315064390316,0.12486417040445137,-0.3182939546715449
ROS1-07-0011,2024-09-19,0.14472542833008673,0.07595063269493267,-0.2753230241237488
ROS1-07-0018,2024-09-19,0.5840624722814254,0.38786023045670803,-0.5774483307519159
ROS1-15-0006,2024-09-19,0.15188437326500348,0.06554840834061255,-0.2854985223324503
ROS1-16-0006,2024-09-19,0.2947666645851886,0.14187253004467906,-0.42502542382193126
ROS1-15-0004,2024-09-19,0.2048377829659504,0.08316661749859385,-0.33344136247099493
ROS1-16-0004,2024-09-19,0.18506329241626668,0.14920525031365395,-0.3627576191227409
ROS1-16-0006,2024-09-19,0.29260338201089947,0.14206666030452064,-0.4192850740408091
ROS1-01-0003,2024-09-21,0.14355302830213948,0.07119470386640539,-0.27658126877540495
ROS1-07-0011,2024-09-21,0.13218422635049162,0.07005904850447299,-0.2603243513061828
ROS1-01-0007,2024-09-21,0.28363089673094893,0.16981587902198428,-0.34866717195668834
ROS1-07-0011,2024-09-21,0.13229472265232178,0.06997700922368985,-0.2609467363627718
ROS1-01-0005,2024-09-21,0.20059816419953824,0.09101346747541689,-0.29609404726467964
ROS1-01-0004,2024-09-21,0.3979511700692346,0.2120789602433237,-0.4382903406314458
ROS1-07-0011,2024-09-21,0.12960637913341494,0.07010414503246647,-0.2509075807396468
ROS1-13-0005,2024-09-21,0.15473372156808177,0.08324278086091216,-0.29823690184788676
ROS1-07-0012,2024-09-21,0.18326977984633902,0.09852430270052118,-0.310262537577788
ROS1-07-0011,2024-09-21,0.13192598185434273,0.07030072334916937,-0.25865678669434655
ROS1-07-0018,2024-09-21,0.5455477067928227,0.3612352245535092,-0.5487136455240792
ROS1-13-0013,2024-09-21,0.43563336410214965,0.22309914607676132,-0.49638878180838253
ROS1-07-0002,2024-09-21,0.17040580428599492,0.10824757706853645,-0.29447584700714663
ROS1-18-0007,2024-09-21,0.14458542563120577,0.06562376349041442,-0.267484519866511
ROS1-18-0009,2024-09-21,0.1571088833008159,0.0770822207666816,-0.2784010412610318
ROS1-18-0014,2024-09-21,0.13022735718002687,0.05840054071677251,-0.21635140172261777
ROS1-19-0018,2024-09-21,0.11736990636156142,0.04622090948727421,-0.1952588062009365
ROS1-19-0022,2024-09-21,0.30296797524309826,0.19645180078426575,-0.4905146008121769
ROS1-15-0016,2024-09-21,0.4043004703251982,0.23476550428533233,-0.43978785973753765
ROS1-14-0017,2024-09-21,0.2111766245784471,0.10162890805858235,-0.34001757758568735
ROS1-15-0006,2024-09-21,0.13483469410044702,0.058017356440874676,-0.27053669448233636
ROS1-16-0006,2024-09-21,0.2547518269426522,0.12095723896952525,-0.3992811652655646
ROS1-15-0004,2024-09-21,0.18535203661680405,0.07240291646816807,-0.31840103556147986
ROS1-16-0004,2024-09-21,0.1616828311674749,0.12953487172194814,-0.34144428926134945
ROS1-16-0006,2024-09-21,0.2541420065520455,0.12115169114194309,-0.39691776732671763
ROS1-18-0009,2024-09-23,0.15316330280482418,0.05291640606616765,-0.2645514086611756
ROS1-18-0014,2024-09-23,0.13191627070387885,0.07069959058806133,-0.1986845287652294
ROS1-19-0018,2024-09-23,0.1346809746829006,0.05797022407321725,-0.2196572355402113
ROS1-19-0022,2024-09-23,0.2657580112727621,0.19345338394544837,-0.45984452724467634
ROS1-01-0003,2024-09-24,0.13308569414499072,0.06196996946822436,-0.27350722249392573
ROS1-07-0011,2024-09-24,0.12906511320667946,0.066492228950957,-0.258783268607004
ROS1-01-0007,2024-09-24,0.2984430601336138,0.1670479215134801,-0.36720621878798837
ROS1-07-0011,2024-09-24,0.1283834758742944,0.06617622896736369,-0.25725319522672574
ROS1-01-0005,2024-09-24,0.21697774480869347,0.09040008935413281,-0.3230906137159613
ROS1-01-0004,2024-09-24,0.39154353238658535,0.19950915533650626,-0.45325494683345985
ROS1-07-0011,2024-09-24,0.1252512589632656,0.06587835969615453,-0.24783253751452872
ROS1-07-0012,2024-09-24,0.1702854398014729,0.08610203393647232,-0.30485005144018
ROS1-07-0011,2024-09-24,0.12734844053913227,0.06610934268112241,-0.2537825758361917
ROS1-07-0018,2024-09-24,0.5609296271508364,0.36493813971847766,-0.5482469525451344
ROS1-15-0006,2024-09-24,0.145783678024428,0.05989426426191185,-0.2858097484318249
ROS1-16-0006,2024-09-24,0.25856157855870154,0.11667123516632484,-0.41250713006528694
ROS1-15-0004,2024-09-24,0.19815470210594685,0.07639629214329632,-0.3307286771429586
ROS1-16-0004,2024-09-24,0.17363978409115513,0.13776031873056505,-0.3534690741814081
ROS1-16-0006,2024-09-24,0.25666251881274327,0.11684219126481529,-0.4064281276550923
ROS1-01-0003,2024-09-26,0.13831589063954458,0.06996778196816869,-0.2717557074082118
ROS1-07-0011,2024-09-26,0.13098630038646125,0.0707151913812852,-0.26275048472547813
ROS1-01-0007,2024-09-26,0.3259422425358978,0.20166092355022908,-0.378825373123773
ROS1-07-0011,2024-09-26,0.12976473735824848,0.07042202003047048,-0.2596700160939161
ROS1-01-0005,2024-09-26,0.22983342286817268,0.10670031036045,-0.324306570043677
ROS1-01-0004,2024-09-26,0.3382462060594101,0.21741428351385894,-0.4163667011831141
ROS1-07-0011,2024-09-26,0.1283148625943969,0.07059338434901706,-0.2541118861661006
ROS1-13-0005,2024-09-26,0.14820516684842372,0.08120842059380852,-0.29687966402274185
ROS1-07-0012,2024-09-26,0.16789387994235977,0.10046882502149203,-0.2977007780643489
ROS1-07-0011,2024-09-26,0.12857776897192957,0.07040373774702822,-0.25562136307396893
ROS1-07-0018,2024-09-26,0.5370660811635246,0.3477839901598081,-0.5406504575149216
ROS1-13-0013,2024-09-26,0.4354893815618632,0.2226596503891972,-0.5019067216991245
ROS1-07-0002,2024-09-26,0.17415678792588216,0.11361494117303991,-0.2948006793391567
ROS1-18-0007,2024-09-26,0.1417785811047503,0.0641075568946856,-0.2630994995259682
ROS1-18-0009,2024-09-26,0.14944706810267133,0.0747762069307189,-0.2654526072178692
ROS1-18-0014,2024-09-26,0.11793879478872574,0.05176096176127246,-0.20693879215333072
ROS1-19-0018,2024-09-26,0.12058349370872047,0.04537066901562312,-0.20327507778461035
ROS1-19-0022,2024-09-26,0.27325982484235345,0.18101468323740905,-0.4839734399733446
ROS1-15-0016,2024-09-26,0.3306669135511325,0.18814454166094183,-0.4181747953846472
ROS1-14-0017,2024-09-26,0.18913036081582088,0.09418563157968265,-0.3181150690694659
ROS1-15-0006,2024-09-26,0.13780030164196244,0.06186936067923819,-0.2649536176393462
ROS1-16-0006,2024-09-26,0.23175655578953647,0.11230922994893767,-0.37984803707679415
ROS1-15-0004,2024-09-26,0.18750175604085068,0.07840849064736131,-0.3066013514844282
ROS1-16-0004,2024-09-26,0.16579390868035718,0.13752726088332892,-0.3376129528078408
ROS1-16-0006,2024-09-26,0.23025760388191058,0.11232548230779278,-0.37561869255621916
ROS1-18-0007,2024-09-28,0.15130075279055358,0.06775730830335341,-0.2798478847062008
ROS1-18-0009,2024-09-28,0.1574923279720576,0.081216504962715,-0.278982577098058
ROS1-18-0014,2024-09-28,0.13396503649774974,0.06101213734973435,-0.22229951270314724
ROS1-19-0018,2024-09-28,0.13070447822429063,0.05111057698513604,-0.2209302829669961
ROS1-19-0022,2024-09-28,0.25314490263477446,0.17486466127477462,-0.47104232035211924
ROS1-01-0003,2024-09-29,0.13969176811525755,0.06671655627525386,-0.2802601596687746
ROS1-07-0011,2024-09-29,0.13075504021786483,0.06937757236629087,-0.26260996259757313
ROS1-01-0007,2024-09-29,0.3355294024037032,0.20440915951975777,-0.38476360850702046
ROS1-07-0011,2024-09-29,0.13001550523602526,0.06888671024623275,-0.2625467723390182
ROS1-01-0005,2024-09-29,0.2431191585859469,0.10899998149069455,-0.32878374958156664
ROS1-01-0004,2024-09-29,0.2601610918111946,0.14210754875191497,-0.36539291839199683
ROS1-07-0011,2024-09-29,0.12672685988835394,0.06865487397744122,-0.2511751167441835
ROS1-07-0012,2024-09-29,0.17353721179003828,0.10083926258010362,-0.3096673254019427
ROS1-07-0011,2024-09-29,0.12951819248633736,0.06909461570318468,-0.2592209567575469
ROS1-07-0018,2024-09-29,0.5635160328455318,0.3369450555225595,-0.55786346148466
ROS1-15-0006,2024-09-29,0.1487553215768293,0.06332804276627059,-0.2877030037540585
ROS1-16-0006,2024-09-29,0.2506668152613128,0.1209508982509696,-0.41056225340355224
ROS1-15-0004,2024-09-29,0.20185831426778253,0.08173301272999081,-0.33511616200036437
ROS1-16-0004,2024-09-29,0.17354948545763046,0.1406564374945014,-0.3553176130031572
ROS1-16-0006,2024-09-29,0.24887235415549777,0.12121063449072293,-0.40419119067352366
ROS1-01-0003,2024-10-01,0.12678152981891325,0.06838185325224076,-0.24633159307594618
ROS1-07-0011,2024-10-01,0.13392001678257778,0.07499708001709599,-0.2613767939215902
ROS1-01-0007,2024-10-01,0.3357043086554015,0.21843858632771235,-0.38070064669763815
ROS1-07-0011,2024-10-01,0.13451153900377047,0.07523631138620261,-0.261323564791016
ROS1-01-0005,2024-10-01,0.23672987469161846,0.12306074948736989,-0.308324829167249
ROS1-01-0004,2024-10-01,0.17398416970273003,0.08976653820003816,-0.2708466733780956
ROS1-07-0011,2024-10-01,0.132329064240031,0.07500743725690812,-0.2563174308788598
ROS1-13-0005,2024-10-01,0.16703648298645388,0.09007087667595151,-0.3145803499304674
ROS1-07-0012,2024-10-01,0.1640824285935107,0.10410386367572119,-0.2778256915122473
ROS1-07-0011,2024-10-01,0.13291095856050128,0.07519731786844275,-0.2578250712002506
ROS1-07-0018,2024-10-01,0.46665526261950724,0.3018637063328393,-0.4932744274208771
ROS1-13-0013,2024-10-01,0.41588237963888885,0.21554081243519788,-0.48871092872058225
ROS1-07-0002,2024-10-01,0.15397478730783515,0.0795773081429628,-0.2963161263085706
ROS1-18-0007,2024-10-01,0.14458468998646684,0.0649149675599959,-0.27311003400054085
ROS1-18-0009,2024-10-01,0.16451846677383036,0.08503670568199231,-0.2921153767581213
ROS1-18-0014,2024-10-01,0.13803593200648676,0.059746838776338594,-0.237133247783913
ROS1-19-0018,2024-10-01,0.14493227073011308,0.05232664300367699,-0.2542990563759319
ROS1-19-0022,2024-10-01,0.22587193577535708,0.1934106101797179,-0.410410481184163
ROS1-15-0016,2024-10-01,0.26122528914638204,0.13752956159060153,-0.4104981366528658
ROS1-14-0017,2024-10-01,0.19060375973082228,0.09336234811926476,-0.33258431205316025
ROS1-15-0006,2024-10-01,0.14215884323712613,0.06370623914495603,-0.27849735430659833
ROS1-16-0006,2024-10-01,0.20306455762429962,0.10234994425786721,-0.3609284308907097
ROS1-15-0004,2024-10-01,0.19227966269571212,0.08092407051165222,-0.325608069565255
ROS1-16-0004,2024-10-01,0.1642638457061762,0.13087788326452512,-0.34065318754720625
ROS1-16-0006,2024-10-01,0.20624947551582076,0.10415501555471511,-0.3672771627786721
ROS1-18-0007,2024-10-03,0.11824880318040358,0.07210238045128121,-0.2151532854159649
ROS1-18-0009,2024-10-03,0.08347069610699036,0.03725289130659402,-0.18556815925787654
ROS1-18-0014,2024-10-03,0.11972931628180145,0.050411012876582686,-0.2027627910116738
ROS1-19-0022,2024-10-03,0.1957332524465265,0.18056623699138083,-0.37665503742349005
ROS1-01-0003,2024-10-04,0.12753353435419432,0.06267606907353782,-0.2640526431404637
ROS1-07-0011,2024-10-04,0.12444828165898013,0.06724441953590403,-0.25355799985424105
ROS1-01-0007,2024-10-04,0.33062888868775153,0.20195455742842283,-0.384523478637076
ROS1-07-0011,2024-10-04,0.12178350672735082,0.06658981996197472,-0.2462533046625607
ROS1-01-0005,2024-10-04,0.2590600038908142,0.12298598964601698,-0.33946455804831144
ROS1-01-0004,2024-10-04,0.16879690224540442,0.07319010200192778,-0.28984553505665817
ROS1-07-0011,2024-10-04,0.12009346936989437,0.066487944294341,-0.24165533932608602
ROS1-07-0012,2024-10-04,0.15107834727051878,0.08764031049058334,-0.28208776073430386
ROS1-07-0011,2024-10-04,0.12363832375492366,0.06714495907386801,-0.2512116599864966
ROS1-07-0018,2024-10-04,0.483836471861756,0.2966756381335073,-0.5025788673846568
ROS1-15-0006,2024-10-04,0.1241186463466096,0.05566148660390718,-0.2499339900522136
ROS1-16-0006,2024-10-04,0.17908337397968385,0.07497064031275828,-0.3263597547987156
ROS1-15-0004,2024-10-04,0.17264992230212312,0.07301210380207557,-0.29692536049795515
ROS1-16-0004,2024-10-04,0.16040100152702838,0.12627290121399454,-0.33636327957531503
ROS1-16-0006,2024-10-04,0.17775637145500447,0.07482235016005942,-0.3228386249662802
ROS1-01-0003,2024-10-06,0.12943723734017162,0.06898927960982426,-0.24846698721430027
ROS1-07-0011,2024-10-06,0.12459086089002265,0.0716971371443792,-0.2433188608556375
ROS1-01-0007,2024-10-06,0.3435673258532173,0.2244116088823066,-0.3872584833809624
ROS1-07-0011,2024-10-06,0.12486063767131235,0.07144361349676198,-0.24552669100660704
ROS1-01-0005,2024-10-06,0.276522435881796,0.14345734625993847,-0.3456732583796367
ROS1-01-0004,2024-10-06,0.1655477990748385,0.0780707198064146,-0.2792382058977821
ROS1-07-0011,2024-10-06,0.12567869173920554,0.0719720267220829,-0.24743126272649277
ROS1-13-0005,2024-10-06,0.15472676178617206,0.08436524823773142,-0.3010014552209695
ROS1-07-0012,2024-10-06,0.1533269023332002,0.09550807436289716,-0.27876071428885735
ROS1-07-0011,2024-10-06,0.12708472230340445,0.07237779458502087,-0.25005151720380053
ROS1-07-0018,2024-10-06,0.4738086867347741,0.30288679534803464,-0.49636808050625164
ROS1-13-0013,2024-10-06,0.41150351769139354,0.2151003587558295,-0.47903061774537803
ROS1-07-0002,2024-10-06,0.13751366724203518,0.07137206823111461,-0.27611676307465133
ROS1-18-0007,2024-10-06,0.14886051426559171,0.06466889022363964,-0.27360184766588025
ROS1-18-0009,2024-10-06,0.1448072584651675,0.0702201778906196,-0.25790418059933523
ROS1-18-0014,2024-10-06,0.11957616029383365,0.05482260959558312,-0.20767065193607673
ROS1-19-0018,2024-10-06,0.13075019112552633,0.04920308631144857,-0.22012591245168045
ROS1-19-0022,2024-10-06,0.20587999844519705,0.1749082476981879,-0.4046742188851559
ROS1-15-0016,2024-10-06,0.2290489292866071,0.12087859040074674,-0.3831106126828222
ROS1-14-0017,2024-10-06,0.173240762150642,0.0858838878459309,-0.3156356979445867
ROS1-15-0006,2024-10-06,0.13557091430533869,0.06129819691117219,-0.27069726612283834
ROS1-16-0006,2024-10-06,0.1764329268137749,0.0781467028148035,-0.3272816570669532
ROS1-15-0004,2024-10-06,0.1879768981550425,0.07909479571636828,-0.3195818531554435
ROS1-16-0004,2024-10-06,0.15345091534910965,0.12366990327041393,-0.3254483647342368
ROS1-16-0006,2024-10-06,0.172620829157908,0.07766699926390509,-0.31735012389374206
ROS1-18-0007,2024-10-08,0.14625162837185796,0.06409730688702928,-0.27017038621337586
ROS1-18-0009,2024-10-08,0.15101742322283349,0.08049726608955035,-0.2664347207959132
ROS1-18-0014,2024-10-08,0.1262862387464477,0.05679089884901977,-0.2075643896154338
ROS1-19-0018,2024-10-08,0.11712984268376325,0.04809862797881373,-0.20186412407432083
ROS1-19-0022,2024-10-08,0.21017501192731505,0.17953085125499696,-0.4110721707686058
ROS1-01-0003,2024-10-09,0.13748975864137317,0.06541427238708909,-0.28469093264835643
ROS1-07-0011,2024-10-09,0.12708928404635655,0.06548196099295636,-0.26560288568444446
ROS1-01-0007,2024-10-09,0.37774442970934624,0.22047339397887059,-0.4235739453647939
ROS1-07-0011,2024-10-09,0.12788317604039195,0.06560801851765642,-0.2671427093045748
ROS1-01-0005,2024-10-09,0.31925925438450675,0.14426183663440736,-0.391424808720735
ROS1-01-0004,2024-10-09,0.1695448513303231,0.06649217077113821,-0.3093214188434763
ROS1-07-0011,2024-10-09,0.1236082580198247,0.06517643215741721,-0.25196524962570116
ROS1-07-0012,2024-10-09,0.1668825908313681,0.09291309113964002,-0.3123002770259373
ROS1-07-0011,2024-10-09,0.12689901452832011,0.06544061980489908,-0.26366848164701095
ROS1-07-0018,2024-10-09,0.5524043615546402,0.29828176249439153,-0.5544883129916389
ROS1-15-0006,2024-10-09,0.12284419980784564,0.059568565152335703,-0.23327369230609063
ROS1-15-0004,2024-10-09,0.07129151710797085,0.11671175779477493,-0.1193173022613275
ROS1-01-0003,2024-10-11,0.13206438344376986,0.06431859663481347,-0.2667634732636563
ROS1-07-0011,2024-10-11,0.11751307728745798,0.06184533435755554,-0.2481354833870887
ROS1-01-0007,2024-10-11,0.37190676314286064,0.22298190471292648,-0.40897508935424787
ROS1-07-0011,2024-10-11,0.11924768348361373,0.06170179518304224,-0.25524444954322634
ROS1-01-0005,2024-10-11,0.3124872616629263,0.14911167133523073,-0.37632828211228214
ROS1-01-0004,2024-10-11,0.15351556806533154,0.06387477378424766,-0.2830151975389778
ROS1-07-0011,2024-10-11,0.11308136484534764,0.061044434140299,-0.23465195788302767
ROS1-13-0005,2024-10-11,0.13565722633556032,0.07372642931126885,-0.26792763104335465
ROS1-07-0012,2024-10-11,0.15041196081849456,0.08885020520994287,-0.27713092710384796
ROS1-07-0011,2024-10-11,0.11392126993265758,0.06124969127415334,-0.23631229300731352
ROS1-07-0018,2024-10-11,0.46508883250065813,0.27716206748505434,-0.4809535087859592
ROS1-13-0013,2024-10-11,0.3899947930728114,0.2010554510702917,-0.4486618221775262
ROS1-07-0002,2024-10-11,0.13505512054541952,0.06980283412956938,-0.270599374028526
ROS1-18-0007,2024-10-11,0.14061934580823418,0.05665550542294685,-0.2834934626901953
ROS1-18-0009,2024-10-11,0.147308211527062,0.07342158162525127,-0.277329639228548
ROS1-18-0014,2024-10-11,0.11746405597646595,0.04717165872581889,-0.21432449965697775
ROS1-19-0018,2024-10-11,0.12243002873816546,0.04278491091842214,-0.23122328243638152
ROS1-19-0022,2024-10-11,0.20689362478598822,0.16946215186967428,-0.3974719617876027
ROS1-15-0016,2024-10-11,0.23176607038995178,0.10063356214808852,-0.40538855029733795
ROS1-14-0017,2024-10-11,0.1657612949254839,0.0741987589497896,-0.3178093967702903
ROS1-15-0006,2024-10-11,0.13897676427439246,0.055151196503202916,-0.28906010606894866
ROS1-16-0006,2024-10-11,0.1885107093141725,0.07123274868215981,-0.36045960103950764
ROS1-15-0004,2024-10-11,0.21646955513603938,0.06917806802805095,-0.3626396627174754
ROS1-16-0004,2024-10-11,0.17889298640132548,0.13760699121382752,-0.37507977118266206
ROS1-16-0006,2024-10-11,0.18819969310488288,0.07124022157901917,-0.3588859594254523
ROS1-13-0013,2024-10-16,0.3640083868045737,0.2425456080991844,-0.3831605116941499
ROS1-07-0002,2024-10-16,0.10553334029742485,0.0990358893975821,-0.14367220179203916
ROS1-18-0007,2024-10-16,0.021860542071662218,0.018085616577218497,-0.0767682326407159
ROS1-15-0006,2024-10-21,0.04907324467159331,0.0401608131543864,-0.04819488624889006
ROS1-16-0006,2024-10-21,0.11436716180666658,0.039827640728353535,-0.18471490833555515
ROS1-16-0004,2024-10-21,0.15694634266577656,0.10601168969564465,-0.32819912818410535
ROS1-16-0006,2024-10-21,0.16672001468364672,0.044705820108469976,-0.3138309824622196
ROS1-19-0022,2024-10-23,0.16445337559483444,0.10472556660610208,-0.2909952878289159
ROS1-01-0003,2024-10-24,0.06336834904969499,0.05124756454451427,-0.06497637334579512
ROS1-07-0011,2024-10-24,0.11104815623461446,0.08230865847368747,-0.1882750921274425
ROS1-07-0011,2024-10-24,0.10686803157023604,0.07983815065598009,-0.1759702552165685
ROS1-01-0004,2024-10-24,0.15555413534308382,0.08453797549128074,-0.23600599906108768
ROS1-07-0011,2024-10-24,0.11165017738355221,0.08173912585834615,-0.18672499081884258
ROS1-07-0012,2024-10-24,0.169347374605105,0.09111749968927083,-0.2987185975180749
ROS1-07-0011,2024-10-24,0.10589018420163417,0.07982890841100489,-0.17193174774969
ROS1-07-0018,2024-10-24,0.3748424017674903,0.14247893543449786,-0.3179302317352561
ROS1-15-0006,2024-10-24,0.1738726077829124,0.045900285900860656,-0.359344511001811
ROS1-16-0006,2024-10-24,0.2016439561211471,0.06629057681857524,-0.37510799537591843
ROS1-16-0004,2024-10-24,0.1653188489404577,0.10107979031222661,-0.3235393751038452
ROS1-16-0006,2024-10-24,0.20038812132352163,0.06623349213266662,-0.3699811423914426
ROS1-07-0011,2024-10-26,0.15486895251416363,0.07086174588992608,-0.2777702255067808
ROS1-01-0007,2024-10-26,0.205961263807271,0.044776724778099165,-0.3438727802061791
ROS1-07-0011,2024-10-26,0.16273302908569293,0.07174056543596875,-0.30019688119982596
ROS1-01-0005,2024-10-26,0.48688053438304013,0.2334216069890669,-0.4848054299606032
ROS1-01-0004,2024-10-26,0.17404138420100548,0.07404226604209348,-0.2943703565749725
ROS1-07-0011,2024-10-26,0.15405245716691188,0.07112291203635698,-0.27365136327482475
ROS1-13-0005,2024-10-26,0.14383049687667177,0.04553406605681951,-0.24545791409335715
ROS1-07-0012,2024-10-26,0.17867928100932212,0.10183259614978603,-0.3151358088166498
ROS1-07-0011,2024-10-26,0.1607965942871692,0.07187115436899975,-0.2932047023693665
ROS1-07-0018,2024-10-26,0.5158966696100316,0.27279111180758764,-0.5407846626307429
ROS1-13-0013,2024-10-26,0.525588819282302,0.22788800466584516,-0.5754913542014942
ROS1-07-0002,2024-10-26,0.15972613356913123,0.07544812873909104,-0.31085386395075143
ROS1-18-0007,2024-10-26,0.1685714485991503,0.061400864803589736,-0.2859499723986691
ROS1-18-0009,2024-10-26,0.18384655195439215,0.08652730913508286,-0.2915828686999007
ROS1-18-0014,2024-10-26,0.1394913948845092,0.06765724520652931,-0.19299894254803315
ROS1-19-0018,2024-10-26,0.14738256928035023,0.04563589095168931,-0.22804227106094527
ROS1-19-0022,2024-10-26,0.17650447422480509,0.09836353119029549,-0.3554358596072061
ROS1-15-0016,2024-10-26,0.26047553090936226,0.11450820358199706,-0.39843735713819867
ROS1-15-0006,2024-10-26,0.1727928465350989,0.05705052771546614,-0.3191873658742109
ROS1-16-0006,2024-10-26,0.2074019806991291,0.041953671280182216,-0.3732664694145815
ROS1-15-0004,2024-10-26,0.21779025754741393,0.059641355224176844,-0.34903259720862656
ROS1-16-0004,2024-10-26,0.1659462305940707,0.11891179932555523,-0.308344166545476
ROS1-16-0006,2024-10-26,0.1610401492536545,0.03906910751078423,-0.2615305051122599
ROS1-18-0007,2024-10-28,0.1439201632099293,0.05939792297264187,-0.2548906671304524
ROS1-18-0009,2024-10-28,0.0535797134846334,0.055449020036563865,-0.08751338435125572
ROS1-15-0006,2024-10-29,0.03268433230877124,0.047647559178529766,-0.039415762722845166
ROS1-16-0006,2024-10-29,0.12180386732850258,0.0637497543111152,-0.18746855235945722
ROS1-15-0004,2024-10-29,0.11322977757902987,0.05158309993375339,-0.15805339841618152
ROS1-16-0006,2024-10-29,0.12239811371354854,0.06393393470323105,-0.18791024388220892
