anon_polygon_id,date,modis_ndvi,modis_evi
ROS1-01-0015,2019-04-07,0.4439638888888889,0.27945277777777777
ROS1-02-0005,2019-04-07,0.5683905511811024,0.2868062992125984
ROS1-07-0045,2019-04-07,0.32311428571428574,0.12515000000000004
ROS1-08-0010,2019-04-07,0.3608297619047619,0.1198452380952381
ROS1-12-0000,2019-04-07,0.6464031746031745,0.32259722222222226
ROS1-01-0003,2019-04-07,0.3128229249011858,0.1381276679841897
ROS1-07-0012,2019-04-07,0.7172845238095237,0.35776349206349206
ROS1-15-0009,2019-04-07,0.5915,0.2710090909090909
ROS1-18-0029,2019-04-07,0.7188674603174602,0.43524246031746033
ROS1-19-0041,2019-04-07,0.5234932806324111,0.25835849802371547
ROS1-20-0023,2019-04-07,0.2313777777777778,0.11076468253968254
ROS1-21-0016,2019-04-07,0.3820031746031747,0.1933253968253968
ROS1-22-0016,2019-04-07,0.3613920634920635,0.13277698412698413
ROS1-24-0003,2019-04-07,0.44936454183266933,0.22788087649402392
ROS1-25-0017,2019-04-07,0.2543444444444445,0.13757341269841272
ROS1-26-0027,2019-04-07,0.47037182539682537,0.2668825396825397
ROS1-27-0006,2019-04-07,0.47309841269841274,0.22963650793650792
ROS1-28-0006,2019-04-07,0.2740166666666667,0.115625
ROS1-29-0006,2019-04-07,0.2834666666666667,0.08766071428571427
ROS1-30-0009,2019-04-07,0.6859229249011857,0.4147280632411068
ROS1-31-0009,2019-04-07,0.22541746031746032,0.11108333333333334
ROS1-32-0018,2019-04-07,0.6141320158102768,0.3943770750988142
ROS1-33-0014,2019-04-07,0.34082885375494065,0.19457786561264823
ROS1-37-0049,2019-04-07,0.41250000000000003,0.28154841269841274
ROS1-42-0006,2019-04-07,0.6597214285714287,0.3965857142857143
ROS1-49-0004,2019-04-07,0.5020194444444445,0.29056944444444444
ROS1-07-0011,2019-04-07,0.6315936507936508,0.3106761904761905
ROS1-12-0004,2019-04-07,0.3533968253968254,0.16365833333333335
ROS1-15-0016,2019-04-07,0.41010952380952387,0.1768468253968254
ROS1-18-0007,2019-04-07,0.6806452380952381,0.40726904761904764
ROS1-19-0026,2019-04-07,0.7055920948616601,0.3497845849802371
ROS1-20-0010,2019-04-07,0.4179103174603174,0.1846857142857143
ROS1-21-0013,2019-04-07,0.5897205533596838,0.2851521739130435
ROS1-22-0011,2019-04-07,0.3125674603174603,0.09398095238095237
ROS1-24-0026,2019-04-07,0.7189130434782609,0.42506798418972336
ROS1-25-0008,2019-04-07,0.48983320158102767,0.24987154150197632
ROS1-26-0031,2019-04-07,0.7820416666666666,0.4144392857142858
ROS1-27-0009,2019-04-07,0.3107509881422925,0.16083675889328064
ROS1-28-0017,2019-04-07,0.7242742063492065,0.39196666666666663
ROS1-30-0001,2019-04-07,0.5144269841269842,0.26116825396825394
ROS1-31-0024,2019-04-07,0.4864584980237154,0.30256245059288533
ROS1-32-0022,2019-04-07,0.6810484126984127,0.4301583333333334
ROS1-33-0018,2019-04-07,0.4410813492063492,0.26879484126984127
ROS1-36-0022,2019-04-07,0.7221313492063492,0.551692857142857
ROS1-37-0025,2019-04-07,0.5521805555555556,0.322434126984127
ROS1-38-0002,2019-04-07,0.3523928571428572,0.16115714285714286
ROS1-42-0008,2019-04-07,0.3591757936507936,0.19394761904761904
ROS1-43-0019,2019-04-07,0.5824225296442688,0.3499438735177866
ROS1-49-0007,2019-04-07,0.472822619047619,0.26793849206349213
ROS1-15-0014,2019-04-07,0.6151599206349208,0.3456896825396826
ROS1-19-0022,2019-04-07,0.2956339920948617,0.1150304347826087
ROS1-20-0007,2019-04-07,0.6147992094861661,0.38529209486166005
ROS1-21-0034,2019-04-07,0.39013531746031754,0.1624718253968254
ROS1-22-0032,2019-04-07,0.2799349206349207,0.08276269841269841
ROS1-25-0016,2019-04-07,0.3388773809523809,0.1265035714285714
ROS1-26-0006,2019-04-07,0.41879446640316204,0.22170869565217394
ROS1-27-0004,2019-04-07,0.5461071428571429,0.28861468253968253
ROS1-28-0029,2019-04-07,0.3914242063492063,0.16037142857142853
ROS1-30-0006,2019-04-07,0.23880039525691701,0.11449249011857708
ROS1-31-0038,2019-04-07,0.43399841897233205,0.24826837944664035
ROS1-33-0010,2019-04-07,0.23160515873015874,0.10390595238095239
ROS1-36-0019,2019-04-07,0.6844190476190477,0.472559126984127
ROS1-01-0031,2019-04-07,0.24287944664031616,0.09272490118577074
ROS1-07-0018,2019-04-07,0.4405845849802372,0.20679881422924903
ROS1-13-0013,2019-04-07,0.2918241106719368,0.11185810276679843
ROS1-15-0003,2019-04-07,0.3091075697211155,0.10802111553784861
ROS1-16-0006,2019-04-07,0.4185436507936508,0.1939654761904762
ROS1-18-0030,2019-04-07,0.29317857142857146,0.12724603174603172
ROS1-19-0037,2019-04-07,0.8111829365079366,0.4837511904761904
ROS1-21-0043,2019-04-07,0.21980276679841898,0.06580039525691699
ROS1-22-0026,2019-04-07,0.24828809523809525,0.1010920634920635
ROS1-24-0006,2019-04-07,0.21568174603174609,0.09508928571428572
ROS1-25-0023,2019-04-07,0.34625652173913046,0.15371422924901185
ROS1-26-0036,2019-04-07,0.26099801587301585,0.15425833333333333
ROS1-27-0021,2019-04-07,0.2333913043478261,0.08785494071146245
ROS1-28-0030,2019-04-07,0.25896403162055337,0.10788498023715415
ROS1-29-0008,2019-04-07,0.5375691699604743,0.2866442687747036
ROS1-30-0013,2019-04-07,0.23914166666666664,0.1294357142857143
ROS1-31-0028,2019-04-07,0.390597619047619,0.21926626984126987
ROS1-32-0015,2019-04-07,0.36589763779527557,0.185444094488189
ROS1-33-0009,2019-04-07,0.20600793650793653,0.09133333333333335
ROS1-34-0003,2019-04-07,0.632845634920635,0.36143888888888887
ROS1-36-0014,2019-04-07,0.3123642857142857,0.14485396825396826
ROS1-37-0012,2019-04-07,0.394418253968254,0.22253015873015874
ROS1-38-0001,2019-04-07,0.3568027777777778,0.20094682539682543
ROS1-42-0000,2019-04-07,0.497009126984127,0.2739412698412698
ROS1-43-0006,2019-04-07,0.5478095238095239,0.32327738095238095
ROS1-49-0003,2019-04-07,0.4945338645418327,0.2733450199203188
ROS1-15-0006,2019-04-07,0.5990039682539683,0.32935515873015875
ROS1-18-0024,2019-04-07,0.35272569169960477,0.17516403162055336
ROS1-19-0016,2019-04-07,0.6593757936507937,0.38740436507936504
ROS1-21-0036,2019-04-07,0.22150873015873018,0.07616468253968255
ROS1-22-0006,2019-04-07,0.23832579365079368,0.08382103174603174
ROS1-24-0034,2019-04-07,0.362777380952381,0.1965940476190476
ROS1-25-0002,2019-04-07,0.6561904761904763,0.3416071428571429
ROS1-26-0040,2019-04-07,0.7756853754940711,0.5117782608695652
ROS1-27-0005,2019-04-07,0.44942608695652175,0.23467193675889328
ROS1-28-0013,2019-04-07,0.23353147410358568,0.08421035856573705
ROS1-30-0014,2019-04-07,0.46338888888888896,0.2897873015873016
ROS1-31-0021,2019-04-07,0.5248400793650794,0.29415436507936504
ROS1-32-0006,2019-04-07,0.28725198412698416,0.1499734126984127
ROS1-33-0008,2019-04-07,0.5033954063604239,0.3043982332155477
ROS1-34-0005,2019-04-07,0.255498814229249,0.10497430830039525
ROS1-36-0005,2019-04-07,0.3664205533596838,0.2134201581027668
ROS1-37-0019,2019-04-07,0.5111944223107571,0.3183127490039841
ROS1-38-0007,2019-04-07,0.2413494071146245,0.0983288537549407
ROS1-42-0016,2019-04-07,0.5915505928853755,0.3667588932806325
ROS1-43-0016,2019-04-07,0.2178588932806324,0.116598814229249
ROS1-49-0012,2019-04-07,0.7503019841269841,0.49596111111111113
ROS1-18-0009,2019-04-07,0.36798015873015877,0.1720809523809524
ROS1-21-0000,2019-04-07,0.44255157480314966,0.18736062992125987
ROS1-24-0023,2019-04-07,0.33588531746031747,0.16473650793650796
ROS1-25-0027,2019-04-07,0.41649365079365075,0.22833571428571428
ROS1-01-0005,2019-04-07,0.5802086956521739,0.2477106719367589
ROS1-07-0005,2019-04-07,0.3536685039370079,0.1484228346456693
ROS1-08-0022,2019-04-07,0.5217415019762845,0.23153557312252968
ROS1-13-0005,2019-04-07,0.8160365079365081,0.4977996031746032
ROS1-14-0002,2019-04-07,0.4238734126984127,0.17855793650793653
ROS1-15-0022,2019-04-07,0.5522615079365079,0.2752579365079365
ROS1-16-0004,2019-04-07,0.23583636363636365,0.12317312252964427
ROS1-18-0027,2019-04-07,0.7846428571428572,0.3198214285714286
ROS1-19-0012,2019-04-07,0.4287305555555555,0.20139166666666666
ROS1-20-0038,2019-04-07,0.4379,0.17947312252964426
ROS1-21-0003,2019-04-07,0.34332579365079363,0.11287341269841272
ROS1-22-0014,2019-04-07,0.25696719367588927,0.1188596837944664
ROS1-24-0030,2019-04-07,0.3860363636363636,0.22735968379446642
ROS1-25-0012,2019-04-07,0.2892158102766799,0.11171976284584981
ROS1-26-0018,2019-04-07,0.27775177865612655,0.1034905138339921
ROS1-27-0019,2019-04-07,0.4530632411067193,0.23702885375494068
ROS1-28-0002,2019-04-07,0.24394980237154149,0.10666719367588932
ROS1-29-0003,2019-04-07,0.37484466403162053,0.18733557312252963
ROS1-30-0002,2019-04-07,0.5256111111111111,0.32378015873015875
ROS1-31-0022,2019-04-07,0.370003162055336,0.22488656126482218
ROS1-32-0025,2019-04-07,0.7735456349206349,0.5467686507936508
ROS1-33-0020,2019-04-07,0.2722484126984127,0.14146269841269843
ROS1-36-0007,2019-04-07,0.6536679841897233,0.4471055335968379
ROS1-37-0031,2019-04-07,0.43160476190476194,0.2780202380952381
ROS1-38-0004,2019-04-07,0.6169478260869564,0.3791604743083004
ROS1-42-0010,2019-04-07,0.7006312252964426,0.44391897233201577
ROS1-43-0026,2019-04-07,0.5273403162055337,0.2798640316205534
ROS1-44-0000,2019-04-07,0.4852166007905139,0.2712189723320158
ROS1-49-0001,2019-04-07,0.7448249011857708,0.4685501976284585
ROS1-50-0003,2019-04-07,0.5039277777777778,0.2723789682539683
ROS1-01-0044,2019-04-07,0.581095238095238,0.25675515873015875
ROS1-07-0020,2019-04-07,0.5585785714285715,0.2910559523809524
ROS1-08-0025,2019-04-07,0.2715119047619048,0.08735595238095238
ROS1-13-0000,2019-04-07,0.9011031620553359,0.5615241106719367
ROS1-14-0009,2019-04-07,0.33248023715415015,0.12326679841897234
ROS1-15-0013,2019-04-07,0.25204103585657367,0.10041195219123505
ROS1-18-0014,2019-04-07,0.28140079051383404,0.10889683794466404
ROS1-19-0004,2019-04-07,0.6357454545454546,0.26704545454545453
ROS1-20-0017,2019-04-07,0.48520793650793653,0.255356746031746
ROS1-21-0010,2019-04-07,0.2678507936507937,0.08782103174603176
ROS1-22-0022,2019-04-07,0.37574761904761905,0.1987095238095238
ROS1-24-0024,2019-04-07,0.8762138339920948,0.6724885375494071
ROS1-25-0018,2019-04-07,0.3303496031746032,0.14468809523809523
ROS1-26-0030,2019-04-07,0.2551936507936508,0.12818809523809524
ROS1-27-0013,2019-04-07,0.3311653386454183,0.14635936254980078
ROS1-28-0015,2019-04-07,0.23899087301587305,0.08376309523809525
ROS1-29-0005,2019-04-07,0.2326003968253968,0.08045357142857142
ROS1-30-0015,2019-04-07,0.25905219123505985,0.12483266932270919
ROS1-31-0033,2019-04-07,0.5126399209486167,0.31510513833992093
ROS1-32-0029,2019-04-07,0.39587351778656127,0.22868142292490115
ROS1-33-0013,2019-04-07,0.6455880952380952,0.4249420634920635
ROS1-36-0006,2019-04-07,0.26970637450199203,0.12539282868525897
ROS1-37-0046,2019-04-07,0.32030158730158736,0.19434285714285715
ROS1-42-0009,2019-04-07,0.5019818181818182,0.3119592885375494
ROS1-43-0017,2019-04-07,0.3583557312252965,0.20287193675889328
ROS1-49-0002,2019-04-07,0.49106047430830035,0.2618272727272728
ROS1-01-0009,2019-04-07,0.4385363636363637,0.17558537549407116
ROS1-07-0031,2019-04-07,0.40795138339920956,0.15269288537549408
ROS1-13-0020,2019-04-07,0.42758134920634927,0.18240595238095242
ROS1-14-0031,2019-04-07,0.42233849206349205,0.16581626984126985
ROS1-15-0025,2019-04-07,0.646317391304348,0.31099090909090915
ROS1-19-0018,2019-04-07,0.5302648221343874,0.30170158102766803
ROS1-20-0026,2019-04-07,0.34755714285714284,0.17263214285714287
ROS1-21-0037,2019-04-07,0.21786956521739134,0.08019486166007904
ROS1-22-0002,2019-04-07,0.6555817460317459,0.3866023809523809
ROS1-24-0018,2019-04-07,0.2439205533596838,0.1057600790513834
ROS1-25-0032,2019-04-07,0.5436472440944882,0.2535267716535433
ROS1-26-0004,2019-04-07,0.7831486166007905,0.5399158102766799
ROS1-27-0027,2019-04-07,0.2858482071713147,0.1501792828685259
ROS1-28-0023,2019-04-07,0.39113214285714293,0.17479285714285717
ROS1-29-0001,2019-04-07,0.2257292490118577,0.08375454545454544
ROS1-30-0004,2019-04-07,0.3115988095238095,0.1710126984126984
ROS1-31-0020,2019-04-07,0.5222575396825396,0.2687833333333333
ROS1-32-0008,2019-04-07,0.8536860557768926,0.46370956175298805
ROS1-33-0007,2019-04-07,0.23707193675889326,0.10375256916996047
ROS1-36-0004,2019-04-07,0.6784675889328063,0.4618873517786562
ROS1-37-0020,2019-04-07,0.6303490118577075,0.4065407114624505
ROS1-42-0015,2019-04-07,0.7497503968253968,0.45589880952380946
ROS1-43-0027,2019-04-07,0.5042440476190476,0.28368809523809524
ROS1-49-0013,2019-04-07,0.8170214285714286,0.5871952380952381
ROS1-01-0036,2019-04-07,0.26810671936758895,0.10656284584980238
ROS1-07-0002,2019-04-07,0.7415367588932806,0.40147549407114624
ROS1-01-0045,2019-04-07,0.6724099601593626,0.37475298804780877
ROS1-02-0007,2019-04-07,0.22324007936507936,0.06681071428571428
ROS1-06-0000,2019-04-07,0.38686719367588934,0.16832608695652174
ROS1-07-0025,2019-04-07,0.2654505976095618,0.09435936254980082
ROS1-08-0003,2019-04-07,0.42631825396825396,0.1654107142857143
ROS1-01-0015,2019-04-23,0.4685500000000001,0.28254841269841274
ROS1-02-0005,2019-04-23,0.6780417322834646,0.424282283464567
ROS1-07-0045,2019-04-23,0.4990988095238096,0.24970952380952383
ROS1-08-0010,2019-04-23,0.4406388888888889,0.21433055555555555
ROS1-12-0000,2019-04-23,0.7068666666666668,0.4360980158730159
ROS1-01-0003,2019-04-23,0.33543517786561267,0.15750000000000003
ROS1-07-0012,2019-04-23,0.8427369047619049,0.6165503968253968
ROS1-15-0009,2019-04-23,0.6951,0.3603181818181818
ROS1-18-0029,2019-04-23,0.8027626984126985,0.5862329365079364
ROS1-19-0041,2019-04-23,0.7907375494071148,0.5409245059288539
ROS1-20-0023,2019-04-23,0.23578611111111106,0.10750555555555556
ROS1-21-0016,2019-04-23,0.5326011904761905,0.2861952380952381
ROS1-22-0016,2019-04-23,0.4036369047619048,0.17022261904761907
ROS1-24-0003,2019-04-23,0.6711031872509959,0.47302350597609566
ROS1-25-0017,2019-04-23,0.29515595238095244,0.13974365079365084
ROS1-26-0027,2019-04-23,0.5209809523809524,0.30993412698412703
ROS1-27-0006,2019-04-23,0.5564436507936509,0.3243896825396826
ROS1-28-0006,2019-04-23,0.4712186507936508,0.2517277777777777
ROS1-29-0006,2019-04-23,0.49460952380952383,0.21741785714285713
ROS1-30-0009,2019-04-23,0.7866154150197628,0.5908577075098814
ROS1-31-0009,2019-04-23,0.25889087301587305,0.12307142857142857
ROS1-32-0018,2019-04-23,0.7221268774703558,0.4935324110671937
ROS1-33-0014,2019-04-23,0.5205695652173913,0.2730446640316206
ROS1-37-0049,2019-04-23,0.6334539682539682,0.4173730158730159
ROS1-42-0006,2019-04-23,0.6898785714285715,0.40801428571428566
ROS1-49-0004,2019-04-23,0.5108476190476191,0.32875555555555563
ROS1-07-0011,2019-04-23,0.7960746031746032,0.5601571428571429
ROS1-12-0004,2019-04-23,0.36974206349206357,0.19149603174603175
ROS1-15-0016,2019-04-23,0.5081460317460318,0.24719047619047615
ROS1-18-0007,2019-04-23,0.7781595238095238,0.5063785714285713
ROS1-19-0026,2019-04-23,0.8614869565217392,0.6215573122529644
ROS1-20-0010,2019-04-23,0.5011111111111112,0.2563904761904762
ROS1-21-0013,2019-04-23,0.6791604743083004,0.3770252964426878
ROS1-22-0011,2019-04-23,0.44039761904761904,0.21708412698412702
ROS1-24-0026,2019-04-23,0.7811055335968379,0.587491304347826
ROS1-25-0008,2019-04-23,0.7137936758893282,0.45561739130434786
ROS1-26-0031,2019-04-23,0.8215849206349206,0.46930277777777785
ROS1-27-0009,2019-04-23,0.3537739130434783,0.19340079051383396
ROS1-28-0017,2019-04-23,0.7082666666666666,0.4309960317460317
ROS1-30-0001,2019-04-23,0.7086785714285714,0.40904365079365074
ROS1-31-0024,2019-04-23,0.7034573122529644,0.45815098814229244
ROS1-32-0022,2019-04-23,0.8744619047619048,0.6552904761904762
ROS1-33-0018,2019-04-23,0.610236507936508,0.37009087301587307
ROS1-36-0022,2019-04-23,0.6271440476190477,0.3707817460317461
ROS1-37-0025,2019-04-23,0.8300007936507937,0.5549829365079365
ROS1-38-0002,2019-04-23,0.30543333333333333,0.16182777777777776
ROS1-42-0008,2019-04-23,0.38084047619047623,0.2221936507936508
ROS1-43-0019,2019-04-23,0.5650407114624506,0.3349830039525692
ROS1-49-0007,2019-04-23,0.5222369047619048,0.3500456349206349
ROS1-15-0014,2019-04-23,0.7804563492063492,0.5819075396825397
ROS1-19-0022,2019-04-23,0.48900237154150195,0.24281343873517786
ROS1-20-0007,2019-04-23,0.7112830039525692,0.44934743083003953
ROS1-21-0034,2019-04-23,0.4446123015873017,0.22697261904761906
ROS1-22-0032,2019-04-23,0.3228027777777778,0.07553531746031746
ROS1-25-0016,2019-04-23,0.2869337301587302,0.12145912698412699
ROS1-26-0006,2019-04-23,0.5877383399209486,0.3800268774703557
ROS1-27-0004,2019-04-23,0.6506019841269841,0.3819408730158731
ROS1-28-0029,2019-04-23,0.4446888888888889,0.21084206349206347
ROS1-30-0006,2019-04-23,0.29759604743083007,0.17085059288537552
ROS1-31-0038,2019-04-23,0.7370893280632411,0.44276442687747036
ROS1-33-0010,2019-04-23,0.3799214285714286,0.18162420634920634
ROS1-36-0019,2019-04-23,0.664786507936508,0.412561507936508
ROS1-01-0031,2019-04-23,0.38613833992094865,0.16871620553359684
ROS1-07-0018,2019-04-23,0.5643075098814229,0.3344359683794466
ROS1-13-0013,2019-04-23,0.3657,0.19010000000000002
ROS1-15-0003,2019-04-23,0.41305139442231076,0.13548964143426295
ROS1-16-0006,2019-04-23,0.6917702380952381,0.35901825396825393
ROS1-18-0030,2019-04-23,0.36951825396825394,0.1883404761904762
ROS1-19-0037,2019-04-23,0.8924900793650794,0.7258003968253968
ROS1-21-0043,2019-04-23,0.21636007905138344,0.0852201581027668
ROS1-22-0026,2019-04-23,0.2762714285714286,0.10708333333333334
ROS1-24-0006,2019-04-23,0.21905476190476195,0.11569722222222224
ROS1-25-0023,2019-04-23,0.4875166007905139,0.24564545454545456
ROS1-26-0036,2019-04-23,0.3364956349206349,0.16200753968253967
ROS1-27-0021,2019-04-23,0.3888205533596838,0.16880316205533594
ROS1-28-0030,2019-04-23,0.25490513833992096,0.09105770750988143
ROS1-29-0008,2019-04-23,0.7432762845849804,0.4669086956521739
ROS1-30-0013,2019-04-23,0.27489722222222224,0.1292361111111111
ROS1-31-0028,2019-04-23,0.5830309523809524,0.3295853174603175
ROS1-32-0015,2019-04-23,0.48062322834645665,0.2804874015748031
ROS1-33-0009,2019-04-23,0.26956825396825396,0.11755793650793653
ROS1-34-0003,2019-04-23,0.6614095238095238,0.40680555555555553
ROS1-36-0014,2019-04-23,0.45311825396825395,0.2985619047619048
ROS1-37-0012,2019-04-23,0.6779468253968254,0.4502722222222222
ROS1-38-0001,2019-04-23,0.6900178571428572,0.43634087301587304
ROS1-42-0000,2019-04-23,0.5569162698412699,0.38558690476190477
ROS1-43-0006,2019-04-23,0.5710793650793652,0.4520555555555556
ROS1-49-0003,2019-04-23,0.5354462151394422,0.32117928286852593
ROS1-15-0006,2019-04-23,0.6697575396825398,0.4120376984126984
ROS1-18-0024,2019-04-23,0.5237367588932806,0.29903003952569174
ROS1-19-0016,2019-04-23,0.8372123015873016,0.6331710317460317
ROS1-21-0036,2019-04-23,0.22293293650793652,0.08709880952380952
ROS1-22-0006,2019-04-23,0.28585039682539687,0.11026944444444445
ROS1-24-0034,2019-04-23,0.3926218253968254,0.2085924603174603
ROS1-25-0002,2019-04-23,0.7099535714285715,0.43202738095238097
ROS1-26-0040,2019-04-23,0.8269549407114626,0.591794071146245
ROS1-27-0005,2019-04-23,0.5759853754940713,0.3016561264822134
ROS1-28-0013,2019-04-23,0.31916015936254977,0.11850916334661354
ROS1-30-0014,2019-04-23,0.5889035714285714,0.37387341269841273
ROS1-31-0021,2019-04-23,0.8385484126984127,0.6022912698412699
ROS1-32-0006,2019-04-23,0.3091996031746032,0.16562619047619048
ROS1-33-0008,2019-04-23,0.6524194346289753,0.3969533568904594
ROS1-34-0005,2019-04-23,0.41200000000000003,0.19310000000000002
ROS1-36-0005,2019-04-23,0.3427525691699605,0.1918584980237154
ROS1-37-0019,2019-04-23,0.5082988047808765,0.30634820717131483
ROS1-38-0007,2019-04-23,0.22995810276679846,0.1215897233201581
ROS1-42-0016,2019-04-23,0.6306592885375494,0.4647422924901186
ROS1-43-0016,2019-04-23,0.24593557312252962,0.1451490118577075
ROS1-49-0012,2019-04-23,0.7771019841269842,0.501125
ROS1-18-0009,2019-04-23,0.4445448412698413,0.24335555555555563
ROS1-21-0000,2019-04-23,0.5569897637795275,0.27269685039370084
ROS1-24-0023,2019-04-23,0.49422579365079367,0.2943075396825397
ROS1-25-0027,2019-04-23,0.6801523809523811,0.4160912698412699
ROS1-01-0005,2019-04-23,0.6612185770750989,0.3723466403162055
ROS1-07-0005,2019-04-23,0.48729015748031496,0.2012905511811024
ROS1-08-0022,2019-04-23,0.7053229249011859,0.468608695652174
ROS1-13-0005,2019-04-23,0.8118265873015872,0.591259126984127
ROS1-14-0002,2019-04-23,0.520838492063492,0.2593968253968254
ROS1-15-0022,2019-04-23,0.6839849206349207,0.3742515873015873
ROS1-16-0004,2019-04-23,0.3464272727272727,0.1801
ROS1-18-0027,2019-04-23,0.7533714285714286,0.5258499999999999
ROS1-19-0012,2019-04-23,0.5649472222222223,0.317675
ROS1-20-0038,2019-04-23,0.46690000000000004,0.22022569169960474
ROS1-21-0003,2019-04-23,0.40658928571428576,0.15731825396825397
ROS1-22-0014,2019-04-23,0.3211067193675889,0.14669328063241108
ROS1-24-0030,2019-04-23,0.47954268774703557,0.2809138339920949
ROS1-25-0012,2019-04-23,0.3817553359683795,0.162103162055336
ROS1-26-0018,2019-04-23,0.27686837944664033,0.11851897233201582
ROS1-27-0019,2019-04-23,0.5472383399209486,0.2702794466403162
ROS1-28-0002,2019-04-23,0.3265909090909091,0.12326719367588933
ROS1-29-0003,2019-04-23,0.7232802371541502,0.3996616600790514
ROS1-30-0002,2019-04-23,0.5906579365079365,0.33543492063492064
ROS1-31-0022,2019-04-23,0.4030648221343873,0.23266126482213437
ROS1-32-0025,2019-04-23,0.8082396825396826,0.6253801587301587
ROS1-33-0020,2019-04-23,0.4633071428571429,0.22231428571428574
ROS1-36-0007,2019-04-23,0.734594861660079,0.5174138339920948
ROS1-37-0031,2019-04-23,0.6967944444444445,0.4409095238095238
ROS1-38-0004,2019-04-23,0.7065418972332015,0.5498166007905139
ROS1-42-0010,2019-04-23,0.7111387351778656,0.42652292490118576
ROS1-43-0026,2019-04-23,0.8584458498023716,0.6948288537549407
ROS1-44-0000,2019-04-23,0.6358470355731226,0.42390474308300397
ROS1-49-0001,2019-04-23,0.7637462450592886,0.490897628458498
ROS1-50-0003,2019-04-23,0.7694857142857144,0.5630142857142858
ROS1-01-0044,2019-04-23,0.690338492063492,0.41801825396825393
ROS1-07-0020,2019-04-23,0.7224531746031747,0.46875119047619046
ROS1-08-0025,2019-04-23,0.38111428571428574,0.15654166666666666
ROS1-13-0000,2019-04-23,0.9106719367588932,0.7210577075098813
ROS1-14-0009,2019-04-23,0.4106881422924902,0.16666205533596837
ROS1-15-0013,2019-04-23,0.30099362549800796,0.15220557768924303
ROS1-18-0014,2019-04-23,0.42124347826086955,0.21627114624505933
ROS1-19-0004,2019-04-23,0.6782051383399209,0.33674426877470354
ROS1-20-0017,2019-04-23,0.6700277777777778,0.37878293650793654
ROS1-21-0010,2019-04-23,0.3935742063492063,0.20838690476190475
ROS1-22-0022,2019-04-23,0.5514416666666667,0.27328214285714286
ROS1-24-0024,2019-04-23,0.87368814229249,0.7346798418972332
ROS1-25-0018,2019-04-23,0.42153968253968255,0.20776309523809527
ROS1-26-0030,2019-04-23,0.2728948412698413,0.13593492063492063
ROS1-27-0013,2019-04-23,0.2636306772908366,0.13013864541832668
ROS1-28-0015,2019-04-23,0.2916928571428572,0.10661587301587304
ROS1-29-0005,2019-04-23,0.292279365079365,0.11208968253968254
ROS1-30-0015,2019-04-23,0.5622382470119524,0.3111812749003985
ROS1-31-0033,2019-04-23,0.6215138339920949,0.2935458498023716
ROS1-32-0029,2019-04-23,0.6770450592885375,0.40402371541501975
ROS1-33-0013,2019-04-23,0.7330793650793652,0.4550500000000001
ROS1-36-0006,2019-04-23,0.36490079681274906,0.16322749003984066
ROS1-37-0046,2019-04-23,0.5626234126984128,0.33033373015873024
ROS1-42-0009,2019-04-23,0.6627664031620554,0.46304031620553365
ROS1-43-0017,2019-04-23,0.6444517786561265,0.4449355731225297
ROS1-49-0002,2019-04-23,0.5124873517786561,0.3323739130434783
ROS1-01-0009,2019-04-23,0.5508561264822135,0.28993675889328074
ROS1-07-0031,2019-04-23,0.5873142292490118,0.3091300395256918
ROS1-13-0020,2019-04-23,0.46827658730158733,0.24647500000000003
ROS1-14-0031,2019-04-23,0.6097674603174603,0.34989007936507943
ROS1-15-0025,2019-04-23,0.6801727272727273,0.39370711462450597
ROS1-19-0018,2019-04-23,0.7054150197628458,0.5070833992094862
ROS1-20-0026,2019-04-23,0.43786706349206345,0.22394087301587304
ROS1-21-0037,2019-04-23,0.2688185770750988,0.11115217391304348
ROS1-22-0002,2019-04-23,0.8179376984126984,0.525122619047619
ROS1-24-0018,2019-04-23,0.31382450592885375,0.1708577075098814
ROS1-25-0032,2019-04-23,0.6857992125984252,0.4208185039370079
ROS1-26-0004,2019-04-23,0.8958252964426878,0.5768312252964427
ROS1-27-0027,2019-04-23,0.34911713147410367,0.159895219123506
ROS1-28-0023,2019-04-23,0.42833174603174606,0.20895714285714287
ROS1-29-0001,2019-04-23,0.32323913043478264,0.14204387351778655
ROS1-30-0004,2019-04-23,0.7202579365079365,0.5397448412698412
ROS1-31-0020,2019-04-23,0.7521107142857143,0.4603587301587302
ROS1-32-0008,2019-04-23,0.8918067729083665,0.6676195219123505
ROS1-33-0007,2019-04-23,0.2587086956521739,0.11904624505928853
ROS1-36-0004,2019-04-23,0.7789094861660081,0.678404743083004
ROS1-37-0020,2019-04-23,0.8128466403162057,0.5693221343873519
ROS1-42-0015,2019-04-23,0.7458619047619047,0.4629968253968254
ROS1-43-0027,2019-04-23,0.5802626984126984,0.4146626984126984
ROS1-49-0013,2019-04-23,0.8721821428571429,0.6488952380952381
ROS1-01-0036,2019-04-23,0.3479102766798419,0.14273478260869565
ROS1-07-0002,2019-04-23,0.8314691699604743,0.590198023715415
ROS1-01-0045,2019-04-23,0.8374948207171317,0.6450262948207172
ROS1-02-0007,2019-04-23,0.4828071428571429,0.2739920634920635
ROS1-06-0000,2019-04-23,0.604097233201581,0.2866719367588933
ROS1-07-0025,2019-04-23,0.4095123505976096,0.15470717131474104
ROS1-08-0003,2019-04-23,0.6042150793650793,0.3296464285714286
ROS1-01-0015,2019-05-09,0.629309126984127,0.41501269841269844
ROS1-02-0005,2019-05-09,0.7262133858267718,0.44394921259842524
ROS1-07-0045,2019-05-09,0.6136853174603175,0.31346706349206355
ROS1-08-0010,2019-05-09,0.5640853174603175,0.2787611111111111
ROS1-12-0000,2019-05-09,0.8857646825396827,0.7316976190476191
ROS1-01-0003,2019-05-09,0.4577521739130435,0.240200790513834
ROS1-07-0012,2019-05-09,0.905611507936508,0.6902757936507936
ROS1-15-0009,2019-05-09,0.8234454545454545,0.48950909090909095
ROS1-18-0029,2019-05-09,0.8403880952380952,0.653790873015873
ROS1-19-0041,2019-05-09,0.8548288537549408,0.65111185770751
ROS1-20-0023,2019-05-09,0.32847341269841274,0.1606503968253968
ROS1-21-0016,2019-05-09,0.7054281746031746,0.4477448412698412
ROS1-22-0016,2019-05-09,0.5490896825396826,0.27550317460317464
ROS1-24-0003,2019-05-09,0.5898055776892431,0.37354581673306775
ROS1-25-0017,2019-05-09,0.32920277777777784,0.16690952380952379
ROS1-26-0027,2019-05-09,0.5256388888888889,0.2990710317460318
ROS1-27-0006,2019-05-09,0.8092563492063494,0.5643412698412699
ROS1-28-0006,2019-05-09,0.5170813492063492,0.2307809523809524
ROS1-29-0006,2019-05-09,0.7035833333333333,0.3740492063492063
ROS1-30-0009,2019-05-09,0.8261770750988142,0.6226320158102767
ROS1-31-0009,2019-05-09,0.3141138888888889,0.16866984126984125
ROS1-32-0018,2019-05-09,0.7962379446640315,0.513390909090909
ROS1-33-0014,2019-05-09,0.6458411067193677,0.3797201581027668
ROS1-37-0049,2019-05-09,0.6992075396825397,0.4961353174603175
ROS1-42-0006,2019-05-09,0.7785571428571428,0.42205
ROS1-49-0004,2019-05-09,0.48818730158730167,0.30536785714285714
ROS1-07-0011,2019-05-09,0.9004436507936507,0.6459436507936508
ROS1-12-0004,2019-05-09,0.444077380952381,0.22578333333333336
ROS1-15-0016,2019-05-09,0.6674674603174603,0.4038261904761905
ROS1-18-0007,2019-05-09,0.8311892857142857,0.6180154761904761
ROS1-19-0026,2019-05-09,0.8967521739130435,0.6877233201581028
ROS1-20-0010,2019-05-09,0.5398976190476191,0.32150238095238093
ROS1-21-0013,2019-05-09,0.8557940711462452,0.5541320158102767
ROS1-22-0011,2019-05-09,0.7710662698412698,0.4502
ROS1-24-0026,2019-05-09,0.8358513833992094,0.63510395256917
ROS1-25-0008,2019-05-09,0.7983177865612648,0.5479802371541502
ROS1-26-0031,2019-05-09,0.9329238095238096,0.6877825396825396
ROS1-27-0009,2019-05-09,0.30718458498023715,0.17867667984189722
ROS1-28-0017,2019-05-09,0.7372083333333334,0.4732523809523809
ROS1-30-0001,2019-05-09,0.7017785714285714,0.4470281746031746
ROS1-31-0024,2019-05-09,0.818091699604743,0.5691332015810276
ROS1-32-0022,2019-05-09,0.9212777777777776,0.7451634920634921
ROS1-33-0018,2019-05-09,0.7072630952380953,0.43785992063492063
ROS1-36-0022,2019-05-09,0.7998666666666666,0.5142146825396826
ROS1-37-0025,2019-05-09,0.8121551587301588,0.5168095238095238
ROS1-38-0002,2019-05-09,0.4409027777777778,0.28150000000000003
ROS1-42-0008,2019-05-09,0.3420912698412698,0.17572460317460317
ROS1-43-0019,2019-05-09,0.5515826086956521,0.353606719367589
ROS1-49-0007,2019-05-09,0.5329714285714287,0.3472242063492064
ROS1-15-0014,2019-05-09,0.6782408730158731,0.4749011904761905
ROS1-19-0022,2019-05-09,0.6291079051383398,0.387698023715415
ROS1-20-0007,2019-05-09,0.8563213438735179,0.6397090909090908
ROS1-21-0034,2019-05-09,0.44634444444444443,0.2571722222222222
ROS1-22-0032,2019-05-09,0.31825357142857147,0.1102515873015873
ROS1-25-0016,2019-05-09,0.4484896825396826,0.22499999999999998
ROS1-26-0006,2019-05-09,0.7478612648221344,0.5072521739130436
ROS1-27-0004,2019-05-09,0.7097869047619048,0.4259039682539683
ROS1-28-0029,2019-05-09,0.5645527777777778,0.30149166666666666
ROS1-30-0006,2019-05-09,0.2602205533596838,0.1246415019762846
ROS1-31-0038,2019-05-09,0.8539640316205535,0.593987351778656
ROS1-33-0010,2019-05-09,0.5918186507936508,0.28672936507936514
ROS1-36-0019,2019-05-09,0.7963023809523809,0.5407293650793651
ROS1-01-0031,2019-05-09,0.5258636363636364,0.2842695652173914
ROS1-07-0018,2019-05-09,0.6731466403162056,0.39378458498023716
ROS1-13-0013,2019-05-09,0.42606877470355736,0.2319901185770751
ROS1-15-0003,2019-05-09,0.5949382470119522,0.2648354581673307
ROS1-16-0006,2019-05-09,0.7633543650793652,0.4524281746031746
ROS1-18-0030,2019-05-09,0.46165158730158723,0.2764869047619048
ROS1-19-0037,2019-05-09,0.9182571428571428,0.8023019841269842
ROS1-21-0043,2019-05-09,0.30192134387351777,0.10747154150197628
ROS1-22-0026,2019-05-09,0.41152380952380957,0.13732222222222223
ROS1-24-0006,2019-05-09,0.2851,0.14191785714285715
ROS1-25-0023,2019-05-09,0.4767486166007906,0.27191146245059294
ROS1-26-0036,2019-05-09,0.3143146825396826,0.132525
ROS1-27-0021,2019-05-09,0.5791628458498024,0.3506636363636364
ROS1-28-0030,2019-05-09,0.3422434782608696,0.11123557312252966
ROS1-29-0008,2019-05-09,0.8753142292490118,0.6634889328063241
ROS1-30-0013,2019-05-09,0.2700373015873016,0.14789325396825395
ROS1-31-0028,2019-05-09,0.6226178571428572,0.39583015873015875
ROS1-32-0015,2019-05-09,0.5774669291338583,0.3719850393700787
ROS1-33-0009,2019-05-09,0.31839126984126986,0.13708968253968257
ROS1-34-0003,2019-05-09,0.8319746031746033,0.5342686507936507
ROS1-36-0014,2019-05-09,0.6735369047619049,0.47250039682539696
ROS1-37-0012,2019-05-09,0.7501,0.5749178571428571
ROS1-38-0001,2019-05-09,0.800098015873016,0.5833666666666667
ROS1-42-0000,2019-05-09,0.6920674603174604,0.32992301587301587
ROS1-43-0006,2019-05-09,0.6642638888888888,0.4441988095238095
ROS1-49-0003,2019-05-09,0.5632362549800798,0.33940438247011956
ROS1-15-0006,2019-05-09,0.7551746031746033,0.4505753968253969
ROS1-18-0024,2019-05-09,0.7093794466403163,0.5218798418972332
ROS1-19-0016,2019-05-09,0.8796992063492065,0.6993432539682539
ROS1-21-0036,2019-05-09,0.2700174603174603,0.09148531746031746
ROS1-22-0006,2019-05-09,0.3312289682539683,0.14467261904761905
ROS1-24-0034,2019-05-09,0.5590464285714285,0.37016666666666664
ROS1-25-0002,2019-05-09,0.8120702380952382,0.5035404761904761
ROS1-26-0040,2019-05-09,0.7427988142292491,0.5159209486166008
ROS1-27-0005,2019-05-09,0.6937229249011858,0.44760830039525695
ROS1-28-0013,2019-05-09,0.2722617529880478,0.1120175298804781
ROS1-30-0014,2019-05-09,0.7917884920634921,0.6217960317460317
ROS1-31-0021,2019-05-09,0.8725726190476192,0.6662115079365079
ROS1-32-0006,2019-05-09,0.613315873015873,0.3458789682539682
ROS1-33-0008,2019-05-09,0.6729929328621908,0.39860141342756183
ROS1-34-0005,2019-05-09,0.5378810276679843,0.24133517786561268
ROS1-36-0005,2019-05-09,0.7382782608695653,0.568396442687747
ROS1-37-0019,2019-05-09,0.5525398406374502,0.308577689243028
ROS1-38-0007,2019-05-09,0.33318735177865616,0.18965691699604748
ROS1-42-0016,2019-05-09,0.8213379446640316,0.4914743083003953
ROS1-43-0016,2019-05-09,0.22598300395256915,0.14675533596837945
ROS1-49-0012,2019-05-09,0.8080468253968255,0.599936507936508
ROS1-18-0009,2019-05-09,0.8495694444444445,0.6834341269841271
ROS1-21-0000,2019-05-09,0.7522783464566929,0.4351685039370079
ROS1-24-0023,2019-05-09,0.4436488095238096,0.2908146825396826
ROS1-25-0027,2019-05-09,0.7500698412698413,0.5175055555555557
ROS1-01-0005,2019-05-09,0.8251308300395258,0.6078794466403163
ROS1-07-0005,2019-05-09,0.4377925196850394,0.18908346456692915
ROS1-08-0022,2019-05-09,0.8629561264822135,0.6078509881422925
ROS1-13-0005,2019-05-09,0.9007019841269841,0.7696646825396826
ROS1-14-0002,2019-05-09,0.6877111111111112,0.37027261904761904
ROS1-15-0022,2019-05-09,0.8469186507936509,0.5106166666666666
ROS1-16-0004,2019-05-09,0.5097889328063242,0.278701185770751
ROS1-18-0027,2019-05-09,0.9009499999999999,0.7498142857142858
ROS1-19-0012,2019-05-09,0.7417527777777778,0.5001083333333334
ROS1-20-0038,2019-05-09,0.6622837944664032,0.3551885375494071
ROS1-21-0003,2019-05-09,0.4549373015873015,0.15682698412698415
ROS1-22-0014,2019-05-09,0.42232094861660086,0.20704664031620554
ROS1-24-0030,2019-05-09,0.6454830039525692,0.43401462450592887
ROS1-25-0012,2019-05-09,0.4200462450592886,0.18983557312252966
ROS1-26-0018,2019-05-09,0.28876837944664036,0.1352498023715415
ROS1-27-0019,2019-05-09,0.7448379446640316,0.40945296442687745
ROS1-28-0002,2019-05-09,0.28983675889328064,0.12353241106719368
ROS1-29-0003,2019-05-09,0.8389675889328063,0.5312956521739131
ROS1-30-0002,2019-05-09,0.8265642857142856,0.6356420634920634
ROS1-31-0022,2019-05-09,0.7645284584980236,0.5782992094861662
ROS1-32-0025,2019-05-09,0.8874119047619047,0.7416015873015873
ROS1-33-0020,2019-05-09,0.6400420634920634,0.3364690476190476
ROS1-36-0007,2019-05-09,0.7630177865612648,0.5174932806324111
ROS1-37-0031,2019-05-09,0.8317515873015875,0.6345142857142858
ROS1-38-0004,2019-05-09,0.8437229249011858,0.6714833992094861
ROS1-42-0010,2019-05-09,0.86109604743083,0.565492885375494
ROS1-43-0026,2019-05-09,0.8655454545454546,0.7398920948616601
ROS1-44-0000,2019-05-09,0.7398422924901186,0.5260739130434782
ROS1-49-0001,2019-05-09,0.8946110671936759,0.6689762845849803
ROS1-50-0003,2019-05-09,0.8435134920634921,0.6775055555555556
ROS1-01-0044,2019-05-09,0.8416555555555556,0.5364206349206349
ROS1-07-0020,2019-05-09,0.7276805555555556,0.5342920634920635
ROS1-08-0025,2019-05-09,0.45479285714285717,0.17720000000000002
ROS1-13-0000,2019-05-09,0.9287355731225296,0.7847984189723322
ROS1-14-0009,2019-05-09,0.728399604743083,0.39748339920948617
ROS1-15-0013,2019-05-09,0.3136537848605577,0.152794422310757
ROS1-18-0014,2019-05-09,0.41574901185770746,0.2305794466403162
ROS1-19-0004,2019-05-09,0.7378814229249011,0.4819415019762846
ROS1-20-0017,2019-05-09,0.7868448412698412,0.4750448412698413
ROS1-21-0010,2019-05-09,0.6254761904761905,0.35634642857142856
ROS1-22-0022,2019-05-09,0.737627380952381,0.40732380952380953
ROS1-24-0024,2019-05-09,0.8929367588932806,0.7583529644268774
ROS1-25-0018,2019-05-09,0.43896785714285713,0.23314563492063492
ROS1-26-0030,2019-05-09,0.46853809523809525,0.24901944444444446
ROS1-27-0013,2019-05-09,0.318991235059761,0.1633852589641434
ROS1-28-0015,2019-05-09,0.2353654761904762,0.09495555555555556
ROS1-29-0005,2019-05-09,0.29169563492063494,0.10995317460317461
ROS1-30-0015,2019-05-09,0.43269243027888454,0.22660717131474103
ROS1-31-0033,2019-05-09,0.7799719367588933,0.5215806324110673
ROS1-32-0029,2019-05-09,0.8273075098814229,0.5485075098814229
ROS1-33-0013,2019-05-09,0.9072095238095239,0.7144317460317461
ROS1-36-0006,2019-05-09,0.4911450199203188,0.28952828685258963
ROS1-37-0046,2019-05-09,0.6569547619047619,0.4164329365079366
ROS1-42-0009,2019-05-09,0.7977920948616601,0.5507509881422925
ROS1-43-0017,2019-05-09,0.7313691699604744,0.6471474308300396
ROS1-49-0002,2019-05-09,0.6315581027667985,0.4219494071146246
ROS1-01-0009,2019-05-09,0.6494308300395257,0.35765770750988146
ROS1-07-0031,2019-05-09,0.7730039525691701,0.4532549407114625
ROS1-13-0020,2019-05-09,0.740529761904762,0.502077380952381
ROS1-14-0031,2019-05-09,0.8250325396825396,0.5336373015873016
ROS1-15-0025,2019-05-09,0.8107573122529645,0.5015766798418972
ROS1-19-0018,2019-05-09,0.8081371541501977,0.6461418972332017
ROS1-20-0026,2019-05-09,0.6192230158730159,0.3665357142857143
ROS1-21-0037,2019-05-09,0.3987450592885376,0.18785415019762847
ROS1-22-0002,2019-05-09,0.9350563492063493,0.6745988095238096
ROS1-24-0018,2019-05-09,0.3686063241106719,0.18738656126482212
ROS1-25-0032,2019-05-09,0.7140110236220473,0.4287779527559055
ROS1-26-0004,2019-05-09,0.864018972332016,0.6109588932806326
ROS1-27-0027,2019-05-09,0.46506772908366534,0.26643904382470124
ROS1-28-0023,2019-05-09,0.5066496031746032,0.26190952380952387
ROS1-29-0001,2019-05-09,0.5735027667984189,0.2952505928853755
ROS1-30-0004,2019-05-09,0.6835365079365079,0.4879547619047619
ROS1-31-0020,2019-05-09,0.7846833333333335,0.6146186507936509
ROS1-32-0008,2019-05-09,0.8664812749003985,0.5881486055776893
ROS1-33-0007,2019-05-09,0.38342687747035575,0.172401581027668
ROS1-36-0004,2019-05-09,0.7751636363636363,0.6579786561264822
ROS1-37-0020,2019-05-09,0.8528233201581029,0.6305173913043478
ROS1-42-0015,2019-05-09,0.8573603174603175,0.7374305555555556
ROS1-43-0027,2019-05-09,0.6846539682539683,0.4668369047619048
ROS1-49-0013,2019-05-09,0.8993,0.7843500000000001
ROS1-01-0036,2019-05-09,0.4256415019762846,0.22057667984189724
ROS1-07-0002,2019-05-09,0.8526332015810277,0.6867071146245058
ROS1-01-0045,2019-05-09,0.8462235059760956,0.5723665338645418
ROS1-02-0007,2019-05-09,0.35575198412698417,0.1767111111111111
ROS1-06-0000,2019-05-09,0.66071185770751,0.4019055335968379
ROS1-07-0025,2019-05-09,0.5249430278884463,0.21799840637450202
ROS1-08-0003,2019-05-09,0.7403984126984128,0.484906746031746
ROS1-01-0015,2019-05-25,0.6072468253968254,0.39033888888888896
ROS1-02-0005,2019-05-25,0.8043795275590552,0.5151708661417324
ROS1-07-0045,2019-05-25,0.5768365079365081,0.3189857142857143
ROS1-08-0010,2019-05-25,0.5797666666666667,0.32986984126984126
ROS1-12-0000,2019-05-25,0.8902103174603175,0.7026380952380953
ROS1-01-0003,2019-05-25,0.7590166007905138,0.5034652173913043
ROS1-07-0012,2019-05-25,0.8999138888888889,0.643790873015873
ROS1-15-0009,2019-05-25,0.8490454545454544,0.5672636363636363
ROS1-18-0029,2019-05-25,0.667181746031746,0.43857777777777784
ROS1-19-0041,2019-05-25,0.8633256916996047,0.6545889328063242
ROS1-20-0023,2019-05-25,0.671118253968254,0.4735869047619048
ROS1-21-0016,2019-05-25,0.745345634920635,0.5117869047619048
ROS1-22-0016,2019-05-25,0.7285706349206349,0.45933174603174604
ROS1-24-0003,2019-05-25,0.6841370517928288,0.4406262948207171
ROS1-25-0017,2019-05-25,0.4316626984126985,0.17746944444444443
ROS1-26-0027,2019-05-25,0.4582238095238096,0.2891646825396825
ROS1-27-0006,2019-05-25,0.8734111111111111,0.7330126984126983
ROS1-28-0006,2019-05-25,0.3680650793650793,0.16468412698412702
ROS1-29-0006,2019-05-25,0.7601829365079363,0.4839638888888889
ROS1-30-0009,2019-05-25,0.7481782608695652,0.47918023715415026
ROS1-31-0009,2019-05-25,0.21727976190476192,0.12204404761904764
ROS1-32-0018,2019-05-25,0.7219774703557312,0.46871739130434786
ROS1-33-0014,2019-05-25,0.6047533596837945,0.356996837944664
ROS1-37-0049,2019-05-25,0.6090301587301588,0.41585634920634923
ROS1-42-0006,2019-05-25,0.6281142857142856,0.4112214285714286
ROS1-49-0004,2019-05-25,0.4225126984126984,0.24802777777777782
ROS1-07-0011,2019-05-25,0.8992904761904762,0.6328952380952381
ROS1-12-0004,2019-05-25,0.7015793650793651,0.45406904761904765
ROS1-15-0016,2019-05-25,0.6953730158730159,0.4713063492063492
ROS1-18-0007,2019-05-25,0.7400964285714287,0.4478690476190476
ROS1-19-0026,2019-05-25,0.8933000000000001,0.7074
ROS1-20-0010,2019-05-25,0.7066015873015874,0.4720571428571429
ROS1-21-0013,2019-05-25,0.8291549407114625,0.6799288537549407
ROS1-22-0011,2019-05-25,0.8186210317460318,0.5934686507936509
ROS1-24-0026,2019-05-25,0.7942221343873518,0.5438612648221344
ROS1-25-0008,2019-05-25,0.7747794466403163,0.5784367588932806
ROS1-26-0031,2019-05-25,0.8852500000000002,0.6194575396825398
ROS1-27-0009,2019-05-25,0.3944501976284585,0.2556707509881423
ROS1-28-0017,2019-05-25,0.7556226190476191,0.4869043650793651
ROS1-30-0001,2019-05-25,0.7152496031746032,0.3754714285714286
ROS1-31-0024,2019-05-25,0.775809881422925,0.5469573122529644
ROS1-32-0022,2019-05-25,0.8928984126984129,0.6975730158730158
ROS1-33-0018,2019-05-25,0.6439694444444445,0.3971126984126984
ROS1-36-0022,2019-05-25,0.7669115079365079,0.6114123015873016
ROS1-37-0025,2019-05-25,0.7437392857142857,0.42229126984126986
ROS1-38-0002,2019-05-25,0.3892793650793651,0.2230607142857143
ROS1-42-0008,2019-05-25,0.41627738095238104,0.2667162698412698
ROS1-43-0019,2019-05-25,0.47275652173913046,0.2756126482213439
ROS1-49-0007,2019-05-25,0.44308412698412697,0.2542007936507937
ROS1-15-0014,2019-05-25,0.6658107142857143,0.43620357142857147
ROS1-19-0022,2019-05-25,0.459198814229249,0.23663043478260867
ROS1-20-0007,2019-05-25,0.8186434782608697,0.6561063241106719
ROS1-21-0034,2019-05-25,0.5369841269841271,0.29752341269841276
ROS1-22-0032,2019-05-25,0.43780277777777776,0.19012420634920635
ROS1-25-0016,2019-05-25,0.5636198412698413,0.32646190476190473
ROS1-26-0006,2019-05-25,0.6426359683794467,0.40592094861660083
ROS1-27-0004,2019-05-25,0.7648412698412699,0.5267289682539683
ROS1-28-0029,2019-05-25,0.5922682539682539,0.32970119047619045
ROS1-30-0006,2019-05-25,0.24253438735177862,0.13805691699604744
ROS1-31-0038,2019-05-25,0.8693592885375494,0.5833873517786561
ROS1-33-0010,2019-05-25,0.6603833333333335,0.39043690476190474
ROS1-36-0019,2019-05-25,0.7431428571428573,0.5700142857142857
ROS1-01-0031,2019-05-25,0.5592573122529645,0.3209193675889328
ROS1-07-0018,2019-05-25,0.7165699604743083,0.433601185770751
ROS1-13-0013,2019-05-25,0.3931762845849803,0.19976442687747034
ROS1-15-0003,2019-05-25,0.6740063745019921,0.38068406374501995
ROS1-16-0006,2019-05-25,0.8299400793650794,0.5743761904761905
ROS1-18-0030,2019-05-25,0.7308325396825397,0.5271337301587301
ROS1-19-0037,2019-05-25,0.8964134920634921,0.7519190476190477
ROS1-21-0043,2019-05-25,0.34536126482213436,0.1518719367588933
ROS1-22-0026,2019-05-25,0.39302857142857145,0.17932380952380952
ROS1-24-0006,2019-05-25,0.2240218253968254,0.12526190476190477
ROS1-25-0023,2019-05-25,0.698711067193676,0.49365415019762854
ROS1-26-0036,2019-05-25,0.2808587301587302,0.12058849206349206
ROS1-27-0021,2019-05-25,0.4017992094861661,0.196901976284585
ROS1-28-0030,2019-05-25,0.260894861660079,0.1118494071146245
ROS1-29-0008,2019-05-25,0.860104743083004,0.6673660079051383
ROS1-30-0013,2019-05-25,0.4457103174603175,0.3103853174603175
ROS1-31-0028,2019-05-25,0.6749980158730159,0.4400603174603175
ROS1-32-0015,2019-05-25,0.5021433070866141,0.33523110236220466
ROS1-33-0009,2019-05-25,0.23242301587301586,0.09836904761904762
ROS1-34-0003,2019-05-25,0.6002134920634921,0.33617658730158734
ROS1-36-0014,2019-05-25,0.6308174603174603,0.45302896825396827
ROS1-37-0012,2019-05-25,0.7022706349206349,0.42081111111111114
ROS1-38-0001,2019-05-25,0.8378972222222224,0.640257142857143
ROS1-42-0000,2019-05-25,0.616511507936508,0.36391547619047626
ROS1-43-0006,2019-05-25,0.5059269841269841,0.3084011904761905
ROS1-49-0003,2019-05-25,0.46260756972111566,0.2561290836653387
ROS1-15-0006,2019-05-25,0.760898015873016,0.4658670634920636
ROS1-18-0024,2019-05-25,0.7806581027667985,0.5116723320158103
ROS1-19-0016,2019-05-25,0.835907142857143,0.6099559523809525
ROS1-21-0036,2019-05-25,0.3501337301587301,0.14337539682539682
ROS1-22-0006,2019-05-25,0.3594424603174603,0.16627301587301588
ROS1-24-0034,2019-05-25,0.3799670634920635,0.189906746031746
ROS1-25-0002,2019-05-25,0.7901595238095239,0.585252380952381
ROS1-26-0040,2019-05-25,0.8195545454545454,0.6239494071146244
ROS1-27-0005,2019-05-25,0.5838703557312253,0.319306324110672
ROS1-28-0013,2019-05-25,0.4151219123505976,0.20686334661354583
ROS1-30-0014,2019-05-25,0.8255888888888889,0.626879365079365
ROS1-31-0021,2019-05-25,0.8964892857142858,0.6770460317460317
ROS1-32-0006,2019-05-25,0.6126432539682539,0.3473480158730159
ROS1-33-0008,2019-05-25,0.7382356890459364,0.48364946996466424
ROS1-34-0005,2019-05-25,0.4174719367588933,0.20287747035573125
ROS1-36-0005,2019-05-25,0.7858422924901186,0.6231561264822134
ROS1-37-0019,2019-05-25,0.4628322709163348,0.31217131474103593
ROS1-38-0007,2019-05-25,0.6051478260869566,0.38773833992094864
ROS1-42-0016,2019-05-25,0.6766588932806323,0.3572110671936759
ROS1-43-0016,2019-05-25,0.6399826086956522,0.4760229249011858
ROS1-49-0012,2019-05-25,0.7423726190476191,0.47145476190476193
ROS1-18-0009,2019-05-25,0.8810678571428572,0.6350452380952383
ROS1-21-0000,2019-05-25,0.8271496062992125,0.5824610236220472
ROS1-24-0023,2019-05-25,0.41341190476190487,0.24355753968253968
ROS1-25-0027,2019-05-25,0.7669873015873016,0.5295507936507937
ROS1-01-0005,2019-05-25,0.8415505928853755,0.5475205533596837
ROS1-07-0005,2019-05-25,0.689542125984252,0.4036389763779527
ROS1-08-0022,2019-05-25,0.8683901185770752,0.6023304347826087
ROS1-13-0005,2019-05-25,0.8896162698412698,0.7232571428571429
ROS1-14-0002,2019-05-25,0.8095293650793651,0.5478916666666668
ROS1-15-0022,2019-05-25,0.8759099206349206,0.620782142857143
ROS1-16-0004,2019-05-25,0.6396577075098814,0.3487114624505929
ROS1-18-0027,2019-05-25,0.9114357142857142,0.6917714285714286
ROS1-19-0012,2019-05-25,0.8035722222222222,0.5721999999999999
ROS1-20-0038,2019-05-25,0.566904743083004,0.29380118577075093
ROS1-21-0003,2019-05-25,0.4594785714285715,0.18006626984126983
ROS1-22-0014,2019-05-25,0.6278569169960474,0.3756584980237154
ROS1-24-0030,2019-05-25,0.6962687747035573,0.47821620553359684
ROS1-25-0012,2019-05-25,0.37024110671936766,0.19861462450592887
ROS1-26-0018,2019-05-25,0.29294545454545456,0.136501581027668
ROS1-27-0019,2019-05-25,0.6191300395256916,0.3421280632411067
ROS1-28-0002,2019-05-25,0.444303557312253,0.24569407114624509
ROS1-29-0003,2019-05-25,0.7608,0.48078616600790514
ROS1-30-0002,2019-05-25,0.8363444444444444,0.5559373015873017
ROS1-31-0022,2019-05-25,0.7838418972332017,0.6007980237154149
ROS1-32-0025,2019-05-25,0.8565214285714285,0.6859428571428571
ROS1-33-0020,2019-05-25,0.568393253968254,0.3176853174603175
ROS1-36-0007,2019-05-25,0.5350664031620553,0.33922529644268773
ROS1-37-0031,2019-05-25,0.8297420634920636,0.6073777777777779
ROS1-38-0004,2019-05-25,0.8023790513833992,0.5557474308300396
ROS1-42-0010,2019-05-25,0.7999134387351777,0.5229600790513834
ROS1-43-0026,2019-05-25,0.8486596837944664,0.5688533596837945
ROS1-44-0000,2019-05-25,0.6730648221343873,0.4309869565217391
ROS1-49-0001,2019-05-25,0.8467687747035574,0.5992612648221344
ROS1-50-0003,2019-05-25,0.7886142857142858,0.516357142857143
ROS1-01-0044,2019-05-25,0.7677166666666666,0.4348944444444445
ROS1-07-0020,2019-05-25,0.7920630952380953,0.5546551587301588
ROS1-08-0025,2019-05-25,0.47028333333333333,0.23912261904761908
ROS1-13-0000,2019-05-25,0.9089632411067193,0.76840395256917
ROS1-14-0009,2019-05-25,0.8356284584980237,0.4762596837944664
ROS1-15-0013,2019-05-25,0.29524103585657374,0.1376386454183267
ROS1-18-0014,2019-05-25,0.8098509881422924,0.6193355731225297
ROS1-19-0004,2019-05-25,0.8402035573122529,0.5471347826086955
ROS1-20-0017,2019-05-25,0.7874079365079365,0.5285587301587302
ROS1-21-0010,2019-05-25,0.7909916666666665,0.5969234126984126
ROS1-22-0022,2019-05-25,0.7264666666666667,0.474875
ROS1-24-0024,2019-05-25,0.8533079051383399,0.6627039525691699
ROS1-25-0018,2019-05-25,0.4530968253968254,0.26327658730158726
ROS1-26-0030,2019-05-25,0.6085051587301586,0.3435742063492063
ROS1-27-0013,2019-05-25,0.34001593625498,0.17737011952191234
ROS1-28-0015,2019-05-25,0.26804206349206344,0.1048968253968254
ROS1-29-0005,2019-05-25,0.3246420634920635,0.15714722222222224
ROS1-30-0015,2019-05-25,0.38670677290836664,0.20529920318725106
ROS1-31-0033,2019-05-25,0.8362992094861661,0.5313980237154151
ROS1-32-0029,2019-05-25,0.8078019762845849,0.5309758893280633
ROS1-33-0013,2019-05-25,0.8515015873015874,0.642568253968254
ROS1-36-0006,2019-05-25,0.394587250996016,0.23051673306772907
ROS1-37-0046,2019-05-25,0.6391686507936508,0.4031738095238096
ROS1-42-0009,2019-05-25,0.7445324110671937,0.5607561264822134
ROS1-43-0017,2019-05-25,0.6595339920948619,0.4318154150197628
ROS1-49-0002,2019-05-25,0.5262351778656128,0.3128126482213439
ROS1-01-0009,2019-05-25,0.6849565217391305,0.36982529644268775
ROS1-07-0031,2019-05-25,0.7639300395256918,0.4334288537549407
ROS1-13-0020,2019-05-25,0.8117821428571429,0.5658583333333334
ROS1-14-0031,2019-05-25,0.8766265873015873,0.5686809523809523
ROS1-15-0025,2019-05-25,0.7966173913043479,0.49569249011857713
ROS1-19-0018,2019-05-25,0.7749533596837945,0.5598450592885376
ROS1-20-0026,2019-05-25,0.7764337301587301,0.4834115079365079
ROS1-21-0037,2019-05-25,0.36920553359683794,0.16606758893280632
ROS1-22-0002,2019-05-25,0.8422507936507936,0.5428642857142858
ROS1-24-0018,2019-05-25,0.5585731225296443,0.38474624505928856
ROS1-25-0032,2019-05-25,0.687498031496063,0.43778582677165356
ROS1-26-0004,2019-05-25,0.8320213438735177,0.6695687747035572
ROS1-27-0027,2019-05-25,0.3989358565737052,0.2228231075697211
ROS1-28-0023,2019-05-25,0.5225349206349207,0.2680698412698413
ROS1-29-0001,2019-05-25,0.5942000000000001,0.2877
ROS1-30-0004,2019-05-25,0.5795253968253967,0.38762222222222226
ROS1-31-0020,2019-05-25,0.7514936507936508,0.5394599206349208
ROS1-32-0008,2019-05-25,0.8639298804780875,0.5837414342629482
ROS1-33-0007,2019-05-25,0.24720988142292488,0.0939403162055336
ROS1-36-0004,2019-05-25,0.5247221343873518,0.3818703557312253
ROS1-37-0020,2019-05-25,0.8363252964426878,0.5535545454545454
ROS1-42-0015,2019-05-25,0.6018674603174603,0.3547527777777778
ROS1-43-0027,2019-05-25,0.7573515873015874,0.5344325396825397
ROS1-49-0013,2019-05-25,0.8671297619047619,0.6431476190476191
ROS1-01-0036,2019-05-25,0.47412964426877474,0.20256758893280633
ROS1-07-0002,2019-05-25,0.8324063241106718,0.5680750988142292
ROS1-01-0045,2019-05-25,0.7975649402390437,0.47491633466135474
ROS1-02-0007,2019-05-25,0.7087206349206349,0.43333849206349206
ROS1-06-0000,2019-05-25,0.6366873517786562,0.3999889328063241
ROS1-07-0025,2019-05-25,0.6416605577689245,0.34938685258964136
ROS1-08-0003,2019-05-25,0.7433547619047619,0.4750789682539683
ROS1-01-0015,2019-06-10,0.6839765873015874,0.49652420634920647
ROS1-02-0005,2019-06-10,0.7733622047244096,0.5326594488188976
ROS1-07-0045,2019-06-10,0.7379623015873018,0.49999920634920647
ROS1-08-0010,2019-06-10,0.7434424603174603,0.4935607142857143
ROS1-12-0000,2019-06-10,0.6993916666666667,0.480327380952381
ROS1-01-0003,2019-06-10,0.8165209486166009,0.6470600790513835
ROS1-07-0012,2019-06-10,0.7311261904761904,0.4967035714285714
ROS1-15-0009,2019-06-10,0.7185454545454546,0.4688090909090909
ROS1-18-0029,2019-06-10,0.5810130952380953,0.37638531746031745
ROS1-19-0041,2019-06-10,0.779909486166008,0.5220826086956523
ROS1-20-0023,2019-06-10,0.7227777777777777,0.5015765873015873
ROS1-21-0016,2019-06-10,0.5904281746031746,0.3592011904761904
ROS1-22-0016,2019-06-10,0.6501503968253968,0.4401313492063492
ROS1-24-0003,2019-06-10,0.38820039840637455,0.24003944223107568
ROS1-25-0017,2019-06-10,0.6005916666666667,0.3218321428571428
ROS1-26-0027,2019-06-10,0.31366785714285716,0.18881349206349207
ROS1-27-0006,2019-06-10,0.7993825396825397,0.5520214285714287
ROS1-28-0006,2019-06-10,0.409884126984127,0.22482301587301587
ROS1-29-0006,2019-06-10,0.6971313492063492,0.4285035714285714
ROS1-30-0009,2019-06-10,0.4170569169960474,0.24399407114624502
ROS1-31-0009,2019-06-10,0.22142261904761906,0.0975420634920635
ROS1-32-0018,2019-06-10,0.416995652173913,0.22260869565217392
ROS1-33-0014,2019-06-10,0.33443478260869564,0.2021833992094862
ROS1-37-0049,2019-06-10,0.40432142857142855,0.2532107142857143
ROS1-42-0006,2019-06-10,0.2672071428571428,0.16734285714285715
ROS1-49-0004,2019-06-10,0.25502698412698416,0.15717619047619052
ROS1-07-0011,2019-06-10,0.7782555555555556,0.5442214285714285
ROS1-12-0004,2019-06-10,0.6981130952380953,0.5245099206349206
ROS1-15-0016,2019-06-10,0.49996587301587303,0.2770952380952381
ROS1-18-0007,2019-06-10,0.44300357142857144,0.2577178571428571
ROS1-19-0026,2019-06-10,0.7683664031620554,0.5116509881422925
ROS1-20-0010,2019-06-10,0.6089666666666668,0.3986277777777778
ROS1-21-0013,2019-06-10,0.6776826086956523,0.42369723320158104
ROS1-22-0011,2019-06-10,0.7696281746031746,0.477025
ROS1-24-0026,2019-06-10,0.40743359683794467,0.24594624505928855
ROS1-25-0008,2019-06-10,0.42178853754940715,0.25134505928853756
ROS1-26-0031,2019-06-10,0.6526710317460317,0.3254194444444445
ROS1-27-0009,2019-06-10,0.5714142292490119,0.3758581027667984
ROS1-28-0017,2019-06-10,0.6739329365079366,0.37850674603174606
ROS1-30-0001,2019-06-10,0.4461904761904762,0.2511698412698413
ROS1-31-0024,2019-06-10,0.6397557312252965,0.3898553359683795
ROS1-32-0022,2019-06-10,0.7096269841269841,0.4591476190476191
ROS1-33-0018,2019-06-10,0.5077853174603175,0.316615873015873
ROS1-36-0022,2019-06-10,0.42286507936507933,0.2505920634920635
ROS1-37-0025,2019-06-10,0.41076706349206343,0.22719722222222224
ROS1-38-0002,2019-06-10,0.23713293650793651,0.11813849206349208
ROS1-42-0008,2019-06-10,0.2354523809523809,0.1458888888888889
ROS1-43-0019,2019-06-10,0.2790486166007905,0.17865177865612647
ROS1-49-0007,2019-06-10,0.28259166666666663,0.19030555555555556
ROS1-15-0014,2019-06-10,0.6573000000000001,0.4911257936507937
ROS1-19-0022,2019-06-10,0.5116723320158102,0.2896241106719367
ROS1-20-0007,2019-06-10,0.6389513833992094,0.4122245059288538
ROS1-21-0034,2019-06-10,0.4931702380952381,0.2777607142857143
ROS1-22-0032,2019-06-10,0.6469896825396826,0.392740873015873
ROS1-25-0016,2019-06-10,0.47922857142857145,0.23077579365079368
ROS1-26-0006,2019-06-10,0.34621067193675886,0.19123715415019762
ROS1-27-0004,2019-06-10,0.5829876984126984,0.3138027777777778
ROS1-28-0029,2019-06-10,0.5687948412698413,0.3510261904761905
ROS1-30-0006,2019-06-10,0.22384940711462453,0.1004707509881423
ROS1-31-0038,2019-06-10,0.7065818181818181,0.4617355731225297
ROS1-33-0010,2019-06-10,0.5848682539682539,0.3882309523809524
ROS1-36-0019,2019-06-10,0.4000873015873016,0.2400198412698413
ROS1-01-0031,2019-06-10,0.6652158102766799,0.512002371541502
ROS1-07-0018,2019-06-10,0.5835687747035574,0.35388695652173907
ROS1-13-0013,2019-06-10,0.40183557312252965,0.227501185770751
ROS1-15-0003,2019-06-10,0.6930063745019921,0.44843266932270914
ROS1-16-0006,2019-06-10,0.6915492063492064,0.44604880952380954
ROS1-18-0030,2019-06-10,0.8267527777777778,0.6580111111111111
ROS1-19-0037,2019-06-10,0.7795761904761904,0.5699464285714285
ROS1-21-0043,2019-06-10,0.25127984189723324,0.10760079051383399
ROS1-22-0026,2019-06-10,0.655479761904762,0.3335599206349207
ROS1-24-0006,2019-06-10,0.19852341269841273,0.12125674603174603
ROS1-25-0023,2019-06-10,0.49317747035573134,0.34044980237154154
ROS1-26-0036,2019-06-10,0.24437936507936509,0.09384166666666666
ROS1-27-0021,2019-06-10,0.4911454545454546,0.3078166007905138
ROS1-28-0030,2019-06-10,0.2415841897233202,0.09539683794466403
ROS1-29-0008,2019-06-10,0.7041193675889328,0.42254466403162055
ROS1-30-0013,2019-06-10,0.4264293650793651,0.28657738095238094
ROS1-31-0028,2019-06-10,0.5889,0.33696230158730156
ROS1-32-0015,2019-06-10,0.3722188976377952,0.1993996062992126
ROS1-33-0009,2019-06-10,0.20891904761904764,0.10379603174603176
ROS1-34-0003,2019-06-10,0.34552738095238095,0.19303571428571428
ROS1-36-0014,2019-06-10,0.5601019841269842,0.3567805555555556
ROS1-37-0012,2019-06-10,0.5120190476190475,0.30742142857142857
ROS1-38-0001,2019-06-10,0.46793849206349214,0.30340992063492067
ROS1-42-0000,2019-06-10,0.2908571428571429,0.18216190476190475
ROS1-43-0006,2019-06-10,0.2983801587301588,0.1732126984126984
ROS1-49-0003,2019-06-10,0.2973219123505976,0.18488964143426295
ROS1-15-0006,2019-06-10,0.5187873015873017,0.32461746031746036
ROS1-18-0024,2019-06-10,0.5505075098814229,0.3704600790513834
ROS1-19-0016,2019-06-10,0.6252734126984127,0.3898507936507936
ROS1-21-0036,2019-06-10,0.4055087301587302,0.19143015873015876
ROS1-22-0006,2019-06-10,0.5537361111111112,0.31965912698412696
ROS1-24-0034,2019-06-10,0.35810753968253967,0.18980238095238094
ROS1-25-0002,2019-06-10,0.44702023809523816,0.2585142857142857
ROS1-26-0040,2019-06-10,0.7240901185770751,0.4597391304347826
ROS1-27-0005,2019-06-10,0.511094466403162,0.28367154150197627
ROS1-28-0013,2019-06-10,0.4017561752988047,0.19460836653386454
ROS1-30-0014,2019-06-10,0.5565392857142857,0.36912063492063496
ROS1-31-0021,2019-06-10,0.7146674603174603,0.4440261904761905
ROS1-32-0006,2019-06-10,0.5092436507936509,0.3096880952380952
ROS1-33-0008,2019-06-10,0.547634628975265,0.37471236749116604
ROS1-34-0005,2019-06-10,0.41554980237154154,0.22527430830039524
ROS1-36-0005,2019-06-10,0.3799916996047431,0.2631561264822134
ROS1-37-0019,2019-06-10,0.37387171314741036,0.2126386454183267
ROS1-38-0007,2019-06-10,0.2892320158102767,0.15585652173913045
ROS1-42-0016,2019-06-10,0.3144533596837945,0.19666521739130435
ROS1-43-0016,2019-06-10,0.4941359683794466,0.36841699604743083
ROS1-49-0012,2019-06-10,0.29740277777777785,0.19942857142857146
ROS1-18-0009,2019-06-10,0.7094722222222223,0.5037857142857144
ROS1-21-0000,2019-06-10,0.6875507874015748,0.40123031496062994
ROS1-24-0023,2019-06-10,0.31773492063492065,0.21015
ROS1-25-0027,2019-06-10,0.4583944444444445,0.29627698412698417
ROS1-01-0005,2019-06-10,0.5938703557312254,0.3956707509881423
ROS1-07-0005,2019-06-10,0.7437129921259843,0.5433893700787401
ROS1-08-0022,2019-06-10,0.6604276679841896,0.4091537549407115
ROS1-13-0005,2019-06-10,0.6920583333333334,0.4749710317460318
ROS1-14-0002,2019-06-10,0.6943392857142858,0.43218968253968265
ROS1-15-0022,2019-06-10,0.7841138888888888,0.5381472222222222
ROS1-16-0004,2019-06-10,0.574198418972332,0.3404865612648221
ROS1-18-0027,2019-06-10,0.7321214285714287,0.49420714285714284
ROS1-19-0012,2019-06-10,0.6706527777777778,0.4495388888888889
ROS1-20-0038,2019-06-10,0.520198023715415,0.27780711462450597
ROS1-21-0003,2019-06-10,0.33300476190476186,0.14475
ROS1-22-0014,2019-06-10,0.5160162055335968,0.29134703557312247
ROS1-24-0030,2019-06-10,0.4505782608695653,0.2921486166007905
ROS1-25-0012,2019-06-10,0.26090395256917,0.11925573122529647
ROS1-26-0018,2019-06-10,0.2761498023715415,0.11597747035573124
ROS1-27-0019,2019-06-10,0.4727090909090909,0.2360671936758893
ROS1-28-0002,2019-06-10,0.4805525691699605,0.2618276679841897
ROS1-29-0003,2019-06-10,0.4733079051383399,0.2507498023715415
ROS1-30-0002,2019-06-10,0.5469293650793651,0.34018174603174606
ROS1-31-0022,2019-06-10,0.6507450592885375,0.4025430830039526
ROS1-32-0025,2019-06-10,0.6506277777777778,0.435465873015873
ROS1-33-0020,2019-06-10,0.5432857142857143,0.35085079365079364
ROS1-36-0007,2019-06-10,0.29867470355731224,0.19723122529644269
ROS1-37-0031,2019-06-10,0.5139353174603175,0.32087738095238094
ROS1-38-0004,2019-06-10,0.4547201581027668,0.2988501976284585
ROS1-42-0010,2019-06-10,0.3440134387351779,0.2208272727272727
ROS1-43-0026,2019-06-10,0.5991671936758894,0.3699956521739131
ROS1-44-0000,2019-06-10,0.39308577075098816,0.2625932806324111
ROS1-49-0001,2019-06-10,0.3497790513833992,0.24010513833992095
ROS1-50-0003,2019-06-10,0.3391039682539683,0.22646269841269845
ROS1-01-0044,2019-06-10,0.5302095238095238,0.312965873015873
ROS1-07-0020,2019-06-10,0.5711646825396826,0.35700793650793655
ROS1-08-0025,2019-06-10,0.718897619047619,0.4754988095238096
ROS1-13-0000,2019-06-10,0.7210656126482212,0.44124110671936756
ROS1-14-0009,2019-06-10,0.696103557312253,0.4416126482213439
ROS1-15-0013,2019-06-10,0.44045458167330676,0.2503115537848606
ROS1-18-0014,2019-06-10,0.794208695652174,0.6163225296442688
ROS1-19-0004,2019-06-10,0.7886308300395257,0.522704347826087
ROS1-20-0017,2019-06-10,0.611329761904762,0.3527765873015873
ROS1-21-0010,2019-06-10,0.6766678571428572,0.4183996031746032
ROS1-22-0022,2019-06-10,0.5737,0.35389166666666666
ROS1-24-0024,2019-06-10,0.6351545454545454,0.4511498023715415
ROS1-25-0018,2019-06-10,0.39578849206349204,0.2187388888888889
ROS1-26-0030,2019-06-10,0.6082166666666667,0.3411654761904762
ROS1-27-0013,2019-06-10,0.29278286852589647,0.14833505976095618
ROS1-28-0015,2019-06-10,0.24395079365079367,0.09441031746031747
ROS1-29-0005,2019-06-10,0.5807563492063492,0.37626190476190474
ROS1-30-0015,2019-06-10,0.3694490039840638,0.18078127490039844
ROS1-31-0033,2019-06-10,0.7686000000000001,0.5070644268774704
ROS1-32-0029,2019-06-10,0.492397628458498,0.3420513833992095
ROS1-33-0013,2019-06-10,0.5163015873015874,0.3286928571428572
ROS1-36-0006,2019-06-10,0.340688047808765,0.18006972111553787
ROS1-37-0046,2019-06-10,0.3732722222222222,0.21311785714285714
ROS1-42-0009,2019-06-10,0.3599,0.2411
ROS1-43-0017,2019-06-10,0.40817272727272735,0.253600395256917
ROS1-49-0002,2019-06-10,0.25094664031620556,0.15860750988142294
ROS1-01-0009,2019-06-10,0.6374019762845851,0.38847588932806326
ROS1-07-0031,2019-06-10,0.6465640316205534,0.45200276679841894
ROS1-13-0020,2019-06-10,0.5976503968253969,0.39136468253968254
ROS1-14-0031,2019-06-10,0.8299420634920635,0.5783761904761905
ROS1-15-0025,2019-06-10,0.6043363636363636,0.34966205533596834
ROS1-19-0018,2019-06-10,0.5852162055335969,0.3991743083003953
ROS1-20-0026,2019-06-10,0.683513888888889,0.46359325396825396
ROS1-21-0037,2019-06-10,0.5679616600790515,0.3266169960474309
ROS1-22-0002,2019-06-10,0.7495646825396826,0.4907166666666667
ROS1-24-0018,2019-06-10,0.6729339920948616,0.4567237154150198
ROS1-25-0032,2019-06-10,0.4507240157480315,0.24576732283464567
ROS1-26-0004,2019-06-10,0.6333770750988142,0.36774071146245063
ROS1-27-0027,2019-06-10,0.6999354581673307,0.49689721115537844
ROS1-28-0023,2019-06-10,0.4600289682539682,0.25085277777777776
ROS1-29-0001,2019-06-10,0.4484719367588933,0.24184229249011854
ROS1-30-0004,2019-06-10,0.2769206349206349,0.14569920634920636
ROS1-31-0020,2019-06-10,0.4739246031746032,0.3303944444444444
ROS1-32-0008,2019-06-10,0.6336721115537848,0.363503984063745
ROS1-33-0007,2019-06-10,0.21648695652173913,0.10056561264822134
ROS1-36-0004,2019-06-10,0.29752569169960474,0.18497826086956526
ROS1-37-0020,2019-06-10,0.4129300395256917,0.28849604743083
ROS1-42-0015,2019-06-10,0.33000555555555555,0.20186468253968254
ROS1-43-0027,2019-06-10,0.4277575396825397,0.25952103174603175
ROS1-49-0013,2019-06-10,0.39239880952380957,0.2811059523809524
ROS1-01-0036,2019-06-10,0.49079841897233206,0.2964549407114625
ROS1-07-0002,2019-06-10,0.4714098814229249,0.2946529644268775
ROS1-01-0045,2019-06-10,0.5546151394422311,0.32018525896414346
ROS1-02-0007,2019-06-10,0.7793218253968254,0.622375
ROS1-06-0000,2019-06-10,0.5335735177865614,0.32985494071146243
ROS1-07-0025,2019-06-10,0.7328717131474104,0.5357760956175299
ROS1-08-0003,2019-06-10,0.7125503968253968,0.4450103174603175
ROS1-01-0015,2019-06-26,0.7486317460317461,0.5689658730158731
ROS1-02-0005,2019-06-26,0.48383228346456697,0.3139015748031496
ROS1-07-0045,2019-06-26,0.6847313492063495,0.5475515873015875
ROS1-08-0010,2019-06-26,0.7242623015873016,0.4994464285714285
ROS1-12-0000,2019-06-26,0.26287857142857146,0.16964841269841271
ROS1-01-0003,2019-06-26,0.7773675889328063,0.6722905138339922
ROS1-07-0012,2019-06-26,0.3486210317460317,0.21995595238095236
ROS1-15-0009,2019-06-26,0.37620000000000003,0.22452727272727271
ROS1-18-0029,2019-06-26,0.3910115079365079,0.2509194444444444
ROS1-19-0041,2019-06-26,0.39637667984189723,0.2610110671936759
ROS1-20-0023,2019-06-26,0.6098444444444444,0.3869277777777777
ROS1-21-0016,2019-06-26,0.47350555555555546,0.3071317460317461
ROS1-22-0016,2019-06-26,0.5599734126984127,0.3955234126984127
ROS1-24-0003,2019-06-26,0.2504505976095618,0.16431912350597608
ROS1-25-0017,2019-06-26,0.7244626984126984,0.4175583333333333
ROS1-26-0027,2019-06-26,0.24639642857142863,0.15020873015873015
ROS1-27-0006,2019-06-26,0.4188031746031746,0.2507587301587302
ROS1-28-0006,2019-06-26,0.5595468253968254,0.3329575396825397
ROS1-29-0006,2019-06-26,0.5008900793650793,0.31190396825396827
ROS1-30-0009,2019-06-26,0.2721747035573123,0.17623675889328064
ROS1-31-0009,2019-06-26,0.1888674603174603,0.09188690476190477
ROS1-32-0018,2019-06-26,0.26586679841897237,0.16036798418972334
ROS1-33-0014,2019-06-26,0.25314743083003954,0.14790553359683795
ROS1-37-0049,2019-06-26,0.26794999999999997,0.1658765873015873
ROS1-42-0006,2019-06-26,0.24920000000000003,0.14929285714285714
ROS1-49-0004,2019-06-26,0.2307452380952381,0.1346753968253968
ROS1-07-0011,2019-06-26,0.3284992063492063,0.20506984126984126
ROS1-12-0004,2019-06-26,0.6783444444444445,0.5367289682539682
ROS1-15-0016,2019-06-26,0.3090785714285714,0.1654515873015873
ROS1-18-0007,2019-06-26,0.2756142857142857,0.1755642857142857
ROS1-19-0026,2019-06-26,0.32980000000000004,0.20170000000000002
ROS1-20-0010,2019-06-26,0.45290476190476187,0.29489126984126984
ROS1-21-0013,2019-06-26,0.311899209486166,0.19376798418972332
ROS1-22-0011,2019-06-26,0.4081615079365079,0.23900198412698412
ROS1-24-0026,2019-06-26,0.2783470355731225,0.17948102766798418
ROS1-25-0008,2019-06-26,0.23907272727272727,0.176298814229249
ROS1-26-0031,2019-06-26,0.30357817460317466,0.14501150793650797
ROS1-27-0009,2019-06-26,0.592609090909091,0.3707774703557312
ROS1-28-0017,2019-06-26,0.3138309523809524,0.1718095238095238
ROS1-30-0001,2019-06-26,0.23497698412698415,0.1515861111111111
ROS1-31-0024,2019-06-26,0.3896782608695652,0.24043992094861663
ROS1-32-0022,2019-06-26,0.30892222222222226,0.19488373015873015
ROS1-33-0018,2019-06-26,0.2586952380952381,0.18008412698412699
ROS1-36-0022,2019-06-26,0.28226230158730153,0.17054484126984126
ROS1-37-0025,2019-06-26,0.2158373015873016,0.1685539682539683
ROS1-38-0002,2019-06-26,0.2306746031746032,0.1274281746031746
ROS1-42-0008,2019-06-26,0.23084087301587303,0.12864246031746032
ROS1-43-0019,2019-06-26,0.2427830039525692,0.14624071146245063
ROS1-49-0007,2019-06-26,0.25634404761904767,0.15288650793650796
ROS1-15-0014,2019-06-26,0.4103896825396825,0.28470238095238093
ROS1-19-0022,2019-06-26,0.5602264822134386,0.3412276679841897
ROS1-20-0007,2019-06-26,0.4273154150197629,0.2635695652173913
ROS1-21-0034,2019-06-26,0.5146750000000001,0.30948333333333333
ROS1-22-0032,2019-06-26,0.691075,0.42990317460317456
ROS1-25-0016,2019-06-26,0.36533730158730165,0.21463730158730157
ROS1-26-0006,2019-06-26,0.38097786561264824,0.21021541501976285
ROS1-27-0004,2019-06-26,0.3139853174603175,0.1826186507936508
ROS1-28-0029,2019-06-26,0.6068535714285714,0.4893119047619047
ROS1-30-0006,2019-06-26,0.21392727272727274,0.09607707509881423
ROS1-31-0038,2019-06-26,0.3617415019762846,0.2201901185770751
ROS1-33-0010,2019-06-26,0.3001404761904762,0.1892265873015873
ROS1-36-0019,2019-06-26,0.2833317460317461,0.17053214285714285
ROS1-01-0031,2019-06-26,0.624401976284585,0.5257739130434783
ROS1-07-0018,2019-06-26,0.49800316205533596,0.3698810276679842
ROS1-13-0013,2019-06-26,0.28482569169960475,0.1636620553359684
ROS1-15-0003,2019-06-26,0.3445366533864541,0.1799593625498008
ROS1-16-0006,2019-06-26,0.32314444444444446,0.19291428571428576
ROS1-18-0030,2019-06-26,0.6918599206349206,0.535820238095238
ROS1-19-0037,2019-06-26,0.3403527777777778,0.20040000000000002
ROS1-21-0043,2019-06-26,0.22189407114624507,0.10559604743083004
ROS1-22-0026,2019-06-26,0.7546968253968255,0.4716444444444445
ROS1-24-0006,2019-06-26,0.17228055555555558,0.09145079365079366
ROS1-25-0023,2019-06-26,0.435903557312253,0.27844743083003953
ROS1-26-0036,2019-06-26,0.23021944444444445,0.1097388888888889
ROS1-27-0021,2019-06-26,0.5142126482213438,0.33089683794466407
ROS1-28-0030,2019-06-26,0.22672173913043478,0.09129525691699607
ROS1-29-0008,2019-06-26,0.3393118577075099,0.19745731225296445
ROS1-30-0013,2019-06-26,0.37910714285714286,0.2479956349206349
ROS1-31-0028,2019-06-26,0.3230392857142857,0.19723849206349206
ROS1-32-0015,2019-06-26,0.2145074803149606,0.15285866141732282
ROS1-33-0009,2019-06-26,0.2077015873015873,0.10630714285714288
ROS1-34-0003,2019-06-26,0.23922222222222222,0.17375833333333335
ROS1-36-0014,2019-06-26,0.2899055555555556,0.1805373015873016
ROS1-37-0012,2019-06-26,0.31963690476190476,0.20548333333333335
ROS1-38-0001,2019-06-26,0.26119920634920635,0.18267539682539682
ROS1-42-0000,2019-06-26,0.21102142857142858,0.15333968253968253
ROS1-43-0006,2019-06-26,0.24635515873015873,0.13899999999999998
ROS1-49-0003,2019-06-26,0.24810796812749003,0.14247091633466136
ROS1-15-0006,2019-06-26,0.31905833333333333,0.19670833333333335
ROS1-18-0024,2019-06-26,0.38093162055335966,0.2536731225296443
ROS1-19-0016,2019-06-26,0.31743452380952375,0.19533492063492064
ROS1-21-0036,2019-06-26,0.7376710317460318,0.6226289682539683
ROS1-22-0006,2019-06-26,0.6115833333333334,0.33104007936507934
ROS1-24-0034,2019-06-26,0.23464444444444443,0.1394376984126984
ROS1-25-0002,2019-06-26,0.2814940476190476,0.1795857142857143
ROS1-26-0040,2019-06-26,0.3882335968379446,0.2507715415019763
ROS1-27-0005,2019-06-26,0.37800039525691703,0.22514229249011855
ROS1-28-0013,2019-06-26,0.3622964143426295,0.18918844621513947
ROS1-30-0014,2019-06-26,0.34629007936507944,0.22330357142857146
ROS1-31-0021,2019-06-26,0.3074301587301588,0.1980861111111111
ROS1-32-0006,2019-06-26,0.30140634920634923,0.15252142857142856
ROS1-33-0008,2019-06-26,0.3433830388692579,0.2159918727915194
ROS1-34-0005,2019-06-26,0.24131739130434787,0.17470434782608696
ROS1-36-0005,2019-06-26,0.27787430830039533,0.1635478260869565
ROS1-37-0019,2019-06-26,0.2708223107569721,0.1569003984063745
ROS1-38-0007,2019-06-26,0.25928853754940717,0.12985375494071147
ROS1-42-0016,2019-06-26,0.31881976284584973,0.19603438735177864
ROS1-43-0016,2019-06-26,0.34699486166007903,0.2304193675889328
ROS1-49-0012,2019-06-26,0.26942103174603177,0.17008055555555557
ROS1-18-0009,2019-06-26,0.3017055555555556,0.1919559523809524
ROS1-21-0000,2019-06-26,0.3362035433070866,0.19855590551181104
ROS1-24-0023,2019-06-26,0.2398638888888889,0.1619333333333334
ROS1-25-0027,2019-06-26,0.2466936507936508,0.1958984126984127
ROS1-01-0005,2019-06-26,0.31460909090909095,0.20730830039525697
ROS1-07-0005,2019-06-26,0.7158633858267717,0.5169094488188977
ROS1-08-0022,2019-06-26,0.3166308300395257,0.19606284584980235
ROS1-13-0005,2019-06-26,0.3077630952380953,0.20754880952380952
ROS1-14-0002,2019-06-26,0.35035238095238097,0.20509246031746034
ROS1-15-0022,2019-06-26,0.351461507936508,0.2105059523809524
ROS1-16-0004,2019-06-26,0.5012928853754941,0.28293438735177867
ROS1-18-0027,2019-06-26,0.3094357142857143,0.16547857142857142
ROS1-19-0012,2019-06-26,0.5097833333333334,0.3494027777777778
ROS1-20-0038,2019-06-26,0.292097628458498,0.15889486166007907
ROS1-21-0003,2019-06-26,0.27541587301587306,0.14219206349206348
ROS1-22-0014,2019-06-26,0.30211304347826085,0.13707470355731224
ROS1-24-0030,2019-06-26,0.3074328063241107,0.1739217391304348
ROS1-25-0012,2019-06-26,0.20590039525691703,0.14134703557312256
ROS1-26-0018,2019-06-26,0.2557932806324111,0.11744466403162054
ROS1-27-0019,2019-06-26,0.33628339920948613,0.2228699604743083
ROS1-28-0002,2019-06-26,0.5574466403162055,0.3567367588932806
ROS1-29-0003,2019-06-26,0.27288379446640315,0.17203320158102767
ROS1-30-0002,2019-06-26,0.3132952380952381,0.19848253968253968
ROS1-31-0022,2019-06-26,0.46080553359683796,0.29219090909090906
ROS1-32-0025,2019-06-26,0.3114436507936508,0.18663531746031745
ROS1-33-0020,2019-06-26,0.5176507936507937,0.3503285714285715
ROS1-36-0007,2019-06-26,0.2497505928853755,0.15513399209486167
ROS1-37-0031,2019-06-26,0.23433531746031747,0.1756246031746032
ROS1-38-0004,2019-06-26,0.344198814229249,0.2252470355731225
ROS1-42-0010,2019-06-26,0.21364387351778652,0.15982371541501975
ROS1-43-0026,2019-06-26,0.2978252964426878,0.18053320158102767
ROS1-44-0000,2019-06-26,0.3015399209486166,0.18927430830039527
ROS1-49-0001,2019-06-26,0.2885541501976284,0.19140237154150197
ROS1-50-0003,2019-06-26,0.30099166666666666,0.18296190476190474
ROS1-01-0044,2019-06-26,0.301159126984127,0.19592579365079366
ROS1-07-0020,2019-06-26,0.3817710317460318,0.25505992063492067
ROS1-08-0025,2019-06-26,0.6774130952380952,0.4496785714285714
ROS1-13-0000,2019-06-26,0.3442968379446639,0.1943126482213439
ROS1-14-0009,2019-06-26,0.36547470355731226,0.19844466403162053
ROS1-15-0013,2019-06-26,0.5723390438247012,0.35902669322709163
ROS1-18-0014,2019-06-26,0.6834747035573123,0.4697901185770751
ROS1-19-0004,2019-06-26,0.6848189723320159,0.4314181818181818
ROS1-20-0017,2019-06-26,0.28845,0.16863253968253966
ROS1-21-0010,2019-06-26,0.3942912698412699,0.24922261904761905
ROS1-22-0022,2019-06-26,0.39866428571428575,0.2442690476190476
ROS1-24-0024,2019-06-26,0.2816169960474308,0.21355415019762847
ROS1-25-0018,2019-06-26,0.23747500000000005,0.13235
ROS1-26-0030,2019-06-26,0.3487480158730159,0.195234126984127
ROS1-27-0013,2019-06-26,0.31326693227091634,0.16214900398406373
ROS1-28-0015,2019-06-26,0.22491507936507937,0.10208968253968256
ROS1-29-0005,2019-06-26,0.718595238095238,0.4305769841269841
ROS1-30-0015,2019-06-26,0.20403585657370518,0.13237689243027892
ROS1-31-0033,2019-06-26,0.42281818181818187,0.28231304347826086
ROS1-32-0029,2019-06-26,0.3039260869565217,0.1922395256916996
ROS1-33-0013,2019-06-26,0.24866031746031747,0.1932134920634921
ROS1-36-0006,2019-06-26,0.20842629482071717,0.111596015936255
ROS1-37-0046,2019-06-26,0.22184642857142858,0.1502388888888889
ROS1-42-0009,2019-06-26,0.23423557312252963,0.16521067193675892
ROS1-43-0017,2019-06-26,0.299604743083004,0.18514031620553362
ROS1-49-0002,2019-06-26,0.24161027667984195,0.14469802371541507
ROS1-01-0009,2019-06-26,0.43009802371541506,0.26897786561264825
ROS1-07-0031,2019-06-26,0.4049818181818182,0.2950197628458498
ROS1-13-0020,2019-06-26,0.3989888888888889,0.24336984126984132
ROS1-14-0031,2019-06-26,0.585125,0.3837186507936508
ROS1-15-0025,2019-06-26,0.3057086956521739,0.18354426877470356
ROS1-19-0018,2019-06-26,0.4920565217391305,0.3230189723320159
ROS1-20-0026,2019-06-26,0.506965873015873,0.29666190476190474
ROS1-21-0037,2019-06-26,0.69651185770751,0.5413422924901187
ROS1-22-0002,2019-06-26,0.34888611111111106,0.20215198412698412
ROS1-24-0018,2019-06-26,0.43072806324110674,0.28870316205533597
ROS1-25-0032,2019-06-26,0.32493897637795277,0.19164803149606302
ROS1-26-0004,2019-06-26,0.3145770750988143,0.17657905138339924
ROS1-27-0027,2019-06-26,0.6698258964143426,0.4057812749003984
ROS1-28-0023,2019-06-26,0.37752976190476195,0.20930873015873017
ROS1-29-0001,2019-06-26,0.443600790513834,0.27612411067193676
ROS1-30-0004,2019-06-26,0.22495873015873016,0.14940277777777777
ROS1-31-0020,2019-06-26,0.23766468253968256,0.16522499999999998
ROS1-32-0008,2019-06-26,0.24483107569721116,0.1807119521912351
ROS1-33-0007,2019-06-26,0.25407509881422924,0.1113794466403162
ROS1-36-0004,2019-06-26,0.2843687747035573,0.17878300395256919
ROS1-37-0020,2019-06-26,0.32045573122529647,0.2089486166007905
ROS1-42-0015,2019-06-26,0.2491123015873016,0.16565238095238097
ROS1-43-0027,2019-06-26,0.3415361111111111,0.21103769841269843
ROS1-49-0013,2019-06-26,0.29415,0.19688452380952381
ROS1-01-0036,2019-06-26,0.48242332015810274,0.29851818181818185
ROS1-07-0002,2019-06-26,0.2482426877470356,0.20081225296442687
ROS1-01-0045,2019-06-26,0.3297756972111554,0.2325430278884462
ROS1-02-0007,2019-06-26,0.800618253968254,0.7122214285714286
ROS1-06-0000,2019-06-26,0.521198418972332,0.413696442687747
ROS1-07-0025,2019-06-26,0.7160394422310757,0.5789509960159361
ROS1-08-0003,2019-06-26,0.33619603174603174,0.20034365079365082
ROS1-01-0015,2019-07-12,0.6721654761904762,0.502718253968254
ROS1-02-0005,2019-07-12,0.5017586614173228,0.3205653543307087
ROS1-07-0045,2019-07-12,0.7069678571428573,0.6115761904761906
ROS1-08-0010,2019-07-12,0.7487194444444444,0.5048087301587302
ROS1-12-0000,2019-07-12,0.3994190476190477,0.17425396825396824
ROS1-01-0003,2019-07-12,0.6864458498023716,0.43431422924901186
ROS1-07-0012,2019-07-12,0.26658769841269836,0.20702896825396824
ROS1-15-0009,2019-07-12,0.34390000000000004,0.22970000000000002
ROS1-18-0029,2019-07-12,0.4505269841269841,0.25484246031746033
ROS1-19-0041,2019-07-12,0.3029913043478261,0.18504347826086956
ROS1-20-0023,2019-07-12,0.5204067460317461,0.3400662698412698
ROS1-21-0016,2019-07-12,0.33767023809523816,0.2341936507936508
ROS1-22-0016,2019-07-12,0.5620126984126985,0.32810317460317456
ROS1-24-0003,2019-07-12,0.2479697211155379,0.11920438247011952
ROS1-25-0017,2019-07-12,0.8482722222222223,0.5808035714285714
ROS1-26-0027,2019-07-12,0.23959960317460322,0.1378793650793651
ROS1-27-0006,2019-07-12,0.2427436507936508,0.173618253968254
ROS1-28-0006,2019-07-12,0.6077892857142857,0.3982035714285714
ROS1-29-0006,2019-07-12,0.434359126984127,0.26588055555555556
ROS1-30-0009,2019-07-12,0.1854644268774704,0.12459486166007905
ROS1-31-0009,2019-07-12,0.2040654761904762,0.0699142857142857
ROS1-32-0018,2019-07-12,0.32389881422924904,0.17758774703557315
ROS1-33-0014,2019-07-12,0.24734822134387355,0.15991343873517785
ROS1-37-0049,2019-07-12,0.18559920634920637,0.1201936507936508
ROS1-42-0006,2019-07-12,0.16625714285714285,0.1183857142857143
ROS1-49-0004,2019-07-12,0.22024920634920636,0.13926190476190478
ROS1-07-0011,2019-07-12,0.24007857142857142,0.16152142857142857
ROS1-12-0004,2019-07-12,0.751752380952381,0.5944257936507936
ROS1-15-0016,2019-07-12,0.295334126984127,0.1433373015873016
ROS1-18-0007,2019-07-12,0.27222619047619045,0.11258928571428573
ROS1-19-0026,2019-07-12,0.2500118577075099,0.13524901185770752
ROS1-20-0010,2019-07-12,0.3556722222222223,0.2527595238095238
ROS1-21-0013,2019-07-12,0.26541264822134386,0.17896837944664032
ROS1-22-0011,2019-07-12,0.33380873015873014,0.20750277777777776
ROS1-24-0026,2019-07-12,0.22894347826086958,0.1351189723320158
ROS1-25-0008,2019-07-12,0.29934822134387357,0.1652501976284585
ROS1-26-0031,2019-07-12,0.18345714285714285,0.1261031746031746
ROS1-27-0009,2019-07-12,0.6431869565217392,0.5444667984189724
ROS1-28-0017,2019-07-12,0.25000793650793657,0.1346111111111111
ROS1-30-0001,2019-07-12,0.2404170634920635,0.16103849206349208
ROS1-31-0024,2019-07-12,0.3303304347826087,0.1884403162055336
ROS1-32-0022,2019-07-12,0.16802936507936508,0.11613769841269841
ROS1-33-0018,2019-07-12,0.27876825396825394,0.19016984126984127
ROS1-36-0022,2019-07-12,0.20094563492063489,0.13675912698412698
ROS1-37-0025,2019-07-12,0.24662222222222224,0.1619964285714286
ROS1-38-0002,2019-07-12,0.19157103174603174,0.09065396825396826
ROS1-42-0008,2019-07-12,0.1976503968253968,0.11822658730158729
ROS1-43-0019,2019-07-12,0.27918695652173914,0.16717351778656128
ROS1-49-0007,2019-07-12,0.25067341269841276,0.14607738095238096
ROS1-15-0014,2019-07-12,0.27175,0.14804126984126986
ROS1-19-0022,2019-07-12,0.7141620553359684,0.5306735177865612
ROS1-20-0007,2019-07-12,0.34427549407114627,0.20525256916996049
ROS1-21-0034,2019-07-12,0.6085698412698414,0.3936686507936508
ROS1-22-0032,2019-07-12,0.7116880952380952,0.5206571428571428
ROS1-25-0016,2019-07-12,0.3528031746031747,0.15971428571428573
ROS1-26-0006,2019-07-12,0.3116557312252965,0.14593438735177866
ROS1-27-0004,2019-07-12,0.2838428571428572,0.17845714285714281
ROS1-28-0029,2019-07-12,0.5022960317460318,0.265790873015873
ROS1-30-0006,2019-07-12,0.1963901185770751,0.13166482213438735
ROS1-31-0038,2019-07-12,0.3947537549407114,0.2288810276679842
ROS1-33-0010,2019-07-12,0.2743638888888889,0.17501626984126983
ROS1-36-0019,2019-07-12,0.21185555555555555,0.14032301587301588
ROS1-01-0031,2019-07-12,0.5769553359683794,0.4343581027667984
ROS1-07-0018,2019-07-12,0.5199051383399209,0.36647826086956525
ROS1-13-0013,2019-07-12,0.28300909090909093,0.1469802371541502
ROS1-15-0003,2019-07-12,0.35571952191235057,0.19509203187250998
ROS1-16-0006,2019-07-12,0.3236333333333334,0.20831507936507934
ROS1-18-0030,2019-07-12,0.7124464285714286,0.523718253968254
ROS1-19-0037,2019-07-12,0.24858809523809522,0.15648015873015875
ROS1-21-0043,2019-07-12,0.22700592885375495,0.08948498023715416
ROS1-22-0026,2019-07-12,0.7139,0.541988888888889
ROS1-24-0006,2019-07-12,0.1855821428571429,0.1042984126984127
ROS1-25-0023,2019-07-12,0.6459260869565217,0.3467252964426878
ROS1-26-0036,2019-07-12,0.21844761904761908,0.08947976190476191
ROS1-27-0021,2019-07-12,0.5443778656126482,0.2906426877470356
ROS1-28-0030,2019-07-12,0.21305138339920948,0.09535731225296444
ROS1-29-0008,2019-07-12,0.24163675889328065,0.14077312252964427
ROS1-30-0013,2019-07-12,0.4703099206349206,0.30573809523809525
ROS1-31-0028,2019-07-12,0.24989761904761904,0.16930555555555557
ROS1-32-0015,2019-07-12,0.23944094488188977,0.12968818897637796
ROS1-33-0009,2019-07-12,0.21020873015873018,0.0812357142857143
ROS1-34-0003,2019-07-12,0.18635714285714286,0.13195
ROS1-36-0014,2019-07-12,0.20662976190476193,0.1349071428571429
ROS1-37-0012,2019-07-12,0.273722619047619,0.17442936507936507
ROS1-38-0001,2019-07-12,0.2845936507936508,0.1606277777777778
ROS1-42-0000,2019-07-12,0.1688972222222222,0.11917222222222222
ROS1-43-0006,2019-07-12,0.20215396825396825,0.12244761904761904
ROS1-49-0003,2019-07-12,0.23579003984063743,0.13447051792828685
ROS1-15-0006,2019-07-12,0.2932051587301588,0.15925873015873018
ROS1-18-0024,2019-07-12,0.5837,0.3917
ROS1-19-0016,2019-07-12,0.21836547619047622,0.13248769841269842
ROS1-21-0036,2019-07-12,0.7883007936507938,0.644752380952381
ROS1-22-0006,2019-07-12,0.6697547619047619,0.4518376984126984
ROS1-24-0034,2019-07-12,0.2167063492063492,0.12376031746031746
ROS1-25-0002,2019-07-12,0.21022142857142856,0.13286904761904764
ROS1-26-0040,2019-07-12,0.33988260869565223,0.16464229249011855
ROS1-27-0005,2019-07-12,0.40192608695652177,0.18757905138339917
ROS1-28-0013,2019-07-12,0.4393697211155378,0.23029003984063745
ROS1-30-0014,2019-07-12,0.3985436507936509,0.23990198412698413
ROS1-31-0021,2019-07-12,0.23299880952380955,0.11676428571428571
ROS1-32-0006,2019-07-12,0.2578432539682539,0.1313892857142857
ROS1-33-0008,2019-07-12,0.5056689045936397,0.29186289752650174
ROS1-34-0005,2019-07-12,0.2781,0.18710000000000002
ROS1-36-0005,2019-07-12,0.2464691699604743,0.15134308300395258
ROS1-37-0019,2019-07-12,0.21426494023904388,0.13090916334661357
ROS1-38-0007,2019-07-12,0.27916679841897235,0.12908814229249013
ROS1-42-0016,2019-07-12,0.18988339920948616,0.13906245059288538
ROS1-43-0016,2019-07-12,0.3388411067193675,0.2176395256916996
ROS1-49-0012,2019-07-12,0.1732309523809524,0.11135714285714286
ROS1-18-0009,2019-07-12,0.17984404761904768,0.11026150793650795
ROS1-21-0000,2019-07-12,0.2978783464566929,0.21633661417322833
ROS1-24-0023,2019-07-12,0.3090230158730159,0.14973095238095238
ROS1-25-0027,2019-07-12,0.21306666666666665,0.159131746031746
ROS1-01-0005,2019-07-12,0.29387272727272723,0.2029221343873518
ROS1-07-0005,2019-07-12,0.7162094488188976,0.47084370078740156
ROS1-08-0022,2019-07-12,0.2278924901185771,0.12918379446640318
ROS1-13-0005,2019-07-12,0.2648765873015873,0.1514761904761905
ROS1-14-0002,2019-07-12,0.37383492063492063,0.2182777777777778
ROS1-15-0022,2019-07-12,0.22047380952380954,0.12935436507936507
ROS1-16-0004,2019-07-12,0.6436920948616601,0.35334308300395256
ROS1-18-0027,2019-07-12,0.24606428571428574,0.14357142857142857
ROS1-19-0012,2019-07-12,0.45780000000000004,0.28297222222222224
ROS1-20-0038,2019-07-12,0.22241660079051384,0.12166758893280633
ROS1-21-0003,2019-07-12,0.3142761904761905,0.18006626984126986
ROS1-22-0014,2019-07-12,0.26932924901185773,0.1367201581027668
ROS1-24-0030,2019-07-12,0.37864664031620554,0.17994505928853755
ROS1-25-0012,2019-07-12,0.2124324110671937,0.08998142292490119
ROS1-26-0018,2019-07-12,0.2420229249011858,0.11804861660079054
ROS1-27-0019,2019-07-12,0.32912924901185775,0.17035573122529643
ROS1-28-0002,2019-07-12,0.6292853754940712,0.4056569169960474
ROS1-29-0003,2019-07-12,0.2233498023715415,0.12057312252964426
ROS1-30-0002,2019-07-12,0.21291587301587303,0.09550238095238095
ROS1-31-0022,2019-07-12,0.31508142292490116,0.17661422924901188
ROS1-32-0025,2019-07-12,0.25013690476190475,0.14816468253968254
ROS1-33-0020,2019-07-12,0.42810238095238107,0.26782500000000004
ROS1-36-0007,2019-07-12,0.26078695652173917,0.1637086956521739
ROS1-37-0031,2019-07-12,0.21097658730158733,0.1274214285714286
ROS1-38-0004,2019-07-12,0.295703162055336,0.18512015810276677
ROS1-42-0010,2019-07-12,0.16655256916996047,0.1253316205533597
ROS1-43-0026,2019-07-12,0.16409209486166007,0.10822213438735179
ROS1-44-0000,2019-07-12,0.31112332015810273,0.1668422924901186
ROS1-49-0001,2019-07-12,0.16088577075098817,0.11807786561264823
ROS1-50-0003,2019-07-12,0.19532857142857143,0.11487142857142857
ROS1-01-0044,2019-07-12,0.21609325396825396,0.12864960317460317
ROS1-07-0020,2019-07-12,0.3394424603174603,0.22998174603174604
ROS1-08-0025,2019-07-12,0.6924583333333333,0.47782023809523816
ROS1-13-0000,2019-07-12,0.2418517786561265,0.13955810276679842
ROS1-14-0009,2019-07-12,0.3400928853754941,0.1420889328063241
ROS1-15-0013,2019-07-12,0.7130856573705179,0.5103270916334661
ROS1-18-0014,2019-07-12,0.5756881422924902,0.318297628458498
ROS1-19-0004,2019-07-12,0.6320648221343874,0.378804743083004
ROS1-20-0017,2019-07-12,0.3703079365079365,0.22292063492063494
ROS1-21-0010,2019-07-12,0.23739285714285716,0.15737500000000001
ROS1-22-0022,2019-07-12,0.42666904761904767,0.2821238095238095
ROS1-24-0024,2019-07-12,0.21834505928853756,0.13742094861660079
ROS1-25-0018,2019-07-12,0.30996706349206354,0.10694523809523808
ROS1-26-0030,2019-07-12,0.31667738095238096,0.14050595238095237
ROS1-27-0013,2019-07-12,0.42534501992031876,0.23284900398406375
ROS1-28-0015,2019-07-12,0.2674503968253968,0.08448928571428571
ROS1-29-0005,2019-07-12,0.7208138888888889,0.4969194444444444
ROS1-30-0015,2019-07-12,0.2173537848605578,0.1335948207171315
ROS1-31-0033,2019-07-12,0.3688830039525692,0.19096245059288539
ROS1-32-0029,2019-07-12,0.23740592885375492,0.1521648221343873
ROS1-33-0013,2019-07-12,0.2202007936507937,0.1460650793650794
ROS1-36-0006,2019-07-12,0.21238525896414343,0.12413904382470121
ROS1-37-0046,2019-07-12,0.20707460317460313,0.13340079365079366
ROS1-42-0009,2019-07-12,0.16302213438735177,0.11504189723320159
ROS1-43-0017,2019-07-12,0.24389841897233203,0.12231897233201583
ROS1-49-0002,2019-07-12,0.20214822134387353,0.12333873517786563
ROS1-01-0009,2019-07-12,0.42191699604743094,0.2745988142292491
ROS1-07-0031,2019-07-12,0.43836837944664037,0.2629355731225296
ROS1-13-0020,2019-07-12,0.37501349206349216,0.23879047619047622
ROS1-14-0031,2019-07-12,0.5309952380952381,0.32947698412698406
ROS1-15-0025,2019-07-12,0.3038,0.17892648221343876
ROS1-19-0018,2019-07-12,0.2659818181818182,0.1758553359683795
ROS1-20-0026,2019-07-12,0.4080785714285715,0.22802341269841267
ROS1-21-0037,2019-07-12,0.7275422924901187,0.5591588932806324
ROS1-22-0002,2019-07-12,0.2264761904761905,0.13507341269841272
ROS1-24-0018,2019-07-12,0.5936561264822136,0.3166750988142293
ROS1-25-0032,2019-07-12,0.3284830708661418,0.22393543307086614
ROS1-26-0004,2019-07-12,0.20616877470355732,0.13106600790513834
ROS1-27-0027,2019-07-12,0.7197326693227092,0.546985657370518
ROS1-28-0023,2019-07-12,0.3528,0.1731
ROS1-29-0001,2019-07-12,0.2985525691699605,0.1495280632411067
ROS1-30-0004,2019-07-12,0.2117607142857143,0.13
ROS1-31-0020,2019-07-12,0.20137817460317461,0.11491349206349206
ROS1-32-0008,2019-07-12,0.21822111553784862,0.129595219123506
ROS1-33-0007,2019-07-12,0.32303873517786563,0.15834387351778653
ROS1-36-0004,2019-07-12,0.2717403162055336,0.167397233201581
ROS1-37-0020,2019-07-12,0.2315644268774704,0.13735335968379445
ROS1-42-0015,2019-07-12,0.16221825396825396,0.1192793650793651
ROS1-43-0027,2019-07-12,0.304493253968254,0.14034801587301587
ROS1-49-0013,2019-07-12,0.16888214285714287,0.12110357142857142
ROS1-01-0036,2019-07-12,0.5250861660079051,0.32070276679841897
ROS1-07-0002,2019-07-12,0.2524276679841897,0.1484818181818182
ROS1-01-0045,2019-07-12,0.2279370517928287,0.14393147410358567
ROS1-02-0007,2019-07-12,0.7049714285714286,0.5054928571428571
ROS1-06-0000,2019-07-12,0.5085229249011858,0.3725197628458498
ROS1-07-0025,2019-07-12,0.7275573705179283,0.5431577689243029
ROS1-08-0003,2019-07-12,0.3140980158730159,0.20082817460317462
ROS1-01-0015,2019-07-28,0.5841400793650795,0.39821746031746036
ROS1-02-0005,2019-07-28,0.4878543307086614,0.26385078740157486
ROS1-07-0045,2019-07-28,0.7134408730158733,0.5813317460317462
ROS1-08-0010,2019-07-28,0.7222825396825397,0.4504849206349206
ROS1-12-0000,2019-07-28,0.3433507936507937,0.1773416666666667
ROS1-01-0003,2019-07-28,0.5543592885375495,0.40172924901185775
ROS1-07-0012,2019-07-28,0.36747460317460323,0.23340158730158728
ROS1-15-0009,2019-07-28,0.29822727272727273,0.14346363636363638
ROS1-18-0029,2019-07-28,0.40357023809523807,0.2183956349206349
ROS1-19-0041,2019-07-28,0.5450090909090909,0.3526118577075099
ROS1-20-0023,2019-07-28,0.5517249999999999,0.288490873015873
ROS1-21-0016,2019-07-28,0.49736984126984124,0.23916825396825397
ROS1-22-0016,2019-07-28,0.3918535714285714,0.17550198412698412
ROS1-24-0003,2019-07-28,0.3836892430278884,0.24074860557768923
ROS1-25-0017,2019-07-28,0.8276940476190476,0.694468253968254
ROS1-26-0027,2019-07-28,0.25075357142857146,0.11808293650793653
ROS1-27-0006,2019-07-28,0.3298238095238096,0.17306746031746031
ROS1-28-0006,2019-07-28,0.6862011904761905,0.45503055555555555
ROS1-29-0006,2019-07-28,0.46788333333333326,0.2464579365079365
ROS1-30-0009,2019-07-28,0.3267861660079051,0.21170671936758892
ROS1-31-0009,2019-07-28,0.21549007936507936,0.13755674603174603
ROS1-32-0018,2019-07-28,0.5661505928853755,0.38597984189723317
ROS1-33-0014,2019-07-28,0.30021462450592884,0.18501146245059288
ROS1-37-0049,2019-07-28,0.2473761904761905,0.1520936507936508
ROS1-42-0006,2019-07-28,0.22625714285714285,0.14660714285714285
ROS1-49-0004,2019-07-28,0.2548265873015873,0.15262142857142857
ROS1-07-0011,2019-07-28,0.26609285714285713,0.17021190476190476
ROS1-12-0004,2019-07-28,0.6790138888888889,0.4797801587301588
ROS1-15-0016,2019-07-28,0.37254920634920635,0.2071571428571429
ROS1-18-0007,2019-07-28,0.25200119047619046,0.12752619047619046
ROS1-19-0026,2019-07-28,0.30469249011857713,0.16365770750988143
ROS1-20-0010,2019-07-28,0.31414603174603173,0.1627452380952381
ROS1-21-0013,2019-07-28,0.23492332015810277,0.10586679841897234
ROS1-22-0011,2019-07-28,0.47265436507936504,0.266052380952381
ROS1-24-0026,2019-07-28,0.2812916996047431,0.16943399209486162
ROS1-25-0008,2019-07-28,0.23880039525691701,0.10551976284584981
ROS1-26-0031,2019-07-28,0.2264170634920635,0.1279702380952381
ROS1-27-0009,2019-07-28,0.682806324110672,0.4591324110671937
ROS1-28-0017,2019-07-28,0.26482698412698413,0.12866666666666665
ROS1-30-0001,2019-07-28,0.4918019841269841,0.28860039682539684
ROS1-31-0024,2019-07-28,0.4768869565217391,0.29012450592885375
ROS1-32-0022,2019-07-28,0.24723333333333333,0.1538273809523809
ROS1-33-0018,2019-07-28,0.5173428571428571,0.3497420634920635
ROS1-36-0022,2019-07-28,0.21350793650793654,0.10009722222222224
ROS1-37-0025,2019-07-28,0.4422900793650793,0.2683007936507936
ROS1-38-0002,2019-07-28,0.24619484126984126,0.16453968253968254
ROS1-42-0008,2019-07-28,0.23360158730158728,0.129715873015873
ROS1-43-0019,2019-07-28,0.34823399209486167,0.2047513833992095
ROS1-49-0007,2019-07-28,0.2923202380952381,0.1594416666666667
ROS1-15-0014,2019-07-28,0.2681265873015873,0.1197452380952381
ROS1-19-0022,2019-07-28,0.7440292490118577,0.6266075098814229
ROS1-20-0007,2019-07-28,0.3735252964426878,0.18190237154150196
ROS1-21-0034,2019-07-28,0.7408099206349207,0.45606587301587304
ROS1-22-0032,2019-07-28,0.7108305555555556,0.43990158730158735
ROS1-25-0016,2019-07-28,0.49841587301587315,0.28135238095238096
ROS1-26-0006,2019-07-28,0.3016573122529645,0.13455691699604747
ROS1-27-0004,2019-07-28,0.5576051587301587,0.3118130952380952
ROS1-28-0029,2019-07-28,0.6451440476190476,0.3967503968253968
ROS1-30-0006,2019-07-28,0.21827509881422924,0.10958616600790513
ROS1-31-0038,2019-07-28,0.5658043478260869,0.3789909090909091
ROS1-33-0010,2019-07-28,0.2534579365079365,0.10806944444444445
ROS1-36-0019,2019-07-28,0.24032023809523811,0.13844642857142858
ROS1-01-0031,2019-07-28,0.6072743083003953,0.44988181818181816
ROS1-07-0018,2019-07-28,0.5186996047430831,0.3642525691699605
ROS1-13-0013,2019-07-28,0.3829379446640317,0.1876632411067194
ROS1-15-0003,2019-07-28,0.3141167330677291,0.13654940239043825
ROS1-16-0006,2019-07-28,0.28113809523809524,0.14796349206349207
ROS1-18-0030,2019-07-28,0.5540249999999999,0.3269202380952381
ROS1-19-0037,2019-07-28,0.39742500000000003,0.22500873015873013
ROS1-21-0043,2019-07-28,0.2410513833992095,0.09450711462450595
ROS1-22-0026,2019-07-28,0.7313289682539683,0.4357654761904762
ROS1-24-0006,2019-07-28,0.18410079365079368,0.09715079365079367
ROS1-25-0023,2019-07-28,0.6010920948616602,0.35960237154150204
ROS1-26-0036,2019-07-28,0.26485000000000003,0.1005
ROS1-27-0021,2019-07-28,0.4915715415019763,0.28639920948616604
ROS1-28-0030,2019-07-28,0.2558837944664032,0.09581185770750987
ROS1-29-0008,2019-07-28,0.3002,0.175801185770751
ROS1-30-0013,2019-07-28,0.6362464285714285,0.4125202380952381
ROS1-31-0028,2019-07-28,0.4863928571428572,0.30383531746031744
ROS1-32-0015,2019-07-28,0.3705007874015748,0.2172011811023622
ROS1-33-0009,2019-07-28,0.19295317460317463,0.10306825396825399
ROS1-34-0003,2019-07-28,0.26728968253968255,0.17526706349206347
ROS1-36-0014,2019-07-28,0.32424761904761906,0.18473809523809526
ROS1-37-0012,2019-07-28,0.5144182539682539,0.32950714285714283
ROS1-38-0001,2019-07-28,0.517736507936508,0.3302603174603175
ROS1-42-0000,2019-07-28,0.2641952380952381,0.16356865079365077
ROS1-43-0006,2019-07-28,0.31766428571428573,0.19966309523809525
ROS1-49-0003,2019-07-28,0.2839601593625498,0.15877051792828686
ROS1-15-0006,2019-07-28,0.38653412698412704,0.24971825396825398
ROS1-18-0024,2019-07-28,0.39836324110671933,0.22432411067193675
ROS1-19-0016,2019-07-28,0.3142007936507937,0.17893015873015874
ROS1-21-0036,2019-07-28,0.7771087301587302,0.5311269841269841
ROS1-22-0006,2019-07-28,0.6866448412698413,0.3667242063492063
ROS1-24-0034,2019-07-28,0.3468472222222222,0.22168690476190478
ROS1-25-0002,2019-07-28,0.4479726190476191,0.27132261904761906
ROS1-26-0040,2019-07-28,0.4000703557312253,0.21862924901185773
ROS1-27-0005,2019-07-28,0.4284758893280633,0.21554743083003952
ROS1-28-0013,2019-07-28,0.39210756972111566,0.13410199203187254
ROS1-30-0014,2019-07-28,0.6461420634920636,0.4252595238095238
ROS1-31-0021,2019-07-28,0.49965753968253973,0.29999642857142855
ROS1-32-0006,2019-07-28,0.3250920634920635,0.19154841269841272
ROS1-33-0008,2019-07-28,0.5728971731448763,0.33914169611307415
ROS1-34-0005,2019-07-28,0.3730086956521739,0.22085731225296443
ROS1-36-0005,2019-07-28,0.34274664031620555,0.19881699604743083
ROS1-37-0019,2019-07-28,0.2712462151394423,0.15397051792828687
ROS1-38-0007,2019-07-28,0.25585691699604746,0.1283280632411067
ROS1-42-0016,2019-07-28,0.21060395256916994,0.14064901185770748
ROS1-43-0016,2019-07-28,0.44962292490118577,0.2792521739130434
ROS1-49-0012,2019-07-28,0.29648373015873014,0.18234682539682542
ROS1-18-0009,2019-07-28,0.2508369047619048,0.14191825396825397
ROS1-21-0000,2019-07-28,0.3632118110236221,0.149448031496063
ROS1-24-0023,2019-07-28,0.28448214285714285,0.17936825396825398
ROS1-25-0027,2019-07-28,0.3359095238095238,0.20726190476190479
ROS1-01-0005,2019-07-28,0.3413525691699605,0.18335494071146247
ROS1-07-0005,2019-07-28,0.5633220472440945,0.36579370078740153
ROS1-08-0022,2019-07-28,0.2602395256916996,0.12513557312252963
ROS1-13-0005,2019-07-28,0.4000916666666667,0.2004345238095238
ROS1-14-0002,2019-07-28,0.26694603174603176,0.14075595238095243
ROS1-15-0022,2019-07-28,0.3152075396825397,0.16748174603174604
ROS1-16-0004,2019-07-28,0.6308217391304347,0.3421703557312253
ROS1-18-0027,2019-07-28,0.4101142857142857,0.23940714285714287
ROS1-19-0012,2019-07-28,0.38498055555555555,0.20678333333333332
ROS1-20-0038,2019-07-28,0.3332897233201581,0.1781430830039526
ROS1-21-0003,2019-07-28,0.41275674603174617,0.18945674603174603
ROS1-22-0014,2019-07-28,0.31849367588932803,0.1285513833992095
ROS1-24-0030,2019-07-28,0.27061501976284585,0.13954980237154146
ROS1-25-0012,2019-07-28,0.24737865612648222,0.12868972332015813
ROS1-26-0018,2019-07-28,0.36597233201581025,0.1359596837944664
ROS1-27-0019,2019-07-28,0.3755869565217391,0.18490474308300398
ROS1-28-0002,2019-07-28,0.7350687747035572,0.4526197628458498
ROS1-29-0003,2019-07-28,0.2635699604743083,0.13349841897233203
ROS1-30-0002,2019-07-28,0.3042269841269841,0.16057698412698415
ROS1-31-0022,2019-07-28,0.30558458498023716,0.15996521739130437
ROS1-32-0025,2019-07-28,0.2766416666666667,0.15844761904761906
ROS1-33-0020,2019-07-28,0.414577380952381,0.20527420634920637
ROS1-36-0007,2019-07-28,0.377098023715415,0.21626679841897234
ROS1-37-0031,2019-07-28,0.3837869047619048,0.2195388888888889
ROS1-38-0004,2019-07-28,0.38901067193675887,0.24530474308300393
ROS1-42-0010,2019-07-28,0.24052173913043476,0.1589288537549407
ROS1-43-0026,2019-07-28,0.3298256916996048,0.21401818181818183
ROS1-44-0000,2019-07-28,0.47134387351778656,0.28858735177865613
ROS1-49-0001,2019-07-28,0.29689644268774706,0.19345533596837944
ROS1-50-0003,2019-07-28,0.4073714285714286,0.2591531746031746
ROS1-01-0044,2019-07-28,0.23439007936507936,0.13611349206349208
ROS1-07-0020,2019-07-28,0.35439444444444446,0.18806507936507935
ROS1-08-0025,2019-07-28,0.7548857142857144,0.5402928571428571
ROS1-13-0000,2019-07-28,0.3872288537549407,0.19358537549407115
ROS1-14-0009,2019-07-28,0.2954699604743083,0.11169328063241109
ROS1-15-0013,2019-07-28,0.7225023904382469,0.41463147410358564
ROS1-18-0014,2019-07-28,0.4421490118577075,0.22972806324110676
ROS1-19-0004,2019-07-28,0.6090494071146245,0.3511731225296443
ROS1-20-0017,2019-07-28,0.37031349206349207,0.2242281746031746
ROS1-21-0010,2019-07-28,0.28702896825396823,0.0837404761904762
ROS1-22-0022,2019-07-28,0.6060285714285714,0.3406738095238095
ROS1-24-0024,2019-07-28,0.4342177865612648,0.2663225296442688
ROS1-25-0018,2019-07-28,0.3019392857142857,0.1635960317460317
ROS1-26-0030,2019-07-28,0.3272452380952381,0.17616269841269844
ROS1-27-0013,2019-07-28,0.3121115537848606,0.17151713147410358
ROS1-28-0015,2019-07-28,0.2673964285714286,0.0762202380952381
ROS1-29-0005,2019-07-28,0.6617480158730158,0.3638849206349206
ROS1-30-0015,2019-07-28,0.2948282868525897,0.17790876494023908
ROS1-31-0033,2019-07-28,0.2534818181818182,0.12955494071146245
ROS1-32-0029,2019-07-28,0.6338620553359683,0.423990118577075
ROS1-33-0013,2019-07-28,0.2983658730158731,0.15900317460317465
ROS1-36-0006,2019-07-28,0.2554529880478088,0.14799163346613547
ROS1-37-0046,2019-07-28,0.35794404761904763,0.22130952380952382
ROS1-42-0009,2019-07-28,0.22709802371541501,0.1345391304347826
ROS1-43-0017,2019-07-28,0.36049762845849803,0.20365454545454545
ROS1-49-0002,2019-07-28,0.34128418972332014,0.20685533596837946
ROS1-01-0009,2019-07-28,0.4626671936758893,0.26495335968379446
ROS1-07-0031,2019-07-28,0.4798359683794466,0.2957138339920949
ROS1-13-0020,2019-07-28,0.35745674603174604,0.10278452380952383
ROS1-14-0031,2019-07-28,0.598126984126984,0.3268523809523809
ROS1-15-0025,2019-07-28,0.508691699604743,0.28738577075098815
ROS1-19-0018,2019-07-28,0.45406758893280635,0.25928893280632415
ROS1-20-0026,2019-07-28,0.5020170634920635,0.2719011904761905
ROS1-21-0037,2019-07-28,0.7555849802371541,0.558189723320158
ROS1-22-0002,2019-07-28,0.30099761904761907,0.15515079365079365
ROS1-24-0018,2019-07-28,0.47062094861660075,0.26731897233201585
ROS1-25-0032,2019-07-28,0.4698637795275591,0.29531259842519686
ROS1-26-0004,2019-07-28,0.3120114624505929,0.190203557312253
ROS1-27-0027,2019-07-28,0.6923039840637449,0.3953681274900398
ROS1-28-0023,2019-07-28,0.37956746031746025,0.14811349206349203
ROS1-29-0001,2019-07-28,0.4549280632411067,0.21790632411067193
ROS1-30-0004,2019-07-28,0.4332730158730159,0.2853119047619047
ROS1-31-0020,2019-07-28,0.3110789682539683,0.2037107142857143
ROS1-32-0008,2019-07-28,0.5273932270916334,0.34479083665338645
ROS1-33-0007,2019-07-28,0.39899683794466406,0.20629328063241106
ROS1-36-0004,2019-07-28,0.36034347826086954,0.20508339920948615
ROS1-37-0020,2019-07-28,0.4074758893280633,0.25449486166007906
ROS1-42-0015,2019-07-28,0.2607059523809524,0.15876587301587303
ROS1-43-0027,2019-07-28,0.38602579365079365,0.22258928571428574
ROS1-49-0013,2019-07-28,0.39845,0.26275000000000004
ROS1-01-0036,2019-07-28,0.6232687747035572,0.31177272727272726
ROS1-07-0002,2019-07-28,0.375502766798419,0.19582766798418974
ROS1-01-0045,2019-07-28,0.2515681274900399,0.13240836653386456
ROS1-02-0007,2019-07-28,0.6017011904761904,0.3562896825396825
ROS1-06-0000,2019-07-28,0.5918687747035574,0.40861383399209483
ROS1-07-0025,2019-07-28,0.6612163346613544,0.40226494023904386
ROS1-08-0003,2019-07-28,0.4492289682539683,0.2502234126984127
ROS1-01-0015,2019-08-13,0.5510714285714285,0.3400626984126984
ROS1-02-0005,2019-08-13,0.38480196850393705,0.2127952755905512
ROS1-07-0045,2019-08-13,0.6514948412698414,0.44928928571428584
ROS1-08-0010,2019-08-13,0.5942928571428572,0.3839134920634921
ROS1-12-0000,2019-08-13,0.3413059523809524,0.17371785714285715
ROS1-01-0003,2019-08-13,0.3283940711462451,0.1664719367588933
ROS1-07-0012,2019-08-13,0.4957984126984127,0.30951587301587297
ROS1-15-0009,2019-08-13,0.41662727272727273,0.20655454545454546
ROS1-18-0029,2019-08-13,0.3563801587301587,0.1873781746031746
ROS1-19-0041,2019-08-13,0.5326260869565218,0.3209873517786561
ROS1-20-0023,2019-08-13,0.3335940476190476,0.1749801587301587
ROS1-21-0016,2019-08-13,0.3954789682539682,0.22885198412698413
ROS1-22-0016,2019-08-13,0.4286634920634921,0.21676468253968256
ROS1-24-0003,2019-08-13,0.5254207171314741,0.3627673306772908
ROS1-25-0017,2019-08-13,0.8664150793650794,0.6361861111111112
ROS1-26-0027,2019-08-13,0.251165873015873,0.11740357142857144
ROS1-27-0006,2019-08-13,0.3175619047619048,0.1621936507936508
ROS1-28-0006,2019-08-13,0.7231035714285714,0.4295218253968254
ROS1-29-0006,2019-08-13,0.5215003968253968,0.2775154761904762
ROS1-30-0009,2019-08-13,0.3457320158102767,0.20325217391304348
ROS1-31-0009,2019-08-13,0.22262341269841274,0.11205277777777778
ROS1-32-0018,2019-08-13,0.5727019762845851,0.35991027667984193
ROS1-33-0014,2019-08-13,0.30721422924901187,0.18158023715415023
ROS1-37-0049,2019-08-13,0.2311607142857143,0.14816785714285716
ROS1-42-0006,2019-08-13,0.22992857142857143,0.14964285714285713
ROS1-49-0004,2019-08-13,0.24294206349206351,0.14460952380952383
ROS1-07-0011,2019-08-13,0.26590238095238095,0.1372452380952381
ROS1-12-0004,2019-08-13,0.5759841269841269,0.3535690476190476
ROS1-15-0016,2019-08-13,0.3685404761904761,0.16085396825396825
ROS1-18-0007,2019-08-13,0.23689761904761905,0.11386428571428571
ROS1-19-0026,2019-08-13,0.26615652173913046,0.1145798418972332
ROS1-20-0010,2019-08-13,0.25945555555555555,0.1266126984126984
ROS1-21-0013,2019-08-13,0.2863865612648221,0.13803478260869564
ROS1-22-0011,2019-08-13,0.5906996031746032,0.34823928571428575
ROS1-24-0026,2019-08-13,0.27674229249011856,0.1558893280632411
ROS1-25-0008,2019-08-13,0.21588339920948618,0.08889604743083004
ROS1-26-0031,2019-08-13,0.21497539682539685,0.09754563492063491
ROS1-27-0009,2019-08-13,0.6093185770750988,0.35294031620553357
ROS1-28-0017,2019-08-13,0.38656349206349205,0.19078690476190477
ROS1-30-0001,2019-08-13,0.25783531746031746,0.10738015873015873
ROS1-31-0024,2019-08-13,0.40718023715415025,0.23283992094861664
ROS1-32-0022,2019-08-13,0.2031821428571429,0.1125107142857143
ROS1-33-0018,2019-08-13,0.5104892857142856,0.3210952380952381
ROS1-36-0022,2019-08-13,0.20113571428571428,0.09708531746031747
ROS1-37-0025,2019-08-13,0.424043253968254,0.27886428571428573
ROS1-38-0002,2019-08-13,0.26254484126984123,0.16054801587301587
ROS1-42-0008,2019-08-13,0.21689047619047616,0.11927896825396825
ROS1-43-0019,2019-08-13,0.30809723320158106,0.17867430830039524
ROS1-49-0007,2019-08-13,0.29626150793650796,0.155940873015873
ROS1-15-0014,2019-08-13,0.3628821428571429,0.18114563492063493
ROS1-19-0022,2019-08-13,0.7276581027667984,0.558605138339921
ROS1-20-0007,2019-08-13,0.4155086956521739,0.2308916996047431
ROS1-21-0034,2019-08-13,0.6504678571428573,0.3859238095238095
ROS1-22-0032,2019-08-13,0.5990853174603175,0.35006587301587305
ROS1-25-0016,2019-08-13,0.5276849206349207,0.29635912698412703
ROS1-26-0006,2019-08-13,0.3461687747035574,0.154899209486166
ROS1-27-0004,2019-08-13,0.5190837301587302,0.2983880952380953
ROS1-28-0029,2019-08-13,0.6144920634920635,0.4020138888888889
ROS1-30-0006,2019-08-13,0.222800790513834,0.10683122529644269
ROS1-31-0038,2019-08-13,0.5361588932806324,0.35536047430830037
ROS1-33-0010,2019-08-13,0.332556746031746,0.1467900793650794
ROS1-36-0019,2019-08-13,0.20476190476190478,0.09769642857142859
ROS1-01-0031,2019-08-13,0.4686944664031621,0.31302371541501983
ROS1-07-0018,2019-08-13,0.37617193675889327,0.21073201581027667
ROS1-13-0013,2019-08-13,0.28380316205533596,0.13597747035573124
ROS1-15-0003,2019-08-13,0.3709171314741036,0.17190239043824698
ROS1-16-0006,2019-08-13,0.3646226190476191,0.19879960317460318
ROS1-18-0030,2019-08-13,0.4809634920634921,0.2503904761904762
ROS1-19-0037,2019-08-13,0.28425634920634923,0.11954007936507936
ROS1-21-0043,2019-08-13,0.23957588932806323,0.10186719367588933
ROS1-22-0026,2019-08-13,0.6814678571428572,0.4587567460317461
ROS1-24-0006,2019-08-13,0.18518293650793652,0.10220039682539683
ROS1-25-0023,2019-08-13,0.5563952569169961,0.31683241106719373
ROS1-26-0036,2019-08-13,0.2366845238095238,0.08567142857142857
ROS1-27-0021,2019-08-13,0.4387573122529644,0.23549802371541503
ROS1-28-0030,2019-08-13,0.2641699604743083,0.09068656126482215
ROS1-29-0008,2019-08-13,0.3705881422924901,0.21437826086956518
ROS1-30-0013,2019-08-13,0.4606920634920635,0.3155948412698413
ROS1-31-0028,2019-08-13,0.3363960317460318,0.1710281746031746
ROS1-32-0015,2019-08-13,0.3835866141732284,0.18791574803149605
ROS1-33-0009,2019-08-13,0.24054444444444448,0.12530238095238094
ROS1-34-0003,2019-08-13,0.34619007936507934,0.21760396825396827
ROS1-36-0014,2019-08-13,0.30874523809523813,0.1883277777777778
ROS1-37-0012,2019-08-13,0.49019920634920633,0.3315519841269841
ROS1-38-0001,2019-08-13,0.5002821428571429,0.3132563492063492
ROS1-42-0000,2019-08-13,0.23985793650793655,0.1434619047619048
ROS1-43-0006,2019-08-13,0.31619285714285716,0.18648174603174605
ROS1-49-0003,2019-08-13,0.2693187250996016,0.14934900398406376
ROS1-15-0006,2019-08-13,0.4540765873015874,0.28655833333333336
ROS1-18-0024,2019-08-13,0.3791,0.1953
ROS1-19-0016,2019-08-13,0.2510690476190476,0.09490833333333334
ROS1-21-0036,2019-08-13,0.7566325396825399,0.5175611111111111
ROS1-22-0006,2019-08-13,0.6168821428571428,0.3280392857142857
ROS1-24-0034,2019-08-13,0.23397420634920635,0.10728373015873016
ROS1-25-0002,2019-08-13,0.42750238095238097,0.2363738095238095
ROS1-26-0040,2019-08-13,0.6368980237154152,0.4105869565217391
ROS1-27-0005,2019-08-13,0.4274683794466403,0.1983379446640316
ROS1-28-0013,2019-08-13,0.29688326693227085,0.10878884462151396
ROS1-30-0014,2019-08-13,0.616323015873016,0.38672738095238096
ROS1-31-0021,2019-08-13,0.2550206349206349,0.13113611111111112
ROS1-32-0006,2019-08-13,0.3608738095238095,0.1951373015873016
ROS1-33-0008,2019-08-13,0.4613890459363958,0.24884169611307416
ROS1-34-0005,2019-08-13,0.3746086956521739,0.2050201581027668
ROS1-36-0005,2019-08-13,0.3645118577075099,0.20738260869565217
ROS1-37-0019,2019-08-13,0.26650438247011954,0.1564537848605578
ROS1-38-0007,2019-08-13,0.25510118577075097,0.1152604743083004
ROS1-42-0016,2019-08-13,0.19934387351778654,0.13380118577075098
ROS1-43-0016,2019-08-13,0.27644347826086957,0.17862371541501976
ROS1-49-0012,2019-08-13,0.3070992063492063,0.18786468253968255
ROS1-18-0009,2019-08-13,0.270368253968254,0.11724126984126985
ROS1-21-0000,2019-08-13,0.4025488188976378,0.18263818897637793
ROS1-24-0023,2019-08-13,0.3023853174603175,0.173525
ROS1-25-0027,2019-08-13,0.3317206349206349,0.1955047619047619
ROS1-01-0005,2019-08-13,0.3490758893280633,0.19250000000000003
ROS1-07-0005,2019-08-13,0.35558188976377947,0.1756177165354331
ROS1-08-0022,2019-08-13,0.21316086956521738,0.09919644268774705
ROS1-13-0005,2019-08-13,0.4366599206349207,0.25952857142857144
ROS1-14-0002,2019-08-13,0.2510781746031746,0.12203015873015875
ROS1-15-0022,2019-08-13,0.504845634920635,0.2695369047619048
ROS1-16-0004,2019-08-13,0.6065592885375494,0.320799209486166
ROS1-18-0027,2019-08-13,0.28362142857142864,0.12895714285714285
ROS1-19-0012,2019-08-13,0.38334999999999997,0.19949722222222221
ROS1-20-0038,2019-08-13,0.36275968379446644,0.1888098814229249
ROS1-21-0003,2019-08-13,0.31613174603174604,0.15467499999999998
ROS1-22-0014,2019-08-13,0.5010193675889328,0.2374521739130435
ROS1-24-0030,2019-08-13,0.23571739130434785,0.1378790513833992
ROS1-25-0012,2019-08-13,0.27531897233201585,0.1175814229249012
ROS1-26-0018,2019-08-13,0.24353043478260877,0.09512055335968381
ROS1-27-0019,2019-08-13,0.3833090909090909,0.20941936758893281
ROS1-28-0002,2019-08-13,0.596498814229249,0.3435316205533597
ROS1-29-0003,2019-08-13,0.3123667984189723,0.11449644268774703
ROS1-30-0002,2019-08-13,0.32767301587301584,0.17297777777777779
ROS1-31-0022,2019-08-13,0.24578418972332017,0.11557035573122529
ROS1-32-0025,2019-08-13,0.3064702380952381,0.172225
ROS1-33-0020,2019-08-13,0.3404702380952382,0.1794781746031746
ROS1-36-0007,2019-08-13,0.32100513833992095,0.18441660079051383
ROS1-37-0031,2019-08-13,0.4629174603174604,0.2875250000000001
ROS1-38-0004,2019-08-13,0.37539604743083005,0.22468379446640316
ROS1-42-0010,2019-08-13,0.24760830039525686,0.16400079051383396
ROS1-43-0026,2019-08-13,0.30541027667984194,0.1957169960474308
ROS1-44-0000,2019-08-13,0.48055256916996053,0.2891343873517787
ROS1-49-0001,2019-08-13,0.2969442687747036,0.18929011857707512
ROS1-50-0003,2019-08-13,0.39411388888888893,0.26554682539682545
ROS1-01-0044,2019-08-13,0.26271666666666665,0.1443246031746032
ROS1-07-0020,2019-08-13,0.3522571428571429,0.18510119047619047
ROS1-08-0025,2019-08-13,0.6406333333333334,0.4049119047619048
ROS1-13-0000,2019-08-13,0.3486754940711463,0.1752375494071146
ROS1-14-0009,2019-08-13,0.2484328063241107,0.0919205533596838
ROS1-15-0013,2019-08-13,0.7021199203187252,0.429488047808765
ROS1-18-0014,2019-08-13,0.3832288537549407,0.18466600790513835
ROS1-19-0004,2019-08-13,0.5596754940711463,0.28172134387351777
ROS1-20-0017,2019-08-13,0.4562345238095238,0.283140873015873
ROS1-21-0010,2019-08-13,0.24253531746031748,0.07905992063492062
ROS1-22-0022,2019-08-13,0.6561416666666667,0.4061
ROS1-24-0024,2019-08-13,0.4047268774703558,0.25028814229249013
ROS1-25-0018,2019-08-13,0.2812075396825397,0.11843690476190474
ROS1-26-0030,2019-08-13,0.2734904761904762,0.14932539682539683
ROS1-27-0013,2019-08-13,0.2640490039840638,0.11902151394422308
ROS1-28-0015,2019-08-13,0.2569424603174604,0.09073690476190477
ROS1-29-0005,2019-08-13,0.5752218253968253,0.34700039682539685
ROS1-30-0015,2019-08-13,0.27734103585657377,0.13844422310756974
ROS1-31-0033,2019-08-13,0.3028090909090909,0.14291422924901187
ROS1-32-0029,2019-08-13,0.5532644268774703,0.3547426877470356
ROS1-33-0013,2019-08-13,0.4188507936507937,0.23874126984126987
ROS1-36-0006,2019-08-13,0.24112669322709168,0.1218996015936255
ROS1-37-0046,2019-08-13,0.424547619047619,0.274909126984127
ROS1-42-0009,2019-08-13,0.223798023715415,0.13878893280632412
ROS1-43-0017,2019-08-13,0.3319612648221344,0.18655889328063244
ROS1-49-0002,2019-08-13,0.37691699604743084,0.22785454545454548
ROS1-01-0009,2019-08-13,0.38882252964426883,0.2056110671936759
ROS1-07-0031,2019-08-13,0.3910292490118577,0.20913557312252967
ROS1-13-0020,2019-08-13,0.2760337301587302,0.11777222222222224
ROS1-14-0031,2019-08-13,0.5532416666666666,0.26026587301587306
ROS1-15-0025,2019-08-13,0.3835545454545455,0.17631620553359686
ROS1-19-0018,2019-08-13,0.49605138339920957,0.27186956521739125
ROS1-20-0026,2019-08-13,0.45279960317460316,0.23842658730158733
ROS1-21-0037,2019-08-13,0.6832675889328064,0.45177075098814234
ROS1-22-0002,2019-08-13,0.4248388888888889,0.2057440476190476
ROS1-24-0018,2019-08-13,0.35972727272727273,0.1791383399209486
ROS1-25-0032,2019-08-13,0.5114279527559056,0.3084736220472441
ROS1-26-0004,2019-08-13,0.24635335968379451,0.13250750988142296
ROS1-27-0027,2019-08-13,0.6718685258964143,0.39121474103585663
ROS1-28-0023,2019-08-13,0.3516873015873016,0.160409126984127
ROS1-29-0001,2019-08-13,0.466794861660079,0.2342094861660079
ROS1-30-0004,2019-08-13,0.5245563492063492,0.36508293650793644
ROS1-31-0020,2019-08-13,0.47372857142857144,0.3173214285714286
ROS1-32-0008,2019-08-13,0.4795111553784861,0.29120996015936257
ROS1-33-0007,2019-08-13,0.5030711462450593,0.24739367588932806
ROS1-36-0004,2019-08-13,0.3839098814229249,0.22610197628458498
ROS1-37-0020,2019-08-13,0.4834011857707511,0.3201517786561265
ROS1-42-0015,2019-08-13,0.2022186507936508,0.10790079365079365
ROS1-43-0027,2019-08-13,0.421161507936508,0.25973492063492065
ROS1-49-0013,2019-08-13,0.41180476190476195,0.27612380952380955
ROS1-01-0036,2019-08-13,0.5391241106719369,0.2872288537549407
ROS1-07-0002,2019-08-13,0.29353280632411066,0.1719699604743083
ROS1-01-0045,2019-08-13,0.24106533864541838,0.12808525896414344
ROS1-02-0007,2019-08-13,0.4798190476190477,0.29432500000000006
ROS1-06-0000,2019-08-13,0.37105573122529645,0.215797628458498
ROS1-07-0025,2019-08-13,0.38890756972111556,0.189700796812749
ROS1-08-0003,2019-08-13,0.2384015873015873,0.10615833333333334
ROS1-01-0015,2019-08-29,0.486218253968254,0.300979761904762
ROS1-02-0005,2019-08-29,0.3743133858267717,0.21756259842519687
ROS1-07-0045,2019-08-29,0.43008452380952394,0.23635714285714288
ROS1-08-0010,2019-08-29,0.4806238095238095,0.2536003968253968
ROS1-12-0000,2019-08-29,0.20882380952380952,0.08808611111111113
ROS1-01-0003,2019-08-29,0.3225517786561265,0.1552193675889328
ROS1-07-0012,2019-08-29,0.29965952380952376,0.14657063492063493
ROS1-15-0009,2019-08-29,0.5135636363636364,0.2831
ROS1-18-0029,2019-08-29,0.33118928571428574,0.1607
ROS1-19-0041,2019-08-29,0.44639644268774714,0.28550000000000003
ROS1-20-0023,2019-08-29,0.3269357142857143,0.2138702380952381
ROS1-21-0016,2019-08-29,0.34722857142857144,0.19728253968253967
ROS1-22-0016,2019-08-29,0.4975265873015873,0.2644555555555555
ROS1-24-0003,2019-08-29,0.23580159362549802,0.11684741035856575
ROS1-25-0017,2019-08-29,0.803061111111111,0.5901845238095238
ROS1-26-0027,2019-08-29,0.2023111111111111,0.09257222222222224
ROS1-27-0006,2019-08-29,0.29586984126984134,0.1697904761904762
ROS1-28-0006,2019-08-29,0.6293444444444445,0.36797103174603185
ROS1-29-0006,2019-08-29,0.4426611111111111,0.1493345238095238
ROS1-30-0009,2019-08-29,0.3147094861660079,0.19395968379446643
ROS1-31-0009,2019-08-29,0.21085436507936509,0.09423611111111112
ROS1-32-0018,2019-08-29,0.47677944664031624,0.2999901185770751
ROS1-33-0014,2019-08-29,0.31197154150197626,0.19109683794466406
ROS1-37-0049,2019-08-29,0.1989,0.12486468253968255
ROS1-42-0006,2019-08-29,0.20692142857142856,0.13458571428571428
ROS1-49-0004,2019-08-29,0.2146587301587302,0.12929087301587303
ROS1-07-0011,2019-08-29,0.2713277777777777,0.14819603174603174
ROS1-12-0004,2019-08-29,0.4118853174603175,0.222059126984127
ROS1-15-0016,2019-08-29,0.38366746031746035,0.18172380952380948
ROS1-18-0007,2019-08-29,0.21908809523809522,0.09380952380952381
ROS1-19-0026,2019-08-29,0.24186126482213438,0.09319920948616602
ROS1-20-0010,2019-08-29,0.2652134920634921,0.12813174603174604
ROS1-21-0013,2019-08-29,0.2951778656126482,0.13732292490118578
ROS1-22-0011,2019-08-29,0.2737880952380953,0.1031142857142857
ROS1-24-0026,2019-08-29,0.26742806324110674,0.17918221343873514
ROS1-25-0008,2019-08-29,0.2033830039525692,0.08638339920948616
ROS1-26-0031,2019-08-29,0.1945603174603175,0.09250833333333336
ROS1-27-0009,2019-08-29,0.3586948616600791,0.20069841897233204
ROS1-28-0017,2019-08-29,0.41242896825396824,0.21343412698412698
ROS1-30-0001,2019-08-29,0.23877023809523812,0.113859126984127
ROS1-31-0024,2019-08-29,0.31381225296442694,0.1793707509881423
ROS1-32-0022,2019-08-29,0.20321746031746035,0.11489484126984127
ROS1-33-0018,2019-08-29,0.34652301587301587,0.19152579365079367
ROS1-36-0022,2019-08-29,0.1906468253968254,0.08976150793650793
ROS1-37-0025,2019-08-29,0.3305095238095238,0.2205238095238095
ROS1-38-0002,2019-08-29,0.3090531746031746,0.16746150793650794
ROS1-42-0008,2019-08-29,0.1980404761904762,0.11115357142857143
ROS1-43-0019,2019-08-29,0.26726324110671945,0.15171462450592885
ROS1-49-0007,2019-08-29,0.27726150793650794,0.1460218253968254
ROS1-15-0014,2019-08-29,0.2888357142857143,0.11503293650793651
ROS1-19-0022,2019-08-29,0.660902371541502,0.2781399209486166
ROS1-20-0007,2019-08-29,0.35034387351778656,0.1982225296442688
ROS1-21-0034,2019-08-29,0.5160801587301588,0.287993253968254
ROS1-22-0032,2019-08-29,0.4604222222222223,0.2346559523809524
ROS1-25-0016,2019-08-29,0.3073547619047619,0.15998690476190477
ROS1-26-0006,2019-08-29,0.35455256916996053,0.1671794466403162
ROS1-27-0004,2019-08-29,0.4587849206349207,0.2667809523809524
ROS1-28-0029,2019-08-29,0.4489710317460317,0.23435238095238095
ROS1-30-0006,2019-08-29,0.22223636363636365,0.10439565217391304
ROS1-31-0038,2019-08-29,0.49288063241106717,0.32023241106719363
ROS1-33-0010,2019-08-29,0.31400158730158734,0.14416825396825397
ROS1-36-0019,2019-08-29,0.18336547619047622,0.0865015873015873
ROS1-01-0031,2019-08-29,0.38073794466403166,0.21098774703557313
ROS1-07-0018,2019-08-29,0.3098225296442688,0.16326719367588932
ROS1-13-0013,2019-08-29,0.2619177865612648,0.13174505928853755
ROS1-15-0003,2019-08-29,0.2974505976095617,0.10486294820717132
ROS1-16-0006,2019-08-29,0.4585670634920635,0.26235238095238095
ROS1-18-0030,2019-08-29,0.3031047619047619,0.1435972222222222
ROS1-19-0037,2019-08-29,0.26093373015873017,0.12625158730158728
ROS1-21-0043,2019-08-29,0.21730395256916998,0.09401620553359685
ROS1-22-0026,2019-08-29,0.4266257936507936,0.22406428571428574
ROS1-24-0006,2019-08-29,0.18906031746031746,0.09655476190476191
ROS1-25-0023,2019-08-29,0.3397573122529645,0.183603162055336
ROS1-26-0036,2019-08-29,0.2294376984126984,0.08875753968253969
ROS1-27-0021,2019-08-29,0.3497525691699605,0.18561660079051379
ROS1-28-0030,2019-08-29,0.23916719367588932,0.08807984189723321
ROS1-29-0008,2019-08-29,0.45844980237154154,0.2816841897233201
ROS1-30-0013,2019-08-29,0.2986849206349206,0.18418968253968254
ROS1-31-0028,2019-08-29,0.24348333333333333,0.10699920634920636
ROS1-32-0015,2019-08-29,0.3308153543307087,0.1793334645669291
ROS1-33-0009,2019-08-29,0.2704293650793651,0.11316190476190477
ROS1-34-0003,2019-08-29,0.38440317460317464,0.2606888888888889
ROS1-36-0014,2019-08-29,0.22803611111111113,0.13669880952380956
ROS1-37-0012,2019-08-29,0.45050674603174606,0.29431587301587303
ROS1-38-0001,2019-08-29,0.3274726190476191,0.1789734126984127
ROS1-42-0000,2019-08-29,0.21706984126984127,0.09855793650793651
ROS1-43-0006,2019-08-29,0.25006349206349204,0.1465702380952381
ROS1-49-0003,2019-08-29,0.2253593625498008,0.1300788844621514
ROS1-15-0006,2019-08-29,0.4432960317460318,0.29019166666666674
ROS1-18-0024,2019-08-29,0.30020395256917,0.15936996047430832
ROS1-19-0016,2019-08-29,0.2641333333333334,0.1099126984126984
ROS1-21-0036,2019-08-29,0.414218253968254,0.2225543650793651
ROS1-22-0006,2019-08-29,0.5041591269841269,0.2536015873015873
ROS1-24-0034,2019-08-29,0.21849325396825395,0.1021388888888889
ROS1-25-0002,2019-08-29,0.2389690476190476,0.11851904761904763
ROS1-26-0040,2019-08-29,0.6222494071146244,0.4060541501976284
ROS1-27-0005,2019-08-29,0.35391857707509883,0.1605316205533597
ROS1-28-0013,2019-08-29,0.34890916334661354,0.13708685258964143
ROS1-30-0014,2019-08-29,0.4263817460317461,0.2637892857142857
ROS1-31-0021,2019-08-29,0.21266746031746028,0.10589801587301588
ROS1-32-0006,2019-08-29,0.2515265873015873,0.10609642857142856
ROS1-33-0008,2019-08-29,0.4308674911660777,0.2471939929328622
ROS1-34-0005,2019-08-29,0.2844,0.15835177865612649
ROS1-36-0005,2019-08-29,0.3132992094861661,0.18527470355731224
ROS1-37-0019,2019-08-29,0.2281689243027889,0.12673944223107572
ROS1-38-0007,2019-08-29,0.2639256916996048,0.11687786561264824
ROS1-42-0016,2019-08-29,0.1895486166007905,0.12332648221343874
ROS1-43-0016,2019-08-29,0.20479249011857706,0.12882964426877472
ROS1-49-0012,2019-08-29,0.23034087301587305,0.14564563492063493
ROS1-18-0009,2019-08-29,0.20836071428571432,0.0942765873015873
ROS1-21-0000,2019-08-29,0.293144094488189,0.11734685039370078
ROS1-24-0023,2019-08-29,0.24846309523809526,0.13860992063492064
ROS1-25-0027,2019-08-29,0.2679547619047619,0.1593873015873016
ROS1-01-0005,2019-08-29,0.2886529644268775,0.14283043478260873
ROS1-07-0005,2019-08-29,0.29994566929133853,0.1286976377952756
ROS1-08-0022,2019-08-29,0.2162122529644269,0.09725533596837944
ROS1-13-0005,2019-08-29,0.25977460317460316,0.14880634920634922
ROS1-14-0002,2019-08-29,0.23127499999999998,0.10256428571428573
ROS1-15-0022,2019-08-29,0.5524670634920635,0.3314797619047619
ROS1-16-0004,2019-08-29,0.31869486166007904,0.11077193675889327
ROS1-18-0027,2019-08-29,0.2530071428571429,0.12323571428571428
ROS1-19-0012,2019-08-29,0.31508888888888886,0.15663611111111111
ROS1-20-0038,2019-08-29,0.31267905138339924,0.17520197628458498
ROS1-21-0003,2019-08-29,0.265359126984127,0.11121944444444443
ROS1-22-0014,2019-08-29,0.3241446640316205,0.11975889328063241
ROS1-24-0030,2019-08-29,0.25642490118577077,0.14853478260869565
ROS1-25-0012,2019-08-29,0.23603992094861662,0.1022905138339921
ROS1-26-0018,2019-08-29,0.2631407114624506,0.10599090909090911
ROS1-27-0019,2019-08-29,0.3379181818181818,0.16544308300395258
ROS1-28-0002,2019-08-29,0.4159826086956521,0.24324703557312252
ROS1-29-0003,2019-08-29,0.2939758893280633,0.08599367588932806
ROS1-30-0002,2019-08-29,0.21165079365079364,0.10442857142857144
ROS1-31-0022,2019-08-29,0.23893162055335967,0.11479249011857708
ROS1-32-0025,2019-08-29,0.3533928571428572,0.20943214285714284
ROS1-33-0020,2019-08-29,0.35116349206349207,0.1782265873015873
ROS1-36-0007,2019-08-29,0.27305652173913036,0.16375138339920947
ROS1-37-0031,2019-08-29,0.25711547619047626,0.1615126984126984
ROS1-38-0004,2019-08-29,0.2757897233201581,0.16352292490118578
ROS1-42-0010,2019-08-29,0.21306521739130432,0.12086245059288539
ROS1-43-0026,2019-08-29,0.19833675889328062,0.09947667984189723
ROS1-44-0000,2019-08-29,0.35925059288537553,0.2232505928853755
ROS1-49-0001,2019-08-29,0.21287470355731228,0.13577075098814229
ROS1-50-0003,2019-08-29,0.2643623015873016,0.16480238095238098
ROS1-01-0044,2019-08-29,0.2925099206349206,0.16940119047619046
ROS1-07-0020,2019-08-29,0.42097500000000004,0.227468253968254
ROS1-08-0025,2019-08-29,0.33727976190476194,0.16381785714285713
ROS1-13-0000,2019-08-29,0.26094071146245057,0.10080830039525691
ROS1-14-0009,2019-08-29,0.26755494071146246,0.09812845849802372
ROS1-15-0013,2019-08-29,0.6154414342629483,0.3707613545816733
ROS1-18-0014,2019-08-29,0.34609051383399214,0.17161699604743083
ROS1-19-0004,2019-08-29,0.5226743083003953,0.2703549407114625
ROS1-20-0017,2019-08-29,0.4343825396825397,0.257090873015873
ROS1-21-0010,2019-08-29,0.2526777777777778,0.08663571428571429
ROS1-22-0022,2019-08-29,0.6394523809523809,0.3985892857142857
ROS1-24-0024,2019-08-29,0.29738221343873517,0.18268537549407116
ROS1-25-0018,2019-08-29,0.2623630952380952,0.11569880952380954
ROS1-26-0030,2019-08-29,0.19826230158730163,0.09335714285714287
ROS1-27-0013,2019-08-29,0.2261780876494024,0.08791633466135457
ROS1-28-0015,2019-08-29,0.22492500000000004,0.08310873015873017
ROS1-29-0005,2019-08-29,0.39453412698412693,0.21571785714285707
ROS1-30-0015,2019-08-29,0.23350358565737053,0.10635059760956178
ROS1-31-0033,2019-08-29,0.3199743083003953,0.18308063241106723
ROS1-32-0029,2019-08-29,0.209797628458498,0.10800474308300394
ROS1-33-0013,2019-08-29,0.4164166666666667,0.24870952380952385
ROS1-36-0006,2019-08-29,0.22204342629482074,0.11010318725099603
ROS1-37-0046,2019-08-29,0.30480515873015873,0.1899623015873016
ROS1-42-0009,2019-08-29,0.196,0.11710000000000001
ROS1-43-0017,2019-08-29,0.29051739130434784,0.16963399209486166
ROS1-49-0002,2019-08-29,0.2839359683794466,0.16529525691699606
ROS1-01-0009,2019-08-29,0.33806284584980245,0.17122845849802373
ROS1-07-0031,2019-08-29,0.2997422924901186,0.15012845849802373
ROS1-13-0020,2019-08-29,0.24614484126984126,0.09616031746031747
ROS1-14-0031,2019-08-29,0.579593253968254,0.30998531746031743
ROS1-15-0025,2019-08-29,0.43615454545454546,0.2171612648221344
ROS1-19-0018,2019-08-29,0.27042885375494075,0.12046719367588932
ROS1-20-0026,2019-08-29,0.30976388888888884,0.1668857142857143
ROS1-21-0037,2019-08-29,0.34964703557312254,0.18471422924901185
ROS1-22-0002,2019-08-29,0.5390646825396826,0.25409801587301584
ROS1-24-0018,2019-08-29,0.277800395256917,0.15895375494071146
ROS1-25-0032,2019-08-29,0.2867188976377953,0.1526688976377953
ROS1-26-0004,2019-08-29,0.28280988142292496,0.16170671936758896
ROS1-27-0027,2019-08-29,0.5054243027888446,0.2831139442231076
ROS1-28-0023,2019-08-29,0.3634746031746032,0.17095555555555558
ROS1-29-0001,2019-08-29,0.3500205533596838,0.15253596837944666
ROS1-30-0004,2019-08-29,0.32589603174603177,0.2066623015873016
ROS1-31-0020,2019-08-29,0.229725,0.10822579365079364
ROS1-32-0008,2019-08-29,0.3886972111553785,0.24252868525896415
ROS1-33-0007,2019-08-29,0.3620138339920949,0.15667747035573126
ROS1-36-0004,2019-08-29,0.25032727272727273,0.13954545454545453
ROS1-37-0020,2019-08-29,0.3588197628458498,0.2304106719367589
ROS1-42-0015,2019-08-29,0.1882198412698413,0.09613611111111112
ROS1-43-0027,2019-08-29,0.369025,0.21795952380952383
ROS1-49-0013,2019-08-29,0.2681571428571428,0.17593690476190477
ROS1-01-0036,2019-08-29,0.5092015810276679,0.2828909090909091
ROS1-07-0002,2019-08-29,0.26730079051383404,0.14551264822134388
ROS1-01-0045,2019-08-29,0.22438207171314742,0.10494661354581676
ROS1-02-0007,2019-08-29,0.3201579365079365,0.14507301587301588
ROS1-06-0000,2019-08-29,0.29042964426877466,0.12999288537549408
ROS1-07-0025,2019-08-29,0.4348717131474104,0.2011609561752988
ROS1-08-0003,2019-08-29,0.27867142857142857,0.13347301587301588
ROS1-01-0015,2019-09-14,0.37583611111111115,0.22571309523809527
ROS1-02-0005,2019-09-14,0.24498267716535435,0.11428385826771656
ROS1-07-0045,2019-09-14,0.3428892857142858,0.20191746031746036
ROS1-08-0010,2019-09-14,0.3932087301587302,0.19787579365079366
ROS1-12-0000,2019-09-14,0.3039043650793651,0.10425555555555556
ROS1-01-0003,2019-09-14,0.2975438735177866,0.1553581027667984
ROS1-07-0012,2019-09-14,0.32139126984126987,0.1671281746031746
ROS1-15-0009,2019-09-14,0.32626363636363637,0.13647272727272727
ROS1-18-0029,2019-09-14,0.30943769841269836,0.1603031746031746
ROS1-19-0041,2019-09-14,0.41370790513834,0.2304600790513834
ROS1-20-0023,2019-09-14,0.2845829365079365,0.17867063492063492
ROS1-21-0016,2019-09-14,0.2784480158730159,0.1517031746031746
ROS1-22-0016,2019-09-14,0.41314126984126975,0.24024761904761907
ROS1-24-0003,2019-09-14,0.21279840637450198,0.10892988047808765
ROS1-25-0017,2019-09-14,0.6412968253968255,0.47284801587301584
ROS1-26-0027,2019-09-14,0.2102670634920635,0.10001746031746032
ROS1-27-0006,2019-09-14,0.29645476190476194,0.1561888888888889
ROS1-28-0006,2019-09-14,0.4077900793650794,0.2300984126984127
ROS1-29-0006,2019-09-14,0.3876952380952381,0.1287873015873016
ROS1-30-0009,2019-09-14,0.28362727272727273,0.17136600790513834
ROS1-31-0009,2019-09-14,0.19161269841269843,0.09072698412698413
ROS1-32-0018,2019-09-14,0.35480434782608694,0.20458972332015812
ROS1-33-0014,2019-09-14,0.3115909090909091,0.19555296442687747
ROS1-37-0049,2019-09-14,0.18218571428571428,0.11564007936507936
ROS1-42-0006,2019-09-14,0.18311428571428573,0.12250714285714286
ROS1-49-0004,2019-09-14,0.18859007936507938,0.1095765873015873
ROS1-07-0011,2019-09-14,0.21199285714285715,0.1090968253968254
ROS1-12-0004,2019-09-14,0.3117642857142857,0.1655329365079365
ROS1-15-0016,2019-09-14,0.2618769841269842,0.1092468253968254
ROS1-18-0007,2019-09-14,0.22131071428571428,0.09475
ROS1-19-0026,2019-09-14,0.2248,0.10442292490118578
ROS1-20-0010,2019-09-14,0.2195714285714286,0.1146
ROS1-21-0013,2019-09-14,0.2629126482213439,0.12359130434782609
ROS1-22-0011,2019-09-14,0.24253095238095237,0.07516626984126983
ROS1-24-0026,2019-09-14,0.23138102766798418,0.1463122529644269
ROS1-25-0008,2019-09-14,0.1981422924901186,0.08988142292490119
ROS1-26-0031,2019-09-14,0.22697579365079368,0.10092380952380951
ROS1-27-0009,2019-09-14,0.29374505928853756,0.184999209486166
ROS1-28-0017,2019-09-14,0.23563333333333333,0.10463809523809522
ROS1-30-0001,2019-09-14,0.21437023809523809,0.10259880952380952
ROS1-31-0024,2019-09-14,0.36544940711462454,0.21830000000000002
ROS1-32-0022,2019-09-14,0.20204285714285716,0.11140793650793651
ROS1-33-0018,2019-09-14,0.31652619047619046,0.17145873015873014
ROS1-36-0022,2019-09-14,0.18424563492063492,0.09004801587301588
ROS1-37-0025,2019-09-14,0.29780238095238093,0.19524642857142857
ROS1-38-0002,2019-09-14,0.2588769841269841,0.1439857142857143
ROS1-42-0008,2019-09-14,0.21747261904761905,0.11550833333333334
ROS1-43-0019,2019-09-14,0.23978972332015813,0.13964189723320158
ROS1-49-0007,2019-09-14,0.2529825396825397,0.13996706349206348
ROS1-15-0014,2019-09-14,0.31491309523809524,0.12740396825396824
ROS1-19-0022,2019-09-14,0.5836865612648222,0.40298063241106724
ROS1-20-0007,2019-09-14,0.36056837944664033,0.20500790513833994
ROS1-21-0034,2019-09-14,0.3622440476190477,0.20730396825396827
ROS1-22-0032,2019-09-14,0.3813861111111111,0.18134920634920634
ROS1-25-0016,2019-09-14,0.2907305555555556,0.14609880952380955
ROS1-26-0006,2019-09-14,0.2708324110671937,0.13862015810276682
ROS1-27-0004,2019-09-14,0.4164353174603175,0.22954880952380954
ROS1-28-0029,2019-09-14,0.3478626984126984,0.13312817460317458
ROS1-30-0006,2019-09-14,0.20280513833992095,0.09332529644268775
ROS1-31-0038,2019-09-14,0.44041897233201577,0.2818928853754941
ROS1-33-0010,2019-09-14,0.3058166666666667,0.11398174603174605
ROS1-36-0019,2019-09-14,0.175734126984127,0.0831611111111111
ROS1-01-0031,2019-09-14,0.3068588932806324,0.15215810276679842
ROS1-07-0018,2019-09-14,0.24000830039525695,0.11419960474308302
ROS1-13-0013,2019-09-14,0.2444608695652174,0.12099367588932808
ROS1-15-0003,2019-09-14,0.471900796812749,0.1555621513944223
ROS1-16-0006,2019-09-14,0.46375079365079364,0.27294682539682547
ROS1-18-0030,2019-09-14,0.3972007936507936,0.19965873015873012
ROS1-19-0037,2019-09-14,0.20670992063492064,0.09819960317460318
ROS1-21-0043,2019-09-14,0.37650513833992094,0.14347747035573122
ROS1-22-0026,2019-09-14,0.45370436507936507,0.16104404761904761
ROS1-24-0006,2019-09-14,0.17575952380952384,0.08516031746031746
ROS1-25-0023,2019-09-14,0.2383723320158103,0.12813043478260872
ROS1-26-0036,2019-09-14,0.22655714285714285,0.0905468253968254
ROS1-27-0021,2019-09-14,0.33102252964426876,0.14293952569169963
ROS1-28-0030,2019-09-14,0.26200276679841894,0.08645494071146245
ROS1-29-0008,2019-09-14,0.49123715415019764,0.31246403162055336
ROS1-30-0013,2019-09-14,0.22811587301587302,0.15707936507936507
ROS1-31-0028,2019-09-14,0.21059007936507937,0.09388531746031746
ROS1-32-0015,2019-09-14,0.25361692913385825,0.11396220472440945
ROS1-33-0009,2019-09-14,0.5139198412698414,0.22525793650793652
ROS1-34-0003,2019-09-14,0.41219682539682545,0.251381746031746
ROS1-36-0014,2019-09-14,0.20459722222222224,0.11910873015873018
ROS1-37-0012,2019-09-14,0.40053253968253966,0.2743154761904762
ROS1-38-0001,2019-09-14,0.2112857142857143,0.10119920634920636
ROS1-42-0000,2019-09-14,0.1805404761904762,0.08067738095238096
ROS1-43-0006,2019-09-14,0.2342150793650794,0.14667817460317462
ROS1-49-0003,2019-09-14,0.21225298804780873,0.12392749003984063
ROS1-15-0006,2019-09-14,0.3924222222222223,0.24839682539682545
ROS1-18-0024,2019-09-14,0.24829802371541504,0.11940988142292491
ROS1-19-0016,2019-09-14,0.2347186507936508,0.09428412698412698
ROS1-21-0036,2019-09-14,0.27991666666666665,0.1171404761904762
ROS1-22-0006,2019-09-14,0.36396825396825394,0.13989325396825397
ROS1-24-0034,2019-09-14,0.20866269841269844,0.09659285714285715
ROS1-25-0002,2019-09-14,0.2005309523809524,0.10299880952380952
ROS1-26-0040,2019-09-14,0.554400790513834,0.3578505928853755
ROS1-27-0005,2019-09-14,0.3314185770750988,0.13442094861660078
ROS1-28-0013,2019-09-14,0.4482689243027889,0.1574980079681275
ROS1-30-0014,2019-09-14,0.3767214285714286,0.22841309523809525
ROS1-31-0021,2019-09-14,0.1935424603174603,0.1044484126984127
ROS1-32-0006,2019-09-14,0.28818015873015873,0.10870277777777777
ROS1-33-0008,2019-09-14,0.42541201413427565,0.24210777385159005
ROS1-34-0005,2019-09-14,0.26171818181818185,0.09189090909090909
ROS1-36-0005,2019-09-14,0.2809830039525692,0.1599201581027668
ROS1-37-0019,2019-09-14,0.2519195219123506,0.14721235059760956
ROS1-38-0007,2019-09-14,0.23719762845849807,0.10393675889328062
ROS1-42-0016,2019-09-14,0.1657288537549407,0.11035177865612647
ROS1-43-0016,2019-09-14,0.18371422924901187,0.11609881422924899
ROS1-49-0012,2019-09-14,0.19688412698412705,0.12519126984126985
ROS1-18-0009,2019-09-14,0.25881547619047623,0.09528531746031749
ROS1-21-0000,2019-09-14,0.30076732283464563,0.12706929133858266
ROS1-24-0023,2019-09-14,0.2540317460317461,0.13388492063492063
ROS1-25-0027,2019-09-14,0.26510317460317456,0.16088253968253968
ROS1-01-0005,2019-09-14,0.27787747035573124,0.15022766798418974
ROS1-07-0005,2019-09-14,0.2992641732283465,0.12469488188976378
ROS1-08-0022,2019-09-14,0.20880158102766802,0.09658656126482214
ROS1-13-0005,2019-09-14,0.2293214285714286,0.13774920634920634
ROS1-14-0002,2019-09-14,0.22231031746031749,0.09425277777777778
ROS1-15-0022,2019-09-14,0.2672301587301587,0.11216468253968254
ROS1-16-0004,2019-09-14,0.32808023715415013,0.11639841897233204
ROS1-18-0027,2019-09-14,0.2560357142857143,0.13164285714285714
ROS1-19-0012,2019-09-14,0.27758055555555555,0.14381388888888888
ROS1-20-0038,2019-09-14,0.28741501976284584,0.15924624505928853
ROS1-21-0003,2019-09-14,0.23435833333333334,0.08977539682539681
ROS1-22-0014,2019-09-14,0.31381027667984185,0.10454426877470356
ROS1-24-0030,2019-09-14,0.24164150197628456,0.13679446640316206
ROS1-25-0012,2019-09-14,0.21271501976284587,0.09138893280632412
ROS1-26-0018,2019-09-14,0.23723359683794468,0.10073201581027669
ROS1-27-0019,2019-09-14,0.35449249011857714,0.18401541501976282
ROS1-28-0002,2019-09-14,0.24913675889328066,0.17180316205533597
ROS1-29-0003,2019-09-14,0.28713596837944666,0.08088656126482213
ROS1-30-0002,2019-09-14,0.18901825396825395,0.09476666666666668
ROS1-31-0022,2019-09-14,0.2530454545454545,0.13750553359683795
ROS1-32-0025,2019-09-14,0.3151337301587301,0.19366031746031748
ROS1-33-0020,2019-09-14,0.3065738095238096,0.15979285714285715
ROS1-36-0007,2019-09-14,0.28133992094861654,0.16013992094861662
ROS1-37-0031,2019-09-14,0.23163730158730164,0.14535317460317465
ROS1-38-0004,2019-09-14,0.25369367588932806,0.15169328063241105
ROS1-42-0010,2019-09-14,0.18952094861660077,0.08922569169960474
ROS1-43-0026,2019-09-14,0.17831620553359684,0.08472055335968379
ROS1-44-0000,2019-09-14,0.3068426877470356,0.1883142292490119
ROS1-49-0001,2019-09-14,0.17232924901185773,0.11349249011857708
ROS1-50-0003,2019-09-14,0.2316714285714286,0.13248571428571432
ROS1-01-0044,2019-09-14,0.289347619047619,0.16360714285714284
ROS1-07-0020,2019-09-14,0.364409126984127,0.18587896825396824
ROS1-08-0025,2019-09-14,0.27009880952380955,0.1336142857142857
ROS1-13-0000,2019-09-14,0.23873596837944666,0.10373478260869565
ROS1-14-0009,2019-09-14,0.22935375494071145,0.09287351778656128
ROS1-15-0013,2019-09-14,0.40393227091633466,0.23543107569721117
ROS1-18-0014,2019-09-14,0.41213992094861657,0.1608312252964427
ROS1-19-0004,2019-09-14,0.48192885375494066,0.2667924901185771
ROS1-20-0017,2019-09-14,0.3807138888888889,0.2301829365079365
ROS1-21-0010,2019-09-14,0.2802761904761904,0.08441944444444445
ROS1-22-0022,2019-09-14,0.568179761904762,0.35387142857142856
ROS1-24-0024,2019-09-14,0.22069644268774702,0.11648537549407113
ROS1-25-0018,2019-09-14,0.2397015873015873,0.11066785714285715
ROS1-26-0030,2019-09-14,0.20681190476190478,0.10081507936507937
ROS1-27-0013,2019-09-14,0.27356932270916334,0.09836454183266932
ROS1-28-0015,2019-09-14,0.37924087301587306,0.12458174603174603
ROS1-29-0005,2019-09-14,0.36504603174603173,0.17685634920634918
ROS1-30-0015,2019-09-14,0.2069776892430279,0.09492151394422312
ROS1-31-0033,2019-09-14,0.277403162055336,0.14956442687747037
ROS1-32-0029,2019-09-14,0.20053438735177861,0.10312450592885375
ROS1-33-0013,2019-09-14,0.4096841269841271,0.25010714285714286
ROS1-36-0006,2019-09-14,0.21110677290836657,0.10322709163346615
ROS1-37-0046,2019-09-14,0.25866785714285717,0.16690873015873017
ROS1-42-0009,2019-09-14,0.18064505928853755,0.11186363636363636
ROS1-43-0017,2019-09-14,0.2674213438735178,0.15830474308300396
ROS1-49-0002,2019-09-14,0.24772727272727274,0.1459324110671937
ROS1-01-0009,2019-09-14,0.29349407114624504,0.15546916996047433
ROS1-07-0031,2019-09-14,0.287702371541502,0.1328126482213439
ROS1-13-0020,2019-09-14,0.2674551587301588,0.11253809523809524
ROS1-14-0031,2019-09-14,0.6124992063492063,0.3480376984126984
ROS1-15-0025,2019-09-14,0.39717312252964426,0.18803280632411068
ROS1-19-0018,2019-09-14,0.22004426877470357,0.09474861660079052
ROS1-20-0026,2019-09-14,0.2942734126984127,0.15834246031746033
ROS1-21-0037,2019-09-14,0.3030142292490119,0.12380553359683794
ROS1-22-0002,2019-09-14,0.24890793650793652,0.07868373015873016
ROS1-24-0018,2019-09-14,0.24899446640316208,0.14061818181818184
ROS1-25-0032,2019-09-14,0.23869921259842525,0.12581259842519685
ROS1-26-0004,2019-09-14,0.20555573122529647,0.11519446640316205
ROS1-27-0027,2019-09-14,0.4484290836653387,0.23884900398406375
ROS1-28-0023,2019-09-14,0.5084785714285714,0.22755952380952382
ROS1-29-0001,2019-09-14,0.2680664031620553,0.13654624505928853
ROS1-30-0004,2019-09-14,0.22833968253968254,0.1330761904761905
ROS1-31-0020,2019-09-14,0.19723650793650796,0.0906202380952381
ROS1-32-0008,2019-09-14,0.32368207171314745,0.20566414342629483
ROS1-33-0007,2019-09-14,0.3005446640316205,0.10930711462450593
ROS1-36-0004,2019-09-14,0.22121660079051383,0.1251225296442688
ROS1-37-0020,2019-09-14,0.311697233201581,0.2035948616600791
ROS1-42-0015,2019-09-14,0.17771825396825397,0.08934761904761906
ROS1-43-0027,2019-09-14,0.322615873015873,0.19926031746031747
ROS1-49-0013,2019-09-14,0.19751547619047616,0.13285238095238094
ROS1-01-0036,2019-09-14,0.4546830039525692,0.22972766798418975
ROS1-07-0002,2019-09-14,0.23085612648221346,0.12913992094861662
ROS1-01-0045,2019-09-14,0.2411382470119522,0.11712669322709163
ROS1-02-0007,2019-09-14,0.2566063492063492,0.10847936507936508
ROS1-06-0000,2019-09-14,0.24922213438735183,0.11386877470355733
ROS1-07-0025,2019-09-14,0.29589482071713147,0.13439322709163345
ROS1-08-0003,2019-09-14,0.25242380952380955,0.10313055555555554
ROS1-01-0015,2019-09-30,0.4199845238095239,0.23997698412698412
ROS1-02-0005,2019-09-30,0.263707874015748,0.11574173228346459
ROS1-07-0045,2019-09-30,0.3160484126984128,0.15344801587301593
ROS1-08-0010,2019-09-30,0.3897996031746032,0.1766948412698413
ROS1-12-0000,2019-09-30,0.2970742063492064,0.1259297619047619
ROS1-01-0003,2019-09-30,0.2705869565217392,0.12445968379446641
ROS1-07-0012,2019-09-30,0.38395079365079365,0.18072658730158728
ROS1-15-0009,2019-09-30,0.42541818181818175,0.18763636363636366
ROS1-18-0029,2019-09-30,0.4249948412698413,0.1997607142857143
ROS1-19-0041,2019-09-30,0.4916976284584981,0.25562213438735176
ROS1-20-0023,2019-09-30,0.2768206349206349,0.13886031746031746
ROS1-21-0016,2019-09-30,0.26962460317460324,0.12023174603174604
ROS1-22-0016,2019-09-30,0.4114992063492064,0.17203928571428573
ROS1-24-0003,2019-09-30,0.2988270916334661,0.10442828685258963
ROS1-25-0017,2019-09-30,0.49468492063492064,0.34717063492063494
ROS1-26-0027,2019-09-30,0.22269444444444447,0.08855555555555557
ROS1-27-0006,2019-09-30,0.28940714285714286,0.1498952380952381
ROS1-28-0006,2019-09-30,0.31447857142857144,0.1574472222222222
ROS1-29-0006,2019-09-30,0.4322837301587302,0.07870238095238095
ROS1-30-0009,2019-09-30,0.37848418972332015,0.1937802371541502
ROS1-31-0009,2019-09-30,0.27740357142857147,0.09254087301587302
ROS1-32-0018,2019-09-30,0.3438529644268775,0.1679189723320158
ROS1-33-0014,2019-09-30,0.30554426877470353,0.16277312252964427
ROS1-37-0049,2019-09-30,0.2434694444444445,0.13392500000000002
ROS1-42-0006,2019-09-30,0.23516428571428571,0.14123571428571427
ROS1-49-0004,2019-09-30,0.43030357142857145,0.24943968253968257
ROS1-07-0011,2019-09-30,0.22160714285714286,0.11142142857142857
ROS1-12-0004,2019-09-30,0.3425373015873016,0.15175873015873018
ROS1-15-0016,2019-09-30,0.37105555555555564,0.16373015873015875
ROS1-18-0007,2019-09-30,0.2549702380952381,0.08222857142857143
ROS1-19-0026,2019-09-30,0.24619249011857708,0.09050750988142293
ROS1-20-0010,2019-09-30,0.22668571428571427,0.10597619047619047
ROS1-21-0013,2019-09-30,0.25494703557312254,0.1216818181818182
ROS1-22-0011,2019-09-30,0.40726626984126985,0.12773571428571426
ROS1-24-0026,2019-09-30,0.4029450592885375,0.20857905138339924
ROS1-25-0008,2019-09-30,0.3121664031620553,0.13593320158102767
ROS1-26-0031,2019-09-30,0.2827730158730159,0.12944523809523809
ROS1-27-0009,2019-09-30,0.2921090909090909,0.15352055335968381
ROS1-28-0017,2019-09-30,0.3344579365079365,0.16860555555555556
ROS1-30-0001,2019-09-30,0.49730714285714284,0.20676904761904763
ROS1-31-0024,2019-09-30,0.3822454545454546,0.19505533596837946
ROS1-32-0022,2019-09-30,0.3168567460317461,0.15202182539682538
ROS1-33-0018,2019-09-30,0.25029523809523807,0.08512976190476192
ROS1-36-0022,2019-09-30,0.21921825396825398,0.10862738095238095
ROS1-37-0025,2019-09-30,0.4514722222222222,0.25950039682539683
ROS1-38-0002,2019-09-30,0.4999333333333334,0.22796904761904765
ROS1-42-0008,2019-09-30,0.5322,0.32691984126984125
ROS1-43-0019,2019-09-30,0.471499209486166,0.25618498023715414
ROS1-49-0007,2019-09-30,0.4106325396825397,0.2010781746031746
ROS1-15-0014,2019-09-30,0.5162214285714286,0.2624416666666667
ROS1-19-0022,2019-09-30,0.4135671936758893,0.21409169960474309
ROS1-20-0007,2019-09-30,0.37658181818181824,0.2052375494071146
ROS1-21-0034,2019-09-30,0.3076309523809524,0.17799563492063494
ROS1-22-0032,2019-09-30,0.2954150793650794,0.07828174603174604
ROS1-25-0016,2019-09-30,0.33294484126984125,0.11171468253968253
ROS1-26-0006,2019-09-30,0.35144545454545456,0.1585118577075099
ROS1-27-0004,2019-09-30,0.3791654761904762,0.214484126984127
ROS1-28-0029,2019-09-30,0.31427499999999997,0.10095
ROS1-30-0006,2019-09-30,0.4384826086956522,0.17163675889328064
ROS1-31-0038,2019-09-30,0.48776442687747035,0.27034466403162055
ROS1-33-0010,2019-09-30,0.391234126984127,0.12601587301587303
ROS1-36-0019,2019-09-30,0.23589285714285715,0.11313571428571428
ROS1-01-0031,2019-09-30,0.2573735177865613,0.13349604743083004
ROS1-07-0018,2019-09-30,0.24568023715415024,0.09227667984189725
ROS1-13-0013,2019-09-30,0.2695881422924901,0.12295335968379446
ROS1-15-0003,2019-09-30,0.7523836653386454,0.45696852589641435
ROS1-16-0006,2019-09-30,0.25495396825396827,0.052088492063492066
ROS1-18-0030,2019-09-30,0.292475,0.11603055555555554
ROS1-19-0037,2019-09-30,0.23979880952380953,0.09742420634920636
ROS1-21-0043,2019-09-30,0.7445252964426877,0.44652173913043486
ROS1-22-0026,2019-09-30,0.30862222222222224,0.07349603174603174
ROS1-24-0006,2019-09-30,0.23742857142857146,0.06342460317460319
ROS1-25-0023,2019-09-30,0.4270869565217391,0.16841501976284587
ROS1-26-0036,2019-09-30,0.4294277777777778,0.1734281746031746
ROS1-27-0021,2019-09-30,0.28995098814229253,0.1222509881422925
ROS1-28-0030,2019-09-30,0.6829956521739131,0.28509446640316205
ROS1-29-0008,2019-09-30,0.6013881422924902,0.23440711462450592
ROS1-30-0013,2019-09-30,0.2595198412698413,0.12332380952380952
ROS1-31-0028,2019-09-30,0.3103519841269841,0.1229059523809524
ROS1-32-0015,2019-09-30,0.2741452755905512,0.1066011811023622
ROS1-33-0009,2019-09-30,0.6918571428571428,0.44369603174603167
ROS1-34-0003,2019-09-30,0.23319325396825397,0.06157857142857143
ROS1-36-0014,2019-09-30,0.275077380952381,0.11867976190476193
ROS1-37-0012,2019-09-30,0.3671210317460317,0.18602301587301587
ROS1-38-0001,2019-09-30,0.25791626984126986,0.10190317460317462
ROS1-42-0000,2019-09-30,0.24899484126984128,0.10392380952380953
ROS1-43-0006,2019-09-30,0.3073829365079366,0.1391515873015873
ROS1-49-0003,2019-09-30,0.4755900398406374,0.26833386454183267
ROS1-15-0006,2019-09-30,0.37484047619047617,0.19990277777777785
ROS1-18-0024,2019-09-30,0.28782411067193675,0.09547944664031621
ROS1-19-0016,2019-09-30,0.3152698412698413,0.10213888888888889
ROS1-21-0036,2019-09-30,0.24670357142857147,0.0845876984126984
ROS1-22-0006,2019-09-30,0.41421984126984124,0.1475515873015873
ROS1-24-0034,2019-09-30,0.31978690476190474,0.0893138888888889
ROS1-25-0002,2019-09-30,0.46704999999999997,0.1977
ROS1-26-0040,2019-09-30,0.6142154150197628,0.29140316205533595
ROS1-27-0005,2019-09-30,0.33048695652173915,0.1204391304347826
ROS1-28-0013,2019-09-30,0.7364115537848606,0.3791127490039841
ROS1-30-0014,2019-09-30,0.6790670634920636,0.3867730158730159
ROS1-31-0021,2019-09-30,0.4577456349206349,0.21731944444444448
ROS1-32-0006,2019-09-30,0.25666904761904763,0.09605753968253969
ROS1-33-0008,2019-09-30,0.3898166077738516,0.19445194346289754
ROS1-34-0005,2019-09-30,0.24705928853754944,0.07604308300395257
ROS1-36-0005,2019-09-30,0.32162411067193675,0.15377272727272726
ROS1-37-0019,2019-09-30,0.29720358565737054,0.157595219123506
ROS1-38-0007,2019-09-30,0.425605928853755,0.20896442687747036
ROS1-42-0016,2019-09-30,0.19605652173913043,0.11579407114624506
ROS1-43-0016,2019-09-30,0.21803754940711462,0.0928790513833992
ROS1-49-0012,2019-09-30,0.36932817460317463,0.2121634920634921
ROS1-18-0009,2019-09-30,0.25990595238095243,0.08905833333333335
ROS1-21-0000,2019-09-30,0.311186220472441,0.11658740157480314
ROS1-24-0023,2019-09-30,0.44075039682539685,0.2124559523809524
ROS1-25-0027,2019-09-30,0.3806960317460317,0.17653968253968252
ROS1-01-0005,2019-09-30,0.3152375494071146,0.14922371541501978
ROS1-07-0005,2019-09-30,0.2418724409448819,0.10026811023622048
ROS1-08-0022,2019-09-30,0.23036166007905143,0.10550197628458498
ROS1-13-0005,2019-09-30,0.2420186507936508,0.12186428571428572
ROS1-14-0002,2019-09-30,0.29114841269841274,0.12708928571428574
ROS1-15-0022,2019-09-30,0.2374123015873016,0.10272142857142856
ROS1-16-0004,2019-09-30,0.480198814229249,0.17149130434782606
ROS1-18-0027,2019-09-30,0.3060785714285715,0.11915
ROS1-19-0012,2019-09-30,0.4559333333333333,0.19527777777777777
ROS1-20-0038,2019-09-30,0.31833438735177866,0.15266442687747034
ROS1-21-0003,2019-09-30,0.3651214285714286,0.1459626984126984
ROS1-22-0014,2019-09-30,0.414696442687747,0.126402766798419
ROS1-24-0030,2019-09-30,0.30828458498023714,0.14672845849802374
ROS1-25-0012,2019-09-30,0.35838142292490127,0.1051312252964427
ROS1-26-0018,2019-09-30,0.43804584980237166,0.1540118577075099
ROS1-27-0019,2019-09-30,0.30785019762845856,0.1378494071146245
ROS1-28-0002,2019-09-30,0.24911106719367587,0.113099209486166
ROS1-29-0003,2019-09-30,0.27784940711462447,0.061386561264822136
ROS1-30-0002,2019-09-30,0.4391777777777778,0.19667619047619048
ROS1-31-0022,2019-09-30,0.2873134387351779,0.10063754940711464
ROS1-32-0025,2019-09-30,0.34324325396825395,0.1880436507936508
ROS1-33-0020,2019-09-30,0.43369365079365085,0.21238492063492065
ROS1-36-0007,2019-09-30,0.5618300395256918,0.3455545454545455
ROS1-37-0031,2019-09-30,0.24111269841269847,0.1318329365079365
ROS1-38-0004,2019-09-30,0.2694557312252964,0.15572332015810275
ROS1-42-0010,2019-09-30,0.2401296442687747,0.1049490118577075
ROS1-43-0026,2019-09-30,0.20847233201581028,0.0870695652173913
ROS1-44-0000,2019-09-30,0.3636355731225296,0.17475415019762847
ROS1-49-0001,2019-09-30,0.2246592885375494,0.09346679841897233
ROS1-50-0003,2019-09-30,0.2683876984126984,0.14170119047619048
ROS1-01-0044,2019-09-30,0.3085190476190476,0.17859682539682536
ROS1-07-0020,2019-09-30,0.36671706349206346,0.17299722222222225
ROS1-08-0025,2019-09-30,0.23845833333333336,0.11087023809523809
ROS1-13-0000,2019-09-30,0.2560687747035573,0.09597430830039526
ROS1-14-0009,2019-09-30,0.2725830039525692,0.08765968379446641
ROS1-15-0013,2019-09-30,0.26428804780876497,0.13416454183266932
ROS1-18-0014,2019-09-30,0.3039454545454545,0.1626592885375494
ROS1-19-0004,2019-09-30,0.4447328063241107,0.23546442687747032
ROS1-20-0017,2019-09-30,0.28846468253968255,0.12566309523809524
ROS1-21-0010,2019-09-30,0.3151150793650793,0.09338214285714286
ROS1-22-0022,2019-09-30,0.4270000000000001,0.17185
ROS1-24-0024,2019-09-30,0.2568652173913044,0.09259881422924901
ROS1-25-0018,2019-09-30,0.33044880952380956,0.11749841269841269
ROS1-26-0030,2019-09-30,0.2217650793650794,0.09879880952380952
ROS1-27-0013,2019-09-30,0.5100310756972112,0.2373601593625498
ROS1-28-0015,2019-09-30,0.7550626984126985,0.3812484126984127
ROS1-29-0005,2019-09-30,0.30684920634920637,0.09064246031746032
ROS1-30-0015,2019-09-30,0.2870533864541833,0.09075219123505977
ROS1-31-0033,2019-09-30,0.517798023715415,0.22240197628458502
ROS1-32-0029,2019-09-30,0.24178418972332014,0.1014276679841897
ROS1-33-0013,2019-09-30,0.24822936507936508,0.07586507936507937
ROS1-36-0006,2019-09-30,0.4116019920318726,0.17630517928286854
ROS1-37-0046,2019-09-30,0.3083825396825397,0.18424246031746036
ROS1-42-0009,2019-09-30,0.24179011857707508,0.12665454545454544
ROS1-43-0017,2019-09-30,0.44158814229249016,0.19607747035573123
ROS1-49-0002,2019-09-30,0.35820513833992096,0.1873541501976285
ROS1-01-0009,2019-09-30,0.3011810276679842,0.15662885375494073
ROS1-07-0031,2019-09-30,0.28829920948616605,0.1331695652173913
ROS1-13-0020,2019-09-30,0.25711706349206354,0.09188730158730159
ROS1-14-0031,2019-09-30,0.43430238095238094,0.18240079365079367
ROS1-15-0025,2019-09-30,0.5123754940711462,0.24613122529644268
ROS1-19-0018,2019-09-30,0.267904347826087,0.09325731225296442
ROS1-20-0026,2019-09-30,0.31398095238095236,0.1451511904761905
ROS1-21-0037,2019-09-30,0.2604581027667984,0.10493083003952569
ROS1-22-0002,2019-09-30,0.24037380952380952,0.06085912698412699
ROS1-24-0018,2019-09-30,0.30574624505928855,0.13093557312252968
ROS1-25-0032,2019-09-30,0.42765196850393705,0.17756377952755906
ROS1-26-0004,2019-09-30,0.34240513833992103,0.16235375494071147
ROS1-27-0027,2019-09-30,0.41854183266932266,0.2306529880478088
ROS1-28-0023,2019-09-30,0.7067214285714286,0.41532896825396826
ROS1-29-0001,2019-09-30,0.46857114624505924,0.1882300395256917
ROS1-30-0004,2019-09-30,0.5616853174603175,0.3068496031746032
ROS1-31-0020,2019-09-30,0.25671031746031747,0.08795555555555555
ROS1-32-0008,2019-09-30,0.31159043824701194,0.14917051792828687
ROS1-33-0007,2019-09-30,0.33662490118577076,0.1272727272727273
ROS1-36-0004,2019-09-30,0.32657233201581026,0.1889691699604743
ROS1-37-0020,2019-09-30,0.39722252964426874,0.2075509881422925
ROS1-42-0015,2019-09-30,0.22186904761904763,0.11429325396825396
ROS1-43-0027,2019-09-30,0.38513650793650794,0.21581944444444445
ROS1-49-0013,2019-09-30,0.2450440476190476,0.12700476190476187
ROS1-01-0036,2019-09-30,0.4661229249011858,0.22974861660079052
ROS1-07-0002,2019-09-30,0.2654715415019763,0.14573280632411068
ROS1-01-0045,2019-09-30,0.2502223107569721,0.1094605577689243
ROS1-02-0007,2019-09-30,0.27667857142857144,0.10982857142857141
ROS1-06-0000,2019-09-30,0.25049130434782607,0.07601699604743083
ROS1-07-0025,2019-09-30,0.37244780876494027,0.15724820717131474
ROS1-08-0003,2019-09-30,0.21386309523809527,0.07791190476190477
ROS1-01-0015,2019-10-16,0.35829563492063493,0.18141269841269847
ROS1-02-0005,2019-10-16,0.24674685039370078,0.10226181102362206
ROS1-07-0045,2019-10-16,0.2324452380952381,0.0791420634920635
ROS1-08-0010,2019-10-16,0.24712222222222222,0.08785277777777778
ROS1-12-0000,2019-10-16,0.2522480158730159,0.0789468253968254
ROS1-01-0003,2019-10-16,0.2392213438735178,0.09729486166007907
ROS1-07-0012,2019-10-16,0.3652746031746032,0.17604603174603176
ROS1-15-0009,2019-10-16,0.6521636363636363,0.3289272727272727
ROS1-18-0029,2019-10-16,0.4362964285714286,0.18571388888888893
ROS1-19-0041,2019-10-16,0.34918379446640324,0.13447075098814232
ROS1-20-0023,2019-10-16,0.25469087301587306,0.08895079365079364
ROS1-21-0016,2019-10-16,0.279093253968254,0.1260186507936508
ROS1-22-0016,2019-10-16,0.6184210317460317,0.2886888888888889
ROS1-24-0003,2019-10-16,0.4737741035856573,0.20688007968127492
ROS1-25-0017,2019-10-16,0.3753821428571429,0.23822857142857146
ROS1-26-0027,2019-10-16,0.3373940476190476,0.13594880952380956
ROS1-27-0006,2019-10-16,0.2444174603174603,0.11183015873015874
ROS1-28-0006,2019-10-16,0.2945103174603175,0.11978650793650793
ROS1-29-0006,2019-10-16,0.3651666666666667,0.08340515873015872
ROS1-30-0009,2019-10-16,0.43621739130434783,0.24023162055335967
ROS1-31-0009,2019-10-16,0.6547210317460318,0.3508059523809524
ROS1-32-0018,2019-10-16,0.3336545454545455,0.14713794466403163
ROS1-33-0014,2019-10-16,0.2836209486166008,0.14362687747035577
ROS1-37-0049,2019-10-16,0.30862539682539686,0.1550174603174603
ROS1-42-0006,2019-10-16,0.2581,0.13972142857142855
ROS1-49-0004,2019-10-16,0.4525746031746032,0.2342309523809524
ROS1-07-0011,2019-10-16,0.2109904761904762,0.09899206349206349
ROS1-12-0004,2019-10-16,0.3654448412698413,0.13966666666666666
ROS1-15-0016,2019-10-16,0.4744253968253968,0.22770952380952383
ROS1-18-0007,2019-10-16,0.3601452380952381,0.13187380952380956
ROS1-19-0026,2019-10-16,0.44160000000000005,0.18118695652173913
ROS1-20-0010,2019-10-16,0.25140158730158735,0.09988809523809523
ROS1-21-0013,2019-10-16,0.5843703557312253,0.3139533596837945
ROS1-22-0011,2019-10-16,0.5466710317460316,0.20200436507936506
ROS1-24-0026,2019-10-16,0.5374731225296442,0.23803715415019763
ROS1-25-0008,2019-10-16,0.6585237154150198,0.36758300395256915
ROS1-26-0031,2019-10-16,0.48821349206349207,0.23928531746031748
ROS1-27-0009,2019-10-16,0.22802094861660083,0.12972845849802372
ROS1-28-0017,2019-10-16,0.5983087301587301,0.29771666666666663
ROS1-30-0001,2019-10-16,0.6263702380952381,0.31767142857142866
ROS1-31-0024,2019-10-16,0.365105928853755,0.14050711462450594
ROS1-32-0022,2019-10-16,0.6939535714285714,0.4370146825396825
ROS1-33-0018,2019-10-16,0.2420075396825397,0.08442539682539683
ROS1-36-0022,2019-10-16,0.21954841269841271,0.09839563492063493
ROS1-37-0025,2019-10-16,0.4666571428571429,0.25192896825396827
ROS1-38-0002,2019-10-16,0.554377380952381,0.3080980158730159
ROS1-42-0008,2019-10-16,0.6252833333333333,0.4041686507936508
ROS1-43-0019,2019-10-16,0.5968110671936759,0.34151264822134386
ROS1-49-0007,2019-10-16,0.42111666666666664,0.18967301587301588
ROS1-15-0014,2019-10-16,0.639054761904762,0.3829218253968254
ROS1-19-0022,2019-10-16,0.2658517786561265,0.11306363636363638
ROS1-20-0007,2019-10-16,0.3717905138339921,0.18674664031620555
ROS1-21-0034,2019-10-16,0.27308214285714283,0.15566428571428573
ROS1-22-0032,2019-10-16,0.26328095238095245,0.09138253968253969
ROS1-25-0016,2019-10-16,0.41244523809523814,0.1542623015873016
ROS1-26-0006,2019-10-16,0.5235221343873518,0.24242608695652176
ROS1-27-0004,2019-10-16,0.3075551587301587,0.1373075396825397
ROS1-28-0029,2019-10-16,0.29492976190476194,0.11899999999999998
ROS1-30-0006,2019-10-16,0.6002162055335969,0.2939150197628459
ROS1-31-0038,2019-10-16,0.3285324110671936,0.11275494071146244
ROS1-33-0010,2019-10-16,0.35935198412698416,0.1304706349206349
ROS1-36-0019,2019-10-16,0.24767261904761906,0.11320317460317461
ROS1-01-0031,2019-10-16,0.25114980237154155,0.11763478260869564
ROS1-07-0018,2019-10-16,0.2149249011857708,0.07667984189723322
ROS1-13-0013,2019-10-16,0.24678537549407117,0.10049920948616602
ROS1-15-0003,2019-10-16,0.8394625498007968,0.6111964143426295
ROS1-16-0006,2019-10-16,0.24470793650793654,0.056402777777777774
ROS1-18-0030,2019-10-16,0.47866666666666663,0.2172190476190476
ROS1-19-0037,2019-10-16,0.23674841269841268,0.08296507936507935
ROS1-21-0043,2019-10-16,0.8731209486166008,0.652297628458498
ROS1-22-0026,2019-10-16,0.2911908730158731,0.0693559523809524
ROS1-24-0006,2019-10-16,0.34890476190476194,0.13856746031746034
ROS1-25-0023,2019-10-16,0.5855513833992095,0.29231225296442687
ROS1-26-0036,2019-10-16,0.7533436507936508,0.4354242063492064
ROS1-27-0021,2019-10-16,0.26959525691699604,0.10657351778656128
ROS1-28-0030,2019-10-16,0.7898588932806324,0.43611422924901183
ROS1-29-0008,2019-10-16,0.5513209486166007,0.25992766798418976
ROS1-30-0013,2019-10-16,0.2640698412698413,0.14319841269841269
ROS1-31-0028,2019-10-16,0.35697976190476194,0.13658849206349205
ROS1-32-0015,2019-10-16,0.35907795275590554,0.15153425196850392
ROS1-33-0009,2019-10-16,0.8601111111111112,0.5841944444444445
ROS1-34-0003,2019-10-16,0.23487420634920636,0.06532341269841267
ROS1-36-0014,2019-10-16,0.3203337301587302,0.11592738095238096
ROS1-37-0012,2019-10-16,0.27282261904761906,0.11241944444444445
ROS1-38-0001,2019-10-16,0.2425888888888889,0.10251507936507936
ROS1-42-0000,2019-10-16,0.27053095238095237,0.10605674603174603
ROS1-43-0006,2019-10-16,0.3614103174603175,0.16875039682539686
ROS1-49-0003,2019-10-16,0.4954318725099602,0.2621063745019921
ROS1-15-0006,2019-10-16,0.3368892857142858,0.1688821428571429
ROS1-18-0024,2019-10-16,0.34116403162055337,0.13510434782608696
ROS1-19-0016,2019-10-16,0.39438730158730156,0.14952777777777776
ROS1-21-0036,2019-10-16,0.36879166666666663,0.13647698412698414
ROS1-22-0006,2019-10-16,0.39269960317460323,0.16443095238095237
ROS1-24-0034,2019-10-16,0.45159166666666667,0.19608650793650792
ROS1-25-0002,2019-10-16,0.5470666666666667,0.32154880952380954
ROS1-26-0040,2019-10-16,0.5858711462450593,0.2867557312252964
ROS1-27-0005,2019-10-16,0.36401106719367593,0.12539802371541503
ROS1-28-0013,2019-10-16,0.7937119521912351,0.502000796812749
ROS1-30-0014,2019-10-16,0.7381900793650794,0.4721349206349207
ROS1-31-0021,2019-10-16,0.6362563492063491,0.35484841269841266
ROS1-32-0006,2019-10-16,0.4370845238095239,0.1765059523809524
ROS1-33-0008,2019-10-16,0.3706989399293286,0.18164028268551236
ROS1-34-0005,2019-10-16,0.22837470355731226,0.06013715415019763
ROS1-36-0005,2019-10-16,0.22864664031620555,0.08566996047430832
ROS1-37-0019,2019-10-16,0.48866334661354593,0.24906095617529883
ROS1-38-0007,2019-10-16,0.6988399209486166,0.4151517786561265
ROS1-42-0016,2019-10-16,0.2291308300395257,0.12842648221343875
ROS1-43-0016,2019-10-16,0.2052150197628458,0.07947193675889329
ROS1-49-0012,2019-10-16,0.4455984126984127,0.25717222222222225
ROS1-18-0009,2019-10-16,0.29929523809523817,0.10848452380952384
ROS1-21-0000,2019-10-16,0.4528224409448819,0.18708622047244094
ROS1-24-0023,2019-10-16,0.6253111111111112,0.3684948412698413
ROS1-25-0027,2019-10-16,0.4346936507936508,0.21518571428571429
ROS1-01-0005,2019-10-16,0.2706671936758894,0.11735928853754943
ROS1-07-0005,2019-10-16,0.22696141732283467,0.09789724409448818
ROS1-08-0022,2019-10-16,0.21738418972332016,0.08621936758893281
ROS1-13-0005,2019-10-16,0.25895039682539683,0.08307579365079365
ROS1-14-0002,2019-10-16,0.38312698412698415,0.16865595238095238
ROS1-15-0022,2019-10-16,0.2552769841269841,0.09286666666666667
ROS1-16-0004,2019-10-16,0.36622213438735185,0.13147549407114625
ROS1-18-0027,2019-10-16,0.31061428571428573,0.12674285714285713
ROS1-19-0012,2019-10-16,0.651863888888889,0.3340722222222222
ROS1-20-0038,2019-10-16,0.3544375494071146,0.16095335968379448
ROS1-21-0003,2019-10-16,0.7024357142857143,0.3787662698412699
ROS1-22-0014,2019-10-16,0.6682114624505929,0.29158418972332023
ROS1-24-0030,2019-10-16,0.29118379446640313,0.12232213438735179
ROS1-25-0012,2019-10-16,0.6698189723320158,0.3582826086956522
ROS1-26-0018,2019-10-16,0.7522027667984191,0.4009486166007905
ROS1-27-0019,2019-10-16,0.2759521739130435,0.1084600790513834
ROS1-28-0002,2019-10-16,0.42075612648221344,0.20253399209486167
ROS1-29-0003,2019-10-16,0.2357909090909091,0.056046640316205536
ROS1-30-0002,2019-10-16,0.6201349206349206,0.3415031746031746
ROS1-31-0022,2019-10-16,0.2615683794466403,0.10164387351778656
ROS1-32-0025,2019-10-16,0.3621230158730158,0.18740396825396824
ROS1-33-0020,2019-10-16,0.5506892857142858,0.27713253968253976
ROS1-36-0007,2019-10-16,0.5717442687747035,0.31954664031620555
ROS1-37-0031,2019-10-16,0.32555714285714293,0.16086388888888892
ROS1-38-0004,2019-10-16,0.2724778656126482,0.12255217391304349
ROS1-42-0010,2019-10-16,0.2520343873517787,0.10001067193675889
ROS1-43-0026,2019-10-16,0.23000592885375495,0.09466205533596837
ROS1-44-0000,2019-10-16,0.2872217391304348,0.13092529644268774
ROS1-49-0001,2019-10-16,0.21002608695652175,0.09528339920948616
ROS1-50-0003,2019-10-16,0.26406825396825395,0.11193492063492066
ROS1-01-0044,2019-10-16,0.24424880952380953,0.09315436507936509
ROS1-07-0020,2019-10-16,0.3302444444444445,0.1342043650793651
ROS1-08-0025,2019-10-16,0.206502380952381,0.07950238095238096
ROS1-13-0000,2019-10-16,0.23817430830039527,0.08976284584980239
ROS1-14-0009,2019-10-16,0.22741462450592886,0.07565691699604743
ROS1-15-0013,2019-10-16,0.2548446215139442,0.11235697211155378
ROS1-18-0014,2019-10-16,0.48997905138339914,0.22449209486166005
ROS1-19-0004,2019-10-16,0.4122806324110672,0.17764940711462449
ROS1-20-0017,2019-10-16,0.2643956349206349,0.09839801587301587
ROS1-21-0010,2019-10-16,0.3305666666666666,0.08980238095238095
ROS1-22-0022,2019-10-16,0.349175,0.12981785714285718
ROS1-24-0024,2019-10-16,0.2813877470355731,0.10529802371541502
ROS1-25-0018,2019-10-16,0.35468650793650797,0.148972619047619
ROS1-26-0030,2019-10-16,0.2320904761904762,0.09791349206349206
ROS1-27-0013,2019-10-16,0.7700533864541834,0.46997450199203195
ROS1-28-0015,2019-10-16,0.8515202380952381,0.567456746031746
ROS1-29-0005,2019-10-16,0.2579511904761905,0.09088015873015874
ROS1-30-0015,2019-10-16,0.271887250996016,0.08657808764940242
ROS1-31-0033,2019-10-16,0.5993304347826087,0.33553201581027664
ROS1-32-0029,2019-10-16,0.30778814229249013,0.14410276679841896
ROS1-33-0013,2019-10-16,0.22664841269841274,0.06194206349206351
ROS1-36-0006,2019-10-16,0.5785741035856574,0.29398605577689246
ROS1-37-0046,2019-10-16,0.3238285714285714,0.16077698412698413
ROS1-42-0009,2019-10-16,0.2534569169960474,0.1320581027667984
ROS1-43-0017,2019-10-16,0.5458375494071147,0.3088
ROS1-49-0002,2019-10-16,0.4199418972332017,0.21538260869565223
ROS1-01-0009,2019-10-16,0.24562450592885376,0.09526126482213437
ROS1-07-0031,2019-10-16,0.25447786561264824,0.10801818181818182
ROS1-13-0020,2019-10-16,0.26133769841269844,0.08957579365079367
ROS1-14-0031,2019-10-16,0.4835059523809524,0.21490277777777775
ROS1-15-0025,2019-10-16,0.7566612648221345,0.4637814229249012
ROS1-19-0018,2019-10-16,0.2703438735177866,0.09364980237154151
ROS1-20-0026,2019-10-16,0.23565555555555556,0.0809218253968254
ROS1-21-0037,2019-10-16,0.2886201581027668,0.10523873517786561
ROS1-22-0002,2019-10-16,0.22020317460317462,0.06300674603174602
ROS1-24-0018,2019-10-16,0.6388984189723319,0.3299474308300395
ROS1-25-0032,2019-10-16,0.46229881889763785,0.24641771653543307
ROS1-26-0004,2019-10-16,0.5723442687747037,0.29942648221343876
ROS1-27-0027,2019-10-16,0.3156219123505976,0.14368964143426297
ROS1-28-0023,2019-10-16,0.695457142857143,0.4055769841269842
ROS1-29-0001,2019-10-16,0.6224683794466404,0.27188616600790516
ROS1-30-0004,2019-10-16,0.6040615079365078,0.3840607142857143
ROS1-31-0020,2019-10-16,0.3235595238095238,0.16291269841269843
ROS1-32-0008,2019-10-16,0.23443107569721117,0.07168605577689244
ROS1-33-0007,2019-10-16,0.5357766798418973,0.2390083003952569
ROS1-36-0004,2019-10-16,0.46807035573122535,0.24591501976284585
ROS1-37-0020,2019-10-16,0.3890743083003953,0.17610316205533597
ROS1-42-0015,2019-10-16,0.21241944444444444,0.09940238095238096
ROS1-43-0027,2019-10-16,0.3953210317460318,0.18706309523809525
ROS1-49-0013,2019-10-16,0.21906904761904764,0.08969523809523809
ROS1-01-0036,2019-10-16,0.4233470355731226,0.1839102766798419
ROS1-07-0002,2019-10-16,0.23895296442687747,0.08290237154150197
ROS1-01-0045,2019-10-16,0.2681254980079681,0.11385059760956176
ROS1-02-0007,2019-10-16,0.24247579365079366,0.08876468253968255
ROS1-06-0000,2019-10-16,0.311200395256917,0.12043280632411069
ROS1-07-0025,2019-10-16,0.24446733067729084,0.08377250996015936
ROS1-08-0003,2019-10-16,0.20330555555555557,0.06285357142857143
