anon_polygon_id,date,landsat_ndvi,landsat_evi,landsat_ndwi
ROS1-49-0004,2016-04-10,0.47424851012773367,0.28653477925549137,-0.4923782489537853
ROS1-43-0019,2016-04-10,0.5848597724215443,0.3808532282320313,-0.5721930172761109
ROS1-49-0007,2016-04-10,0.3835114132555135,0.23236982026524228,-0.453663363918672
ROS1-43-0019,2016-05-28,0.3822074544291809,0.19571905235057743,-0.4013339201717583
ROS1-49-0004,2016-06-13,0.39222306020409986,0.23311089855643943,-0.4700576813021985
ROS1-43-0019,2016-06-13,0.33968158390335623,0.22625188939560045,-0.4143518140003083
ROS1-49-0007,2016-06-13,0.3695059594683695,0.21465762753156037,-0.4541917829016982
ROS1-49-0004,2016-06-29,0.2875750207070342,0.171257025068481,-0.39704147447419896
ROS1-43-0019,2016-06-29,0.26795589196485115,0.16193976767532411,-0.3650600385627531
ROS1-49-0007,2016-06-29,0.2875282371800327,0.16677542543158988,-0.40418940519953794
ROS1-49-0004,2016-07-15,0.31196812007341684,0.17706298754434996,-0.40454989034327665
ROS1-43-0019,2016-07-15,0.2856319342860598,0.1698967789932013,-0.3667293942513844
ROS1-49-0007,2016-07-15,0.30920991081017185,0.1738965892466785,-0.40706675762904004
ROS1-49-0004,2016-07-31,0.33577310862750326,0.1982382274156725,-0.3995590057823718
ROS1-43-0019,2016-07-31,0.25597930970738547,0.1573784530133804,-0.33047451585301485
ROS1-49-0007,2016-07-31,0.2598558067799477,0.14927537840642655,-0.34612133751424945
ROS1-49-0004,2016-08-16,0.2853136830480343,0.16404960203240795,-0.3820391195736278
ROS1-43-0019,2016-08-16,0.23498053088126558,0.1377243134298672,-0.3359263192141465
ROS1-49-0007,2016-08-16,0.24539249034508664,0.13474573429942388,-0.3633539677251957
ROS1-49-0004,2016-09-17,0.2292364456968791,0.14461356463682729,-0.3545252106218306
ROS1-43-0019,2016-09-17,0.19885934202764968,0.12261329166705243,-0.30854750021306554
ROS1-49-0007,2016-09-17,0.21724656557456098,0.12599350860111408,-0.3317122481785645
ROS1-49-0004,2016-10-03,0.2561754868044845,0.15574293553508334,-0.3513341728038154
ROS1-43-0019,2016-10-03,0.2650574626145286,0.1788220077284963,-0.34114065178600045
ROS1-49-0007,2016-10-03,0.22046796859634468,0.15478005513041052,-0.2945671098653786
ROS1-49-0004,2016-10-19,0.3403462026237723,0.19124395485435247,-0.3911987023553346
ROS1-43-0019,2016-10-19,0.41233661269949823,0.23842215780920495,-0.4494964444064854
ROS1-49-0007,2016-10-19,0.3308679540496914,0.16433920685485026,-0.3989281136161478
ROS1-42-0006,2016-04-10,0.17341437818445515,0.08471845380056016,-0.3171493922514012
ROS1-42-0008,2016-04-10,0.5208680483768855,0.3319765229625761,-0.5495661375092498
ROS1-43-0019,2016-04-10,0.5794256144416142,0.37769040457993763,-0.5685865121892384
ROS1-49-0007,2016-04-10,0.3861073257402316,0.23452491103462852,-0.45614376059296774
ROS1-42-0006,2016-04-26,0.15994063083506896,0.08757033881536282,-0.32249981230496333
ROS1-43-0019,2016-04-26,0.5944928427607311,0.4190114602367419,-0.6026781331568467
ROS1-49-0007,2016-04-26,0.43638586847674044,0.2967045849574501,-0.483356553504631
ROS1-42-0006,2016-05-28,0.1923026703557676,0.1469268057862469,-0.27632078751570155
ROS1-42-0008,2016-05-28,0.33449172812048483,0.21932815289561894,-0.382313789998146
ROS1-43-0019,2016-05-28,0.3829744641144661,0.19605080337601113,-0.4014428542430366
ROS1-42-0006,2016-06-13,0.18224815878552628,0.09949990847297245,-0.34427191973056215
ROS1-42-0008,2016-06-13,0.3251735885509852,0.2014564465287624,-0.3799845536827307
ROS1-43-0019,2016-06-13,0.3378487960612439,0.22443542914327083,-0.41252350655535747
ROS1-49-0007,2016-06-13,0.3674357392866379,0.21243656121556498,-0.4518176040418058
ROS1-42-0006,2016-06-29,0.12246092718691011,0.069687838424314,-0.2661780402877445
ROS1-42-0008,2016-06-29,0.25629960659550055,0.19741805758150477,-0.3372261116692402
ROS1-43-0019,2016-06-29,0.27078636422796426,0.1633481571879474,-0.3689807367037164
ROS1-49-0007,2016-06-29,0.28989313173581066,0.16849790879901178,-0.40530996128171526
ROS1-42-0006,2016-07-15,0.14440439987344642,0.09281864977996584,-0.29824436234313484
ROS1-42-0008,2016-07-15,0.394484392862601,0.25737589987832105,-0.45272613506589027
ROS1-43-0019,2016-07-15,0.2876179909628249,0.17060873318439929,-0.3708200288998685
ROS1-49-0007,2016-07-15,0.3088610461704991,0.1738623712930292,-0.4073152921005087
ROS1-42-0006,2016-07-31,0.1330434412087462,0.08468441610439696,-0.2842968081406331
ROS1-43-0019,2016-07-31,0.2543811224842102,0.15617918140190118,-0.32928227864776666
ROS1-49-0007,2016-07-31,0.25839069151455674,0.14795179154605423,-0.34548595626884343
ROS1-42-0006,2016-08-16,0.14491753313175823,0.09071607972339027,-0.29989626357700055
ROS1-42-0008,2016-08-16,0.3129217943063122,0.1959935107926078,-0.40255926615946674
ROS1-43-0019,2016-08-16,0.2363167957525573,0.13884395588130977,-0.33646380858866937
ROS1-49-0007,2016-08-16,0.2467698142783988,0.13595432108797706,-0.36221048941445744
ROS1-42-0006,2016-09-17,0.12731362094253315,0.07173595149750861,-0.271693990476541
ROS1-42-0008,2016-09-17,0.2363733740557554,0.1467132736965055,-0.35670940086271163
ROS1-43-0019,2016-09-17,0.1941662377195548,0.11989153270651111,-0.30653034602580087
ROS1-49-0007,2016-09-17,0.2158883029787272,0.12543662452791166,-0.32934491490424866
ROS1-42-0006,2016-10-03,0.13883222109744675,0.08293584266330935,-0.26077630132214435
ROS1-42-0008,2016-10-03,0.3482840666272096,0.22036812526738098,-0.40504523440486756
ROS1-43-0019,2016-10-03,0.27463839827251546,0.18073493323840484,-0.3610373100868544
ROS1-49-0007,2016-10-03,0.21371340954687087,0.1531531609345136,-0.28573011065848497
ROS1-42-0006,2016-10-19,0.38696503446722363,0.20829346350401054,-0.43933627224939287
ROS1-42-0008,2016-10-19,0.5048391807554432,0.29772752807686054,-0.5159425494097685
ROS1-43-0019,2016-10-19,0.4092191671958718,0.23889728038666871,-0.4525766379664537
ROS1-49-0007,2016-10-19,0.3338411343449872,0.16661655489999677,-0.40274125692918494
ROS1-31-0009,2016-04-01,0.4753441810549399,0.3286517210178747,-0.4731437114485033
ROS1-49-0004,2016-04-01,0.44023308800305083,0.2765975129701576,-0.4630660644254665
ROS1-37-0025,2016-04-01,0.21872488153882322,0.1226302870255992,-0.31472559687561363
ROS1-38-0002,2016-04-01,0.24568395971630058,0.13857642586851138,-0.3021267238639466
ROS1-42-0008,2016-04-01,0.4807172422027724,0.3181832928185036,-0.5119072336076526
ROS1-43-0019,2016-04-01,0.5527546344947407,0.23205835932142754,-0.5290186988290246
ROS1-31-0009,2016-04-17,0.7823583724323943,0.5455975279169654,-0.7233239063291391
ROS1-37-0049,2016-04-17,0.6255202839762818,0.3955859585843035,-0.5930063500859099
ROS1-49-0004,2016-04-17,0.5488061155823549,0.31290246079959383,-0.5546370192372276
ROS1-31-0024,2016-04-17,0.19398819175246787,0.09549492911263491,-0.31613220253069724
ROS1-37-0025,2016-04-17,0.23068838333829325,0.09692729958562575,-0.3214340456549773
ROS1-38-0002,2016-04-17,0.31303210104564566,0.13400320795280005,-0.38372312982888
ROS1-42-0008,2016-04-17,0.5251732614003185,0.3116705568087769,-0.5478479733653255
ROS1-43-0019,2016-04-17,0.5989229573401534,0.361993444545375,-0.5909994442401638
ROS1-49-0007,2016-04-17,0.43016248401217344,0.24626782867980146,-0.4909464302349904
ROS1-31-0038,2016-04-17,0.20551926639822124,0.07669970855318065,-0.2962192368296993
ROS1-31-0009,2016-05-03,0.8615259428374488,0.7789536985508587,-0.7829512940714664
ROS1-37-0025,2016-05-03,0.19723830114097166,0.09496648548872895,-0.33738601622617953
ROS1-38-0002,2016-05-03,0.19961784393490745,0.13023437654213119,-0.3244952033424545
ROS1-42-0008,2016-05-03,0.4687749925250679,0.2766643344780376,-0.5424526558233411
ROS1-43-0019,2016-05-03,0.521590407100948,0.26859089240151174,-0.5363382139794782
ROS1-49-0007,2016-05-03,0.47066106761762594,0.30437555330101046,-0.5100062766134189
ROS1-31-0038,2016-05-03,0.2359337971182191,0.16077296711143788,-0.32152340063939694
ROS1-31-0009,2016-06-20,0.3086228330019856,0.1806396682734364,-0.42393721652574046
ROS1-37-0049,2016-06-20,0.3594924089154195,0.23092037296880372,-0.43088412410230265
ROS1-31-0024,2016-06-20,0.18222674665105512,0.10218523657127894,-0.2887527093943012
ROS1-37-0025,2016-06-20,0.17034142485633597,0.0879942953757515,-0.2983621332256715
ROS1-38-0002,2016-06-20,0.6507420345126755,0.47898487539518236,-0.6312993540087023
ROS1-42-0008,2016-06-20,0.2718017448738683,0.19768507442363212,-0.3524410479279752
ROS1-31-0038,2016-06-20,0.20652551908377362,0.10641582728800592,-0.33207010478554716
ROS1-31-0009,2016-07-06,0.13571113380994715,0.10688293082142507,-0.2903233185892815
ROS1-37-0049,2016-07-06,0.30993090311402544,0.18490062679332006,-0.4147317954086348
ROS1-49-0004,2016-07-06,0.3272949803504014,0.16671830003148058,-0.42108772986444765
ROS1-31-0024,2016-07-06,0.1530295115097274,0.09924914765302158,-0.28306162713161687
ROS1-37-0025,2016-07-06,0.14368417870640177,0.09171212048211995,-0.29061379689382516
ROS1-38-0002,2016-07-06,0.31914327651905794,0.1977719266914773,-0.45381898606656107
ROS1-42-0008,2016-07-06,0.29281148437492016,0.17648179311013318,-0.3963455352199083
ROS1-43-0019,2016-07-06,0.2759236446730382,0.15215194327727485,-0.36664186716858016
ROS1-49-0007,2016-07-06,0.31177807139736763,0.16476602267142854,-0.4118910326379342
ROS1-31-0038,2016-07-06,0.15620565025102445,0.07718403549369163,-0.29587620659531233
ROS1-31-0009,2016-07-22,0.15721419689956456,0.11430896950670448,-0.2918792221481173
ROS1-37-0049,2016-07-22,0.30132177770307134,0.20038915683027167,-0.3754956673728048
ROS1-31-0024,2016-07-22,0.17282320315513913,0.07928067623685052,-0.3069853417348446
ROS1-37-0025,2016-07-22,0.159027851005765,0.06888934515017425,-0.24968832809221556
ROS1-38-0002,2016-07-22,0.3020303713215617,0.16463028432868418,-0.39096000375589096
ROS1-42-0008,2016-07-22,0.42633286825202266,0.275698969503815,-0.46397348691285
ROS1-43-0019,2016-07-22,0.27841258132241,0.19018921578556364,-0.3344512479855443
ROS1-49-0007,2016-07-22,0.3234822023256189,0.19340960450589165,-0.38610603789664544
ROS1-31-0038,2016-07-22,0.15455561303749918,0.057227440152171155,-0.24931443336157483
ROS1-31-0038,2016-08-07,0.17029843071750136,0.11748099224733692,-0.2689922787178997
ROS1-31-0009,2016-08-23,0.3192862332015227,0.19836390518090072,-0.4142068346998681
ROS1-37-0049,2016-08-23,0.26658690621836056,0.17163617076841883,-0.3644170304018887
ROS1-49-0004,2016-08-23,0.2671128720817529,0.16058454051640375,-0.37661437198037306
ROS1-31-0024,2016-08-23,0.14311853728078217,0.07222646343336159,-0.25287467372654815
ROS1-37-0025,2016-08-23,0.13527729518768428,0.07945823088828152,-0.27019820686391155
ROS1-38-0002,2016-08-23,0.26837554238931144,0.1793823412756885,-0.37698487818855964
ROS1-42-0008,2016-08-23,0.2906568106572015,0.1728308406390439,-0.3950639514246308
ROS1-43-0019,2016-08-23,0.22140926266232341,0.1323149925012243,-0.33077295650185395
ROS1-49-0007,2016-08-23,0.2388950238456316,0.133788448295385,-0.36318605135669596
ROS1-31-0038,2016-08-23,0.1819905750164088,0.09103448793568418,-0.3119910063657691
ROS1-31-0009,2016-09-08,0.2857381361437992,0.18735616805163824,-0.3820359281440135
ROS1-37-0049,2016-09-08,0.23346238184149368,0.13951290646991737,-0.3490734849240674
ROS1-49-0004,2016-09-08,0.2534876700059135,0.14456454916522757,-0.3737551750233839
ROS1-31-0024,2016-09-08,0.13759695122153595,0.06946718780950971,-0.2628832254085064
ROS1-37-0025,2016-09-08,0.14084333363735727,0.08893348309296692,-0.26955438866695997
ROS1-38-0002,2016-09-08,0.4219704019379152,0.2684672213994924,-0.4767766604432603
ROS1-42-0008,2016-09-08,0.26090821518385304,0.14741307144086307,-0.3789592016146199
ROS1-43-0019,2016-09-08,0.20976333356139307,0.11779747017104247,-0.3201651677183916
ROS1-49-0007,2016-09-08,0.2275418188099538,0.11703626186820172,-0.365134850332444
ROS1-25-0016,2016-09-08,0.20373732961179777,0.11134389983821301,-0.31146638293985274
ROS1-31-0038,2016-09-08,0.15632399426445562,0.0743957634365192,-0.2851111041060162
ROS1-31-0009,2016-10-10,0.13235585150307097,0.0817424944424984,-0.17714752641682088
ROS1-25-0016,2016-10-10,0.21631933102651107,0.09191732223424938,-0.2967278155467431
ROS1-31-0038,2016-10-10,0.21640642258137555,0.1272158811479404,-0.29019421093323594
ROS1-31-0009,2016-10-26,0.15864309597991105,0.05772101523092707,-0.27672409504773887
ROS1-37-0049,2016-10-26,0.21426358660393974,0.10874623554852562,-0.3338467165324781
ROS1-49-0004,2016-10-26,0.3129479275230808,0.1500486545061904,-0.3805199687371336
ROS1-31-0024,2016-10-26,0.42654967003922206,0.2272483488676942,-0.44970757853407206
ROS1-37-0025,2016-10-26,0.3822021423195215,0.20483302755135976,-0.43308735918076985
ROS1-38-0002,2016-10-26,0.4206593318675416,0.23199028804222807,-0.4776555694299256
ROS1-42-0008,2016-10-26,0.47324005632537564,0.26055862185531176,-0.5174295070912244
ROS1-43-0019,2016-10-26,0.4185010826074278,0.24586493185922229,-0.46671323602876463
ROS1-49-0007,2016-10-26,0.317062067055456,0.16155907192221222,-0.40282187779139467
ROS1-25-0016,2016-10-26,0.2536649116165064,0.10098989978278605,-0.3331881306897484
ROS1-31-0038,2016-10-26,0.3578256232869904,0.18511936315525526,-0.4119239039867726
ROS1-30-0009,2016-04-01,0.2388399566235054,0.12481246360775648,-0.3245352003995485
ROS1-42-0006,2016-04-01,0.1570978961492857,0.06004884551029557,-0.24866619127864475
ROS1-24-0026,2016-04-01,0.5986669935194096,0.3466566789274689,-0.5686472017272249
ROS1-30-0001,2016-04-01,0.19379523502235796,0.0889612512417783,-0.2599361099929071
ROS1-37-0025,2016-04-01,0.21892253772419415,0.12118238246269221,-0.31809412097686807
ROS1-42-0008,2016-04-01,0.47835213627036316,0.3157362797617945,-0.5108768210328818
ROS1-30-0006,2016-04-01,0.19893004990727464,0.08156082516211756,-0.31786875750991933
ROS1-30-0009,2016-04-17,0.4193439577871643,0.18041971492222028,-0.45064605831593685
ROS1-42-0006,2016-04-17,0.16297510303620114,0.07329545368135744,-0.324448086213493
ROS1-24-0026,2016-04-17,0.8497113533090467,0.6013374884638097,-0.7659503751449378
ROS1-30-0001,2016-04-17,0.26006021977233224,0.1005290248647135,-0.3355577081624896
ROS1-36-0022,2016-04-17,0.19008083368587686,0.09322441546345141,-0.33131650915405014
ROS1-37-0025,2016-04-17,0.22914123463419045,0.09772489497602467,-0.31690895089183724
ROS1-42-0008,2016-04-17,0.5242793680730052,0.31145781703922576,-0.5479850629302314
ROS1-30-0006,2016-04-17,0.1910667898039289,0.06363176899620841,-0.2554676053021978
ROS1-30-0009,2016-05-03,0.4861793958442404,0.29028866699743616,-0.5060361586784392
ROS1-42-0006,2016-05-03,0.15276696255057984,0.07508475453682786,-0.3236250932010048
ROS1-24-0026,2016-05-03,0.9119464072243584,0.7599600283091069,-0.8316680308493871
ROS1-30-0001,2016-05-03,0.2981039813114093,0.15128587442435382,-0.3758494482937363
ROS1-36-0022,2016-05-03,0.1863484678772954,0.10465898644384677,-0.34506592394713115
ROS1-37-0025,2016-05-03,0.20039217167028495,0.09610053812553027,-0.3444244847031784
ROS1-42-0008,2016-05-03,0.4696130026245145,0.2762216288220801,-0.5456072858368328
ROS1-30-0006,2016-05-03,0.29573348472933536,0.14908940608426932,-0.3861982522904878
ROS1-30-0009,2016-06-20,0.6925924361887218,0.5398861147574929,-0.6507770796328133
ROS1-42-0006,2016-06-20,0.1364041333845201,0.06146282112182746,-0.22023573315357461
ROS1-24-0026,2016-06-20,0.2705731588714794,0.14157308986031367,-0.3898960000874992
ROS1-30-0001,2016-06-20,0.21113880127850698,0.10655904493979952,-0.30603604100749604
ROS1-36-0022,2016-06-20,0.16606024722731422,0.09619054502337383,-0.3019342072695253
ROS1-37-0025,2016-06-20,0.16940343361462473,0.08777978927691034,-0.29632932580682725
ROS1-42-0008,2016-06-20,0.2769936707767682,0.19808211769683914,-0.359007174522044
ROS1-30-0006,2016-06-20,0.5096481738024037,0.3409185291602961,-0.5049199129133607
ROS1-30-0009,2016-07-06,0.5780195462465115,0.38473684280027415,-0.5794608749154493
ROS1-42-0006,2016-07-06,0.13067737638801194,0.08205134255163359,-0.2938029802628442
ROS1-24-0026,2016-07-06,0.19157618233698248,0.09862234493087091,-0.3156839617154311
ROS1-30-0001,2016-07-06,0.19839944644141966,0.09318776615109357,-0.3119390028711158
ROS1-36-0022,2016-07-06,0.15415532776001642,0.09470165479781523,-0.30994029361930014
ROS1-37-0025,2016-07-06,0.15183130902412573,0.09657218649482316,-0.29697270943962006
ROS1-42-0008,2016-07-06,0.29173186902607134,0.17685770063929873,-0.39301869528315625
ROS1-30-0006,2016-07-06,0.2659528347680939,0.17856462886478022,-0.3881570178549475
ROS1-30-0009,2016-07-22,0.3697668934308963,0.12973214870960204,-0.3593066514943031
ROS1-42-0006,2016-07-22,0.1351028085156231,0.09067421210701734,-0.2409413317337203
ROS1-24-0026,2016-07-22,0.2342140581509856,0.11385885331109495,-0.3069837422099615
ROS1-30-0001,2016-07-22,0.25564256759598986,0.10184281452013337,-0.33423378042615787
ROS1-37-0025,2016-07-22,0.16332433362149157,0.06931221564897996,-0.2607340473540889
ROS1-42-0008,2016-07-22,0.43931399783375064,0.27989463363449796,-0.4791995893240436
ROS1-30-0006,2016-07-22,0.33602328829751693,0.22506801270708882,-0.4196358486923566
ROS1-42-0006,2016-08-23,0.1347801704965589,0.07876890581810793,-0.2924031883968051
ROS1-30-0001,2016-08-23,0.20125970172491847,0.0937484415569626,-0.301448608568632
ROS1-36-0022,2016-08-23,0.1503636183546069,0.09876217647023525,-0.29344966468512185
ROS1-37-0025,2016-08-23,0.1372871389253858,0.08093001333214815,-0.27227116597232665
ROS1-42-0008,2016-08-23,0.2919216533659206,0.17419930895100424,-0.39668219977307645
ROS1-30-0006,2016-08-23,0.27476825713067926,0.1743282176587761,-0.370185998833359
ROS1-30-0009,2016-09-08,0.5430991812504788,0.3355656901785897,-0.5640947072283021
ROS1-42-0006,2016-09-08,0.13503374585776665,0.0658802427310527,-0.30405161043529827
ROS1-24-0026,2016-09-08,0.18305121877745856,0.09658409017954768,-0.3051454609756144
ROS1-30-0001,2016-09-08,0.17962544513612375,0.08325637047850053,-0.28793611050277074
ROS1-36-0022,2016-09-08,0.16458471233193925,0.08714036536363408,-0.31145120230456025
ROS1-37-0025,2016-09-08,0.13981120174193867,0.08819685543218897,-0.2692393375421008
ROS1-42-0008,2016-09-08,0.25932446331991593,0.14645249971716334,-0.3774220842097082
ROS1-25-0016,2016-09-08,0.2011010660723049,0.11047460994181897,-0.3070451429963192
ROS1-30-0006,2016-09-08,0.20766957234854605,0.14278898356233616,-0.31310411457679277
ROS1-30-0009,2016-10-10,0.506319632114991,0.2781783108562967,-0.5258207947618693
ROS1-24-0026,2016-10-10,0.22138633059395085,0.11138490884602728,-0.3217376564062035
ROS1-30-0001,2016-10-10,0.3677494632542581,0.18556141430764939,-0.3784679725117392
ROS1-25-0016,2016-10-10,0.222137396408299,0.09546233568427848,-0.30207757772100086
ROS1-30-0009,2016-10-26,0.41248094116897066,0.2001677344280964,-0.4757288124810191
ROS1-42-0006,2016-10-26,0.4348425799541879,0.23578309055709765,-0.473625648685505
ROS1-24-0026,2016-10-26,0.1915337551689763,0.09124449893195657,-0.2962416778251065
ROS1-30-0001,2016-10-26,0.5216273232031792,0.2701627544793517,-0.5009782647391849
ROS1-36-0022,2016-10-26,0.38999320636874607,0.24050484240630532,-0.4616096312726302
ROS1-37-0025,2016-10-26,0.38293621283405604,0.20625749564224521,-0.43250400322163635
ROS1-42-0008,2016-10-26,0.47147883390833323,0.2625998899440232,-0.512955279040218
ROS1-25-0016,2016-10-26,0.2521323409535168,0.10142220330606169,-0.33130931063411523
ROS1-30-0006,2016-10-26,0.17589729194630407,0.09139831187752279,-0.29755051223133067
ROS1-28-0006,2016-06-27,0.2910718113620172,0.1370693582963426,-0.39125079281068403
ROS1-28-0006,2016-07-13,0.25493534330104367,0.12226448907931363,-0.38996257207958257
ROS1-28-0006,2016-08-30,0.32470659054078144,0.15343118552644666,-0.42959275164829513
ROS1-28-0006,2016-09-15,0.24289689590197022,0.15901686360600084,-0.33125309537817205
ROS1-28-0006,2016-10-17,0.527011699510521,0.3015305630772058,-0.5531849592499051
ROS1-27-0009,2016-04-08,0.2542904421671499,0.1334640997697114,-0.3701459802554597
ROS1-28-0017,2016-04-08,0.274711671371145,0.13755862014550277,-0.3903750008668184
ROS1-33-0018,2016-04-08,0.7384026491724125,0.5560411660900659,-0.7275685894455127
ROS1-21-0034,2016-04-08,0.17609497629295062,0.16789419252791157,-0.24902949053196616
ROS1-27-0006,2016-05-10,0.8078275471102373,0.5260452540787269,-0.7672336992739645
ROS1-33-0014,2016-05-10,0.22099982468513416,0.11059893805238956,-0.3681453926532211
ROS1-26-0031,2016-05-10,0.7791030921535315,0.5458485791806644,-0.7240958263966639
ROS1-27-0009,2016-05-10,0.20712959883442617,0.10999542335150839,-0.3639660223344985
ROS1-28-0017,2016-05-10,0.6473292966690348,0.32346536083067084,-0.6214863201708135
ROS1-33-0018,2016-05-10,0.8655537868745183,0.68458961702974,-0.8017352031628106
ROS1-21-0034,2016-05-10,0.372605326846226,0.13956154096673684,-0.4104313339693334
ROS1-27-0004,2016-05-10,0.296481811829179,0.1622660227040142,-0.4091075207913268
ROS1-27-0009,2016-05-26,0.30821118179742196,0.23318359953845202,-0.37329586886245575
ROS1-21-0034,2016-05-26,0.2979747502900639,0.20039710843687572,-0.30021054929400226
ROS1-27-0004,2016-05-26,0.2564030783028966,0.17833573794164007,-0.2872135751431227
ROS1-27-0006,2016-06-27,0.4649687896641612,0.2794436712340552,-0.5417271374519814
ROS1-28-0006,2016-06-27,0.2791109254924686,0.1325558193183447,-0.36192113288835825
ROS1-33-0014,2016-06-27,0.6276259422188699,0.4039533223476713,-0.5468509073837857
ROS1-27-0009,2016-06-27,0.4623078174751784,0.2819016471009029,-0.5097398488062599
ROS1-28-0017,2016-06-27,0.5714053487618711,0.31263699528124705,-0.594760782412655
ROS1-33-0018,2016-06-27,0.28239045330214196,0.15265669752720162,-0.46720981377845056
ROS1-21-0034,2016-06-27,0.6254893270106162,0.41692026663090603,-0.5880942574173108
ROS1-27-0004,2016-06-27,0.5427847180244783,0.3929549742430239,-0.5661101733452792
ROS1-27-0006,2016-07-13,0.35795959327860466,0.2347870167991161,-0.4698210286436341
ROS1-28-0006,2016-07-13,0.23357675458707894,0.11249993788420405,-0.3478375743253599
ROS1-33-0014,2016-07-13,0.4932649768236545,0.29135801784836257,-0.4974884773457748
ROS1-27-0009,2016-07-13,0.5938259288735855,0.38871172592121306,-0.5816407456772874
ROS1-28-0017,2016-07-13,0.31880481077013284,0.18000939481588174,-0.43713376661818676
ROS1-33-0018,2016-07-13,0.20804648678273863,0.14293671046601875,-0.38711482788866697
ROS1-27-0004,2016-07-13,0.7171758484658135,0.5830434921983529,-0.6785938261577811
ROS1-27-0006,2016-08-30,0.22016240825270703,0.11221784318992949,-0.3454945513375947
ROS1-28-0006,2016-08-30,0.3166087430439803,0.15154008825562462,-0.4074678712892209
ROS1-33-0014,2016-08-30,0.2219456209413139,0.1506542404366397,-0.39145449713475816
ROS1-26-0031,2016-08-30,0.2912136966832996,0.17775610561486974,-0.3885582620537607
ROS1-27-0009,2016-08-30,0.25657897519073836,0.14212447353507363,-0.4154857047037389
ROS1-33-0018,2016-08-30,0.20328822884850242,0.11534189689191218,-0.34525895225190223
ROS1-21-0034,2016-08-30,0.356493628817006,0.18873475339771645,-0.4181782297076239
ROS1-27-0004,2016-08-30,0.3282307387762333,0.1887459006700924,-0.4021202098488368
ROS1-27-0006,2016-09-15,0.24584272159569587,0.1343083787794703,-0.36441016471961796
ROS1-26-0031,2016-09-15,0.262015880394313,0.07657550393514644,-0.22290782338398674
ROS1-27-0009,2016-09-15,0.17711568943975975,0.16366376805839072,-0.2904997353522941
ROS1-27-0004,2016-09-15,0.28195229938123834,0.1910792570185106,-0.3754989480289961
ROS1-27-0006,2016-10-01,0.25022764123671254,0.11965826852386983,-0.34346329609750037
ROS1-33-0014,2016-10-01,0.17928736933952025,0.10613822862169679,-0.3257578538177507
ROS1-26-0031,2016-10-01,0.35126441802104297,0.197764788486994,-0.40675295273969836
ROS1-27-0009,2016-10-01,0.2263617050519441,0.10858050363022716,-0.3643916828980448
ROS1-33-0018,2016-10-01,0.2359899492781774,0.12546815717045012,-0.34984686432691076
ROS1-21-0034,2016-10-01,0.34629412567453044,0.14005906432959223,-0.4066594492992724
ROS1-27-0004,2016-10-01,0.25957843246645357,0.1172616384786438,-0.34720889587501363
ROS1-27-0006,2016-10-17,0.20638718457008953,0.10532250588403037,-0.2276891939720507
ROS1-28-0006,2016-10-17,0.5127243670294807,0.2963833267253734,-0.5183691303531561
ROS1-26-0031,2016-10-17,0.17007130482558577,0.01952290319990415,-0.1915121739053961
ROS1-27-0009,2016-10-17,0.20926681814776224,0.12324763510490695,-0.3759647156991516
ROS1-28-0017,2016-10-17,0.3533253103090673,0.14106380026244714,-0.4041210865837237
ROS1-21-0034,2016-10-17,0.26583505944008556,0.06668816812855528,-0.281849639783412
ROS1-27-0004,2016-10-17,0.24873043704136638,0.12127333519086099,-0.23899484536082496
ROS1-19-0041,2016-04-08,0.5578726748711166,0.34696872351201913,-0.5396663331777751
ROS1-25-0017,2016-04-08,0.16133891583465346,0.07128869357872349,-0.2402855780395926
ROS1-26-0027,2016-04-08,0.29783176878046835,0.16568741394964945,-0.3722212566154202
ROS1-31-0009,2016-04-08,0.6246510472961019,0.37803724588745086,-0.6127426185177206
ROS1-32-0018,2016-04-08,0.36347494449500056,0.19973699734073314,-0.4145666382680642
ROS1-37-0049,2016-04-08,0.5043575200982774,0.3084858247732856,-0.5195381633427376
ROS1-19-0026,2016-04-08,0.3981224988358006,0.22257730838237047,-0.4261616612407445
ROS1-20-0010,2016-04-08,0.1858935798653119,0.10304655295717563,-0.2774993618970477
ROS1-25-0008,2016-04-08,0.19176300996067483,0.07513696951618364,-0.2990440267191823
ROS1-26-0031,2016-04-08,0.40428236229027587,0.2084764634608061,-0.438365072434274
ROS1-27-0009,2016-04-08,0.21927248062589957,0.11668295339001664,-0.3000281635604091
ROS1-30-0001,2016-04-08,0.1974740230839774,0.08316915805075832,-0.29914764866598303
ROS1-31-0024,2016-04-08,0.17727541701482954,0.07187072537292126,-0.30602567080693527
ROS1-32-0022,2016-04-08,0.18552690719478826,0.09710263029708592,-0.3048749875478346
ROS1-37-0025,2016-04-08,0.20281565478422978,0.100023567430836,-0.3295482437582147
ROS1-38-0002,2016-04-08,0.3564756776677153,0.20349654334988954,-0.43134112383799617
ROS1-19-0022,2016-04-08,0.5089623031954628,0.30773840233837957,-0.5205952913685477
ROS1-21-0034,2016-04-08,0.15560341580248174,0.13728563066008453,-0.20366936616444134
ROS1-25-0016,2016-04-08,0.3372491440271586,0.15421545904558487,-0.397632313307101
ROS1-26-0006,2016-04-08,0.18222969178842316,0.07179559294181545,-0.2735141596654377
ROS1-30-0006,2016-04-08,0.1904614061450472,0.07043306416088001,-0.29028398110011516
ROS1-31-0038,2016-04-08,0.1916274497456295,0.0862468907851816,-0.3123508504464169
ROS1-19-0041,2016-04-24,0.8260063580040131,0.6777964968101889,-0.7275296094186711
ROS1-25-0017,2016-04-24,0.2011344705197344,0.10754446021489408,-0.2862086742471075
ROS1-26-0027,2016-04-24,0.4305896352680577,0.27494395482962214,-0.45947190182335973
ROS1-31-0009,2016-04-24,0.7901861853040513,0.6152883344097234,-0.7252442441115116
ROS1-19-0026,2016-04-24,0.6174736324489145,0.42127823258099295,-0.5885198537134693
ROS1-20-0010,2016-04-24,0.20116475564109063,0.10763473036240871,-0.31325328004835845
ROS1-25-0008,2016-04-24,0.19977680845432333,0.09380889567052746,-0.3252866289224082
ROS1-30-0001,2016-04-24,0.2616736272013683,0.12281513547027477,-0.3531931554291607
ROS1-31-0024,2016-04-24,0.2918807802028263,0.12306212736059088,-0.3537991520373497
ROS1-37-0025,2016-04-24,0.20894854921495185,0.0993574955831309,-0.3426876258476815
ROS1-19-0022,2016-04-24,0.7759715270068849,0.5681067706092603,-0.6896211392269296
ROS1-25-0016,2016-04-24,0.549529052544125,0.2795035314104704,-0.5367358938321339
ROS1-26-0006,2016-04-24,0.20734378154076996,0.09039021036536247,-0.31457205611729233
ROS1-31-0038,2016-04-24,0.19957520651526153,0.11456594557647826,-0.3365168242033416
ROS1-25-0017,2016-05-10,0.1495973617479793,0.06485259997424879,-0.14136635405277073
ROS1-26-0027,2016-05-10,0.515232519629526,0.28453437246783225,-0.5362451142425513
ROS1-31-0009,2016-05-10,0.8741150182117593,0.6975704671574423,-0.7952214433781128
ROS1-32-0018,2016-05-10,0.7058383742746699,0.4710750279625463,-0.6681827417476337
ROS1-37-0049,2016-05-10,0.4859266038213216,0.33279339389660645,-0.5188383287666352
ROS1-20-0010,2016-05-10,0.2121752880547141,0.10983927659101013,-0.33738124735071134
ROS1-25-0008,2016-05-10,0.37347676245828015,0.21785275694064496,-0.43650504001812235
ROS1-26-0031,2016-05-10,0.786514703993119,0.5445067382100586,-0.7202764765307245
ROS1-27-0009,2016-05-10,0.19833967327934174,0.10555041833023944,-0.3453119901870114
ROS1-30-0001,2016-05-10,0.4042583245038795,0.2097708690763624,-0.43803239373336045
ROS1-31-0024,2016-05-10,0.18819850204143626,0.08382582170275929,-0.3328237951846929
ROS1-32-0022,2016-05-10,0.3049517645226177,0.16341440261628423,-0.3797433939578882
ROS1-38-0002,2016-05-10,0.2853402175807324,0.13033242454873933,-0.37308334823574985
ROS1-19-0022,2016-05-10,0.6566906229378678,0.6298724057251655,-0.6453971537611014
ROS1-21-0034,2016-05-10,0.37337676925485697,0.138224385616436,-0.4032322591275199
ROS1-25-0016,2016-05-10,0.6022704994367544,0.4228458473329972,-0.5768350963688116
ROS1-26-0006,2016-05-10,0.2766191728666791,0.16793498649039112,-0.36056130142502807
ROS1-30-0006,2016-05-10,0.45982632221349773,0.26783757397039193,-0.4754724393981064
ROS1-31-0038,2016-05-10,0.221100654648417,0.09909888306214935,-0.37504844605718557
ROS1-19-0041,2016-05-26,0.6991502310886876,0.7143208302649053,-0.6445528402718552
ROS1-26-0031,2016-05-26,0.5169705581294093,0.5320631849197555,-0.4791015631072215
ROS1-27-0009,2016-05-26,0.29734797168182675,0.22186860895865532,-0.35345268710234296
ROS1-30-0001,2016-05-26,0.15170487659913334,0.20711828273812113,-0.1889095392973302
ROS1-31-0024,2016-05-26,0.19628476144196924,0.1019362282795207,-0.30837515945255434
ROS1-38-0002,2016-05-26,0.71864548269669,0.5549917031060267,-0.6478378956013799
ROS1-21-0034,2016-05-26,0.28340825106613926,0.19181729984196147,-0.2742094031683038
ROS1-19-0041,2016-06-27,0.46064377462217015,0.31122423220415335,-0.536231613933098
ROS1-25-0017,2016-06-27,0.5863706750072364,0.24999645559277262,-0.497205262931757
ROS1-26-0027,2016-06-27,0.22772819315238918,0.12653667264438406,-0.3583927783454961
ROS1-31-0009,2016-06-27,0.23719607048903157,0.13411923142692297,-0.42371193612969693
ROS1-32-0018,2016-06-27,0.39627415090935625,0.2374977014770396,-0.5004785587888303
ROS1-37-0049,2016-06-27,0.34854292950250915,0.20164619916677132,-0.43441688757156477
ROS1-19-0026,2016-06-27,0.4583670129423003,0.32407894267651643,-0.5142494419471353
ROS1-20-0010,2016-06-27,0.5402088463692781,0.34487377937008185,-0.5348477589468699
ROS1-25-0008,2016-06-27,0.7857554039809547,0.60512415752455,-0.686018091722209
ROS1-26-0031,2016-06-27,0.3259706307860575,0.16119945861848584,-0.4551878672055299
ROS1-27-0009,2016-06-27,0.4584824594696942,0.27815461805251673,-0.502250191025724
ROS1-30-0001,2016-06-27,0.20262356340594578,0.09499955905832869,-0.31918515429302474
ROS1-31-0024,2016-06-27,0.14912581448873893,0.08917166255501989,-0.28947247692200634
ROS1-32-0022,2016-06-27,0.8226043081082773,0.6564399067422615,-0.7312503274809771
ROS1-37-0025,2016-06-27,0.1491866005169944,0.08984770245503138,-0.30372433337956506
ROS1-38-0002,2016-06-27,0.49221796474238877,0.3117860793485094,-0.5462547018785257
ROS1-19-0022,2016-06-27,0.26893077056447506,0.15751719607423345,-0.4237283198005164
ROS1-21-0034,2016-06-27,0.6213593143752303,0.41516369630003225,-0.5768941687310836
ROS1-25-0016,2016-06-27,0.2671696147276116,0.13268927457186083,-0.3918095535594185
ROS1-26-0006,2016-06-27,0.18172783723090416,0.08029272541249714,-0.2838176941964806
ROS1-31-0038,2016-06-27,0.1661312601265814,0.07725091618300987,-0.3113273708916576
ROS1-19-0041,2016-07-13,0.3581588566452677,0.23687851565349405,-0.44376343393045203
ROS1-25-0017,2016-07-13,0.7391127301244943,0.3940952984806383,-0.6377826382946709
ROS1-26-0027,2016-07-13,0.19322301252465812,0.10533553303998504,-0.326975163974121
ROS1-31-0009,2016-07-13,0.1342330137627774,0.09855863282539401,-0.2744154938165061
ROS1-32-0018,2016-07-13,0.29148219593544755,0.21558016925669368,-0.3827105459349604
ROS1-37-0049,2016-07-13,0.3009892772407893,0.17480943813305688,-0.378936996549961
ROS1-19-0026,2016-07-13,0.5242114137191909,0.35071821151496757,-0.5481456190623561
ROS1-20-0010,2016-07-13,0.5535773516884032,0.37940522829064116,-0.5400552274178941
ROS1-25-0008,2016-07-13,0.6064195090262663,0.47082794470753847,-0.5612130766098278
ROS1-26-0031,2016-07-13,0.24225612610440564,0.13008535421229733,-0.3714903900319006
ROS1-27-0009,2016-07-13,0.5972573578426974,0.3862013701726732,-0.5855377686624715
ROS1-30-0001,2016-07-13,0.18736788227977216,0.09467113808850497,-0.29260968136824
ROS1-31-0024,2016-07-13,0.17455669555591624,0.1117219367119657,-0.3039360740025631
ROS1-32-0022,2016-07-13,0.5945028275811592,0.3921295447717779,-0.5728593111539461
ROS1-37-0025,2016-07-13,0.1535398905539138,0.07405961557451761,-0.27744890473065975
ROS1-38-0002,2016-07-13,0.28903850310272394,0.14631924546007752,-0.3666000809614673
ROS1-19-0022,2016-07-13,0.23363971427168045,0.16786039111288598,-0.371210600688535
ROS1-25-0016,2016-07-13,0.2299448716679451,0.1397832994097594,-0.34422465494796783
ROS1-26-0006,2016-07-13,0.3455071628472247,0.18864846270226787,-0.40886908573170916
ROS1-30-0006,2016-07-13,0.2712166691125537,0.17515244493922932,-0.377604355787539
ROS1-31-0038,2016-07-13,0.14918037071435072,0.09459840398949675,-0.29006500136707586
ROS1-19-0041,2016-08-30,0.3093404266034414,0.24252116705686813,-0.3728453031377057
ROS1-25-0017,2016-08-30,0.5115873464213478,0.4485411165450057,-0.49437888220249704
ROS1-32-0018,2016-08-30,0.1955741529878001,0.10507561058995135,-0.3170605323790846
ROS1-19-0026,2016-08-30,0.5085412164157266,0.3131916292886408,-0.4870749383230754
ROS1-25-0008,2016-08-30,0.20323914870242812,0.1343332699959279,-0.3643527609373557
ROS1-26-0031,2016-08-30,0.2890956994165683,0.17803997401983784,-0.37976734922126726
ROS1-27-0009,2016-08-30,0.25276712279345503,0.14084965183401305,-0.4041708949913576
ROS1-30-0001,2016-08-30,0.17084711280831627,0.06768131369896896,-0.25653602032047257
ROS1-31-0024,2016-08-30,0.13247454539680842,0.07447548872592778,-0.2251319681695422
ROS1-32-0022,2016-08-30,0.16257640640442378,0.08964543732096035,-0.31036153651881815
ROS1-37-0025,2016-08-30,0.12851043348689808,0.0712543148664254,-0.27965778143241715
ROS1-38-0002,2016-08-30,0.32249041094665853,0.19711245639454839,-0.42438547942649013
ROS1-19-0022,2016-08-30,0.18419959463440239,0.12821249421239114,-0.27464623147706696
ROS1-21-0034,2016-08-30,0.3539347936053257,0.1886139175917699,-0.41009668176392977
ROS1-25-0016,2016-08-30,0.21466534325080208,0.10780844778820665,-0.3222196567812374
ROS1-26-0006,2016-08-30,0.4022820274650543,0.2391211450759897,-0.44106856469215217
ROS1-30-0006,2016-08-30,0.27173420052040315,0.16535136589379912,-0.37660708362723033
ROS1-19-0041,2016-09-15,0.38954845416855083,0.25224190731163193,-0.4697673865088726
ROS1-25-0017,2016-09-15,0.3479128693560629,0.2503221409189097,-0.4077851484245461
ROS1-26-0027,2016-09-15,0.14122026701535834,0.07530470757391558,-0.2598533838133329
ROS1-31-0009,2016-09-15,0.2752263923757764,0.18674061367076505,-0.3817392112662066
ROS1-32-0018,2016-09-15,0.1484947234051668,0.09578169692608844,-0.26104148931350923
ROS1-37-0049,2016-09-15,0.2422357808184843,0.1506909177659056,-0.3665527388646177
ROS1-19-0026,2016-09-15,0.5542809233682433,0.384890771046672,-0.5441549136079148
ROS1-20-0010,2016-09-15,0.34209756302356725,0.21391262355151575,-0.4182102110052961
ROS1-25-0008,2016-09-15,0.17537323150670744,0.1024127674335326,-0.3238996069310071
ROS1-26-0031,2016-09-15,0.3024904073159386,0.075054020098904,-0.3223413355133076
ROS1-27-0009,2016-09-15,0.1856478308433061,0.15298092547141554,-0.3127002463337351
ROS1-30-0001,2016-09-15,0.1647292697568631,0.07136569506744429,-0.28743260200689513
ROS1-31-0024,2016-09-15,0.13964582831700928,0.06852202217528104,-0.27081525015899477
ROS1-32-0022,2016-09-15,0.11009045435078749,0.04328136199791468,-0.16672676895344296
ROS1-19-0022,2016-09-15,0.2250590707506919,0.15724716861879753,-0.33378641838533446
ROS1-25-0016,2016-09-15,0.2071596142914121,0.10346602201639278,-0.31396210430806104
ROS1-26-0006,2016-09-15,0.2657203884259291,0.19845064853080222,-0.3392039517726387
ROS1-30-0006,2016-09-15,0.22582585601001443,0.13526293791178032,-0.3628316376634068
ROS1-19-0041,2016-10-01,0.3695090119074166,0.1505705190578161,-0.3667208568296116
ROS1-26-0027,2016-10-01,0.12835716514226264,0.040160380720873454,-0.19223842160317062
ROS1-31-0009,2016-10-01,0.2531994873706575,0.13359934713983299,-0.35532301404835276
ROS1-32-0018,2016-10-01,0.20368966384357248,0.09549188120828762,-0.3086983390436753
ROS1-19-0026,2016-10-01,0.3590728638967146,0.06258815325530934,-0.27033073789450235
ROS1-20-0010,2016-10-01,0.3692128110433084,0.14662589202244083,-0.42483879344021297
ROS1-25-0008,2016-10-01,0.12837893377975845,0.043980364136516265,-0.2049120877192777
ROS1-26-0031,2016-10-01,0.337574993428622,0.19004158871048668,-0.39528043987296085
ROS1-27-0009,2016-10-01,0.21304098211154818,0.10204999453170145,-0.34187962043868375
ROS1-30-0001,2016-10-01,0.1707233624782724,0.08207134030336842,-0.22521368419162127
ROS1-31-0024,2016-10-01,0.13167562574729788,0.047151618764773806,-0.2140290705564222
ROS1-32-0022,2016-10-01,0.1559338502972201,0.07442102378046957,-0.28368432897679263
ROS1-37-0025,2016-10-01,0.16200120309189486,0.07318561764375553,-0.29938993404801856
ROS1-19-0022,2016-10-01,0.3044879551264288,0.1752224318013419,-0.38287809546648993
ROS1-21-0034,2016-10-01,0.3346252616148839,0.13497664174910054,-0.3874735774701958
ROS1-26-0006,2016-10-01,0.3740443803084794,0.16700787917452298,-0.4425140930597074
ROS1-30-0006,2016-10-01,0.18454916040638605,0.11364257945984095,-0.28461414678691693
ROS1-31-0038,2016-10-01,0.16186003401854437,0.07267623997573791,-0.2952271017385004
ROS1-19-0041,2016-10-17,0.31018289733356313,0.0603902961866684,-0.2677100757590653
ROS1-25-0017,2016-10-17,0.2254921118689588,0.11876697489811464,-0.3102339937210606
ROS1-26-0027,2016-10-17,0.2660991689524242,0.10894437868801794,-0.3390110842220402
ROS1-31-0009,2016-10-17,0.16144582422184034,0.06254132311882296,-0.25465674172967434
ROS1-32-0018,2016-10-17,0.22753151563505308,0.10724830807335398,-0.3244998052886055
ROS1-37-0049,2016-10-17,0.22990800117589635,0.12098810248843722,-0.288357853552774
ROS1-19-0026,2016-10-17,0.263225633091688,0.10364867266089771,-0.3670374380502147
ROS1-25-0008,2016-10-17,0.20222638333331705,0.0437702079773565,-0.18491703898886144
ROS1-27-0009,2016-10-17,0.19771498461933162,0.11769997117657707,-0.3505630670636434
ROS1-30-0001,2016-10-17,0.47191384257589747,0.21584777502564367,-0.460790377440656
ROS1-32-0022,2016-10-17,0.274638552280729,0.11776478966366274,-0.3355091161178027
ROS1-38-0002,2016-10-17,0.42342412445126515,0.2584993260098847,-0.44708438260363614
ROS1-19-0022,2016-10-17,0.33599560368459247,0.1826509909404346,-0.39334138834366184
ROS1-21-0034,2016-10-17,0.16969285871238593,0.07109932117213347,-0.18536649378271544
ROS1-25-0016,2016-10-17,0.24848562266465207,0.10278757837539093,-0.31004773351281345
ROS1-30-0006,2016-10-17,0.19906236205458724,0.10377360425188417,-0.31450007468014013
ROS1-31-0038,2016-10-17,0.3223599545304431,0.1358023547412982,-0.3769338611472164
ROS1-18-0029,2016-04-08,0.6382956941422678,0.4008815944238602,-0.5953314066440523
ROS1-24-0003,2016-04-08,0.7960751368072698,0.5523912378537906,-0.7369113133802171
ROS1-30-0009,2016-04-08,0.25276606702389154,0.11834533582935775,-0.35023160612811355
ROS1-18-0007,2016-04-08,0.1854461304146942,0.0832116869236004,-0.2776213006087778
ROS1-24-0026,2016-04-08,0.6934886336582865,0.4171276427808771,-0.6598419644577338
ROS1-25-0008,2016-04-08,0.18714876887444412,0.07365838273794816,-0.29205654106264695
ROS1-30-0001,2016-04-08,0.19557375389622353,0.08223730348607898,-0.296483782926091
ROS1-30-0006,2016-04-08,0.18633530593531056,0.06883192079168093,-0.28789557391591203
ROS1-18-0029,2016-04-24,0.8015483817056269,0.7050280106318699,-0.7208035663371616
ROS1-24-0003,2016-04-24,0.8653363340491749,0.7655793652024621,-0.7931830911539935
ROS1-30-0009,2016-04-24,0.4432965058057594,0.2570284253313837,-0.4756128928881159
ROS1-18-0007,2016-04-24,0.2742584431803998,0.14844962019648983,-0.33020000416746254
ROS1-24-0026,2016-04-24,0.872684066095333,0.7161842099259766,-0.7935925322795641
ROS1-25-0008,2016-04-24,0.2003756620491031,0.09409116079619427,-0.32769418518654075
ROS1-30-0001,2016-04-24,0.2630050603211414,0.122978169752383,-0.35626057319455473
ROS1-30-0006,2016-04-24,0.2467727516659027,0.15839605809095755,-0.31784891096928647
ROS1-18-0029,2016-05-10,0.5614141296831151,0.6487494500742557,-0.5341986204163012
ROS1-24-0003,2016-05-10,0.8787333995095402,0.7619582835735101,-0.8082150521179219
ROS1-30-0009,2016-05-10,0.6428513789947324,0.40080907984289116,-0.5859305913780448
ROS1-18-0007,2016-05-10,0.26400660262448133,0.12136252985023274,-0.35343773371536563
ROS1-24-0026,2016-05-10,0.8811448305046614,0.7171931158435013,-0.8201650685357138
ROS1-25-0008,2016-05-10,0.3656640175792162,0.2304864924084277,-0.43337971776192596
ROS1-30-0001,2016-05-10,0.39800078753185486,0.20281622553833267,-0.43948178242898256
ROS1-30-0006,2016-05-10,0.45925203739059933,0.28512909824944055,-0.47612105247756176
ROS1-24-0003,2016-05-26,0.6755870211349954,0.5792811474662424,-0.6341824757358782
ROS1-30-0001,2016-05-26,-0.37167738695671704,2.3116771852723157,0.027071228671387726
ROS1-18-0029,2016-06-27,0.5822294522649918,0.4038811548808135,-0.5791816888510446
ROS1-24-0003,2016-06-27,0.23483932420699424,0.12009546974684347,-0.3757493201605999
ROS1-30-0009,2016-06-27,0.630528301437501,0.42317366710162135,-0.6266041517746372
ROS1-18-0007,2016-06-27,0.7084158929597419,0.4389644260454951,-0.6473737852356651
ROS1-24-0026,2016-06-27,0.21373111833483704,0.12201564377962243,-0.3702773004811557
ROS1-25-0008,2016-06-27,0.7815981486771133,0.6048285753958653,-0.682614167504615
ROS1-30-0001,2016-06-27,0.2015626185169946,0.0940602572907971,-0.3194679965694289
ROS1-18-0029,2016-07-13,0.8069348556288373,0.6367500620608046,-0.7258266111180577
ROS1-24-0003,2016-07-13,0.1895090408169365,0.12503334092770657,-0.32792128482074245
ROS1-30-0009,2016-07-13,0.5858056327111999,0.3740282951643017,-0.5832215308566748
ROS1-18-0007,2016-07-13,0.7810070119947802,0.5436020933109527,-0.7103288715902119
ROS1-24-0026,2016-07-13,0.18792407749974976,0.09857191984304833,-0.3033719166382372
ROS1-25-0008,2016-07-13,0.6061794475054635,0.46924863884289275,-0.5594334724281774
ROS1-30-0001,2016-07-13,0.18439308278249117,0.09331655866133554,-0.2882822285558507
ROS1-30-0006,2016-07-13,0.26822551513608023,0.1730678538814583,-0.3739642322383287
ROS1-18-0029,2016-08-30,0.3601148691767709,0.31869952371091315,-0.3690042233391679
ROS1-24-0003,2016-08-30,0.44156149767318154,0.29577139390734847,-0.5010494261986853
ROS1-30-0009,2016-08-30,0.5757642527990416,0.39714787073660407,-0.5757240785430332
ROS1-18-0007,2016-08-30,0.38632042329022526,0.23157655200617197,-0.4560340927269164
ROS1-24-0026,2016-08-30,0.19109510856224268,0.10441746750783369,-0.299736470781495
ROS1-25-0008,2016-08-30,0.2067685999421254,0.1368694574453161,-0.36890201307072995
ROS1-30-0001,2016-08-30,0.17029764937543565,0.06751546133733208,-0.2583232004234468
ROS1-30-0006,2016-08-30,0.274996357274607,0.16775117732502962,-0.37909172301094746
ROS1-18-0029,2016-09-15,0.5881065841341349,0.41203796014240585,-0.5933845193788825
ROS1-24-0003,2016-09-15,0.3963297125598041,0.24845166938594604,-0.4786441495640563
ROS1-30-0009,2016-09-15,0.5081457023866089,0.2971600062037703,-0.5630969111332882
ROS1-18-0007,2016-09-15,0.260354739763161,0.14175298908457706,-0.4000292163592602
ROS1-24-0026,2016-09-15,0.18292436256056113,0.0912507231907645,-0.3153129983520045
ROS1-25-0008,2016-09-15,0.17802420618162967,0.10424759876180914,-0.32733958944982294
ROS1-30-0001,2016-09-15,0.16806461176369855,0.07307408271968495,-0.2901137488202866
ROS1-30-0006,2016-09-15,0.22580422838093095,0.13551707758451426,-0.3644726673758056
ROS1-30-0009,2016-10-01,0.36577332647356575,0.11956158118659914,-0.3157250811374697
ROS1-24-0026,2016-10-01,0.20151329316011846,0.09216153986956989,-0.29257028006028357
ROS1-25-0008,2016-10-01,0.12879400292681611,0.04378872994129745,-0.2080369609538669
ROS1-30-0001,2016-10-01,0.16531868376369765,0.08047016726917677,-0.22038811867504096
ROS1-30-0006,2016-10-01,0.18309030073911092,0.11648080679408293,-0.27639071965900697
ROS1-18-0029,2016-10-17,0.5593208548768954,0.45358899712228185,-0.5336894709388168
ROS1-24-0003,2016-10-17,0.3086316252041434,0.1455296389252481,-0.3922714179000011
ROS1-30-0009,2016-10-17,0.3581577673228726,0.07774212651042725,-0.3272284467232432
ROS1-18-0007,2016-10-17,0.18319678057651445,0.07167670213021472,-0.2955166644653271
ROS1-24-0026,2016-10-17,0.20851382820337008,0.11327894163744659,-0.2855831787850994
ROS1-30-0001,2016-10-17,0.4741488237311261,0.2164106022785326,-0.464123430539266
ROS1-30-0006,2016-10-17,0.19914005158755874,0.10355826860713796,-0.31387832950090194
ROS1-22-0032,2016-04-15,0.2185835332746062,0.08802296533773027,-0.3486061638022361
ROS1-29-0006,2016-05-01,0.5697951264228557,0.27966697249001915,-0.5915784222424769
ROS1-28-0006,2016-06-18,0.7385977179984771,0.5490364845403116,-0.6647933127285968
ROS1-28-0006,2016-07-04,0.2572374244064343,0.2081152930385396,-0.3423460192228441
ROS1-28-0006,2016-08-05,0.24683079132200353,0.11115477998662236,-0.36551993670427657
ROS1-29-0006,2016-08-05,0.6248765291787695,0.3310702173914464,-0.6076311433776671
ROS1-22-0032,2016-08-05,0.7449620903426147,0.48865664195704106,-0.6489143222949219
ROS1-28-0006,2016-08-21,0.24468796237041196,0.1288495616490222,-0.3416420306058452
ROS1-29-0006,2016-08-21,0.6077964473907952,0.33304232851209764,-0.6093908690197383
ROS1-22-0032,2016-08-21,0.5137722197980451,0.2770751761743557,-0.502076586426603
ROS1-28-0006,2016-09-06,0.2750544943423764,0.11342759809699668,-0.39140121153052265
ROS1-29-0006,2016-09-06,0.5933015069939739,0.32294659167473305,-0.5920450223602256
ROS1-22-0032,2016-09-06,0.44868175805325394,0.20859757301663473,-0.5083368407605298
ROS1-28-0006,2016-10-08,0.32568358291082977,0.239111242818305,-0.3604559675278882
ROS1-28-0006,2016-10-24,0.5751101507440831,0.3309141450692527,-0.5783633975166487
ROS1-22-0032,2016-10-24,0.27109033381282976,0.18659576857502386,-0.42305168392012094
ROS1-15-0009,2016-04-15,0.5128419725197901,0.23704690335767817,-0.5200248548740447
ROS1-33-0014,2016-04-15,0.3069199154873924,0.16303319093314633,-0.4178158764062922
ROS1-15-0016,2016-04-15,0.5165540938189621,0.28566759879014714,-0.5311680289796478
ROS1-21-0013,2016-04-15,0.5240539277890058,0.30116558681699523,-0.522029990762005
ROS1-26-0031,2016-04-15,0.5407046868914649,0.27505934550450045,-0.5526222334307002
ROS1-27-0009,2016-04-15,0.29488822586274255,0.11922389168603192,-0.35540439941798674
ROS1-28-0017,2016-04-15,0.3901577830197996,0.16283730740876434,-0.42921604526973733
ROS1-33-0018,2016-04-15,0.8295193035762384,0.6365586226335472,-0.7795890408061447
ROS1-15-0014,2016-04-15,0.5597282907994666,0.33537284519174626,-0.5652726387719815
ROS1-21-0034,2016-04-15,0.3014794907928298,0.15085315897102516,-0.37484163146262095
ROS1-28-0029,2016-04-15,0.2100803289702648,0.08758936642641348,-0.31958364199634925
ROS1-15-0009,2016-05-17,0.8025823046666052,0.4279407207177992,-0.7249480752902973
ROS1-21-0013,2016-05-17,0.6755136391038917,0.5111250544541012,-0.6321439217808562
ROS1-15-0014,2016-05-17,0.9233041161855137,0.8065849124106959,-0.8489031810814993
ROS1-15-0009,2016-06-18,0.6487966764656944,0.42504645103015165,-0.6139529247459667
ROS1-27-0006,2016-06-18,0.6531469743710968,0.4120584608674243,-0.6399836656907428
ROS1-33-0014,2016-06-18,0.5783905660145048,0.1677669903531984,-0.44120575058601075
ROS1-21-0013,2016-06-18,0.6394819871057064,0.3666271017268686,-0.6253917019348144
ROS1-22-0011,2016-06-18,0.7497749187919319,0.6415676933706188,-0.6778715720902792
ROS1-26-0031,2016-06-18,0.5666955040679837,0.3248773066194924,-0.5826812104763541
ROS1-27-0009,2016-06-18,0.39334563668290556,0.23735012260254648,-0.4657647129034016
ROS1-28-0017,2016-06-18,0.7594584140067293,0.46283580303535676,-0.7200059269073553
ROS1-15-0014,2016-06-18,0.7738969723932517,0.8364956993216793,-0.6986871046877576
ROS1-21-0034,2016-06-18,0.5939986998563845,0.3851115881526592,-0.5647846476687157
ROS1-27-0004,2016-06-18,0.4463954650307201,0.3525065048117775,-0.47464169608167917
ROS1-15-0009,2016-07-04,0.3840373655177459,0.23217529640548565,-0.48038499451156097
ROS1-21-0016,2016-07-04,0.8172135471963311,0.7477151864129,-0.7522294189715034
ROS1-22-0016,2016-07-04,0.36516744487818775,0.16700690085361847,-0.41499824627625537
ROS1-22-0011,2016-07-04,0.7661635000466868,0.7170381787652632,-0.7039481950723089
ROS1-28-0017,2016-07-04,0.4655907028685834,0.26839475201207136,-0.5590849262004539
ROS1-27-0004,2016-07-04,0.6950735835807388,0.5870911482210444,-0.6672642088725165
ROS1-28-0029,2016-07-04,0.5789846470982872,0.256568994945741,-0.5125480123988174
ROS1-15-0009,2016-07-20,0.23753102652497665,0.19981821949355957,-0.3931331419144864
ROS1-15-0009,2016-08-05,0.22637782735155898,0.1341073353592829,-0.35664986713560204
ROS1-22-0016,2016-08-05,0.7823310448050333,0.5819894998622918,-0.7032468985696959
ROS1-27-0006,2016-08-05,0.5272789501912335,0.34421183858835125,-0.539208757570227
ROS1-33-0014,2016-08-05,0.42989456221190026,0.2407652147788312,-0.48208446319373316
ROS1-15-0016,2016-08-05,0.3842865777982391,0.24162079163390116,-0.4391671384193922
ROS1-22-0011,2016-08-05,0.7009755758539123,0.4325249574442442,-0.6319487972191543
ROS1-26-0031,2016-08-05,0.19978107376122248,0.13156100012866964,-0.3243694718750856
ROS1-27-0009,2016-08-05,0.5698620474035843,0.35420681570139323,-0.5641653995814728
ROS1-28-0017,2016-08-05,0.23296870098288677,0.10466940930662891,-0.3411776962994654
ROS1-15-0014,2016-08-05,0.6781300123884744,0.4694512940041812,-0.6108734233867401
ROS1-28-0029,2016-08-05,0.3375400842056204,0.22515744918168942,-0.3922731808187716
ROS1-15-0009,2016-08-21,0.2146814511475162,0.13268982152904507,-0.33762339998110563
ROS1-21-0016,2016-08-21,0.40222602225816995,0.23381586110464864,-0.4360877430681319
ROS1-33-0014,2016-08-21,0.264518465763273,0.16875559852730257,-0.3990114491878015
ROS1-15-0016,2016-08-21,0.20278975380759456,0.11594965451199128,-0.31400144646258854
ROS1-21-0013,2016-08-21,0.273131412101002,0.17669509294518596,-0.3916628027963093
ROS1-22-0011,2016-08-21,0.3914545309508604,0.19082118249488908,-0.3984326418365234
ROS1-26-0031,2016-08-21,0.2753331706585783,0.18862383495855453,-0.359816661153285
ROS1-27-0009,2016-08-21,0.3363449034590997,0.20247221939421034,-0.39709478069873255
ROS1-28-0017,2016-08-21,0.25319056275520935,0.17029316493421673,-0.3648798331339681
ROS1-21-0034,2016-08-21,0.48382203900394755,0.3002567955160037,-0.4635101834697286
ROS1-15-0009,2016-09-06,0.19960402680424608,0.10962105270408565,-0.3163735412412284
ROS1-21-0016,2016-09-06,0.2635495600203012,0.1251077713756446,-0.3633737977092236
ROS1-22-0016,2016-09-06,0.6018560530654132,0.3681522625166788,-0.5538752990339625
ROS1-27-0006,2016-09-06,0.20468871385725007,0.10186068532751087,-0.3380443321395693
ROS1-33-0014,2016-09-06,0.20990836566203816,0.1376801590168018,-0.3872107719914023
ROS1-15-0016,2016-09-06,0.25000377970639814,0.13809096993182016,-0.3510444956632017
ROS1-21-0013,2016-09-06,0.23371097810025832,0.13587581449770653,-0.3659139561361887
ROS1-22-0011,2016-09-06,0.3580170985189446,0.16032900434645198,-0.40945014074324737
ROS1-26-0031,2016-09-06,0.2989408249884826,0.18748678274156527,-0.3726889714747127
ROS1-27-0009,2016-09-06,0.25336287214018927,0.13650320355309126,-0.4095468729521921
ROS1-28-0017,2016-09-06,0.4258128942525632,0.2765554917448934,-0.49096027844572554
ROS1-15-0014,2016-09-06,0.24120323070868566,0.14876500626236625,-0.3672666676122088
ROS1-21-0034,2016-09-06,0.31001581226459146,0.1626519341717589,-0.370553856407794
ROS1-27-0004,2016-09-06,0.3069458547916707,0.1637979742939083,-0.39418497911591893
ROS1-28-0029,2016-09-06,0.23187762775322387,0.09792366573480421,-0.3478551073556874
ROS1-28-0017,2016-09-22,0.4065761686383503,0.3990344926339301,-0.43900500403870124
ROS1-21-0034,2016-09-22,0.2819587099082704,0.13331167669608013,-0.31567675342340756
ROS1-28-0029,2016-09-22,0.23297850680095583,0.047481984837619874,-0.2784117057759642
ROS1-27-0009,2016-10-08,0.11635086561826721,0.1358463193584151,-0.1954522452394845
ROS1-28-0017,2016-10-08,0.5220128135222382,0.424754856374962,-0.5258286991454842
ROS1-15-0009,2016-10-24,0.5213153826836922,0.30333888487434024,-0.5215296607970777
ROS1-21-0016,2016-10-24,0.21278164819184653,0.09186326938251735,-0.3279886500517724
ROS1-22-0016,2016-10-24,0.1347753539257496,0.15187096467759056,-0.19996580426830926
ROS1-27-0006,2016-10-24,0.30853751630067966,0.1561865183596687,-0.37621606504528987
ROS1-33-0014,2016-10-24,0.3198218881691407,0.17695224353497904,-0.43049748897376744
ROS1-15-0016,2016-10-24,0.34156560710166095,0.15801432241055377,-0.41150340684561304
ROS1-21-0013,2016-10-24,0.6045380907774621,0.37353346744417615,-0.5970676753846611
ROS1-26-0031,2016-10-24,0.1920838241645734,0.046749071759792794,-0.31312451264580365
ROS1-27-0009,2016-10-24,0.20970985668779213,0.11449170666906945,-0.3807640023838204
ROS1-15-0014,2016-10-24,0.3190610239476645,0.1596119775710825,-0.3844481578881849
ROS1-21-0034,2016-10-24,0.29277159700142474,0.1327628294805965,-0.39438910193601506
ROS1-27-0004,2016-10-24,0.24883655169095426,0.12019590829060403,-0.3611641653439321
ROS1-28-0029,2016-10-24,0.3761449386832653,0.17310858443678415,-0.43116358378938757
ROS1-07-0045,2016-04-15,0.6562340726214597,0.48058650698768807,-0.5928469691847005
ROS1-08-0010,2016-04-15,0.6795316740774836,0.3228201966041352,-0.6008023093216257
ROS1-07-0012,2016-04-15,0.5845000434677462,0.4264376474018187,-0.5432944629692964
ROS1-19-0041,2016-04-15,0.7403431755798447,0.5212254498573845,-0.669223779160236
ROS1-20-0023,2016-04-15,0.43343415318212275,0.22533979960062855,-0.456205880336445
ROS1-25-0017,2016-04-15,0.18628031809833243,0.08636469842853044,-0.27676556859972207
ROS1-26-0027,2016-04-15,0.3631915993205884,0.18214782269754473,-0.40582345109638973
ROS1-19-0026,2016-04-15,0.46981199623074216,0.3327577103464733,-0.4596692521173889
ROS1-20-0010,2016-04-15,0.20420335427846698,0.10779824508428622,-0.2995589656087807
ROS1-20-0007,2016-04-15,0.40987952836298436,0.19501659908528557,-0.4199838063113098
ROS1-26-0006,2016-04-15,0.21529394521801673,0.08134803574950196,-0.30807612639426535
ROS1-12-0000,2016-05-01,0.9196288680839191,0.8405805108750776,-0.8374755784657124
ROS1-25-0017,2016-05-01,0.2042363304931662,0.11873740623912052,-0.3095048030782754
ROS1-12-0004,2016-05-01,0.7404209281272306,0.6862554860989444,-0.6640271699940452
ROS1-08-0010,2016-05-17,0.874511702705865,0.6907824290847413,-0.7937885196805005
ROS1-19-0041,2016-05-17,0.8695733149364023,0.7825411491525347,-0.7909130414916382
ROS1-20-0023,2016-05-17,0.6631528165492525,0.364586010743105,-0.614412295229874
ROS1-26-0027,2016-05-17,0.44369227869565203,0.3026812364587556,-0.4645493799982724
ROS1-19-0026,2016-05-17,0.778536352434131,0.5133422509178847,-0.6995171368122612
ROS1-20-0010,2016-05-17,0.26811989347799225,0.13023230034145739,-0.36806156286594455
ROS1-19-0022,2016-05-17,0.8674308564939242,0.59824673385242,-0.7926098314570927
ROS1-20-0007,2016-05-17,0.701032814505759,0.3648763434807856,-0.6348073684068136
ROS1-26-0006,2016-05-17,0.2490422364558662,0.11400812267890445,-0.35910010943854676
ROS1-07-0045,2016-06-18,0.8362733815088985,0.7819288049214227,-0.7834936243644289
ROS1-08-0010,2016-06-18,0.532774854604183,0.41668913543564184,-0.5131377707472524
ROS1-12-0000,2016-06-18,0.58465304785186,0.4021717270904299,-0.5680476721443237
ROS1-07-0012,2016-06-18,0.6753175914882993,0.4741125873532112,-0.6375854284577018
ROS1-19-0041,2016-06-18,0.6164327321550955,0.43275341045532434,-0.6064366014335005
ROS1-20-0023,2016-06-18,0.3796815431763496,0.2186754680185299,-0.41949531183027017
ROS1-25-0017,2016-06-18,0.6519355549193604,0.36288572360569915,-0.5556157482953692
ROS1-07-0011,2016-06-18,0.7871526738597081,0.8179999435788222,-0.6942151738252764
ROS1-12-0004,2016-06-18,0.638472940480309,0.41690452929277244,-0.6081827994589497
ROS1-19-0026,2016-06-18,0.46066776626791045,0.2687011720800275,-0.5053064801525982
ROS1-19-0022,2016-06-18,0.43362640135242736,0.22757416139254763,-0.49906284300725884
ROS1-20-0007,2016-06-18,0.48799808827728497,0.2642508591813907,-0.5247935197040275
ROS1-26-0006,2016-06-18,0.21617018762724388,0.09946798547903515,-0.31521867454440333
ROS1-07-0045,2016-07-04,0.3756075571735018,0.16695997413558633,-0.424895415199053
ROS1-12-0000,2016-07-04,0.24822897105336475,0.13995215702592537,-0.4077002758419049
ROS1-07-0012,2016-07-04,0.31173286620691304,0.20615680127363625,-0.43061555238404126
ROS1-20-0023,2016-07-04,0.27570459792086327,0.17362772583571728,-0.39518293971253216
ROS1-26-0027,2016-07-04,0.17492503803790005,0.09090524363533235,-0.22338213395689788
ROS1-07-0011,2016-07-04,0.8282510651109972,0.7740809437191052,-0.7418578619902729
ROS1-12-0004,2016-07-04,0.27761136132560166,0.17126772850899966,-0.41338856814200364
ROS1-19-0026,2016-07-04,0.3708072523553385,0.21141192167483702,-0.45080061714826736
ROS1-19-0022,2016-07-04,0.2523601866496418,0.1607567901051757,-0.3772516807652028
ROS1-20-0007,2016-07-04,0.30567474794918864,0.16939713463528558,-0.423362632440888
ROS1-12-0000,2016-07-20,0.14083080257658015,0.1109206911854423,-0.26576119222295225
ROS1-07-0012,2016-07-20,0.26818223141850045,0.2312106019862451,-0.38461341322943166
ROS1-25-0017,2016-07-20,0.6646137259511614,0.5182889531488546,-0.5885412521848438
ROS1-07-0011,2016-07-20,0.7875198265911825,0.7610504390091792,-0.682815492767567
ROS1-19-0026,2016-07-20,0.41031919916110715,0.27164159693417506,-0.4713025462234065
ROS1-19-0022,2016-07-20,0.31883152774404816,0.2519667157699254,-0.41751210969312474
ROS1-20-0007,2016-07-20,0.27075333558000747,0.19740729813120023,-0.3378462256568042
ROS1-07-0045,2016-08-05,0.2646006334490923,0.14650750242718327,-0.38784802093275256
ROS1-08-0010,2016-08-05,0.23474263995382272,0.11620764631643986,-0.31193195454416367
ROS1-07-0012,2016-08-05,0.4486931260126604,0.3491119228751663,-0.49577614466362124
ROS1-19-0041,2016-08-05,0.33381392217125505,0.2354671090233796,-0.434275478892532
ROS1-20-0023,2016-08-05,0.3645591194383379,0.23274952395066723,-0.4310788189358622
ROS1-25-0017,2016-08-05,0.7825681094193637,0.5253440972583114,-0.7127651291509868
ROS1-19-0026,2016-08-05,0.5014288421173055,0.26957880444604787,-0.4881764093709772
ROS1-20-0010,2016-08-05,0.4806402963640225,0.3540123530763953,-0.46939441972717066
ROS1-20-0007,2016-08-05,0.29466231113264646,0.18370738418627805,-0.38637847770161293
ROS1-26-0006,2016-08-05,0.29148388027553934,0.16694172579505873,-0.3552623073740142
ROS1-07-0045,2016-08-21,0.2266375788171172,0.1401961976307664,-0.31258351047412153
ROS1-08-0010,2016-08-21,0.20893195549514387,0.11002291095017819,-0.2893561220504168
ROS1-12-0000,2016-08-21,0.17378448448312117,0.12395144424325975,-0.26427020332536677
ROS1-19-0041,2016-08-21,0.34022007029134904,0.14971400383466255,-0.3854323727525649
ROS1-20-0023,2016-08-21,0.24488429381665858,0.1716576746874099,-0.3273634537386222
ROS1-25-0017,2016-08-21,0.5434604783950616,0.45190594031932385,-0.5193635798598015
ROS1-26-0027,2016-08-21,0.16447151943853272,0.08410061593763159,-0.25700208061084084
ROS1-19-0026,2016-08-21,0.5545757596392329,0.4521160060389393,-0.5167095820862474
ROS1-20-0010,2016-08-21,0.43601712520175473,0.2825197413243477,-0.4532343467970054
ROS1-19-0022,2016-08-21,0.19199084367076766,0.11801353458862958,-0.3168190357580888
ROS1-20-0007,2016-08-21,0.2761623808314451,0.18045332098248973,-0.34758800493960135
ROS1-07-0045,2016-09-06,0.20598817551204884,0.10851066589523575,-0.30015153449766047
ROS1-08-0010,2016-09-06,0.16692361823804158,0.08506430854958381,-0.2504548593882508
ROS1-12-0000,2016-09-06,0.16527095988358978,0.09646720527222687,-0.27347581663596604
ROS1-19-0041,2016-09-06,0.39704672677639974,0.22768091259893106,-0.46878031707310397
ROS1-20-0023,2016-09-06,0.29357486004856137,0.17944842409527018,-0.3838551578344816
ROS1-25-0017,2016-09-06,0.5762183022882136,0.3969091774322824,-0.5707948017922992
ROS1-26-0027,2016-09-06,0.1507574089063894,0.06678553568561141,-0.2811878277652205
ROS1-07-0011,2016-09-06,0.22607088478614995,0.1577536251732572,-0.3515683567004114
ROS1-12-0004,2016-09-06,0.2952619607410478,0.15440296007053084,-0.35712051509484805
ROS1-19-0026,2016-09-06,0.5746950675361904,0.32402689608502255,-0.5525641462243681
ROS1-20-0010,2016-09-06,0.37835691104483676,0.18979593328635205,-0.43782574041377303
ROS1-19-0022,2016-09-06,0.23090201982712918,0.1301382776903269,-0.34084066750027076
ROS1-20-0007,2016-09-06,0.3138249233026556,0.17526325994082062,-0.4010706119568698
ROS1-26-0006,2016-09-06,0.37988733813498154,0.20476905095189687,-0.42612586084022935
ROS1-07-0012,2016-09-22,0.20307073488064425,0.15103634341415795,-0.3074038915527758
ROS1-07-0011,2016-09-22,0.15373704706218058,0.07221752117500341,-0.26201861793261366
ROS1-12-0004,2016-10-08,0.07129938906690757,0.049790594926297324,-0.08022085935326904
ROS1-07-0045,2016-10-24,0.5405450440419899,0.30910692335232,-0.523611141725489
ROS1-08-0010,2016-10-24,0.19188502155377102,0.07240727382560605,-0.26235744074554085
ROS1-12-0000,2016-10-24,0.16149943437108233,0.049980643943028105,-0.23950758352595689
ROS1-07-0012,2016-10-24,0.22643957095417638,0.11560107355438815,-0.32721022246595777
ROS1-19-0041,2016-10-24,0.4119193841460713,0.21547915973232737,-0.4627254168505148
ROS1-20-0023,2016-10-24,0.3481716861046615,0.1814651936875967,-0.43147214282568763
ROS1-25-0017,2016-10-24,0.19817010873904972,0.09650713243485384,-0.3041194543521058
ROS1-26-0027,2016-10-24,0.28564455343589773,0.1261758320265909,-0.3542442174191545
ROS1-07-0011,2016-10-24,0.13342427228619763,0.058428924725367475,-0.2184444546534776
ROS1-12-0004,2016-10-24,0.14575832171817307,0.07118885504989103,-0.21678553987935176
ROS1-19-0026,2016-10-24,0.23793632192872796,0.09352434039493514,-0.35764542324607757
ROS1-20-0010,2016-10-24,0.3997166864147654,0.25886173812559155,-0.48021867488701364
ROS1-19-0022,2016-10-24,0.18098486057398536,0.05942206827124815,-0.28470475685330304
ROS1-20-0007,2016-10-24,0.2218033420208986,0.08859416169133122,-0.3149683172300766
ROS1-26-0006,2016-10-24,0.49263543716738756,0.24150692040842828,-0.5079483411533273
ROS1-18-0029,2016-04-15,0.7315304777762551,0.32748463221670265,-0.660223106396273
ROS1-12-0000,2016-05-01,0.9219009989159124,0.8360035915679994,-0.8400304192904597
ROS1-12-0004,2016-05-01,0.7395451560191402,0.6921047088327457,-0.6647274458725855
ROS1-01-0003,2016-05-17,0.7451456506097518,0.3905190464956236,-0.6525016893606851
ROS1-18-0007,2016-05-17,0.5366890115683168,0.06837803756285117,-0.49575701343202255
ROS1-12-0000,2016-06-18,0.5861354434737968,0.4025898392251281,-0.569810888354948
ROS1-01-0003,2016-06-18,0.6169043128301679,0.3595906172878464,-0.5650416003295342
ROS1-18-0029,2016-06-18,0.5063758406336237,0.31804808737933143,-0.532547215398324
ROS1-07-0011,2016-06-18,0.7880330375805504,0.819513635634501,-0.6949173955659874
ROS1-12-0004,2016-06-18,0.5644436200715887,0.3457622547376725,-0.5587591246253247
ROS1-18-0007,2016-06-18,0.558878407213283,0.37000263271184064,-0.5128606925216366
ROS1-12-0000,2016-07-04,0.2453115708908483,0.13960058927270388,-0.4008558376182946
ROS1-01-0003,2016-07-04,0.2167762922418356,0.12872829209195025,-0.3915983480408398
ROS1-18-0029,2016-07-04,0.7127156614564121,0.5653919567849253,-0.6533348115840076
ROS1-07-0011,2016-07-04,0.8255459239911367,0.7680846487959918,-0.7389523325600791
ROS1-12-0004,2016-07-04,0.27755102814932686,0.17231197884724656,-0.41383106786417434
ROS1-18-0007,2016-07-04,0.7026562642867881,0.48218293184564404,-0.6537003385815053
ROS1-12-0000,2016-07-20,0.1432404109153541,0.11298412919506673,-0.2686421148133101
ROS1-07-0011,2016-07-20,0.7841929729071085,0.753753336576862,-0.6831063614395267
ROS1-18-0007,2016-08-05,0.6434430310331628,0.5154137781204076,-0.5865625820010536
ROS1-12-0000,2016-08-21,0.17387085449123024,0.12341109226945389,-0.26658017017305996
ROS1-18-0029,2016-08-21,0.642068354961169,0.48737465440419725,-0.6249101060800055
ROS1-18-0007,2016-08-21,0.4799573301697674,0.26157682424477824,-0.4584990408966981
ROS1-12-0000,2016-09-06,0.16390841788322022,0.09577804389318756,-0.2736928439481017
ROS1-01-0003,2016-09-06,0.1855310440919761,0.1141350215746551,-0.2949164878819645
ROS1-18-0029,2016-09-06,0.6239760638307627,0.41096895344359397,-0.6067649141484321
ROS1-07-0011,2016-09-06,0.2257712801904827,0.1578067342806326,-0.35362868793354596
ROS1-12-0004,2016-09-06,0.29188346710674806,0.15023229809643424,-0.35779712199465025
ROS1-18-0007,2016-09-06,0.32783383354145085,0.16661568188062761,-0.42846892341322973
ROS1-01-0003,2016-09-22,0.1480560844331818,0.07992573328258884,-0.26886340765167754
ROS1-07-0011,2016-09-22,0.15505810507529927,0.07383769956097158,-0.26059735818004365
ROS1-18-0029,2016-10-08,0.6771137629546845,0.5320442655111322,-0.619028988762355
ROS1-18-0007,2016-10-08,0.1466966861326882,0.06020811930620356,-0.22584084350317873
ROS1-12-0000,2016-10-24,0.1649820324491574,0.05169534896215316,-0.24320769211350052
ROS1-01-0003,2016-10-24,0.1681727850599734,0.08934309080567222,-0.26794657285531076
ROS1-07-0011,2016-10-24,0.13927785796032285,0.061568303524897415,-0.2214793967742257
ROS1-12-0004,2016-10-24,0.1515089484411838,0.07429065136611933,-0.21960573400591094
ROS1-18-0007,2016-10-24,0.1463802194852437,0.10340840522319612,-0.22992107537498124
ROS1-29-0006,2016-04-06,0.22739018382513781,0.06747421697084156,-0.34303479384342633
ROS1-22-0011,2016-04-06,0.1788730065042813,0.07547213321293406,-0.2813455624913655
ROS1-29-0006,2016-06-25,0.579117283004018,0.42292297143004404,-0.5712286010136455
ROS1-22-0011,2016-06-25,0.7891227346664074,0.6544865525332546,-0.7202498761342796
ROS1-29-0006,2016-07-11,0.6998300928039634,0.43727860679027347,-0.6947533139457651
ROS1-22-0011,2016-07-11,0.7228838685730873,0.6248590169032523,-0.6831196167338477
ROS1-29-0006,2016-07-27,0.5643611211934594,0.32146372814740853,-0.5310982844911207
ROS1-29-0006,2016-08-28,0.6614035300687306,0.32370268953101466,-0.6292561581418922
ROS1-22-0011,2016-09-13,0.2744238339723926,0.09318007280573029,-0.3794473522133153
ROS1-15-0009,2016-04-06,0.40024455409646187,0.16552869840437465,-0.4680618930456496
ROS1-21-0016,2016-04-06,0.1927664351573883,0.10207690383461764,-0.3222122997120497
ROS1-22-0016,2016-04-06,0.17564034067048517,0.08547071202326621,-0.2774169694799276
ROS1-15-0016,2016-04-06,0.41405280632085917,0.18435912777320654,-0.48499306385106106
ROS1-22-0011,2016-04-06,0.18034114240101057,0.07586081027366554,-0.28009153873244935
ROS1-15-0014,2016-04-06,0.47188278164038316,0.2523091174194596,-0.5054885607237025
ROS1-15-0014,2016-05-08,0.8730991689335693,0.5527780140151332,-0.8099971490433585
ROS1-21-0016,2016-06-25,0.7223964969491902,0.7140868552543471,-0.6647391410141547
ROS1-22-0011,2016-06-25,0.7830874519863722,0.6472304952301112,-0.7040911746382099
ROS1-15-0014,2016-06-25,0.5622160359801496,0.3989344327807357,-0.61338135388873
ROS1-15-0009,2016-07-11,0.3241869666199165,0.21002044638229708,-0.3998148603418333
ROS1-21-0016,2016-07-11,0.6736696992737613,0.6095408607286171,-0.6394236400469602
ROS1-22-0011,2016-07-11,0.7208889487463286,0.6181752221880527,-0.6694459986139105
ROS1-15-0009,2016-07-27,0.23812540987618722,0.14815752028186674,-0.36149323287654794
ROS1-22-0016,2016-07-27,0.6813919064799037,0.44517910034955227,-0.6148239668020333
ROS1-15-0016,2016-07-27,0.29872818875322504,0.18782327636867388,-0.377142212849279
ROS1-15-0014,2016-07-27,0.5259402795527881,0.4271755878197221,-0.5427856945201964
ROS1-15-0009,2016-08-12,0.21139396928417625,0.12353181594638646,-0.33592774959901206
ROS1-22-0016,2016-08-12,0.7476089339587043,0.5008365167098466,-0.6832939875261207
ROS1-15-0016,2016-08-12,0.17277994121364304,0.08581632610013186,-0.2925327747405936
ROS1-15-0014,2016-08-12,0.3092029148369372,0.17659361045049418,-0.37974512997979404
ROS1-15-0009,2016-08-28,0.19985379949892823,0.10664629955914538,-0.334691859339349
ROS1-21-0016,2016-08-28,0.3103845377912886,0.1352488342534884,-0.4009183589813466
ROS1-22-0016,2016-08-28,0.7310140288830254,0.46462642872269716,-0.6566149743975003
ROS1-15-0016,2016-08-28,0.21229127975872594,0.10195887063107167,-0.3303618599723936
ROS1-15-0014,2016-08-28,0.26382530797756903,0.1154252045794261,-0.38418588584040364
ROS1-15-0009,2016-09-13,0.212826085354598,0.11191394657608279,-0.3311997615421518
ROS1-21-0016,2016-09-13,0.2710895609680757,0.12312703898186796,-0.35097850741621006
ROS1-22-0016,2016-09-13,0.44542002394857866,0.24470697015201537,-0.4525783885954453
ROS1-15-0016,2016-09-13,0.17934958010856067,0.07546023922920526,-0.31667296051701327
ROS1-22-0011,2016-09-13,0.25238962057821834,0.08944161456185981,-0.33769020136415906
ROS1-15-0014,2016-09-13,0.2088813552080806,0.10541066093300938,-0.33422253981286404
ROS1-08-0010,2016-04-06,0.47825645801642114,0.23136501011208346,-0.45577527341228674
ROS1-01-0003,2016-04-06,0.49327613141219745,0.33346231583354613,-0.4925764323191596
ROS1-07-0011,2016-04-06,0.14721572958972423,0.0839910058293272,-0.20862925660691353
ROS1-01-0015,2016-04-22,0.6409272627178514,0.6987886044562124,-0.5706922904216207
ROS1-08-0010,2016-05-08,0.7291908045940291,0.677284167894807,-0.6532602519230972
ROS1-02-0005,2016-05-24,0.367720125915461,0.2483963418150531,-0.3648341465700406
ROS1-08-0010,2016-05-24,0.8648513532669497,0.6787518207321306,-0.7822521249093937
ROS1-01-0003,2016-05-24,0.7413965323959345,0.3849208492546626,-0.6781101600444689
ROS1-07-0012,2016-05-24,0.8225591972701416,0.8148559302885324,-0.7583880942336881
ROS1-07-0011,2016-05-24,0.3347711504104667,0.19243856295360534,-0.3792002707132207
ROS1-01-0015,2016-06-25,0.3086896699490176,0.18907928310927632,-0.46081230852756044
ROS1-02-0005,2016-06-25,0.7039694239924869,0.5154005563626409,-0.6637806068536606
ROS1-07-0045,2016-06-25,0.4964042067260422,0.3547117410913957,-0.5514490126689742
ROS1-08-0010,2016-06-25,0.39049568660903994,0.13237168280814707,-0.4358224583370943
ROS1-01-0003,2016-06-25,0.29316489466104795,0.16168867503244272,-0.4591390451190167
ROS1-07-0012,2016-06-25,0.5246604479847531,0.30937113474853295,-0.5864364246567051
ROS1-07-0011,2016-06-25,0.829549286416019,0.7658593564757995,-0.7336946387276118
ROS1-01-0015,2016-07-27,0.23838386189419733,0.21590072732397456,-0.3267071253382961
ROS1-02-0005,2016-07-27,0.6393654919749027,0.49318844314150706,-0.5873373621144723
ROS1-07-0045,2016-07-27,0.37243699190215585,0.2663298317874671,-0.44301857123291055
ROS1-08-0010,2016-07-27,0.23477479347194663,0.10778296112573875,-0.2937326509980324
ROS1-01-0003,2016-07-27,0.23540993028343693,0.16906145721641036,-0.38335565210189093
ROS1-07-0012,2016-07-27,0.3258131385936197,0.21999686494808593,-0.4063992477771272
ROS1-07-0011,2016-07-27,0.7333842265208523,0.6115253660871556,-0.6431715105963499
ROS1-01-0015,2016-08-12,0.21505016313866923,0.1411841626613953,-0.33988246486412277
ROS1-02-0005,2016-08-12,0.4944872692058297,0.30085544430416655,-0.47187841402889397
ROS1-07-0045,2016-08-12,0.26972132792751147,0.15814621384548497,-0.3784916595583763
ROS1-08-0010,2016-08-12,0.19338974738635895,0.0902214802092188,-0.28153912109363377
ROS1-01-0003,2016-08-12,0.14814370846167568,0.09408705467028992,-0.28828958366230245
ROS1-07-0012,2016-08-12,0.5154995964908509,0.37466162520013063,-0.5496717372330716
ROS1-07-0011,2016-08-12,0.43040521843134666,0.2600666831004654,-0.4206438656090407
ROS1-01-0015,2016-08-28,0.27530300123201185,0.19743704540615672,-0.3655907758452827
ROS1-02-0005,2016-08-28,0.3068132768972335,0.1455095181333634,-0.3706044784647994
ROS1-07-0045,2016-08-28,0.18928682545388234,0.09379197485102678,-0.29450750084418753
ROS1-08-0010,2016-08-28,0.1869230860326191,0.07795335093971258,-0.2894330418512555
ROS1-01-0003,2016-08-28,0.1434559269465712,0.08189784154478369,-0.26757559125693725
ROS1-07-0012,2016-08-28,0.18926897385962244,0.11742063401408927,-0.2762504120313323
ROS1-07-0011,2016-08-28,0.2708375102913766,0.13564488810784778,-0.3804695051773789
ROS1-01-0015,2016-09-13,0.2436535772427482,0.16464121904562856,-0.3550366691188659
ROS1-02-0005,2016-09-13,0.2361227653763266,0.10885899587156071,-0.3300139228285466
ROS1-07-0045,2016-09-13,0.19372889978991553,0.10110102757787431,-0.29315685694450117
ROS1-08-0010,2016-09-13,0.15919600279314444,0.07066445318310449,-0.24719555189377168
ROS1-01-0003,2016-09-13,0.140574722189103,0.07028647845393236,-0.2564755954392634
ROS1-07-0012,2016-09-13,0.2079811254636678,0.1202753500562268,-0.3304762038935173
ROS1-07-0011,2016-09-13,0.1434208318263556,0.07184215861571061,-0.2626158112973342
ROS1-01-0015,2016-10-15,0.20296398984054984,0.056304512985166214,-0.2375960909746523
ROS1-02-0005,2016-10-15,0.2508358875688756,0.09419889789569905,-0.31927666591992676
ROS1-07-0045,2016-10-15,0.463792250707899,0.2051991338320872,-0.47034080974454495
ROS1-08-0010,2016-10-15,0.1824324658283952,0.06304879938060359,-0.21338198061442507
ROS1-01-0003,2016-10-15,0.15305861763535278,0.05515842261156489,-0.22609370021448838
ROS1-07-0012,2016-10-15,0.2690054216489558,0.13284081888579302,-0.34139675879718545
ROS1-07-0011,2016-10-15,0.14420979091814304,0.05404923999896194,-0.21219440973064949
ROS1-01-0003,2016-04-06,0.5017929680763253,0.3401639261019311,-0.4980495739946787
ROS1-01-0003,2016-05-24,0.7337601201822177,0.3903560051423529,-0.6692978757507995
ROS1-01-0003,2016-06-25,0.2936586308701085,0.16224278589950136,-0.4589111483292163
ROS1-01-0003,2016-07-27,0.2354808340845574,0.16940011566803176,-0.38335780691580984
ROS1-01-0003,2016-08-12,0.1492563352885501,0.0948726666429853,-0.29007647347819454
ROS1-01-0003,2016-08-28,0.14593500150140043,0.08324031086940249,-0.26990088995420675
ROS1-01-0003,2016-09-13,0.14033875115342279,0.07010313867830499,-0.25540855615578356
ROS1-01-0003,2016-10-15,0.15113198118318952,0.05441173147972909,-0.22387797508682084
ROS1-49-0004,2016-04-18,0.54766434423437,0.3474673839848202,-0.5323783531366099
ROS1-43-0019,2016-04-18,0.6146361414569145,0.4111093626115271,-0.5909634254705511
ROS1-49-0007,2016-04-18,0.454272894390441,0.2854607531588809,-0.4899456188722191
ROS1-49-0004,2016-05-20,0.5839503956044427,0.35546853895291686,-0.5886247196299932
ROS1-43-0019,2016-05-20,0.5518329960015942,0.3744100324395346,-0.5614861479881116
ROS1-49-0004,2016-06-21,0.3625882850845275,0.21236908873711274,-0.4445468321942937
ROS1-49-0007,2016-06-21,0.37284788211183434,0.22895414165525813,-0.4553195345185232
ROS1-43-0019,2016-07-23,0.3453583146055246,0.18152609867659036,-0.4032136389712247
ROS1-49-0007,2016-07-23,0.35039493846555964,0.19850395187263545,-0.42623839900755667
ROS1-49-0004,2016-08-24,0.31355047543241654,0.18655906696186997,-0.4162984558915758
ROS1-43-0019,2016-08-24,0.27750136512690793,0.16759605738756156,-0.3768566503234316
ROS1-49-0007,2016-08-24,0.2858998710482641,0.161461520944646,-0.403392302037569
ROS1-43-0019,2016-09-09,0.26152522157483055,0.1564720339668725,-0.3675943042510211
ROS1-49-0007,2016-09-09,0.2521509905929151,0.14688347752888534,-0.35462453993696513
ROS1-43-0019,2016-09-25,0.2928221116844874,0.1715069659306062,-0.4220575946166103
ROS1-43-0019,2016-10-11,0.42104364598649585,0.2539648020018577,-0.4534183718928183
ROS1-49-0007,2016-10-11,0.3732191259400778,0.20595220798912087,-0.44015568773430197
ROS1-42-0006,2016-04-18,0.19711783091536803,0.0986526258982294,-0.33975772359983564
ROS1-42-0008,2016-04-18,0.5411229764935733,0.34849229877204363,-0.551657772553734
ROS1-43-0019,2016-04-18,0.6173215803609169,0.41289374654666544,-0.5928914800671782
ROS1-49-0007,2016-04-18,0.4570797434995624,0.2859570948205875,-0.4929736659055731
ROS1-42-0006,2016-05-20,0.21016748398981347,0.07993952814316439,-0.34481734964182226
ROS1-42-0008,2016-05-20,0.4696410311834102,0.3146031585348065,-0.5257200871027892
ROS1-43-0019,2016-05-20,0.5523927041651477,0.37561198679969926,-0.5614365461736415
ROS1-42-0006,2016-06-21,0.1930442315159612,0.10728600218855257,-0.3331048543704344
ROS1-42-0008,2016-06-21,0.38151280535714843,0.24342447880579202,-0.45334204380266085
ROS1-49-0007,2016-06-21,0.37608970794423147,0.2308079422532859,-0.45800164130876664
ROS1-49-0007,2016-07-23,0.3500540945817888,0.19894145623455511,-0.4260505907211943
ROS1-42-0006,2016-08-24,0.16670888167421316,0.10361317464617827,-0.3151679986247421
ROS1-42-0008,2016-08-24,0.336473421841607,0.20953092607435647,-0.43485453405956087
ROS1-43-0019,2016-08-24,0.2775021236605927,0.16752255158704524,-0.37716164960023074
ROS1-49-0007,2016-08-24,0.2855503310205706,0.16131122028681613,-0.40319863936062084
ROS1-42-0006,2016-09-09,0.174472830919283,0.09242579493670415,-0.3227993280982912
ROS1-42-0008,2016-09-09,0.3225548207093625,0.19321339229234236,-0.4350121561045334
ROS1-43-0019,2016-09-09,0.25923606515264025,0.15559591826033647,-0.3654510454350308
ROS1-49-0007,2016-09-09,0.2471056390400716,0.14558744539290455,-0.34750612769237954
ROS1-42-0006,2016-09-25,0.1942528250625067,0.09661650899343972,-0.33956886780824774
ROS1-42-0008,2016-09-25,0.33917405574577764,0.1967139344976262,-0.4443769726359724
ROS1-43-0019,2016-09-25,0.2689437211322763,0.1722091171224159,-0.37407097171401604
ROS1-42-0006,2016-10-11,0.29424831946642116,0.15086063831711113,-0.3721942465151082
ROS1-42-0008,2016-10-11,0.4742217597039872,0.2816690999254115,-0.48524102350584036
ROS1-43-0019,2016-10-11,0.42250592310108587,0.254558122502596,-0.45491837289858494
ROS1-49-0007,2016-10-11,0.37581247884612123,0.20058082559524548,-0.438758173036671
ROS1-31-0009,2016-04-09,0.6963529267085584,0.4693759956194762,-0.6542118846793715
ROS1-37-0049,2016-04-09,0.5704753230288252,0.3650424571567127,-0.5585918759166576
ROS1-42-0006,2016-04-09,0.19710561823298783,0.0946221560287435,-0.3406216546740774
ROS1-49-0004,2016-04-09,0.5014114428384399,0.29466777010724093,-0.5205403404172332
ROS1-31-0024,2016-04-09,0.2101410260317114,0.09589973201865482,-0.31021830027974096
ROS1-37-0025,2016-04-09,0.23085642180674965,0.1107139853327322,-0.3408175200852976
ROS1-38-0002,2016-04-09,0.30657695883035985,0.17955556075479734,-0.3896778576874648
ROS1-42-0008,2016-04-09,0.5278318307851877,0.3234374720059973,-0.5502152978606881
ROS1-43-0019,2016-04-09,0.5968177037983303,0.36679735531467256,-0.5856797544310401
ROS1-49-0007,2016-04-09,0.41959576609370164,0.24611412531495871,-0.47747039742067904
ROS1-31-0038,2016-04-09,0.21840611217140482,0.10646407710819095,-0.329133119011255
ROS1-49-0004,2016-04-25,0.58765083192057,0.36928762938369764,-0.5777574031388514
ROS1-49-0007,2016-04-25,0.4701134130789047,0.2885398565096129,-0.504568793267521
ROS1-31-0009,2016-05-11,0.8765303168611744,0.6887926597553969,-0.7812210541546349
ROS1-37-0049,2016-05-11,0.575994756381376,0.38361885771551846,-0.5848036810072298
ROS1-42-0006,2016-05-11,0.26777134676819087,0.1593255999653868,-0.36192188871107484
ROS1-49-0004,2016-05-11,0.5832018589919391,0.35361431856256537,-0.5859722402094518
ROS1-31-0024,2016-05-11,0.3027685334169503,0.1768810239975043,-0.37215876858995195
ROS1-37-0025,2016-05-11,0.2670236054451805,0.1433157138207017,-0.3635473623073994
ROS1-38-0002,2016-05-11,0.4626826405911489,0.29412086446387675,-0.4908851284293694
ROS1-49-0007,2016-05-11,0.5263116115927119,0.3078271953415631,-0.5265553077674456
ROS1-31-0038,2016-05-11,0.35657279350917137,0.19234870497334214,-0.42462705893248404
ROS1-31-0009,2016-06-12,0.6128903391956875,0.3822240380253738,-0.6131606614807495
ROS1-37-0049,2016-06-12,0.4918564793430962,0.3621298621520732,-0.5193236927258235
ROS1-42-0006,2016-06-12,0.20028021957449113,0.10080245293241515,-0.3549288041716604
ROS1-49-0004,2016-06-12,0.42726014746222524,0.27593973587762716,-0.4739193602865863
ROS1-31-0024,2016-06-12,0.2686459066106244,0.14299305808528354,-0.34516397281976374
ROS1-37-0025,2016-06-12,0.1934223963265479,0.13043950363908471,-0.32409801264852567
ROS1-38-0002,2016-06-12,0.756650992295687,0.6166687935733929,-0.6983158878650464
ROS1-42-0008,2016-06-12,0.4164662260373804,0.2560879163661882,-0.4732114198459906
ROS1-43-0019,2016-06-12,0.37963005524441074,0.2488650819987056,-0.43220179314115414
ROS1-49-0007,2016-06-12,0.40692204440959723,0.23682088154768996,-0.4692696656492516
ROS1-31-0038,2016-06-12,0.25865761746704624,0.15703311513699997,-0.36320783932152156
ROS1-31-0009,2016-06-28,0.3069758584494527,0.17939783227447134,-0.4758720330967905
ROS1-37-0049,2016-06-28,0.4156103646233309,0.19725798063989294,-0.4840549620032543
ROS1-42-0006,2016-06-28,0.17323990477104675,0.11289220565929545,-0.32825754162262644
ROS1-37-0025,2016-06-28,0.1900967138826786,0.12954838352501166,-0.32444025664075477
ROS1-38-0002,2016-06-28,0.45789109150539825,0.3194155291803145,-0.5190020027212321
ROS1-42-0008,2016-06-28,0.2381656477777288,0.19290411055003945,-0.3158264010801236
ROS1-43-0019,2016-06-28,0.32817843475093905,0.18860568314497997,-0.4133377025728675
ROS1-49-0007,2016-06-28,0.34033281379225316,0.18541985828125052,-0.44817402058149935
ROS1-31-0038,2016-06-28,0.2047467737480019,0.11633769319781744,-0.3292913923633427
ROS1-31-0009,2016-07-14,0.18250099965226568,0.13426578868098035,-0.3189520189066147
ROS1-37-0049,2016-07-14,0.35270508238766085,0.20750468324347587,-0.4308643737505324
ROS1-42-0006,2016-07-14,0.17362396433249094,0.1194073553400988,-0.3226894617096892
ROS1-49-0004,2016-07-14,0.3645992162010119,0.1960797324115058,-0.44477842381300686
ROS1-31-0024,2016-07-14,0.21809320225549278,0.14501701115331753,-0.33346725348391576
ROS1-37-0025,2016-07-14,0.18834730364961846,0.09758168235081005,-0.3117522240036104
ROS1-38-0002,2016-07-14,0.3169321390023033,0.18033573066673772,-0.44577129190559445
ROS1-42-0008,2016-07-14,0.4213741585133705,0.2624305959142006,-0.4693539610555881
ROS1-43-0019,2016-07-14,0.3336274917303551,0.19237203946503537,-0.402224788577395
ROS1-49-0007,2016-07-14,0.3545454431519795,0.19562805117008367,-0.4330278290163871
ROS1-31-0038,2016-07-14,0.192655325558427,0.10935852717946518,-0.31536496325832913
ROS1-31-0009,2016-07-30,0.2660185985172266,0.1738417133612554,-0.37808934252360266
ROS1-37-0049,2016-07-30,0.36165567481161603,0.21052494242572098,-0.42339593744564924
ROS1-42-0006,2016-07-30,0.1866887905393308,0.11387570232595012,-0.3105009558884557
ROS1-49-0004,2016-07-30,0.40061610818467414,0.22072334609090008,-0.4381684160000842
ROS1-31-0024,2016-07-30,0.22274026281625423,0.11649863578363817,-0.3181822721786625
ROS1-37-0025,2016-07-30,0.21279994188875875,0.12869404703357504,-0.31556742423473866
ROS1-38-0002,2016-07-30,0.4749455857991376,0.2702235999983306,-0.5088283799758208
ROS1-42-0008,2016-07-30,0.42585289413088406,0.2620204277905269,-0.45428446602116046
ROS1-43-0019,2016-07-30,0.30975753127457717,0.17975627997127594,-0.3616376199213982
ROS1-49-0007,2016-07-30,0.318595735024079,0.17364483929375032,-0.38175597147548845
ROS1-31-0038,2016-07-30,0.22436868035620136,0.12762405299830099,-0.3301564309297978
ROS1-31-0009,2016-08-15,0.34599370363913107,0.2333620867295832,-0.4437729918603604
ROS1-37-0049,2016-08-15,0.3535765443912718,0.2070005583962763,-0.441016999955228
ROS1-42-0006,2016-08-15,0.17725161003670126,0.10453586509718411,-0.334186432530809
ROS1-49-0004,2016-08-15,0.3508284180493942,0.1917360040362439,-0.4442150106868904
ROS1-31-0024,2016-08-15,0.20203888894140534,0.09603244308153948,-0.3208256322360422
ROS1-37-0025,2016-08-15,0.18461570530311455,0.10866016547409807,-0.3145064506735672
ROS1-38-0002,2016-08-15,0.3056030847203166,0.19028966267061992,-0.41901911009525433
ROS1-42-0008,2016-08-15,0.37142526004410564,0.22124267128737946,-0.4606964590184683
ROS1-43-0019,2016-08-15,0.29577060587995974,0.16289816061249165,-0.39431989334910267
ROS1-49-0007,2016-08-15,0.3047378124789002,0.15873389405501573,-0.42549571982497725
ROS1-31-0038,2016-08-15,0.21564707419593684,0.10295910853349535,-0.33501715515302105
ROS1-37-0049,2016-08-31,0.31456379671162454,0.2029269565932218,-0.41532156178406276
ROS1-42-0006,2016-08-31,0.18630775142076458,0.10407901665246914,-0.33318997142999324
ROS1-43-0019,2016-08-31,0.3198936563448831,0.1267606050334279,-0.3493320382488298
ROS1-49-0007,2016-08-31,0.3012045466772441,0.15604062628434937,-0.4131127509220683
ROS1-31-0009,2016-09-16,0.3489851628614439,0.23951670657640414,-0.45727838830494416
ROS1-31-0024,2016-09-16,0.1953088423984177,0.11396673987769852,-0.3112881084913876
ROS1-37-0025,2016-09-16,0.18160588902765715,0.0856736063274095,-0.30545107028651636
ROS1-31-0038,2016-09-16,0.21878878657595288,0.1528195355104491,-0.3180678469977804
ROS1-31-0009,2016-10-02,0.28915582367110193,0.13749037533482042,-0.3974975545020885
ROS1-37-0049,2016-10-02,0.3138267513285596,0.17887727122050098,-0.4156102716450198
ROS1-42-0006,2016-10-02,0.18485147233606114,0.09131912177991068,-0.32297967245470416
ROS1-49-0004,2016-10-02,0.3213081006025644,0.17081730034703427,-0.42815895945499893
ROS1-31-0024,2016-10-02,0.20088802704968467,0.10349207259938227,-0.3088631037728415
ROS1-37-0025,2016-10-02,0.20832610712655084,0.10149172418429571,-0.33290575959144986
ROS1-38-0002,2016-10-02,0.4395081670482607,0.24521171408298714,-0.47925278186568515
ROS1-42-0008,2016-10-02,0.4394714428831936,0.2367236301655465,-0.49092218770216733
ROS1-43-0019,2016-10-02,0.3242287546275999,0.17640716736009748,-0.40873889092051824
ROS1-49-0007,2016-10-02,0.32163847434829185,0.15966525440063198,-0.43175648459808397
ROS1-31-0038,2016-10-02,0.1995434625015797,0.11067331130964457,-0.31260741330850733
ROS1-37-0049,2016-10-18,0.23264281843622783,0.03535616386359339,-0.22750261026718058
ROS1-37-0025,2016-10-18,0.3680030944124389,0.20782505374272375,-0.419479044315227
ROS1-38-0002,2016-10-18,0.4803461272749078,0.25074188402289976,-0.5203959495202456
ROS1-31-0038,2016-10-18,0.35372039017230256,0.1695431799607814,-0.4058386921756287
ROS1-30-0009,2016-04-09,0.3028677467206652,0.1565135749290364,-0.3735659709234146
ROS1-42-0006,2016-04-09,0.19790219055562447,0.09494364169031252,-0.34197059277679903
ROS1-24-0026,2016-04-09,0.7576204496857126,0.53865031159734,-0.6858474846166337
ROS1-30-0001,2016-04-09,0.22940801148313927,0.1061601007310735,-0.3154629245067654
ROS1-36-0022,2016-04-09,0.21876342937670734,0.11265074498904407,-0.35181375856741787
ROS1-37-0025,2016-04-09,0.23150562178980957,0.11091340139936194,-0.34205341065924433
ROS1-42-0008,2016-04-09,0.5286094447258014,0.3236702377374552,-0.5514283845393592
ROS1-30-0006,2016-04-09,0.22159354748421817,0.0919067985964785,-0.3279770618603098
ROS1-30-0009,2016-04-25,0.49399518697260064,0.3075276914932463,-0.4895634551626664
ROS1-24-0026,2016-04-25,0.8708350209471489,0.7756270546802838,-0.773495975420609
ROS1-30-0001,2016-04-25,0.30055017474083723,0.17601637902051975,-0.3653941821579266
ROS1-30-0006,2016-04-25,0.3078584090145026,0.1795979297584359,-0.3737682717051676
ROS1-42-0006,2016-05-11,0.2710143578102114,0.16194839592227978,-0.3630703408423367
ROS1-36-0022,2016-05-11,0.29004428227053425,0.17444258894343084,-0.3724067413497723
ROS1-37-0025,2016-05-11,0.27092190162744145,0.14449890687748507,-0.3676538943785983
ROS1-30-0009,2016-06-12,0.8073306477590978,0.638700236786297,-0.7113866045405993
ROS1-42-0006,2016-06-12,0.20049623793626425,0.10082367389991066,-0.35600510934464485
ROS1-24-0026,2016-06-12,0.5214140834598913,0.30581274186905594,-0.5611039830555011
ROS1-30-0001,2016-06-12,0.2951691389354473,0.139621737595559,-0.3651018438508564
ROS1-37-0025,2016-06-12,0.19351661145439222,0.13036787145707346,-0.32483159705025255
ROS1-42-0008,2016-06-12,0.4167193922571783,0.2558587274162784,-0.4741566210012402
ROS1-30-0006,2016-06-12,0.654880889247863,0.4037066135674603,-0.6077588058332408
ROS1-42-0006,2016-06-28,0.17424416168541854,0.1134567186648183,-0.32952714793694554
ROS1-30-0001,2016-06-28,0.24208901981987788,0.13190616366944452,-0.3395630871807006
ROS1-36-0022,2016-06-28,0.20180945751292118,0.11246397767474922,-0.3402562807792176
ROS1-37-0025,2016-06-28,0.19130545903438853,0.13024509951319097,-0.3258625497773264
ROS1-42-0008,2016-06-28,0.23571949491726754,0.19312834378176075,-0.31102091116065106
ROS1-30-0006,2016-06-28,0.39872002480244073,0.27444333544981603,-0.45441511101239807
ROS1-30-0009,2016-07-14,0.6439310864573808,0.40466591980391575,-0.6190867961605125
ROS1-42-0006,2016-07-14,0.1743571612843162,0.1197615331756791,-0.32326707289954987
ROS1-24-0026,2016-07-14,0.2139179750303095,0.12284840829074968,-0.3195488162276891
ROS1-30-0001,2016-07-14,0.2291135742310776,0.12286937582818001,-0.32462337298636706
ROS1-36-0022,2016-07-14,0.18987954584995753,0.13348790741985594,-0.33260960906978404
ROS1-37-0025,2016-07-14,0.1895145291982253,0.097753171632143,-0.3133547726977184
ROS1-42-0008,2016-07-14,0.4196765335802711,0.26242653291895585,-0.46695481914686526
ROS1-30-0006,2016-07-14,0.325247834661551,0.2170358745566521,-0.43048715123794634
ROS1-30-0009,2016-07-30,0.6739317387065527,0.45238224954804207,-0.6035563198644706
ROS1-42-0006,2016-07-30,0.18875200907368786,0.11490354293833897,-0.31251165884324106
ROS1-24-0026,2016-07-30,0.2914526128789424,0.17735878382940887,-0.3513584962506246
ROS1-30-0001,2016-07-30,0.2882430596625003,0.16904460698476484,-0.34463568101820646
ROS1-36-0022,2016-07-30,0.22377463202166237,0.15076871750643064,-0.3324214970904504
ROS1-37-0025,2016-07-30,0.21479912751831665,0.13013565957356635,-0.3172498025438837
ROS1-42-0008,2016-07-30,0.4313317338534002,0.2640637742310448,-0.4590344482274665
ROS1-30-0006,2016-07-30,0.4007442844058368,0.24065203604926425,-0.45574453028346534
ROS1-30-0009,2016-08-15,0.7399973422290543,0.5136136645304868,-0.6683342708390225
ROS1-42-0006,2016-08-15,0.17862907697571018,0.10533141609698407,-0.3358202893696019
ROS1-24-0026,2016-08-15,0.2885613641493583,0.14909457793205272,-0.3706789331144088
ROS1-30-0001,2016-08-15,0.24715797260380434,0.11647325186157079,-0.3374281757852851
ROS1-36-0022,2016-08-15,0.18777152857546453,0.12228120734823601,-0.3252087207260643
ROS1-37-0025,2016-08-15,0.18647506624123616,0.10921653643825789,-0.3175562547884579
ROS1-42-0008,2016-08-15,0.37316260440664406,0.2220329648162522,-0.46284989047576935
ROS1-30-0006,2016-08-15,0.30859503714037384,0.18884151100668098,-0.4204719799268098
ROS1-42-0006,2016-08-31,0.18306758159144942,0.10277018234575212,-0.33107453597096265
ROS1-36-0022,2016-08-31,0.21647447275508538,0.12359160503426435,-0.3348133861213234
ROS1-24-0026,2016-09-16,0.2188451521131161,0.14153385422642376,-0.31729046941835
ROS1-30-0001,2016-09-16,0.2296577515562868,0.12080458962196652,-0.3286761087538768
ROS1-37-0025,2016-09-16,0.1755076114181551,0.07478642260832656,-0.29169796830403233
ROS1-30-0006,2016-09-16,0.27419892875836976,0.17119644578718468,-0.4090669252938606
ROS1-30-0009,2016-10-02,0.5313325306925242,0.298677420736991,-0.5627348837925572
ROS1-42-0006,2016-10-02,0.18510604305873232,0.09129595982347158,-0.32374508194600937
ROS1-24-0026,2016-10-02,0.2379595425284173,0.11048753421653666,-0.33999457264822397
ROS1-30-0001,2016-10-02,0.26595326530681895,0.11117942993812348,-0.3361735616440886
ROS1-36-0022,2016-10-02,0.22715260626397596,0.1308872990801335,-0.3445892401558408
ROS1-37-0025,2016-10-02,0.20796971950584214,0.10151541188703297,-0.3322518134170115
ROS1-42-0008,2016-10-02,0.4391884201165482,0.2371492522227532,-0.4902461363806606
ROS1-30-0006,2016-10-02,0.25531020740252874,0.13131849308904747,-0.37777249944317964
ROS1-30-0009,2016-10-18,0.5332894423199375,0.27111690677445993,-0.5572443577736489
ROS1-37-0025,2016-10-18,0.36729175100944,0.20865085138017575,-0.41755588081087486
ROS1-30-0006,2016-10-18,0.24738354750934705,0.1284581779578825,-0.36779704013034037
ROS1-28-0006,2016-06-03,0.6728054517445691,0.4745463297147066,-0.5711151276202978
ROS1-28-0006,2016-07-21,0.29491108792593257,0.18843484911073316,-0.35445975780643063
ROS1-28-0006,2016-08-06,0.25764855944293175,0.1289830363684735,-0.3416913200325721
ROS1-28-0006,2016-08-22,0.27394632861537327,0.14028293090153365,-0.3347295309786044
ROS1-28-0006,2016-09-07,0.2464009222244503,0.12856755241939702,-0.31420315768703094
ROS1-28-0006,2016-09-23,0.323492622174762,0.11467665152743008,-0.36796736221424475
ROS1-28-0006,2016-10-25,0.5811934503025591,0.3697144246207549,-0.5339387150156345
ROS1-27-0006,2016-05-02,0.6446447796394174,0.3974636384280376,-0.6004930151449773
ROS1-33-0014,2016-05-02,0.2848736174306788,0.1352214701386869,-0.3694833966995709
ROS1-26-0031,2016-05-02,0.711010104143273,0.2337765203592374,-0.5997657710837694
ROS1-33-0018,2016-05-02,0.891349600042442,0.7246461527813165,-0.7995730795007154
ROS1-27-0004,2016-05-02,0.499097046148414,0.34293585554383627,-0.48455157220529826
ROS1-33-0014,2016-05-18,0.2564715978297406,0.1410673216641529,-0.3642004879573502
ROS1-33-0018,2016-05-18,0.884565436994267,0.674160032413475,-0.8000875215886925
ROS1-27-0004,2016-05-18,0.3239171072415886,0.23438624746739348,-0.39266488988038256
ROS1-27-0006,2016-06-03,0.5692384316571599,0.4211541970569481,-0.5637208208236898
ROS1-28-0006,2016-06-03,0.6727264939289072,0.4762808636032738,-0.5711071353113324
ROS1-26-0031,2016-06-03,0.7730438736180592,0.4636986300180128,-0.6951476384250657
ROS1-27-0009,2016-06-03,0.31857880028307445,0.17427596099534107,-0.38128494485199005
ROS1-28-0017,2016-06-03,0.8351361436969293,0.5773174407655526,-0.7393841075910409
ROS1-33-0018,2016-06-03,0.8216572990665473,0.553907175226705,-0.7361372490498472
ROS1-21-0034,2016-06-03,0.4621062524309938,0.2790228956496723,-0.44886624084330823
ROS1-27-0006,2016-06-19,0.6329607910257723,0.41441753668650444,-0.6037151423192645
ROS1-33-0018,2016-06-19,0.39426687985990655,0.3291518769760049,-0.4453621884185506
ROS1-21-0034,2016-06-19,0.532491201436278,0.3614325038762095,-0.48198595550867407
ROS1-28-0006,2016-07-21,0.2851420012367896,0.19018141938384736,-0.3431688467079215
ROS1-33-0014,2016-07-21,0.5322197089885335,0.3064204644301857,-0.5214963629983745
ROS1-28-0017,2016-07-21,0.24211683011396593,0.1828399284552575,-0.32806848806819033
ROS1-27-0004,2016-07-21,0.7418993688079842,0.4965616755964114,-0.6746929809824975
ROS1-27-0006,2016-08-06,0.5633291661667524,0.3495222259238518,-0.5716818258083111
ROS1-28-0006,2016-08-06,0.2577887509659757,0.12906797241112966,-0.341106807349089
ROS1-33-0014,2016-08-06,0.4514221611209104,0.27054543863271324,-0.5009086473331791
ROS1-26-0031,2016-08-06,0.2535058158155658,0.16339664191651596,-0.3708084566372363
ROS1-27-0009,2016-08-06,0.5930384311571709,0.3606602853978365,-0.5724981969244333
ROS1-28-0017,2016-08-06,0.28750988317935094,0.1272784380263442,-0.40404528996874545
ROS1-21-0034,2016-08-06,0.6882309763986397,0.40320987774167605,-0.5953274352159305
ROS1-27-0004,2016-08-06,0.7363554992367424,0.5210582112338538,-0.6659101530367205
ROS1-28-0006,2016-08-22,0.2769378937357882,0.1412075106072882,-0.33602480811753455
ROS1-33-0014,2016-08-22,0.2984616643020184,0.1855828716375825,-0.43523125527093287
ROS1-33-0018,2016-08-22,0.2604829701815433,0.14683159077385227,-0.3545598459456584
ROS1-27-0006,2016-09-07,0.25031795146240793,0.13731779601579971,-0.33857243549566085
ROS1-28-0006,2016-09-07,0.24904795547294617,0.12920058881657132,-0.31749350971936624
ROS1-28-0017,2016-09-07,0.41833784045504646,0.26183369374525617,-0.4606372131208086
ROS1-21-0034,2016-09-07,0.3835076658621043,0.18978582374754513,-0.43670095433805506
ROS1-27-0004,2016-09-07,0.3364644911323655,0.18230495921219048,-0.4032624341484658
ROS1-27-0006,2016-09-23,0.2752100055500006,0.14180474803099902,-0.38300003501957025
ROS1-28-0006,2016-09-23,0.32546902917786713,0.11490026584907613,-0.37024771725816413
ROS1-33-0014,2016-09-23,0.22650709823207846,0.13450630244759174,-0.3885944025297191
ROS1-27-0009,2016-09-23,0.24009465223383394,0.14867979060825903,-0.32612396466949034
ROS1-28-0017,2016-09-23,0.6048489737376005,0.3865597885336123,-0.6086590762127846
ROS1-27-0004,2016-09-23,0.33664973301224266,0.1624345262397228,-0.4157780522493624
ROS1-33-0014,2016-10-09,0.3193829602345996,0.1702641967689524,-0.41613129889845946
ROS1-28-0017,2016-10-09,0.6758262763585846,0.5216725269187458,-0.638221483940871
ROS1-21-0034,2016-10-09,0.37186855389690915,0.1846213752374706,-0.409952488912431
ROS1-27-0006,2016-10-25,0.39057351327812806,0.18865582809302822,-0.44821779783322335
ROS1-28-0006,2016-10-25,0.5839976745702813,0.37223135225010956,-0.5342535297640159
ROS1-33-0014,2016-10-25,0.35219599624941333,0.1897715676236023,-0.44293897382615177
ROS1-26-0031,2016-10-25,0.22364562525579323,0.053738930735622824,-0.3167583970643971
ROS1-27-0009,2016-10-25,0.23898926769217668,0.13474599656594333,-0.38569126209831694
ROS1-28-0017,2016-10-25,0.35266522672996753,0.13457552731393999,-0.4173053558537355
ROS1-33-0018,2016-10-25,0.3411268401155145,0.17931575247123982,-0.4324826225456642
ROS1-21-0034,2016-10-25,0.3221838826275197,0.15464925104459867,-0.42599560623206606
ROS1-27-0004,2016-10-25,0.27665023264053035,0.1450223636752574,-0.3783637891504149
ROS1-19-0041,2016-05-02,0.9018910150631911,0.22668853146507995,-0.7134390931870922
ROS1-26-0027,2016-05-02,0.4950754944496515,0.2856877323721663,-0.5116212559868826
ROS1-31-0009,2016-05-02,0.8623219274855175,0.6952152961406447,-0.7771400113896288
ROS1-19-0026,2016-05-02,0.7151682377583409,0.479981731346128,-0.6343004257826576
ROS1-20-0010,2016-05-02,0.22494561620332298,0.1134190354246583,-0.34147683701730813
ROS1-25-0008,2016-05-02,0.27460966528509556,0.16076489893793194,-0.3605553974555887
ROS1-26-0031,2016-05-02,0.695405070266167,0.23459938708509293,-0.5856631908680939
ROS1-31-0024,2016-05-02,0.2150403398288766,0.09620090278874674,-0.325314641381539
ROS1-32-0022,2016-05-02,0.25165196011409174,0.14625457055003901,-0.34603198566206633
ROS1-38-0002,2016-05-02,0.3565324260399205,0.19979534451143524,-0.4374328756155961
ROS1-19-0022,2016-05-02,0.842839531403318,0.6554770618897497,-0.7373295478355306
ROS1-30-0006,2016-05-02,0.3003395963803666,0.1804053382431331,-0.3494661888596982
ROS1-31-0038,2016-05-02,0.21890996801088886,0.12298581826110519,-0.34913905788191407
ROS1-25-0017,2016-05-18,0.08455960232173948,0.03957346149865775,-0.13203054647453713
ROS1-26-0027,2016-05-18,0.7939330668813668,0.38095506486610486,-0.6800865302364854
ROS1-31-0009,2016-05-18,0.875711965589597,0.6344899416467269,-0.7893331673304211
ROS1-32-0018,2016-05-18,0.7592904510334325,0.5047107411857386,-0.6934076304949258
ROS1-37-0049,2016-05-18,0.5847772120614085,0.3710476557321701,-0.5927360708416756
ROS1-19-0026,2016-05-18,0.801470270970952,0.5523744911573241,-0.6697269254379985
ROS1-20-0010,2016-05-18,0.30583028319997685,0.16410481769235735,-0.38308852478736194
ROS1-25-0008,2016-05-18,0.6722467376912519,0.4290226226887439,-0.5819493354585864
ROS1-30-0001,2016-05-18,0.5048645205946076,0.30922140008355686,-0.4971416244863318
ROS1-31-0024,2016-05-18,0.22568762469827439,0.11795773436187748,-0.34121410470907604
ROS1-32-0022,2016-05-18,0.5544094337908625,0.3431377689495172,-0.5247753666433103
ROS1-37-0025,2016-05-18,0.2217998702160721,0.13072580181484164,-0.34877008921014185
ROS1-38-0002,2016-05-18,0.6460002686233381,0.49587864245517205,-0.6173494203672074
ROS1-19-0022,2016-05-18,0.8639099473892866,0.6268074126975978,-0.7686824563506378
ROS1-25-0016,2016-05-18,0.658485384492752,0.41127695098060985,-0.6200920287365282
ROS1-30-0006,2016-05-18,0.5943197659957892,0.3325736310677201,-0.5480265128616383
ROS1-31-0038,2016-05-18,0.2437287573993857,0.12521213170804665,-0.3673895895634686
ROS1-19-0041,2016-06-03,0.8536659776463994,0.5906332097671463,-0.7617265206858559
ROS1-25-0017,2016-06-03,0.3572559176560681,0.12230225334461597,-0.33645889464616535
ROS1-26-0027,2016-06-03,0.37549116615404887,0.2499932294845908,-0.426499521933494
ROS1-31-0009,2016-06-03,0.7820063490657294,0.44903749765703077,-0.7166265683658177
ROS1-32-0018,2016-06-03,0.7613954667580313,0.4624443320605394,-0.6844598971902565
ROS1-37-0049,2016-06-03,0.5356926911372275,0.32331904434410935,-0.5500515412686691
ROS1-19-0026,2016-06-03,0.7768037288933332,0.4963770370375493,-0.6845049045947122
ROS1-20-0010,2016-06-03,0.3175589859063778,0.17295904124544537,-0.3833715310659832
ROS1-25-0008,2016-06-03,0.8387546150643858,0.5988129517402837,-0.6957868935658276
ROS1-26-0031,2016-06-03,0.7685813509081322,0.4563550152290262,-0.6949019212673773
ROS1-27-0009,2016-06-03,0.31831611360928436,0.17463234375778577,-0.3809724984923067
ROS1-30-0001,2016-06-03,0.29470741951761265,0.15183125153411614,-0.39146762926802775
ROS1-31-0024,2016-06-03,0.2737861041187914,0.12816432714363635,-0.36899011551423133
ROS1-32-0022,2016-06-03,0.8812277617207226,0.7349210367066068,-0.7502206582301142
ROS1-37-0025,2016-06-03,0.21543369874561175,0.12434469627207378,-0.35073868475524356
ROS1-38-0002,2016-06-03,0.8206920590951386,0.5603929416919904,-0.7317313243254346
ROS1-19-0022,2016-06-03,0.7816596045525711,0.4758234907385034,-0.7150864518362277
ROS1-21-0034,2016-06-03,0.46314952263893916,0.2789058985926089,-0.45058359501776724
ROS1-25-0016,2016-06-03,0.6092647813391762,0.28953244660915173,-0.5961536343526881
ROS1-30-0006,2016-06-03,0.7292443139316114,0.3544719047372869,-0.6520649961638505
ROS1-31-0038,2016-06-03,0.25115184251312106,0.11816208116473598,-0.37681392115109086
ROS1-19-0041,2016-06-19,0.5915388389222672,0.3446731650615352,-0.6064418888422946
ROS1-25-0017,2016-06-19,0.6884217844307237,0.3281981553117056,-0.5716306103979075
ROS1-26-0027,2016-06-19,0.34411240314402286,0.17769696321798442,-0.40311994087052405
ROS1-31-0009,2016-06-19,0.41800831077381884,0.2067063882300371,-0.5332264211050081
ROS1-32-0018,2016-06-19,0.5392834305120208,0.31777563969028144,-0.5862275087487739
ROS1-37-0049,2016-06-19,0.4448269997690754,0.2700669898804253,-0.5049549359924115
ROS1-19-0026,2016-06-19,0.6021952761634538,0.3740003986704571,-0.5970313294036195
ROS1-20-0010,2016-06-19,0.4846542903689327,0.3250348304383449,-0.49592205522035687
ROS1-25-0008,2016-06-19,0.8428805659479685,0.6234488247598425,-0.7223225355367726
ROS1-30-0001,2016-06-19,0.26508458664069484,0.12182790868882142,-0.35425710582518916
ROS1-31-0024,2016-06-19,0.21453804430918302,0.10409553351053345,-0.32956402969422116
ROS1-32-0022,2016-06-19,0.8868181008908789,0.7055746439897277,-0.7708203781300133
ROS1-37-0025,2016-06-19,0.22093295649531247,0.1063203823152996,-0.3403518302311971
ROS1-19-0022,2016-06-19,0.4541731443420597,0.24548495697022818,-0.5218162117901167
ROS1-25-0016,2016-06-19,0.4226438870661139,0.19353289657975004,-0.49748457899665344
ROS1-30-0006,2016-06-19,0.6133715285642671,0.37258133613741995,-0.588295660407001
ROS1-31-0038,2016-06-19,0.23233278102618427,0.11733172880179324,-0.35120541985193365
ROS1-25-0017,2016-07-05,0.7565997978832892,0.37113477595880995,-0.6350512339181623
ROS1-26-0027,2016-07-05,0.2804638326919516,0.1717495358925549,-0.3994718917466408
ROS1-31-0009,2016-07-05,0.17317148732544305,0.12881942390590587,-0.24109810770286033
ROS1-32-0018,2016-07-05,0.5774805811636248,0.3065991688304823,-0.5790342107540013
ROS1-25-0008,2016-07-05,0.7493957927344834,0.5397374043628318,-0.648745080438562
ROS1-30-0001,2016-07-05,0.058571351550050936,0.11743777094531943,-0.06471716079545473
ROS1-31-0024,2016-07-05,0.2086767712495644,0.13199780665958658,-0.3250115644291982
ROS1-32-0022,2016-07-05,0.7587386993150319,0.5301448079961661,-0.6858084486711107
ROS1-31-0038,2016-07-05,0.2013508666356655,0.24921245402404274,-0.3128730728552669
ROS1-26-0027,2016-08-06,0.32194861230778354,0.21947536769638923,-0.41751679356148474
ROS1-32-0018,2016-08-06,0.398160185799887,0.2507256452556409,-0.4701180680020499
ROS1-19-0026,2016-08-06,0.6593608930171074,0.4349190767507967,-0.6187469888234179
ROS1-20-0010,2016-08-06,0.5923636593824065,0.3942695247727079,-0.5618835988160009
ROS1-26-0031,2016-08-06,0.2564939572419549,0.16487459694014484,-0.37358153072447114
ROS1-27-0009,2016-08-06,0.5956263144562894,0.36104027002337935,-0.5743715409868193
ROS1-32-0022,2016-08-06,0.33831775698160266,0.15909602128797115,-0.472855713391945
ROS1-21-0034,2016-08-06,0.6890960781017033,0.4038006469902606,-0.596479208161964
ROS1-26-0006,2016-08-06,0.5623843656028105,0.3866558240468302,-0.5656460925180132
ROS1-19-0041,2016-08-22,0.38015550012122257,0.23693942924775147,-0.44204645818045857
ROS1-25-0017,2016-08-22,0.6332003295370879,0.39366190788890676,-0.5954616141039117
ROS1-26-0027,2016-08-22,0.2133438670284722,0.11220046656143874,-0.3170170862645357
ROS1-32-0018,2016-08-22,0.24105177078924753,0.11434931789215491,-0.31946333394588444
ROS1-37-0049,2016-08-22,0.3168805422621333,0.1973620039618592,-0.40313308285865096
ROS1-19-0026,2016-08-22,0.6299003561829809,0.39384782838248744,-0.5825634168765509
ROS1-20-0010,2016-08-22,0.3329574467458986,0.19109945632775827,-0.4006252645170839
ROS1-30-0001,2016-08-22,0.26512724649148706,0.13232185769838437,-0.34749226667078614
ROS1-31-0024,2016-08-22,0.2017683583084773,0.0975814060438237,-0.3136476577794277
ROS1-32-0022,2016-08-22,0.28004149473806195,0.14138512168406336,-0.38958828828930486
ROS1-25-0016,2016-08-22,0.2940021280934618,0.11504470639094752,-0.39740628146922774
ROS1-19-0041,2016-09-07,0.442255590793409,0.2557938181920157,-0.5025845783677833
ROS1-25-0017,2016-09-07,0.560561754425142,0.3978242911649325,-0.5548049538871835
ROS1-37-0049,2016-09-07,0.28028308245245637,0.17093255060833837,-0.37157186567561123
ROS1-19-0026,2016-09-07,0.5793281154264458,0.3260106728818378,-0.5619379821666999
ROS1-25-0008,2016-09-07,0.25012689933765253,0.15758881321589704,-0.3760259243710577
ROS1-30-0001,2016-09-07,0.23657767889617856,0.1116128059081365,-0.32459253340162525
ROS1-37-0025,2016-09-07,0.19106343121494052,0.11114252482390626,-0.3110995176228413
ROS1-19-0022,2016-09-07,0.2826728822674303,0.17003461240818488,-0.3708542952994216
ROS1-21-0034,2016-09-07,0.3874923091526548,0.19364363479229688,-0.4414713780437988
ROS1-25-0016,2016-09-07,0.2750410480740284,0.13001215077071973,-0.36475501141182026
ROS1-30-0006,2016-09-07,0.29958836654142446,0.17465221465994338,-0.40954061908360145
ROS1-31-0038,2016-09-07,0.21387013182856932,0.10368240850614638,-0.3146150145319656
ROS1-37-0049,2016-09-23,0.3198713424636637,0.19645952314746418,-0.4318798717847893
ROS1-30-0001,2016-09-23,0.24969153720067286,0.09822959035813726,-0.3267916051514241
ROS1-21-0034,2016-09-23,0.4220068832393606,0.1880372466411936,-0.4783395122660797
ROS1-19-0041,2016-10-09,0.4569304310101468,0.30305042109995484,-0.49376723485210006
ROS1-32-0018,2016-10-09,0.24589227586184897,0.14700366121853245,-0.34691676684556405
ROS1-37-0049,2016-10-09,0.15457198332688554,0.06247862960437913,-0.14302745336522438
ROS1-20-0010,2016-10-09,0.42228488072923287,0.38844631839003596,-0.4464241054680034
ROS1-30-0001,2016-10-09,0.45474987937206873,0.18647930902141566,-0.4550021754031698
ROS1-31-0024,2016-10-09,0.35261472303668173,0.1489668839857338,-0.39898050916173705
ROS1-32-0022,2016-10-09,0.30014793979296084,0.15241357734707356,-0.40007361312384926
ROS1-19-0022,2016-10-09,0.39315495845978726,0.24467856369170368,-0.45482518002740463
ROS1-21-0034,2016-10-09,0.37792609366755775,0.18144602723334824,-0.4221103298367511
ROS1-26-0006,2016-10-09,0.13134967796712843,0.11893862011689695,-0.13830521107143057
ROS1-19-0041,2016-10-25,0.46001764054414196,0.2424359986119649,-0.5172436423203041
ROS1-25-0017,2016-10-25,0.2523981398035764,0.12997995255883255,-0.3488343274441347
ROS1-26-0027,2016-10-25,0.29508173203406346,0.13554802957527468,-0.36886137948620723
ROS1-31-0009,2016-10-25,0.2025059759749243,0.06704499220335061,-0.3240765972548721
ROS1-32-0018,2016-10-25,0.25720827836268395,0.12289795999021849,-0.36275051891858134
ROS1-37-0049,2016-10-25,0.24993194983679362,0.12129530888876688,-0.37408257652042265
ROS1-19-0026,2016-10-25,0.2867670444902522,0.12134328228816668,-0.400868006865904
ROS1-20-0010,2016-10-25,0.4269237673601993,0.2863750810680072,-0.5006302111627995
ROS1-25-0008,2016-10-25,0.3222417021846341,0.1381130823339719,-0.3970281101777689
ROS1-26-0031,2016-10-25,0.2200485120153636,0.053275370691299034,-0.3052059001464772
ROS1-27-0009,2016-10-25,0.23770852513398863,0.13427678623255443,-0.38222545992843926
ROS1-30-0001,2016-10-25,0.5526411690407333,0.26441991634682943,-0.5267485459871001
ROS1-31-0024,2016-10-25,0.4664535453152594,0.2255154137466613,-0.4746671508275839
ROS1-32-0022,2016-10-25,0.35476612210047465,0.17189311210446231,-0.4219585681227351
ROS1-37-0025,2016-10-25,0.4056280001890915,0.20330019756107537,-0.45688118732829863
ROS1-38-0002,2016-10-25,0.43819470766372454,0.23195830765172185,-0.5002944668178222
ROS1-19-0022,2016-10-25,0.21685781157705106,0.07783558687784371,-0.3011139368070538
ROS1-21-0034,2016-10-25,0.3221704310740074,0.1537150920995638,-0.42508699110724557
ROS1-25-0016,2016-10-25,0.3062249721407498,0.11290621110155592,-0.3835013608883087
ROS1-26-0006,2016-10-25,0.4985650222580363,0.3106800104346305,-0.512136611387951
ROS1-30-0006,2016-10-25,0.21926118661959237,0.10684336536940973,-0.34893187987157176
ROS1-31-0038,2016-10-25,0.3733889204571228,0.18304460398108074,-0.42951642340842844
ROS1-24-0003,2016-05-02,0.8909304981975802,0.8072554134947394,-0.8027120806339915
ROS1-30-0009,2016-05-02,0.5250785041070942,0.3290103807260037,-0.5142789961102188
ROS1-25-0008,2016-05-02,0.2762230481886311,0.16250401431049621,-0.3624879639245119
ROS1-30-0006,2016-05-02,0.27573075125253743,0.20511447464937838,-0.316503433816067
ROS1-18-0029,2016-05-18,0.8863033364141276,0.7725530049912247,-0.7851576298731656
ROS1-24-0003,2016-05-18,0.8684811874059453,0.68207046980151,-0.7937712989168022
ROS1-30-0009,2016-05-18,0.7985108079670635,0.5574857680829599,-0.6803789376310811
ROS1-18-0007,2016-05-18,0.33121958445616656,0.1777988924850611,-0.3778584973057628
ROS1-24-0026,2016-05-18,0.8993057275327228,0.6923102088739856,-0.8252714106552462
ROS1-25-0008,2016-05-18,0.6724245691915992,0.4296370166193679,-0.5825004131529404
ROS1-30-0001,2016-05-18,0.5065950432860236,0.3093768540729853,-0.49961155209201574
ROS1-30-0006,2016-05-18,0.5938698161429063,0.33311473795184854,-0.5479295345029717
ROS1-18-0029,2016-06-03,0.8567796631459009,0.7991994706021823,-0.7642639024279856
ROS1-24-0003,2016-06-03,0.7633971024983305,0.46483767440967705,-0.709211811417587
ROS1-30-0009,2016-06-03,0.7950487891682881,0.6137345514421085,-0.6944936130741379
ROS1-18-0007,2016-06-03,0.3252528499158967,0.1851410602758255,-0.3772281039166267
ROS1-24-0026,2016-06-03,0.7964863300505128,0.4587010240872505,-0.7401833087235353
ROS1-25-0008,2016-06-03,0.8394732248202166,0.5993974579201965,-0.6977770264465222
ROS1-30-0001,2016-06-03,0.28823238899517634,0.1458230239484848,-0.38713376089845336
ROS1-30-0006,2016-06-03,0.7318863288537008,0.35528246342132946,-0.6557845753191216
ROS1-18-0029,2016-06-19,0.48623618134683355,0.31120656685652826,-0.5216267359441964
ROS1-24-0003,2016-06-19,0.4028112816658029,0.20789963416430116,-0.5163025456145183
ROS1-30-0009,2016-06-19,0.7739606674741454,0.5509035271029044,-0.7149140468971507
ROS1-18-0007,2016-06-19,0.6568996984080276,0.3790399057351813,-0.5989327527809988
ROS1-24-0026,2016-06-19,0.37405178639745834,0.1556107010040366,-0.4916266616045246
ROS1-25-0008,2016-06-19,0.8419685482311946,0.622661594058347,-0.7221230365555845
ROS1-30-0001,2016-06-19,0.26370198642949594,0.1221647857374661,-0.35226982361580533
ROS1-30-0006,2016-06-19,0.6147575959411931,0.3724744146019371,-0.5900565956282269
ROS1-18-0029,2016-07-05,0.746709750181827,0.5820053181972262,-0.6680618540047419
ROS1-24-0003,2016-07-05,0.2755164793818493,0.16004621450003287,-0.40428170133893987
ROS1-18-0007,2016-07-05,0.7954091342072643,0.5398435579188491,-0.6905042151373725
ROS1-24-0026,2016-07-05,0.2479377794806111,0.14261317283634084,-0.35669715312783656
ROS1-25-0008,2016-07-05,0.7491358175732747,0.541236609442976,-0.6481833268590114
ROS1-30-0001,2016-07-05,0.06093165454717871,0.11995037360268854,-0.06986690184215176
ROS1-18-0029,2016-08-06,0.8123806136965385,0.655329557107927,-0.7244644895214947
ROS1-24-0003,2016-08-06,0.5143382026244313,0.3515924535789862,-0.5430552708522579
ROS1-18-0007,2016-08-06,0.7579449429695546,0.48113594925269326,-0.6758188446153589
ROS1-24-0003,2016-08-22,0.48607630839865196,0.279105346839751,-0.5047431535906965
ROS1-18-0007,2016-08-22,0.4417876361494699,0.3233129273101515,-0.4346156391489347
ROS1-30-0001,2016-08-22,0.26539820580235474,0.1327780725325146,-0.3472999451316595
ROS1-18-0029,2016-09-07,0.6517544088493936,0.4462685126761532,-0.6195224303923552
ROS1-24-0003,2016-09-07,0.44207129786773014,0.26923380867826124,-0.496728781983659
ROS1-30-0009,2016-09-07,0.5738884134403397,0.33303455599008464,-0.5866361619360257
ROS1-18-0007,2016-09-07,0.36042242984326694,0.1864710475475448,-0.4632566898600098
ROS1-24-0026,2016-09-07,0.23377610793724513,0.12063747107202438,-0.3375223202391452
ROS1-25-0008,2016-09-07,0.2485656625275958,0.15693924010137228,-0.3749734117515803
ROS1-30-0001,2016-09-07,0.24013404532310428,0.11347992657415523,-0.3261243801807424
ROS1-30-0006,2016-09-07,0.29837414924455036,0.17413849348669125,-0.40898537995426526
ROS1-18-0029,2016-10-09,0.6167668773220847,0.4322210534182257,-0.5659563952105564
ROS1-24-0003,2016-10-09,0.39221767552008796,0.18821686845666807,-0.46734394175290983
ROS1-30-0009,2016-10-09,0.5792720809973168,0.2943341179232356,-0.5943319339326313
ROS1-18-0007,2016-10-09,0.24096096075738774,0.06677037109652989,-0.33823985231798986
ROS1-24-0026,2016-10-09,0.2661702826207567,0.08336101496621168,-0.36428405144625464
ROS1-25-0008,2016-10-09,0.34077371054205235,0.13344885140553578,-0.4877189812794022
ROS1-30-0001,2016-10-09,0.46199574969792023,0.18815624682953527,-0.46128381600829077
ROS1-18-0029,2016-10-25,0.7152634547316642,0.5115062144422348,-0.6714030045965508
ROS1-24-0003,2016-10-25,0.2904934689596028,0.13012739545457477,-0.3928648951903724
ROS1-30-0009,2016-10-25,0.4635616535218416,0.22411309675191363,-0.5164456079784596
ROS1-18-0007,2016-10-25,0.22169589329354972,0.08868102648540535,-0.3411015315747021
ROS1-24-0026,2016-10-25,0.23869286045540683,0.10984289288923116,-0.3328982712390023
ROS1-25-0008,2016-10-25,0.3239720228671318,0.13859640094649545,-0.39694042025180054
ROS1-30-0001,2016-10-25,0.5490011927062846,0.2666699403884629,-0.5189669975146702
ROS1-30-0006,2016-10-25,0.21993693016836027,0.10675006082342965,-0.34915663858991247
ROS1-22-0011,2016-04-07,0.2041008967753743,0.08569762535956148,-0.26027732667568104
ROS1-22-0032,2016-04-07,0.20451137242657963,0.0825040103056352,-0.2651776767739129
ROS1-28-0006,2016-04-23,0.22379004101774544,0.1292681533819112,-0.29892322952369443
ROS1-29-0006,2016-04-23,0.35162380549674743,0.14188988342342929,-0.34284382700018695
ROS1-22-0011,2016-04-23,0.25067112479227355,0.07928571176157193,-0.3010251542475575
ROS1-22-0032,2016-04-23,0.21375774568165348,0.2632851957170989,-0.2853974706359391
ROS1-28-0006,2016-05-09,0.3083158589725049,0.17206767010826773,-0.33410208803009717
ROS1-29-0006,2016-05-09,0.6081097431748563,0.3181254365657473,-0.5682042624726228
ROS1-22-0032,2016-05-09,0.2335613916931183,0.08955174519188,-0.3046670449355069
ROS1-28-0006,2016-05-25,0.6149376171288845,0.2951894624558112,-0.5373337515763617
ROS1-29-0006,2016-05-25,0.7916118985682482,0.5548813723234044,-0.6789152495195248
ROS1-22-0032,2016-05-25,0.2635553746125598,0.13858918960127217,-0.32882423273174954
ROS1-28-0006,2016-06-10,0.7266500104602578,0.47687537379293443,-0.6179221792338566
ROS1-29-0006,2016-06-10,0.7533271976996212,0.48839728951108,-0.6577944267478921
ROS1-22-0032,2016-06-10,0.34155192082765623,0.1558825036688272,-0.3765158564332384
ROS1-28-0006,2016-06-26,0.31940142706670693,0.14789553521275356,-0.37872274525320593
ROS1-29-0006,2016-06-26,0.7427097572892827,0.440085243983133,-0.6635266877303352
ROS1-22-0032,2016-06-26,0.7430771968213101,0.5203171729244797,-0.6325649837632161
ROS1-28-0006,2016-07-12,0.2741977090644178,0.14611879514436116,-0.3572332239336082
ROS1-29-0006,2016-07-12,0.6510007773862349,0.4098604790506969,-0.6159960497958432
ROS1-22-0032,2016-07-12,0.8309195386361135,0.6354624394863767,-0.6995592280131031
ROS1-28-0006,2016-07-28,0.32253842122482884,0.17865383304208873,-0.34768083474158357
ROS1-29-0006,2016-07-28,0.6694049385665141,0.3546922205533297,-0.5849286429240085
ROS1-22-0032,2016-07-28,0.7703412043591331,0.5134903849458456,-0.6492822768993818
ROS1-29-0006,2016-08-13,0.6177426848085853,0.30978055831163714,-0.5912651979555866
ROS1-22-0032,2016-08-13,0.6234549865027371,0.37515331751163417,-0.5464366476438973
ROS1-28-0006,2016-08-29,0.2740346635220406,0.13303089655851474,-0.3411645032682513
ROS1-29-0006,2016-08-29,0.6686052682061835,0.34421553917240655,-0.6189948557207274
ROS1-22-0032,2016-08-29,0.516381016433043,0.24095593982922442,-0.5077997887082515
ROS1-28-0006,2016-09-14,0.2613635060275193,0.12161288519849818,-0.3476595437440078
ROS1-22-0032,2016-09-14,0.4141065747864241,0.2086790611174659,-0.48818490837148876
ROS1-22-0032,2016-09-30,0.4005068906426547,0.14419738015157615,-0.49433796353261095
ROS1-15-0009,2016-04-07,0.3973841186602884,0.1859679954044949,-0.40823066634709415
ROS1-21-0016,2016-04-07,0.20354291732455868,0.10372486381222144,-0.29984062843763587
ROS1-22-0016,2016-04-07,0.19726565498661217,0.08516652576733175,-0.27404171197922933
ROS1-27-0006,2016-04-07,0.3109236956904343,0.14740293719407618,-0.36337730588763684
ROS1-33-0014,2016-04-07,0.2970545916082556,0.14792123095458665,-0.37540105118233286
ROS1-15-0016,2016-04-07,0.4588880364417578,0.22126177301749375,-0.4717456548950115
ROS1-21-0013,2016-04-07,0.3544451135240252,0.17692403214682392,-0.38574322211467704
ROS1-22-0011,2016-04-07,0.22095469181671715,0.09239308004737053,-0.2762228673211047
ROS1-26-0031,2016-04-07,0.4199001269712305,0.2032242568726343,-0.44269466157757226
ROS1-28-0017,2016-04-07,0.25473741010763523,0.12049210659473421,-0.31444017623098
ROS1-15-0014,2016-04-07,0.3174902468602515,0.16694465644108294,-0.36312220872048634
ROS1-21-0034,2016-04-07,0.22868739028216215,0.11030291873576051,-0.29433634685785226
ROS1-22-0032,2016-04-07,0.203700227623603,0.08246313810633209,-0.2660406084931813
ROS1-27-0004,2016-04-07,0.2253400215042021,0.13658464730118774,-0.30438969255282217
ROS1-28-0029,2016-04-07,0.2099683616758641,0.09765073818852649,-0.2866526947754147
ROS1-15-0009,2016-04-23,0.5459644474503452,0.2839536106728388,-0.49648189965708284
ROS1-22-0016,2016-04-23,0.22415791088774156,0.09448552818073049,-0.30034550916685915
ROS1-28-0029,2016-04-23,0.22473104350974765,0.08500316330813476,-0.29707794348385824
ROS1-21-0016,2016-05-09,0.23036997021458827,0.12222301146596246,-0.32461098392882964
ROS1-22-0016,2016-05-09,0.34663071014691177,0.17550474284030218,-0.3788976223175341
ROS1-22-0011,2016-05-09,0.24003361496495354,0.0605147726196731,-0.26093823582819387
ROS1-15-0014,2016-05-09,0.6070062506449039,0.47384909488232363,-0.5945635004679057
ROS1-22-0032,2016-05-09,0.2344760531125417,0.08959219118092089,-0.3072971118664045
ROS1-27-0004,2016-05-09,0.3930632945757951,0.24995681065092826,-0.4473891728787917
ROS1-15-0009,2016-05-25,0.7839580806240636,0.4790195726067464,-0.6926760680700317
ROS1-21-0016,2016-05-25,0.28804393501890335,0.18447298228822256,-0.3747369669754264
ROS1-22-0016,2016-05-25,0.703168932958803,0.24146372609517472,-0.5735486008122124
ROS1-15-0016,2016-05-25,0.7685090141661661,0.4595563997982667,-0.6842130100649365
ROS1-21-0013,2016-05-25,0.7896241809363468,0.5033423427733292,-0.7101242509079994
ROS1-15-0014,2016-05-25,0.5801302482014702,0.42234233459930637,-0.55936862189244
ROS1-21-0034,2016-05-25,0.4086657277525901,0.2735395149110612,-0.42518629671250374
ROS1-22-0032,2016-05-25,0.2556884003963833,0.1331372565895666,-0.32151888229698367
ROS1-28-0029,2016-05-25,0.5310856154849298,0.33106261554537414,-0.5173895996398646
ROS1-15-0009,2016-06-10,0.5918338266105025,0.38082730307817675,-0.5428180198286255
ROS1-21-0016,2016-06-10,0.659295270554761,0.4920527580474943,-0.5724269840042231
ROS1-22-0016,2016-06-10,0.3902312852074544,0.19754390582321596,-0.4112972703882656
ROS1-15-0016,2016-06-10,0.6310960963409167,0.35599187953867123,-0.5845324572933648
ROS1-22-0011,2016-06-10,0.5268896247410176,0.2892948716277718,-0.481874820699651
ROS1-28-0017,2016-06-10,0.8178438126919811,0.5565548818142045,-0.7479807105150367
ROS1-15-0014,2016-06-10,0.7482723609302124,0.5505817841899748,-0.6800659631334505
ROS1-22-0032,2016-06-10,0.34251415818202896,0.1557192699279387,-0.3778453816769307
ROS1-28-0029,2016-06-10,0.6281255201890552,0.3924233988688449,-0.5677678360768038
ROS1-15-0009,2016-06-26,0.46796066873389275,0.25055511985670187,-0.5507208569061358
ROS1-21-0016,2016-06-26,0.8288184028946607,0.7202779293025541,-0.7381432168444123
ROS1-22-0016,2016-06-26,0.26131136468798194,0.10116107810046525,-0.3366620484686818
ROS1-27-0006,2016-06-26,0.5432364546063154,0.29288143882485523,-0.5986474395210539
ROS1-33-0014,2016-06-26,0.6760554718941209,0.4170234021593636,-0.5659276521964551
ROS1-15-0016,2016-06-26,0.398118869596924,0.20290897908703387,-0.4921512457595478
ROS1-21-0013,2016-06-26,0.40802881378533074,0.2156979393988788,-0.5291247302100472
ROS1-22-0011,2016-06-26,0.8213143020626381,0.6357848926669433,-0.715266681942317
ROS1-26-0031,2016-06-26,0.43290570004605017,0.18894800954277882,-0.5494030224412777
ROS1-27-0009,2016-06-26,0.49515857493715876,0.29349482328604776,-0.5286657080956945
ROS1-28-0017,2016-06-26,0.6532841126602333,0.33645965043522236,-0.6610365239274056
ROS1-15-0014,2016-06-26,0.672319058846523,0.5308795836397273,-0.6700631439168314
ROS1-21-0034,2016-06-26,0.6764162103984246,0.4308045772712763,-0.6063082951910045
ROS1-22-0032,2016-06-26,0.7431116725859708,0.5202012972072984,-0.6333402367630178
ROS1-27-0004,2016-06-26,0.5234015636315151,0.42906398580086497,-0.514212315149708
ROS1-28-0029,2016-06-26,0.7388092246755324,0.48426563102454623,-0.6696964652292222
ROS1-15-0009,2016-07-12,0.3644106547995746,0.18707999273197723,-0.44968817341063494
ROS1-21-0016,2016-07-12,0.7847085736360305,0.6646056620015834,-0.7171196483872334
ROS1-22-0016,2016-07-12,0.5128527117330659,0.27273120461881833,-0.4920504056919397
ROS1-27-0006,2016-07-12,0.4204013680235652,0.25612657557053115,-0.5052185416873803
ROS1-33-0014,2016-07-12,0.5528634104674165,0.3379797537225198,-0.5294370620027087
ROS1-15-0016,2016-07-12,0.39065031552132445,0.23317480314208405,-0.4788940109835866
ROS1-21-0013,2016-07-12,0.36019603152692337,0.19182982174161303,-0.453086156510429
ROS1-22-0011,2016-07-12,0.8178169476019485,0.6451929027770315,-0.7297342205597799
ROS1-26-0031,2016-07-12,0.32414744333766665,0.1582502871479162,-0.45073456489743763
ROS1-27-0009,2016-07-12,0.7004183030259274,0.4598996400645885,-0.6675740432794618
ROS1-28-0017,2016-07-12,0.23611390444855723,0.2711506242644032,-0.27950537731903874
ROS1-15-0014,2016-07-12,0.5548221831570807,0.4658673196864071,-0.6055673818501536
ROS1-21-0034,2016-07-12,0.8181128589603095,0.601989500405753,-0.7065732234558421
ROS1-22-0032,2016-07-12,0.8250465051748878,0.6290047837283185,-0.6972390393157637
ROS1-15-0009,2016-07-28,0.28945151968369137,0.14234499605957118,-0.33597278742973036
ROS1-21-0016,2016-07-28,0.8042914963920745,0.570011097789758,-0.6879932173789689
ROS1-22-0016,2016-07-28,0.7129026799837205,0.4692067133893032,-0.6263769952188145
ROS1-27-0006,2016-07-28,0.49297419939905296,0.28306054316251866,-0.4998094353452181
ROS1-33-0014,2016-07-28,0.50487194483303,0.27895726034494217,-0.4844805978700008
ROS1-15-0016,2016-07-28,0.3547977203569547,0.21802359330301851,-0.41520276059139044
ROS1-21-0013,2016-07-28,0.3907517668715953,0.21123358523100413,-0.4433061690773919
ROS1-22-0011,2016-07-28,0.8213822259821225,0.5778110259880763,-0.6939713060581262
ROS1-27-0009,2016-07-28,0.6498469728475164,0.4403619661926379,-0.5870379113826432
ROS1-28-0017,2016-07-28,0.2742010368267704,0.11890398698931842,-0.3684296706748213
ROS1-15-0014,2016-07-28,0.5531471655442214,0.40583990741707204,-0.5421392540284787
ROS1-21-0034,2016-07-28,0.7466192945426087,0.4997588632532891,-0.638139845188203
ROS1-22-0032,2016-07-28,0.7709808573924147,0.5139271280383437,-0.6502420361432724
ROS1-27-0004,2016-07-28,0.7684193074622976,0.5570871318545283,-0.678216415027234
ROS1-28-0029,2016-07-28,0.4738629151479785,0.24377944700694187,-0.5039571973219972
ROS1-27-0006,2016-08-13,0.3894261257772365,0.27197141921699325,-0.48893413987196677
ROS1-33-0014,2016-08-13,0.39552884595628,0.2515657028721474,-0.4793032702378932
ROS1-26-0031,2016-08-13,0.2860053866845266,0.17906200098018496,-0.40201176837160285
ROS1-27-0009,2016-08-13,0.5140648299989189,0.29137478586717513,-0.5394763573632099
ROS1-28-0017,2016-08-13,0.26755791331117573,0.17509269047073966,-0.39776743478378274
ROS1-15-0014,2016-08-13,0.32860274780847415,0.21499071097331435,-0.391731450319331
ROS1-21-0034,2016-08-13,0.6428981622111026,0.38157449362411905,-0.5665495066139984
ROS1-22-0032,2016-08-13,0.6086594710962229,0.35536825618817486,-0.535994856605898
ROS1-27-0004,2016-08-13,0.5929924243492093,0.21046631030361204,-0.5426796069000589
ROS1-15-0009,2016-08-29,0.24517075861787785,0.13310843437193032,-0.3687100977228772
ROS1-21-0016,2016-08-29,0.3466161016077167,0.16124531749000057,-0.4181629680436532
ROS1-22-0016,2016-08-29,0.7413705752867791,0.45591059617750923,-0.6507032947106927
ROS1-27-0006,2016-08-29,0.2603900001695409,0.1288875512827502,-0.3743378462903115
ROS1-33-0014,2016-08-29,0.27516878294663133,0.1587027271467484,-0.4507048734164904
ROS1-15-0016,2016-08-29,0.2555040498681599,0.13277201267994934,-0.3530380681258832
ROS1-21-0013,2016-08-29,0.2930622727865018,0.18527359014671346,-0.4284401315132716
ROS1-22-0011,2016-08-29,0.4456886046027708,0.19015094054667941,-0.46954661950088117
ROS1-26-0031,2016-08-29,0.34850629857168636,0.1998205181794626,-0.44438975946174236
ROS1-27-0009,2016-08-29,0.3296844746685954,0.17077739170419073,-0.47555990093081
ROS1-28-0017,2016-08-29,0.377722701272,0.22169342164468162,-0.4544474720556036
ROS1-15-0014,2016-08-29,0.29753148555257447,0.14304390035178674,-0.3965374492554848
ROS1-21-0034,2016-08-29,0.42896252647794464,0.204753879709208,-0.47392256995351245
ROS1-22-0032,2016-08-29,0.5149107985311138,0.24059048240749814,-0.5071565533578332
ROS1-27-0004,2016-08-29,0.38934925707671286,0.21270605445770455,-0.4422150382555254
ROS1-28-0029,2016-08-29,0.31989884305252864,0.17431742036782205,-0.42424797093911093
ROS1-15-0009,2016-09-14,0.25199045403495035,0.13726366830754494,-0.3724842719834666
ROS1-21-0016,2016-09-14,0.29895362696453004,0.1387976914568559,-0.40241088680365383
ROS1-22-0016,2016-09-14,0.5138227778351289,0.2562482618900291,-0.5046469317227049
ROS1-27-0006,2016-09-14,0.2500214568465969,0.12493677214190667,-0.3716485508837759
ROS1-33-0014,2016-09-14,0.2357366130065159,0.14824878312554074,-0.404632415688056
ROS1-15-0016,2016-09-14,0.2061053918388755,0.09562076359970537,-0.31676996703366894
ROS1-21-0013,2016-09-14,0.2810611936679578,0.1670231263590692,-0.41627080963941293
ROS1-22-0011,2016-09-14,0.269433917498806,0.08234557265367398,-0.36913050312522244
ROS1-26-0031,2016-09-14,0.3776841731505254,0.21261593283353986,-0.4660622924418533
ROS1-27-0009,2016-09-14,0.29657089249498914,0.15887751056654373,-0.45889793836568166
ROS1-28-0017,2016-09-14,0.5331690874539696,0.3115738606413336,-0.5732185946647725
ROS1-15-0014,2016-09-14,0.24338693117144802,0.13309430860312407,-0.3555541987036358
ROS1-21-0034,2016-09-14,0.4070821823483334,0.17910594093412313,-0.4830336100511703
ROS1-22-0032,2016-09-14,0.4109475978413591,0.2070776421223353,-0.4859010724443335
ROS1-27-0004,2016-09-14,0.3287322135947006,0.1692486036051833,-0.42840094665340817
ROS1-28-0029,2016-09-14,0.231716478375231,0.10122316736465514,-0.3516195694322981
ROS1-15-0009,2016-09-30,0.2644226964169533,0.12177707656908317,-0.3614162679331957
ROS1-21-0016,2016-09-30,0.255724079678584,0.11897720402712797,-0.36247336285763887
ROS1-22-0016,2016-09-30,0.3874291964195789,0.14528402386081052,-0.4396260468964503
ROS1-27-0006,2016-09-30,0.29953910244458926,0.12630702348104994,-0.38234952715182025
ROS1-33-0014,2016-09-30,0.220910780387972,0.12010908023753233,-0.3667088808177859
ROS1-15-0016,2016-09-30,0.2414904507842642,0.10126064148792709,-0.33735407919520316
ROS1-21-0013,2016-09-30,0.26801794091373593,0.1347443369223462,-0.38088764818477433
ROS1-22-0011,2016-09-30,0.2446411417117372,0.05463925093952377,-0.31679607404896354
ROS1-26-0031,2016-09-30,0.4033814047228214,0.20768140709488317,-0.4716295317466624
ROS1-27-0009,2016-09-30,0.292941711738646,0.12458007955929157,-0.4285091906190717
ROS1-28-0017,2016-09-30,0.6412987420453289,0.3827139650920045,-0.6248692176058728
ROS1-15-0014,2016-09-30,0.24225626884934,0.10709799962337067,-0.33170606664094093
ROS1-21-0034,2016-09-30,0.4136733352148118,0.14964146414418894,-0.4738619853780566
ROS1-22-0032,2016-09-30,0.3989668348221931,0.1438939027437224,-0.4921890143003775
ROS1-27-0004,2016-09-30,0.31840150990806326,0.12905266904470042,-0.39918237853929506
ROS1-28-0029,2016-09-30,0.23846410788257594,0.07064579741120146,-0.3431209239713232
ROS1-15-0009,2016-10-16,0.6111616108951816,0.2801734011916822,-0.5714366612030529
ROS1-27-0006,2016-10-16,0.3599282063287682,0.1980820105820106,-0.42193428363944935
ROS1-15-0016,2016-10-16,0.377170955323562,0.16786151279974512,-0.4295135842358361
ROS1-21-0013,2016-10-16,0.6141883542836652,0.3476091035788907,-0.590472023202847
ROS1-22-0011,2016-10-16,0.27319250224347175,0.05919316930283734,-0.3483204343377607
ROS1-28-0017,2016-10-16,0.485813053097345,0.15117379780386211,-0.5489534682580868
ROS1-15-0014,2016-10-16,0.41648975144595224,0.18464964445470256,-0.4372221117717136
ROS1-07-0045,2016-04-07,0.5323283370768835,0.2889962358552104,-0.5176525488939814
ROS1-08-0010,2016-04-07,0.5699530534539458,0.29042151710746694,-0.531478178909708
ROS1-12-0000,2016-04-07,0.634305545488799,0.3455371059262336,-0.607587461923436
ROS1-07-0012,2016-04-07,0.5042804727393448,0.2545457673298072,-0.4868433502372824
ROS1-18-0029,2016-04-07,0.6332805619092988,0.3734334764564707,-0.597417429045765
ROS1-19-0041,2016-04-07,0.5819835000872194,0.32687818028497617,-0.5604239012438107
ROS1-20-0023,2016-04-07,0.34019839943402436,0.16894248996620984,-0.4065970648680031
ROS1-25-0017,2016-04-07,0.20558384189549997,0.08453096952939321,-0.27490557553238526
ROS1-26-0027,2016-04-07,0.34835324437945636,0.1817534545688452,-0.40906568688294614
ROS1-07-0011,2016-04-07,0.18788073867428992,0.08734324756938246,-0.2789619666012647
ROS1-12-0004,2016-04-07,0.4542622430568305,0.20987481208777745,-0.4563135777102522
ROS1-19-0026,2016-04-07,0.42264602060338213,0.22381991963089376,-0.4411497915021662
ROS1-20-0010,2016-04-07,0.223847231984259,0.11189509032127812,-0.3185598648799357
ROS1-19-0022,2016-04-07,0.5377780084933792,0.3117165614470841,-0.5376651839511173
ROS1-20-0007,2016-04-07,0.34463073744633194,0.17639835483629343,-0.39450337493057774
ROS1-26-0006,2016-04-07,0.2108389026912449,0.07753029347024892,-0.2770198465486044
ROS1-07-0045,2016-04-23,0.7803904212035694,0.4415817584233287,-0.6676817445487763
ROS1-12-0000,2016-04-23,0.8581101144344335,0.6028104677203856,-0.7698903435688365
ROS1-07-0012,2016-04-23,0.7818678845169481,0.47950727041775343,-0.6835213406195871
ROS1-18-0029,2016-04-23,0.8506464908056646,0.6683283876231244,-0.7525969783722747
ROS1-19-0041,2016-04-23,0.8398684933338723,0.6426562865072779,-0.7335898735684213
ROS1-25-0017,2016-04-23,0.22941382778359665,0.1041363099886552,-0.319072924193396
ROS1-26-0027,2016-04-23,0.48563093542809815,0.270911275245245,-0.5024592842571685
ROS1-07-0011,2016-04-23,0.22752839088417517,0.10084173231514684,-0.30599463034653435
ROS1-12-0004,2016-04-23,0.745633180731242,0.4107679895789764,-0.6593592989426817
ROS1-19-0026,2016-04-23,0.679955955215796,0.4914011372758579,-0.5993194111855051
ROS1-20-0010,2016-04-23,0.22994802724742075,0.11095911852501902,-0.3408694780095546
ROS1-19-0022,2016-04-23,0.7786383357128603,0.5333049124687983,-0.6852078888487493
ROS1-20-0007,2016-04-23,0.5318002723612976,0.3042823425670968,-0.5012703136017757
ROS1-26-0006,2016-04-23,0.23642495686185128,0.09896294116662153,-0.31135104292313376
ROS1-12-0000,2016-05-09,0.9116789120951919,0.7166682084921282,-0.8231974976789116
ROS1-07-0012,2016-05-09,0.9091087360904704,0.6201032103280252,-0.8053844099470793
ROS1-12-0004,2016-05-09,0.871245825557642,0.5774521110357483,-0.7664797175871483
ROS1-20-0010,2016-05-09,0.27103462822896124,0.1444393250006749,-0.37078269864565977
ROS1-07-0045,2016-05-25,0.8667468446324407,0.6769601518591885,-0.7696068073363036
ROS1-08-0010,2016-05-25,0.8703912299922534,0.6800843438323504,-0.7732560093739336
ROS1-12-0000,2016-05-25,0.9042631706841344,0.6620524479496812,-0.8311371531071289
ROS1-07-0012,2016-05-25,0.8890786963649197,0.760677619076003,-0.8005249755187532
ROS1-18-0029,2016-05-25,0.8796193133654077,0.722182765799599,-0.797027645774579
ROS1-19-0041,2016-05-25,0.8864505451312016,0.6512689030818206,-0.7885060389207145
ROS1-20-0023,2016-05-25,0.5845338808433784,0.3246044960076896,-0.5578947893882888
ROS1-25-0017,2016-05-25,0.31352194047646165,0.11595744992485515,-0.3400973338931527
ROS1-26-0027,2016-05-25,0.593001169135156,0.35190400719779336,-0.5721546958909806
ROS1-12-0004,2016-05-25,0.8620219201514601,0.5551315238373385,-0.7773568901833973
ROS1-19-0026,2016-05-25,0.7909248935389657,0.48409892606318633,-0.6910309935212572
ROS1-20-0010,2016-05-25,0.3345323077727053,0.1839202503839443,-0.38807779502829065
ROS1-19-0022,2016-05-25,0.8378255150814212,0.548660976409688,-0.7496728159363317
ROS1-20-0007,2016-05-25,0.6849100429261483,0.420043396789644,-0.624521899650528
ROS1-07-0045,2016-06-10,0.8133820401709465,0.6073208409382258,-0.74251688394039
ROS1-08-0010,2016-06-10,0.8393370129470459,0.5992328307611307,-0.7407515133053033
ROS1-07-0012,2016-06-10,0.869996640314493,0.715584594275628,-0.7886345051533259
ROS1-20-0023,2016-06-10,0.5169216738480472,0.3262165883629548,-0.520680630146932
ROS1-25-0017,2016-06-10,0.47341472813228436,0.2511976903703461,-0.4200898193805544
ROS1-07-0011,2016-06-10,0.737458140587575,0.5860385165311561,-0.6370945415586249
ROS1-20-0010,2016-06-10,0.42104768692002803,0.20452973490153523,-0.4545019938281676
ROS1-20-0007,2016-06-10,0.6294057802578154,0.37103600847269114,-0.6147052271711735
ROS1-07-0045,2016-06-26,0.5374675744686064,0.38011403356129597,-0.5999625783933128
ROS1-08-0010,2016-06-26,0.42040953813866644,0.24034931426397654,-0.5414904093356929
ROS1-12-0000,2016-06-26,0.3594701156144626,0.2017786528650088,-0.5249302983932528
ROS1-07-0012,2016-06-26,0.5225589325840684,0.3240783648203942,-0.6000081875356437
ROS1-18-0029,2016-06-26,0.5969723110125966,0.39855107033240983,-0.5880213999685309
ROS1-19-0041,2016-06-26,0.42604646864143686,0.253582639044211,-0.5427987728844857
ROS1-20-0023,2016-06-26,0.36309845682812536,0.22671661359113704,-0.4561604347997123
ROS1-25-0017,2016-06-26,0.6437693071324412,0.22679273671741887,-0.5350513599814899
ROS1-26-0027,2016-06-26,0.3073707870085877,0.16837054949059574,-0.43672494880331314
ROS1-07-0011,2016-06-26,0.8653844303900126,0.8804000267502234,-0.7532321363601432
ROS1-12-0004,2016-06-26,0.35528890372847055,0.1954134584535439,-0.4667092997597899
ROS1-19-0026,2016-06-26,0.5463095294815018,0.3398827929217719,-0.5849056025923607
ROS1-20-0010,2016-06-26,0.5842675827211574,0.3566648265602988,-0.5626361359418893
ROS1-19-0022,2016-06-26,0.34137978082843884,0.1900930997627316,-0.48099375623586904
ROS1-20-0007,2016-06-26,0.40577153528799903,0.21842120561609216,-0.5194520102297933
ROS1-26-0006,2016-06-26,0.29611769602352916,0.1438438712260942,-0.3786906633865944
ROS1-07-0045,2016-07-12,0.3762236718894174,0.27453324152268704,-0.4661558137055381
ROS1-08-0010,2016-07-12,0.26924573079122055,0.1351198411689779,-0.34113066141862736
ROS1-12-0000,2016-07-12,0.19386324990871368,0.11947066057906922,-0.33081671470042423
ROS1-07-0012,2016-07-12,0.36394848135877916,0.24168167859156428,-0.4737906881465661
ROS1-18-0029,2016-07-12,0.8198435682484002,0.6313854888287189,-0.7278697088624348
ROS1-19-0041,2016-07-12,0.3759126688893397,0.21147476314438543,-0.47105188222656535
ROS1-20-0023,2016-07-12,0.3913493777849895,0.25368404844629727,-0.4737173310524984
ROS1-25-0017,2016-07-12,0.7450101041484601,0.34951832358484114,-0.640436362623194
ROS1-26-0027,2016-07-12,0.26677713496163263,0.13474187832450019,-0.389064740702867
ROS1-07-0011,2016-07-12,0.7885114927498147,0.6689279769972043,-0.7020451875385839
ROS1-12-0004,2016-07-12,0.3639139986672723,0.20648167747248047,-0.4645004181227609
ROS1-19-0026,2016-07-12,0.5716455133032138,0.335656695889173,-0.5732808485080787
ROS1-20-0010,2016-07-12,0.6054554640472857,0.38837891000206815,-0.5718038820526665
ROS1-19-0022,2016-07-12,0.27982384666481225,0.2013833639729716,-0.39703270351176967
ROS1-20-0007,2016-07-12,0.3695807667525351,0.22349040795137287,-0.45739042968560145
ROS1-26-0006,2016-07-12,0.4878383178867633,0.2750282919601489,-0.503649037023884
ROS1-07-0045,2016-07-28,0.41773556990093164,0.2678847970598684,-0.46352739363352335
ROS1-08-0010,2016-07-28,0.2848097095859547,0.13051991500553195,-0.3155171756950861
ROS1-12-0000,2016-07-28,0.2431327417220916,0.1539356492425056,-0.33964222554088497
ROS1-07-0012,2016-07-28,0.4041927897780592,0.2996948832323076,-0.4702857022848621
ROS1-18-0029,2016-07-28,0.791036216212624,0.5973061816938667,-0.6935440743312564
ROS1-19-0041,2016-07-28,0.4348589320313482,0.26076632984508064,-0.4655307982950269
ROS1-20-0023,2016-07-28,0.476612954275573,0.26599058037341683,-0.47714594466380983
ROS1-26-0027,2016-07-28,0.3149890908862789,0.20234004120851157,-0.39412245544928387
ROS1-07-0011,2016-07-28,0.7822715429611368,0.5900225032644577,-0.666285629211721
ROS1-19-0026,2016-07-28,0.5479019887454211,0.34434567352378354,-0.522265557127442
ROS1-20-0010,2016-07-28,0.5418949245870506,0.3436497374346295,-0.5095548637136367
ROS1-19-0022,2016-07-28,0.49393789674354444,0.3328261178727475,-0.49814912780480014
ROS1-20-0007,2016-07-28,0.34232023124920674,0.2040646382441584,-0.40679952286477394
ROS1-26-0006,2016-07-28,0.5819369789289599,0.41255696758186344,-0.547690733538069
ROS1-07-0045,2016-08-13,0.3218187712127101,0.21284746102909857,-0.42959011267988306
ROS1-08-0010,2016-08-13,0.2366025942900294,0.1234472455560631,-0.30812681180338947
ROS1-12-0000,2016-08-13,0.20162512171457492,0.12036133855407258,-0.3269300957548012
ROS1-07-0012,2016-08-13,0.5089752025552864,0.35109204944689215,-0.5434136977214276
ROS1-18-0029,2016-08-13,0.4894121685243786,0.31820740233292577,-0.5328422887974147
ROS1-19-0041,2016-08-13,0.37280717676648123,0.22592707258314343,-0.49706384899459755
ROS1-20-0023,2016-08-13,0.3308541901592277,0.22419438385170798,-0.4604525290161447
ROS1-25-0017,2016-08-13,0.7925048520869978,0.4638458955720938,-0.723007059038198
ROS1-26-0027,2016-08-13,0.21054169983299212,0.1030352365417169,-0.32817255493532865
ROS1-07-0011,2016-08-13,0.4567015091177181,0.2926178297797201,-0.44596531082196794
ROS1-12-0004,2016-08-13,0.453313595807029,0.2812762901539805,-0.507817083093845
ROS1-19-0026,2016-08-13,0.6864044532461664,0.41597296294632835,-0.6451302748435938
ROS1-20-0010,2016-08-13,0.5692111206599489,0.3661327324484968,-0.5658783963449314
ROS1-19-0022,2016-08-13,0.22858989230525045,0.13263527790637145,-0.3551340077881229
ROS1-20-0007,2016-08-13,0.3519563934341108,0.21698918465073863,-0.4589464287605919
ROS1-26-0006,2016-08-13,0.5363774292691051,0.3543563753380653,-0.5534192073968017
ROS1-07-0045,2016-08-29,0.2485362549415906,0.1238259157995342,-0.354375799044965
ROS1-08-0010,2016-08-29,0.22086445221574244,0.09952750366083832,-0.3088883882379702
ROS1-12-0000,2016-08-29,0.20536382369917278,0.11559469044043981,-0.3254789894430017
ROS1-07-0012,2016-08-29,0.2795754089756803,0.16247519700422092,-0.39468138039399425
ROS1-18-0029,2016-08-29,0.5720518264329496,0.3753474622473344,-0.5878433432750251
ROS1-19-0041,2016-08-29,0.43084936194639367,0.24952464359374088,-0.515285161757776
ROS1-20-0023,2016-08-29,0.3385283063477699,0.19901967664060735,-0.45791685574915125
ROS1-25-0017,2016-08-29,0.6803186173956605,0.44876533102680743,-0.648614298396763
ROS1-26-0027,2016-08-29,0.19875718672328843,0.08062252754329588,-0.3339610667469322
ROS1-07-0011,2016-08-29,0.343431299513194,0.1790865199213101,-0.4586648276306115
ROS1-12-0004,2016-08-29,0.36590856607947597,0.2102614430858363,-0.4460594423517437
ROS1-19-0026,2016-08-29,0.6573634841177554,0.37198843631414075,-0.6280593701579433
ROS1-20-0010,2016-08-29,0.48547302633371514,0.2553500884046524,-0.5376225206856564
ROS1-19-0022,2016-08-29,0.24228979401017128,0.13683020355075273,-0.3681944717330294
ROS1-20-0007,2016-08-29,0.36157187887168596,0.20230986729407288,-0.46571749259046064
ROS1-26-0006,2016-08-29,0.4690116749971906,0.26339376319603286,-0.5102311143153747
ROS1-07-0045,2016-09-14,0.2744515095766729,0.14176872812359004,-0.3735671664515868
ROS1-08-0010,2016-09-14,0.2073154599376465,0.09524858444770219,-0.29912548191081817
ROS1-12-0000,2016-09-14,0.2273185849814132,0.12648064773476006,-0.3369802107622662
ROS1-07-0012,2016-09-14,0.26949449207556414,0.1588321501930732,-0.38664015267260193
ROS1-18-0029,2016-09-14,0.6183683048205864,0.4207439731918679,-0.6117858558888608
ROS1-19-0041,2016-09-14,0.4558581570955957,0.2551319560380655,-0.5398394054871108
ROS1-20-0023,2016-09-14,0.3674119964481256,0.20903340728447348,-0.4747024718733204
ROS1-25-0017,2016-09-14,0.5069132700631542,0.33423821847980434,-0.5476361293106164
ROS1-26-0027,2016-09-14,0.20176692320432446,0.08313063279861786,-0.34197532329553054
ROS1-07-0011,2016-09-14,0.22568232771652114,0.10170557621406918,-0.3486668734100546
ROS1-12-0004,2016-09-14,0.3200226262524232,0.1583587880400489,-0.38705512997359903
ROS1-19-0026,2016-09-14,0.6060976810493586,0.31808859911696047,-0.6180347032064848
ROS1-20-0010,2016-09-14,0.4117014478970192,0.19029547834967694,-0.49501252716939553
ROS1-19-0022,2016-09-14,0.3017247193064678,0.17542256272839052,-0.40257038210651536
ROS1-20-0007,2016-09-14,0.3827979401126859,0.21145666479984748,-0.481895064069261
ROS1-26-0006,2016-09-14,0.3946096684292269,0.1930197924049327,-0.4809257803084355
ROS1-08-0010,2016-09-30,0.2405163790409187,0.06795824581932595,-0.3046754667882253
ROS1-07-0012,2016-09-30,0.2973650053590066,0.14342932332299554,-0.3760500879192439
ROS1-19-0041,2016-09-30,0.4610770582350166,0.23003185788624667,-0.515000101161919
ROS1-20-0023,2016-09-30,0.3897206604831457,0.19612669074698263,-0.4690465619957141
ROS1-25-0017,2016-09-30,0.339057290250522,0.1830802236286783,-0.467165167306679
ROS1-26-0027,2016-09-30,0.2050498253659603,0.0793010161355173,-0.3246551564607528
ROS1-19-0026,2016-09-30,0.5568387382688433,0.24385373682179476,-0.5836243013232255
ROS1-20-0010,2016-09-30,0.4152780761080706,0.15220390567582487,-0.4752096436825366
ROS1-20-0007,2016-09-30,0.39623973789308364,0.1934147949989443,-0.4771732367800004
ROS1-26-0006,2016-09-30,0.445583138175047,0.17426282876046553,-0.5140165723302805
ROS1-07-0045,2016-10-16,0.5325543685573654,0.3033355237841463,-0.5192622733135959
ROS1-08-0010,2016-10-16,0.26065629914743815,0.060930799031091394,-0.29715619783903885
ROS1-19-0041,2016-10-16,0.5109242066309134,0.25126948543362654,-0.5506244624870046
ROS1-20-0023,2016-10-16,0.4687636963775104,0.2226223975177864,-0.5148653961193601
ROS1-25-0017,2016-10-16,0.323260213974419,0.14610044780710565,-0.3935128924553496
ROS1-07-0011,2016-10-16,0.2359924286127286,0.07935288574598535,-0.33207118633623217
ROS1-19-0026,2016-10-16,0.3317734867040619,0.13257557129213174,-0.4412313726353953
ROS1-20-0010,2016-10-16,0.4962195851720683,0.25981149148779514,-0.5390374996232189
ROS1-19-0022,2016-10-16,0.4086030460164097,0.21843995224481677,-0.4692202877647746
ROS1-20-0007,2016-10-16,0.3599937035816994,0.19796049540175373,-0.4481868812346212
ROS1-12-0000,2016-04-07,0.6346538875497052,0.34564384614536475,-0.6076895466977004
ROS1-01-0003,2016-04-07,0.6084984250452455,0.3676882398298371,-0.582601545759798
ROS1-18-0029,2016-04-07,0.6347254806628633,0.3737908241537791,-0.5985616337544065
ROS1-07-0011,2016-04-07,0.1871399979186465,0.08722696552659522,-0.27766249591321446
ROS1-12-0004,2016-04-07,0.4545366492867887,0.20971325820267844,-0.45687559883291173
ROS1-18-0007,2016-04-07,0.22257391318604872,0.09836822335586627,-0.30025936668774145
ROS1-12-0000,2016-04-23,0.8587402524508546,0.6034388797910611,-0.7704989696620984
ROS1-01-0003,2016-04-23,0.7973282515121055,0.591594563694711,-0.6947544926724304
ROS1-18-0029,2016-04-23,0.8515110578745453,0.6691160376863217,-0.7533703683350699
ROS1-07-0011,2016-04-23,0.22910791135031372,0.1013502326349808,-0.3076883955843712
ROS1-12-0004,2016-04-23,0.7462288166164299,0.41164497890145707,-0.6598504425818119
ROS1-18-0007,2016-04-23,0.239026589455014,0.07882449727255099,-0.34676066636279107
ROS1-12-0000,2016-05-09,0.911980695375819,0.7178782959171469,-0.8232233832087982
ROS1-12-0004,2016-05-09,0.8696327332569197,0.5782263018290184,-0.765063344854674
ROS1-12-0000,2016-05-25,0.9051774094031036,0.6628099263886877,-0.8320078246754689
ROS1-18-0029,2016-05-25,0.8817518900034609,0.7238552275709236,-0.7986212521045156
ROS1-12-0004,2016-05-25,0.8670295519405942,0.5584565230679782,-0.7811525512438527
ROS1-18-0007,2016-05-25,0.26856039671167564,0.1448118668471551,-0.3489241792151989
ROS1-01-0003,2016-06-10,0.8543075310508428,0.6392821414538992,-0.7668429916636116
ROS1-07-0011,2016-06-10,0.7369896636649166,0.5865339264642453,-0.6369020448149623
ROS1-12-0000,2016-06-26,0.3622493666134793,0.20120312734178725,-0.5294637297281539
ROS1-01-0003,2016-06-26,0.3279974555319507,0.1950833051726963,-0.4972257200435222
ROS1-18-0029,2016-06-26,0.5973899211761583,0.39925634450467845,-0.5879094035938873
ROS1-07-0011,2016-06-26,0.866645044131393,0.8800641476578664,-0.7540137059828692
ROS1-12-0004,2016-06-26,0.3573613857285095,0.19552066019163847,-0.4690857847528076
ROS1-18-0007,2016-06-26,0.7477864147918214,0.42621431357571876,-0.6755527166209357
ROS1-12-0000,2016-07-12,0.1914318639711453,0.11949195382134489,-0.3260557529533976
ROS1-01-0003,2016-07-12,0.2907379729501084,0.19253700792213957,-0.4457496535443096
ROS1-18-0029,2016-07-12,0.8206132890306053,0.6346047467745756,-0.7280517723088242
ROS1-07-0011,2016-07-12,0.7890310805327528,0.6691430243941173,-0.7024535980268652
ROS1-12-0004,2016-07-12,0.36374630403991165,0.20678448480009018,-0.4642195700738319
ROS1-18-0007,2016-07-12,0.8261513641407329,0.550271003291654,-0.7428374726268058
ROS1-12-0000,2016-07-28,0.24022086848566168,0.15530500437179395,-0.33406805609692974
ROS1-01-0003,2016-07-28,0.30116960080466465,0.21591759019096116,-0.42482871382427223
ROS1-18-0029,2016-07-28,0.7916747095671959,0.596182725543878,-0.6933635730896363
ROS1-07-0011,2016-07-28,0.7872937362256567,0.5974286999865167,-0.6677896572244184
ROS1-18-0007,2016-07-28,0.8195102174273573,0.5552474527581098,-0.7004792161059211
ROS1-12-0000,2016-08-13,0.2011365689233342,0.11988984840106223,-0.32724777502994595
ROS1-01-0003,2016-08-13,0.15443802624857225,0.19143718144837799,-0.19000880942816292
ROS1-18-0029,2016-08-13,0.4879334645997116,0.318245766413217,-0.5317848715672296
ROS1-07-0011,2016-08-13,0.4539738068481925,0.29567171198469017,-0.4426417228826157
ROS1-12-0004,2016-08-13,0.4533082247579156,0.2814546351525609,-0.5079110154650268
ROS1-18-0007,2016-08-13,0.6957634677323729,0.412566371572025,-0.6361356282253683
ROS1-12-0000,2016-08-29,0.2051486382943875,0.11537041181642893,-0.32529403800212553
ROS1-01-0003,2016-08-29,0.19113057183168294,0.1133198704852147,-0.31393188150925605
ROS1-18-0029,2016-08-29,0.5721203782682607,0.37591261336232895,-0.5872943517038449
ROS1-07-0011,2016-08-29,0.34357436258646495,0.1788882523018767,-0.45893683076254926
ROS1-12-0004,2016-08-29,0.3650499691560249,0.20988610930146656,-0.44518847682343277
ROS1-18-0007,2016-08-29,0.4720333166560952,0.23881821730152614,-0.5417577903444483
ROS1-12-0000,2016-09-14,0.22994881826771027,0.12734537628744821,-0.3394900410120524
ROS1-01-0003,2016-09-14,0.22670065077557666,0.13256436623270795,-0.3307972970761955
ROS1-18-0029,2016-09-14,0.6238986708860087,0.42442835858295264,-0.6156560109803397
ROS1-07-0011,2016-09-14,0.34530565661103574,0.11532698569003973,-0.47829832630000935
ROS1-12-0004,2016-09-14,0.32478563405255456,0.1602396634023999,-0.3911125660848752
ROS1-12-0000,2016-10-16,0.44442199713699226,0.19751906158439086,-0.49166433434089457
ROS1-01-0003,2016-10-16,0.23897664733467455,0.11035887010324563,-0.3418115469027991
ROS1-12-0004,2016-10-16,0.3665204735292371,0.09340294784058367,-0.3350565617302878
ROS1-18-0007,2016-10-16,0.26725182746571163,0.09654963714438794,-0.4020190901324603
ROS1-29-0006,2016-07-03,0.5645723617859937,0.4431130134799712,-0.5362420697985741
ROS1-22-0011,2016-07-03,0.8309130940737363,0.6463903534386266,-0.7433613344434561
ROS1-22-0011,2016-08-04,0.7589481119363675,0.4467276043331979,-0.6686542323136941
ROS1-29-0006,2016-08-20,0.6605802740300768,0.3329360949682557,-0.6140202745291974
ROS1-22-0011,2016-08-20,0.5226254592036775,0.23204681368509034,-0.5120236138447506
ROS1-29-0006,2016-09-05,0.611350528805623,0.30690375677395065,-0.5862893549100714
ROS1-22-0011,2016-09-05,0.428933127879564,0.1665192673203288,-0.4726758760498534
ROS1-15-0009,2016-06-17,0.7172203865272344,0.40476238580346063,-0.6527850652256562
ROS1-21-0016,2016-06-17,0.7944233931381861,0.6456413129683501,-0.69565775958128
ROS1-22-0016,2016-06-17,0.3836051325086477,0.1609344993252477,-0.4018028032403609
ROS1-15-0016,2016-06-17,0.5501494815258636,0.2658567336038475,-0.5526984625675475
ROS1-15-0014,2016-06-17,0.7876240291559669,0.47498727880018765,-0.7061143362272638
ROS1-15-0009,2016-07-03,0.4586949692495038,0.2551497424872271,-0.5280855275024111
ROS1-21-0016,2016-07-03,0.8311460612946222,0.6770065115970757,-0.7490044580629388
ROS1-22-0016,2016-07-03,0.3658968193626647,0.15672691979680042,-0.39469224928618274
ROS1-15-0016,2016-07-03,0.4195938137597535,0.21880077506498874,-0.5107861771404757
ROS1-22-0011,2016-07-03,0.8324186426127149,0.6469488371218212,-0.7442685529741282
ROS1-15-0014,2016-07-03,0.606702598025727,0.5371901459775059,-0.6354369328480948
ROS1-15-0009,2016-08-04,0.5723513338675884,0.1442861197234761,-0.40041449173166394
ROS1-21-0016,2016-08-04,0.729953825536102,0.4843681115913944,-0.6627745003584825
ROS1-22-0016,2016-08-04,0.8150042468323395,0.5512417064740242,-0.7133480811601537
ROS1-15-0016,2016-08-04,0.4165886404663299,0.2641103729743363,-0.4498835384193136
ROS1-22-0011,2016-08-04,0.760630037333854,0.4469722040226358,-0.669537520011956
ROS1-15-0014,2016-08-04,0.5014223985891858,0.31781198400400673,-0.5116841943591871
ROS1-15-0009,2016-08-20,0.2561354564462045,0.14061470718017302,-0.3791842263975166
ROS1-21-0016,2016-08-20,0.47462996953736386,0.23894971549554958,-0.49113546860790963
ROS1-22-0016,2016-08-20,0.7737326439530838,0.5117722853276894,-0.6932738266391344
ROS1-15-0016,2016-08-20,0.2342381931276412,0.11213045783374968,-0.344984636795113
ROS1-22-0011,2016-08-20,0.5239882300394996,0.23224210099130013,-0.5125589999205168
ROS1-15-0014,2016-08-20,0.33602183428731697,0.16777625245158984,-0.423954275099661
ROS1-15-0009,2016-09-05,0.2428659560723317,0.12424303538044845,-0.3585154961921245
ROS1-22-0016,2016-09-05,0.6770603563411262,0.3763473578599139,-0.599351947186467
ROS1-15-0016,2016-09-05,0.2807490204646375,0.14466881348202826,-0.36784514507032434
ROS1-22-0011,2016-09-05,0.42856747580604165,0.1664675749435408,-0.4722878207536044
ROS1-15-0014,2016-09-05,0.2744735336958214,0.1271202997350376,-0.37903429812812894
ROS1-15-0014,2016-10-23,0.37974393685732843,0.19226267596428337,-0.4128831479372015
ROS1-02-0005,2016-04-30,0.3717624282661235,0.22272835122158668,-0.38951635115189415
ROS1-07-0045,2016-04-30,0.7880740675596466,0.6136404253178731,-0.6906488524713512
ROS1-08-0010,2016-04-30,0.8778908068004905,0.6287549196570846,-0.7680768307994246
ROS1-01-0003,2016-04-30,0.876721208056787,0.7009258021270749,-0.7631315994424759
ROS1-07-0011,2016-04-30,0.20786278477020578,0.08327448183331616,-0.30277728695460726
ROS1-01-0015,2016-05-16,0.863220558862784,0.6032046304359985,-0.7738525883869214
ROS1-02-0005,2016-05-16,0.40845293782857744,0.2239270754086165,-0.4279269164677518
ROS1-01-0003,2016-05-16,0.8788340228298339,0.67007404395267,-0.7979914823703346
ROS1-07-0011,2016-05-16,0.2514788962310652,0.12964914535609864,-0.3343606819939206
ROS1-01-0015,2016-06-01,0.833598585400158,0.670511966385019,-0.759668368967515
ROS1-01-0003,2016-06-01,0.9119695369521881,0.5795037554474587,-0.8093831677529097
ROS1-07-0011,2016-06-01,0.5796836233177901,0.4108888082658687,-0.5049744351324827
ROS1-02-0005,2016-06-17,0.735497110149251,0.4857219023428,-0.6504768247476351
ROS1-07-0045,2016-06-17,0.7415213855389586,0.5059508313318821,-0.7040992656251283
ROS1-08-0010,2016-06-17,0.6455703812044753,0.43369499006060896,-0.6093277135260176
ROS1-01-0003,2016-06-17,0.6815443294202819,0.36666121198405066,-0.6631555708970673
ROS1-07-0011,2016-06-17,0.8411322722858652,0.6722880318688738,-0.7233491961898214
ROS1-01-0015,2016-07-03,0.30014015063350824,0.17808787490435785,-0.44198495207844074
ROS1-02-0005,2016-07-03,0.6997091324987991,0.527849089034239,-0.6508689221239521
ROS1-07-0045,2016-07-03,0.3940859838578923,0.23769668818649792,-0.5012366974282657
ROS1-08-0010,2016-07-03,0.3494806402450649,0.21198206337316544,-0.4580609836232986
ROS1-01-0003,2016-07-03,0.3002433880567628,0.17081143460854134,-0.4334092980530001
ROS1-07-0012,2016-07-03,0.3735494935224226,0.22220215819138384,-0.483316130182657
ROS1-07-0011,2016-07-03,0.7518684215518115,0.5861546487970688,-0.6748613335614967
ROS1-08-0010,2016-07-19,0.32942221989377696,0.13087704364674563,-0.36759670595064176
ROS1-01-0015,2016-08-04,0.25055672463775247,0.16474737045376442,-0.3628960179267135
ROS1-02-0005,2016-08-04,0.6475587674222991,0.4157609107039034,-0.5831490096743256
ROS1-07-0045,2016-08-04,0.28709154049364943,0.17460202129022356,-0.4046710723614241
ROS1-01-0003,2016-08-04,0.23203766540500198,0.14565123723517437,-0.3391454082666032
ROS1-07-0012,2016-08-04,0.4950435071859078,0.3449196306290482,-0.5433381400164848
ROS1-07-0011,2016-08-04,0.7041872369525142,0.47425768039169347,-0.6125387068856946
ROS1-01-0015,2016-08-20,0.29313916864195144,0.1994291218255867,-0.3950836124172306
ROS1-02-0005,2016-08-20,0.44279308505814635,0.23435090428435298,-0.452331718321759
ROS1-07-0045,2016-08-20,0.2505862080712796,0.12680058993554186,-0.359465521061776
ROS1-08-0010,2016-08-20,0.23264672809379622,0.10365454425899318,-0.3135921381614644
ROS1-01-0003,2016-08-20,0.2004529828651104,0.11497713268829023,-0.32629501679735656
ROS1-07-0012,2016-08-20,0.29494652399009025,0.16590439432112172,-0.40126981867912564
ROS1-07-0011,2016-08-20,0.37481177775222274,0.18915695620023132,-0.4374544409568395
ROS1-01-0015,2016-09-05,0.31694464250983434,0.20957992103779208,-0.4118421393537562
ROS1-02-0005,2016-09-05,0.32307103449032293,0.1428236899421907,-0.40478409208107563
ROS1-07-0045,2016-09-05,0.2654766208001032,0.1270166258003432,-0.36662456262283777
ROS1-08-0010,2016-09-05,0.3468691132756482,0.1380394071212451,-0.4195074174406341
ROS1-01-0003,2016-09-05,0.2311202890370495,0.1335372439892205,-0.3413733568837071
ROS1-07-0012,2016-09-05,0.2841437574120763,0.1532444663725751,-0.4004051626412433
ROS1-07-0011,2016-09-05,0.3082117718202754,0.16153706437777693,-0.4231314383331113
ROS1-07-0011,2016-10-07,0.19607099069903713,0.08562853991368233,-0.2698950683031286
ROS1-01-0003,2016-04-30,0.8766414723557062,0.6995346026119522,-0.7636992528482343
ROS1-01-0003,2016-05-16,0.8801977319778317,0.6698764819590446,-0.7998959303077834
ROS1-01-0003,2016-06-01,0.9156076851855424,0.5791538551150165,-0.8119151630478211
ROS1-01-0003,2016-06-17,0.6825015315996159,0.3666887930916308,-0.6640732283297444
ROS1-01-0003,2016-07-03,0.30461184551847303,0.17110161372926952,-0.4391778036178089
ROS1-01-0003,2016-08-04,0.2372136401240057,0.14792703569407248,-0.343282341475714
ROS1-01-0003,2016-08-20,0.20080666716618167,0.11501054335718323,-0.32712647075915713
ROS1-01-0003,2016-09-05,0.2314983239979967,0.1336819785370991,-0.34152584333525227
