anon_polygon_id,date,s2_ndvi,s2_evi,s2_ndwi
ROS1-01-0044,2019-04-01,0.3503080921824981,0.18746056697344055,-0.4279293583877243
ROS1-01-0005,2019-04-01,0.23324396210887396,0.09112204756030977,-0.33587347210098545
ROS1-01-0009,2019-04-01,0.1943856415879649,0.07297850808217171,-0.3105697041680118
ROS1-07-0005,2019-04-01,0.16922027307068851,0.06454568801034227,-0.28665324338398374
ROS1-13-0005,2019-04-01,0.5243376522375888,0.279955270580714,-0.5163496439971227
ROS1-07-0031,2019-04-01,0.16926850701436097,0.06619021418707231,-0.2756433957364419
ROS1-07-0005,2019-04-01,0.1711031673534469,0.0636006539974976,-0.29450885477438227
ROS1-08-0022,2019-04-01,0.2560664592530281,0.10786541769885488,-0.357519784023347
ROS1-07-0020,2019-04-01,0.3496847994941559,0.1829318422555611,-0.41602426262579056
ROS1-08-0025,2019-04-01,0.18980524534725735,0.050654816173428596,-0.3015978355996849
ROS1-13-0000,2019-04-01,0.7937245136241157,0.5374937266580422,-0.7125774004359202
ROS1-14-0009,2019-04-01,0.17837387156554618,0.05234251066626366,-0.318355322372538
ROS1-13-0020,2019-04-01,0.22705724037278485,0.10602166753487889,-0.35573439416797914
ROS1-24-0030,2019-04-01,0.08828814961179748,0.07511010530450449,-0.10658620978608035
ROS1-19-0016,2019-04-01,0.4023568100101777,0.24577777152179642,-0.46049491293436007
ROS1-24-0034,2019-04-01,0.1524858503877303,0.12734141916002445,-0.16213049140056698
ROS1-18-0009,2019-04-01,0.2169303433477485,0.10157923679972877,-0.3545151377401113
ROS1-24-0023,2019-04-01,0.1868490135674535,0.08347035731974133,-0.35754302189115594
ROS1-18-0027,2019-04-01,0.45584116110085043,0.22658978746432548,-0.5068582343803414
ROS1-24-0030,2019-04-01,0.0840340179686404,0.07255427137651861,-0.09782450021395799
ROS1-18-0014,2019-04-01,0.16736591067159562,0.08097531589355686,-0.2803401668055348
ROS1-24-0024,2019-04-01,0.8142953579256107,0.6371622406453817,-0.7407723057102495
ROS1-19-0018,2019-04-01,0.37284513801991875,0.2327289428295033,-0.4400222603328774
ROS1-24-0018,2019-04-01,0.1627118803435607,0.15176553468675483,-0.24061106168170027
ROS1-25-0027,2019-04-01,0.20161230256614393,0.10000522718257847,-0.3387665788350949
ROS1-19-0012,2019-04-01,0.2182843226709137,0.11077126396118314,-0.3408191260280698
ROS1-25-0012,2019-04-01,0.1835998661331582,0.06158920515030358,-0.32906733115222864
ROS1-13-0000,2019-04-01,0.791309848479434,0.5456825901255666,-0.7056704941458386
ROS1-19-0004,2019-04-01,0.428527309228871,0.15407278202574193,-0.4728447998750807
ROS1-20-0017,2019-04-01,0.26324408250178205,0.09051900815850593,-0.36148662328259923
ROS1-20-0026,2019-04-01,0.18742831985948272,0.05870664512618557,-0.32475019741014155
ROS1-25-0002,2019-04-01,0.41672518892533067,0.17936040316753202,-0.48024116564367464
ROS1-24-0023,2019-04-01,0.18625972856205864,0.08400909908402311,-0.35465198562996153
ROS1-25-0032,2019-04-01,0.3684561209397009,0.15839650041539477,-0.46142664417078594
ROS1-26-0040,2019-04-01,0.5474341372048981,0.31239791429245023,-0.554803214834639
ROS1-32-0006,2019-04-01,0.17146287651129713,0.08424574431592072,-0.29930435962759205
ROS1-31-0022,2019-04-01,0.2116230081331383,0.07958919067600678,-0.3644033532848983
ROS1-25-0018,2019-04-01,0.1651913700877645,0.06553931933294287,-0.3080207822385874
ROS1-32-0029,2019-04-01,0.19392874426988982,0.0913420210442347,-0.33265155331789
ROS1-14-0002,2019-04-01,0.2547495426811922,0.09672811119226053,-0.3788501199368689
ROS1-15-0022,2019-04-01,0.30161488949115756,0.13500308890347965,-0.4049958949450969
ROS1-15-0013,2019-04-01,0.1783531538486529,0.07505888081788065,-0.3254922225838802
ROS1-14-0031,2019-04-01,0.229181034124945,0.11585448235428791,-0.3407348531031395
ROS1-15-0025,2019-04-01,0.5794441099579272,0.3032539657619162,-0.5551708808504577
ROS1-16-0004,2019-04-01,0.18204531178746547,0.08764961670530287,-0.3208320506172038
ROS1-15-0013,2019-04-01,0.19195129288558493,0.07564757246523482,-0.37229288416946693
ROS1-21-0036,2019-04-01,0.21624073572384025,0.060186479941712,-0.415657094431815
ROS1-21-0000,2019-04-01,0.2993195861112138,0.09891261628469467,-0.4523866764610174
ROS1-20-0038,2019-04-01,0.31625642428580075,0.09691842212460651,-0.5066637482670475
ROS1-21-0003,2019-04-01,0.2274575493704527,0.051956306540619085,-0.45466579527325224
ROS1-26-0018,2019-04-01,0.22740824515321487,0.06710263106522385,-0.4507319045673177
ROS1-20-0017,2019-04-01,0.312383775383833,0.09474552106977654,-0.46364952978561536
ROS1-26-0030,2019-04-01,0.1879793925273938,0.06631083221070372,-0.3982611283055799
ROS1-27-0013,2019-04-01,0.21390262511618244,0.05618279690253839,-0.4401185842384634
ROS1-20-0026,2019-04-01,0.22454279229532997,0.06231812861221012,-0.4332317453787659
ROS1-21-0037,2019-04-01,0.21047007192248682,0.06223610279996284,-0.4260407232478952
ROS1-28-0013,2019-04-01,0.18368769263210968,0.0550673309261193,-0.3398868806792942
ROS1-22-0014,2019-04-01,0.16787198329231004,0.08116216372571196,-0.27079370442232986
ROS1-21-0010,2019-04-01,0.18495725214129244,0.0776351827944215,-0.32112447552108736
ROS1-22-0022,2019-04-01,0.40954095168614885,0.2136900612390183,-0.4717499297716751
ROS1-28-0015,2019-04-01,0.18445699535548696,0.054594447581068246,-0.336496135325152
ROS1-22-0002,2019-04-01,0.5681239782225785,0.3387987900715365,-0.5518584121721049
ROS1-22-0006,2019-04-01,0.16602725705391727,0.07092641642906071,-0.2940435271440042
ROS1-22-0014,2019-04-01,0.1708481695939485,0.07911601589491934,-0.29071542983779824
ROS1-29-0003,2019-04-01,0.23285965237811088,0.14375098117455115,-0.34967941048545054
ROS1-29-0005,2019-04-01,0.1779833995372366,0.0660766997579633,-0.31021865706010804
ROS1-27-0005,2019-04-01,0.3715797829114883,0.172766999108861,-0.4496804946600308
ROS1-32-0006,2019-04-01,0.17147026612566013,0.08426956632091268,-0.2984152922204371
ROS1-33-0008,2019-04-01,0.3177036291702587,0.16603792437777545,-0.41664338050489363
ROS1-32-0025,2019-04-01,0.5047097908640668,0.2774973269603559,-0.5302880745438692
ROS1-26-0030,2019-04-01,0.16686185757955468,0.0650749633130945,-0.3213286423708894
ROS1-28-0013,2019-04-01,0.17752649015688246,0.054689213087563776,-0.31864374075409035
ROS1-34-0005,2019-04-01,0.16216721455510494,0.052138036437422236,-0.3230649009061102
ROS1-27-0019,2019-04-01,0.332476228363774,0.14655008775563966,-0.42757587161310673
ROS1-28-0002,2019-04-01,0.18975565023417662,0.0602506117961584,-0.32880291835872866
ROS1-33-0020,2019-04-01,0.20309786889074463,0.07386607960607332,-0.35186371273721795
ROS1-28-0015,2019-04-01,0.17866270038143608,0.054389796285154626,-0.31491392114257377
ROS1-33-0013,2019-04-01,0.6355779100802013,0.3676883596609615,-0.6287404853380584
ROS1-33-0008,2019-04-01,0.31748888864108127,0.16632854141923534,-0.41595886899276063
ROS1-34-0005,2019-04-01,0.16195769579516905,0.05219686314716203,-0.3216515353462476
ROS1-33-0013,2019-04-01,0.6353718127058129,0.36797418115921454,-0.6277620065017343
ROS1-38-0007,2019-04-03,0.022609026338546633,0.02055233684619779,-0.11752769831732154
ROS1-28-0013,2019-04-03,0.018226400064887214,0.09299292613748056,-0.028123643490422595
ROS1-28-0015,2019-04-03,0.015604134055225195,0.07938004897495096,-0.027380423816196073
ROS1-33-0008,2019-04-03,0.01917538186745705,0.0959396164780484,-0.02805142224401369
ROS1-28-0013,2019-04-03,0.017762090245352486,0.09467391520068033,-0.02675516903493752
ROS1-34-0005,2019-04-03,0.029830710698209088,0.19133726828439104,-0.03355170665619077
ROS1-28-0002,2019-04-03,0.01626234194566601,0.10112669100964006,-0.026083755083101897
ROS1-33-0020,2019-04-03,0.019884077663390468,0.11417157897557646,-0.02857590204434052
ROS1-28-0015,2019-04-03,0.015010727045872002,0.08030380836568426,-0.025744577551174708
ROS1-38-0007,2019-04-03,0.020038163827860375,0.056481762157555446,-0.036080811420382004
ROS1-43-0026,2019-04-03,0.37807184275688893,0.21110933685977087,-0.3830791695023275
ROS1-43-0016,2019-04-03,0.04059323940361002,0.05621791952862079,-0.00789109220216944
ROS1-43-0016,2019-04-03,0.043418363631496815,0.05591704859094056,-0.011441712535157477
ROS1-33-0008,2019-04-03,0.01877037757965792,0.09673842147596444,-0.026872184573312332
ROS1-34-0005,2019-04-03,0.02934661571228212,0.1962317310782945,-0.03211590268377293
ROS1-01-0044,2019-04-04,0.36022049160941905,0.1921875229850726,-0.411354912135084
ROS1-01-0005,2019-04-04,0.22500449735919514,0.09287420616821965,-0.3042035688493274
ROS1-01-0009,2019-04-04,0.18891490404282754,0.12600606361957553,-0.22153048616704543
ROS1-07-0005,2019-04-04,0.1629482741375621,0.05256626720878115,-0.26519885250700664
ROS1-07-0031,2019-04-04,0.1652858239406285,0.06528402295056268,-0.2559293994103846
ROS1-07-0005,2019-04-04,0.16257138478689376,0.05224440914678898,-0.26155272343364355
ROS1-08-0022,2019-04-04,0.03217214158663401,0.04490064178663914,-0.03444721995602473
ROS1-08-0025,2019-04-04,0.08187031637211943,0.08176542060934142,-0.06361455015604117
ROS1-37-0046,2019-04-05,0.19943850277069475,0.1277337320745178,-0.3111847309640941
ROS1-37-0019,2019-04-05,0.31559296646122653,0.1992378389670294,-0.3972413230266474
ROS1-42-0016,2019-04-05,0.3606330044409389,0.2117948823881862,-0.43707098426682
ROS1-36-0007,2019-04-05,0.3439683186102185,0.2707067451287864,-0.2920981814572304
ROS1-42-0010,2019-04-05,0.3259309498544603,0.18913007951706562,-0.3146891851945166
ROS1-37-0046,2019-04-05,0.19830441256549913,0.12822910258595857,-0.3078614588374938
ROS1-42-0009,2019-04-05,0.22576105007322736,0.2670192498583748,-0.2528392760773646
ROS1-43-0026,2019-04-05,0.39047121346575614,0.21761308670270127,-0.45443377994066686
ROS1-37-0046,2019-04-05,0.19951536965695485,0.12660605129509597,-0.31101987942084486
ROS1-43-0017,2019-04-05,0.19089302039715259,0.14833888776291304,-0.2524510844885832
ROS1-42-0016,2019-04-05,0.35748939844045435,0.2143192614120783,-0.42895227491856047
ROS1-43-0016,2019-04-05,0.17812789353205405,0.09464286524277483,-0.3464429576281033
ROS1-42-0009,2019-04-05,0.22348485533453855,0.2708515249241734,-0.24659927373679674
ROS1-43-0016,2019-04-05,0.18053408968065818,0.09408816763999785,-0.3517221960609355
ROS1-49-0012,2019-04-05,0.6323676334091551,0.5303431241453536,-0.5928649229987749
ROS1-49-0001,2019-04-05,0.43498765663701267,0.24692140064507184,-0.4238289464365544
ROS1-49-0002,2019-04-05,0.27652834001066806,0.16375887650798326,-0.3619356184494021
ROS1-01-0044,2019-04-06,0.28654074914395183,0.208406937240333,-0.3093947782965237
ROS1-01-0005,2019-04-06,0.22789616335802235,0.10818217104502313,-0.29812884242326587
ROS1-01-0009,2019-04-06,0.19595619680242957,0.09130219753942596,-0.2707484723865145
ROS1-07-0005,2019-04-06,0.15361460802048263,0.06814039652623442,-0.1969904515297608
ROS1-13-0005,2019-04-06,0.5490183730750192,0.33269614241868517,-0.5034359211307394
ROS1-07-0031,2019-04-06,0.15930904347439828,0.07166130462989383,-0.21390984651238293
ROS1-07-0005,2019-04-06,0.16746771695724322,0.0656339338719819,-0.25190840760769395
ROS1-08-0022,2019-04-06,0.2577097449511451,0.10786492299205058,-0.32001723036946794
ROS1-07-0020,2019-04-06,0.11942960461893336,0.2159884545765341,-0.1213103928714903
ROS1-08-0025,2019-04-06,0.16571581723880724,0.08797435438694423,-0.2316638957733887
ROS1-13-0000,2019-04-06,0.7266518423317766,0.7147034191069759,-0.6413942818750472
ROS1-14-0009,2019-04-06,0.17864927050898122,0.057424890046730646,-0.27149619152080184
ROS1-13-0020,2019-04-06,0.20027425911078134,0.21782384746941974,-0.23564963819977633
ROS1-24-0030,2019-04-06,0.17166189553536373,0.08338936377482199,-0.2770894255082543
ROS1-19-0016,2019-04-06,0.3979313464751026,0.31749718990129344,-0.40254670384735597
ROS1-24-0034,2019-04-06,0.29988999339225586,0.13872502736087733,-0.38830281120752286
ROS1-18-0009,2019-04-06,0.21340016592874683,0.11327287815659019,-0.30875175265692034
ROS1-24-0023,2019-04-06,0.1893500093680225,0.14405282309815945,-0.22771942579417387
ROS1-18-0027,2019-04-06,0.4648379685429405,0.2649808054880373,-0.47777669957332347
ROS1-24-0030,2019-04-06,0.18310170393238892,0.0807759679607243,-0.3300633865794123
ROS1-18-0014,2019-04-06,0.1629102049784446,0.09034794681086239,-0.2522899236179635
ROS1-24-0024,2019-04-06,0.8068413977213026,0.6693789453795557,-0.7236641741549616
ROS1-19-0018,2019-04-06,0.38079292959846517,0.29296527583773585,-0.40525566526971024
ROS1-24-0018,2019-04-06,0.1800723432574328,0.0721286718727797,-0.304007018529227
ROS1-25-0027,2019-04-06,0.12884127991767483,0.1623130252671961,-0.10811804105859361
ROS1-19-0012,2019-04-06,0.1905336215525679,0.10994479529934353,-0.2454672393162336
ROS1-13-0000,2019-04-06,0.7208093039213369,0.7293244999341552,-0.6319077325869622
ROS1-19-0004,2019-04-06,0.15898181281698437,0.3524797491555256,-0.14496228954208049
ROS1-20-0026,2019-04-06,0.18657103057499952,0.06284907838565999,-0.312515320079139
ROS1-25-0002,2019-04-06,0.36338358264440773,0.20024953482184138,-0.3696423794587597
ROS1-24-0023,2019-04-06,0.1871973241704848,0.14396041794667913,-0.21836108702415197
ROS1-25-0032,2019-04-06,0.22622098837516347,0.19028490861449746,-0.24871561483013754
ROS1-26-0040,2019-04-06,0.5671633866605698,0.36079401328439675,-0.5479220156185215
ROS1-32-0006,2019-04-06,0.1767531882127134,0.09417559396343143,-0.3019677969789941
ROS1-25-0018,2019-04-06,0.07746689482174945,0.06520175638068401,-0.08836964809185778
ROS1-32-0029,2019-04-06,0.08505441770480644,0.15806202096893965,-0.12478216365718145
ROS1-14-0002,2019-04-06,0.23924760067007259,0.10348552974798923,-0.3263027500366787
ROS1-15-0022,2019-04-06,0.2789053722633544,0.1448660504625311,-0.33516083996541685
ROS1-15-0013,2019-04-06,0.1544928259411018,0.0762392028834211,-0.25993472691393404
ROS1-14-0031,2019-04-06,0.23708690831826165,0.1381144389903176,-0.3138242246417081
ROS1-15-0025,2019-04-06,0.5603191865742707,0.35221655229153503,-0.5054506567110784
ROS1-16-0004,2019-04-06,0.1869625088066454,0.098947169214422,-0.3037502660986824
ROS1-15-0013,2019-04-06,0.17164669179039269,0.07903161738194617,-0.3112363335523551
ROS1-21-0036,2019-04-06,0.17964698380891403,0.05985491217104117,-0.30250484906604663
ROS1-21-0000,2019-04-06,0.2791828839812219,0.1119492816445893,-0.3752673858729747
ROS1-20-0038,2019-04-06,0.26701449951367945,0.2884638116786991,-0.30658221835302896
ROS1-21-0003,2019-04-06,0.20279258903027583,0.08218432340039704,-0.27602748989169384
ROS1-26-0018,2019-04-06,0.2090033516264998,0.0816147265523198,-0.3589989087368431
ROS1-26-0030,2019-04-06,0.18708104989873361,0.06442871060014863,-0.35210992930929225
ROS1-27-0013,2019-04-06,0.16438441400467893,0.05792244661536502,-0.2899179451515313
ROS1-20-0026,2019-04-06,0.1907837851344862,0.0621543657395893,-0.3266515688672458
ROS1-21-0037,2019-04-06,0.17741077229158564,0.06488054093924221,-0.3125977944646418
ROS1-28-0013,2019-04-06,0.15269450114291772,0.0537453964107024,-0.2637555997894728
ROS1-22-0014,2019-04-06,0.16738084651666474,0.08908458310609406,-0.2529385535822502
ROS1-21-0010,2019-04-06,0.16904141150265561,0.08009524654111846,-0.27498045604406557
ROS1-22-0022,2019-04-06,0.3974705388153218,0.23275838583113395,-0.43438507097742846
ROS1-28-0015,2019-04-06,0.15426695714829625,0.05320646414566114,-0.26298670532541113
ROS1-22-0002,2019-04-06,0.5585020504830667,0.37756055420941076,-0.5209062695439312
ROS1-22-0006,2019-04-06,0.1612619346520384,0.07613577013020945,-0.2684905436601216
ROS1-22-0014,2019-04-06,0.17189426677592243,0.08526266796856076,-0.2840703788956512
ROS1-29-0003,2019-04-06,0.21699480720359424,0.14056625050321528,-0.334231574688944
ROS1-29-0005,2019-04-06,0.1647500945478808,0.05368073188896112,-0.2622599691949082
ROS1-27-0005,2019-04-06,0.3759433362417593,0.2072131268708034,-0.4319383924346061
ROS1-32-0006,2019-04-06,0.17745538932010316,0.09316355914627952,-0.302613193508016
ROS1-33-0008,2019-04-06,0.2139668112109343,0.22059565165258288,-0.25261477072988264
ROS1-32-0025,2019-04-06,0.5515212755913241,0.35460413123184786,-0.553022607179742
ROS1-26-0030,2019-04-06,0.17815461922723697,0.06452704784900344,-0.3205698521002014
ROS1-28-0013,2019-04-06,0.16832669818101165,0.055368392518521686,-0.3033562506269099
ROS1-34-0005,2019-04-06,0.15215965867997622,0.05188857219422747,-0.3181282960009838
ROS1-27-0019,2019-04-06,0.33300473692275334,0.15566263706735076,-0.42147101579956747
ROS1-28-0002,2019-04-06,0.1865510281248149,0.062425768866263324,-0.3261837019668179
ROS1-33-0020,2019-04-06,0.1990022001012648,0.07442757927049413,-0.3389405002986991
ROS1-28-0015,2019-04-06,0.17191225252732828,0.055156848682858084,-0.30550969540043427
ROS1-33-0013,2019-04-06,0.647821857942883,0.3925356255455754,-0.6270866955890882
ROS1-33-0008,2019-04-06,0.2095989011461961,0.2338795174308679,-0.24890279158373874
ROS1-34-0005,2019-04-06,0.15248232066755366,0.05213799773587659,-0.31697313100722013
ROS1-33-0013,2019-04-06,0.6479999691437381,0.39370229124807254,-0.6264479942885107
ROS1-24-0030,2019-04-08,0.10056976433459525,0.06290122685445289,-0.1239365785251434
ROS1-24-0030,2019-04-08,0.10170689899450994,0.05758794761214213,-0.14772272591002494
ROS1-24-0024,2019-04-08,0.759915185227459,0.8453420274332729,-0.6521184179304551
ROS1-29-0003,2019-04-08,0.1587328119582728,0.12281598704404666,-0.19072650971477623
ROS1-34-0005,2019-04-08,0.10116047492564413,0.06298269082249969,-0.11952922659089545
ROS1-27-0019,2019-04-08,-0.0017506461535518427,0.5803547231042907,0.030524958845156425
ROS1-36-0007,2019-04-08,0.4272604955588731,0.35897722339326577,-0.4134751684216212
ROS1-42-0010,2019-04-08,0.29574793493946727,0.3152400429662626,-0.24815506710466032
ROS1-44-0000,2019-04-08,0.09847805207758611,0.12772600465408088,-0.11757923217761657
ROS1-43-0017,2019-04-08,0.10459062943681972,0.25533389817453617,-0.13429450834278314
ROS1-49-0002,2019-04-08,0.138101692809647,0.20696179744213253,-0.14574425263927526
ROS1-34-0005,2019-04-08,0.10078777093174668,0.06500193687850472,-0.11370026785222226
ROS1-01-0044,2019-04-09,0.4153330633637779,0.2329687549751117,-0.43590282996736474
ROS1-01-0005,2019-04-09,0.26642488501580525,0.10710325623464063,-0.3603253175598565
ROS1-01-0009,2019-04-09,0.2513722789481587,0.11276255909126658,-0.3326183537528817
ROS1-07-0031,2019-04-09,0.20083726484041145,0.07052701589341175,-0.29782546977659874
ROS1-08-0022,2019-04-09,0.3126149794496514,0.15702124525252154,-0.37788262385397575
ROS1-08-0025,2019-04-09,0.044595318174562346,0.11108446607332009,-0.08535133831853065
ROS1-15-0025,2019-04-09,0.6236484919709049,0.44010268742492403,-0.5468324672056379
ROS1-22-0014,2019-04-09,0.0618361629315304,0.049819345453314325,-0.11388355028442802
ROS1-22-0014,2019-04-09,0.07443992414931482,0.05033598476883068,-0.1459245719003266
ROS1-37-0046,2019-04-10,0.2152181547341607,0.13678533510721103,-0.3208620861661509
ROS1-36-0005,2019-04-10,0.17649667582878045,0.07769310590235294,-0.3563662664500598
ROS1-37-0019,2019-04-10,0.3273137674935977,0.21184792952465806,-0.43675227735960936
ROS1-42-0016,2019-04-10,0.4785315293319825,0.2615775584038566,-0.5485917963931247
ROS1-36-0007,2019-04-10,0.7128161753078621,0.4941229985845401,-0.6751561449982012
ROS1-42-0010,2019-04-10,0.3120841378270858,0.263963214036803,-0.31580510455192495
ROS1-37-0046,2019-04-10,0.22349356383428268,0.13897271560540603,-0.3406119594030631
ROS1-42-0009,2019-04-10,0.42874614126796967,0.24548729136055517,-0.5138643057604773
ROS1-43-0026,2019-04-10,0.47357637603073993,0.2810375668810472,-0.5018137300308546
ROS1-44-0000,2019-04-10,0.2285058123375771,0.20377297216115864,-0.2760572096691113
ROS1-37-0046,2019-04-10,0.21388163902217577,0.13644371555307752,-0.31508188257340464
ROS1-43-0017,2019-04-10,0.21870760654332275,0.14317300725483897,-0.32418863658839797
ROS1-42-0016,2019-04-10,0.47516140915781874,0.2644800623602862,-0.5403031749593846
ROS1-43-0016,2019-04-10,0.15455767864429074,0.07222312064905138,-0.3623156928029991
ROS1-42-0009,2019-04-10,0.4257909872647739,0.24808765870955762,-0.5062694225665211
ROS1-43-0016,2019-04-10,0.15664137528466318,0.07697101074819201,-0.33234324351407757
ROS1-49-0012,2019-04-10,0.7371691814931907,0.5253585754862425,-0.6743955731221832
ROS1-49-0001,2019-04-10,0.5716881195745229,0.3339864743379404,-0.5668010362109054
ROS1-50-0003,2019-04-10,0.3034503386313369,0.16514569894239797,-0.40842566214228526
ROS1-49-0002,2019-04-10,0.3144975424039149,0.19556413791579538,-0.39546287207287467
ROS1-07-0005,2019-04-11,0.10643830014984595,0.12462038264856398,-0.14236461957749924
ROS1-13-0005,2019-04-11,0.6325167014921229,0.43931899438606525,-0.5782824042574288
ROS1-07-0031,2019-04-11,0.017052350203561415,0.0014894790265211442,0.02621409839118789
ROS1-07-0005,2019-04-11,0.10456966737537245,0.12483859832690634,-0.1423326234977209
ROS1-24-0034,2019-04-11,0.18917741337165325,0.14281994939028791,-0.20072720138742914
ROS1-18-0027,2019-04-11,0.35830080375851514,0.24970417011600388,-0.36855074926121373
ROS1-24-0018,2019-04-11,0.14075328933995407,0.0930803503480076,-0.20593754074478327
ROS1-25-0032,2019-04-11,0.34958120451901403,0.19532426056012211,-0.35672453705284113
ROS1-29-0005,2019-04-11,0.1875079812532181,0.062177814381364084,-0.3258391161519735
ROS1-33-0008,2019-04-11,0.3632327091806263,0.24087431830363085,-0.41256485950556826
ROS1-34-0005,2019-04-11,0.1429175961841525,0.052864157062998456,-0.2855860509559968
ROS1-33-0013,2019-04-11,0.5750443355809495,0.41849597778631775,-0.5569083478059138
ROS1-33-0008,2019-04-11,0.36059123310165586,0.24056275805138563,-0.408715087418722
ROS1-34-0005,2019-04-11,0.14272846484148946,0.0530237967376806,-0.2845601461544684
ROS1-33-0013,2019-04-11,0.5749654252650148,0.41941757937286767,-0.5563475814323434
ROS1-24-0034,2019-04-13,0.07471803085309625,0.07118982751927966,-0.16489435151244355
ROS1-18-0027,2019-04-13,-0.0036898779188307878,-0.16608097341279832,0.012650178049974004
ROS1-25-0027,2019-04-13,0.025928932664187426,0.23791146266804494,0.0084926004794512
ROS1-25-0012,2019-04-13,-0.045312877052700984,-0.6063985722579127,0.060691666966657495
ROS1-32-0006,2019-04-13,0.017845745994651722,0.036685058520775395,0.031005923943858087
ROS1-38-0007,2019-04-13,0.16013667825310943,0.07622946194447741,-0.287684779896006
ROS1-37-0031,2019-04-13,0.0803649911834264,0.17609536861416736,-0.13109441401993474
ROS1-31-0033,2019-04-13,0.19849255990162248,0.15326543611401514,-0.24087039582513514
ROS1-32-0029,2019-04-13,0.08606891770520225,-23.5549528420592,-0.11367029326280792
ROS1-20-0038,2019-04-13,0.1761085152798502,0.22509860937519713,-0.20039260202585119
ROS1-27-0005,2019-04-13,0.22829110049125434,0.3350078654838759,-0.20393589610322535
ROS1-32-0006,2019-04-13,0.01883463624565423,0.04292672971884001,0.03012627858034836
ROS1-33-0008,2019-04-13,0.17219286970184006,0.1267931860052924,-0.18723883212760256
ROS1-32-0025,2019-04-13,0.6685172355083338,0.4493574121859379,-0.5524124820113869
ROS1-28-0002,2019-04-13,-0.23317259784917824,-0.24584121863886027,0.10537852430156089
ROS1-42-0010,2019-04-13,0.02020051034265916,0.2341533267979138,-0.018599436568231896
ROS1-38-0007,2019-04-13,0.15546598061791606,0.07619266390730603,-0.2732506228806919
ROS1-37-0031,2019-04-13,0.07642248553028153,0.22102414205525706,-0.11782879743302414
ROS1-38-0004,2019-04-13,0.6230703468279388,0.38969725062238275,-0.5528436631127934
ROS1-43-0026,2019-04-13,0.3844074569999987,0.37979914130742437,-0.37238776225836534
ROS1-44-0000,2019-04-13,0.39379675685655813,0.1960580885281466,-0.4417407639392438
ROS1-43-0017,2019-04-13,0.11865124348801782,0.17007725639331045,-0.18786110961860167
ROS1-43-0016,2019-04-13,0.1912215142225281,0.1128938540493523,-0.34878912874359164
ROS1-43-0016,2019-04-13,0.18885083758157245,0.11177452578208885,-0.3437752966775805
ROS1-49-0012,2019-04-13,0.6258006043865518,0.40761608764164836,-0.5710121568085895
ROS1-49-0001,2019-04-13,0.6042358326293923,0.47379110324942947,-0.576832142844387
ROS1-50-0003,2019-04-13,0.3593481606918233,0.2731033535679575,-0.35009822855972317
ROS1-49-0002,2019-04-13,0.3516412518216778,0.27032533588589125,-0.41110540589029954
ROS1-33-0008,2019-04-13,0.17647266585880866,0.13219703788399645,-0.18696303512075382
ROS1-42-0016,2019-04-15,0.5512258758812643,0.37434960653410915,-0.5354758937429154
ROS1-42-0010,2019-04-15,0.5927529900652638,0.3596923930612028,-0.5738079609489011
ROS1-42-0016,2019-04-15,0.5481402256241196,0.3793827047086866,-0.528973384210111
ROS1-50-0003,2019-04-15,0.3473128097503396,0.25511380178850723,-0.3834797268302156
ROS1-22-0014,2019-04-16,-0.00430341404306508,-0.03852946862208482,0.0020889702177315623
ROS1-22-0014,2019-04-16,-0.003800084188611098,-0.03107478200377423,5.363975328698157E-4
ROS1-19-0016,2019-04-18,0.6562268788961506,0.48003902670107385,-0.5830777833340308
ROS1-19-0018,2019-04-18,0.6449823720560781,0.425282246248217,-0.5783768230201817
ROS1-25-0027,2019-04-18,0.35178468161518317,0.15885711341937042,-0.4001447162486721
ROS1-25-0012,2019-04-18,0.23949595740465937,0.08891480129658617,-0.3573667374928369
ROS1-37-0046,2019-04-18,0.3263687295962165,0.18818041233451485,-0.410853785670507
ROS1-26-0040,2019-04-18,0.6795394195707277,0.45745373224883207,-0.625212503720272
ROS1-31-0021,2019-04-18,0.5518937834232174,0.2733054792195136,-0.5400024743896343
ROS1-32-0006,2019-04-18,0.24718609464408445,0.13770034618217294,-0.33713732954063463
ROS1-38-0007,2019-04-18,0.2064829696017206,0.07788687155337874,-0.35935577582791317
ROS1-31-0022,2019-04-18,0.373934038021684,0.16326927562597457,-0.42981321297309305
ROS1-37-0031,2019-04-18,0.38211726334058205,0.24703886312725126,-0.43745663319379025
ROS1-25-0018,2019-04-18,0.18328342462919497,0.06456133338263856,-0.30906398439507465
ROS1-31-0033,2019-04-18,0.41746511121002755,0.1808993279074167,-0.4629932021774967
ROS1-32-0029,2019-04-18,0.30010610249655323,0.12356697844215873,-0.37870311903147874
ROS1-37-0046,2019-04-18,0.3237290122359137,0.18538970090637152,-0.40664927025159286
ROS1-20-0038,2019-04-18,0.41250666225195,0.19063251174081028,-0.45006409245807893
ROS1-21-0003,2019-04-18,0.25419089330842126,0.07983806073077693,-0.3380745283016256
ROS1-26-0018,2019-04-18,0.22255819081021064,0.08639988690928353,-0.3440093979758688
ROS1-26-0030,2019-04-18,0.19475942370260713,0.07609804880230146,-0.3418793923007739
ROS1-27-0013,2019-04-18,0.189394645543058,0.07489735114323717,-0.3165608176209144
ROS1-28-0013,2019-04-18,0.1903073923229157,0.07251151252634233,-0.3222490562151646
ROS1-28-0015,2019-04-18,0.19403599125940812,0.0738052361652658,-0.32215541658314656
ROS1-29-0003,2019-04-18,0.406451526517536,0.21101750436452565,-0.4543109001738667
ROS1-27-0005,2019-04-18,0.4817069732589676,0.23201028499847293,-0.48201852492405706
ROS1-32-0006,2019-04-18,0.24799040101284114,0.13623915102789674,-0.33931606302876655
ROS1-33-0008,2019-04-18,0.4737545690085592,0.2797308108568701,-0.48518514192158757
ROS1-32-0025,2019-04-18,0.7712643082627472,0.55580216863519,-0.6728504346123646
ROS1-26-0030,2019-04-18,0.1921120149356662,0.07644064200907139,-0.3337754181147602
ROS1-28-0013,2019-04-18,0.1880009758753926,0.0727335791382399,-0.31335267096836644
ROS1-34-0005,2019-04-18,0.16620807842828436,0.07344913079732335,-0.3086951164911486
ROS1-27-0019,2019-04-18,0.41050411191827707,0.20926042969869676,-0.44464961674538395
ROS1-28-0002,2019-04-18,0.19358320151522423,0.08128323605338238,-0.31793098943089587
ROS1-33-0020,2019-04-18,0.21431097126944443,0.09479012082918627,-0.34817463363509027
ROS1-28-0015,2019-04-18,0.191472973703701,0.07392648765887193,-0.313498556553889
ROS1-33-0013,2019-04-18,0.7692363454835887,0.475674796000186,-0.6839857359258689
ROS1-31-0021,2019-04-18,0.5504590521989837,0.27977283492775723,-0.5336504197826635
ROS1-36-0005,2019-04-18,0.22591069760828275,0.0833059156725591,-0.359732805202237
ROS1-37-0019,2019-04-18,0.33728186761033513,0.2010089809243894,-0.41402458232536266
ROS1-42-0016,2019-04-18,0.6042713084824322,0.3731146521713268,-0.5776896145845312
ROS1-36-0007,2019-04-18,0.7722964598855622,0.6128927621643347,-0.6937376786544932
ROS1-42-0010,2019-04-18,0.6735061152619737,0.40038727786423894,-0.6260702172520465
ROS1-37-0046,2019-04-18,0.3221950543558031,0.18961293247157537,-0.4004662314988025
ROS1-42-0009,2019-04-18,0.5677170208470523,0.3125437725417346,-0.5834557355528597
ROS1-31-0021,2019-04-18,0.5502812517257435,0.27514253750632883,-0.5359741460553616
ROS1-38-0007,2019-04-18,0.20460380314523727,0.07802213554804004,-0.3535671313017983
ROS1-37-0031,2019-04-18,0.3804488097306046,0.24785946600763947,-0.43415443443571794
ROS1-38-0004,2019-04-18,0.8189553615262504,0.5301273734405043,-0.729398503973038
ROS1-43-0026,2019-04-18,0.722381234243433,0.40166426296357505,-0.6663716895587434
ROS1-44-0000,2019-04-18,0.4691080854026589,0.2259259642597105,-0.5177701672789964
ROS1-37-0046,2019-04-18,0.3225757929359288,0.18637322635548778,-0.403405362618635
ROS1-43-0017,2019-04-18,0.4087945798029024,0.1952173460499376,-0.43249497573296936
ROS1-42-0016,2019-04-18,0.596922460895442,0.37557336079757986,-0.5665147912551864
ROS1-43-0016,2019-04-18,0.187228240124886,0.08806428260663819,-0.37780664025754196
ROS1-42-0009,2019-04-18,0.5613102648240912,0.3151401546929705,-0.5716885379878358
ROS1-43-0016,2019-04-18,0.18556680163197606,0.08579382114450852,-0.3732525944186058
ROS1-49-0012,2019-04-18,0.8699945674638002,0.6124837638464572,-0.7723543147925053
ROS1-49-0001,2019-04-18,0.7966867005274368,0.4909372803290891,-0.7099126023693116
ROS1-50-0003,2019-04-18,0.530689741372956,0.2668416866184594,-0.5494628565701392
ROS1-49-0002,2019-04-18,0.47152498703763357,0.25038593349931226,-0.4983090952860148
ROS1-33-0008,2019-04-18,0.47353910614071515,0.28035847210688125,-0.4844105193032414
ROS1-34-0005,2019-04-18,0.16624970028554853,0.0734748005225017,-0.30868686528360784
ROS1-33-0013,2019-04-18,0.7692559160404462,0.4756224838866615,-0.6842665693602941
ROS1-14-0031,2019-04-19,0.37104945345952295,0.2227103057433728,-0.39136036206851726
ROS1-15-0025,2019-04-19,0.769010026405459,0.3826863935357282,-0.6836549801861733
ROS1-36-0005,2019-04-20,0.1910586838989154,0.11873865569244284,-0.34347992482773004
ROS1-36-0007,2019-04-20,0.7858293330539694,0.7007077558631182,-0.7124584921213899
ROS1-42-0009,2019-04-20,0.5500348432326595,0.2809566878907824,-0.5974212854562905
ROS1-43-0026,2019-04-20,0.6904634994042514,0.4717708618447828,-0.6611799462603839
ROS1-44-0000,2019-04-20,0.41820817205873895,0.2570506911753798,-0.5006656160870578
ROS1-43-0017,2019-04-20,0.35603992335521667,0.24833166476589322,-0.4216755343467661
ROS1-43-0016,2019-04-20,0.19315160571303788,0.10794123750041999,-0.3610170209698362
ROS1-42-0009,2019-04-20,0.5462110498669251,0.2840598572501401,-0.588863639614753
ROS1-49-0012,2019-04-20,0.8839303219065671,0.6470465347086124,-0.7965110600843466
ROS1-49-0001,2019-04-20,0.7722975602401018,0.5360614448582092,-0.7148176499096851
ROS1-50-0003,2019-04-20,0.49126506164805483,0.30879960961894315,-0.5447895012746241
ROS1-49-0002,2019-04-20,0.4495477927215111,0.26188317757886653,-0.5111759288526291
ROS1-01-0044,2019-04-21,0.5854904805631628,0.34169286764378287,-0.5454737698404137
ROS1-01-0005,2019-04-21,0.44185526080141174,0.22051442338039579,-0.4288670421829196
ROS1-01-0009,2019-04-21,0.35576318287487363,0.17680987526023653,-0.37938674797613403
ROS1-07-0005,2019-04-21,0.17595045823703578,0.07020301135112172,-0.29154678650829124
ROS1-13-0005,2019-04-21,0.8358523540752305,0.5791757968376227,-0.7512588320759002
ROS1-07-0031,2019-04-21,0.35370780007760566,0.1565395085348743,-0.38204851964300873
ROS1-07-0005,2019-04-21,0.1757794084372797,0.06989744236553351,-0.28221488135511597
ROS1-08-0022,2019-04-21,0.4805557627777035,0.25415440660087174,-0.4732170469921685
ROS1-07-0020,2019-04-21,0.5757757172877546,0.35264421939953833,-0.5233936953238615
ROS1-08-0025,2019-04-21,0.18396667711614123,0.06455151393648409,-0.26936559726949066
ROS1-13-0000,2019-04-21,0.8734281432958837,0.5911534962815885,-0.7933073898260676
ROS1-14-0009,2019-04-21,0.1894969768355683,0.06444673860328017,-0.29348261091574357
ROS1-13-0020,2019-04-21,0.4255018082351306,0.24682619328414057,-0.4551032220526274
ROS1-24-0030,2019-04-21,0.27280110816142766,0.1488714702877991,-0.35115999851775515
ROS1-19-0016,2019-04-21,0.6146276931636379,0.4405196462140232,-0.5706364221004377
ROS1-24-0034,2019-04-21,0.42549897846934503,0.25098478876188324,-0.4492133809129799
ROS1-18-0009,2019-04-21,0.3523304188783387,0.1946627703146562,-0.4001202735028869
ROS1-24-0023,2019-04-21,0.19417061172163536,0.1401976775519299,-0.28125440480726616
ROS1-24-0030,2019-04-21,0.27449495600671203,0.14680940265812503,-0.3558037637919176
ROS1-18-0014,2019-04-21,0.16836972243547044,0.07631334588007277,-0.26327510606014065
ROS1-19-0018,2019-04-21,0.6103580896821904,0.43808996430413594,-0.5713999741639362
ROS1-24-0018,2019-04-21,0.18148893545296593,0.08369107926490195,-0.3057390006038217
ROS1-25-0027,2019-04-21,0.31328157411158597,0.17758955522223702,-0.3876092054968051
ROS1-19-0012,2019-04-21,0.363970145772668,0.18940220108119898,-0.42000300099984605
ROS1-25-0012,2019-04-21,0.2285260148181692,0.08915290092339351,-0.33452955933854595
ROS1-13-0000,2019-04-21,0.8707087463066702,0.598943576440231,-0.786466688908383
ROS1-19-0004,2019-04-21,0.5614004272643502,0.2552644762199512,-0.5031196990812586
ROS1-20-0017,2019-04-21,0.49182948038909485,0.24090640465054844,-0.4658612188320301
ROS1-20-0026,2019-04-21,0.17665515720638755,0.07012232634773455,-0.2833167861065345
ROS1-25-0002,2019-04-21,0.5253504282782462,0.3438642862690056,-0.48298821277059023
ROS1-24-0023,2019-04-21,0.2006031343441776,0.15369009216116003,-0.2739666604754595
ROS1-25-0032,2019-04-21,0.43480636676085854,0.3039471017857561,-0.41994951170970174
ROS1-26-0040,2019-04-21,0.6724686300008048,0.4493672320946407,-0.612949722241297
ROS1-32-0006,2019-04-21,0.2469063422497126,0.1349025515859416,-0.3305361402745497
ROS1-31-0022,2019-04-21,0.31865835093441275,0.18377796269189492,-0.41082937496233923
ROS1-25-0018,2019-04-21,0.1737591505263046,0.07596507164239462,-0.2977298859906187
ROS1-32-0029,2019-04-21,0.27390227870933986,0.13482436255932762,-0.36574084656552075
ROS1-14-0002,2019-04-21,0.3587121912258916,0.16704610543980267,-0.3952591032033631
ROS1-15-0022,2019-04-21,0.5029500831433331,0.28780363528974384,-0.4896350402794224
ROS1-15-0013,2019-04-21,0.171196569641758,0.0838515550701399,-0.2850101641972372
ROS1-14-0031,2019-04-21,0.3974888386367648,0.22101811044282185,-0.4253394960279564
ROS1-15-0025,2019-04-21,0.6954740509734825,0.40964808749751497,-0.6112313950493367
ROS1-15-0013,2019-04-21,0.17707775811584697,0.0862994939465213,-0.3019156780628617
ROS1-21-0036,2019-04-21,0.1702306732681175,0.06546992564338264,-0.2756259833686929
ROS1-21-0000,2019-04-21,0.40310544011173577,0.20545647821531407,-0.41454826515130916
ROS1-20-0038,2019-04-21,0.3786406739996868,0.18798479996210923,-0.42497275098466
ROS1-21-0003,2019-04-21,0.23240095685022,0.08500001339631626,-0.30659054628654675
ROS1-26-0018,2019-04-21,0.1948305895882324,0.0819206230604514,-0.3209995605817208
ROS1-20-0017,2019-04-21,0.49460015737304003,0.2392742225849146,-0.47160808030605345
ROS1-26-0030,2019-04-21,0.1763956141112505,0.07386036296432545,-0.30529272127680596
ROS1-27-0013,2019-04-21,0.17315478651783342,0.08019269139172351,-0.2852344026746853
ROS1-20-0026,2019-04-21,0.17877763946651118,0.07003882738061218,-0.28940533490693865
ROS1-21-0037,2019-04-21,0.1724342624881026,0.07073543412310261,-0.29505833939263
ROS1-28-0013,2019-04-21,0.16749711092887948,0.07714360110270732,-0.2688870312541869
ROS1-22-0014,2019-04-21,0.1944167249561246,0.11143155405947894,-0.27861292327991605
ROS1-21-0010,2019-04-21,0.19001890747224875,0.08249497740948993,-0.27828053319938195
ROS1-22-0022,2019-04-21,0.47193257781804754,0.30136718460321216,-0.46823776630006336
ROS1-28-0015,2019-04-21,0.17025963957096435,0.07763996623593714,-0.26790764667059636
ROS1-22-0002,2019-04-21,0.5942640084248505,0.38176090264250323,-0.5336843594499172
ROS1-22-0006,2019-04-21,0.08466374057710896,0.3386625613648293,-0.10688499086865969
ROS1-22-0014,2019-04-21,0.19324095435258437,0.10764367969125774,-0.28482908690532605
ROS1-29-0003,2019-04-21,0.4158298929750267,0.24697754880890138,-0.4431349585016093
ROS1-27-0005,2019-04-21,0.4194031262796913,0.23104470347997774,-0.44886808926977906
ROS1-32-0006,2019-04-21,0.24461787455650952,0.13352730063921883,-0.3254756805101171
ROS1-33-0008,2019-04-21,0.4307469145870418,0.2660642243953324,-0.44326196128003387
ROS1-32-0025,2019-04-21,0.7524037840949848,0.5636542792899183,-0.662654200678459
ROS1-26-0030,2019-04-21,0.1735234308865938,0.07390037659171397,-0.29550405222910664
ROS1-28-0013,2019-04-21,0.16318451274562992,0.07755420803298416,-0.25561257445277014
ROS1-34-0005,2019-04-21,0.15704924598240097,0.06546467771511087,-0.263783529113905
ROS1-27-0019,2019-04-21,0.38209514697339764,0.21226525206495828,-0.4193367794184774
ROS1-28-0002,2019-04-21,0.1723021161476475,0.08313958119131314,-0.27549900857103493
ROS1-33-0020,2019-04-21,0.20715595966452574,0.09406982709018742,-0.3110064398034415
ROS1-28-0015,2019-04-21,0.16574534122900159,0.07799414534285615,-0.25447608261035687
ROS1-33-0013,2019-04-21,0.7073120818998473,0.4706097367482581,-0.6396864805728907
ROS1-33-0008,2019-04-21,0.4320641882587125,0.2668769284749888,-0.44463604527741146
ROS1-34-0005,2019-04-21,0.1570688013626328,0.0656591402551466,-0.26265814120161624
ROS1-33-0013,2019-04-21,0.7070359852847634,0.4714758899556589,-0.638788279249907
ROS1-24-0030,2019-04-23,0.2721090179290439,0.16333468471561874,-0.3436005612091721
ROS1-19-0016,2019-04-23,0.6223537158397277,0.47866703369645935,-0.5640425771252942
ROS1-24-0034,2019-04-23,0.43432986863977635,0.26839840568922985,-0.45501943152259444
ROS1-18-0009,2019-04-23,0.3715284544831713,0.2226608243700297,-0.4028236313263036
ROS1-24-0023,2019-04-23,0.19551599704627656,0.11678446642818997,-0.3236847873566827
ROS1-18-0027,2019-04-23,0.7465619629666064,0.5628627374897982,-0.6640855911989777
ROS1-24-0030,2019-04-23,0.2779619031325556,0.16352700325935046,-0.35643112069292365
ROS1-18-0014,2019-04-23,0.17321524013618028,0.08921707868391837,-0.25234131729478787
ROS1-24-0024,2019-04-23,0.8701353611546676,0.8467980918681558,-0.7777486403931413
ROS1-19-0018,2019-04-23,0.6117771802994725,0.4697278168519259,-0.5552716330472259
ROS1-24-0018,2019-04-23,0.17876813683654086,0.09755627311209507,-0.30954977313547083
ROS1-19-0012,2019-04-23,0.36632646895069165,0.21132078224693066,-0.4140129186967697
ROS1-25-0012,2019-04-23,0.20438725622758644,0.08012767826988132,-0.30723451813621533
ROS1-25-0002,2019-04-23,0.5410916572510176,0.33091310126087226,-0.5075653255998382
ROS1-30-0014,2019-04-23,0.46324502306070353,0.31241779653117757,-0.4838422276821295
ROS1-24-0023,2019-04-23,0.19336276486992285,0.11697245128047812,-0.31951664028733134
ROS1-30-0002,2019-04-23,0.4520399458908276,0.2998886195476582,-0.47559897184091415
ROS1-30-0015,2019-04-23,0.18234881781761605,0.10357192594193217,-0.3067076144320684
ROS1-36-0006,2019-04-23,0.2035140068157528,0.11246479369925153,-0.3333144939008867
ROS1-37-0046,2019-04-23,0.2986262892928406,0.18914055437968755,-0.38514630202015343
ROS1-25-0032,2019-04-23,0.506518516176801,0.31380154779303704,-0.4935378345529625
ROS1-26-0040,2019-04-23,0.6594254755534094,0.5080736185626066,-0.5987746761502536
ROS1-32-0006,2019-04-23,0.25452497665525103,0.15470148164193576,-0.3315005040180032
ROS1-38-0007,2019-04-23,0.17736130453816037,0.09950081300552115,-0.32763025593673123
ROS1-31-0022,2019-04-23,0.32223080126519504,0.20751269133115854,-0.4053383271199591
ROS1-37-0031,2019-04-23,0.3584853143099014,0.2517958922055322,-0.4137848902369431
ROS1-25-0018,2019-04-23,0.18780091595454163,0.09922919059697721,-0.2829501588309081
ROS1-31-0033,2019-04-23,0.34188467495997377,0.214344384024933,-0.41487621993374696
ROS1-32-0029,2019-04-23,0.26466727098478215,0.14906310151046798,-0.35174879458350333
ROS1-37-0046,2019-04-23,0.29986865495850823,0.18712904916137324,-0.3882884499997653
ROS1-20-0038,2019-04-23,0.3608277710109144,0.2123618768462247,-0.39859254631399854
ROS1-21-0003,2019-04-23,0.2158282508227784,0.0972690052830311,-0.2724089553109381
ROS1-26-0018,2019-04-23,0.18369724385098268,0.09358355542680169,-0.2827578932339029
ROS1-26-0030,2019-04-23,0.17194474459119047,0.08690098801510784,-0.2823417074921781
ROS1-27-0013,2019-04-23,0.15954657996843083,0.08390195545559175,-0.26264056246473355
ROS1-28-0013,2019-04-23,0.15912633302242465,0.07860218796997949,-0.2501525900211064
ROS1-28-0015,2019-04-23,0.16204877686214114,0.0793372852755313,-0.2473060114100067
ROS1-29-0003,2019-04-23,0.43492267516922434,0.3144905916048008,-0.44574711716883564
ROS1-27-0005,2019-04-23,0.42544828296741993,0.2617898949163079,-0.4471815271604393
ROS1-32-0006,2019-04-23,0.24859123024900967,0.1506650111762061,-0.3190038891936736
ROS1-33-0008,2019-04-23,0.4836400110362962,0.3076658418149422,-0.48493762452706146
ROS1-32-0025,2019-04-23,0.7550650429225073,0.6251536506107778,-0.660136135338185
ROS1-26-0030,2019-04-23,0.1683317879442281,0.08668021783890037,-0.2689769041148049
ROS1-28-0013,2019-04-23,0.15450911823203256,0.07923982218266803,-0.23239578035798755
ROS1-34-0005,2019-04-23,0.1527019176808541,0.0746497615249327,-0.24080828596249576
ROS1-27-0019,2019-04-23,0.3745107785214008,0.2328261561010682,-0.39389543250487213
ROS1-28-0002,2019-04-23,0.16543873373276877,0.0860885049115277,-0.25178768395978063
ROS1-33-0020,2019-04-23,0.20539869465212662,0.09191370092531634,-0.2945091375871432
ROS1-28-0015,2019-04-23,0.15705972178766792,0.07988670509622622,-0.2290988454060512
ROS1-33-0013,2019-04-23,0.7002474208585489,0.5084332414606455,-0.625314344765064
ROS1-36-0005,2019-04-23,0.19518020231997887,0.09142750962267453,-0.33638422792649386
ROS1-37-0019,2019-04-23,0.40182795615336137,0.2812586314778715,-0.47733121852104277
ROS1-42-0016,2019-04-23,0.6209876356338015,0.3977873215754664,-0.6078014101685364
ROS1-36-0007,2019-04-23,0.8022804887901183,0.6610570717490106,-0.7174202134651974
ROS1-42-0010,2019-04-23,0.6632594922162466,0.42269231087329195,-0.6384291795563732
ROS1-30-0015,2019-04-23,0.18009268919698554,0.10386308298078353,-0.2998287483202653
ROS1-36-0006,2019-04-23,0.20113684493865358,0.11285465519560287,-0.32635530276206565
ROS1-37-0046,2019-04-23,0.2963827613629258,0.19063662268237136,-0.37865965586015404
ROS1-42-0009,2019-04-23,0.5194756482871187,0.32534691233489743,-0.5498971513992336
ROS1-38-0007,2019-04-23,0.1763412746044773,0.09987814765420411,-0.32354846951801797
ROS1-37-0031,2019-04-23,0.3566465599312334,0.2524918723160422,-0.4102944356726203
ROS1-38-0004,2019-04-23,0.7481742646570971,0.5231023614061171,-0.6816940506304209
ROS1-43-0026,2019-04-23,0.6633797376597689,0.45108113663139277,-0.630924280449349
ROS1-44-0000,2019-04-23,0.40390802429917005,0.24575811656034172,-0.473505708362705
ROS1-37-0046,2019-04-23,0.29857841793116474,0.18804924154275574,-0.3845579748051289
ROS1-43-0017,2019-04-23,0.38645225639833064,0.26708233627317135,-0.4282225654277378
ROS1-42-0016,2019-04-23,0.6124758127650236,0.4032666600924395,-0.5901349671916827
ROS1-43-0016,2019-04-23,0.16230695941863976,0.0867370171859215,-0.32838089275993126
ROS1-42-0009,2019-04-23,0.5113936828066185,0.32635721235294146,-0.5322202045709624
ROS1-43-0016,2019-04-23,0.16215575576691715,0.08641046516512935,-0.3293546229378532
ROS1-49-0012,2019-04-23,0.8168594927647618,0.6089850001358761,-0.7269903043489303
ROS1-49-0001,2019-04-23,0.7245051757563897,0.5111961714346406,-0.6505247797187222
ROS1-50-0003,2019-04-23,0.4853507819738923,0.3152250950654103,-0.517716177136451
ROS1-49-0002,2019-04-23,0.44266125505459625,0.28729511981936634,-0.47284618651122695
ROS1-33-0008,2019-04-23,0.48081764635525653,0.30662312585132556,-0.4815831745949859
ROS1-34-0005,2019-04-23,0.16170280981370588,0.07956679917714873,-0.2441215008269814
ROS1-33-0013,2019-04-23,0.6878831113776296,0.4947243291611716,-0.6166151678663938
ROS1-01-0044,2019-04-24,0.49882346177816583,0.3299323620112759,-0.4419911389761499
ROS1-07-0031,2019-04-24,0.3342563641816252,0.19923724767204426,-0.3121642007079868
ROS1-08-0025,2019-04-24,0.1394222142911509,0.06758350577573696,-0.1896947655247849
ROS1-16-0004,2019-04-24,0.09188302438986251,0.11412365947429189,-0.1382292074613021
ROS1-22-0014,2019-04-24,0.19189833958946464,0.10928045995405648,-0.2729556004754282
ROS1-22-0014,2019-04-24,0.1928850625290478,0.1089193061423247,-0.273949192205536
ROS1-37-0046,2019-04-25,0.29367681498829035,0.21250635485510927,-0.3680039623576027
ROS1-36-0005,2019-04-25,0.17839031637857586,0.0924962574264131,-0.3114948002146994
ROS1-37-0019,2019-04-25,0.2671955181138568,0.34823597394108,-0.30238304401794996
ROS1-42-0016,2019-04-25,0.6263103316119089,0.42424078258335224,-0.6040615746245585
ROS1-36-0007,2019-04-25,0.7998787980773592,0.6905500341970962,-0.7138294632683936
ROS1-42-0010,2019-04-25,0.6432207016433279,0.4270220433958383,-0.6091014482682973
ROS1-37-0046,2019-04-25,0.29079579355466295,0.21611484885419782,-0.3652479711642499
ROS1-42-0009,2019-04-25,0.5214977360376498,0.3192766838372079,-0.5406380015990554
ROS1-43-0026,2019-04-25,0.6755469694120825,0.5035964923723852,-0.6283400445471078
ROS1-44-0000,2019-04-25,0.41364777486679566,0.2720438733294568,-0.46982766915029567
ROS1-37-0046,2019-04-25,0.29128290862971223,0.21358633290857262,-0.3669473290032767
ROS1-43-0017,2019-04-25,0.4224595498003576,0.31747679985278754,-0.4411156161639843
ROS1-42-0016,2019-04-25,0.6443833924661109,0.43285884844798383,-0.6181150937892501
ROS1-43-0016,2019-04-25,0.1576183669050686,0.08592128460717352,-0.3353433055872933
ROS1-42-0009,2019-04-25,0.5329915194796583,0.3193558562356839,-0.5533708850665251
ROS1-43-0016,2019-04-25,0.1581827875359254,0.08704134382344063,-0.32995339888556985
ROS1-49-0012,2019-04-25,0.8191848737053807,0.6118647302561675,-0.7368620331640026
ROS1-49-0001,2019-04-25,0.7268602535939409,0.5210580079064635,-0.6586327804595761
ROS1-49-0002,2019-04-25,0.461687696003045,0.30458604300265035,-0.49063667967467306
ROS1-01-0044,2019-04-26,0.45462566802664806,0.3323864853496903,-0.4341589840514251
ROS1-01-0005,2019-04-26,0.4486059451460865,0.29322316551897976,-0.39875443144442924
ROS1-01-0009,2019-04-26,0.35283959218380356,0.2147482998454615,-0.33850383083771096
ROS1-07-0005,2019-04-26,0.1750272842252921,0.08296360577917707,-0.2510161069728639
ROS1-13-0005,2019-04-26,0.8237395865931254,0.6118106566638217,-0.7345828670192835
ROS1-07-0031,2019-04-26,0.4391020593517751,0.25296313133384735,-0.4092595893733273
ROS1-07-0005,2019-04-26,0.1773740821246168,0.083290770197271,-0.25278058159162364
ROS1-08-0022,2019-04-26,0.5035848017019291,0.297046060995148,-0.460624978430629
ROS1-07-0020,2019-04-26,0.5853364350511826,0.4034198613661437,-0.5242293820774022
ROS1-13-0000,2019-04-26,0.8720457253476139,0.6226578299567618,-0.7959561807435938
ROS1-14-0009,2019-04-26,0.21113696298825238,0.0873033461416459,-0.26896953880705127
ROS1-13-0020,2019-04-26,0.5254283963067976,0.33768664228331075,-0.5046552555971904
ROS1-24-0030,2019-04-26,0.3056524062762998,0.1840718673944463,-0.3451292722060129
ROS1-19-0016,2019-04-26,0.6505633529568786,0.4748261007444351,-0.5783640280839505
ROS1-24-0034,2019-04-26,0.44041188100572337,0.2796922290346317,-0.4382774331907422
ROS1-18-0009,2019-04-26,0.37903265802452846,0.2203884593028469,-0.3906058795604392
ROS1-24-0023,2019-04-26,0.18045658956628563,0.10278642306727964,-0.3009225520063149
ROS1-18-0027,2019-04-26,0.6987999214636208,0.491875145854005,-0.6276587037633202
ROS1-24-0030,2019-04-26,0.30619958438747014,0.18381522476448842,-0.3470127839828689
ROS1-18-0014,2019-04-26,0.15226595625439615,0.07697034831007916,-0.22090017183072422
ROS1-24-0024,2019-04-26,0.8596541048573556,0.8168861327688463,-0.7679199996162602
ROS1-19-0018,2019-04-26,0.6569078394802378,0.4825309474856807,-0.580531888664499
ROS1-24-0018,2019-04-26,0.15612889032902563,0.08372734812299437,-0.2732208764845367
ROS1-25-0027,2019-04-26,0.3842266845284707,0.2085782716613914,-0.42487450475210425
ROS1-19-0012,2019-04-26,0.3944716092709594,0.22567216153068642,-0.4187203920640591
ROS1-25-0012,2019-04-26,0.17659749052892368,0.06844294048534517,-0.28138615444969367
ROS1-13-0000,2019-04-26,0.8636614764170429,0.6367190404482657,-0.7798968964379555
ROS1-19-0004,2019-04-26,0.5235458559934151,0.2749324005576393,-0.4541319458951568
ROS1-20-0017,2019-04-26,0.5104059102154501,0.30116600630865314,-0.45475489589396956
ROS1-20-0026,2019-04-26,0.16572505125903508,0.06999023514244233,-0.22148334974444792
ROS1-25-0002,2019-04-26,0.5675625582920694,0.31760633093532864,-0.5091157878863058
ROS1-24-0023,2019-04-26,0.18071595806896243,0.10379013386498107,-0.2981525004428897
ROS1-25-0032,2019-04-26,0.5523689265107281,0.32892486592828646,-0.5031088054762599
ROS1-26-0040,2019-04-26,0.6669893878019669,0.5025132475858383,-0.5984999239713099
ROS1-31-0022,2019-04-26,0.3931737957118118,0.24815719481377382,-0.4364138216072778
ROS1-25-0018,2019-04-26,0.17601003323562409,0.08036741226372927,-0.294258349672044
ROS1-32-0029,2019-04-26,0.3079043096119394,0.16883120236575166,-0.3622611614798313
ROS1-15-0022,2019-04-26,0.44701222862062445,0.2507167612162136,-0.40040406313652394
ROS1-15-0013,2019-04-26,0.1733614033705577,0.14294944402228016,-0.23732042448792856
ROS1-14-0031,2019-04-26,0.41986689951447054,0.2627489053830883,-0.439830736246529
ROS1-15-0013,2019-04-26,0.17358470974087076,0.13811681986534663,-0.23850047015747428
ROS1-21-0036,2019-04-26,0.12923522448797325,0.2695916093693334,-0.12338816925325079
ROS1-21-0000,2019-04-26,0.4395131269191846,0.24258333997928588,-0.43250339326399023
ROS1-20-0038,2019-04-26,0.3619141285360402,0.19760411073714007,-0.39090966423334916
ROS1-21-0003,2019-04-26,0.20669900011316164,0.10309648171731238,-0.2593503684193519
ROS1-26-0018,2019-04-26,0.1833343035580619,0.08350183204285175,-0.28894026383579546
ROS1-20-0017,2019-04-26,0.5144831274800998,0.2927394685690128,-0.4695668895952405
ROS1-27-0013,2019-04-26,0.16759528221719072,0.08548614600879062,-0.26721044940497674
ROS1-20-0026,2019-04-26,0.1755844937281005,0.07301809361654583,-0.24362919207898054
ROS1-21-0037,2019-04-26,0.15772518514453981,0.13005907642137812,-0.19913799806180518
ROS1-22-0014,2019-04-26,0.17984078210945267,0.11970441237094412,-0.2569821046245325
ROS1-21-0010,2019-04-26,0.17341833209019733,0.07609253207313718,-0.26789031943324854
ROS1-22-0022,2019-04-26,0.4697567574403762,0.29169640108678496,-0.45081242087646933
ROS1-22-0006,2019-04-26,0.17414450968977482,0.09763071441130897,-0.2620159115361753
ROS1-22-0014,2019-04-26,0.18041287339988182,0.11796714364956003,-0.26002333286885654
ROS1-29-0003,2019-04-26,0.49829321327800397,0.31514348996544683,-0.4822247359468825
ROS1-27-0005,2019-04-26,0.43038600391217574,0.25806095565607545,-0.4358840137751988
ROS1-33-0008,2019-04-26,0.4432485547874542,0.29652538615323115,-0.44280091092424007
ROS1-32-0025,2019-04-26,0.6460188408538449,1.244065050735088,-0.5185443004949393
ROS1-34-0005,2019-04-26,0.15199042534861007,0.06768075676876714,-0.24620389514226104
ROS1-33-0020,2019-04-26,0.1856291039136232,0.1151910211774803,-0.23814954535048224
ROS1-33-0013,2019-04-26,0.7331854714269624,0.5023907339641334,-0.6533691502704643
ROS1-33-0008,2019-04-26,0.4444677236510104,0.29755976007521856,-0.4440981022124729
ROS1-34-0005,2019-04-26,0.15277988097942602,0.06834096430494475,-0.24550341987499022
ROS1-33-0013,2019-04-26,0.7310292580750699,0.5027996888425884,-0.6506294876676066
ROS1-24-0030,2019-04-28,0.33661898236211535,0.20893959760958924,-0.3672351006039534
ROS1-19-0016,2019-04-28,0.6759836801948406,0.5300101682325652,-0.6000616532231242
ROS1-18-0009,2019-04-28,0.4407719782105727,0.2706516690061472,-0.43872211951826007
ROS1-24-0023,2019-04-28,0.2458596691302812,0.20642607270667043,-0.3057988768958796
ROS1-18-0027,2019-04-28,0.7499570618862043,0.5659803907988521,-0.668891548706131
ROS1-24-0030,2019-04-28,0.33830178215465945,0.20769205480864827,-0.3736406477858794
ROS1-18-0014,2019-04-28,0.16648442103168756,0.0887258433351761,-0.23911633614539063
ROS1-24-0024,2019-04-28,0.8244800233951969,0.5235238616523046,-0.7246246297573692
ROS1-19-0018,2019-04-28,0.6792875844182299,0.5164111148784897,-0.6046796629523694
ROS1-24-0018,2019-04-28,0.1635209538687898,0.09124947576513621,-0.28341170680032435
ROS1-25-0027,2019-04-28,0.44478079257555964,0.32129741313326726,-0.43946778888231025
ROS1-19-0012,2019-04-28,0.4341941009822808,0.28194627205527145,-0.4411547675458268
ROS1-25-0002,2019-04-28,0.46921218036362505,0.5385739094435892,-0.42556912239017425
ROS1-30-0014,2019-04-28,0.5168664387313453,0.35396722892728816,-0.5145565221514468
ROS1-24-0023,2019-04-28,0.2421720285581235,0.20600021021178985,-0.30256384054206625
ROS1-30-0002,2019-04-28,0.5089770119908472,0.315279771421372,-0.5029314419442439
ROS1-30-0015,2019-04-28,0.1768549437309863,0.11336509676582383,-0.29022423531536323
ROS1-36-0006,2019-04-28,0.19540578002042852,0.09224825792960743,-0.3194676892050941
ROS1-37-0046,2019-04-28,0.3513477183426691,0.23578051376620002,-0.4108807830755358
ROS1-26-0040,2019-04-28,0.6719665722568048,0.5195414792449474,-0.616879673932633
ROS1-31-0021,2019-04-28,0.5171651932709005,0.4620916072551888,-0.4533428107885881
ROS1-32-0006,2019-04-28,0.28593546350033805,0.16874578577881616,-0.35828660242772337
ROS1-38-0007,2019-04-28,0.17673873219153846,0.11066381461777264,-0.30378870954419407
ROS1-25-0018,2019-04-28,0.2554794976260369,0.4101059311943814,-0.2047157246514482
ROS1-32-0029,2019-04-28,0.3325027730103097,0.19206137416130606,-0.3889520389758651
ROS1-37-0046,2019-04-28,0.3507714599914675,0.23333380738353982,-0.4104829063947663
ROS1-20-0038,2019-04-28,0.391489981705524,0.21215994032159236,-0.43185723689079314
ROS1-21-0003,2019-04-28,0.1692910015066013,0.11126109061149342,-0.19112281316774424
ROS1-26-0018,2019-04-28,0.18289288231963372,0.08658694328537984,-0.30254096929219
ROS1-26-0030,2019-04-28,0.19940207254178402,0.09735504422288171,-0.3095140802790075
ROS1-27-0013,2019-04-28,0.1506072726663217,-3.0905685948062853,-0.1504471472030341
ROS1-28-0013,2019-04-28,0.18024687206347195,0.10717994119675636,-0.28745219686649615
ROS1-28-0015,2019-04-28,0.18833180516366232,0.09978472830077663,-0.2680805154036318
ROS1-29-0003,2019-04-28,0.5330156688012172,0.313647888177169,-0.5204943900066475
ROS1-27-0005,2019-04-28,0.44156061060225216,0.26980700847875316,-0.44812242022537185
ROS1-32-0006,2019-04-28,0.28569596170433265,0.16591259353193882,-0.36113516294847986
ROS1-33-0008,2019-04-28,0.4678203178396434,0.3006588862042071,-0.47380887042992254
ROS1-32-0025,2019-04-28,0.8190908114708484,0.7015678731444802,-0.727345743143067
ROS1-26-0030,2019-04-28,0.1971912862328465,0.09762470792376499,-0.3044085940169234
ROS1-34-0005,2019-04-28,0.1915250545175234,0.08860177512538223,-0.2860133930062001
ROS1-27-0019,2019-04-28,0.43006432922701526,0.251206531814608,-0.4459769128484083
ROS1-28-0002,2019-04-28,0.1824543902387321,0.08632041933136751,-0.2943009866964235
ROS1-33-0020,2019-04-28,0.21464159831994045,0.09367683126355901,-0.31671019460067534
ROS1-28-0015,2019-04-28,0.17705574304990937,0.08698452545513854,-0.27014906963188307
ROS1-33-0013,2019-04-28,0.736661684968207,0.5097040562233581,-0.6651405995222381
ROS1-31-0021,2019-04-28,0.5179824905382104,0.5885274837939413,-0.4481030893453685
ROS1-37-0019,2019-04-28,0.42862030997204703,0.31591394233008346,-0.48677499855536466
ROS1-42-0016,2019-04-28,0.6968480229349049,0.45855464504533644,-0.6629311010142039
ROS1-36-0007,2019-04-28,0.6947041727001905,0.7208088252258164,-0.6328712099283871
ROS1-42-0010,2019-04-28,0.7149077548861604,0.4692795084919771,-0.6594594164213641
ROS1-30-0015,2019-04-28,0.1765433056172034,0.11512755670152942,-0.28504220169427114
ROS1-36-0006,2019-04-28,0.19278975781628452,0.09272096303312974,-0.3100771613890849
ROS1-37-0046,2019-04-28,0.3489033804716305,0.23812648983665397,-0.40430061483963986
ROS1-42-0009,2019-04-28,0.5769973591001583,0.36896807478921,-0.5793233386607035
ROS1-31-0021,2019-04-28,0.5089378826179427,0.5429914435003942,-0.4489370455702843
ROS1-38-0007,2019-04-28,0.17589151062532318,0.11031174014862803,-0.3035009161322143
ROS1-43-0026,2019-04-28,0.7373675726016944,0.5580601129719408,-0.6772062340989405
ROS1-37-0046,2019-04-28,0.35137116870217433,0.23465953858978478,-0.41044923082993684
ROS1-43-0017,2019-04-28,0.5435663562109148,0.41972996311465915,-0.515041606801031
ROS1-42-0016,2019-04-28,0.6908482527258825,0.4616975835988873,-0.6539346188034387
ROS1-43-0016,2019-04-28,0.16992559646836242,0.09303809939619902,-0.3354391270462531
ROS1-42-0009,2019-04-28,0.5709772581893368,0.37233288966528233,-0.5687829733380291
ROS1-43-0016,2019-04-28,0.17097320475055414,0.09240086668567138,-0.338594847689973
ROS1-49-0001,2019-04-28,0.7633235866381233,0.5523589744526294,-0.6910921419622289
ROS1-50-0003,2019-04-28,0.5579248475155705,0.3810691295742643,-0.5636524604525115
ROS1-49-0002,2019-04-28,0.5227641448865141,0.34527221616110093,-0.5342424636171271
ROS1-33-0008,2019-04-28,0.46686346044746196,0.3010668524708156,-0.47213613907681795
ROS1-34-0005,2019-04-28,0.19287258446195332,0.09023153185600875,-0.28407968863716665
ROS1-33-0013,2019-04-28,0.7328526114150694,0.510401591894909,-0.6607341948105936
ROS1-01-0044,2019-04-29,0.5621982091945853,0.4295165010961031,-0.47815159056798623
ROS1-15-0025,2019-04-29,0.02819430690439679,0.12794734749580663,-0.029268218600976868
ROS1-16-0004,2019-04-29,0.4684502254273492,0.19376127653947667,-0.6445386650489915
ROS1-36-0005,2019-04-30,0.20834693739453558,0.11239078314039425,-0.32804875067605643
ROS1-42-0016,2019-04-30,0.7051794982656261,0.6311183605168613,-0.6351009276350448
ROS1-42-0016,2019-04-30,0.691108586885323,0.6325386869707755,-0.6194540178951311
ROS1-07-0005,2019-05-01,0.2121917725169161,0.11007715555480216,-0.2691493545921602
ROS1-13-0005,2019-05-01,0.6560539549851797,0.6518710756574121,-0.594604909572845
ROS1-07-0031,2019-05-01,0.5339053680363267,0.36821553211139724,-0.4561798614972232
ROS1-07-0005,2019-05-01,0.2071143131680251,0.10402744797046103,-0.2707683816354746
ROS1-24-0030,2019-05-01,0.4072102686792312,0.27456629969729046,-0.3946967685710322
ROS1-18-0027,2019-05-01,0.7413062633097773,0.6490756443298936,-0.6621252922039432
ROS1-24-0030,2019-05-01,0.4091743542877723,0.27069355534853645,-0.39839270693038586
ROS1-29-0003,2019-05-01,0.018081658397712877,0.11492039190510149,-0.03349937126844986
ROS1-25-0027,2019-05-03,0.5284432794830998,0.31485556457304187,-0.511178030264835
ROS1-19-0012,2019-05-03,0.5435251797299129,0.37298615990185363,-0.5031517100537478
ROS1-25-0012,2019-05-03,0.226735668431728,0.1089792864181703,-0.31516734315442396
ROS1-25-0032,2019-05-03,0.5419387506594598,0.39811082561256733,-0.49401667476508715
ROS1-26-0040,2019-05-03,0.6485094197530803,0.5356925076986461,-0.5899037863125113
ROS1-31-0022,2019-05-03,0.5754282956150779,0.39584329112583033,-0.5347302566448067
ROS1-31-0033,2019-05-03,0.5195779600559942,0.27545056508928545,-0.5163888822371072
ROS1-20-0038,2019-05-03,0.4397254967902626,0.23629628388114213,-0.47216166838507007
ROS1-21-0003,2019-05-03,0.22743464251981918,0.08198540863873388,-0.3181458493341956
ROS1-26-0018,2019-05-03,0.2081079084894809,0.10130952434514884,-0.3295032161357231
ROS1-26-0030,2019-05-03,0.2152159131101206,0.10932006162077926,-0.32298421145718714
ROS1-27-0013,2019-05-03,0.17676245387333886,0.08311215320226138,-0.2993233562338948
ROS1-28-0013,2019-05-03,0.19370618691976127,0.09747335544543428,-0.3024547976327637
ROS1-28-0015,2019-05-03,0.191606668782485,0.09556468912912636,-0.2915048402904648
ROS1-29-0003,2019-05-03,0.48025325457931933,0.42935067438208285,-0.44495285841350946
ROS1-26-0030,2019-05-03,0.21313039978258305,0.10991639924552345,-0.31743298727935965
ROS1-28-0013,2019-05-03,0.19139629071453507,0.0979609450566282,-0.2958790654384423
ROS1-27-0019,2019-05-03,0.5040784033550233,0.27643630696292326,-0.49505269819177267
ROS1-28-0002,2019-05-03,0.1922165087994329,0.08115191680740512,-0.31184009800251133
ROS1-33-0020,2019-05-03,0.23601547531151898,0.11495085814463171,-0.3467769827875605
ROS1-28-0015,2019-05-03,0.1892747563093121,0.0961062605668602,-0.2847257600976114
ROS1-01-0044,2019-05-04,0.7210943311378808,0.45304036958178806,-0.6310287252369629
ROS1-01-0005,2019-05-04,0.6457171314620008,0.39212882112526465,-0.5277251155725636
ROS1-01-0009,2019-05-04,0.1855767091097059,0.32726144760400494,-0.21633758803225547
ROS1-07-0005,2019-05-04,0.18288654178449676,0.1466612331164044,-0.2287364760239872
ROS1-07-0031,2019-05-04,0.6691881650595307,0.48374714308931727,-0.5574424710987429
ROS1-07-0005,2019-05-04,0.1859129561921273,0.14563370054351338,-0.23810738028493497
ROS1-08-0022,2019-05-04,0.23044086489071747,0.3448196663253204,-0.25040586888106525
ROS1-08-0025,2019-05-04,0.16535976112598944,0.11543867837327017,-0.19278988438536604
ROS1-14-0031,2019-05-04,0.5422738568587889,0.3119002298337251,-0.5037312727182433
ROS1-15-0025,2019-05-04,0.7669938949207534,0.454265782298961,-0.6636678368333607
ROS1-16-0004,2019-05-04,0.33885377653807686,0.18372687876086152,-0.39053171902556433
ROS1-22-0014,2019-05-04,0.2450095403507772,0.12995134811878825,-0.3265326892913331
ROS1-01-0009,2019-05-06,0.5022157132118276,0.3058763451798322,-0.465642197676411
ROS1-07-0005,2019-05-06,0.32223694187407786,0.25334429730484337,-0.34968958361941116
ROS1-13-0005,2019-05-06,0.9019266161131158,0.7996023789395926,-0.8201259487428886
ROS1-07-0031,2019-05-06,0.6343702639205911,0.469276294942981,-0.5278191258982645
ROS1-07-0005,2019-05-06,0.3198354722458375,0.2485725997779395,-0.3494300507037892
ROS1-08-0022,2019-05-06,0.6682785606087626,0.5173970145730483,-0.5823580013855052
ROS1-07-0020,2019-05-06,0.7585674238354797,0.6021702951288781,-0.6679086419042586
ROS1-08-0025,2019-05-06,0.22271260849021532,0.09542310792735485,-0.29707896294567737
ROS1-13-0000,2019-05-06,0.7165113952177582,0.7465986738360882,-0.6704353295222525
ROS1-13-0020,2019-05-06,0.7468945948715042,0.5724480849637119,-0.6484324103136276
ROS1-24-0030,2019-05-06,0.5258820601483265,0.3262919621306244,-0.4732058044402041
ROS1-19-0016,2019-05-06,0.7940577636760293,0.6348410632660703,-0.688606761310509
ROS1-24-0034,2019-05-06,0.5873109962486325,0.40607715743891587,-0.5653371222924016
ROS1-18-0009,2019-05-06,0.5625317291313554,0.4066197749056449,-0.497881485691751
ROS1-24-0023,2019-05-06,0.20775552145052678,0.11881963049629901,-0.3325731047494203
ROS1-18-0027,2019-05-06,0.8802709885503552,0.7074144642041166,-0.7914078837520786
ROS1-24-0030,2019-05-06,0.5263744446419232,0.3258514949042989,-0.47419462489595043
ROS1-18-0014,2019-05-06,0.30963591892765235,0.2501247883191782,-0.3239662675130068
ROS1-24-0024,2019-05-06,0.8975692434412913,0.9005672905499984,-0.8088660165798374
ROS1-19-0018,2019-05-06,0.4049057463723693,0.5467805067175693,-0.37282936451801946
ROS1-24-0018,2019-05-06,0.17852904279586337,0.0987455252434559,-0.30524864264812634
ROS1-25-0027,2019-05-06,0.5691027449488324,0.3380439928310903,-0.5426367363945012
ROS1-19-0012,2019-05-06,0.6125692318192121,0.37386429854395276,-0.571017262960978
ROS1-25-0012,2019-05-06,0.19053022652490068,0.07576703634118148,-0.3051624007926973
ROS1-13-0000,2019-05-06,0.7123511905023228,0.75312333078701,-0.6631341266531388
ROS1-19-0004,2019-05-06,0.6091247041011526,0.3337908411420483,-0.5209817195328426
ROS1-20-0017,2019-05-06,0.6398459883552529,0.4707875033171428,-0.5471862217542809
ROS1-20-0026,2019-05-06,0.25914487394931185,0.13335929799819823,-0.31408697656408807
ROS1-24-0023,2019-05-06,0.20154368410262102,0.11737484798302844,-0.32260537547407864
ROS1-25-0032,2019-05-06,0.5557684291787404,0.38364485748305455,-0.4928687918088978
ROS1-26-0040,2019-05-06,0.7638921196645839,0.6119609470545216,-0.6843364575861557
ROS1-32-0006,2019-05-06,0.3694171398015511,0.22464617921134042,-0.4022109793420202
ROS1-31-0022,2019-05-06,0.62515121798075,0.45297977827813585,-0.5815141428765096
ROS1-25-0018,2019-05-06,0.18904415828658946,0.09407130399779944,-0.31233734227823867
ROS1-32-0029,2019-05-06,0.5560998924560046,0.32507021138485837,-0.5343220178085483
ROS1-14-0002,2019-05-06,0.4705755985159289,0.20227746226402862,-0.41618597891089193
ROS1-15-0022,2019-05-06,0.6752412402100543,0.4535332180772809,-0.5711561777316232
ROS1-15-0013,2019-05-06,0.18140124243604522,0.1303170570003958,-0.2661847555140544
ROS1-14-0031,2019-05-06,0.5113282831760997,0.34319853471010514,-0.477084627181525
ROS1-15-0025,2019-05-06,0.6062509491135961,0.547750320637456,-0.5314028873660274
ROS1-16-0004,2019-05-06,0.313130831563437,0.2651847771790855,-0.3339921622971961
ROS1-15-0013,2019-05-06,0.1834509800841965,0.13075743074867713,-0.2693265235254367
ROS1-26-0018,2019-05-06,0.23868754524422395,0.11988201953035842,-0.34852961237339997
ROS1-20-0017,2019-05-06,0.6417497008754082,0.4679370124505945,-0.550635489321325
ROS1-26-0030,2019-05-06,0.22276987350914235,0.11000523898647445,-0.3262493034539376
ROS1-27-0013,2019-05-06,0.17340049175414265,0.08378216166286696,-0.29049676034223515
ROS1-20-0026,2019-05-06,0.2602884437124421,0.13259044051873176,-0.31827159289675927
ROS1-21-0010,2019-05-06,0.25490689920184373,0.1424008419533325,-0.3335533875874162
ROS1-22-0022,2019-05-06,0.5659178240830763,0.3820072066221553,-0.4994299424070699
ROS1-28-0015,2019-05-06,0.14994281953019972,2.3533454371031053,-0.1892383873843073
ROS1-22-0002,2019-05-06,0.7128788757351506,0.6172043604517764,-0.6346919707230272
ROS1-22-0006,2019-05-06,0.1975575472022112,0.11367953212561684,-0.2855091767409459
ROS1-29-0003,2019-05-06,0.3180588200081414,0.2916143662410694,-0.2686513698278773
ROS1-27-0005,2019-05-06,0.5245062903408513,0.29535410882107405,-0.48832358647497887
ROS1-32-0006,2019-05-06,0.3697357521579662,0.22418088819707885,-0.4035440472744206
ROS1-32-0025,2019-05-06,0.8816950037417938,0.887169682633947,-0.7727135303060181
ROS1-26-0030,2019-05-06,0.22105920613475175,0.11062445515337085,-0.3204598627993567
ROS1-34-0005,2019-05-06,0.1108396283825421,0.07074501329482573,-0.148914467040693
ROS1-27-0019,2019-05-06,0.49553031929069163,0.25794503703765265,-0.46546710311520023
ROS1-28-0002,2019-05-06,0.11810086292503277,0.09927301754720759,-0.14510019197502805
ROS1-33-0020,2019-05-06,0.224835957378029,0.10368843276438791,-0.29852682468389885
ROS1-28-0015,2019-05-06,0.1554668493389,1.474028560320632,-0.19145783199004687
ROS1-34-0005,2019-05-06,0.07612416213195117,0.05532231286953732,-0.13577446311967453
ROS1-24-0030,2019-05-08,0.4989364438376813,0.3671926591954193,-0.44445756460149705
ROS1-19-0016,2019-05-08,0.8129026990350062,0.7133234285888183,-0.6920443079903181
ROS1-24-0034,2019-05-08,0.5746736597026011,0.4504568677216221,-0.5396415757036561
ROS1-18-0009,2019-05-08,0.6888971767087115,0.5153980482045335,-0.5893396372343849
ROS1-24-0023,2019-05-08,0.2201142396628344,0.1274438204628493,-0.32441554687932384
ROS1-18-0027,2019-05-08,0.8386597278405499,0.7417221296331016,-0.7537273815679258
ROS1-24-0030,2019-05-08,0.4986683897218361,0.36831148594617036,-0.44461713585898416
ROS1-18-0014,2019-05-08,0.23237896717081136,0.1398409022609755,-0.27944585073842904
ROS1-24-0024,2019-05-08,0.8429341335201921,0.8345280003065649,-0.7609638275899493
ROS1-19-0018,2019-05-08,0.8253128980382775,0.7260701223864476,-0.7006973840459177
ROS1-24-0018,2019-05-08,0.19045972462799524,0.11784334433471234,-0.29387168922666307
ROS1-25-0027,2019-05-08,0.589603217096427,0.40901688349232707,-0.5295234950184884
ROS1-19-0012,2019-05-08,0.6337086683842154,0.44629351134949,-0.5702710746688807
ROS1-25-0012,2019-05-08,0.24817799658231918,0.11698201610055298,-0.3319977406865567
ROS1-25-0002,2019-05-08,0.6472054069354091,0.43107481081511245,-0.5656490581499979
ROS1-30-0014,2019-05-08,0.6680212627062944,0.5095783124329907,-0.5956198044401805
ROS1-24-0023,2019-05-08,0.23453675171299257,0.13972893455722685,-0.32612137904619354
ROS1-30-0002,2019-05-08,0.6575846344211437,0.4679604673022532,-0.6026124313143946
ROS1-30-0015,2019-05-08,0.16818818515269565,0.08803190105088267,-0.2970179363504348
ROS1-36-0006,2019-05-08,0.18490955066527037,0.08846705079027237,-0.3182106542885848
ROS1-37-0046,2019-05-08,0.537248460843975,0.35576858140673023,-0.5408686217976341
ROS1-25-0032,2019-05-08,0.6392511360618209,0.4286464421028138,-0.5669896053274853
ROS1-26-0040,2019-05-08,0.7178704500391726,0.5811941229554994,-0.6467219306987233
ROS1-31-0021,2019-05-08,0.8048448414140466,0.6465162021286235,-0.7192460040033649
ROS1-32-0006,2019-05-08,0.386587999515676,0.24329544701606437,-0.406083904719096
ROS1-38-0007,2019-05-08,0.19043673911526784,0.10712033719388409,-0.3192920856115382
ROS1-31-0022,2019-05-08,0.6489658502111795,0.5012697933023832,-0.5903157762899158
ROS1-37-0031,2019-05-08,0.6579515187711091,0.4849859199921705,-0.6079771856888716
ROS1-25-0018,2019-05-08,0.21604739530014305,0.12288635291637823,-0.31110754737415836
ROS1-31-0033,2019-05-08,0.5342635270478376,0.35159796338428884,-0.5338270924613522
ROS1-32-0029,2019-05-08,0.5924116277857371,0.40200262079514,-0.5531156908053241
ROS1-37-0046,2019-05-08,0.5325383315414319,0.35451116305339303,-0.5354935039183499
ROS1-20-0038,2019-05-08,0.5015560314947446,0.337335100863208,-0.49561094914663395
ROS1-21-0003,2019-05-08,0.25282475168569923,0.10724569310888542,-0.31065713689103597
ROS1-26-0018,2019-05-08,0.21203070647562794,0.0961631084975202,-0.3127577001592391
ROS1-26-0030,2019-05-08,0.2498016810735706,0.13342112322072044,-0.3290387597326246
ROS1-27-0013,2019-05-08,0.17976138267998618,0.07583750766151888,-0.2890014883921598
ROS1-28-0013,2019-05-08,0.20397824086812674,0.09314611990254418,-0.2915328541595676
ROS1-28-0015,2019-05-08,0.19867208364766045,0.08859775454889939,-0.2834623760147728
ROS1-29-0003,2019-05-08,0.6553139783258938,0.44024412300494326,-0.5787771298552413
ROS1-27-0005,2019-05-08,0.5365662325334583,0.333051023791489,-0.49568661709447076
ROS1-32-0006,2019-05-08,0.3870449137700887,0.2428894893290909,-0.4077697427307692
ROS1-33-0008,2019-05-08,0.4895321565582522,0.31547754162186303,-0.47098489469187377
ROS1-32-0025,2019-05-08,0.8599259242275336,0.7988433432967388,-0.7524060546535116
ROS1-26-0030,2019-05-08,0.24790474172415672,0.1331429098347007,-0.32672878215572676
ROS1-28-0013,2019-05-08,0.2003857279743574,0.09085948255866974,-0.29183774733836954
ROS1-34-0005,2019-05-08,0.2944465132801454,0.15494874611635692,-0.3365094651001538
ROS1-27-0019,2019-05-08,0.5606812145678172,0.3297091092517512,-0.5030306744858536
ROS1-28-0002,2019-05-08,0.205636891085352,0.0900432230950678,-0.29377017456338883
ROS1-33-0020,2019-05-08,0.24233746578255008,0.11558945332910098,-0.3495385142177587
ROS1-28-0015,2019-05-08,0.19601403578836488,0.0868622942567958,-0.2847944285773195
ROS1-33-0013,2019-05-08,0.7763801050583367,0.5876851847795455,-0.6905032053256054
ROS1-31-0021,2019-05-08,0.8015612934851646,0.6530828273331931,-0.7135223350635871
ROS1-36-0005,2019-05-08,0.26216356837165644,0.14321717146115434,-0.3579341310775135
ROS1-37-0019,2019-05-08,0.4578028783805339,0.330400604408103,-0.5072379072578012
ROS1-42-0016,2019-05-08,0.7654529921334668,0.53621476061465,-0.7001922433699936
ROS1-36-0007,2019-05-08,0.8558680447714341,0.6927963019867507,-0.7660709426977093
ROS1-42-0010,2019-05-08,0.79022172576085,0.5647712493449634,-0.6923295099122451
ROS1-30-0015,2019-05-08,0.18209905625480377,0.09792088250216784,-0.2995585494917139
ROS1-36-0006,2019-05-08,0.1845252677572238,0.0904672539319335,-0.3076714470632432
ROS1-37-0046,2019-05-08,0.5300987237369583,0.35781482342749743,-0.5292896725192471
ROS1-42-0009,2019-05-08,0.717994665225372,0.4709258843843534,-0.6619046568067211
ROS1-31-0021,2019-05-08,0.801537397110812,0.6490386208066729,-0.7149355290050101
ROS1-38-0007,2019-05-08,0.19083771866892116,0.10830566204914355,-0.31641506419129817
ROS1-37-0031,2019-05-08,0.6534638564889863,0.48463312444383355,-0.602332895857419
ROS1-38-0004,2019-05-08,0.8233532942373611,0.6609785208347659,-0.7343819604424725
ROS1-43-0026,2019-05-08,0.8242567539749573,0.6707237142028974,-0.7341115917098543
ROS1-44-0000,2019-05-08,0.6293100508557308,0.45034632756136667,-0.594736198944021
ROS1-37-0046,2019-05-08,0.5299609265651307,0.3553680743685775,-0.5307577667358858
ROS1-43-0017,2019-05-08,0.7554067197373078,0.6325539990932076,-0.648122113838285
ROS1-42-0016,2019-05-08,0.7608252052437263,0.5380672064034415,-0.6939086664009534
ROS1-43-0016,2019-05-08,0.15983246575306032,0.0829099287305154,-0.32135112359645984
ROS1-42-0009,2019-05-08,0.7137493382420532,0.4728195391333262,-0.6554546716969191
ROS1-43-0016,2019-05-08,0.15952655236896066,0.08207791484235587,-0.3243542287193204
ROS1-49-0012,2019-05-08,0.8506886781732037,0.6377820777058597,-0.7515508074675372
ROS1-49-0001,2019-05-08,0.813796667066528,0.6102699209045259,-0.7258867793333258
ROS1-50-0003,2019-05-08,0.7053465565227164,0.51936909061298,-0.6618803341525632
ROS1-49-0002,2019-05-08,0.6366002465587041,0.42729962576863945,-0.5975634093331259
ROS1-33-0008,2019-05-08,0.4892612076337952,0.31584296262979306,-0.470209691016198
ROS1-34-0005,2019-05-08,0.294775214329239,0.15574478026139907,-0.3363593168225384
ROS1-33-0013,2019-05-08,0.774451431922755,0.5875463047706113,-0.688382505616573
ROS1-08-0025,2019-05-09,0.12990395651039116,0.19599858727604197,-0.09076421261598686
ROS1-01-0044,2019-05-11,0.013687666108799039,-1.0239054753498331,-8.04177272395101E-4
ROS1-13-0005,2019-05-11,0.5812504568573912,0.6756307256655021,-0.5246565445507827
ROS1-08-0022,2019-05-11,0.6199310315886042,0.5656431236594456,-0.5181676240092925
ROS1-08-0025,2019-05-11,0.22020246646125952,0.22202374709180978,-0.18890457778797812
ROS1-13-0000,2019-05-11,0.9156011294536062,0.7562805122459942,-0.8432263862794523
ROS1-14-0009,2019-05-11,0.5079678391054506,0.2267483961961863,-0.43505752055143443
ROS1-13-0020,2019-05-11,0.7853777311118397,0.6032188602580744,-0.6676029203386943
ROS1-24-0030,2019-05-11,0.5846392425675012,0.3797000995726712,-0.5164635945918314
ROS1-19-0016,2019-05-11,0.7967736986183419,0.6959168936438018,-0.681609354117691
ROS1-24-0034,2019-05-11,0.5992139571110248,0.45576546195185935,-0.557537573399552
ROS1-24-0023,2019-05-11,0.23166991706329645,0.11162515303786905,-0.3289001526881347
ROS1-18-0027,2019-05-11,0.825136356927499,0.6167105535802173,-0.7474965971387748
ROS1-24-0030,2019-05-11,0.5804121095826785,0.3794883258145138,-0.512513073415026
ROS1-18-0014,2019-05-11,0.24782415115064138,0.13611118436692912,-0.2901668277737654
ROS1-19-0018,2019-05-11,0.8054263839448816,0.6916224722325635,-0.6851605486702267
ROS1-24-0018,2019-05-11,0.18931852132274735,0.11163169209263007,-0.3070604588045901
ROS1-25-0027,2019-05-11,0.6503683758614893,0.40303664135200146,-0.5625634546574813
ROS1-25-0012,2019-05-11,0.21167779696013767,0.08895095728509045,-0.31337923624559777
ROS1-13-0000,2019-05-11,0.9147491401542299,0.7643175691311981,-0.8399857143140815
ROS1-19-0004,2019-05-11,0.6719574719179979,0.36472642887647855,-0.5540799921386615
ROS1-20-0017,2019-05-11,0.7302389987017328,0.44332168699920205,-0.6047736562734491
ROS1-20-0026,2019-05-11,0.37802165733890575,0.16302981362954425,-0.3786902539388333
ROS1-25-0002,2019-05-11,0.6353816730729909,0.47657100931481267,-0.5269036254007
ROS1-24-0023,2019-05-11,0.20347474875574514,0.09382811825025728,-0.32348967733147455
ROS1-25-0032,2019-05-11,0.6013375232731492,0.43827876432436363,-0.5183663303704961
ROS1-26-0040,2019-05-11,0.7964816541459651,0.6443891211048358,-0.7096148017460041
ROS1-32-0006,2019-05-11,0.4475673260372252,0.265099614229216,-0.44609683241174125
ROS1-31-0022,2019-05-11,0.6860279152102076,0.5198502692852356,-0.5982110749590062
ROS1-32-0029,2019-05-11,0.674949725904566,0.41400612884949584,-0.6058405952607538
ROS1-15-0022,2019-05-11,0.7173391870369725,0.4453226745223124,-0.6080365685379974
ROS1-15-0013,2019-05-11,0.19692964067778787,0.08631810992000437,-0.31445383480954314
ROS1-14-0031,2019-05-11,0.6397425621308449,0.39247205998809503,-0.5655581309332371
ROS1-15-0025,2019-05-11,0.7488955360104935,0.4880608040644531,-0.6524912742408634
ROS1-16-0004,2019-05-11,0.41375670407326764,0.24537538077594254,-0.43473220870267665
ROS1-15-0013,2019-05-11,0.19950006997100445,0.08730888862979595,-0.31708127245980816
ROS1-21-0036,2019-05-11,0.1852286263528447,0.06448772493616407,-0.2868632375005322
ROS1-21-0000,2019-05-11,0.653206228749674,0.3564771270799746,-0.5637661325609334
ROS1-20-0038,2019-05-11,0.5387553459905379,0.30122456169775175,-0.5082701429626998
ROS1-21-0003,2019-05-11,0.19140473334807823,0.06518924062066915,-0.2701433505733435
ROS1-26-0018,2019-05-11,0.2398400880277567,0.10194876378860764,-0.31865714572546056
ROS1-20-0017,2019-05-11,0.7264347967745467,0.44040932290160123,-0.6025739439592692
ROS1-26-0030,2019-05-11,0.3120263507884963,0.1369086067053228,-0.35298852590442
ROS1-27-0013,2019-05-11,0.20813195692874226,0.0777579401138102,-0.299257918481667
ROS1-20-0026,2019-05-11,0.377775329685237,0.1630930892013102,-0.37825390462532366
ROS1-21-0037,2019-05-11,0.1817119343340425,0.05934800127687498,-0.3036412412519455
ROS1-28-0013,2019-05-11,0.19271332151513984,0.05889724539993235,-0.32199936451125366
ROS1-22-0014,2019-05-11,0.3045946467137882,0.1490501053412675,-0.3599521658731169
ROS1-21-0010,2019-05-11,0.39462482236417173,0.1919830357922985,-0.40524789715633236
ROS1-22-0022,2019-05-11,0.6521356224942082,0.3589067913562261,-0.5669463200889471
ROS1-28-0015,2019-05-11,0.19213792704146904,0.05886203145063196,-0.3186198763938294
ROS1-22-0002,2019-05-11,0.7880573664787897,0.5565132417088369,-0.7013618009001747
ROS1-22-0006,2019-05-11,0.22175362561955855,0.10224000341675603,-0.31017925635510657
ROS1-22-0014,2019-05-11,0.3051135101848174,0.14888971242920365,-0.36106742897907745
ROS1-29-0003,2019-05-11,0.7081409735043679,0.38637548060589033,-0.6364432354844778
ROS1-29-0005,2019-05-11,0.18151566196787938,0.05764446589744437,-0.2912212535284669
ROS1-27-0005,2019-05-11,0.6145453614931987,0.31055680808769187,-0.5383012626498548
ROS1-32-0006,2019-05-11,0.44848044512219964,0.2687631292485861,-0.4431407791252371
ROS1-33-0008,2019-05-11,0.5146436878076406,0.257676314925352,-0.45470538640307717
ROS1-32-0025,2019-05-11,0.8966034199295563,0.8296148560144571,-0.7859454946502306
ROS1-26-0030,2019-05-11,0.30929066515786213,0.1377184628919981,-0.3455672072559775
ROS1-28-0013,2019-05-11,0.18611740148915348,0.058806287254304104,-0.2972103950914025
ROS1-34-0005,2019-05-11,0.29046333965842697,0.12026762260354412,-0.34804697614329033
ROS1-27-0019,2019-05-11,0.6219734276335589,0.3274465569592231,-0.5382475149430016
ROS1-28-0002,2019-05-11,0.19409636307342515,0.058199222241768725,-0.29996017755568266
ROS1-33-0020,2019-05-11,0.24103299539528408,0.08485665239144177,-0.32949739304635106
ROS1-28-0015,2019-05-11,0.18469845676165844,0.058345893975486715,-0.2938286441884339
ROS1-33-0013,2019-05-11,0.8683638525301965,0.6311334680235772,-0.7708725300988823
ROS1-33-0008,2019-05-11,0.5150036705915808,0.256856417662838,-0.4554914980720029
ROS1-34-0005,2019-05-11,0.2904391573988525,0.1204504584764976,-0.34766293704445533
ROS1-33-0013,2019-05-11,0.868207091353323,0.631709150641614,-0.7704489715527573
ROS1-24-0030,2019-05-13,0.2656476593923333,0.269599105255095,-0.2554988984302487
ROS1-24-0034,2019-05-13,0.4465503986529586,0.47243841275737203,-0.404596402204499
ROS1-18-0009,2019-05-13,0.5736029832434577,0.6050931901933012,-0.5003616905550626
ROS1-24-0023,2019-05-13,0.18274946117825797,0.11501763842555186,-0.3040208450339344
ROS1-18-0027,2019-05-13,0.8741116381591828,0.8433800788955679,-0.7849587154771068
ROS1-24-0030,2019-05-13,0.2737725765426681,0.2746655857939226,-0.2637739206376816
ROS1-18-0014,2019-05-13,0.21643587923706786,0.13938720723117562,-0.2537642686065409
ROS1-24-0024,2019-05-13,0.6865977253438411,0.7927559827194149,-0.6285674394637099
ROS1-19-0018,2019-05-13,0.34860736747529203,0.6419943742761018,-0.32538631346578367
ROS1-24-0018,2019-05-13,0.26825556596771877,0.2703310345781214,-0.2934693438681622
ROS1-25-0027,2019-05-13,0.5840175865995775,0.546495755464209,-0.5200132019962305
ROS1-19-0012,2019-05-13,0.410124389642937,8.02209377273391,-0.3108464130511154
ROS1-25-0002,2019-05-13,0.6180315763127119,0.5298845898167085,-0.5282961000806508
ROS1-24-0023,2019-05-13,0.19386264599997194,0.12401855420355626,-0.3057849467251684
ROS1-30-0002,2019-05-13,0.274348249795607,0.6172410107109128,-0.2724891970726574
ROS1-25-0018,2019-05-13,0.23538943171503823,0.38643731320211877,-0.22196441482510718
ROS1-21-0003,2019-05-13,0.14426736435918577,0.08122370894774435,-0.24157854026271366
ROS1-26-0018,2019-05-13,0.21010364524543726,0.12277739131426108,-0.3043511754151677
ROS1-27-0013,2019-05-13,0.2057371285254584,0.14857604093332566,-0.2740642515371893
ROS1-01-0044,2019-05-14,0.772005630176177,0.4638135522274334,-0.6633241165274714
ROS1-01-0005,2019-05-14,0.7361028588547746,0.5318434501631923,-0.5951305335352247
ROS1-01-0009,2019-05-14,0.5299341704500165,0.319884145182351,-0.4806816668896674
ROS1-07-0005,2019-05-14,0.23365222095290777,0.2913107085602386,-0.25282028757998265
ROS1-07-0031,2019-05-14,0.7176206611923184,0.5043088988310452,-0.5923940217980102
ROS1-07-0005,2019-05-14,0.2207772899524214,0.3019028532682919,-0.23845214138918083
ROS1-08-0022,2019-05-14,0.5054023185104977,0.8187443471077659,-0.4207640562205797
ROS1-16-0004,2019-05-14,0.4245519382938369,0.2678256502832111,-0.4217045496761847
ROS1-22-0014,2019-05-14,0.3057856265339146,0.2111678282669232,-0.32585600712176066
ROS1-22-0014,2019-05-14,0.3081394418378051,0.2122579839173674,-0.32510329409321803
ROS1-37-0046,2019-05-15,0.5857139107018164,0.40961821685472094,-0.5715203496619007
ROS1-36-0005,2019-05-15,0.481647267476832,0.2941910613424418,-0.44046730471777823
ROS1-37-0019,2019-05-15,0.4504607835652648,0.3228897563096408,-0.5043545765189087
ROS1-42-0016,2019-05-15,0.8013847388418386,0.5553045347322967,-0.7063350889018649
ROS1-36-0007,2019-05-15,0.8127903692660822,0.7504806241284157,-0.7209668094249849
ROS1-42-0010,2019-05-15,0.7891885572838213,0.5781262196216339,-0.6698692782936968
ROS1-37-0046,2019-05-15,0.5863305556115964,0.41134156675976563,-0.5716591134542344
ROS1-42-0009,2019-05-15,0.6869795582010291,0.5784797621945638,-0.6064895961717773
ROS1-43-0026,2019-05-15,0.657051608417319,0.5418308487081764,-0.5883873924421011
ROS1-44-0000,2019-05-15,0.7146647051259688,0.4691895829188772,-0.6296595653912346
ROS1-37-0046,2019-05-15,0.5857773374852825,0.4102059995288998,-0.5712858126244023
ROS1-43-0017,2019-05-15,0.32306170324226235,0.42157222010649825,-0.29022936214089057
ROS1-42-0016,2019-05-15,0.8079252560332387,0.5608849338850601,-0.7107430525491534
ROS1-43-0016,2019-05-15,0.1412158094880502,0.07938963204338788,-0.26240667781212745
ROS1-42-0009,2019-05-15,0.6896302922634623,0.5840811210408575,-0.6071484066183148
ROS1-43-0016,2019-05-15,0.14306863773389764,0.07959634881913762,-0.26923777402663335
ROS1-49-0012,2019-05-15,0.7448819970659931,0.7082862079581014,-0.6526113760042523
ROS1-49-0001,2019-05-15,0.6197977174069714,0.6988979028101532,-0.5661740552583631
ROS1-50-0003,2019-05-15,0.7481743586340585,0.5918657715260524,-0.6937563828211692
ROS1-49-0002,2019-05-15,0.2820925268482679,0.25815258061183066,-0.2714297615487965
ROS1-01-0044,2019-05-16,0.739415024143724,0.475523403933474,-0.6677654167983714
ROS1-01-0005,2019-05-16,0.7228634527758205,0.5182613679215481,-0.5919530854128193
ROS1-01-0009,2019-05-16,0.5364027662974975,0.3320761468328909,-0.4918001763490673
ROS1-07-0005,2019-05-16,0.2152064056939859,0.09966923235152984,-0.3011812319018909
ROS1-13-0005,2019-05-16,0.9039383155517725,0.8123874918399372,-0.8248176378296483
ROS1-07-0031,2019-05-16,0.7112579193076584,0.5124602788693235,-0.603033104483024
ROS1-07-0005,2019-05-16,0.21531229211841746,0.0970306449896473,-0.30647567830103073
ROS1-08-0022,2019-05-16,0.7672260438365599,0.652952856688798,-0.6718632925812995
ROS1-07-0020,2019-05-16,0.8054961999239602,0.6247781600233849,-0.7170960684558743
ROS1-08-0025,2019-05-16,0.22371537283169043,0.0962028400076937,-0.2979387324696297
ROS1-13-0000,2019-05-16,0.926302726887497,0.7557901896099429,-0.8658091415034417
ROS1-14-0009,2019-05-16,0.6317024136688184,0.36280380425018594,-0.5123308371271462
ROS1-13-0020,2019-05-16,0.8116742201409424,0.6020383268477564,-0.7176445330333131
ROS1-24-0030,2019-05-16,0.558650238742462,0.3374357107578279,-0.5219544795804999
ROS1-19-0016,2019-05-16,0.8203489454220282,0.7095362656642761,-0.715989422477073
ROS1-24-0034,2019-05-16,0.6347857790025934,0.5252361521516807,-0.5930243349498788
ROS1-18-0009,2019-05-16,0.7876391032560625,0.5577731916303418,-0.6901492667021344
ROS1-24-0023,2019-05-16,0.276557436082103,0.37230948225712623,-0.2744921804781593
ROS1-18-0027,2019-05-16,0.9079300222366253,0.780975943373936,-0.8265339882484842
ROS1-24-0030,2019-05-16,0.5604059909081731,0.33304622141933077,-0.5242687078831024
ROS1-18-0014,2019-05-16,0.2625459380353973,0.15102691746039137,-0.2940142650513282
ROS1-24-0024,2019-05-16,0.8781210591815146,0.833921945528627,-0.8023990491299416
ROS1-19-0018,2019-05-16,0.8587150585149431,0.5601667003449512,-0.7295201290392896
ROS1-24-0018,2019-05-16,0.20383191636851483,0.09225794257339477,-0.3205492197960539
ROS1-25-0027,2019-05-16,0.6595752227588146,0.4201127328327713,-0.5955029280414147
ROS1-19-0012,2019-05-16,0.712979797287178,0.4771724492810548,-0.6392214098079597
ROS1-25-0012,2019-05-16,0.22047097319057407,0.10246287468867447,-0.3158745830884116
ROS1-13-0000,2019-05-16,0.9240017191971948,0.7624696724331838,-0.8607238240784841
ROS1-19-0004,2019-05-16,0.7056735361985279,0.4075837283553504,-0.5906833537415835
ROS1-20-0026,2019-05-16,0.4456757154900552,0.27881259464148306,-0.43010870207288243
ROS1-25-0002,2019-05-16,0.26531582170115486,0.30717244383062303,-0.2769685878355662
ROS1-24-0023,2019-05-16,0.21348063268239095,0.20254950071326377,-0.258714132124341
ROS1-25-0032,2019-05-16,0.6690913228562064,0.3713492496710334,-0.5762040232666437
ROS1-26-0040,2019-05-16,0.8087643853786813,0.6676397574685496,-0.708685363147624
ROS1-32-0006,2019-05-16,0.5413619606165704,0.29859967474194105,-0.48990120810774535
ROS1-31-0022,2019-05-16,0.8267925238837442,0.6458880398686039,-0.7067953057039408
ROS1-25-0018,2019-05-16,0.19163812333170455,0.10115431581789623,-0.30988906429653573
ROS1-32-0029,2019-05-16,0.7278860847308297,0.4752861686890413,-0.6595422992539218
ROS1-14-0002,2019-05-16,0.6250810957567133,0.3592690881077089,-0.5436288708949192
ROS1-14-0031,2019-05-16,0.6708505224909838,0.4274827009516538,-0.5970649071082077
ROS1-15-0025,2019-05-16,0.754353252071886,0.5305978375726854,-0.6617351781744435
ROS1-16-0004,2019-05-16,0.30375022721552547,0.24607250383440907,-0.293698835550619
ROS1-21-0000,2019-05-16,0.6531788211936899,0.42852603559773933,-0.5846254775455911
ROS1-20-0038,2019-05-16,0.5562311970282297,0.3843094775988728,-0.5420327722929429
ROS1-21-0003,2019-05-16,0.19359193556574197,0.09193601260920801,-0.28568938963649965
ROS1-26-0018,2019-05-16,0.2465958935441097,0.3171386129718865,-0.20770043584389314
ROS1-20-0017,2019-05-16,0.7078818805140592,0.5030667265174134,-0.6271763784030981
ROS1-26-0030,2019-05-16,0.3598141477442884,0.22755204749725408,-0.3767760279968667
ROS1-27-0013,2019-05-16,0.1554181658701257,0.11295503313724412,-0.21845562666173263
ROS1-20-0026,2019-05-16,0.4460463121779448,0.2774789415469561,-0.43138788048987037
ROS1-21-0037,2019-05-16,0.18617384114289373,0.0962778226587938,-0.3017672708445495
ROS1-28-0013,2019-05-16,0.18763559348752729,0.07632088980696312,-0.311869802221322
ROS1-22-0014,2019-05-16,0.3090572733130598,0.28894466558072446,-0.31996598007115135
ROS1-21-0010,2019-05-16,0.4702243641658695,0.28474616213885207,-0.44595578662568197
ROS1-22-0022,2019-05-16,0.6772102186373528,0.37948824402043047,-0.5801492112125024
ROS1-28-0015,2019-05-16,0.17672912704268756,0.0706350079236993,-0.2971546398615657
ROS1-22-0002,2019-05-16,0.5632821589506958,0.543212869773025,-0.5170672135682649
ROS1-22-0006,2019-05-16,0.1956841339082124,0.0979219911354522,-0.25455349581021014
ROS1-22-0014,2019-05-16,0.30843787234437686,0.2877361352556938,-0.3212005823018071
ROS1-27-0005,2019-05-16,0.5416836595279281,0.3708856576126069,-0.48688042511052076
ROS1-32-0006,2019-05-16,0.5423022970497787,0.2983503851686164,-0.490843297492728
ROS1-33-0008,2019-05-16,0.5963271506524331,0.3784972596808972,-0.5431051538510796
ROS1-32-0025,2019-05-16,0.8367760429660823,0.4320607660775706,-0.709147899874958
ROS1-26-0030,2019-05-16,0.3577805316467619,0.22891082656039638,-0.3719098568333073
ROS1-28-0013,2019-05-16,0.18422872686595662,0.07630984434807528,-0.3007705053646026
ROS1-34-0005,2019-05-16,0.3293730406182998,0.15501874567184282,-0.36261062078023004
ROS1-27-0019,2019-05-16,0.6026733309179589,0.34580372353421435,-0.5257313904225556
ROS1-28-0002,2019-05-16,0.19811230708424318,0.09137265935211498,-0.2793130711974534
ROS1-33-0020,2019-05-16,0.23275203998399135,0.11903034193706384,-0.3345557111017685
ROS1-28-0015,2019-05-16,0.1729460514916476,0.07037647003600203,-0.28555822754010113
ROS1-33-0013,2019-05-16,0.8220292343386288,0.2866266983373906,-0.6910304578125861
ROS1-33-0008,2019-05-16,0.5964864400369734,0.3792966221680637,-0.5428043825678798
ROS1-34-0005,2019-05-16,0.3286940523553422,0.15466397531998663,-0.3619568231720446
ROS1-33-0013,2019-05-16,0.8224576897880534,0.28458243366182473,-0.6908946374915791
ROS1-24-0030,2019-05-18,0.5582526058236176,0.36802551723627586,-0.5208661081153658
ROS1-19-0016,2019-05-18,0.8394143804577082,0.7049584783886882,-0.7393188747156068
ROS1-24-0034,2019-05-18,0.5987725522940275,0.4599285639314143,-0.5849773302798745
ROS1-18-0009,2019-05-18,0.823020283487622,0.6557681739822034,-0.7155260509144541
ROS1-24-0023,2019-05-18,0.12800206558052768,0.06469755300194256,-0.29056483726820814
ROS1-24-0030,2019-05-18,0.5607112925532384,0.36604559383328883,-0.5247381612924309
ROS1-18-0014,2019-05-18,0.27430498382911384,0.16738400285115293,-0.3036575042575784
ROS1-24-0024,2019-05-18,0.883697024057999,0.7951744895404852,-0.8120797692269406
ROS1-19-0018,2019-05-18,0.9005305885040091,0.7858873805972523,-0.788189110316656
ROS1-24-0018,2019-05-18,0.18389935973707533,0.08771118961236193,-0.3248951857107318
ROS1-25-0027,2019-05-18,0.6930454118896714,0.4821695355192829,-0.6079919268879572
ROS1-19-0012,2019-05-18,0.7326296467357932,0.5169534539989388,-0.6603577706192645
ROS1-25-0012,2019-05-18,0.14998304142857155,0.06306836710998337,-0.28755811570875783
ROS1-25-0002,2019-05-18,0.7084656627065934,0.46220432129467465,-0.6142387790764597
ROS1-30-0014,2019-05-18,0.7876673198889333,0.6135985420627196,-0.6867130647595406
ROS1-24-0023,2019-05-18,0.17355567135175565,0.09214986008905202,-0.3041814079392652
ROS1-30-0002,2019-05-18,0.7611344601513923,0.5365419235755503,-0.6953732391486385
ROS1-30-0015,2019-05-18,0.15498903082485835,0.08316505857785629,-0.28332352728136145
ROS1-36-0006,2019-05-18,0.20886951087609423,0.10870680933048724,-0.3276668698088033
ROS1-37-0046,2019-05-18,0.6430093656008253,0.4361236888361372,-0.620603010918341
ROS1-25-0032,2019-05-18,0.7050614225811654,0.4715389945186448,-0.6195440368135094
ROS1-26-0040,2019-05-18,0.8042889060951328,0.6676228598132466,-0.7094440758682634
ROS1-31-0021,2019-05-18,0.8574506846792134,0.7166428384787172,-0.7726905149966571
ROS1-32-0006,2019-05-18,0.5140133543585687,0.35193717077829817,-0.4719278423955792
ROS1-38-0007,2019-05-18,0.22164956902513838,0.12874813279651767,-0.34606838554739605
ROS1-31-0022,2019-05-18,0.8357868960569647,0.7181565369175549,-0.7252505398849661
ROS1-37-0031,2019-05-18,0.797096904236328,0.6385004563063831,-0.7159066939857326
ROS1-25-0018,2019-05-18,0.1773147755108734,0.08223840113358385,-0.304638057492493
ROS1-31-0033,2019-05-18,0.6709888723537416,0.4360089538234319,-0.6418971802834461
ROS1-32-0029,2019-05-18,0.7292827242260171,0.5245316654938712,-0.6658593542645098
ROS1-37-0046,2019-05-18,0.6448071294234148,0.435676646373261,-0.6230287151594942
ROS1-20-0038,2019-05-18,0.5775782469641306,0.3695551788753207,-0.5564959817022023
ROS1-21-0003,2019-05-18,0.26723828906162805,0.12328072575253916,-0.3225490131957236
ROS1-26-0030,2019-05-18,0.40869056602640597,0.28805783080558,-0.4042948339407173
ROS1-27-0013,2019-05-18,0.19202956642491845,0.12518584082613354,-0.29039731485781695
ROS1-28-0013,2019-05-18,0.17471968396019327,0.07805680137957707,-0.30074970510653254
ROS1-28-0015,2019-05-18,0.17232271782461595,0.07386042888886116,-0.29726541672492285
ROS1-29-0003,2019-05-18,0.73157725787774,0.5017795181227851,-0.6405850770996729
ROS1-27-0005,2019-05-18,0.6075645696911975,0.384951683844589,-0.5311783591694442
ROS1-32-0006,2019-05-18,0.5144224960999833,0.3508844200067427,-0.4733254692953108
ROS1-33-0008,2019-05-18,0.6019636744386322,0.40956808649941856,-0.5541654019691
ROS1-26-0030,2019-05-18,0.40753747680975866,0.29028793593234914,-0.40097065712939367
ROS1-28-0013,2019-05-18,0.17288001581110396,0.07806949902526306,-0.29515814219893377
ROS1-34-0005,2019-05-18,0.3635752133222254,0.1819391537636078,-0.3828716375796808
ROS1-27-0019,2019-05-18,0.5999240063321758,0.35150877754604404,-0.532345473315567
ROS1-28-0002,2019-05-18,0.19548295096914053,0.088393503906481,-0.30420340045419375
ROS1-33-0020,2019-05-18,0.22746716857384375,0.1185353934499529,-0.3438936764820641
ROS1-28-0015,2019-05-18,0.17023160218602965,0.07377431157898319,-0.29100252295950524
ROS1-33-0013,2019-05-18,0.858123587313445,0.663084257687163,-0.7517444295736002
ROS1-31-0021,2019-05-18,0.8490222290642461,0.7240358272053169,-0.7616688204664469
ROS1-36-0005,2019-05-18,0.6210287915000345,0.47353597034864114,-0.5319850308241132
ROS1-37-0019,2019-05-18,0.45864280516003336,0.32566006142928505,-0.508497783913278
ROS1-42-0016,2019-05-18,0.7908997628141009,0.5508276556864978,-0.7188254979786057
ROS1-36-0007,2019-05-18,0.8221298309531052,0.5974056168949279,-0.7503870339305169
ROS1-42-0010,2019-05-18,0.8088163406860448,0.5718163313846616,-0.7094881132869291
ROS1-30-0015,2019-05-18,0.16411150713800438,0.08986979196270115,-0.28496751602742226
ROS1-36-0006,2019-05-18,0.20922011570200727,0.11104691183526576,-0.3202486974002823
ROS1-37-0046,2019-05-18,0.6367824349338648,0.43966647156538874,-0.6106245100344531
ROS1-42-0009,2019-05-18,0.7687270713824841,0.5864678857666347,-0.6924232598965419
ROS1-31-0021,2019-05-18,0.8555382629965594,0.7185185312363789,-0.7698564675080943
ROS1-38-0007,2019-05-18,0.22063632970732308,0.12888926763086947,-0.3432043603592844
ROS1-37-0031,2019-05-18,0.7945522902127122,0.6398964050757215,-0.7124516045270209
ROS1-38-0004,2019-05-18,0.8924260783667628,0.7053849678375503,-0.8004710798602943
ROS1-43-0026,2019-05-18,0.8337082014893477,0.6554231944479932,-0.7524067980717587
ROS1-44-0000,2019-05-18,0.7583370006274137,0.5606188837465516,-0.6934224112495109
ROS1-37-0046,2019-05-18,0.6431320458137896,0.4364878791941076,-0.6202186549740734
ROS1-43-0017,2019-05-18,0.8130115442656262,0.6588705490768985,-0.7087105725370437
ROS1-42-0016,2019-05-18,0.7908371766975715,0.5541931357321993,-0.716934198624811
ROS1-43-0016,2019-05-18,0.17893152518143252,0.11552795627283843,-0.33239366635615825
ROS1-42-0009,2019-05-18,0.768822964687252,0.5906394922326271,-0.6908183772896579
ROS1-43-0016,2019-05-18,0.17929367328964146,0.11498071323512973,-0.3355632087426632
ROS1-49-0012,2019-05-18,0.776445379270207,0.624467518911944,-0.6887922992810123
ROS1-49-0001,2019-05-18,0.8053738995453139,0.6771827980303813,-0.7188708992358176
ROS1-50-0003,2019-05-18,0.7502244910695507,0.5986191356125558,-0.6960432657272237
ROS1-49-0002,2019-05-18,0.6681362838415605,0.457467394017908,-0.6231714696097684
ROS1-33-0008,2019-05-18,0.5993719811460794,0.4092172658748027,-0.5508933640799416
ROS1-34-0005,2019-05-18,0.36308149723378963,0.18174094765788032,-0.38290872632361483
ROS1-33-0013,2019-05-18,0.8580075699599382,0.6630677102270176,-0.7514865023368394
ROS1-01-0044,2019-05-19,0.6671730373913713,0.500074489402425,-0.5958223716779855
ROS1-01-0005,2019-05-19,0.656164137097834,0.3929867902801583,-0.5414147876619869
ROS1-01-0009,2019-05-19,0.5455932102868704,0.3245982164109373,-0.49379785313841024
ROS1-07-0005,2019-05-19,0.25403718619229493,0.12327567625542482,-0.30484218974295757
ROS1-07-0031,2019-05-19,0.7013703714393611,0.4970743974569818,-0.5962558341428755
ROS1-07-0005,2019-05-19,0.26782158805926787,0.13548512938865592,-0.3058720571316543
ROS1-08-0022,2019-05-19,0.8475909950103311,0.6573572423533901,-0.7417623411956458
ROS1-08-0025,2019-05-19,0.22171713867227438,0.08609833537063381,-0.3014152357962388
ROS1-14-0031,2019-05-19,0.7332410724575397,0.4524716974532225,-0.6463448565262488
ROS1-15-0025,2019-05-19,0.8581049011373222,0.5586921796598383,-0.7622130480968669
ROS1-16-0004,2019-05-19,0.48215698452075606,0.2785395382356991,-0.47843270940293353
ROS1-22-0014,2019-05-19,0.3507540356912545,0.20067131238883523,-0.38907298883177166
ROS1-22-0014,2019-05-19,0.35069393579298175,0.20014260561178895,-0.3901870325877111
ROS1-37-0046,2019-05-20,0.6361207960371293,0.4735997313821881,-0.6131071021584131
ROS1-36-0005,2019-05-20,0.748788723951171,0.6585802473273787,-0.5969815397166144
ROS1-37-0019,2019-05-20,0.4125921221304776,0.3076574098682635,-0.48338616374451465
ROS1-42-0016,2019-05-20,0.8173439337499461,0.6028274053217477,-0.7470541944371156
ROS1-36-0007,2019-05-20,0.8371532528619007,0.6167362164707761,-0.769831095153673
ROS1-42-0010,2019-05-20,0.8228145700431683,0.6268267094183118,-0.7269031815100697
ROS1-37-0046,2019-05-20,0.649048241438318,0.47756543162030357,-0.6272615434695297
ROS1-42-0009,2019-05-20,0.8279955640090333,0.6434227932935074,-0.753631408423587
ROS1-43-0026,2019-05-20,0.8418678034178516,0.7082718190666035,-0.7590978771469407
ROS1-44-0000,2019-05-20,0.7568351256145406,0.6036010273743874,-0.6912963125389122
ROS1-37-0046,2019-05-20,0.6278294936301744,0.47236502653919454,-0.6024734329013387
ROS1-43-0017,2019-05-20,0.8104242819972246,0.7012670629022236,-0.7055720619517472
ROS1-42-0016,2019-05-20,0.7778140887352972,0.6034110563208896,-0.7051708409492992
ROS1-43-0016,2019-05-20,0.1922593197673581,0.1290278395696531,-0.3412616929167789
ROS1-42-0009,2019-05-20,0.792317888103015,0.6446710083317051,-0.7146270073169598
ROS1-43-0016,2019-05-20,0.1925666376390741,0.12909042308974158,-0.34176044883309653
ROS1-49-0012,2019-05-20,0.8451488751249481,0.6767487150374448,-0.7519272662789203
ROS1-49-0001,2019-05-20,0.8371483253261188,0.7113329381635195,-0.7519656536202732
ROS1-50-0003,2019-05-20,0.7706699268554069,0.6246221728290855,-0.7102430397715178
ROS1-49-0002,2019-05-20,0.6458703586720311,0.4633562704038407,-0.6129581855480476
ROS1-01-0044,2019-05-21,0.7526858410187134,0.5015884087099651,-0.6934438493260071
ROS1-01-0005,2019-05-21,0.7242422019761959,0.5426650336967586,-0.6112640490595834
ROS1-01-0009,2019-05-21,0.5532943452045324,0.3677369172755137,-0.5061334826410352
ROS1-07-0005,2019-05-21,0.2929546713303795,0.1632882650481077,-0.3462983722479258
ROS1-13-0005,2019-05-21,0.9083116282154209,0.79157062099795,-0.838857294896578
ROS1-07-0031,2019-05-21,0.7043104078720024,0.46011067753964835,-0.6102906789856419
ROS1-07-0005,2019-05-21,0.29567718725415176,0.15957786282137756,-0.34877512895498475
ROS1-07-0020,2019-05-21,0.7638375048963887,0.6170206341005401,-0.6896770888516023
ROS1-08-0025,2019-05-21,0.25091160927175643,0.11070351713275971,-0.3181846565791758
ROS1-13-0000,2019-05-21,0.875396012216249,0.75796074473792,-0.8188157573395415
ROS1-14-0009,2019-05-21,0.6599605373431874,0.377718518472386,-0.5695361127241384
ROS1-13-0020,2019-05-21,0.8082791747566814,0.6044918924877378,-0.7277909658452176
ROS1-24-0030,2019-05-21,0.5781785612825047,0.34321941869911765,-0.5484088748595318
ROS1-19-0016,2019-05-21,0.8255894475609513,0.6174612918197366,-0.7351605063103391
ROS1-24-0034,2019-05-21,0.6080994704491576,0.4393461421984997,-0.6018403233876649
ROS1-18-0009,2019-05-21,0.813922844203765,0.6087520595164188,-0.7235272804012642
ROS1-24-0023,2019-05-21,0.19071526094159674,0.09748237199417044,-0.3273163419243137
ROS1-18-0027,2019-05-21,0.8986915132346006,0.8003225785930547,-0.8212249443687247
ROS1-24-0030,2019-05-21,0.5775525891384016,0.34249755196820963,-0.5475293011997701
ROS1-18-0014,2019-05-21,0.3494438954541537,0.21206456498217308,-0.3610820867448959
ROS1-24-0024,2019-05-21,0.8043602489599339,0.6884365872767918,-0.7467125739593464
ROS1-19-0018,2019-05-21,0.8831236717280432,0.7076671061851922,-0.7848786109931803
ROS1-24-0018,2019-05-21,0.24992987665401695,0.11540947908964215,-0.3607189269216634
ROS1-25-0027,2019-05-21,0.7007901687824947,0.47851273521059634,-0.6348166724690335
ROS1-19-0012,2019-05-21,0.7489705418239854,0.5174680432047715,-0.6861870448928022
ROS1-25-0012,2019-05-21,0.23464546603854497,0.11264172660941288,-0.32990869035254416
ROS1-13-0000,2019-05-21,0.8590601299257409,0.7527357763244771,-0.8011700125831528
ROS1-19-0004,2019-05-21,0.7252829755524944,0.41045306577155266,-0.6194497770849724
ROS1-20-0017,2019-05-21,0.7255865822482039,0.5135058388771583,-0.6454199674836874
ROS1-20-0026,2019-05-21,0.554514121993136,0.3183643402682527,-0.5056603486331318
ROS1-25-0002,2019-05-21,0.7450840516886241,0.47108300205978887,-0.6504419959230137
ROS1-24-0023,2019-05-21,0.19186581393898675,0.09877106977045635,-0.32530766893670826
ROS1-25-0032,2019-05-21,0.7455169138106443,0.47007464596282195,-0.6660787281300551
ROS1-26-0040,2019-05-21,0.7758103894170526,0.6422197359123424,-0.6926191298339607
ROS1-32-0006,2019-05-21,0.5472037441769599,0.38276865015909,-0.5147492141746903
ROS1-31-0022,2019-05-21,0.8616491319030798,0.7151566849800691,-0.7633201453580717
ROS1-25-0018,2019-05-21,0.2003998156762082,0.09304605121840222,-0.3234518308662172
ROS1-32-0029,2019-05-21,0.7688931406286925,0.5312301986075498,-0.7070122525021478
ROS1-14-0002,2019-05-21,0.707634073043166,0.4259937922845975,-0.6135155256690298
ROS1-15-0022,2019-05-21,0.8320848431594003,0.6030370281798402,-0.7272521680634713
ROS1-15-0013,2019-05-21,0.19069786651106535,0.08194254554974496,-0.33171968702018595
ROS1-15-0025,2019-05-21,0.8260194033338184,0.5559764702709202,-0.7387972521140114
ROS1-16-0004,2019-05-21,0.503912932008096,0.30416361667035957,-0.49228326931362143
ROS1-15-0013,2019-05-21,0.19596084155123572,0.08406205447297731,-0.336358097446716
ROS1-21-0036,2019-05-21,0.17925685891658477,0.0666252806941083,-0.31243202297773753
ROS1-21-0000,2019-05-21,0.7531933711933513,0.48230127775981574,-0.673912583375894
ROS1-20-0038,2019-05-21,0.6110159989196415,0.39521663298538107,-0.5951178366927963
ROS1-21-0003,2019-05-21,0.17641152119370612,0.07508300793059128,-0.29374092688751613
ROS1-20-0017,2019-05-21,0.7216499962570508,0.5065083197829476,-0.6428329086274098
ROS1-26-0030,2019-05-21,0.4446574125325637,0.24860977138253892,-0.4417882578972648
ROS1-27-0013,2019-05-21,0.1593530850911233,0.08222335476629389,-0.287446038325272
ROS1-20-0026,2019-05-21,0.5531358739977993,0.31642471237495085,-0.505997420483424
ROS1-21-0037,2019-05-21,0.18006749509653322,0.07077187015536633,-0.33570012388607817
ROS1-28-0013,2019-05-21,0.17300445357999317,0.08996009690751035,-0.30388423457730385
ROS1-22-0014,2019-05-21,0.36275591322809175,0.21470168615783186,-0.4030543921375503
ROS1-21-0010,2019-05-21,0.6276464368209979,0.3841859229546967,-0.5425508795700712
ROS1-22-0022,2019-05-21,0.6927093834266848,0.3952981017398606,-0.6156230320719446
ROS1-22-0002,2019-05-21,0.8471233521800876,0.6079064654345564,-0.7642787052402842
ROS1-22-0006,2019-05-21,0.20464394803822217,0.08285877743525245,-0.32276518080636707
ROS1-22-0014,2019-05-21,0.36314548736646546,0.2144674593884207,-0.4042548442638264
ROS1-29-0003,2019-05-21,0.7143414336004255,0.4312794322291573,-0.6392383969203574
ROS1-29-0005,2019-05-21,0.1992489196967939,0.07725788741586352,-0.3288839915138189
ROS1-27-0005,2019-05-21,0.6028668780525286,0.3387118916768873,-0.5574113179556822
ROS1-32-0006,2019-05-21,0.5468040226274699,0.3841274482018513,-0.5134287417519966
ROS1-33-0008,2019-05-21,0.639929444104063,0.39765817018617733,-0.5924496331214127
ROS1-26-0030,2019-05-21,0.4423177343364948,0.2504074344449237,-0.43615792118663194
ROS1-28-0013,2019-05-21,0.20194343506637005,0.09411350804861471,-0.3114317449176783
ROS1-34-0005,2019-05-21,0.35617176843640164,0.16753102616036475,-0.3915456523731319
ROS1-27-0019,2019-05-21,0.5980495622631137,0.31820353843535,-0.555044952823559
ROS1-28-0002,2019-05-21,0.22100295091585476,0.1010060275051422,-0.31930285040781875
ROS1-33-0020,2019-05-21,0.24980605156993765,0.12497440010157286,-0.3617943011848677
ROS1-28-0015,2019-05-21,0.19241557418635585,0.08567404483002068,-0.30378901158217825
ROS1-33-0013,2019-05-21,0.8590419756769929,0.6408331543724577,-0.7654904189520225
ROS1-33-0008,2019-05-21,0.6398682893177164,0.3981424874119055,-0.5923924244458568
ROS1-34-0005,2019-05-21,0.3555375504861948,0.16749170459942062,-0.390279134975847
ROS1-33-0013,2019-05-21,0.8587401060109617,0.6412622044511196,-0.7646869640005722
ROS1-24-0034,2019-05-23,0.5842682338537588,0.468812325218325,-0.5600336183768442
ROS1-18-0027,2019-05-23,0.8365859958102689,0.9693266476242656,-0.752972524940791
ROS1-24-0024,2019-05-23,0.8433690431262866,0.8417127611532731,-0.7708344181718253
ROS1-24-0018,2019-05-23,0.22257857601026304,0.07921289321097567,-0.28091397849462363
ROS1-25-0012,2019-05-23,0.04309911042541058,-0.6198452778637058,-0.010435912734621867
ROS1-30-0002,2019-05-23,0.7615106956605705,-0.0754158457615018,-0.5933009824406859
ROS1-30-0015,2019-05-23,0.3465700730676216,0.2542104666290106,-0.34220993860107873
ROS1-31-0021,2019-05-23,0.8923633342672762,0.7693937631898642,-0.8089331651231657
ROS1-32-0006,2019-05-23,0.5886587245080015,0.4353790855045517,-0.5098303415518877
ROS1-26-0018,2019-05-23,0.1009806130185597,-0.08621973360193967,-0.18502063770294747
ROS1-26-0030,2019-05-23,0.5014520600501168,0.32614126507579416,-0.4103522861425025
ROS1-27-0013,2019-05-23,0.016131753994250986,0.1445145476255875,-0.01636568764191107
ROS1-28-0015,2019-05-23,0.07513739853320069,0.11138812363914269,-0.048818888861910006
ROS1-29-0003,2019-05-23,0.6876536026977402,0.49620464784957374,-0.5600789649913636
ROS1-27-0005,2019-05-23,0.3559019334680196,0.1771059493423491,-0.3114947766750902
ROS1-32-0006,2019-05-23,0.5758759208676585,0.4313895075625787,-0.4968435462502471
ROS1-33-0008,2019-05-23,0.3477853899179957,0.910647727054428,-0.28691272163206677
ROS1-32-0025,2019-05-23,0.6664274665193836,0.8119932749442492,-0.6045123352136529
ROS1-26-0030,2019-05-23,0.4947879955974999,0.33980720900354144,-0.3960086761383961
ROS1-34-0005,2019-05-23,0.20980675949845573,-0.5367201725243255,-0.044690249233811465
ROS1-27-0019,2019-05-23,0.5820590512430814,0.38487773030604255,-0.5004334415891103
ROS1-33-0020,2019-05-23,0.2689384598599241,0.14522014389289742,-0.35361149935504665
ROS1-28-0015,2019-05-23,0.07356462888681731,0.11306842040819205,-0.04523643461815588
ROS1-31-0021,2019-05-23,0.8758927028083969,0.7735778202651543,-0.7886794671840822
ROS1-36-0007,2019-05-23,0.4121658700238569,0.6636516927967776,-0.4359953691313996
ROS1-42-0010,2019-05-23,0.7979918344571295,0.6623922480290844,-0.7002692081400177
ROS1-30-0015,2019-05-23,0.35313491761568516,0.2508428002339683,-0.34553632393448747
ROS1-31-0021,2019-05-23,0.8915907892236637,0.7718930798938569,-0.8072912190460377
ROS1-33-0008,2019-05-23,0.41020558241598254,0.652124812382344,-0.3453236753384221
ROS1-34-0005,2019-05-23,0.21266972234955694,-0.4399074584098722,-0.056433609439911485
ROS1-01-0044,2019-05-24,0.47432567574567874,1.7550064877558311,-0.3588236885970798
ROS1-01-0005,2019-05-24,0.7056532834780662,0.47857155902947823,-0.5882687536322068
ROS1-01-0009,2019-05-24,0.06393537010444411,-0.32569654041211815,-0.024156765527352672
ROS1-08-0022,2019-05-24,0.8636038563529554,0.6532418945350666,-0.7552307706681275
ROS1-08-0025,2019-05-24,0.292383903793819,0.10237341650540711,-0.3302956704035082
ROS1-14-0031,2019-05-24,0.5698860451971721,0.6018236332495397,-0.4873572014749525
ROS1-15-0025,2019-05-24,0.6678624516312526,0.670333462890512,-0.5725465969966563
ROS1-16-0004,2019-05-24,0.50744646387485,0.31178480680120313,-0.4800509645822627
ROS1-22-0014,2019-05-24,0.39007581789106555,0.22781051166841249,-0.3996696138702524
ROS1-22-0014,2019-05-24,0.38868053707284644,0.224343655731754,-0.4013121126868299
ROS1-37-0046,2019-05-25,0.6300151598005491,0.47631614183768817,-0.6046958917947205
ROS1-36-0005,2019-05-25,0.8063589339760953,0.7659093824960332,-0.6332236729120687
ROS1-37-0019,2019-05-25,0.4460660802221437,0.31983246772504204,-0.49970932645286403
ROS1-42-0016,2019-05-25,0.7228036570448341,0.45952689002647407,-0.6659999730198621
ROS1-36-0007,2019-05-25,0.7092893145868822,0.4447819220346572,-0.6634579796874847
ROS1-42-0010,2019-05-25,0.751510073880641,0.5549829882931433,-0.6663502714700774
ROS1-37-0046,2019-05-25,0.6262193354675383,0.4763444229814419,-0.5995104186024125
ROS1-42-0009,2019-05-25,0.7824759236389434,0.5881675335641531,-0.708764458185978
ROS1-43-0026,2019-05-25,0.8327361208018954,0.661233559700538,-0.7461285173165744
ROS1-44-0000,2019-05-25,0.7443870714093441,0.6001861699423711,-0.684128254607297
ROS1-37-0046,2019-05-25,0.6253385361757117,0.47528264479189763,-0.5988372120068378
ROS1-43-0017,2019-05-25,0.7691842856568275,0.6125795192269309,-0.6630432595733566
ROS1-42-0016,2019-05-25,0.7764645175427749,0.4406108266537988,-0.7184076996973368
ROS1-43-0016,2019-05-25,0.2647631373424693,0.1777369500429385,-0.38764375734312045
ROS1-42-0009,2019-05-25,0.8216981622284578,0.6054876635624625,-0.7460278065789304
ROS1-43-0016,2019-05-25,0.25871337025343755,0.1768196451363745,-0.3750950484526884
ROS1-49-0012,2019-05-25,0.7800957012100938,0.5320693264876545,-0.7047223158977092
ROS1-49-0001,2019-05-25,0.8123185770473634,0.6038352522304187,-0.7355291728724658
ROS1-50-0003,2019-05-25,0.7294344450836447,0.6308958250444042,-0.672051646573539
ROS1-49-0002,2019-05-25,0.5856599521006278,0.3916020916012923,-0.5801435649112004
ROS1-01-0005,2019-05-26,0.003490521337943626,0.10065968613748512,-0.004898834746740977
ROS1-24-0030,2019-05-26,0.4492551891560418,0.7242961424273121,-0.36656265350635575
ROS1-24-0030,2019-05-26,0.44754796458566176,0.8029252420142037,-0.36236120901377844
ROS1-19-0018,2019-05-26,0.5167626801917551,1.0731869753447325,-0.44521461933226963
ROS1-24-0018,2019-05-26,0.312410954665574,0.17338968511333808,-0.35961081815004114
ROS1-20-0017,2019-05-26,-0.0021895258710199258,-0.04025098831492036,0.0022172450476082763
ROS1-32-0029,2019-05-26,0.030240874372465247,-0.11661452198842452,0.0016364174461009592
ROS1-14-0002,2019-05-26,0.03459374885543754,0.1948166853008483,-0.04310606342100987
ROS1-15-0022,2019-05-26,0.0462347315213745,0.2625344739262655,-0.04698925729941785
ROS1-15-0025,2019-05-26,0.08140313189381809,0.33179443625061483,-0.08582554760819198
ROS1-26-0018,2019-05-26,0.034508553125829344,0.17717872855978697,-0.042006870114995536
ROS1-20-0017,2019-05-26,0.0026541378138579333,0.0307568614678391,-0.005642204807473579
ROS1-27-0019,2019-05-26,0.02836804580488846,0.14110194905362072,-0.035489242999190464
ROS1-24-0030,2019-05-28,0.6234808553216321,0.4443088052559548,-0.5793037589631169
ROS1-19-0016,2019-05-28,0.8201620104031169,0.6334800105431674,-0.7287505084360653
ROS1-24-0034,2019-05-28,0.6002500277604625,0.4053425821649777,-0.5771918101355571
ROS1-18-0009,2019-05-28,0.8500340510640518,0.634704429480805,-0.7402120791299507
ROS1-24-0023,2019-05-28,0.16626817596291946,0.09907702265742344,-0.30805009806469186
ROS1-18-0027,2019-05-28,0.8871378304344816,0.7729963683716007,-0.8034655819415287
ROS1-24-0030,2019-05-28,0.6192569368169482,0.4449053404948509,-0.574762942697124
ROS1-18-0014,2019-05-28,0.5982221912648921,0.431844174850817,-0.5124181111276325
ROS1-24-0024,2019-05-28,0.8661631901010084,0.7278456212244225,-0.7917407587001014
ROS1-19-0018,2019-05-28,0.8623005716531017,0.6832820061623279,-0.7660611820659646
ROS1-24-0018,2019-05-28,0.3459359526401776,0.2074515865201194,-0.40945456930543006
ROS1-25-0027,2019-05-28,0.7078770366825794,0.458400478955354,-0.6305216962423986
ROS1-19-0012,2019-05-28,0.8000975862835749,0.5764568011884896,-0.7107838895183319
ROS1-25-0002,2019-05-28,0.7301097563252538,0.4523950263604674,-0.6197606262697238
ROS1-30-0014,2019-05-28,0.843643991349095,0.6548461116463159,-0.7239846469345272
ROS1-24-0023,2019-05-28,0.1696702094198569,0.10169528256220821,-0.30610742422011916
ROS1-30-0002,2019-05-28,0.7931751844709203,0.5061902849580905,-0.7162060924957807
ROS1-30-0015,2019-05-28,0.1515911424476633,0.07971618908982733,-0.2966032404153008
ROS1-36-0006,2019-05-28,0.16362548731339685,0.10376171379470876,-0.2958573826071741
ROS1-37-0046,2019-05-28,0.6342837783951026,0.4103091158048789,-0.6188737044678737
ROS1-25-0032,2019-05-28,0.7280951347055117,0.4551195243252368,-0.6298397671720967
ROS1-26-0040,2019-05-28,0.8257423250615868,0.6578119146192439,-0.7280864035710567
ROS1-31-0021,2019-05-28,0.8779648285188262,0.6784384106356887,-0.7945483351012035
ROS1-32-0006,2019-05-28,0.6148720630241022,0.40464221152621355,-0.5482134002049802
ROS1-38-0007,2019-05-28,0.3909324744376701,0.2503935565995961,-0.45348510238793194
ROS1-31-0022,2019-05-28,0.8843556276618352,0.7887112736070112,-0.761304329871238
ROS1-37-0031,2019-05-28,0.8336153233831288,0.656271137666858,-0.7475561040830099
ROS1-25-0018,2019-05-28,0.20134049112305713,0.14162396997544702,-0.31100911743209186
ROS1-31-0033,2019-05-28,0.7862040841701099,0.500640201901221,-0.7017763026914615
ROS1-32-0029,2019-05-28,0.7960890326363151,0.5499195278113264,-0.7039907741897868
ROS1-37-0046,2019-05-28,0.6317427487743182,0.40958041193904915,-0.6165022664685981
ROS1-20-0038,2019-05-28,0.5763234117215433,0.4021574629305545,-0.5568113386839116
ROS1-21-0003,2019-05-28,0.17585555980464818,0.08222167789112951,-0.2791395396768758
ROS1-26-0018,2019-05-28,0.18372381933011173,0.09695394783356204,-0.3130103671573112
ROS1-26-0030,2019-05-28,0.4478726809645035,0.26600442906709904,-0.4493304285225685
ROS1-27-0013,2019-05-28,0.15287104833673915,0.07794389501848377,-0.2767695233013652
ROS1-28-0013,2019-05-28,0.15649725099053102,0.06433778169998092,-0.2890753886737302
ROS1-28-0015,2019-05-28,0.19454335551477972,0.08434784782171492,-0.30281013503457915
ROS1-29-0003,2019-05-28,0.71242076402811,0.46562300072142904,-0.6210177104494583
ROS1-27-0005,2019-05-28,0.5446959851961655,0.3035898255094762,-0.5195698825377318
ROS1-32-0006,2019-05-28,0.61568552496016,0.40497208363878956,-0.5486825937725714
ROS1-33-0008,2019-05-28,0.6760165941972079,0.44495708442575754,-0.6049136357163084
ROS1-32-0025,2019-05-28,0.8777308517657634,0.7359884825032882,-0.7669796394033012
ROS1-26-0030,2019-05-28,0.44600596175575424,0.2676229841058711,-0.4450554507652352
ROS1-28-0013,2019-05-28,0.15615714718854534,0.06510664229679704,-0.28262459411484503
ROS1-34-0005,2019-05-28,0.36079608889581327,0.17856411986403328,-0.38459394319936435
ROS1-27-0019,2019-05-28,0.5545996683736941,0.35668000384764453,-0.49723361732146815
ROS1-28-0002,2019-05-28,0.32619366148853557,0.16767266704686762,-0.35683345027485436
ROS1-33-0020,2019-05-28,0.2693784542593068,0.1348430260539463,-0.37538766850267574
ROS1-28-0015,2019-05-28,0.19352905872962134,0.08505703636596403,-0.2957276213134261
ROS1-33-0013,2019-05-28,0.8534804955397489,0.6061656465187749,-0.7507602912811083
ROS1-31-0021,2019-05-28,0.8799162723523349,0.6842967050317438,-0.7940498967573216
ROS1-36-0005,2019-05-28,0.5065009339138411,0.8542504316947408,-0.42915650275295647
ROS1-37-0019,2019-05-28,0.4434275686791588,0.2911790053981606,-0.5016914385874486
ROS1-42-0016,2019-05-28,0.6999499163606117,0.5504054083298539,-0.6479651246935969
ROS1-36-0007,2019-05-28,0.6682748759401513,0.3752291100752162,-0.611137542899148
ROS1-42-0010,2019-05-28,0.7597769779939806,0.504521810894217,-0.6665203485329517
ROS1-30-0015,2019-05-28,0.14788929607726,0.07848942275239366,-0.2907761347576388
ROS1-36-0006,2019-05-28,0.16211411193038372,0.1038510198819226,-0.29192139478979395
ROS1-37-0046,2019-05-28,0.6335902854746656,0.4141099555253814,-0.615418678649773
ROS1-42-0009,2019-05-28,0.6839560023915767,0.6469773428336095,-0.6186513848635686
ROS1-31-0021,2019-05-28,0.877007924185241,0.6807036994295838,-0.7926186704857294
ROS1-38-0007,2019-05-28,0.3903648578961431,0.25125718389709634,-0.45166888272192823
ROS1-37-0031,2019-05-28,0.8319372768235191,0.6575265544729122,-0.7452280973372861
ROS1-38-0004,2019-05-28,0.9023265272621102,0.6593958701691053,-0.8183735376009361
ROS1-43-0026,2019-05-28,0.8465137947912373,0.592324281009582,-0.7646984275460246
ROS1-44-0000,2019-05-28,0.7501483023236072,0.5272676907230446,-0.7001626481443617
ROS1-37-0046,2019-05-28,0.6313602086539127,0.41139814926959045,-0.6149329959625844
ROS1-43-0017,2019-05-28,0.7387767709588913,0.4976129522645148,-0.6594043826092786
ROS1-42-0016,2019-05-28,0.7070957247169116,0.5559734812095768,-0.6538015697478297
ROS1-43-0016,2019-05-28,0.3529315887642494,0.24235309400253865,-0.43299309315128964
ROS1-42-0009,2019-05-28,0.6910584652675958,0.6615343564408543,-0.6234313538867964
ROS1-43-0016,2019-05-28,0.3463503928838736,0.23946871807744063,-0.42272939959352834
ROS1-49-0012,2019-05-28,0.8255992211598933,0.5679089242075341,-0.743105165136384
ROS1-49-0001,2019-05-28,0.8334020448253088,0.624550311788719,-0.7549108198349411
ROS1-50-0003,2019-05-28,0.7145496216023148,0.5097664426827175,-0.66900163139192
ROS1-49-0002,2019-05-28,0.5801133273968369,0.3565846394398612,-0.5805308969898287
ROS1-33-0008,2019-05-28,0.6761782285675958,0.4457643412284376,-0.6043105968036185
ROS1-34-0005,2019-05-28,0.3607796881280456,0.17866654444732172,-0.38441300598172107
ROS1-33-0013,2019-05-28,0.8534078594443117,0.6062750598350347,-0.7504805795685774
ROS1-01-0044,2019-05-29,0.7443481077555317,0.4134462084940418,-0.6690611312661597
ROS1-01-0005,2019-05-29,0.7617534782437109,0.47401805871601943,-0.6499299124075243
ROS1-01-0009,2019-05-29,0.5870528883124729,0.3533545393539891,-0.521808429457931
ROS1-07-0005,2019-05-29,0.4798578749496743,0.25221013608027626,-0.45401754419412943
ROS1-07-0031,2019-05-29,0.7604591712844706,0.5040914991094769,-0.6551162315288068
ROS1-07-0005,2019-05-29,0.4804229384871374,0.2519771529489809,-0.4549913610618053
ROS1-08-0022,2019-05-29,0.8768285524189725,0.6612250402599664,-0.7755144782557594
ROS1-08-0025,2019-05-29,0.32064777087759483,0.13381770970624457,-0.36312455211727873
ROS1-14-0031,2019-05-29,0.7858114684596089,0.49603317620490633,-0.6765934418471563
ROS1-15-0025,2019-05-29,0.8477262290115557,0.5335621367731578,-0.7549014328234005
ROS1-16-0004,2019-05-29,0.5519899726830687,0.32461604559321783,-0.5068105887185916
ROS1-22-0014,2019-05-29,0.44506473928074336,0.2542402160800474,-0.43221363512258626
ROS1-22-0014,2019-05-29,0.44551439718993835,0.2541282214976135,-0.43326903865605365
ROS1-36-0005,2019-05-30,0.8359398449887495,0.7628875330717586,-0.6877464272801106
ROS1-37-0019,2019-05-30,0.4135835588797106,0.3001469380047964,-0.4813651100327988
ROS1-42-0016,2019-05-30,0.6718445046024588,0.45384498313981897,-0.6427788005070543
ROS1-36-0007,2019-05-30,0.6098135703701255,0.39040689904268355,-0.5908234906412622
ROS1-42-0010,2019-05-30,0.7136823081815539,0.5001183584871364,-0.6380972066338735
ROS1-42-0009,2019-05-30,0.7547436219834446,0.5549484400290082,-0.6990275986600601
ROS1-43-0026,2019-05-30,0.81059881896906,0.6197384939442016,-0.7331806414340583
ROS1-44-0000,2019-05-30,0.7158646416985829,0.5520940191930145,-0.6659145853922509
ROS1-43-0017,2019-05-30,0.7030037142805228,0.505543669302749,-0.636220767331462
ROS1-42-0016,2019-05-30,0.6633721144230154,0.4609945520631445,-0.6312883213384968
ROS1-43-0016,2019-05-30,0.47700089560288333,0.3588331322476977,-0.4964148043436421
ROS1-42-0009,2019-05-30,0.7467671534712722,0.5642467153291302,-0.6881975089955715
ROS1-43-0016,2019-05-30,0.4755758460623837,0.35772239223753804,-0.4951222858479311
ROS1-49-0012,2019-05-30,0.7556523542412411,0.5462935399245011,-0.6846782440054919
ROS1-49-0001,2019-05-30,0.7791883193281195,0.6053717223423928,-0.7091299975902292
ROS1-50-0003,2019-05-30,0.7218860083789429,0.5571013978133693,-0.6755390294592443
ROS1-49-0002,2019-05-30,0.5186215937832528,0.3387570156852323,-0.5406570354083934
ROS1-01-0044,2019-05-31,0.6491007063772135,0.3824190346450576,-0.6094067765848794
ROS1-01-0005,2019-05-31,0.7238256639663898,0.5028809872260644,-0.6233024152501727
ROS1-01-0009,2019-05-31,0.5820407494630035,0.37531033190907326,-0.5197205714642812
ROS1-07-0005,2019-05-31,0.53039852408378,0.3275045632524895,-0.4801439759770006
ROS1-13-0005,2019-05-31,0.8762135239564748,0.6903307514218094,-0.7992860133823007
ROS1-07-0031,2019-05-31,0.7207053873578759,0.487050003649448,-0.6170317811870338
ROS1-07-0005,2019-05-31,0.5327271154988173,0.3274899609220983,-0.4823821162357495
ROS1-08-0022,2019-05-31,0.8260359665719671,0.6392980248417627,-0.7254950331155442
ROS1-07-0020,2019-05-31,0.7747522147052607,0.5609754217728746,-0.6940530045420752
ROS1-08-0025,2019-05-31,0.39059806950332626,0.2462552167113149,-0.38253449824821
ROS1-13-0000,2019-05-31,0.8883036536610558,0.6856052551199081,-0.8139922061253371
ROS1-14-0009,2019-05-31,0.7084338640944664,0.5011172395587086,-0.6271952568309801
ROS1-24-0030,2019-05-31,0.6716487722213808,0.40620204282687306,-0.6180066764492947
ROS1-19-0016,2019-05-31,0.798676486722619,0.5616017333063439,-0.7197185000570119
ROS1-24-0034,2019-05-31,0.5718050933721637,0.3759783468272153,-0.5679418500022343
ROS1-18-0009,2019-05-31,0.8258465661274118,0.6051507941673884,-0.7342326814968091
ROS1-24-0023,2019-05-31,0.1604810117396247,0.10103612686285406,-0.2954974013715348
ROS1-18-0027,2019-05-31,0.8697213018622085,0.6763368764345185,-0.7934856164925539
ROS1-24-0030,2019-05-31,0.6669466221690542,0.4048155232572461,-0.6121537833816045
ROS1-18-0014,2019-05-31,0.6842553579255153,0.5384485523995817,-0.5732400571599197
ROS1-24-0024,2019-05-31,0.8535944958428061,0.6656310199455248,-0.7844803251766493
ROS1-19-0018,2019-05-31,0.8309877733138378,0.592579586228073,-0.752358415718657
ROS1-24-0018,2019-05-31,0.3866930446252531,0.24569634823123512,-0.43325990992488805
ROS1-25-0027,2019-05-31,0.6795713283091325,0.44161964468372067,-0.62320853267881
ROS1-19-0012,2019-05-31,0.7960381109541657,0.5605749087651266,-0.715601836258427
ROS1-25-0012,2019-05-31,0.15261333881610992,0.08392201173650397,-0.2755989438582823
ROS1-13-0000,2019-05-31,0.8840085700755078,0.6927255722825196,-0.8063410173711347
ROS1-19-0004,2019-05-31,0.7710516380550884,0.4872878011726359,-0.6288255224149157
ROS1-20-0017,2019-05-31,0.6971246023109307,0.4965784894880147,-0.6172809511247034
ROS1-25-0002,2019-05-31,0.7217857374806829,0.45507430792706316,-0.6280836651094546
ROS1-24-0023,2019-05-31,0.16217779315087544,0.10291106427290668,-0.29576087345648866
ROS1-25-0032,2019-05-31,0.713699562615114,0.44730593853606637,-0.6310323107912793
ROS1-26-0040,2019-05-31,0.8235742944207853,0.6159885201218396,-0.7342902636396388
ROS1-32-0006,2019-05-31,0.6306953863076495,0.41185046290256283,-0.5636791983395799
ROS1-31-0022,2019-05-31,0.8816596879220884,0.7582310582160099,-0.7742581673874779
ROS1-25-0018,2019-05-31,0.15969637885481802,0.09410233373506831,-0.2881435025713517
ROS1-32-0029,2019-05-31,0.7898254655149205,0.5443020005747053,-0.7109514610102345
ROS1-14-0002,2019-05-31,0.7641614272653179,0.5053534252114007,-0.6421676587147287
ROS1-15-0022,2019-05-31,0.8318768761905319,0.6476893609242442,-0.7172360055978074
ROS1-15-0013,2019-05-31,0.15716282042453258,0.08200210571541568,-0.29086423298635444
ROS1-14-0031,2019-05-31,0.7518771874198591,0.5058921619159321,-0.6439324730401034
ROS1-15-0025,2019-05-31,0.7864669836914142,0.5127183062406769,-0.7050004155379869
ROS1-16-0004,2019-05-31,0.5346962040350268,0.32083648175908663,-0.4932061937896998
ROS1-15-0013,2019-05-31,0.16239938477929367,0.0845482858945167,-0.29569771122500266
ROS1-21-0036,2019-05-31,0.18684290829981023,0.07933571966397024,-0.29371844482857457
ROS1-20-0038,2019-05-31,0.5488752559171797,0.36904064555360533,-0.5481654228118499
ROS1-26-0018,2019-05-31,0.18931058387423533,0.0991993740626473,-0.3124406429991516
ROS1-20-0017,2019-05-31,0.6971278481704621,0.4936642700843828,-0.6186093434647795
ROS1-26-0030,2019-05-31,0.5158080585825774,0.3122466445911337,-0.49683315385305077
ROS1-27-0013,2019-05-31,0.1781788953008528,0.09534716142980715,-0.2896172290545528
ROS1-28-0013,2019-05-31,0.15957188698378547,0.06828783297752325,-0.2866917054782694
ROS1-22-0014,2019-05-31,0.43367745719483186,0.2672002194522997,-0.42814802573111194
ROS1-28-0015,2019-05-31,0.15819318701128446,0.059001748462287715,-0.2823533855852341
ROS1-22-0002,2019-05-31,0.8000423868190619,0.6014791049136119,-0.7121691897231711
ROS1-22-0014,2019-05-31,0.4339577709738589,0.2661568890354651,-0.42993760132545683
ROS1-29-0003,2019-05-31,0.7177249445556898,0.1675792925368024,-0.5921315803622094
ROS1-27-0005,2019-05-31,0.5304714826670404,0.32087509764748284,-0.5003034240150157
ROS1-32-0006,2019-05-31,0.6337214256873406,0.41105005069845146,-0.5660187863520029
ROS1-33-0008,2019-05-31,0.6853468407242148,0.5020884073056324,-0.614291335991725
ROS1-32-0025,2019-05-31,0.8533345160500837,0.671713839452764,-0.7497584894328306
ROS1-26-0030,2019-05-31,0.5139475171789485,0.31423959620422365,-0.49290246797711146
ROS1-28-0013,2019-05-31,0.1543516647666835,0.06685708735766306,-0.27737042124166916
ROS1-34-0005,2019-05-31,0.37510765209073094,0.23792767373462867,-0.37500943614558846
ROS1-27-0019,2019-05-31,0.5289018302845103,0.3296548541308673,-0.4978295073775528
ROS1-28-0002,2019-05-31,0.16860309141719834,0.0682703900172323,-0.2905702007075151
ROS1-33-0020,2019-05-31,0.3109400754053205,0.3163711598895207,-0.30725697300800703
ROS1-28-0015,2019-05-31,0.1527437158617625,0.05761242127941181,-0.27154616018747907
ROS1-33-0013,2019-05-31,0.8260031718772584,0.6427268572741076,-0.7360795101481513
ROS1-33-0008,2019-05-31,0.6895818281208889,0.5050332230469557,-0.6175629818520737
ROS1-34-0005,2019-05-31,0.3748418975730245,0.2306017531444588,-0.37514352929298733
ROS1-33-0013,2019-05-31,0.8244598439234868,0.6433399424127039,-0.7342360949229455
ROS1-24-0030,2019-06-02,0.60716862160452,0.38883842552098163,-0.5889039592611165
ROS1-19-0016,2019-06-02,0.7759225419468992,0.5887255827666891,-0.7016821088296402
ROS1-24-0034,2019-06-02,0.5519713130521336,0.38137511111527955,-0.5512126062730742
ROS1-18-0009,2019-06-02,0.8157721026623672,0.6503031252649666,-0.7251619327696724
ROS1-24-0023,2019-06-02,0.15924439229522214,0.08672491454917695,-0.3001346302109239
ROS1-18-0027,2019-06-02,0.8532585884847325,0.7077470936538133,-0.7732247407801773
ROS1-24-0030,2019-06-02,0.5911522455754097,0.3888501855577432,-0.5678966624928519
ROS1-18-0014,2019-06-02,0.7519964562026633,0.6637447703295722,-0.6271280289759967
ROS1-24-0024,2019-06-02,0.8306515872599086,0.6691059526436646,-0.7595148452408
ROS1-19-0018,2019-06-02,0.8071079886239148,0.6129666813780373,-0.7342975989680481
ROS1-24-0018,2019-06-02,0.44999999224965415,0.32081184240291194,-0.47761940188135815
ROS1-25-0027,2019-06-02,0.655691558236463,0.4642648414206233,-0.6002466348872684
ROS1-19-0012,2019-06-02,0.7915552584727223,0.6055706970402605,-0.7083060154869286
ROS1-25-0012,2019-06-02,0.14394018175272025,0.08542972565889852,-0.2664861375104749
ROS1-25-0002,2019-06-02,0.619601999075977,0.40339694433478623,-0.5674419570534389
ROS1-30-0014,2019-06-02,0.7787935370533061,0.6148423304900781,-0.6991589681553487
ROS1-24-0023,2019-06-02,0.1732343464270327,0.09562865305385236,-0.30171970708114265
ROS1-30-0002,2019-06-02,0.7214186314934693,0.48198526392376845,-0.6795237849907121
ROS1-30-0015,2019-06-02,0.1369455418303607,0.08007082066691527,-0.2787462509415223
ROS1-36-0006,2019-06-02,0.14947376224843376,0.09640985630986802,-0.28495112311781284
ROS1-37-0046,2019-06-02,0.46335727281014516,0.30736830035845875,-0.5024715741110718
ROS1-25-0032,2019-06-02,0.6327532816122884,0.41717681236724735,-0.5822835594650358
ROS1-26-0040,2019-06-02,0.811028849374737,0.6279455527648113,-0.7222640997944836
ROS1-31-0021,2019-06-02,0.8224530151091457,0.6242756410800323,-0.758299360341238
ROS1-32-0006,2019-06-02,0.585084307318003,0.4020827138032305,-0.5369042638744289
ROS1-38-0007,2019-06-02,0.5396277025073656,0.3817618109730503,-0.5357341011169464
ROS1-31-0022,2019-06-02,0.8502240648429399,0.735329195626459,-0.746077976720824
ROS1-37-0031,2019-06-02,0.7005946105422403,0.5292686805463643,-0.6504796050885432
ROS1-25-0018,2019-06-02,0.146882897016094,0.0931355059075925,-0.27415100363211264
ROS1-32-0029,2019-06-02,0.7385031131835057,0.5313850405601555,-0.6713724965836548
ROS1-37-0046,2019-06-02,0.46396095503072987,0.30719743050914433,-0.5034513987310801
ROS1-20-0038,2019-06-02,0.5276868249667677,0.4003857628577824,-0.5262127941667061
ROS1-21-0003,2019-06-02,0.14691238559450243,0.06116230087846667,-0.25265204914910455
ROS1-26-0018,2019-06-02,0.18124695288330522,0.10501366603268628,-0.29239521870269397
ROS1-26-0030,2019-06-02,0.513716132892512,0.34535453626774126,-0.4911965171695188
ROS1-27-0013,2019-06-02,0.14877232101813953,0.08320869364795261,-0.2639300576230367
ROS1-28-0013,2019-06-02,0.14570972300694443,0.06746021736042608,-0.261553621385874
ROS1-28-0015,2019-06-02,0.15250431608749648,0.06478838223947903,-0.25512176834295963
ROS1-29-0003,2019-06-02,0.30509959824123456,0.589347437338339,-0.29228002815146065
ROS1-27-0005,2019-06-02,0.5007615317137104,0.2989553082978203,-0.49093767192994886
ROS1-32-0006,2019-06-02,0.5868249297483789,0.40859131697295414,-0.5384594262425226
ROS1-33-0008,2019-06-02,0.6481550203244387,0.4548436477476864,-0.5836828719606005
ROS1-32-0025,2019-06-02,0.8117604903023761,0.639505497667479,-0.711706055745742
ROS1-26-0030,2019-06-02,0.514617806347976,0.3478995460447007,-0.49303173479008555
ROS1-28-0013,2019-06-02,0.14387122599572202,0.06585425418890663,-0.26318659624607554
ROS1-34-0005,2019-06-02,0.38717431787976914,0.23706626159115907,-0.4092891825732364
ROS1-27-0019,2019-06-02,0.47539092846869474,0.2758636866279619,-0.4702900352484077
ROS1-28-0002,2019-06-02,0.16403738623428923,0.07155082825872591,-0.27844205073054057
ROS1-33-0020,2019-06-02,0.2931995937290134,0.16663214743045737,-0.3681687273815713
ROS1-28-0015,2019-06-02,0.1521434432067918,0.06383899179877202,-0.2579711701566696
ROS1-33-0013,2019-06-02,0.7107451130407829,0.4255413176164595,-0.6166828386499887
ROS1-31-0021,2019-06-02,0.8209199253153238,0.6300196168127921,-0.7540889611261732
ROS1-36-0005,2019-06-02,0.754143217504305,0.5842129042900405,-0.6490892014169384
ROS1-37-0019,2019-06-02,0.3596246716115286,0.23387024878744261,-0.44778962626323815
ROS1-36-0007,2019-06-02,0.43931626806144014,0.24383085171274266,-0.5296182385812198
ROS1-42-0010,2019-06-02,0.6487444499282542,0.40774922269027003,-0.6149663935987428
ROS1-30-0015,2019-06-02,0.1338992603246736,0.07894863908374955,-0.2735240773483926
ROS1-36-0006,2019-06-02,0.14798950083377266,0.09631088659522807,-0.28158072177862836
ROS1-37-0046,2019-06-02,0.4626587750006355,0.3094020796730861,-0.4994726975400927
ROS1-42-0009,2019-06-02,0.7132554409031294,0.4721641087743854,-0.6834565734881118
ROS1-31-0021,2019-06-02,0.8203048325960925,0.6255369892645976,-0.7551767451214584
ROS1-38-0007,2019-06-02,0.5375243449504568,0.381895453050451,-0.5330384375424118
ROS1-37-0031,2019-06-02,0.6988417717233838,0.5302858806677577,-0.6476048390928786
ROS1-38-0004,2019-06-02,0.8251956695258934,0.5621669559954688,-0.7459301138798206
ROS1-43-0026,2019-06-02,0.7703501344074862,0.5162195979507118,-0.7095971703372903
ROS1-44-0000,2019-06-02,0.6258238835293469,0.4245261098278603,-0.6124243464907916
ROS1-37-0046,2019-06-02,0.46363203540531883,0.3081621971233279,-0.5016494071305909
ROS1-43-0017,2019-06-02,0.5682806006617276,0.33202567047010734,-0.5824391717289025
ROS1-43-0016,2019-06-02,0.6237025686377377,0.47563181509215946,-0.5903136856637134
ROS1-42-0009,2019-06-02,0.7229063287258518,0.4770009050359772,-0.6928557683925347
ROS1-43-0016,2019-06-02,0.6281509070530937,0.4771579256184167,-0.5944654657691586
ROS1-49-0012,2019-06-02,0.6380270555181774,0.3901705946564176,-0.6386368637606598
ROS1-49-0001,2019-06-02,0.7169770070131355,0.48409322175522357,-0.6808719669075524
ROS1-50-0003,2019-06-02,0.6560575387522124,0.4801941194006595,-0.6424423591321339
ROS1-49-0002,2019-06-02,0.3570770382770375,0.22975511411138713,-0.45244148649527743
ROS1-33-0008,2019-06-02,0.6487526050684402,0.4495974021167594,-0.5840189698909202
ROS1-34-0005,2019-06-02,0.3870094912422198,0.23700775372486574,-0.40873230336384514
ROS1-33-0013,2019-06-02,0.7115265118725025,0.42668190779307974,-0.6166446710637737
ROS1-16-0004,2019-06-03,0.5472770691300628,0.32156201919258326,-0.5098204133316538
ROS1-22-0014,2019-06-03,0.40672827301404163,0.28064763224781025,-0.38528018827841004
ROS1-22-0002,2019-06-03,0.8015574471153696,0.5673474115277377,-0.6827425335571914
ROS1-22-0014,2019-06-03,0.4075303040878218,0.2854582022058643,-0.38197130736946705
ROS1-37-0046,2019-06-04,0.3830897724961353,0.24478062669213294,-0.4832084623713831
ROS1-36-0005,2019-06-04,0.6972558905035215,0.5410680240362765,-0.6081260001092662
ROS1-37-0019,2019-06-04,0.3208822822635077,0.21212892581963697,-0.42916219868363087
ROS1-42-0016,2019-06-04,0.33909868737534443,0.3605300861942283,-0.35860209971294255
ROS1-36-0007,2019-06-04,0.3498501889055397,0.2014467343377955,-0.4971339127987306
ROS1-42-0010,2019-06-04,0.5231923806464168,0.31667343460617564,-0.5510659964019298
ROS1-37-0046,2019-06-04,0.3799912192401317,0.24832385036425655,-0.47065347279242103
ROS1-42-0009,2019-06-04,0.6411112628555438,0.4162962833314498,-0.6514711497492173
ROS1-43-0026,2019-06-04,0.520340759730175,0.4593953128661348,-0.506314006132451
ROS1-44-0000,2019-06-04,0.5741106525950423,0.4424940612067414,-0.5689822900073682
ROS1-37-0046,2019-06-04,0.3773345682578187,0.24948232575306004,-0.4630665047044864
ROS1-43-0017,2019-06-04,0.5086655794328221,0.34322241850717966,-0.5342226155698991
ROS1-42-0016,2019-06-04,0.33900598728217524,0.354677524121062,-0.3582623279497124
ROS1-43-0016,2019-06-04,0.6807257772832426,0.5205823244158502,-0.6210068881071251
ROS1-42-0009,2019-06-04,0.6235685731701214,0.4158740240006563,-0.6286975973068785
ROS1-43-0016,2019-06-04,0.6813636508965719,0.5201322403478784,-0.6216718318712695
ROS1-49-0012,2019-06-04,0.4991015511852158,0.30438861729980343,-0.5610735903509032
ROS1-49-0001,2019-06-04,0.6003958293047943,0.39860929501644915,-0.6105321172419372
ROS1-50-0003,2019-06-04,0.5695516495699865,0.41030539140629874,-0.5923660978829841
ROS1-49-0002,2019-06-04,0.2612634642768935,0.18361582989992545,-0.3808894058551568
ROS1-01-0044,2019-06-05,0.5355330992977768,0.28834026059251006,-0.5583964475385841
ROS1-01-0005,2019-06-05,0.6804046705019571,0.5041927782593262,-0.599743649564376
ROS1-01-0009,2019-06-05,0.6345278198906198,0.4534293277156915,-0.5510173240275663
ROS1-07-0005,2019-06-05,0.6939848349009567,0.44531106653614055,-0.5846457690212974
ROS1-13-0005,2019-06-05,0.8472539338835242,0.6224543142516502,-0.7739748380245673
ROS1-07-0005,2019-06-05,0.6814534612899072,0.44256577647837925,-0.5729102592381261
ROS1-07-0020,2019-06-05,0.7257719857166094,0.5267197088792293,-0.6512565351779686
ROS1-08-0025,2019-06-05,0.5260239829753682,0.28674004894358907,-0.48558629272580295
ROS1-13-0000,2019-06-05,0.8460699100722955,0.627714457585385,-0.7668928620140859
ROS1-14-0009,2019-06-05,0.7765130470971218,0.611162526834651,-0.6774782497323674
ROS1-13-0020,2019-06-05,0.7300655104275264,0.48292633581573474,-0.6644350386255256
ROS1-24-0030,2019-06-05,0.6315626969022671,0.38648214456618035,-0.5930852884583996
ROS1-19-0016,2019-06-05,0.7488131667134987,0.5215964057265914,-0.6743232466638992
ROS1-18-0009,2019-06-05,0.7589159130994991,0.5429774608757366,-0.6704631500736558
ROS1-24-0023,2019-06-05,0.17201069428432372,0.16499562147748678,-0.20566670163163847
ROS1-18-0027,2019-06-05,0.5746244290006534,0.5672111597894738,-0.51684305931829
ROS1-24-0030,2019-06-05,0.6163302722079899,0.3858170529459507,-0.5753110148047731
ROS1-18-0014,2019-06-05,0.7788344556615698,0.7319699212066337,-0.6392998125728212
ROS1-24-0024,2019-06-05,0.7400380013492428,0.8803898440463724,-0.6614502687153202
ROS1-19-0018,2019-06-05,0.7324247739008356,0.534466166642525,-0.6547504514268088
ROS1-25-0027,2019-06-05,0.48247662842981726,0.34422918098959526,-0.44833639666469494
ROS1-19-0012,2019-06-05,0.7757402175537318,0.559230980659998,-0.6918914436731812
ROS1-13-0000,2019-06-05,0.8428362062487221,0.6343127347997133,-0.7605383892003441
ROS1-19-0004,2019-06-05,0.7895700653487363,0.5349699685039191,-0.6457087060737617
ROS1-20-0017,2019-06-05,0.7105034517436705,0.43944267543745413,-0.6455880157430042
ROS1-20-0026,2019-06-05,0.7706321614312516,0.5812714174761656,-0.6310552654749587
ROS1-25-0002,2019-06-05,0.48004099019666224,0.5416651447559071,-0.4230013325388197
ROS1-24-0023,2019-06-05,0.187109978989558,0.176622180691982,-0.22009474806164941
ROS1-25-0032,2019-06-05,0.3589091519993188,0.42922408277546054,-0.33458659860550294
ROS1-26-0040,2019-06-05,0.8103043364410273,0.5698694209977287,-0.7218937004939472
ROS1-32-0006,2019-06-05,0.6185680198645592,0.40940260809928736,-0.5748782349268206
ROS1-31-0022,2019-06-05,0.8331842906934804,0.6701426987493734,-0.7352446720138006
ROS1-25-0018,2019-06-05,0.1801760428280265,0.08182122512904536,-0.29785004163795653
ROS1-32-0029,2019-06-05,0.7431422587314109,0.48299146561678535,-0.6764696454476241
ROS1-14-0002,2019-06-05,0.7620884172711692,0.5277543038268665,-0.6532300901234213
ROS1-15-0022,2019-06-05,0.8109633248681237,0.6385413863864832,-0.708998255000272
ROS1-15-0013,2019-06-05,0.17848376884726033,0.0985385992142613,-0.2990689380987821
ROS1-14-0031,2019-06-05,0.750940977082644,0.5186306778776435,-0.6483926940478995
ROS1-15-0025,2019-06-05,0.737810309003419,0.48040378752828466,-0.6794565854632469
ROS1-16-0004,2019-06-05,0.5476101189724542,0.37816738318105264,-0.5048748512756737
ROS1-15-0013,2019-06-05,0.18205796617310704,0.0999508948458538,-0.3040582380370257
ROS1-21-0036,2019-06-05,0.18852384674859976,0.07462356519414456,-0.30547120573698605
ROS1-21-0000,2019-06-05,0.7345940565729734,0.4782350827998055,-0.6649019242463371
ROS1-20-0038,2019-06-05,0.5154441336893653,0.31922059405296,-0.5272510562294295
ROS1-21-0003,2019-06-05,0.18747129151290087,0.07059867070436084,-0.2968262165294636
ROS1-26-0018,2019-06-05,0.23952753769090698,0.12866304210528323,-0.34007073089035567
ROS1-20-0017,2019-06-05,0.7073994408333448,0.43705213295872475,-0.6432790147516522
ROS1-26-0030,2019-06-05,0.6218667938206857,0.3888954748998971,-0.5651934367661555
ROS1-27-0013,2019-06-05,0.17564008616227342,0.07134145624104184,-0.311145003479434
ROS1-20-0026,2019-06-05,0.7662480665126112,0.5750763466767813,-0.6296627425738107
ROS1-21-0037,2019-06-05,0.2270491641749459,0.11182022972334778,-0.3293504686535483
ROS1-28-0013,2019-06-05,0.16189649611330403,0.06825634797466344,-0.29990214139372184
ROS1-22-0014,2019-06-05,0.398902812265879,0.24568269677171717,-0.41510964710729137
ROS1-22-0022,2019-06-05,0.618438193538764,0.3559489596586216,-0.572594910125622
ROS1-28-0015,2019-06-05,0.1673326687905969,0.06319003638164941,-0.30176101620895845
ROS1-22-0002,2019-06-05,0.8238957438990362,0.5816916108459369,-0.7366156004890596
ROS1-22-0006,2019-06-05,0.19757150054253925,0.09472095047686792,-0.30821417468900253
ROS1-22-0014,2019-06-05,0.3991185526723693,0.24092533667059068,-0.4165629805879377
ROS1-29-0003,2019-06-05,0.6490173161271958,0.3832680293217119,-0.6032864108254846
ROS1-29-0005,2019-06-05,0.2637862912534868,0.12603670543144996,-0.3498601956504051
ROS1-27-0005,2019-06-05,0.5251896196965865,0.30344809949188517,-0.5243031952458735
ROS1-32-0006,2019-06-05,0.615898089465855,0.41540727358846974,-0.571643948419868
ROS1-33-0008,2019-06-05,0.6901860104602867,0.4649898614885423,-0.6261946948578139
ROS1-32-0025,2019-06-05,0.7800368468391106,0.5487784116381441,-0.7052595956449458
ROS1-26-0030,2019-06-05,0.6199641175321918,0.39836847427230093,-0.5592433727230508
ROS1-28-0013,2019-06-05,0.1580388867919649,0.06666563615219268,-0.29167294434077995
ROS1-34-0005,2019-06-05,0.37233665103728053,0.18871180584738786,-0.417741004203104
ROS1-27-0019,2019-06-05,0.5075152233553173,0.2615455807614668,-0.520262681810203
ROS1-28-0002,2019-06-05,0.17947767319000069,0.07412133407267595,-0.3043402223920633
ROS1-33-0020,2019-06-05,0.33244923566011136,0.17959787190526239,-0.4186928833396475
ROS1-28-0015,2019-06-05,0.1641433289800477,0.06202058248251672,-0.2919125510445206
ROS1-33-0013,2019-06-05,0.7926716862615939,0.525348450177927,-0.7125138984954107
ROS1-33-0008,2019-06-05,0.6886178868610114,0.4643649409689155,-0.6244740322024062
ROS1-34-0005,2019-06-05,0.3717848780313857,0.18867925064330854,-0.41666975016332297
ROS1-33-0013,2019-06-05,0.792491507428018,0.5258098978307714,-0.7117762387302194
ROS1-24-0030,2019-06-07,0.609095767935769,0.369423866860451,-0.5906420493392289
ROS1-19-0016,2019-06-07,0.7697883874482921,0.5260324054668132,-0.7068606662329661
ROS1-24-0034,2019-06-07,0.5100805384475354,0.31519301014303047,-0.5359387784064815
ROS1-18-0009,2019-06-07,0.7856083518367184,0.6487879853465878,-0.6926097845389355
ROS1-18-0027,2019-06-07,0.833953234362143,0.6309223998185134,-0.7666000544273766
ROS1-24-0030,2019-06-07,0.6062865753890684,0.368930501119345,-0.587861308727842
ROS1-18-0014,2019-06-07,0.8312555497853691,0.7763915093776671,-0.6907129392133994
ROS1-24-0024,2019-06-07,0.7896338258156033,0.5736843363914857,-0.7342719192469231
ROS1-19-0018,2019-06-07,0.7860131865145409,0.5190934261340021,-0.7325135342430587
ROS1-24-0018,2019-06-07,0.5689148998289741,0.40958857862955766,-0.5650799690357432
ROS1-25-0027,2019-06-07,0.5620388489541986,0.3988634666835244,-0.5250936202623089
ROS1-19-0012,2019-06-07,0.8167284099470938,0.6104635308380372,-0.7375343924020257
ROS1-25-0012,2019-06-07,0.12326985541526544,0.07405665605833214,-0.25045875374713406
ROS1-25-0002,2019-06-07,0.2525134016495126,0.3511115778010172,-0.2472479798390701
ROS1-24-0023,2019-06-07,0.2846110575764787,0.3338642744563374,-0.28305218857000264
ROS1-25-0032,2019-06-07,0.23410627321810512,0.23863601194206868,-0.23182142211199658
ROS1-25-0018,2019-06-07,0.21389947469542617,0.18764238268347186,-0.2075887477763027
ROS1-20-0038,2019-06-07,0.09448337567811535,0.13087171897132804,-0.1698620957843326
ROS1-21-0003,2019-06-07,0.15264791671361674,0.09157814821039943,-0.19888820522291842
ROS1-26-0018,2019-06-07,0.17914307272000538,0.09595819249844628,-0.27136444148054323
ROS1-29-0003,2019-06-07,0.5639077334415117,0.4191054057556501,-0.5213862746191406
ROS1-36-0007,2019-06-07,0.27571895249312606,0.14724578923570364,-0.4030736665999149
ROS1-01-0044,2019-06-08,0.4032996792986378,0.21592737368841314,-0.4397431756011777
ROS1-01-0009,2019-06-08,0.6046735886036771,0.38446122148135375,-0.5533826051096129
ROS1-07-0005,2019-06-08,0.7361438640140664,0.5364969610601847,-0.6330302480493462
ROS1-07-0031,2019-06-08,0.7543614417735878,0.4956073857997028,-0.6486087188571726
ROS1-07-0005,2019-06-08,0.7418309438043372,0.5380555693500252,-0.6382650234079135
ROS1-08-0022,2019-06-08,0.7047595383036487,0.5468730224271936,-0.6347985789222499
ROS1-08-0025,2019-06-08,0.589000376839177,0.33829901221201797,-0.5521681090056489
ROS1-14-0031,2019-06-08,0.7398976048819924,0.4824285614249014,-0.6532999386621876
ROS1-16-0004,2019-06-08,0.5633294748914666,0.40725047865149916,-0.5163687390410332
ROS1-22-0014,2019-06-08,0.39648731503262313,0.300029850599705,-0.39108744443273574
ROS1-22-0014,2019-06-08,0.39482389944446483,0.29370206972293456,-0.3948992899637934
ROS1-37-0046,2019-06-09,0.3231338894623371,0.22188173593684937,-0.44195868427173823
ROS1-37-0019,2019-06-09,0.28953793356586344,0.1984046297189843,-0.4030492824028844
ROS1-42-0016,2019-06-09,0.39941850993318617,0.2579544526566578,-0.4635879576549928
ROS1-36-0007,2019-06-09,0.24611027981712114,0.20318750126519886,-0.3694758493819761
ROS1-42-0010,2019-06-09,0.328690257359052,0.26691140764460364,-0.3703123604368026
ROS1-37-0046,2019-06-09,0.3229562523886123,0.22226248243292474,-0.44188273115647886
ROS1-42-0009,2019-06-09,0.4215095422829179,0.33873123811465533,-0.44646550433300464
ROS1-44-0000,2019-06-09,0.48682679975074944,0.41105733229702734,-0.5260220590368061
ROS1-37-0046,2019-06-09,0.3234992400461112,0.22131959812850815,-0.4447236213832825
ROS1-42-0016,2019-06-09,0.3964874835625267,0.2586505895131934,-0.45817897609878283
ROS1-43-0016,2019-06-09,0.48501899379490876,0.3460233168496619,-0.4739449643892687
ROS1-42-0009,2019-06-09,0.41835829563288546,0.3395965385235306,-0.44180493608208415
ROS1-43-0016,2019-06-09,0.49243683134866023,0.3479634784144432,-0.48152667027276597
ROS1-49-0012,2019-06-09,0.3856293292521297,0.2562117293101425,-0.5171004325420522
ROS1-49-0001,2019-06-09,0.5050487686171136,0.35495255804364717,-0.5608405259156399
ROS1-50-0003,2019-06-09,0.46706175936828426,0.36076013586901984,-0.5219008464332245
ROS1-49-0002,2019-06-09,0.22994654005743503,0.169754125220564,-0.36796808654652463
ROS1-01-0044,2019-06-10,0.4000548218206858,0.20137630188387645,-0.5091885583722523
ROS1-01-0005,2019-06-10,0.6167369834073597,0.41976493869497633,-0.569600651738973
ROS1-01-0009,2019-06-10,0.6351520765258035,0.37211451177987515,-0.5673911593384738
ROS1-13-0005,2019-06-10,0.7989465779325515,0.5205430129165021,-0.7646506274701065
ROS1-07-0031,2019-06-10,0.7074274549459906,0.46766379783043144,-0.6203324184450687
ROS1-08-0022,2019-06-10,0.7146261234316121,0.47576699987701526,-0.6576532509404339
ROS1-07-0020,2019-06-10,0.6054705611757584,0.38753060276879137,-0.5979245290609507
ROS1-08-0025,2019-06-10,0.6230618314913992,0.37790955753256167,-0.5648597954885421
ROS1-13-0000,2019-06-10,0.7799644697061626,0.49970069523305294,-0.7220804669904659
ROS1-14-0009,2019-06-10,0.7978165040245079,0.5610185647116028,-0.6773567015657594
ROS1-13-0020,2019-06-10,0.6880758568316315,0.4247055513498083,-0.6578315033410457
ROS1-24-0030,2019-06-10,0.5329285602973567,0.2885802345838803,-0.5417203345170798
ROS1-19-0016,2019-06-10,0.7214939243274553,0.4237446962757816,-0.683733160594584
ROS1-24-0034,2019-06-10,0.4512853793167267,0.25516478775297735,-0.5062045438329278
ROS1-18-0009,2019-06-10,0.7713207748258905,0.5551394829614371,-0.691440775581939
ROS1-24-0023,2019-06-10,0.1473688621223179,0.07176713732159752,-0.3096536980641065
ROS1-18-0027,2019-06-10,0.812706138540661,0.5480301094177307,-0.756279985728377
ROS1-24-0030,2019-06-10,0.5325312706266466,0.2903085923411835,-0.5400839238079457
ROS1-18-0014,2019-06-10,0.8601339148045473,0.774572394746603,-0.7358283084310328
ROS1-24-0024,2019-06-10,0.7252953231376672,0.48759063837661404,-0.6999464924897664
ROS1-19-0018,2019-06-10,0.7354357039784337,0.4047327196909881,-0.7122481720557389
ROS1-24-0018,2019-06-10,0.6237221519619587,0.4350987309213794,-0.6074586469755793
ROS1-25-0027,2019-06-10,0.44819306941009035,0.27926505367723964,-0.49413012640026044
ROS1-19-0012,2019-06-10,0.7441385643705961,0.5023203435816544,-0.6937386531012342
ROS1-25-0012,2019-06-10,0.1628517576812528,0.09344132615390752,-0.2821528036329897
ROS1-13-0000,2019-06-10,0.7782514022696688,0.5038769394852797,-0.7170696190422272
ROS1-19-0004,2019-06-10,0.7865799100285933,0.5014033326746713,-0.6623925815521499
ROS1-20-0017,2019-06-10,0.6478969501621289,0.3794743226781492,-0.6152258304921507
ROS1-20-0026,2019-06-10,0.7744384567209663,0.5573102685204355,-0.6391972049501632
ROS1-25-0002,2019-06-10,0.43814470284224105,0.24133706880444936,-0.5032062231450735
ROS1-24-0023,2019-06-10,0.15029088354830247,0.07425094412686097,-0.3044704657174857
ROS1-25-0032,2019-06-10,0.5198305273437863,0.29581460155602396,-0.5476339310530574
ROS1-26-0040,2019-06-10,0.7701525995143201,0.5083866662780895,-0.709160500849635
ROS1-32-0006,2019-06-10,0.3721303113161669,0.20353760262299864,-0.43576376004605644
ROS1-31-0022,2019-06-10,0.8013872018365924,0.5582287988146916,-0.7285415535922591
ROS1-25-0018,2019-06-10,0.15334055765023405,0.06378036203643433,-0.2938523284313689
ROS1-32-0029,2019-06-10,0.6437409963341483,0.38715535343972973,-0.6315853817682348
ROS1-14-0002,2019-06-10,0.6952491753620355,0.45460090143693094,-0.6179153623720279
ROS1-15-0022,2019-06-10,0.7726265264321233,0.5706597934966375,-0.6872917652047278
ROS1-15-0013,2019-06-10,0.2371252067969899,0.12952357141817167,-0.33483509256863914
ROS1-14-0031,2019-06-10,0.7053716926686654,0.46370531695623574,-0.6262426993212014
ROS1-15-0025,2019-06-10,0.6425280922688573,0.39188194363431933,-0.6198654678988698
ROS1-16-0004,2019-06-10,0.5528468962606282,0.3421205691326906,-0.5218514879292251
ROS1-15-0013,2019-06-10,0.2386366320371673,0.12824206034139402,-0.34190111805337847
ROS1-21-0036,2019-06-10,0.21617422305656242,0.08625191348323455,-0.3214611770440688
ROS1-21-0000,2019-06-10,0.6742210839916501,0.4056667692191025,-0.6308301924223653
ROS1-20-0038,2019-06-10,0.4523306371680275,0.24828015061600536,-0.4967002213391245
ROS1-21-0003,2019-06-10,0.1495038521945198,0.05411032360694199,-0.2767256942920728
ROS1-26-0018,2019-06-10,0.18782857515676377,0.07816788613804669,-0.32506708102445164
ROS1-20-0017,2019-06-10,0.6409117643731269,0.3766998082434401,-0.6083967775980788
ROS1-26-0030,2019-06-10,0.6077111080967312,0.35563620769041604,-0.5850955023116962
ROS1-27-0013,2019-06-10,0.15586944905211078,0.06482327070949037,-0.29763694941857083
ROS1-20-0026,2019-06-10,0.7651202661660447,0.5493571665425233,-0.6341594374064581
ROS1-21-0037,2019-06-10,0.2685267999076975,0.1270834525285728,-0.3640829582042002
ROS1-28-0013,2019-06-10,0.15071809761403662,0.06299245874739919,-0.2923251366574438
ROS1-22-0014,2019-06-10,0.4004234464219836,0.25129017307976287,-0.41969376126193314
ROS1-21-0010,2019-06-10,0.699868276411161,0.46560465340144047,-0.6261042367016939
ROS1-22-0022,2019-06-10,0.5386765141461441,0.299749573898924,-0.5384339164310353
ROS1-28-0015,2019-06-10,0.15560828449646208,0.05801699356866562,-0.29439854930633036
ROS1-22-0002,2019-06-10,0.751738697703982,0.4841173250804888,-0.6813958828299442
ROS1-22-0006,2019-06-10,0.2320071821166245,0.11183679892883235,-0.32566640872496855
ROS1-22-0014,2019-06-10,0.3999428711817818,0.24682439502011166,-0.42407471655080525
ROS1-29-0003,2019-06-10,0.48318395458396995,0.2747664801979376,-0.5162429219198522
ROS1-29-0005,2019-06-10,0.337246635423584,0.15980125578473192,-0.39158336240036024
ROS1-27-0005,2019-06-10,0.46085967853646403,0.2564777985004467,-0.5339725862990583
ROS1-32-0006,2019-06-10,0.3722341593821446,0.20288120013890093,-0.4371652518732937
ROS1-33-0008,2019-06-10,0.6205869136886188,0.4069975109709604,-0.5937270827720068
ROS1-32-0025,2019-06-10,0.692543653555648,0.4406706867416733,-0.6692102270826799
ROS1-26-0030,2019-06-10,0.6089663367590193,0.3582277347994812,-0.5834560690521778
ROS1-28-0013,2019-06-10,0.14199262134657248,0.05951278064006624,-0.28308634298361723
ROS1-34-0005,2019-06-10,0.32359012768059014,0.1602317422440138,-0.4020859039490877
ROS1-27-0019,2019-06-10,0.4402689838112498,0.22421316117279125,-0.5039973382876752
ROS1-28-0002,2019-06-10,0.21753732067537537,0.0918731898855641,-0.3273175569949943
ROS1-33-0020,2019-06-10,0.3433003182785536,0.17795349605311087,-0.43859878018386533
ROS1-28-0015,2019-06-10,0.14830880582252165,0.05539890671040553,-0.28616765614825296
ROS1-33-0013,2019-06-10,0.6754812105674496,0.4045049201270178,-0.6590530805795418
ROS1-33-0008,2019-06-10,0.6158326707691756,0.4066074867365866,-0.5876993955145356
ROS1-34-0005,2019-06-10,0.32324832503146156,0.15954216751300943,-0.4024627453556103
ROS1-33-0013,2019-06-10,0.6782628029634861,0.4053568745731144,-0.6622687152017428
ROS1-24-0030,2019-06-12,0.46396700533959584,0.31175417357499796,-0.45017384964545104
ROS1-24-0034,2019-06-12,0.350658704248909,0.23703492356195371,-0.43057140260561727
ROS1-18-0009,2019-06-12,0.7296477476889939,0.5754483977536208,-0.668979998822685
ROS1-24-0023,2019-06-12,0.1473263285383269,0.08133953256481594,-0.3120875268448353
ROS1-24-0030,2019-06-12,0.5151922341676654,0.3088968544383462,-0.50992674763392
ROS1-18-0014,2019-06-12,0.8717649070968044,0.834449247178675,-0.7484227979493625
ROS1-24-0024,2019-06-12,0.6443576183605028,0.47250246652705175,-0.6338841258179142
ROS1-24-0018,2019-06-12,0.6310967258573499,0.4724662275139615,-0.6286739501861981
ROS1-24-0023,2019-06-12,0.17308497691310135,0.10680241669093922,-0.2840758610778851
ROS1-36-0006,2019-06-12,0.16144208176161684,0.09010050977761869,-0.28652642169878423
ROS1-37-0046,2019-06-12,0.27263922381666716,0.19116958326593972,-0.41645136837937496
ROS1-26-0040,2019-06-12,0.5164257953963854,0.8365185579163287,-0.44246543239664166
ROS1-31-0021,2019-06-12,0.6040654565143451,0.43699337037761515,-0.5900988447500978
ROS1-38-0007,2019-06-12,0.20453721922869608,0.13151774245688289,-0.2971962823691597
ROS1-31-0022,2019-06-12,0.290175890497752,0.3462179321689407,-0.30987675901774236
ROS1-25-0018,2019-06-12,0.158289318120446,0.08373131397344412,-0.2798288022556507
ROS1-31-0033,2019-06-12,0.6461500968681297,0.4761849402445189,-0.6130012709761359
ROS1-32-0029,2019-06-12,0.4698941398314325,0.5876182785987515,-0.44774514908368884
ROS1-37-0046,2019-06-12,0.2716055008822726,0.19150535311515693,-0.4124056023421602
ROS1-29-0003,2019-06-12,0.4112498530063455,0.27104307752331175,-0.4708490893712863
ROS1-28-0002,2019-06-12,0.2603068594965052,0.12900738180109542,-0.34642455756202173
ROS1-31-0021,2019-06-12,0.6125696736798413,0.44566917532698413,-0.5965668520488532
ROS1-36-0005,2019-06-12,0.31167173117831226,0.30722690531653907,-0.3497821931399593
ROS1-37-0019,2019-06-12,0.24527215835836,0.16896484660328737,-0.36426509283775715
ROS1-42-0016,2019-06-12,0.2132963654040655,0.1977349372441105,-0.3320901124867629
ROS1-36-0006,2019-06-12,0.1603202919264381,0.09019251378924209,-0.2824801552852766
ROS1-37-0046,2019-06-12,0.2723128419205152,0.19211123299669328,-0.41417715140414874
ROS1-42-0009,2019-06-12,0.23337790938035852,0.27684069991585164,-0.26555554633255224
ROS1-31-0021,2019-06-12,0.6131901020210027,0.44317736983263756,-0.5987824633198254
ROS1-38-0007,2019-06-12,0.21390740857315094,0.141053654556574,-0.30026711643516846
ROS1-38-0004,2019-06-12,0.36569091003648313,0.2520861063018551,-0.44261320357376704
ROS1-44-0000,2019-06-12,0.35347421804645307,0.2336892761422602,-0.46062751317957046
ROS1-37-0046,2019-06-12,0.27300795641043674,0.1916694822223691,-0.4169183381056226
ROS1-43-0017,2019-06-12,0.4605895765430388,0.3119651709831031,-0.5352650455831898
ROS1-42-0016,2019-06-12,0.21313908525420414,0.1984426482310197,-0.33089067389663324
ROS1-42-0009,2019-06-12,0.2343680946912369,0.27795397429770324,-0.26529130147037
ROS1-49-0012,2019-06-12,0.29728089344541264,0.20001624243453922,-0.46660782800406575
ROS1-49-0001,2019-06-12,0.41240856346583377,0.2837641265535493,-0.523540862905288
ROS1-50-0003,2019-06-12,0.3787787829053356,0.2805986133279963,-0.4663494748986857
ROS1-49-0002,2019-06-12,0.20650333484404101,0.15159855888002458,-0.3492271066067698
ROS1-01-0044,2019-06-13,0.3553105595534017,0.13786325014879466,-0.5420532141205467
ROS1-01-0009,2019-06-13,0.5998285384091264,0.3898216601107453,-0.5585271508301769
ROS1-08-0022,2019-06-13,0.6030037660996694,0.37060628373527005,-0.6207625307446871
ROS1-14-0031,2019-06-13,0.7033414841840334,0.42843499909255633,-0.6418154441627679
ROS1-15-0025,2019-06-13,0.579642951231724,0.32636882624004343,-0.5988561924492429
ROS1-16-0004,2019-06-13,0.5521373689923952,0.3257102783131626,-0.5278811919032237
ROS1-22-0014,2019-06-13,0.4028979849128462,0.22233169363275457,-0.43867835419500156
ROS1-22-0014,2019-06-13,0.4035850674874374,0.2257330142695546,-0.43561412893982837
ROS1-37-0046,2019-06-14,0.2328796113159878,0.15643569289694523,-0.39366012560666047
ROS1-36-0005,2019-06-14,0.3722219702741893,0.2780481433256162,-0.42948394753686625
ROS1-37-0019,2019-06-14,0.2252820435320128,0.14784675492911611,-0.37402801416262527
ROS1-42-0016,2019-06-14,0.2505543049793908,0.1529671897338447,-0.43785350057028205
ROS1-36-0007,2019-06-14,0.20188029512969227,0.13606712115323757,-0.40072663069546766
ROS1-42-0010,2019-06-14,0.2757136358684265,0.17036206814917665,-0.4460697394963054
ROS1-37-0046,2019-06-14,0.2354189384907339,0.15871468687123239,-0.3967170768971674
ROS1-42-0009,2019-06-14,0.3899910827724046,0.2507526750166788,-0.5011889406916574
ROS1-43-0026,2019-06-14,0.45078728483816793,0.2942866471835905,-0.5225606885581563
ROS1-44-0000,2019-06-14,0.34978743728075595,0.25531403289798876,-0.46755448005048356
ROS1-37-0046,2019-06-14,0.23466583526792517,0.15974277137961646,-0.3867243317386354
ROS1-43-0017,2019-06-14,0.40227763290609064,0.2842672790088439,-0.5049830619246181
ROS1-42-0016,2019-06-14,0.2474467758915672,0.1527568416538063,-0.4282713567346243
ROS1-43-0016,2019-06-14,0.5739284738716071,0.42723660074765923,-0.563707004886779
ROS1-42-0009,2019-06-14,0.3850886808636972,0.25024456632859154,-0.4905409560650115
ROS1-43-0016,2019-06-14,0.5611234220848912,0.42119762914448505,-0.5523938340907332
ROS1-49-0012,2019-06-14,0.26186863843352554,0.17412820808250898,-0.4513219781800537
ROS1-49-0001,2019-06-14,0.33066210930643064,0.22659489105271075,-0.47444510626819714
ROS1-50-0003,2019-06-14,0.3498083796766947,0.23808195717832978,-0.4900537147353827
ROS1-49-0002,2019-06-14,0.20225822275078878,0.1414266075398361,-0.3551223922030832
ROS1-01-0044,2019-06-15,0.27152173743091823,0.1519380178804643,-0.44600391569992665
ROS1-01-0005,2019-06-15,0.47472994976328475,0.33199566995873847,-0.50336908128436
ROS1-01-0009,2019-06-15,0.5928080662204074,0.37577228237631793,-0.5691208603085233
ROS1-07-0005,2019-06-15,0.8404074695972168,0.6997590682758092,-0.724994069199783
ROS1-13-0005,2019-06-15,0.5168273706553389,0.31875007398175675,-0.6153811996541682
ROS1-07-0031,2019-06-15,0.5409167735285755,0.3753168973496148,-0.5425587592698237
ROS1-07-0005,2019-06-15,0.8070011510259064,0.688956984090447,-0.7004218078631568
ROS1-08-0022,2019-06-15,0.4791506296382045,0.29829292544519004,-0.543732816901599
ROS1-07-0020,2019-06-15,0.3986807889421942,0.25530290735584144,-0.5199022013540672
ROS1-08-0025,2019-06-15,0.6620963459868654,0.3991859585571376,-0.610041870460556
ROS1-13-0000,2019-06-15,0.5327574125718141,0.31365661821793783,-0.6047568852697892
ROS1-14-0009,2019-06-15,0.7039726379712412,0.4446595528037842,-0.6073234160774219
ROS1-13-0020,2019-06-15,0.6027367104309947,0.3768416603785129,-0.6246065011014417
ROS1-19-0016,2019-06-15,0.5239912181766441,0.3185286584181872,-0.5800817665174361
ROS1-24-0034,2019-06-15,0.2919042922272118,0.16528832320393294,-0.44487419361646574
ROS1-18-0009,2019-06-15,0.6086561523638142,0.41803712224364736,-0.6070245071664012
ROS1-24-0023,2019-06-15,0.1601613026235342,0.07950315411637428,-0.32355286868985883
ROS1-18-0027,2019-06-15,0.5794910229795668,0.365031538285933,-0.6321438146185508
ROS1-18-0014,2019-06-15,0.8700736391454273,0.77629901377307,-0.758220266144098
ROS1-24-0024,2019-06-15,0.47650109072172947,0.3223006022377408,-0.5727115076902635
ROS1-19-0018,2019-06-15,0.5185164534280305,0.2773343854732924,-0.6088343814680466
ROS1-24-0018,2019-06-15,0.688643673145938,0.499630651317501,-0.6593881766607637
ROS1-25-0027,2019-06-15,0.25226671604732115,0.15917974012775626,-0.41952162590754655
ROS1-19-0012,2019-06-15,0.6228899615626515,0.4130910092356823,-0.6487170019756117
ROS1-25-0012,2019-06-15,0.16155795780933677,0.06603470242995414,-0.31700946265096247
ROS1-13-0000,2019-06-15,0.5378881842678217,0.3148045896811857,-0.6127346992919491
ROS1-19-0004,2019-06-15,0.7778272569396059,0.5065100868608633,-0.6744021497345973
ROS1-20-0017,2019-06-15,0.47917665280581595,0.26730936450892495,-0.5454138662383412
ROS1-20-0026,2019-06-15,0.7533448920271515,0.5322210572788305,-0.6391827911120636
ROS1-25-0002,2019-06-15,0.29241219172016936,0.15897177524188127,-0.47427766385171183
ROS1-24-0023,2019-06-15,0.1612764958434751,0.08187778757722484,-0.32009715846213416
ROS1-25-0032,2019-06-15,0.3624542373776029,0.2028794860652523,-0.49802591776440597
ROS1-26-0040,2019-06-15,0.666639179450513,0.4290571608696677,-0.6509079686949393
ROS1-32-0006,2019-06-15,0.34205605654190196,0.19538766153566253,-0.42516737872378474
ROS1-31-0022,2019-06-15,0.6785456447330086,0.44777536471397045,-0.6686349074012224
ROS1-25-0018,2019-06-15,0.1599583032538924,0.07026866262075973,-0.3050633378346792
ROS1-32-0029,2019-06-15,0.45012076266943435,0.2800260224064113,-0.548412998131749
ROS1-14-0002,2019-06-15,0.5770214622094326,0.3679575519071647,-0.5665352269644399
ROS1-15-0022,2019-06-15,0.6891709539570439,0.49914146967363027,-0.6361798942779582
ROS1-15-0013,2019-06-15,0.25266388927268724,0.1360058225445007,-0.3549346513735046
ROS1-14-0031,2019-06-15,0.6820150801122166,0.4448241871763788,-0.6255063427740966
ROS1-15-0025,2019-06-15,0.4869706991507995,0.2844962299377211,-0.5422057432074648
ROS1-16-0004,2019-06-15,0.539663485673342,0.33626560065498784,-0.5234644716256229
ROS1-15-0013,2019-06-15,0.23919507164033005,0.12075119831050866,-0.36924126605687835
ROS1-21-0036,2019-06-15,0.31531971786146396,0.14217248173229696,-0.39323934719718745
ROS1-21-0000,2019-06-15,0.5246845438288904,0.3085352484415318,-0.5554668814330338
ROS1-20-0038,2019-06-15,0.3334161585116266,0.18025689155485058,-0.45584128537365104
ROS1-21-0003,2019-06-15,0.16148648803454527,0.0612995767008049,-0.3037452910407931
ROS1-26-0018,2019-06-15,0.20175499297653005,0.0889357399266951,-0.34177524633321726
ROS1-20-0017,2019-06-15,0.4768931839101311,0.2670937878796533,-0.5418464249388555
ROS1-26-0030,2019-06-15,0.5322428443190707,0.30988325577144415,-0.5421314006833405
ROS1-27-0013,2019-06-15,0.1613865857128179,0.07189377425143859,-0.3044576537014138
ROS1-20-0026,2019-06-15,0.7460404297577549,0.5259188846059076,-0.6349583732099684
ROS1-21-0037,2019-06-15,0.4648875293730202,0.26362387551456584,-0.48372369368549817
ROS1-28-0013,2019-06-15,0.10369422104803724,0.037520006380348296,-0.2870706246685073
ROS1-22-0014,2019-06-15,0.4026452048624357,0.24172553046013337,-0.43573635048480214
ROS1-21-0010,2019-06-15,0.626443742532085,0.404284116006971,-0.6120192307935328
ROS1-22-0022,2019-06-15,0.4571962599421172,0.25543591366658236,-0.5244284818854716
ROS1-28-0015,2019-06-15,0.11497743075611508,0.039842111590600915,-0.29588830242433645
ROS1-22-0002,2019-06-15,0.6251484595055081,0.3719346267416926,-0.6302133377578116
ROS1-22-0006,2019-06-15,0.30322067645639905,0.15831516924713884,-0.3680927771723896
ROS1-22-0014,2019-06-15,0.4042808824407467,0.24754941314502774,-0.4303564905463136
ROS1-29-0003,2019-06-15,0.3254941991326547,0.1761434047841491,-0.45907901876287693
ROS1-29-0005,2019-06-15,0.393622784744811,0.20340105476465825,-0.4251830820548636
ROS1-27-0005,2019-06-15,0.3672144685869289,0.21613139829790076,-0.5027540790087526
ROS1-32-0006,2019-06-15,0.34224624450988456,0.19278749295579542,-0.43433155592384004
ROS1-33-0008,2019-06-15,0.5218497863255592,0.3443497687560769,-0.5412043753222041
ROS1-32-0025,2019-06-15,0.4777365281915758,0.2964456899209134,-0.576873795080534
ROS1-26-0030,2019-06-15,0.5357590350337339,0.3118954870168394,-0.5438399808063129
ROS1-28-0013,2019-06-15,0.11112690008574785,0.04155618618662139,-0.2772256470184251
ROS1-34-0005,2019-06-15,0.35289946111855863,0.18212785401869544,-0.4181598691572501
ROS1-27-0019,2019-06-15,0.3612803630922892,0.18750322865766886,-0.4757317992279377
ROS1-28-0002,2019-06-15,0.33707605915754263,0.15151850373194217,-0.3927870959601067
ROS1-33-0020,2019-06-15,0.34715370807269846,0.18019856518981534,-0.4480337793737194
ROS1-28-0015,2019-06-15,0.1199786059388911,0.04302898522328172,-0.28195250619730583
ROS1-33-0013,2019-06-15,0.5233719916410736,0.3040265133889318,-0.6059476372213642
ROS1-33-0008,2019-06-15,0.5124461603656848,0.3448078094221208,-0.5261001657380768
ROS1-34-0005,2019-06-15,0.34847628513985857,0.18341594508043374,-0.40912105478581434
ROS1-33-0013,2019-06-15,0.5127822585684659,0.3023778802232062,-0.5903933035066488
ROS1-24-0030,2019-06-17,0.29633604615378584,0.17649869128064688,-0.38583629192962515
ROS1-19-0016,2019-06-17,0.4293028300443823,0.2913669648717154,-0.5246239558448967
ROS1-24-0034,2019-06-17,0.2304633027436856,0.1415435349902598,-0.37700208926253637
ROS1-18-0009,2019-06-17,0.4689126002355871,0.3423307903489132,-0.5130884867642805
ROS1-24-0023,2019-06-17,0.12276633203780835,0.07348445438737214,-0.25257323528826225
ROS1-18-0027,2019-06-17,0.4258468068078485,0.290088540757999,-0.52274801786703
ROS1-24-0030,2019-06-17,0.29504172342917745,0.17768320776116106,-0.3815693274845772
ROS1-18-0014,2019-06-17,0.845764871532757,0.8275899014934501,-0.7356656382880067
ROS1-24-0024,2019-06-17,0.3503349058721375,0.2535391442402188,-0.48915996834687875
ROS1-19-0018,2019-06-17,0.3939734944354131,0.24932028267016926,-0.5167897241547846
ROS1-24-0018,2019-06-17,0.6703354336693151,0.5333213992385905,-0.6368742709632668
ROS1-20-0038,2019-06-17,0.275307689291245,0.1619869659318997,-0.4297986236009722
ROS1-21-0003,2019-06-17,0.12470494698020594,0.03984665169327508,-0.2887311680357723
ROS1-26-0018,2019-06-17,0.1870596950166476,0.08502312709552028,-0.34502085666558574
ROS1-26-0030,2019-06-17,0.6661569564270523,0.3488764732394866,-0.5571098440168859
ROS1-27-0013,2019-06-17,0.13373700985999876,0.0482460278884318,-0.3104591281770146
ROS1-28-0013,2019-06-17,0.1299254216256557,0.04964509786785456,-0.31093527783091246
ROS1-28-0015,2019-06-17,0.11927870382801378,0.039662762857959,-0.3159118766035492
ROS1-29-0003,2019-06-17,0.2984052228317322,0.1819610054071211,-0.4220323545558009
ROS1-27-0005,2019-06-17,0.34732984398806616,0.2004868057262811,-0.47669738485385954
ROS1-32-0006,2019-06-17,0.32305526234980053,0.19116583464247733,-0.4164833513336911
ROS1-33-0008,2019-06-17,0.5398585773569731,0.34851147071473815,-0.5475205450564754
ROS1-32-0025,2019-06-17,0.39985611259600434,0.22885887089840007,-0.537925752802554
ROS1-26-0030,2019-06-17,0.6483141071271693,0.3502714131529005,-0.539607940676797
ROS1-28-0013,2019-06-17,0.1464327818674348,0.05889830093323291,-0.2989961707754315
ROS1-34-0005,2019-06-17,0.37283080792991435,0.1877380840464284,-0.41973046179211554
ROS1-27-0019,2019-06-17,0.3338740887275503,0.1742271212839796,-0.455709224864309
ROS1-28-0002,2019-06-17,0.3854700154868888,0.18014054909641647,-0.42412043446873093
ROS1-33-0020,2019-06-17,0.3403812875473018,0.16724787028724494,-0.4319850186738263
ROS1-28-0015,2019-06-17,0.13439872528668032,0.04789906978050825,-0.2965725714239745
ROS1-33-0013,2019-06-17,0.4502090742868067,0.23274012609905537,-0.5670417333369929
ROS1-31-0021,2019-06-17,0.4719958184101629,0.3119614068196431,-0.5594818952674117
ROS1-36-0005,2019-06-17,0.29872150326400043,0.2085323276331516,-0.4081079618925021
ROS1-37-0019,2019-06-17,0.1955326276775871,0.11309396715553595,-0.37661134791878503
ROS1-42-0016,2019-06-17,0.22408902450087856,0.12836504308813332,-0.43139913353294457
ROS1-36-0007,2019-06-17,0.19602160132053087,0.12448634239001784,-0.3984339084702103
ROS1-42-0010,2019-06-17,0.26754584490197997,0.14948269949054768,-0.4612195736389324
ROS1-30-0015,2019-06-17,0.14232207112103223,0.0769788052316039,-0.2729329323265603
ROS1-36-0006,2019-06-17,0.14473837499461414,0.07313712795606397,-0.28314962537746236
ROS1-37-0046,2019-06-17,0.20349308436083988,0.1265228025630805,-0.38525721767339416
ROS1-42-0009,2019-06-17,0.31251360907006787,0.1861216932468521,-0.4692924984509359
ROS1-31-0021,2019-06-17,0.470298317648227,0.30998477637803057,-0.5583339752388036
ROS1-38-0007,2019-06-17,0.19784005630599136,0.10015434008522345,-0.3494154519375404
ROS1-37-0031,2019-06-17,0.29602951838942815,0.19483234589137893,-0.47137185728376324
ROS1-38-0004,2019-06-17,0.30017982787006736,0.1885093596025019,-0.5403585433122706
ROS1-43-0026,2019-06-17,0.35209295017862346,0.2040425020545291,-0.5083373307768608
ROS1-44-0000,2019-06-17,0.29149970974992157,0.19360840854048697,-0.4645417153017409
ROS1-37-0046,2019-06-17,0.2036059746465435,0.12627986488730658,-0.38604010029213753
ROS1-43-0017,2019-06-17,0.3322841480757841,0.20589173897551657,-0.4897173024024108
ROS1-42-0016,2019-06-17,0.22325096091924615,0.1288877795376898,-0.426907619171172
ROS1-43-0016,2019-06-17,0.4273178254201758,0.28612329506243755,-0.5037996431857251
ROS1-42-0009,2019-06-17,0.31072773559992145,0.18639917729275038,-0.4644254052644965
ROS1-33-0008,2019-06-17,0.532184527199608,0.3498268414975129,-0.5357531959865891
ROS1-34-0005,2019-06-17,0.3636363864429467,0.1891448013434151,-0.4045909362986008
ROS1-33-0013,2019-06-17,0.43415868883697634,0.2307259213181257,-0.5395679737951649
ROS1-01-0044,2019-06-18,0.2612976031683558,0.13975049019909955,-0.43798162327555185
ROS1-01-0005,2019-06-18,0.34498669651804653,0.22588319918057692,-0.4422793534651845
ROS1-01-0009,2019-06-18,0.5121996215188958,0.30597918175627814,-0.5195925447149247
ROS1-07-0005,2019-06-18,0.7900127154641545,0.593967268709745,-0.6891178350452148
ROS1-07-0031,2019-06-18,0.4293344168986465,0.28891944066137193,-0.5009857452630834
ROS1-07-0005,2019-06-18,0.8079132274867993,0.5925876669382901,-0.7030835548525177
ROS1-08-0022,2019-06-18,0.3958790685720918,0.22004778854664653,-0.5293095302391352
ROS1-08-0025,2019-06-18,0.6949717958293117,0.43249012818746363,-0.6272109773060811
ROS1-14-0031,2019-06-18,0.5699808249310572,0.4938882955031868,-0.5181894077329118
ROS1-15-0025,2019-06-18,0.42085248831526373,0.21749213169702059,-0.48725367214610155
ROS1-16-0004,2019-06-18,0.566042012692627,0.3904694240344631,-0.5232217580157142
ROS1-22-0014,2019-06-18,0.4507827861376793,0.30680307066374674,-0.444912317885392
ROS1-22-0014,2019-06-18,0.4500581984787119,0.30681061757065625,-0.44291963181839605
ROS1-37-0046,2019-06-19,0.1906004541966801,0.1327063283093574,-0.36556441454563054
ROS1-36-0005,2019-06-19,0.2727220792626906,0.20553390180383216,-0.3934570729897206
ROS1-37-0019,2019-06-19,0.191158099669298,0.12882689046487586,-0.35051953928698515
ROS1-42-0016,2019-06-19,0.2083986938701207,0.13306269938679086,-0.40526375697974953
ROS1-36-0007,2019-06-19,0.1907638835338738,0.13365601704539362,-0.386653023281005
ROS1-42-0010,2019-06-19,0.24634283833142706,0.1618529032482632,-0.42256285309841923
ROS1-37-0046,2019-06-19,0.19038494893951483,0.13293392594290684,-0.3642117874531335
ROS1-42-0009,2019-06-19,0.2587563364476354,0.1745728288110959,-0.42399167878996347
ROS1-43-0026,2019-06-19,0.2992811541334901,0.20030078399642848,-0.46063518358940375
ROS1-44-0000,2019-06-19,0.26375499121085366,0.1937122039008708,-0.43074448800703224
ROS1-37-0046,2019-06-19,0.19039561966936877,0.1328386644348737,-0.36419978379174406
ROS1-43-0017,2019-06-19,0.30544399926561566,0.2156375641282623,-0.45860208474213254
ROS1-42-0016,2019-06-19,0.20756088597720748,0.1328299208888838,-0.4057901034468904
ROS1-43-0016,2019-06-19,0.3980117491571065,0.28499230967954664,-0.4782745417764658
ROS1-42-0009,2019-06-19,0.25865544114111805,0.1749474859217784,-0.4244588645760717
ROS1-43-0016,2019-06-19,0.39478076728945405,0.28369967953109043,-0.47414573399524185
ROS1-49-0012,2019-06-19,0.22534207407098936,0.1516024374980682,-0.4339017068436098
ROS1-49-0001,2019-06-19,0.24264382094193965,0.16890518703011628,-0.4242067634025911
ROS1-50-0003,2019-06-19,0.2667874513162461,0.17903384696142333,-0.4531017853440731
ROS1-49-0002,2019-06-19,0.1827216770611996,0.13093878179357926,-0.3435608128684748
ROS1-01-0044,2019-06-20,0.19015251337516742,0.10927328133375337,-0.3905487699751835
ROS1-01-0005,2019-06-20,0.26873240418606253,0.18956145019110018,-0.40008881076712555
ROS1-01-0009,2019-06-20,0.4751481939785897,0.3109447303358688,-0.4852264485143334
ROS1-07-0005,2019-06-20,0.7714128052710107,0.624517715095701,-0.679010052140206
ROS1-13-0005,2019-06-20,0.2961067269573546,0.18512898717812684,-0.4781601116054223
ROS1-07-0031,2019-06-20,0.35314953082610934,0.2518836473679539,-0.4515745023899809
ROS1-07-0005,2019-06-20,0.7779918715062658,0.6270192710165113,-0.6844917743937836
ROS1-08-0022,2019-06-20,0.31046706386284745,0.19073733448498617,-0.4644101248898067
ROS1-07-0020,2019-06-20,0.2810919561333961,0.17807442766982834,-0.45403801902629987
ROS1-08-0025,2019-06-20,0.7003820555152609,0.4322526513958449,-0.6240042821814293
ROS1-13-0000,2019-06-20,0.3146476370345895,0.17254957895960774,-0.5229152155065521
ROS1-14-0009,2019-06-20,0.4940435365326006,0.2785598010551983,-0.4623526195491585
ROS1-13-0020,2019-06-20,0.3851983038089512,0.22981969170671954,-0.5018129639511827
ROS1-24-0030,2019-06-20,0.24173466271762292,0.1316348413127903,-0.3846015683334303
ROS1-19-0016,2019-06-20,0.34650096701513067,0.21348661920695788,-0.5003387911156792
ROS1-24-0034,2019-06-20,0.20663307616293672,0.16376766614577723,-0.3448169623626602
ROS1-18-0009,2019-06-20,0.3424092724840994,0.22427925124272477,-0.4737960700482972
ROS1-24-0023,2019-06-20,0.14279570444024986,0.07899474584143497,-0.27223710049512895
ROS1-18-0027,2019-06-20,0.3214176725428417,0.19680925972614013,-0.5020956049994459
ROS1-24-0030,2019-06-20,0.24173395384379656,0.13063502713155628,-0.3879386404093464
ROS1-18-0014,2019-06-20,0.7838232322673547,0.6371376470559877,-0.6918914922076205
ROS1-24-0024,2019-06-20,0.2506321921722582,0.18667112870310779,-0.3937127110522171
ROS1-19-0018,2019-06-20,0.3122802795853918,0.1794761052706888,-0.49512424168301544
ROS1-24-0018,2019-06-20,0.4328914655795463,0.38539968371536326,-0.4416569551570564
ROS1-25-0027,2019-06-20,0.16596749756518211,0.10839397862964079,-0.35146952213135163
ROS1-19-0012,2019-06-20,0.4888527563081239,0.3202593494200226,-0.5602257701162903
ROS1-25-0012,2019-06-20,0.13576030747611492,0.05749335148276914,-0.26902893874073286
ROS1-13-0000,2019-06-20,0.3136605255145057,0.1738666193617203,-0.518946522582643
ROS1-19-0004,2019-06-20,0.7056680583611192,0.45119484572003776,-0.6135731353551306
ROS1-20-0017,2019-06-20,0.3046354986768167,0.1703322909610782,-0.446685149275022
ROS1-20-0026,2019-06-20,0.6824601759101796,0.4714147725437198,-0.5894372242523778
ROS1-24-0023,2019-06-20,0.14332650971451294,0.07970561427139043,-0.2708594496197415
ROS1-25-0032,2019-06-20,0.2411519417516588,0.11802595689676974,-0.37275100685806173
ROS1-26-0040,2019-06-20,0.48939207452571826,0.2917421638964145,-0.5478104725084354
ROS1-32-0006,2019-06-20,0.29558219140427533,0.16388968693518988,-0.3857077906298497
ROS1-31-0022,2019-06-20,0.5329642723189021,0.3404398231724511,-0.5897747528785002
ROS1-25-0018,2019-06-20,0.14823826094152193,0.07500477484268137,-0.2621256589945655
ROS1-32-0029,2019-06-20,0.29575950549397284,0.18312787156040378,-0.4735130105395835
ROS1-14-0002,2019-06-20,0.46379854770037143,0.2422491220589318,-0.5234359123416922
ROS1-15-0022,2019-06-20,0.46929681027726405,0.3004168986861203,-0.5160504398331817
ROS1-15-0013,2019-06-20,0.3247110922519386,0.17145754257643125,-0.40227765502624346
ROS1-14-0031,2019-06-20,0.6486236490499188,0.4417267447810249,-0.5896680547714224
ROS1-15-0025,2019-06-20,0.31412153569335943,0.17276380537052627,-0.4681662635759025
ROS1-16-0004,2019-06-20,0.5101361317938962,0.3271788614017444,-0.5003331955852256
ROS1-15-0013,2019-06-20,0.32563072078346433,0.16823709292797465,-0.41150083479852395
ROS1-21-0036,2019-06-20,0.4783048041532161,0.26474374866253036,-0.4831129465296451
ROS1-21-0000,2019-06-20,0.3571019415348782,0.19413336725671648,-0.45949128391574695
ROS1-20-0038,2019-06-20,0.26504825799225756,0.1559932708191157,-0.40259092128997837
ROS1-21-0003,2019-06-20,0.1404776764571128,0.06998687874716593,-0.2661769874870396
ROS1-26-0018,2019-06-20,0.1944650651736825,0.08921991162056345,-0.31980866620703535
ROS1-20-0017,2019-06-20,0.30573173332145515,0.17087186233591625,-0.44549569501773295
ROS1-26-0030,2019-06-20,0.5391067659346154,0.3194329869945426,-0.5094269099344946
ROS1-27-0013,2019-06-20,0.14985960707903997,0.08250330382140322,-0.2824236233131649
ROS1-20-0026,2019-06-20,0.6773625954380715,0.46422233630834064,-0.5883437939962786
ROS1-21-0037,2019-06-20,0.6351216030085057,0.41129253395712884,-0.5937702670749071
ROS1-28-0013,2019-06-20,0.12700846602107194,0.04775290495233481,-0.2867298312390802
ROS1-22-0014,2019-06-20,0.21229109128715387,0.11044648078443652,-0.30716886663468906
ROS1-21-0010,2019-06-20,0.6054458485809504,0.4015948451074551,-0.5688793316782365
ROS1-22-0022,2019-06-20,0.36210153233742587,0.21078342874561373,-0.4667029409200262
ROS1-28-0015,2019-06-20,0.1311455449211218,0.04717393245616615,-0.28675698291348306
ROS1-22-0002,2019-06-20,0.43277260229104075,0.237788683061786,-0.5365917437588024
ROS1-22-0006,2019-06-20,0.41776659395621096,0.23850909328690176,-0.44679397961498907
ROS1-22-0014,2019-06-20,0.21771793272438786,0.11084503352624796,-0.3052869270192956
ROS1-29-0003,2019-06-20,0.27634652743557275,0.18407963086726623,-0.3919196721073836
ROS1-29-0005,2019-06-20,0.5094006444075752,0.28932512296280355,-0.49188945182507865
ROS1-27-0005,2019-06-20,0.32554541950137084,0.2096650118322815,-0.4286450578962585
ROS1-32-0006,2019-06-20,0.29431814538055845,0.1614107034825716,-0.388161905853977
ROS1-33-0008,2019-06-20,0.5508083938883729,0.3839457048469918,-0.5556505246389118
ROS1-32-0025,2019-06-20,0.3195464535739067,0.1717995233091559,-0.4925437404557513
ROS1-26-0030,2019-06-20,0.5397279206592271,0.32224831086450917,-0.5067982366756241
ROS1-28-0013,2019-06-20,0.1343352888956507,0.05239940844906521,-0.27710997657129816
ROS1-34-0005,2019-06-20,0.30078141150300264,0.174952076546836,-0.38303770528076847
ROS1-28-0002,2019-06-20,0.4140782427290481,0.2028699678328297,-0.42022628545814966
ROS1-33-0020,2019-06-20,0.34328654073902726,0.39285500678521246,-0.3498536974670045
ROS1-28-0015,2019-06-20,0.13661159527228892,0.05104296807263167,-0.27438318193957484
ROS1-33-0013,2019-06-20,0.33588138067748224,0.17895147590586827,-0.4867753191773641
ROS1-33-0008,2019-06-20,0.5454245570313465,0.38250252192795103,-0.5504446067498312
ROS1-34-0005,2019-06-20,0.2994381495049313,0.17511622056294135,-0.3798366608234848
ROS1-33-0013,2019-06-20,0.3333551143987031,0.17876938933867012,-0.4802528047504266
ROS1-24-0030,2019-06-22,0.13441983785977976,0.22979198476661974,-0.23450248169463472
ROS1-19-0016,2019-06-22,0.30169528485827435,0.2254853470015651,-0.4608399609451944
ROS1-24-0034,2019-06-22,0.14813239809204412,0.10630151410022311,-0.2362439781919928
ROS1-18-0009,2019-06-22,0.3051827143470833,0.2406956199239703,-0.4498711292540641
ROS1-24-0023,2019-06-22,0.14339416401126107,0.09013719448673188,-0.256943191717003
ROS1-18-0027,2019-06-22,0.24548375816756704,0.18206571501294883,-0.3539794085642295
ROS1-24-0030,2019-06-22,0.14064184411247044,0.21608446623834626,-0.23662587751590905
ROS1-24-0024,2019-06-22,0.24009904583058564,0.141669592430072,-0.4037634664485083
ROS1-19-0018,2019-06-22,0.2772770012808819,0.19523840240249687,-0.45708746645886505
ROS1-24-0018,2019-06-22,0.56762876309997,0.44443500600244373,-0.5668695366430738
ROS1-25-0027,2019-06-22,0.15804932831614837,0.11790212098459459,-0.33458962888832244
ROS1-19-0012,2019-06-22,0.4461948522699404,0.33996289277132924,-0.5212441122380418
ROS1-25-0012,2019-06-22,0.16240310101580946,0.07668960249482618,-0.29205808993702553
ROS1-25-0002,2019-06-22,0.2017281401947457,0.1258594946080465,-0.3867543134547619
ROS1-30-0014,2019-06-22,0.2863422573557877,0.21495137956611696,-0.42098027161924256
ROS1-24-0023,2019-06-22,0.14299097142306194,0.08992539771396142,-0.25576899990526863
ROS1-30-0002,2019-06-22,0.24348900655651043,0.16637116698159826,-0.4249538346337431
ROS1-30-0015,2019-06-22,0.14390759046204707,0.07409658398736527,-0.27484915186908615
ROS1-36-0006,2019-06-22,0.1625271724184251,0.08461825718372136,-0.30466149850617624
ROS1-37-0046,2019-06-22,0.1891195780779678,0.12069421337781962,-0.37915075318073727
ROS1-25-0032,2019-06-22,0.24079049225370044,0.15189347721572347,-0.4116752289789789
ROS1-26-0040,2019-06-22,0.3872187672488066,0.26360621709958193,-0.4637812172236093
ROS1-31-0021,2019-06-22,0.300040019620147,0.21252865085984618,-0.45193097162124485
ROS1-32-0006,2019-06-22,0.20528800249209728,0.10974561500226632,-0.32676755009072295
ROS1-31-0033,2019-06-22,0.40060717629198644,0.28714960812104845,-0.48093418479529243
ROS1-37-0046,2019-06-22,0.18826702664370737,0.12113766859348692,-0.37359891695069203
ROS1-20-0038,2019-06-22,0.22440385397718718,0.15259716308583526,-0.3690364602439785
ROS1-21-0003,2019-06-22,0.14088326846106228,0.06891692878151807,-0.26190140378628934
ROS1-26-0018,2019-06-22,0.20201151115553617,0.1037160229842661,-0.32317620024723637
ROS1-26-0030,2019-06-22,0.48356704392347954,0.2984779824649315,-0.4785327197795238
ROS1-27-0013,2019-06-22,0.13448269958058498,0.06397589088729061,-0.27579620225857965
ROS1-28-0013,2019-06-22,0.14095804765039308,0.07173138399038506,-0.27499516572986826
ROS1-28-0015,2019-06-22,0.1493898303371376,0.0719854335574375,-0.2656860713994442
ROS1-29-0003,2019-06-22,0.2299292164093205,0.14110987407264888,-0.39456254977938515
ROS1-27-0005,2019-06-22,0.31133043057041243,0.20354642245165272,-0.4162795925706375
ROS1-32-0006,2019-06-22,0.20622180353049763,0.11149875018450167,-0.3237738406452864
ROS1-33-0008,2019-06-22,0.46648867498510577,0.3158130541649576,-0.49537210080316235
ROS1-32-0025,2019-06-22,0.26977152805133,0.1603316053050549,-0.4386403680339938
ROS1-26-0030,2019-06-22,0.4636150140436017,0.29662298638688617,-0.45634308627751785
ROS1-28-0013,2019-06-22,0.15074493346932766,0.07690656119785892,-0.273648219253361
ROS1-34-0005,2019-06-22,0.3031548065271783,0.19655811064295828,-0.3731571056677611
ROS1-27-0019,2019-06-22,0.2616034750061905,0.1596265538423075,-0.39051030350877364
ROS1-28-0002,2019-06-22,0.46227350154729824,0.26771152332988407,-0.450358403951029
ROS1-33-0020,2019-06-22,0.30407626891079237,0.1949518319039345,-0.37855389269320633
ROS1-28-0015,2019-06-22,0.15300830950597039,0.07493842484875338,-0.2608353134809864
ROS1-33-0013,2019-06-22,0.26904881226722005,0.15682416290562015,-0.4345080821930753
ROS1-31-0021,2019-06-22,0.2991868976541489,0.21326117126319763,-0.4498529757959102
ROS1-36-0005,2019-06-22,0.25264440577973063,0.17746534580618176,-0.3967333261803429
ROS1-37-0019,2019-06-22,0.1861610205098511,0.11368476473924542,-0.3611721175227349
ROS1-42-0016,2019-06-22,0.21679450501841196,0.12387942114960633,-0.4392433883321793
ROS1-36-0007,2019-06-22,0.13697329118976465,0.11052026513363276,-0.31161021874141237
ROS1-42-0010,2019-06-22,0.25955748060427813,0.14558913452934757,-0.4629833440380137
ROS1-30-0015,2019-06-22,0.14154079137099032,0.0746985936890396,-0.26682031609591955
ROS1-36-0006,2019-06-22,0.15967253706004572,0.08482705624429669,-0.2948439294686856
ROS1-37-0046,2019-06-22,0.18736956907182162,0.12130888429868823,-0.3714649542214078
ROS1-42-0009,2019-06-22,0.2269612303393885,0.15094532255306412,-0.40004186794080693
ROS1-31-0021,2019-06-22,0.2986636937258188,0.21271661674073886,-0.4479119723607738
ROS1-43-0026,2019-06-22,0.25750145596372886,0.1603594106420319,-0.45471781070843803
ROS1-44-0000,2019-06-22,0.25233521439689355,0.17370851373391238,-0.43700687082742795
ROS1-37-0046,2019-06-22,0.18769650089152595,0.1216186655010631,-0.3700326978319646
ROS1-43-0017,2019-06-22,0.27992871612770415,0.18606870283237856,-0.45508133217144214
ROS1-42-0016,2019-06-22,0.21875575545447454,0.12354836587641152,-0.4474996216836249
ROS1-43-0016,2019-06-22,0.36545157336064016,0.25503337195168013,-0.4672811261409531
ROS1-42-0009,2019-06-22,0.22713893417598138,0.15076484772836454,-0.40660406939763627
ROS1-43-0016,2019-06-22,0.3607762272988027,0.2526675870934178,-0.46140622971404194
ROS1-49-0012,2019-06-22,0.22551155252974026,0.14350976723104558,-0.4559857090922706
ROS1-49-0001,2019-06-22,0.23146764706135844,0.15034198874086224,-0.4282646241959369
ROS1-50-0003,2019-06-22,0.26444651699662847,0.16223935074247414,-0.4772734283543073
ROS1-33-0008,2019-06-22,0.4565013423463348,0.31623856073154805,-0.4863386080049761
ROS1-34-0005,2019-06-22,0.3027267755942944,0.1961718505279304,-0.37296265771961007
ROS1-33-0013,2019-06-22,0.2687358201485032,0.15662121725774375,-0.4347116960986491
ROS1-08-0025,2019-06-23,0.4427845207449115,0.3562112332695342,-0.4029486348513764
ROS1-15-0025,2019-06-23,0.2684475648947445,0.14759973528798132,-0.4435186121388719
ROS1-16-0004,2019-06-23,0.41089448821153257,0.257271949482834,-0.4438520355718358
ROS1-42-0016,2019-06-24,0.08598796644352551,0.08685643134833203,-0.18321222256846936
ROS1-42-0010,2019-06-24,0.14824143689053731,0.13644483490012174,-0.308290222907068
ROS1-42-0016,2019-06-24,0.08335218605913924,0.08884032662919351,-0.17351352324222477
ROS1-43-0016,2019-06-24,0.33207904448935593,0.2527608669365274,-0.41315361586570115
ROS1-43-0016,2019-06-24,0.3316600477593625,0.2524600032773679,-0.41296213739036153
ROS1-49-0001,2019-06-24,0.18733433082220485,0.14802841751568835,-0.3545967869983364
ROS1-49-0002,2019-06-24,0.14324346200974233,0.12216072408874033,-0.2773610004407585
ROS1-01-0044,2019-06-25,0.18874381516526464,0.12309992992364542,-0.3647703989363133
ROS1-07-0005,2019-06-25,0.6982084183461764,0.638237531028193,-0.6183698038070575
ROS1-13-0005,2019-06-25,0.22587732564217886,0.15088534122038497,-0.4196956600845414
ROS1-07-0031,2019-06-25,0.3014652064504059,0.2390527344569642,-0.4101379293057236
ROS1-07-0005,2019-06-25,0.7239603152601622,0.6543161608584378,-0.6367338158525507
ROS1-13-0000,2019-06-25,-0.04593718359513608,-0.026396814071559336,-0.10980166745512586
ROS1-14-0009,2019-06-25,0.3428105706085251,0.14632349241336318,-0.488310387912839
ROS1-24-0030,2019-06-25,0.25117913509877376,0.13224529200000545,-0.4016638253013721
ROS1-24-0034,2019-06-25,0.1868911553206418,0.11404932745230459,-0.3642993636071817
ROS1-18-0009,2019-06-25,0.25687660821171926,0.15883349435491745,-0.43208399323409397
ROS1-24-0023,2019-06-25,0.13899156147886468,0.0743719908762046,-0.2712185899774745
ROS1-18-0027,2019-06-25,0.19759427221759,0.09944696908194726,-0.39121108353646944
ROS1-24-0030,2019-06-25,0.2521011883029794,0.12992864363979337,-0.4066133741759922
ROS1-18-0014,2019-06-25,0.7673796567074137,0.6203215673896781,-0.6653186858201758
ROS1-24-0024,2019-06-25,0.23584261247310448,0.16408162992263697,-0.43588877935694414
ROS1-19-0018,2019-06-25,0.26276995147172894,0.1815831135040791,-0.37361069312697165
ROS1-24-0018,2019-06-25,0.5040088052566039,0.32158488569705357,-0.5275505269775284
ROS1-25-0027,2019-06-25,0.1641990559294051,0.18426090752100918,-0.2754070657095878
ROS1-25-0012,2019-06-25,0.16268320871594122,0.09461405346624399,-0.2716751811744789
ROS1-13-0000,2019-06-25,-0.015649120878253802,-7.044786144988568E-4,-0.17129083706013026
ROS1-25-0002,2019-06-25,0.19441792128538113,0.10855010405690774,-0.41063845671460986
ROS1-24-0023,2019-06-25,0.1385231991122176,0.07156622422889909,-0.2834249036158352
ROS1-25-0032,2019-06-25,0.217135949446927,0.12947283205803553,-0.41256240999770616
ROS1-26-0040,2019-06-25,0.34243828843735424,0.2359208672680971,-0.4447712303668511
ROS1-31-0022,2019-06-25,0.4793348073723634,0.30939894927812267,-0.5578321296838246
ROS1-25-0018,2019-06-25,0.13908086799990418,0.06255500091445632,-0.2713560099614027
ROS1-32-0029,2019-06-25,0.2436912330691284,0.15588999520347596,-0.4390854477734186
ROS1-22-0002,2019-06-25,0.023765567941749662,0.3256544168674736,-0.021112580415540615
ROS1-24-0030,2019-06-27,0.23268104299563894,0.13202905222821518,-0.39216405574942553
ROS1-19-0016,2019-06-27,0.26340613915833044,0.17527537796078077,-0.4251369998210091
ROS1-18-0027,2019-06-27,0.1807130014685621,0.10727770978639808,-0.372915324669596
ROS1-24-0030,2019-06-27,0.23220575034044688,0.13109997601868922,-0.39213374418434793
ROS1-18-0014,2019-06-27,0.7143991330838865,0.5856909673275402,-0.6411748101745831
ROS1-24-0024,2019-06-27,0.2231825544133568,0.15903089723620775,-0.4180415160099035
ROS1-25-0002,2019-06-27,0.18382287922521265,0.12100825192495696,-0.3694559056301767
ROS1-30-0014,2019-06-27,0.2771230342206546,0.19772535994808157,-0.42918945881298626
ROS1-30-0002,2019-06-27,0.22668564586948137,0.15557804255356172,-0.4305895069744952
ROS1-30-0015,2019-06-27,0.16004167177097964,0.06930905545112237,-0.31907334405859716
ROS1-36-0006,2019-06-27,0.15412423650464963,0.07609712618210554,-0.30468562287841694
ROS1-37-0046,2019-06-27,0.15226284482054125,0.1194394404350384,-0.33653838293149796
ROS1-25-0032,2019-06-27,0.21557132241126675,0.14431678776228232,-0.38784976995696857
ROS1-26-0040,2019-06-27,0.3431546817361381,0.22569297543100772,-0.4689963271450798
ROS1-31-0021,2019-06-27,0.25322661908158023,0.18368403389792462,-0.42970934017951673
ROS1-32-0006,2019-06-27,0.22475852115824813,0.13417177269215627,-0.33544211962421877
ROS1-38-0007,2019-06-27,0.18971733756671164,0.09633205038309728,-0.35094959466350234
ROS1-31-0022,2019-06-27,0.45979077157590575,0.31270665307221845,-0.5517332893150119
ROS1-37-0031,2019-06-27,0.22668745840983565,0.1506221066931165,-0.4448168140602762
ROS1-31-0033,2019-06-27,0.3431859463550693,0.21093201693931535,-0.46437039278985504
ROS1-32-0029,2019-06-27,0.23621670974606815,0.16159251389221574,-0.4295955584418684
ROS1-37-0046,2019-06-27,0.1520434853068603,0.11908087981454826,-0.3375327337955267
ROS1-20-0038,2019-06-27,0.20239149820304608,0.12557929002195484,-0.37637340551138826
ROS1-21-0003,2019-06-27,0.14677441683897405,0.07620178218168981,-0.2791654243710681
ROS1-26-0018,2019-06-27,0.18198381617593645,0.0857721078940572,-0.33062840500654994
ROS1-26-0030,2019-06-27,0.34396884937400274,0.21551223353628154,-0.41385621878646167
ROS1-27-0013,2019-06-27,0.13914079468098703,0.061618923369140696,-0.2975377337681202
ROS1-27-0005,2019-06-27,0.29526312365014495,0.2070424939373235,-0.4033093359975619
ROS1-32-0006,2019-06-27,0.22476731982923767,0.13410553241204698,-0.3359473958062284
ROS1-32-0025,2019-06-27,0.22401585119914574,0.13958271493391197,-0.4150339297583227
ROS1-26-0030,2019-06-27,0.34207899926569124,0.21708725920835711,-0.4083828266036706
ROS1-31-0021,2019-06-27,0.25186035717261146,0.1842436960069039,-0.42632598249009174
ROS1-36-0005,2019-06-27,0.20994309898599836,0.12820811915536115,-0.40357470193232214
ROS1-37-0019,2019-06-27,0.18659705438278348,0.11142678895619496,-0.3735163700276398
ROS1-42-0016,2019-06-27,0.20480671935688166,0.11525488298076746,-0.4337552363410384
ROS1-36-0007,2019-06-27,0.1291473193088813,0.10116396481809084,-0.30553270682353156
ROS1-42-0010,2019-06-27,0.14481560797444368,0.12443649209312818,-0.3178517514482749
ROS1-30-0015,2019-06-27,0.16164907216354862,0.06948507954196756,-0.3205948144706939
ROS1-36-0006,2019-06-27,0.15348921766662624,0.07581280218182125,-0.30340986493479244
ROS1-37-0046,2019-06-27,0.15181120810803425,0.11974498433930258,-0.3352083996958371
ROS1-42-0009,2019-06-27,0.17998707728461058,0.13997974157140333,-0.36896314753978293
ROS1-31-0021,2019-06-27,0.2521078177803793,0.18366352342377476,-0.42740651415845254
ROS1-38-0007,2019-06-27,0.1882214789514812,0.09622331808230722,-0.34693541884200063
ROS1-37-0031,2019-06-27,0.22602603254271064,0.15093849418803656,-0.4422263383059001
ROS1-38-0004,2019-06-27,0.2359337631162967,0.1569817012131016,-0.47197927591256905
ROS1-43-0026,2019-06-27,0.22845390851662054,0.14411119037785994,-0.4370472757579531
ROS1-44-0000,2019-06-27,0.23536507168009407,0.16473402128083903,-0.42488984576579236
ROS1-37-0046,2019-06-27,0.1523582703659615,0.11971006151259495,-0.3369434404445457
ROS1-43-0017,2019-06-27,0.26401590584709683,0.1766866557002664,-0.44805443762650116
ROS1-42-0016,2019-06-27,0.20349614866633067,0.11496193983725445,-0.4308414438445425
ROS1-43-0016,2019-06-27,0.32065227177679195,0.21629644340100163,-0.4494844069051841
ROS1-42-0009,2019-06-27,0.17859619174856256,0.13927077434886911,-0.3670002218535778
ROS1-43-0016,2019-06-27,0.3095394042878824,0.2127518552564403,-0.43217564456529844
ROS1-49-0012,2019-06-27,0.21314569013315754,0.1362403975257553,-0.432770652222318
ROS1-49-0001,2019-06-27,0.2089552224707301,0.1394542326291707,-0.40951681945630664
ROS1-50-0003,2019-06-27,0.23999644774321519,0.14936157861058813,-0.4428937297960713
ROS1-49-0002,2019-06-27,0.16363039243735994,0.11038091523306368,-0.33479464283930355
ROS1-08-0025,2019-06-28,0.6978774532243366,0.5155123639554743,-0.5994293298236361
ROS1-15-0025,2019-06-28,-0.018041653448616732,-0.016362030417583967,-0.06819483198215943
ROS1-16-0004,2019-06-28,0.4009252048540011,0.283017840131196,-0.4328431733872474
ROS1-22-0014,2019-06-28,0.12338570486457529,0.059184029646105925,-0.19109472761760415
ROS1-22-0014,2019-06-28,0.13209613322150876,0.06441026016285842,-0.19512669652014422
ROS1-37-0046,2019-06-29,0.136362326738527,0.10852855475419336,-0.2841724486793758
ROS1-37-0046,2019-06-29,0.17736050257268546,0.10873164972615523,-0.39769320135460096
ROS1-37-0046,2019-06-29,0.13790697442840144,0.10683374517441477,-0.2909060461055488
ROS1-01-0044,2019-06-30,0.20631782359140088,0.12392092735163927,-0.405154833611248
ROS1-07-0005,2019-06-30,0.7659358299530247,0.5820375658591441,-0.6872240418114014
ROS1-13-0005,2019-06-30,0.18011005457198973,0.14386969886751422,-0.35231022665102235
ROS1-07-0031,2019-06-30,0.3223110745528801,0.25224568032690325,-0.4497978595612493
ROS1-07-0005,2019-06-30,0.7694700732719282,0.5821755248723299,-0.690535153395212
ROS1-08-0022,2019-06-30,0.2262728682757721,0.12981912610733565,-0.3675974962747235
ROS1-07-0020,2019-06-30,0.24117921245125865,0.17986867509165583,-0.42723448971737765
ROS1-13-0000,2019-06-30,0.12541821918951823,0.24333962254184735,-0.17916821552830967
ROS1-14-0009,2019-06-30,0.3041253293755408,0.1378937673137849,-0.4735494081228607
ROS1-19-0016,2019-06-30,0.274192083551538,0.21523402120080423,-0.4387089999161401
ROS1-18-0014,2019-06-30,0.6881293025687922,0.48072020886728045,-0.6261077146457998
ROS1-19-0018,2019-06-30,0.23267724413233484,0.1565987241291279,-0.433989699663494
ROS1-25-0027,2019-06-30,0.1517014096516861,0.11441315821894758,-0.34005643524672036
ROS1-19-0012,2019-06-30,0.28959429219222904,0.21308329483626964,-0.39893414625908086
ROS1-13-0000,2019-06-30,0.1235558799394328,0.2529429013741669,-0.17332354110448556
ROS1-19-0004,2019-06-30,0.665698890789573,0.41373520873286923,-0.6041887294619093
ROS1-20-0017,2019-06-30,0.22559840833247774,0.15816048392099535,-0.34066144588685476
ROS1-20-0026,2019-06-30,0.6028601275660264,0.5003931781857096,-0.533826287578849
ROS1-31-0022,2019-06-30,0.3490693274370678,0.3279004261398762,-0.4821612079936429
ROS1-25-0018,2019-06-30,0.12040674418222325,0.050600319989640576,-0.21790144606849582
ROS1-15-0013,2019-06-30,0.4719389373464003,0.3489842760661772,-0.48234271650843985
ROS1-14-0031,2019-06-30,0.49211581199666177,0.3665676220125479,-0.5136923400962186
ROS1-15-0025,2019-06-30,0.2140287924482242,0.1822211278480981,-0.35557770534350325
ROS1-15-0013,2019-06-30,0.4749826507528434,0.34853396487141397,-0.48670656215017094
ROS1-21-0000,2019-06-30,0.22053490100723386,0.1310765107012705,-0.37703632018328326
ROS1-20-0038,2019-06-30,0.25903841554264256,0.36647012448470495,-0.3472283575668788
ROS1-26-0018,2019-06-30,0.16893720211882296,0.07002209882895762,-0.3048426437254125
ROS1-20-0017,2019-06-30,0.22794043052733157,0.15687147873959878,-0.34710374281109446
ROS1-27-0013,2019-06-30,0.15083883094484238,0.17853782466354454,-0.13936494257969684
ROS1-20-0026,2019-06-30,0.6028739370737841,0.4962504130326768,-0.53584874814926
ROS1-21-0037,2019-06-30,0.771017364999816,0.6550614556345102,-0.6741137078567963
ROS1-28-0013,2019-06-30,0.08318261139568599,0.05130709147114398,-0.20722322212887126
ROS1-22-0022,2019-06-30,0.26495996295585333,0.18855146666903358,-0.40939914217190754
ROS1-28-0015,2019-06-30,0.14029618835329435,0.06625721969205997,-0.25921393678775145
ROS1-22-0006,2019-06-30,0.5585286231900827,0.32553057606883967,-0.5032579494140368
ROS1-29-0003,2019-06-30,0.13616688975534422,0.08089262264386646,-0.26874038014996904
ROS1-27-0005,2019-06-30,0.32828788217499666,0.24279740401628563,-0.43970983650466633
ROS1-33-0008,2019-06-30,0.360784072755086,0.27864376497189536,-0.34693212630081477
ROS1-32-0025,2019-06-30,0.24547110307969192,0.14755930106146245,-0.43822631461032885
ROS1-28-0013,2019-06-30,0.08500410483496605,0.05443900292091469,-0.19057209482593107
ROS1-34-0005,2019-06-30,0.16771251081187502,0.12449193904493638,-0.23506286083107764
ROS1-27-0019,2019-06-30,0.267679545903299,0.1699847169817792,-0.4180643180917621
ROS1-33-0020,2019-06-30,0.35972328977709456,0.7537445643420841,-0.2969208211143695
ROS1-28-0015,2019-06-30,0.13909454854743603,0.06892795579194771,-0.24285720268429334
ROS1-33-0008,2019-06-30,0.36632512334909445,0.2825673486757805,-0.3514805376294767
ROS1-34-0005,2019-06-30,0.17562922627099978,0.16866295389556923,-0.23028128779927
ROS1-24-0030,2019-07-02,0.243898211046787,0.1474619470491316,-0.38860595481412447
ROS1-19-0016,2019-07-02,0.24157183620562175,0.168806872475755,-0.41640519725115993
ROS1-24-0034,2019-07-02,0.18681553215179764,0.12035269256177833,-0.35868048413087594
ROS1-18-0009,2019-07-02,0.20966420316493592,0.15112698773021596,-0.38466286733661753
ROS1-24-0023,2019-07-02,0.15595496604224157,0.08816658820420499,-0.29396203467720267
ROS1-18-0027,2019-07-02,0.1667469300625082,0.10552126604887466,-0.3434201313960562
ROS1-24-0030,2019-07-02,0.24630186855484015,0.14453374057768598,-0.3993090028889299
ROS1-18-0014,2019-07-02,0.5925415860215104,0.4692581047595979,-0.5461454972126623
ROS1-24-0024,2019-07-02,0.21399582199395722,0.16019726541477844,-0.4086326768905052
ROS1-19-0018,2019-07-02,0.20170696439041305,0.13180564594448654,-0.3968802171970413
ROS1-24-0018,2019-07-02,0.4125878752666177,0.2733251495542546,-0.4583823338375311
ROS1-25-0027,2019-07-02,0.13065428799367046,0.10005382393022422,-0.30849301906268445
ROS1-19-0012,2019-07-02,0.27093710642672786,0.19648730004858517,-0.3877204140633617
ROS1-25-0012,2019-07-02,0.1548859954938394,0.06862493126824085,-0.2885855670543543
ROS1-25-0002,2019-07-02,0.13740612364057367,0.12095461825374491,-0.3093256127533668
ROS1-30-0014,2019-07-02,0.2524487479996161,0.1856705086557948,-0.4037370943618589
ROS1-24-0023,2019-07-02,0.1538784859522898,0.0893043343358957,-0.2876940423931534
ROS1-30-0002,2019-07-02,0.16793845182603356,0.14186422517918199,-0.3511626232292344
ROS1-30-0015,2019-07-02,0.1558364064729269,0.07336598917013734,-0.3044813659802663
ROS1-36-0006,2019-07-02,0.14795531169790424,0.08331663235632386,-0.29326202213105224
ROS1-37-0046,2019-07-02,0.14521926391966258,0.1144776616487104,-0.3269037199101262
ROS1-25-0032,2019-07-02,0.1513401159964038,0.1339653615994787,-0.3112870250515431
ROS1-26-0040,2019-07-02,0.29803200576864725,0.19564755927559674,-0.4258988553326994
ROS1-31-0021,2019-07-02,0.22902990792652017,0.20362842176619658,-0.40712979710233205
ROS1-32-0006,2019-07-02,0.1723070213608751,0.09320740648214863,-0.29122777600182886
ROS1-38-0007,2019-07-02,0.18036744318939202,0.09757141706203375,-0.32205277652181563
ROS1-31-0022,2019-07-02,0.2765384702330166,0.23258529573600747,-0.4319738789994595
ROS1-37-0031,2019-07-02,0.1692108533445146,0.13990764522765928,-0.37316893559937236
ROS1-25-0018,2019-07-02,0.1400059398690977,0.06966433011521969,-0.2691213178741242
ROS1-31-0033,2019-07-02,0.3805153676277535,0.2635354031219677,-0.504238436955589
ROS1-32-0029,2019-07-02,0.2196862493341426,0.1480714897252271,-0.4047301965459954
ROS1-37-0046,2019-07-02,0.14470074961904486,0.11254752395895372,-0.3284332953239785
ROS1-20-0038,2019-07-02,0.19229019447051315,0.12080999584092816,-0.34947771524770016
ROS1-21-0003,2019-07-02,0.14591819985404153,0.09053787732204686,-0.23968202244462766
ROS1-26-0018,2019-07-02,0.15656957634272328,0.07743877068321008,-0.27472218769667694
ROS1-26-0030,2019-07-02,0.23611055842547257,0.16415254220510608,-0.3458983332962728
ROS1-27-0013,2019-07-02,0.13447593606343108,0.07513649960320404,-0.22942325745212552
ROS1-27-0005,2019-07-02,0.16017439809308603,0.17060448162059244,-0.21162383154714468
ROS1-32-0006,2019-07-02,0.17541249497598685,0.0930801465674997,-0.2986127037193089
ROS1-32-0025,2019-07-02,0.1699627612405616,0.1334031259327477,-0.34785556451655003
ROS1-26-0030,2019-07-02,0.23585473497347673,0.16548777788736582,-0.34352956952973057
ROS1-27-0019,2019-07-02,0.22875210139244892,0.15403613993048293,-0.3478268595273614
ROS1-28-0002,2019-07-02,0.4851908294594549,0.3861758140958569,-0.42773394699237915
ROS1-33-0020,2019-07-02,0.27510634803233536,0.16725485817173616,-0.3073755610896851
ROS1-33-0013,2019-07-02,0.17425280515175898,0.1591225072021915,-0.32999339533072336
ROS1-31-0021,2019-07-02,0.22843021031398208,0.2060699232221111,-0.40341307925710446
ROS1-36-0005,2019-07-02,0.19345394738099084,0.12075091387920477,-0.38395138372800763
ROS1-37-0019,2019-07-02,0.15197317710578026,0.1074521550119747,-0.3150007572154579
ROS1-42-0016,2019-07-02,0.2010244022765369,0.12059118843257235,-0.4246002835007996
ROS1-36-0007,2019-07-02,0.1284277222670581,0.10146110912504844,-0.3028336114345087
ROS1-42-0010,2019-07-02,0.14364964405589392,0.12226554363969874,-0.3194324907825852
ROS1-30-0015,2019-07-02,0.15213926573562186,0.07303917601465805,-0.29509943387330495
ROS1-36-0006,2019-07-02,0.14665013134432187,0.08356888396727899,-0.2875432629321243
ROS1-37-0046,2019-07-02,0.14486285932687148,0.11479031058390794,-0.3245340391938352
ROS1-42-0009,2019-07-02,0.15367768230050305,0.13083918950668288,-0.3387850020553835
ROS1-31-0021,2019-07-02,0.229115590724423,0.2048319754617561,-0.40629625996124474
ROS1-38-0007,2019-07-02,0.18155525805664038,0.09778544249101881,-0.32475969641419766
ROS1-37-0031,2019-07-02,0.1701271459614541,0.1410826572550188,-0.3740693957984459
ROS1-38-0004,2019-07-02,0.15681136802830178,0.14295686526123258,-0.3489718572664605
ROS1-43-0026,2019-07-02,0.2024986129343086,0.14257605774309035,-0.3967818187448167
ROS1-44-0000,2019-07-02,0.19852334818675757,0.1521495797984494,-0.3745870784148564
ROS1-37-0046,2019-07-02,0.14433968437178654,0.11273873453228477,-0.32802062702358675
ROS1-43-0017,2019-07-02,0.2571688031083047,0.18007341978016958,-0.4438282385876098
ROS1-42-0016,2019-07-02,0.19981555632310505,0.12095034191351714,-0.4195893943874846
ROS1-43-0016,2019-07-02,0.2740853355510671,0.20114792075937554,-0.41376580135773594
ROS1-42-0009,2019-07-02,0.1539022149788828,0.13145463861482318,-0.3378399615355305
ROS1-43-0016,2019-07-02,0.282035370988105,0.20158024929437193,-0.4284944201442551
ROS1-49-0012,2019-07-02,0.2066669139468775,0.13890996139966572,-0.40391603524016795
ROS1-49-0001,2019-07-02,0.1581834341038275,0.10254057275081917,-0.31259451540944583
ROS1-50-0003,2019-07-02,0.22345715331058982,0.1567947752698259,-0.43310948071085337
ROS1-49-0002,2019-07-02,0.15908975837927194,0.15269638044501774,-0.25889595457060416
ROS1-33-0013,2019-07-02,0.17368840358325888,0.15869147339166187,-0.32932820806917107
ROS1-01-0044,2019-07-03,0.20191211071334114,0.11134946513625817,-0.4003121628548929
ROS1-01-0005,2019-07-03,0.14241465326982947,0.09660399966484585,-0.2915101998209993
ROS1-01-0009,2019-07-03,0.263228827709482,0.19597230295303383,-0.368295370312298
ROS1-07-0005,2019-07-03,0.7230734962892023,0.4336825845360187,-0.6462782602015583
ROS1-07-0031,2019-07-03,0.2970175423647965,0.1986396983332516,-0.4400553491311698
ROS1-07-0005,2019-07-03,0.743343185225584,0.438438570502344,-0.6628333744252687
ROS1-08-0022,2019-07-03,0.16014638509386003,0.1313130101103726,-0.35352366115998946
ROS1-08-0025,2019-07-03,0.7313177965286389,0.5003395215427398,-0.6548195966208854
ROS1-14-0031,2019-07-03,0.31586766487403833,0.3532599562399949,-0.328033019446371
ROS1-15-0025,2019-07-03,0.20500579171258143,0.14270651312134633,-0.3629440950263874
ROS1-16-0004,2019-07-03,0.4166800818654066,0.2530703479187984,-0.4597370505430311
ROS1-22-0014,2019-07-03,0.1777154286066822,0.05731137936073888,-0.28439367812831956
ROS1-22-0014,2019-07-03,0.1782432864620978,0.057537606305527594,-0.2860499367723831
ROS1-37-0046,2019-07-04,0.13340260428913717,0.11047041852847488,-0.3099520423496767
ROS1-36-0005,2019-07-04,0.17670626777658213,0.11353076554547241,-0.36347239194310615
ROS1-37-0019,2019-07-04,0.13637572411083085,0.10054727267257439,-0.29692923328439214
ROS1-42-0016,2019-07-04,0.1802023615167668,0.1115959163622659,-0.39806114725818936
ROS1-36-0007,2019-07-04,0.11823596638069526,0.0951821368338887,-0.29042523867643644
ROS1-42-0010,2019-07-04,0.13158572328052726,0.11396743704543047,-0.3047974037983381
ROS1-37-0046,2019-07-04,0.13310846268640483,0.11044651903989239,-0.3093565263981165
ROS1-42-0009,2019-07-04,0.13800116601772175,0.11848467930303146,-0.31960901404811826
ROS1-43-0026,2019-07-04,0.1961461035768179,0.1335617316254038,-0.39866345014506066
ROS1-44-0000,2019-07-04,0.1819715527264018,0.1402396973778828,-0.3717029784487425
ROS1-37-0046,2019-07-04,0.1313803948756768,0.1087743704726245,-0.3098461129624387
ROS1-43-0017,2019-07-04,0.23840629734283467,0.16369446517008213,-0.4181686503342595
ROS1-42-0016,2019-07-04,0.17751619476999722,0.11229514239576506,-0.3872491923779355
ROS1-43-0016,2019-07-04,0.2297827063285225,0.15951144516235943,-0.38839893552334503
ROS1-42-0009,2019-07-04,0.13779109422316607,0.11895271738647664,-0.317837788289898
ROS1-43-0016,2019-07-04,0.2322205480188685,0.1600335315697721,-0.3930157138887703
ROS1-49-0012,2019-07-04,0.15993056937155758,0.12278946090022737,-0.357250695018481
ROS1-49-0001,2019-07-04,0.14402491059039035,0.12481693750939295,-0.3306703889839971
ROS1-50-0003,2019-07-04,0.1640034296002703,0.13611850221892133,-0.35435861941106084
ROS1-49-0002,2019-07-04,0.14729568738529256,0.10209094694125072,-0.32415361230101325
ROS1-01-0044,2019-07-05,0.19052554326550647,0.13762063157751173,-0.3698786737280212
ROS1-01-0005,2019-07-05,0.135756497149961,0.09301549822377504,-0.2675667558746672
ROS1-01-0009,2019-07-05,0.37267496984964515,0.26293106952323236,-0.44507609269063464
ROS1-07-0005,2019-07-05,0.6797982449158756,0.4798686817066692,-0.6167398572448037
ROS1-13-0005,2019-07-05,0.15795301937368067,0.12173809098307627,-0.32472491998860054
ROS1-07-0031,2019-07-05,0.2753167324383122,0.2252706867506789,-0.3911028291050221
ROS1-07-0005,2019-07-05,0.6741375081227238,0.4770612312715084,-0.6129295079353022
ROS1-08-0022,2019-07-05,0.13881050584635773,0.09480358279021756,-0.27422125466180425
ROS1-07-0020,2019-07-05,0.20311893158545735,0.16895506646913325,-0.3783832652109734
ROS1-08-0025,2019-07-05,0.745079399144027,0.5467394003297703,-0.6604387984441215
ROS1-13-0000,2019-07-05,0.20094736242295913,0.15327908539120372,-0.3949350595168661
ROS1-14-0009,2019-07-05,0.27260695278674646,0.13054662500598843,-0.4516792065439474
ROS1-13-0020,2019-07-05,0.1912263981236865,0.16661256366476868,-0.3679113011210639
ROS1-24-0030,2019-07-05,0.24811330035770762,0.13575200080996616,-0.4089027890192847
ROS1-19-0016,2019-07-05,0.24107339217378881,0.16540827786970522,-0.41995119676317344
ROS1-24-0034,2019-07-05,0.19540876518016181,0.1205762552398636,-0.37344206181029943
ROS1-18-0009,2019-07-05,0.19404295075264244,0.14726800778302912,-0.37834516416600733
ROS1-24-0023,2019-07-05,0.16329486065908466,0.08764868863250612,-0.3055940430332331
ROS1-18-0027,2019-07-05,0.16175351569747765,0.13358559479119045,-0.3501385414443286
ROS1-24-0030,2019-07-05,0.2466172362895912,0.13810891178216306,-0.402355166870586
ROS1-18-0014,2019-07-05,0.5814325982830597,0.3883767769812458,-0.5355406236114691
ROS1-24-0024,2019-07-05,0.178514800501838,0.1410759473093269,-0.36470083611582466
ROS1-19-0018,2019-07-05,0.20856797449833395,0.13382693670296225,-0.4068889197869223
ROS1-24-0018,2019-07-05,0.38418849682111167,0.23827403141635378,-0.4391218372001569
ROS1-25-0027,2019-07-05,0.14313982089459393,0.10372833636606997,-0.3256935734935619
ROS1-19-0012,2019-07-05,0.2715515784259586,0.18706249883834467,-0.3917964059780735
ROS1-25-0012,2019-07-05,0.1568620753338231,0.06829862778410088,-0.2880462504633683
ROS1-13-0000,2019-07-05,0.1999840239315984,0.15402720591736355,-0.3914390877397076
ROS1-19-0004,2019-07-05,0.6270521439649992,0.39308938514350417,-0.5761476429827936
ROS1-20-0017,2019-07-05,0.21339443243014392,0.1389966739210015,-0.3875948025021957
ROS1-20-0026,2019-07-05,0.5223172078445817,0.32393363018111826,-0.5279493219248684
ROS1-25-0002,2019-07-05,0.1389221751840247,0.10107444486115186,-0.3101672191943298
ROS1-24-0023,2019-07-05,0.16607233164619511,0.08692162908387674,-0.3142677580920912
ROS1-25-0032,2019-07-05,0.15295794211142844,0.12954583218681856,-0.32257656983044763
ROS1-26-0040,2019-07-05,0.31757970949907643,0.20178923454927752,-0.44937156731811734
ROS1-32-0006,2019-07-05,0.1938383849358688,0.0949510313152928,-0.3257262916813379
ROS1-31-0022,2019-07-05,0.2676964448106415,0.21860920152497465,-0.4336563255375586
ROS1-25-0018,2019-07-05,0.1534034860595189,0.0730923215203313,-0.2787261535905981
ROS1-32-0029,2019-07-05,0.2381437179732326,0.15230039967544431,-0.43653118110561034
ROS1-14-0002,2019-07-05,0.26141663666953047,0.1583936472162896,-0.4199337174760146
ROS1-15-0022,2019-07-05,0.23205377235853114,0.150628325786169,-0.42459826065955747
ROS1-15-0013,2019-07-05,0.49651296868088984,0.30914035163764875,-0.4956475124822352
ROS1-14-0031,2019-07-05,0.4537700662547817,0.28129257756626996,-0.5082361406351921
ROS1-15-0025,2019-07-05,0.1784657891800892,0.15422859470248224,-0.34972086362388355
ROS1-15-0013,2019-07-05,0.5071309012932153,0.30800312204445535,-0.509918264848437
ROS1-21-0036,2019-07-05,0.7491101333732466,0.5590202463019588,-0.6628313652930804
ROS1-21-0000,2019-07-05,0.21383383336529485,0.1446049298617133,-0.38721388286962743
ROS1-20-0038,2019-07-05,0.19958434937598257,0.12953887244702522,-0.3603483580506651
ROS1-21-0003,2019-07-05,0.1869999048742002,0.09896024414492592,-0.2992203604176615
ROS1-26-0018,2019-07-05,0.1713958195862256,0.07913025540395374,-0.3002169541237008
ROS1-20-0017,2019-07-05,0.2146196146316925,0.13945637026077382,-0.3882703331892567
ROS1-26-0030,2019-07-05,0.2659207462056264,0.14997506113171077,-0.41593643457104906
ROS1-27-0013,2019-07-05,0.16624052645443252,0.07429036222097363,-0.3011684700938666
ROS1-20-0026,2019-07-05,0.5196609670940547,0.3218091499968396,-0.526263830779035
ROS1-21-0037,2019-07-05,0.7957002665794914,0.6372191298563136,-0.6950135753078739
ROS1-28-0013,2019-07-05,0.15195029063952376,0.06217808244136021,-0.29764100197831383
ROS1-22-0014,2019-07-05,0.09079935483236337,0.03127649064642232,-0.1612169008540057
ROS1-21-0010,2019-07-05,0.1847320446654251,0.11918234734893801,-0.3565971857464004
ROS1-22-0022,2019-07-05,0.25609261196280586,0.1651121830273985,-0.40699775041018327
ROS1-28-0015,2019-07-05,0.15282650834869335,0.06159219503165777,-0.2919627236114161
ROS1-22-0002,2019-07-05,0.23700517683613356,0.17909896935188377,-0.40422450296540596
ROS1-22-0006,2019-07-05,0.6008420403050052,0.3789071654997216,-0.5200670174980122
ROS1-22-0014,2019-07-05,0.08941223520477574,0.030198858870089045,-0.16485310219849392
ROS1-29-0005,2019-07-05,0.5825602968460111,1.5761074162379218,-0.4178267193018907
ROS1-27-0005,2019-07-05,0.3088190836914036,0.1937088090890789,-0.4288831917477729
ROS1-32-0006,2019-07-05,0.19366331020367802,0.09498701423189652,-0.3252400670011076
ROS1-33-0008,2019-07-05,0.41279663144598894,0.26159525789207067,-0.48264683773903505
ROS1-32-0025,2019-07-05,0.17655218064406317,0.135258624361309,-0.36331460686194317
ROS1-26-0030,2019-07-05,0.2642253604729796,0.15036073738449687,-0.41112967882650125
ROS1-28-0013,2019-07-05,0.15308800213219761,0.06547007718801458,-0.2856666776341349
ROS1-34-0005,2019-07-05,0.22169778528233428,0.12448236071327601,-0.35837192772081483
ROS1-27-0019,2019-07-05,0.25598911185399015,0.1488279043135461,-0.4046580380853199
ROS1-28-0002,2019-07-05,0.6335054432819333,0.37211914341622165,-0.5517847646759058
ROS1-33-0020,2019-07-05,0.2884225251001187,0.15092353399309621,-0.39194518718600296
ROS1-28-0015,2019-07-05,0.15200599153641317,0.06395206001252224,-0.2784142421230099
ROS1-33-0013,2019-07-05,0.1687202558361625,0.14420406584580397,-0.34447733546136033
ROS1-33-0008,2019-07-05,0.411599716706405,0.2614898922866002,-0.4806377453525175
ROS1-34-0005,2019-07-05,0.22084178118259773,0.12427479852181302,-0.3570536152187006
ROS1-33-0013,2019-07-05,0.16863038077532458,0.14421903073693512,-0.34398080239437906
ROS1-24-0030,2019-07-07,0.22581477383435486,0.32416662104445926,-0.2803700978605984
ROS1-19-0016,2019-07-07,0.18721107875964885,0.18182538858239752,-0.34480569924627935
ROS1-24-0034,2019-07-07,0.06739930121700373,0.051134546313251705,-0.1776510233889604
ROS1-18-0009,2019-07-07,0.15580958786668725,0.14462388646318905,-0.3048880100169535
ROS1-24-0023,2019-07-07,0.1401888300498761,0.0972221233581711,-0.2636198831425805
ROS1-18-0027,2019-07-07,0.14113540732108978,0.12343193227803345,-0.32378724344121845
ROS1-24-0030,2019-07-07,0.2310687731741157,0.3121022261881772,-0.2870628488551133
ROS1-24-0024,2019-07-07,0.07092129312709762,0.04642317671739855,-0.16792729242789284
ROS1-19-0018,2019-07-07,0.18047340420977748,0.18633250916871077,-0.23201666960561687
ROS1-24-0018,2019-07-07,0.12899499422410474,0.17011120702787788,-0.11567732115677318
ROS1-25-0027,2019-07-07,0.1269413799949974,0.11040052181264431,-0.291822318598878
ROS1-19-0012,2019-07-07,0.2738775974879468,0.25884835810895596,-0.358970355550619
ROS1-25-0012,2019-07-07,0.11625062000169267,0.051119190378869535,-0.22516295113753382
ROS1-25-0002,2019-07-07,0.013547206711601496,0.02710905968021168,-0.13607027456032894
ROS1-24-0023,2019-07-07,0.14407925672308394,0.1000106219416593,-0.26668723081663337
ROS1-30-0002,2019-07-07,0.05392715570943614,0.05934818256467843,-0.1683321957157689
ROS1-30-0015,2019-07-07,0.13930168364749293,0.07202772673346101,-0.2673919798095746
ROS1-37-0046,2019-07-07,0.13788692392840188,0.11400192049586728,-0.3109925048989686
ROS1-25-0032,2019-07-07,0.12594333882135825,0.10204260817793476,-0.2830866801899175
ROS1-26-0040,2019-07-07,0.2967231936878206,0.19614171301075542,-0.4338952237668249
ROS1-32-0006,2019-07-07,0.18717978001674973,0.09884726285721161,-0.32099074278475453
ROS1-38-0007,2019-07-07,0.10311663831695767,0.17132011638420924,-0.12358412087539078
ROS1-31-0022,2019-07-07,0.2558468324151722,0.22510503774134916,-0.425570424734995
ROS1-37-0031,2019-07-07,0.1671400276332135,0.14433557486038803,-0.3687775006416823
ROS1-25-0018,2019-07-07,0.13345478199326652,0.07302238526886426,-0.2578510100024852
ROS1-31-0033,2019-07-07,0.008981575606913842,0.04404199736206801,-0.10335673769873793
ROS1-32-0029,2019-07-07,0.18065453447490357,0.1586324632255038,-0.3625694430567861
ROS1-37-0046,2019-07-07,0.1377937176440305,0.113659017164981,-0.3120887360623928
ROS1-20-0038,2019-07-07,0.17072643577142177,0.12655930841572618,-0.3365869506360947
ROS1-21-0003,2019-07-07,0.182259500413108,0.10013816809813611,-0.29197810650415784
ROS1-26-0018,2019-07-07,0.16890852303933793,0.0815347455520294,-0.30145714558934517
ROS1-26-0030,2019-07-07,0.24729582968702804,0.14521117970169833,-0.4108852725207785
ROS1-27-0013,2019-07-07,0.14484664029178965,0.06937292736833282,-0.28279179344051947
ROS1-28-0013,2019-07-07,0.13818380083967965,0.061676950143387886,-0.27537827986713215
ROS1-28-0015,2019-07-07,0.1407287531300757,0.06255710229329528,-0.27149969891066084
ROS1-29-0003,2019-07-07,0.19050005813564352,0.10794367549990275,-0.35454205441555947
ROS1-27-0005,2019-07-07,0.28732302734543685,0.19060792022779482,-0.41043870900052964
ROS1-32-0006,2019-07-07,0.18281949058974045,0.09859536031091172,-0.31345412715741805
ROS1-33-0008,2019-07-07,0.3692035221804496,0.26521970213375945,-0.4433611871353745
ROS1-32-0025,2019-07-07,0.16538290849178422,0.13180294617068877,-0.34713319406982074
ROS1-26-0030,2019-07-07,0.24773409018751516,0.14601563410209112,-0.41076329319231075
ROS1-28-0013,2019-07-07,0.1320024947469418,0.05919342107880877,-0.26815500895591304
ROS1-34-0005,2019-07-07,0.19514423966498207,0.13460105495654123,-0.31974081944610905
ROS1-27-0019,2019-07-07,0.22558350571921065,0.18810538534921337,-0.31932078756711085
ROS1-28-0002,2019-07-07,0.6279305620923096,0.3751212225342386,-0.5419658469716754
ROS1-33-0020,2019-07-07,0.2529627713626735,0.1474975863806483,-0.3602235123154681
ROS1-28-0015,2019-07-07,0.13586124712345984,0.06071359655680899,-0.2649263048500315
ROS1-33-0013,2019-07-07,0.11487109281128545,0.11411593635330912,-0.2336942505951478
ROS1-37-0019,2019-07-07,0.13883699366719854,0.11810937627110876,-0.2784625291912902
ROS1-42-0016,2019-07-07,0.11766065249130875,0.11371970936316961,-0.2858290698389723
ROS1-36-0007,2019-07-07,0.11344438212597663,0.09300631398342797,-0.27730997069681856
ROS1-42-0010,2019-07-07,0.12113345687552302,0.11055570416719335,-0.28131694260540596
ROS1-30-0015,2019-07-07,0.13794435371844216,0.07259216136810641,-0.26108694014598516
ROS1-37-0046,2019-07-07,0.13820133801352807,0.11501051565701594,-0.3099790365564441
ROS1-42-0009,2019-07-07,0.12877581951630318,0.1287108820429863,-0.2786400984827126
ROS1-38-0007,2019-07-07,0.06935682097183606,0.11004002756100704,-0.11389609675645387
ROS1-37-0031,2019-07-07,0.16744577378121805,0.14494039053357866,-0.3668886452780667
ROS1-38-0004,2019-07-07,0.15969163885564838,0.14927030865904342,-0.3500286660112531
ROS1-43-0026,2019-07-07,0.1738688519308945,0.15308379993644639,-0.32357853370405787
ROS1-44-0000,2019-07-07,0.16067311043740803,0.2013157828953459,-0.3025874939326147
ROS1-37-0046,2019-07-07,0.1386989075119885,0.1147359092385203,-0.3105483337016118
ROS1-43-0017,2019-07-07,0.19503369617545718,0.1804937717701179,-0.316272267914679
ROS1-42-0016,2019-07-07,0.11770536011950022,0.1140864007918079,-0.2852001410860522
ROS1-43-0016,2019-07-07,0.18187133409647618,0.17585654188911765,-0.28994473547423644
ROS1-42-0009,2019-07-07,0.12897101008327813,0.12975877899442964,-0.27717970636600686
ROS1-43-0016,2019-07-07,0.18189744651273662,0.17443897466860547,-0.29118441456602207
ROS1-49-0012,2019-07-07,0.15626136904440613,0.13183213224770005,-0.34882342920922277
ROS1-49-0001,2019-07-07,0.02939230662640364,0.053936145251758966,-0.13233895650309851
ROS1-50-0003,2019-07-07,0.17859420709394852,0.15224986761449197,-0.37351029835689686
ROS1-49-0002,2019-07-07,0.20914618170205992,0.1821528466728251,-0.19216435887708122
ROS1-33-0008,2019-07-07,0.3682206325620001,0.264638679601663,-0.4425022215585491
ROS1-34-0005,2019-07-07,0.1954987083921625,0.13497452463783874,-0.3197630534132239
ROS1-33-0013,2019-07-07,0.11821278311086833,0.11814108228350668,-0.23419002864453092
ROS1-01-0044,2019-07-08,0.16346651343535132,0.1351587065598074,-0.35027383005975804
ROS1-01-0005,2019-07-08,0.11845323592985996,0.07237235498986762,-0.26144734727928365
ROS1-01-0009,2019-07-08,0.22771451348428842,0.13155077922920907,-0.3210221472151782
ROS1-07-0005,2019-07-08,0.6731523192806045,0.41748043705099774,-0.6027077967177678
ROS1-07-0031,2019-07-08,0.2586787729915787,0.19039876706372416,-0.3902666727778494
ROS1-07-0005,2019-07-08,0.6751423488449604,0.41040575841528487,-0.6063272832029218
ROS1-08-0022,2019-07-08,0.17773705903465814,12.18071150907623,-0.24113543858856248
ROS1-08-0025,2019-07-08,0.7340711116490052,0.4906765098639949,-0.6370094379224605
ROS1-14-0031,2019-07-08,0.4610995894671258,0.26609528137112787,-0.5212645273930906
ROS1-15-0025,2019-07-08,0.15121819461325833,0.13667912194256226,-0.32267466407732054
ROS1-16-0004,2019-07-08,0.4220902617692193,0.2746239228925975,-0.4557724964511281
ROS1-22-0014,2019-07-08,0.17467535301873457,0.06804689722580927,-0.24665148504213497
ROS1-22-0014,2019-07-08,0.17508398891080568,0.06067962291532725,-0.2741323701441983
ROS1-42-0009,2019-07-09,0.1368967584464785,0.12762642178463232,-0.29960613739473213
ROS1-42-0009,2019-07-09,0.13612629995856942,0.12761123046447498,-0.29734342256576585
ROS1-49-0012,2019-07-09,0.1632724122275865,0.14449990009189978,-0.35128599656889103
ROS1-49-0001,2019-07-09,0.1538808274866115,0.1424912296572477,-0.34332532197843346
ROS1-49-0002,2019-07-09,0.15649932102220543,0.1232771460651898,-0.31843963441756407
ROS1-24-0024,2019-07-12,0.16576849735168217,0.13543737086170846,-0.29153232126986645
ROS1-16-0004,2019-07-13,0.39602671971536296,0.355430630011009,-0.40308432193377136
ROS1-07-0031,2019-07-13,0.02741813178643759,0.13905613645900944,-0.042177941522757285
ROS1-37-0046,2019-07-14,0.10321560505648612,0.12395702191799748,-0.19712230299250258
ROS1-36-0005,2019-07-14,0.06408608344377192,0.07560232465430405,-0.14328282312030707
ROS1-42-0016,2019-07-14,0.10063765818329382,0.1021908639468752,-0.2385924997486353
ROS1-42-0010,2019-07-14,0.06082606486134159,0.0489309777020984,-0.1597601120867941
ROS1-37-0046,2019-07-14,0.10256604777974682,0.12316212745932002,-0.19599996120233182
ROS1-42-0009,2019-07-14,0.043363547728653744,0.049678958066405474,-0.14349746354050957
ROS1-44-0000,2019-07-14,0.129485383848059,0.09584365799631075,-0.26077154160563354
ROS1-37-0046,2019-07-14,0.10342301567591831,0.12415858774754954,-0.19672969143542746
ROS1-43-0017,2019-07-14,0.09075488339695299,0.1592604456063921,-0.1325941702284801
ROS1-42-0016,2019-07-14,0.10094983378973876,0.10245111770012859,-0.23845186646260935
ROS1-43-0016,2019-07-14,0.26384067743609557,0.19820663757599732,-0.3577095911562364
ROS1-42-0009,2019-07-14,0.04365045235233997,0.049916927656879925,-0.1433703437995257
ROS1-43-0016,2019-07-14,0.25810118258704134,0.19792431419190326,-0.34956539954047744
ROS1-49-0012,2019-07-14,-0.0761420861552069,-0.0645615244941807,-0.050087414712194224
ROS1-49-0001,2019-07-14,0.08325583585445284,0.11273183185286444,-0.18058955860138529
ROS1-49-0002,2019-07-14,0.030344045006151527,0.014412263556171779,-0.0493528842001612
ROS1-01-0005,2019-07-15,0.12787658536333915,0.0901194132249626,-0.24671586108766713
ROS1-01-0009,2019-07-15,0.3369233103306241,0.2338339772861292,-0.40743117396854084
ROS1-07-0005,2019-07-15,0.6750217044188974,0.48484850804579444,-0.5686415731299574
ROS1-07-0005,2019-07-15,0.6912382203608651,0.4896752681802053,-0.582959127302257
ROS1-08-0022,2019-07-15,0.12699075006233979,0.1524808191802066,-0.18991470774071945
ROS1-08-0025,2019-07-15,0.7634495790194734,0.5845642065511368,-0.6596811793442288
ROS1-14-0009,2019-07-15,0.26662769407787584,0.11447313282680843,-0.41866023655023094
ROS1-19-0016,2019-07-15,0.17080548928221415,0.14383168163527166,-0.2999663140111631
ROS1-25-0027,2019-07-15,0.13349108667244391,0.10811825921413414,-0.2827720234646891
ROS1-19-0012,2019-07-15,0.269393773569911,0.1837180009754642,-0.3526874071088926
ROS1-25-0012,2019-07-15,0.14436475528993922,0.06811777459303264,-0.25100423354495455
ROS1-19-0004,2019-07-15,0.6089665202996094,0.3500526180107018,-0.5471995139484078
ROS1-20-0017,2019-07-15,0.20416150804965227,0.12451247007407103,-0.3565267705082748
ROS1-20-0026,2019-07-15,0.5040485974052392,0.319968472450653,-0.48389717284699507
ROS1-26-0040,2019-07-15,0.25839116389820665,0.15433225887056629,-0.34702774213735293
ROS1-32-0006,2019-07-15,0.21059803490941592,0.10410364979289022,-0.31297481825984064
ROS1-31-0022,2019-07-15,0.20700171190161018,0.17709138222621545,-0.32656235341585127
ROS1-25-0018,2019-07-15,0.16021866629597142,0.08149535115858698,-0.26773683186668845
ROS1-32-0029,2019-07-15,0.14370608592718412,0.10956263347896135,-0.2914914889468269
ROS1-14-0002,2019-07-15,0.2167982026041248,0.1642219716051887,-0.314643498298361
ROS1-15-0022,2019-07-15,0.17805110785183467,0.16991280865795658,-0.3443251899611632
ROS1-15-0013,2019-07-15,0.53775922261596,0.37359840669392524,-0.49778191095281643
ROS1-14-0031,2019-07-15,-0.004061538461538492,-0.006711409395973205,-0.08312140275732831
ROS1-15-0025,2019-07-15,0.12514764109689233,0.1005071162702015,-0.23621814588244888
ROS1-16-0004,2019-07-15,-0.08610230242937209,-0.08980970430188179,-0.036872718587184376
ROS1-15-0013,2019-07-15,0.5413088076130809,0.3739495253748648,-0.502475098346562
ROS1-21-0036,2019-07-15,0.7815567674229882,0.6755142587474633,-0.6767773621802938
ROS1-21-0000,2019-07-15,0.19609154627853836,0.13493223248107516,-0.3589964346669979
ROS1-21-0003,2019-07-15,0.1445330009124214,0.06419659049610933,-0.26169574044980837
ROS1-26-0018,2019-07-15,0.16229839075439562,0.07931124897241949,-0.2735324284791284
ROS1-20-0017,2019-07-15,0.2046333247659284,0.1251071626054771,-0.35486812957825387
ROS1-26-0030,2019-07-15,0.23820678713441268,0.12846708160153222,-0.3754512274822798
ROS1-27-0013,2019-07-15,0.14541150971921987,0.07332505855218181,-0.24728588886765834
ROS1-20-0026,2019-07-15,0.49936605615885754,0.3174560551405135,-0.48028070353018815
ROS1-21-0037,2019-07-15,0.7979718671826405,0.6872723108286783,-0.69484126439104
ROS1-28-0013,2019-07-15,0.17352795779849645,0.0336587137696189,-0.20481307385131672
ROS1-22-0014,2019-07-15,0.17806626737623812,-0.025810415431561318,-0.19966579083274874
ROS1-21-0010,2019-07-15,0.16415566250748984,0.13444533109008294,-0.3316952134557759
ROS1-22-0022,2019-07-15,0.16530041164091452,0.11354207581988618,-0.29037887769461984
ROS1-22-0002,2019-07-15,0.17174606131462022,0.12458751895122305,-0.3247915142186625
ROS1-22-0006,2019-07-15,0.5808280092405073,0.4031285430146554,-0.5225763181080736
ROS1-22-0014,2019-07-15,0.19203015881660243,-0.14468267894604417,-0.20031193034374684
ROS1-29-0003,2019-07-15,0.1742939494418997,0.14287315197061012,-0.3206018164099067
ROS1-29-0005,2019-07-15,0.6814608320488351,0.4684642053795225,-0.5729827355003291
ROS1-27-0005,2019-07-15,0.28026553710243457,0.1697301540564368,-0.38166031741414574
ROS1-32-0006,2019-07-15,0.21386294614957427,0.10443173872264032,-0.31867958925932066
ROS1-33-0008,2019-07-15,0.4043939267747502,0.24019782189181282,-0.4321450544798442
ROS1-32-0025,2019-07-15,0.1402208456184883,0.10133849037947454,-0.2925953964909333
ROS1-26-0030,2019-07-15,0.24009805625245734,0.12960070341189914,-0.3771491764107385
ROS1-28-0013,2019-07-15,0.174875817528043,0.10201579384362493,-0.20391975952770747
ROS1-34-0005,2019-07-15,0.17920827362565908,0.11355439014400165,-0.28189477210132413
ROS1-27-0019,2019-07-15,0.21406664285800647,0.16590903182014963,-0.290302208497565
ROS1-28-0002,2019-07-15,0.5932644416162185,0.38797085692518074,-0.5128721225548999
ROS1-33-0020,2019-07-15,0.22981348748373218,0.13458417937129236,-0.3191771384568968
ROS1-33-0013,2019-07-15,0.12648795776342633,0.10202422071640782,-0.2699744926463915
ROS1-33-0008,2019-07-15,0.4021238942444456,0.23979364313209106,-0.42897811494663807
ROS1-34-0005,2019-07-15,0.17761638962394077,0.1142634471407722,-0.2763938880977746
ROS1-33-0013,2019-07-15,0.12672564655131957,0.10234257414328567,-0.26819869197228513
ROS1-24-0030,2019-07-17,0.26514471364599235,0.1347488944958059,-0.39679005164013376
ROS1-19-0016,2019-07-17,0.15333471730853027,0.11547342533876277,-0.2715052848360847
ROS1-24-0034,2019-07-17,0.14974006142903598,0.09357319083271945,-0.277049316096686
ROS1-18-0009,2019-07-17,0.16399310996500258,-2.6557124555005838,-0.15127054520521557
ROS1-24-0023,2019-07-17,0.13230160937104316,0.07343094727004684,-0.24516321747861752
ROS1-18-0027,2019-07-17,0.09641287129353093,0.0739891328866301,-0.23787630019314884
ROS1-24-0030,2019-07-17,0.26570236241962514,0.13509277213903706,-0.39628849120265874
ROS1-18-0014,2019-07-17,0.5204664195142279,0.3743747920658722,-0.45781724421116926
ROS1-24-0024,2019-07-17,0.13567566348709187,0.09907940511833564,-0.2766008915397964
ROS1-19-0018,2019-07-17,0.10955341357638998,0.09110587107826748,-0.24396892681395801
ROS1-24-0018,2019-07-17,0.42710033201331915,0.2724409671749841,-0.4522060068099971
ROS1-25-0027,2019-07-17,0.13083777329910662,0.09555444456080944,-0.2727377656591452
ROS1-19-0012,2019-07-17,0.29348165466180054,0.20657886315674806,-0.35392205222464546
ROS1-25-0012,2019-07-17,0.15992894638068658,0.06918958070175268,-0.27632901663660925
ROS1-25-0002,2019-07-17,0.11736676383119528,0.08679378941873421,-0.25307995534954586
ROS1-30-0014,2019-07-17,0.23154963966267247,0.18628470191468535,-0.31280607743266714
ROS1-24-0023,2019-07-17,0.13684779144367995,0.07924690912393804,-0.23488612617104643
ROS1-30-0002,2019-07-17,0.09316441669270158,0.0499180250099565,-0.20726366569944274
ROS1-30-0015,2019-07-17,0.1533084195400527,0.08341041672614312,-0.2887563366736384
ROS1-36-0006,2019-07-17,0.12209667817246911,0.06743404650594305,-0.2601224313089068
ROS1-37-0046,2019-07-17,0.12387089166575439,0.08798285622570802,-0.2696389426035341
ROS1-25-0032,2019-07-17,0.13298709216648172,0.10366631150860058,-0.2659226445966153
ROS1-31-0021,2019-07-17,0.12231785698295901,0.07713723911041181,-0.26297462567330876
ROS1-32-0006,2019-07-17,0.1679830450581117,0.10815422675609354,-0.23094840536700412
ROS1-38-0007,2019-07-17,0.21563399491572013,0.12209344428041252,-0.32712347225037175
ROS1-31-0022,2019-07-17,0.18212287562491278,0.16615788367326698,-0.2749647213075694
ROS1-37-0031,2019-07-17,0.11314655696457107,0.0923954199143894,-0.25068443522677025
ROS1-25-0018,2019-07-17,0.14703940770129612,0.07477451381685832,-0.2576085051454354
ROS1-31-0033,2019-07-17,0.23447292260730698,0.17441124943262035,-0.35364155657679414
ROS1-32-0029,2019-07-17,0.12696840111752078,0.10450272563547043,-0.1992271022690676
ROS1-37-0046,2019-07-17,0.1231868072825665,0.08746788270550628,-0.2676353741339462
ROS1-20-0038,2019-07-17,0.05153611009920197,0.02509839741648656,-0.06080188052665103
ROS1-21-0003,2019-07-17,0.1387306453195174,0.06861066401142749,-0.21480454164554283
ROS1-26-0018,2019-07-17,0.15082778171983008,0.06395019668368856,-0.23694150631446878
ROS1-26-0030,2019-07-17,0.272645174015889,0.16810735294556733,-0.32568743335685735
ROS1-27-0005,2019-07-17,0.21707233766539544,0.18048394481227642,-0.2654031846241433
ROS1-32-0006,2019-07-17,0.16809252784552856,0.10742741466181695,-0.23494464512621938
ROS1-33-0008,2019-07-17,0.42606629565141624,0.27666920288391167,-0.4377317612507168
ROS1-32-0025,2019-07-17,0.0710950812357496,0.06594712045089526,-0.13387861994922884
ROS1-26-0030,2019-07-17,0.2690837967489422,0.170013920200181,-0.3158318572048411
ROS1-34-0005,2019-07-17,0.17931885299242964,0.11731660625194165,-0.23941685102762597
ROS1-27-0019,2019-07-17,0.15564878413856398,0.14903681704021188,-0.1248013114889376
ROS1-33-0013,2019-07-17,0.10212332773688851,0.09361864624264342,-0.22858760807997408
ROS1-31-0021,2019-07-17,0.12147800315080606,0.07765652031636433,-0.25863685435889183
ROS1-36-0005,2019-07-17,0.16605304073338756,0.08716870041101425,-0.328068956315126
ROS1-37-0019,2019-07-17,0.13794419990314669,0.09802916273230186,-0.2777799690477849
ROS1-42-0016,2019-07-17,0.0929438805841161,0.08015969042074335,-0.23106901557943085
ROS1-36-0007,2019-07-17,0.10595810342640215,0.07488342604834271,-0.25295523948628085
ROS1-42-0010,2019-07-17,0.11280281505612028,0.0910928948709018,-0.2569853886409618
ROS1-30-0015,2019-07-17,0.14659889070630727,0.08251441738041407,-0.27305368732771756
ROS1-36-0006,2019-07-17,0.0951001373676465,0.0525546260416345,-0.19709024953779178
ROS1-37-0046,2019-07-17,0.1221854634272647,0.08767309044604389,-0.2646803071298465
ROS1-42-0009,2019-07-17,0.10904781476979598,0.08388721294857224,-0.2508867449408764
ROS1-31-0021,2019-07-17,0.1222499190668881,0.07753189060322126,-0.26110550514967773
ROS1-38-0007,2019-07-17,0.2154087198344236,0.12279413285560967,-0.3247198418641184
ROS1-37-0031,2019-07-17,0.11378013974153178,0.09354577669033214,-0.24990419691383817
ROS1-38-0004,2019-07-17,0.08660262031074728,0.09604580800700281,-0.17563806013598338
ROS1-43-0026,2019-07-17,0.06511175898931003,0.07884517318479582,-0.11627906976744186
ROS1-37-0046,2019-07-17,0.12267701075290033,0.08741973912275142,-0.26631088644498074
ROS1-43-0017,2019-07-17,0.18427321062903296,0.09954658291608559,-0.27549218315243446
ROS1-42-0016,2019-07-17,0.09360625266003329,0.08099101703611149,-0.23004723648858655
ROS1-43-0016,2019-07-17,0.504968616391387,0.35047379745777146,-0.5154600175701689
ROS1-42-0009,2019-07-17,0.10894158958176797,0.084173999996285,-0.24892169974834
ROS1-43-0016,2019-07-17,0.5257413519732651,0.3566476165332388,-0.5364475070127855
ROS1-49-0012,2019-07-17,0.10596475154144055,0.07915232680687384,-0.24886986157633725
ROS1-49-0001,2019-07-17,0.10558786443408766,0.08301828285483606,-0.25289176869123026
ROS1-50-0003,2019-07-17,0.021735141117531425,0.024348085381054357,-0.0785171051888486
ROS1-49-0002,2019-07-17,0.15685288654520174,0.09753020517350296,-0.31907767198787645
ROS1-33-0008,2019-07-17,0.42815535882167133,0.27610664016834724,-0.44221897868354504
ROS1-34-0005,2019-07-17,0.17893616776584922,0.11705167898774124,-0.23903053744447836
ROS1-33-0013,2019-07-17,0.10110359316172873,0.09277410993056738,-0.2274598743274751
ROS1-01-0044,2019-07-18,0.14458707495346507,0.1378338503779424,-0.23912308184067427
ROS1-01-0005,2019-07-18,0.15351122102121384,0.11519829164159529,-0.2429054808262468
ROS1-01-0009,2019-07-18,0.3671686299232719,0.23508567523307314,-0.402422588393821
ROS1-08-0022,2019-07-18,0.11670032408655563,0.07594320675274825,-0.22167923044839416
ROS1-08-0025,2019-07-18,0.7930134298068977,0.6090077476928091,-0.6763220453164245
ROS1-15-0025,2019-07-18,0.12504884864201576,0.07726971399269895,-0.23428507924949504
ROS1-16-0004,2019-07-18,0.48084925918109883,0.29551969549523477,-0.4723341597169748
ROS1-22-0014,2019-07-18,0.2765961262290932,0.5279263379271715,-0.20615676139363553
ROS1-22-0014,2019-07-18,0.28523800461744886,0.5570743714130694,-0.20821067039159338
ROS1-37-0046,2019-07-19,0.11581060597654474,0.09216338090772123,-0.24194600582758927
ROS1-36-0005,2019-07-19,-0.06784983040353117,-0.06913220349921585,-0.019365039738577113
ROS1-37-0019,2019-07-19,0.09657729500475853,0.07104908899408419,-0.21197645640236182
ROS1-42-0016,2019-07-19,0.057635435187219586,0.04112610428934059,-0.12984532798117498
ROS1-36-0007,2019-07-19,0.09699661983472922,0.07382652199340238,-0.17062978634569953
ROS1-42-0010,2019-07-19,0.05606451070936866,0.0670395726756546,-0.11560164439846521
ROS1-37-0046,2019-07-19,0.11642798548129704,0.09251563366402903,-0.24232439516809973
ROS1-43-0026,2019-07-19,0.07919748674316267,0.07057158013107291,-0.13253426633107707
ROS1-44-0000,2019-07-19,0.14382297872798996,0.09528560035383744,-0.2600689661678365
ROS1-37-0046,2019-07-19,0.11678632712496334,0.09294529189802855,-0.2420136486829863
ROS1-43-0017,2019-07-19,0.21991427719942955,0.10471694560832195,-0.31204659349994057
ROS1-42-0016,2019-07-19,0.0589791377695041,0.042559097232092426,-0.12529550440303655
ROS1-43-0016,2019-07-19,0.02262328003333901,0.10684807948320107,-0.07124889233471457
ROS1-43-0016,2019-07-19,0.018765531532415954,0.1019691861600735,-0.06731410989293772
ROS1-49-0012,2019-07-19,0.11098810864674713,0.08668595820907551,-0.23885229534444596
ROS1-49-0001,2019-07-19,0.09619551934788478,0.09295955241528361,-0.1851657447273778
ROS1-50-0003,2019-07-19,0.11938185677649828,0.08315110239497447,-0.22559200096483564
ROS1-49-0002,2019-07-19,0.09626995443204608,0.1086184991215028,-0.16124135516430552
ROS1-01-0044,2019-07-20,0.11760268694581438,0.07899014849405525,-0.2595643068273135
ROS1-01-0005,2019-07-20,0.1313721526826565,0.08064417783559542,-0.23808587369972933
ROS1-01-0009,2019-07-20,0.42969614553300345,0.2710750244264046,-0.42571023874358566
ROS1-07-0005,2019-07-20,0.7680747269803669,0.597730215049784,-0.6337792393217717
ROS1-13-0005,2019-07-20,0.1290970205515411,0.07918784102265591,-0.2511342503828377
ROS1-07-0031,2019-07-20,0.30375549402283747,0.20780194818990935,-0.37360500395178314
ROS1-07-0005,2019-07-20,0.7370689249371769,0.580386032265544,-0.6109714366639986
ROS1-08-0022,2019-07-20,0.11606875306005535,0.0717471342846243,-0.23184656207950666
ROS1-07-0020,2019-07-20,0.18262306043769666,0.11223550992795844,-0.29304299755685187
ROS1-08-0025,2019-07-20,0.7184966286778124,0.5930501339189229,-0.6195800206838386
ROS1-13-0000,2019-07-20,0.14001249342190888,0.07636296550641701,-0.275548986295069
ROS1-14-0009,2019-07-20,0.247686315183202,0.08908175249372684,-0.36105545619834056
ROS1-13-0020,2019-07-20,0.1686576689156714,0.12217858017829852,-0.28698930686264745
ROS1-24-0030,2019-07-20,0.24934280503188622,0.12209616696625204,-0.33903338297482666
ROS1-19-0016,2019-07-20,0.16072508691924223,0.11037235055733854,-0.28001761716040624
ROS1-24-0034,2019-07-20,0.14408033357339717,0.0942038153089738,-0.2655229008861391
ROS1-18-0009,2019-07-20,0.12045164177081644,0.08228923707864037,-0.25174331218514534
ROS1-24-0023,2019-07-20,0.15783870745234685,0.09437019164876238,-0.30388078746185676
ROS1-18-0027,2019-07-20,0.10889951373721436,0.07323794709451525,-0.24585088422364149
ROS1-24-0030,2019-07-20,0.26013826826080605,0.12431471600374763,-0.36245572602420795
ROS1-18-0014,2019-07-20,0.5613753642182087,0.3462748413022337,-0.4746963376316121
ROS1-24-0024,2019-07-20,0.14411253193493664,0.09708967939201867,-0.26804033818336065
ROS1-19-0018,2019-07-20,0.10481095557042622,0.08061061148970576,-0.24144401921284675
ROS1-24-0018,2019-07-20,0.511755396260854,0.3191454030209311,-0.5061091403851368
ROS1-25-0027,2019-07-20,0.12537260003328646,0.08386006207628428,-0.2547798108945673
ROS1-19-0012,2019-07-20,0.32534728680472114,0.20888120344366146,-0.3884944453427423
ROS1-25-0012,2019-07-20,0.15160199346520903,0.06665109972237175,-0.262881886082962
ROS1-13-0000,2019-07-20,0.13888817884968122,0.07695529786916937,-0.2690460548895347
ROS1-19-0004,2019-07-20,0.6132542817746104,0.32720093165757413,-0.539081659363343
ROS1-20-0017,2019-07-20,0.18777094347352866,0.10404712682302315,-0.312743987562419
ROS1-20-0026,2019-07-20,0.4951629930623023,0.2699737156692619,-0.47242759186204625
ROS1-25-0002,2019-07-20,0.12023368886584007,0.08209719639018796,-0.2510481161359962
ROS1-24-0023,2019-07-20,0.15510127573342936,0.09532354243550338,-0.2886448973370907
ROS1-25-0032,2019-07-20,0.1397125273753271,0.09498959689896276,-0.2563122521650319
ROS1-26-0040,2019-07-20,0.2678244768189673,0.12759007593555036,-0.34720493787701734
ROS1-32-0006,2019-07-20,0.22007210321070972,0.09793722849353406,-0.32442335324262134
ROS1-31-0022,2019-07-20,0.23541647098058563,0.1481279337986471,-0.3404006033530619
ROS1-25-0018,2019-07-20,0.1445425954655826,0.06626307933771494,-0.2523638620199916
ROS1-32-0029,2019-07-20,0.1608501306874608,0.10830335657976128,-0.27586480449082745
ROS1-14-0002,2019-07-20,0.15107071597092891,0.16671897262862886,-0.2221602421145437
ROS1-15-0022,2019-07-20,0.12356962248564127,0.08006771464002,-0.23494601342442992
ROS1-15-0013,2019-07-20,0.6280750400155939,0.43805992163687024,-0.5613580569378471
ROS1-14-0031,2019-07-20,0.354780926832848,0.1805145250905524,-0.39718550914242773
ROS1-15-0025,2019-07-20,0.1902136501123019,0.13528187295910024,-0.2812614404884796
ROS1-16-0004,2019-07-20,0.48406265117646613,0.3215427145134429,-0.4756147971790815
ROS1-15-0013,2019-07-20,0.6256530100537365,0.43702041507198947,-0.5599704601188289
ROS1-21-0036,2019-07-20,0.7603758809710257,0.22343412030005982,-0.6396790663749088
ROS1-21-0000,2019-07-20,0.11470839717144586,0.17883401099540058,-0.16044736630760564
ROS1-20-0038,2019-07-20,0.16067162078967995,0.10056832795861223,-0.28344447580656684
ROS1-21-0003,2019-07-20,0.14351340468592322,0.0659673858701576,-0.2508380538039375
ROS1-26-0018,2019-07-20,0.1669426880256217,0.0865962734841582,-0.2920953924131439
ROS1-20-0017,2019-07-20,0.19764740462248004,0.10971988417240412,-0.3203749942667974
ROS1-26-0030,2019-07-20,0.2893323350754942,0.13409017415054875,-0.38829854415828285
ROS1-27-0013,2019-07-20,0.14786926164098105,0.06554386126201636,-0.2602177071214101
ROS1-20-0026,2019-07-20,0.494805248930431,0.2662742642208987,-0.47488062153327576
ROS1-21-0037,2019-07-20,0.7321508369107693,0.43103784849945864,-0.6054990210510842
ROS1-28-0013,2019-07-20,0.14206970660809143,0.06412079645916019,-0.2547647293284348
ROS1-22-0014,2019-07-20,0.1546205308644206,0.060002258665399204,-0.226203397033108
ROS1-21-0010,2019-07-20,0.16777702509053596,0.10462026216430675,-0.33910496428329684
ROS1-22-0022,2019-07-20,0.21639473511246599,0.2122679240270469,-0.281473143058171
ROS1-28-0015,2019-07-20,0.1449206177510702,0.06554157162453766,-0.2506022283493342
ROS1-22-0002,2019-07-20,0.10747537252301682,0.05304826262564907,-0.22549734376672012
ROS1-22-0006,2019-07-20,0.6470718460741384,0.46022937505509776,-0.5707982544807523
ROS1-22-0014,2019-07-20,0.15507534122020145,0.059457432970618264,-0.23001518710864904
ROS1-29-0003,2019-07-20,0.13551186741245533,0.07243810497226105,-0.25703019547907235
ROS1-29-0005,2019-07-20,0.6311110765294051,0.4828823741499127,-0.5253533484302392
ROS1-27-0005,2019-07-20,0.29275098550610795,0.14683280761524986,-0.36794566495407427
ROS1-32-0006,2019-07-20,0.21735020674155067,0.09656747475158665,-0.32204269665172436
ROS1-33-0008,2019-07-20,0.39857167766429263,0.21494707492624063,-0.4326289554210643
ROS1-32-0025,2019-07-20,0.14062876744432473,0.08821928588281364,-0.28144754736924005
ROS1-26-0030,2019-07-20,0.2853920200557573,0.1348525819613501,-0.3769487439922963
ROS1-28-0013,2019-07-20,0.1361372378209114,0.062110280684253096,-0.244881936453347
ROS1-34-0005,2019-07-20,0.20932507721389226,0.31510614804520587,-0.23920929075449981
ROS1-27-0019,2019-07-20,0.23739648102834549,0.12251484635199117,-0.358351001624414
ROS1-28-0002,2019-07-20,0.605737286643106,0.3658160706322295,-0.5335642241885538
ROS1-33-0020,2019-07-20,0.162770139816583,0.15935918137597815,-0.2691426551262102
ROS1-28-0015,2019-07-20,0.13916410503126558,0.0636471321985335,-0.24156610557256053
ROS1-33-0013,2019-07-20,0.14191547006815286,0.1035241257782341,-0.27494256161178715
ROS1-33-0008,2019-07-20,0.39690042650273083,0.21435993512037083,-0.43075419206209187
ROS1-34-0005,2019-07-20,0.1987363720957765,0.22541703310649291,-0.23747689498201566
ROS1-33-0013,2019-07-20,0.1415337214203261,0.1038927992418364,-0.27533236701837344
ROS1-21-0003,2019-07-22,0.1317232183986666,0.06352454470506178,-0.21710015487255252
ROS1-26-0030,2019-07-22,0.1925006143312891,0.26725076259406044,-0.21321795888352701
ROS1-27-0013,2019-07-22,0.125313609648408,0.06746921940125077,-0.21568474760005418
ROS1-28-0013,2019-07-22,0.16153477319782925,0.3334390504318976,-0.14006931050904897
ROS1-28-0015,2019-07-22,0.2154451696477424,0.26889093273168574,-0.14685459245490734
ROS1-29-0003,2019-07-22,0.12846726080569598,0.07731905763090494,-0.23857924847952086
ROS1-27-0005,2019-07-22,0.28096948257028576,0.16752403731101395,-0.3459552735094343
ROS1-33-0008,2019-07-22,0.3437096185361152,0.2061328782485842,-0.38535072676737614
ROS1-26-0030,2019-07-22,0.19496875823231702,0.2970694538947566,-0.2132720425630525
ROS1-28-0013,2019-07-22,0.13930036249583333,0.34422936014658523,-0.13102629000310737
ROS1-34-0005,2019-07-22,0.22120095795757197,0.1479003429114163,-0.3093727546503053
ROS1-27-0019,2019-07-22,0.09541969395818747,-1.841920113170766,-0.11146104101742783
ROS1-28-0002,2019-07-22,0.5318526923079804,0.3406175706096528,-0.47908951962276536
ROS1-33-0020,2019-07-22,0.19461287525344848,0.11987074750947857,-0.2953065083615066
ROS1-28-0015,2019-07-22,0.23406040829654307,0.3256482343830977,-0.15544791879715655
ROS1-33-0013,2019-07-22,0.1340021738821438,0.11363101328655685,-0.26558746194574184
ROS1-33-0008,2019-07-22,0.33776864133801093,0.20666908701275907,-0.38018586299319757
ROS1-34-0005,2019-07-22,0.2195894027118566,0.14861304233961098,-0.3036580257170419
ROS1-33-0013,2019-07-22,0.1362082200109798,0.11559180459276218,-0.26537013716367186
ROS1-24-0030,2019-07-22,0.3190963121292388,0.13502340551447153,-0.39929445971159633
ROS1-19-0016,2019-07-22,0.16560533692185275,0.11933917205261382,-0.27895429040331093
ROS1-24-0034,2019-07-22,0.16998258266865665,0.10656207100643236,-0.27725915419508307
ROS1-18-0009,2019-07-22,0.1255505544516842,0.08787917234579169,-0.24803054005680136
ROS1-24-0023,2019-07-22,0.1913633105830573,0.07505264265035932,-0.326687133401261
ROS1-18-0027,2019-07-22,0.09855066902473127,0.06844849092006157,-0.23685641951485045
ROS1-24-0030,2019-07-22,0.3272453888427153,0.13972893511255988,-0.4131413258892638
ROS1-18-0014,2019-07-22,0.5924702895872713,0.34829730495051847,-0.4833573634305871
ROS1-24-0024,2019-07-22,0.15324137973596133,0.10431511833821358,-0.2764758919068416
ROS1-19-0018,2019-07-22,0.11115646810270327,0.08921955753520253,-0.24257341067015445
ROS1-24-0018,2019-07-22,0.6019028376318615,0.357395253844601,-0.5486587010625575
ROS1-25-0027,2019-07-22,0.13137056304098324,0.08512054601041391,-0.2572754191006973
ROS1-19-0012,2019-07-22,0.37421415132120883,0.24584067857689834,-0.41263567179770655
ROS1-25-0012,2019-07-22,0.18858917583688797,0.0563874903183965,-0.2812273536072507
ROS1-25-0002,2019-07-22,0.11824701494142349,0.08224846915463958,-0.22576652705799918
ROS1-30-0014,2019-07-22,0.38792478855228807,0.2638198299870107,-0.40764458133669235
ROS1-24-0023,2019-07-22,0.1714214765105545,0.07366761435299662,-0.2685975589317748
ROS1-30-0002,2019-07-22,0.12772451441377658,0.052655819597907806,-0.2347646300224156
ROS1-36-0006,2019-07-22,0.12281404560639422,0.0620370447493577,-0.19495456415819593
ROS1-25-0032,2019-07-22,0.1498077242187673,0.10251888354372563,-0.25030229662362186
ROS1-26-0040,2019-07-22,0.26029393604673795,0.13486329064934724,-0.34088879205923517
ROS1-31-0021,2019-07-22,0.15493752960115878,0.08172017769957722,-0.26753338847699976
ROS1-32-0006,2019-07-22,0.1865581931961999,0.06286549120200406,-0.2214125676917483
ROS1-38-0007,2019-07-22,0.25145108069252503,0.12460982436050275,-0.3737267988900259
ROS1-31-0022,2019-07-22,0.2670446106878292,0.17011238830660322,-0.35853430206857306
ROS1-37-0031,2019-07-22,0.12489353362245166,0.08662867273126497,-0.2599009751399705
ROS1-25-0018,2019-07-22,0.1530819041798597,0.050948908156276895,-0.2594735910051456
ROS1-31-0033,2019-07-22,0.33224609654005344,0.22252949658289797,-0.39250126421378023
ROS1-32-0029,2019-07-22,0.20123732144800668,0.13575461141435455,-0.2993172406267694
ROS1-20-0038,2019-07-22,0.16072280196145988,0.11421272171734777,-0.2746032951930943
ROS1-21-0003,2019-07-22,0.13165468328850574,0.06297288419269648,-0.21982901897247983
ROS1-26-0018,2019-07-22,0.1506760590201942,0.09164301959431119,-0.255569104023545
ROS1-26-0030,2019-07-22,0.20279328662417231,0.28238433747547925,-0.222817003788122
ROS1-32-0006,2019-07-22,0.19130810503287196,0.06205899922700498,-0.2210631281992663
ROS1-32-0025,2019-07-22,0.13662427741202576,0.09229162047753955,-0.27449897302801346
ROS1-26-0030,2019-07-22,0.2644320297951583,0.1715044889085712,-0.3253090435914119
ROS1-31-0021,2019-07-22,0.15376602729578534,0.07928198739884862,-0.266980892246657
ROS1-37-0019,2019-07-22,0.11595136665123285,0.22335355744643412,-0.08723742323351937
ROS1-36-0006,2019-07-22,0.12947339463975963,0.06284919927966101,-0.21326202750920592
ROS1-31-0021,2019-07-22,0.15222196849559005,0.07953841238598844,-0.260987994423372
ROS1-38-0007,2019-07-22,0.2495028938379935,0.12253453356575353,-0.36712763634854084
ROS1-37-0031,2019-07-22,0.121923031150273,0.08402465624804195,-0.2540596607750569
ROS1-38-0004,2019-07-22,0.10685569539571814,0.08396897434100625,-0.23218923659033694
ROS1-44-0000,2019-07-22,0.16294514903885488,0.104957974523635,-0.2646308651328609
ROS1-43-0017,2019-07-22,0.10745620298821346,0.14431005469933442,-0.09279384575739481
ROS1-01-0005,2019-07-23,0.1161239299218616,0.061652497846534794,-0.2240044288163199
ROS1-01-0009,2019-07-23,0.35812757024767633,0.24542520377382626,-0.38628141704704877
ROS1-07-0031,2019-07-23,0.11925185934368032,0.058870455245555224,-0.11228702988793525
ROS1-08-0025,2019-07-23,0.7189720351418626,0.6125120736309402,-0.6225868645209273
ROS1-14-0031,2019-07-23,0.3883791181929051,0.21175691693923385,-0.43163984899913643
ROS1-15-0025,2019-07-23,0.1383262072223474,0.07942693662656385,-0.25842585740275087
ROS1-16-0004,2019-07-23,0.48493482139914756,0.28931218243868273,-0.49160886034370793
ROS1-22-0014,2019-07-23,0.1643260687575667,0.05442231960543921,-0.2465331564968391
ROS1-22-0014,2019-07-23,0.1671720402651554,0.05338498231746757,-0.2592975571882623
ROS1-37-0046,2019-07-24,0.13054038172057444,0.09632743985091193,-0.24493229379549897
ROS1-36-0005,2019-07-24,0.12944022842777134,0.089438567721421,-0.25877298888503847
ROS1-37-0019,2019-07-24,0.09015999816723247,0.05562979087244449,-0.195980378290089
ROS1-36-0007,2019-07-24,0.11243539942763152,0.0935342092053482,-0.2154848612502409
ROS1-42-0010,2019-07-24,0.10678777699396569,0.09252140864565431,-0.23792928093782775
ROS1-37-0046,2019-07-24,0.13127407118380865,0.09717482727722641,-0.2449318684112708
ROS1-42-0009,2019-07-24,0.13017480621104507,0.1040314790591558,-0.24946230500296707
ROS1-43-0026,2019-07-24,0.1425366230494586,0.12421479666559461,-0.24157435857574666
ROS1-37-0046,2019-07-24,0.13123318812524618,0.0968864182217727,-0.2447150431875468
ROS1-43-0017,2019-07-24,0.23609726727669986,0.16337503797321867,-0.28544022486768805
ROS1-42-0016,2019-07-24,0.10536853246141371,0.10005152823433282,-0.22588496437892858
ROS1-43-0016,2019-07-24,0.6016780709375842,0.48752314427193977,-0.5229067190271118
ROS1-42-0009,2019-07-24,0.1299756165961509,0.10393076465860725,-0.2445951909795951
ROS1-43-0016,2019-07-24,0.6023141703187906,0.4867190485314614,-0.5237626253546815
ROS1-49-0012,2019-07-24,-0.06995913698084329,-0.06280133420935588,-0.04500146233340505
ROS1-49-0001,2019-07-24,-0.01311262919959553,0.007331347640771677,-0.07809456107338723
ROS1-49-0002,2019-07-24,0.06112456989994967,0.08978028937057644,-0.11885856650105524
ROS1-01-0044,2019-07-25,0.1361197751560205,0.10760928185580775,-0.23588475693049488
ROS1-01-0009,2019-07-25,0.3981247246578931,0.2807035292976154,-0.4133489735163392
ROS1-07-0005,2019-07-25,0.6652894931236595,0.5293611979298922,-0.5403309375090949
ROS1-07-0031,2019-07-25,0.33484581928611196,0.2534257630228167,-0.36614154046963737
ROS1-07-0005,2019-07-25,0.7140294126563099,0.5525050180914475,-0.5776031236476994
ROS1-08-0022,2019-07-25,0.1371373988021398,0.11442999181806895,-0.22123904811066386
ROS1-07-0020,2019-07-25,0.15223126180038468,0.11833734894839085,-0.22295994933795132
ROS1-15-0013,2019-07-25,0.035053979404156124,-0.1344185077449606,0.015147809039417207
ROS1-15-0013,2019-07-25,0.05729469602198453,0.3275433259674826,-0.02457435271900642
ROS1-18-0014,2019-07-27,0.46175363927954594,0.26062624405874263,-0.4155325539049141
ROS1-24-0018,2019-07-27,0.004335198909794453,0.4494524169455083,0.0011013479314092324
ROS1-25-0002,2019-07-27,0.16857627529615346,0.11563966906368271,-0.2765059985947134
ROS1-25-0032,2019-07-27,0.23797526245773937,0.23341482566614138,-0.29485122503234734
ROS1-28-0015,2019-07-27,0.06897316478154805,0.10378428886070887,-0.07902395343631072
ROS1-29-0003,2019-07-27,0.0818838224635998,0.041955338057505946,-0.16441994711218427
ROS1-28-0015,2019-07-27,0.08309070548712205,0.12084690553745925,-0.09337553696586028
ROS1-36-0007,2019-07-27,0.14068060327244686,0.12209095143606677,-0.20028113674517134
ROS1-42-0010,2019-07-27,0.048087426096840795,0.023768214454891745,-0.09715322834925871
ROS1-30-0015,2019-07-27,0.2180110139293813,0.21012863744223806,-0.21056020605280104
ROS1-01-0044,2019-07-28,0.14556546769039969,0.09352475992683915,-0.26363722484968577
ROS1-01-0005,2019-07-28,0.15296721543351469,0.08740349240605368,-0.23373937353518842
ROS1-01-0009,2019-07-28,0.20409383925139218,0.3758958539367686,-0.21292556575936802
ROS1-07-0005,2019-07-28,0.685645480614357,0.4828806886508058,-0.5460847390505624
ROS1-07-0031,2019-07-28,0.37318927721110806,0.2430072216623829,-0.39342473182507115
ROS1-07-0005,2019-07-28,0.6683833260559668,0.47493130478992746,-0.5330152732174809
ROS1-08-0022,2019-07-28,0.12854180430079273,0.07316313093892358,-0.2386134027527145
ROS1-08-0025,2019-07-28,0.6257352152207495,0.4031365514204038,-0.5011911947234022
ROS1-14-0031,2019-07-28,0.41361286711236456,0.19702950830807614,-0.4334897981119451
ROS1-15-0025,2019-07-28,0.15709240504410682,0.09646346345178022,-0.24614489839374953
ROS1-16-0004,2019-07-28,0.4925937209150158,0.3720479684281643,-0.4416901736584389
ROS1-22-0014,2019-07-28,0.1322408461521867,0.05376984045277316,-0.1944771664169751
ROS1-22-0014,2019-07-28,0.13184999822261484,0.053443786077834336,-0.19491895412692484
ROS1-37-0046,2019-07-29,0.12622219454530031,0.0684398966407303,-0.2045137583355549
ROS1-36-0005,2019-07-29,0.17060752000487386,0.09990659777012917,-0.2865123074307443
ROS1-37-0019,2019-07-29,0.15874301535563387,0.116950038381327,-0.27705793927746863
ROS1-42-0016,2019-07-29,0.1074440136391331,0.0844492553195218,-0.23262809130408577
ROS1-36-0007,2019-07-29,0.18197655297898652,0.12907924735926873,-0.2918945970853724
ROS1-42-0010,2019-07-29,0.135482859313782,0.10094107471933371,-0.2544212988465927
ROS1-37-0046,2019-07-29,0.12489183295051538,0.06937324756705203,-0.20435818418590718
ROS1-43-0026,2019-07-29,0.21011211927436807,0.16107081741162776,-0.3001629867155504
ROS1-44-0000,2019-07-29,0.28081807814850823,1.8486695737903436,-0.2844495028461243
ROS1-37-0046,2019-07-29,0.12484633170098898,0.06911804473358485,-0.2051795699360018
ROS1-43-0017,2019-07-29,0.3026419474712838,0.15611220337626922,-0.3414496222338623
ROS1-42-0016,2019-07-29,0.1066616294128085,0.08449291718145042,-0.23043393852722055
ROS1-43-0016,2019-07-29,0.6532212645090208,0.48550560294245004,-0.5273692122990078
ROS1-43-0016,2019-07-29,0.6532511610598684,0.4843289224967626,-0.5277315916257996
ROS1-49-0012,2019-07-29,0.13183241067501542,0.20089031675531333,-0.18192386121946516
ROS1-49-0001,2019-07-29,0.1966704095608154,0.1399916010112736,-0.2919829482721598
ROS1-50-0003,2019-07-29,0.08198368157763004,-1.1326307676268743,-0.11280614915180691
ROS1-49-0002,2019-07-29,0.14727426484838985,0.12891705763037872,-0.23402604163492807
ROS1-01-0044,2019-07-30,0.12999132874558122,0.08528825814778662,-0.2580578142475626
ROS1-01-0009,2019-07-30,0.2670559685999451,0.28173262804289095,-0.27455904222808936
ROS1-08-0025,2019-07-30,0.6367810847358449,0.537417999136428,-0.5303668231042281
ROS1-14-0009,2019-07-30,0.14216004746702673,0.08571890305331,-0.15872187364972198
ROS1-19-0016,2019-07-30,0.1733919592757831,0.14027268141520957,-0.2087999589622444
ROS1-18-0009,2019-07-30,0.19290468855960088,0.16182555789096192,-0.2596574202410939
ROS1-24-0023,2019-07-30,0.14979059971484437,0.10551461582625866,-0.2593759877697653
ROS1-18-0027,2019-07-30,0.19951521478523404,0.12449051304076132,-0.28175290559112515
ROS1-18-0014,2019-07-30,0.3147136619301885,0.22422307895579055,-0.288859836368911
ROS1-19-0018,2019-07-30,0.19774150047995329,0.1685054840627971,-0.2558069515658626
ROS1-24-0018,2019-07-30,0.4079294600319135,0.3414909380737574,-0.40310872988292384
ROS1-25-0002,2019-07-30,0.22164781138842857,0.19736299329254117,-0.24590561432173105
ROS1-24-0023,2019-07-30,0.15073919048133302,0.10632236608970635,-0.2599344292230581
ROS1-14-0002,2019-07-30,0.1115131954926288,0.06706943463858245,-0.17554305459974773
ROS1-14-0031,2019-07-30,0.2934538779857789,0.2103567821493198,-0.2915179181688264
ROS1-21-0037,2019-07-30,0.6472585597671062,0.4026792636794818,-0.54492560150044
ROS1-22-0022,2019-07-30,0.2990672023729289,0.17334853374794065,-0.35650710189988777
ROS1-22-0002,2019-07-30,0.1697297347830615,0.11469562226010176,-0.2743323828613759
ROS1-29-0003,2019-07-30,0.11761904148317938,0.22863670088735466,-0.10357281295476582
ROS1-33-0020,2019-07-30,0.1925311808251512,0.1081388368157673,-0.2742260793475475
ROS1-24-0030,2019-08-01,0.19307847624700522,0.06400817859164591,-0.3679089334326872
ROS1-19-0016,2019-08-01,0.2585788713453954,0.17823964185292981,-0.34913441298062386
ROS1-24-0034,2019-08-01,0.3161117657736587,0.19852212218946036,-0.3922544204672935
ROS1-18-0009,2019-08-01,0.20414185304893345,0.108658478369918,-0.34380946269794666
ROS1-24-0023,2019-08-01,0.20700955254374406,0.08745335166403595,-0.3822655354373441
ROS1-18-0027,2019-08-01,0.21447577832556386,0.13943674447992155,-0.3380700192012886
ROS1-24-0030,2019-08-01,0.19437053902445375,0.06590068215619671,-0.3656854414297926
ROS1-18-0014,2019-08-01,0.4965272174663104,0.23608422837880724,-0.46221526382395606
ROS1-24-0024,2019-08-01,0.3472830824579104,0.22592544408854395,-0.41652302678853415
ROS1-19-0018,2019-08-01,0.1908136471069308,0.1415366638098661,-0.3067088649437656
ROS1-24-0018,2019-08-01,0.612498476565244,0.35478633818552385,-0.584932165877491
ROS1-25-0027,2019-08-01,0.21620382324992704,0.12533782151834144,-0.31764664010772414
ROS1-19-0012,2019-08-01,0.3304396757862867,0.20175286806675055,-0.4015735033336601
ROS1-25-0012,2019-08-01,0.1644385321204196,0.08335653531063157,-0.29260131268103495
ROS1-25-0002,2019-08-01,0.2910534829043811,0.19048255137974124,-0.34910186598611825
ROS1-30-0014,2019-08-01,0.6205189804305387,0.4956927334467401,-0.5649227888838935
ROS1-24-0023,2019-08-01,0.19996579962232358,0.09189738952945244,-0.33061761117029215
ROS1-30-0002,2019-08-01,0.20834507687717468,0.08622915934442536,-0.3407375027370474
ROS1-30-0015,2019-08-01,0.24595794336595178,0.12795216835379153,-0.36382924596397015
ROS1-36-0006,2019-08-01,0.22110216889471093,0.09721887527699699,-0.33372495363382537
ROS1-37-0046,2019-08-01,0.24283085558185513,0.15416575893073312,-0.3424628822183441
ROS1-25-0032,2019-08-01,0.33239680329378873,0.22342543019257874,-0.3782157187285498
ROS1-26-0040,2019-08-01,0.2952756501088142,0.1634307718411866,-0.369919765926534
ROS1-31-0021,2019-08-01,0.33457584388605244,0.192189645245735,-0.39671762115935855
ROS1-32-0006,2019-08-01,0.2729613237223245,0.16099616887241336,-0.36155798260888045
ROS1-38-0007,2019-08-01,0.34131324042253147,0.1814417593840441,-0.4285875434255924
ROS1-31-0022,2019-08-01,0.5115762428251862,0.33909531341620985,-0.4955693221747267
ROS1-37-0031,2019-08-01,0.15335574749502628,0.19678607882124374,-0.17137362596893993
ROS1-25-0018,2019-08-01,0.17144811533477486,0.06871986893916895,-0.2789626692169836
ROS1-31-0033,2019-08-01,0.1882191662918221,0.07761436096731156,-0.3006919018907323
ROS1-32-0029,2019-08-01,0.5385933007253767,0.3633921368140193,-0.5133355051681991
ROS1-37-0046,2019-08-01,0.23968722512008314,0.15284694386573744,-0.3366039771563703
ROS1-20-0038,2019-08-01,0.21110057435547977,0.13572685036169857,-0.31865075856171804
ROS1-21-0003,2019-08-01,0.1899972659649167,0.09568083206263509,-0.290394556385478
ROS1-26-0018,2019-08-01,0.19343543283392978,0.08393897865766337,-0.31689994344247857
ROS1-26-0030,2019-08-01,0.3560881038127152,0.16526421160142743,-0.41832147477220744
ROS1-27-0013,2019-08-01,0.11306416946458694,0.04178506478562019,-0.20735504161493065
ROS1-28-0013,2019-08-01,0.1697127663172087,0.07008704836269354,-0.29602522725448893
ROS1-28-0015,2019-08-01,0.1721979330074948,0.0683651303781522,-0.2922319384254217
ROS1-29-0003,2019-08-01,0.14863333141253385,0.09668030073564843,-0.2596272635343791
ROS1-27-0005,2019-08-01,0.36919276385123095,0.2109842095327648,-0.40018442095669227
ROS1-32-0006,2019-08-01,0.2722046923471105,0.1607032053379383,-0.3606483214150687
ROS1-33-0008,2019-08-01,0.4544054947040701,0.2664337777889807,-0.4696485128389395
ROS1-32-0025,2019-08-01,0.16166077047635272,0.10337233938955731,-0.2917827206938833
ROS1-26-0030,2019-08-01,0.35547969937949453,0.16647302233316538,-0.4147250583117005
ROS1-28-0013,2019-08-01,0.16560161266347728,0.06887486486542482,-0.28913212085238316
ROS1-34-0005,2019-08-01,0.308039635413737,0.18542681786255502,-0.3693645006731003
ROS1-27-0019,2019-08-01,0.2571409576492698,0.1284006749615532,-0.34984389891718337
ROS1-28-0002,2019-08-01,0.6912971559537912,0.42232161696476833,-0.5752112521719678
ROS1-33-0020,2019-08-01,0.23287708771407659,0.11233681047474076,-0.3672936710982608
ROS1-28-0015,2019-08-01,0.16768184652971385,0.06704122665622687,-0.28500293810231053
ROS1-33-0013,2019-08-01,0.18898696542802254,0.1291714423835859,-0.3037332069709597
ROS1-31-0021,2019-08-01,0.33232544118083834,0.19297846715485087,-0.3910752810373538
ROS1-36-0005,2019-08-01,0.22616545503965008,0.1336252684399391,-0.30761155947681484
ROS1-37-0019,2019-08-01,0.19513925773985932,0.11213132859839438,-0.3210895067213614
ROS1-42-0016,2019-08-01,0.12027239242669682,0.09211940196801441,-0.24987252725886527
ROS1-36-0007,2019-08-01,0.254525749210216,0.17523040605799312,-0.34832798441285834
ROS1-42-0010,2019-08-01,0.1699047888244639,0.12272091689383828,-0.28494552415956087
ROS1-30-0015,2019-08-01,0.2378837110230218,0.1273651127308447,-0.34613338278024536
ROS1-36-0006,2019-08-01,0.2145776529557315,0.09732789135272009,-0.3149330711285668
ROS1-37-0046,2019-08-01,0.23847242201470584,0.15374445157877978,-0.3327264249379291
ROS1-42-0009,2019-08-01,0.18867459750420373,0.13351511790218126,-0.30262834942211064
ROS1-31-0021,2019-08-01,0.33326672556793024,0.19320091574413564,-0.39145040517112434
ROS1-38-0007,2019-08-01,0.33813108185852875,0.1814480876678445,-0.42233171727861873
ROS1-37-0031,2019-08-01,0.16318653661874508,0.19408245608098446,-0.18231014998100953
ROS1-38-0004,2019-08-01,0.24020822159171767,0.1758409498719908,-0.326077624629105
ROS1-43-0026,2019-08-01,0.24630910561760766,0.17631637368549766,-0.3405844439807232
ROS1-44-0000,2019-08-01,0.3512455689274119,0.23586192966110978,-0.40786436759468586
ROS1-37-0046,2019-08-01,0.23934603338630275,0.15375421238450312,-0.33356698773960847
ROS1-43-0017,2019-08-01,0.3568148735969149,0.16777837326495215,-0.4048567701233583
ROS1-42-0016,2019-08-01,0.11905571810803703,0.09170212334477233,-0.24799453761428025
ROS1-43-0016,2019-08-01,0.5857127036854978,0.38129954476931716,-0.5169858956808149
ROS1-42-0009,2019-08-01,0.18781129652712977,0.1334602505033221,-0.3012345880063318
ROS1-43-0016,2019-08-01,0.5795010193119196,0.37969520945109037,-0.5118245699450634
ROS1-49-0012,2019-08-01,0.1366100250880245,0.15445403176488376,-0.20101012823067946
ROS1-49-0001,2019-08-01,0.2103222960398855,0.1677054734063384,-0.2899047218264183
ROS1-50-0003,2019-08-01,0.37861591231605857,0.2538659433806282,-0.4270538350550544
ROS1-49-0002,2019-08-01,0.2036138090387012,0.12716916434745268,-0.33678145393677783
ROS1-33-0008,2019-08-01,0.458137015664892,0.2634740068941924,-0.47173286773319034
ROS1-34-0005,2019-08-01,0.307793275087512,0.1858881288053455,-0.3686275329395873
ROS1-33-0013,2019-08-01,0.18908393863537393,0.1294901646092426,-0.3030302135078173
ROS1-08-0022,2019-08-02,0.05502551901617766,0.07745422065907755,-0.14227338841139978
ROS1-37-0046,2019-08-03,0.25169209481110366,0.18921446153964247,-0.33812896746534593
ROS1-36-0005,2019-08-03,0.21940630314703077,0.1411685746304078,-0.3195777687902246
ROS1-37-0019,2019-08-03,0.17094716608158153,0.16037192397422845,-0.2624125603143111
ROS1-42-0016,2019-08-03,0.11420218210840198,0.09206422566337256,-0.24652315924553167
ROS1-42-0010,2019-08-03,0.16398344209944218,0.13426753992063928,-0.2763565168837938
ROS1-37-0046,2019-08-03,0.25155649602726404,0.18941090081493975,-0.3372223356477297
ROS1-42-0009,2019-08-03,0.18917338878453427,0.1371978105457598,-0.3066136251368528
ROS1-43-0026,2019-08-03,0.23551049236732355,0.15904185562936277,-0.32340677166596193
ROS1-44-0000,2019-08-03,0.3538095135533562,0.32603173305820315,-0.3879539669425411
ROS1-37-0046,2019-08-03,0.2514395960460062,0.18861314583979796,-0.33801019207137967
ROS1-43-0017,2019-08-03,0.23645146286872587,0.3758115843498131,-0.22468841316991972
ROS1-42-0016,2019-08-03,0.11347866437849881,0.0921914663620285,-0.24434828406058184
ROS1-43-0016,2019-08-03,0.43995026856471514,0.2679466038900276,-0.4493021176559651
ROS1-42-0009,2019-08-03,0.18907490166556912,0.13836934120553573,-0.3042984877742326
ROS1-43-0016,2019-08-03,0.4402891941543397,0.26755188538721414,-0.450048304602576
ROS1-49-0012,2019-08-03,0.1903138228809781,0.12424327199975954,-0.30292744798588384
ROS1-49-0001,2019-08-03,0.23188491107288708,0.16204340998099692,-0.3266463011988464
ROS1-50-0003,2019-08-03,0.3702356027086637,0.2905075312170761,-0.4021451018630234
ROS1-49-0002,2019-08-03,0.17901919013196832,0.11225459482969093,-0.3161466634930894
ROS1-22-0014,2019-08-04,0.0113907154641286,0.08812069955553115,-0.011319407699663659
ROS1-22-0014,2019-08-04,0.017007657335034152,0.09354190873154906,-0.02340723616925306
ROS1-34-0005,2019-08-04,0.04002152593924339,0.1771759013819503,-0.03699020699195803
ROS1-33-0013,2019-08-04,0.04815559433276645,0.17325298503182643,-0.04839771581148412
ROS1-34-0005,2019-08-04,0.039707215457063974,0.17653586766845156,-0.03613286404032474
ROS1-33-0013,2019-08-04,0.046420510823529694,0.1828983410761049,-0.043028093687370705
ROS1-24-0030,2019-08-06,0.1607025248968618,0.09548943198494757,-0.2773155401856524
ROS1-19-0016,2019-08-06,0.3051139368572216,0.2124100199466431,-0.31373356293519516
ROS1-24-0034,2019-08-06,0.1696959689562744,0.13870937206649497,-0.2445054255340544
ROS1-18-0009,2019-08-06,0.06319257245629235,0.22470555347243076,0.020885566823197598
ROS1-24-0023,2019-08-06,-0.09356741504899528,-0.049436406411338105,-0.015966648600125147
ROS1-18-0027,2019-08-06,0.3143328739310974,0.23073920442839946,-0.3714341142178226
ROS1-24-0030,2019-08-06,0.16268542979063377,0.09577656598978726,-0.28209370723608035
ROS1-18-0014,2019-08-06,0.3484935877036996,0.23093380302642602,-0.3461675984859808
ROS1-24-0024,2019-08-06,0.4016938116300732,0.31529216343140404,-0.4169087732853349
ROS1-19-0018,2019-08-06,0.12275433289307962,0.07071772742919714,-0.1591414319742941
ROS1-24-0018,2019-08-06,0.10034097084695126,0.3613493516404476,-0.14791370896149128
ROS1-25-0027,2019-08-06,0.2549380795552643,0.19994527503594064,-0.32007694436080203
ROS1-19-0012,2019-08-06,0.2948250104271693,0.20895796277479917,-0.3581584535679157
ROS1-25-0012,2019-08-06,0.1354856909268011,0.09159253764550934,-0.23759642505083498
ROS1-25-0002,2019-08-06,0.22126010301455848,0.14204426695560096,-0.22850883667524635
ROS1-30-0014,2019-08-06,0.827431935844077,0.6031221378895198,-0.6779071433601437
ROS1-24-0023,2019-08-06,-0.09239630187801624,-0.04861854384755169,-0.01633564509883886
ROS1-30-0002,2019-08-06,0.15907080863930181,0.09540324221766995,-0.27601468089955294
ROS1-30-0015,2019-08-06,0.05609113554966281,0.09298007502941405,-0.09755049363901822
ROS1-37-0046,2019-08-06,0.024401854868603527,0.04552616326759791,-0.10243918001169575
ROS1-25-0032,2019-08-06,0.34391951323783115,0.20331180543998825,-0.3169212827969009
ROS1-31-0021,2019-08-06,0.4057539952646512,0.287160003825682,-0.42389968467222766
ROS1-32-0006,2019-08-06,0.1770927404979572,0.1818335521753357,-0.2046478436938156
ROS1-38-0007,2019-08-06,0.3313144133078919,0.22648653026398027,-0.4061371552650732
ROS1-37-0031,2019-08-06,0.1191981070197663,0.2061137360633129,-0.1377841722780276
ROS1-25-0018,2019-08-06,0.054429480300194504,0.1470043361788369,-0.08818062831321492
ROS1-31-0033,2019-08-06,0.10794421978770376,0.095615056427525,-0.18179311400587336
ROS1-32-0029,2019-08-06,0.17290337378294957,0.2491738916804899,-0.1989338696806962
ROS1-37-0046,2019-08-06,0.01605274769956866,0.03195271580587196,-0.11243892102119057
ROS1-20-0038,2019-08-06,0.22317624895909882,0.18094035691278737,-0.2942265506611184
ROS1-26-0018,2019-08-06,0.02726281352235547,-0.18528500202129078,-0.001740139211136914
ROS1-26-0030,2019-08-06,0.16552724243039116,0.11032704063137168,-0.19375031969996806
ROS1-27-0013,2019-08-06,0.11398132523668256,0.0617095738917867,-0.20050277622413218
ROS1-28-0013,2019-08-06,0.144306009397073,0.06997492709466954,-0.24302724766324862
ROS1-28-0015,2019-08-06,0.14591874576306674,0.07378285221343925,-0.24611144264550963
ROS1-29-0003,2019-08-06,0.12897521022592723,0.06409491057914836,-0.22247458962673866
ROS1-27-0005,2019-08-06,0.3446622422026599,0.2566417849256554,-0.33033645511752396
ROS1-32-0006,2019-08-06,0.17109506092120416,0.1759197145639794,-0.19852278971650875
ROS1-33-0008,2019-08-06,0.02604113156749358,-0.5095569632756556,0.009369297524044464
ROS1-32-0025,2019-08-06,0.20900731077292642,0.2009562663840311,-0.17295269943755595
ROS1-26-0030,2019-08-06,0.15961256640978083,0.11025063134211328,-0.18061778746825005
ROS1-28-0013,2019-08-06,0.14101850882654152,0.06904968365394007,-0.2374833872584777
ROS1-34-0005,2019-08-06,0.28236816908792717,0.23415501316167028,-0.29137691944549954
ROS1-27-0019,2019-08-06,0.17479623390822388,0.7316860485293653,-0.15817178462190293
ROS1-28-0002,2019-08-06,0.6626513593029314,0.47972095962179706,-0.5400201842944802
ROS1-33-0020,2019-08-06,0.18883291517229903,0.11589194539354673,-0.274401561347113
ROS1-28-0015,2019-08-06,0.1430700777600376,0.07307670861758948,-0.2405873755913474
ROS1-31-0021,2019-08-06,0.40375122290410953,0.28988422848653356,-0.4187418248466082
ROS1-36-0005,2019-08-06,0.2567408759135596,0.16862877155649572,-0.353492205068393
ROS1-37-0019,2019-08-06,0.07198771005976701,0.11420388351326517,-0.09070114375597998
ROS1-42-0016,2019-08-06,0.12988273886866455,0.11383532795914132,-0.23556800677929218
ROS1-36-0007,2019-08-06,0.11437980319886834,0.1605092608619407,-0.13723785653909773
ROS1-42-0010,2019-08-06,0.1897715145857359,0.14011207604332637,-0.30278001278547856
ROS1-30-0015,2019-08-06,0.059333934008953954,0.10090988810239747,-0.09772977710518091
ROS1-37-0046,2019-08-06,0.04223205442329537,0.06270814590584665,-0.11308728346536417
ROS1-42-0009,2019-08-06,0.15532368909053001,0.1575548689776807,-0.2321052715982852
ROS1-31-0021,2019-08-06,0.40482864764602844,0.2880639628234092,-0.42195755681051833
ROS1-38-0007,2019-08-06,0.3293709047686371,0.2268346233697549,-0.4029453531556217
ROS1-37-0031,2019-08-06,0.11278461111356208,0.203332531871314,-0.13028797903203976
ROS1-38-0004,2019-08-06,0.2465526645705442,0.26299867168491464,-0.27928157859699604
ROS1-43-0026,2019-08-06,0.28512437411544844,0.21753285621257773,-0.361724014169269
ROS1-37-0046,2019-08-06,0.039629175464840086,0.05744998885938551,-0.11334471045526132
ROS1-43-0017,2019-08-06,0.31831626608626434,0.21625854655881055,-0.3604482394912954
ROS1-42-0016,2019-08-06,0.1296412736011661,0.11432566276312021,-0.23349626007399152
ROS1-43-0016,2019-08-06,0.32653470134492557,0.1296570882337582,-0.26785116274539905
ROS1-42-0009,2019-08-06,0.15532492615313812,0.15911514972516633,-0.22902653739346165
ROS1-43-0016,2019-08-06,0.3240347521209738,0.1272118441563648,-0.27068914497435725
ROS1-49-0012,2019-08-06,0.031068312784431503,0.07167561985397994,-0.0679272731011599
ROS1-49-0001,2019-08-06,0.2050715411672079,0.19915655761639514,-0.27196809844677594
ROS1-50-0003,2019-08-06,0.3955225500249747,0.26569851552189344,-0.41734796972671484
ROS1-49-0002,2019-08-06,0.14413860396133127,0.15106074797107139,-0.20239983764270197
ROS1-33-0008,2019-08-06,0.028937269915389745,-0.09415795061012172,0.011065968056754348
ROS1-34-0005,2019-08-06,0.2820499152286254,0.23434764379454656,-0.2893572355354671
ROS1-01-0044,2019-08-07,-0.016206491949617523,0.09739960798154704,0.07365967775893215
ROS1-01-0005,2019-08-07,0.15156696489326957,0.0955870805315545,-0.23796375071609374
ROS1-01-0009,2019-08-07,0.40708563983669893,0.3369256787447482,-0.3732636318240013
ROS1-07-0005,2019-08-07,0.4486855530953826,0.3052162404798551,-0.37303275302667394
ROS1-07-0031,2019-08-07,0.2825645273052058,0.1841442800260459,-0.2706951232659953
ROS1-07-0005,2019-08-07,0.44989193381725073,0.3044858746642252,-0.3762185089683085
ROS1-08-0022,2019-08-07,0.1274827828817773,0.060214787041865586,-0.2518843249446111
ROS1-08-0025,2019-08-07,0.7683895715073493,0.5354294734406537,-0.6466799907236356
ROS1-14-0031,2019-08-07,0.4119555752942451,0.20283684659372736,-0.4424138601179158
ROS1-15-0025,2019-08-07,0.1825846008816273,0.10805155209545858,-0.2885723147248653
ROS1-16-0004,2019-08-07,0.6096629246980264,0.37241955658294157,-0.5607760277781062
ROS1-22-0014,2019-08-07,0.17154199143414864,0.08432786319375335,-0.2542824812352958
ROS1-22-0014,2019-08-07,0.1762854335103312,0.08237826928749009,-0.26740559967658695
ROS1-37-0046,2019-08-08,0.3192438183648648,0.23667545469365137,-0.3845527399709508
ROS1-36-0005,2019-08-08,0.2849297371078195,0.18454497527197264,-0.37185896587853534
ROS1-37-0019,2019-08-08,0.2055898344097232,0.14969981765638557,-0.31734771826113495
ROS1-42-0016,2019-08-08,0.14004822591317614,0.10804973042905552,-0.2706136008299714
ROS1-36-0007,2019-08-08,0.3603958400969695,0.2690965103522708,-0.4095486196655738
ROS1-42-0010,2019-08-08,0.19055318033262267,0.1428375922947886,-0.3019896438355457
ROS1-37-0046,2019-08-08,0.31915967449116156,0.23724899664861754,-0.3834153466055982
ROS1-42-0009,2019-08-08,0.19044799763306558,0.13638462674102492,-0.30472456226150213
ROS1-43-0026,2019-08-08,0.30056763037329726,0.22386892576941841,-0.3861344735470805
ROS1-44-0000,2019-08-08,0.41271699179321186,0.31112413175086245,-0.45295796951006534
ROS1-37-0046,2019-08-08,0.32905960100935133,0.2367104759946224,-0.40067600865232966
ROS1-43-0017,2019-08-08,0.30511176106260984,0.19257686161411794,-0.3784019842295973
ROS1-42-0016,2019-08-08,0.1385247989347437,0.107597708119071,-0.2678570794477553
ROS1-43-0016,2019-08-08,0.42302008043910316,0.26884875953418474,-0.45684468641359
ROS1-42-0009,2019-08-08,0.18951553482528366,0.1367460519466525,-0.30216706984664027
ROS1-43-0016,2019-08-08,0.44672893648090495,0.2709697645344929,-0.48631843559420923
ROS1-49-0012,2019-08-08,0.24843718158309527,0.17852329576616707,-0.34571759927593015
ROS1-49-0001,2019-08-08,0.266000604089529,0.18897363680386833,-0.35250844553481986
ROS1-50-0003,2019-08-08,0.4052716741714203,0.2979953596603477,-0.4417656645612841
ROS1-49-0002,2019-08-08,0.29082211677239744,0.19318133499080922,-0.39297188414118694
ROS1-01-0044,2019-08-09,0.1641847413720928,0.09976250118126236,-0.30650718152661893
ROS1-01-0005,2019-08-09,0.1512429383995469,0.0804957344740684,-0.27239664593682816
ROS1-01-0009,2019-08-09,0.42669102787230234,0.24767128743841366,-0.45256851545897847
ROS1-07-0005,2019-08-09,0.46174988781529025,0.2486498188288393,-0.42031295014555
ROS1-13-0005,2019-08-09,0.31403567204993765,0.18447949714373124,-0.3830852446161046
ROS1-07-0031,2019-08-09,0.3282913996665768,0.18961624856924492,-0.393242955485621
ROS1-07-0005,2019-08-09,0.45328913708969204,0.24639969489578661,-0.41263630425217407
ROS1-08-0022,2019-08-09,0.12413582666677582,0.06000920476205776,-0.24805261506361742
ROS1-07-0020,2019-08-09,0.1998001036480856,0.0837493084885836,-0.3126942871672889
ROS1-08-0025,2019-08-09,0.7246822957896836,0.4872207093249388,-0.604662766975419
ROS1-13-0000,2019-08-09,0.32458637388688116,0.16796099395478237,-0.39464109256777496
ROS1-14-0009,2019-08-09,0.16426054596287004,0.060934445975671964,-0.30119626500775043
ROS1-13-0020,2019-08-09,0.14426607266453592,0.05078972253754027,-0.28224077480200965
ROS1-24-0030,2019-08-09,0.15233538165607807,0.09096371278124805,-0.30226142310208226
ROS1-19-0016,2019-08-09,0.2183103996908847,0.09107830687281594,-0.2961687952328193
ROS1-24-0034,2019-08-09,0.15775431606827486,0.07821306678198517,-0.3047388863878607
ROS1-18-0009,2019-08-09,0.17013882439325548,0.07030872325077911,-0.2965144895271464
ROS1-24-0023,2019-08-09,0.16938378347791855,0.08179114582268837,-0.3334539919839523
ROS1-18-0027,2019-08-09,0.37326027129265027,0.22824347893173988,-0.4387196550353688
ROS1-24-0030,2019-08-09,0.14954840433269112,0.0883890808681082,-0.30495369569808206
ROS1-18-0014,2019-08-09,0.33050970168235094,0.1611426126053993,-0.37111451901437614
ROS1-24-0024,2019-08-09,0.4243258484507263,0.27932754159402,-0.45259405328842206
ROS1-19-0018,2019-08-09,0.12446346565642502,0.04232489881990364,-0.22286263943951518
ROS1-24-0018,2019-08-09,0.44626755812104435,0.2458026329942216,-0.4822996434156977
ROS1-25-0027,2019-08-09,0.2905016262590436,0.1791218096753133,-0.3750824300570075
ROS1-19-0012,2019-08-09,0.29887890488249774,0.17080943751851957,-0.3899212493720222
ROS1-25-0012,2019-08-09,0.14565344612001282,0.07964452051783331,-0.27926244995919103
ROS1-13-0000,2019-08-09,0.3159310299535883,0.16825167109386338,-0.37604357161123575
ROS1-19-0004,2019-08-09,0.587532921011139,0.2943292643511811,-0.5423828804282994
ROS1-20-0017,2019-08-09,0.3381375777946177,0.2089090876774713,-0.39754511337776216
ROS1-20-0026,2019-08-09,0.4308198676899981,0.20180416124993833,-0.4850652791500248
ROS1-25-0002,2019-08-09,0.4088872320778908,0.2609639033222219,-0.4230259486153829
ROS1-24-0023,2019-08-09,0.17123643888347576,0.08587376899093048,-0.31498058413142815
ROS1-25-0032,2019-08-09,0.4240408698261669,0.275399637620484,-0.44477921413013105
ROS1-26-0040,2019-08-09,0.4219352200045295,0.24371653154317166,-0.4470885856375903
ROS1-32-0006,2019-08-09,0.2973366142139035,0.1606269997819039,-0.37348858479419994
ROS1-31-0022,2019-08-09,0.17876781893193353,0.08073972521168409,-0.3279118923316752
ROS1-25-0018,2019-08-09,0.17079617478555925,0.09992957806699834,-0.29285846894136236
ROS1-32-0029,2019-08-09,0.6377415501580985,0.4449547218602072,-0.5773672845140716
ROS1-14-0002,2019-08-09,0.15949037623553644,0.081297051986735,-0.2686216235652882
ROS1-15-0022,2019-08-09,0.22657653821389856,0.14069883659874702,-0.30126909659964096
ROS1-15-0013,2019-08-09,0.6529284106968133,0.4329441399739693,-0.5719775116266264
ROS1-14-0031,2019-08-09,0.37207517891798364,0.17793298618305578,-0.4180087281674661
ROS1-15-0025,2019-08-09,0.16693163393481747,0.10162576065019577,-0.2671764765840228
ROS1-16-0004,2019-08-09,0.5840324151687698,0.38528179659386436,-0.5347129952362499
ROS1-15-0013,2019-08-09,0.689580223084315,0.4327350850498705,-0.6138217877516112
ROS1-21-0036,2019-08-09,0.7730186320434232,0.6097495187098894,-0.6429135279503174
ROS1-21-0000,2019-08-09,0.19836952100249422,0.09302859391668898,-0.2716135763601975
ROS1-20-0038,2019-08-09,0.2657396689508024,0.16421484820333718,-0.35520413270753826
ROS1-21-0003,2019-08-09,0.15756731466670298,0.053902070676691324,-0.27986481897285564
ROS1-26-0018,2019-08-09,0.17787342041729676,0.0718270196445259,-0.3098040255499148
ROS1-20-0017,2019-08-09,0.3377194565844171,0.20877415406100286,-0.3957483290781956
ROS1-26-0030,2019-08-09,0.2642766267454275,0.14789575105772976,-0.3852322848736326
ROS1-27-0013,2019-08-09,0.16165417641291674,0.0720335227013549,-0.2840227930438647
ROS1-20-0026,2019-08-09,0.4297045851806072,0.2023978219291001,-0.4820254567548655
ROS1-21-0037,2019-08-09,0.7643565371892689,0.603295488761803,-0.6244157142187307
ROS1-28-0013,2019-08-09,0.18977814548206187,0.10345175324721516,-0.3013029487949087
ROS1-22-0014,2019-08-09,0.10619796434184577,0.17641638013242217,-0.12107126521006138
ROS1-21-0010,2019-08-09,0.18109592566913785,0.05371768849596946,-0.2735526672396275
ROS1-22-0022,2019-08-09,0.4791543766622531,0.3091334349494806,-0.4508900647899609
ROS1-28-0015,2019-08-09,0.17308439825609864,0.0919093695738536,-0.2825696445399118
ROS1-22-0002,2019-08-09,0.2360974759772991,0.17418521991517763,-0.28828457570994603
ROS1-22-0006,2019-08-09,0.5124426468837538,0.5254410447676411,-0.43011499306777534
ROS1-22-0014,2019-08-09,0.09575249919508719,0.16824360994862375,-0.11120409400555291
ROS1-27-0005,2019-08-09,0.3837478563819627,0.18593420527050372,-0.4264551879317681
ROS1-32-0006,2019-08-09,0.30051989533072204,0.1609701057450315,-0.3786964894558342
ROS1-33-0008,2019-08-09,0.488878274618504,0.2732158053665342,-0.49141871177682506
ROS1-32-0025,2019-08-09,0.2165929549886587,0.13184833268949495,-0.32710753819922167
ROS1-26-0030,2019-08-09,0.2610488937088518,0.14814145574075735,-0.37692821083063555
ROS1-28-0013,2019-08-09,0.18848863467560056,0.1048961780607681,-0.29327338368897937
ROS1-34-0005,2019-08-09,0.3223875992894611,0.1872951743095628,-0.38532500686327753
ROS1-27-0019,2019-08-09,0.22967300123039905,0.13130820729622192,-0.33602861988869925
ROS1-28-0002,2019-08-09,0.26682623191052623,0.34720176181296997,-0.24048799823311529
ROS1-33-0020,2019-08-09,0.22344192604334306,0.10147737964915035,-0.3527983701598683
ROS1-28-0015,2019-08-09,0.17197765783990812,0.09325103220494298,-0.27434144472167843
ROS1-33-0013,2019-08-09,0.26249134052246725,0.16846297253530534,-0.3501887831352621
ROS1-33-0008,2019-08-09,0.4856164561638059,0.27343274221248404,-0.48651759517795073
ROS1-34-0005,2019-08-09,0.32189587318003293,0.1876705488582934,-0.38388004227085865
ROS1-33-0013,2019-08-09,0.2610981312182453,0.16866612301874664,-0.3481151363946025
ROS1-24-0030,2019-08-11,0.15154191771867204,0.097574616240881,-0.2960298131777213
ROS1-19-0016,2019-08-11,0.2165731436176945,0.10304572238430036,-0.2837799075076769
ROS1-24-0034,2019-08-11,0.15717205766672873,0.09210111521102327,-0.28419687248360664
ROS1-18-0009,2019-08-11,0.17177486334268643,0.08288797087747041,-0.2840088203787408
ROS1-24-0023,2019-08-11,0.1728377741002153,0.09451256101876845,-0.31483517845757525
ROS1-18-0027,2019-08-11,0.41389936487373646,0.2783151269989878,-0.4613933728451598
ROS1-24-0030,2019-08-11,0.15231372010917282,0.09919327205223705,-0.2964229671342026
ROS1-18-0014,2019-08-11,0.35220203524158866,0.2019026391789734,-0.37881517771289563
ROS1-24-0024,2019-08-11,0.402977326976593,0.2821801901023495,-0.4402746130977453
ROS1-19-0018,2019-08-11,0.1273659784222874,0.05307493713158103,-0.20999958215900288
ROS1-24-0018,2019-08-11,0.4140640384217116,0.25119792472709435,-0.4491672921205173
ROS1-25-0027,2019-08-11,0.3008148355413532,0.20615424468090746,-0.37658149417407294
ROS1-19-0012,2019-08-11,0.30831083399857273,0.19714289069108765,-0.3865352497946338
ROS1-25-0012,2019-08-11,0.16558338074649587,0.09524735772198319,-0.29138590955938315
ROS1-25-0002,2019-08-11,0.380832648971339,0.2620892232656541,-0.40739522822910745
ROS1-30-0014,2019-08-11,0.5274976137271807,0.40477607182691105,-0.5315093224789175
ROS1-24-0023,2019-08-11,0.17335820483432332,0.09697131138078968,-0.304574732143281
ROS1-30-0002,2019-08-11,0.17821356745175482,0.09113386558733465,-0.31390532912880437
ROS1-30-0015,2019-08-11,0.25698922915748423,0.15561362366098402,-0.36918808602350384
ROS1-36-0006,2019-08-11,0.17669418000486306,0.0897704430482755,-0.31828470203303144
ROS1-37-0046,2019-08-11,0.34474725387259303,0.2367469127950557,-0.4172800866298715
ROS1-25-0032,2019-08-11,0.4155196346644975,0.2924274523287946,-0.4379346998721301
ROS1-26-0040,2019-08-11,0.45431929187682296,0.28330909737384125,-0.46943262774758704
ROS1-31-0021,2019-08-11,0.19037128054327188,0.09770344381874507,-0.3295634671334186
ROS1-32-0006,2019-08-11,0.32917670981827796,0.19572701662713135,-0.3946825603672303
ROS1-38-0007,2019-08-11,0.1923389757489346,0.09229445219454424,-0.34042716243729776
ROS1-31-0022,2019-08-11,0.17325167901740451,0.09002703099076763,-0.3208356531444689
ROS1-37-0031,2019-08-11,0.39572317721688205,0.2710341088222392,-0.4405512987554952
ROS1-25-0018,2019-08-11,0.18372173581942908,0.11684397750357323,-0.29358834481831986
ROS1-31-0033,2019-08-11,0.18038757672139016,0.10645098450021567,-0.30987625348310366
ROS1-32-0029,2019-08-11,0.625408826696964,0.46986979796017175,-0.5717549036057792
ROS1-37-0046,2019-08-11,0.3441782599862489,0.23664743257155554,-0.4159705992480997
ROS1-20-0038,2019-08-11,0.2879336228672303,0.19597597754772278,-0.3685699806096437
ROS1-21-0003,2019-08-11,0.16513099022616526,0.06390365092341571,-0.2748415880603117
ROS1-26-0018,2019-08-11,0.19018192406497353,0.08807342964348709,-0.30742251482226596
ROS1-26-0030,2019-08-11,0.2546481562544729,0.15687330881474185,-0.37846427261157223
ROS1-27-0013,2019-08-11,0.17378230552352308,0.0741204012406025,-0.2932928963693016
ROS1-28-0013,2019-08-11,0.22732892016846892,0.11257533060729988,-0.32782884192464723
ROS1-28-0015,2019-08-11,0.21648087952129944,0.10475722034606577,-0.31686314187718023
ROS1-29-0003,2019-08-11,0.17814558775283104,0.10735378951831294,-0.2807345633492763
ROS1-27-0005,2019-08-11,0.38835840372697444,0.21163405401884566,-0.4266723466435113
ROS1-32-0006,2019-08-11,0.33056527140549885,0.19561189109693683,-0.39757672953041157
ROS1-33-0008,2019-08-11,0.4751759120135583,0.28585880525433144,-0.4897892457349205
ROS1-32-0025,2019-08-11,0.23793659850569207,0.15561835305122476,-0.3413759610298861
ROS1-26-0030,2019-08-11,0.2535283002995803,0.15757844733145893,-0.3755150739417364
ROS1-28-0013,2019-08-11,0.22479196526739523,0.11271672847518296,-0.321386087215656
ROS1-34-0005,2019-08-11,0.35934798927571204,0.22337761147222862,-0.4072314504980626
ROS1-27-0019,2019-08-11,0.2614904275957527,0.16475393247815795,-0.3543060305925869
ROS1-28-0002,2019-08-11,0.656875926694907,0.40795697165615036,-0.5589220052295276
ROS1-33-0020,2019-08-11,0.2419346584288266,0.12359662824084602,-0.36027808557407903
ROS1-28-0015,2019-08-11,0.21452300387444306,0.10514972382817538,-0.3104708796877585
ROS1-33-0013,2019-08-11,0.29388693796601123,0.20161726456467727,-0.3732157631729843
ROS1-31-0021,2019-08-11,0.1857801099721271,0.0955359701394025,-0.32622352429869456
ROS1-36-0005,2019-08-11,0.3189389794004283,0.1921685018483848,-0.41240548793127535
ROS1-37-0019,2019-08-11,0.2072338440971606,0.13761790701965554,-0.3324417909169771
ROS1-42-0016,2019-08-11,0.1308372853406263,0.09830390348367861,-0.27172186402344695
ROS1-36-0007,2019-08-11,0.36825455486451975,0.2575528477637889,-0.42824541438598923
ROS1-42-0010,2019-08-11,0.17677516694131273,0.12754004148564158,-0.30326050373006974
ROS1-30-0015,2019-08-11,0.2559051217396285,0.15603104509160368,-0.36568297556145885
ROS1-36-0006,2019-08-11,0.1757958257536405,0.09010248440812355,-0.3145926535642743
ROS1-37-0046,2019-08-11,0.3449446921335801,0.23898407701684055,-0.41495610477078176
ROS1-42-0009,2019-08-11,0.19405833429032632,0.1322756988529271,-0.3206029474551646
ROS1-31-0021,2019-08-11,0.18536901972116476,0.09376141151155971,-0.33306723763890994
ROS1-38-0007,2019-08-11,0.19482934704047508,0.09192340138337979,-0.35051469709266014
ROS1-37-0031,2019-08-11,0.4010399784663678,0.27348644765807306,-0.4470946392832762
ROS1-38-0004,2019-08-11,0.33382479075344806,0.2528367545802972,-0.3984772817855504
ROS1-43-0026,2019-08-11,0.2972518574332684,0.21561831140866208,-0.39082429988711903
ROS1-44-0000,2019-08-11,0.42021174096707475,0.310347522930845,-0.46461117945442665
ROS1-37-0046,2019-08-11,0.34661137661227426,0.23716769470058355,-0.42002305559026365
ROS1-43-0017,2019-08-11,0.3194857718302878,0.1928946782560971,-0.4042489477942691
ROS1-42-0016,2019-08-11,0.13043211576680475,0.098548844793151,-0.2704372629295876
ROS1-43-0016,2019-08-11,0.38898467920934965,0.23862698863376564,-0.47160117729359924
ROS1-42-0009,2019-08-11,0.19336716530739348,0.13254216790795972,-0.31851449775212076
ROS1-43-0016,2019-08-11,0.3924205172808864,0.23844001475309598,-0.4774802788694239
ROS1-49-0012,2019-08-11,0.3007448588727425,0.21224624353226898,-0.38762080018999606
ROS1-49-0001,2019-08-11,0.28561104883433724,0.19899195447417684,-0.3726146065492882
ROS1-49-0002,2019-08-11,0.3275429056079472,0.21228364929900068,-0.42094682966794167
ROS1-33-0008,2019-08-11,0.4744894550707318,0.28593546641293854,-0.4887110559366262
ROS1-34-0005,2019-08-11,0.35806821482271217,0.22094870301635208,-0.40511884801386633
ROS1-33-0013,2019-08-11,0.2929355818243389,0.19836565654667984,-0.3718636815579232
ROS1-01-0044,2019-08-12,0.18408468872509642,0.10844339279568038,-0.32548345261829975
ROS1-01-0005,2019-08-12,0.17521392066851635,0.08851968147277928,-0.2925851904954358
ROS1-01-0009,2019-08-12,0.41102991705529707,0.22393434395503237,-0.45067041477603254
ROS1-07-0005,2019-08-12,0.3824885946369809,0.17894725605016068,-0.38837886874100885
ROS1-07-0031,2019-08-12,0.29774794160395285,0.16128886450375385,-0.3752235890982677
ROS1-07-0005,2019-08-12,0.3852147627079914,0.17921704838757713,-0.3915322083791537
ROS1-08-0022,2019-08-12,0.1253659772123824,0.06128101440674888,-0.24799922753789444
ROS1-14-0031,2019-08-12,0.39805345673895753,0.22078429591195872,-0.43688513517093996
ROS1-15-0025,2019-08-12,0.19187992058862036,0.11597230138093012,-0.29342918056564155
ROS1-16-0004,2019-08-12,0.6231125853931596,0.36142138681109776,-0.5727341561573198
ROS1-22-0014,2019-08-12,0.20453526541604927,0.0829401789863312,-0.27645970317637825
ROS1-22-0014,2019-08-12,0.2062348852258343,0.0820931734436568,-0.28375852018820397
ROS1-37-0046,2019-08-13,0.3512456728725525,0.24895232899872904,-0.4161487974013507
ROS1-36-0005,2019-08-13,0.3337773891847817,0.20990132003940332,-0.4197293165527167
ROS1-37-0019,2019-08-13,0.20188834066627576,0.137575498361572,-0.3254009720347805
ROS1-42-0016,2019-08-13,0.1348710104957803,0.10071295022771977,-0.2790830451087629
ROS1-36-0007,2019-08-13,0.34453750250253046,0.24210344737589737,-0.4146600097261473
ROS1-42-0010,2019-08-13,0.18546958373286135,0.13549102490260603,-0.3089985650136032
ROS1-37-0046,2019-08-13,0.3512705705387343,0.25027609136277446,-0.41531518648001603
ROS1-42-0009,2019-08-13,0.19219829231649715,0.1333044425434598,-0.3193057255451963
ROS1-43-0026,2019-08-13,0.2661513860704155,0.1948754681191409,-0.3675700474710003
ROS1-44-0000,2019-08-13,0.406578079875873,0.298229241149023,-0.45393470731563845
ROS1-37-0046,2019-08-13,0.35148016532568066,0.24971352507966574,-0.416117779581594
ROS1-43-0017,2019-08-13,0.3116547375689841,0.19626112483395616,-0.3929469414409026
ROS1-42-0016,2019-08-13,0.13423203560014005,0.10104521420681625,-0.2769627315698342
ROS1-43-0016,2019-08-13,0.3143384633051376,0.19183029832833776,-0.43114276803921137
ROS1-42-0009,2019-08-13,0.1907637946131175,0.13335296289520202,-0.3159898325645086
ROS1-43-0016,2019-08-13,0.3144794147248991,0.1918123984170582,-0.4319579407004615
ROS1-49-0012,2019-08-13,0.3054717477546444,0.22041535227429307,-0.38730735224117707
ROS1-49-0001,2019-08-13,0.28092502629868776,0.19942589561752544,-0.3672650804049443
ROS1-50-0003,2019-08-13,0.378685132022341,0.2668969175757131,-0.43678764109666685
ROS1-49-0002,2019-08-13,0.3107528698216957,0.20649328288123753,-0.4059298280210107
ROS1-01-0044,2019-08-14,0.18960627075703332,0.12214403462033782,-0.32271122677972064
ROS1-01-0005,2019-08-14,0.19153978584933454,0.10945003516378853,-0.30585462543189146
ROS1-01-0009,2019-08-14,0.38561360705298087,0.20635578867032955,-0.4365441772771732
ROS1-07-0005,2019-08-14,0.3509253325127697,0.17433773820986648,-0.3885787279653057
ROS1-13-0005,2019-08-14,0.40218974936836493,0.2562674563890098,-0.4394555630247109
ROS1-07-0031,2019-08-14,0.29115581745813446,0.17382864556820946,-0.3761775066723197
ROS1-07-0005,2019-08-14,0.35926601544698267,0.17581397567862567,-0.40001192328047513
ROS1-08-0022,2019-08-14,0.14111342319997414,0.07083564734388814,-0.26214042842702884
ROS1-07-0020,2019-08-14,0.2008857213561437,0.08739666982231677,-0.322395646284343
ROS1-08-0025,2019-08-14,0.6889618844428741,0.4452980523569987,-0.5791878273591481
ROS1-13-0000,2019-08-14,0.3324567701109589,0.17561204668530195,-0.4247164155326888
ROS1-14-0009,2019-08-14,0.17256216559243528,0.0658283083498185,-0.3122731273850934
ROS1-13-0020,2019-08-14,0.1556261740975438,0.05655877846843585,-0.299569959947166
ROS1-24-0030,2019-08-14,0.15366331882844986,0.0955125634589836,-0.3017335582239059
ROS1-19-0016,2019-08-14,0.2098690092429834,0.08970142816308521,-0.28631949208516994
ROS1-24-0034,2019-08-14,0.1590477984432295,0.07508199043040682,-0.3055842734745163
ROS1-18-0009,2019-08-14,0.18068970687154826,0.0791600560662223,-0.29676532750746487
ROS1-24-0023,2019-08-14,0.16849880976560908,0.08341987181430635,-0.32139867157646695
ROS1-18-0027,2019-08-14,0.2083405985531771,0.09694644748644324,-0.3354839905492224
ROS1-24-0030,2019-08-14,0.15128698077362931,0.0932864593377024,-0.30391181000291123
ROS1-18-0014,2019-08-14,0.3096606002951867,0.15387457640299318,-0.36386840129166875
ROS1-24-0024,2019-08-14,0.38012109344199213,0.25678479292344664,-0.44038183057177843
ROS1-19-0018,2019-08-14,0.131122028668188,0.04758737505654936,-0.22279050511759854
ROS1-24-0018,2019-08-14,0.33469396471088303,0.17128781011509467,-0.42319290672619286
ROS1-25-0027,2019-08-14,0.295468496557001,0.18761818786425036,-0.3819165300215809
ROS1-19-0012,2019-08-14,0.30333129979556606,0.1750089199103217,-0.3910206817530239
ROS1-25-0012,2019-08-14,0.15851953527423754,0.06203552752286545,-0.3035334273343615
ROS1-13-0000,2019-08-14,0.3200280613552212,0.17458713659454875,-0.39995708444173
ROS1-19-0004,2019-08-14,0.5632199563094894,0.29424850296820254,-0.5327076576724677
ROS1-20-0017,2019-08-14,0.4107095203154932,0.26708566743010853,-0.44416401611380196
ROS1-20-0026,2019-08-14,0.39388777399079095,0.1908194768751887,-0.46223222257041885
ROS1-25-0002,2019-08-14,0.4195123219718988,0.26671787646127193,-0.4345727094995446
ROS1-24-0023,2019-08-14,0.1681198008261862,0.08480342961054112,-0.3114125316296989
ROS1-25-0032,2019-08-14,0.4297283547849733,0.2797934134274179,-0.452761897643798
ROS1-26-0040,2019-08-14,0.5002205548137362,0.3015480000889809,-0.48696313916624956
ROS1-32-0006,2019-08-14,0.340181966315323,0.19009208365354618,-0.4007925814645307
ROS1-31-0022,2019-08-14,0.16274138932233653,0.07717555954785407,-0.3125478445577221
ROS1-25-0018,2019-08-14,0.17333131580465957,0.07467911727700259,-0.30428438017201
ROS1-32-0029,2019-08-14,0.5907326781681068,0.40499158262276813,-0.5494871973518695
ROS1-14-0002,2019-08-14,0.1950334656741557,0.1030248313759002,-0.2966412029222696
ROS1-15-0022,2019-08-14,0.29537286972424187,0.1881832815959633,-0.34436426539836035
ROS1-15-0013,2019-08-14,0.6542757522363745,0.4389318045381116,-0.5696074545172057
ROS1-14-0031,2019-08-14,0.40279647069055047,0.19992881758188916,-0.4468604781680635
ROS1-15-0025,2019-08-14,0.2060933171976981,0.13506147120019837,-0.2956712344116165
ROS1-16-0004,2019-08-14,0.5966548685469891,0.36888191025688916,-0.5433601843705507
ROS1-15-0013,2019-08-14,0.6739809110680162,0.4385050450126112,-0.5921040923683504
ROS1-21-0036,2019-08-14,0.770835441504108,0.5971539698440796,-0.6211664372759976
ROS1-21-0000,2019-08-14,0.3126898264696619,0.1569919277472213,-0.3486921814585084
ROS1-20-0038,2019-08-14,0.27766114333796177,0.17388408016546583,-0.36697052588929074
ROS1-21-0003,2019-08-14,0.14743225742206403,0.05219553207561487,-0.2686320203229361
ROS1-26-0018,2019-08-14,0.16840298079604213,0.06909717646538044,-0.300752456531037
ROS1-20-0017,2019-08-14,0.4132721838907902,0.26561745023548217,-0.449833691995601
ROS1-26-0030,2019-08-14,0.214857428961151,0.12138642451395287,-0.3656582695477705
ROS1-27-0013,2019-08-14,0.15451826926355156,0.06099881541712978,-0.2749969423880023
ROS1-20-0026,2019-08-14,0.3966227032333828,0.18913459586505296,-0.47106362379162925
ROS1-21-0037,2019-08-14,0.708767116725153,0.5411356211945703,-0.5647961773981063
ROS1-28-0013,2019-08-14,0.2114947986071889,0.09876503455500561,-0.3160872589534463
ROS1-22-0014,2019-08-14,0.20600517333906743,0.09716991234694862,-0.26296512571859115
ROS1-21-0010,2019-08-14,0.1674710121720706,0.05439988176438947,-0.2642780245643443
ROS1-22-0022,2019-08-14,0.5333431026418435,0.36097835008716256,-0.4819038407416882
ROS1-28-0015,2019-08-14,0.17032227859845994,0.06410532739951337,-0.2877894008044968
ROS1-22-0002,2019-08-14,0.2581621004161843,0.16210137864280116,-0.33223674229227435
ROS1-22-0006,2019-08-14,0.6302708170834642,0.4175268764644699,-0.5324354611488733
ROS1-22-0014,2019-08-14,0.20822309968034738,0.09452882380406254,-0.27626032779180265
ROS1-29-0003,2019-08-14,0.17023595974238176,0.09800380993089224,-0.27609256166112695
ROS1-29-0005,2019-08-14,0.5583752822986318,0.3608580821956163,-0.46272045948264384
ROS1-27-0005,2019-08-14,0.35230748298494663,0.17452718175091075,-0.4071027751475572
ROS1-32-0006,2019-08-14,0.34482722021588613,0.19020973853179485,-0.408531625420569
ROS1-33-0008,2019-08-14,0.44792516046090664,0.2551377483825336,-0.4675196351330678
ROS1-32-0025,2019-08-14,0.24450722631262628,0.15178424337960073,-0.3463850952469747
ROS1-26-0030,2019-08-14,0.2121222670318926,0.12171549313624522,-0.35621595983948473
ROS1-28-0013,2019-08-14,0.20748657471110307,0.09809340542350589,-0.30806863492547576
ROS1-34-0005,2019-08-14,0.32682191861572957,0.19273428131505058,-0.38990368116355023
ROS1-27-0019,2019-08-14,0.25330703480848354,0.14861599924910074,-0.35042555924850166
ROS1-28-0002,2019-08-14,0.6166823673670837,0.368307437918806,-0.5376903693671718
ROS1-33-0020,2019-08-14,0.22094040875881382,0.10566266749066036,-0.34045273147300376
ROS1-28-0015,2019-08-14,0.16569498723556747,0.06306290753540819,-0.27766083065435193
ROS1-33-0013,2019-08-14,0.29751893570988114,0.19450698286655232,-0.37148156870628996
ROS1-33-0008,2019-08-14,0.44498007462819117,0.2549958752563291,-0.4626985473096948
ROS1-34-0005,2019-08-14,0.32475858826006826,0.19197681938004185,-0.3869805733769292
ROS1-33-0013,2019-08-14,0.29621268468323403,0.1939552711002459,-0.3691503058782485
ROS1-24-0030,2019-08-16,0.17939586284012848,0.1430207233162608,-0.26459238344753777
ROS1-18-0027,2019-08-16,0.20955662487532575,0.1355025566812736,-0.23644960417669406
ROS1-24-0030,2019-08-16,0.1805610903342913,0.14251759657819657,-0.26784237748865736
ROS1-18-0014,2019-08-16,0.027651677857295706,0.2614771726515181,-0.015253034490075904
ROS1-30-0014,2019-08-16,0.4297217109571204,0.4175903723134659,-0.38969836384680556
ROS1-30-0002,2019-08-16,0.19542467753711365,0.19972143461174954,-0.189634294017922
ROS1-30-0015,2019-08-16,0.16085877697036988,0.08101362741231863,-0.2837815791940952
ROS1-36-0006,2019-08-16,0.1599349340383406,0.07970344133434681,-0.29359997369486157
ROS1-37-0046,2019-08-16,0.3589087787512551,0.23914247141722025,-0.4221809269326026
ROS1-31-0021,2019-08-16,0.16716687218836562,0.0941535282261128,-0.286370655055077
ROS1-37-0031,2019-08-16,0.4423386520760311,0.3037113348699966,-0.46496912813574826
ROS1-25-0018,2019-08-16,0.09577378206865675,0.0640718805530341,-0.10816265550146503
ROS1-31-0033,2019-08-16,0.17989947549244123,0.1130714826971656,-0.29193038603138427
ROS1-32-0029,2019-08-16,0.19793012353244968,0.2359117161616621,-0.18959311705006765
ROS1-37-0046,2019-08-16,0.359858026956483,0.23912198202011645,-0.4237363176701939
ROS1-26-0018,2019-08-16,0.11123586919494162,-1.8275192570565069,-0.11111387287037731
ROS1-29-0003,2019-08-16,0.23082963626666347,0.2013760826115018,-0.24741989305442963
ROS1-27-0005,2019-08-16,0.3037303497740079,0.1949643171315096,-0.34070258218865856
ROS1-28-0002,2019-08-16,0.33701950454568125,0.3518063255607973,-0.27736625792496117
ROS1-31-0021,2019-08-16,0.16579676313879058,0.094733204438367,-0.2801184173121178
ROS1-36-0005,2019-08-16,0.33590783869313473,0.19828121803554327,-0.4260124698164263
ROS1-37-0019,2019-08-16,0.20002413158221455,0.12988310190494443,-0.3234062669095625
ROS1-42-0016,2019-08-16,0.1218334303121783,0.08963982137012438,-0.2625081714026145
ROS1-36-0007,2019-08-16,0.2919666760494232,0.19642518591604824,-0.37794951567957946
ROS1-42-0010,2019-08-16,0.18665342527013956,0.13485869084513558,-0.30283301629583326
ROS1-30-0015,2019-08-16,0.1594439481606099,0.08125398933654558,-0.27890295378777863
ROS1-36-0006,2019-08-16,0.15862619808220055,0.07998711744309095,-0.2878945575025612
ROS1-37-0046,2019-08-16,0.3583057748894204,0.24107591407961118,-0.41855038155376517
ROS1-42-0009,2019-08-16,0.17737531103349757,0.11749735993621249,-0.307400677478766
ROS1-31-0021,2019-08-16,0.16595565962455158,0.09398901599231897,-0.2839154449030526
ROS1-37-0031,2019-08-16,0.44180986200087485,0.30490173518060293,-0.46306398371275087
ROS1-44-0000,2019-08-16,0.3820563008796214,0.31115952690028287,-0.4297763421261478
ROS1-37-0046,2019-08-16,0.3595703364083956,0.24000363535013827,-0.42182676660589713
ROS1-42-0016,2019-08-16,0.12559384343739974,0.09341393907863006,-0.26391342403894613
ROS1-43-0016,2019-08-16,0.28788463871136183,0.17549312031484665,-0.42403092513614526
ROS1-42-0009,2019-08-16,0.17741974028379834,0.11968842703736432,-0.30340373341716725
ROS1-43-0016,2019-08-16,0.28856372770299293,0.17432989963808668,-0.4248742777186392
ROS1-49-0012,2019-08-16,0.30499096955320076,0.212658356934762,-0.3871309197681449
ROS1-49-0001,2019-08-16,0.27292170527728016,0.1881941313850003,-0.36015292293183704
ROS1-50-0003,2019-08-16,0.35695546490904256,0.2648170401610175,-0.41496610563929887
ROS1-49-0002,2019-08-16,0.29144292412417466,0.1822872495933969,-0.398917780879385
ROS1-01-0044,2019-08-17,0.1773386176891342,0.11095495824661934,-0.27254913630849525
ROS1-01-0009,2019-08-17,0.06289828509282674,0.06909405600324349,-0.05709885804723083
ROS1-07-0005,2019-08-17,0.3246568896316753,0.13673105183900763,-0.36087992414772263
ROS1-07-0031,2019-08-17,0.27117554294259066,0.15881166563831703,-0.3520842830888691
ROS1-07-0005,2019-08-17,0.30025828932766463,0.1329320663580367,-0.32701827456781335
ROS1-37-0046,2019-08-18,0.3534865635281846,0.23982054535442235,-0.40349490444782765
ROS1-36-0005,2019-08-18,0.30397416840192576,0.24113669037765942,-0.35963381350214135
ROS1-37-0019,2019-08-18,0.13880890100143825,0.08001476937639238,-0.24916368443627143
ROS1-42-0016,2019-08-18,0.12037966813265895,0.09123073611053599,-0.2557880330659896
ROS1-36-0007,2019-08-18,0.25545704539726616,0.18084983964452833,-0.33651253707287887
ROS1-42-0010,2019-08-18,0.19800285803163473,0.1487933691157204,-0.30252600592633366
ROS1-37-0046,2019-08-18,0.35319392540306715,0.2408130105440615,-0.40197015734546915
ROS1-42-0009,2019-08-18,0.17190495999133834,0.12066835202629468,-0.2937562736055709
ROS1-43-0026,2019-08-18,0.24997674045793433,0.19080775631090502,-0.3503909057501968
ROS1-44-0000,2019-08-18,0.3763264751946438,0.2869540519447443,-0.4308020943578682
ROS1-37-0046,2019-08-18,0.35380682658530915,0.24040013165419682,-0.40340312766175174
ROS1-42-0016,2019-08-18,0.1172378487431977,0.0894868959018061,-0.2624930542004736
ROS1-43-0016,2019-08-18,0.24016872757407245,0.1584520865328735,-0.39011671078274257
ROS1-42-0009,2019-08-18,0.17668366931172397,0.12281875639901257,-0.3122624212784838
ROS1-43-0016,2019-08-18,0.2369129073710761,0.15779341682880954,-0.38228252046843414
ROS1-49-0012,2019-08-18,0.3009139508133357,0.2213485213197882,-0.3846802554370917
ROS1-49-0001,2019-08-18,0.26474130085210723,0.19106199233284352,-0.35606959921336245
ROS1-50-0003,2019-08-18,0.3451080492607824,0.24305298969654338,-0.4248945028088568
ROS1-49-0002,2019-08-18,0.27811993894092396,0.18291512721337652,-0.38768307324107826
ROS1-13-0005,2019-08-19,0.07891989838647326,-0.2503163570297396,-0.06241936857444827
ROS1-07-0020,2019-08-19,0.09417371837434187,0.0648603679440155,-0.08209121669419582
ROS1-13-0000,2019-08-19,0.002355085128536057,0.08076971266109349,0.012697360798166836
ROS1-24-0030,2019-08-19,0.1404742749752359,0.08697701940261286,-0.2799433754718249
ROS1-19-0016,2019-08-19,0.18067007580750896,0.08132309587785348,-0.22822155061469812
ROS1-24-0034,2019-08-19,0.12547494084720653,0.05594672892840736,-0.2615801266908807
ROS1-18-0009,2019-08-19,0.19799124546601782,0.08771714268346316,-0.2757133178132316
ROS1-24-0023,2019-08-19,0.1374316961271767,0.06429993234807174,-0.23690672469470325
ROS1-18-0027,2019-08-19,0.1511886510485113,0.0716684167006566,-0.2778115107617919
ROS1-24-0030,2019-08-19,0.14319043885189006,0.09060748479837978,-0.2727108746785542
ROS1-18-0014,2019-08-19,0.27985510747281367,0.13475564854867547,-0.32530987766714903
ROS1-19-0018,2019-08-19,0.08980431118940778,0.031058945885801378,-0.160587236750167
ROS1-25-0027,2019-08-19,0.07153359126454356,0.06938228322377352,-0.19433436181700953
ROS1-19-0012,2019-08-19,0.2543722503968316,0.1412553972411272,-0.29878660506304755
ROS1-25-0012,2019-08-19,0.12912432543333843,0.09046454849549634,-0.18439069348342266
ROS1-13-0000,2019-08-19,-0.008962058516844802,0.14852019367689773,0.03474921752453955
ROS1-25-0002,2019-08-19,0.29132486881447306,0.19089570754973834,-0.22136348842757952
ROS1-24-0023,2019-08-19,0.13545427599270254,0.07274811880865645,-0.20041727695428227
ROS1-25-0032,2019-08-19,0.40053821528096767,0.32371485460363586,-0.38772516240673727
ROS1-32-0006,2019-08-19,0.2892000915611316,0.21604265344690993,-0.31318073781533967
ROS1-31-0022,2019-08-19,0.1713110824018527,0.08530780006533666,-0.3173465039364968
ROS1-14-0002,2019-08-19,0.004689019996361252,0.6307427982407847,0.00847285586229898
ROS1-26-0030,2019-08-19,0.18086302134955595,0.11391195451588633,-0.29695462770930414
ROS1-28-0013,2019-08-19,0.15155678714722323,0.06774674106252837,-0.2560186452172545
ROS1-28-0015,2019-08-19,0.1443511534436388,0.060746278959996874,-0.24542773465782164
ROS1-22-0006,2019-08-19,0.440546680369194,1.8606343989134135,-0.2831551695611742
ROS1-29-0003,2019-08-19,0.21614090769331104,0.13198918984727792,-0.3096986099312052
ROS1-29-0005,2019-08-19,0.530806856611739,0.26198816448185813,-0.4446338696328871
ROS1-27-0005,2019-08-19,0.29462703997700973,0.15657827823695247,-0.34520787560212485
ROS1-32-0006,2019-08-19,0.2710551899121739,0.20229092981216623,-0.28674252064815553
ROS1-33-0008,2019-08-19,0.09617993755646773,0.1959606848449982,-0.13027075064657723
ROS1-32-0025,2019-08-19,0.26018802207744984,0.15385176505527412,-0.3134813045100595
ROS1-26-0030,2019-08-19,0.1800092245473211,0.11464293379838243,-0.29280715652453343
ROS1-28-0013,2019-08-19,0.14483176196730024,0.06529071631840068,-0.24633939777348984
ROS1-34-0005,2019-08-19,0.22923136694548782,0.12860134584548027,-0.24825547090118702
ROS1-27-0019,2019-08-19,0.1708987320687515,0.10658057805800938,-0.23236985054400586
ROS1-28-0002,2019-08-19,0.496239399375364,0.4053281455010037,-0.44486010937752474
ROS1-28-0015,2019-08-19,0.13719229770268918,0.05824471400993822,-0.23590729856435336
ROS1-33-0008,2019-08-19,0.09350390354234603,0.17773671702718394,-0.13683744304927542
ROS1-34-0005,2019-08-19,0.22986939496598363,0.12958031498151443,-0.24712503209793352
ROS1-24-0030,2019-08-21,0.153115737724267,0.10100920198683287,-0.27912460072336603
ROS1-19-0016,2019-08-21,0.1746304507758017,0.09403191597367727,-0.2138380579756859
ROS1-24-0034,2019-08-21,0.1218629323027053,0.10221420835978673,-0.12240374605851997
ROS1-18-0009,2019-08-21,0.2220566217445057,0.11720949268153968,-0.286064076739959
ROS1-24-0023,2019-08-21,0.16434390139011654,0.08781982337025106,-0.28441446212953286
ROS1-18-0027,2019-08-21,0.13803688124934266,0.09230758991081406,-0.186998466646657
ROS1-24-0030,2019-08-21,0.15333814141357974,0.10062822626251515,-0.2804665862348249
ROS1-18-0014,2019-08-21,0.2654709712036404,0.16014030292532896,-0.2977417023228989
ROS1-24-0024,2019-08-21,0.2481039483313282,0.209650459100145,-0.29164104599408874
ROS1-19-0018,2019-08-21,0.11434380674947568,0.05473256837672487,-0.16566325298904136
ROS1-24-0018,2019-08-21,0.21392691793718296,0.12105355365053623,-0.3230822045012877
ROS1-25-0027,2019-08-21,0.27491226523235895,0.1791034545522015,-0.2558327115496133
ROS1-19-0012,2019-08-21,0.27381074197258126,0.15609303851585454,-0.34460506357788223
ROS1-25-0012,2019-08-21,0.15373494566177395,0.06326646464499246,-0.28159775012143695
ROS1-25-0002,2019-08-21,0.39998823610614176,0.27667937184984676,-0.41713080581066964
ROS1-30-0014,2019-08-21,0.43627130268545067,0.3155730488242156,-0.46374854042388086
ROS1-24-0023,2019-08-21,0.1631270967069311,0.08805719643126665,-0.28032015562629903
ROS1-30-0002,2019-08-21,0.1918521293818679,0.11306894318831921,-0.2816449957260662
ROS1-30-0015,2019-08-21,0.14603948978949335,0.0647220043689592,-0.2707827508415201
ROS1-36-0006,2019-08-21,0.17432493949507247,0.09701542617198453,-0.2585847850849462
ROS1-37-0046,2019-08-21,0.344419618485548,0.2346067695958933,-0.4125414172593434
ROS1-25-0032,2019-08-21,0.4037684285393086,0.2808860253326255,-0.4329298503055078
ROS1-26-0040,2019-08-21,0.5461854885535684,0.3818919138474283,-0.49765805745099845
ROS1-31-0021,2019-08-21,0.13155843575262396,0.07041502222928737,-0.2571589373794846
ROS1-32-0006,2019-08-21,0.22308670635812042,0.12434936280931475,-0.30291138380740396
ROS1-38-0007,2019-08-21,0.18896454409191954,0.09403005300261004,-0.3214850789623807
ROS1-31-0022,2019-08-21,0.16324855083594073,0.08801738506849964,-0.2988018371439718
ROS1-37-0031,2019-08-21,0.33142685829839597,0.2285500004052189,-0.3962264474318248
ROS1-25-0018,2019-08-21,0.15470271199024782,0.07201379328980369,-0.26410389961740677
ROS1-31-0033,2019-08-21,0.19212128952422614,0.11245098518304607,-0.3088863992149027
ROS1-32-0029,2019-08-21,0.15187378182792272,0.08462794029958327,-0.2731371819630268
ROS1-37-0046,2019-08-21,0.3414925977645222,0.23364016047694358,-0.4074849868229358
ROS1-20-0038,2019-08-21,0.3179034520402627,0.15828718984210494,-0.3509276681080084
ROS1-26-0018,2019-08-21,0.17195602278189204,0.07729144809424618,-0.27563655407535753
ROS1-26-0030,2019-08-21,0.14563496669865658,0.07780929145595651,-0.26723516965555294
ROS1-27-0013,2019-08-21,0.1379135903354076,0.06187037483118985,-0.23821237898031114
ROS1-28-0013,2019-08-21,0.13813562561706655,0.055081056037251254,-0.2833324079465889
ROS1-28-0015,2019-08-21,0.14341433555034638,0.05538250218491519,-0.281606296792629
ROS1-29-0003,2019-08-21,0.20526367105523768,0.05496786698183825,-0.33156621705267697
ROS1-27-0005,2019-08-21,0.28863875040530845,0.15776762111240236,-0.3515608527129178
ROS1-32-0006,2019-08-21,0.22473941792213734,0.12411116010674195,-0.30839460593285245
ROS1-33-0008,2019-08-21,0.3615880197853249,0.21946717274229044,-0.4099809684911584
ROS1-32-0025,2019-08-21,0.29236865166249604,0.2030821416798728,-0.3596825215435997
ROS1-26-0030,2019-08-21,0.14346835442794614,0.07792361640905968,-0.25968559868173047
ROS1-28-0013,2019-08-21,0.14259295462286917,0.05915275079761818,-0.27037569487961277
ROS1-34-0005,2019-08-21,0.2933247780124644,0.18793468106586686,-0.3651828026533368
ROS1-27-0019,2019-08-21,0.16276155365486675,0.08261307950805793,-0.2679674440413711
ROS1-28-0002,2019-08-21,0.5259560378138426,0.3216310996439085,-0.5144106848793443
ROS1-33-0020,2019-08-21,0.2113929885566149,0.11517114208546195,-0.3113806903869732
ROS1-28-0015,2019-08-21,0.1457579612255395,0.05866168687994172,-0.26590975319006604
ROS1-33-0013,2019-08-21,0.358470537127409,0.24881336131825527,-0.40647914092232196
ROS1-31-0021,2019-08-21,0.13922619420594864,0.0803087623309648,-0.2412661286367614
ROS1-36-0005,2019-08-21,0.3108049517084617,0.1891064430212236,-0.39846563730087137
ROS1-37-0019,2019-08-21,0.18385481685976748,0.12106695055090357,-0.3064260826567135
ROS1-42-0016,2019-08-21,0.13540029070705445,0.10093318785687357,-0.2774048969636876
ROS1-36-0007,2019-08-21,0.237824032083295,0.1628518803150311,-0.34313863676578776
ROS1-42-0010,2019-08-21,0.1771136184331903,0.12300053519692676,-0.29748532757118507
ROS1-30-0015,2019-08-21,0.14392368154925328,0.0645352690337128,-0.2637465947815577
ROS1-36-0006,2019-08-21,0.17282053414382492,0.09733893887235788,-0.2532472790413405
ROS1-37-0046,2019-08-21,0.34341036259118995,0.2359694130665839,-0.4089598726391883
ROS1-42-0009,2019-08-21,0.1724977922145346,0.11687331241962393,-0.30800362868198866
ROS1-38-0007,2019-08-21,0.18374078354422813,0.09497108204022191,-0.30901790274132546
ROS1-37-0031,2019-08-21,0.3268800284283651,0.23162639591318795,-0.3892922596695512
ROS1-38-0004,2019-08-21,0.255618915593943,0.19231312457775615,-0.35431720228098357
ROS1-43-0026,2019-08-21,0.2237309361826359,0.16403655246268636,-0.3413339168061716
ROS1-44-0000,2019-08-21,0.3505928927808042,0.2527003904109087,-0.42005920496750326
ROS1-37-0046,2019-08-21,0.33719784884563514,0.2376367400397072,-0.40112699256272666
ROS1-43-0017,2019-08-21,0.3034321276593916,0.1967061902233029,-0.3876699363099705
ROS1-42-0016,2019-08-21,0.13472350027812482,0.10086236551899178,-0.27561612272155894
ROS1-43-0016,2019-08-21,0.1785401398828248,0.11999004300872068,-0.34058228383131156
ROS1-42-0009,2019-08-21,0.17195553402509853,0.11709138470650797,-0.30594919537737036
ROS1-43-0016,2019-08-21,0.1779027831905983,0.12276992168332225,-0.33286634923594394
ROS1-49-0012,2019-08-21,0.2413728043130924,0.17820449582946996,-0.3409580135701565
ROS1-49-0001,2019-08-21,0.23944517962070744,0.17631363607497394,-0.33495715762332257
ROS1-50-0003,2019-08-21,0.29602193545951583,0.2092698173407838,-0.3842823524064762
ROS1-49-0002,2019-08-21,0.25686460706049996,0.17236278544196315,-0.36110356385554443
ROS1-33-0008,2019-08-21,0.36413141121062,0.22583644786963247,-0.4128329670782769
ROS1-34-0005,2019-08-21,0.29125249489533944,0.18805663863139438,-0.3600192311505988
ROS1-33-0013,2019-08-21,0.35607506639537034,0.24859174344300466,-0.4022628689883994
ROS1-01-0044,2019-08-22,0.179932742456982,0.310243578801502,-0.23694799385699336
ROS1-07-0031,2019-08-22,0.26522783770462965,0.16233252019664102,-0.32052452812093846
ROS1-08-0022,2019-08-22,0.13268384846131723,0.05142828893108854,-0.2849805603987003
ROS1-08-0025,2019-08-22,0.5175295092477397,0.23303181932958855,-0.49822353967813016
ROS1-14-0031,2019-08-22,0.38512535214240656,0.18708777786857528,-0.4080089374854014
ROS1-15-0025,2019-08-22,0.15570866333054162,0.08043140185312161,-0.2725115189641945
ROS1-16-0004,2019-08-22,0.6402815627202126,0.36141004537126753,-0.5810224722600715
ROS1-22-0014,2019-08-22,0.4235535776610395,0.19101836336147376,-0.40428657750883606
ROS1-22-0014,2019-08-22,0.42770209238083046,0.19055570077790193,-0.41128437377046606
ROS1-37-0046,2019-08-23,0.29738480144357365,0.20972532568186095,-0.37748075062864733
ROS1-36-0005,2019-08-23,0.2878279131806986,0.18106188907183995,-0.37648752540380964
ROS1-37-0019,2019-08-23,0.17141708363472327,0.11539951908867443,-0.29722688064580666
ROS1-42-0016,2019-08-23,0.12942013512728845,0.1032272691398654,-0.26352741616108644
ROS1-36-0007,2019-08-23,0.20898083537284776,0.1525081401804414,-0.32015915405513157
ROS1-37-0046,2019-08-23,0.2975233483794061,0.2106729834555178,-0.37660783290752436
ROS1-42-0009,2019-08-23,0.15304780771853563,0.10718518093428193,-0.28983148930596775
ROS1-44-0000,2019-08-23,0.33703673966538694,0.25394384145859494,-0.4102309247934948
ROS1-37-0046,2019-08-23,0.2982164909410789,0.21031695762115923,-0.3779821313744584
ROS1-43-0017,2019-08-23,0.3063731410382893,0.20845494471429013,-0.39281174036581434
ROS1-42-0016,2019-08-23,0.1287332319635019,0.10342438918863708,-0.2610412034030566
ROS1-43-0016,2019-08-23,0.15651713690706082,0.10797960966793162,-0.31746478838491865
ROS1-42-0009,2019-08-23,0.15232831496933824,0.10756514261163509,-0.28698725466875824
ROS1-43-0016,2019-08-23,0.15654129730239932,0.10780454359712634,-0.3181281797214405
ROS1-49-0012,2019-08-23,0.21000292326041836,0.14776294680548646,-0.3022081277284006
ROS1-50-0003,2019-08-23,0.27655688822183616,0.2011899121445658,-0.3776126068464259
ROS1-01-0044,2019-08-24,0.19861371888551213,0.12644930986825664,-0.29475120976216496
ROS1-01-0005,2019-08-24,0.23077905705508436,0.14021173550328142,-0.3037994318819832
ROS1-01-0009,2019-08-24,0.2998525168362886,0.16948924886034622,-0.3652753596094794
ROS1-07-0005,2019-08-24,0.24121866233320458,0.10576093937787448,-0.31491029883906313
ROS1-07-0031,2019-08-24,0.25644075854689125,0.14736326469734998,-0.3305987880023337
ROS1-07-0005,2019-08-24,0.25131795544280383,0.10725621739058805,-0.33364196411585917
ROS1-08-0022,2019-08-24,0.216456596986138,-2.0068242469355733,-0.18879404166409555
ROS1-07-0020,2019-08-24,0.17964134205013685,0.08694103630522358,-0.277391126867619
ROS1-08-0025,2019-08-24,0.4483294894917914,0.24996112014245475,-0.4366996221831619
ROS1-13-0000,2019-08-24,0.16526099239094286,0.06508202773282015,-0.2840535171673108
ROS1-14-0009,2019-08-24,0.1524433849623809,0.06294725875658577,-0.26305365796300345
ROS1-13-0020,2019-08-24,0.12372801755423284,0.04333402266385023,-0.2235634116600938
ROS1-24-0030,2019-08-24,0.1405288399638982,0.08581835241135105,-0.2854327230306335
ROS1-19-0016,2019-08-24,0.1411212514162844,0.11969575852654292,-0.17428581594568585
ROS1-24-0034,2019-08-24,0.12830567996362863,0.06349888766062486,-0.23804713667675298
ROS1-18-0009,2019-08-24,0.17851595898839384,0.0907775189718182,-0.25318484431033095
ROS1-24-0023,2019-08-24,0.15013295749660924,0.08349156384187181,-0.2469317534167984
ROS1-18-0027,2019-08-24,0.16138389728779087,0.08903079601543187,-0.2704768727187868
ROS1-24-0030,2019-08-24,0.14330821080757342,0.08923745154387318,-0.2775152316092696
ROS1-18-0014,2019-08-24,0.1772839412310536,0.1470958061561247,-0.1966898433614248
ROS1-24-0024,2019-08-24,0.272064135415036,0.19052850435481375,-0.36671259348721363
ROS1-19-0018,2019-08-24,0.13399166587595496,0.08314364980060378,-0.17978850818511147
ROS1-24-0018,2019-08-24,0.2038538996199352,0.11633409786370447,-0.30732083825438655
ROS1-25-0027,2019-08-24,0.23081889203039638,0.14857409209071595,-0.3265761326086751
ROS1-19-0012,2019-08-24,0.044453263286991763,0.07373121955625785,-0.11386541459965689
ROS1-25-0012,2019-08-24,0.1648444579174903,0.12940801867639345,-0.19941631782003133
ROS1-13-0000,2019-08-24,0.15928633339394896,0.0643488947544941,-0.26657667165035676
ROS1-19-0004,2019-08-24,0.512219825779957,0.2733822720433906,-0.5025756248274608
ROS1-20-0017,2019-08-24,0.44741202739558994,0.2997919681342753,-0.4561966361755375
ROS1-20-0026,2019-08-24,0.177495747198526,0.08724790895162042,-0.2982390785520533
ROS1-24-0023,2019-08-24,0.14958287346199103,0.08358579551295682,-0.2447944741713237
ROS1-25-0032,2019-08-24,0.36893986889967634,0.26983031294074455,-0.4078134553346537
ROS1-32-0006,2019-08-24,0.19616907428562694,0.09995267032584348,-0.23932242073919366
ROS1-31-0022,2019-08-24,0.17053162881789347,0.09230895169486378,-0.30409008089513306
ROS1-25-0018,2019-08-24,0.15341228937546728,0.06764928138078573,-0.25860264674831546
ROS1-32-0029,2019-08-24,0.15089576592330078,0.07810596484618733,-0.2810296567317005
ROS1-14-0002,2019-08-24,0.15614699853543107,0.0700825960117919,-0.26018430150615407
ROS1-15-0022,2019-08-24,0.45600510404452527,0.30137245774298793,-0.43919932901724135
ROS1-15-0013,2019-08-24,0.6184569196947719,0.4027629118428672,-0.5420226691784492
ROS1-14-0031,2019-08-24,0.36548094966348255,0.18226138048650742,-0.4052547559675381
ROS1-15-0025,2019-08-24,0.16344059398636926,0.0908628305730381,-0.26887906731853434
ROS1-16-0004,2019-08-24,0.6105289841683998,0.3956242855726628,-0.5493929096055901
ROS1-15-0013,2019-08-24,0.6430597079994699,0.403671813545314,-0.5695624043913599
ROS1-21-0036,2019-08-24,0.5854453061099235,0.37611631131565837,-0.4720597680478872
ROS1-21-0000,2019-08-24,0.17251006065269026,0.06913687976230268,-0.2795137676295837
ROS1-20-0038,2019-08-24,0.07240571856814561,0.04555553135966795,-0.13606393590503393
ROS1-21-0003,2019-08-24,0.14685532498651713,0.055722696451215234,-0.259929153033492
ROS1-20-0017,2019-08-24,0.4453103921204649,0.29723997412191516,-0.45515066645506613
ROS1-26-0030,2019-08-24,0.09544537745885255,0.055911398601095744,-0.14860490046952407
ROS1-27-0013,2019-08-24,0.1453454164561958,0.057271230760006196,-0.2712830441152326
ROS1-20-0026,2019-08-24,0.1797748593258269,0.08827277022370215,-0.2997542551756533
ROS1-21-0037,2019-08-24,0.4554381572029871,0.2929323056639202,-0.3911274418302985
ROS1-28-0013,2019-08-24,0.12716667533054798,0.04866302811041075,-0.2656382150280292
ROS1-22-0014,2019-08-24,0.42117853972281355,0.2743878624028388,-0.374781711930877
ROS1-21-0010,2019-08-24,0.18462786151999427,0.058906620306477246,-0.28161987833410335
ROS1-28-0015,2019-08-24,0.1341526868489067,0.05010871431080242,-0.2641049581045238
ROS1-22-0002,2019-08-24,0.4085200160458906,0.23807358517137378,-0.4049468086949107
ROS1-22-0006,2019-08-24,0.5496246571448671,0.3964559997305668,-0.4432325087808978
ROS1-22-0014,2019-08-24,0.41635417658795326,0.2734282780568438,-0.3702365054516964
ROS1-29-0003,2019-08-24,0.19384682249402035,0.07068024734822807,-0.2533767713056043
ROS1-27-0005,2019-08-24,0.26823311555789675,0.14168956380691558,-0.34330383322666214
ROS1-32-0006,2019-08-24,0.18438704831705696,0.10165231894385139,-0.21196466565832062
ROS1-33-0008,2019-08-24,0.33267104301268186,0.21708827889403032,-0.3830886627994454
ROS1-32-0025,2019-08-24,0.24007146854916084,0.20466171969066443,-0.2873697095619257
ROS1-26-0030,2019-08-24,0.09691434891230684,0.058184259815927085,-0.14205180871283982
ROS1-28-0013,2019-08-24,0.1336367787602575,0.0550997398158504,-0.24003771961381756
ROS1-34-0005,2019-08-24,0.27293945557005994,0.16149539404918367,-0.37372288787564883
ROS1-27-0019,2019-08-24,0.1655916222264852,0.07405062008155593,-0.29555471440233216
ROS1-28-0002,2019-08-24,0.44151522487130623,0.26795283896906763,-0.4605711338083888
ROS1-33-0020,2019-08-24,0.2211334541468884,0.10397438147684551,-0.3421863865853705
ROS1-28-0015,2019-08-24,0.1357232507069902,0.054706310451136685,-0.23439837792249948
ROS1-33-0013,2019-08-24,0.3758093661552494,0.2459279229064879,-0.4352884344060768
ROS1-33-0008,2019-08-24,0.33075491688391556,0.21703947916463112,-0.3797627018620543
ROS1-34-0005,2019-08-24,0.2714393440808406,0.16193851336478696,-0.36860497833967654
ROS1-33-0013,2019-08-24,0.37299343138167645,0.24555836882672666,-0.43037054050815304
ROS1-19-0016,2019-08-26,0.17700106526457288,0.08374611650253604,-0.24415493493648102
ROS1-24-0034,2019-08-26,0.1390406534974396,0.07494315339414077,-0.2627715187814075
ROS1-18-0009,2019-08-26,0.15873769337370017,0.08045945235773165,-0.262446749299351
ROS1-24-0023,2019-08-26,0.15390297256339291,0.07779694275679429,-0.2843932782798146
ROS1-18-0027,2019-08-26,0.15550895442596693,0.08568999259433485,-0.2764317477417093
ROS1-18-0014,2019-08-26,0.26632912914103674,0.1459293720371998,-0.3240394389684572
ROS1-24-0024,2019-08-26,0.2684010927670658,0.19092999577627653,-0.38226578286947244
ROS1-19-0018,2019-08-26,0.11302373882744213,0.04646014198011949,-0.18514182652299138
ROS1-24-0018,2019-08-26,0.20773878404552357,0.11634864428377846,-0.33020135452267146
ROS1-25-0027,2019-08-26,0.23841456389135787,0.15483667567623122,-0.34570943452681596
ROS1-19-0012,2019-08-26,0.24283864026202526,0.12820400888748507,-0.3426396543868206
ROS1-25-0012,2019-08-26,0.15222376531599574,0.06019975636427429,-0.2776615983889698
ROS1-25-0002,2019-08-26,0.14300564750542658,0.07487558765070801,-0.25841963456537104
ROS1-30-0014,2019-08-26,0.3143023695839517,0.20921346154247555,-0.3992816804854343
ROS1-24-0023,2019-08-26,0.15174861642653792,0.07851584586607525,-0.27303980772094844
ROS1-30-0002,2019-08-26,0.15928875368754525,0.08298364709656188,-0.2893736246034232
ROS1-30-0015,2019-08-26,0.14514880646368858,0.06920004549427704,-0.2765612330996813
ROS1-36-0006,2019-08-26,0.1888480591747556,0.09777914769170487,-0.29848473644704127
ROS1-37-0046,2019-08-26,0.2981653657177063,0.19476492841489787,-0.38604766833762555
ROS1-25-0032,2019-08-26,0.36350404913165274,0.23943951974658156,-0.4180917622344345
ROS1-26-0040,2019-08-26,0.5834982169316707,0.3967670823874693,-0.5417123096696949
ROS1-31-0021,2019-08-26,0.1493110344783902,0.07717320217053172,-0.2878448257049859
ROS1-32-0006,2019-08-26,0.1782463302779533,0.07976918707924947,-0.3049545055557277
ROS1-38-0007,2019-08-26,0.20595068578790504,0.1003866990170429,-0.33540878754682474
ROS1-31-0022,2019-08-26,0.16706269213896166,0.08812377030952236,-0.30916472321845284
ROS1-37-0031,2019-08-26,0.24846931742721276,0.165649368280675,-0.363949182213111
ROS1-25-0018,2019-08-26,0.15344964427073424,0.07041284994941216,-0.26916982637678694
ROS1-31-0033,2019-08-26,0.20541852727626822,0.11911618758244659,-0.3229365058140718
ROS1-32-0029,2019-08-26,0.1469579226432025,0.07939327812489906,-0.284077941642233
ROS1-37-0046,2019-08-26,0.297562602130425,0.1961130336154319,-0.38595174716167907
ROS1-20-0038,2019-08-26,0.28036945696739557,0.18125888022251085,-0.36770905695908396
ROS1-21-0003,2019-08-26,0.14869374205019628,0.05971508336265864,-0.2673943689017953
ROS1-26-0018,2019-08-26,0.16954253551762186,0.07534886013057561,-0.288797796954768
ROS1-26-0030,2019-08-26,0.14183977405824044,0.06904357393390347,-0.28911541100695404
ROS1-27-0013,2019-08-26,0.14957441137926353,0.06363112754062927,-0.27821129996428584
ROS1-28-0013,2019-08-26,0.14743052175942215,0.05891738006977927,-0.2925428429959685
ROS1-28-0015,2019-08-26,0.1505510707033472,0.05818394950472062,-0.2897099196538549
ROS1-29-0003,2019-08-26,0.19366925946757432,0.05527854376163365,-0.315050660541905
ROS1-27-0005,2019-08-26,0.2847257406037609,0.1462963936554889,-0.3795911715338923
ROS1-32-0006,2019-08-26,0.17577508164260808,0.07885928882848389,-0.2981815502655972
ROS1-33-0008,2019-08-26,0.3604318473820975,0.21525035116671304,-0.4339256125412793
ROS1-32-0025,2019-08-26,0.29464462997969365,0.19241647044969593,-0.37814951926065954
ROS1-26-0030,2019-08-26,0.13896023296670662,0.06877106384201233,-0.28033368593261015
ROS1-28-0013,2019-08-26,0.1495956591677508,0.061904404685401836,-0.27955759599114116
ROS1-34-0005,2019-08-26,0.2692563043375029,0.1654142469289662,-0.3758042651323312
ROS1-27-0019,2019-08-26,0.17312638310336956,0.08414812700096788,-0.3034555372157867
ROS1-28-0002,2019-08-26,0.4321367278203522,0.25735063409126907,-0.4894112704447615
ROS1-33-0020,2019-08-26,0.22833718932388217,0.11636692756463726,-0.35239172719627254
ROS1-28-0015,2019-08-26,0.15138925603852654,0.06071491675871151,-0.27484336123680897
ROS1-33-0013,2019-08-26,0.39068589633079726,0.2616448868436261,-0.4470526820927305
ROS1-31-0021,2019-08-26,0.14485580317103947,0.07336683220096886,-0.2876914438386418
ROS1-36-0005,2019-08-26,0.28155815879785123,0.16598001383567468,-0.3801804544095402
ROS1-37-0019,2019-08-26,0.17590095560331345,0.11200030541430218,-0.30833456775389445
ROS1-42-0016,2019-08-26,0.12212863098888967,0.08831564106709816,-0.2724424971653999
ROS1-42-0010,2019-08-26,0.17516817128231027,0.12828198414459752,-0.3096595507022652
ROS1-30-0015,2019-08-26,0.14325934577909896,0.0679341363989411,-0.27693056687244094
ROS1-36-0006,2019-08-26,0.190039118968638,0.09816933943952923,-0.3001968389948897
ROS1-37-0046,2019-08-26,0.2997865784106647,0.1960130636654058,-0.3875606040059701
ROS1-42-0009,2019-08-26,0.1508191605571743,0.10006770481068596,-0.2946089900794997
ROS1-31-0021,2019-08-26,0.14548460144161626,0.07694521993986915,-0.2720091261830212
ROS1-38-0007,2019-08-26,0.19807730885522315,0.09885995876320501,-0.3151602318449634
ROS1-37-0031,2019-08-26,0.2424203351155365,0.16357540734122936,-0.3504228662086372
ROS1-38-0004,2019-08-26,0.22727927918976673,0.1644388221452851,-0.3454701516315088
ROS1-43-0026,2019-08-26,0.1847440099107089,0.1255698708587852,-0.3198046708287808
ROS1-44-0000,2019-08-26,0.31920870606143215,0.22003531845956084,-0.4074714451220635
ROS1-37-0046,2019-08-26,0.2906175619686735,0.19423889363014527,-0.37194300774276645
ROS1-43-0017,2019-08-26,0.25869340798724755,0.1896122676682811,-0.34270241097250614
ROS1-42-0016,2019-08-26,0.12497812950700304,0.09128192841248053,-0.2749455390551562
ROS1-43-0016,2019-08-26,0.15563610212403434,0.09663324532679282,-0.3034215179551521
ROS1-42-0009,2019-08-26,0.15230840570293736,0.10245941540531767,-0.2946943709647453
ROS1-43-0016,2019-08-26,0.15101106929966837,0.09542597646762672,-0.2883738888565332
ROS1-49-0012,2019-08-26,0.20619423472478893,0.14987281984145226,-0.3213197928377951
ROS1-49-0001,2019-08-26,0.2024282913427085,0.1455867613327009,-0.31603101354587976
ROS1-50-0003,2019-08-26,0.24911384447151166,0.16516010476079115,-0.3674670565841883
ROS1-49-0002,2019-08-26,0.2392692918871033,0.15775352604851206,-0.34914226849386215
ROS1-33-0008,2019-08-26,0.3603336000590863,0.21496082354989307,-0.4344718587795605
ROS1-34-0005,2019-08-26,0.26900512683439726,0.1665706420925448,-0.3723747138839489
ROS1-33-0013,2019-08-26,0.387665177036917,0.2607790303921361,-0.44218376848397944
ROS1-24-0030,2019-08-26,0.14824326778598254,0.09315034253303144,-0.28498264696419534
ROS1-24-0030,2019-08-26,0.14353891954569686,0.08871968584427378,-0.28391751771114765
ROS1-01-0044,2019-08-27,0.20905635095788677,0.12287878829232111,-0.32657260589300413
ROS1-01-0005,2019-08-27,0.23768531405621088,0.13314503758197752,-0.3220735945747986
ROS1-01-0009,2019-08-27,0.3010827404285848,0.15267373815252394,-0.3913528510562523
ROS1-07-0005,2019-08-27,0.24631413942590236,0.09925621524758918,-0.333900401340783
ROS1-07-0031,2019-08-27,0.25495599294060756,0.14023842185845306,-0.3423233322898824
ROS1-07-0005,2019-08-27,0.27859705446944094,0.10322106610557621,-0.39633481547884436
ROS1-08-0022,2019-08-27,0.14746280847352566,0.06179458049332367,-0.3038947939324336
ROS1-08-0025,2019-08-27,0.411406366871028,0.18197707293820298,-0.49881395309614845
ROS1-14-0031,2019-08-27,0.3936954139222578,0.17810778259978016,-0.4550546258629866
ROS1-37-0046,2019-08-28,0.283108074709718,0.20164109689719253,-0.37456464585510024
ROS1-36-0005,2019-08-28,0.2746584166197279,0.17826589040855823,-0.3680058403061744
ROS1-37-0019,2019-08-28,0.17142370909062096,0.11964899370339978,-0.29732324563112
ROS1-42-0016,2019-08-28,0.13043413404622872,0.0999040262603069,-0.27416764864480686
ROS1-42-0010,2019-08-28,0.16650596713268165,0.12825153119797592,-0.29586519030306596
ROS1-37-0046,2019-08-28,0.2802604346943582,0.2005972330730165,-0.3683823537889986
ROS1-42-0009,2019-08-28,0.15339445640517038,0.10958506814008019,-0.29032661041434055
ROS1-43-0026,2019-08-28,0.18243615043237096,0.13081904289457597,-0.32331303081135704
ROS1-44-0000,2019-08-28,0.31493757721595134,0.22855703478697156,-0.4150072878339538
ROS1-37-0046,2019-08-28,0.28302236572969647,0.20175238122078537,-0.37440553631778106
ROS1-43-0017,2019-08-28,0.2863758869453383,0.21681391294195518,-0.37428265632324975
ROS1-42-0016,2019-08-28,0.12987143574575916,0.10027249662855729,-0.271679576050466
ROS1-43-0016,2019-08-28,0.15342397822979725,0.10974380386409639,-0.3138425717528743
ROS1-42-0009,2019-08-28,0.1522964588226584,0.10967796347823262,-0.2869521710371383
ROS1-43-0016,2019-08-28,0.1766116477495756,0.11725115472418511,-0.3208519916862454
ROS1-49-0012,2019-08-28,0.1760623048172099,0.31039517844162867,-0.17262099110210163
ROS1-49-0001,2019-08-28,0.202564542902918,0.15698705527380444,-0.31910381169189445
ROS1-50-0003,2019-08-28,0.24115472955461348,0.1660067914529281,-0.37043860240326065
ROS1-49-0002,2019-08-28,0.24493466161109803,0.17070590819198866,-0.3579644910635408
ROS1-01-0044,2019-08-29,0.22190134087316957,0.13328368115287664,-0.35089176023004387
ROS1-01-0005,2019-08-29,0.18064800194011782,0.08418606391604956,-0.30621651919941234
ROS1-01-0009,2019-08-29,0.30155080154604014,0.16448090774585847,-0.38892437709908984
ROS1-07-0005,2019-08-29,0.1599357663721997,0.09782817982644121,-0.18237181164475746
ROS1-07-0031,2019-08-29,0.2710972404942293,0.15358258650571235,-0.36552661446409235
ROS1-07-0005,2019-08-29,0.16368509862890415,0.09858516248891484,-0.18965131926251017
ROS1-08-0022,2019-08-29,0.15408960798177573,0.06996226712629247,-0.2897599377759605
ROS1-07-0020,2019-08-29,0.19492566231205438,0.08939411804065826,-0.31205944826017556
ROS1-08-0025,2019-08-29,0.35977815892242004,0.17388686334181652,-0.46221127603651624
ROS1-13-0000,2019-08-29,0.17888016875930243,0.06272618192607032,-0.32664447121630685
ROS1-14-0009,2019-08-29,0.17441947667380037,0.06518195562691424,-0.3222297054943525
ROS1-13-0020,2019-08-29,0.1699370833827841,0.06124329553043396,-0.30536479591943944
ROS1-24-0030,2019-08-29,0.16076759045804703,0.09686253646147149,-0.30993928080520766
ROS1-19-0016,2019-08-29,0.2045659654649725,0.08505940510386964,-0.2915163141886794
ROS1-24-0034,2019-08-29,0.15514046427596911,0.07412330360875607,-0.29689984448761614
ROS1-18-0009,2019-08-29,0.18080306025563592,0.07979308619263753,-0.30823099642910756
ROS1-24-0023,2019-08-29,0.18150040014536778,0.08350796589004603,-0.32976946834871634
ROS1-18-0027,2019-08-29,0.1838588381056255,0.09211945585987168,-0.3245322909023923
ROS1-24-0030,2019-08-29,0.16109819549461363,0.09611393491343208,-0.3149474755977648
ROS1-18-0014,2019-08-29,0.28243434760596453,0.14059212421737302,-0.35865410142045834
ROS1-24-0024,2019-08-29,0.2736139016674705,0.18183360238827687,-0.4064911777595303
ROS1-19-0018,2019-08-29,0.14379332291615496,0.050304354299207404,-0.23799900748948516
ROS1-24-0018,2019-08-29,0.2345691708698621,0.12761674189215907,-0.37413938814566106
ROS1-25-0027,2019-08-29,0.23456879426865235,0.14497735005301918,-0.35704693838426227
ROS1-19-0012,2019-08-29,0.2628252341924566,0.12423078438166152,-0.3780826973412769
ROS1-25-0012,2019-08-29,0.17311289165944754,0.06171806584013684,-0.32937634219194084
ROS1-13-0000,2019-08-29,0.1684986471844658,0.06169071458402749,-0.29522822064691895
ROS1-19-0004,2019-08-29,0.5319489119008007,0.27380081040512827,-0.5454027672883577
ROS1-20-0017,2019-08-29,0.4491269713594843,0.28257203499911104,-0.47996808085604625
ROS1-20-0026,2019-08-29,0.1973313435376325,0.09308699842739561,-0.3363861992774373
ROS1-25-0002,2019-08-29,0.16026965560255815,0.07274950632371459,-0.3075319341515056
ROS1-24-0023,2019-08-29,0.1797999855444552,0.08165488643151905,-0.3320416513566308
ROS1-25-0032,2019-08-29,0.17780797768325377,0.0819424974781713,-0.3291988112366426
ROS1-26-0040,2019-08-29,0.613408457411405,0.4034715431872044,-0.5714378052856379
ROS1-32-0006,2019-08-29,0.19776257064306074,0.08468580815715991,-0.3236737668660451
ROS1-31-0022,2019-08-29,0.1897710814464133,0.09001495085904036,-0.34485418259673845
ROS1-25-0018,2019-08-29,0.1756184622840281,0.06966030490141399,-0.3091212832080928
ROS1-32-0029,2019-08-29,0.16234043147157606,0.07910838821120546,-0.3074773581913339
ROS1-14-0002,2019-08-29,0.16819072096692372,0.07236486158022629,-0.3011227862061147
ROS1-15-0022,2019-08-29,0.5090421433167043,0.3313648075626478,-0.4874027414392081
ROS1-15-0013,2019-08-29,0.6276736980534963,0.40888871011659367,-0.5610411426525846
ROS1-14-0031,2019-08-29,0.3806491330556624,0.18197947235521872,-0.45103947871401384
ROS1-15-0025,2019-08-29,0.17719658251250214,0.09614885783252891,-0.3003479009454767
ROS1-16-0004,2019-08-29,0.27471543552521904,0.08317556286909164,-0.3769609158888773
ROS1-15-0013,2019-08-29,0.6425481300493286,0.4085194444156939,-0.5775465666244121
ROS1-21-0036,2019-08-29,0.47563745663181545,0.2779632096525088,-0.4248342333364649
ROS1-21-0000,2019-08-29,0.1785423971679587,0.07250334705130142,-0.29961372622645666
ROS1-20-0038,2019-08-29,0.2969993763664053,0.1793983291302698,-0.39828051438632855
ROS1-21-0003,2019-08-29,0.16644863472098587,0.05585784007334282,-0.3086882232121003
ROS1-20-0017,2019-08-29,0.4513257828576252,0.2807982063218607,-0.4854266176835482
ROS1-26-0030,2019-08-29,0.15933514322099662,0.07083533221319151,-0.321520806187816
ROS1-27-0013,2019-08-29,0.17220272202979495,0.06284625206521109,-0.3171094223958814
ROS1-20-0026,2019-08-29,0.19853734904485984,0.09236843343287078,-0.3436490028708995
ROS1-21-0037,2019-08-29,0.3531231483967832,0.19812285289816395,-0.3680504340808198
ROS1-28-0013,2019-08-29,0.1483809005200802,0.053868513408156043,-0.3119255512521044
ROS1-22-0014,2019-08-29,0.19613055540421437,0.05672823338354764,-0.32464841391212385
ROS1-21-0010,2019-08-29,0.20741324150352253,0.06180841827620197,-0.3349301241718279
ROS1-22-0022,2019-08-29,0.7230966008691431,0.5023162374308557,-0.6226037943440945
ROS1-28-0015,2019-08-29,0.15197630491754693,0.05330392257693975,-0.31145103442056454
ROS1-22-0002,2019-08-29,0.2856155720640255,0.12418454509009502,-0.38171249714218863
ROS1-22-0006,2019-08-29,0.5342613500110739,0.2996933452510213,-0.4776886760880223
ROS1-22-0014,2019-08-29,0.1985022109320931,0.059609008303322164,-0.31274675532408325
ROS1-29-0003,2019-08-29,0.21203943326315974,0.05063124830016021,-0.35483840291742746
ROS1-29-0005,2019-08-29,0.3887192163672247,0.21346243260304523,-0.4288857133955965
ROS1-27-0005,2019-08-29,0.2958329784739174,0.1427025578784502,-0.40408597991560413
ROS1-32-0006,2019-08-29,0.19824515970623197,0.08515187554201181,-0.3221958711203063
ROS1-33-0008,2019-08-29,0.3651295377513146,0.2077331580786621,-0.4465924742802954
ROS1-32-0025,2019-08-29,0.307459886840753,0.19965533811365513,-0.4072208157139076
ROS1-26-0030,2019-08-29,0.15468282276658224,0.07092184098241658,-0.30204120115362026
ROS1-28-0013,2019-08-29,0.15049314709147932,0.05735108720616138,-0.29054759128479896
ROS1-34-0005,2019-08-29,0.2601920209092809,0.15144339116974628,-0.38591315593362285
ROS1-27-0019,2019-08-29,0.18142717772216796,0.080855123014754,-0.32195537498076826
ROS1-28-0002,2019-08-29,0.39946857783219397,0.22727744919532292,-0.4927164202671864
ROS1-33-0020,2019-08-29,0.24126266790080098,0.11282745919882735,-0.37661095909281544
ROS1-28-0015,2019-08-29,0.15139003937094428,0.055843866930776816,-0.28700873399578214
ROS1-33-0013,2019-08-29,0.3964401278097174,0.25507262586898294,-0.46704768153991205
ROS1-33-0008,2019-08-29,0.36497582946396984,0.20873951080833153,-0.4456006462264405
ROS1-34-0005,2019-08-29,0.25821783304829005,0.15183817856199333,-0.3801924880341666
ROS1-33-0013,2019-08-29,0.39278823522713907,0.2547510010754272,-0.4609468555150123
ROS1-19-0016,2019-08-31,0.16311815208184371,0.08180457095656944,-0.22579623645360763
ROS1-18-0009,2019-08-31,0.15413059367687884,0.07950147769333431,-0.25153646618196507
ROS1-24-0023,2019-08-31,0.16289988279962483,0.0838060018548575,-0.27948845653651133
ROS1-18-0014,2019-08-31,0.26471148203560385,0.15057447421767498,-0.31693098453841223
ROS1-24-0024,2019-08-31,0.23224111484832455,0.16087919377062537,-0.3622673354518089
ROS1-19-0018,2019-08-31,0.11871512525604772,0.052531057713087574,-0.17968599498041507
ROS1-24-0018,2019-08-31,0.21778574727799,0.14076937992777236,-0.34016579318789175
ROS1-25-0027,2019-08-31,0.22497830952110448,0.14666235779906475,-0.34975055714412134
ROS1-19-0012,2019-08-31,0.2532691635216806,0.13302832623318506,-0.35800368651587255
ROS1-25-0012,2019-08-31,0.1621246793120827,0.06591434597132043,-0.30595778946082447
ROS1-25-0002,2019-08-31,0.13948000981546582,0.07488569601163808,-0.26317517005373414
ROS1-30-0014,2019-08-31,0.2826576902652345,0.19215147227614646,-0.3869445756873295
ROS1-24-0023,2019-08-31,0.1612075502297734,0.08371934422590689,-0.2751884920906103
ROS1-30-0002,2019-08-31,0.14296151793918552,0.07349285667272924,-0.2772583641533425
ROS1-30-0015,2019-08-31,0.1614629850150994,0.0813120596318333,-0.28657991355539303
ROS1-36-0006,2019-08-31,0.15473692750723325,0.08073883938154974,-0.288904754945467
ROS1-37-0046,2019-08-31,0.25747697182407825,0.17020881558755097,-0.36763318543269674
ROS1-25-0032,2019-08-31,0.15558009604567669,0.08746023836545008,-0.27434594973059856
ROS1-26-0040,2019-08-31,0.6025983435937274,0.42127402239431216,-0.557949080410646
ROS1-31-0021,2019-08-31,0.1460772754177126,0.07395384951830014,-0.30352858223546153
ROS1-32-0006,2019-08-31,0.19594132908220802,0.09979492695726669,-0.3063764112583452
ROS1-38-0007,2019-08-31,0.2117269540588815,0.10395740187252757,-0.357025624400834
ROS1-31-0022,2019-08-31,0.1719265852641247,0.09134361055055945,-0.3259968293372466
ROS1-37-0031,2019-08-31,0.20405681924860747,0.13720297313608928,-0.36129772562778995
ROS1-25-0018,2019-08-31,0.1598631509042809,0.07009189540037819,-0.2984691297081594
ROS1-31-0033,2019-08-31,0.21157103012298872,0.12477315443012296,-0.33322844027001797
ROS1-32-0029,2019-08-31,0.13660099692867037,0.07454078502689633,-0.2834486925430699
ROS1-37-0046,2019-08-31,0.2673739786006438,0.1712764009469716,-0.3888528276717909
ROS1-20-0038,2019-08-31,0.2753538146879572,0.19195990062864476,-0.3639110410765011
ROS1-21-0003,2019-08-31,0.14160931660609963,0.07428970470704997,-0.22840446883042745
ROS1-26-0018,2019-08-31,0.180272183095729,0.13215021329997692,-0.25602527875949244
ROS1-26-0030,2019-08-31,0.1389391409021455,0.07388389394471177,-0.2744319474212487
ROS1-27-0013,2019-08-31,0.14588443506663057,0.063353709822166,-0.26586066770461103
ROS1-28-0013,2019-08-31,0.16912138636997842,0.07337953033659675,-0.29912662574009635
ROS1-28-0015,2019-08-31,0.16550411096741283,0.0727215917470232,-0.2815850751065734
ROS1-29-0003,2019-08-31,0.17336565688752836,0.05245777656943286,-0.287251057747837
ROS1-27-0005,2019-08-31,0.2858151855442388,0.14675194370562988,-0.4064022011604466
ROS1-32-0006,2019-08-31,0.20720453582420897,0.09870620763795955,-0.34000181431555304
ROS1-33-0008,2019-08-31,0.34015987423571264,0.20417758936421207,-0.4361964354005126
ROS1-32-0025,2019-08-31,0.2897349682168025,0.19741580360368666,-0.4000701571887185
ROS1-26-0030,2019-08-31,0.14565525686588351,0.07379901369184026,-0.30549443373927726
ROS1-28-0013,2019-08-31,0.16535980723922836,0.07097498638178237,-0.2781371143092232
ROS1-34-0005,2019-08-31,0.2375026885845281,0.15200397764905052,-0.3544164265408624
ROS1-27-0019,2019-08-31,0.16617750903660877,0.08883492300484115,-0.27659429818887493
ROS1-28-0002,2019-08-31,0.3388864176347233,0.20843568025003034,-0.4631422030715215
ROS1-33-0020,2019-08-31,0.21356603625966208,0.12056917771315122,-0.311298800334084
ROS1-28-0015,2019-08-31,0.16312956609384735,0.0714875475067463,-0.2615754412965554
ROS1-33-0013,2019-08-31,0.37948189979798386,0.26348181366656576,-0.4386180738407649
ROS1-31-0021,2019-08-31,0.1414099888625104,0.0764396796471677,-0.2748281507415234
ROS1-36-0005,2019-08-31,0.26634678320180516,0.16002655095121587,-0.37563553687885404
ROS1-37-0019,2019-08-31,0.1708647351428819,0.11270158444475006,-0.3031419277201142
ROS1-42-0016,2019-08-31,0.12339401570110384,0.0912308403081348,-0.274177958532445
ROS1-36-0007,2019-08-31,0.1871879850816835,0.12721937008758222,-0.3190318275395636
ROS1-42-0010,2019-08-31,0.15791045313498703,0.1146403670719441,-0.29700129391448893
ROS1-30-0015,2019-08-31,0.15949564608220215,0.08127027457928772,-0.28088367843834183
ROS1-36-0006,2019-08-31,0.15271255027676467,0.08056467878773883,-0.28323276493695204
ROS1-37-0046,2019-08-31,0.2567893499818731,0.17145773953019677,-0.36401752244027824
ROS1-42-0009,2019-08-31,0.1497685582687212,0.10249476475250795,-0.29670986453518966
ROS1-31-0021,2019-08-31,0.1442349277652843,0.0758311186622237,-0.2873699706897741
ROS1-38-0007,2019-08-31,0.2089585533457149,0.10458992378352008,-0.3345471280682491
ROS1-37-0031,2019-08-31,0.1997088513108851,0.13682529266983473,-0.3486088128674765
ROS1-38-0004,2019-08-31,0.14310335113317932,0.15641212439509072,-0.2207501959794954
ROS1-43-0026,2019-08-31,0.15036960834126462,0.0798696127117537,-0.3126006686639706
ROS1-44-0000,2019-08-31,0.29187438476678385,0.20204155280966649,-0.40802027987885653
ROS1-37-0046,2019-08-31,0.2611360835339037,0.17098349492775322,-0.374721381945976
ROS1-43-0017,2019-08-31,0.2814247702430929,0.1780130936826123,-0.39541038784967214
ROS1-42-0016,2019-08-31,0.12267506153241287,0.0912554845744189,-0.27223664214355814
ROS1-43-0016,2019-08-31,0.14471109791332593,0.0959068296708107,-0.3186933599776334
ROS1-42-0009,2019-08-31,0.1494536007597356,0.10284163574750269,-0.295288796353328
ROS1-43-0016,2019-08-31,0.14537673492283978,0.09533319041257118,-0.3241436251090846
ROS1-49-0012,2019-08-31,0.19396373423957275,0.13764878177211456,-0.33149012696952024
ROS1-49-0001,2019-08-31,0.18801598849421008,0.13191075880485967,-0.32533041319168715
ROS1-50-0003,2019-08-31,0.222402724711768,0.1481891626149652,-0.36608624194397116
ROS1-49-0002,2019-08-31,0.24424146845844785,0.15599524716905583,-0.37313308006182566
ROS1-33-0008,2019-08-31,0.34216328153408626,0.20431980850517228,-0.4404937783275216
ROS1-34-0005,2019-08-31,0.23675274294783383,0.1516968200900418,-0.3533369658293215
ROS1-33-0013,2019-08-31,0.3790693296543712,0.26344200591992495,-0.43793606210058944
ROS1-24-0030,2019-08-31,0.14963160264928851,0.09677480011177296,-0.2877476965043202
ROS1-24-0034,2019-08-31,0.14112104562021366,0.07739986423813158,-0.26023940611348584
ROS1-18-0027,2019-08-31,0.17065565610044905,0.09691497320915872,-0.2863295727306268
ROS1-24-0030,2019-08-31,0.1509575913662665,0.09769903712943698,-0.2871872177712768
ROS1-24-0024,2019-08-31,0.23231222961199768,0.16092894203353664,-0.36256016917569706
ROS1-01-0009,2019-09-01,0.267871995480924,0.14090599539785867,-0.3538481087686911
ROS1-07-0005,2019-09-01,0.19910394605719475,0.10375039783820784,-0.2717254937717472
ROS1-07-0031,2019-09-01,0.19041825934697554,0.16367067035774643,-0.2593217810041341
ROS1-07-0005,2019-09-01,0.20683718577567395,0.10228723163066854,-0.29213955669914754
ROS1-08-0025,2019-09-01,0.09442315888739548,0.13370565952808525,-0.14401662228195117
ROS1-14-0031,2019-09-01,0.37896207809594806,0.18797012390757123,-0.4384696779127721
ROS1-15-0025,2019-09-01,0.17282312988441578,0.0943941074958221,-0.2839724470172598
ROS1-16-0004,2019-09-01,0.2220488453023997,0.06446666268591875,-0.3429096143772906
ROS1-22-0014,2019-09-01,0.18920894081179257,0.051756508018286004,-0.30675334793959874
ROS1-22-0014,2019-09-01,0.19002693074956667,0.05384791771828083,-0.29521110705580406
ROS1-37-0046,2019-09-02,0.2541201103886682,0.17348068137547176,-0.368022382623846
ROS1-36-0005,2019-09-02,0.26496628268251116,0.16367337641927485,-0.3756494463664757
ROS1-37-0019,2019-09-02,0.17396105326741587,0.11826036528504132,-0.3086719218051484
ROS1-42-0016,2019-09-02,0.12643465476103558,0.09378662326446198,-0.2784886486662144
ROS1-36-0007,2019-09-02,0.18502138762418985,0.12721974241382655,-0.3187866452466465
ROS1-42-0010,2019-09-02,0.15410067074889913,0.11152866061532539,-0.2942134475256484
ROS1-37-0046,2019-09-02,0.2538989865350975,0.17405705976734898,-0.3666922409122346
ROS1-42-0009,2019-09-02,0.15341843677544284,0.10620773802951472,-0.30269600147957215
ROS1-43-0026,2019-09-02,0.1643026316916194,0.08631679308043702,-0.3417436030016731
ROS1-44-0000,2019-09-02,0.28800068417136193,0.19862970869743432,-0.4172373938869566
ROS1-37-0046,2019-09-02,0.26284111157201456,0.1739212410327773,-0.3876750788025178
ROS1-43-0017,2019-09-02,0.2939080840801065,0.1905698596958822,-0.41180564244264384
ROS1-42-0016,2019-09-02,0.12550183263880374,0.09376529212240224,-0.27716368991368423
ROS1-43-0016,2019-09-02,0.14903507765630947,0.09984066485589473,-0.3188974513556902
ROS1-42-0009,2019-09-02,0.1535489373643367,0.10668810036730363,-0.3030571783502335
ROS1-43-0016,2019-09-02,0.14985684649179928,0.09854073137174169,-0.3295778489991534
ROS1-49-0012,2019-09-02,0.1868496805565485,0.13270022574677204,-0.3295968158821975
ROS1-49-0001,2019-09-02,0.17587335802250256,0.12206590890842461,-0.3221560993279476
ROS1-49-0002,2019-09-02,0.24576011249483698,0.15735639387797912,-0.3813137334822399
ROS1-01-0044,2019-09-03,0.20735696751050703,0.13128593772027078,-0.3291237517701899
ROS1-01-0005,2019-09-03,0.15578300210292914,0.08491464219058743,-0.24326954433950235
ROS1-01-0009,2019-09-03,0.24398555783126855,0.1583005213833603,-0.3111627717508753
ROS1-07-0005,2019-09-03,0.21217680496601657,0.09591927001505315,-0.2989311515896118
ROS1-13-0005,2019-09-03,0.16479669058488777,0.1034848462281951,-0.3050518007779637
ROS1-07-0031,2019-09-03,0.22917758476929562,0.13065916847643794,-0.3185687261357595
ROS1-07-0005,2019-09-03,0.2328492784695654,0.09906559871826791,-0.3402264466313439
ROS1-08-0022,2019-09-03,0.13726896632749636,0.11847057040299921,-0.13082738213852776
ROS1-07-0020,2019-09-03,0.17633827167721297,0.08684035215702864,-0.27179531815817853
ROS1-13-0000,2019-09-03,0.14724904325298643,0.055541645948055586,-0.28114185124882324
ROS1-13-0020,2019-09-03,0.14723328026717608,0.05542812992053565,-0.2685882587529486
ROS1-24-0030,2019-09-03,0.1444098009732119,0.0886724957713899,-0.2924587216308772
ROS1-19-0016,2019-09-03,0.16654032376652816,0.07399554528397406,-0.23586668077980508
ROS1-24-0034,2019-09-03,0.13913762848410094,0.06859658572851546,-0.273079671660687
ROS1-18-0009,2019-09-03,0.15051916500260218,0.06861941422851156,-0.26269019536035176
ROS1-24-0023,2019-09-03,0.1647017595321765,0.07924249575113923,-0.2999955554371559
ROS1-18-0027,2019-09-03,0.16571365303644356,0.08437433999579606,-0.29781252848301804
ROS1-24-0030,2019-09-03,0.14116063577451984,0.08540912953965525,-0.2927396548096589
ROS1-18-0014,2019-09-03,0.2474921166683158,0.12947198051979952,-0.31871534203002966
ROS1-24-0024,2019-09-03,0.20706234177142327,0.12962730034420064,-0.35880557981892486
ROS1-19-0018,2019-09-03,0.11705797344578414,0.04421331764949012,-0.18954819064824416
ROS1-24-0018,2019-09-03,0.2059187940951765,0.1228375163157113,-0.3487982680042128
ROS1-25-0027,2019-09-03,0.21646102720483001,0.13330364981078902,-0.35449788186931364
ROS1-19-0012,2019-09-03,0.2209310712472288,0.12135841532573868,-0.330498310514212
ROS1-25-0012,2019-09-03,0.1589892739721247,0.058268124748198244,-0.3134787284946782
ROS1-13-0000,2019-09-03,0.14346270858505691,0.05477846926928953,-0.2704701869400846
ROS1-19-0004,2019-09-03,0.39602654570940643,0.18421022176935323,-0.43067996229853833
ROS1-20-0017,2019-09-03,0.3477209344610368,0.2573164423267932,-0.38000222519417126
ROS1-20-0026,2019-09-03,0.07097047960506568,0.04840089947750454,-0.07747956254369923
ROS1-25-0002,2019-09-03,0.14409968439725748,0.06687233281633943,-0.29562692140421726
ROS1-24-0023,2019-09-03,0.17025993121008032,0.07825788769503089,-0.3268254866997461
ROS1-25-0032,2019-09-03,0.20115128132124624,0.10763337447253578,-0.33038161099082425
ROS1-26-0040,2019-09-03,0.5874396130926989,0.3984791320025472,-0.5445577567864797
ROS1-32-0006,2019-09-03,0.20352255574409783,0.09013020120915056,-0.3141165586064723
ROS1-31-0022,2019-09-03,0.17453259122026488,0.08166777965825368,-0.32506238703659013
ROS1-25-0018,2019-09-03,0.17247852670413277,0.07930051499786792,-0.2921593847296261
ROS1-32-0029,2019-09-03,0.14593106222844698,0.0748661095484202,-0.2797839263849168
ROS1-14-0002,2019-09-03,0.15042661198796065,0.07033183588804022,-0.2680864157211174
ROS1-15-0022,2019-09-03,0.5052312514125371,0.3470220110051763,-0.474321035185538
ROS1-15-0013,2019-09-03,0.5539505031473064,0.3702203763979952,-0.5000184762204496
ROS1-14-0031,2019-09-03,0.3100473482737154,0.21702196248415476,-0.35476141768354996
ROS1-15-0025,2019-09-03,0.15963752889590177,0.0888978286693045,-0.27479787265188693
ROS1-16-0004,2019-09-03,0.2122571906079912,0.07619432350366659,-0.2976980483263473
ROS1-15-0013,2019-09-03,0.5710564018559037,0.37028046514520285,-0.5201095014126899
ROS1-21-0036,2019-09-03,0.312354930463688,0.18033594610328454,-0.3375211275690093
ROS1-21-0000,2019-09-03,0.1449465855156557,0.06628570157964252,-0.24193253809295603
ROS1-21-0003,2019-09-03,0.1435879747601961,0.0563803729422306,-0.25535325646928825
ROS1-26-0018,2019-09-03,0.16870450317555769,0.077386441548801,-0.2929233927248715
ROS1-20-0017,2019-09-03,0.344667558786504,0.25485069191097337,-0.3771733618969252
ROS1-26-0030,2019-09-03,0.13855732123313194,0.06398930931659923,-0.2912676338274903
ROS1-27-0013,2019-09-03,0.15340114400597085,0.06046479773084589,-0.27888300268568883
ROS1-20-0026,2019-09-03,0.07803581533670412,0.052310430595688066,-0.08506989960965058
ROS1-28-0013,2019-09-03,0.1349994441652729,0.05247225572754777,-0.2820930835946381
ROS1-22-0014,2019-09-03,0.1702643406795384,0.18072098126028632,-0.15235020009374242
ROS1-21-0010,2019-09-03,0.16073879591000328,0.057051746188001976,-0.22808457320583794
ROS1-22-0022,2019-09-03,0.41922341233743177,0.4836090784597833,-0.34839823721269136
ROS1-28-0015,2019-09-03,0.14073048384696402,0.05299440606041162,-0.280235855969142
ROS1-22-0002,2019-09-03,0.2949712215344445,0.2223499809535708,-0.28331510725188047
ROS1-22-0006,2019-09-03,0.22056447258321965,0.22365100011251737,-0.2160795112322707
ROS1-22-0014,2019-09-03,0.16035045788970903,0.1752185356577307,-0.14211462123720858
ROS1-29-0003,2019-09-03,0.16829674401455524,0.04521952878424115,-0.27381545531721296
ROS1-29-0005,2019-09-03,0.33094680814190053,0.18614817659426974,-0.39246997057042776
ROS1-27-0005,2019-09-03,0.26354595853614055,0.13403199897766932,-0.37533977595778334
ROS1-32-0006,2019-09-03,0.20654508109257333,0.0904903614986968,-0.3209290857836301
ROS1-33-0008,2019-09-03,0.1742964756064669,0.1753449840021079,-0.19949736541734103
ROS1-32-0025,2019-09-03,0.09952436305891443,0.2340268054121076,-0.1200376029306776
ROS1-26-0030,2019-09-03,0.13683195423751568,0.0639991869659497,-0.2842584638842733
ROS1-28-0013,2019-09-03,0.13779378517058077,0.05706083906499288,-0.25663815928595884
ROS1-34-0005,2019-09-03,0.2201893800945339,0.13359010400837265,-0.35721799050756603
ROS1-27-0019,2019-09-03,0.17528038765783696,0.09237254783167054,-0.2825285130853863
ROS1-28-0002,2019-09-03,0.2388669466145504,0.14795830497909407,-0.4034786030401177
ROS1-33-0020,2019-09-03,0.22426372562537344,0.11384940241177911,-0.3371720818200171
ROS1-28-0015,2019-09-03,0.13908510140125852,0.05589062452941944,-0.25091250430902473
ROS1-33-0013,2019-09-03,0.38033843258238537,0.25404730003360504,-0.4524444315442575
ROS1-33-0008,2019-09-03,0.1727165811133724,0.17205547079006409,-0.1986073488840928
ROS1-34-0005,2019-09-03,0.21913504157781336,0.1344919589881033,-0.3509254043066075
ROS1-33-0013,2019-09-03,0.37572527440606673,0.2529939257590407,-0.44477293332976947
ROS1-24-0030,2019-09-05,0.13984818296013213,0.0879959399816324,-0.26809602843260283
ROS1-19-0016,2019-09-05,0.14695028274187588,0.07741405486671633,-0.19976126101575253
ROS1-24-0034,2019-09-05,0.14315286207274042,0.0754743466292242,-0.2709976150483866
ROS1-18-0009,2019-09-05,0.13436043219089247,0.0746809141918285,-0.21184659648768747
ROS1-24-0023,2019-09-05,0.15916649455428927,0.08833492195963775,-0.2675852121196086
ROS1-18-0027,2019-09-05,0.15913627637719163,0.09398728002477517,-0.2656946474355797
ROS1-24-0030,2019-09-05,0.13982330229569362,0.08757024419616795,-0.26932511297830947
ROS1-18-0014,2019-09-05,0.21520393229342044,0.13699430097238965,-0.26112805456854615
ROS1-24-0024,2019-09-05,0.16300390925828745,0.09016194497823733,-0.28019455591048137
ROS1-19-0018,2019-09-05,0.10034475498495646,0.046307607059097325,-0.1537616350426848
ROS1-24-0018,2019-09-05,0.19628391304535386,0.11669636365390991,-0.3366111998476731
ROS1-25-0027,2019-09-05,0.21330602290075465,0.14693552429094023,-0.327336703571681
ROS1-19-0012,2019-09-05,0.22556968882699885,0.11667970961174769,-0.32618381377332334
ROS1-25-0012,2019-09-05,0.14832459267224382,0.06921530971375257,-0.26009982436019896
ROS1-25-0002,2019-09-05,0.14180084483284577,0.07607313019967037,-0.2640937118894166
ROS1-30-0014,2019-09-05,0.28270134303884087,0.17268874395227188,-0.4088198727320725
ROS1-24-0023,2019-09-05,0.15463383769193303,0.08855392965202612,-0.2512764492703416
ROS1-30-0002,2019-09-05,0.1491353251232141,0.06747285266203255,-0.30274029184151746
ROS1-30-0015,2019-09-05,0.18108369970848717,0.08447443400872369,-0.32304291553182163
ROS1-36-0006,2019-09-05,0.16208605821879477,0.07928815926581471,-0.3109519723781514
ROS1-37-0046,2019-09-05,0.25337657512999534,0.1595368606474136,-0.38320997267933576
ROS1-25-0032,2019-09-05,0.1479651091229135,0.08212049031604896,-0.27302676104166634
ROS1-26-0040,2019-09-05,0.5867137119734958,0.39964714587849975,-0.5582245901265638
ROS1-31-0021,2019-09-05,0.16827937556922795,0.08590979062344392,-0.3299901705780436
ROS1-32-0006,2019-09-05,0.21337500087330968,0.09697765819184659,-0.33808610035609954
ROS1-38-0007,2019-09-05,0.18110488670061367,0.08276082932201793,-0.3592365528518105
ROS1-31-0022,2019-09-05,0.17240718754841822,0.08653064294799988,-0.33087470237804334
ROS1-37-0031,2019-09-05,0.19985099382578198,0.1313955283830519,-0.3689457505942302
ROS1-25-0018,2019-09-05,0.16077743148006277,0.07353889260840518,-0.283596821161192
ROS1-31-0033,2019-09-05,0.23798417308733427,0.13776216374893596,-0.36127104820158373
ROS1-32-0029,2019-09-05,0.14540240236423602,0.07700247590006395,-0.29677735703939634
ROS1-37-0046,2019-09-05,0.255153154224505,0.16094664398472966,-0.3875936607366063
ROS1-20-0038,2019-09-05,0.27054680871827275,0.17852535956799395,-0.3596409364656381
ROS1-21-0003,2019-09-05,0.1359774934926659,0.05983962198152892,-0.23133362012253686
ROS1-26-0018,2019-09-05,0.16276652849059622,0.07454344870910332,-0.28536486081675505
ROS1-26-0030,2019-09-05,0.13695274958415662,0.06752734841105487,-0.28765092595065045
ROS1-27-0013,2019-09-05,0.14733912579186118,0.06652051303649387,-0.26092875155448525
ROS1-28-0013,2019-09-05,0.15223671558364105,0.061937522170299505,-0.3064556088054206
ROS1-28-0015,2019-09-05,0.15728408037637873,0.06165924967524869,-0.30563437274732674
ROS1-29-0003,2019-09-05,0.17994424808200596,0.05164185475846416,-0.3012033385495338
ROS1-27-0005,2019-09-05,0.2628169363020403,0.1366617012560086,-0.3774205034126141
ROS1-32-0006,2019-09-05,0.21049663471871072,0.0967984712279009,-0.3305039901540633
ROS1-33-0008,2019-09-05,0.3348567660410988,0.19811852348745185,-0.43830139628666903
ROS1-32-0025,2019-09-05,0.2842175836667043,0.19319708035829675,-0.39800786151765444
ROS1-26-0030,2019-09-05,0.13121541507027532,0.06710441033894689,-0.26761707748744235
ROS1-28-0013,2019-09-05,0.1534032219011674,0.06457626340603992,-0.2913428627697018
ROS1-34-0005,2019-09-05,0.2298784674974153,0.14099299533344942,-0.3763980225313918
ROS1-27-0019,2019-09-05,0.17650098839300102,0.08643752878054624,-0.3091597512480715
ROS1-28-0002,2019-09-05,0.24620312336758282,0.14130092454151322,-0.4617760595665659
ROS1-33-0020,2019-09-05,0.23361647613050845,0.11513595033733144,-0.3672988398686773
ROS1-28-0015,2019-09-05,0.156752142972191,0.06374061022604777,-0.28913381375965974
ROS1-33-0013,2019-09-05,0.40190695681370936,0.2700062520400149,-0.47737039078727145
ROS1-31-0021,2019-09-05,0.16404486067998816,0.08368223796094545,-0.3212045854974302
ROS1-36-0005,2019-09-05,0.27152718085495103,0.15628904921762327,-0.3957109812187869
ROS1-37-0019,2019-09-05,0.18100627756587215,0.11352310398176954,-0.32675085584258035
ROS1-42-0016,2019-09-05,0.11765597357578182,0.08645763904451656,-0.2721955439340899
ROS1-36-0007,2019-09-05,0.1786169921724157,0.11748536476077195,-0.3259400534466485
ROS1-42-0010,2019-09-05,0.16826175118002198,0.06958563098674377,-0.3490194761988148
ROS1-30-0015,2019-09-05,0.17914715584100815,0.083867145134417,-0.3197796705069156
ROS1-36-0006,2019-09-05,0.16091616530822,0.07911384382826439,-0.3082429733044688
ROS1-37-0046,2019-09-05,0.25322073707744486,0.1603863188278356,-0.38158509928340895
ROS1-42-0009,2019-09-05,0.15526590645364052,0.1022949133976351,-0.3129554221981451
ROS1-31-0021,2019-09-05,0.16525112110241524,0.08677298761333148,-0.31567224090856594
ROS1-38-0007,2019-09-05,0.17578981690805612,0.08279567743136015,-0.34002922314741935
ROS1-37-0031,2019-09-05,0.19741153133982955,0.13178325838591856,-0.35964452408173375
ROS1-38-0004,2019-09-05,0.20918276921610618,0.15041803709773702,-0.3594069847219188
ROS1-43-0026,2019-09-05,0.15133502606004123,0.07109092822680362,-0.3181456434925469
ROS1-44-0000,2019-09-05,0.28557410954298784,0.1936812122370767,-0.41618076514614494
ROS1-37-0046,2019-09-05,0.2517342126431395,0.1616134883990701,-0.37694821205426426
ROS1-43-0017,2019-09-05,0.2821642463485351,0.1769023175258282,-0.4056013370752725
ROS1-42-0016,2019-09-05,0.12175285155733352,0.09032593457893882,-0.2738148105800848
ROS1-43-0016,2019-09-05,0.15333397659986656,0.10073105147290053,-0.3277277186904729
ROS1-42-0009,2019-09-05,0.1558056373698485,0.10486558162300054,-0.30786524816410676
ROS1-43-0016,2019-09-05,0.15265233630316363,0.10050657277524679,-0.3253915395209041
ROS1-49-0012,2019-09-05,0.17887796473164622,0.12664642682525631,-0.3223265459350755
ROS1-49-0001,2019-09-05,0.15906312938746558,0.11137063657045487,-0.30536296872296365
ROS1-50-0003,2019-09-05,0.20402611640811477,0.13490361858897842,-0.3587997306290927
ROS1-49-0002,2019-09-05,0.23873169935689473,0.1530631568065412,-0.3703001832264795
ROS1-33-0008,2019-09-05,0.33529531868299584,0.1979759540573956,-0.4388843071502502
ROS1-34-0005,2019-09-05,0.22942757703599861,0.14153772030802972,-0.3738843849278853
ROS1-33-0013,2019-09-05,0.39890649549333407,0.2688127359360386,-0.47318324710222914
ROS1-16-0004,2019-09-06,0.203039141274052,0.06186833720823455,-0.3291788387827914
ROS1-22-0014,2019-09-06,0.20414940180586413,0.05772241428006908,-0.3325218354822717
ROS1-22-0014,2019-09-06,0.20361307405039644,0.059592301208756866,-0.31941300756716384
ROS1-24-0030,2019-09-10,0.15641748691778068,0.09952043196867101,-0.2902276787402971
ROS1-19-0016,2019-09-10,0.1629347231832361,0.08704509300746727,-0.20884352291770109
ROS1-24-0034,2019-09-10,0.15628488307352603,0.0860673920084198,-0.2756128219203028
ROS1-18-0009,2019-09-10,0.16351043759119968,0.08591382090302709,-0.24551580807449916
ROS1-24-0023,2019-09-10,0.18559667782578776,0.09970926232123088,-0.30521779193427534
ROS1-18-0027,2019-09-10,0.19876185049275885,0.11325347341903864,-0.3176055533923535
ROS1-24-0030,2019-09-10,0.15711083051627112,0.10033148583759646,-0.28835160534745297
ROS1-18-0014,2019-09-10,0.2610273043485597,0.15364429774083754,-0.3143091318426303
ROS1-24-0024,2019-09-10,0.17849247491473255,0.09757082210638761,-0.30278756054199546
ROS1-19-0018,2019-09-10,0.1329544673169627,0.060423014708325035,-0.1841181988188414
ROS1-24-0018,2019-09-10,0.211169814635328,0.13631158932551216,-0.35110512965397833
ROS1-25-0027,2019-09-10,0.2217423823946901,0.15142845034608274,-0.34275512734665164
ROS1-19-0012,2019-09-10,0.2492113889120098,0.13202078998103403,-0.36895577175995664
ROS1-25-0012,2019-09-10,0.1594862401032023,0.07156719254944131,-0.2715363969744655
ROS1-25-0002,2019-09-10,0.14821558743345048,0.08503069882038389,-0.26916877137827266
ROS1-30-0014,2019-09-10,0.277437394825243,0.18272341226655262,-0.3995042829089677
ROS1-24-0023,2019-09-10,0.1839484682431037,0.09966528715925298,-0.3011562821511953
ROS1-30-0002,2019-09-10,0.15337810476546582,0.0777422556792182,-0.29371361501175497
ROS1-30-0015,2019-09-10,0.17731838013673162,0.09052658177010224,-0.30998866585917734
ROS1-36-0006,2019-09-10,0.1698971267525673,0.08932908632653493,-0.3029196561127294
ROS1-37-0046,2019-09-10,0.23951431234174672,0.16046350689461342,-0.3655431075441977
ROS1-25-0032,2019-09-10,0.16729726813213394,0.09417798533938505,-0.29296132796159857
ROS1-26-0040,2019-09-10,0.5789536678241841,0.42401203813376,-0.5516512897860806
ROS1-31-0021,2019-09-10,0.16220888866929314,0.08754405644090661,-0.31495059273678394
ROS1-32-0006,2019-09-10,0.18696736289159763,0.0901294084248809,-0.31728620764075166
ROS1-38-0007,2019-09-10,0.1693072554824206,0.08158106301177571,-0.3336562136455372
ROS1-31-0022,2019-09-10,0.17394058135612173,0.090322022943625,-0.3306301415806836
ROS1-37-0031,2019-09-10,0.18611342716952312,0.1271542584083044,-0.3558388049061798
ROS1-25-0018,2019-09-10,0.17342960860612994,0.08158171340798734,-0.29258282284390996
ROS1-31-0033,2019-09-10,0.24755343914249434,0.14966130385917847,-0.36178358877379535
ROS1-32-0029,2019-09-10,0.1458726676431839,0.08342639721143695,-0.28134754760535075
ROS1-37-0046,2019-09-10,0.2453646378483632,0.16090078727685092,-0.37893663606420414
ROS1-20-0038,2019-09-10,0.2839720008970676,0.1903707580795687,-0.379859401826162
ROS1-21-0003,2019-09-10,0.15254600511587674,0.065316926881642,-0.2616734168000213
ROS1-26-0018,2019-09-10,0.17062008500332085,0.07936443633468734,-0.2909252803816199
ROS1-26-0030,2019-09-10,0.1585094443076336,0.08218090786138428,-0.3034583510310648
ROS1-27-0013,2019-09-10,0.15634748732123213,0.0690683251536086,-0.28333867170381033
ROS1-28-0013,2019-09-10,0.21598793387393328,0.0992043684740322,-0.314196763865969
ROS1-28-0015,2019-09-10,0.21261294327217167,0.09441696557691259,-0.3052079879037718
ROS1-29-0003,2019-09-10,0.16853003108985024,0.052633926408638516,-0.27176334931801815
ROS1-27-0005,2019-09-10,0.2618398586428772,0.14215189238099113,-0.3788404905598586
ROS1-32-0006,2019-09-10,0.18547527326024943,0.09022900764578685,-0.31189519242760183
ROS1-33-0008,2019-09-10,0.32204587908754684,0.19771707198618402,-0.42931740840956234
ROS1-32-0025,2019-09-10,0.2851613864981733,0.20240225991967548,-0.40001368057693787
ROS1-26-0030,2019-09-10,0.1591148193848526,0.08292824614480884,-0.30289198596093403
ROS1-28-0013,2019-09-10,0.2135880034306572,0.09974989169513486,-0.30599239292508185
ROS1-34-0005,2019-09-10,0.21641787926448816,0.1394189174055998,-0.3599042825745554
ROS1-27-0019,2019-09-10,0.17488153644593366,0.09139146124908512,-0.29394732258701645
ROS1-28-0002,2019-09-10,0.18589457081164432,0.14770957949456792,-0.3628312013574148
ROS1-33-0020,2019-09-10,0.22349927920230328,0.11172489034445009,-0.35251206493151904
ROS1-28-0015,2019-09-10,0.20986574960504673,0.09482453002331859,-0.2966610942929766
ROS1-33-0013,2019-09-10,0.3882929371154456,0.2721960496987289,-0.4690047501324712
ROS1-31-0021,2019-09-10,0.15642434117216603,0.08848638523238053,-0.29214211500000725
ROS1-36-0005,2019-09-10,0.25656261566892774,0.15676450418626295,-0.377530240045061
ROS1-37-0019,2019-09-10,0.17617971520625686,0.11495192626824914,-0.3159898942248318
ROS1-42-0016,2019-09-10,0.125310606356732,0.09503307724985728,-0.28000028264450894
ROS1-36-0007,2019-09-10,0.17487325721537098,0.12031654830729618,-0.3234024927659423
ROS1-42-0010,2019-09-10,0.16371722797146873,0.07461241507699863,-0.3226975315738355
ROS1-30-0015,2019-09-10,0.17539518310652896,0.09077081121339606,-0.3032123846884484
ROS1-36-0006,2019-09-10,0.16786316030083445,0.08940755605710789,-0.29641539782867543
ROS1-37-0046,2019-09-10,0.23832674357317363,0.1613986489160573,-0.36039917425776874
ROS1-42-0009,2019-09-10,0.15820741036259328,0.10970029058641537,-0.3109213364316858
ROS1-31-0021,2019-09-10,0.158087307603977,0.08849501670713757,-0.29756942020932375
ROS1-38-0007,2019-09-10,0.16186063164906525,0.08112544749644136,-0.30943159696673667
ROS1-37-0031,2019-09-10,0.1824268140451686,0.1268641687108208,-0.3434080795196705
ROS1-38-0004,2019-09-10,0.19505610404399404,0.1448597929541941,-0.34546918669270205
ROS1-43-0026,2019-09-10,0.13868486756842643,0.06859061790197524,-0.2877160694047654
ROS1-44-0000,2019-09-10,0.2648160934573905,0.1847188275044705,-0.3975639222506072
ROS1-37-0046,2019-09-10,0.2391763558027987,0.16027929572793093,-0.3647015928108034
ROS1-43-0017,2019-09-10,0.2661651206768054,0.17274039402138563,-0.38679724545257016
ROS1-42-0016,2019-09-10,0.12367689410626252,0.09429311591496074,-0.27791174744030633
ROS1-43-0016,2019-09-10,0.1451046083303556,0.0982575350184492,-0.3135485368030468
ROS1-42-0009,2019-09-10,0.15721469114188913,0.10953026781783255,-0.3093619504607669
ROS1-43-0016,2019-09-10,0.14491544567850767,0.09807585532868032,-0.3124718922410182
ROS1-49-0012,2019-09-10,0.16960922898515282,0.12311968530089991,-0.314280155218184
ROS1-49-0001,2019-09-10,0.14252705703728083,0.10322476546608374,-0.2886113036623944
ROS1-50-0003,2019-09-10,0.18481703323655432,0.12636452319223984,-0.3400207784213563
ROS1-49-0002,2019-09-10,0.23157447561091907,0.1542152175217352,-0.3585008884035081
ROS1-33-0008,2019-09-10,0.32259549956651157,0.19773598357360217,-0.4304698768213561
ROS1-34-0005,2019-09-10,0.21677303713518598,0.13985454912759232,-0.35916528548699406
ROS1-33-0013,2019-09-10,0.38821678907426516,0.27252907561786877,-0.4682069710356095
ROS1-01-0005,2019-09-11,0.16012882055403155,0.06845643912657812,-0.2603670922602313
ROS1-01-0009,2019-09-11,0.2523144954407867,0.13185729574214197,-0.362482672215883
ROS1-07-0005,2019-09-11,0.24505216315580394,0.0910378688947471,-0.36676038512270853
ROS1-07-0031,2019-09-11,0.2519068280485463,0.133473069751293,-0.37787113189253363
ROS1-07-0005,2019-09-11,0.24183896799351484,0.09051282952018545,-0.35942759712245514
ROS1-08-0022,2019-09-11,0.14784203793582007,0.06522777492386883,-0.2851718375972903
ROS1-08-0025,2019-09-11,0.25194414037847357,0.11775934493017565,-0.4283662163615638
ROS1-14-0031,2019-09-11,0.33055043865046235,0.15438992102031732,-0.42331886419443465
ROS1-15-0025,2019-09-11,0.16463357524792857,0.08671587641357228,-0.286894672900749
ROS1-16-0004,2019-09-11,0.18120237739227943,0.06173816204575668,-0.2801283680896344
ROS1-22-0014,2019-09-11,0.17021493172925922,0.05355164675836041,-0.24802541132953942
ROS1-22-0014,2019-09-11,0.17286861975127601,0.053099460665595656,-0.25779282771256845
ROS1-01-0044,2019-09-11,0.25057206857737,0.14576862733499762,-0.3610666532010201
ROS1-07-0005,2019-09-11,0.23083444461690011,0.08951332990853865,-0.3359165837033477
ROS1-07-0031,2019-09-11,0.24476717744987475,0.13224906793945665,-0.36143398323577064
ROS1-07-0005,2019-09-11,0.22532307502014276,0.08855171214205346,-0.32575018611916223
ROS1-37-0046,2019-09-12,0.2228171283974074,0.15328753135773268,-0.3486059575490735
ROS1-36-0005,2019-09-12,0.237773036668029,0.14566603186109964,-0.35918077923165925
ROS1-37-0019,2019-09-12,0.16142209212549558,0.1074236063270775,-0.3037792459913928
ROS1-42-0016,2019-09-12,0.11474212376387571,0.08714513245983012,-0.26952936890795026
ROS1-36-0007,2019-09-12,0.15753716024866096,0.10847432366166843,-0.3075621054706574
ROS1-42-0010,2019-09-12,0.15161359948180644,0.07167120507595741,-0.31258601633816374
ROS1-37-0046,2019-09-12,0.22361308469383387,0.1539996267425461,-0.3493665445473934
ROS1-42-0009,2019-09-12,0.1461940428279079,0.10104624086172044,-0.2994599016651867
ROS1-43-0026,2019-09-12,0.13879093268607923,0.07174307272191509,-0.2865471140844899
ROS1-44-0000,2019-09-12,0.255894007817662,0.18164818832743967,-0.3909337928183661
ROS1-37-0046,2019-09-12,0.22095511238736085,0.15268811339820967,-0.3449305089364459
ROS1-43-0017,2019-09-12,0.2600549638678623,0.1753069011968896,-0.3766917399803819
ROS1-42-0016,2019-09-12,0.11346488349688366,0.08672906919917822,-0.268197124041636
ROS1-43-0016,2019-09-12,0.1388292333124276,0.09296394164753498,-0.31350230375730304
ROS1-42-0009,2019-09-12,0.14619263224202622,0.10132275469404292,-0.29945328018432127
ROS1-43-0016,2019-09-12,0.13843171605722632,0.09339673260879822,-0.30922554129162616
ROS1-49-0012,2019-09-12,0.15320414261892754,0.11255902623918228,-0.3003307688420575
ROS1-49-0001,2019-09-12,0.13096874789873192,0.09445791857120794,-0.2799397937719581
ROS1-50-0003,2019-09-12,0.17792749586332854,0.12274594883227867,-0.3351369694324791
ROS1-49-0002,2019-09-12,0.22269635989767453,0.1481929711047861,-0.3553249227188714
ROS1-01-0044,2019-09-13,0.23344451556443085,0.1625976199931408,-0.32069977966686075
ROS1-01-0005,2019-09-13,0.15928995370345872,0.07440271384507031,-0.26551557675747667
ROS1-01-0009,2019-09-13,0.23549052492059838,0.13415609798309439,-0.3476987511346874
ROS1-07-0005,2019-09-13,0.21391398298092454,0.10168679619344509,-0.3055873294877223
ROS1-13-0005,2019-09-13,0.17444956537452252,0.10873770937154197,-0.33191341858658374
ROS1-07-0031,2019-09-13,0.2253324744179704,0.13684165052663286,-0.3355479327987283
ROS1-07-0005,2019-09-13,0.2159340772362581,0.10170141582918864,-0.3107019677776609
ROS1-08-0022,2019-09-13,0.1480619261583516,0.07310873621628718,-0.2687127636936069
ROS1-07-0020,2019-09-13,0.18341517803851706,0.08729101111849497,-0.28087334304785266
ROS1-08-0025,2019-09-13,0.23086899405175712,0.13148454779452054,-0.38239622017523467
ROS1-13-0000,2019-09-13,0.14549914906393793,0.05515926169918514,-0.261699544350689
ROS1-14-0009,2019-09-13,0.1588746470699011,0.059322054093625905,-0.28119564562961047
ROS1-13-0020,2019-09-13,0.15617694695248885,0.06028131222125866,-0.2636878842871597
ROS1-24-0030,2019-09-13,0.14695336829921993,0.08900291265592641,-0.2854382842133331
ROS1-19-0016,2019-09-13,0.18840591648256458,0.08029139691421104,-0.26371681502489525
ROS1-24-0034,2019-09-13,0.15308222176944206,0.07521994021969604,-0.28700154905078834
ROS1-18-0009,2019-09-13,0.17857395558989508,0.07768418633834749,-0.28993637476969336
ROS1-24-0023,2019-09-13,0.17574726972636162,0.08989043871332551,-0.3180729565283448
ROS1-18-0027,2019-09-13,0.19704745514528776,0.09945091641399284,-0.33185352742635443
ROS1-24-0030,2019-09-13,0.14746968761464846,0.0880366690532946,-0.2916513381508357
ROS1-18-0014,2019-09-13,0.2580738084777166,0.13050549835091835,-0.3369475210805065
ROS1-24-0024,2019-09-13,0.17139960293360634,0.08533667372797656,-0.3130384768453836
ROS1-19-0018,2019-09-13,0.13399316499263417,0.049034831170163905,-0.20957334134728128
ROS1-24-0018,2019-09-13,0.20131650340294147,0.1198606825356328,-0.35291956675950326
ROS1-25-0027,2019-09-13,0.21072549901561236,0.13403436532085336,-0.3516263669321757
ROS1-19-0012,2019-09-13,0.23279750617741565,0.11084788439839206,-0.36057277383521014
ROS1-25-0012,2019-09-13,0.1601682314965729,0.061734802598498284,-0.2993148759200772
ROS1-13-0000,2019-09-13,0.14794300955600118,0.055273290788900836,-0.26842620416974433
ROS1-19-0004,2019-09-13,0.4760515986441254,0.26542569299014573,-0.5220203643119945
ROS1-20-0017,2019-09-13,0.3738662564879564,0.24210080209890447,-0.4479793231820791
ROS1-20-0026,2019-09-13,0.17554141934050943,0.08459301706051725,-0.31741398678475824
ROS1-25-0002,2019-09-13,0.1445561733764751,0.07523648111282068,-0.26942250050162575
ROS1-24-0023,2019-09-13,0.1709094044717084,0.0903419797518999,-0.29907481809483505
ROS1-25-0032,2019-09-13,0.1573469030483952,0.08184094206220384,-0.28170330233949686
ROS1-26-0040,2019-09-13,0.5751789859420713,0.386198472552358,-0.5595729920875013
ROS1-32-0006,2019-09-13,0.1913230914686469,0.08414525306050097,-0.33427348698662185
ROS1-31-0022,2019-09-13,0.18632907230763948,0.0850436054538092,-0.357186571852216
ROS1-25-0018,2019-09-13,0.18482674312080424,0.07438756540211545,-0.3166166506654886
ROS1-32-0029,2019-09-13,0.15560190301125573,0.07699117655208769,-0.31190613901254893
ROS1-14-0002,2019-09-13,0.1519967020100988,0.06924263428785218,-0.27207731791944567
ROS1-15-0022,2019-09-13,0.49126955764959296,0.3534616866548524,-0.4764817598335329
ROS1-15-0013,2019-09-13,0.3901063078329787,0.26390105698473915,-0.43218146552205294
ROS1-14-0031,2019-09-13,0.1902336465806114,0.06560274882912921,-0.2753523901412862
ROS1-16-0004,2019-09-13,0.20147075941465836,0.07405909464352245,-0.3082439471769945
ROS1-15-0013,2019-09-13,0.3936086699826779,0.26334013932628225,-0.43883645212771627
ROS1-21-0036,2019-09-13,0.22049088843821033,0.10806221978998608,-0.35944219719201237
ROS1-21-0000,2019-09-13,0.1530442983509159,0.06761455191511363,-0.2620887499564965
ROS1-20-0038,2019-09-13,0.2451327675627552,0.15922251468612075,-0.3545684950492904
ROS1-21-0003,2019-09-13,0.1437563375918319,0.09660238157984485,-0.20999881610002502
ROS1-26-0018,2019-09-13,0.16297268752841906,0.08274177380192228,-0.2782815630620535
ROS1-20-0017,2019-09-13,0.3599959625082381,0.22974971146643114,-0.4316977863582511
ROS1-26-0030,2019-09-13,0.14240975845066184,0.07180590628412807,-0.2794956614802632
ROS1-27-0013,2019-09-13,0.1781743868498403,0.06961873330861391,-0.29598243393103385
ROS1-20-0026,2019-09-13,0.17021374953189425,0.0818099606618229,-0.3010585367367989
ROS1-21-0037,2019-09-13,0.2312779954158971,0.10384655366673716,-0.37040911620283185
ROS1-28-0013,2019-09-13,0.2224160110575967,0.09833522492316511,-0.323894131376569
ROS1-22-0014,2019-09-13,0.17843299403319937,0.05912810256255262,-0.27363466754076277
ROS1-21-0010,2019-09-13,0.20017117039605564,0.08536891653833441,-0.2610388263928
ROS1-22-0022,2019-09-13,0.6101929083794381,0.42715806702011044,-0.5818055728338102
ROS1-28-0015,2019-09-13,0.21881652690041076,0.09352953006747697,-0.3172285151070966
ROS1-22-0002,2019-09-13,0.1627603046715945,0.06162323138571799,-0.26031442503276847
ROS1-22-0006,2019-09-13,0.3441608591383297,0.1717583220320506,-0.4054892230932198
ROS1-22-0014,2019-09-13,0.1799299740429361,0.05988882049623029,-0.27424973472023395
ROS1-29-0003,2019-09-13,0.1765612379654339,0.048718540799566626,-0.27954278177839803
ROS1-29-0005,2019-09-13,0.31263370725028916,0.16315235700549824,-0.4276543827706076
ROS1-27-0005,2019-09-13,0.24850874227186165,0.09126381593836348,-0.38047662324554293
ROS1-32-0006,2019-09-13,0.18695884713869218,0.08219488394335814,-0.3199175357199505
ROS1-33-0008,2019-09-13,0.30371000072792487,0.20290131949253987,-0.4011193564796976
ROS1-32-0025,2019-09-13,0.2690313317462891,0.18166084133444738,-0.3942337602252588
ROS1-26-0030,2019-09-13,0.14562004608400844,0.07227963820265708,-0.28907000651996756
ROS1-28-0013,2019-09-13,0.21944038967686352,0.0991094915655015,-0.31251535837070177
ROS1-34-0005,2019-09-13,0.20162878046266278,0.12725955988083124,-0.34977702973964386
ROS1-27-0019,2019-09-13,0.17300443336840224,0.08384015656188622,-0.2913222481661285
ROS1-28-0002,2019-09-13,0.15937064190463632,0.11148562756474284,-0.3409459586678381
ROS1-33-0020,2019-09-13,0.21314877355722753,0.09754845875453838,-0.34027433014637115
ROS1-28-0015,2019-09-13,0.21555561599506737,0.09408880642233174,-0.30537069951290385
ROS1-33-0013,2019-09-13,0.3740552045366308,0.2585731744340283,-0.46055670166379786
ROS1-33-0008,2019-09-13,0.3054341954827609,0.2039173816185775,-0.4047943862804248
ROS1-34-0005,2019-09-13,0.20150271918914636,0.12739121458284403,-0.34916580758429017
ROS1-33-0013,2019-09-13,0.3742716655823864,0.2590774105921833,-0.4598090853143101
ROS1-24-0030,2019-09-15,0.139920111926436,0.0877568188798087,-0.26950071868969233
ROS1-19-0016,2019-09-15,0.0473933085815681,0.06423719484493086,-0.08490172743157594
ROS1-24-0034,2019-09-15,0.14629890529127093,0.07747001466112957,-0.2692837928018426
ROS1-18-0009,2019-09-15,0.15118410676144411,0.07947928407714942,-0.23699321354242078
ROS1-24-0023,2019-09-15,0.16265701273977282,0.09002607135127028,-0.28914765463162473
ROS1-18-0027,2019-09-15,0.17716474211238847,0.10704166939544628,-0.29281246088986634
ROS1-24-0030,2019-09-15,0.14077429418314294,0.08698539590499386,-0.27554926615064945
ROS1-18-0014,2019-09-15,0.21686838530910296,0.13513824255395124,-0.2689580833958867
ROS1-24-0024,2019-09-15,0.16612136568176225,0.0856877393405718,-0.29632895950265414
ROS1-19-0018,2019-09-15,0.16101970137528693,0.3440523835605676,-0.1458196195066218
ROS1-24-0018,2019-09-15,0.18810995614832796,0.11694419407618101,-0.3300821115715029
ROS1-25-0027,2019-09-15,0.119726748944361,0.05962839631080319,-0.18008279150799428
ROS1-25-0012,2019-09-15,0.14127610998781343,0.10537990891845285,-0.20917194447914864
ROS1-25-0002,2019-09-15,0.12950986054852395,0.07435715971342165,-0.2516557482295122
ROS1-30-0014,2019-09-15,0.23948087837336293,0.15480252351637216,-0.3724197025361997
ROS1-24-0023,2019-09-15,0.1610876205352363,0.0900064049708264,-0.2849663820152431
ROS1-30-0002,2019-09-15,0.1383236732748341,0.06803076498404804,-0.2772947579796774
ROS1-36-0006,2019-09-15,0.1660575237456335,0.08210786924014371,-0.30339118800643655
ROS1-37-0046,2019-09-15,0.1452132772588385,0.18677894899220635,-0.2041830335187303
ROS1-25-0032,2019-09-15,0.1501230717650016,0.08904847591512777,-0.2735657303933781
ROS1-26-0040,2019-09-15,0.5095600979385279,0.39795486433525706,-0.4907070600111967
ROS1-31-0021,2019-09-15,0.1163567783431694,0.046263600040516384,-0.2284125093358944
ROS1-32-0006,2019-09-15,0.14219376752645313,0.0970932119298537,-0.21370086133065216
ROS1-38-0007,2019-09-15,0.14538813529707081,0.0737550759679829,-0.27883277164337045
ROS1-31-0022,2019-09-15,0.13256946467206038,0.13590934606940436,-0.1872824257283579
ROS1-37-0031,2019-09-15,0.1687674472887156,0.11509714357605584,-0.3354946505269079
ROS1-31-0033,2019-09-15,0.23451505785587873,0.1446181216905378,-0.3394569759041161
ROS1-37-0046,2019-09-15,0.144409902787107,0.18368082563829716,-0.20476426664299022
ROS1-20-0038,2019-09-15,0.2358044643628714,0.15129898721920737,-0.34477454347339137
ROS1-21-0003,2019-09-15,0.1638033380694249,0.06494884931101629,-0.2757471747529055
ROS1-26-0018,2019-09-15,0.15375096019509132,0.07818392426347819,-0.2528671489903511
ROS1-26-0030,2019-09-15,0.0983816306021265,0.04569915671053458,-0.18815699070764508
ROS1-27-0013,2019-09-15,0.16062683948620018,0.06820281999921522,-0.28691595643860585
ROS1-28-0013,2019-09-15,0.23037103719931898,0.10055743908676239,-0.33061374309013924
ROS1-28-0015,2019-09-15,0.2310073833583917,0.09857898250467265,-0.32380409600800625
ROS1-29-0003,2019-09-15,0.23498372967724324,0.1101642139422122,-0.2740350503301937
ROS1-27-0005,2019-09-15,0.2020327027144134,0.12724342942035624,-0.2848094155401931
ROS1-32-0006,2019-09-15,0.14225809578180607,0.09708024308578907,-0.2133087414443814
ROS1-33-0008,2019-09-15,0.2829687307290082,0.18622205354540255,-0.3764448081547565
ROS1-32-0025,2019-09-15,-0.02770134917747006,-0.009792363429772463,-0.08666637944059902
ROS1-26-0030,2019-09-15,0.10232998812739824,0.04606421228363451,-0.2017040641223256
ROS1-28-0013,2019-09-15,0.22872499215208872,0.09798243886248494,-0.33710489965996165
ROS1-27-0019,2019-09-15,0.1868531526697894,0.0934753476928271,-0.3179081070444641
ROS1-28-0002,2019-09-15,0.1822060653562768,0.13622014893352424,-0.37639700321521014
ROS1-33-0020,2019-09-15,0.22326710793627733,0.10846578893039553,-0.36253270441729635
ROS1-28-0015,2019-09-15,0.2310233581456077,0.09656804471261607,-0.331535690654439
ROS1-31-0021,2019-09-15,0.11397671233233828,0.04641678475235484,-0.21797390565057873
ROS1-37-0019,2019-09-15,0.15299834661513342,0.1060712233633462,-0.2702508075302472
ROS1-36-0006,2019-09-15,0.16421470887247516,0.08208394949666176,-0.29755650231456343
ROS1-37-0046,2019-09-15,0.14767400600975186,0.1889811035761304,-0.20569092311737164
ROS1-31-0021,2019-09-15,0.11635447744078364,0.04642155587350339,-0.22620898223241792
ROS1-38-0007,2019-09-15,0.14491751239376477,0.07382658681901115,-0.27632940391435923
ROS1-37-0031,2019-09-15,0.16878111666089687,0.11551907787031002,-0.33452571764086825
ROS1-38-0004,2019-09-15,0.17887246976195015,0.1385047063657826,-0.33695710511035915
ROS1-44-0000,2019-09-15,0.2305939988461669,0.1462660598468271,-0.35400607624487057
ROS1-37-0046,2019-09-15,0.14821976642150786,0.18726755252780786,-0.2076310781494867
ROS1-43-0017,2019-09-15,0.25181374339805,0.1100065739069599,-0.37848145271258615
ROS1-43-0016,2019-09-15,0.10553999368267511,0.11013181267952106,-0.1914617343644456
ROS1-43-0016,2019-09-15,0.10491030527241847,0.10999681722774304,-0.1903515821186063
ROS1-33-0008,2019-09-15,0.28321063239437183,0.1858844712476059,-0.37793234323027003
ROS1-01-0044,2019-09-16,0.26112513659478953,0.15396385295208925,-0.3722799436965864
ROS1-01-0005,2019-09-16,0.15373005692909855,0.0632017387768645,-0.2744901326161649
ROS1-01-0009,2019-09-16,0.22706265524569344,0.11849321676321478,-0.3506218720562707
ROS1-07-0005,2019-09-16,0.22776466649876914,0.08965394772946075,-0.3399558753934375
ROS1-07-0031,2019-09-16,0.23032702040156205,0.12875181512457518,-0.35688469115323135
ROS1-07-0005,2019-09-16,0.2351969005370308,0.09028545463790803,-0.35754438894514917
ROS1-08-0022,2019-09-16,0.1432470431869054,0.06463969418003988,-0.2759298445733623
ROS1-08-0025,2019-09-16,0.2187570691823404,0.11443139659671357,-0.3886092422141171
ROS1-14-0031,2019-09-16,0.19252811385388235,0.0633613013481414,-0.3075453190366736
ROS1-15-0025,2019-09-16,0.18925308166103305,0.10132813414619145,-0.3038677751914105
ROS1-16-0004,2019-09-16,0.20097017616811821,0.06591357780465008,-0.32343603988839065
ROS1-22-0014,2019-09-16,0.18904171120964056,0.052387651761317745,-0.28531309927649545
ROS1-22-0014,2019-09-16,0.1907198534856941,0.05240578907165507,-0.2905425755341575
ROS1-37-0046,2019-09-17,0.21107737442469188,0.14738682627245833,-0.34006051066720977
ROS1-36-0005,2019-09-17,0.24003876241389294,0.14992088039537274,-0.3662951143857602
ROS1-37-0019,2019-09-17,0.1611867888881829,0.10809567249335021,-0.3037647637169312
ROS1-42-0016,2019-09-17,0.11437088568280507,0.08939429853092648,-0.26258229686034407
ROS1-36-0007,2019-09-17,0.15543783392131932,0.10905828541188635,-0.3046768540381367
ROS1-42-0010,2019-09-17,0.14288555710260295,0.07315942775556236,-0.27887288485041695
ROS1-37-0046,2019-09-17,0.2095326803261841,0.14700713478167704,-0.33721441089866483
ROS1-42-0009,2019-09-17,0.15178523902320193,0.10746443071860164,-0.30380134811937526
ROS1-43-0026,2019-09-17,0.14159064531654314,0.07273856120970504,-0.28964857739217215
ROS1-44-0000,2019-09-17,0.24481175690015983,0.174096702481479,-0.38746527171186096
ROS1-37-0046,2019-09-17,0.21234248120659058,0.1489961495757268,-0.3426493031074168
ROS1-43-0017,2019-09-17,0.25567417185621627,0.17353316031530536,-0.3753158882816121
ROS1-42-0016,2019-09-17,0.11196010601041925,0.08679134887277248,-0.2645168924786287
ROS1-43-0016,2019-09-17,0.14290422639772285,0.09453759394656187,-0.3234067401009334
ROS1-42-0009,2019-09-17,0.15377093793401053,0.10630371898369258,-0.31409561301175287
ROS1-43-0016,2019-09-17,0.14321326798839165,0.09784394116908285,-0.31372225585664015
ROS1-49-0012,2019-09-17,0.15048865945546722,0.11229510696840538,-0.30176572167102494
ROS1-49-0001,2019-09-17,0.13262824408848897,0.09792258885771007,-0.2826965345793437
ROS1-50-0003,2019-09-17,0.1678961344632638,0.11996508380551661,-0.3180360152233222
ROS1-49-0002,2019-09-17,0.2236186689923212,0.15092727642941484,-0.3616197263417334
ROS1-16-0004,2019-09-18,0.01361487014953683,0.08305690907784523,-0.019250190550566443
ROS1-28-0013,2019-09-18,0.21640438248654278,0.0810067905595116,-0.29695747174477993
ROS1-28-0015,2019-09-18,0.22056486427333033,0.0772017242253949,-0.2957604146025298
ROS1-29-0005,2019-09-18,0.27154968021228093,0.17612995026842035,-0.3722912741189069
ROS1-28-0013,2019-09-18,0.20839066831451106,0.08348684162073187,-0.26464856678489757
ROS1-28-0015,2019-09-18,0.21142218949650157,0.07965837705165903,-0.2603118162931592
ROS1-01-0005,2019-09-18,0.06049021812457839,-0.21725084800516886,-0.09725453699395067
ROS1-01-0009,2019-09-18,-0.1364719885556269,-0.0918128638690028,-0.0013544561350909699
ROS1-07-0005,2019-09-18,0.09564304725665511,0.07589836093306215,-0.16589961657205976
ROS1-07-0031,2019-09-18,0.18594576252174944,0.09990612715003774,-0.28355230597400327
ROS1-07-0005,2019-09-18,0.09690205790723933,0.07512684945229675,-0.16996799329831647
ROS1-08-0022,2019-09-18,0.13758295012719282,0.07460445518779746,-0.22958991991517952
ROS1-07-0020,2019-09-18,0.16857358080886395,0.07835179818815595,-0.25165771213092747
ROS1-08-0025,2019-09-18,0.0574035806571626,0.048758353854978995,-0.08332621887294625
ROS1-13-0000,2019-09-18,0.11443276555863574,0.0610389401083228,-0.11440710183617067
ROS1-19-0016,2019-09-18,0.10004400573032737,0.09035142577459428,-0.1495029689528545
ROS1-24-0034,2019-09-18,0.06595257192170184,0.02825047203830306,-0.10837494417849876
ROS1-18-0009,2019-09-18,0.13246653738477518,0.10570928529327481,-0.19618588781670887
ROS1-24-0023,2019-09-18,0.16301047596328916,0.07194429830313366,-0.29972910944195275
ROS1-18-0027,2019-09-18,-0.06335479448272967,0.011989620866566682,-0.04644494577311371
ROS1-18-0014,2019-09-18,0.0838675553383211,-0.14974588956527712,-0.12466708134462712
ROS1-24-0024,2019-09-18,0.051407731293561444,0.08565060288119643,-0.10094060996867603
ROS1-19-0018,2019-09-18,0.09748669643595881,0.04518499235170887,-0.20125237864453543
ROS1-24-0018,2019-09-18,0.19234492293972005,0.10867613719238514,-0.33123640824930795
ROS1-25-0027,2019-09-18,0.09629695130245075,0.12068216109447304,-0.14283131910873326
ROS1-19-0012,2019-09-18,0.18496538081107816,0.2996074661539694,-0.21377912867274568
ROS1-25-0012,2019-09-18,0.1433580399751729,0.05048186898737305,-0.2892735010074715
ROS1-13-0000,2019-09-18,0.09046973872832272,0.05538547082838126,-0.06788770440433414
ROS1-20-0026,2019-09-18,0.1296682091314394,0.37714704203184596,-0.11596134020642312
ROS1-25-0002,2019-09-18,0.14126630901635015,0.062130443942349345,-0.28812178396997024
ROS1-24-0023,2019-09-18,0.16962245883361482,0.07155548743065893,-0.32618339728259554
ROS1-25-0032,2019-09-18,0.1570822664533418,0.07086038430492181,-0.3171361019031375
ROS1-26-0040,2019-09-18,0.5811331976536763,0.38499602598141003,-0.5591485546967464
ROS1-32-0006,2019-09-18,0.1792656927228989,0.0733440573753031,-0.3121548089710283
ROS1-31-0022,2019-09-18,0.17730678890331603,0.07499289434780403,-0.33479860280346896
ROS1-25-0018,2019-09-18,0.1607545696497081,0.05645824691626173,-0.29410830705996605
ROS1-32-0029,2019-09-18,0.15029143071647166,0.06489955094428167,-0.3138843660621107
ROS1-14-0002,2019-09-18,0.014186759491835552,0.5338600704085349,0.007929940027357918
ROS1-15-0013,2019-09-18,-0.0383625730994152,-0.05500586952876067,-0.13172746042670339
ROS1-16-0004,2019-09-18,0.008622119322829183,0.07638177617513708,-0.008422617327164771
ROS1-15-0013,2019-09-18,-0.008057059833575478,-0.007690949895352641,-0.23764007910349372
ROS1-26-0018,2019-09-18,0.1675801299504162,0.08765314868878069,-0.220593166278663
ROS1-20-0026,2019-09-18,0.14022819090862942,0.28274644884829414,-0.13429485321480017
ROS1-21-0010,2019-09-18,0.09995179097623363,0.11709584172269766,-0.14014980527447043
ROS1-22-0022,2019-09-18,0.5145740781624645,0.23927867143541554,-0.46340427309636073
ROS1-32-0006,2019-09-18,0.1743019494096346,0.0729456044768718,-0.298193705387734
ROS1-33-0008,2019-09-18,0.248678666536672,0.17637265659727971,-0.2907482849510252
ROS1-27-0019,2019-09-18,0.17240986497839642,0.08019788362219353,-0.3107257460402857
ROS1-33-0008,2019-09-18,0.2627799679055448,0.18031142393757926,-0.3140666510772446
ROS1-19-0016,2019-09-20,0.01664631677248691,0.0838248099075368,-0.009027518334753171
ROS1-19-0012,2019-09-20,0.058795433188595814,0.3710054349841372,-0.04066268692655247
ROS1-25-0012,2019-09-20,0.028666924066930388,0.17834931420616654,-0.023621506415834163
ROS1-25-0032,2019-09-20,0.020796626530159894,0.13342553091075673,-0.023833328290346574
ROS1-25-0018,2019-09-20,0.015379607964682648,0.06531428454770973,-0.02147644408782012
ROS1-27-0013,2019-09-20,0.21930656892983005,0.10632983347899917,-0.3377171323377296
ROS1-28-0013,2019-09-20,0.3060881636928674,0.13864433642620907,-0.35038587410112293
ROS1-28-0015,2019-09-20,0.31200382604761695,0.13474118575194483,-0.3505752219204302
ROS1-28-0013,2019-09-20,0.3054452011762009,0.13889957665140198,-0.34761831975025165
ROS1-28-0002,2019-09-20,0.17196742895654132,0.1407117345434504,-0.33901157784447095
ROS1-28-0015,2019-09-20,0.3121294762030069,0.13523757897276,-0.34860648114812665
ROS1-42-0016,2019-09-20,-0.0069536967584751105,-0.03804477288788106,0.002891714690566833
ROS1-43-0017,2019-09-20,0.01965663396153584,0.08628398847508453,-0.025170647124449285
ROS1-42-0016,2019-09-20,-0.0063524433068072724,-0.03464226486145794,0.0022336680400866296
ROS1-01-0044,2019-09-21,0.27705066672426304,0.1657196910785108,-0.39294627392134895
ROS1-01-0005,2019-09-21,0.17496557091617393,0.07549494835472509,-0.2974939203685122
ROS1-01-0009,2019-09-21,0.24238603672692932,0.12499952109348722,-0.36383130306012446
ROS1-07-0005,2019-09-21,0.26897486993949654,0.0891004862288753,-0.395983040595522
ROS1-07-0031,2019-09-21,0.24935922836114266,0.12132917582871572,-0.37250747855477473
ROS1-07-0005,2019-09-21,0.2914249044693767,0.09060126725543559,-0.4452803434286668
ROS1-08-0022,2019-09-21,0.09904682288059609,0.09331953821721221,-0.07359507825119306
ROS1-14-0031,2019-09-21,0.1771594926427509,0.11155479351002223,-0.20022710072630895
ROS1-15-0025,2019-09-21,0.20288071373707306,0.11891479811832446,-0.3088242805301546
ROS1-37-0046,2019-09-22,0.184955549334893,0.07599474369599706,-0.2901941965332657
ROS1-36-0005,2019-09-22,0.2589541147457968,0.1581065048143342,-0.3571485245273367
ROS1-42-0016,2019-09-22,0.1283429995708435,0.104583049303474,-0.25429872520258795
ROS1-36-0007,2019-09-22,0.16352460668193022,0.11363495343760793,-0.30792966605292366
ROS1-42-0010,2019-09-22,0.1705368725416301,0.07255687076836605,-0.3472783774867621
ROS1-37-0046,2019-09-22,0.18566601728194523,0.0776619806157966,-0.28630676609002476
ROS1-42-0009,2019-09-22,0.019697315373302146,0.012848453006073278,-0.15506765869180641
ROS1-43-0026,2019-09-22,0.1585350994526497,0.07477790904927051,-0.3248756266598167
ROS1-44-0000,2019-09-22,0.25235487471159523,0.1475612649842621,-0.3607491269773304
ROS1-37-0046,2019-09-22,0.18786726400056172,0.07754996260626874,-0.29195967630724196
ROS1-43-0017,2019-09-22,0.272411183697396,0.17739427861755205,-0.3899096536353376
ROS1-42-0016,2019-09-22,0.12898072989708975,0.10594749199902695,-0.25258056469256934
ROS1-43-0016,2019-09-22,0.15121065326473318,0.10360735430117238,-0.32488980165074494
ROS1-42-0009,2019-09-22,0.02067980935451304,0.013414333081490029,-0.15092693327794973
ROS1-43-0016,2019-09-22,0.15106482043281577,0.10299371461625746,-0.32577171861955434
ROS1-49-0012,2019-09-22,0.13826612209139222,0.09909337656450291,-0.2870652082409875
ROS1-49-0001,2019-09-22,0.050856722535342874,0.07057286894183741,-0.15387247726321437
ROS1-50-0003,2019-09-22,0.1298226249207017,0.08626754076064874,-0.19422640967277147
ROS1-49-0002,2019-09-22,0.21686029541147844,0.10052862446295971,-0.37163402370662363
ROS1-01-0044,2019-09-23,0.21754719064303224,0.14896364702502798,-0.30634037372222034
ROS1-01-0005,2019-09-23,0.1449598369969214,0.08622819365277984,-0.22329849927344056
ROS1-01-0009,2019-09-23,0.16465180450557373,0.6686429929130384,-0.05969818903004873
ROS1-07-0005,2019-09-23,0.1887925360707051,0.09032269500858756,-0.2632980233719896
ROS1-13-0005,2019-09-23,0.13279069689819667,0.11078916306779055,-0.22444180073073583
ROS1-07-0005,2019-09-23,0.18966004265907388,0.09014304889630559,-0.26607619782260267
ROS1-07-0020,2019-09-23,0.1598345847337955,0.07802455428704054,-0.205759395678133
ROS1-13-0020,2019-09-23,0.14132082809610297,0.0644741358248848,-0.2062403545258776
ROS1-24-0030,2019-09-23,0.13588391483969026,0.08962533439403329,-0.24558626132537603
ROS1-19-0016,2019-09-23,-0.013930872283575146,0.8769081871570406,0.0673339292230512
ROS1-24-0034,2019-09-23,0.08973829880316789,0.04477005247319852,-0.17866777314800564
ROS1-18-0009,2019-09-23,0.1573895062066014,0.07738332972058101,-0.23335014001663323
ROS1-18-0027,2019-09-23,0.0065580814624052785,-0.1323172785315443,0.025039099531331672
ROS1-24-0030,2019-09-23,0.13724317078224252,0.0874040985683549,-0.26100364380545715
ROS1-18-0014,2019-09-23,0.03907582114060624,0.1294914987636003,-0.060689297120507094
ROS1-24-0024,2019-09-23,-3.0598548287761603E-4,-4.283772506610437,0.031025017063893837
ROS1-19-0018,2019-09-23,-0.005017211033580816,-19.705687808749946,0.0290132948256983
ROS1-24-0018,2019-09-23,0.1809112640021963,0.09859669156027137,-0.3020993932082981
ROS1-25-0027,2019-09-23,0.2035651937341996,0.14195032687798795,-0.2855567609672917
ROS1-19-0012,2019-09-23,0.04953652051734808,-0.15425450832522794,-0.012732606085760106
ROS1-25-0012,2019-09-23,0.025659379037664458,0.08412926717247558,-0.0030670822603718548
ROS1-25-0032,2019-09-23,-0.025281299971892702,-5.050284237049956,0.046154065037126026
ROS1-16-0004,2019-09-23,0.21680632165868385,0.07598760490042722,-0.31302734570754037
ROS1-20-0038,2019-09-23,0.02207752854468,0.2224294899220848,-0.01943300269383518
ROS1-28-0013,2019-09-23,0.3705905191002037,0.13322379846675844,-0.3775341120678587
ROS1-22-0014,2019-09-23,0.08796452871534066,0.011084122507896062,-0.03957437916969567
ROS1-21-0010,2019-09-23,0.03956509532174822,0.03096193469973601,-0.04160956921654188
ROS1-22-0022,2019-09-23,0.5677090352255515,0.3979518028041667,-0.5316420902002614
ROS1-28-0015,2019-09-23,0.3582432066562379,0.12931047962265768,-0.3639187752187471
ROS1-22-0002,2019-09-23,0.19090528152184888,0.07096679910194452,-0.26701179016939197
ROS1-22-0006,2019-09-23,0.3351931383998213,0.1794843575688144,-0.38891106882807297
ROS1-22-0014,2019-09-23,0.09095397280938143,0.010295722040634754,-0.06406677439164069
ROS1-29-0003,2019-09-23,0.12960716757995316,0.03755406752996008,-0.17956823104484973
ROS1-29-0005,2019-09-23,0.2554724017223992,0.1907305802669664,-0.2817439828421079
ROS1-28-0013,2019-09-23,0.37053188343976606,0.13317951165967087,-0.3718597830820672
ROS1-28-0002,2019-09-23,0.2027543869367097,0.10273311675005366,-0.31649106014277995
ROS1-33-0020,2019-09-23,0.13335105755435264,0.15711734504974786,-0.14235880763901548
ROS1-28-0015,2019-09-23,0.3597728478401225,0.12998026045120512,-0.3593309739311468
ROS1-33-0013,2019-09-23,0.38058948094221645,0.2978352151326577,-0.4352204748008936
ROS1-33-0013,2019-09-23,0.38250275119884247,0.2984721165328996,-0.4371497800909338
ROS1-19-0016,2019-09-25,0.23565938261862795,0.09123447247941356,-0.32061263451878347
ROS1-18-0009,2019-09-25,0.20039883031304845,0.07975465931983693,-0.323962975920037
ROS1-24-0023,2019-09-25,0.20198428809142743,0.08961682195138701,-0.34898914985123325
ROS1-18-0027,2019-09-25,0.21592266625440446,0.10332242251661922,-0.3294824223894703
ROS1-18-0014,2019-09-25,0.3154550376648003,0.13058302756086543,-0.388294954651588
ROS1-24-0024,2019-09-25,0.17966682037082637,0.08793953627988088,-0.3029770656905154
ROS1-19-0018,2019-09-25,0.18604312977140378,0.060113434657071564,-0.28044174752675666
ROS1-24-0018,2019-09-25,0.20243098163324214,0.10630237159292834,-0.34718556161453434
ROS1-25-0027,2019-09-25,0.24537584078922722,0.144902442607934,-0.3687134644052057
ROS1-19-0012,2019-09-25,0.2445246239050475,0.11013572913027635,-0.3853390938542433
ROS1-25-0012,2019-09-25,0.19047441860287984,0.07482304909207971,-0.338602547391085
ROS1-25-0002,2019-09-25,0.16288132753516332,0.08158508599191708,-0.3156654943648022
ROS1-30-0014,2019-09-25,0.2793776126275979,0.15487758787738398,-0.4301989633313133
ROS1-24-0023,2019-09-25,0.20672545353701638,0.08905156550802647,-0.3688798338432585
ROS1-30-0002,2019-09-25,0.18273111278934678,0.07706915936626546,-0.3613439462719559
ROS1-30-0015,2019-09-25,0.18132749099950707,0.060033341146289644,-0.35589620309907166
ROS1-36-0006,2019-09-25,0.17654197663577806,0.07975826021407455,-0.29864524384129854
ROS1-37-0046,2019-09-25,0.2546905571705718,0.15644839324818233,-0.39654181479622674
ROS1-25-0032,2019-09-25,0.1722842570575778,0.08702618842529677,-0.3275224289319771
ROS1-26-0040,2019-09-25,0.611880786819852,0.4030580399612558,-0.5896960862668689
ROS1-31-0021,2019-09-25,0.1653824710548445,0.08445788838885848,-0.32321876544064576
ROS1-32-0006,2019-09-25,0.20029335904606113,0.08669358453659508,-0.33853899283887745
ROS1-38-0007,2019-09-25,0.18870872353349322,0.07769209615623042,-0.3666077393012552
ROS1-31-0022,2019-09-25,0.19674213432586785,0.10067373314061251,-0.36043879061090134
ROS1-37-0031,2019-09-25,0.17960749749286553,0.11722118136783506,-0.3406441960675418
ROS1-25-0018,2019-09-25,0.20245618913159835,0.08966200320214192,-0.33006773360942177
ROS1-31-0033,2019-09-25,0.2987349272885862,0.15229229654715087,-0.41017148819380767
ROS1-32-0029,2019-09-25,0.16654585883745443,0.08951636031060523,-0.32219827526892986
ROS1-37-0046,2019-09-25,0.24726814959034601,0.1560713987208895,-0.37923351063070754
ROS1-20-0038,2019-09-25,0.26192435788535795,0.14847595110183015,-0.38422617522401664
ROS1-21-0003,2019-09-25,0.17294283343015524,0.07474849221219323,-0.2956483308594947
ROS1-26-0018,2019-09-25,0.20095709627388214,0.07146763126835819,-0.3379407869063181
ROS1-26-0030,2019-09-25,0.15832604923773608,0.07289575549253315,-0.3088945358808123
ROS1-27-0013,2019-09-25,0.21410489106225736,0.08294362700983166,-0.33251411795323865
ROS1-28-0013,2019-09-25,0.38268047194550386,0.15020564383533358,-0.4262171733699713
ROS1-28-0015,2019-09-25,0.3813225204347121,0.1455344341285299,-0.42077654355564587
ROS1-29-0003,2019-09-25,0.18762163316523184,0.05582851671615331,-0.30029620007320573
ROS1-27-0005,2019-09-25,0.27724190415521727,0.1237175279064216,-0.4095218088925321
ROS1-32-0006,2019-09-25,0.2020900804405064,0.08682876874023938,-0.34247910411066756
ROS1-33-0008,2019-09-25,0.3352336064114434,0.18453622593257482,-0.4557662166989139
ROS1-32-0025,2019-09-25,0.28736881212728677,0.18944768086512673,-0.41112583310215073
ROS1-26-0030,2019-09-25,0.16017212026077005,0.07356828740487012,-0.3123772731920719
ROS1-28-0013,2019-09-25,0.3795098227658054,0.15072142384052142,-0.41785974754727667
ROS1-34-0005,2019-09-25,0.17524688181457854,0.05933435523402647,-0.3278054142933776
ROS1-27-0019,2019-09-25,0.19966655227287658,0.09802907901591536,-0.32905582395940564
ROS1-28-0002,2019-09-25,0.17738670103227114,0.12020582195686318,-0.35488833508869455
ROS1-33-0020,2019-09-25,0.2305977984779224,0.11154118302540462,-0.3709939789003674
ROS1-28-0015,2019-09-25,0.3785930144992814,0.1463846151790047,-0.4127029329888655
ROS1-33-0013,2019-09-25,0.39867578065187936,0.26090033976676186,-0.49149474863605597
ROS1-31-0021,2019-09-25,0.17028923492094106,0.08330127965917464,-0.3447646202705883
ROS1-36-0005,2019-09-25,0.13290140154739247,0.14909343569742894,-0.12722881447475168
ROS1-37-0019,2019-09-25,0.20137586841490762,0.12037156944557516,-0.3524017141336422
ROS1-36-0007,2019-09-25,0.013317342220257801,0.03299864495179773,-0.00207823795026952
ROS1-30-0015,2019-09-25,0.17998781479600842,0.05959486870360492,-0.3534354449547097
ROS1-36-0006,2019-09-25,0.17736095438258234,0.08028361636245855,-0.29650216125208845
ROS1-37-0046,2019-09-25,0.255605575098101,0.1579356938203511,-0.3953696897718367
ROS1-31-0021,2019-09-25,0.16340681475642554,0.08485930476087802,-0.31399684045012594
ROS1-38-0007,2019-09-25,0.1844591726858705,0.07778861885464232,-0.3510579904727187
ROS1-37-0031,2019-09-25,0.1776567727116195,0.1169475089424781,-0.3343836466918175
ROS1-38-0004,2019-09-25,0.20033748844609908,0.14167196365260146,-0.3434265249995716
ROS1-43-0026,2019-09-25,0.15258849990365156,0.06996485778781256,-0.30898819653042503
ROS1-44-0000,2019-09-25,0.2742812337374539,0.18237273635775303,-0.41488813743424524
ROS1-37-0046,2019-09-25,0.2447330248471328,0.15613916392095806,-0.3719626963509229
ROS1-43-0017,2019-09-25,0.2818958178110782,0.1732016480789217,-0.3957070199194343
ROS1-43-0016,2019-09-25,0.16267591558943356,0.09930069679438192,-0.3370084145649203
ROS1-43-0016,2019-09-25,0.1610446567196205,0.09932000705984437,-0.3309702510447163
ROS1-49-0012,2019-09-25,0.11013828827536085,0.12762045302215103,-0.17289977656197814
ROS1-49-0001,2019-09-25,0.13124147605498676,0.13119280071091427,-0.21781437680508073
ROS1-50-0003,2019-09-25,0.1941405399803831,0.11996717623741796,-0.35811239880185586
ROS1-49-0002,2019-09-25,0.27748690697874234,0.18314642386990243,-0.39748013450337316
ROS1-33-0008,2019-09-25,0.3364135557316105,0.18388283563152938,-0.45971784143177435
ROS1-34-0005,2019-09-25,0.17680623467038964,0.05947913792662438,-0.3314526034493382
ROS1-33-0013,2019-09-25,0.39958749653735276,0.26060665476595274,-0.4930784631823456
ROS1-01-0044,2019-09-26,0.2479391659705817,0.1564636668012511,-0.3400770847024994
ROS1-08-0022,2019-09-26,0.172611840847653,0.07420341592244957,-0.3154329903618579
ROS1-08-0025,2019-09-26,0.22607876020449888,0.16369610415563005,-0.41213413129453813
ROS1-14-0031,2019-09-26,0.20542822361618457,0.07751381018211627,-0.3283555940361243
ROS1-15-0025,2019-09-26,0.2333149556651923,0.11844252889178086,-0.33559003171057206
ROS1-16-0004,2019-09-26,0.21543210872782928,0.0742463533386733,-0.31708029819281963
ROS1-22-0014,2019-09-26,0.19751419793227076,0.05245227454841398,-0.2677314618968674
ROS1-22-0002,2019-09-26,0.1806194982831673,0.06689026454176357,-0.2502314478684906
ROS1-22-0014,2019-09-26,0.2154840533547417,0.05072107642702284,-0.3235260567088136
ROS1-50-0003,2019-09-27,0.10630214926349797,0.11141862782314847,-0.13964575110830305
ROS1-01-0044,2019-09-28,0.1979074047594929,0.11480464343490755,-0.28955410112463725
ROS1-01-0005,2019-09-28,0.02649545428462494,0.029076905983158235,-0.06576815850670638
ROS1-01-0009,2019-09-28,0.21007326262554263,0.11308468923960861,-0.34709164760365196
ROS1-07-0005,2019-09-28,0.025241459986212005,0.03346846323942334,-0.0520561900356037
ROS1-13-0005,2019-09-28,0.14892458989227095,0.10205061770025549,-0.2627318143931692
ROS1-07-0031,2019-09-28,0.10297964061989058,0.12509133212740173,-0.13399533324591248
ROS1-07-0005,2019-09-28,0.025794055722617573,0.03439807570576628,-0.049523713736512154
ROS1-08-0022,2019-09-28,0.08358871205473967,0.06874578075903648,-0.16380729717824413
ROS1-07-0020,2019-09-28,0.11096235367652586,0.11870023970865574,-0.12320614704242738
ROS1-13-0000,2019-09-28,0.1123090873171135,0.0689693789406687,-0.18211626248990453
ROS1-14-0009,2019-09-28,0.10342837756278096,0.07364489811044556,-0.15591674487546545
ROS1-13-0020,2019-09-28,0.05821477194898929,0.05495093098735527,-0.06722123319006063
ROS1-19-0016,2019-09-28,0.21248929931128493,0.0935943595831166,-0.27977400513553735
ROS1-18-0009,2019-09-28,0.010577509851173075,0.01590559144461636,-0.05289323282048882
ROS1-19-0012,2019-09-28,0.21722607138452432,0.10681195283830883,-0.33617373750677476
ROS1-25-0012,2019-09-28,0.14712843472866333,0.06390204190231083,-0.27407000692389727
ROS1-13-0000,2019-09-28,0.10780731339308795,0.06817408585559113,-0.17033647509336589
ROS1-20-0017,2019-09-28,0.33358452455613585,0.17437139783161448,-0.36364163281195794
ROS1-20-0026,2019-09-28,0.18434534606803576,0.08274184934513162,-0.3165434980193291
ROS1-32-0006,2019-09-28,0.19505808763171587,0.07806704264787175,-0.3281538844219121
ROS1-31-0022,2019-09-28,0.1811470171768773,0.09295969771671848,-0.33538620208477027
ROS1-32-0029,2019-09-28,0.15289035959369773,0.07848368981843468,-0.3018840935385531
ROS1-14-0002,2019-09-28,0.08844339281953846,0.04656312490712933,-0.09525056100755663
ROS1-15-0022,2019-09-28,0.16541465666037505,0.07504773175007932,-0.29981859895556323
ROS1-15-0013,2019-09-28,0.21301934812091192,0.1209349767737233,-0.391080665114737
ROS1-14-0031,2019-09-28,0.10731326522411513,0.10782576068317773,-0.10740492368025241
ROS1-15-0025,2019-09-28,0.22588391146145545,0.1186248139606807,-0.32730530461729523
ROS1-16-0004,2019-09-28,0.20593636607527807,0.07681165689113692,-0.2930248512847919
ROS1-15-0013,2019-09-28,0.21524951493044295,0.12145950827906841,-0.3945074648637671
ROS1-21-0036,2019-09-28,0.19077657461941658,0.0682188893426854,-0.34037558449030597
ROS1-21-0000,2019-09-28,0.13817711179071188,0.0638283073146369,-0.24625849872855096
ROS1-20-0038,2019-09-28,0.21989055603283456,0.1379523089716,-0.32746224914685
ROS1-26-0018,2019-09-28,0.2015266661357966,0.06441402172884259,-0.34648868285823925
ROS1-20-0017,2019-09-28,0.33242780133274275,0.173408594071356,-0.3637295127035419
ROS1-26-0030,2019-09-28,0.14459444034562516,0.06411136637451949,-0.2978218292136762
ROS1-20-0026,2019-09-28,0.18536077219757838,0.08272630416430708,-0.3188598085660294
ROS1-28-0013,2019-09-28,0.26271168937234396,0.15198934321991198,-0.2622356755984106
ROS1-22-0014,2019-09-28,0.16633672929104643,0.047889140514353126,-0.2254043248604109
ROS1-21-0010,2019-09-28,0.21757892920401972,0.06521717903465869,-0.30394847387207224
ROS1-22-0022,2019-09-28,0.21220501225295488,0.05944790943204834,-0.3317291016630668
ROS1-28-0015,2019-09-28,0.23195641225900127,0.14865649138525625,-0.23465319344725225
ROS1-22-0002,2019-09-28,0.16322832262036682,0.06097795920086677,-0.2696342457778813
ROS1-22-0006,2019-09-28,0.34373325159920043,0.15643877624929317,-0.41038363652744025
ROS1-22-0014,2019-09-28,0.1753373857899809,0.0466134927626931,-0.2560529462779116
ROS1-29-0003,2019-09-28,0.16464952051126777,0.04570444761844145,-0.25313396567759966
ROS1-29-0005,2019-09-28,0.24876308478015022,0.12974315683300267,-0.3782913351072174
ROS1-27-0005,2019-09-28,0.26084368620738846,0.11413039815830082,-0.39525241461854504
ROS1-32-0006,2019-09-28,0.19754866332091867,0.07816673253517108,-0.33454576952905546
ROS1-32-0025,2019-09-28,0.21740997370328305,0.17661232319407377,-0.30854218541126327
ROS1-26-0030,2019-09-28,0.1425916761787985,0.0641849018345333,-0.28916962838329524
ROS1-28-0013,2019-09-28,0.2708244852224963,0.15618346487452076,-0.2669711132409567
ROS1-34-0005,2019-09-28,0.15166332301514482,0.048695771778602036,-0.2987380002593195
ROS1-27-0019,2019-09-28,0.19952534702214925,0.12623855480066343,-0.29851003515543184
ROS1-28-0002,2019-09-28,0.14345186570931312,0.06851459968712464,-0.2802844515813855
ROS1-33-0020,2019-09-28,0.22496518715144176,0.11734330748082603,-0.35717197570424114
ROS1-28-0015,2019-09-28,0.23743803062508878,0.15249446595546937,-0.2366074479424444
ROS1-33-0013,2019-09-28,0.37951531908847347,0.24047165364690914,-0.48047162143113253
ROS1-34-0005,2019-09-28,0.1533773799130838,0.04856139923987488,-0.3048038794655463
ROS1-33-0013,2019-09-28,0.3820686106200666,0.24108948723332305,-0.48452171563948304
ROS1-24-0030,2019-09-30,-0.008398601752135993,0.03392471415398448,0.026491994771153028
ROS1-18-0009,2019-09-30,-0.027243167575061143,0.2947079605068054,0.08896043595125723
ROS1-24-0023,2019-09-30,0.14672499892432755,0.11887588700534896,-0.10777961414659007
ROS1-18-0027,2019-09-30,0.123475459944629,0.07910407281429914,-0.18046488702047842
ROS1-24-0030,2019-09-30,-0.014154184884080039,0.1366659790836794,0.0366509321243886
ROS1-18-0014,2019-09-30,0.16421528828478107,0.13526100207651326,-0.15973000172146892
ROS1-19-0018,2019-09-30,0.037110944026462936,0.05189265795453801,-5.939224999609946E-4
ROS1-24-0018,2019-09-30,0.05368832183142759,0.0431754513092074,-0.1573309638191802
ROS1-19-0012,2019-09-30,0.20387487673420876,0.11735734633357484,-0.23646749536420586
ROS1-30-0014,2019-09-30,0.24172951315751906,0.1589510081824833,-0.3057869630430862
ROS1-24-0023,2019-09-30,0.13964744546042804,0.14618709223009033,-0.09407421811211986
ROS1-30-0002,2019-09-30,0.12302078522317939,0.06694818362285669,-0.20887014815339222
ROS1-30-0015,2019-09-30,0.13959131763781352,0.05922476128202835,-0.23253407574778595
ROS1-36-0006,2019-09-30,0.05791067351738436,0.0892731908809837,-0.08818623822473036
ROS1-31-0021,2019-09-30,0.18141648590647116,0.07748656710481966,-0.37252213389071975
ROS1-25-0018,2019-09-30,-0.01638512462959747,0.07042977669323638,0.05021558551744005
ROS1-31-0033,2019-09-30,0.03561169103658815,-1.6809139716298362,-0.005754650224966454
ROS1-28-0013,2019-09-30,0.004968595906555498,0.07051254924086517,0.009249921289983908
ROS1-28-0015,2019-09-30,-0.00958146228755671,-0.17962231091585124,0.025468315424714956
ROS1-27-0005,2019-09-30,-0.0213501760653017,0.20351726435839096,0.06280330177060221
ROS1-28-0013,2019-09-30,-0.018134169140072428,0.13616210048606012,0.0587812056992678
ROS1-28-0002,2019-09-30,-0.01695802958487392,0.14465283976208748,0.057852791321833595
ROS1-28-0015,2019-09-30,-0.03209937215116745,0.2082679526446215,0.07488632378492134
ROS1-31-0021,2019-09-30,0.1245695394545768,0.07291544445746204,-0.22171072433011146
ROS1-36-0005,2019-09-30,-0.014460287747827906,-0.2570228599602226,0.04142371638470446
ROS1-36-0007,2019-09-30,0.20602650521536456,0.2984303819961164,-0.18342616498074493
ROS1-42-0010,2019-09-30,0.008471267508358379,0.030440322848452307,-0.05149810856288266
ROS1-30-0015,2019-09-30,0.13736348518114233,0.05920984671687845,-0.22473570882073146
ROS1-36-0006,2019-09-30,0.05714193923538494,0.10226770514627079,-0.07688640450147648
ROS1-31-0021,2019-09-30,0.13800962152195378,0.07365960527114875,-0.2567932091656668
ROS1-43-0016,2019-09-30,0.10887410479546328,0.13698872273651017,-0.14519483344060524
ROS1-43-0016,2019-09-30,0.10842278753484608,0.13603255409586662,-0.14461964928643517
ROS1-49-0012,2019-09-30,0.14222746848928966,0.10103608825759433,-0.27528112490123097
ROS1-49-0001,2019-09-30,0.1589916494347058,0.06343182268761403,-0.3178223202001201
ROS1-50-0003,2019-09-30,-0.055868785238339304,-0.1123248145094806,-0.024813619672860783
ROS1-49-0002,2019-09-30,0.29148282859089114,0.1679586172819514,-0.38773633238816263
ROS1-01-0005,2019-10-01,0.018217172607991595,0.09162192515218097,-0.008448828809690532
ROS1-43-0026,2019-10-02,0.09957493054522225,0.08951530673453671,-0.14553986046218736
ROS1-44-0000,2019-10-02,0.20781344750167854,0.1610425672925116,-0.27089643073731023
ROS1-43-0017,2019-10-02,0.16759113010494125,0.10125060536866629,-0.16326810183178428
ROS1-49-0012,2019-10-02,0.14716410443349104,0.10622041618680449,-0.27243993223806107
ROS1-49-0001,2019-10-02,0.15316152539334676,0.06534437362795123,-0.2948158831891983
ROS1-50-0003,2019-10-02,0.18341316646761255,0.11157458564412935,-0.3170908170050905
ROS1-49-0002,2019-10-02,0.31236915421520217,0.17802100296944548,-0.39968001534198105
ROS1-37-0046,2019-10-02,0.22296339242980598,0.18420311795821628,-0.2936076384354884
ROS1-37-0019,2019-10-02,0.05948159252960338,0.04613597225510131,-0.09818371895855729
ROS1-42-0016,2019-10-02,0.04736397454386283,0.049036470117662274,-0.08900497190426161
ROS1-36-0007,2019-10-02,0.181909614117488,0.1700837745513955,-0.17942841246288543
ROS1-42-0010,2019-10-02,0.07670735809328183,0.08320263583609036,-0.13166613372711414
ROS1-37-0046,2019-10-02,0.2249215670184007,0.18466064478990193,-0.2956252552904784
ROS1-42-0009,2019-10-02,0.1103932980886336,0.1024762345351726,-0.11693293867962172
ROS1-37-0046,2019-10-02,0.22584069899002637,0.18368574635299098,-0.2970510333475508
ROS1-42-0016,2019-10-02,0.04635345584595691,0.049225537087530684,-0.08460321058459491
ROS1-42-0009,2019-10-02,0.10891763203937621,0.1042209226644643,-0.1110213804938657
ROS1-36-0005,2019-10-05,0.25398841403872363,0.13825565471697784,-0.3357616248810636
ROS1-36-0007,2019-10-05,0.204544862898774,0.12926948847938666,-0.30204076379489336
ROS1-42-0010,2019-10-05,0.1420156631363277,0.06659596930198085,-0.22993843138192152
ROS1-49-0001,2019-10-05,0.01756434083364652,0.018876626144267855,-0.03029560761406817
ROS1-50-0003,2019-10-05,0.0897878722667003,0.12735152017605697,-0.11036680947909913
ROS1-49-0002,2019-10-05,0.14748836971932486,0.1434282703684147,-0.1364365365283012
ROS1-37-0019,2019-10-07,0.2852047471937662,0.15726962218679252,-0.3227311735835661
ROS1-36-0007,2019-10-07,-0.062349521222986745,-0.07037912352254036,-0.040339100080247936
ROS1-42-0010,2019-10-07,0.4022094513026129,0.2093673172826196,-0.4027775428923381
ROS1-43-0026,2019-10-07,0.023806748563548318,0.02597035134615356,-0.06823791046171064
ROS1-43-0016,2019-10-07,0.08768631164779997,0.13122400776686524,-0.0830336044994086
ROS1-43-0016,2019-10-07,0.09907989656103991,0.14925594791724978,-0.08764293658513947
ROS1-01-0005,2019-10-08,0.08722317468166595,0.057943083157911295,-0.10538008685352805
ROS1-01-0009,2019-10-08,0.08418022955942159,0.10153668979683038,-0.12101053801475344
ROS1-08-0022,2019-10-08,0.11245735964597264,0.060541215550605,-0.16907649629309676
ROS1-18-0009,2019-10-08,0.10052844957738233,0.041666002070743995,-0.18243801381043925
ROS1-26-0040,2019-10-08,0.4295969553523712,0.3040694162198376,-0.3964248742352106
ROS1-32-0006,2019-10-08,-0.0328401498928137,-0.01696338245527166,-0.04997149698774257
ROS1-20-0038,2019-10-08,0.0677805838111877,0.06451241457904036,-0.15458421016362997
ROS1-26-0018,2019-10-08,-0.06594085430017087,-0.06642518481584161,-0.05183483190245638
ROS1-29-0005,2019-10-08,0.021773236453745626,0.662581706599792,-0.006400621047654894
ROS1-32-0006,2019-10-08,-0.024726154215739336,-0.010356787168406793,-0.053056748501158234
ROS1-33-0008,2019-10-08,0.5835616438356164,0.25009784735812135,-0.553763440860215
ROS1-24-0030,2019-10-10,0.1659476448289991,0.07054690108722413,-0.26998388341102764
ROS1-19-0016,2019-10-10,0.2681608796139975,0.10612893890544181,-0.3324731719258819
ROS1-24-0034,2019-10-10,0.2554258840824075,0.10450183430889397,-0.31292723901083636
ROS1-18-0009,2019-10-10,0.20607428025893443,0.07267410373390042,-0.3286102974182943
ROS1-24-0023,2019-10-10,0.1908672116090279,0.09880386167264184,-0.22139052818107913
ROS1-18-0027,2019-10-10,0.2589187771925944,0.10878154722797241,-0.351589883949808
ROS1-24-0030,2019-10-10,0.16833543273962648,0.07069698448134003,-0.2761184163422951
ROS1-18-0014,2019-10-10,0.2086036389539157,0.09736427309097405,-0.32799194729307996
ROS1-24-0024,2019-10-10,0.19720900778684658,0.08143461548115687,-0.3127555841456625
ROS1-19-0018,2019-10-10,0.1985708763344751,0.06819481993387763,-0.2778774309797093
ROS1-24-0018,2019-10-10,0.3038259091807936,0.13530886942975784,-0.37548353932541945
ROS1-25-0027,2019-10-10,0.36174619091160554,0.17976287568726598,-0.4050706744595353
ROS1-19-0012,2019-10-10,0.46678055613069075,0.21451980397933001,-0.4773808002540457
ROS1-25-0012,2019-10-10,0.3341412631005869,0.08606485322475803,-0.3684362698815891
ROS1-25-0002,2019-10-10,0.19381866926030603,0.1523013170944984,-0.20795159151902895
ROS1-30-0014,2019-10-10,0.5411187885422419,0.3420132727291919,-0.5072111176545652
ROS1-24-0023,2019-10-10,0.14998841790738704,0.11806517203594381,-0.18504910790623327
ROS1-30-0002,2019-10-10,0.33575811739585515,0.14380885105344654,-0.3833523107584062
ROS1-30-0015,2019-10-10,0.07229301115127677,0.030493304190593734,-0.16497897986869953
ROS1-36-0006,2019-10-10,0.2869831835206244,0.10026380760662645,-0.351519067078615
ROS1-25-0032,2019-10-10,0.09756820159851129,0.09137747120339247,-0.10495375847441397
ROS1-26-0040,2019-10-10,0.5968609627560246,0.34280704256954125,-0.5567100669151628
ROS1-31-0021,2019-10-10,0.049981881024726636,0.10901021830322885,-0.038436683894030814
ROS1-32-0006,2019-10-10,0.18225245998988707,0.06211932642786347,-0.3162704107048165
ROS1-31-0022,2019-10-10,0.17374763748154767,0.05561457319071482,-0.33290876268673497
ROS1-37-0031,2019-10-10,0.16275503063885355,0.09680110520009683,-0.2805104958897406
ROS1-25-0018,2019-10-10,0.18697003874110818,0.06199573736755197,-0.27559956230209454
ROS1-31-0033,2019-10-10,0.378976957906947,0.17207830865416043,-0.4185195568433838
ROS1-32-0029,2019-10-10,0.175321403289756,0.0754448982197258,-0.32417984229660907
ROS1-37-0046,2019-10-10,0.2635275846536713,0.18301511485135297,-0.3514383153596487
ROS1-20-0038,2019-10-10,0.3232557451759845,0.15470353804493622,-0.44102265927293355
ROS1-21-0003,2019-10-10,0.36899587619880203,0.14558271835742723,-0.4177278541155945
ROS1-26-0018,2019-10-10,0.49874827082680917,0.16671497810765973,-0.5510113555478173
ROS1-26-0030,2019-10-10,0.17475648901329804,0.08176566454388025,-0.3105844313932901
ROS1-27-0013,2019-10-10,0.46331358548666723,0.20132185527664423,-0.47856511435148025
ROS1-27-0005,2019-10-10,0.31472759619301216,0.12134238763100745,-0.4378944078651539
ROS1-32-0006,2019-10-10,0.21678448525402977,0.06480648318700004,-0.4136774089877745
ROS1-32-0025,2019-10-10,0.30306786119291024,0.18262470506029643,-0.4140127483207473
ROS1-26-0030,2019-10-10,0.17284601962725257,0.0822104482906247,-0.302265469181693
ROS1-34-0005,2019-10-10,0.08919849598558505,0.050996840955368807,-0.11891632240750198
ROS1-27-0019,2019-10-10,0.056130669189670246,0.07850419556931418,-0.06768201561985518
ROS1-33-0013,2019-10-10,0.14005511322353317,0.10656377727865587,-0.15833966849129313
ROS1-31-0021,2019-10-10,0.06559077439768633,0.18692394975264373,-0.038810475737298816
ROS1-36-0005,2019-10-10,0.11948084738935696,0.1193310700924777,-0.1529108679882486
ROS1-37-0019,2019-10-10,0.2419223164954969,0.14078347920098974,-0.29213449136813696
ROS1-42-0016,2019-10-10,0.10731678308015928,0.07477841211968038,-0.2335719558982429
ROS1-36-0007,2019-10-10,0.25860746225375036,0.20600680431899782,-0.29671530302616866
ROS1-42-0010,2019-10-10,0.08466180006920843,0.0794243905528333,-0.12858938679372728
ROS1-30-0015,2019-10-10,0.0680805808320834,0.02847709195000717,-0.1548496191217913
ROS1-36-0006,2019-10-10,0.2783585700755837,0.10015133481764449,-0.33268834061606706
ROS1-37-0046,2019-10-10,0.26157939183805695,0.18394928924345025,-0.3493875125890261
ROS1-42-0009,2019-10-10,0.15440177151763537,0.09197427850551003,-0.27699936057622027
ROS1-31-0021,2019-10-10,0.044946903804352234,0.09714182853272516,-0.029101477061057982
ROS1-37-0031,2019-10-10,0.16952837432747,0.09777729194610824,-0.29966351930855983
ROS1-38-0004,2019-10-10,0.2244055859181581,0.1475847081799583,-0.3348597549681363
ROS1-43-0026,2019-10-10,0.1709203402938902,0.08236434108527134,-0.29734361610968296
ROS1-44-0000,2019-10-10,0.17251227489263718,0.05869669498661069,-0.4034142480788823
ROS1-37-0046,2019-10-10,0.2695231128242136,0.18472392768436488,-0.36608558365285176
ROS1-43-0017,2019-10-10,0.4850429115208681,0.26287700159779975,-0.5100621936142191
ROS1-42-0016,2019-10-10,0.1063354293323668,0.07424339009224691,-0.2319197599245719
ROS1-43-0016,2019-10-10,0.1352600893985137,0.07355535354981053,-0.2906197639667105
ROS1-42-0009,2019-10-10,0.1533826078786416,0.09139509018405732,-0.276270818237678
ROS1-43-0016,2019-10-10,0.13539656911045506,0.07366731594921953,-0.28945914857398053
ROS1-49-0012,2019-10-10,0.18588906559739898,0.12382579007997058,-0.29489845734883063
ROS1-49-0001,2019-10-10,0.1661389699393855,0.06848513018144022,-0.3407923123264957
ROS1-50-0003,2019-10-10,0.1993111226112787,0.1268203257130019,-0.3143279459549283
ROS1-49-0002,2019-10-10,0.3732184758180871,0.19340762511073595,-0.44035146012062604
ROS1-34-0005,2019-10-10,0.10108825516522092,0.054014362463050726,-0.1451636751543789
ROS1-33-0013,2019-10-10,0.14890075199471595,0.10909434181556488,-0.17512188832939707
ROS1-07-0005,2019-10-11,0.1647102916813603,0.15727993412688715,-0.14129500343184714
ROS1-07-0005,2019-10-11,0.25265422738373633,0.13169741317897063,-0.32834611843412137
ROS1-08-0025,2019-10-11,0.011307098972429656,-0.044799112531121475,0.024424782980571255
ROS1-22-0014,2019-10-11,0.009741716948299062,0.025421889706751643,-0.031780742888931596
ROS1-22-0014,2019-10-11,-0.011518948781377977,-0.06976109404811032,0.01781375490954169
ROS1-37-0046,2019-10-12,0.24411074818516065,0.18782275435767762,-0.3082014727202428
ROS1-36-0005,2019-10-12,-0.05503354341820456,-0.026914923177786088,0.055621010201884966
ROS1-37-0019,2019-10-12,0.16614525523940396,0.11465504643029228,-0.1756768527268217
ROS1-42-0016,2019-10-12,0.0294859282528167,0.030184800106878837,-0.014336386038635044
ROS1-36-0007,2019-10-12,0.16218063792784038,0.3116840298395623,-0.16095222463682232
ROS1-42-0010,2019-10-12,0.01744702253722252,0.00962352528282217,-0.03379250909519243
ROS1-37-0046,2019-10-12,0.2429679164358488,0.18798876101679246,-0.30538351871635416
ROS1-43-0026,2019-10-12,-0.028580843520726432,0.005882371845796925,0.0014240345908117019
ROS1-44-0000,2019-10-12,0.13995507850060118,0.08467238100866428,-0.1953150962857722
ROS1-37-0046,2019-10-12,0.2452893857126713,0.1879236499734961,-0.30742174938593847
ROS1-43-0017,2019-10-12,0.26407739000106206,0.29825555181385166,-0.2353728744151122
ROS1-42-0016,2019-10-12,0.016342497079419448,0.019782698057928583,0.0010012147978879448
ROS1-43-0016,2019-10-12,0.13817269563622675,0.05275672572812579,-0.27834463179716207
ROS1-43-0016,2019-10-12,0.14233996534036017,0.053943282290614625,-0.28157660629498876
ROS1-49-0012,2019-10-12,0.14631718934709495,0.13113661783726943,-0.1401228886872086
ROS1-49-0001,2019-10-12,0.12402688997982939,0.058341878533815915,-0.22116941454016872
ROS1-50-0003,2019-10-12,0.09375597813067232,0.09750664550917272,-0.07745330216315571
ROS1-49-0002,2019-10-12,0.1018926937478087,0.07650297838248417,-0.06419663275129925
ROS1-01-0044,2019-10-13,0.20235650893313595,0.06400471078929168,-0.33555661879443915
ROS1-01-0005,2019-10-13,0.17009094645100808,0.06576878730015016,-0.2944666235587932
ROS1-01-0009,2019-10-13,0.19577366699098106,0.09015107791843854,-0.3296770149114523
ROS1-07-0005,2019-10-13,0.16978275071485052,0.0765055820435424,-0.29858086334982886
ROS1-13-0005,2019-10-13,0.16132947019214963,0.0821880885667227,-0.2863419347108125
ROS1-07-0031,2019-10-13,0.22381299034697197,0.1094439426555885,-0.34076722761408995
ROS1-07-0005,2019-10-13,0.17158910496708293,0.07655473484430288,-0.30360929826863325
ROS1-08-0022,2019-10-13,0.16673881709134597,0.06473926639334394,-0.3010236208212163
ROS1-07-0020,2019-10-13,0.18213007362767006,0.0687519348578965,-0.298044485401628
ROS1-08-0025,2019-10-13,0.17103917521562856,0.08529858603215978,-0.3217717643419095
ROS1-13-0000,2019-10-13,0.1682636455711782,0.05384632116668804,-0.313578449124238
ROS1-14-0009,2019-10-13,0.16259627426515058,0.04848864579097669,-0.295702418708155
ROS1-13-0020,2019-10-13,0.17047239116671456,0.05667557218202673,-0.29701038315249856
ROS1-24-0030,2019-10-13,0.17948455684235978,0.07083664860631407,-0.28686614952266803
ROS1-19-0016,2019-10-13,0.25816393203859284,0.10252804970936176,-0.3102330468433649
ROS1-24-0034,2019-10-13,0.30587094488997224,0.1028253492078656,-0.36400064685684796
ROS1-18-0009,2019-10-13,0.1924228808975058,0.0687947554618933,-0.30876032074652243
ROS1-24-0023,2019-10-13,0.34569203853466346,0.11230280727036897,-0.3985493159952531
ROS1-18-0027,2019-10-13,0.262252138009907,0.10349821030127439,-0.3498450159842162
ROS1-24-0030,2019-10-13,0.1819216220013777,0.0708953059554196,-0.29434010936535154
ROS1-18-0014,2019-10-13,0.18246650907538203,0.07803792503683464,-0.2960683463768419
ROS1-24-0024,2019-10-13,0.19412350149680666,0.07140200903717743,-0.3107088982994665
ROS1-19-0018,2019-10-13,0.18262787556959453,0.06177918922561264,-0.2558456811738297
ROS1-24-0018,2019-10-13,0.37020390005858217,0.147803300593941,-0.41182868264355643
ROS1-25-0027,2019-10-13,0.36893271481351547,0.18149040498110508,-0.42015599908213136
ROS1-19-0012,2019-10-13,0.5419512895213915,0.2507037680572919,-0.5278438934746951
ROS1-25-0012,2019-10-13,0.4352170810830108,0.12288181879259912,-0.4214451437219206
ROS1-13-0000,2019-10-13,0.16668822645727846,0.053846654302991875,-0.30614791870263086
ROS1-19-0004,2019-10-13,0.41397201871706074,0.17843437476423915,-0.48175784580794556
ROS1-20-0017,2019-10-13,0.1762163923825708,0.057003562713181244,-0.31848724239748205
ROS1-20-0026,2019-10-13,0.18536817761212068,0.06931602896374561,-0.3307004873080837
ROS1-25-0002,2019-10-13,0.36586177655702784,0.15531727871197853,-0.37134393651213116
ROS1-24-0023,2019-10-13,0.34913142331056385,0.1128861080911256,-0.4027625768305628
ROS1-25-0032,2019-10-13,0.38283919230989594,0.17189880885565353,-0.3792938551541991
ROS1-26-0040,2019-10-13,0.5934511067421007,0.3540910336523103,-0.5497619909118259
ROS1-32-0006,2019-10-13,0.20216114773289415,0.07290057685866427,-0.3261880327710188
ROS1-31-0022,2019-10-13,0.17499020252977113,0.06209251885440817,-0.3414636540103067
ROS1-25-0018,2019-10-13,0.20110102217622625,0.06270086125125075,-0.3371136676436847
ROS1-32-0029,2019-10-13,0.2238425347079302,0.08649124595352703,-0.3287027067607713
ROS1-14-0002,2019-10-13,0.3048770721680565,0.13102796260526134,-0.3816519177739058
ROS1-15-0022,2019-10-13,0.17621698430149685,0.07660960033737796,-0.31063294391678686
ROS1-15-0013,2019-10-13,0.1965099121204191,0.09638286223834527,-0.38237758895059637
ROS1-14-0031,2019-10-13,0.24164194244515017,0.09122191527330312,-0.35501718165803664
ROS1-15-0025,2019-10-13,0.5658273506788268,0.32226696877679206,-0.5331160157598589
ROS1-16-0004,2019-10-13,0.2403527283178709,0.0823030971331446,-0.33932565993806973
ROS1-15-0013,2019-10-13,0.1984108993649569,0.0965351102688925,-0.3858226871621885
ROS1-21-0036,2019-10-13,0.19120289805046753,0.06472265452312531,-0.33867065720572603
ROS1-21-0000,2019-10-13,0.23093799753101937,0.08659104716537896,-0.3292221625733418
ROS1-20-0038,2019-10-13,0.312103664601549,0.15295052370645584,-0.3963502931915195
ROS1-21-0003,2019-10-13,0.4294617953452096,0.16964965289865694,-0.4223626292560181
ROS1-26-0018,2019-10-13,0.5134681789607635,0.19995003453737423,-0.48814381234192905
ROS1-20-0017,2019-10-13,0.1738925931009458,0.05700265417978439,-0.3119140092679128
ROS1-26-0030,2019-10-13,0.1857638815182759,0.07777796011017758,-0.30898305350522726
ROS1-27-0013,2019-10-13,0.5473265536253432,0.2296091952294942,-0.5139955960549851
ROS1-20-0026,2019-10-13,0.18437903686440488,0.06932253664563437,-0.32744921557554385
ROS1-21-0037,2019-10-13,0.2190707429338894,0.08113214640333523,-0.37157426116284414
ROS1-28-0013,2019-10-13,0.7360340583960364,0.4117758183503442,-0.63925642721381
ROS1-22-0014,2019-10-13,0.37882136450465176,0.10839027137327266,-0.36231528328766643
ROS1-21-0010,2019-10-13,0.28776036729753146,0.07419725029627836,-0.3579067667484452
ROS1-22-0022,2019-10-13,0.21401628892859154,0.053952983445164145,-0.32969218969815345
ROS1-28-0015,2019-10-13,0.7412023137163866,0.41824797162703736,-0.6406671785262321
ROS1-22-0002,2019-10-13,0.1788490245600367,0.05460158027298486,-0.2719310126075413
ROS1-22-0006,2019-10-13,0.4073922066813103,0.1579787613939714,-0.45479953069097195
ROS1-22-0014,2019-10-13,0.3967918613126539,0.10878308658393553,-0.3912169682921964
ROS1-29-0003,2019-10-13,0.1843262789177886,0.03833283943634213,-0.31994501857597063
ROS1-29-0005,2019-10-13,0.1820612928717873,0.0653725202468355,-0.3239968229607129
ROS1-27-0005,2019-10-13,0.2923694418516196,0.11814745068244253,-0.37381602173155376
ROS1-32-0006,2019-10-13,0.1994394107387293,0.07241830739706201,-0.3202777567020804
ROS1-33-0008,2019-10-13,0.31063070139781224,0.15310811608556804,-0.40575629461850765
ROS1-32-0025,2019-10-13,0.2925443593129689,0.1751436765392206,-0.37841570989847945
ROS1-26-0030,2019-10-13,0.18200155190031697,0.07745505012850888,-0.2982918213067923
ROS1-28-0013,2019-10-13,0.7265768966909332,0.4174927442602904,-0.6228118093872717
ROS1-34-0005,2019-10-13,0.1527909613506793,0.04557775242981759,-0.2681596992053896
ROS1-27-0019,2019-10-13,0.1688096357738809,0.06629547790131068,-0.2971254001946184
ROS1-33-0020,2019-10-13,0.4245994813076546,0.16787854393703927,-0.43281677421891357
ROS1-28-0015,2019-10-13,0.7321033641080341,0.42386253586571393,-0.6246950150516529
ROS1-33-0013,2019-10-13,0.1587331373971949,0.04557266220532472,-0.27865918123965405
ROS1-33-0008,2019-10-13,0.31135125600664487,0.1529468011279101,-0.40689851995963877
ROS1-34-0005,2019-10-13,0.15200462962546332,0.045233650214302396,-0.26733974761915796
ROS1-33-0013,2019-10-13,0.15863096610993357,0.04554697960521792,-0.27772934906739477
ROS1-24-0030,2019-10-15,0.16674107312812875,0.09026957785995604,-0.25244731483594895
ROS1-19-0016,2019-10-15,0.270791765945812,0.11287815565013219,-0.34181080693839394
ROS1-24-0034,2019-10-15,0.32117098705342556,0.13240792347552147,-0.3751528395596037
ROS1-18-0009,2019-10-15,0.2327488085335404,0.07351034410960093,-0.4010008962395548
ROS1-18-0027,2019-10-15,0.26348613739626403,0.11959661201549504,-0.3607517377685743
ROS1-24-0030,2019-10-15,0.17444149312335583,0.08698872910936807,-0.2885258881084108
ROS1-18-0014,2019-10-15,0.2231411547747467,0.10202250322727871,-0.32366192847284553
ROS1-24-0024,2019-10-15,0.23143695595072225,0.07922293390822337,-0.4108410019197913
ROS1-19-0018,2019-10-15,0.1918278643184403,0.06086394054754068,-0.3003056173939909
ROS1-24-0018,2019-10-15,0.425823474785655,0.17540660866022298,-0.49480889187375804
ROS1-25-0027,2019-10-15,0.3718624434416859,0.19284743953450662,-0.4131673223151562
ROS1-19-0012,2019-10-15,0.5500071935223327,0.2792388811563764,-0.5256703817362148
ROS1-25-0012,2019-10-15,0.3948966508321471,0.15082843558436956,-0.3859542160421744
ROS1-25-0002,2019-10-15,0.3345912627158103,0.1754482291136401,-0.35069056770089446
ROS1-30-0014,2019-10-15,0.6521210737800054,0.3821050152788359,-0.5806509578561347
ROS1-30-0002,2019-10-15,0.47072369095623856,0.1934148311244112,-0.4664214393781669
ROS1-30-0015,2019-10-15,0.17020041032985317,0.060133603095905624,-0.3161314814621661
ROS1-36-0006,2019-10-15,0.3339819827134727,0.1401413565957077,-0.3980655967257019
ROS1-37-0046,2019-10-15,0.2808447906222283,0.14744518201624102,-0.3894561062579361
ROS1-25-0032,2019-10-15,0.37011797881331615,0.1792590078773986,-0.3832822396262623
ROS1-26-0040,2019-10-15,0.5967311490742728,0.3516917220993116,-0.5700263847435723
ROS1-31-0021,2019-10-15,0.387937762509558,0.18783526859256824,-0.4511747720834632
ROS1-32-0006,2019-10-15,0.2305200075919471,0.08792049536015802,-0.34513844144258116
ROS1-38-0007,2019-10-15,0.44075085992608015,0.20093755607036604,-0.4929670690938685
ROS1-31-0022,2019-10-15,0.17661974292158975,0.06797068975214293,-0.355261984760011
ROS1-37-0031,2019-10-15,0.20888983613768647,0.1133914132025498,-0.32942761471834253
ROS1-25-0018,2019-10-15,0.19698391479220095,0.07266711691078702,-0.3390903290115369
ROS1-31-0033,2019-10-15,0.4095059074770498,0.19257361688154845,-0.4906595889139171
ROS1-32-0029,2019-10-15,0.22977484257773165,0.10635443562121846,-0.3584017852809151
ROS1-37-0046,2019-10-15,0.29016813708535866,0.15064624074113162,-0.4115358630971532
ROS1-20-0038,2019-10-15,0.32190422043219513,0.16210020794774424,-0.40752136056342975
ROS1-21-0003,2019-10-15,0.45058374915364446,0.20016065721413462,-0.43566976756872056
ROS1-26-0018,2019-10-15,0.5478764904236744,0.2350327791510267,-0.5256050575957024
ROS1-26-0030,2019-10-15,0.19871990099369302,0.0877582130261832,-0.32134243426293496
ROS1-27-0013,2019-10-15,0.5526464384214099,0.26192158239025015,-0.5210963327427327
ROS1-27-0005,2019-10-15,0.30942984729332623,0.12625904748834577,-0.39482065762176477
ROS1-32-0006,2019-10-15,0.22756472942651787,0.0874894112488362,-0.3390014470022669
ROS1-33-0008,2019-10-15,0.31021972498259653,0.15283820998220768,-0.41110329811785684
ROS1-32-0025,2019-10-15,0.31199332373242145,0.18706904536865335,-0.40590882095888836
ROS1-26-0030,2019-10-15,0.19623175301482612,0.08800024370925673,-0.31293533519249184
ROS1-34-0005,2019-10-15,0.1657801637652322,0.048966063979970546,-0.2927163867209159
ROS1-27-0019,2019-10-15,0.1641585385724095,0.0702057143271362,-0.27911373826133457
ROS1-33-0020,2019-10-15,0.41546369746552736,0.19900145094456442,-0.44698795025141125
ROS1-33-0013,2019-10-15,0.16948314929933816,0.05119706531486521,-0.2972877351519821
ROS1-31-0021,2019-10-15,0.37540199131183816,0.18720745141665712,-0.41955998391038196
ROS1-36-0005,2019-10-15,0.18632595495482726,0.06950100698988235,-0.3308858539873239
ROS1-37-0019,2019-10-15,0.2668365196229972,0.14678499797585484,-0.3635974748840972
ROS1-42-0016,2019-10-15,0.1289985393625785,0.08830733417545032,-0.25081469538680307
ROS1-36-0007,2019-10-15,0.3024701633779464,0.17756373811206397,-0.37458716729586977
ROS1-42-0010,2019-10-15,0.19418005355342763,0.0740161197631882,-0.3451749418912158
ROS1-30-0015,2019-10-15,0.1666272142813385,0.0599840408800578,-0.3045620208297897
ROS1-36-0006,2019-10-15,0.3295615830322709,0.1407141934382878,-0.38746546720850744
ROS1-37-0046,2019-10-15,0.2781679974530515,0.14815074459580546,-0.38180150491713366
ROS1-42-0009,2019-10-15,0.16986589953886536,0.0972261144535229,-0.2886675771441623
ROS1-31-0021,2019-10-15,0.3857682317840364,0.18826478385753143,-0.4465860543347766
ROS1-38-0007,2019-10-15,0.43794654228588203,0.20119915651069065,-0.4874333633311154
ROS1-37-0031,2019-10-15,0.20769154993640343,0.11321807580169012,-0.3258875822273096
ROS1-38-0004,2019-10-15,0.24704769259040849,0.150983267338503,-0.34537435101138536
ROS1-43-0026,2019-10-15,0.16739610989984294,0.0664717378579451,-0.3429522130906603
ROS1-44-0000,2019-10-15,0.1750366643501248,0.06769521176604887,-0.3679082963306673
ROS1-37-0046,2019-10-15,0.2885511199806221,0.15075720001964066,-0.4081951805715666
ROS1-43-0017,2019-10-15,0.5087893545684091,0.27665842675157354,-0.5114351857627149
ROS1-42-0016,2019-10-15,0.12701155967204558,0.08464791200218583,-0.2635628541647916
ROS1-43-0016,2019-10-15,0.17749000624563085,0.053754377134577154,-0.45424647365095333
ROS1-42-0009,2019-10-15,0.16971826722359176,0.091107066655962,-0.3159463633754426
ROS1-43-0016,2019-10-15,0.17480870455299466,0.06232284043759642,-0.36931863163220086
ROS1-49-0012,2019-10-15,0.24605470908413032,0.15584143971816847,-0.34180938840063085
ROS1-49-0001,2019-10-15,0.17091108265371158,0.07678394715104411,-0.33876209428074616
ROS1-50-0003,2019-10-15,0.1738512812081006,0.06845340601126443,-0.35042328172963944
ROS1-49-0002,2019-10-15,0.3861517323670797,0.2168516058080912,-0.4502978058956257
ROS1-33-0008,2019-10-15,0.31664671045680604,0.1532986649408982,-0.4243224586868667
ROS1-34-0005,2019-10-15,0.17658233310286098,0.05116110824078755,-0.3238605013210693
ROS1-33-0013,2019-10-15,0.1799743116614451,0.05386023234725264,-0.32743835362840945
ROS1-01-0044,2019-10-16,0.17849245347207465,0.05272896638206459,-0.29621437070229245
ROS1-01-0005,2019-10-16,0.1458922862525872,0.057910036872211856,-0.24832274650260092
ROS1-01-0009,2019-10-16,0.1720042861828677,0.07521609541317342,-0.28553496233780556
ROS1-07-0005,2019-10-16,0.1605248685984362,0.0713988544098082,-0.2817923850109988
ROS1-07-0031,2019-10-16,0.2198593039310892,0.10461515521324073,-0.3394781754814927
ROS1-07-0005,2019-10-16,0.17293161244532634,0.07330120292163328,-0.3135993400982069
ROS1-08-0022,2019-10-16,0.15306599405945154,0.058266215381325336,-0.2795723403326303
ROS1-08-0025,2019-10-16,0.137671935156072,0.06864761671030874,-0.2821506108684909
ROS1-14-0031,2019-10-16,0.3064282497678087,0.14471180878484072,-0.36030293305473815
ROS1-15-0025,2019-10-16,0.6290158172419344,0.3815200225653105,-0.5685387455628368
ROS1-16-0004,2019-10-16,0.24118610146239863,0.0799430949822948,-0.3590443511660386
ROS1-22-0014,2019-10-16,0.45174589755963523,0.13167700686487038,-0.4335608155987188
ROS1-22-0014,2019-10-16,0.458164521279642,0.13139739249257582,-0.4463078979647095
ROS1-37-0046,2019-10-17,0.26085438555645707,0.16177071097635823,-0.34189340756174263
ROS1-37-0019,2019-10-17,0.09247183228763972,0.06934212200667454,-0.0924086983498597
ROS1-37-0046,2019-10-17,0.2634660944840446,0.16288363660499802,-0.345247318423391
ROS1-43-0026,2019-10-17,0.15210178233327507,0.07273420560003635,-0.27216036764844886
ROS1-44-0000,2019-10-17,0.15647909047035433,0.07222815088862028,-0.30109130578298676
ROS1-37-0046,2019-10-17,0.2494633694065924,0.16389580010404073,-0.31927830773452703
ROS1-43-0017,2019-10-17,0.5059028964546871,0.33363154974756487,-0.46646746225879754
ROS1-43-0016,2019-10-17,0.14981983298997162,0.05676990014692735,-0.3364992334221061
ROS1-43-0016,2019-10-17,0.14978227903959374,0.06494960712952114,-0.28466432647641254
ROS1-49-0012,2019-10-17,0.24629336410282787,0.17121850640521238,-0.3131526882456672
ROS1-49-0001,2019-10-17,0.1470739203750696,0.07651194879228859,-0.2783572734385131
ROS1-50-0003,2019-10-17,0.16661186621529728,0.07618522802379064,-0.319605717638804
ROS1-49-0002,2019-10-17,0.35560213747122404,0.22515430445517162,-0.4002103251380424
ROS1-24-0030,2019-10-18,0.1609902700563332,0.08771286704990927,-0.2477211632197596
ROS1-18-0027,2019-10-18,0.026546654690469625,0.030247470411250907,0.04552537311528178
ROS1-24-0030,2019-10-18,0.16133601692598837,0.08457603293750973,-0.2547441869492521
ROS1-31-0022,2019-10-18,0.14253097934179187,0.07089942328345991,-0.23584016388725587
ROS1-32-0029,2019-10-18,0.1233355454471612,0.16959022786767292,-0.09359286084547035
ROS1-15-0022,2019-10-18,0.18719382991909297,0.07265212388731608,-0.3501133042696999
ROS1-15-0013,2019-10-18,0.193248659685329,0.08031785439180825,-0.39966543907588153
ROS1-14-0031,2019-10-18,0.2605000421669626,0.10172569375920763,-0.3548897693146487
ROS1-15-0025,2019-10-18,0.7236892654472755,0.4300219545233119,-0.6450063511492764
ROS1-16-0004,2019-10-18,0.2615314866725133,0.08638963317982033,-0.38268087126818984
ROS1-15-0013,2019-10-18,0.1955564795586481,0.08672236796569778,-0.37626587889049284
ROS1-21-0036,2019-10-18,0.2419385673160421,0.07167804368169697,-0.41211657994639417
ROS1-21-0000,2019-10-18,0.08762004953875131,0.12614941834350962,-0.07366550080402393
ROS1-21-0003,2019-10-18,0.47663058234801203,0.2485493650758406,-0.3892570244074429
ROS1-26-0030,2019-10-18,0.03267570900123304,0.047627606038821005,0.02982913408630177
ROS1-27-0013,2019-10-18,0.21952905208076642,0.24161170767121926,-0.16919850835553985
ROS1-21-0037,2019-10-18,0.08817248133649402,0.08470533644441265,-0.13893645379571481
ROS1-28-0013,2019-10-18,0.8202656462616114,0.5022473875983412,-0.7238639260685689
ROS1-22-0014,2019-10-18,0.47426526333204827,0.15459206746607954,-0.44909914349291613
ROS1-21-0010,2019-10-18,0.2674987272507997,0.07399297886789336,-0.3378576431423351
ROS1-22-0022,2019-10-18,0.2088201287850901,0.05108244994259165,-0.3486052448066469
ROS1-28-0015,2019-10-18,0.8292115551889488,0.5113276871002412,-0.7291579076016514
ROS1-22-0002,2019-10-18,0.15398629927894608,0.04629195483753027,-0.27902811718588333
ROS1-22-0006,2019-10-18,0.30079291782878187,0.12536410425777075,-0.42867162725154206
ROS1-22-0014,2019-10-18,0.4992223104340137,0.1540048264713037,-0.4777404451919846
ROS1-29-0003,2019-10-18,0.2103380938490689,0.04376175229706557,-0.3739568469859778
ROS1-29-0005,2019-10-18,0.19160692479084512,0.06753024506652182,-0.34335773054989477
ROS1-27-0005,2019-10-18,0.35463918751429274,0.12501840414797416,-0.44619926415775596
ROS1-33-0008,2019-10-18,0.37707154607635573,0.15629789546693754,-0.5072618658059129
ROS1-26-0030,2019-10-18,0.026017753290480502,0.04206254948535223,0.0411899313501144
ROS1-28-0013,2019-10-18,0.8083339956985947,0.5086187883499202,-0.7058580547437193
ROS1-34-0005,2019-10-18,0.15923804589430637,0.04271849752204569,-0.3172496295924377
ROS1-27-0019,2019-10-18,0.17683950031920495,0.06924859111653149,-0.31566339463647813
ROS1-28-0002,2019-10-18,0.29142896451107525,0.13591050467965027,-0.37966763727368164
ROS1-33-0020,2019-10-18,0.4770910529419193,0.23296421169352183,-0.501569193869308
ROS1-28-0015,2019-10-18,0.8171910441656357,0.5180362542137344,-0.7113920601641591
ROS1-33-0013,2019-10-18,0.16119402069047792,0.04584730881772832,-0.3170795280499646
ROS1-33-0008,2019-10-18,0.36128034399169195,0.1555749933877263,-0.477144720142978
ROS1-34-0005,2019-10-18,0.15910652176979698,0.04272046169444612,-0.31648093423598705
ROS1-33-0013,2019-10-18,0.1612958624422024,0.045867251900909616,-0.3163226926590645
ROS1-24-0034,2019-10-20,0.01774304559435721,0.03070539221248308,0.01697862049064293
ROS1-18-0009,2019-10-20,-0.004561449237586345,-0.019616634906400664,0.02774949083503053
ROS1-24-0023,2019-10-20,0.4102236042428639,0.2646835770518549,-0.34579537001103217
ROS1-18-0014,2019-10-20,0.07032135598391502,0.1295593902690966,-0.037371425228828074
ROS1-24-0018,2019-10-20,0.4120453955370533,0.2904266210149044,-0.35204289206256295
ROS1-25-0027,2019-10-20,0.4132327105117489,0.21407120197196294,-0.4435071402523359
ROS1-25-0012,2019-10-20,0.6195217098200253,0.2599713445794827,-0.543114344408682
ROS1-25-0002,2019-10-20,0.36786730096248593,0.22120533181378452,-0.3209385529399603
ROS1-24-0023,2019-10-20,0.38825809613690154,0.2665245188171859,-0.31812921978361136
ROS1-30-0015,2019-10-20,0.005929972372772171,0.02786454350432001,0.007397552855615207
ROS1-36-0006,2019-10-20,0.3942100964029878,0.236282572013867,-0.3621970214936438
ROS1-37-0046,2019-10-20,0.2760067089624694,0.14713484722186718,-0.37757259048022174
ROS1-25-0032,2019-10-20,0.38331800722833725,0.2353201001184144,-0.33780954974183103
ROS1-26-0040,2019-10-20,0.5835640949102925,0.34942644324308036,-0.5506559554918167
ROS1-31-0021,2019-10-20,0.48467572090490646,0.2872403615219757,-0.4679263582606466
ROS1-32-0006,2019-10-20,0.30345922675675946,0.12348619611386212,-0.37563722183918596
ROS1-38-0007,2019-10-20,0.5873548171626389,0.315911214728423,-0.5653015079132439
ROS1-31-0022,2019-10-20,0.16013653835399128,0.06787384617978866,-0.2847936019328711
ROS1-37-0031,2019-10-20,0.22634945174073165,0.12517917735943065,-0.33069477329407926
ROS1-25-0018,2019-10-20,0.21555667085991034,0.09496421163595886,-0.2797894199924134
ROS1-31-0033,2019-10-20,0.4185017758501997,0.22370523474745624,-0.464025989764515
ROS1-32-0029,2019-10-20,0.31445856299121433,0.1591660355556848,-0.39041115543858723
ROS1-37-0046,2019-10-20,0.27487425850144437,0.15140669931617382,-0.37705394643243745
ROS1-20-0038,2019-10-20,0.32713158542468057,0.16315899562566555,-0.399525609123071
ROS1-21-0003,2019-10-20,0.5738465624931999,0.31006498880812056,-0.4938180355816777
ROS1-26-0018,2019-10-20,0.660587218233372,0.3658551312832413,-0.5771901059931938
ROS1-26-0030,2019-10-20,0.18966200780250264,0.08713598722194031,-0.304583647440419
ROS1-27-0013,2019-10-20,0.6413520262872372,0.36329763297276946,-0.5708855554225123
ROS1-28-0013,2019-10-20,0.7845107481059312,0.5755241493211075,-0.6721695951320018
ROS1-28-0015,2019-10-20,0.8008470422203834,0.5939004609889471,-0.6846739869587831
ROS1-29-0003,2019-10-20,0.17739399281231522,0.04928437940673911,-0.2885381668402984
ROS1-27-0005,2019-10-20,0.3033104090972169,0.12683063732298938,-0.3649286637052715
ROS1-32-0006,2019-10-20,0.29513261781755606,0.12202594477297603,-0.36222561494671607
ROS1-33-0008,2019-10-20,0.31075146924563346,0.15743303150492846,-0.3974702336877777
ROS1-32-0025,2019-10-20,0.3115558249135714,0.18702523216580832,-0.39467611634836613
ROS1-26-0030,2019-10-20,0.18696489371412872,0.08730828575474574,-0.2962694380438299
ROS1-28-0013,2019-10-20,0.775462724426118,0.5703016322911416,-0.6565191898156569
ROS1-34-0005,2019-10-20,0.14407996123966532,0.04709166339384451,-0.24729131596095202
ROS1-27-0019,2019-10-20,0.16352208290530337,0.07321096938048913,-0.2647132100627643
ROS1-28-0002,2019-10-20,0.32202514529382664,0.16603460125526565,-0.3578586599941731
ROS1-33-0020,2019-10-20,0.4658323675248262,0.27410082649527007,-0.45110688351183786
ROS1-28-0015,2019-10-20,0.7924547114574428,0.5920028987488916,-0.669234037284918
ROS1-33-0013,2019-10-20,0.14022866096991043,0.04807835801049954,-0.2331266743261944
ROS1-31-0021,2019-10-20,0.5120374535617948,0.28204550216213514,-0.4958349981546234
ROS1-36-0005,2019-10-20,-0.05935434818728785,-0.10155664189328469,-0.0021053514540991716
ROS1-37-0019,2019-10-20,0.3073876705288858,0.17356126682700987,-0.396223088835995
ROS1-42-0016,2019-10-20,0.12111155252037777,0.0805476607872385,-0.2504775646932501
ROS1-42-0010,2019-10-20,0.19886714594408803,0.08229690805179259,-0.34068167221912565
ROS1-30-0015,2019-10-20,-0.017339390514703023,-0.0920567372571277,0.036803720810875115
ROS1-36-0006,2019-10-20,0.41029610958463386,0.23814832021711224,-0.37980097132164964
ROS1-37-0046,2019-10-20,0.288024550914578,0.14881885236222395,-0.4010687940847532
ROS1-42-0009,2019-10-20,0.16891328398662125,0.09272901998354041,-0.3028254835195043
ROS1-31-0021,2019-10-20,0.47605710062913953,0.28790811456201343,-0.4545805708792126
ROS1-38-0007,2019-10-20,0.5743447593424432,0.3157753436143778,-0.5477722672896422
ROS1-37-0031,2019-10-20,0.22285919727149447,0.125844322531793,-0.31941802987399054
ROS1-38-0004,2019-10-20,0.23927753690355444,0.13215648478766318,-0.34463483207619455
ROS1-43-0026,2019-10-20,0.14989256099887616,0.06172366877419508,-0.31263789501123834
ROS1-44-0000,2019-10-20,0.15746908967051232,0.06362775864705161,-0.33417461675233606
ROS1-37-0046,2019-10-20,0.26961505424163495,0.15137379376789728,-0.3650525375102459
ROS1-43-0017,2019-10-20,0.5701874649316089,0.33822325573655937,-0.5395846340456074
ROS1-42-0016,2019-10-20,0.1278916975870545,0.09050270101109865,-0.24334809167646845
ROS1-43-0016,2019-10-20,0.149076959079106,0.05631572317929652,-0.3231101771221887
ROS1-42-0009,2019-10-20,0.17151646443509327,0.10315719053095036,-0.2799761495896409
ROS1-43-0016,2019-10-20,0.1512290063067844,0.05660250644848737,-0.3286697927418499
ROS1-49-0012,2019-10-20,0.2887721896002888,0.18478653521388794,-0.3612283109650434
ROS1-49-0001,2019-10-20,0.1592689224240403,0.07354895317876928,-0.31976885749607914
ROS1-50-0003,2019-10-20,0.15763440327330763,0.06804532182837747,-0.3114952299629412
ROS1-49-0002,2019-10-20,0.3867650832280081,0.2243966758913015,-0.4417344214680749
ROS1-33-0008,2019-10-20,0.3113357206670691,0.15725546081805922,-0.398569087315801
ROS1-34-0005,2019-10-20,0.14343306763688116,0.046222378857743524,-0.24606822709738838
ROS1-33-0013,2019-10-20,0.14081410838448194,0.04805683556135333,-0.2355459906738974
ROS1-01-0044,2019-10-21,0.17993858783668076,0.05119807344903687,-0.30195267874969034
ROS1-01-0005,2019-10-21,0.17425257923107376,0.0655771476335932,-0.2827665420150044
ROS1-01-0009,2019-10-21,0.16438959251457425,0.039370066461534695,-0.2740142874953235
ROS1-07-0005,2019-10-21,0.1690528477781043,0.06709490732684878,-0.3070027879547093
ROS1-07-0031,2019-10-21,0.21250682667624035,0.08751254748849917,-0.34211020108603984
ROS1-07-0005,2019-10-21,0.16681037678208044,0.06681619368829027,-0.30012461400071055
ROS1-08-0022,2019-10-21,0.16556599514054124,0.060985378014491394,-0.307994345173366
ROS1-08-0025,2019-10-21,0.15577790796534355,0.07057946824850064,-0.2991773059351173
ROS1-14-0031,2019-10-21,0.28811838355045966,0.10602066154369678,-0.39117012779305044
ROS1-15-0025,2019-10-21,0.7433993581246608,0.47911762200495395,-0.6512366519927544
ROS1-16-0004,2019-10-21,0.23784025537070586,0.09304206635270723,-0.29705466760312194
ROS1-22-0014,2019-10-21,0.4425026957620472,0.19977566623939078,-0.36948601406551845
ROS1-22-0014,2019-10-21,0.6245129222839881,0.26032322476310393,-0.5379834629649061
ROS1-37-0046,2019-10-22,0.2761741261401791,0.15693406114054634,-0.37748753615092084
ROS1-36-0005,2019-10-22,0.07774121477186567,0.07971880200168151,-0.11633096920397437
ROS1-37-0019,2019-10-22,0.32068369867200586,0.20219520445677155,-0.38650275075059165
ROS1-42-0016,2019-10-22,0.1262171186816401,0.08711695391577932,-0.24970033825644417
ROS1-36-0007,2019-10-22,0.19901850927212847,0.23238166080868813,-0.18803743610940682
ROS1-42-0010,2019-10-22,0.1873446376911738,0.08127325743835317,-0.35019461949058994
ROS1-37-0046,2019-10-22,0.2809733728521589,0.15790572643252931,-0.38536678126683543
ROS1-42-0009,2019-10-22,0.1159789158123039,0.1267664235805792,-0.15998073894653816
ROS1-43-0026,2019-10-22,0.1714272699743835,0.07101848246965835,-0.3385143478702069
ROS1-37-0046,2019-10-22,0.27934307487041415,0.15683172202783574,-0.38308748021361333
ROS1-42-0016,2019-10-22,0.12314069249072816,0.08437557927311796,-0.2529648051216443
ROS1-43-0016,2019-10-22,-0.008232481280182728,-0.008521090682015823,-0.0201436338853808
ROS1-42-0009,2019-10-22,0.11036546389636195,0.12410092185369942,-0.15747413983362862
ROS1-43-0016,2019-10-22,9.050792649132186E-4,8.54273479405366E-4,-0.024419996997930515
ROS1-49-0012,2019-10-22,0.280811887557446,0.17835608967367833,-0.36494119551090104
ROS1-49-0001,2019-10-22,0.15404944270120954,0.07111876427650625,-0.3314609621649247
ROS1-49-0002,2019-10-22,0.2955975616085278,0.13928406479848685,-0.4320244797653219
ROS1-01-0044,2019-10-23,0.15508714738251844,0.05454316710833435,-0.2753289881505615
ROS1-01-0005,2019-10-23,0.15514861563562646,0.06434914517463382,-0.24941403725652342
ROS1-01-0009,2019-10-23,0.125223981838762,0.04998406975715067,-0.19642474088121142
ROS1-07-0005,2019-10-23,0.14159914956379657,0.06385962070859968,-0.24918647427819415
ROS1-13-0005,2019-10-23,0.18307352883773131,0.01960254982430935,-0.32559122338853486
ROS1-07-0031,2019-10-23,0.17094354845688756,0.06701755694610904,-0.277530897145902
ROS1-07-0005,2019-10-23,0.1562798014292369,0.06852940713840822,-0.28557492106475907
ROS1-08-0022,2019-10-23,0.14923808121215862,0.06187722360144816,-0.27285299707884536
ROS1-07-0020,2019-10-23,0.16783696934795028,0.06318768541880074,-0.2883519062417836
ROS1-08-0025,2019-10-23,0.14822473446103226,0.07395067485037249,-0.27390611753668653
ROS1-13-0000,2019-10-23,0.15892475343484233,0.05365768092644065,-0.30144217227826486
ROS1-14-0009,2019-10-23,0.13160750867221235,0.044943226095437966,-0.237363324742454
ROS1-13-0020,2019-10-23,0.1529128901851727,0.058389630532155956,-0.2892099001871545
ROS1-24-0030,2019-10-23,0.17844542736911997,0.06806617492025495,-0.30957862484853454
ROS1-19-0016,2019-10-23,0.23153133668029435,0.09438137439537068,-0.2902125660772106
ROS1-24-0034,2019-10-23,0.28634331428917764,0.11473858956157637,-0.3752349766134098
ROS1-18-0009,2019-10-23,0.2990084442442866,0.1175149294890713,-0.35417636586581636
ROS1-24-0023,2019-10-23,0.6177129125000501,0.3560064104222903,-0.5380164861571284
ROS1-18-0027,2019-10-23,0.18394082331383016,0.06205220027717913,-0.31409267856675016
ROS1-24-0030,2019-10-23,0.17985950025761407,0.06827692462636693,-0.3123778738708115
ROS1-18-0014,2019-10-23,0.3787911288823125,0.18052383363261468,-0.38865815978455354
ROS1-24-0024,2019-10-23,0.1948192034297489,0.07810714918032391,-0.30448198398231385
ROS1-19-0018,2019-10-23,0.15637018181930087,0.05277535457981349,-0.23541219043438202
ROS1-24-0018,2019-10-23,0.550136205465633,0.28885757778796534,-0.5040826326010126
ROS1-25-0027,2019-10-23,0.38861299030391666,0.20646760249972823,-0.42677804495811406
ROS1-19-0012,2019-10-23,0.6594738066207758,0.3918677774671548,-0.596342693403624
ROS1-25-0012,2019-10-23,0.6298921088148295,0.3188050300753508,-0.5396724699433384
ROS1-13-0000,2019-10-23,0.14407979633510204,0.05223123675779645,-0.25794583833338436
ROS1-19-0004,2019-10-23,0.3079962954847235,0.13171325296994596,-0.3677973291131018
ROS1-20-0017,2019-10-23,0.13794490607605478,0.05371629565855942,-0.22389677824681062
ROS1-20-0026,2019-10-23,0.1771929958373044,0.0778650677059624,-0.26355072656772777
ROS1-25-0002,2019-10-23,0.4216342597186371,0.21675589464958178,-0.3931324544608039
ROS1-24-0023,2019-10-23,0.6161417527311165,0.35824403186953574,-0.5345982176545659
ROS1-25-0032,2019-10-23,0.42470858459600414,0.2298931463477908,-0.39491721122900336
ROS1-26-0040,2019-10-23,0.5041491650412541,0.3324883238607654,-0.44566253070855244
ROS1-32-0006,2019-10-23,0.3046283419602417,0.1377876600025221,-0.3150900295178324
ROS1-31-0022,2019-10-23,0.16097637904444875,0.06486722596688026,-0.2804835111895114
ROS1-25-0018,2019-10-23,0.2556711072716436,0.10371429270425657,-0.3274782335966956
ROS1-32-0029,2019-10-23,0.3307727850674745,0.1815662480058165,-0.35091411425407565
ROS1-14-0002,2019-10-23,0.33097649373073595,0.16234936754973858,-0.36908638476753713
ROS1-14-0031,2019-10-23,0.255613192467242,0.11005739666937561,-0.3181505251015989
ROS1-20-0038,2019-10-23,0.2723714681967821,0.11211600899588832,-0.35381482361935074
ROS1-21-0003,2019-10-23,0.6612037052325517,0.3674029949489063,-0.5525336278166028
ROS1-26-0018,2019-10-23,0.6872584873410679,0.3498156231034507,-0.5885653511816749
ROS1-20-0017,2019-10-23,0.15157704685556797,0.052680817803466624,-0.26501299469336154
ROS1-26-0030,2019-10-23,0.18695770723545108,0.07580100054265883,-0.29217393757820354
ROS1-27-0013,2019-10-23,0.6724304407405741,0.3891706856738062,-0.5815959740900897
ROS1-20-0026,2019-10-23,0.1872531103041917,0.07452218203345484,-0.29413375675832754
ROS1-21-0037,2019-10-23,0.10505656869711792,0.10630500422868003,-0.15469390125617952
ROS1-29-0003,2019-10-23,0.12505662092801162,0.07455808321737245,-0.15562852562867044
ROS1-27-0005,2019-10-23,0.25379742250161447,0.13859730843842347,-0.28035133748770447
ROS1-32-0006,2019-10-23,0.338453968197104,0.1415551633697729,-0.3648860456687997
ROS1-32-0025,2019-10-23,0.2979178786810585,0.17877420377757544,-0.3741699686174958
ROS1-26-0030,2019-10-23,0.1852713498960796,0.0759926767610029,-0.2839015541951308
ROS1-27-0019,2019-10-23,0.17134540899113251,0.07830266415146578,-0.2630700488790642
ROS1-28-0002,2019-10-23,0.339000323096484,0.18185726769213986,-0.3570912701247119
ROS1-33-0020,2019-10-23,0.48422381260330843,0.2986095764781743,-0.46336116239861125
ROS1-19-0016,2019-10-25,0.5623402040519636,0.28400262765225515,-0.5710701230794673
ROS1-18-0009,2019-10-25,0.08641811686753426,0.01773842708901951,-0.3767148531041701
ROS1-18-0027,2019-10-25,0.18699588653067611,0.1668942708988527,-0.19392845661464844
ROS1-19-0018,2019-10-25,0.16565108660242653,0.06223558562205548,-0.2755239600066832
ROS1-19-0012,2019-10-25,0.6650029365543753,0.44729588425036826,-0.6062488973533006
ROS1-30-0014,2019-10-25,0.6648246680055704,0.7928991214972603,-0.5509614052161164
ROS1-30-0002,2019-10-25,0.7348213141407245,0.5140979185829336,-0.6427778177743446
ROS1-30-0015,2019-10-25,0.11060631754331178,0.052831271840856966,-0.2757588081958364
ROS1-31-0021,2019-10-25,0.34150771181141093,0.536066118880095,-0.2647238663573381
ROS1-32-0006,2019-10-25,0.20798901050930416,0.08770973255440627,-0.29637959687437593
ROS1-38-0007,2019-10-25,0.1304375161574925,0.24542724770317925,-0.2036750695782128
ROS1-37-0031,2019-10-25,0.2674298011658447,0.09511818561266508,-0.3888682979095417
ROS1-31-0033,2019-10-25,0.2860452770752408,0.4563183699943723,-0.25779083501314365
ROS1-20-0038,2019-10-25,0.3420499727118985,0.12682001938863524,-0.4812711745484345
ROS1-21-0003,2019-10-25,0.5537226931006861,0.48869523821968625,-0.4469389596651448
ROS1-26-0018,2019-10-25,0.8376596653202086,0.4560877680702733,-0.7447565656265722
ROS1-26-0030,2019-10-25,0.19740610998256505,0.07968849106588495,-0.3512275149422284
ROS1-27-0013,2019-10-25,0.36815225080620534,0.524715892953802,-0.3083676161115032
ROS1-28-0013,2019-10-25,0.7045606029454304,0.7552494141874733,-0.5886469387415046
ROS1-28-0015,2019-10-25,0.6326076731614898,0.5169231455906104,-0.4899479245087119
ROS1-32-0006,2019-10-25,0.2165484083799316,0.09774362293801589,-0.27401548983382085
ROS1-33-0008,2019-10-25,0.3371940855492371,0.14759128457880252,-0.45264118279584964
ROS1-32-0025,2019-10-25,0.2635519216231734,0.1411661178671911,-0.33242002855827024
ROS1-26-0030,2019-10-25,0.18992599559230752,0.08063351621805671,-0.3228935501558568
ROS1-28-0013,2019-10-25,0.637261370815044,0.7326731493274439,-0.5246293313099032
ROS1-34-0005,2019-10-25,0.14316579964671441,0.043178720262020326,-0.25516697952907913
ROS1-27-0019,2019-10-25,0.18563959291927135,0.08179486999529159,-0.2645881546089466
ROS1-28-0002,2019-10-25,0.23441148676946574,0.17150153887827668,-0.17019202274489312
ROS1-33-0020,2019-10-25,0.5518699837848186,0.3123355089944768,-0.5144101569042605
ROS1-28-0015,2019-10-25,0.5368053955477264,0.49944987670314567,-0.40334859518745875
ROS1-33-0013,2019-10-25,0.1436608071253853,0.04512887348503416,-0.24789259098634026
ROS1-31-0021,2019-10-25,0.4030321612254012,0.4247862088030018,-0.3330747797224072
ROS1-36-0005,2019-10-25,0.26055054050837617,0.18920062910004964,-0.3052440846709117
ROS1-37-0019,2019-10-25,0.04052344641307088,0.12877032741891697,-0.020608420939147724
ROS1-42-0016,2019-10-25,0.11760498727392465,0.06839703846972219,-0.2541512468717137
ROS1-36-0007,2019-10-25,0.3161021418154942,0.2920178198923815,-0.35289267524936446
ROS1-42-0010,2019-10-25,0.1504288722968948,0.049530105967531116,-0.2674597489440282
ROS1-30-0015,2019-10-25,0.10648820584029522,0.051652161314977595,-0.2636629022214476
ROS1-31-0021,2019-10-25,0.34043047531006504,0.5268854424484317,-0.2480236136155367
ROS1-38-0007,2019-10-25,0.13007703103128057,0.3086841381220649,-0.18873744865453682
ROS1-37-0031,2019-10-25,0.24597183671013761,0.09240667586307039,-0.3446319582141804
ROS1-38-0004,2019-10-25,0.155604440421324,0.080274816450168,-0.19216702320185694
ROS1-43-0026,2019-10-25,0.18479498213765397,0.08851982614825794,-0.34306202237331035
ROS1-44-0000,2019-10-25,0.15019478561512972,0.05010322203681994,-0.36156220179643606
ROS1-43-0017,2019-10-25,0.44446790636213895,0.35564660682982985,-0.43747848334378836
ROS1-42-0016,2019-10-25,0.11654371723007388,0.07066909506314897,-0.23617781589707593
ROS1-43-0016,2019-10-25,0.20916454887357375,0.16556187482760149,-0.23756581299439425
ROS1-43-0016,2019-10-25,0.2217941916158957,0.17507990923504713,-0.2563841233028576
ROS1-49-0012,2019-10-25,0.3053766882442038,0.15265707591609126,-0.3586265312972829
ROS1-49-0001,2019-10-25,0.16621966506657418,0.10813001993012794,-0.2909775016016657
ROS1-50-0003,2019-10-25,0.1515452075990688,0.056622096717317584,-0.36566589469406935
ROS1-49-0002,2019-10-25,0.23846626878666582,0.07211939834606622,-0.4808471399344723
ROS1-33-0008,2019-10-25,0.30689394703396194,0.14790843737325698,-0.3961360278152279
ROS1-34-0005,2019-10-25,0.18325069198741334,0.045614078494666824,-0.3829915328556032
ROS1-33-0013,2019-10-25,0.16981186730803588,0.0439642777128051,-0.3490307014717168
ROS1-01-0044,2019-10-26,0.16266278058102765,0.05117455558520826,-0.2818074666786268
ROS1-01-0005,2019-10-26,0.17947710521783533,0.06846106327269891,-0.2870342000039871
ROS1-01-0009,2019-10-26,0.17461947660756336,0.0400488431770573,-0.3109746033755464
ROS1-07-0005,2019-10-26,0.15914243918208776,0.06447239868271064,-0.30204727416568367
ROS1-07-0031,2019-10-26,0.17666345181960685,0.0455025099820871,-0.3260083982506099
ROS1-07-0005,2019-10-26,0.1440842745640162,0.061875615890948095,-0.2640257086797349
ROS1-08-0022,2019-10-26,0.15935374780509443,0.06491570338560204,-0.2982274006326075
ROS1-08-0025,2019-10-26,0.15090775163487566,0.07076466094243451,-0.29195351676586645
ROS1-14-0031,2019-10-26,0.3039403095616938,0.110696898319588,-0.40255805932266037
ROS1-15-0025,2019-10-26,0.8446063102458656,0.5488297726585518,-0.7241509936297903
ROS1-16-0004,2019-10-26,0.24600665920788295,0.08419051084173682,-0.3350685076928637
ROS1-22-0014,2019-10-26,0.6100760414236172,0.24322922047827733,-0.5179293362804647
ROS1-22-0014,2019-10-26,0.629278835621526,0.24359841589499162,-0.5411068099981923
ROS1-37-0046,2019-10-27,0.27271960356526165,0.17232369392527927,-0.3635393540014597
ROS1-36-0005,2019-10-27,0.15838819257258516,0.0606634769518795,-0.35149929859170936
ROS1-37-0019,2019-10-27,0.36598688236231275,0.26502452673214005,-0.42620613093431536
ROS1-42-0016,2019-10-27,0.10290026543739594,0.08325405497759901,-0.20163942037784421
ROS1-36-0007,2019-10-27,0.42202962059885324,0.2581816278541599,-0.4664511175368453
ROS1-37-0046,2019-10-27,0.29446247432402683,0.1742602306184116,-0.4103085103746272
ROS1-42-0009,2019-10-27,0.17578820623024574,0.09997805422824926,-0.3069962930523932
ROS1-43-0026,2019-10-27,0.2058324617451806,0.1506190568070457,-0.2525961417926955
ROS1-44-0000,2019-10-27,0.19286140842232968,0.08911023668468643,-0.2787310694190716
ROS1-37-0046,2019-10-27,0.29597726816749975,0.17363240940661753,-0.41503081567138866
ROS1-43-0017,2019-10-27,0.2401523394073796,0.3182981401814822,-0.22833084439266355
ROS1-42-0016,2019-10-27,0.09975927455577685,0.08165756529937246,-0.19629124301310247
ROS1-43-0016,2019-10-27,0.14059813534876958,0.047629862178700993,-0.39244114984745493
ROS1-42-0009,2019-10-27,0.17448394273663026,0.1004336369637185,-0.3022930240182851
ROS1-43-0016,2019-10-27,0.1432775978033554,0.047894251340331095,-0.4016196952604734
ROS1-49-0012,2019-10-27,0.3364212474548378,0.20826086792381396,-0.4179836944177302
ROS1-49-0001,2019-10-27,0.16535802483878678,0.07254266555940005,-0.3625137798730703
ROS1-50-0003,2019-10-27,0.13759768488086083,0.17553550318733324,-0.1617418761562137
ROS1-49-0002,2019-10-27,0.21744655279359723,0.07995476870467674,-0.4469200245995731
ROS1-13-0005,2019-10-28,0.16534059144028174,0.04783363637569738,-0.28803960259214717
ROS1-13-0000,2019-10-28,0.15339140778224034,0.0483424026196947,-0.290441752685926
ROS1-13-0020,2019-10-28,0.15318251182379003,0.05076779267331233,-0.25425889417272096
ROS1-24-0030,2019-10-28,0.1327815674725595,0.06349474956893747,-0.17947153202811966
ROS1-19-0016,2019-10-28,0.19259667904821806,0.1147638309664969,-0.2386738836230629
ROS1-24-0034,2019-10-28,0.2951762673805428,0.14124047098484407,-0.32575559293137685
ROS1-18-0009,2019-10-28,0.0440103626334655,0.08106617437361929,-0.06059941309567461
ROS1-24-0023,2019-10-28,0.7701324915895552,0.49525518309432326,-0.638025085292476
ROS1-24-0030,2019-10-28,0.1487308291085829,0.061227626286184285,-0.23613992157069977
ROS1-18-0014,2019-10-28,0.4747496953270009,0.24360901230521445,-0.44042229841285185
ROS1-24-0024,2019-10-28,0.04138756009832571,0.06086581404290057,-0.046128519037335045
ROS1-19-0018,2019-10-28,0.15329596127668502,0.050110204462575136,-0.2621769491358331
ROS1-24-0018,2019-10-28,0.6219649961498763,0.3495882724066409,-0.5287310034577345
ROS1-25-0027,2019-10-28,0.4169422911258631,0.220471086990815,-0.434348693716527
ROS1-19-0012,2019-10-28,0.6957636289832106,0.43863057022064383,-0.6413009670801089
ROS1-25-0012,2019-10-28,0.5374274566012262,0.48699061305440006,-0.45568508722264456
ROS1-13-0000,2019-10-28,0.1618206882682106,0.04876799611377294,-0.31248872282009044
ROS1-25-0002,2019-10-28,0.4301891802372108,0.2426534777766817,-0.3765823639510039
ROS1-24-0023,2019-10-28,0.699498519712814,0.49043004157351067,-0.5800327306100352
ROS1-25-0032,2019-10-28,0.42976917756438304,0.25023202590495863,-0.3780183465217428
ROS1-32-0006,2019-10-28,0.27042534080799985,0.17099222600560213,-0.21848384265444756
ROS1-31-0022,2019-10-28,0.1329374807914749,0.053419776918853364,-0.24563638654956327
ROS1-25-0018,2019-10-28,0.322902164426285,0.13222874863002987,-0.35080232096727654
ROS1-32-0029,2019-10-28,0.4238919594855108,0.2552503480598501,-0.3921442719548819
ROS1-20-0038,2019-10-28,0.26432567229333415,0.1649658992754517,-0.29236271864591523
ROS1-26-0018,2019-10-28,0.8388858325324821,0.5577358665442533,-0.722514475574936
ROS1-26-0030,2019-10-28,0.19234934830911837,0.08010731875382583,-0.3165340187018101
ROS1-27-0005,2019-10-28,0.24754691883438595,0.12305796867146052,-0.2789688052190805
ROS1-32-0006,2019-10-28,0.33077989101261446,0.18596413277556242,-0.2829013655650269
ROS1-33-0008,2019-10-28,0.32127671044195577,0.1477452794660042,-0.42774333695794736
ROS1-32-0025,2019-10-28,0.3196450752086501,0.18882529593263692,-0.40360273641710764
ROS1-26-0030,2019-10-28,0.19221503349646352,0.08051474355987394,-0.3114662022009753
ROS1-33-0008,2019-10-28,0.3214921749598137,0.14784602321459953,-0.4271686901857799
ROS1-18-0009,2019-10-30,0.02755386549406063,0.2863276648365605,-0.02236652302101836
ROS1-25-0012,2019-10-30,0.015479775293789718,0.13132266423821623,-0.005848856999387009
ROS1-30-0015,2019-10-30,0.0034525809641226335,0.022212123227974053,-0.0014733089844994006
ROS1-36-0006,2019-10-30,0.00168111497305432,0.01305362690899132,-0.0019821812463741194
ROS1-31-0021,2019-10-30,0.0050320992616460156,0.03595390902735141,-0.004176833504320837
ROS1-25-0018,2019-10-30,0.009086483855265282,0.0383640474070014,-0.01327902240325864
ROS1-28-0013,2019-10-30,0.465612648230227,0.6195656138146028,-0.436394191568887
ROS1-28-0015,2019-10-30,0.4310462589417829,0.5414236830017907,-0.4173262270124911
ROS1-28-0013,2019-10-30,0.43554987433241016,0.7017865512838836,-0.3903394107180153
ROS1-28-0002,2019-10-30,0.19684924588761638,0.17718157172588234,-0.19968764919158058
ROS1-28-0015,2019-10-30,0.4019928206021388,0.608124896191044,-0.3714151472583834
ROS1-31-0021,2019-10-30,0.005794543826154719,0.04214282774380171,-0.004781686596896577
ROS1-42-0010,2019-10-30,-0.00943860103239967,-0.04688593614605388,0.010036330943930515
ROS1-30-0015,2019-10-30,0.002687570317533962,0.019531787671303903,3.9762884716287254E-4
ROS1-36-0006,2019-10-30,0.0016808016221350353,0.014358007416135542,-0.001283970689785994
ROS1-31-0021,2019-10-30,0.0049063805394228815,0.035295469314701525,-0.0038237540855811094
ROS1-43-0026,2019-10-30,-0.007641955584227708,-0.06002234149804502,0.013786544423898352
ROS1-44-0000,2019-10-30,0.0058353025059702515,0.045720989983620904,-5.328878266281378E-4
