anon_polygon_id,date,landsat_ndvi,landsat_evi,landsat_ndwi
ROS1-43-0016,2018-04-16,0.399771162122351,0.27788573512697623,-0.4531416192434594
ROS1-49-0012,2018-04-16,0.17989439618592915,0.10328673174671235,-0.3074417754319301
ROS1-49-0003,2018-05-02,0.4659887123967606,0.2651226357665175,-0.49677544520318123
ROS1-43-0016,2018-05-02,0.6854590957718937,0.4784284343075238,-0.6660901614164847
ROS1-49-0012,2018-05-02,0.16604147445992393,0.08214359962215637,-0.3239654749169179
ROS1-49-0003,2018-05-18,0.3761119852257562,0.22482759863115162,-0.4375262468573515
ROS1-43-0016,2018-05-18,0.611630443539244,0.437140645123226,-0.613097751945931
ROS1-49-0012,2018-05-18,0.15175453938754974,0.07892956187214974,-0.3038031701326644
ROS1-49-0003,2018-06-03,0.31886376918860293,0.18954761797754727,-0.42553914371490387
ROS1-43-0016,2018-06-03,0.30761550397505183,0.19009387128472852,-0.4662439829821783
ROS1-49-0012,2018-06-03,0.14763212322629207,0.07601777120874656,-0.30812121239232787
ROS1-49-0003,2018-06-19,0.24798987091583113,0.16100140972800336,-0.36985492262855624
ROS1-43-0016,2018-06-19,0.19050815487022427,0.10195935497474709,-0.38326431143212936
ROS1-49-0012,2018-06-19,0.1428303781685661,0.08122223294718908,-0.2986579295743944
ROS1-49-0003,2018-07-21,0.2086715063654591,0.17400882703866954,-0.27605226460876103
ROS1-43-0016,2018-07-21,0.09669627402252517,0.06253562436650482,-0.18381560493244023
ROS1-49-0012,2018-07-21,0.1465668111927882,0.06721854054807999,-0.2833035310314141
ROS1-49-0003,2018-08-06,0.25480504547453353,0.1586223124871244,-0.3474985843361321
ROS1-43-0016,2018-08-06,0.13066914876904132,0.09415761434031131,-0.2775861334369761
ROS1-49-0012,2018-08-06,0.1689376968083518,0.096970280875832,-0.3099846220036271
ROS1-49-0003,2018-08-22,0.21626271067062067,0.14888551289655647,-0.3077983163232225
ROS1-43-0016,2018-08-22,0.13375444609425374,0.09737804879626942,-0.28047484037895976
ROS1-49-0012,2018-08-22,0.15979662561203997,0.0931199899391532,-0.3047674694359835
ROS1-49-0012,2018-09-07,0.10624647265724155,0.06959155688880832,-0.1886375119172333
ROS1-49-0003,2018-09-23,0.2758548944724198,0.16976372214472388,-0.37161173400368036
ROS1-43-0016,2018-09-23,0.12610854952414136,0.07278213145624075,-0.28889219144235173
ROS1-49-0012,2018-09-23,0.13529021810847283,0.08748401242510168,-0.29588285152434046
ROS1-49-0003,2018-10-09,0.4141536732043287,0.26800869560403306,-0.4431687528360168
ROS1-43-0016,2018-10-09,0.141642824760528,0.08480916269703388,-0.30017029851498944
ROS1-49-0012,2018-10-09,0.30435357660900525,0.20437083851629487,-0.40355896466899627
ROS1-42-0000,2018-04-16,0.38388216566752953,0.2560140136796485,-0.44066242613393786
ROS1-43-0016,2018-04-16,0.4033371779947213,0.28034690832211406,-0.4538611281372508
ROS1-42-0000,2018-05-02,0.7413796499276168,0.5484096809394211,-0.6926659778444211
ROS1-36-0005,2018-05-02,0.8578441217714875,0.6831844429444052,-0.8060465869093114
ROS1-42-0016,2018-05-02,0.16127613003160995,0.08060081909810467,-0.3262593176732695
ROS1-43-0016,2018-05-02,0.6814527521342066,0.47749121533974154,-0.6620144828306891
ROS1-42-0000,2018-05-18,0.7910543920543881,0.6132516716890986,-0.7475376544911028
ROS1-36-0005,2018-05-18,0.8084920291061024,0.6670794237734288,-0.7692757191724616
ROS1-42-0016,2018-05-18,0.165201409603338,0.08902135959729118,-0.31378025959242056
ROS1-43-0016,2018-05-18,0.61132945991765,0.4364397831300474,-0.6129407318785797
ROS1-42-0000,2018-06-03,0.7043716226711946,0.5020147034824862,-0.6840836642919991
ROS1-36-0005,2018-06-03,0.5779170991953204,0.40037949461620903,-0.6169849030670753
ROS1-42-0016,2018-06-03,0.14544155714240187,0.07656138461349629,-0.30799790114420494
ROS1-43-0016,2018-06-03,0.3074274794403338,0.1908723815494142,-0.4648329005464025
ROS1-42-0000,2018-06-19,0.26852202324166097,0.1770339751632923,-0.4516823747160431
ROS1-36-0005,2018-06-19,0.26448707492735435,0.17574412753394866,-0.45699277600450405
ROS1-42-0016,2018-06-19,0.1418683019867997,0.08101314588902365,-0.29435631229329023
ROS1-43-0016,2018-06-19,0.19468831270611694,0.10429485198399063,-0.38652832077419724
ROS1-42-0000,2018-07-05,0.1390424129023053,0.10420577318086759,-0.3044340456112927
ROS1-36-0005,2018-07-05,0.17489747985794532,0.1238585029668922,-0.3156474824417713
ROS1-42-0016,2018-07-05,0.11396621575088885,0.057290926101993545,-0.2177028496438217
ROS1-42-0000,2018-07-21,0.13449182963011683,0.10238170326998325,-0.24877661276640495
ROS1-36-0005,2018-07-21,0.1059085043937433,0.07899923880064877,-0.21862081784293796
ROS1-42-0016,2018-07-21,0.12993348830834048,0.07767901294447156,-0.27305825526945354
ROS1-43-0016,2018-07-21,0.09236888144449736,0.062071804720969494,-0.17653170551231454
ROS1-42-0000,2018-08-06,0.15633548618697055,0.08364026790719693,-0.30966238250543504
ROS1-36-0005,2018-08-06,0.2037614919884424,0.14901529879131098,-0.31385321100917435
ROS1-42-0016,2018-08-06,0.1338793834581831,0.07766809520234039,-0.2944799762336795
ROS1-43-0016,2018-08-06,0.1307012331453473,0.09427192487816251,-0.2770793100275213
ROS1-42-0000,2018-08-22,0.1335316686001907,0.06642431646371155,-0.2699985246437616
ROS1-36-0005,2018-08-22,0.165467737713442,0.11488217881815178,-0.29582561982316297
ROS1-42-0016,2018-08-22,0.13436706221329178,0.07288933128223685,-0.2960867719550545
ROS1-43-0016,2018-08-22,0.13480309372466506,0.09818370078316024,-0.2817972795024988
ROS1-42-0000,2018-09-23,0.13030168667864833,0.0663726197547295,-0.27286137265397215
ROS1-42-0016,2018-09-23,0.1365413721310123,0.07105357628296231,-0.2961394864840881
ROS1-43-0016,2018-09-23,0.1267901008544551,0.0733876392484063,-0.28874386230457005
ROS1-42-0000,2018-10-09,0.11427680498448557,0.06764603138398217,-0.16765234795113393
ROS1-36-0005,2018-10-09,0.11277566867756243,0.090085442616122,-0.20344634382478366
ROS1-43-0016,2018-10-09,0.14350891995376025,0.08542885385869499,-0.3045251268529775
ROS1-33-0009,2018-05-25,0.2099270774382596,0.14008040161603577,-0.3166346895237519
ROS1-33-0008,2018-06-10,0.5804690573441827,0.4517876555044519,-0.5852654885453482
ROS1-33-0009,2018-06-26,0.30453240345072796,0.19234555761795116,-0.38684334683434646
ROS1-33-0008,2018-06-26,0.3588528798805087,0.24225272282943866,-0.46130722149495546
ROS1-33-0009,2018-07-12,0.34070652961922954,0.2228966737807478,-0.398340153035402
ROS1-33-0008,2018-07-12,0.3126919566714497,0.19375272315509667,-0.4183660440000084
ROS1-33-0009,2018-08-13,0.4137416175079183,0.27817939352986754,-0.46706472178593117
ROS1-33-0008,2018-08-13,0.47788228446516323,0.3994831500709425,-0.47211215235862763
ROS1-33-0009,2018-08-29,0.31300855024574575,0.2057395098724067,-0.40825601888411706
ROS1-33-0008,2018-08-29,0.5341147499475982,0.3812343962583621,-0.5209690840113901
ROS1-33-0009,2018-09-14,0.2584913609016406,0.16150487904210462,-0.3917205774442239
ROS1-33-0008,2018-09-14,0.4275283729252546,0.30440977456530216,-0.4876158765206478
ROS1-33-0009,2018-10-16,0.18357319871986527,0.08059212240864248,-0.3347786879736798
ROS1-33-0008,2018-10-16,0.41353042331218465,0.22717679801630994,-0.4664580130452839
ROS1-38-0001,2018-04-07,0.2074903342071986,0.10844107230814609,-0.30299830015065876
ROS1-49-0003,2018-04-07,0.23917434203023966,0.16177884090007222,-0.29239528411710913
ROS1-38-0007,2018-04-07,0.2709261250433292,0.13732073007974122,-0.33780664188060167
ROS1-43-0016,2018-04-07,0.4559966981491972,0.28755978172895863,-0.5046702325740321
ROS1-49-0012,2018-04-07,0.15508958239698983,0.07828338275403676,-0.25684058557510886
ROS1-31-0028,2018-05-25,0.20945509996011422,0.10498078574560886,-0.3373312453709125
ROS1-37-0012,2018-05-25,0.17375219045670992,0.1015125248281745,-0.32170480330741225
ROS1-38-0001,2018-05-25,0.18316712785234662,0.10389800991563466,-0.3185998505609474
ROS1-43-0006,2018-05-25,0.19215248434996407,0.10432649879615162,-0.3299564694191236
ROS1-49-0003,2018-05-25,0.3537138210412469,0.22183817526328553,-0.4382202830299775
ROS1-31-0021,2018-05-25,0.18926770682492747,0.09002100638350571,-0.3252935719705854
ROS1-37-0019,2018-05-25,0.34172432968528527,0.189576362152881,-0.4135999189446708
ROS1-38-0007,2018-05-25,0.483317143818241,0.32849123313150247,-0.5203762309096936
ROS1-43-0016,2018-05-25,0.35998958485898874,0.20668886696267064,-0.41865281455829434
ROS1-49-0012,2018-05-25,0.15596410850330872,0.08119477907514465,-0.298416999293483
ROS1-31-0028,2018-06-10,0.16951536362987935,0.09879767207803022,-0.29112557962259866
ROS1-37-0012,2018-06-10,0.1419365882111059,0.08492444875314864,-0.2792052335184605
ROS1-38-0001,2018-06-10,0.1220939583993191,0.07089472384529913,-0.1714772387137412
ROS1-43-0006,2018-06-10,0.15367292054189066,0.09083548100495155,-0.281783185979405
ROS1-49-0003,2018-06-10,0.2674510800825421,0.1748709526819519,-0.3743318441813098
ROS1-31-0021,2018-06-10,0.15735423057080572,0.10731864050436987,-0.2544321115852738
ROS1-37-0019,2018-06-10,0.2505902864129133,0.15789478432409532,-0.36126079848575965
ROS1-43-0016,2018-06-10,0.22730478613558974,0.13863018610897948,-0.41873414554269556
ROS1-49-0012,2018-06-10,0.1369304203828909,0.07122301360994816,-0.2860557645776148
ROS1-31-0028,2018-06-26,0.14973017253851081,0.08482983189504872,-0.291637000785075
ROS1-37-0012,2018-06-26,0.13809320915541934,0.08829824472482278,-0.2852207541563313
ROS1-38-0001,2018-06-26,0.13293986441112152,0.07829166763271243,-0.25174696469601365
ROS1-43-0006,2018-06-26,0.13353895295136636,0.07109350090275175,-0.2615711178394264
ROS1-49-0003,2018-06-26,0.23166487870800645,0.1399536490889541,-0.36199938662870973
ROS1-31-0021,2018-06-26,0.1142805525059663,0.035491453741742035,-0.17062399611654944
ROS1-37-0019,2018-06-26,0.1920141395021054,0.12434015355897408,-0.31725058452795324
ROS1-43-0016,2018-06-26,0.19513797528896934,0.11983504255663227,-0.4011831223729827
ROS1-49-0012,2018-06-26,0.13363573263600165,0.07003058353450528,-0.2898798944273052
ROS1-31-0028,2018-07-12,0.09843005660392576,0.0479963376532845,-0.1841455822825256
ROS1-31-0021,2018-07-12,0.14914097818870198,0.08213601999237008,-0.2968169924202707
ROS1-37-0019,2018-07-12,0.1903103311517368,0.12570607005844223,-0.3109797713604462
ROS1-31-0028,2018-07-28,0.13988831853737968,0.08659647231103051,-0.2758831022959379
ROS1-37-0012,2018-07-28,0.13893910641081794,0.08578512236448488,-0.28249491061558685
ROS1-31-0021,2018-07-28,0.13961942420110982,0.0844233782932234,-0.2858992139784515
ROS1-37-0019,2018-07-28,0.22565502327324483,0.13622206429699438,-0.33859328739541117
ROS1-38-0001,2018-08-13,0.11145998682137341,0.04655957868188931,-0.2046359660099761
ROS1-31-0028,2018-08-29,0.13036872721367443,0.07528722466970349,-0.2604069559945715
ROS1-37-0012,2018-08-29,0.1223620264929605,0.06922926262818466,-0.2570582889160462
ROS1-38-0001,2018-08-29,0.12996719036826954,0.07021869734914056,-0.25433555686225073
ROS1-43-0006,2018-08-29,0.13149361584000233,0.11195018428204635,-0.21966127044680223
ROS1-49-0003,2018-08-29,0.2067536004792323,0.11225094991845133,-0.3076491281724666
ROS1-37-0019,2018-08-29,0.17609820353169042,0.10506368464935202,-0.2930367181724137
ROS1-38-0007,2018-08-29,0.1199648802405447,0.08779586019653916,-0.22798891448100864
ROS1-43-0016,2018-08-29,0.12156642839741137,0.09620194766922519,-0.22804010897837168
ROS1-49-0012,2018-08-29,0.1499086794112081,0.07143784324190064,-0.2999358884735358
ROS1-37-0012,2018-09-14,0.12937832703937754,0.0773928782465817,-0.24471508694112729
ROS1-38-0001,2018-09-14,0.12244373483340913,0.0708961353906947,-0.23932517873407153
ROS1-43-0006,2018-09-14,0.1402487650322523,0.07767665559202123,-0.28766419876174276
ROS1-49-0003,2018-09-14,0.19649108687583547,0.1176489189915715,-0.3143152537573186
ROS1-38-0007,2018-09-14,0.12651130067623284,0.08291548367035752,-0.24782265616724516
ROS1-43-0016,2018-09-14,0.12666034826775444,0.0828154659947491,-0.26348591394104603
ROS1-49-0012,2018-09-14,0.1360320567187559,0.06519860374633477,-0.2842361115967194
ROS1-31-0028,2018-10-16,0.14445228287518364,0.06672705575374797,-0.28029450952560736
ROS1-37-0012,2018-10-16,0.1464862168022115,0.08427325909066528,-0.2821251247308537
ROS1-38-0001,2018-10-16,0.13354093353230392,0.06624403605671877,-0.2587101676293718
ROS1-43-0006,2018-10-16,0.3359031199915782,0.21442930919535674,-0.4157539491587182
ROS1-31-0021,2018-10-16,0.13984900852300705,0.06106348641284521,-0.2583806464428083
ROS1-37-0019,2018-10-16,0.2796715762462689,0.17889612878590463,-0.3769093507548375
ROS1-38-0007,2018-10-16,0.142645122774213,0.059738898589312785,-0.24739363454299282
ROS1-43-0016,2018-10-16,0.1498159171985696,0.09518937294003654,-0.2854772002944316
ROS1-24-0006,2018-04-07,0.382378104076352,0.22362520230512875,-0.4235902453753009
ROS1-25-0023,2018-04-07,0.3721702724026597,0.2342015548630847,-0.42494526042400643
ROS1-30-0013,2018-04-07,0.1748328072912626,0.12218478662534558,-0.2890247310143601
ROS1-42-0000,2018-04-07,0.3317391294289317,0.18019963780281123,-0.4225074317442024
ROS1-25-0002,2018-04-07,0.15324342891018136,0.09035106748882638,-0.2640943092597221
ROS1-37-0019,2018-04-07,0.2719957602751998,0.1516084684886902,-0.3459567963320171
ROS1-42-0016,2018-04-07,0.1577596295151033,0.08450689317477432,-0.3072807624493728
ROS1-24-0006,2018-04-23,0.45357346658325215,0.17162613618643766,-0.37947971906333466
ROS1-25-0023,2018-04-23,0.5351692064771065,0.25529703263101794,-0.4899810598858184
ROS1-30-0013,2018-04-23,0.1927474341847341,0.07498514736653239,-0.29408886397720413
ROS1-25-0002,2018-04-23,0.1835442552307691,0.06875407461894613,-0.27154429913142564
ROS1-42-0016,2018-04-23,0.18498348519260702,0.08583568708116884,-0.3343237885044461
ROS1-36-0019,2018-05-25,0.2708613292004083,0.1603432157683106,-0.3788443008804591
ROS1-30-0013,2018-05-25,0.2292706525936506,0.14666799572296857,-0.3375551157767426
ROS1-31-0028,2018-05-25,0.2071062555369536,0.10482432471202294,-0.33170866191326615
ROS1-36-0014,2018-05-25,0.19895467208841366,0.10510778931552432,-0.33566284514837563
ROS1-42-0000,2018-05-25,0.786984989154281,0.49437437190633526,-0.7520329107231056
ROS1-25-0002,2018-05-25,0.2641648718198003,0.1238138884945267,-0.31562862748647813
ROS1-31-0021,2018-05-25,0.19144042607622355,0.09056013749236849,-0.3290498298355444
ROS1-36-0005,2018-05-25,0.7260875188700251,0.49208694495775573,-0.723601184819273
ROS1-37-0019,2018-05-25,0.3481651087922589,0.19109224030603675,-0.425676532742125
ROS1-42-0016,2018-05-25,0.18018915757105083,0.08098502852989378,-0.3227681854413152
ROS1-36-0019,2018-06-10,0.17651670017908597,0.10029572859682637,-0.3066847225401502
ROS1-30-0013,2018-06-10,0.24742385133634853,0.1727858427585368,-0.32827290104100865
ROS1-31-0028,2018-06-10,0.16856157766420005,0.09812403328300293,-0.2912736477491016
ROS1-36-0014,2018-06-10,0.1499975427317963,0.08319791554003919,-0.2867526706867677
ROS1-42-0000,2018-06-10,0.49161288710111034,0.3087127973482615,-0.5610179574157206
ROS1-25-0002,2018-06-10,0.26941852759299006,0.16341435925410797,-0.30555781070703597
ROS1-30-0014,2018-06-10,0.33708200372093017,0.25374454598770235,-0.41735224717109787
ROS1-31-0021,2018-06-10,0.15618436767315086,0.10195277410603697,-0.2563270516295764
ROS1-37-0019,2018-06-10,0.2494052977394567,0.15709043901852737,-0.36158797889306227
ROS1-42-0016,2018-06-10,0.13968528731201368,0.0723928200967448,-0.29037534483284805
ROS1-36-0019,2018-06-26,0.15823087566950503,0.09764643105337618,-0.3054579486494313
ROS1-24-0006,2018-06-26,0.19127565334354749,0.1281021857520073,-0.3781908334174179
ROS1-31-0028,2018-06-26,0.15214439324960036,0.08586270337886685,-0.296740434097886
ROS1-36-0014,2018-06-26,0.15327921526323596,0.079712280166059,-0.2913449497958663
ROS1-42-0000,2018-06-26,0.22842394310048492,0.1496801449091994,-0.41710288259752554
ROS1-25-0002,2018-06-26,0.46083596618646494,0.3136457374321379,-0.4993446892318118
ROS1-31-0021,2018-06-26,0.11848555594399614,0.03675113355663665,-0.18175629510434355
ROS1-36-0005,2018-06-26,0.25141762528219935,0.16240252650553835,-0.45314560176454693
ROS1-37-0019,2018-06-26,0.19758308780163075,0.12679360719480412,-0.32932061493087095
ROS1-42-0016,2018-06-26,0.1280101406814668,0.06480322817846743,-0.2723931774639676
ROS1-36-0019,2018-07-12,0.13941728079022878,0.09073198057137571,-0.27878523072889294
ROS1-24-0006,2018-07-12,0.1267690775072295,0.10403100290089554,-0.28868271645734267
ROS1-25-0023,2018-07-12,0.1453220015985607,0.11013424105923553,-0.3188095799428403
ROS1-31-0028,2018-07-12,0.10449742973751294,0.05394219227751434,-0.1875321759173383
ROS1-36-0014,2018-07-12,0.12977965786280013,0.07545759113707945,-0.25394669252096824
ROS1-42-0000,2018-07-12,0.14188029451841563,0.10907231241468286,-0.30348506785419277
ROS1-25-0002,2018-07-12,0.540463009695808,0.32537877398906206,-0.5253443086709383
ROS1-30-0014,2018-07-12,0.167928978086752,0.09187793811082796,-0.2777461327592554
ROS1-31-0021,2018-07-12,0.14680204450950005,0.08202791639625717,-0.28914428461766356
ROS1-36-0005,2018-07-12,0.16533778137643176,0.12240133521949766,-0.3477006958002854
ROS1-37-0019,2018-07-12,0.19651082275212906,0.1299765971479064,-0.3154894200090284
ROS1-42-0016,2018-07-12,0.12103593155141092,0.0676731240453949,-0.255279799482113
ROS1-36-0019,2018-07-28,0.14578904613334018,0.09699542072782728,-0.29215412660290085
ROS1-25-0023,2018-07-28,0.13014647097695023,0.09615389156727311,-0.26917587321696473
ROS1-30-0013,2018-07-28,0.18678386601372293,0.11579789885653538,-0.280488397981221
ROS1-31-0028,2018-07-28,0.1400933348352328,0.08679469749487943,-0.2743987967577387
ROS1-36-0014,2018-07-28,0.1401178575284592,0.07382991271695007,-0.2813150293759804
ROS1-42-0000,2018-07-28,0.23881476394168932,0.1899020783436517,-0.328799436858791
ROS1-30-0014,2018-07-28,0.155509475162518,0.10601430873160554,-0.27909496629740144
ROS1-31-0021,2018-07-28,0.1354789838348086,0.08347470230554027,-0.2729947910493424
ROS1-36-0005,2018-07-28,0.16091900505726422,0.10493164016473074,-0.2822271703288608
ROS1-37-0019,2018-07-28,0.22397394430685724,0.1359397344321979,-0.3341843894259809
ROS1-42-0016,2018-07-28,0.13696353410829895,0.07705913065003109,-0.2861543634853611
ROS1-25-0023,2018-08-13,0.12220614523235467,0.09373272417648415,-0.280350172326216
ROS1-30-0013,2018-08-13,0.17332854539699485,0.1112359792129983,-0.2820396674235484
ROS1-25-0002,2018-08-13,0.26652400737123727,0.1725696843139671,-0.3441413318044983
ROS1-36-0019,2018-08-29,0.13124760802830843,0.08713922805892377,-0.27339794066289524
ROS1-24-0006,2018-08-29,0.13091918134597344,0.06650060744197137,-0.24633863756127847
ROS1-25-0023,2018-08-29,0.12391566674719322,0.07488532854568292,-0.25360761127213227
ROS1-30-0013,2018-08-29,0.1477645804302239,0.0857513183125404,-0.270652195926208
ROS1-31-0028,2018-08-29,0.13286700773072632,0.07684970801724564,-0.2620165451191197
ROS1-36-0014,2018-08-29,0.12597469805039208,0.06492417421432745,-0.2601934922081619
ROS1-42-0000,2018-08-29,0.13033871321743265,0.062352618299216275,-0.25978157281732933
ROS1-25-0002,2018-08-29,0.19043566758364988,0.11476584555085859,-0.3076388977070568
ROS1-30-0014,2018-08-29,0.15133326204019568,0.08271880121322663,-0.2730211032648839
ROS1-36-0005,2018-08-29,0.1692155992106903,0.11526193373786355,-0.2991786956904379
ROS1-37-0019,2018-08-29,0.1787946242250386,0.10690893413349159,-0.2945440524188775
ROS1-42-0016,2018-08-29,0.1285349188642281,0.06797437624576805,-0.27666214885438634
ROS1-36-0019,2018-09-14,0.13898151832769312,0.08663175663820954,-0.2541730657542005
ROS1-42-0000,2018-09-14,0.12298386849526668,0.054545656414781284,-0.260846068828681
ROS1-31-0021,2018-09-14,0.10564299297257972,0.06892830640304334,-0.20461016091265766
ROS1-36-0005,2018-09-14,0.12754746959568503,0.10303170777595633,-0.24677699651580745
ROS1-42-0016,2018-09-14,0.13641737378748192,0.06644903506017286,-0.28274594728573443
ROS1-42-0016,2018-09-30,0.09690358669529626,0.04840755813349439,-0.19341987954495282
ROS1-24-0006,2018-10-16,0.14339993795642844,0.09391252953979401,-0.261020171648515
ROS1-25-0023,2018-10-16,0.13690441429421196,0.06533472748395731,-0.2632821819696801
ROS1-30-0013,2018-10-16,0.14444305550806572,0.08583792638622856,-0.26632026875659326
ROS1-31-0028,2018-10-16,0.14056393228841982,0.06537743976164433,-0.2757961381854901
ROS1-36-0014,2018-10-16,0.13217916468814694,0.06720746588924409,-0.27067528750426867
ROS1-25-0002,2018-10-16,0.14419565650586597,0.06951119164257666,-0.287373442095015
ROS1-30-0014,2018-10-16,0.15900017593547325,0.08456558755703435,-0.27623335717152053
ROS1-31-0021,2018-10-16,0.14197025096704116,0.06186077455149928,-0.26404126069239076
ROS1-37-0019,2018-10-16,0.27900764642042,0.1788271846786671,-0.3757404490164813
ROS1-33-0010,2018-04-14,0.5598313587753198,0.3802865350884017,-0.59436762258038
ROS1-27-0021,2018-04-14,0.2025693227970676,0.0844138133543425,-0.31181393757002607
ROS1-28-0030,2018-04-14,0.4694417403141803,0.2520731729065791,-0.501357776020348
ROS1-33-0009,2018-04-14,0.15642785147622237,0.0609485990256649,-0.27581909105264635
ROS1-34-0003,2018-04-14,0.152991021366357,0.0636072186737587,-0.26605341319476256
ROS1-27-0005,2018-04-14,0.2989308706224402,0.1489474188751302,-0.3922584005072927
ROS1-28-0013,2018-04-14,0.16556775090065032,0.06752683767098748,-0.2865395398212078
ROS1-33-0008,2018-04-14,0.34826806378719877,0.17974079134440243,-0.4277809929745356
ROS1-34-0005,2018-04-14,0.5848832394232443,0.3685745205921496,-0.5949126108561417
ROS1-33-0010,2018-04-30,0.6791094184575828,0.3926467936733748,-0.6713375669224676
ROS1-27-0021,2018-04-30,0.19479145080583016,0.07520599432128976,-0.2993304503380347
ROS1-28-0030,2018-04-30,0.659037243788187,0.3719282722328301,-0.6366220264263144
ROS1-33-0009,2018-04-30,0.170531565571743,0.0868377216744662,-0.29829834046930026
ROS1-34-0003,2018-04-30,0.1792433205470168,0.08218235302621832,-0.2722138099305189
ROS1-27-0005,2018-04-30,0.38895814693834635,0.20063182466583207,-0.4345057111254699
ROS1-28-0013,2018-04-30,0.18876482640896664,0.08135434077857673,-0.3143568349898127
ROS1-33-0008,2018-04-30,0.5479694542014832,0.3184001452412976,-0.546585831470048
ROS1-34-0005,2018-04-30,0.6928791619514516,0.42179433045408216,-0.6675684973186408
ROS1-33-0010,2018-05-16,0.8494865959715225,0.6456791186924126,-0.7972099015492471
ROS1-27-0021,2018-05-16,0.2326861596098583,0.1080783843102843,-0.32963987359447117
ROS1-28-0030,2018-05-16,0.7226258530102019,0.5449127062500746,-0.6774862757116759
ROS1-33-0009,2018-05-16,0.18726263508764568,0.09879004016958733,-0.331272122615141
ROS1-34-0003,2018-05-16,0.2085802203777888,0.09802799098364363,-0.3272245903547143
ROS1-27-0005,2018-05-16,0.46777831891196725,0.2670838559769066,-0.48390154983172595
ROS1-28-0013,2018-05-16,0.2761782938264647,0.1662151893550675,-0.3587822152563286
ROS1-33-0008,2018-05-16,0.6050611267556133,0.4321522573134461,-0.5873307046779461
ROS1-34-0005,2018-05-16,0.7036246408364996,0.5406893181066382,-0.6569561591137217
ROS1-33-0010,2018-06-01,0.8211653760984469,0.6095764653515805,-0.7833134079874852
ROS1-27-0021,2018-06-01,0.3847937184112755,0.18359908990395046,-0.42395688006009224
ROS1-28-0030,2018-06-01,0.7030574835341877,0.4679345326027962,-0.6831763180759346
ROS1-33-0009,2018-06-01,0.18629809213642234,0.09771552565007093,-0.32412198847438833
ROS1-34-0003,2018-06-01,0.16920949501213095,0.07419398471117,-0.30761897426245677
ROS1-27-0005,2018-06-01,0.2619432982022744,0.10772813830637624,-0.3614556107543748
ROS1-28-0013,2018-06-01,0.21905479442316694,0.1080933923403837,-0.3448583513108699
ROS1-33-0008,2018-06-01,0.6481783701062668,0.4288404267887864,-0.6421036773501118
ROS1-34-0005,2018-06-01,0.7365904401872262,0.49392918349075815,-0.7053853168608663
ROS1-33-0010,2018-07-03,0.18431298607244356,0.14352094436390206,-0.36885872598327235
ROS1-27-0021,2018-07-03,0.2900459948685004,0.16335985883217416,-0.3439459948438851
ROS1-28-0030,2018-07-03,0.22167948718398073,0.1469183575937913,-0.41756091026482783
ROS1-33-0009,2018-07-03,0.3134403796652066,0.19672557186636327,-0.3896626114710777
ROS1-34-0003,2018-07-03,0.13454263823659174,0.09992414848718856,-0.23816168614811337
ROS1-27-0005,2018-07-03,0.1526537328888755,0.08131850497564082,-0.2634786454477321
ROS1-28-0013,2018-07-03,0.5231763318668967,0.4036410241501649,-0.5261797816299301
ROS1-33-0008,2018-07-03,0.32450437435186813,0.21060950639284537,-0.4366702094613901
ROS1-28-0013,2018-07-19,0.6205727490580094,0.4296335561307224,-0.5805662916898381
ROS1-28-0030,2018-08-04,0.20538660569114459,0.15799694491362815,-0.31357588041800327
ROS1-34-0003,2018-08-04,0.13651381984563404,0.10356284716278559,-0.2372112934081105
ROS1-28-0013,2018-08-04,0.6182829087838894,0.35807055823447975,-0.5387212757190968
ROS1-33-0010,2018-08-20,0.16239852089285384,0.07217154650414778,-0.27937876647226356
ROS1-27-0021,2018-08-20,0.4226342842694985,0.25278489330640597,-0.47636217276775805
ROS1-28-0030,2018-08-20,0.2749968229910373,0.19060548444353947,-0.3867911404751328
ROS1-33-0009,2018-08-20,0.36242464333678814,0.22974025847729687,-0.4222326850707044
ROS1-34-0003,2018-08-20,0.147492302317382,0.06691586749135793,-0.26343030542042717
ROS1-27-0005,2018-08-20,0.37234812713500925,0.21219063645908426,-0.42601639950030584
ROS1-28-0013,2018-08-20,0.35709936095738287,0.2057975012252166,-0.38300018547286835
ROS1-33-0008,2018-08-20,0.5998036490063933,0.3896213248368531,-0.5933712676857258
ROS1-34-0005,2018-08-20,0.22011460458623144,0.1570654377069496,-0.35495908009278204
ROS1-33-0010,2018-09-05,0.13454832384845244,0.059402972753205656,-0.23235811677813994
ROS1-33-0009,2018-09-05,0.25980268836574794,0.15769328799750407,-0.35807637749351534
ROS1-28-0013,2018-09-05,0.20786529097393577,0.11273308203998525,-0.3244565049444643
ROS1-33-0008,2018-09-05,0.437777718395502,0.2875901644852834,-0.4851997486176715
ROS1-33-0010,2018-09-21,0.16016582639678048,0.06217801075981885,-0.2894223711738497
ROS1-27-0021,2018-09-21,0.34563242377327935,0.18635660268396187,-0.42418051786729133
ROS1-28-0030,2018-09-21,0.19147620858333994,0.058879527509898416,-0.27250930487094055
ROS1-33-0009,2018-09-21,0.19923687148601343,0.07214450164140118,-0.32052163958291385
ROS1-34-0003,2018-09-21,0.30169976760659795,0.13598037038723784,-0.37047873014470156
ROS1-27-0005,2018-09-21,0.38660608502763855,0.22735659036849232,-0.4514358909435945
ROS1-28-0013,2018-09-21,0.2123653883170395,0.09600533179648074,-0.34550201715396944
ROS1-33-0008,2018-09-21,0.46597692213623004,0.2667729546685947,-0.4999539106947769
ROS1-34-0005,2018-09-21,0.22319280560834978,0.15337422731460867,-0.3548218761022289
ROS1-33-0010,2018-10-07,0.1803289563188395,0.0676225257802185,-0.29021906831637684
ROS1-27-0021,2018-10-07,0.3466542903831496,0.16889600773050537,-0.4256881308878821
ROS1-28-0030,2018-10-07,0.18362455294720442,0.0523048066937549,-0.26908650801684203
ROS1-33-0009,2018-10-07,0.18901292184932203,0.07615730999685012,-0.32844056711119024
ROS1-34-0003,2018-10-07,0.6397655159068425,0.34337019034832833,-0.6030874552749644
ROS1-27-0005,2018-10-07,0.44145447620389006,0.24853416288274857,-0.49782444430795075
ROS1-28-0013,2018-10-07,0.18846506082908937,0.05852889931618544,-0.29656610219475293
ROS1-33-0008,2018-10-07,0.5398461659843282,0.30042190418138104,-0.5403453155255713
ROS1-34-0005,2018-10-07,0.25112857999750815,0.16073599026971508,-0.356654764834538
ROS1-19-0037,2018-04-14,0.4614924182985981,0.2771772465947125,-0.4915982372980207
ROS1-25-0023,2018-04-14,0.4779354120788607,0.2896659618702095,-0.5083621022761836
ROS1-26-0036,2018-04-14,0.1630915776224019,0.058030824372300574,-0.264448101580144
ROS1-27-0021,2018-04-14,0.19041983488682684,0.07990267285744779,-0.2879257708065508
ROS1-30-0013,2018-04-14,0.18617707791120663,0.11712622230786793,-0.31135675553817266
ROS1-31-0028,2018-04-14,0.16801999050439786,0.08065591625478817,-0.3056903189728215
ROS1-32-0015,2018-04-14,0.6604619605100611,0.46743734340424925,-0.6419366024414872
ROS1-38-0001,2018-04-14,0.22629970534114677,0.11342146764506662,-0.3369659849436064
ROS1-19-0016,2018-04-14,0.47202894884559116,0.28316752557703073,-0.49943005289938824
ROS1-25-0002,2018-04-14,0.16370510200899632,0.06906411125306887,-0.2815891047182454
ROS1-26-0040,2018-04-14,0.1646394211593472,0.07956509284484226,-0.26428321509384434
ROS1-27-0005,2018-04-14,0.28691406475986403,0.14301678821322386,-0.3682635005855376
ROS1-30-0014,2018-04-14,0.3242512785110068,0.18062556367196392,-0.4037045378469146
ROS1-31-0021,2018-04-14,0.16613633023585278,0.06771991858381221,-0.2936039449985946
ROS1-32-0006,2018-04-14,0.5780805229278148,0.3485507948582612,-0.5687010023716922
ROS1-38-0007,2018-04-14,0.33129416875799444,0.1716229620818511,-0.41066473804333087
ROS1-25-0027,2018-04-14,0.6145873005701575,0.36618484576550925,-0.6020479021185544
ROS1-19-0037,2018-04-30,0.6363357901714932,0.4139219436194575,-0.5945127088315156
ROS1-25-0023,2018-04-30,0.6642421915333339,0.4171876178698815,-0.6289311751778014
ROS1-26-0036,2018-04-30,0.19720988017261357,0.07898564889472044,-0.30487279681830703
ROS1-27-0021,2018-04-30,0.18298266909606664,0.07044946116081172,-0.2781680013576406
ROS1-30-0013,2018-04-30,0.17174945182667004,0.08485221374661028,-0.30167064655110004
ROS1-31-0028,2018-04-30,0.17993495814815205,0.0829087064429125,-0.32219652916433555
ROS1-32-0015,2018-04-30,0.7562814000263197,0.47370759632256676,-0.7162923898681945
ROS1-38-0001,2018-04-30,0.19877385457490707,0.08791705739516298,-0.33643255905268954
ROS1-19-0016,2018-04-30,0.6583665323221105,0.42871523600639283,-0.6227485228656091
ROS1-25-0002,2018-04-30,0.18103710123584915,0.08596847450606025,-0.30305440365544745
ROS1-26-0040,2018-04-30,0.2382512552286069,0.12387588646493992,-0.31462541709211994
ROS1-27-0005,2018-04-30,0.3809659501595397,0.19686986599846248,-0.41574787634675714
ROS1-30-0014,2018-04-30,0.4342634646968925,0.24284454492622798,-0.48370430571979695
ROS1-31-0021,2018-04-30,0.1744149866900534,0.07467168521809968,-0.314697263226435
ROS1-32-0006,2018-04-30,0.7199752813003222,0.43396920589574717,-0.6788697206902183
ROS1-38-0007,2018-04-30,0.5492975401801228,0.3116651341827038,-0.5504228949268316
ROS1-25-0027,2018-04-30,0.763386721201994,0.5173179661280319,-0.7009106303358125
ROS1-19-0037,2018-05-16,0.7587789036310556,0.5353489032243282,-0.692755466564548
ROS1-25-0023,2018-05-16,0.767964211866044,0.569630467757128,-0.7015430755627068
ROS1-26-0036,2018-05-16,0.454063297904152,0.21354671972313172,-0.45219733359995623
ROS1-27-0021,2018-05-16,0.22107179406431252,0.1034054187510114,-0.3055174894470611
ROS1-30-0013,2018-05-16,0.21636681645117495,0.11763635891875537,-0.33519831907001213
ROS1-31-0028,2018-05-16,0.22264777808950936,0.10992638028684548,-0.35666799402906263
ROS1-32-0015,2018-05-16,0.7968359997737097,0.587704348574993,-0.7557745619398828
ROS1-38-0001,2018-05-16,0.24751984468813423,0.13245576480622243,-0.35190810999592415
ROS1-19-0016,2018-05-16,0.8184389840555369,0.6326437437503181,-0.7407796533294356
ROS1-25-0002,2018-05-16,0.19407305088327423,0.08778234603714757,-0.3199381805989775
ROS1-26-0040,2018-05-16,0.44031039453557574,0.250649187063727,-0.4611914890261206
ROS1-27-0005,2018-05-16,0.46289156268266907,0.264621181837682,-0.4704696041091949
ROS1-30-0014,2018-05-16,0.4657271020894668,0.260454857373894,-0.49322898726423586
ROS1-31-0021,2018-05-16,0.21107919334381844,0.09459177619449097,-0.33878201478311654
ROS1-32-0006,2018-05-16,0.7521741924521158,0.49540309926280235,-0.7088299653868152
ROS1-38-0007,2018-05-16,0.5846164696123075,0.39965197283445325,-0.5629534560097891
ROS1-25-0027,2018-05-16,0.7914749263935943,0.5816003902913932,-0.7342528581227754
ROS1-19-0037,2018-06-01,0.7275705649337431,0.5498582199955159,-0.6832197702606359
ROS1-25-0023,2018-06-01,0.661030294949809,0.4510725506399861,-0.6205295430180554
ROS1-26-0036,2018-06-01,0.5373759192507956,0.2986013132286901,-0.5044243713948412
ROS1-27-0021,2018-06-01,0.3738746425016419,0.1751381237479019,-0.40716584057245314
ROS1-25-0002,2018-06-01,0.22363563378564366,0.12986670530641709,-0.3253400150924957
ROS1-27-0005,2018-06-01,0.2558533304060518,0.10642530345786541,-0.34678390248671165
ROS1-30-0014,2018-06-01,0.21173085612822348,0.15120607959928006,-0.3042695647564077
ROS1-26-0036,2018-07-03,0.22637038015385358,0.14134245237568616,-0.2946317580708382
ROS1-27-0021,2018-07-03,0.3002158796302233,0.16657127907659705,-0.3591822499626701
ROS1-27-0005,2018-07-03,0.15778165113783116,0.08338430299422611,-0.2717574548012892
ROS1-19-0037,2018-07-19,0.127590184470904,0.1617095243753454,-0.17780692190256614
ROS1-26-0036,2018-07-19,0.13028559795100383,0.09644191040831494,-0.21559947197543572
ROS1-31-0028,2018-07-19,0.12335101626734661,0.0710132883678477,-0.24589164800722366
ROS1-38-0001,2018-07-19,0.13175272062164478,0.07624626142050323,-0.2698092066638188
ROS1-31-0021,2018-07-19,0.11358584152713563,0.057455423707796195,-0.22250570708950218
ROS1-38-0007,2018-07-19,-0.22523446439877465,2.558811701591399,0.22523446439877465
ROS1-19-0037,2018-08-20,0.1796341048000844,0.0855480817963863,-0.29479110630581723
ROS1-25-0023,2018-08-20,0.12520105990319524,0.08982143652179661,-0.2789415959117349
ROS1-26-0036,2018-08-20,0.34058668365456285,0.22696433196762728,-0.4158128173567788
ROS1-27-0021,2018-08-20,0.4138691521307069,0.24722499850896526,-0.461515042576401
ROS1-30-0013,2018-08-20,0.16357402936177662,0.09047734513500309,-0.28107164077550445
ROS1-31-0028,2018-08-20,0.14168763098700457,0.07034913645987093,-0.26909933429051003
ROS1-32-0015,2018-08-20,0.16434079530489515,0.07579907650923613,-0.2828293675782724
ROS1-38-0001,2018-08-20,0.13974377766384122,0.07170190624949155,-0.2787087824165534
ROS1-19-0016,2018-08-20,0.1548315727737547,0.09743339586300513,-0.2541214252168283
ROS1-25-0002,2018-08-20,0.23249567395119933,0.12674700181824916,-0.3361084115738275
ROS1-26-0040,2018-08-20,0.32518617183993714,0.16876663866033575,-0.3782763563171092
ROS1-27-0005,2018-08-20,0.3636743354634703,0.2067492380271704,-0.4110661630995975
ROS1-30-0014,2018-08-20,0.15783136437050074,0.08833980850424758,-0.2883931996916322
ROS1-31-0021,2018-08-20,0.12938549124176493,0.07298881412136982,-0.2655962479208092
ROS1-32-0006,2018-08-20,0.35540848899124694,0.23390063701116648,-0.421216558031289
ROS1-38-0007,2018-08-20,0.13894966483385307,0.07884880707759878,-0.27802054636597123
ROS1-25-0027,2018-08-20,0.15237203015498574,0.08381384280872624,-0.2787866912413075
ROS1-19-0037,2018-09-05,0.14844831898273964,0.07441899553215109,-0.23840033057657467
ROS1-25-0023,2018-09-05,0.1150736871590923,0.06414814443527955,-0.24400844231570368
ROS1-30-0013,2018-09-05,0.14854835550653592,0.08152499137796107,-0.2727254552271695
ROS1-31-0028,2018-09-05,0.13422845588121246,0.06793980653783178,-0.26272402734953737
ROS1-32-0015,2018-09-05,0.14481339469408736,0.07497646013866616,-0.26079561645300015
ROS1-38-0001,2018-09-05,0.13357168235217967,0.07171026366342363,-0.25881995592823676
ROS1-19-0016,2018-09-05,0.13145606726029116,0.08207018518793709,-0.23844122437967855
ROS1-25-0002,2018-09-05,0.18290555924694463,0.09872112533362545,-0.3045294752860847
ROS1-26-0040,2018-09-05,0.2919049856898892,0.15980994197839332,-0.34536494008036756
ROS1-30-0014,2018-09-05,0.14410490774737453,0.07281378997873007,-0.2747506826126288
ROS1-31-0021,2018-09-05,0.12621644046123845,0.07173074920147844,-0.26075872217682966
ROS1-25-0027,2018-09-05,0.14147638247868488,0.08012375960514599,-0.2728593838568867
ROS1-19-0037,2018-09-21,0.1736513532062719,0.0692828089488353,-0.2569617194010447
ROS1-25-0023,2018-09-21,0.12478896681909665,0.07147781101839891,-0.25702588449765873
ROS1-26-0036,2018-09-21,0.253345711301757,0.14968254506412434,-0.36331114952631943
ROS1-27-0021,2018-09-21,0.3379165537569803,0.18291180591867648,-0.4090081276543729
ROS1-30-0013,2018-09-21,0.15273469934258835,0.08545896328651623,-0.28970159627011166
ROS1-31-0028,2018-09-21,0.1424542459001546,0.0639744717087256,-0.2789188808696899
ROS1-32-0015,2018-09-21,0.14654667044991176,0.07354673159618237,-0.27073743618241414
ROS1-38-0001,2018-09-21,0.13867057173319783,0.06379510415664258,-0.2667008931612122
ROS1-19-0016,2018-09-21,0.15157636450205528,0.09108994333513185,-0.2505126095049618
ROS1-25-0002,2018-09-21,0.14533985530289692,0.06356151973030504,-0.25801640336436843
ROS1-26-0040,2018-09-21,0.2689461957444523,0.11913503142357772,-0.3297438409093097
ROS1-27-0005,2018-09-21,0.37784650560927746,0.22263617478394374,-0.43331958244522395
ROS1-30-0014,2018-09-21,0.1514013742257513,0.07768019671898918,-0.276892299319545
ROS1-31-0021,2018-09-21,0.135561174101798,0.07107178209666064,-0.26527796652311914
ROS1-32-0006,2018-09-21,0.3114370470216489,0.19087876158847808,-0.3926652833210032
ROS1-38-0007,2018-09-21,0.12895917665184417,0.07264696354711782,-0.2718359047602383
ROS1-25-0027,2018-09-21,0.1355788052092265,0.0698219660065351,-0.26061311162697176
ROS1-19-0037,2018-10-07,0.26035209164975925,0.11511747637501223,-0.32741417267744805
ROS1-25-0023,2018-10-07,0.16746493089032335,0.08767558594234746,-0.2971628522014252
ROS1-26-0036,2018-10-07,0.1876549469257634,0.08608671241006223,-0.2940172546221057
ROS1-27-0021,2018-10-07,0.33392628695084636,0.1649831305453486,-0.40197917212094064
ROS1-30-0013,2018-10-07,0.16402262874814635,0.08959955842061126,-0.3067586702219422
ROS1-31-0028,2018-10-07,0.15903935494215918,0.06643225151878572,-0.3003049426246432
ROS1-32-0015,2018-10-07,0.15687014946906713,0.07141131016375234,-0.27650199158319616
ROS1-38-0001,2018-10-07,0.14860778311770872,0.06157463379405648,-0.301603197378947
ROS1-19-0016,2018-10-07,0.1668806979917784,0.08646599769880509,-0.27358769136268135
ROS1-25-0002,2018-10-07,0.17011651767899907,0.07230938008822144,-0.3014382979034908
ROS1-26-0040,2018-10-07,0.2888878408401451,0.1068904032947299,-0.3577196120649511
ROS1-27-0005,2018-10-07,0.4269634840196771,0.24119645900383374,-0.47879072172502685
ROS1-30-0014,2018-10-07,0.17517371886535182,0.08515427912854841,-0.30877518912028057
ROS1-31-0021,2018-10-07,0.16046227858932727,0.060883888388499306,-0.3043077600777446
ROS1-32-0006,2018-10-07,0.3362080471919038,0.18596536981395606,-0.40733663526718455
ROS1-38-0007,2018-10-07,0.16843376225089712,0.05879321658635824,-0.3021506350744227
ROS1-25-0027,2018-10-07,0.14138654229774214,0.06668987640487355,-0.27055215978182845
ROS1-18-0030,2018-04-14,0.43931462307627417,0.22761910578277134,-0.47106468340910035
ROS1-24-0006,2018-04-14,0.47882372709679033,0.24853540035186544,-0.4878286896584544
ROS1-25-0023,2018-04-14,0.48011556083135093,0.29217972210863297,-0.5100747964202069
ROS1-30-0013,2018-04-14,0.188110312123471,0.11864000533829895,-0.314207892847363
ROS1-18-0024,2018-04-14,0.24326015441403578,0.1265462323121127,-0.3510191852015376
ROS1-19-0016,2018-04-14,0.47551771359957373,0.2852583638575893,-0.5033698590261758
ROS1-24-0034,2018-04-14,0.4637744694227726,0.25013069036148183,-0.4969648634646898
ROS1-25-0002,2018-04-14,0.1663894360484349,0.0702896977823008,-0.2857420332698708
ROS1-30-0014,2018-04-14,0.3278347902948067,0.18365838998208192,-0.40529015581118555
ROS1-18-0009,2018-04-14,0.21565237212463986,0.0897549710744873,-0.3043230153952409
ROS1-24-0023,2018-04-14,0.1933702888139956,0.08466577682871339,-0.3085520509312033
ROS1-18-0030,2018-04-30,0.7293185991753169,0.46994250855145686,-0.6806395405333341
ROS1-24-0006,2018-04-30,0.7285060144904616,0.45378481765446843,-0.6754565932239258
ROS1-25-0023,2018-04-30,0.6639791953212011,0.4168017658888989,-0.6268499379788468
ROS1-30-0013,2018-04-30,0.17032655735618163,0.08407600433055343,-0.294991392883318
ROS1-18-0024,2018-04-30,0.3151517603812014,0.17513330880960484,-0.4051991842919631
ROS1-19-0016,2018-04-30,0.6593582566424232,0.4268271585522674,-0.6222847912863042
ROS1-24-0034,2018-04-30,0.6497340304689098,0.42374740722869375,-0.6223383659950176
ROS1-25-0002,2018-04-30,0.1782492172250215,0.08447103354605044,-0.3013032963869352
ROS1-30-0014,2018-04-30,0.43058808326459563,0.2398665095913775,-0.4804500744815761
ROS1-18-0009,2018-04-30,0.3134154214062637,0.14861260047775945,-0.3807167047384612
ROS1-24-0023,2018-04-30,0.24421300559739964,0.1369621059323721,-0.35926783403560725
ROS1-18-0030,2018-05-16,0.8261657355270773,0.6602392192016943,-0.770290429859278
ROS1-24-0006,2018-05-16,0.7685087787239103,0.5045289742913428,-0.7028145829274033
ROS1-25-0023,2018-05-16,0.7634645414730812,0.564534203454124,-0.6968474721680565
ROS1-30-0013,2018-05-16,0.21675521629836553,0.11742335945332952,-0.33446547412234123
ROS1-18-0024,2018-05-16,0.4623107485865834,0.28528784388275374,-0.49495449872210334
ROS1-19-0016,2018-05-16,0.8189085634362159,0.6308529220356697,-0.7415246544500628
ROS1-24-0034,2018-05-16,0.7693216428425285,0.5369420908725431,-0.7192377302312911
ROS1-25-0002,2018-05-16,0.19094848110572296,0.0865585481522295,-0.31582898185018043
ROS1-30-0014,2018-05-16,0.4793874899420445,0.2674118985467578,-0.5072027598030042
ROS1-18-0009,2018-05-16,0.44273271225133215,0.2516719505676163,-0.4736762125233218
ROS1-24-0023,2018-05-16,0.48167825885356064,0.27663145219923974,-0.4762203825288167
ROS1-18-0030,2018-06-01,0.5936153517424494,0.25515900616673565,-0.5691568530529026
ROS1-25-0023,2018-06-01,0.6505596100604422,0.4263663054261699,-0.6120590576486622
ROS1-25-0002,2018-06-01,0.2271547999477329,0.13288376123275525,-0.3300642565301307
ROS1-30-0014,2018-06-01,0.21420304391783032,0.15573120127141205,-0.3112587107353819
ROS1-18-0009,2018-06-01,0.46965356739486824,0.34848102959186117,-0.471223387360622
ROS1-18-0030,2018-07-19,0.12062439661132367,0.10788332642674976,-0.26237492454392924
ROS1-18-0009,2018-07-19,0.3043518645634415,0.23112420883331777,-0.3446269951492024
ROS1-24-0006,2018-08-04,0.10631504324657677,0.10357157234083875,-0.1783352329813551
ROS1-18-0024,2018-08-04,0.20614656327663636,0.14486336985746862,-0.3319497064386762
ROS1-19-0016,2018-08-04,0.16259448349628267,0.10330582217085331,-0.26889465173328597
ROS1-18-0009,2018-08-04,0.2801127881931547,0.15734556260368798,-0.3394959068322986
ROS1-18-0030,2018-08-20,0.131525163830063,0.06980115955475304,-0.2372798051964438
ROS1-24-0006,2018-08-20,0.1394512318054557,0.0981673059467147,-0.2706682647461645
ROS1-25-0023,2018-08-20,0.1268780346059526,0.09112223675853902,-0.2810099299705608
ROS1-30-0013,2018-08-20,0.1649682931739325,0.09108909055913197,-0.28424042548906914
ROS1-18-0024,2018-08-20,0.17894776929599582,0.11658775867968595,-0.29590664195274813
ROS1-19-0016,2018-08-20,0.15654714491648983,0.09877614409405673,-0.25573259173090007
ROS1-24-0034,2018-08-20,0.14693952541250355,0.07341879361352341,-0.2562723706484857
ROS1-25-0002,2018-08-20,0.23534025322472515,0.12822335761010412,-0.339274139438835
ROS1-30-0014,2018-08-20,0.15918515827763097,0.08941812598935374,-0.28856364467135603
ROS1-18-0009,2018-08-20,0.1961602815973383,0.09903776110261119,-0.29782805306053345
ROS1-24-0023,2018-08-20,0.1356886651102401,0.09442008691774673,-0.2782779286102878
ROS1-18-0030,2018-09-05,0.11644784758712962,0.060240319067549675,-0.2245857500343707
ROS1-24-0006,2018-09-05,0.14182243740346753,0.08051421777249812,-0.26594246941536853
ROS1-25-0023,2018-09-05,0.11707651600905168,0.0653802668220349,-0.24447154998881868
ROS1-30-0013,2018-09-05,0.14913670406364996,0.08165078388911315,-0.2748795695663392
ROS1-18-0024,2018-09-05,0.15122323244667313,0.09793867753950058,-0.2707699816520315
ROS1-19-0016,2018-09-05,0.13448977591463593,0.08408157253674486,-0.24116568281444928
ROS1-24-0034,2018-09-05,0.12816960777962272,0.06264758957436045,-0.23695513407137675
ROS1-25-0002,2018-09-05,0.18499804004760653,0.10000256256093852,-0.307477291896082
ROS1-30-0014,2018-09-05,0.14786531450082413,0.0745942669949025,-0.2802314832726848
ROS1-18-0009,2018-09-05,0.13220946395926853,0.06647817349651211,-0.23154977904829877
ROS1-24-0023,2018-09-05,0.1277337753070891,0.0899418234749263,-0.2667137845096361
ROS1-18-0030,2018-09-21,0.11959557287473052,0.057111837855064976,-0.2336246089452321
ROS1-24-0006,2018-09-21,0.14435341585339517,0.08874092211362532,-0.2781553436413212
ROS1-25-0023,2018-09-21,0.12225104426150261,0.07034635465684365,-0.2525868402493472
ROS1-30-0013,2018-09-21,0.15408428761106405,0.08544505511634401,-0.29683074339789817
ROS1-18-0024,2018-09-21,0.14252411866393988,0.07502171716680237,-0.25832310371132094
ROS1-19-0016,2018-09-21,0.15081996826157038,0.09062650324791882,-0.25083657240675233
ROS1-24-0034,2018-09-21,0.1380887269769243,0.06945404881803893,-0.25200210660953626
ROS1-25-0002,2018-09-21,0.14331246002689818,0.06293670269466331,-0.25554957227409303
ROS1-30-0014,2018-09-21,0.15016521054899187,0.07630013623789722,-0.28217202290746884
ROS1-18-0009,2018-09-21,0.13941029501771324,0.059390218869817775,-0.23625761163865863
ROS1-24-0023,2018-09-21,0.1334119721299494,0.08927388182893622,-0.2739139422403169
ROS1-18-0030,2018-10-07,0.13295819013922816,0.059728231013628105,-0.23644661146453175
ROS1-24-0006,2018-10-07,0.15068294734508628,0.0917448220525476,-0.28873511950135744
ROS1-25-0023,2018-10-07,0.16696110081267834,0.08763960930778454,-0.29517701984282063
ROS1-30-0013,2018-10-07,0.16144438307436676,0.0882516552566164,-0.3018137442924754
ROS1-18-0024,2018-10-07,0.16769231206492327,0.08290863451182326,-0.278170448284113
ROS1-19-0016,2018-10-07,0.1554312291798458,0.07973976390646344,-0.2638737096364589
ROS1-24-0034,2018-10-07,0.15458069719570583,0.06474948221874591,-0.26441010898912604
ROS1-25-0002,2018-10-07,0.16806391656628555,0.07176064974298853,-0.29807236208465904
ROS1-30-0014,2018-10-07,0.171663059107971,0.08378481444709658,-0.30244732955923853
ROS1-18-0009,2018-10-07,0.16014367559773687,0.06276878799720607,-0.25501666677987195
ROS1-24-0023,2018-10-07,0.1390399497922178,0.08625750380382186,-0.2755885007053507
ROS1-24-0006,2018-10-23,0.10761255065605949,0.04688676589303133,-0.16398544712782973
ROS1-30-0014,2018-10-23,0.10177357101491896,0.08642169190627991,-0.1548252473460602
ROS1-22-0006,2018-04-21,0.5877318795767125,0.4091239968209011,-0.61115435791838
ROS1-29-0008,2018-05-07,0.2392037634797756,0.13942502131194098,-0.3249890331235871
ROS1-22-0006,2018-05-07,0.778952572376718,0.5568104928947435,-0.7469443077323492
ROS1-29-0008,2018-06-08,0.23374073011679627,0.07818277610008983,-0.3617212345614858
ROS1-22-0006,2018-06-08,0.7701383767532779,0.6101765892316405,-0.7330145654965071
ROS1-29-0008,2018-07-10,0.22225681305090939,0.07646390642019299,-0.3439306340582614
ROS1-29-0008,2018-07-26,0.21934663783335628,0.09721216681974618,-0.2865482635815702
ROS1-29-0008,2018-08-27,0.18958652909061366,0.06585090142043436,-0.30437246929388434
ROS1-22-0006,2018-08-27,0.2476035641118648,0.11466102757263044,-0.3454617900825918
ROS1-29-0008,2018-09-12,0.209038462992681,0.07754275637503699,-0.3083052787226444
ROS1-22-0006,2018-09-12,0.24537405390353417,0.12540084693808923,-0.3441684685712649
ROS1-22-0006,2018-09-28,0.22029860689413402,0.1713208296458586,-0.293856113789698
ROS1-29-0008,2018-10-14,0.8077675579823903,0.4768791545764061,-0.7361765456907283
ROS1-22-0006,2018-10-14,0.20367985124542984,0.08671513219711525,-0.3196967585969822
ROS1-16-0006,2018-04-21,0.15352138798505918,0.08051824376937611,-0.21458280981120265
ROS1-21-0043,2018-04-21,0.31941107572250993,0.20777100814072955,-0.3612122213081088
ROS1-22-0026,2018-04-21,0.45855506259474604,0.33712456991322703,-0.47310592447111194
ROS1-28-0030,2018-04-21,0.4818914821749034,0.2467967890374742,-0.5076857621865889
ROS1-15-0006,2018-04-21,0.2640248548775491,0.18049703731821853,-0.3633732276298442
ROS1-21-0036,2018-04-21,0.35265087248487353,0.11368527175056291,-0.3872852373479454
ROS1-22-0006,2018-04-21,0.5792627195146176,0.40178848895780733,-0.5936120670456986
ROS1-28-0013,2018-04-21,0.17857408304541447,0.07922623941370778,-0.28884326221068163
ROS1-21-0000,2018-04-21,0.17840069422236304,0.08078352455916427,-0.27112598515660397
ROS1-15-0022,2018-04-21,0.19690146053774846,0.09237152178442228,-0.3243455408136608
ROS1-16-0004,2018-04-21,0.26815910210060506,0.113779201267581,-0.32315236126803826
ROS1-22-0006,2018-05-07,0.7683671631241774,0.5546370548702437,-0.7252210197479748
ROS1-16-0004,2018-05-07,0.5415488733143422,0.31296392263420325,-0.5274403324026071
ROS1-21-0043,2018-05-23,0.32592536406470596,0.2661252808277932,-0.32313261852809594
ROS1-26-0036,2018-05-23,0.27352805623239895,0.3401201065181127,-0.27114922969847177
ROS1-27-0021,2018-05-23,0.2914925015126898,0.30492008511583524,-0.31237600486565376
ROS1-27-0005,2018-05-23,0.2878673252345852,0.3633254146320005,-0.3015912411681111
ROS1-21-0000,2018-05-23,0.2527279892018518,0.31600055003022715,-0.27584251636354223
ROS1-16-0006,2018-06-08,0.26859195483491594,0.09096019150429403,-0.3249828010459145
ROS1-22-0006,2018-06-08,0.757296990387459,0.6033493642887662,-0.705854720560393
ROS1-15-0022,2018-06-08,0.5420492569186938,0.4096756357768571,-0.5410898396328528
ROS1-16-0004,2018-06-08,0.7747827596913028,0.5704369401164909,-0.7052187836261464
ROS1-28-0030,2018-06-24,0.2337330102359486,0.1880803046192942,-0.3566775816225789
ROS1-28-0013,2018-06-24,0.39406004435143044,0.31581992504601564,-0.424651596114294
ROS1-15-0003,2018-07-10,0.5715970470141476,0.4050653824570773,-0.581861553609764
ROS1-16-0006,2018-07-10,0.7586426774349345,0.597682381811134,-0.6990231512541828
ROS1-21-0043,2018-07-10,0.14299146179456965,0.10425796581064384,-0.3008662734117845
ROS1-22-0026,2018-07-10,0.15072919845267954,0.0902034443358974,-0.27998224890744855
ROS1-26-0036,2018-07-10,0.1619514390921624,0.09848812466907458,-0.30226069622464563
ROS1-28-0030,2018-07-10,0.14785897553357946,0.11990194739036186,-0.3269806809101468
ROS1-15-0006,2018-07-10,0.6083513244515932,0.4350239808237989,-0.6037730056741498
ROS1-21-0036,2018-07-10,0.13631663769482935,0.1083665092905922,-0.2978765047826495
ROS1-28-0013,2018-07-10,0.5844495548874324,0.32989155339855175,-0.5669755559706986
ROS1-21-0000,2018-07-10,0.20755425620256024,0.11772940001863319,-0.31097116710186395
ROS1-15-0022,2018-07-10,0.6573510225065251,0.4418173423802071,-0.6222463474046286
ROS1-16-0004,2018-07-10,0.39362373585174876,0.2522865642645237,-0.487650249339758
ROS1-15-0003,2018-08-11,0.7875872210854418,0.6217532579453645,-0.7326391123312942
ROS1-16-0006,2018-08-11,0.7842910303942117,0.6480647573906415,-0.6974314130970655
ROS1-21-0043,2018-08-11,0.3339953416631155,0.207491005755979,-0.41820845799081957
ROS1-22-0026,2018-08-11,0.35064481434958744,0.19490625294437156,-0.4251951894540858
ROS1-26-0036,2018-08-11,0.43165801191863745,0.24427660300043227,-0.49352229756478233
ROS1-28-0030,2018-08-11,0.21871566214456759,0.14417565900375387,-0.35352305357118347
ROS1-15-0006,2018-08-11,0.5126195622346553,0.30281629562492396,-0.5476761410031465
ROS1-21-0036,2018-08-11,0.33850762620576424,0.2328514708021539,-0.43632380347217564
ROS1-22-0006,2018-08-11,0.22113347288688825,0.10018253421916523,-0.3369544799227929
ROS1-27-0005,2018-08-11,0.3545318500657503,0.18100854759834303,-0.4500991806350338
ROS1-28-0013,2018-08-11,0.530882002005756,0.3284384493314057,-0.5008073429350061
ROS1-21-0000,2018-08-11,0.24335479590893574,0.12428230151485982,-0.38301167875989534
ROS1-15-0022,2018-08-11,0.6098282012433144,0.37885756926585523,-0.5790794086240462
ROS1-16-0004,2018-08-11,0.4991039755054239,0.32227020174959314,-0.5267766263784761
ROS1-15-0003,2018-08-27,0.6680583012870304,0.47022740858320805,-0.6198788730511972
ROS1-16-0006,2018-08-27,0.5909043968060584,0.4129915865321659,-0.5286705592820724
ROS1-21-0043,2018-08-27,0.3262275608948606,0.21303271809964186,-0.4028241577986515
ROS1-22-0026,2018-08-27,0.1589272837979694,0.0762235906077954,-0.27392493194168493
ROS1-26-0036,2018-08-27,0.34311227496724406,0.2194710159613096,-0.43296507754550734
ROS1-27-0021,2018-08-27,0.4202835444267111,0.24133736214636334,-0.48707218491251847
ROS1-15-0006,2018-08-27,0.3424685279752753,0.19900847057132096,-0.4363675751586705
ROS1-21-0036,2018-08-27,0.21684031712523233,0.08502337570876714,-0.3133982388464863
ROS1-22-0006,2018-08-27,0.23270386919573366,0.10884917696155785,-0.3162057205140065
ROS1-27-0005,2018-08-27,0.3920701828910362,0.21680230063816025,-0.4533266934712721
ROS1-28-0013,2018-08-27,0.245280212569459,0.12677839108640765,-0.3437262864389908
ROS1-21-0000,2018-08-27,0.2699681272578415,0.1614060130711995,-0.38204356688490354
ROS1-15-0022,2018-08-27,0.3048120659054712,0.14589018510801394,-0.40079859662038936
ROS1-16-0004,2018-08-27,0.4151663537737295,0.2719749034388199,-0.46438192851452786
ROS1-15-0003,2018-09-12,0.32894170495134223,0.13762689831795577,-0.36743786183232324
ROS1-16-0006,2018-09-12,0.2538877085509085,0.1262601548731952,-0.3608549023664136
ROS1-21-0043,2018-09-12,0.1568412510101006,0.054770187550624384,-0.25691411866780667
ROS1-22-0026,2018-09-12,0.15336056645052412,0.06864075352982496,-0.2760430861639096
ROS1-28-0030,2018-09-12,0.22451965522734718,0.14794396239548263,-0.36231017704687724
ROS1-15-0006,2018-09-12,0.2866361066235911,0.1576000098395038,-0.42771877716366263
ROS1-21-0036,2018-09-12,0.15360288544804315,0.05112001852611035,-0.26262172126110633
ROS1-22-0006,2018-09-12,0.23420469749607387,0.12079290026153511,-0.3202145734864289
ROS1-28-0013,2018-09-12,0.20405843397189527,0.0956205164469529,-0.3521778029095716
ROS1-21-0000,2018-09-12,0.20914592022714698,0.07442324077546422,-0.3057109700324815
ROS1-15-0022,2018-09-12,0.21884296258496114,0.12998462842107242,-0.31955028318863155
ROS1-16-0004,2018-09-12,0.3277937944923576,0.20589495065379704,-0.4254087342589344
ROS1-15-0003,2018-09-28,0.24630263627150673,0.10956296067943247,-0.3689705903544681
ROS1-16-0006,2018-09-28,0.22115297181645974,0.09004748043618883,-0.3496102342984778
ROS1-21-0043,2018-09-28,0.16363298295795387,0.050557428665778885,-0.26633216135308446
ROS1-26-0036,2018-09-28,0.23946379869376438,0.1287520492460306,-0.35606889951072285
ROS1-27-0021,2018-09-28,0.3734515487057939,0.19242804254161286,-0.4426268514977995
ROS1-28-0030,2018-09-28,0.1879445773684068,0.050311307735821036,-0.29600171414243526
ROS1-15-0006,2018-09-28,0.1759136775469742,0.15751298281025597,-0.2661051179662394
ROS1-21-0036,2018-09-28,0.16509297926683675,0.048005604399764826,-0.25814216190923867
ROS1-22-0006,2018-09-28,0.25837873805847605,0.17272179190857892,-0.3179304733657863
ROS1-27-0005,2018-09-28,0.43425548686100757,0.2522054109538365,-0.4882049649451545
ROS1-28-0013,2018-09-28,0.23817228672574633,0.13769540906839375,-0.3253674377791353
ROS1-21-0000,2018-09-28,0.20211959049978256,0.09177342756762798,-0.31259112426203356
ROS1-15-0022,2018-09-28,0.21597105207767606,0.09888768075353137,-0.34761375162321656
ROS1-16-0004,2018-09-28,0.34455907003210584,0.19792272254386928,-0.4311638939367726
ROS1-16-0006,2018-10-14,0.1769635303168065,0.08945541582564136,-0.27855925092132516
ROS1-22-0026,2018-10-14,0.17071402542451428,0.0788474656811374,-0.25974421151770277
ROS1-26-0036,2018-10-14,0.17908025037732392,0.0914990692979309,-0.29194032063681785
ROS1-27-0021,2018-10-14,0.16523485572858393,0.07202350134973129,-0.25391054692733284
ROS1-28-0030,2018-10-14,0.1900580319276934,0.0873977399292851,-0.25639073872495155
ROS1-15-0006,2018-10-14,0.27196519446305706,0.16223872469358488,-0.39723108789600986
ROS1-21-0036,2018-10-14,0.1529031242243407,0.05316327628942686,-0.2754592456859445
ROS1-22-0006,2018-10-14,0.18461001726864143,0.08018813645278533,-0.2745087094418204
ROS1-27-0005,2018-10-14,0.3285600187522518,0.20220383593738683,-0.3838062234966487
ROS1-15-0022,2018-10-14,0.19044176634112917,0.0826178933564148,-0.30721085412719606
ROS1-16-0004,2018-10-14,0.2334128507759264,0.13396217676237795,-0.34522308737116947
ROS1-07-0018,2018-04-05,0.3888462415056111,0.18748518092690597,-0.41839792447064034
ROS1-13-0013,2018-04-05,0.17507593399908744,0.08078044336804845,-0.2781889852318425
ROS1-18-0030,2018-04-05,0.23052636139515897,0.10135230572395576,-0.2534800102181809
ROS1-07-0005,2018-04-05,0.4823369849737288,0.26233998056232216,-0.4844586307512321
ROS1-08-0022,2018-04-05,0.15872434126123042,0.0504523739615631,-0.22706698470265868
ROS1-13-0005,2018-04-05,0.17796114015066022,0.06779278146919968,-0.27345881549491075
ROS1-07-0018,2018-04-21,0.36386456640730014,0.4132991708180617,-0.3591818693920364
ROS1-13-0013,2018-04-21,0.19899000434220832,0.09992603702639981,-0.2980849636123071
ROS1-18-0030,2018-04-21,0.553916621785025,0.3057838523726889,-0.5583165662958479
ROS1-19-0016,2018-04-21,0.5784608126995722,0.35970408138565413,-0.5675596241922779
ROS1-07-0005,2018-04-21,0.7547558041444622,0.5036747154070933,-0.6894558533856364
ROS1-08-0022,2018-04-21,0.18128089557741012,0.08609703655272873,-0.24593527205768598
ROS1-14-0002,2018-04-21,0.1756098397607734,0.07046753915850826,-0.2825979400933348
ROS1-07-0018,2018-05-07,0.5895223682429755,0.5876011845570047,-0.5437054862676189
ROS1-07-0018,2018-06-08,0.7709801730825635,0.5984737726892166,-0.7203252690661857
ROS1-13-0013,2018-06-08,0.19406005020212277,0.09374001670586515,-0.3021421788530031
ROS1-18-0030,2018-06-08,0.742898265993794,0.5055967251080157,-0.7170907311400753
ROS1-19-0037,2018-06-08,0.6383841294295666,0.4046224624234584,-0.6240906398410785
ROS1-19-0016,2018-06-08,0.6912492661958591,0.4560659943054162,-0.6676059878356603
ROS1-18-0009,2018-06-08,0.5729125402394949,0.3436507758923455,-0.5616933037358953
ROS1-07-0005,2018-06-08,0.7400051309263689,0.5614573320607293,-0.6955363547053123
ROS1-08-0022,2018-06-08,0.5119039476943514,0.25767103650667617,-0.5090715332782846
ROS1-13-0005,2018-06-08,0.7412258738296491,0.5533166713063018,-0.6742841547757084
ROS1-14-0002,2018-06-08,0.34955555356113993,0.18153162272303422,-0.42721870991252736
ROS1-18-0030,2018-06-24,0.2995345008097389,0.20407254946633854,-0.48462666224510614
ROS1-19-0037,2018-06-24,0.2767438721450187,0.2186507062864384,-0.41681329747552215
ROS1-19-0016,2018-06-24,0.2979581653398652,0.17203163907865002,-0.4483947428998748
ROS1-07-0018,2018-07-10,0.19231331046390396,0.14468627298038325,-0.37998148781593927
ROS1-13-0013,2018-07-10,0.15105495221133244,0.07925443904372399,-0.26083636626335377
ROS1-18-0030,2018-07-10,0.1508983567006778,0.12412298646634835,-0.3301675854167778
ROS1-19-0037,2018-07-10,0.14679451011512734,0.08281205568160736,-0.25952511390372623
ROS1-26-0036,2018-07-10,0.15146312853793437,0.09214319353084272,-0.2917562670478002
ROS1-19-0016,2018-07-10,0.17653188928764274,0.1382110333563018,-0.34217499248070643
ROS1-18-0009,2018-07-10,0.36490810037499777,0.23786682869395645,-0.4269654746063483
ROS1-07-0005,2018-07-10,0.2430107254788985,0.15780106450918457,-0.40377872858301217
ROS1-08-0022,2018-07-10,0.5820778334781074,0.3862258723413054,-0.5666390756453505
ROS1-13-0005,2018-07-10,0.2575154039696366,0.18895025531970688,-0.3905139267250064
ROS1-14-0002,2018-07-10,0.5817590356954467,0.3242975185010885,-0.5582964207793681
ROS1-07-0018,2018-07-26,0.1585503494237505,0.10432869085609213,-0.273092607223625
ROS1-13-0013,2018-07-26,0.16361441801078838,0.08590789769396234,-0.2602557697865983
ROS1-18-0030,2018-07-26,0.14329198722949837,0.07120370807700144,-0.24767410426105357
ROS1-19-0037,2018-07-26,0.20438662388421666,0.12801863338647354,-0.3075337703356029
ROS1-19-0016,2018-07-26,0.13033236327150818,0.07076672218108768,-0.22803487432257374
ROS1-18-0009,2018-07-26,0.40736329778222063,0.23533847160521543,-0.4113844512015278
ROS1-07-0005,2018-07-26,0.2319655619415657,0.15525015896181174,-0.3376136181947607
ROS1-08-0022,2018-07-26,0.5532325759556296,0.3645489902724435,-0.5515802368821545
ROS1-13-0005,2018-07-26,0.1853807192404797,0.08156050376415777,-0.2743588830631779
ROS1-07-0018,2018-08-27,0.16170873905925218,0.06748209220449237,-0.23479894749672292
ROS1-13-0013,2018-08-27,0.21191162877727363,0.11250982336663728,-0.2994740360403834
ROS1-18-0030,2018-08-27,0.12263315340906417,0.06112333773067362,-0.234050746662205
ROS1-19-0037,2018-08-27,0.1611989750990033,0.07134696912957815,-0.264814209268664
ROS1-19-0016,2018-08-27,0.1570382068699591,0.08994331836364067,-0.26675720039682255
ROS1-18-0009,2018-08-27,0.18480860733078258,0.08810331909154955,-0.28928629140252243
ROS1-07-0005,2018-08-27,0.13537060292634057,0.0820361623494838,-0.25740902444513397
ROS1-08-0022,2018-08-27,0.20178749821791986,0.11805713053733212,-0.3428894240752936
ROS1-13-0005,2018-08-27,0.17750130756809165,0.08260169107653721,-0.2605685375117464
ROS1-14-0002,2018-08-27,0.428851186621634,0.2559425403443099,-0.48351408367137516
ROS1-07-0018,2018-09-12,0.20750071303236817,0.07797421840512508,-0.262896437824822
ROS1-13-0013,2018-09-12,0.1761026518361615,0.08041190836720528,-0.270982690576185
ROS1-18-0030,2018-09-12,0.1332094611446845,0.06984839161347148,-0.2594234650526618
ROS1-19-0016,2018-09-12,0.1563666927789086,0.09443544150620983,-0.2665064833237986
ROS1-18-0009,2018-09-12,0.13587860964280465,0.06026519461239734,-0.2312674587079598
ROS1-07-0005,2018-09-12,0.14178196596107326,0.07857690209786314,-0.2641017061417766
ROS1-08-0022,2018-09-12,0.16470800948309916,0.11042199818903138,-0.32536332307264565
ROS1-13-0005,2018-09-12,0.1687191693767395,0.082299334639286,-0.24310487052315968
ROS1-14-0002,2018-09-12,0.26628882788550795,0.15782717760576526,-0.42180932569891993
ROS1-07-0018,2018-09-28,0.1746133215744501,0.0939223052965419,-0.21947532947455878
ROS1-19-0016,2018-09-28,0.15788455780041533,0.056740139900006724,-0.26123252261730306
ROS1-07-0005,2018-09-28,0.136388701229693,0.06588827373192678,-0.24712983498600202
ROS1-07-0018,2018-10-14,0.1643493951127557,0.05710311116636485,-0.24639441483179048
ROS1-13-0013,2018-10-14,0.1588912237878303,0.08115337112362954,-0.2690654971829492
ROS1-18-0030,2018-10-14,0.12930257064136944,0.054889538574958034,-0.24339471721442676
ROS1-19-0037,2018-10-14,0.31975183269816804,0.14648104301049586,-0.36379141473208215
ROS1-19-0016,2018-10-14,0.16522142248452737,0.08433312432621361,-0.2653102403370767
ROS1-18-0009,2018-10-14,0.1461435084688302,0.054736933407422264,-0.2532756618733609
ROS1-07-0005,2018-10-14,0.12989929655456964,0.0665407312103424,-0.24459114261163947
ROS1-08-0022,2018-10-14,0.1285999030816012,0.07325041001870092,-0.26247557796115184
ROS1-13-0005,2018-10-14,0.1824884402130789,0.07666258419612011,-0.2995857661970042
ROS1-14-0002,2018-10-14,0.13871119058903777,0.09095019243164348,-0.22994092248203496
ROS1-07-0018,2018-10-30,0.17666355361972697,0.05800259945289435,-0.2231362164246464
ROS1-18-0030,2018-10-30,0.12752396578251368,0.041788079081748815,-0.21920816565279336
ROS1-19-0037,2018-10-30,0.6114272208108075,0.32789133044366897,-0.5931710162961432
ROS1-19-0016,2018-10-30,0.2040475058756845,0.1094772556787119,-0.317658685807068
ROS1-18-0009,2018-10-30,0.1556788195189912,0.03773382027629176,-0.2621423948323469
ROS1-07-0005,2018-10-30,0.09927348748682738,0.03584257666486798,-0.16439064480513668
ROS1-13-0005,2018-10-30,0.36978750639507135,0.13475219580628897,-0.4201690556272576
ROS1-18-0030,2018-04-05,0.25862358757007814,0.10063959554873701,-0.28472749732904196
ROS1-07-0005,2018-04-05,0.488345670554111,0.26391577972486857,-0.4929059772379278
ROS1-13-0005,2018-04-05,0.17925758422682198,0.06821442512622497,-0.27727205185598464
ROS1-18-0030,2018-04-21,0.5615093048731234,0.3096510349353009,-0.5640244763020978
ROS1-07-0005,2018-04-21,0.7575276882598094,0.5073399315970575,-0.6890056853288195
ROS1-18-0030,2018-05-23,0.7259686779386507,0.564786040964441,-0.6844436854856453
ROS1-18-0030,2018-06-08,0.7436983010375315,0.5077776438403679,-0.718505127988541
ROS1-18-0024,2018-06-08,0.5348868548124531,0.32553451599100486,-0.5626975155363039
ROS1-18-0009,2018-06-08,0.5760841983402012,0.347033344888084,-0.5653890299507264
ROS1-07-0005,2018-06-08,0.7376337865146286,0.5607710823726298,-0.6929502678795535
ROS1-13-0005,2018-06-08,0.7433663814677268,0.5568866194031195,-0.6767035502518677
ROS1-18-0030,2018-06-24,0.2993241024994877,0.20333636762920335,-0.48423821426303326
ROS1-18-0030,2018-07-10,0.15049420553847298,0.1238091581941104,-0.33063623944493015
ROS1-18-0024,2018-07-10,0.1788330652819508,0.11918592950965755,-0.3273920455115384
ROS1-18-0009,2018-07-10,0.34249016384484837,0.22420982710641466,-0.4157202296685193
ROS1-07-0005,2018-07-10,0.2488223767295764,0.16213362180094731,-0.4026125174236086
ROS1-13-0005,2018-07-10,0.24057952253909423,0.17718664546146487,-0.37817145807895924
ROS1-18-0030,2018-07-26,0.14352633340451393,0.07151017273102991,-0.2462251433476728
ROS1-18-0024,2018-07-26,0.16155486924698026,0.09803149406272105,-0.2803536033561569
ROS1-18-0009,2018-07-26,0.4045188599884617,0.23201248591207477,-0.4109574562432303
ROS1-07-0005,2018-07-26,0.23281213417439178,0.1551362603297785,-0.33790146663177284
ROS1-13-0005,2018-07-26,0.1802355133852705,0.07883232009941692,-0.26935044877321923
ROS1-18-0030,2018-08-27,0.1254465921287657,0.06276140340202463,-0.23650050002441583
ROS1-18-0024,2018-08-27,0.1796978803898624,0.11099685524096593,-0.306136191534509
ROS1-18-0009,2018-08-27,0.18786011952187784,0.08954474809455258,-0.2923285669976392
ROS1-07-0005,2018-08-27,0.14542926390618413,0.0883892666746871,-0.26500874813957676
ROS1-13-0005,2018-08-27,0.1696972678802144,0.07813362860673462,-0.256442292692485
ROS1-18-0030,2018-09-12,0.13371313536820914,0.07013638045727758,-0.26079265565938625
ROS1-18-0024,2018-09-12,0.153848015148226,0.08096784632217753,-0.27295631037419216
ROS1-18-0009,2018-09-12,0.13916439430654143,0.06147314730628769,-0.23383313532911293
ROS1-07-0005,2018-09-12,0.14236841556203012,0.07862083871240887,-0.2671015458074943
ROS1-13-0005,2018-09-12,0.17384617004892888,0.08432871836284812,-0.2508031499322022
ROS1-18-0024,2018-09-28,0.09524257658843643,0.05235069983687449,-0.15589668591517053
ROS1-07-0005,2018-09-28,0.13259232679833857,0.06454210611702138,-0.24325604381291924
ROS1-13-0005,2018-09-28,0.14057441529101838,0.037951410547316475,-0.248526591961058
ROS1-18-0030,2018-10-14,0.12295101431669854,0.052571389195661074,-0.23788335496409846
ROS1-18-0024,2018-10-14,0.17908934337249868,0.0852293467847311,-0.2880342108667568
ROS1-18-0009,2018-10-14,0.14451528375551703,0.05439153895621463,-0.24999684022175117
ROS1-07-0005,2018-10-14,0.12833641826308193,0.06543879576995716,-0.245473730071655
ROS1-13-0005,2018-10-14,0.18095585073146028,0.07638088324629534,-0.2960524238697076
ROS1-18-0030,2018-10-30,0.11684867893308072,0.039800101592773814,-0.2013702138374294
ROS1-18-0024,2018-10-30,0.16854226971774616,0.06245075544845904,-0.2748514757051903
ROS1-18-0009,2018-10-30,0.1524524933386636,0.03710283919375575,-0.25379204074704775
ROS1-07-0005,2018-10-30,0.09706302253307775,0.038002605156210005,-0.18276076083666604
ROS1-22-0026,2018-04-12,0.29630068222103995,0.21053604643755872,-0.3533068122203963
ROS1-22-0006,2018-04-12,0.5703152419083056,0.3837198978936893,-0.5966428972866207
ROS1-16-0004,2018-04-12,0.28130593341377447,0.09723750993832966,-0.3594844324226984
ROS1-22-0026,2018-04-28,0.5765288776904235,0.2908956119439439,-0.5892284679013272
ROS1-22-0006,2018-04-28,0.4899742046698767,0.39542969961652696,-0.5173062766007972
ROS1-22-0026,2018-05-30,0.8529827901180616,0.5527630499042344,-0.8048385329076752
ROS1-22-0006,2018-05-30,0.8750561888002578,0.585626903369426,-0.8143662319687831
ROS1-16-0004,2018-05-30,0.759468635023897,0.4358558789797225,-0.7146781830847883
ROS1-22-0026,2018-06-15,0.6536537611311903,0.40360759108770555,-0.6530048814243367
ROS1-22-0006,2018-06-15,0.495081095225027,0.42729187282582415,-0.4905173024661309
ROS1-22-0026,2018-07-01,0.2931127509654679,0.1599037498649842,-0.49166314238522657
ROS1-22-0006,2018-07-01,0.2710632973879655,0.14660186491260838,-0.47944404004559077
ROS1-16-0004,2018-07-01,0.4751235345650197,0.26717778431638584,-0.5442454795339807
ROS1-22-0026,2018-08-18,0.2002928928413953,0.08684365532308726,-0.3232043322448561
ROS1-22-0006,2018-08-18,0.2642427880607713,0.11994738356437885,-0.3677076375170251
ROS1-16-0004,2018-08-18,0.4719068115763976,0.29783340104807965,-0.5173031437847783
ROS1-22-0026,2018-09-03,0.207812275681993,0.09677614875449209,-0.3175904246021376
ROS1-22-0006,2018-09-03,0.25554880382610506,0.14295355896379955,-0.3364515769176139
ROS1-16-0004,2018-09-03,0.39802161352354837,0.2556171417611954,-0.48114292851108936
ROS1-22-0026,2018-09-19,0.17059185446235725,0.07058254336086012,-0.3310512472653996
ROS1-22-0006,2018-09-19,0.24416818233105037,0.15017402106242808,-0.32795658882049467
ROS1-16-0004,2018-09-19,0.3149166351246278,0.1701300224780736,-0.430892758511377
ROS1-22-0026,2018-04-12,0.29906377467694184,0.21078307684698236,-0.3536011262930934
ROS1-14-0002,2018-04-12,0.17031648059275667,0.07228503177210092,-0.30185687757270974
ROS1-16-0004,2018-04-12,0.28183434485740394,0.09798699837362197,-0.3571638524904037
ROS1-15-0003,2018-04-28,0.19340771165299078,0.09988898164488894,-0.3158823936114825
ROS1-16-0006,2018-04-28,0.18048918786552062,0.07115677246515041,-0.2795408042064272
ROS1-21-0043,2018-04-28,0.5046813085707332,0.2782608250640984,-0.5273495231471645
ROS1-15-0006,2018-04-28,0.18929252527932383,0.14983161319298705,-0.2835164414687259
ROS1-21-0036,2018-04-28,0.4983181679589394,0.23549925278633446,-0.5239707698757363
ROS1-14-0002,2018-04-28,0.1928270462094721,0.07406945444778949,-0.3266085044195888
ROS1-15-0022,2018-04-28,0.19705803171752254,0.09528955767726327,-0.32680626979510524
ROS1-15-0003,2018-05-30,0.19695809091211697,0.0865146104024426,-0.33256020801478203
ROS1-16-0006,2018-05-30,0.20312146864544872,0.0848248809771822,-0.32936046400153196
ROS1-21-0043,2018-05-30,0.5805942599538327,0.3046178517871278,-0.5934179681422412
ROS1-22-0026,2018-05-30,0.8456363385249082,0.5476073538437457,-0.7873071327520935
ROS1-15-0006,2018-05-30,0.3015615443704653,0.18821026141145852,-0.39925158558155155
ROS1-21-0036,2018-05-30,0.6213072355865941,0.3342788318487703,-0.6227821413732587
ROS1-14-0002,2018-05-30,0.2925932045454127,0.1409197510418742,-0.3900461739602732
ROS1-15-0022,2018-05-30,0.4149135003285359,0.2427226508540142,-0.46078322978069736
ROS1-16-0004,2018-05-30,0.7458232883945881,0.42985677357019436,-0.6889849625325881
ROS1-15-0003,2018-06-15,0.21120341393951864,0.10624711017648189,-0.3318742252735811
ROS1-16-0006,2018-06-15,0.4051120061040182,0.20541538142520474,-0.4390345658635106
ROS1-21-0043,2018-06-15,0.31492899968671434,0.17402018681989412,-0.4242539004215505
ROS1-22-0026,2018-06-15,0.6463580910771066,0.3983546881476375,-0.6394670701593476
ROS1-15-0006,2018-06-15,0.33065114231240617,0.21196545901065947,-0.4188321461918749
ROS1-14-0002,2018-06-15,0.4306402895752466,0.20985570938057851,-0.470440356307674
ROS1-15-0022,2018-06-15,0.5965336464032774,0.3937933552661507,-0.5751543010349823
ROS1-15-0003,2018-07-01,0.47096074467481114,0.26522235547952877,-0.5011724094669612
ROS1-16-0006,2018-07-01,0.6830073411871402,0.4298187857402454,-0.6280018368535667
ROS1-21-0043,2018-07-01,0.1842067606143041,0.11519862584865383,-0.34228557736622234
ROS1-22-0026,2018-07-01,0.284959890827262,0.15548286300229316,-0.47558196237778955
ROS1-15-0006,2018-07-01,0.5807688304318153,0.428943251351918,-0.5772871707380867
ROS1-15-0022,2018-07-01,0.6682522904236069,0.44826195562913057,-0.6163256941391463
ROS1-16-0004,2018-07-01,0.437701901397396,0.2357832762961218,-0.4943359188602287
ROS1-15-0003,2018-07-17,0.18928788364980198,0.30611568223827906,-0.19653436468283597
ROS1-21-0043,2018-07-17,-0.26547324932064686,1.9035533500804682,0.20460792042231152
ROS1-15-0006,2018-07-17,0.20831551687514438,0.3521786925461359,-0.2339274736875188
ROS1-21-0036,2018-07-17,0.11360006386191765,0.08946881316471651,-0.22690346149821378
ROS1-14-0002,2018-07-17,-0.23838941949177986,2.6361974591696336,0.18081517157815907
ROS1-15-0022,2018-07-17,-0.090499962552207,1.4589202783674498,0.008131445676239562
ROS1-15-0003,2018-08-02,0.5093544582163956,0.31852735819154687,-0.4825907918478884
ROS1-21-0043,2018-08-02,0.28253752911670893,0.198413876303883,-0.3299337594756483
ROS1-15-0006,2018-08-02,0.6704460309710882,0.4591144045053632,-0.617279881686151
ROS1-15-0003,2018-08-18,0.7577723981492304,0.5739866271368833,-0.6997315050951104
ROS1-16-0006,2018-08-18,0.715566424966147,0.535394405281035,-0.621814917006404
ROS1-22-0026,2018-08-18,0.18543742688510115,0.08122012223614475,-0.2915210386625216
ROS1-15-0006,2018-08-18,0.40496594259292334,0.23124107677693254,-0.4590338014548322
ROS1-21-0036,2018-08-18,0.34163026473510455,0.22725955905221354,-0.4315075800092424
ROS1-14-0002,2018-08-18,0.5860820731955608,0.3513786199764774,-0.5746222254730896
ROS1-15-0022,2018-08-18,0.49842442433450285,0.29224293159941084,-0.48793546427895157
ROS1-16-0004,2018-08-18,0.4608322663851861,0.29120014685177353,-0.49478206460965046
ROS1-15-0003,2018-09-03,0.4464776923249185,0.2999006568355607,-0.43743814249101864
ROS1-16-0006,2018-09-03,0.36755562282244597,0.16713468532040154,-0.37242507577844736
ROS1-22-0026,2018-09-03,0.19429788121556957,0.09150673870303266,-0.28525558566291376
ROS1-15-0006,2018-09-03,0.302462424572818,0.16290183914542428,-0.4159037992095668
ROS1-16-0004,2018-09-03,0.3829977614612175,0.24811366653722605,-0.4519495446535812
ROS1-15-0003,2018-09-19,0.2753716649974737,0.12153676544988762,-0.38494742031901075
ROS1-16-0006,2018-09-19,0.277824362579759,0.09911820764283612,-0.42359238935227916
ROS1-21-0043,2018-09-19,0.1733207662033542,0.046151544917441646,-0.28893142247134435
ROS1-22-0026,2018-09-19,0.1539931478215154,0.06431702714470734,-0.2972335573273444
ROS1-15-0006,2018-09-19,0.3001354888860984,0.13571932683822494,-0.42509224172325677
ROS1-21-0036,2018-09-19,0.17432501230382008,0.04529059718812043,-0.28794642446237867
ROS1-14-0002,2018-09-19,0.2590646946876117,0.13802844398164002,-0.4393643194245572
ROS1-15-0022,2018-09-19,0.23763528664590805,0.10288843725312298,-0.38940042694855476
ROS1-16-0004,2018-09-19,0.30085249326004915,0.16352413921779513,-0.40288299465664795
ROS1-01-0031,2018-04-12,0.16043019266805345,0.06528362710206745,-0.226380606117576
ROS1-07-0018,2018-04-12,0.545311989493425,0.3090417161348711,-0.5367299974704379
ROS1-13-0013,2018-04-12,0.17611946518416077,0.08210816477596965,-0.2629496315319149
ROS1-01-0005,2018-04-12,0.21930186797017928,0.09550165047583502,-0.28791144494836496
ROS1-07-0005,2018-04-12,0.6252778967160181,0.38132280995299084,-0.5889599376769551
ROS1-14-0002,2018-04-12,0.1444144148305815,0.06266098613379828,-0.24280848064564609
ROS1-01-0031,2018-04-28,0.25400464471108636,0.09048663172861067,-0.30685516876240004
ROS1-07-0018,2018-04-28,0.8319044717351386,0.5801590815089942,-0.7555713335401801
ROS1-13-0013,2018-04-28,0.21274583983811612,0.08927320569778445,-0.3056830216963882
ROS1-01-0005,2018-04-28,0.3512131709882084,0.16547281965421617,-0.37469110178914034
ROS1-07-0005,2018-04-28,0.8679795450610797,0.6048307588950268,-0.7902192019782041
ROS1-08-0022,2018-04-28,0.18445627503794354,0.06756960344289827,-0.27484762024421155
ROS1-14-0002,2018-04-28,0.1828880634463566,0.07075889626999482,-0.3059518098993666
ROS1-01-0031,2018-05-30,0.6371132938081325,0.37392527141995346,-0.5943862036837618
ROS1-07-0018,2018-05-30,0.8218525472768676,0.5546910589871656,-0.7701433561972919
ROS1-13-0013,2018-05-30,0.27507012103129713,0.12249610542641094,-0.36401895425811437
ROS1-01-0005,2018-05-30,0.5780370431613056,0.3404693300585411,-0.5543342913087219
ROS1-07-0005,2018-05-30,0.8452465069490026,0.611406289476436,-0.7757757774280164
ROS1-08-0022,2018-05-30,0.37044660329251633,0.17213004585078906,-0.41504963880989576
ROS1-14-0002,2018-05-30,0.2849828080514031,0.13741767795965976,-0.3750441531437713
ROS1-01-0031,2018-06-15,0.5565624798573331,0.3362170335968955,-0.541467482311612
ROS1-07-0018,2018-06-15,0.5549428565870727,0.3802219739505314,-0.5933838142153292
ROS1-01-0005,2018-06-15,0.4280076108435468,0.25154855767729023,-0.47723953849224404
ROS1-07-0005,2018-06-15,0.4331901348533214,0.2693668623350483,-0.5240958772929232
ROS1-08-0022,2018-06-15,0.596953754061043,0.314948913084098,-0.5759519237602366
ROS1-14-0002,2018-06-15,0.4302131940017165,0.20931480571342181,-0.4721101425753399
ROS1-01-0031,2018-07-01,0.22105442428878122,0.13400231402737872,-0.3568574090656967
ROS1-07-0018,2018-07-01,0.26730473451822684,0.16578011284475516,-0.484642515540939
ROS1-01-0005,2018-07-01,0.21920570196350186,0.13398241623989599,-0.35802658523783465
ROS1-07-0005,2018-07-01,0.2568733785414625,0.15624558137190145,-0.4310176203447705
ROS1-08-0022,2018-07-01,0.6763548044710348,0.3981072123313746,-0.6415058133055278
ROS1-01-0031,2018-07-17,0.25516159933558324,0.1682432916170733,-0.36290239187240836
ROS1-07-0018,2018-07-17,0.16539754682061567,0.11441216476997765,-0.32745816932268906
ROS1-01-0005,2018-07-17,0.18989273387079555,0.0951422935582602,-0.2775392401151311
ROS1-07-0005,2018-07-17,0.21648621666748055,0.1670842297116105,-0.3841914826125645
ROS1-08-0022,2018-07-17,0.6012140433767855,0.4084442899044375,-0.5675556903328338
ROS1-01-0031,2018-08-02,0.42795274534658284,0.2516665634862094,-0.4706141289007192
ROS1-07-0018,2018-08-02,0.2011031433336924,0.06148439018707239,-0.2885379122447697
ROS1-13-0013,2018-08-02,0.18854363865891682,0.07027175208433344,-0.2726132436238993
ROS1-01-0005,2018-08-02,0.23135125708944204,0.08926165473097764,-0.3221068240399657
ROS1-07-0005,2018-08-02,0.2739777823929318,0.17475242101669278,-0.3837255733500601
ROS1-08-0022,2018-08-02,0.4911784369471646,0.27135539547187476,-0.4993312023714701
ROS1-01-0031,2018-08-18,0.28849028610173416,0.18067394209170332,-0.3732065943360025
ROS1-07-0018,2018-08-18,0.1626111300930855,0.06256507914000657,-0.22739606323845693
ROS1-13-0013,2018-08-18,0.24136925249942948,0.12214611973515532,-0.31442811968160755
ROS1-01-0005,2018-08-18,0.1557341170019694,0.07188448636748568,-0.24444011902671048
ROS1-07-0005,2018-08-18,0.2554378053369711,0.16751700354594207,-0.3706291754977166
ROS1-08-0022,2018-08-18,0.26250292405354153,0.13781778875537296,-0.3822375692207519
ROS1-14-0002,2018-08-18,0.5796651896666525,0.3468782434075471,-0.5627175078504926
ROS1-01-0031,2018-09-19,0.42393722614296625,0.24033166888460208,-0.4422708150188378
ROS1-07-0018,2018-09-19,0.22651868206892714,0.07372122804921453,-0.28670384988590086
ROS1-13-0013,2018-09-19,0.16873018256273767,0.07703467441922802,-0.28099313050545344
ROS1-01-0005,2018-09-19,0.15583202804494242,0.060020327639919255,-0.23858463595851606
ROS1-07-0005,2018-09-19,0.13783771531292974,0.06842040933477753,-0.2579850518097825
ROS1-08-0022,2018-09-19,0.16000855110160225,0.07384907654112215,-0.3011652897410134
ROS1-14-0002,2018-09-19,0.25120945974075615,0.1342406973367273,-0.42422195557882353
ROS1-01-0031,2018-10-05,0.3871474659645245,0.20738744935567294,-0.42411096558699163
ROS1-13-0013,2018-10-05,0.18124182778930514,0.09070219264198835,-0.263634537228537
ROS1-01-0005,2018-10-05,0.1667872397975482,0.0661503186522489,-0.2589182109649294
ROS1-01-0005,2018-05-05,0.4178511993782953,0.2183384470396536,-0.4142434409829328
ROS1-01-0005,2018-06-06,0.5531877720694824,0.3232468523272581,-0.5475676548913742
ROS1-01-0005,2018-06-22,0.395826286076097,0.22634615802600605,-0.45928344637682367
ROS1-01-0005,2018-07-08,0.20140807974395517,0.12037029247147601,-0.3257285246880868
ROS1-01-0005,2018-08-09,0.16886963384648465,0.06484500603243398,-0.2829951333550033
ROS1-01-0005,2018-08-25,0.17795178875526252,0.07970111760093408,-0.2549410227515773
ROS1-01-0005,2018-09-10,0.14687807366271788,0.08759382611029387,-0.1784010006872528
ROS1-01-0005,2018-09-26,0.1930110239102374,0.08382649862565496,-0.2622393968034748
ROS1-01-0005,2018-10-12,0.1750179311948901,0.06126208471058333,-0.2589904280370835
ROS1-49-0003,2018-04-08,0.35426706259880253,0.1805065344452415,-0.4066260806892254
ROS1-43-0016,2018-04-08,0.4987564986902345,0.2900376901279577,-0.5415711870041912
ROS1-49-0012,2018-04-08,0.1950567640483763,0.09213754470777047,-0.3303113440318428
ROS1-49-0003,2018-04-24,0.48784038765205784,0.2646096887187081,-0.5053748555346941
ROS1-43-0016,2018-04-24,0.5532357881399352,0.32052523082190354,-0.5909412316379354
ROS1-49-0012,2018-04-24,0.20016255864007793,0.09395022136010288,-0.3520132704604857
ROS1-43-0016,2018-05-10,0.68350319333009,0.5369109971359641,-0.635017562800039
ROS1-49-0003,2018-05-26,0.39394999192044217,0.24543257112655714,-0.46403692610290553
ROS1-43-0016,2018-05-26,0.4786916990117785,0.30973185639794176,-0.5645869450571764
ROS1-49-0012,2018-05-26,0.1886157148027948,0.10187912884096233,-0.3305789486524614
ROS1-49-0003,2018-06-11,0.32453231518349906,0.18775586078778664,-0.4429315170224613
ROS1-43-0016,2018-06-11,0.2870272118331554,0.17540367569693793,-0.49828471328712937
ROS1-49-0012,2018-06-11,0.18967124360718224,0.11881215081066156,-0.32728611922358813
ROS1-49-0003,2018-06-27,0.27709420833900383,0.16965683070243667,-0.399889417205006
ROS1-43-0016,2018-06-27,0.23994022351732072,0.15495034997634333,-0.4341963331484416
ROS1-49-0012,2018-06-27,0.16856631128581323,0.09460514542811249,-0.31818530172209036
ROS1-49-0003,2018-07-13,0.29894904047272214,0.17144858838543955,-0.3999416509031392
ROS1-43-0016,2018-07-13,0.16433212947089385,0.1265404909318794,-0.3146768017825854
ROS1-49-0012,2018-07-13,0.1852221795078283,0.1178703747951573,-0.3340406568993921
ROS1-49-0003,2018-08-14,0.289960585546495,0.17245033348887928,-0.3877882554531757
ROS1-43-0016,2018-08-14,0.17226810138579646,0.12389115874851751,-0.3104761222300229
ROS1-49-0012,2018-08-14,0.22502725034286586,0.12705883801772827,-0.3597105519271984
ROS1-49-0003,2018-08-30,0.2503291793279379,0.1378179487935786,-0.3511423004987167
ROS1-43-0016,2018-08-30,0.15894149045988432,0.1155610016897575,-0.28479481340972695
ROS1-49-0003,2018-09-15,0.26568963243151833,0.16901428165273694,-0.3816634915597267
ROS1-49-0012,2018-09-15,0.1761539670475224,0.09659758994349996,-0.2922550891163735
ROS1-49-0003,2018-10-01,0.37320252042984664,0.24556982801260543,-0.4237813211242397
ROS1-43-0016,2018-10-01,0.1729339055858909,0.10336675360380691,-0.3187091684411455
ROS1-49-0012,2018-10-01,0.2618703359730388,0.18520850276573286,-0.36813402890737235
ROS1-49-0003,2018-10-17,0.4633366315189214,0.2752625132225508,-0.5010971603217625
ROS1-43-0016,2018-10-17,0.1641049881753005,0.09447673637048311,-0.31703143765828
ROS1-49-0012,2018-10-17,0.5135027296315179,0.35307557709059484,-0.5405191114993941
ROS1-42-0000,2018-04-08,0.3710086537118986,0.2198951667390293,-0.45454042940513495
ROS1-36-0005,2018-04-08,0.5591726552046039,0.3397039131504566,-0.5749061671907137
ROS1-42-0016,2018-04-08,0.18033384687298,0.09989965344039187,-0.3290989669599996
ROS1-43-0016,2018-04-08,0.5010750903014218,0.2904700508070883,-0.5435245807692236
ROS1-42-0000,2018-04-24,0.5787173087716863,0.2774743481980889,-0.5817479859428248
ROS1-36-0005,2018-04-24,0.731690838453958,0.45249199717952954,-0.7066262416927137
ROS1-42-0016,2018-04-24,0.20131467244448248,0.09501605188947132,-0.35106049572632997
ROS1-43-0016,2018-04-24,0.5537474878062859,0.3218323943163527,-0.5907971986274073
ROS1-43-0016,2018-05-10,0.7186749954662568,0.5675646476696262,-0.6621710267264473
ROS1-42-0000,2018-05-26,0.805858088217096,0.5833837605152509,-0.7613987055302848
ROS1-36-0005,2018-05-26,0.7815450116662263,0.5841737089633974,-0.7562171623508115
ROS1-42-0016,2018-05-26,0.20547969866048257,0.1117659756845951,-0.34744939940371083
ROS1-43-0016,2018-05-26,0.47805902075319984,0.3095087225170083,-0.5647274817881591
ROS1-42-0000,2018-06-11,0.5440241560114562,0.36112691221644877,-0.6041469347555127
ROS1-42-0016,2018-06-11,0.18879461791838756,0.10449483871491613,-0.33597867222542077
ROS1-43-0016,2018-06-11,0.2883118918822813,0.17665367018615838,-0.49915165814485957
ROS1-42-0000,2018-06-27,0.28782537855267276,0.2011306566888221,-0.4747085515338083
ROS1-42-0016,2018-06-27,0.1801411670334067,0.1142474101572104,-0.3216076460153722
ROS1-43-0016,2018-06-27,0.24127706787877862,0.1557320622884587,-0.43631057694695624
ROS1-42-0000,2018-07-13,0.17275936285559085,0.13084688175537476,-0.319632318521911
ROS1-42-0016,2018-07-13,0.17744838200472804,0.09966297538445316,-0.3255294271746172
ROS1-43-0016,2018-07-13,0.16493971961537224,0.12687027198007403,-0.31590771419547775
ROS1-42-0000,2018-08-14,0.178549766734667,0.09987710094858179,-0.3027040069666769
ROS1-42-0016,2018-08-14,0.1709521354482539,0.09537360573628748,-0.32118486672833496
ROS1-43-0016,2018-08-14,0.17327868732231233,0.12422380398454778,-0.31180308263970696
ROS1-42-0000,2018-08-30,0.16305316199221065,0.09526178168588542,-0.28161610674152654
ROS1-43-0016,2018-08-30,0.15909928120778807,0.11542502539935456,-0.2862989294625149
ROS1-42-0000,2018-09-15,0.1835967145902171,0.08075135794616091,-0.31757072585878826
ROS1-42-0016,2018-09-15,0.17988248312226163,0.08097096375171908,-0.31519141355427477
ROS1-42-0000,2018-10-01,0.1798544910075466,0.08689199826657902,-0.31786696326473035
ROS1-42-0016,2018-10-01,0.17669701876931954,0.1072114747619271,-0.32546939889011883
ROS1-43-0016,2018-10-01,0.17296212036001032,0.10346369308730542,-0.31810502392484136
ROS1-42-0000,2018-10-17,0.2522295455345793,0.1269120382034965,-0.3394977996666111
ROS1-42-0016,2018-10-17,0.2613711617469677,0.1639524857538802,-0.35769865221465563
ROS1-43-0016,2018-10-17,0.1655368501081768,0.09516832073381225,-0.3188196663332409
ROS1-33-0008,2018-04-15,0.38167490436521834,0.21005434485249744,-0.42546650863708924
ROS1-33-0008,2018-05-01,0.5796128534278719,0.3594543045101618,-0.5479777185967455
ROS1-33-0008,2018-05-17,0.6833565148279613,0.4715417796648523,-0.6279880505038928
ROS1-31-0028,2018-04-15,0.20371328348429824,0.10198012839255066,-0.3351250265366947
ROS1-37-0012,2018-04-15,0.20212298372875687,0.10940476757003179,-0.3358803904612205
ROS1-38-0001,2018-04-15,0.25194830404755536,0.13565764467029287,-0.35158882356819576
ROS1-43-0006,2018-04-15,0.18960234178108895,0.0957782889827591,-0.3252591866387557
ROS1-49-0003,2018-04-15,0.42019169429275943,0.1457159873501937,-0.44739926143730074
ROS1-31-0021,2018-04-15,0.1923316482616236,0.08648978913573611,-0.30890393940188143
ROS1-36-0005,2018-04-15,0.6185204621021051,0.37937931425760707,-0.6272407632396622
ROS1-37-0019,2018-04-15,0.37170144050084897,0.21581573224907388,-0.43624775205992156
ROS1-38-0007,2018-04-15,0.380226494991381,0.2185512075536455,-0.4455132069954789
ROS1-43-0016,2018-04-15,0.5109247872442704,0.29872208787413496,-0.5660646619452486
ROS1-49-0012,2018-04-15,0.19576803013012617,0.0955319213500858,-0.3353637861822173
ROS1-31-0028,2018-05-01,0.21057292415981083,0.10416896277259476,-0.34283400524967556
ROS1-37-0012,2018-05-01,0.20210081519351789,0.10932923018482418,-0.3429575224098289
ROS1-38-0001,2018-05-01,0.2247519377274019,0.1073390219005535,-0.35414890798681475
ROS1-43-0006,2018-05-01,0.1938866162928108,0.09689952720738108,-0.3410824518883509
ROS1-49-0003,2018-05-01,0.5063100151264207,0.26797350409028564,-0.5332129279736115
ROS1-31-0021,2018-05-01,0.20275314533566663,0.09620768584198831,-0.32780004950687347
ROS1-36-0005,2018-05-01,0.8469913932171613,0.566583438464045,-0.8019514814449933
ROS1-37-0019,2018-05-01,0.38722420489032167,0.2283197255385811,-0.46013534573262377
ROS1-38-0007,2018-05-01,0.6142325464478172,0.3779556392075132,-0.5849238294288235
ROS1-43-0016,2018-05-01,0.6687294427631083,0.4033874103794247,-0.6721451484948825
ROS1-49-0012,2018-05-01,0.20920255116936476,0.0926849046004928,-0.3708437017803659
ROS1-31-0028,2018-05-17,0.2719774625556494,0.15126616738660262,-0.39158303721824617
ROS1-37-0012,2018-05-17,0.19999492215322898,0.11293604939313912,-0.33485969919417685
ROS1-38-0001,2018-05-17,0.2137616234634627,0.10948754118587689,-0.3402178868053096
ROS1-43-0006,2018-05-17,0.20643293688003508,0.1098551767049751,-0.3470862165390273
ROS1-49-0003,2018-05-17,0.4333978837425997,0.2435486306177197,-0.4936781985693559
ROS1-31-0021,2018-05-17,0.2232456619009438,0.10904352951296581,-0.33230761438029843
ROS1-36-0005,2018-05-17,0.8635440357388611,0.6240003033261057,-0.8186331633748163
ROS1-37-0019,2018-05-17,0.3510415450289839,0.21216929943238091,-0.43538130801403474
ROS1-38-0007,2018-05-17,0.6624567569163444,0.4236148748242362,-0.6329630681085581
ROS1-43-0016,2018-05-17,0.6789174507848874,0.4476903485527325,-0.6726827946960312
ROS1-49-0012,2018-05-17,0.19256332717063768,0.0907824871288284,-0.3501293106423696
ROS1-31-0028,2018-06-02,0.20789289334875038,0.10992864239244986,-0.344761296741273
ROS1-37-0012,2018-06-02,0.18929175461545744,0.10989426359566255,-0.3331220804091544
ROS1-38-0001,2018-06-02,0.19796854033260342,0.10288263985990077,-0.3354163452937672
ROS1-43-0006,2018-06-02,0.19730675914486898,0.10219026115156658,-0.3455247125893347
ROS1-49-0003,2018-06-02,0.37390086478089307,0.21349260971693623,-0.4730489980973765
ROS1-31-0021,2018-06-02,0.1980929093740848,0.09831792530165538,-0.32625207960022523
ROS1-37-0019,2018-06-02,0.32734365800626614,0.19564415625093487,-0.425890694659032
ROS1-38-0007,2018-06-02,0.4613304797052483,0.27656059168234176,-0.5284580222918245
ROS1-43-0016,2018-06-02,0.3662879476950004,0.21964575379421217,-0.5217498165089088
ROS1-49-0012,2018-06-02,0.1876605143540499,0.0888428083244908,-0.3535958666029415
ROS1-31-0028,2018-06-18,0.18705540768241985,0.10237219221012679,-0.32764767254899474
ROS1-37-0012,2018-06-18,0.1795272222639044,0.09970855377474468,-0.3268074356344896
ROS1-38-0001,2018-06-18,0.18186541299509543,0.09800684379442716,-0.3259540660559329
ROS1-43-0006,2018-06-18,0.18043073111958433,0.09934919340008388,-0.33335402557894783
ROS1-49-0003,2018-06-18,0.3064375522858322,0.17871427415476515,-0.42824082027128874
ROS1-31-0021,2018-06-18,0.18860886370816357,0.099118602879378,-0.3171618580645712
ROS1-37-0019,2018-06-18,0.2613077433295949,0.15914099790025532,-0.3768231556079525
ROS1-38-0007,2018-06-18,0.2496026035000438,0.1519993450200759,-0.4234137510409891
ROS1-43-0016,2018-06-18,0.25484894327881935,0.15477586171451016,-0.457812358996581
ROS1-49-0012,2018-06-18,0.1783091504875244,0.0879135326536558,-0.34475372050526265
ROS1-31-0028,2018-07-04,0.2489886730581542,0.12567711134961554,-0.3700760954400151
ROS1-31-0021,2018-07-04,0.10976472240983665,0.1264214039467837,-0.14651656961857873
ROS1-38-0007,2018-07-04,0.2165899922145942,0.10926515062252079,-0.35089553059893275
ROS1-31-0028,2018-07-20,0.19349908370190205,0.09830590208486549,-0.3277186061550642
ROS1-37-0012,2018-07-20,0.1983846939112946,0.13019260050409784,-0.3354271618014096
ROS1-49-0003,2018-07-20,0.5144000526900977,0.19546476730516965,-0.5983569464463266
ROS1-31-0021,2018-07-20,0.1748561025638053,0.11908596307431485,-0.2873576040107163
ROS1-37-0019,2018-07-20,0.2891151161394404,0.15879766516684454,-0.4016689780679097
ROS1-38-0007,2018-07-20,0.20409171515006436,0.11042297731706704,-0.3354227529562656
ROS1-43-0016,2018-07-20,0.16148936261616892,0.11279849458588109,-0.29944969328045445
ROS1-31-0028,2018-08-05,0.1888073159939423,0.11084309651027031,-0.32692081759322905
ROS1-37-0012,2018-08-05,0.18170367519460318,0.10590022076247853,-0.32157398813097066
ROS1-38-0001,2018-08-05,0.2253368372123395,0.1365819590885178,-0.3521488275901206
ROS1-43-0006,2018-08-05,0.18196956414620327,0.11737231811562075,-0.3256674795793159
ROS1-49-0003,2018-08-05,0.31932599225284963,0.17907500224660125,-0.4120131346382314
ROS1-31-0021,2018-08-05,0.1792346001315079,0.10509854789607359,-0.3114035667168252
ROS1-37-0019,2018-08-05,0.2572813268643243,0.15310663282475975,-0.3713480427889367
ROS1-38-0007,2018-08-05,0.18953279199823206,0.12175058417857107,-0.32535886096909317
ROS1-43-0016,2018-08-05,0.17390511523824329,0.11857669131343043,-0.31511454353995916
ROS1-49-0012,2018-08-05,0.21491576410122,0.10745507668576361,-0.3647054476907872
ROS1-31-0028,2018-08-21,0.18314985913466691,0.0936512246905723,-0.3178369788730912
ROS1-37-0012,2018-08-21,0.1763115291005384,0.0961770087493954,-0.31573833691406933
ROS1-38-0001,2018-08-21,0.17802790168220037,0.09618524248436977,-0.3125486074346715
ROS1-43-0006,2018-08-21,0.18090527971703765,0.10164494680692265,-0.3240412943034713
ROS1-49-0003,2018-08-21,0.2812359176480337,0.1623722820839378,-0.38700275036965487
ROS1-31-0021,2018-08-21,0.16881131499623508,0.09912971028003882,-0.30224640798906055
ROS1-37-0019,2018-08-21,0.24058879707013728,0.13958205099716411,-0.358283609535263
ROS1-38-0007,2018-08-21,0.18129693311388154,0.10519194353659471,-0.3144445470610608
ROS1-43-0016,2018-08-21,0.16719301882723483,0.11843802682546989,-0.30607573660357323
ROS1-49-0012,2018-08-21,0.21252261583764967,0.11047530998924883,-0.36464777860305736
ROS1-37-0012,2018-09-06,0.16931271799478573,0.0937430687120249,-0.29998137235262134
ROS1-38-0001,2018-09-06,0.17386043290944972,0.09207920279487895,-0.30214190609727054
ROS1-43-0006,2018-09-06,0.18330938033136127,0.10305242182471652,-0.31869968192831527
ROS1-49-0003,2018-09-06,0.2582665864991859,0.15289172814123583,-0.37248946189325777
ROS1-31-0021,2018-09-06,0.16403271462308958,0.10094618450189981,-0.29167391823840094
ROS1-37-0019,2018-09-06,0.2230505644291796,0.13182081560693434,-0.33935426460409607
ROS1-38-0007,2018-09-06,0.174698275468242,0.10545521466322928,-0.30339903483378877
ROS1-43-0016,2018-09-06,0.1683284071854145,0.11966386852589547,-0.3089349712055716
ROS1-49-0012,2018-09-06,0.1832549300144925,0.09579800666236093,-0.3268077712448357
ROS1-31-0028,2018-09-22,0.19403618825302937,0.09135037871029639,-0.3247950980538256
ROS1-37-0012,2018-09-22,0.18870418253862922,0.10606086231602208,-0.32974901304310855
ROS1-38-0001,2018-09-22,0.18716956352109207,0.08686387797250099,-0.3232679493715863
ROS1-43-0006,2018-09-22,0.180917615726495,0.10669090328317048,-0.3250690458651275
ROS1-49-0003,2018-09-22,0.3242960276078654,0.1868215767108873,-0.4236267140946349
ROS1-31-0021,2018-09-22,0.18149170968208672,0.09914199008479746,-0.3124869149717097
ROS1-37-0019,2018-09-22,0.2604881765818826,0.15348757278262867,-0.38336474734574844
ROS1-38-0007,2018-09-22,0.18444786459584325,0.10329139876083238,-0.3197845213528211
ROS1-43-0016,2018-09-22,0.1660024223373771,0.09314721614266695,-0.328581973986524
ROS1-49-0012,2018-09-22,0.1746518605133426,0.1121229135542806,-0.3321357122084484
ROS1-36-0005,2018-10-24,0.4950300286630296,0.13441481298931396,-0.4997728924492482
ROS1-43-0016,2018-10-24,0.17958281004031254,0.09960199745827894,-0.3014597241121045
ROS1-49-0012,2018-10-24,0.5919718369631259,0.45937589766250736,-0.5646156415249686
ROS1-36-0019,2018-04-15,0.24415080323239147,0.12050303561865004,-0.35875452220133647
ROS1-24-0006,2018-04-15,0.529490427953422,0.3020834358802986,-0.5089222022883189
ROS1-30-0013,2018-04-15,0.21816697327845327,0.1492556324867744,-0.3272578626586244
ROS1-31-0028,2018-04-15,0.20225552324742352,0.10167886806024086,-0.3324612115662355
ROS1-36-0014,2018-04-15,0.19239076833285268,0.09595153945461138,-0.32151093567179134
ROS1-42-0000,2018-04-15,0.4445301208710203,0.26917768115060026,-0.5053814135641963
ROS1-30-0014,2018-04-15,0.3674473802049491,0.22210669431967614,-0.42669441354004434
ROS1-31-0021,2018-04-15,0.19203548837005768,0.08631904330429299,-0.30853975993288546
ROS1-36-0005,2018-04-15,0.61730337067069,0.38099993410752775,-0.6250947973269075
ROS1-37-0019,2018-04-15,0.37162115108945665,0.21566987050416675,-0.4362477898497556
ROS1-42-0016,2018-04-15,0.20091034909687394,0.0894499909029675,-0.3423509597624438
ROS1-36-0019,2018-05-01,0.2736230089983561,0.15523158417369043,-0.39015897593968135
ROS1-24-0006,2018-05-01,0.779421773127976,0.5484762326226242,-0.6829474861705429
ROS1-25-0023,2018-05-01,0.757911114152157,0.5732566516967156,-0.6644586536930178
ROS1-30-0013,2018-05-01,0.20133873713689968,0.11178260335461776,-0.31734787657139396
ROS1-31-0028,2018-05-01,0.20993385924657385,0.10400979178983392,-0.3416839287933413
ROS1-36-0014,2018-05-01,0.20286005033785054,0.10203120215075964,-0.34371153960756406
ROS1-42-0000,2018-05-01,0.7403494067240995,0.4883575819752547,-0.6971957016598134
ROS1-30-0014,2018-05-01,0.49712284064348716,0.31241302440226276,-0.5133490676464003
ROS1-31-0021,2018-05-01,0.20275976937396195,0.0960612682796528,-0.3278963824156626
ROS1-36-0005,2018-05-01,0.8472211700402443,0.5659412303897154,-0.8022362625719203
ROS1-37-0019,2018-05-01,0.38693696479798867,0.22774772457355438,-0.4600163558302424
ROS1-42-0016,2018-05-01,0.19731318082929253,0.09017296978154729,-0.35888945378962933
ROS1-36-0019,2018-05-17,0.2917774073250017,0.176643016493318,-0.39663593733123514
ROS1-24-0006,2018-05-17,0.8079689082358541,0.5610738967605972,-0.7191776058802669
ROS1-25-0023,2018-05-17,0.8103592407022722,0.6081659271406888,-0.722927149304962
ROS1-30-0013,2018-05-17,0.237301058346113,0.14177121543833232,-0.3389310459372697
ROS1-31-0028,2018-05-17,0.27028619159503087,0.15104714751515366,-0.38922465667097894
ROS1-36-0014,2018-05-17,0.21782922132222426,0.1184460643995009,-0.3427904330426769
ROS1-42-0000,2018-05-17,0.824363660474397,0.5961434021733525,-0.7705433257098561
ROS1-30-0014,2018-05-17,0.4711366865121513,0.2861757747920924,-0.5008222970379859
ROS1-31-0021,2018-05-17,0.2234656721277812,0.10901299879208264,-0.3331695130414979
ROS1-36-0005,2018-05-17,0.862863990017427,0.6261457513975406,-0.8176974018958753
ROS1-37-0019,2018-05-17,0.3501799398656323,0.2122585775138695,-0.43477248710691324
ROS1-42-0016,2018-05-17,0.2027257005863684,0.09856206917616908,-0.3534201202201343
ROS1-36-0019,2018-06-02,0.2660963715498712,0.14102260688334406,-0.3909958100630804
ROS1-30-0013,2018-06-02,0.2590189961283567,0.15793395045500874,-0.35731767413141036
ROS1-31-0028,2018-06-02,0.20806116000210656,0.11049951419244025,-0.34485935422123914
ROS1-36-0014,2018-06-02,0.20424879664968468,0.10062615450510264,-0.34314010763688113
ROS1-42-0000,2018-06-02,0.7659399995087223,0.5083108809974293,-0.7426404627473019
ROS1-30-0014,2018-06-02,0.39596251108291464,0.23585858023415346,-0.46465202065647826
ROS1-31-0021,2018-06-02,0.19927013967711066,0.09877417813296813,-0.328478410699417
ROS1-36-0005,2018-06-02,0.6443780255132453,0.40505101168901886,-0.693648222051783
ROS1-37-0019,2018-06-02,0.3281984230561874,0.19582090176308473,-0.42778265244023533
ROS1-42-0016,2018-06-02,0.1894208530160471,0.09213477658128928,-0.3532595435085888
ROS1-36-0019,2018-06-18,0.21168530058450086,0.12314946298555866,-0.3546348909447091
ROS1-30-0013,2018-06-18,0.3659919205132671,0.21831689962161213,-0.4217757398516385
ROS1-31-0028,2018-06-18,0.1878653345721516,0.10271462834429972,-0.3290570947979954
ROS1-36-0014,2018-06-18,0.18365564526402875,0.09652405211288757,-0.32106395073696276
ROS1-42-0000,2018-06-18,0.3474438539532431,0.21585739487146807,-0.5319404151597777
ROS1-30-0014,2018-06-18,0.30282788598202265,0.19940793144307709,-0.42589514418285923
ROS1-31-0021,2018-06-18,0.1891833292093381,0.09945215145497932,-0.31839379273979856
ROS1-36-0005,2018-06-18,0.32938106761416946,0.21824692554688396,-0.5059429780572281
ROS1-37-0019,2018-06-18,0.2630463935912657,0.15918283599587574,-0.380214986368922
ROS1-42-0016,2018-06-18,0.18213053770138363,0.09446093369474522,-0.3436658937767831
ROS1-31-0028,2018-07-04,0.2663683440974891,0.11159740683714188,-0.397264038996536
ROS1-36-0019,2018-07-20,0.20874278743622396,0.13670693051516764,-0.3396932880433813
ROS1-30-0013,2018-07-20,0.3043287040439222,0.19923264246983544,-0.3786040713736998
ROS1-31-0028,2018-07-20,0.19375665978124912,0.09844938042781429,-0.3285721091427938
ROS1-36-0014,2018-07-20,0.19808029088197604,0.03362139811927926,-0.3028789871178842
ROS1-42-0000,2018-07-20,0.17716694089667798,0.12144537970512348,-0.30406098182039515
ROS1-30-0014,2018-07-20,0.21369831764693012,0.12873059060380318,-0.32551031656993656
ROS1-31-0021,2018-07-20,0.1744385691510663,0.11905934925527246,-0.28689031334042847
ROS1-36-0005,2018-07-20,0.1641236800548875,0.10081889421490074,-0.29639919815505933
ROS1-37-0019,2018-07-20,0.28921995866446476,0.1595458229183012,-0.401513311878239
ROS1-42-0016,2018-07-20,0.1838978886471789,0.09444743903803342,-0.33823164387791205
ROS1-36-0019,2018-08-05,0.18556799841809146,0.12641879230796663,-0.32171195022796323
ROS1-30-0013,2018-08-05,0.23673604134883192,0.14128576239159701,-0.33862021696881395
ROS1-31-0028,2018-08-05,0.18936481335288508,0.11120918112000332,-0.32779778563824
ROS1-36-0014,2018-08-05,0.17893284812302387,0.08856286479636467,-0.31895095577522714
ROS1-42-0000,2018-08-05,0.1983426162277087,0.08942108560468867,-0.3401962287151359
ROS1-30-0014,2018-08-05,0.2035355650551589,0.11651455890898932,-0.3266166087635899
ROS1-31-0021,2018-08-05,0.17980340298545522,0.10535887071348354,-0.312427472634094
ROS1-36-0005,2018-08-05,0.22432413399973908,0.1400620701863112,-0.3474026923807346
ROS1-37-0019,2018-08-05,0.25934680321726855,0.15356165874155694,-0.3746951863787636
ROS1-42-0016,2018-08-05,0.18204125743116276,0.09172008846322142,-0.34156512643290454
ROS1-36-0019,2018-08-21,0.18026564533674624,0.12052275774683897,-0.3153189725949753
ROS1-30-0013,2018-08-21,0.20492912163968843,0.12142308065316769,-0.3188950506132828
ROS1-31-0028,2018-08-21,0.1828792867207596,0.09384792883820882,-0.31737219529291333
ROS1-36-0014,2018-08-21,0.17241765474776757,0.08748287629297219,-0.3072962383049379
ROS1-42-0000,2018-08-21,0.17804755350988616,0.07959055123665397,-0.3210344262315739
ROS1-30-0014,2018-08-21,0.20180196553368093,0.09976289250966844,-0.3144467042829602
ROS1-31-0021,2018-08-21,0.16867296807552257,0.09928184461376062,-0.3022038537145364
ROS1-36-0005,2018-08-21,0.2356047084329017,0.15355227904365357,-0.3570326113799902
ROS1-37-0019,2018-08-21,0.24167010750003057,0.13947970978190255,-0.3606742432108798
ROS1-42-0016,2018-08-21,0.17889139730830703,0.09248796185501745,-0.3366096090233109
ROS1-36-0019,2018-09-06,0.17412340219359007,0.11750998751151256,-0.30526172345362185
ROS1-30-0013,2018-09-06,0.179467961515955,0.11223765659952623,-0.28788037125343074
ROS1-36-0014,2018-09-06,0.16623628678779717,0.08628289601909962,-0.2937322522608227
ROS1-42-0000,2018-09-06,0.16398507697794099,0.06874075370579777,-0.2968135314997588
ROS1-30-0014,2018-09-06,0.18576936959942883,0.09824758784845924,-0.2998367459468587
ROS1-31-0021,2018-09-06,0.1643923332712791,0.10120841943472496,-0.29209230799024155
ROS1-36-0005,2018-09-06,0.19605961328599564,0.13502183098614665,-0.32485617881047607
ROS1-37-0019,2018-09-06,0.22348533944607632,0.13212029311014212,-0.3397201525410045
ROS1-42-0016,2018-09-06,0.1677563340498339,0.0887129233452134,-0.3143005147440569
ROS1-36-0019,2018-09-22,0.19612012654772712,0.09598607360375509,-0.32565577409970864
ROS1-30-0013,2018-09-22,0.20413643977269771,0.12411772150284968,-0.325793852174405
ROS1-31-0028,2018-09-22,0.1938022396628677,0.09130994338708186,-0.32394845059414934
ROS1-36-0014,2018-09-22,0.18308084504928632,0.08719871542967678,-0.31894788076994857
ROS1-42-0000,2018-09-22,0.17874327910317248,0.08465617063412299,-0.3213397775059722
ROS1-30-0014,2018-09-22,0.20241365060516386,0.10732128106211489,-0.31840141853667675
ROS1-31-0021,2018-09-22,0.18162341687639663,0.09930128385820824,-0.31229614545621504
ROS1-36-0005,2018-09-22,0.1719659879843643,0.11719014502401867,-0.3075773889074732
ROS1-37-0019,2018-09-22,0.25997873800878396,0.15375629541112518,-0.38188639956729004
ROS1-42-0016,2018-09-22,0.18320956244184622,0.08943699881174652,-0.342429362323673
ROS1-30-0014,2018-10-08,0.208307288454695,0.13073019665457722,-0.32373747977067946
ROS1-33-0010,2018-04-06,0.601353542593907,0.38298403122390756,-0.6217753544368505
ROS1-26-0036,2018-04-06,0.2126545611086735,0.06722561216428179,-0.30117614928057596
ROS1-27-0021,2018-04-06,0.2311611234628686,0.07703111025758888,-0.3284108429905144
ROS1-28-0030,2018-04-06,0.5035604207683315,0.19918453419555934,-0.5232641995070895
ROS1-33-0009,2018-04-06,0.2202326083900648,0.06211587006394925,-0.3541990960898508
ROS1-34-0003,2018-04-06,0.20707789388924447,0.05637998007539201,-0.32771979401425927
ROS1-27-0005,2018-04-06,0.3121845312174511,0.13676299950405948,-0.4015035087223005
ROS1-28-0013,2018-04-06,0.23942404508406673,0.06434133443460663,-0.3650920369558378
ROS1-33-0008,2018-04-06,0.31592676245944773,0.14248025985713755,-0.3988836353697221
ROS1-34-0005,2018-04-06,0.6074684831121596,0.3373967278918315,-0.6229507029828316
ROS1-33-0010,2018-04-22,0.6731642359029922,0.40327676780999094,-0.678966481385628
ROS1-26-0036,2018-04-22,0.21494673927001354,0.09105919617337366,-0.29913580734790834
ROS1-27-0021,2018-04-22,0.35486221067670026,0.1050264563524337,-0.4860525350455669
ROS1-28-0030,2018-04-22,0.5707627593033604,0.2767139874308717,-0.5661874789841713
ROS1-33-0009,2018-04-22,0.1901883128274374,0.07996042620667876,-0.3214198867783888
ROS1-34-0003,2018-04-22,0.19795819076929377,0.07855354899593192,-0.3165562337277077
ROS1-27-0005,2018-04-22,0.4061115598295176,0.18046283885862982,-0.45430814312534723
ROS1-28-0013,2018-04-22,0.21266290239586025,0.07949069815780574,-0.3316160245786547
ROS1-33-0008,2018-04-22,0.4879104506284631,0.2586144209430816,-0.4984682122448087
ROS1-34-0005,2018-04-22,0.6721186709952326,0.36831090527986243,-0.6479144215662006
ROS1-33-0010,2018-05-24,0.8697075651793472,0.6581781351584614,-0.7976312607875904
ROS1-26-0036,2018-05-24,0.5710045907529205,0.258516304963115,-0.5246963547019149
ROS1-27-0021,2018-05-24,0.36930367214700094,0.1750141270221431,-0.40427280367373536
ROS1-28-0030,2018-05-24,0.7889718699927264,0.5311507186178052,-0.7193217182473545
ROS1-33-0009,2018-05-24,0.21709428501863484,0.11206555996270182,-0.34160256747663476
ROS1-27-0005,2018-05-24,0.5137013014416238,0.26217814063017225,-0.5415729203929028
ROS1-33-0008,2018-05-24,0.6964561808858817,0.4624884781703582,-0.6425409284858559
ROS1-34-0005,2018-05-24,0.8430260463408923,0.568266666453206,-0.7553889929357536
ROS1-33-0010,2018-06-09,0.745007172502025,0.48729105732754036,-0.721813806133563
ROS1-27-0021,2018-06-09,0.4102608338036423,0.19738339190592274,-0.4374583390817265
ROS1-28-0030,2018-06-09,0.6488196379323757,0.3934056424411348,-0.6454436871400937
ROS1-33-0009,2018-06-09,0.2707595177566181,0.1415895887496916,-0.37948005597151707
ROS1-34-0003,2018-06-09,0.19132187120235847,0.08337373532170779,-0.3163906518697262
ROS1-27-0005,2018-06-09,0.22521802160968,0.10345277247790895,-0.35628253027925993
ROS1-33-0008,2018-06-09,0.6239299289427236,0.39465973000738713,-0.6270911459890909
ROS1-34-0005,2018-06-09,0.6466461415611079,0.38616271110349926,-0.6506376091445083
ROS1-33-0010,2018-06-25,0.3560149126682873,0.2009157073285359,-0.5527307685378616
ROS1-27-0021,2018-06-25,0.35314349329720296,0.20778349538677074,-0.3970171910815951
ROS1-33-0009,2018-06-25,0.42875474212973286,0.2239411481954772,-0.4912625217633899
ROS1-34-0003,2018-06-25,0.2144654466094934,0.07470886577896953,-0.33742190410576206
ROS1-27-0005,2018-06-25,0.2214942101398703,0.11545398520133597,-0.34656636721816614
ROS1-28-0013,2018-06-25,0.5372087848940015,0.3635066866351783,-0.4784547183408006
ROS1-33-0008,2018-06-25,0.4468179339580819,0.2751377943535651,-0.5349368489384126
ROS1-34-0005,2018-06-25,0.31668765838465085,0.19292333494699246,-0.5090802981031438
ROS1-33-0010,2018-07-11,0.22625599248486947,0.17209185360314697,-0.4002343944737883
ROS1-27-0021,2018-07-11,0.3418395496088089,0.1691526724863151,-0.4103671902810664
ROS1-28-0030,2018-07-11,0.1961154399344946,0.16418107353937306,-0.3633204873270758
ROS1-33-0009,2018-07-11,0.3635235035962165,0.20839238738418495,-0.4442662106470626
ROS1-34-0003,2018-07-11,0.19283530284957992,0.09202678506481433,-0.3223941711984376
ROS1-27-0005,2018-07-11,0.20592050827714592,0.09938256235749118,-0.3207575075109496
ROS1-28-0013,2018-07-11,0.633843540872393,0.3896087261439602,-0.5939385225344023
ROS1-34-0005,2018-07-11,0.25780014758277114,0.17226093920572155,-0.43775125530311276
ROS1-33-0010,2018-07-27,0.25736441299840535,0.1597551326768314,-0.34332035993829774
ROS1-27-0021,2018-07-27,0.459460544696274,0.2333359060225857,-0.4764078124169096
ROS1-28-0030,2018-07-27,0.2281281421262001,0.17172002219430646,-0.3222851502413429
ROS1-27-0005,2018-07-27,0.24787895108636773,0.13130182536576782,-0.3426275061780137
ROS1-33-0008,2018-07-27,0.4993414375497474,0.2987902053636662,-0.5022314810583942
ROS1-33-0010,2018-08-12,0.20731760074469016,0.08601422520816163,-0.31995773997272653
ROS1-27-0021,2018-08-12,0.5253030907661863,0.2945481200658491,-0.5435550423267741
ROS1-28-0030,2018-08-12,0.2684076307388343,0.1815513396478308,-0.36399717365528844
ROS1-33-0009,2018-08-12,0.4411987351430109,0.26340029528457615,-0.4899601810331128
ROS1-34-0003,2018-08-12,0.19076448470081733,0.08497157886744039,-0.30637862444693476
ROS1-27-0005,2018-08-12,0.37596645952898083,0.21027818500719928,-0.4289013764313747
ROS1-28-0013,2018-08-12,0.5525792017011,0.3179420576816835,-0.4898250922917279
ROS1-33-0008,2018-08-12,0.6461587324899417,0.4136115561481946,-0.603241054165835
ROS1-34-0005,2018-08-12,0.23326525374403012,0.1709704142745921,-0.35365595729215404
ROS1-33-0010,2018-08-28,0.18376081110011402,0.07714398569451102,-0.3049985397414229
ROS1-27-0021,2018-08-28,0.44289522588472136,0.2519117581715503,-0.5021678023740168
ROS1-28-0030,2018-08-28,0.28406745206634404,0.18986582517497874,-0.39420325079915947
ROS1-33-0009,2018-08-28,0.34548744827070127,0.20001930632280673,-0.43227182243085854
ROS1-34-0003,2018-08-28,0.17792197963522163,0.07777674775514076,-0.2980225487685458
ROS1-27-0005,2018-08-28,0.4212003477552159,0.24321859931703957,-0.4676171641737348
ROS1-28-0013,2018-08-28,0.2611623526937416,0.13309957258564584,-0.35851208925088907
ROS1-33-0008,2018-08-28,0.5634196163516122,0.3515313683292127,-0.5669991053800175
ROS1-34-0005,2018-08-28,0.2560457345137472,0.18087509497512713,-0.38158299444016536
ROS1-33-0010,2018-09-13,0.17973845412494538,0.07448787067518468,-0.30440687477787615
ROS1-27-0021,2018-09-13,0.40328330500398923,0.22667311795940068,-0.48277628074865997
ROS1-28-0030,2018-09-13,0.27221949997562156,0.18143747147557385,-0.3962354081595946
ROS1-33-0009,2018-09-13,0.29991129626546403,0.17742373083740384,-0.41916022613289594
ROS1-34-0003,2018-09-13,0.2559306206102247,0.11607338288276857,-0.34685738536032235
ROS1-27-0005,2018-09-13,0.41932529570458116,0.24018819166024064,-0.48415867393573325
ROS1-28-0013,2018-09-13,0.2443159058292732,0.11498197146443005,-0.38540868100434783
ROS1-33-0008,2018-09-13,0.4982834646348027,0.30727053995535375,-0.5465131742568311
ROS1-34-0005,2018-09-13,0.25121274489671397,0.176595768197277,-0.38679809164221135
ROS1-33-0010,2018-09-29,0.2362502084955849,0.10599245921462305,-0.33399528705517756
ROS1-27-0021,2018-09-29,0.4019812613584379,0.2059951878048005,-0.4661510470871026
ROS1-33-0009,2018-09-29,0.21002486918789148,0.1126323046295731,-0.27192504182144206
ROS1-27-0005,2018-09-29,0.4828524017005344,0.2798161330399008,-0.5184146295565808
ROS1-33-0008,2018-09-29,0.5743154146379454,0.3386730742222811,-0.5601776357413438
ROS1-33-0010,2018-10-15,0.21860046041349054,0.08194606377152966,-0.3232913898336761
ROS1-26-0036,2018-10-15,0.2339657276801176,0.11754471265447786,-0.3605143195406994
ROS1-27-0021,2018-10-15,0.2087520892477506,0.07830343091770428,-0.2850503900812943
ROS1-28-0030,2018-10-15,0.23307562130551174,0.0660982615130773,-0.3178867182794151
ROS1-33-0009,2018-10-15,0.21511531998938047,0.08821364116944606,-0.3387646636096054
ROS1-34-0003,2018-10-15,0.7442802922892118,0.4555204160966034,-0.6709872545733657
ROS1-27-0005,2018-10-15,0.466227797171463,0.2608507785872883,-0.5162828985161722
ROS1-28-0013,2018-10-15,0.23608729726298175,0.07444741082041524,-0.3419778056578721
ROS1-33-0008,2018-10-15,0.5283145539099358,0.2894784540742544,-0.541223159887838
ROS1-34-0005,2018-10-15,0.21504994603973723,0.06628948029289974,-0.31782519947474863
ROS1-19-0037,2018-04-06,0.3872733345704883,0.2110617143356234,-0.4471330272311798
ROS1-25-0023,2018-04-06,0.3909023821466445,0.21703008864381154,-0.45441828760394287
ROS1-26-0036,2018-04-06,0.22089908744039669,0.06774592489394013,-0.31707218409732046
ROS1-27-0021,2018-04-06,0.23106292162857195,0.07710586000964693,-0.3295350619957247
ROS1-30-0013,2018-04-06,0.21187226303596804,0.13338069261733965,-0.32771429574737065
ROS1-31-0028,2018-04-06,0.20174366892834497,0.09758156087418025,-0.33232150022157086
ROS1-32-0015,2018-04-06,0.6639554071683862,0.43568995825535034,-0.6619985922547069
ROS1-38-0001,2018-04-06,0.2517872414753732,0.10015392891375145,-0.36167898783231145
ROS1-19-0016,2018-04-06,0.39114600599465377,0.21635816193169827,-0.44067034895364104
ROS1-25-0002,2018-04-06,0.18769503884773966,0.10297470125806649,-0.3090700999959279
ROS1-26-0040,2018-04-06,0.20528170800840773,0.09227500984210474,-0.2945915285746506
ROS1-27-0005,2018-04-06,0.31276608803104083,0.13704653039005935,-0.40299974402301747
ROS1-30-0014,2018-04-06,0.2908110108217132,0.1566522027145497,-0.380490187746409
ROS1-31-0021,2018-04-06,0.20385082820573397,0.08520359393797276,-0.32562373126436195
ROS1-32-0006,2018-04-06,0.5147096661463668,0.26862911715871335,-0.5313138210548486
ROS1-38-0007,2018-04-06,0.3451020262059025,0.1363855001893155,-0.43611451652441063
ROS1-24-0023,2018-04-06,0.20739184832168406,0.09149176966219444,-0.3047596357595484
ROS1-25-0027,2018-04-06,0.5092240074548321,0.29686723944113524,-0.5187536376144972
ROS1-26-0036,2018-04-22,0.2251434931941254,0.09755904558586313,-0.3101761788484374
ROS1-27-0021,2018-04-22,0.27326116134240086,0.12722498734485976,-0.3588940975399886
ROS1-32-0015,2018-04-22,0.6587803418832109,0.45710867554928436,-0.6461086250733926
ROS1-27-0005,2018-04-22,0.40708614144700317,0.1804912712416775,-0.4577612111300051
ROS1-38-0007,2018-04-22,0.45777320541291694,0.2656205676908867,-0.4701167152001431
ROS1-24-0023,2018-04-22,0.2509488928319638,0.1297320329846577,-0.23119599447109276
ROS1-19-0037,2018-05-24,0.7415960251493441,0.5090290464836229,-0.676565493434884
ROS1-25-0023,2018-05-24,0.7973316844556589,0.5316307755057457,-0.7279959596816566
ROS1-27-0021,2018-05-24,0.367217923809928,0.17446354472087103,-0.4033119470304648
ROS1-30-0013,2018-05-24,0.2753426752442723,0.1568449516458336,-0.36570507736852165
ROS1-31-0028,2018-05-24,0.25184537633045173,0.11951773285462883,-0.3783205474385317
ROS1-32-0015,2018-05-24,0.7827867880003051,0.5140527349499917,-0.7474502240911448
ROS1-38-0001,2018-05-24,0.22370271842068162,0.1098760109071573,-0.3461581045643965
ROS1-19-0016,2018-05-24,0.8212629222604292,0.4932037562800415,-0.7430522883850411
ROS1-25-0002,2018-05-24,0.24559979965758,0.11895413623632278,-0.3434636378627372
ROS1-26-0040,2018-05-24,0.46572665117751266,0.25210431209561635,-0.4690761178255452
ROS1-27-0005,2018-05-24,0.5124352747386409,0.26171631170676496,-0.5415438766371506
ROS1-30-0014,2018-05-24,0.47030981762558943,0.26137252742496275,-0.5108645356461861
ROS1-31-0021,2018-05-24,0.22972186558455895,0.10546600820582643,-0.3445758535481099
ROS1-32-0006,2018-05-24,0.7580087530961516,0.4581302487619298,-0.7174738376315531
ROS1-38-0007,2018-05-24,0.5704212475336812,0.33602695732815124,-0.5858884186123515
ROS1-24-0023,2018-05-24,0.5334515986166077,0.37667009597245577,-0.5277053913038013
ROS1-25-0027,2018-05-24,0.7612710356214631,0.49126090013714097,-0.7160000950947062
ROS1-19-0037,2018-06-09,0.6523455544512686,0.4175058118249602,-0.6425035672743871
ROS1-25-0023,2018-06-09,0.5003033443709706,0.29481759861964335,-0.5766312884022246
ROS1-26-0036,2018-06-09,0.5225119609314834,0.26408042286636924,-0.5109992979188045
ROS1-27-0021,2018-06-09,0.4115779039957725,0.19719966633151145,-0.43953977680935047
ROS1-30-0013,2018-06-09,0.3038060231777114,0.1797652946604711,-0.3856794440344463
ROS1-31-0028,2018-06-09,0.21503351091559056,0.10736951082488055,-0.3526351369572177
ROS1-32-0015,2018-06-09,0.5796731520808642,0.3593100192059989,-0.6411687872605732
ROS1-38-0001,2018-06-09,0.194776488955963,0.09739337870702719,-0.3436848934177006
ROS1-19-0016,2018-06-09,0.7161852762881387,0.4860189367039014,-0.6847732602042651
ROS1-25-0002,2018-06-09,0.30512305507169313,0.15054307363562666,-0.38407408134169235
ROS1-26-0040,2018-06-09,0.42709108294479653,0.2497370970985112,-0.46471918040523796
ROS1-27-0005,2018-06-09,0.2224295673437012,0.10358448491428314,-0.3508595651728116
ROS1-30-0014,2018-06-09,0.3397931207921359,0.1826235548387639,-0.4359339566666993
ROS1-31-0021,2018-06-09,0.20546880630741193,0.09422852423875415,-0.3388251482670702
ROS1-32-0006,2018-06-09,0.6079396336602387,0.34781319495528656,-0.632922549338542
ROS1-38-0007,2018-06-09,0.3475496672001579,0.1958871430782938,-0.4790390270135088
ROS1-24-0023,2018-06-09,0.5198635522369678,0.3517459105435835,-0.5405733419335512
ROS1-25-0027,2018-06-09,0.42963488351059037,0.2523486229663539,-0.538078030860915
ROS1-27-0021,2018-06-25,0.36043572659236406,0.20769670980668364,-0.40615324336338265
ROS1-38-0001,2018-06-25,0.20641644506400886,0.116128078471305,-0.33970095667280054
ROS1-19-0016,2018-06-25,0.3586202928574678,0.1464247633984768,-0.5033442870703533
ROS1-26-0040,2018-06-25,0.43665799657583937,0.23768083202181672,-0.47249027525495774
ROS1-27-0005,2018-06-25,0.22429235875170533,0.11659736654330191,-0.3491311310705779
ROS1-31-0021,2018-06-25,0.19902687840054917,0.09872885314519059,-0.3263505795469155
ROS1-32-0006,2018-06-25,0.32314515495317175,0.1730762168603436,-0.5076949246836606
ROS1-38-0007,2018-06-25,0.24747050070568496,0.13495910403028616,-0.394432019401042
ROS1-24-0023,2018-06-25,0.3265725296667945,0.23187110249314027,-0.4265513433905131
ROS1-25-0027,2018-06-25,0.24117132907134786,0.18940202566474534,-0.31884600609770924
ROS1-19-0037,2018-07-11,0.21201619632808816,0.1387490510207694,-0.33041639586964877
ROS1-25-0023,2018-07-11,0.20460025040779353,0.1532289831791067,-0.37332662215105306
ROS1-26-0036,2018-07-11,0.2066598578189772,0.12875867199405347,-0.33878495462287217
ROS1-27-0021,2018-07-11,0.3419518312951811,0.16927706254538832,-0.411341479609205
ROS1-30-0013,2018-07-11,0.30583199389902493,0.18404680852439378,-0.37459810355146883
ROS1-31-0028,2018-07-11,0.17956787376473476,0.08852311690502006,-0.3112886805148131
ROS1-32-0015,2018-07-11,0.22026438440609616,0.1591858265204781,-0.377398327859003
ROS1-19-0016,2018-07-11,0.22585610432318423,0.1792874359143504,-0.37796605137909955
ROS1-25-0002,2018-07-11,0.5048598680822172,0.28319497175255615,-0.5249511915694375
ROS1-27-0005,2018-07-11,0.20562511207450562,0.09943454330416826,-0.32120486996658243
ROS1-30-0014,2018-07-11,0.2145948279292965,0.12720343033335554,-0.34013904248795374
ROS1-31-0021,2018-07-11,0.1788128206218174,0.09022907413289181,-0.299473459734189
ROS1-24-0023,2018-07-11,0.1895552112277415,0.15006134192600673,-0.34042694626649195
ROS1-25-0027,2018-07-11,0.17381664217857995,0.10677199238599082,-0.29298638037209046
ROS1-19-0037,2018-07-27,0.24713631683609397,0.1611319271230988,-0.3282797217374541
ROS1-25-0023,2018-07-27,0.18496543865050372,0.10403244748433543,-0.31402777155570344
ROS1-26-0036,2018-07-27,0.25832073076272766,0.11284006216714222,-0.35521394161955644
ROS1-27-0021,2018-07-27,0.46506884998140546,0.23593494495248177,-0.4813578128210718
ROS1-30-0013,2018-07-27,0.19507659195573393,0.15162127889133326,-0.2902146446165803
ROS1-31-0028,2018-07-27,0.19395828836182272,0.1074327358737692,-0.3256522910136549
ROS1-32-0015,2018-07-27,0.1968242657277634,0.09709774155635473,-0.28953584290421147
ROS1-38-0001,2018-07-27,0.197037009392545,0.12201132744854554,-0.32415786641218214
ROS1-19-0016,2018-07-27,0.21523879397948595,0.12313670331244797,-0.3116150917010239
ROS1-25-0002,2018-07-27,0.49811538422813423,0.30985288668142147,-0.503339168419333
ROS1-26-0040,2018-07-27,0.48030427642847606,0.264513949249632,-0.48689207998415807
ROS1-27-0005,2018-07-27,0.24848363684672672,0.13138515815966212,-0.34395040587427783
ROS1-30-0014,2018-07-27,0.21751686086114802,0.11702851707357367,-0.33146111273705414
ROS1-31-0021,2018-07-27,0.1873237782608368,0.111008516171088,-0.30879391555385194
ROS1-32-0006,2018-07-27,0.21442617663841126,0.12496503204897214,-0.3214080924222433
ROS1-38-0007,2018-07-27,0.19396345553714966,0.12053603866188498,-0.3236019070350794
ROS1-24-0023,2018-07-27,0.18584416335029144,0.13461461436397038,-0.30282619578581366
ROS1-25-0027,2018-07-27,0.2664609128699696,0.16812639964983023,-0.34928556407798794
ROS1-26-0036,2018-08-12,0.3717032536766902,0.22625887298210698,-0.43347298817724
ROS1-27-0021,2018-08-12,0.5245863615248373,0.29357780793276617,-0.5435683639734906
ROS1-32-0015,2018-08-12,0.24119406098323706,0.15383063795289798,-0.3622478473476413
ROS1-38-0001,2018-08-12,0.1896057357121801,0.09545563979243363,-0.3373662340084737
ROS1-26-0040,2018-08-12,0.4220370349102237,0.2257833857856285,-0.45587937324226263
ROS1-27-0005,2018-08-12,0.37867076233969116,0.21092243088944151,-0.43176794031010696
ROS1-32-0006,2018-08-12,0.40425005465529945,0.249512125396014,-0.47044376234220275
ROS1-38-0007,2018-08-12,0.1936241662715112,0.12168384936404471,-0.3361364935436019
ROS1-25-0027,2018-08-12,0.19026343347428062,0.06151029941239978,-0.2943349660702135
ROS1-19-0037,2018-08-28,0.21003540835236584,0.09903463006297884,-0.3050642036540788
ROS1-25-0023,2018-08-28,0.17498044676594912,0.09300228472956928,-0.31114893191510146
ROS1-26-0036,2018-08-28,0.3808294564537376,0.237915367735948,-0.46718938260908793
ROS1-27-0021,2018-08-28,0.4431031045295605,0.2519733709523829,-0.5027611632792649
ROS1-30-0013,2018-08-28,0.199389694883081,0.10945766334863169,-0.3187898584320362
ROS1-31-0028,2018-08-28,0.18165257069862525,0.08777598515993337,-0.31889962968743174
ROS1-32-0015,2018-08-28,0.19432040717736085,0.088615292177227,-0.3180832022992607
ROS1-38-0001,2018-08-28,0.17988910742474346,0.08897590934601295,-0.31967188635579535
ROS1-19-0016,2018-08-28,0.20613348610686952,0.12002901594246236,-0.3153948835879838
ROS1-25-0002,2018-08-28,0.2542903730062989,0.1323511650497312,-0.3702345479290491
ROS1-26-0040,2018-08-28,0.354546560140865,0.17835645026911873,-0.4156712646718838
ROS1-27-0005,2018-08-28,0.421453943952964,0.24327553315609887,-0.4681648621581725
ROS1-30-0014,2018-08-28,0.19508674118174466,0.09857412859076184,-0.3132002892941142
ROS1-31-0021,2018-08-28,0.16854382946144988,0.09419654583526389,-0.3030181672156222
ROS1-32-0006,2018-08-28,0.379271187865273,0.2329346084170817,-0.4610213547603451
ROS1-38-0007,2018-08-28,0.18136995955661364,0.10293652047651244,-0.3198703225578944
ROS1-24-0023,2018-08-28,0.16656960120378753,0.12077114562054976,-0.29708895381885364
ROS1-25-0027,2018-08-28,0.18222226668612027,0.10268482544451603,-0.3020328191200063
ROS1-19-0037,2018-09-13,0.21463464064740126,0.08855148584417033,-0.304849441647636
ROS1-25-0023,2018-09-13,0.1690443577161157,0.08591819763070437,-0.30856367727712836
ROS1-26-0036,2018-09-13,0.32843430195074846,0.19555194398887477,-0.44662127592809175
ROS1-27-0021,2018-09-13,0.4022578077466372,0.2261382580764009,-0.4819435532104708
ROS1-30-0013,2018-09-13,0.19908873341773997,0.10942300054416092,-0.3213506589679218
ROS1-31-0028,2018-09-13,0.1858038375144684,0.08533462857616078,-0.32265724256372796
ROS1-32-0015,2018-09-13,0.18899408569031848,0.08320488333823577,-0.3152497427126024
ROS1-38-0001,2018-09-13,0.1791014172001904,0.08446353419744286,-0.31556777914745227
ROS1-19-0016,2018-09-13,0.20572353504478194,0.11436987263120205,-0.32183477280716816
ROS1-25-0002,2018-09-13,0.2340260960223274,0.11725130797632573,-0.3610776855374873
ROS1-26-0040,2018-09-13,0.34535334137143453,0.16542614029195238,-0.4191864136615357
ROS1-27-0005,2018-09-13,0.41841795160454864,0.23955085498125686,-0.4834446213881115
ROS1-30-0014,2018-09-13,0.20097098498999816,0.09540997894477356,-0.3203724026472909
ROS1-31-0021,2018-09-13,0.16760419373758295,0.0905247629833038,-0.29966284752476957
ROS1-32-0006,2018-09-13,0.34665366955953775,0.21600626728364142,-0.4479500003165781
ROS1-38-0007,2018-09-13,0.18192060942673222,0.0995446127145772,-0.3226399233350789
ROS1-24-0023,2018-09-13,0.18089683568409215,0.1260017192786978,-0.31614999111722486
ROS1-25-0027,2018-09-13,0.19905432671803694,0.10454578851235365,-0.3233116766565485
ROS1-19-0037,2018-09-29,0.22427724835275492,0.0937424680338082,-0.30667806084475907
ROS1-25-0023,2018-09-29,0.18512034802002753,0.10290080487703533,-0.3120749625180593
ROS1-26-0036,2018-09-29,0.2352970766093855,0.02875953812597501,-0.25947574858648526
ROS1-27-0021,2018-09-29,0.4018850267073633,0.2059888918004177,-0.4662101416373542
ROS1-30-0013,2018-09-29,0.20024692019346552,0.11693318332887646,-0.3201677311873784
ROS1-31-0028,2018-09-29,0.18845632650957653,0.08235315695072153,-0.321124401621102
ROS1-32-0015,2018-09-29,0.1903898901071361,0.09257980059104752,-0.31123923252753555
ROS1-38-0001,2018-09-29,0.18581868857330247,0.08456866519785615,-0.3179367873686365
ROS1-19-0016,2018-09-29,0.22385911540980194,0.11594881494118503,-0.32227582557168505
ROS1-25-0002,2018-09-29,0.20956724834183238,0.08731438720666349,-0.3295954361856723
ROS1-26-0040,2018-09-29,0.30800170449456216,0.12751255405414993,-0.3801117833950181
ROS1-27-0005,2018-09-29,0.4813576322352264,0.2787136009373119,-0.5173721923173686
ROS1-30-0014,2018-09-29,0.20188366686128148,0.09822823855882219,-0.31717500454449227
ROS1-31-0021,2018-09-29,0.1851021710496512,0.08145927146886811,-0.3099103246779537
ROS1-32-0006,2018-09-29,0.3847511499467923,0.21495065067573765,-0.46569451543861273
ROS1-24-0023,2018-09-29,0.17774724265910177,0.12606380898830793,-0.29438271708777525
ROS1-25-0027,2018-09-29,0.17746290986208207,0.09146144168460564,-0.3002792158664983
ROS1-19-0037,2018-10-15,0.3744331549250494,0.18543383781070283,-0.41036026560850386
ROS1-25-0023,2018-10-15,0.1926810949329653,0.08577822759012094,-0.31435951151757263
ROS1-26-0036,2018-10-15,0.23315326254840366,0.10391987896735873,-0.3547958937620477
ROS1-27-0021,2018-10-15,0.21025274229130714,0.0788028518020336,-0.28661067944710616
ROS1-30-0013,2018-10-15,0.18174201917142008,0.11562692000883669,-0.2878088654280977
ROS1-31-0028,2018-10-15,0.19259811449036807,0.08492801909179705,-0.32072924685447946
ROS1-32-0015,2018-10-15,0.196477885869329,0.09232471596409385,-0.30909586597201566
ROS1-38-0001,2018-10-15,0.17985527185872432,0.08632401344760945,-0.3061612817953627
ROS1-19-0016,2018-10-15,0.21510109690388365,0.11099705751978288,-0.3173761280164787
ROS1-25-0002,2018-10-15,0.20199768078269034,0.0920062128129658,-0.3168930825984631
ROS1-26-0040,2018-10-15,0.3502694229189538,0.14212235671701884,-0.4054725783332873
ROS1-27-0005,2018-10-15,0.468280981684414,0.26179168716653395,-0.5182237884319252
ROS1-30-0014,2018-10-15,0.20615124521941064,0.10719838483971346,-0.31698309260786095
ROS1-31-0021,2018-10-15,0.18492759931155528,0.07961919263187646,-0.3051509773729544
ROS1-32-0006,2018-10-15,0.35260439819711886,0.1827226359961116,-0.4400031589595343
ROS1-38-0007,2018-10-15,0.1907251953043313,0.07727960729235225,-0.3073318194555178
ROS1-24-0023,2018-10-15,0.1624598768462641,0.11106097773479011,-0.26709929444952674
ROS1-25-0027,2018-10-15,0.17328762779452742,0.08650470216127144,-0.28761863816166816
ROS1-18-0030,2018-04-06,0.33277796741700766,0.1671875440912944,-0.37281556644451397
ROS1-19-0037,2018-04-06,0.3863324002829447,0.21061764155150275,-0.44691015847388427
ROS1-24-0006,2018-04-06,0.3886041622131742,0.22206205149055622,-0.42840835606317945
ROS1-25-0023,2018-04-06,0.3925417063745372,0.2182229907409961,-0.4561913007912183
ROS1-30-0013,2018-04-06,0.21220360734181823,0.13382495189609506,-0.3283681800057843
ROS1-18-0024,2018-04-06,0.2479938223807674,0.12236522549892447,-0.3339818150075029
ROS1-19-0016,2018-04-06,0.39311993831260356,0.21764450029539056,-0.4427765375393763
ROS1-24-0034,2018-04-06,0.38384764787093023,0.20665099058308245,-0.4301160005827099
ROS1-25-0002,2018-04-06,0.18805115123699714,0.10334534571545338,-0.3096730882881319
ROS1-30-0014,2018-04-06,0.29077793695852955,0.1569922506693171,-0.3806886575311483
ROS1-18-0009,2018-04-06,0.2167130354625248,0.11389610657404843,-0.2936273914993411
ROS1-24-0023,2018-04-06,0.20741395502252694,0.09160254389591482,-0.30501240829294257
ROS1-18-0030,2018-05-24,0.8439338237252766,0.6252333747512632,-0.7754077372987761
ROS1-19-0037,2018-05-24,0.7413313589643696,0.5058244324476544,-0.6767005280034395
ROS1-24-0006,2018-05-24,0.7952137906171005,0.5062660666911454,-0.7152989656065362
ROS1-25-0023,2018-05-24,0.7985853632087143,0.532109297128362,-0.7286730731062021
ROS1-30-0013,2018-05-24,0.27750917855326956,0.15825131415726992,-0.3665674714771112
ROS1-19-0016,2018-05-24,0.8257192541112857,0.4951938273764667,-0.7457829082212467
ROS1-24-0034,2018-05-24,0.8089910023230372,0.584353225109444,-0.7404532137291033
ROS1-25-0002,2018-05-24,0.24929179149634212,0.12004775179445173,-0.34689792601109015
ROS1-30-0014,2018-05-24,0.4702306740608442,0.26146831142792337,-0.5098547831182558
ROS1-18-0009,2018-05-24,0.5295690407988416,0.3249187542728252,-0.5125637209424289
ROS1-24-0023,2018-05-24,0.5347557336129334,0.3780904052047091,-0.5281269337570621
ROS1-18-0030,2018-06-09,0.7548467626208312,0.5282242901976891,-0.7289987021559523
ROS1-19-0037,2018-06-09,0.6524919552377922,0.41755421603470233,-0.6425746317239013
ROS1-24-0006,2018-06-09,0.5085380891973762,0.3087335077879161,-0.5519259300563738
ROS1-25-0023,2018-06-09,0.5000666600101156,0.29523043759116485,-0.5760952345273748
ROS1-30-0013,2018-06-09,0.3038538628112737,0.17995214767199183,-0.38564086828897814
ROS1-18-0024,2018-06-09,0.530323925954936,0.32085280396823057,-0.5436225361599611
ROS1-19-0016,2018-06-09,0.7167277432980049,0.4858002774845822,-0.6852899397249155
ROS1-24-0034,2018-06-09,0.621178852953115,0.36480770101999477,-0.6403055557824112
ROS1-25-0002,2018-06-09,0.30533469419100173,0.1507343499445939,-0.384096936456792
ROS1-30-0014,2018-06-09,0.3395615373622821,0.18215081364653923,-0.43592396643326653
ROS1-18-0009,2018-06-09,0.5916176848359768,0.3709289856074673,-0.5765318362909212
ROS1-24-0023,2018-06-09,0.520279355612969,0.3518750296388213,-0.540984196670371
ROS1-18-0030,2018-06-25,0.36870546011864785,0.2576919653792553,-0.5539763888939475
ROS1-19-0016,2018-06-25,0.3575233180995847,0.14566560360841307,-0.5044889180309351
ROS1-18-0009,2018-06-25,0.522104668344787,0.36535138055781313,-0.5700176729821854
ROS1-24-0023,2018-06-25,0.32526342005600967,0.2313485421168246,-0.4261977556358214
ROS1-18-0030,2018-07-11,0.19231064728450867,0.16258066343530556,-0.35704247316229165
ROS1-19-0037,2018-07-11,0.2125835878512728,0.13930418304620784,-0.3308878431997905
ROS1-24-0006,2018-07-11,0.17578641632785497,0.14638224516588536,-0.32889994992549626
ROS1-25-0023,2018-07-11,0.20603050426456102,0.1527176829090167,-0.37651409476228476
ROS1-30-0013,2018-07-11,0.3071924144377454,0.18466930469613446,-0.3759756125994424
ROS1-18-0024,2018-07-11,0.21184046047748578,0.15441297882652263,-0.32079242309773637
ROS1-19-0016,2018-07-11,0.22709329476443385,0.17957845155904045,-0.3796042716858108
ROS1-24-0034,2018-07-11,0.202236024576741,0.15117745291888215,-0.36309455110461863
ROS1-25-0002,2018-07-11,0.5064528678946743,0.28359296822003766,-0.5266248596005546
ROS1-30-0014,2018-07-11,0.21523584441769608,0.12721914136882082,-0.3412924658607964
ROS1-18-0009,2018-07-11,0.40828944740840717,0.2537254722839642,-0.4663434706438894
ROS1-24-0023,2018-07-11,0.1904019670872998,0.1510648087455618,-0.341016897880029
ROS1-18-0030,2018-07-27,0.20672654202077567,0.10480612742897213,-0.30363606883093025
ROS1-19-0037,2018-07-27,0.24693172238953706,0.16086337323015118,-0.3288788119518309
ROS1-24-0006,2018-07-27,0.14998065551041956,0.10476052133338351,-0.27056731838542825
ROS1-25-0023,2018-07-27,0.18559482260018895,0.1042828626744687,-0.31553255972368216
ROS1-30-0013,2018-07-27,0.1788539324160897,0.1501765653414519,-0.2715272475083116
ROS1-18-0024,2018-07-27,0.23502468132255053,0.1350553295281389,-0.3501537120049364
ROS1-19-0016,2018-07-27,0.2152784179152701,0.12318292398020049,-0.3122810440040232
ROS1-24-0034,2018-07-27,0.24769290674194472,0.13644300288367014,-0.3566180125798376
ROS1-25-0002,2018-07-27,0.5281409046308948,0.31531583440357513,-0.5274485951073594
ROS1-30-0014,2018-07-27,0.21651675989543598,0.1167951395053403,-0.3308545026408102
ROS1-18-0009,2018-07-27,0.4276193585175413,0.22238468013384777,-0.4388544509260693
ROS1-24-0023,2018-07-27,0.18582171340034104,0.1345386733342463,-0.30357030393315476
ROS1-18-0030,2018-08-28,0.16839734956115063,0.08389968201719973,-0.2863704757842625
ROS1-19-0037,2018-08-28,0.20960494810112068,0.0988170729488721,-0.30486821922819585
ROS1-24-0006,2018-08-28,0.18719535694250097,0.08784979913197365,-0.3032325303144819
ROS1-25-0023,2018-08-28,0.17533058074628052,0.09317407714311317,-0.31191163468142263
ROS1-30-0013,2018-08-28,0.19947400965711534,0.10967298748604365,-0.3188895773097334
ROS1-18-0024,2018-08-28,0.21653065047327408,0.13681793232013653,-0.33469180395798
ROS1-19-0016,2018-08-28,0.20668079566062073,0.12044157253212177,-0.3161414089441579
ROS1-24-0034,2018-08-28,0.1840525507264907,0.08959683811078324,-0.2931452646594189
ROS1-25-0002,2018-08-28,0.25479941387377236,0.13252955659856122,-0.37117354942733005
ROS1-30-0014,2018-08-28,0.1956050186536324,0.09877564136467823,-0.31421987216705666
ROS1-18-0009,2018-08-28,0.23161600862447232,0.11681385735292757,-0.3395367077808194
ROS1-24-0023,2018-08-28,0.16678237196663645,0.12104652835068853,-0.29752225869809856
ROS1-18-0030,2018-09-13,0.1791397747405904,0.0833414005815348,-0.30240036830734135
ROS1-19-0037,2018-09-13,0.21623365154850474,0.08840600132539438,-0.30711268656629587
ROS1-24-0006,2018-09-13,0.18864613862279336,0.11028703471766803,-0.31343298961573723
ROS1-25-0023,2018-09-13,0.16911972954415588,0.0859339351208829,-0.30870675755223953
ROS1-30-0013,2018-09-13,0.19875163978794008,0.10948808944521268,-0.32054204536553965
ROS1-18-0024,2018-09-13,0.20524594383431047,0.10562570056649452,-0.32713743680447094
ROS1-19-0016,2018-09-13,0.20622554914544836,0.11459488556059527,-0.32235463058369407
ROS1-24-0034,2018-09-13,0.19261334506958236,0.08414514554073343,-0.30361737743502515
ROS1-25-0002,2018-09-13,0.23425051425473525,0.11725911553274398,-0.3614654474441011
ROS1-30-0014,2018-09-13,0.20156637924263032,0.09540979939625278,-0.3214928734873039
ROS1-18-0009,2018-09-13,0.19560174791833404,0.08509711082022901,-0.29807848979449925
ROS1-24-0023,2018-09-13,0.1807574610846165,0.12615681828258787,-0.3158151850388094
ROS1-18-0030,2018-09-29,0.1797264935178505,0.08145033025777036,-0.29637376364525286
ROS1-19-0037,2018-09-29,0.2230188299533873,0.09421326162329173,-0.3036781320367899
ROS1-24-0006,2018-09-29,0.19329067303196062,0.12368973991739451,-0.31343380218237854
ROS1-25-0023,2018-09-29,0.1851720428222801,0.10306018632619453,-0.31225673287577327
ROS1-30-0013,2018-09-29,0.20004153450312986,0.11723634976069722,-0.3196466769652336
ROS1-18-0024,2018-09-29,0.19770786321938413,0.10274179444960675,-0.3089706769150826
ROS1-19-0016,2018-09-29,0.2233535476454017,0.11613267656659751,-0.3214654626988395
ROS1-24-0034,2018-09-29,0.18680700976622536,0.09283637627765703,-0.295818354559408
ROS1-25-0002,2018-09-29,0.20926356903048288,0.08739163287880741,-0.3289391040104172
ROS1-30-0014,2018-09-29,0.20169121584597005,0.09860039260320894,-0.3164069213427694
ROS1-18-0009,2018-09-29,0.191616441805143,0.08639345058564325,-0.2863991619864591
ROS1-24-0023,2018-09-29,0.17774198453457105,0.12632321730848042,-0.294451425806662
ROS1-18-0030,2018-10-15,0.18348568371161048,0.07966680534811311,-0.2930038936679696
ROS1-19-0037,2018-10-15,0.3742522244647427,0.18476548002706322,-0.4102179097312273
ROS1-24-0006,2018-10-15,0.1921163662468264,0.1218704979812118,-0.30425212985664596
ROS1-25-0023,2018-10-15,0.19385192599759046,0.0863067968903489,-0.3146202153783025
ROS1-30-0013,2018-10-15,0.1834126952721549,0.11604315081418064,-0.2901072435678365
ROS1-18-0024,2018-10-15,0.22231357006270522,0.11305341664329384,-0.3231305072614443
ROS1-19-0016,2018-10-15,0.21595971116981486,0.11147756248840056,-0.3174082921034575
ROS1-24-0034,2018-10-15,0.18506152182118232,0.08213466398069072,-0.2921560897050154
ROS1-25-0002,2018-10-15,0.20403232324905096,0.09260113737669283,-0.3186773081469456
ROS1-30-0014,2018-10-15,0.20779880190270208,0.10780675349108683,-0.31854895374231496
ROS1-18-0009,2018-10-15,0.1986325400962415,0.08138855636330923,-0.29755199039915975
ROS1-24-0023,2018-10-15,0.163763899417514,0.11171036320196005,-0.26855632427069587
ROS1-29-0008,2018-04-13,0.2116013070915096,0.05899906348584697,-0.3054775958629898
ROS1-28-0013,2018-04-13,0.21534242492036276,0.08744994545646861,-0.3132937305599117
ROS1-29-0008,2018-04-29,0.2168355875909858,0.08749114664445343,-0.290039378244532
ROS1-22-0006,2018-05-15,0.7593331513046115,0.5130666780941712,-0.7003279171489013
ROS1-28-0013,2018-05-15,0.2794448610278973,0.12414386066066148,-0.36865371530404084
ROS1-29-0008,2018-05-31,0.24182391444603826,0.11224585038635963,-0.30203781026110127
ROS1-22-0006,2018-05-31,0.8731076997146965,0.6444725863170357,-0.7941787694864724
ROS1-28-0013,2018-05-31,0.25428426379027563,0.12899057745592077,-0.3586655933163431
ROS1-29-0008,2018-06-16,0.23868085845299264,0.08686738737714754,-0.322011881962262
ROS1-29-0008,2018-07-02,0.2444162573786332,0.11749838046809506,-0.32631237045562533
ROS1-22-0006,2018-07-02,0.2990861849357936,0.1670499153642315,-0.48698371281753094
ROS1-22-0006,2018-08-03,0.2247051008123673,0.057369490076702216,-0.24502386181698332
ROS1-29-0008,2018-08-19,0.21817459497915792,0.07694894297370335,-0.28942424736136146
ROS1-22-0006,2018-08-19,0.2779119103846561,0.13041536275136603,-0.34860477867470707
ROS1-29-0008,2018-09-04,0.2064978922557993,0.08010848384848013,-0.27903021993816035
ROS1-22-0006,2018-09-04,0.2876178871932928,0.14092005109893535,-0.35847729438691905
ROS1-29-0008,2018-09-20,0.33454397392815577,0.11363915107963983,-0.3622348290085685
ROS1-22-0006,2018-09-20,0.3002046019945456,0.13842227681659466,-0.37753604743894026
ROS1-29-0008,2018-10-06,0.7326530948350217,0.34270400224549596,-0.6175675894299723
ROS1-22-0006,2018-10-06,0.24659288342642535,0.09022548507031714,-0.3531267043045838
ROS1-16-0006,2018-04-13,0.2007594890420764,0.08966728157194537,-0.2602456102062391
ROS1-21-0043,2018-04-13,0.42862355656887774,0.23704012354018975,-0.4688373586249376
ROS1-26-0036,2018-04-13,0.21152171547319118,0.07293602131220324,-0.29709882278802635
ROS1-27-0021,2018-04-13,0.24219697750957037,0.09473938507455883,-0.3381585997129087
ROS1-28-0030,2018-04-13,0.4924178229300865,0.2424657501352797,-0.5089722648896844
ROS1-21-0036,2018-04-13,0.46609957212345926,0.25657745569195034,-0.4996543225722674
ROS1-27-0005,2018-04-13,0.3479906439931697,0.15907023916740196,-0.4269729685630291
ROS1-21-0000,2018-04-13,0.20984335365397744,0.08494954683292269,-0.30738307399656095
ROS1-15-0022,2018-04-13,0.2206083640180323,0.10309500789680807,-0.3132576133734046
ROS1-22-0026,2018-04-29,0.6929515501751322,0.4016288898504745,-0.6633990337551615
ROS1-21-0043,2018-05-15,0.5904279045040502,0.3003904931818801,-0.556803628596726
ROS1-26-0036,2018-05-15,0.5054491060086018,0.2105055082913334,-0.47092777940564434
ROS1-28-0030,2018-05-15,0.8199409715572522,0.5420478074805821,-0.7315749889186725
ROS1-15-0006,2018-05-15,0.3218201653500423,0.2268180811249665,-0.3836634173255033
ROS1-28-0013,2018-05-15,0.2786795812936055,0.12388332255945929,-0.3687476989993648
ROS1-21-0000,2018-05-15,0.3046613265341294,0.12535526538492037,-0.3535702415897718
ROS1-15-0003,2018-05-31,0.2319986059094032,0.11928187283027804,-0.33630517752059547
ROS1-16-0006,2018-05-31,0.22940630967049802,0.11291838155357357,-0.3180718530590993
ROS1-21-0043,2018-05-31,0.5744741373543854,0.32552632477118565,-0.5783720567846188
ROS1-26-0036,2018-05-31,0.545523553428848,0.28308496704417524,-0.5095631571923599
ROS1-27-0021,2018-05-31,0.4122200867393863,0.192562630956738,-0.43741233443107136
ROS1-15-0006,2018-05-31,0.32863798863619764,0.2107182575513898,-0.41735144109741706
ROS1-21-0036,2018-05-31,0.6108996451459493,0.33724436017249093,-0.6066350672882017
ROS1-22-0006,2018-05-31,0.8712294019173102,0.6441678413684231,-0.7937753007894589
ROS1-27-0005,2018-05-31,0.32086689742760816,0.1217366277129701,-0.38266100193606295
ROS1-28-0013,2018-05-31,0.2543764539358173,0.12849576442166605,-0.36074928486695945
ROS1-15-0022,2018-05-31,0.43443289386756984,0.26920766199201446,-0.46228922100747694
ROS1-16-0004,2018-05-31,0.769815758365145,0.4255493599835999,-0.6823959920407517
ROS1-15-0003,2018-06-16,0.287390201864428,0.16238918373473754,-0.374553675118529
ROS1-16-0006,2018-06-16,0.41594812090531924,0.22966336718464112,-0.43680739421757314
ROS1-21-0043,2018-06-16,0.35435555502277105,0.19634474460709397,-0.46515046395477516
ROS1-22-0026,2018-06-16,0.6468904199043466,0.4356039292527226,-0.6370707645864037
ROS1-26-0036,2018-06-16,0.5063919658188505,0.2523122883648793,-0.5184272066694697
ROS1-27-0021,2018-06-16,0.4074088762003889,0.18564772232062998,-0.4476841333507129
ROS1-28-0030,2018-06-16,0.5061098303635109,0.27433857614664103,-0.5792351387454479
ROS1-15-0006,2018-06-16,0.39107149811398173,0.2717014901620103,-0.454969378944326
ROS1-21-0036,2018-06-16,0.34434841435785357,0.19703283601277416,-0.4621944777803951
ROS1-27-0005,2018-06-16,0.21734600342786256,0.1002022288323706,-0.34761876161127375
ROS1-21-0000,2018-06-16,0.5689098950620576,0.2999638995357846,-0.5450468851168568
ROS1-15-0022,2018-06-16,0.6489807561661698,0.44648894962734853,-0.6056986392108566
ROS1-16-0004,2018-06-16,0.7223533122520412,0.44388607040750805,-0.6539490593930202
ROS1-15-0003,2018-07-02,0.47770140732841704,0.31103372350574204,-0.5040842769637001
ROS1-16-0006,2018-07-02,0.7254914348210785,0.49854435747030673,-0.6542071251402101
ROS1-21-0043,2018-07-02,0.21579809494951666,0.14148950427526397,-0.3738422533878442
ROS1-22-0026,2018-07-02,0.3096704235649613,0.1763933568991353,-0.5018742138314652
ROS1-26-0036,2018-07-02,0.3262982353841707,0.18254790255659362,-0.4080517288699253
ROS1-27-0021,2018-07-02,0.3737008928732078,0.167833059494113,-0.4457126398788928
ROS1-28-0030,2018-07-02,0.28029096886273114,0.1640622145950414,-0.48494528950184934
ROS1-15-0006,2018-07-02,0.6388095228096159,0.4631635964660305,-0.612598914650269
ROS1-21-0036,2018-07-02,0.2056775064155643,0.14271770996097907,-0.3696059705014182
ROS1-22-0006,2018-07-02,0.299761653150825,0.16745293414537912,-0.487685729769729
ROS1-27-0005,2018-07-02,0.20511705870855826,0.08845643584911991,-0.33774443556313555
ROS1-28-0013,2018-07-02,0.6155176821849124,0.337347044525691,-0.5862052917706526
ROS1-21-0000,2018-07-02,0.44344042075341555,0.21832529014904253,-0.45186637783228356
ROS1-15-0022,2018-07-02,0.7345109229324909,0.4979454226150768,-0.6671397066486345
ROS1-16-0004,2018-07-02,0.42940932286031863,0.23564334058101122,-0.5186712141421762
ROS1-15-0003,2018-07-18,0.7589086939859833,0.6071933062953397,-0.678906052082063
ROS1-16-0006,2018-07-18,0.8533076195012744,0.6877672087164236,-0.720389082088967
ROS1-21-0043,2018-07-18,0.19373835021229924,0.11904399614691982,-0.29981458862435634
ROS1-26-0036,2018-07-18,0.2272513867297873,0.08938969894893785,-0.3644821618505868
ROS1-27-0021,2018-07-18,0.18059839727038363,0.47361886895316907,-0.2395380065799031
ROS1-28-0030,2018-07-18,0.14814270350324701,0.10693700802671371,-0.2762038154289177
ROS1-15-0006,2018-07-18,0.7459279112561193,0.5709226390963346,-0.6611880767680752
ROS1-15-0003,2018-08-03,0.7970615454366677,0.6577388350260501,-0.7264408609836805
ROS1-16-0006,2018-08-03,0.8090653832255685,0.6594905427799654,-0.7091519036189077
ROS1-21-0043,2018-08-03,0.32929468096490694,0.19188350377588884,-0.38756525038493955
ROS1-22-0026,2018-08-03,0.3257217305601017,0.17795548089000907,-0.3728220793609327
ROS1-15-0006,2018-08-03,0.6940087102411082,0.4741401422377227,-0.6391185422465518
ROS1-21-0036,2018-08-03,0.32478967063334374,0.20811727037316513,-0.3996211778315806
ROS1-22-0006,2018-08-03,0.21119101776154886,0.059256741921087125,-0.23404902250558746
ROS1-28-0013,2018-08-03,0.6623840032040073,0.3833701103754984,-0.5790263470559299
ROS1-21-0000,2018-08-03,0.3737365964268007,0.17243855568125338,-0.43914834593700014
ROS1-15-0022,2018-08-03,0.7183038156372721,0.44404190409517463,-0.6335635095812001
ROS1-15-0003,2018-08-19,0.7787734793699096,0.5746087299357531,-0.6965304729326449
ROS1-16-0006,2018-08-19,0.7451201848078248,0.5203082972999987,-0.6297188218165262
ROS1-21-0043,2018-08-19,0.38277778187328937,0.23259903811792962,-0.4310230173953148
ROS1-22-0026,2018-08-19,0.2145319290650527,0.09652897471082385,-0.3151012345791396
ROS1-26-0036,2018-08-19,0.39670804374076757,0.2406797206876467,-0.46361735909131596
ROS1-27-0021,2018-08-19,0.48351747795565786,0.26392200367297497,-0.5257927766554329
ROS1-28-0030,2018-08-19,0.28265533992503394,0.18453874534392775,-0.3880636948735893
ROS1-15-0006,2018-08-19,0.43579478324107324,0.24757980399741109,-0.48616375520569827
ROS1-21-0036,2018-08-19,0.3800407459069671,0.24929090948717808,-0.453829558780286
ROS1-22-0006,2018-08-19,0.27741830080216273,0.13020791514988878,-0.3486104117954258
ROS1-27-0005,2018-08-19,0.40999373795541977,0.22998133140303442,-0.44961664850024935
ROS1-28-0013,2018-08-19,0.39653221421982715,0.20963222622665245,-0.40538586724320974
ROS1-21-0000,2018-08-19,0.2691547444288693,0.1544895354863202,-0.3791447758640356
ROS1-15-0022,2018-08-19,0.507224245029613,0.2706864261242328,-0.5016318304737786
ROS1-16-0004,2018-08-19,0.497828260926266,0.30647183220150254,-0.5127644056945782
ROS1-15-0003,2018-09-04,0.567579593179328,0.33406825448649646,-0.5379270504338103
ROS1-16-0006,2018-09-04,0.4072204491612519,0.20541899899107716,-0.42554747823440126
ROS1-21-0043,2018-09-04,0.21195420067211262,0.09617386298893942,-0.2908808372969289
ROS1-22-0026,2018-09-04,0.21652366638589637,0.09662086465680769,-0.3209104488910728
ROS1-26-0036,2018-09-04,0.3548091376037207,0.21360044077164694,-0.45137855971523105
ROS1-27-0021,2018-09-04,0.4111149806988866,0.2302768616919863,-0.4832259493232375
ROS1-28-0030,2018-09-04,0.28744498562912624,0.18726869470255578,-0.40236011905167374
ROS1-15-0006,2018-09-04,0.35248741892448365,0.1962388025977863,-0.4565190324136014
ROS1-21-0036,2018-09-04,0.21575544111898853,0.09008592539848985,-0.29593181970970694
ROS1-22-0006,2018-09-04,0.2891323978715908,0.14155066791857795,-0.36062891204694353
ROS1-27-0005,2018-09-04,0.40428981000646874,0.23224173280970642,-0.46109937113860766
ROS1-28-0013,2018-09-04,0.2572546617617043,0.11148762798698958,-0.3822504468787002
ROS1-21-0000,2018-09-04,0.2714174853971565,0.1328554534446561,-0.36199781722138935
ROS1-15-0022,2018-09-04,0.3112365251258361,0.15228425898040837,-0.4100394861650436
ROS1-16-0004,2018-09-04,0.4240148037597846,0.2512888164419889,-0.4853812497514831
ROS1-15-0003,2018-09-20,0.3352166280323307,0.1523495981223746,-0.4198185155149081
ROS1-16-0006,2018-09-20,0.3191535319562366,0.12273052323075047,-0.4400744692023653
ROS1-21-0043,2018-09-20,0.1969826048366565,0.060318975827953585,-0.3086200415722714
ROS1-22-0026,2018-09-20,0.1936484257660183,0.07586005942943912,-0.318285364883023
ROS1-26-0036,2018-09-20,0.3150406533280748,0.1655979634074878,-0.43749548553575085
ROS1-27-0021,2018-09-20,0.4072364406517435,0.20307255581978567,-0.479144580192591
ROS1-28-0030,2018-09-20,0.2691162764124472,0.13647158924861788,-0.38541574488045793
ROS1-15-0006,2018-09-20,0.3415710084455942,0.17114243381192298,-0.4542167866201625
ROS1-21-0036,2018-09-20,0.2075962891318521,0.05746838278220427,-0.3195136903952915
ROS1-22-0006,2018-09-20,0.30090569109162524,0.13875495108451127,-0.3786966186365828
ROS1-27-0005,2018-09-20,0.43184668351739,0.23528564131227245,-0.48817636523433333
ROS1-28-0013,2018-09-20,0.24703282716755218,0.10348521132096943,-0.37813283717432744
ROS1-21-0000,2018-09-20,0.2589439154988095,0.10956389248739141,-0.3680834315371452
ROS1-15-0022,2018-09-20,0.26460667276454386,0.12759689185737075,-0.382236062900837
ROS1-16-0004,2018-09-20,0.35731605605207306,0.19167096570274672,-0.44900154052029445
ROS1-16-0006,2018-10-06,0.25105882568143073,0.1115416006868596,-0.35411763751884673
ROS1-21-0043,2018-10-06,0.20091440192814872,0.05676246277367311,-0.31784087122934435
ROS1-22-0026,2018-10-06,0.2755737925375979,0.1308845260673748,-0.3610742817666537
ROS1-26-0036,2018-10-06,0.25192360304164674,0.10629426501019475,-0.37828423440685777
ROS1-27-0021,2018-10-06,0.40697399755962177,0.18071871590956995,-0.47503117340550033
ROS1-21-0036,2018-10-06,0.2165165529888472,0.0547873722970712,-0.3388406177027912
ROS1-22-0006,2018-10-06,0.24713093136446185,0.09055646817626764,-0.353219040017076
ROS1-27-0005,2018-10-06,0.5136053594143363,0.25801759350022596,-0.5406448974213005
ROS1-21-0000,2018-10-06,0.23408118468488093,0.09589189739509685,-0.3488466170857145
ROS1-15-0022,2018-10-06,0.2538827517615689,0.1166581341972562,-0.36659344724983617
ROS1-07-0018,2018-04-13,0.6229825205418378,0.33139316137812785,-0.5609723088919325
ROS1-18-0030,2018-04-13,0.44237171128741015,0.23357096153731347,-0.45746141864237916
ROS1-19-0037,2018-04-13,0.4528677027713252,0.25936946727056837,-0.4853999683760422
ROS1-26-0036,2018-04-13,0.21235951838061373,0.07301600058264997,-0.2986394067232725
ROS1-19-0016,2018-04-13,0.4918210176100554,0.2779592496732933,-0.5121076217544265
ROS1-18-0009,2018-04-13,0.24316260409873616,0.10752810398080635,-0.31485880262194116
ROS1-08-0022,2018-04-13,0.20335226226887287,0.0807120156532771,-0.2672444407069073
ROS1-14-0002,2018-04-13,0.20527909450321966,0.08317013468391923,-0.28925606882120797
ROS1-07-0018,2018-04-29,0.8427174960070821,0.618442723251698,-0.7515787817529962
ROS1-13-0013,2018-04-29,0.25076267926505663,0.12512919496571048,-0.33622028708001256
ROS1-18-0030,2018-04-29,0.4347312833384381,0.403889254549831,-0.4429633744548018
ROS1-19-0037,2018-04-29,0.6583558515106313,0.38415006067779844,-0.6178510149203462
ROS1-19-0016,2018-04-29,0.6860259198423391,0.4233518208332209,-0.6445564089355303
ROS1-18-0009,2018-04-29,0.3109246352438249,0.15052192096352363,-0.37178163347729504
ROS1-07-0005,2018-04-29,0.8587686571820898,0.6379790661529127,-0.7656786279966021
ROS1-08-0022,2018-04-29,0.21040819876275263,0.08892131186975735,-0.28817469619109537
ROS1-13-0005,2018-04-29,0.4471928125166718,0.21058665908598065,-0.4467269222558272
ROS1-07-0018,2018-05-15,0.8682384434745695,0.6523233673369946,-0.788444360345259
ROS1-13-0013,2018-05-15,0.3433996407214191,0.1606114224298818,-0.38422476367090386
ROS1-18-0030,2018-05-15,0.8606983750186529,0.6063354052760682,-0.7911775548634463
ROS1-19-0037,2018-05-15,0.8387424859207337,0.5500489781659162,-0.7381350076641106
ROS1-26-0036,2018-05-15,0.49771100009110913,0.20839291354684913,-0.4668315532559136
ROS1-19-0016,2018-05-15,0.8490801090998891,0.592354196149383,-0.7518113089663244
ROS1-18-0009,2018-05-15,0.428373415632292,0.22438802709285696,-0.4466838950618806
ROS1-07-0005,2018-05-15,0.7909069519954497,0.6409149598564794,-0.7251768936891172
ROS1-08-0022,2018-05-15,0.2662789391110473,0.11394858077580024,-0.32238122259455704
ROS1-13-0005,2018-05-15,0.6970575712218977,0.4011591737090545,-0.5978726526556938
ROS1-14-0002,2018-05-15,0.2585453351466453,0.12115761595766707,-0.3531285261456214
ROS1-07-0018,2018-05-31,0.8457187942534539,0.619607363209733,-0.7805662687308642
ROS1-13-0013,2018-05-31,0.29013741062041193,0.14391330791475768,-0.36914724198712234
ROS1-18-0030,2018-05-31,0.840758163151246,0.5778045217261428,-0.7947290431766837
ROS1-19-0037,2018-05-31,0.7741084703708749,0.4834375080159829,-0.7264888554151961
ROS1-26-0036,2018-05-31,0.5448210382322557,0.2828651912034294,-0.5096162149316392
ROS1-19-0016,2018-05-31,0.80600338007779,0.5532890323210851,-0.7497934220330895
ROS1-18-0009,2018-05-31,0.5289376314575897,0.28968170496540263,-0.5355197117977891
ROS1-07-0005,2018-05-31,0.8569323794268835,0.6452659523590886,-0.7786929908290137
ROS1-08-0022,2018-05-31,0.38810811975183257,0.1894114893989965,-0.41088589590081215
ROS1-13-0005,2018-05-31,0.8042087820605508,0.5525738911972133,-0.721271246780188
ROS1-14-0002,2018-05-31,0.32971804388390213,0.18503252779976287,-0.3957168997864711
ROS1-07-0018,2018-06-16,0.5065740747961893,0.3484905777479337,-0.5756519711990513
ROS1-13-0013,2018-06-16,0.22845913107665541,0.11733421571915004,-0.3330573798421311
ROS1-18-0030,2018-06-16,0.5380000367155744,0.3154532039985164,-0.5950792327664423
ROS1-19-0037,2018-06-16,0.45335162803165,0.27025329258284536,-0.5571109349983265
ROS1-26-0036,2018-06-16,0.5071976038408663,0.25225598412212896,-0.5204567404110788
ROS1-19-0016,2018-06-16,0.49090903073366715,0.2791820358689392,-0.5799281791842786
ROS1-07-0005,2018-06-16,0.42232825324933176,0.2809585099737998,-0.5195444957981672
ROS1-08-0022,2018-06-16,0.6340665828506008,0.3636369306110678,-0.5967696393592674
ROS1-14-0002,2018-06-16,0.4532454926816563,0.23998526010626042,-0.4789233901026592
ROS1-07-0018,2018-07-02,0.3035226447322789,0.2035595080895716,-0.4972932762820128
ROS1-13-0013,2018-07-02,0.2111124227630049,0.10215278164851448,-0.32533570762864167
ROS1-18-0030,2018-07-02,0.2966758345311408,0.1849337871437887,-0.4987694136335054
ROS1-19-0037,2018-07-02,0.24919098377808135,0.1895206794404208,-0.4127144550262638
ROS1-26-0036,2018-07-02,0.3253404997370943,0.18265187995609844,-0.4076501199223534
ROS1-19-0016,2018-07-02,0.32664667257189856,0.20405238928167202,-0.5043552870984699
ROS1-18-0009,2018-07-02,0.5078765028933494,0.3160310857106273,-0.5492933549818788
ROS1-07-0005,2018-07-02,0.2985977693970042,0.18727837407195277,-0.46283076920431954
ROS1-08-0022,2018-07-02,0.6914669194733701,0.41044768037461987,-0.6479787281296221
ROS1-13-0005,2018-07-02,0.42268004750076865,0.30058890485905926,-0.5127359851969945
ROS1-14-0002,2018-07-02,0.6064237569545856,0.3237657084233544,-0.5765388290763171
ROS1-19-0037,2018-07-18,0.1702041840381397,0.16225245838204538,-0.2511747457389321
ROS1-26-0036,2018-07-18,0.24286401479560774,0.08646120045515035,-0.39716934095550266
ROS1-18-0009,2018-07-18,0.4139314296179643,0.2615471347219727,-0.4319349923375802
ROS1-07-0005,2018-07-18,0.277731195542067,0.1814255084393032,-0.42934518756528445
ROS1-13-0005,2018-07-18,0.23267519715115617,0.13421932174878254,-0.33647874825598467
ROS1-14-0002,2018-07-18,0.7245239559125606,0.4195923196755092,-0.6434721919972096
ROS1-07-0005,2018-08-03,0.2639591054819267,0.1716262854816892,-0.32897405268748015
ROS1-08-0022,2018-08-03,0.5168518938944097,0.2899136292456077,-0.5359855106806239
ROS1-14-0002,2018-08-03,0.7034735047870438,0.4366810382737884,-0.6559435449411308
ROS1-07-0018,2018-08-19,0.19909072822458007,0.08245563937830737,-0.26711976680377103
ROS1-13-0013,2018-08-19,0.2720928007949843,0.1421879420271454,-0.34848435160175384
ROS1-18-0030,2018-08-19,0.17300481290414066,0.08207785615336333,-0.2884113583618237
ROS1-19-0037,2018-08-19,0.22176721281858744,0.1002279688441025,-0.3107329911109317
ROS1-26-0036,2018-08-19,0.39705816466393035,0.24076186321624432,-0.4643376918086304
ROS1-19-0016,2018-08-19,0.20614759441604255,0.11680624942062419,-0.3160547303494629
ROS1-18-0009,2018-08-19,0.24327052388981502,0.11408440449467912,-0.3420413717913737
ROS1-07-0005,2018-08-19,0.21070494687784255,0.11814331713828849,-0.32591951478955195
ROS1-08-0022,2018-08-19,0.3034458140751696,0.16626977092516515,-0.43132154978803927
ROS1-13-0005,2018-08-19,0.21302981876906124,0.09439350343704146,-0.30177546509306896
ROS1-14-0002,2018-08-19,0.6098423335183838,0.36245727150114015,-0.5934188412504074
ROS1-07-0018,2018-09-04,0.22282147093132573,0.09064916014071472,-0.292979987886324
ROS1-13-0013,2018-09-04,0.21819315090901573,0.10737640741638263,-0.31270464258070646
ROS1-18-0030,2018-09-04,0.17185087693247383,0.08157050177735958,-0.28748205147822625
ROS1-19-0037,2018-09-04,0.2020479360182283,0.08990283462240219,-0.29865020942240394
ROS1-26-0036,2018-09-04,0.3549538229342008,0.21386879374968573,-0.45219357915874336
ROS1-19-0016,2018-09-04,0.2006948809270664,0.11378319774378438,-0.3104607011702538
ROS1-18-0009,2018-09-04,0.1904474239253499,0.0860870027807446,-0.29001882741803375
ROS1-07-0005,2018-09-04,0.18468722989511813,0.10540589965843455,-0.3079009401966474
ROS1-08-0022,2018-09-04,0.23596710962793854,0.13778964113824127,-0.3911109829800618
ROS1-13-0005,2018-09-04,0.20983132844237198,0.09168065978688067,-0.3070425681956634
ROS1-14-0002,2018-09-04,0.35907083037271537,0.20518588800920062,-0.4794677072026373
ROS1-07-0018,2018-09-20,0.2583930407598644,0.09260629404295428,-0.3161603139479435
ROS1-13-0013,2018-09-20,0.21655380822602657,0.10723061170150629,-0.3178291685858987
ROS1-18-0030,2018-09-20,0.17799198797958135,0.07691734324091994,-0.29765164316892134
ROS1-19-0037,2018-09-20,0.24050447000341327,0.08520380342265196,-0.33926732406435217
ROS1-26-0036,2018-09-20,0.3146770064335546,0.1656423261185391,-0.43712176761118604
ROS1-19-0016,2018-09-20,0.20941961784842658,0.11610523482647649,-0.32022077496967194
ROS1-18-0009,2018-09-20,0.19762718663506737,0.07793987883331353,-0.302655362825126
ROS1-07-0005,2018-09-20,0.19168693353416508,0.0958436945479333,-0.31331135047575737
ROS1-08-0022,2018-09-20,0.19672063777192028,0.0993815403499007,-0.33064330955849336
ROS1-13-0005,2018-09-20,0.22088704404047463,0.09119960319927367,-0.323867786710132
ROS1-14-0002,2018-09-20,0.305055020367587,0.17001845367151155,-0.46513652285818147
ROS1-07-0018,2018-10-06,0.2757532074930361,0.09048346119359409,-0.34402737086420465
ROS1-13-0013,2018-10-06,0.2243078167026683,0.10393108422288684,-0.32750318970854736
ROS1-18-0030,2018-10-06,0.17963386929613173,0.07308125274686217,-0.2970866909300862
ROS1-19-0037,2018-10-06,0.3272544566316565,0.11751758520931375,-0.38180495307663637
ROS1-26-0036,2018-10-06,0.2516339881747639,0.10616068808658267,-0.3768039080404076
ROS1-19-0016,2018-10-06,0.22932709319885067,0.111436161225248,-0.3354324990422298
ROS1-18-0009,2018-10-06,0.20543618010447362,0.07381451818714108,-0.31780215287783736
ROS1-07-0005,2018-10-06,0.1873368996243677,0.08857322049672121,-0.3065404174773738
ROS1-08-0022,2018-10-06,0.19186234185766302,0.10058000422551464,-0.33359058833902994
ROS1-13-0005,2018-10-06,0.23758401622208106,0.08732155477851579,-0.3383818344614682
ROS1-14-0002,2018-10-06,0.23741598542620965,0.09997237518215041,-0.3708438468174463
ROS1-07-0018,2018-04-29,0.8413636706178373,0.6180960821131682,-0.7504487273023108
ROS1-18-0030,2018-04-29,0.6759499499601274,0.36448188843487184,-0.7039032177174827
ROS1-18-0024,2018-04-29,0.3243953329323474,0.1755421299762961,-0.41049814250938665
ROS1-18-0009,2018-04-29,0.3102428671008566,0.15019105437211547,-0.3714455742775962
ROS1-07-0005,2018-04-29,0.8586988542867635,0.6338558119189988,-0.7665261647550347
ROS1-13-0005,2018-04-29,0.4475770909270383,0.21127970571323992,-0.4465841077679844
ROS1-07-0018,2018-05-15,0.8656075159876798,0.6507825410349793,-0.786351612667982
ROS1-18-0030,2018-05-15,0.8607236160293774,0.6045926377024097,-0.7914316363364227
ROS1-18-0024,2018-05-15,0.48030021772605136,0.27156285988182677,-0.5070257804831648
ROS1-18-0009,2018-05-15,0.42919354677476995,0.22420943533381577,-0.4473654438238851
ROS1-07-0005,2018-05-15,0.7456696350310895,0.6361377343168602,-0.6830753926796096
ROS1-07-0018,2018-05-31,0.8455200941394265,0.6181591048033124,-0.7811429382526246
ROS1-18-0030,2018-05-31,0.8420862896224094,0.5785702168653983,-0.7959839736147284
ROS1-18-0024,2018-05-31,0.5706715332037909,0.3353230408964117,-0.5613885928075284
ROS1-18-0009,2018-05-31,0.531350812649149,0.291124913492693,-0.5376748294033099
ROS1-07-0005,2018-05-31,0.8569443481633976,0.6457197470347595,-0.77904223870748
ROS1-13-0005,2018-05-31,0.8049330598240868,0.552863760507311,-0.7222384093950955
ROS1-07-0018,2018-06-16,0.5049871665328114,0.3506775537590374,-0.5732307499473563
ROS1-18-0030,2018-06-16,0.5316383577287533,0.3105232152829942,-0.5899844851720792
ROS1-18-0024,2018-06-16,0.48111222598197506,0.28873728596797454,-0.5289928329429405
ROS1-18-0009,2018-06-16,0.5014290020482526,0.33823964907301174,-0.5240092393314478
ROS1-07-0005,2018-06-16,0.42387621593949604,0.2849272691209493,-0.5200835341070741
ROS1-07-0018,2018-07-02,0.30309674928187913,0.20413289273440943,-0.49631644092895627
ROS1-18-0030,2018-07-02,0.2958613811823714,0.18565299077774902,-0.4966665771777455
ROS1-18-0024,2018-07-02,0.2736962035106504,0.16647863176240396,-0.41608629521888896
ROS1-18-0009,2018-07-02,0.5076008428256749,0.31579974308502146,-0.5493381726165812
ROS1-07-0005,2018-07-02,0.3037534506384291,0.18443563395158158,-0.47540669968929516
ROS1-13-0005,2018-07-02,0.4219529986108511,0.30047391243301746,-0.5124698927578341
ROS1-18-0009,2018-07-18,0.4158396285600602,0.2631104106692747,-0.43392913538079353
ROS1-07-0005,2018-07-18,0.2751888985856378,0.176360707744033,-0.43453630777532226
ROS1-13-0005,2018-07-18,0.22915176440566834,0.13482047397869146,-0.33163116981378415
ROS1-07-0018,2018-08-19,0.200881733539757,0.08289801416339355,-0.2694727660610923
ROS1-18-0030,2018-08-19,0.17424379422510017,0.0825777313443386,-0.28986483796248436
ROS1-18-0024,2018-08-19,0.23130574831756873,0.1397378907567774,-0.3506623354865378
ROS1-18-0009,2018-08-19,0.2448227134966118,0.11446598546183309,-0.3442358296208857
ROS1-07-0005,2018-08-19,0.21223171275029065,0.11860068793541809,-0.3280314476804487
ROS1-13-0005,2018-08-19,0.21443832437275787,0.09477577704987701,-0.303390115877074
ROS1-07-0018,2018-09-04,0.22250153410656062,0.09075574451009882,-0.2918408276913614
ROS1-18-0030,2018-09-04,0.171764603985625,0.08155437538700036,-0.28720827208899224
ROS1-18-0024,2018-09-04,0.21530244725883582,0.1316898079091001,-0.33687210674968454
ROS1-18-0009,2018-09-04,0.19027925737247536,0.08602300981570275,-0.28967296036084184
ROS1-07-0005,2018-09-04,0.18485721162751878,0.10556241449661273,-0.30782995259220314
ROS1-13-0005,2018-09-04,0.20981462889094973,0.0913577495469778,-0.3074559677190544
ROS1-07-0018,2018-09-20,0.25900080599339365,0.0928692483470796,-0.3155631796746248
ROS1-18-0030,2018-09-20,0.17920004046634683,0.07720680716350453,-0.2989316644473836
ROS1-18-0024,2018-09-20,0.19843428178418007,0.09716912630914337,-0.3149721172305972
ROS1-18-0009,2018-09-20,0.1971524750714175,0.07817967281223707,-0.30016255997019387
ROS1-07-0005,2018-09-20,0.19224679495881575,0.0961372917817384,-0.3133240864707373
ROS1-13-0005,2018-09-20,0.22083098442785634,0.09103596997774815,-0.3229411726582543
ROS1-07-0018,2018-10-06,0.27458152351148724,0.09098818871570943,-0.3392414916104658
ROS1-18-0030,2018-10-06,0.18113256439960745,0.07359641946583584,-0.29834089925932744
ROS1-18-0024,2018-10-06,0.22064855559402846,0.10017763733989984,-0.33467135398406656
ROS1-18-0009,2018-10-06,0.2046839084268472,0.07419456757821914,-0.31398352450371986
ROS1-07-0005,2018-10-06,0.18928559626223576,0.08939764400842765,-0.30824856363887077
ROS1-13-0005,2018-10-06,0.23664343986530456,0.08729712861581021,-0.3356521823230675
ROS1-22-0026,2018-04-04,0.6187951629939445,0.33273253735907865,-0.5858417416715619
ROS1-16-0004,2018-04-04,0.26150907473421625,0.08583914665783711,-0.3113045715876281
ROS1-22-0026,2018-05-06,0.8049497649032482,0.5269707134292609,-0.72550191852419
ROS1-22-0006,2018-05-06,0.7317225701211956,0.4588797972569401,-0.6910113811567008
ROS1-22-0026,2018-05-22,0.8582054010515031,0.5784826395777527,-0.7842782074868384
ROS1-22-0006,2018-05-22,0.8805448156993558,0.5880571448137593,-0.8008285243355796
ROS1-16-0004,2018-05-22,0.7569336947652676,0.42028816416816006,-0.6692688111356329
ROS1-22-0026,2018-06-07,0.8267734766040025,0.5206032985874105,-0.7799237049197181
ROS1-22-0006,2018-06-07,0.8933113716219067,0.5281106844839959,-0.8042625085574254
ROS1-16-0004,2018-06-07,0.7866235472298575,0.5204205415060962,-0.7079429834063329
ROS1-22-0026,2018-06-23,0.4465908139868164,0.25326033467840897,-0.5740938791022633
ROS1-22-0006,2018-06-23,0.43893622013817424,0.23959781871299296,-0.5714620526529135
ROS1-16-0004,2018-06-23,0.5863622913521642,0.30567782768489515,-0.5936645387282748
ROS1-22-0026,2018-07-09,0.19964840770163952,0.10432567425292572,-0.3300447066318061
ROS1-22-0006,2018-07-09,0.1927408845092647,0.11464069490772341,-0.3356317405254999
ROS1-16-0004,2018-07-09,0.43587961740855136,0.24978805301974377,-0.5271089800162286
ROS1-22-0026,2018-08-10,0.3525196290765191,0.18298362515364253,-0.41060625335391654
ROS1-22-0006,2018-08-10,0.23747644290445008,0.0996445455929476,-0.33260179300294374
ROS1-16-0004,2018-08-10,0.4887121829606265,0.28729994414061105,-0.503365633001408
ROS1-22-0026,2018-08-26,0.19351391614520103,0.08446704131256914,-0.30240431600376044
ROS1-22-0006,2018-08-26,0.2836457721281268,0.12867883479760048,-0.3629609723299823
ROS1-16-0004,2018-08-26,0.464042797079567,0.27339910809039375,-0.5041615921184026
ROS1-22-0026,2018-10-13,0.20301386062260848,0.0729692506396024,-0.3204478382743235
ROS1-22-0006,2018-10-13,0.2310042516164574,0.09438715529491558,-0.3427213921795019
ROS1-16-0004,2018-10-13,0.30141564230251516,0.14756060545718555,-0.41781865781914296
ROS1-15-0003,2018-04-04,0.19953087644881076,0.08127474959281827,-0.32257879938007555
ROS1-16-0006,2018-04-04,0.18017912683997572,0.09123010979514914,-0.29143059761444784
ROS1-22-0026,2018-04-04,0.6545453948580937,0.3495762705904518,-0.6136084651894648
ROS1-15-0006,2018-04-04,0.2556649264936209,0.12901717294631226,-0.37081729588665624
ROS1-14-0002,2018-04-04,0.20550771245205646,0.08278277115836213,-0.3118982075201242
ROS1-15-0022,2018-04-04,0.21723025722014955,0.08321575918621034,-0.3441404771277848
ROS1-15-0003,2018-05-06,0.24235509195417956,0.11714903235333966,-0.33487370796400706
ROS1-16-0006,2018-05-06,0.22806491946619858,0.08431820668194001,-0.30908391035897637
ROS1-22-0026,2018-05-06,0.8053887239154344,0.5272667998514329,-0.7265070872827712
ROS1-15-0006,2018-05-06,0.24117745564940463,0.12209320066898925,-0.36181993169438376
ROS1-14-0002,2018-05-06,0.2568781149819929,0.11034613340829917,-0.3444643960099513
ROS1-15-0022,2018-05-06,0.23879009928963224,0.11828072899316878,-0.33763547008453276
ROS1-16-0004,2018-05-06,0.49093059353182084,0.22185094751587625,-0.4695247986111288
ROS1-15-0003,2018-05-22,0.2789887789164026,0.14295146974617878,-0.3770612499721795
ROS1-16-0006,2018-05-22,0.3187160539890169,0.14493958069333027,-0.37695025126513865
ROS1-22-0026,2018-05-22,0.8605912555711143,0.5781898109431489,-0.7856720018499276
ROS1-15-0006,2018-05-22,0.35086943922950814,0.21205257796990284,-0.40604635749006
ROS1-14-0002,2018-05-22,0.3231866999818002,0.14913203368245478,-0.40132039336956427
ROS1-16-0004,2018-05-22,0.7592312227600524,0.4190529154857182,-0.6708864994007921
ROS1-15-0003,2018-06-07,0.24278400609252218,0.11386494070059862,-0.36151392299375645
ROS1-16-0006,2018-06-07,0.2750210984898713,0.08665075732492987,-0.34018736768830055
ROS1-21-0043,2018-06-07,0.5265540774245538,0.2617212863734503,-0.5685526328701772
ROS1-22-0026,2018-06-07,0.827373742190618,0.5212096348829385,-0.7804314180009162
ROS1-15-0006,2018-06-07,0.35720864583722894,0.2232254362985552,-0.44256119872872807
ROS1-21-0036,2018-06-07,0.572238462340859,0.3045236527176064,-0.6008573181766024
ROS1-14-0002,2018-06-07,0.3762621578602808,0.15879908716547184,-0.45261044789739463
ROS1-15-0022,2018-06-07,0.5785119256862337,0.3960021322169695,-0.5588472351011388
ROS1-16-0004,2018-06-07,0.7890439717488437,0.521890016646743,-0.7098520314524918
ROS1-15-0003,2018-06-23,0.3219395153703044,0.17861271439418194,-0.40410255154952945
ROS1-16-0006,2018-06-23,0.5305832359273289,0.28110076177608667,-0.5297688292419125
ROS1-21-0043,2018-06-23,0.27731458226059896,0.16586724125990818,-0.4210038114946485
ROS1-22-0026,2018-06-23,0.44653160896449673,0.25372614628088086,-0.5733400760588412
ROS1-15-0006,2018-06-23,0.3698553651672145,0.2385314605474226,-0.4291306760303106
ROS1-21-0036,2018-06-23,0.2712511419251522,0.15794552223401453,-0.43850687218255263
ROS1-14-0002,2018-06-23,0.4789435620102346,0.24241675882863148,-0.5091185257512968
ROS1-15-0022,2018-06-23,0.5232727327189073,0.32683930671959266,-0.5257480263597426
ROS1-16-0004,2018-06-23,0.5878933357390542,0.30607663953631353,-0.5948435570774174
ROS1-15-0003,2018-07-09,0.6236816573608164,0.43347631709996814,-0.6071670133976682
ROS1-16-0006,2018-07-09,0.6939502033342159,0.33199349895363367,-0.6353846015269543
ROS1-22-0026,2018-07-09,0.1987515876745123,0.10392929138837124,-0.32998273843986903
ROS1-15-0006,2018-07-09,0.6586878223995861,0.44569202831539384,-0.6353023355075386
ROS1-14-0002,2018-07-09,0.5843453447322844,0.31254461771536723,-0.5740268025468466
ROS1-16-0004,2018-07-09,0.4347964152687907,0.24935113815711782,-0.5268744724182298
ROS1-15-0003,2018-07-25,0.8395372363319779,0.4779690947499722,-0.6999668821526306
ROS1-15-0003,2018-08-10,0.793323789343443,0.6373568758691268,-0.7291516926416094
ROS1-22-0026,2018-08-10,0.3524747710680061,0.18302897790942113,-0.41096853956904517
ROS1-15-0006,2018-08-10,0.5688359766410697,0.32850358878702496,-0.5622845068363551
ROS1-21-0036,2018-08-10,0.3594902967798764,0.24624024460534438,-0.4396982839335399
ROS1-15-0022,2018-08-10,0.6654484243566741,0.38781064089100054,-0.6004910568730646
ROS1-16-0004,2018-08-10,0.48927348622488775,0.28746347025166963,-0.5042038486218722
ROS1-15-0003,2018-08-26,0.7276253704766036,0.4783762723510881,-0.6551406358123533
ROS1-16-0006,2018-08-26,0.6513663727133554,0.4288879599928692,-0.5604468338910491
ROS1-21-0043,2018-08-26,0.3660464587721801,0.2158265468594289,-0.43714130900570247
ROS1-22-0026,2018-08-26,0.1941855942234335,0.08460397601200098,-0.30267043670471944
ROS1-15-0006,2018-08-26,0.3855436805943269,0.20523839186293355,-0.47313081906264043
ROS1-21-0036,2018-08-26,0.2751208401769339,0.11507888478583507,-0.38082728666365917
ROS1-14-0002,2018-08-26,0.5140956429606504,0.2767886927814976,-0.5605362811027075
ROS1-15-0022,2018-08-26,0.3700064765524784,0.17019196935333217,-0.45078286746642215
ROS1-16-0004,2018-08-26,0.4651798314505563,0.2734210166987798,-0.5048220579397394
ROS1-15-0003,2018-09-27,0.2990056303922133,0.11618868442752106,-0.4262120797490034
ROS1-16-0006,2018-09-27,0.28393072463391417,0.1100916514593788,-0.39313502643661397
ROS1-21-0043,2018-09-27,0.2001124321031496,0.05545399796744817,-0.30817061496724757
ROS1-15-0006,2018-09-27,0.29027358538926457,0.15513770012917413,-0.4269919965641518
ROS1-21-0036,2018-09-27,0.22524640642949456,0.05386664867804301,-0.34808377590620426
ROS1-14-0002,2018-09-27,0.26950801161082927,0.14610948460674564,-0.4169887332622937
ROS1-15-0022,2018-09-27,0.26151758657607393,0.11897493271597898,-0.3839735040028015
ROS1-15-0003,2018-10-13,0.26629751046916034,0.11204589359230156,-0.39515104235968873
ROS1-16-0006,2018-10-13,0.22724031013064663,0.08461310233793803,-0.35372520557744
ROS1-21-0043,2018-10-13,0.20508568767790042,0.05314956194879382,-0.3414117766434146
ROS1-22-0026,2018-10-13,0.2060808906553143,0.07394594785230797,-0.3241328103366752
ROS1-15-0006,2018-10-13,0.32385835121801687,0.17057763096492518,-0.44593662181609806
ROS1-21-0036,2018-10-13,0.2148527995677445,0.05063090202599962,-0.3509939752570716
ROS1-14-0002,2018-10-13,0.22878919447142937,0.09686194219899841,-0.37402803130936685
ROS1-15-0022,2018-10-13,0.24495940518456236,0.10851901901618057,-0.37084798372560634
ROS1-16-0004,2018-10-13,0.3044750994274877,0.14888081132548198,-0.4216237139807457
ROS1-07-0018,2018-04-04,0.43407714687350885,0.19023576128364036,-0.44142204520053097
ROS1-13-0013,2018-04-04,0.21252566639900983,0.09326717987454188,-0.3052256339575887
ROS1-01-0005,2018-04-04,0.2556850579881772,0.10789560467668767,-0.3103324378548087
ROS1-07-0005,2018-04-04,0.5403993310599996,0.26722399343670755,-0.5249467686398844
ROS1-08-0022,2018-04-04,0.20506116178296835,0.05541603723617082,-0.2842230684522714
ROS1-14-0002,2018-04-04,0.20229802257922602,0.08109207663616533,-0.31309256568599975
ROS1-14-0002,2018-05-06,0.2582131191005626,0.11108573916585808,-0.34612078993841905
ROS1-01-0031,2018-05-22,0.6321413686079328,0.41306915320911636,-0.56053321954454
ROS1-07-0018,2018-05-22,0.7726355038358143,0.3067681143550529,-0.7091258034907534
ROS1-13-0013,2018-05-22,0.3950904089822066,0.2180411527393577,-0.4353301095742669
ROS1-01-0005,2018-05-22,0.6918511122776089,0.2697701071176277,-0.5801859538634594
ROS1-07-0005,2018-05-22,0.8537913179911677,0.7064453278375581,-0.782758390095736
ROS1-14-0002,2018-05-22,0.3197198866059732,0.14725423372791419,-0.3977395658698981
ROS1-01-0031,2018-06-07,0.6540245774296424,0.3865287475650852,-0.6125533218827202
ROS1-07-0018,2018-06-07,0.8079984842907081,0.5530202106230472,-0.7605340473202609
ROS1-13-0013,2018-06-07,0.24962056450026254,0.10917939485220934,-0.3591774625445387
ROS1-01-0005,2018-06-07,0.5851251304763493,0.33260511513763746,-0.5828295124936732
ROS1-07-0005,2018-06-07,0.806159014931492,0.5439554769096621,-0.7477427575762566
ROS1-08-0022,2018-06-07,0.5720229527115901,0.24175354512659533,-0.5547811250689358
ROS1-14-0002,2018-06-07,0.3774226969421892,0.15868605424796728,-0.4552612552679091
ROS1-01-0031,2018-06-23,0.4549829538070486,0.29758136324868173,-0.49423367991655365
ROS1-07-0018,2018-06-23,0.3585480646666602,0.21354922503307566,-0.5203391951703285
ROS1-13-0013,2018-06-23,0.22524937464032682,0.11259417812153745,-0.3358436383296123
ROS1-01-0005,2018-06-23,0.35453008617934806,0.2218507831174427,-0.44243148828824613
ROS1-07-0005,2018-06-23,0.32923151416897056,0.19514102495030947,-0.4756339151100385
ROS1-14-0002,2018-06-23,0.4800865072200761,0.24261867258699077,-0.5109145555563585
ROS1-01-0031,2018-07-09,0.29020753089556617,0.19128963778447808,-0.404372624818018
ROS1-07-0018,2018-07-09,0.2591479897268256,0.2002044014751124,-0.4436582239064257
ROS1-13-0013,2018-07-09,0.19797024579632475,0.11137400008921723,-0.29478994709700806
ROS1-01-0005,2018-07-09,0.241864036019078,0.15036405543759043,-0.3607321909510165
ROS1-07-0005,2018-07-09,0.3169041860582291,0.19320040113168158,-0.4769885251053583
ROS1-08-0022,2018-07-09,0.6093857431222443,0.34230901357970706,-0.5952351077269914
ROS1-14-0002,2018-07-09,0.5843526299167229,0.3119405665970359,-0.5754505767991
ROS1-01-0031,2018-07-25,0.43552001685821634,0.1978069693945832,-0.4295670248968169
ROS1-01-0005,2018-07-25,0.24742397102412503,0.13302380814491524,-0.33030965817124586
ROS1-01-0031,2018-08-10,0.386133092457726,0.251499554234547,-0.4499287310301844
ROS1-07-0018,2018-08-10,0.22029521198743907,0.07728229304334701,-0.30175211998349816
ROS1-13-0013,2018-08-10,0.2431984871147742,0.1270433098778408,-0.3357342702189045
ROS1-07-0005,2018-08-10,0.32126981181610564,0.20430334908794692,-0.4302972367155246
ROS1-01-0031,2018-08-26,0.32861142393480297,0.20435163310924231,-0.40630081424576964
ROS1-07-0018,2018-08-26,0.2068429048958641,0.07811131702334265,-0.27971195402363547
ROS1-13-0013,2018-08-26,0.2662942687937931,0.13106040868294988,-0.3498217105894914
ROS1-01-0005,2018-08-26,0.19844100012060076,0.08925527143788733,-0.28358652845235677
ROS1-07-0005,2018-08-26,0.19210055676524684,0.10457495006150232,-0.31370290762770503
ROS1-08-0022,2018-08-26,0.2640981985474622,0.13471338397039706,-0.413192283028156
ROS1-14-0002,2018-08-26,0.5129291605497704,0.2767267603794531,-0.5598526457312505
ROS1-01-0031,2018-09-27,0.445470548074842,0.24026895272223517,-0.4660671656884912
ROS1-07-0018,2018-09-27,0.25935485841629863,0.10197810714715355,-0.32592160103490736
ROS1-13-0013,2018-09-27,0.2121744511555639,0.10359079108914337,-0.3144072068636313
ROS1-01-0005,2018-09-27,0.21171536307044897,0.08239726559313348,-0.2903352977681126
ROS1-07-0005,2018-09-27,0.10963791766011884,0.12999801743935183,-0.18449579814676884
ROS1-08-0022,2018-09-27,0.19049467726443792,0.10162736175576438,-0.32096861617889333
ROS1-14-0002,2018-09-27,0.26540951631090987,0.14436969671045943,-0.4108196165604774
ROS1-01-0031,2018-10-13,0.31548623016030136,0.15565544712663476,-0.4088509334316174
ROS1-07-0018,2018-10-13,0.22770372103739261,0.07128960392317288,-0.32917702242070407
ROS1-13-0013,2018-10-13,0.20970862038607196,0.09951029567112253,-0.3247729730642883
ROS1-01-0005,2018-10-13,0.2043653409502659,0.0756200141361691,-0.2963087144994323
ROS1-07-0005,2018-10-13,0.17713402578007836,0.0821371451882792,-0.300998263305655
ROS1-08-0022,2018-10-13,0.18254885806644028,0.09370014549700086,-0.3264130927813665
ROS1-14-0002,2018-10-13,0.2300265983764479,0.09756676171163674,-0.37502481238364077
ROS1-07-0018,2018-10-29,0.20744510889323653,0.055141058841969216,-0.30180329019105295
ROS1-13-0013,2018-10-29,0.2578808827945282,0.0894281372906421,-0.3548289451150583
ROS1-07-0005,2018-10-29,0.17964705055103533,0.0703164220785752,-0.2888361277446317
ROS1-01-0005,2018-04-11,0.25514987770045516,0.10333215246835237,-0.3169181696776841
ROS1-01-0005,2018-04-27,0.3866626481669773,0.16748443890994053,-0.40384594444509436
ROS1-01-0005,2018-05-29,0.6367051875729675,0.3503576869900688,-0.6012505503711936
ROS1-01-0005,2018-06-14,0.5142990199013825,0.2744957574630562,-0.5528461499100222
ROS1-01-0005,2018-06-30,0.3024461420189107,0.17273050444825586,-0.42383493395794447
ROS1-01-0005,2018-08-17,0.20966269403579096,0.08782662145299527,-0.2996098089376235
ROS1-01-0005,2018-09-02,0.1965716737667176,0.06250561636986922,-0.26639828795981935
ROS1-01-0005,2018-09-18,0.22507243006514283,0.0775623252027569,-0.31229049931571146
ROS1-01-0005,2018-10-04,0.15531001743179007,0.10051660619562854,-0.21449991900548077
