anon_polygon_id,date,landsat_ndvi,landsat_evi,landsat_ndwi
ROS1-49-0001,2023-08-30,0.31076530306049915,0.22499209831688266,-0.4152618176836065
ROS1-49-0002,2023-08-30,0.2495546841576631,0.17267744955378733,-0.3907875139962316
ROS1-49-0001,2023-08-30,0.3132243052095902,0.22844106441459922,-0.4173458077929934
ROS1-49-0002,2023-08-30,0.24840288064273636,0.17285439699594715,-0.38930959258487724
ROS1-49-0001,2023-06-20,0.5703323721707066,0.3435358273314151,-0.5993704361214521
ROS1-50-0003,2023-06-20,0.3594124573068671,0.21727024420987667,-0.46924650633188303
ROS1-49-0002,2023-06-20,0.4729741596878979,0.25905616164716994,-0.5461360765174782
ROS1-43-0026,2023-06-25,0.2704510847661728,0.15363748905370078,-0.45321540575645086
ROS1-44-0000,2023-06-25,0.2825287904924534,0.1595884352003038,-0.45784769984108237
ROS1-49-0001,2023-06-25,0.354398409954932,0.2011841516280316,-0.45636720046868917
ROS1-50-0003,2023-06-25,0.2873962665638048,0.1697370638082473,-0.45617868675409934
ROS1-43-0017,2023-06-25,0.4378565803759175,0.26256227727556,-0.51763746366826
ROS1-49-0002,2023-06-25,0.34673302689207164,0.1958935692741686,-0.48407873416769504
ROS1-49-0001,2023-07-12,0.18693744863027026,0.11197424410721622,-0.316991444445759
ROS1-50-0003,2023-07-12,0.1553455045886271,0.10928507373534899,-0.3033516773836208
ROS1-49-0002,2023-07-12,0.21321261567553673,0.12124093103064863,-0.32533157349626524
ROS1-43-0026,2023-08-08,0.18411111264102023,0.13251041309605352,-0.34829306548501326
ROS1-49-0001,2023-08-08,0.2524402618092937,0.19503152036277666,-0.3901006255105193
ROS1-50-0003,2023-08-08,0.15123897066165107,0.10922187193232068,-0.31460726626968494
ROS1-49-0002,2023-08-08,0.2398967662760312,0.18607853080327855,-0.3596197970114951
ROS1-49-0001,2023-09-26,0.33256438017317924,0.2269401735144272,-0.41463175217534803
ROS1-50-0003,2023-09-26,0.1285818733281729,0.09053066657871901,-0.26314387219217933
ROS1-49-0002,2023-09-26,0.35572530062138835,0.2494992582913798,-0.4336381254056444
ROS1-38-0004,2023-10-01,0.510218564222014,0.39996664707293605,-0.5319097726919115
ROS1-43-0026,2023-10-01,0.2804175032686319,0.14434093710974483,-0.3537299779673813
ROS1-44-0000,2023-10-01,0.30980061402638376,0.2094786070156679,-0.43281867214121267
ROS1-49-0001,2023-10-01,0.3466659847696326,0.22962800207049347,-0.43224817283769745
ROS1-50-0003,2023-10-01,0.13471621636180195,0.09160774143802027,-0.27421249896601513
ROS1-37-0046,2023-10-01,0.13342744958963787,0.08426010985646308,-0.2603708091502035
ROS1-43-0017,2023-10-01,0.2850963239463052,0.18333048108781191,-0.37685698991725397
ROS1-49-0002,2023-10-01,0.36814884356912037,0.2488829949345069,-0.45221901930286623
ROS1-49-0001,2023-10-23,0.12098682877190142,0.06200962651242672,-0.21540249518915128
ROS1-50-0003,2023-10-23,0.09240790651642027,0.05078569369623574,-0.1818026339459053
ROS1-49-0002,2023-10-23,0.27479039487157075,0.19760784767806608,-0.37325118673475083
ROS1-42-0010,2023-06-20,0.4325434160064088,0.24519560983988617,-0.5035715114689993
ROS1-42-0009,2023-06-20,0.38480397579408354,0.2121850392808477,-0.4709846476972609
ROS1-49-0001,2023-07-12,0.18692051329432452,0.11195539279827417,-0.3170291748031497
ROS1-49-0002,2023-07-12,0.2124555003716791,0.12032640602851936,-0.3275386154704084
ROS1-36-0007,2023-08-08,0.3985001275293551,0.30019779839551675,-0.49155976852699496
ROS1-42-0010,2023-08-08,0.2931681689153065,0.21634813532603386,-0.4165023921835765
ROS1-42-0009,2023-08-08,0.2751076295017046,0.1894522936122602,-0.43919429441718
ROS1-42-0010,2023-09-26,0.2119474822407108,0.1510540109197895,-0.3520293574260451
ROS1-49-0001,2023-09-26,0.33192412141154254,0.22615802405556132,-0.4131179413748341
ROS1-49-0002,2023-09-26,0.35389059279245166,0.24820039300073812,-0.43152043793096484
ROS1-36-0007,2023-10-01,0.29629547242584003,0.21898015064140705,-0.4119104517417049
ROS1-42-0010,2023-10-01,0.20750684451962942,0.14326604177699023,-0.34949905864124237
ROS1-36-0006,2023-10-01,0.1473093621638897,0.0764132759905315,-0.2628367950976946
ROS1-37-0046,2023-10-01,0.13207251409650808,0.08425453299629444,-0.2547427122897371
ROS1-42-0009,2023-10-01,0.2225444960397462,0.155642436259356,-0.3611677087736515
ROS1-42-0010,2023-10-23,-0.008658318379354971,-0.021872672933335995,7.464088470897001E-4
ROS1-49-0001,2023-10-23,0.11120180103517868,0.05871730129300419,-0.19969508511686437
ROS1-42-0009,2023-10-23,0.15689537565042774,0.12176070489636412,-0.275092391334229
ROS1-49-0002,2023-10-23,0.26461012871556433,0.19687540289439898,-0.36078003995180286
ROS1-27-0019,2023-05-17,0.8266389338754963,0.5644279106964648,-0.7704208711741272
ROS1-33-0020,2023-05-17,0.8694591245167038,0.6316853762629661,-0.7798752535203457
ROS1-33-0013,2023-05-17,0.8275639892295168,0.6506979144004934,-0.7580092641325454
ROS1-33-0013,2023-06-30,0.17947187949372478,0.11289736693212411,-0.3421603772966305
ROS1-27-0019,2023-07-27,0.22206593437823405,0.11672420542335757,-0.3358612585708999
ROS1-28-0002,2023-07-27,0.16906937182225593,0.09139630775827993,-0.2944937324974946
ROS1-33-0020,2023-07-27,0.184864851667783,0.09866831752747261,-0.3130697642195097
ROS1-28-0015,2023-07-27,0.17088074034036607,0.10100062933028431,-0.28212889681157866
ROS1-33-0013,2023-07-27,0.14290209120791436,0.08910211888989238,-0.27500804363142234
ROS1-33-0020,2023-08-18,0.14719248109682814,0.10902961302557417,-0.29910818522529264
ROS1-33-0013,2023-08-18,0.13369894471669574,0.09556113515997726,-0.269911803879646
ROS1-27-0019,2023-09-14,0.2174599386668309,0.15524951185293873,-0.3748732758516364
ROS1-33-0020,2023-09-14,0.20218510303416848,0.14465229420995332,-0.38185283182743457
ROS1-33-0013,2023-09-14,0.21148445452294398,0.11097941165922913,-0.340862530105496
ROS1-32-0025,2023-04-03,0.46507745862637495,0.26302599424365014,-0.5123171601541853
ROS1-37-0031,2023-04-03,0.8521595309933847,0.5638373170026972,-0.8105454769654851
ROS1-38-0004,2023-04-03,0.7942696197171233,0.477889050637523,-0.7654168822692691
ROS1-43-0026,2023-04-03,0.796761072602702,0.4720082509479731,-0.7681332555929942
ROS1-44-0000,2023-04-03,0.5616184749112075,0.28288464957914183,-0.5999123129537691
ROS1-50-0003,2023-04-03,0.6251546990625066,0.3483080650585912,-0.6425070479136794
ROS1-31-0033,2023-04-03,0.813071480671205,0.5026077712497774,-0.7625785191244894
ROS1-37-0046,2023-04-03,0.20571023377866918,0.09443079522139515,-0.378131322014329
ROS1-42-0009,2023-04-03,0.5885920292634572,0.2707827658823298,-0.6311408751410188
ROS1-43-0017,2023-04-03,0.3563421272039759,0.15571997959093498,-0.46896480427733034
ROS1-49-0001,2023-04-20,0.5679329800676511,0.45236905453368037,-0.536510048002956
ROS1-49-0002,2023-04-20,0.5810493537738564,0.4476500856561621,-0.5588212816562603
ROS1-37-0031,2023-05-12,0.9370677183867177,0.835030528944082,-0.8791709168931002
ROS1-38-0004,2023-05-12,0.9103290056284077,0.7526594297782335,-0.8540439517673096
ROS1-43-0026,2023-05-12,0.9171759755500974,0.7264363517065453,-0.8563367209226971
ROS1-44-0000,2023-05-12,0.8471578723899087,0.5989927677162545,-0.7822859762017217
ROS1-49-0001,2023-05-12,0.8814346442569505,0.6196793747025541,-0.8312920949258954
ROS1-50-0003,2023-05-12,0.8848471891348714,0.6930758097871438,-0.8313038759454334
ROS1-37-0046,2023-05-12,0.832467848051387,0.7276315122481988,-0.7220189311216617
ROS1-43-0017,2023-05-12,0.8648563504598126,0.6814925666789718,-0.7982479447339246
ROS1-49-0002,2023-05-12,0.8811831719228375,0.6369632611295226,-0.8210651309239946
ROS1-25-0012,2023-05-17,0.3442688491569855,0.17691650226250133,-0.4823268229748481
ROS1-31-0022,2023-05-17,0.8300453549843124,0.6850537435962092,-0.7476642987783724
ROS1-32-0025,2023-05-17,0.7907098037502186,0.5413498441834215,-0.7304295661154667
ROS1-37-0031,2023-05-17,0.9161058650218328,0.8018121795099026,-0.8702728300704026
ROS1-38-0004,2023-05-17,0.8948191537790052,0.751276279259176,-0.848343586314965
ROS1-43-0026,2023-05-17,0.9027378173881149,0.6941065259546149,-0.8522577671923958
ROS1-44-0000,2023-05-17,0.8300583907398973,0.5926492202048685,-0.7834656515786053
ROS1-25-0018,2023-05-17,0.7735393193110963,0.5953782105761509,-0.7155715154377176
ROS1-30-0015,2023-05-17,0.8694064616962558,0.6445856741106951,-0.8205449806809831
ROS1-31-0033,2023-05-17,0.9059040443575329,0.7822622087410804,-0.8554594889021845
ROS1-32-0029,2023-05-17,0.8491347160470035,0.5984658339043996,-0.7820408532961561
ROS1-37-0046,2023-05-17,0.8438002689118114,0.7468383308484818,-0.7599183813404394
ROS1-43-0017,2023-05-17,0.8595299388543006,0.6773719190740011,-0.8110100134007127
ROS1-37-0031,2023-06-03,0.90086670556099,0.6916710904600042,-0.8291790536710464
ROS1-38-0004,2023-06-03,0.8485368373588592,0.6122415220370092,-0.780942085018606
ROS1-43-0026,2023-06-03,0.8490386398995541,0.49360667659717,-0.7819079430748178
ROS1-44-0000,2023-06-03,0.7421247118860667,0.4175041715939377,-0.6877396301392571
ROS1-49-0001,2023-06-03,0.8429285735121672,0.5529359743672327,-0.78473540305508
ROS1-50-0003,2023-06-03,0.7805168885282382,0.4865174679308772,-0.7280347494149338
ROS1-37-0046,2023-06-03,0.6654919871359386,0.536742718121799,-0.5911273237710709
ROS1-43-0017,2023-06-03,0.7482016587284476,0.4782171429332722,-0.6766657881090358
ROS1-49-0002,2023-06-03,0.7823672593697356,0.4589233624088802,-0.7317984109295167
ROS1-25-0012,2023-06-08,0.747177412765838,0.5837893096211639,-0.6588212170159234
ROS1-31-0022,2023-06-08,0.8291875177367671,0.7563787863690965,-0.727836229664446
ROS1-32-0025,2023-06-08,0.6255373828821321,0.4034914898916464,-0.5826481733082486
ROS1-37-0031,2023-06-08,0.8625428292195989,0.6006434239934327,-0.7943810726422591
ROS1-38-0004,2023-06-08,0.8038911106642778,0.5422890929317362,-0.7464947356991996
ROS1-43-0026,2023-06-08,0.7645505966151835,0.4334552176983389,-0.7162060983101528
ROS1-44-0000,2023-06-08,0.6572059155447817,0.35617384171691446,-0.618148662990135
ROS1-25-0018,2023-06-08,0.6312291854837485,0.4385747937119211,-0.5615027929919522
ROS1-31-0033,2023-06-08,0.8344663989843413,0.6154711812546556,-0.7598046565511423
ROS1-32-0029,2023-06-08,0.677000056812159,0.4190066165237744,-0.623244573409542
ROS1-37-0046,2023-06-08,0.7460906416418038,0.5612027307839244,-0.6571842711994049
ROS1-42-0009,2023-06-08,0.6925391117209971,0.38618755730962323,-0.6466733961250805
ROS1-43-0017,2023-06-08,0.7134394418434512,0.42002281408113573,-0.6634340675403484
ROS1-31-0022,2023-06-30,0.3521468842745689,0.22824615999795878,-0.5408703051974066
ROS1-32-0025,2023-06-30,0.30980421750527115,0.16574673622990566,-0.44777956539988495
ROS1-37-0031,2023-06-30,0.24681938788543467,0.14706159582155467,-0.4166250735600973
ROS1-38-0004,2023-06-30,0.26256273147316295,0.1336393719119937,-0.4197487707451859
ROS1-43-0026,2023-06-30,0.20007424805971116,0.1133791215611109,-0.37000756453767975
ROS1-44-0000,2023-06-30,0.24456229509185823,0.11466916323574018,-0.3979843053469155
ROS1-25-0018,2023-06-30,0.6211290828311429,0.42045099564813504,-0.564735426157691
ROS1-31-0033,2023-06-30,0.277355461730757,0.14586448012706807,-0.4488411722881386
ROS1-32-0029,2023-06-30,0.2612462154380844,0.12494770946205776,-0.418130509359687
ROS1-42-0009,2023-06-30,0.2529486651178908,0.15375556118262676,-0.3140492545084984
ROS1-43-0017,2023-06-30,0.479169753665269,0.24074328909412118,-0.5334819506954553
ROS1-37-0031,2023-07-22,0.16763412853602835,0.10371733940036011,-0.30274755800970315
ROS1-38-0004,2023-07-22,0.17151251076999954,0.12277466360661544,-0.3243222453396256
ROS1-43-0026,2023-07-22,0.17478489623093865,0.11541495232383164,-0.3331450216860827
ROS1-44-0000,2023-07-22,0.19476029807146328,0.13145376384948,-0.3301262377630766
ROS1-49-0001,2023-07-22,0.20454720552596772,0.10803188598865833,-0.3261744486247235
ROS1-50-0003,2023-07-22,0.1465959495035489,0.0987216582870785,-0.2994215436395537
ROS1-25-0018,2023-07-22,0.26368047376909065,0.14221917106602228,-0.38908831331134797
ROS1-31-0033,2023-07-22,0.18300497956454875,0.11209133994286245,-0.328922162720059
ROS1-32-0029,2023-07-22,0.1541119214935203,0.07289167230439902,-0.26182515006450335
ROS1-37-0046,2023-07-22,0.3450563984581032,0.2060472996273734,-0.4381967889563854
ROS1-43-0017,2023-07-22,0.325328350035168,0.18861553449263624,-0.4112927975011373
ROS1-49-0002,2023-07-22,0.23373892009286204,0.11828415206282242,-0.34482978121284374
ROS1-19-0012,2023-07-27,0.28502945477542335,0.18492755832375024,-0.4054686193653685
ROS1-25-0012,2023-07-27,0.3975633746937033,0.2498392169518181,-0.404637543214262
ROS1-26-0018,2023-07-27,0.36250457248549167,0.181186034729055,-0.4645817322733537
ROS1-31-0022,2023-07-27,0.16892654526436157,0.10130915007073671,-0.28471249579294744
ROS1-32-0025,2023-07-27,0.37361537127786343,0.24360989960573312,-0.44154821193865934
ROS1-37-0031,2023-07-27,0.1926164444042389,0.13502339255440157,-0.3582779711792053
ROS1-38-0004,2023-07-27,0.18990857019989382,0.13109549017099498,-0.3247993013584674
ROS1-43-0026,2023-07-27,0.16910333777058956,0.10887937425251572,-0.31464998458491017
ROS1-44-0000,2023-07-27,0.20332293533959517,0.13764376395365843,-0.32957784482114816
ROS1-25-0018,2023-07-27,0.2699709926503972,0.1616521952822637,-0.3830379186653327
ROS1-26-0030,2023-07-27,0.21672776001086472,0.13130730803859342,-0.3155305994854127
ROS1-30-0015,2023-07-27,0.24522416289159116,0.17774475290822214,-0.36429003106271424
ROS1-31-0033,2023-07-27,0.20021740443249642,0.13815645609926475,-0.3621847894107402
ROS1-32-0029,2023-07-27,0.16503803982807402,0.08018229141200284,-0.24883622903967614
ROS1-36-0006,2023-07-27,0.35955754305928406,0.2238196473176366,-0.4238483959676583
ROS1-37-0046,2023-07-27,0.32782995968987494,0.22129405288865994,-0.4233335990703794
ROS1-43-0017,2023-07-27,0.352535789843408,0.19562043162868178,-0.39647248358712994
ROS1-25-0032,2023-07-27,0.2166846989595285,0.1428295941458907,-0.3408410480791634
ROS1-44-0000,2023-08-13,0.20166217352098637,0.1719629717994023,-0.3009336267690122
ROS1-49-0001,2023-08-13,0.26024312676827366,0.2123023806661273,-0.35879733450690865
ROS1-50-0003,2023-08-13,0.14001963013842195,0.1014876693081169,-0.28044341784446963
ROS1-43-0017,2023-08-13,0.20983161027785097,0.12114966963905452,-0.20114654266952983
ROS1-49-0002,2023-08-13,0.22794945049595364,0.1754174455527589,-0.33851922087202124
ROS1-25-0012,2023-08-18,0.29597878555439155,0.1464042114311255,-0.3835835314335318
ROS1-31-0022,2023-08-18,0.13611227663394712,0.06256908495398843,-0.2586958970601801
ROS1-32-0025,2023-08-18,0.4464948824417961,0.31492994922578943,-0.4917576996379427
ROS1-37-0031,2023-08-18,0.1446715514157092,0.0745464011131163,-0.2809127230882096
ROS1-38-0004,2023-08-18,0.3070049999607479,0.2087748598801128,-0.39681909301324136
ROS1-43-0026,2023-08-18,0.20699817262275697,0.12437359300955107,-0.3430166086394654
ROS1-44-0000,2023-08-18,0.26405560306522446,0.17299254937348058,-0.3719514405456039
ROS1-25-0018,2023-08-18,0.1658868095509058,0.0911581550334193,-0.2896798540661984
ROS1-31-0033,2023-08-18,0.18508805273336223,0.12391047367843373,-0.3504820040370622
ROS1-32-0029,2023-08-18,0.13863249152709914,0.06799864528148986,-0.2506734617468754
ROS1-37-0046,2023-08-18,0.2917981030708492,0.19856021295387763,-0.4165332978659096
ROS1-43-0017,2023-08-18,0.43359432271590853,0.24063803338238637,-0.4718073804604036
ROS1-43-0026,2023-09-14,0.259862291193275,0.1763036606074128,-0.4162496900401305
ROS1-44-0000,2023-09-14,0.3620757405300184,0.25499345007501617,-0.48252234837262864
ROS1-26-0030,2023-09-14,0.13877769122682967,0.06115592458157926,-0.2866691282554928
ROS1-43-0017,2023-09-14,0.22286848036804927,0.09370929899286083,-0.3254313348039317
ROS1-38-0004,2023-10-06,0.4558655597660629,0.3605956096091223,-0.48018418280854386
ROS1-43-0026,2023-10-06,0.1260605048991827,0.05103494697951754,-0.207172605863159
ROS1-44-0000,2023-10-06,0.2986630434913514,0.19601362228565844,-0.42025312543059734
ROS1-49-0001,2023-10-06,0.3407587638879506,0.21259931891469927,-0.41010304056802466
ROS1-37-0046,2023-10-06,0.14011111358800107,0.08597973654446253,-0.26464660038564364
ROS1-43-0017,2023-10-06,0.16117659780733806,0.13744474906201096,-0.21530427115854972
ROS1-49-0002,2023-10-06,0.3747649391250916,0.2403415957400724,-0.4505078345971855
ROS1-19-0012,2023-10-11,0.1563229579598771,0.08084768080901344,-0.24234642240548782
ROS1-25-0012,2023-10-11,0.14138911045480185,0.062398171656667695,-0.24531557923553585
ROS1-26-0018,2023-10-11,0.15969181057688736,0.061012568105066806,-0.205190435462413
ROS1-31-0022,2023-10-11,0.13681636231517583,0.057849372246000355,-0.23913006122407832
ROS1-32-0025,2023-10-11,0.4014964444720339,0.2692066335750809,-0.5037087271996169
ROS1-37-0031,2023-10-11,0.09827140673131042,0.07134262960510873,-0.16809744529203277
ROS1-38-0004,2023-10-11,0.41732439942081223,0.2643683857594303,-0.43332343299354437
ROS1-43-0026,2023-10-11,0.05110697082854934,0.015585082268138171,-0.06396100168425965
ROS1-44-0000,2023-10-11,0.2842637117304802,0.19166979543851057,-0.4307306309277414
ROS1-25-0018,2023-10-11,0.15514453167988532,0.06411364300012132,-0.22364404036893357
ROS1-26-0030,2023-10-11,0.10973879538502532,0.06500022322548304,-0.20131987174605911
ROS1-30-0015,2023-10-11,0.10976305566779877,0.05065324606543228,-0.17413006238935477
ROS1-31-0033,2023-10-11,0.1371979262531642,0.05310670192883144,-0.22234194501891844
ROS1-32-0029,2023-10-11,0.14131677278929078,0.06932467914732633,-0.21393274359568568
ROS1-43-0017,2023-10-11,0.23305322261523567,0.19477230741022744,-0.325042825397071
ROS1-36-0007,2023-04-03,0.6958024530684697,0.45009264715832803,-0.6918203965481123
ROS1-30-0015,2023-04-03,0.510024776402769,0.24406637380804208,-0.5550315319671439
ROS1-36-0006,2023-04-03,0.4706272747537531,0.19991065625516108,-0.5285311458356606
ROS1-42-0009,2023-04-03,0.5851314488131044,0.270805992603704,-0.6260237826715579
ROS1-36-0007,2023-05-12,0.888274107468851,0.6970933985021492,-0.8114552107313402
ROS1-42-0010,2023-05-12,0.8570847669228964,0.5903594420858821,-0.7850685381012983
ROS1-30-0015,2023-05-12,0.8525479188698448,0.5874188350668822,-0.7599847211718661
ROS1-36-0006,2023-05-12,0.8465899480432418,0.47444717494227595,-0.7749472059511769
ROS1-37-0046,2023-05-12,0.8185538686258222,0.7163653246486344,-0.6872493147483593
ROS1-42-0009,2023-05-12,0.8536483388147303,0.5743536711354623,-0.7754701895668894
ROS1-24-0030,2023-05-17,0.30325925984599394,0.1793585840806716,-0.4337038121948823
ROS1-25-0012,2023-05-17,0.33340736962009404,0.167795137062416,-0.48011112410692003
ROS1-30-0002,2023-05-17,0.8625899952197003,0.6711958766136922,-0.7973052479540966
ROS1-36-0007,2023-05-17,0.8715569250043963,0.6627043563757309,-0.8253666781850888
ROS1-24-0024,2023-05-17,0.8864156853141886,0.8089793121863685,-0.8264364182925715
ROS1-30-0015,2023-05-17,0.854386491377767,0.624356628125796,-0.8041226779342894
ROS1-24-0018,2023-05-17,0.8689643595248819,0.6757975771860563,-0.8018383186471061
ROS1-25-0032,2023-05-17,0.8055859122879768,0.5827275011334204,-0.7452468090723362
ROS1-36-0007,2023-06-03,0.7903904085370267,0.4751580024470055,-0.725612331081639
ROS1-42-0010,2023-06-03,0.8103191494143704,0.49868022389388394,-0.7423446762698738
ROS1-30-0015,2023-06-03,0.8711609501923369,0.6225265362902372,-0.7864287686096164
ROS1-36-0006,2023-06-03,0.8667211034461336,0.5755369224159635,-0.7820590596958424
ROS1-37-0046,2023-06-03,0.6690247136353885,0.5387734490697978,-0.5952050548310299
ROS1-42-0009,2023-06-03,0.7916767824595916,0.4672681492279609,-0.7143910360967923
ROS1-24-0030,2023-06-08,0.7200635967779419,0.532167397002902,-0.6292797036111666
ROS1-25-0012,2023-06-08,0.7383617502618084,0.5803646769085591,-0.6522192972863767
ROS1-30-0002,2023-06-08,0.8034901083421935,0.6012209734360552,-0.7130477011539379
ROS1-36-0007,2023-06-08,0.7160598569805867,0.4154376433556813,-0.6598390920388035
ROS1-42-0010,2023-06-08,0.7582039819866458,0.4406290604525081,-0.6953303951942779
ROS1-24-0024,2023-06-08,0.825627759733828,0.7158946506551753,-0.7482404158114246
ROS1-30-0015,2023-06-08,0.8267217399822934,0.5443348047065129,-0.7515732537235704
ROS1-36-0006,2023-06-08,0.8234492491973265,0.5033429238207809,-0.7622661548315585
ROS1-42-0009,2023-06-08,0.6916068609722992,0.3846717583022734,-0.6442732877153421
ROS1-24-0018,2023-06-08,0.7323416472422163,0.4819948875864847,-0.6736055660478707
ROS1-25-0032,2023-06-08,0.7767783543739313,0.5231850594443566,-0.6887863245745824
ROS1-24-0030,2023-06-30,0.7723798942626398,0.5920968220621935,-0.7155063648823582
ROS1-30-0002,2023-06-30,0.3349437127272613,0.19006902944146242,-0.5101511780952424
ROS1-42-0010,2023-06-30,0.3470545214683629,0.16975470724172587,-0.49221135630810264
ROS1-30-0015,2023-06-30,0.28959800342539305,0.14678050909948986,-0.4050846934352137
ROS1-36-0006,2023-06-30,0.2546429894165315,0.1820109097489548,-0.33613126119532555
ROS1-42-0009,2023-06-30,0.2626263958459926,0.16100411101122056,-0.33026320844260176
ROS1-24-0018,2023-06-30,0.2856617807968983,0.15563893030674042,-0.4805113153862136
ROS1-25-0032,2023-06-30,0.39454506515052146,0.21200618289351333,-0.4962650924232889
ROS1-30-0002,2023-07-22,0.23411705638109387,0.15186535818459695,-0.36886850078949035
ROS1-36-0007,2023-07-22,0.23654074356932187,0.1545445920108596,-0.3715840803154059
ROS1-42-0010,2023-07-22,0.30585935143143134,0.1587314757525225,-0.3817841012900897
ROS1-25-0018,2023-07-22,0.27415602741212264,0.1459129507021009,-0.40783896607377984
ROS1-30-0015,2023-07-22,0.2288216192654978,0.16684072681103376,-0.3779316778352006
ROS1-36-0006,2023-07-22,0.2877261503458338,0.18950060164582144,-0.3967437164719777
ROS1-37-0046,2023-07-22,0.34842616807722937,0.20836621423362336,-0.4413308202213834
ROS1-42-0009,2023-07-22,0.2865029735940222,0.13673844545052713,-0.3680140092677508
ROS1-25-0032,2023-07-22,0.21765167287806683,0.1488957399125336,-0.3458612282469906
ROS1-18-0027,2023-07-27,0.22422982907610045,0.15606722599326353,-0.34496942660614094
ROS1-19-0012,2023-07-27,0.2801010575369476,0.18320692302784353,-0.3969583044722115
ROS1-24-0030,2023-07-27,0.6703321248325047,0.5360622236369191,-0.5866719181031131
ROS1-30-0002,2023-07-27,0.2384744866455312,0.16415580986887499,-0.3783614880005433
ROS1-24-0024,2023-07-27,0.21043252413201977,0.1486841083706074,-0.3498461763733426
ROS1-30-0015,2023-07-27,0.2437273565797764,0.1761779507830645,-0.3630546491251317
ROS1-36-0006,2023-07-27,0.35156478906260585,0.22043941754621305,-0.4183077283500809
ROS1-19-0018,2023-07-27,0.3208841520410429,0.18864269871171094,-0.38377696270976613
ROS1-24-0018,2023-07-27,0.2054682989868903,0.15246624553213828,-0.37174383219828744
ROS1-25-0032,2023-07-27,0.2183925493983563,0.14294930639703426,-0.3447628772398497
ROS1-42-0009,2023-08-13,0.22389445969965638,0.18534911413284103,-0.32584862205012827
ROS1-24-0030,2023-08-18,0.3447583921737716,0.18689471170241376,-0.40772531173604537
ROS1-25-0012,2023-08-18,0.29404409232198786,0.1451424914390159,-0.38311303754616977
ROS1-30-0002,2023-08-18,0.15246413264299732,0.07411278418429511,-0.27461604585937976
ROS1-36-0007,2023-08-18,0.3439245438591712,0.22641665333720545,-0.458070611088953
ROS1-42-0010,2023-08-18,0.3045849830715094,0.1916716036330964,-0.4396221019849358
ROS1-24-0024,2023-08-18,0.15772445418560324,0.0803682589937506,-0.25352379249022616
ROS1-30-0015,2023-08-18,0.46397029040725196,0.3432586927306419,-0.4993466940723815
ROS1-36-0006,2023-08-18,0.18792491150656357,0.09402051752828419,-0.31365025274999137
ROS1-24-0018,2023-08-18,0.18602894639754722,0.13287659071268834,-0.3542431641386552
ROS1-25-0032,2023-08-18,0.20173833506439684,0.12704854871253796,-0.33974969324328
ROS1-36-0007,2023-09-09,0.2669323328767973,0.17823988056992204,-0.3774931851331638
ROS1-24-0030,2023-09-14,0.17493706546208632,0.08666458848878476,-0.29021950968688376
ROS1-42-0010,2023-10-06,0.15828864813741625,0.13384624473625165,-0.2533525212449189
ROS1-37-0046,2023-10-06,0.14391250743623704,0.08801040057104677,-0.2724650179333971
ROS1-42-0009,2023-10-06,0.24080187884191362,0.15638017174433338,-0.3817872871974813
ROS1-25-0032,2023-10-06,0.2578579216528906,0.18582569197989163,-0.35867889290674365
ROS1-18-0027,2023-10-11,0.16335850302669114,0.08547138179595842,-0.2732234984350151
ROS1-19-0012,2023-10-11,0.1625733004692578,0.08472944541265025,-0.24878424326247048
ROS1-24-0030,2023-10-11,0.15807755662921114,0.07269068480979977,-0.2615176474041733
ROS1-30-0002,2023-10-11,0.16256866636578393,0.07205420438653141,-0.24630336107338377
ROS1-36-0007,2023-10-11,0.2663820729224874,0.2212939838106331,-0.38554812014240014
ROS1-24-0024,2023-10-11,0.15823979150666057,0.06877867769098114,-0.23441515132884946
ROS1-30-0015,2023-10-11,0.11355068405802322,0.05259370281947395,-0.18072355901500076
ROS1-19-0018,2023-10-11,0.14694919327758096,0.07488471131162625,-0.22258205604625347
ROS1-24-0018,2023-10-11,0.27818198659073556,0.14989683760606484,-0.3376674420936921
ROS1-25-0032,2023-10-11,0.22556087992664878,0.1314402709428223,-0.3333811771967355
ROS1-29-0003,2023-07-05,0.35084700786309875,0.21713807261331283,-0.43471993759727395
ROS1-29-0003,2023-08-01,0.21554615614580813,0.09307006085526473,-0.35081349607610046
ROS1-29-0003,2023-08-23,0.21064330969665598,0.0962524460809003,-0.3114340745278589
ROS1-29-0003,2023-08-28,0.18623597709900347,0.08518397337126617,-0.27923438995809574
ROS1-29-0003,2023-09-19,0.17174042210901821,0.09382513231193436,-0.2642258251685252
ROS1-27-0019,2023-07-05,0.2772936473533414,0.1327864839340562,-0.3703264051430473
ROS1-28-0002,2023-07-05,0.2475020451411637,0.11296194409216276,-0.3588433874958084
ROS1-29-0003,2023-07-05,0.35065066316771576,0.21745621443678023,-0.43422430333583045
ROS1-33-0020,2023-07-05,0.22892719986998983,0.11341583835175693,-0.36390189680794455
ROS1-28-0015,2023-07-05,0.27171422223162983,0.11922117727097258,-0.3776937938329655
ROS1-33-0013,2023-07-05,0.17122119959131438,0.10685452610188459,-0.31792271879318307
ROS1-21-0003,2023-08-01,0.21122787798118636,0.14753222002567093,-0.32032806837600936
ROS1-27-0019,2023-08-01,0.23464860193580997,0.15254668592833603,-0.40775898036101876
ROS1-28-0002,2023-08-01,0.19314014550616612,0.06896930488570298,-0.3319183545467972
ROS1-33-0020,2023-08-01,0.18676411617369135,0.14514783544281537,-0.33983634322143974
ROS1-22-0022,2023-08-01,0.4982595164342076,0.3268261588033574,-0.5651997482185459
ROS1-27-0013,2023-08-01,0.22412857811022746,0.14911629662688017,-0.36734796308907636
ROS1-29-0005,2023-08-01,0.42796715648448247,0.23950890588549242,-0.48754971900135713
ROS1-33-0013,2023-08-01,0.1649705166541061,0.12350787840036326,-0.33002588117070597
ROS1-21-0037,2023-08-01,0.33868520976254085,0.11762155351446468,-0.4278942362497678
ROS1-27-0019,2023-08-23,0.19865163194929147,0.1595079137479109,-0.3061373956349788
ROS1-28-0002,2023-08-23,0.1500418672324013,0.07791000382499037,-0.2556226209129548
ROS1-29-0003,2023-08-23,0.20795129640361892,0.09577677796927228,-0.30763420361874566
ROS1-33-0020,2023-08-23,0.16872695069291277,0.1257267867415384,-0.3250929712294885
ROS1-27-0013,2023-08-23,0.14825565398878157,0.11068000651391281,-0.30631857356607095
ROS1-28-0015,2023-08-23,0.19447687040488107,0.10487181643627642,-0.3005499022890182
ROS1-33-0013,2023-08-23,0.1598513748633853,0.11432856535095205,-0.3005127723564089
ROS1-21-0003,2023-08-28,0.12719276647523317,0.06291314875572232,-0.2228445937819613
ROS1-27-0019,2023-08-28,0.1769899912619206,0.11563750320291673,-0.3236802248542606
ROS1-28-0002,2023-08-28,0.12920574908297494,0.06833094302529256,-0.22791786464851121
ROS1-33-0020,2023-08-28,0.15060071811303502,0.10533507531503292,-0.30478280927389534
ROS1-15-0013,2023-08-28,0.2271556726070307,0.12398388416466889,-0.3114025721823179
ROS1-21-0010,2023-08-28,0.1493107742301704,0.07175122395784984,-0.25050332925597246
ROS1-22-0022,2023-08-28,0.43203773732546075,0.289328772987396,-0.4673612185460153
ROS1-26-0030,2023-08-28,0.11143862561220665,0.04950715993442055,-0.20462839997570603
ROS1-27-0013,2023-08-28,0.14545688684179314,0.10677162348414586,-0.3090146186528973
ROS1-28-0015,2023-08-28,0.18872436849327628,0.10407650745211518,-0.3002315004055782
ROS1-33-0013,2023-08-28,0.1578121078807559,0.10830728865970486,-0.29259088473122313
ROS1-15-0025,2023-08-28,0.169919547032983,0.091763879605524,-0.2784362858609294
ROS1-21-0037,2023-08-28,0.16529431546652654,0.05194633465634685,-0.24024938316529537
ROS1-22-0002,2023-08-28,0.3419312627198768,0.2282829987224874,-0.4057411588922834
ROS1-28-0002,2023-09-19,0.13788227945262907,0.07359890163667535,-0.25419863093135847
ROS1-29-0003,2023-09-19,0.17649882791705346,0.09625706648277711,-0.27136375328351797
ROS1-28-0015,2023-09-19,0.16871328495233331,0.050365897567651474,-0.22155097486640113
ROS1-19-0012,2023-07-05,0.24190679077126287,0.14368594986077732,-0.3824333907979577
ROS1-20-0038,2023-07-05,0.2910506009513332,0.16474023588800865,-0.40450170440646055
ROS1-21-0003,2023-07-05,0.2705815758257024,0.15102719003516307,-0.42094639807437084
ROS1-25-0012,2023-07-05,0.7189993539838989,0.5620384446461822,-0.6467800123020251
ROS1-26-0018,2023-07-05,0.6396494159657715,0.4399232970220307,-0.570833600360251
ROS1-30-0002,2023-07-05,0.2850716003818212,0.14521997399038977,-0.41653448162217854
ROS1-31-0022,2023-07-05,0.1661525282685638,0.08340070784717307,-0.30302368420906167
ROS1-32-0025,2023-07-05,0.32374509610456575,0.18213378656699084,-0.4219580148341497
ROS1-37-0031,2023-07-05,0.19803216037178922,0.1163101358703555,-0.3461792196681381
ROS1-25-0018,2023-07-05,0.5310123807543168,0.34674726840783004,-0.5068313598469464
ROS1-26-0030,2023-07-05,0.1923959643959776,0.10855923968930417,-0.32915093412371266
ROS1-30-0015,2023-07-05,0.25878989894603927,0.17794102343664372,-0.3497820707692445
ROS1-31-0033,2023-07-05,0.2157092734464717,0.11844057108736249,-0.3657827919072583
ROS1-32-0029,2023-07-05,0.1843390338065401,0.13044734491098733,-0.3477089267121285
ROS1-36-0006,2023-07-05,0.2752864602541525,0.1426506353191866,-0.38016394183995433
ROS1-37-0046,2023-07-05,0.4809998863632053,0.2974964013099012,-0.5311952865900831
ROS1-19-0018,2023-07-05,0.6091144365908275,0.42273247639456163,-0.515270344668023
ROS1-25-0032,2023-07-05,0.27645030630834,0.14478753157996155,-0.3782106253866333
ROS1-19-0012,2023-08-01,0.3009588933818638,0.1760476165396171,-0.4340845662585436
ROS1-20-0038,2023-08-01,0.2616841563928115,0.1427868564890846,-0.4020801547054292
ROS1-21-0003,2023-08-01,0.2023889435038698,0.13407014605072493,-0.32100330110515624
ROS1-25-0012,2023-08-01,0.4098414909429917,0.20673507285209697,-0.4569612834620439
ROS1-26-0018,2023-08-01,0.3256904244752033,0.16361266730575294,-0.44565881537671115
ROS1-30-0002,2023-08-01,0.20277804325200402,0.0944820162724988,-0.33996270885539515
ROS1-31-0022,2023-08-01,0.18108885547570724,0.09765570512805771,-0.3510672466652523
ROS1-32-0025,2023-08-01,0.36152438202308457,0.251157730857091,-0.4785461849837737
ROS1-13-0000,2023-08-01,0.2971177344529315,0.19244045701204673,-0.4349188981532703
ROS1-19-0004,2023-08-01,0.5992146312916556,0.35917796973843535,-0.6056434448818301
ROS1-20-0017,2023-08-01,0.46408343552649794,0.4345167674560571,-0.5356095135333441
ROS1-25-0018,2023-08-01,0.2969261589332742,0.15861341359485237,-0.4637777241184442
ROS1-26-0030,2023-08-01,0.2176860018257013,0.1503349224795259,-0.3653041100935956
ROS1-31-0033,2023-08-01,0.2210158589096753,0.14814434473980043,-0.4124680657019847
ROS1-32-0029,2023-08-01,0.15839316910264084,0.06914574928932178,-0.28860404891247066
ROS1-13-0020,2023-08-01,0.5840170245716446,0.45256720006430723,-0.608776937622432
ROS1-19-0018,2023-08-01,0.34994740302301625,0.16342113407166411,-0.480152736348224
ROS1-20-0026,2023-08-01,0.25418239907047924,0.1294232433198271,-0.39188456730868326
ROS1-21-0037,2023-08-01,0.32880247448867456,0.11659020937714222,-0.40148053945759904
ROS1-25-0032,2023-08-01,0.22612421464644428,0.13791395272040455,-0.3832975708844808
ROS1-19-0012,2023-08-23,0.1554036836319124,0.0938648380477387,-0.27197461792834177
ROS1-20-0038,2023-08-23,0.194888419782871,0.10202531096012335,-0.24254718645263718
ROS1-25-0012,2023-08-23,0.2578014357257228,0.12864446516055456,-0.3618917856096721
ROS1-30-0002,2023-08-23,0.17098231970788566,0.08446624051752119,-0.26425650007988866
ROS1-31-0022,2023-08-23,0.13413998611824837,0.06229976714142155,-0.2447433828137214
ROS1-32-0025,2023-08-23,0.3760513806396011,0.3378597086598425,-0.4180584428633487
ROS1-37-0031,2023-08-23,0.15061941808538637,0.07030714684809834,-0.26391526819793293
ROS1-38-0004,2023-08-23,0.3985362573238111,0.28357449330064066,-0.46439291822572654
ROS1-13-0000,2023-08-23,0.314581355627554,0.22353383769872473,-0.4169362636638594
ROS1-25-0018,2023-08-23,0.1678338145691095,0.09225252546724216,-0.2958759748839443
ROS1-30-0015,2023-08-23,0.44226054865710124,0.3324543806958416,-0.4785512384538265
ROS1-31-0033,2023-08-23,0.19375289291244235,0.1301845861464141,-0.35280599048082967
ROS1-32-0029,2023-08-23,0.13592583830079832,0.0686878225824479,-0.23953543003487412
ROS1-36-0006,2023-08-23,0.16186284638666307,0.08779606492838678,-0.2666955131157841
ROS1-19-0018,2023-08-23,0.2841860822240221,0.15353665441206102,-0.39896778535097194
ROS1-25-0032,2023-08-23,0.19195859221858,0.12353608522198138,-0.3194277051480066
ROS1-19-0012,2023-08-28,0.14619760115946526,0.08966702801582044,-0.24758340724978134
ROS1-20-0038,2023-08-28,0.16001658937199736,0.08557071160695802,-0.26613980890229116
ROS1-21-0003,2023-08-28,0.12988171804454873,0.06382940151980637,-0.2271297710563568
ROS1-25-0012,2023-08-28,0.2276733507507296,0.11657721129628675,-0.31694430032658166
ROS1-26-0018,2023-08-28,0.18523678090772575,0.12431526283141792,-0.34334958764652695
ROS1-31-0022,2023-08-28,0.12238884298842323,0.05942876546692241,-0.20624514761138843
ROS1-32-0025,2023-08-28,0.4504024809789312,0.31891365176244474,-0.5056002461723625
ROS1-07-0020,2023-08-28,0.20917006231419244,0.11431272571398492,-0.291057830938038
ROS1-13-0000,2023-08-28,0.43692694574678004,0.3234428478455625,-0.4953299171991067
ROS1-14-0009,2023-08-28,0.19022174176176743,0.08566915674544139,-0.2597957420242256
ROS1-19-0004,2023-08-28,0.4036172518541324,0.2284388025200114,-0.44823018824084204
ROS1-20-0017,2023-08-28,0.3540835757573952,0.2470769509366184,-0.42405310189734163
ROS1-25-0018,2023-08-28,0.15277832906538816,0.07968273594616215,-0.2586496342497839
ROS1-26-0030,2023-08-28,0.11105000150675001,0.04934069002712964,-0.20371376507129366
ROS1-13-0020,2023-08-28,0.19806515857178578,0.10502032538378864,-0.2817479724028567
ROS1-14-0031,2023-08-28,0.3507107884120013,0.24485891503612944,-0.4641865307835098
ROS1-19-0018,2023-08-28,0.23557745769211622,0.17032629173274708,-0.37371960565779877
ROS1-20-0026,2023-08-28,0.19645487730659011,0.09186000912513013,-0.2885292448530856
ROS1-21-0037,2023-08-28,0.17184280115460307,0.053531556779470794,-0.24478318527250267
ROS1-25-0032,2023-08-28,0.18510887029014975,0.12109059879676583,-0.3074224991477277
ROS1-19-0012,2023-09-19,0.1670790603258149,0.09231584898485698,-0.31151022124055716
ROS1-20-0038,2023-09-19,0.16971913077240755,0.05631875406468384,-0.28591409697095505
ROS1-21-0003,2023-09-19,0.15359925334532562,0.07975791598124926,-0.29702800617201985
ROS1-25-0012,2023-09-19,0.19964617969386655,0.08956951200055284,-0.3482938303506203
ROS1-30-0002,2023-09-19,0.15780024345040655,0.0658700859737949,-0.30721130855911594
ROS1-31-0022,2023-09-19,0.1700559196239862,0.06924467508011935,-0.31228117943959177
ROS1-13-0000,2023-09-19,0.5537791226433133,0.36663781242291454,-0.6158915307510973
ROS1-19-0004,2023-09-19,0.3694383415741113,0.1849323245847273,-0.47020752428696716
ROS1-25-0018,2023-09-19,0.17522007956113902,0.0822465179184056,-0.3043815829039146
ROS1-30-0015,2023-09-19,0.16194127032722228,0.055814368383533645,-0.28335506708528974
ROS1-31-0033,2023-09-19,0.155851735000801,0.05550403566642945,-0.2968964000658773
ROS1-13-0020,2023-09-19,0.25652902428564894,0.11935567154118157,-0.38452309568530846
ROS1-19-0018,2023-09-19,0.16097425360535278,0.06939898369118727,-0.2866053117704937
ROS1-20-0026,2023-09-19,0.2551140269075398,0.10831708700670226,-0.38065862604218925
ROS1-25-0032,2023-09-19,0.21109360281975595,0.1182385522994718,-0.3653011505755536
ROS1-18-0027,2023-07-05,0.2221059299605661,0.14726526513965002,-0.37763951031633186
ROS1-24-0030,2023-07-05,0.7522943814988552,0.6118152412564694,-0.6767694083593008
ROS1-30-0002,2023-07-05,0.28313183979361106,0.14485466963582086,-0.42231402749390234
ROS1-18-0014,2023-07-05,0.36279399072278123,0.24517368860564626,-0.4754721142135992
ROS1-24-0024,2023-07-05,0.24221151675331873,0.15350324616057998,-0.4020766835131077
ROS1-30-0015,2023-07-05,0.25748778093125546,0.17650897602156126,-0.3496176179977844
ROS1-36-0006,2023-07-05,0.27212590473550774,0.14039664634433277,-0.37813215055643973
ROS1-19-0018,2023-07-05,0.5952248989636604,0.41654953437784026,-0.5014500962798342
ROS1-24-0018,2023-07-05,0.2287464842335685,0.12154618077257243,-0.37301097072494344
ROS1-25-0032,2023-07-05,0.27676439107454553,0.14340130815894125,-0.3814724173771686
ROS1-18-0027,2023-08-01,0.1814100167702691,0.11172097982105755,-0.33041464756172645
ROS1-24-0030,2023-08-01,0.6409474706089192,0.4389546684150754,-0.5609990525326398
ROS1-30-0002,2023-08-01,0.1921122389870628,0.08984753822640297,-0.3143812707470546
ROS1-13-0000,2023-08-01,0.2820828737976065,0.18054831896618012,-0.40968639023633135
ROS1-18-0014,2023-08-01,0.3908522662706452,0.2398315845726425,-0.4938061897502073
ROS1-24-0024,2023-08-01,0.201954867558087,0.13323181437421752,-0.3601938389620554
ROS1-19-0018,2023-08-01,0.3431447915649781,0.1602503908896077,-0.46307300684918956
ROS1-24-0018,2023-08-01,0.197979859023405,0.14012730064913012,-0.376872495887482
ROS1-25-0032,2023-08-01,0.2146151094828697,0.13135272736396966,-0.36076838857337573
ROS1-18-0027,2023-08-23,0.20318129275465738,0.1496846369445796,-0.3207046195824145
ROS1-24-0030,2023-08-23,0.2745806540446537,0.16234263032342083,-0.3444952532367665
ROS1-30-0002,2023-08-23,0.17103141045717446,0.08423449938826157,-0.26340697609278646
ROS1-13-0000,2023-08-23,0.3074018324454043,0.21926673360953808,-0.4169235797204447
ROS1-18-0014,2023-08-23,0.14482169427178707,0.06652258248730825,-0.18647299450085833
ROS1-24-0024,2023-08-23,0.14202629612485665,0.07166531241429203,-0.23905513144041485
ROS1-30-0015,2023-08-23,0.4402103684948605,0.33092144899877435,-0.47584117200824233
ROS1-36-0006,2023-08-23,0.16075308256693835,0.08708794898377106,-0.26569413551064874
ROS1-19-0018,2023-08-23,0.285363000657376,0.15364543138620057,-0.4008855457383364
ROS1-24-0018,2023-08-23,0.18057017733535796,0.12981579436115842,-0.35041277973428986
ROS1-25-0032,2023-08-23,0.18966939061021393,0.12235626930893302,-0.31612159070902923
ROS1-18-0027,2023-08-28,0.2119925928397792,0.1456938114830676,-0.3218782540441158
ROS1-24-0030,2023-08-28,0.27432840001687725,0.14636421943788966,-0.3482538826729811
ROS1-18-0014,2023-08-28,0.12823088179993147,0.06282438701694557,-0.17717002604814275
ROS1-24-0024,2023-08-28,0.1289080214697278,0.07696354044396814,-0.20918412415354296
ROS1-19-0018,2023-08-28,0.23260073600980197,0.16844100745536253,-0.36839791516821657
ROS1-18-0027,2023-09-19,0.22875437275899596,0.1334363415560632,-0.38394218501425376
ROS1-24-0030,2023-09-19,0.18343309071687244,0.08239322725703206,-0.338849302124747
ROS1-30-0002,2023-09-19,0.16169226329668232,0.0690924511248774,-0.30849122443826915
ROS1-13-0000,2023-09-19,0.5461843248995708,0.36349736730911025,-0.6053945052172517
ROS1-18-0014,2023-09-19,0.21620586456847954,0.07413731207465592,-0.3097117290800848
ROS1-24-0024,2023-09-19,0.19022552228971282,0.08660463684240628,-0.3023611012721394
ROS1-30-0015,2023-09-19,0.15630448345546022,0.053539992128134054,-0.2789514904409916
ROS1-19-0018,2023-09-19,0.15904463268774274,0.06862695807724066,-0.2816675627805521
ROS1-24-0018,2023-09-19,0.19650346862288479,0.13202878518846628,-0.3622028593443793
ROS1-25-0032,2023-09-19,0.2087518627720606,0.11697416245096401,-0.36330375872907433
ROS1-18-0027,2023-10-16,0.1305518610994019,0.08647191473654714,-0.21160829676213397
ROS1-24-0030,2023-10-16,0.1297678858161042,0.06628903392157046,-0.23487328193803547
ROS1-30-0002,2023-10-16,0.04654797673075748,0.06560958639014962,-0.10067970203698752
ROS1-13-0000,2023-10-16,0.2503828450753868,0.15111753172292158,-0.35988440295868335
ROS1-18-0014,2023-10-16,0.23479408925257023,0.10129052647488888,-0.24033129746476248
ROS1-25-0032,2023-10-16,0.13788633924416227,0.12728058759336103,-0.12387119880047102
ROS1-29-0005,2023-05-05,0.6475008099472883,0.3984775992903344,-0.6080653741079355
ROS1-29-0003,2023-06-18,0.7101666410068407,0.45823851062744647,-0.6626702327602502
ROS1-29-0005,2023-06-18,0.5367711369044073,0.26935756703827785,-0.566969161216287
ROS1-22-0014,2023-06-23,0.475978309767755,0.4831009840144046,-0.454939039727709
ROS1-22-0014,2023-07-15,0.30542880851405885,0.19700903839138467,-0.4409676007884668
ROS1-29-0005,2023-07-15,0.18672337170647008,0.09514096430928612,-0.17324959622985148
ROS1-22-0014,2023-08-06,0.16249169689917567,0.08477747920220387,-0.27738420331619684
ROS1-29-0003,2023-08-06,0.18550197474493757,0.0757193795748948,-0.2968226642955006
ROS1-29-0005,2023-08-06,0.3837534868979992,0.2552943250631821,-0.4382515902987042
ROS1-29-0003,2023-09-24,0.14749362207502084,0.06659123746799353,-0.24456677246627678
ROS1-29-0005,2023-09-24,0.33670315072796825,0.21370712992334778,-0.49065844612322235
ROS1-22-0014,2023-09-29,0.14731103075832283,0.08617545139626079,-0.2511709925177331
ROS1-29-0003,2023-09-29,0.1417086407273359,0.06324656779314013,-0.2536222488732794
ROS1-29-0005,2023-09-29,0.3258776318848493,0.1989278633367532,-0.4988994779863874
ROS1-22-0014,2023-05-05,0.2966658490939168,0.44171662668152367,-0.2643429101034401
ROS1-27-0019,2023-05-05,0.44932641575915816,0.5068311039982968,-0.41927883065884325
ROS1-33-0020,2023-05-05,0.6806208143737927,0.5722290436397972,-0.6359899565757516
ROS1-15-0013,2023-05-05,0.3382706477262938,0.3784465364982458,-0.31636288276217284
ROS1-21-0010,2023-05-05,0.7818454672724229,0.49692248444242304,-0.7099896765666617
ROS1-22-0022,2023-05-05,0.7217372960314938,0.4619966643496365,-0.6402659509636832
ROS1-26-0030,2023-05-05,0.33356296749673764,0.39876876194573313,-0.3124206420411709
ROS1-33-0013,2023-05-05,0.7404444055663788,0.5573218907849112,-0.6838452853393581
ROS1-15-0025,2023-05-05,0.26720837496562627,0.30844259771236754,-0.2507631174787986
ROS1-22-0002,2023-05-05,0.5176981015188389,0.4281679816568712,-0.48785964314230973
ROS1-21-0003,2023-06-18,0.6194422155651697,0.36463327956251246,-0.5982506777246858
ROS1-22-0014,2023-06-18,0.8356545058000151,0.5920014015759872,-0.7379468800315268
ROS1-27-0019,2023-06-18,0.5377977652276577,0.2511974264010084,-0.5352766681361623
ROS1-28-0002,2023-06-18,0.46671111379943225,0.2212137350061353,-0.5016181770122002
ROS1-33-0020,2023-06-18,0.3807256131820647,0.17271477898843923,-0.48541213177933645
ROS1-15-0013,2023-06-18,0.49612899518273357,0.2738649663813453,-0.5224419228720316
ROS1-21-0010,2023-06-18,0.6066091722298724,0.3368798393891883,-0.5905882967373884
ROS1-22-0022,2023-06-18,0.710473472495117,0.4962513570868652,-0.6567974924430889
ROS1-26-0030,2023-06-18,0.5521718371802663,0.3031863461224476,-0.5387387551912889
ROS1-27-0013,2023-06-18,0.5820110694828923,0.3454460635400144,-0.5697047154173062
ROS1-28-0015,2023-06-18,0.5783626688454422,0.2804390713694071,-0.535002030147677
ROS1-33-0013,2023-06-18,0.4746822194075782,0.28901109854720775,-0.4934169835259797
ROS1-15-0025,2023-06-18,0.7628715980447175,0.4826992108441875,-0.6733104470423796
ROS1-21-0037,2023-06-18,0.5523410367219681,0.32970996371377687,-0.5512749400099405
ROS1-22-0002,2023-06-18,0.8028193135587898,0.47485924504820487,-0.6977179537723451
ROS1-21-0003,2023-06-23,0.47992130284888607,0.297478766735933,-0.565678532600459
ROS1-27-0013,2023-06-23,0.40942838939455134,0.33735356186449444,-0.4577647610913368
ROS1-21-0003,2023-07-15,0.26126147053011933,0.13582543624048607,-0.38680033589120905
ROS1-22-0014,2023-07-15,0.3039216801649065,0.19754782679963764,-0.43658716595014596
ROS1-15-0013,2023-07-15,0.2212386339861374,0.1524004285001118,-0.35379204071922
ROS1-21-0010,2023-07-15,0.22410941429953438,0.11659071201617265,-0.3775747701596488
ROS1-22-0022,2023-07-15,0.4977171897935363,0.3253670590365463,-0.5316241247202962
ROS1-27-0013,2023-07-15,0.21179980790095587,0.11176690939317613,-0.3627826824174086
ROS1-15-0025,2023-07-15,0.25673648705729846,0.1583640318693387,-0.3885391092655656
ROS1-21-0037,2023-07-15,0.27742960356179347,0.1276492173575357,-0.4037478744293946
ROS1-22-0002,2023-07-15,0.39736703253933736,0.2390876094484966,-0.486361810528894
ROS1-21-0003,2023-08-06,0.16601658580749848,0.07283944665545368,-0.29505088700729737
ROS1-22-0014,2023-08-06,0.18085367552216777,0.09436341813138256,-0.31611692137935143
ROS1-27-0019,2023-08-06,0.20354418654959752,0.13706488877802608,-0.3741142703288291
ROS1-28-0002,2023-08-06,0.1593177400878707,0.07258190141817752,-0.29828043500236867
ROS1-33-0020,2023-08-06,0.17009429526961412,0.12151021170666622,-0.34489767520614656
ROS1-15-0013,2023-08-06,0.3688372159539083,0.23280969243615374,-0.46473346623000106
ROS1-21-0010,2023-08-06,0.16259949432967125,0.07824744050247984,-0.298413854222165
ROS1-22-0022,2023-08-06,0.4971515600668006,0.3022794011779801,-0.5431152928361146
ROS1-26-0030,2023-08-06,0.1634957602430914,0.05495220552457485,-0.2955649352738183
ROS1-27-0013,2023-08-06,0.17794873513014978,0.1315696055727083,-0.352118334308708
ROS1-28-0015,2023-08-06,0.16427431591871014,0.08390490640687379,-0.31609148050288066
ROS1-15-0025,2023-08-06,0.19328103400598828,0.1253653911942174,-0.35532162085524627
ROS1-21-0037,2023-08-06,0.3190410857712744,0.14993748199635906,-0.445726077488595
ROS1-22-0002,2023-08-06,0.29756040680755447,0.15450290315343007,-0.4544679971427384
ROS1-21-0003,2023-09-24,0.12709439713833662,0.05781653990828216,-0.2259076547276036
ROS1-22-0014,2023-09-24,0.1479738334013224,0.08788039048465969,-0.24760447952693287
ROS1-27-0019,2023-09-24,0.18184402734057054,0.1119317273919214,-0.31984549982582033
ROS1-28-0002,2023-09-24,0.14281999336004528,0.06987730687107739,-0.2553627613449989
ROS1-33-0020,2023-09-24,0.1508851322927105,0.10775146765060563,-0.2920424854657628
ROS1-15-0013,2023-09-24,0.30548679048121,0.17624554580123827,-0.3594946654613683
ROS1-21-0010,2023-09-24,0.12392598582634017,0.05505062668408136,-0.2206745433736132
ROS1-22-0022,2023-09-24,0.2512490790649713,0.14892118427275144,-0.39229306416798954
ROS1-26-0030,2023-09-24,0.11773270826181181,0.04893749053893099,-0.2343944787145204
ROS1-27-0013,2023-09-24,0.14977513750117252,0.05228008743349791,-0.2362934903724785
ROS1-28-0015,2023-09-24,0.1459154704306049,0.03566632141638156,-0.2313585667114765
ROS1-33-0013,2023-09-24,0.1122076354308133,0.039344390384886234,-0.19234288054163365
ROS1-21-0037,2023-09-24,0.14667351775851564,0.045656365963849574,-0.22561419210657885
ROS1-22-0002,2023-09-24,0.2611331892162676,0.16845734464621404,-0.39773948590508545
ROS1-21-0003,2023-09-29,0.1041575328534755,0.046735789240316974,-0.1938578169301502
ROS1-22-0014,2023-09-29,0.1462917962702954,0.08595130687306382,-0.25055714956687175
ROS1-15-0013,2023-09-29,0.26099120307153656,0.14820821018052407,-0.32913194072076746
ROS1-21-0010,2023-09-29,0.1175144411541754,0.05354050922490458,-0.20516030298585725
ROS1-22-0022,2023-09-29,0.24069934568152337,0.14089683412320006,-0.37639108212498334
ROS1-27-0013,2023-09-29,0.1140643832922748,0.04104529732463681,-0.17446221361378977
ROS1-28-0015,2023-09-29,0.13940528476131253,0.035611257945169984,-0.18586427904115338
ROS1-15-0025,2023-09-29,0.1419392008572335,0.07152554809476593,-0.23416831826797535
ROS1-21-0037,2023-09-29,0.09963979356466734,0.032736021417622746,-0.1565550841820846
ROS1-22-0002,2023-09-29,0.24520214303269433,0.1563010870134529,-0.38347015175469945
ROS1-07-0020,2023-05-05,0.7724316358277385,0.5429729045327931,-0.7000427200080416
ROS1-08-0025,2023-05-05,0.746932991446097,0.5184041549675793,-0.6623185399440475
ROS1-13-0000,2023-05-05,0.7963581603555283,0.6367403733694307,-0.72658663869862
ROS1-14-0009,2023-05-05,0.5301585262110469,0.37357207677436266,-0.47211048263287986
ROS1-18-0014,2023-05-05,0.5638949804160198,0.29807395858564123,-0.5381238058232843
ROS1-19-0004,2023-05-05,0.689761916342599,0.36568263841451926,-0.6103987996619237
ROS1-13-0020,2023-05-05,0.7301181135716747,0.47406191346788384,-0.6393907170994672
ROS1-14-0031,2023-05-05,0.29094141859560024,0.10517724967969756,-0.3696491360728535
ROS1-21-0003,2023-06-18,0.6160800880334074,0.3648107934099424,-0.5867199397987976
ROS1-26-0018,2023-06-18,0.7232651556648809,0.6734096182301291,-0.6687769838009717
ROS1-26-0030,2023-06-18,0.5378345114249922,0.3006927400907819,-0.5118929558001659
ROS1-14-0031,2023-06-18,0.8299096931289303,0.6688438667589697,-0.7292523594569573
ROS1-21-0037,2023-06-18,0.5458849883747849,0.3284258153791369,-0.5368137805029544
ROS1-01-0044,2023-06-23,0.7753720816647762,0.6458465141162253,-0.7012362807123548
ROS1-07-0020,2023-06-23,0.5474691226930183,0.31529918465762236,-0.606222286475536
ROS1-13-0000,2023-06-23,0.3619948775870345,0.16176751890009047,-0.5172274410994465
ROS1-14-0009,2023-06-23,0.826671060365625,0.6825335974840818,-0.7581092364459143
ROS1-19-0004,2023-06-23,0.6770890386847511,0.5589789852154525,-0.6409676781793924
ROS1-20-0017,2023-06-23,0.7247755655671343,0.4336190675058408,-0.6977324063120987
ROS1-07-0031,2023-06-23,0.521263963528323,0.3307627828592956,-0.5812426571259299
ROS1-13-0020,2023-06-23,0.5744358128633104,0.36610373434378796,-0.5976268019539311
ROS1-20-0026,2023-06-23,0.7775292386572883,0.6146850255120992,-0.719680757893346
ROS1-20-0038,2023-07-15,0.33821821824290127,0.17525577622415567,-0.407205244780184
ROS1-01-0044,2023-07-15,0.5244536863420687,0.3482469728555039,-0.5458327203481648
ROS1-07-0020,2023-07-15,0.43634655285534607,0.3180507859914579,-0.48437550117639067
ROS1-08-0025,2023-07-15,0.25074743756341916,0.15105019736767003,-0.3958803117327297
ROS1-13-0000,2023-07-15,0.19826180189628018,0.16137475546637825,-0.21144505387275866
ROS1-14-0009,2023-07-15,0.3155930685112489,0.2542630712347481,-0.37567318627091756
ROS1-20-0017,2023-07-15,0.3703469418579934,0.21073589859401295,-0.4474584529831158
ROS1-07-0031,2023-07-15,0.5469033968315914,0.404850600206085,-0.5482949606943787
ROS1-13-0020,2023-07-15,0.2748213877875307,0.2511324086393461,-0.37916456713825236
ROS1-14-0031,2023-07-15,0.5151477422502326,0.37655948906043163,-0.5129962664684213
ROS1-20-0026,2023-07-15,0.3695095807697819,0.21630428611498356,-0.4711549630746775
ROS1-19-0012,2023-08-06,0.30642062612043186,0.1718709109680813,-0.4453945445366658
ROS1-20-0038,2023-08-06,0.2522858702492314,0.13328370682750834,-0.400917697260502
ROS1-21-0003,2023-08-06,0.16868209436717946,0.07391278458166255,-0.30137876004169134
ROS1-26-0018,2023-08-06,0.3448320751521576,0.1566410936151639,-0.5147835452380857
ROS1-07-0020,2023-08-06,0.26216847930797005,0.15324838576121666,-0.39498583634200696
ROS1-08-0025,2023-08-06,0.30881096857861084,0.1755085228257064,-0.43424525535347314
ROS1-13-0000,2023-08-06,0.2699862267963325,0.17514364132656443,-0.4373300565799773
ROS1-14-0009,2023-08-06,0.2540872577962653,0.1421970881420006,-0.42264065632849557
ROS1-18-0014,2023-08-06,0.2039569708341915,0.062412532527240605,-0.29325287055272364
ROS1-19-0004,2023-08-06,0.5814584128474359,0.31852326114438534,-0.6000960702294369
ROS1-20-0017,2023-08-06,0.3724793654037214,0.2608318736338347,-0.4971924212047127
ROS1-26-0030,2023-08-06,0.1651750945291494,0.0551253454350898,-0.30565560977005557
ROS1-07-0031,2023-08-06,0.28091205390972995,0.18537637083765224,-0.4431272132940282
ROS1-13-0020,2023-08-06,0.6553127030522633,0.5014748277029474,-0.6450908222647508
ROS1-14-0031,2023-08-06,0.390943610243561,0.23432273042027962,-0.5257702879364354
ROS1-19-0018,2023-08-06,0.35473559528974774,0.15788518389262837,-0.5007020902402095
ROS1-20-0026,2023-08-06,0.2212089582455666,0.09787814886032414,-0.3623831356610253
ROS1-19-0012,2023-09-24,0.14996294022355264,0.07774872206093558,-0.2719424523269204
ROS1-20-0038,2023-09-24,0.15380533377606684,0.0479545580648095,-0.2179512141224032
ROS1-21-0003,2023-09-24,0.12456772928871641,0.05713650164503499,-0.21966640074399227
ROS1-25-0012,2023-09-24,0.17561252100132912,0.07995915838295783,-0.2764130563874241
ROS1-26-0018,2023-09-24,0.15501641405639274,0.06054650288565584,-0.26591781735749875
ROS1-32-0025,2023-09-24,0.44354763715781226,0.2983525226744575,-0.5193732164575807
ROS1-07-0020,2023-09-24,0.35890509179075586,0.1593865078465121,-0.40627010811562164
ROS1-13-0000,2023-09-24,0.5186482483393374,0.33479973138074726,-0.5593781627213151
ROS1-14-0009,2023-09-24,0.17974417344497878,0.0627017848369641,-0.23297906502035542
ROS1-18-0014,2023-09-24,0.1986765765325063,0.07147486502834292,-0.22148666388096103
ROS1-19-0004,2023-09-24,0.31146920755551577,0.1511437680578276,-0.3807772797115614
ROS1-20-0017,2023-09-24,0.18015360246659504,0.05576562881143843,-0.26241617040467796
ROS1-26-0030,2023-09-24,0.11716599932351103,0.04920947518407628,-0.2278261222569048
ROS1-13-0020,2023-09-24,0.20459648791526516,0.09364029223510682,-0.291284340223337
ROS1-14-0031,2023-09-24,0.23317426563191287,0.11609587863210082,-0.30784115592947486
ROS1-19-0018,2023-09-24,0.11650750084028842,0.05120741755475492,-0.19865501534323038
ROS1-20-0026,2023-09-24,0.19409898417855243,0.07978580490163503,-0.29243868374227416
ROS1-21-0037,2023-09-24,0.15102725523543356,0.0466315690827972,-0.2252329729607448
ROS1-20-0038,2023-09-29,0.1085360466245582,0.03578044701466494,-0.1651735395709172
ROS1-01-0044,2023-09-29,0.1644276775025887,0.09704689410129079,-0.2679057588441141
ROS1-07-0020,2023-09-29,0.22618339642503968,0.09974448205499994,-0.3063134938876562
ROS1-08-0025,2023-09-29,0.1361423171042322,0.053583334258520784,-0.20531549326776366
ROS1-13-0000,2023-09-29,0.49685294301786065,0.31633835530874477,-0.530877346599999
ROS1-14-0009,2023-09-29,0.16660231864398087,0.058479508571213715,-0.23213134898331772
ROS1-18-0014,2023-09-29,0.19885811757983024,0.06818117116144243,-0.23562986979200876
ROS1-19-0004,2023-09-29,0.3058212741740365,0.14714538497967217,-0.3903163423640727
ROS1-20-0017,2023-09-29,0.12349289222705663,0.03704179447990696,-0.16514055162633084
ROS1-07-0031,2023-09-29,0.19158532511903978,0.07728161878797095,-0.26032419328408396
ROS1-13-0020,2023-09-29,0.17500913404577118,0.07979137703986111,-0.2661371362701046
ROS1-14-0031,2023-09-29,0.2124036682884044,0.10356544835581553,-0.2859019685689539
ROS1-20-0026,2023-09-29,0.18624990287850848,0.0796196884587669,-0.2724082939695367
ROS1-19-0012,2023-10-21,0.1333652533280942,0.0652874752837573,-0.202178458261626
ROS1-19-0018,2023-10-21,0.10288377069336006,0.06915134740116002,-0.16734057119836893
ROS1-18-0014,2023-05-05,0.5581091632202345,0.2960922390760139,-0.5323837119068373
ROS1-07-0031,2023-05-05,0.7600657003446215,0.46411290092541185,-0.6382956328086133
ROS1-18-0027,2023-06-18,0.6203754502590332,0.4830530951490437,-0.5776724978877666
ROS1-24-0030,2023-06-18,0.7944636250043132,0.5876364682047297,-0.697391533052898
ROS1-24-0024,2023-06-18,0.6010678839777566,0.43646638273056915,-0.5863053753848291
ROS1-01-0044,2023-06-23,0.7725953460085325,0.6434564229724359,-0.6939275009073833
ROS1-07-0031,2023-06-23,0.5188976063914063,0.32817346901546485,-0.5750321341491346
ROS1-01-0044,2023-07-15,0.5297239147953366,0.352798356369921,-0.55073890161827
ROS1-07-0031,2023-07-15,0.5468570591777885,0.4053987157559302,-0.5490701742674874
ROS1-18-0027,2023-08-06,0.18927972909032076,0.11249503961498428,-0.3559469300573995
ROS1-18-0014,2023-08-06,0.21129820393872542,0.06417815620298148,-0.3031031939070625
ROS1-07-0031,2023-08-06,0.2809185552596281,0.18326467173797706,-0.4416022620670795
ROS1-18-0027,2023-09-24,0.21415131861071013,0.12557623654843117,-0.3379265394962629
ROS1-24-0030,2023-09-24,0.1563833869819851,0.06807091697095954,-0.2814008471841854
ROS1-18-0014,2023-09-24,0.21948054765385275,0.07762564802049836,-0.25754722520636597
ROS1-24-0024,2023-09-24,0.1262343360123428,0.049031971897312336,-0.22422539134752334
ROS1-07-0031,2023-09-24,0.20291641276803155,0.08902878913845833,-0.3067131109147224
ROS1-24-0018,2023-09-24,0.24487717966440173,0.15956675126122874,-0.4007850477534263
ROS1-01-0044,2023-09-29,0.1714904907346709,0.10132032889824878,-0.27788043096451515
ROS1-18-0014,2023-09-29,0.20265800169190354,0.0692122997864114,-0.24756559625878494
ROS1-07-0031,2023-09-29,0.19060735797020975,0.07806663842034443,-0.2539004305750162
ROS1-18-0027,2023-10-21,0.1347160166090204,0.08529979186325072,-0.24062227825824056
ROS1-24-0030,2023-10-21,0.06357047505299149,0.01595472396062675,-0.12028233185249057
ROS1-18-0014,2023-10-21,0.1801225551870332,0.0690715793734146,-0.21968831799243765
ROS1-24-0024,2023-10-21,0.12584170649645415,0.06855818913884426,-0.21210562557393148
ROS1-19-0018,2023-10-21,0.0999738369805625,0.06648129923167237,-0.16959740304111126
ROS1-24-0018,2023-10-21,0.316288618174499,0.26299694477107927,-0.3722669458054381
ROS1-18-0014,2023-10-26,-0.06788648578869755,-3.1140774199749437,0.13856397137798765
ROS1-22-0014,2023-04-01,0.3175975421776297,0.07895714713396523,-0.4021705963165218
ROS1-22-0002,2023-04-01,0.3592949381037937,0.11011325182664647,-0.4663351767485624
ROS1-22-0002,2023-06-28,0.587831750592781,0.3188973393751495,-0.5160585201683358
ROS1-22-0014,2023-07-20,0.26434736141851145,0.1400150553242201,-0.3437091218664321
ROS1-22-0002,2023-07-20,0.3083865322736441,0.18767902725604876,-0.43686869011725005
ROS1-22-0014,2023-08-16,0.15644102254702177,0.07988885066136193,-0.2660548013686983
ROS1-22-0014,2023-10-04,0.16341242274320222,0.09335653207607346,-0.2656026631639831
ROS1-22-0002,2023-10-04,0.1989994527839181,0.15552037900994187,-0.30795113096960525
ROS1-14-0031,2023-04-01,-0.021777736856792258,-0.1725072104792165,-0.0030636590719057373
ROS1-22-0002,2023-04-01,0.3621257989217778,0.11151035163313018,-0.4608143303208194
ROS1-14-0031,2023-06-06,0.8092809674152623,0.5357969718814855,-0.7047752960807583
ROS1-15-0025,2023-06-28,0.639857950377046,0.3636492025744108,-0.6037036262353419
ROS1-22-0002,2023-06-28,0.6749338399188087,0.47493177783865703,-0.6125190817493422
ROS1-15-0013,2023-07-20,0.20531480415003378,0.12823372511020073,-0.3422788924184928
ROS1-14-0031,2023-07-20,0.43595678071493515,0.3715889499206094,-0.4710092457546936
ROS1-15-0025,2023-07-20,0.2588019113810141,0.14170926284844937,-0.4129941998618306
ROS1-21-0037,2023-07-20,0.27352940220413646,0.11945056031333724,-0.4181333887396945
ROS1-22-0002,2023-07-20,0.30555217657584904,0.18757600009170708,-0.4319887269892657
ROS1-14-0031,2023-08-16,0.29540167499867315,0.1798599046044161,-0.4111909371721726
ROS1-15-0025,2023-08-16,0.19171366281906727,0.11570995616605176,-0.3328415410357855
ROS1-15-0013,2023-09-07,0.24695631825969352,0.17426763997052572,-0.29585694043960464
ROS1-22-0022,2023-09-07,0.335941599817493,0.1863864478810012,-0.430962711709843
ROS1-14-0031,2023-09-07,0.445387641539401,0.30946980559020104,-0.4943931643933524
ROS1-21-0037,2023-09-07,0.1528804259695056,0.0483384844737328,-0.18097415956264856
ROS1-15-0013,2023-10-04,0.28503027418825755,0.15136788816000943,-0.35211309482658304
ROS1-22-0022,2023-10-04,0.1940025007518749,0.133244210837893,-0.3441749965108237
ROS1-14-0031,2023-10-04,0.2171859825626483,0.11203947920209699,-0.2837494056743994
ROS1-15-0025,2023-10-04,0.1331221205151956,0.06176084498914266,-0.22036178862982791
ROS1-07-0020,2023-04-01,0.5710519884640735,0.24853734171242903,-0.5792055250576595
ROS1-01-0009,2023-04-01,0.25005485419637447,0.10400022581572752,-0.3669536680697503
ROS1-07-0031,2023-04-01,0.2816264048757856,0.0837209807808776,-0.4103405233031822
ROS1-07-0031,2023-04-23,0.40529058253742956,0.2961444541483383,-0.3498925031343039
ROS1-01-0044,2023-05-15,0.7526892014015164,0.5211754791413379,-0.6842291305843348
ROS1-08-0025,2023-05-15,0.7239236769734377,0.4784470125818921,-0.6909968628720876
ROS1-01-0009,2023-05-15,0.7039146164972965,0.41237694167285516,-0.6426428565097335
ROS1-07-0031,2023-05-15,0.8359782544835713,0.536270326425647,-0.7445641613093812
ROS1-01-0044,2023-06-06,0.6721795384624476,0.49701969697183007,-0.5955583638263233
ROS1-08-0025,2023-06-06,0.8234414884513238,0.5651950306654854,-0.7419664462402201
ROS1-01-0009,2023-06-06,0.7798823413582088,0.5160479865184971,-0.6748092781513166
ROS1-07-0031,2023-06-06,0.7636528155263717,0.4430906940601277,-0.6949595243267522
ROS1-14-0031,2023-06-06,0.8119069162754295,0.5331529729386699,-0.7067373540009962
ROS1-01-0044,2023-06-28,0.7016274278586574,0.5994644571893689,-0.6709686706741971
ROS1-01-0009,2023-06-28,0.48513326593280903,0.3159112943544236,-0.5173163037137235
ROS1-01-0044,2023-07-20,0.5042090716189394,0.2778130033832195,-0.5553416886964194
ROS1-08-0025,2023-07-20,0.23897554593374892,0.14357167622544703,-0.38055620773477283
ROS1-01-0009,2023-07-20,0.3248234209013036,0.20592234073193819,-0.4255913264487818
ROS1-07-0031,2023-07-20,0.5514517173048875,0.42279637988343716,-0.5322735955172737
ROS1-14-0031,2023-07-20,0.4318566483899181,0.36674648525162723,-0.4727231261420915
ROS1-01-0044,2023-07-25,0.49417561674946875,0.2982992062983139,-0.5465681242858966
ROS1-01-0009,2023-07-25,0.3580585988558309,0.2079166737203583,-0.443897814706083
ROS1-01-0044,2023-08-16,0.19777533494489621,0.10730767771407188,-0.3197857203877892
ROS1-08-0025,2023-08-16,0.276528104787137,0.14849215286007383,-0.3873788915633304
ROS1-01-0009,2023-08-16,0.47258532657427654,0.2699750691731758,-0.4952266387659461
ROS1-07-0031,2023-08-16,0.4334691783712526,0.26550713737901754,-0.49295063287405644
ROS1-14-0031,2023-08-16,0.2937365767727487,0.1793199553644695,-0.4081769962768366
ROS1-01-0044,2023-09-07,0.16553939898123465,0.09138888545979588,-0.25163933203289873
ROS1-07-0020,2023-09-07,0.25688104149818075,0.11915908820158491,-0.2464326848180417
ROS1-08-0025,2023-09-07,0.14142872209211016,0.05565844803262171,-0.2193303282522226
ROS1-01-0009,2023-09-07,0.22431576061589417,0.08301531387802519,-0.2756465124981055
ROS1-14-0031,2023-09-07,0.45079717775561934,0.3106248814890743,-0.503314838155078
ROS1-01-0044,2023-09-12,0.1555707670745374,0.1102299688231645,-0.2861874383836814
ROS1-01-0044,2023-10-04,0.1447425912664735,0.06448659888220422,-0.151151895729377
ROS1-07-0020,2023-10-04,0.20086946423808558,0.09958081077995237,-0.27141515802647476
ROS1-08-0025,2023-10-04,0.11846150570458056,0.049130020618474754,-0.17185169967574654
ROS1-01-0009,2023-10-04,0.1225896478982812,0.05127656187961426,-0.17750246748435136
ROS1-07-0031,2023-10-04,0.18107069359828798,0.09504467548151659,-0.2540599166690581
ROS1-14-0031,2023-10-04,0.2174946393920227,0.11229337694140666,-0.28547830766992716
ROS1-01-0044,2023-10-09,0.09117377808117488,0.06856848686499743,-0.16909571070728074
ROS1-01-0009,2023-10-09,0.1721108014354147,0.045742435746768256,-0.18486781376966077
ROS1-01-0044,2023-07-20,0.518240542451815,0.28575581538212264,-0.5676547308537814
ROS1-01-0044,2023-09-07,0.17554752346290217,0.0957489480432531,-0.259861075298322
ROS1-01-0009,2023-05-20,0.7327279399571229,0.4499530661365555,-0.6483912955532923
ROS1-01-0009,2023-07-03,0.41240037778959326,0.20767672533415882,-0.4579527020034665
ROS1-01-0009,2023-08-21,0.2555022315361543,0.10372163145025534,-0.3161729511232919
ROS1-01-0009,2023-09-17,0.23669490723892467,0.07569553174203948,-0.34889181355649673
ROS1-49-0001,2023-06-09,0.7566938231677665,0.48876203404696394,-0.7079821729620204
ROS1-49-0002,2023-06-09,0.6925138543578652,0.4271575273066414,-0.6494338957906438
ROS1-49-0001,2023-06-25,0.3908084761695076,0.18714559754511892,-0.46116024782388143
ROS1-50-0003,2023-06-25,0.30047273334766134,0.18253463231224054,-0.45836880536900576
ROS1-49-0002,2023-06-25,0.3551163008689392,0.2207803640300338,-0.47769496874087714
ROS1-50-0003,2023-07-11,0.16621754265994482,0.1408597558663135,-0.30526878136031144
ROS1-49-0001,2023-07-27,0.24188437636337992,0.16757133218439377,-0.3791605203475509
ROS1-50-0003,2023-07-27,0.19007041355487075,0.13294549551437576,-0.33104231149644986
ROS1-49-0002,2023-07-27,0.2811825105080203,0.1470803283551908,-0.39660042273616514
ROS1-50-0003,2023-08-28,0.18944537506285958,0.13576839987019704,-0.33773435346930386
ROS1-49-0001,2023-09-29,0.363116879969532,0.22850887319412483,-0.46308123501568615
ROS1-50-0003,2023-09-29,0.17553313828670286,0.11517805527402748,-0.319248633986651
ROS1-49-0002,2023-09-29,0.3850616525158613,0.24600064339249694,-0.48334782574067875
ROS1-49-0001,2023-10-15,0.20041523700840996,0.08512207867633205,-0.3459359264446013
ROS1-50-0003,2023-10-15,0.18703465352970677,0.08024014453809755,-0.3348479472744489
ROS1-49-0002,2023-10-15,0.3942280028568661,0.2457585919101987,-0.5189935017538693
ROS1-42-0010,2023-05-24,0.8122266909327454,0.5655113563369002,-0.742422559857104
ROS1-42-0010,2023-06-09,0.7330886838898667,0.4519559275429666,-0.6827051926711055
ROS1-49-0001,2023-06-09,0.7573286865440227,0.4879489923224814,-0.708571409838917
ROS1-42-0009,2023-06-09,0.6816049372520095,0.3971408949169048,-0.6400630372894177
ROS1-49-0002,2023-06-09,0.694690234931719,0.42819766820858535,-0.6506800757342862
ROS1-42-0010,2023-06-25,0.3736186661476104,0.22231101813196905,-0.4852077715306957
ROS1-49-0001,2023-06-25,0.45741595436111554,0.19306483017241896,-0.5526805332550326
ROS1-42-0009,2023-06-25,0.36810308298430106,0.20359223060881323,-0.48740105490462293
ROS1-49-0002,2023-06-25,0.3573652509797878,0.22043234771638825,-0.480181321243254
ROS1-42-0010,2023-07-11,0.30170838300741987,0.14831413220235987,-0.3996411202565164
ROS1-42-0010,2023-07-27,0.3975530460071123,0.20443093925730055,-0.4570758737172773
ROS1-49-0001,2023-07-27,0.24351401454633526,0.16797790361788606,-0.3814301696717531
ROS1-42-0009,2023-07-27,0.26557664121010216,0.17610256037554894,-0.3922281798264691
ROS1-49-0002,2023-07-27,0.28370079473139426,0.14769157056941912,-0.3993300467862242
ROS1-42-0010,2023-08-28,0.2978088877198084,0.20415566098491747,-0.43401136215745534
ROS1-42-0010,2023-09-13,0.279454385172868,0.1848217475298353,-0.4254322899940011
ROS1-42-0010,2023-09-29,0.24526662960165846,0.16114360976005504,-0.39030585945997703
ROS1-49-0001,2023-09-29,0.36302768367260785,0.2282589310940989,-0.4627003593490113
ROS1-42-0009,2023-09-29,0.2659514039136619,0.17766137679883648,-0.4094318436805353
ROS1-49-0002,2023-09-29,0.38519530682270936,0.24571713155397196,-0.48333817974943466
ROS1-42-0010,2023-10-15,0.21688661030635323,0.14504096332782154,-0.366859230082782
ROS1-49-0001,2023-10-15,0.19866801487666927,0.08570772108385882,-0.339182386619879
ROS1-42-0009,2023-10-15,0.23820206969107047,0.15846950192373002,-0.39142766176067356
ROS1-49-0002,2023-10-15,0.39406588729481734,0.24702269226645843,-0.51731062022055
ROS1-31-0022,2023-04-29,0.4517904734556834,0.33282776083965104,-0.4579187346707966
ROS1-37-0031,2023-04-29,0.8148192326071023,0.710882879720722,-0.728762540007798
ROS1-38-0004,2023-04-29,0.7942037375900483,0.6065841939931481,-0.7246199184740869
ROS1-44-0000,2023-04-29,0.6117402844641084,0.28125347137454687,-0.5628565189578079
ROS1-31-0033,2023-04-29,0.825892298065146,0.7165392077191302,-0.7368878032584203
ROS1-32-0029,2023-04-29,0.7621113297191129,0.5315671841022601,-0.6773003254372207
ROS1-37-0046,2023-04-29,0.43964413516777,0.3094211220694773,-0.46399697004890045
ROS1-31-0022,2023-05-15,0.7983945662896255,0.5980992361785158,-0.6828122504583714
ROS1-37-0031,2023-05-15,0.8998445346752637,0.781843122906476,-0.8173951133535201
ROS1-38-0004,2023-05-15,0.8724902688172427,0.6875516016723292,-0.7981605542758325
ROS1-43-0026,2023-05-15,0.8674431905454039,0.6757409279418861,-0.7881818357623902
ROS1-44-0000,2023-05-15,0.7969989977266585,0.5594004149106888,-0.7262583035022978
ROS1-49-0001,2023-05-15,0.8281515134364409,0.564492779683166,-0.7651570309065298
ROS1-50-0003,2023-05-15,0.836059338327143,0.624723246719639,-0.7726026003052949
ROS1-31-0033,2023-05-15,0.8891186341214737,0.7669106389144736,-0.7967823178606677
ROS1-32-0029,2023-05-15,0.780676253228648,0.5498446312930801,-0.696120261611405
ROS1-37-0046,2023-05-15,0.8501672447132506,0.747075103982413,-0.7141423253908322
ROS1-42-0009,2023-05-15,0.8116679991332825,0.508920268634309,-0.7372205033097549
ROS1-43-0017,2023-05-15,0.825119416407227,0.638404740828036,-0.7462828556288613
ROS1-49-0002,2023-05-15,0.8253869968196754,0.5648435144653554,-0.7581399425171103
ROS1-37-0031,2023-05-31,0.8795340147844118,0.7048225371839261,-0.8133729165547939
ROS1-38-0004,2023-05-31,0.8389506204755642,0.6246800466603516,-0.7770467728537217
ROS1-43-0026,2023-05-31,0.8190950427318386,0.5123852113095415,-0.7639437483823961
ROS1-37-0046,2023-05-31,0.6231921178378937,0.4642178513972224,-0.5584326725837262
ROS1-42-0009,2023-05-31,0.790842825575298,0.4726547324930976,-0.7248383033173426
ROS1-43-0017,2023-05-31,0.650892032121297,0.45093444636368696,-0.6176520604718029
ROS1-49-0002,2023-05-31,0.7385514921355697,0.4658749604283335,-0.698585375990419
ROS1-37-0031,2023-06-16,0.8043979422397225,0.5405286947251763,-0.7261713146165221
ROS1-44-0000,2023-06-16,0.45335523046467857,0.24700372483969607,-0.5316784031207631
ROS1-50-0003,2023-06-16,0.5535814653717033,0.3114814570894486,-0.5939570642390949
ROS1-31-0033,2023-06-16,0.9070088581993545,0.38817763746387596,-0.6844151792086284
ROS1-37-0031,2023-07-02,0.25076229865614325,0.14207842623649594,-0.38827802006074746
ROS1-38-0004,2023-07-02,0.2680189177405663,0.16803237575194999,-0.3880867496969563
ROS1-44-0000,2023-07-02,0.26759130501317757,0.13802223097024743,-0.4099756885846923
ROS1-49-0001,2023-07-02,0.28522410400966125,0.17606358905975272,-0.4354678786606789
ROS1-50-0003,2023-07-02,0.2472581084178558,0.14653112956087838,-0.4042168363958908
ROS1-31-0033,2023-07-02,0.27988064869603274,0.15870725059716767,-0.43319209638086087
ROS1-37-0046,2023-07-02,0.5893717009848807,0.37194062050377663,-0.5894807432168724
ROS1-43-0017,2023-07-02,0.49775491421962387,0.2815673001034823,-0.5298730848438815
ROS1-49-0002,2023-07-02,0.29769021506347526,0.1788640101539707,-0.4338820713829617
ROS1-38-0004,2023-07-18,0.21060195423757228,0.17228746247094226,-0.3408782251911909
ROS1-43-0026,2023-07-18,0.2313864090509759,0.14779628189238256,-0.38319145053315334
ROS1-44-0000,2023-07-18,0.24181815876608512,0.1591560195255296,-0.37285414160233915
ROS1-31-0033,2023-07-18,0.37460358039285224,0.12480380673395838,-0.5702412901538049
ROS1-37-0046,2023-07-18,0.39278746567358497,0.2455507362982733,-0.5098651173678274
ROS1-42-0009,2023-07-18,0.3343893898515558,0.19160979012474677,-0.42998974543540874
ROS1-43-0017,2023-07-18,0.3506687995792409,0.08899525171883382,-0.32373116052010364
ROS1-37-0031,2023-08-03,0.25642596188414546,0.1897295056665869,-0.4266403721746694
ROS1-38-0004,2023-08-03,0.25284455466628314,0.18311980180525497,-0.3845712613904768
ROS1-43-0026,2023-08-03,0.21480966622305805,0.14685913789606944,-0.3605108092067802
ROS1-44-0000,2023-08-03,0.24056470771754995,0.17500769393592308,-0.3823807102208475
ROS1-31-0033,2023-08-03,0.24440994762755985,0.1900521067349799,-0.3897990455759381
ROS1-37-0046,2023-08-03,0.3128939393886628,0.22657709964189757,-0.4336717244981999
ROS1-37-0031,2023-08-19,0.19423118834652436,0.10186683579737417,-0.328363388607922
ROS1-38-0004,2023-08-19,0.3529138709577205,0.24378096292904752,-0.44198675346359795
ROS1-43-0026,2023-08-19,0.2435470821456253,0.15648422258731812,-0.3753760994116862
ROS1-44-0000,2023-08-19,0.29095725979024795,0.196230000452409,-0.40107626106250044
ROS1-49-0001,2023-08-19,0.31224225775648745,0.2128483710096085,-0.44445889103710384
ROS1-50-0003,2023-08-19,0.18408682546308464,0.1257744959121669,-0.33186443531053134
ROS1-31-0033,2023-08-19,0.2269437869559057,0.15558213150172512,-0.38601066984747684
ROS1-37-0046,2023-08-19,0.2584653100177447,0.17678028592472328,-0.39404349612934403
ROS1-42-0009,2023-08-19,0.2810364983084181,0.1877009810387137,-0.41650391024778666
ROS1-43-0017,2023-08-19,0.4463173988762655,0.24994040655398825,-0.4990672752395297
ROS1-49-0002,2023-08-19,0.2792519755905058,0.1824454507459729,-0.4198770863425002
ROS1-37-0031,2023-09-20,0.20919646770782666,0.10146111816146876,-0.3463041511388707
ROS1-38-0004,2023-09-20,0.5018580011757358,0.33645442563684325,-0.533886185404313
ROS1-43-0026,2023-09-20,0.2674206719812361,0.16253505324091766,-0.38394918202125955
ROS1-44-0000,2023-09-20,0.34222328133791396,0.21498916253304734,-0.4478302065149098
ROS1-49-0001,2023-09-20,0.3270336306118423,0.19417766142541204,-0.43896398959378274
ROS1-50-0003,2023-09-20,0.15357153223231654,0.09949253978322625,-0.2732952088038829
ROS1-31-0033,2023-09-20,0.19235233720145128,0.07985641124211112,-0.3184504831731122
ROS1-37-0046,2023-09-20,0.18528863312856203,0.10420908045109001,-0.32949890876593424
ROS1-42-0009,2023-09-20,0.2865547311329038,0.18304622284309233,-0.4291919390794413
ROS1-43-0017,2023-09-20,0.28289882348776824,0.17332812036570927,-0.3896560240413916
ROS1-49-0002,2023-09-20,0.3253401760232216,0.1974188802919342,-0.4478629968950307
ROS1-37-0031,2023-10-06,0.21804271850819093,0.10670849613815932,-0.34355392523637257
ROS1-38-0004,2023-10-06,0.4753555462445506,0.33840989123436077,-0.5228202026241824
ROS1-43-0026,2023-10-06,0.2122110938871301,0.08905757428277904,-0.32468289513751325
ROS1-44-0000,2023-10-06,0.2946117701622578,0.17950996510199785,-0.4087562126935123
ROS1-49-0001,2023-10-06,0.3713943079808473,0.22146172018699647,-0.4809726313424704
ROS1-50-0003,2023-10-06,0.18806846571072722,0.12427349168191412,-0.328716938212822
ROS1-31-0033,2023-10-06,0.18908637368420797,0.07736720138860936,-0.303178507400242
ROS1-37-0046,2023-10-06,0.1912397478064268,0.11016144660751524,-0.3333747371794199
ROS1-42-0009,2023-10-06,0.26004605307529477,0.17065716949661783,-0.41099417657577003
ROS1-43-0017,2023-10-06,0.3125490897457891,0.1941085711591531,-0.41886416617546623
ROS1-49-0002,2023-10-06,0.3925060603304206,0.24070320218645025,-0.5039731362119614
ROS1-37-0031,2023-10-22,0.23768377890188122,0.11328741997128754,-0.3493108022887607
ROS1-38-0004,2023-10-22,0.4404276497884687,0.283267868340053,-0.523745647244306
ROS1-43-0026,2023-10-22,0.19328997809844586,0.08099583397054043,-0.32589118622339996
ROS1-44-0000,2023-10-22,0.2678610429339422,0.15037253232326464,-0.40478076145435116
ROS1-49-0001,2023-10-22,0.20595225902470868,0.08049166293836417,-0.36229732890013683
ROS1-50-0003,2023-10-22,0.18635819029535713,0.07460759467027273,-0.33190429527365795
ROS1-31-0033,2023-10-22,0.1890346680534645,0.06689994582484905,-0.27696883334652
ROS1-37-0046,2023-10-22,0.19358709118478812,0.10863524164142521,-0.3243647443766814
ROS1-42-0009,2023-10-22,0.23685100283755667,0.15124276120542207,-0.38606627395143667
ROS1-43-0017,2023-10-22,0.296167362711697,0.17726824898245827,-0.4119427611375303
ROS1-49-0002,2023-10-22,0.38442785245912736,0.23166412554844193,-0.5236592648163277
ROS1-30-0002,2023-04-29,0.6349142198145075,0.4144084595649987,-0.5879284771957325
ROS1-30-0015,2023-04-29,0.7128238449922975,0.48667520787502466,-0.6498545023983039
ROS1-37-0046,2023-04-29,0.44129275304195503,0.3100461870035565,-0.4655413247490949
ROS1-30-0002,2023-05-15,0.8006214047350082,0.5755007472461707,-0.7120080603491291
ROS1-36-0007,2023-05-15,0.852639305295554,0.6289809308350486,-0.7836581062858867
ROS1-42-0010,2023-05-15,0.8013368078117068,0.5414234761033493,-0.7356540347436474
ROS1-30-0015,2023-05-15,0.8025287325602883,0.5728128877702897,-0.7225635406647498
ROS1-36-0006,2023-05-15,0.7237856183852843,0.44196386136090826,-0.6844461588778112
ROS1-37-0046,2023-05-15,0.8493338960924733,0.7466885300373635,-0.7143796205935649
ROS1-42-0009,2023-05-15,0.8120412570311932,0.5086448173886421,-0.7385155046804773
ROS1-30-0002,2023-05-31,0.8567769619521726,0.6401340155308372,-0.7635104734625976
ROS1-36-0007,2023-05-31,0.77853537349237,0.4769395663281692,-0.7281780442759123
ROS1-42-0010,2023-05-31,0.801988117112318,0.5103816728431655,-0.7490377476583123
ROS1-30-0015,2023-05-31,0.8096780719986266,0.5961004187991464,-0.7382610305741916
ROS1-36-0006,2023-05-31,0.8068532414234368,0.514036821762197,-0.7550729206431884
ROS1-37-0046,2023-05-31,0.6243622667817876,0.46456279137660167,-0.5596782042988276
ROS1-42-0009,2023-05-31,0.7895269575320591,0.4723452248777856,-0.7241170741770949
ROS1-30-0002,2023-06-16,0.6669003028353023,0.5030921393727558,-0.6215700891440346
ROS1-42-0010,2023-06-16,0.5631394814088706,0.3168711621929976,-0.5873220935289811
ROS1-30-0002,2023-07-02,0.31411764132228803,0.20045994900959613,-0.39640743522507976
ROS1-36-0007,2023-07-02,0.34814470374472506,0.16466860770467334,-0.44471465918644276
ROS1-42-0010,2023-07-02,0.3126404380986226,0.13465518817051533,-0.42777252080614236
ROS1-30-0015,2023-07-02,0.30156619139814267,0.14398006468249674,-0.4298407154189095
ROS1-36-0006,2023-07-02,0.3493824752694692,0.16132123508194324,-0.4576432142255744
ROS1-37-0046,2023-07-02,0.5891836434187667,0.371970437365201,-0.5902762734879267
ROS1-30-0002,2023-07-18,0.3369079590793594,0.21850836024101045,-0.4517465489829042
ROS1-36-0006,2023-07-18,0.3078024154303966,0.21423400956429417,-0.4241993691617203
ROS1-37-0046,2023-07-18,0.39351609261842374,0.2458652315615166,-0.5108885425305979
ROS1-42-0009,2023-07-18,0.3377542337010155,0.1955330103060468,-0.43059232523405006
ROS1-37-0046,2023-08-03,0.31643519094461925,0.22839966835144807,-0.4364008160145654
ROS1-30-0002,2023-08-19,0.20414979231225153,0.10705653397547313,-0.32542287182049756
ROS1-36-0007,2023-08-19,0.3444842159850224,0.2362908250296231,-0.463851538677149
ROS1-42-0010,2023-08-19,0.3009089288226792,0.20231875474973376,-0.43116442018779494
ROS1-30-0015,2023-08-19,0.4438175787818624,0.3187375306957531,-0.49895774826658795
ROS1-36-0006,2023-08-19,0.22444845258220328,0.12922067724207734,-0.34947304842877336
ROS1-37-0046,2023-08-19,0.2589556957952298,0.17692358122566834,-0.3951204830233223
ROS1-42-0009,2023-08-19,0.28154740385985827,0.18779846719988477,-0.41760460393726867
ROS1-30-0002,2023-09-20,0.19444061537472357,0.0930291846654727,-0.322268528975495
ROS1-36-0007,2023-09-20,0.34913978424959713,0.2356107649041825,-0.46551499029633464
ROS1-42-0010,2023-09-20,0.2555924950272231,0.16113540855040268,-0.4015940629682508
ROS1-36-0006,2023-09-20,0.21929551470851336,0.13444841834416868,-0.3401203665625641
ROS1-37-0046,2023-09-20,0.18583147009005296,0.10438432483051407,-0.3298912176221772
ROS1-42-0009,2023-09-20,0.28712887893968286,0.1832007656006349,-0.42966716625956175
ROS1-36-0007,2023-10-06,0.3240035979861846,0.22761541080173917,-0.4519525251197769
ROS1-42-0010,2023-10-06,0.23993780659973427,0.15646524070228765,-0.3902492695566652
ROS1-36-0006,2023-10-06,0.20701455412719008,0.1136989460812181,-0.32530589917953606
ROS1-37-0046,2023-10-06,0.19189865774171075,0.11041832507301844,-0.33484320690355557
ROS1-42-0009,2023-10-06,0.26053820597091265,0.17096129430446128,-0.41212697882580585
ROS1-37-0046,2023-10-22,0.19326154452914526,0.10866095208984146,-0.3253307098681867
ROS1-42-0009,2023-10-22,0.2366965999827979,0.1514297957128867,-0.38704557210897217
ROS1-29-0003,2023-06-23,0.6239401240306,0.37665163759603104,-0.5742802820938825
ROS1-29-0003,2023-07-09,0.29411031500873036,0.1872272463850559,-0.4096575662164291
ROS1-29-0003,2023-07-25,0.3098077069893881,0.14020097013265392,-0.4184123557552107
ROS1-29-0003,2023-09-11,0.23555341144034395,0.11427843023788024,-0.3362030217224849
ROS1-29-0003,2023-09-27,0.2097631831743699,0.09317636959019845,-0.3350241168262344
ROS1-27-0013,2023-04-04,0.7393922127118883,0.48362427457892937,-0.6625079200467243
ROS1-33-0013,2023-04-04,0.7412678085747356,0.4161311637595909,-0.6816119890247756
ROS1-21-0003,2023-05-06,0.7823613460197955,0.4904967967811072,-0.7042584797188414
ROS1-27-0019,2023-05-06,0.6275601039334611,0.3746110251106554,-0.575588124005035
ROS1-28-0002,2023-05-06,0.8181379012480191,0.5035972024527956,-0.7300496628442057
ROS1-33-0020,2023-05-06,0.8465764041343684,0.55198442693982,-0.7560580338751022
ROS1-27-0013,2023-05-06,0.8203521733247375,0.5169711621056868,-0.7298485171536859
ROS1-28-0015,2023-05-06,0.7607435246262347,0.41544400340169413,-0.6721054339309597
ROS1-33-0013,2023-05-06,0.8168854184226967,0.3380664922773176,-0.7303449010964027
ROS1-21-0003,2023-06-07,0.7960570457836808,0.5048932031492721,-0.7126500236000304
ROS1-27-0019,2023-06-07,0.6523532398077051,0.342761564180074,-0.611344713968911
ROS1-28-0002,2023-06-07,0.7432489783391627,0.4358995388714036,-0.6771781687836641
ROS1-27-0013,2023-06-07,0.7502308611977629,0.4473410616962813,-0.6709486549267812
ROS1-33-0013,2023-06-07,0.7298544499591041,0.40019687058422404,-0.6564705165572503
ROS1-28-0002,2023-06-23,0.3721306351606799,0.18215917440861681,-0.46112992774787803
ROS1-29-0003,2023-06-23,0.6231597005379121,0.37674045166393494,-0.5735975013588345
ROS1-33-0013,2023-06-23,0.3330867354564496,0.20191835084221949,-0.4621296728387204
ROS1-27-0019,2023-07-09,0.32259614617779797,0.15868263709511282,-0.4477025768017383
ROS1-28-0002,2023-07-09,0.5001048432557325,0.17874735111183768,-0.6873630263268693
ROS1-29-0003,2023-07-09,0.2949652052884186,0.18463206312874345,-0.4140076588916674
ROS1-33-0020,2023-07-09,0.23837524807653318,0.157664330130966,-0.31386948655887353
ROS1-27-0013,2023-07-09,0.3332144157572446,0.234970189121003,-0.46265504428703413
ROS1-28-0015,2023-07-09,0.3241708951627688,0.1505627994568973,-0.4429039396790076
ROS1-33-0013,2023-07-09,0.2196044883746139,0.1426790502075104,-0.3747280037084336
ROS1-21-0003,2023-07-25,0.22418713829514286,0.14143139244196792,-0.3222545722941988
ROS1-27-0019,2023-07-25,0.26326793161648454,0.08671696678049368,-0.32663668824820613
ROS1-28-0002,2023-07-25,0.2121292728183924,0.10887351474130036,-0.33103937566948216
ROS1-29-0003,2023-07-25,0.3101520431400329,0.14056433439332047,-0.4181641205094754
ROS1-33-0020,2023-07-25,0.26196827609340523,0.13861707720662958,-0.3905805099855625
ROS1-27-0013,2023-07-25,0.34205254205847413,0.1481689275533945,-0.47827183464127393
ROS1-28-0015,2023-07-25,0.20092361299344785,0.1870339092653852,-0.25515216499835536
ROS1-21-0003,2023-08-26,0.17754336538956866,0.08570886516451755,-0.29706147819179807
ROS1-27-0019,2023-08-26,0.21740263167947374,0.14503023091404424,-0.352573822925706
ROS1-28-0002,2023-08-26,0.1863460396392217,0.09341453761444492,-0.310186767378673
ROS1-33-0020,2023-08-26,0.18766536485903373,0.14210717823840108,-0.3320487848742907
ROS1-27-0013,2023-08-26,0.1794567647221381,0.13563586624931806,-0.3285817408435205
ROS1-28-0015,2023-08-26,0.22362212611363025,0.12084765299528599,-0.343346136982393
ROS1-33-0013,2023-08-26,0.19177557853581098,0.13023484418126594,-0.32913153975798515
ROS1-27-0019,2023-09-11,0.21977647865416325,0.14128818803566923,-0.35175800105691646
ROS1-29-0003,2023-09-11,0.2442078315371202,0.12014089870968028,-0.34132791427928877
ROS1-33-0020,2023-09-11,0.20862190122858895,0.14858296042466643,-0.3554501024059558
ROS1-27-0013,2023-09-11,0.21527211648012629,0.10444679834827918,-0.30133180520484537
ROS1-33-0013,2023-09-11,0.4462716987855941,0.10071140994458529,-0.6901626645557923
ROS1-21-0003,2023-09-27,0.17342974097925687,0.0793968308965743,-0.294142162459341
ROS1-27-0019,2023-09-27,0.2078143587757055,0.13538968837869372,-0.3481435168952873
ROS1-28-0002,2023-09-27,0.18179992049627874,0.08735672301498121,-0.3090320342369499
ROS1-29-0003,2023-09-27,0.20991415190053472,0.09336847874140856,-0.3339041838479011
ROS1-33-0020,2023-09-27,0.18827744320397966,0.13219334989069292,-0.33702576361876285
ROS1-27-0013,2023-09-27,0.185894032355944,0.06929605307517835,-0.2981862056999179
ROS1-28-0015,2023-09-27,0.21311313904439957,0.06087581437803818,-0.32262190324860124
ROS1-33-0013,2023-09-27,0.1824817129011343,0.06493542507659888,-0.30243305999072134
ROS1-21-0003,2023-10-13,0.19305547046610308,0.07519261067440886,-0.29858613014293633
ROS1-33-0020,2023-10-13,0.3250304146541893,0.1280222072803602,-0.6293151783976689
ROS1-27-0013,2023-10-13,0.19502967187817188,0.07405758461237731,-0.29784292965525816
ROS1-33-0013,2023-10-13,0.176011306904367,0.07029121531241117,-0.22757012922188172
ROS1-21-0003,2023-10-29,0.25147960131850855,0.0677782534260092,-0.3572629205890865
ROS1-28-0002,2023-10-29,0.3064492112533387,0.08316606881030174,-0.34690812707141594
ROS1-27-0013,2023-10-29,0.32169448528774686,0.06055581020799258,-0.48112070672034085
ROS1-33-0013,2023-10-29,0.5544626684768558,0.054303182875191924,-0.7274833663921969
ROS1-26-0018,2023-04-04,0.2239660440467442,0.1093566717685572,-0.33719798599504536
ROS1-31-0022,2023-04-04,0.25632997183511586,0.1152364027918956,-0.3624097883699975
ROS1-32-0025,2023-04-04,0.44401678637306863,0.20726562174416838,-0.47009813153586427
ROS1-37-0031,2023-04-04,0.7542196067546642,0.4596560150345094,-0.700340209470977
ROS1-38-0004,2023-04-04,0.7506310609645882,0.44673184348163175,-0.7029377655191148
ROS1-25-0018,2023-04-04,0.22383024409635002,0.100450317213029,-0.33372184693087337
ROS1-26-0030,2023-04-04,0.3755161238310079,0.18682774143087577,-0.40422862040914714
ROS1-27-0013,2023-04-04,0.7358916701072891,0.48286955203426396,-0.6609258320607909
ROS1-30-0015,2023-04-04,0.49681089425579095,0.2519676145154877,-0.5026768137639143
ROS1-31-0033,2023-04-04,0.7795150064542493,0.506802330366692,-0.7097823546687909
ROS1-32-0029,2023-04-04,0.36148176257268005,0.23075095132694376,-0.389149338882652
ROS1-36-0006,2023-04-04,0.40518742037489625,0.19994113630236665,-0.43580116272115627
ROS1-19-0012,2023-05-06,0.7581090698033947,0.652236962596944,-0.6881055734280224
ROS1-20-0038,2023-05-06,0.7264806285420643,0.4479203022572181,-0.649451326875097
ROS1-21-0003,2023-05-06,0.7813619526319389,0.4914959967630015,-0.7035772128114463
ROS1-25-0012,2023-05-06,0.28222680747004636,0.14409666577399774,-0.36699095922575004
ROS1-26-0018,2023-05-06,0.2796674589105081,0.14916235093407892,-0.3685614386652903
ROS1-30-0002,2023-05-06,0.7637705674980005,0.5257175311539851,-0.6927416730655046
ROS1-32-0025,2023-05-06,0.733856374650093,0.48166708941381964,-0.6740933054802687
ROS1-37-0031,2023-05-06,0.9061075385888323,0.7834717980202376,-0.8391379570665415
ROS1-38-0004,2023-05-06,0.8822393766699715,0.6964821553692537,-0.8198638019548041
ROS1-26-0030,2023-05-06,0.7421464036946053,0.45290121600134353,-0.6698533604495089
ROS1-27-0013,2023-05-06,0.8207304173853416,0.5174961149550935,-0.7303274612148409
ROS1-30-0015,2023-05-06,0.7697676396031007,0.5083123707836705,-0.7140459752293987
ROS1-36-0006,2023-05-06,0.6848906048591682,0.39854093418301734,-0.6641099517773971
ROS1-19-0018,2023-05-06,0.35659221420568743,0.3752976634499684,-0.37408634920751926
ROS1-20-0026,2023-05-06,0.5520983985014943,0.30558838312508074,-0.4967755843224855
ROS1-25-0032,2023-05-06,0.7773624431334398,0.5550307428531437,-0.7011021746936251
ROS1-19-0012,2023-06-07,0.7801260936168278,0.6413035391563293,-0.7078152839260513
ROS1-21-0003,2023-06-07,0.7943907336258483,0.5037292037504105,-0.7121379722414796
ROS1-25-0012,2023-06-07,0.7339781572823199,0.5688359925286088,-0.6436436930087335
ROS1-30-0002,2023-06-07,0.8282400436990803,0.5906765448585094,-0.7412571138549702
ROS1-37-0031,2023-06-07,0.8787253627289558,0.6308821122694789,-0.8178078490914158
ROS1-27-0013,2023-06-07,0.7500049690190966,0.4492217499546041,-0.6708683256360441
ROS1-30-0015,2023-06-07,0.8352591321924703,0.5389234365860789,-0.7628224770689855
ROS1-32-0029,2023-06-07,0.6748573091450448,0.3890570137341779,-0.6337949209752068
ROS1-36-0006,2023-06-07,0.8312410228446009,0.5113686743595202,-0.7715641889217733
ROS1-25-0032,2023-06-07,0.7910146982569246,0.5236839081871766,-0.6936087718636695
ROS1-19-0012,2023-06-23,0.39610709769692926,0.24605523288506592,-0.49339956574490906
ROS1-30-0002,2023-06-23,0.4524389710158958,0.26403179350873707,-0.5468068968103413
ROS1-31-0022,2023-06-23,0.4980631697793986,0.3483518818591637,-0.5318890358890268
ROS1-37-0031,2023-06-23,0.5029030313508793,0.25392500595946577,-0.6158050916223625
ROS1-38-0004,2023-06-23,0.41946015039092427,0.22357150768694495,-0.5527537577201234
ROS1-25-0018,2023-06-23,0.6691830664283683,0.41850613436188794,-0.5882790566306878
ROS1-30-0015,2023-06-23,0.44461171001407374,0.22683221702397374,-0.5581603483403295
ROS1-31-0033,2023-06-23,0.4563416877948206,0.2631260397289751,-0.5707903814303713
ROS1-32-0029,2023-06-23,0.3046281239257661,0.1534247134635917,-0.4449455628424157
ROS1-36-0006,2023-06-23,0.5117882166046219,0.26575291091651,-0.5974764402468317
ROS1-19-0018,2023-06-23,0.6845822784465401,0.4843286393770535,-0.6020124515599776
ROS1-25-0032,2023-06-23,0.5364322940308968,0.2964678623861924,-0.5926183764667069
ROS1-19-0012,2023-07-09,0.2956622969531946,0.09985857892895404,-0.4014849406372099
ROS1-20-0038,2023-07-09,0.3434601300725664,0.20588487275784276,-0.4455402661900579
ROS1-31-0022,2023-07-09,0.20874108151979034,0.11016836461615483,-0.34053431604023093
ROS1-37-0031,2023-07-09,0.06359333627485071,0.1261854093717599,-0.08587601087583759
ROS1-38-0004,2023-07-09,0.24288514986429913,0.19007980678550776,-0.39903680384175505
ROS1-25-0018,2023-07-09,0.44986742777816885,0.28911294812771227,-0.465103787149345
ROS1-26-0030,2023-07-09,0.282664705991387,0.16034018798238914,-0.422673912596542
ROS1-27-0013,2023-07-09,0.2638074688446441,0.26465615632571393,-0.35826186272180405
ROS1-31-0033,2023-07-09,0.2567480267422753,0.15041682665238396,-0.4047667791863089
ROS1-19-0012,2023-07-25,0.30154077273644014,0.18489259235316297,-0.4244362708583208
ROS1-21-0003,2023-07-25,0.22872504575585156,0.1376075777418626,-0.3285012679199296
ROS1-25-0012,2023-07-25,0.46173504985960634,0.2629564353298978,-0.47503969941564833
ROS1-26-0018,2023-07-25,0.36468306022358915,0.09619967533921499,-0.41395271172404313
ROS1-30-0002,2023-07-25,0.2681946410633551,0.1797791222971516,-0.41158485854211163
ROS1-31-0022,2023-07-25,0.23498743191672194,0.09106509707649636,-0.3579224095599832
ROS1-32-0025,2023-07-25,0.45397177059726357,0.2530551514541491,-0.5152416708626375
ROS1-37-0031,2023-07-25,0.260600983071487,0.1669105497365733,-0.43664924267332356
ROS1-25-0018,2023-07-25,0.3581368916198408,0.16345053792707717,-0.5003529663716333
ROS1-27-0013,2023-07-25,0.2718642249254994,0.1627148852960819,-0.3771499830756389
ROS1-30-0015,2023-07-25,0.2622726802419804,0.18476265340411857,-0.3975317021299489
ROS1-31-0033,2023-07-25,0.2541596914404681,0.12307431909810178,-0.4138509037616036
ROS1-36-0006,2023-07-25,0.36688422140396126,0.21830945919621345,-0.4617589455182345
ROS1-19-0018,2023-07-25,0.3748538622210761,0.17490076702365362,-0.4713240240935959
ROS1-25-0032,2023-07-25,0.26092708838942147,0.16084982893693156,-0.40112532662944217
ROS1-32-0025,2023-08-10,0.3310217627105325,0.21459527346655624,-0.40904383366025676
ROS1-19-0012,2023-08-26,0.2009321419598246,0.1174599308641419,-0.32896804341158276
ROS1-20-0038,2023-08-26,0.206911602047105,0.10787185077980557,-0.32895339428452053
ROS1-21-0003,2023-08-26,0.17763384591050163,0.08597331037845457,-0.29776574736387995
ROS1-25-0012,2023-08-26,0.2996960116472162,0.14731208698569523,-0.4263679544291657
ROS1-26-0018,2023-08-26,0.22625046160960463,0.15021307212611743,-0.3874695622106401
ROS1-30-0002,2023-08-26,0.19717157531839935,0.09636660684469256,-0.32965127358631596
ROS1-31-0022,2023-08-26,0.18628954214264726,0.0880747838210112,-0.32187368091841007
ROS1-32-0025,2023-08-26,0.48049822925433266,0.31427285427046203,-0.5617914807583188
ROS1-37-0031,2023-08-26,0.200985990001369,0.09732072213568076,-0.3348144836411186
ROS1-38-0004,2023-08-26,0.43644209926170147,0.3135252724455243,-0.5055811939079359
ROS1-25-0018,2023-08-26,0.21490690591511596,0.10785705811153362,-0.34873931424957455
ROS1-26-0030,2023-08-26,0.17615801914729143,0.07922229861125932,-0.3005873824065331
ROS1-27-0013,2023-08-26,0.17963023607883064,0.13601164180488606,-0.3290474559061608
ROS1-30-0015,2023-08-26,0.4555232033757473,0.32424629409928685,-0.5200839116174252
ROS1-31-0033,2023-08-26,0.2330517580682582,0.16002055883568006,-0.3964043812350142
ROS1-32-0029,2023-08-26,0.18054900499897872,0.09150812776611113,-0.30990971302746656
ROS1-36-0006,2023-08-26,0.21390776113742974,0.11369424646664307,-0.35221504414022353
ROS1-19-0018,2023-08-26,0.32343904347179714,0.16281632883369765,-0.4644902139735409
ROS1-25-0032,2023-08-26,0.2269844053457593,0.14551782327025725,-0.3668976132759373
ROS1-19-0012,2023-09-11,0.2015769527760361,0.11415466524422273,-0.3308814691633799
ROS1-25-0012,2023-09-11,0.23759115510002288,0.1115764923069466,-0.37796094705180694
ROS1-26-0018,2023-09-11,0.2222725674032245,0.1028056877160323,-0.3370430666074454
ROS1-30-0002,2023-09-11,0.18923008895645146,0.09059788386568406,-0.3170543773544708
ROS1-31-0022,2023-09-11,0.19256534096356687,0.088336898787561,-0.3172302178124015
ROS1-37-0031,2023-09-11,0.275922636530006,0.12483540136769848,-0.38097612362827243
ROS1-38-0004,2023-09-11,0.4786666371625863,0.316579735193172,-0.5276013243564177
ROS1-25-0018,2023-09-11,0.22034274727511866,0.09998830416767411,-0.35275989660543655
ROS1-27-0013,2023-09-11,0.23543309358182551,0.09983425234254993,-0.322726481388474
ROS1-31-0033,2023-09-11,0.1904660354490108,0.07808001808111695,-0.31827118395941695
ROS1-32-0029,2023-09-11,0.1831991742221788,0.09148522213153512,-0.2930152669635824
ROS1-19-0018,2023-09-11,0.19885929266974542,0.09764896039356301,-0.3182345083537295
ROS1-25-0032,2023-09-11,0.2411163642642335,0.15243993855097826,-0.38687096361994666
ROS1-19-0012,2023-09-27,0.20926528522106025,0.10939597526431384,-0.33671793677734846
ROS1-20-0038,2023-09-27,0.1896712172851316,0.06862937242336009,-0.2984992767512467
ROS1-21-0003,2023-09-27,0.17370127993171874,0.07933898970720552,-0.29426126773827593
ROS1-25-0012,2023-09-27,0.2172671617859345,0.09425607405943764,-0.3422934430255632
ROS1-26-0018,2023-09-27,0.22017983170292849,0.0949043657932949,-0.3394888231828036
ROS1-30-0002,2023-09-27,0.19448433358395262,0.08730247937075052,-0.32692457682823767
ROS1-31-0022,2023-09-27,0.18832325841584355,0.08686621441079292,-0.3197564872349276
ROS1-32-0025,2023-09-27,0.5070967294220294,0.3145986626797255,-0.620232564689668
ROS1-37-0031,2023-09-27,0.1984381492521952,0.09377353988075826,-0.33864765998133983
ROS1-38-0004,2023-09-27,0.5048468591663322,0.3307800640562918,-0.5464216872546924
ROS1-25-0018,2023-09-27,0.23743002373731686,0.10446551638408585,-0.34600689649400984
ROS1-26-0030,2023-09-27,0.17052010747417087,0.07853689326834387,-0.2992577236919497
ROS1-27-0013,2023-09-27,0.18718004884071068,0.06985643378664037,-0.29962542149329335
ROS1-30-0015,2023-09-27,0.18497475224852744,0.07125241642004475,-0.3152806252178898
ROS1-31-0033,2023-09-27,0.18817126709683685,0.0745127963989226,-0.316981117159653
ROS1-32-0029,2023-09-27,0.17612721558981914,0.08262460544424056,-0.3030934883730811
ROS1-36-0006,2023-09-27,0.21781169567776126,0.11653629054160623,-0.34631297980336156
ROS1-19-0018,2023-09-27,0.17931137832915706,0.0801723155127984,-0.28652300021738625
ROS1-25-0032,2023-09-27,0.24575576070977376,0.1413028840247947,-0.3796884500078536
ROS1-19-0012,2023-10-13,0.19352330911334048,0.1071979515966343,-0.3018245871634142
ROS1-20-0038,2023-10-13,0.18616545358757103,0.0746706983357318,-0.281252770256277
ROS1-21-0003,2023-10-13,0.1976949156473186,0.07656152505749222,-0.30453390440886197
ROS1-26-0018,2023-10-13,0.2210912485808373,0.07589945374333239,-0.3294310157863196
ROS1-30-0002,2023-10-13,0.19529958805355177,0.09028189207519634,-0.31080728766742405
ROS1-32-0025,2023-10-13,0.459918954538548,0.27564730400314347,-0.6086541866348333
ROS1-37-0031,2023-10-13,0.1969068384907924,0.09909663430338791,-0.320462795850007
ROS1-38-0004,2023-10-13,0.4371783563477711,0.29056947253435833,-0.500999228715702
ROS1-25-0018,2023-10-13,0.19576220291459356,0.10030269127984767,-0.3025395515857188
ROS1-26-0030,2023-10-13,0.17621120218193165,0.08499724107733561,-0.29461334693699137
ROS1-27-0013,2023-10-13,0.19753251939894242,0.07527281439891269,-0.3001409075334406
ROS1-30-0015,2023-10-13,0.1846809339512828,0.0681324858677731,-0.3095332532675284
ROS1-31-0033,2023-10-13,0.18292484557583152,0.0666152069542869,-0.299341313272593
ROS1-36-0006,2023-10-13,0.18974587117603461,0.0927978689907534,-0.31938844872832944
ROS1-19-0018,2023-10-13,0.1778603746549701,0.07531044985433111,-0.26477584690857936
ROS1-19-0012,2023-10-29,0.3690104106580372,0.17735371529976032,-0.4228894030368379
ROS1-20-0038,2023-10-29,0.2371840447122069,0.04895225160067769,-0.3500347646657742
ROS1-21-0003,2023-10-29,0.2581727610838924,0.06880211894878302,-0.3712128107553438
ROS1-25-0012,2023-10-29,0.248810480041428,0.0640740109226365,-0.3922167848550998
ROS1-26-0018,2023-10-29,0.29921697998684743,0.06853317281904465,-0.39258912549986225
ROS1-30-0002,2023-10-29,0.2726872161150705,0.08176724107178286,-0.3853254977477796
ROS1-31-0022,2023-10-29,0.32964851551749647,0.10394002057249443,-0.41211292501706953
ROS1-32-0025,2023-10-29,0.44679616274163547,0.2272283257139794,-0.5846756449397175
ROS1-37-0031,2023-10-29,0.36958929058037304,0.12152040719339026,-0.44122145513258326
ROS1-38-0004,2023-10-29,0.4085227974401558,0.2431669076123769,-0.4890817298250014
ROS1-25-0018,2023-10-29,0.2818395787432672,0.08341320132221539,-0.3910252993845448
ROS1-26-0030,2023-10-29,0.3185472567589593,0.10650838147883278,-0.379633477439205
ROS1-30-0015,2023-10-29,0.20665882651470172,0.055226300205386346,-0.33532987112014695
ROS1-31-0033,2023-10-29,0.2284621049976842,0.054317097439284444,-0.3642612537537372
ROS1-32-0029,2023-10-29,0.2003560193008419,0.06137528416638012,-0.3155554387779944
ROS1-36-0006,2023-10-29,0.2240718565170843,0.09037356618209301,-0.34139995605369083
ROS1-19-0018,2023-10-29,0.36951595997229303,0.1288294185362067,-0.4059732304859796
ROS1-25-0032,2023-10-29,0.2326146372752281,0.06080934227681823,-0.3635819871762782
ROS1-18-0027,2023-04-04,0.8462938258049126,0.6187222860053484,-0.7702676003363332
ROS1-24-0030,2023-04-04,0.2184097251288807,0.12529324917503654,-0.3190931872163431
ROS1-24-0024,2023-04-04,0.6880777983489904,0.5068044629552971,-0.6470113115247738
ROS1-30-0015,2023-04-04,0.436168004899665,0.2112568885072658,-0.45296891728801714
ROS1-36-0006,2023-04-04,0.4090014599658864,0.20151395461560564,-0.4384636141929596
ROS1-18-0027,2023-05-06,0.9079605084544415,0.874432023174151,-0.8304149926294069
ROS1-30-0002,2023-05-06,0.7645203852971344,0.5257930567276149,-0.6930617353966259
ROS1-18-0014,2023-05-06,0.5612030190966505,0.34926141538993066,-0.5325180763666726
ROS1-24-0024,2023-05-06,0.8190381223495445,0.7679466956663196,-0.7565996606367965
ROS1-30-0015,2023-05-06,0.7698678110234257,0.5072380322194912,-0.714255230529371
ROS1-36-0006,2023-05-06,0.6875064006403617,0.3992197896750965,-0.6660964802788691
ROS1-19-0018,2023-05-06,0.3671584251917852,0.4135607700041821,-0.3905470877353763
ROS1-24-0018,2023-05-06,0.809192812307336,0.6212454004680643,-0.7265155834931241
ROS1-25-0032,2023-05-06,0.7808595945469956,0.5575066186355664,-0.7032085292743969
ROS1-18-0027,2023-06-07,0.8993862275852288,0.6361838453564037,-0.82411404922066
ROS1-19-0012,2023-06-07,0.7841349490647789,0.6235129987832416,-0.7134946803617696
ROS1-24-0030,2023-06-07,0.6437217905718989,0.4556047753466477,-0.5775225534714612
ROS1-30-0002,2023-06-07,0.8314188032761829,0.5939666150528099,-0.7430789211649468
ROS1-18-0014,2023-06-07,0.9039487358495846,0.5402420087206093,-0.7695824536595219
ROS1-24-0024,2023-06-07,0.8701848266501856,0.716902944916004,-0.7884109020636074
ROS1-30-0015,2023-06-07,0.8356976802108798,0.5389340799717024,-0.7630904756293435
ROS1-36-0006,2023-06-07,0.8320238299978457,0.511749221392327,-0.7720773555507625
ROS1-24-0018,2023-06-07,0.7263719257402692,0.4241772869005913,-0.6726676482438487
ROS1-25-0032,2023-06-07,0.7921579468129342,0.523913984344418,-0.6944449355491904
ROS1-18-0027,2023-06-23,0.476262203571558,0.35344652665814436,-0.525680697171144
ROS1-19-0012,2023-06-23,0.4080759976243821,0.24889238698887858,-0.5080435563243461
ROS1-24-0030,2023-06-23,0.7825492961917794,0.6074774416857649,-0.6877068401401664
ROS1-30-0002,2023-06-23,0.45317917330343305,0.26361252426416953,-0.5480924673442809
ROS1-18-0014,2023-06-23,0.6222088445757569,0.4493697110315155,-0.5833822721064986
ROS1-24-0024,2023-06-23,0.5118731903903009,0.351164176271312,-0.577353634777044
ROS1-30-0015,2023-06-23,0.44501130303576214,0.22664537582124727,-0.5589157646503671
ROS1-36-0006,2023-06-23,0.5117175538433317,0.2656674583069029,-0.5973741003283076
ROS1-24-0018,2023-06-23,0.35320810221756965,0.1791271805827636,-0.5050540696171811
ROS1-25-0032,2023-06-23,0.5364154473691303,0.2962200986134256,-0.5925426073931417
ROS1-18-0027,2023-07-09,0.2957475708288937,0.19482854093749488,-0.43820978889235584
ROS1-19-0012,2023-07-09,0.2902497833655278,0.1005066789794141,-0.39145190441192973
ROS1-24-0024,2023-07-09,0.2929883223543693,0.19688637132269837,-0.45311159842585397
ROS1-24-0018,2023-07-09,0.2829180252859784,0.16339749535288972,-0.4349372367468315
ROS1-18-0027,2023-07-25,0.23876641407933627,0.15250138117277906,-0.38200817313863633
ROS1-19-0012,2023-07-25,0.30285721081412714,0.18547975802735445,-0.42578256885508964
ROS1-24-0030,2023-07-25,0.7476881752463795,0.543238349203032,-0.647521127986053
ROS1-30-0002,2023-07-25,0.2692968569427903,0.18000470912625188,-0.4129960926663462
ROS1-18-0014,2023-07-25,0.38607846478286717,0.2199484005414063,-0.5008534322732487
ROS1-24-0024,2023-07-25,0.24292743103902792,0.17163401073054635,-0.38239789781215866
ROS1-30-0015,2023-07-25,0.26329990621808497,0.1854172078205628,-0.3984391556589669
ROS1-36-0006,2023-07-25,0.36795325863267314,0.21870630029090712,-0.4628416882840721
ROS1-19-0018,2023-07-25,0.3762822647717889,0.17523640183720812,-0.4727699036502567
ROS1-24-0018,2023-07-25,0.24305590730084467,0.18056349713420056,-0.40467701414016266
ROS1-25-0032,2023-07-25,0.2615273415445415,0.1611812130520611,-0.4017373716799792
ROS1-18-0027,2023-08-26,0.21539325467821793,0.1483350221781413,-0.3413742193117562
ROS1-19-0012,2023-08-26,0.20112648539709305,0.11752380093753426,-0.32991885672451454
ROS1-24-0030,2023-08-26,0.32463491934319977,0.1778656689212317,-0.4268702781305427
ROS1-30-0002,2023-08-26,0.19729537018477913,0.09650241033799745,-0.3303140474059706
ROS1-18-0014,2023-08-26,0.18762916416653547,0.07822564804813491,-0.2641365819001084
ROS1-24-0024,2023-08-26,0.19640679135523761,0.0978800330976061,-0.3099869983932041
ROS1-30-0015,2023-08-26,0.4555916404671469,0.32529538162849536,-0.5203471123557276
ROS1-36-0006,2023-08-26,0.21413708792766797,0.11386993100865586,-0.3530371089631916
ROS1-19-0018,2023-08-26,0.3239020751062264,0.16295637767527574,-0.4656750165573452
ROS1-24-0018,2023-08-26,0.22152184418669565,0.16487689792991542,-0.3812775690224069
ROS1-25-0032,2023-08-26,0.22747318814485468,0.14555717205275964,-0.36858372134030304
ROS1-18-0027,2023-09-11,0.3214481636685318,0.21900412765605484,-0.42358183947827116
ROS1-19-0012,2023-09-11,0.20151171456248332,0.11401466470866777,-0.3301801369411315
ROS1-24-0030,2023-09-11,0.265430479889627,0.15590223443200785,-0.39589612982254807
ROS1-30-0002,2023-09-11,0.1888804093852876,0.09031075239458534,-0.31594169843555187
ROS1-18-0014,2023-09-11,0.24760278110196854,0.09808579353132103,-0.333941477667697
ROS1-24-0024,2023-09-11,0.1969544626815726,0.09407013088927617,-0.29383245498715554
ROS1-19-0018,2023-09-11,0.19849252247266874,0.09755797864899869,-0.3164749988999838
ROS1-24-0018,2023-09-11,0.21811461819695535,0.1601432770730149,-0.3724068011311301
ROS1-25-0032,2023-09-11,0.2404366826857834,0.15269909199888385,-0.38479911924311105
ROS1-18-0027,2023-09-27,0.23037758594626725,0.13365633965676135,-0.3609832883994295
ROS1-19-0012,2023-09-27,0.20908915539719816,0.10942730215681505,-0.33619572534295156
ROS1-24-0030,2023-09-27,0.1986054990096248,0.1010446564958438,-0.3159689377781818
ROS1-30-0002,2023-09-27,0.19382821183710644,0.08733397177985273,-0.3249423210079756
ROS1-18-0014,2023-09-27,0.2436661307548443,0.09374976753698175,-0.3015151539290162
ROS1-24-0024,2023-09-27,0.19866807436175365,0.09504771098196535,-0.3101535239377019
ROS1-30-0015,2023-09-27,0.18408119207412574,0.07129610366482089,-0.3124843127144998
ROS1-36-0006,2023-09-27,0.21819706118548574,0.11654479527405896,-0.3468663318695163
ROS1-19-0018,2023-09-27,0.17932004698727236,0.08018796779326103,-0.2859064218393044
ROS1-24-0018,2023-09-27,0.2915118104636624,0.1972186832090702,-0.40728363738952583
ROS1-25-0032,2023-09-27,0.24608972098479684,0.14118223876950184,-0.38034316393696777
ROS1-24-0030,2023-10-13,0.21023463935262895,0.10461564821009324,-0.33073649697945084
ROS1-30-0002,2023-10-13,0.19976029923708763,0.09179357731864361,-0.31595388981149386
ROS1-24-0024,2023-10-13,0.20240083740818393,0.08992625200907753,-0.3078726184595148
ROS1-30-0015,2023-10-13,0.18615870549905664,0.06866322167610173,-0.31025817277897133
ROS1-36-0006,2023-10-13,0.1915269552462316,0.09360803691993846,-0.32085114612960397
ROS1-18-0027,2023-10-29,0.3449151109175853,0.17001219380486302,-0.424907122428713
ROS1-19-0012,2023-10-29,0.3714006349979037,0.17829631567885856,-0.42544342804558877
ROS1-24-0030,2023-10-29,0.27836057346419457,0.12221573795379642,-0.3690271624708958
ROS1-30-0002,2023-10-29,0.2712245848234456,0.08230388578768745,-0.37999058601522573
ROS1-18-0014,2023-10-29,0.4247714659080258,0.10867658113954207,-0.42867194383572266
ROS1-24-0024,2023-10-29,0.23710386554348878,0.09548387780627228,-0.3273514356149253
ROS1-30-0015,2023-10-29,0.21256531304830342,0.056054752646006074,-0.3441446411779828
ROS1-36-0006,2023-10-29,0.22740154142679692,0.09140220442401165,-0.3455763741114243
ROS1-19-0018,2023-10-29,0.37191818334114884,0.12967066694022109,-0.4076682709764367
ROS1-24-0018,2023-10-29,0.35754500972295633,0.21974418298285872,-0.47163749098348196
ROS1-25-0032,2023-10-29,0.23355830266615288,0.061257770622005894,-0.36213994434625224
ROS1-22-0014,2023-04-11,0.41277565941917843,0.1958936743969377,-0.42361454486993233
ROS1-29-0003,2023-04-11,0.23939081504706075,0.10562111943074834,-0.3407775763859898
ROS1-29-0005,2023-04-11,0.5989317934185062,0.32413898714648764,-0.5826960300454818
ROS1-29-0003,2023-04-27,0.4226873399075348,0.24886369330376493,-0.4692367124954246
ROS1-28-0002,2023-05-13,0.7470961510073092,0.34460328578337807,-0.6949628167692621
ROS1-28-0015,2023-05-13,0.7116905522150571,0.37221164834579235,-0.6435978449441389
ROS1-22-0014,2023-05-29,0.7734257372426827,0.5374224502045447,-0.6743424230904286
ROS1-29-0003,2023-05-29,0.7339227114610368,0.41252368772377235,-0.6484876811769253
ROS1-29-0005,2023-05-29,0.6856855735454563,0.3920768371801549,-0.6249935542979881
ROS1-29-0003,2023-06-30,0.5660266916444333,0.35621439951935985,-0.5344393268236558
ROS1-22-0014,2023-07-16,0.31256231031994425,0.15709948049267952,-0.4303282873172295
ROS1-28-0002,2023-07-16,0.26793696628327224,0.1563039021149489,-0.34354988282208826
ROS1-29-0003,2023-07-16,0.34680999091488585,0.11807357719606638,-0.35803164838790946
ROS1-28-0015,2023-07-16,0.4168704156479216,0.06792659545330045,-0.5054391946744604
ROS1-29-0005,2023-07-16,0.3100865317776346,0.2707636284214246,-0.3492521514944208
ROS1-22-0014,2023-08-01,0.30133469484648484,0.16684790701020946,-0.4110357997363372
ROS1-28-0002,2023-08-01,0.19600505740976584,0.08982361467225901,-0.3135543599990114
ROS1-29-0003,2023-08-01,0.23956087223007233,0.1014990952393515,-0.34246170454388075
ROS1-28-0015,2023-08-01,0.19497572563720292,0.10161640200805756,-0.3216201548260717
ROS1-29-0005,2023-08-01,0.44245430094085175,0.26303844022602574,-0.4913311875396715
ROS1-22-0014,2023-08-17,0.18431706845012893,0.10650170053004399,-0.3035880944195158
ROS1-29-0003,2023-08-17,0.24120579570601228,0.11010489299898232,-0.3437976227951127
ROS1-28-0015,2023-08-17,0.44621444303481445,0.03919416291190723,-0.5216879205735706
ROS1-22-0014,2023-09-18,0.19114053032985495,0.10252139305127339,-0.31300802144364115
ROS1-28-0002,2023-09-18,0.19214401401738887,0.09117087055967482,-0.3164068954022181
ROS1-28-0015,2023-09-18,0.2179120952396911,0.058504383431128286,-0.31319162458935274
ROS1-29-0005,2023-09-18,0.39542002293610895,0.23092327194618548,-0.5467793574465208
ROS1-28-0002,2023-10-04,0.18681957327784385,0.08753965828721423,-0.31147739719516293
ROS1-29-0003,2023-10-04,0.21036548966239546,0.09902715703631074,-0.3226882708173958
ROS1-28-0015,2023-10-04,0.21143476594123878,0.05904786047430447,-0.3171965041992339
ROS1-29-0005,2023-10-04,0.3272433576176757,0.18666539034083604,-0.48991305069087565
ROS1-21-0003,2023-04-11,0.5029639047945061,0.24471602006543844,-0.5063989328234842
ROS1-22-0014,2023-04-11,0.41388901229855546,0.19619616045742325,-0.42546773173163777
ROS1-26-0018,2023-04-11,0.2681641609994059,0.1179783433057466,-0.3514895354319018
ROS1-28-0002,2023-04-11,0.5067496538423034,0.27931526677463253,-0.5032446344573906
ROS1-21-0010,2023-04-11,0.4670604023863205,0.26633121586862446,-0.4772251999093165
ROS1-22-0022,2023-04-11,0.51362303461383,0.25639512004499065,-0.5043516598221247
ROS1-26-0030,2023-04-11,0.47232643796599916,0.2790589353099465,-0.4707413044824801
ROS1-27-0013,2023-04-11,0.662430607799382,0.40044796957594425,-0.6252378366578792
ROS1-21-0003,2023-04-27,0.7240953489496248,0.4132929114497696,-0.6536426384828905
ROS1-26-0018,2023-04-27,0.2579751997763099,0.1260824103816789,-0.3609673612633568
ROS1-27-0019,2023-04-27,0.7896915217325864,0.47410220027060357,-0.7211159537010172
ROS1-33-0020,2023-04-27,0.8398271211499211,0.495312281183824,-0.7560670941054418
ROS1-15-0013,2023-04-27,0.7230448078943331,0.4231715049308653,-0.6491657771446856
ROS1-21-0010,2023-04-27,0.7302468959756049,0.4460090853999986,-0.6659468992233961
ROS1-22-0022,2023-04-27,0.6600498443565338,0.3548997916475982,-0.598923610365685
ROS1-26-0030,2023-04-27,0.711373201105893,0.4038061409219777,-0.6320933855213774
ROS1-27-0013,2023-04-27,0.7927605469922308,0.47160395886787787,-0.7083366438732639
ROS1-15-0025,2023-04-27,0.28877670071266254,0.10703952141043387,-0.3146795111147198
ROS1-21-0037,2023-04-27,0.7598258116822549,0.5032329568971143,-0.6826424404789456
ROS1-22-0002,2023-04-27,0.40713563195858105,0.17498177843497809,-0.4051512777116085
ROS1-21-0003,2023-05-13,0.7654840420912749,0.47955516448472096,-0.6826627388530009
ROS1-26-0018,2023-05-13,0.32682944149530385,0.17465794526655157,-0.39468175104821845
ROS1-27-0019,2023-05-13,0.7821434477413338,0.4733710243359654,-0.71881322090587
ROS1-28-0002,2023-05-13,0.7482039000721677,0.3452412366852011,-0.6989708207133232
ROS1-33-0020,2023-05-13,0.8510716545725655,0.5389165640167208,-0.7594092859706112
ROS1-15-0013,2023-05-13,0.7668804274254015,0.476307791610266,-0.6832226389078612
ROS1-21-0010,2023-05-13,0.7962722681957229,0.5473710229353017,-0.7157518416348829
ROS1-22-0022,2023-05-13,0.7378327035202363,0.42474016996258923,-0.6533062835933214
ROS1-26-0030,2023-05-13,0.763050758378945,0.4629401614406226,-0.6859010622491312
ROS1-27-0013,2023-05-13,0.7883063823321524,0.4695865696250695,-0.7114625001973778
ROS1-28-0015,2023-05-13,0.7135766296924526,0.37306295822559526,-0.6480840072204918
ROS1-15-0025,2023-05-13,0.6516975435668055,0.3324126066581449,-0.5545148700319533
ROS1-21-0037,2023-05-13,0.7941979400648445,0.5272039188220472,-0.7073047425147321
ROS1-22-0014,2023-05-29,0.7711251161539071,0.53703978703165,-0.6740072624779017
ROS1-22-0002,2023-05-29,0.7472469243033276,0.4113771701619022,-0.6428943260250529
ROS1-21-0003,2023-06-30,0.42727369262073395,0.20922747634906214,-0.5604644468267176
ROS1-27-0019,2023-06-30,0.37622927547161766,0.15246245091065408,-0.47451308748015814
ROS1-33-0020,2023-06-30,0.2364284082761047,0.16680860218121063,-0.2907852794233115
ROS1-22-0022,2023-06-30,0.6077764663776681,0.38184578978273825,-0.6249679405909565
ROS1-26-0030,2023-06-30,0.4164956029064635,0.16311273052903466,-0.5669512202706943
ROS1-27-0013,2023-06-30,0.32084786025345535,0.17023923359484325,-0.45521444426460334
ROS1-15-0025,2023-06-30,0.7857712847343401,0.24049633037484064,-0.6016227222197481
ROS1-21-0037,2023-06-30,0.3349752089294685,0.1772915093414733,-0.46702206455916867
ROS1-22-0002,2023-06-30,0.8098071666343026,0.44435785129455346,-0.677673198391729
ROS1-22-0014,2023-07-16,0.3051069205190903,0.16190513447676239,-0.4325667474710864
ROS1-26-0018,2023-07-16,0.4184623571355015,0.12354969056626783,-0.4326241092921274
ROS1-15-0013,2023-07-16,0.22114403996317472,0.17341453427010592,-0.34060666944757684
ROS1-28-0015,2023-07-16,0.3599897376147438,0.06394294311585547,-0.42422171491740396
ROS1-21-0037,2023-07-16,0.2993243899646234,0.1430808154373413,-0.43016460382575916
ROS1-22-0014,2023-08-01,0.3018678843055387,0.165584143784865,-0.4155964265757462
ROS1-26-0018,2023-08-01,0.36820056614854746,0.18355359390614417,-0.49383507054285514
ROS1-27-0019,2023-08-01,0.24142554566982963,0.16905761376735223,-0.3774400276096826
ROS1-28-0002,2023-08-01,0.1921162509101734,0.08856956592595222,-0.3109714912847359
ROS1-33-0020,2023-08-01,0.21872500457128163,0.15121569940848809,-0.3622340203986987
ROS1-15-0013,2023-08-01,0.321838878861694,0.19800236291653814,-0.41833817253359906
ROS1-21-0010,2023-08-01,0.22257595181767575,0.1671967822154991,-0.36897325629182093
ROS1-22-0022,2023-08-01,0.5308274490716532,0.3053916725076626,-0.5689372368111166
ROS1-27-0013,2023-08-01,0.2357989652846126,0.1267103672415438,-0.3633391979740934
ROS1-28-0015,2023-08-01,0.1934932745778673,0.10064941426540552,-0.32196780399241337
ROS1-15-0025,2023-08-01,0.28680405958556293,0.16922192886230727,-0.45921791489449426
ROS1-21-0037,2023-08-01,0.34838731977374077,0.17566107709874945,-0.44377910211246174
ROS1-22-0002,2023-08-01,0.298474303388051,0.16171765630022145,-0.42535763275336225
ROS1-21-0003,2023-08-17,0.18505712852625028,0.07252026470064384,-0.2998652434116797
ROS1-22-0014,2023-08-17,0.18517572599506837,0.10663292000957886,-0.3047888631330659
ROS1-26-0018,2023-08-17,0.31246492022911115,0.14278752498886915,-0.4691822092194695
ROS1-27-0019,2023-08-17,0.20839459682452377,0.15832324107387535,-0.31106112424541504
ROS1-33-0020,2023-08-17,0.1940025487251825,0.15354177976085273,-0.3367086379401329
ROS1-15-0013,2023-08-17,0.2190489293133039,0.1083749348177015,-0.33974584571958216
ROS1-21-0010,2023-08-17,0.19683640930564872,0.10105761748384749,-0.3124991545858861
ROS1-22-0022,2023-08-17,0.5146162742814668,0.3148222840422708,-0.5504848190629654
ROS1-26-0030,2023-08-17,0.1843634894419859,0.07968543881790707,-0.3146817129709393
ROS1-27-0013,2023-08-17,0.18157665898463088,0.13947390118397834,-0.3278482044675385
ROS1-15-0025,2023-08-17,0.22241014974552076,0.12258027051205946,-0.34823189031909135
ROS1-21-0037,2023-08-17,0.1958624715100611,0.11035655887156857,-0.3267393060915232
ROS1-22-0002,2023-08-17,0.3202768047295355,0.20708430234335018,-0.42939526948226714
ROS1-21-0003,2023-09-02,0.19102505532070627,0.08967622597845863,-0.28694435717465566
ROS1-26-0018,2023-09-02,0.22557358125343574,0.10676671880447093,-0.3179446502454505
ROS1-15-0013,2023-09-02,0.3022875989320217,0.15886766126856378,-0.3699977905234642
ROS1-26-0030,2023-09-02,0.17220209303378284,0.07702190848073438,-0.2699910341687991
ROS1-27-0013,2023-09-02,0.22691376291463378,0.1569469573449856,-0.37857093832085953
ROS1-15-0025,2023-09-02,0.23904459404137704,0.11807769463225178,-0.33304758456164546
ROS1-21-0037,2023-09-02,0.23414106836831952,0.08489669910320387,-0.29238839436995456
ROS1-21-0003,2023-09-18,0.1821469453053571,0.0772532836874302,-0.3003291706216256
ROS1-22-0014,2023-09-18,0.19099317395087326,0.10224676948338707,-0.3132863890915152
ROS1-26-0018,2023-09-18,0.21217541830418918,0.08241513680371405,-0.3282608010063336
ROS1-27-0019,2023-09-18,0.22255407269592317,0.13646881639769687,-0.3627079798156946
ROS1-28-0002,2023-09-18,0.1916651929843097,0.09103141342833466,-0.3157924659795028
ROS1-33-0020,2023-09-18,0.1987422473711481,0.13513537413200585,-0.34853720964314966
ROS1-15-0013,2023-09-18,0.3138600222974243,0.1591163267272537,-0.406679544948594
ROS1-21-0010,2023-09-18,0.18472577391873318,0.0815015486028049,-0.30295122711842154
ROS1-22-0022,2023-09-18,0.34271153613167576,0.1810138453340836,-0.48150415140771635
ROS1-26-0030,2023-09-18,0.16820606870723917,0.09332484406323875,-0.2756015231567113
ROS1-27-0013,2023-09-18,0.19681192197208078,0.06767298494678718,-0.30533975981820244
ROS1-28-0015,2023-09-18,0.22206483992221415,0.059474015465421436,-0.32465828260897406
ROS1-15-0025,2023-09-18,0.20216086773415398,0.09285510534130118,-0.32759156252648397
ROS1-21-0037,2023-09-18,0.2038842607331054,0.06020845077291923,-0.32278302373858647
ROS1-22-0002,2023-09-18,0.3225683007072121,0.19253021350440414,-0.45123882339752824
ROS1-21-0003,2023-10-04,0.17597450495910344,0.07648808649404343,-0.2924490003216068
ROS1-26-0018,2023-10-04,0.21539357998945285,0.09711802001459847,-0.32341522675941026
ROS1-27-0019,2023-10-04,0.20492476279728536,0.14716586868222906,-0.32981051539841033
ROS1-28-0002,2023-10-04,0.1872440147357635,0.08772256105070474,-0.31200482839873794
ROS1-33-0020,2023-10-04,0.20234354629811704,0.13914082524481616,-0.35205371405449437
ROS1-15-0013,2023-10-04,0.3036604125411029,0.16061082841480287,-0.38857433666207913
ROS1-21-0010,2023-10-04,0.18187451551452077,0.07932959377407929,-0.29307332814659554
ROS1-22-0022,2023-10-04,0.23898926245884816,0.15865046093186974,-0.3824077636933856
ROS1-26-0030,2023-10-04,0.15832097436309842,0.08181433847009124,-0.27498777580770467
ROS1-27-0013,2023-10-04,0.18607907015636635,0.07336710477210072,-0.2880470521418376
ROS1-28-0015,2023-10-04,0.21450572722783404,0.05975574325855983,-0.3216549936634825
ROS1-15-0025,2023-10-04,0.20081798678317966,0.09412663245555039,-0.31030666704573096
ROS1-21-0037,2023-10-04,0.1805795341407885,0.057941726175205856,-0.2844314131028435
ROS1-19-0012,2023-04-11,0.5012295688142924,0.34738356506180174,-0.4906433907792988
ROS1-20-0038,2023-04-11,0.5648946545482648,0.30199273564044765,-0.5323602986017294
ROS1-26-0018,2023-04-11,0.268826140318696,0.11841193856737306,-0.3516714877315288
ROS1-13-0000,2023-04-11,0.8409041960355927,0.6586078257431784,-0.7550180527596332
ROS1-14-0009,2023-04-11,0.24838292087166286,0.09878801657044613,-0.2931624096807919
ROS1-18-0014,2023-04-11,0.2961768724399755,0.1739503319871977,-0.3696077005596941
ROS1-26-0030,2023-04-11,0.47771552337878465,0.28173094294789514,-0.4741580641242428
ROS1-07-0031,2023-04-11,0.43103997065035915,0.20876100642170026,-0.416690643630583
ROS1-19-0018,2023-04-11,0.3181884369660703,0.15919949291815824,-0.3672131180845388
ROS1-19-0012,2023-04-27,0.7178794689854667,0.5181929844747094,-0.6458815644051049
ROS1-20-0038,2023-04-27,0.6965890527271696,0.4020205919800535,-0.6196107951317419
ROS1-21-0003,2023-04-27,0.7297140158441017,0.41811211337831494,-0.6588015699896902
ROS1-26-0018,2023-04-27,0.2610177237490683,0.12719052275747822,-0.3636471047696372
ROS1-07-0020,2023-04-27,0.6833494126647818,0.50673861080167,-0.6158555746970031
ROS1-18-0014,2023-04-27,0.46282245539275574,0.3034460745046844,-0.465768395976228
ROS1-26-0030,2023-04-27,0.7143817596344129,0.40397753319864993,-0.6348889226449655
ROS1-07-0031,2023-04-27,0.6663021858266586,0.3478525501403162,-0.5630409600486306
ROS1-14-0031,2023-04-27,0.2641424994297854,0.06508089351430082,-0.2809856320122973
ROS1-19-0018,2023-04-27,0.33034065149552405,0.18853134103180655,-0.37115265465122754
ROS1-20-0026,2023-04-27,0.4760853156696052,0.22674345157433642,-0.4589812193802731
ROS1-19-0012,2023-05-13,0.760916103515818,0.5921594249749441,-0.694346041136844
ROS1-20-0038,2023-05-13,0.7303192125364323,0.4293692679401559,-0.6547315929957687
ROS1-21-0003,2023-05-13,0.7657365431687649,0.4793206477345543,-0.6841807116900283
ROS1-26-0018,2023-05-13,0.32702579062375475,0.17509143492537155,-0.39563194842790933
ROS1-07-0020,2023-05-13,0.7111781285310489,0.5198130131420617,-0.6485200754611623
ROS1-13-0000,2023-05-13,0.8896085814896446,0.7574475740153539,-0.7908688123917196
ROS1-14-0009,2023-05-13,0.6656435289419399,0.3987020855154078,-0.5557825451972879
ROS1-18-0014,2023-05-13,0.6304960412375548,0.3965221877509469,-0.5780685803218752
ROS1-19-0004,2023-05-13,0.6971388432894756,0.4522377420789573,-0.6189363881057052
ROS1-20-0017,2023-05-13,0.6711736638398144,0.3976796680271522,-0.5956417735276991
ROS1-26-0030,2023-05-13,0.7623488264042761,0.46135820898397134,-0.6870930932207597
ROS1-07-0031,2023-05-13,0.7694695667954895,0.4972878750681217,-0.6460325176935386
ROS1-13-0020,2023-05-13,0.7921868239043584,0.506184909562915,-0.6769633426034005
ROS1-14-0031,2023-05-13,0.6271722267119609,0.38307811415847065,-0.5439495593837906
ROS1-20-0026,2023-05-13,0.6501676128987274,0.3618073440539927,-0.5705146399835056
ROS1-19-0012,2023-06-30,0.3259542645412203,0.19005618066488944,-0.4385207776154088
ROS1-21-0003,2023-06-30,0.35870617573712776,0.1845502469802001,-0.4981964640991217
ROS1-14-0009,2023-06-30,0.7836037830031584,0.566096046486216,-0.6590063836857423
ROS1-26-0030,2023-06-30,0.4066956985704675,0.16276566292099448,-0.5567686880586118
ROS1-13-0020,2023-06-30,0.3809102175592339,0.2452900637379061,-0.48202172022692064
ROS1-14-0031,2023-06-30,0.6508131495746285,0.5675107826863275,-0.5628672113509932
ROS1-19-0018,2023-06-30,0.8012788291670635,0.4661865938658503,-0.6935354741493663
ROS1-19-0012,2023-07-16,0.29892782817229785,0.1473445324069309,-0.4114148395428499
ROS1-20-0038,2023-07-16,0.383541419210699,0.21877218685644628,-0.4464560385390859
ROS1-26-0018,2023-07-16,0.41267080230122666,0.12190359548183087,-0.4296087366479381
ROS1-07-0020,2023-07-16,0.48154828066870387,0.35551954847868883,-0.5268410830407537
ROS1-08-0025,2023-07-16,0.27966025870638306,0.17347306768021617,-0.4182643192894281
ROS1-13-0000,2023-07-16,0.36843753199584917,0.20790014087952294,-0.46191453329948323
ROS1-14-0009,2023-07-16,0.41501121746724207,0.2298803338006316,-0.5205498506717708
ROS1-18-0014,2023-07-16,0.3726374350204312,0.22073503497836316,-0.4789315439967919
ROS1-19-0004,2023-07-16,0.6984239191765312,0.42933424988207786,-0.6460620433944874
ROS1-07-0031,2023-07-16,0.5891439885437085,0.4068993569151975,-0.5838193401392446
ROS1-13-0020,2023-07-16,0.2850072428424225,0.22086118570943575,-0.4065759106073283
ROS1-14-0031,2023-07-16,0.5341170639177532,0.3637305391351543,-0.5528922379551419
ROS1-19-0018,2023-07-16,0.39180814195990166,0.17983779504463568,-0.4654281061501187
ROS1-20-0026,2023-07-16,0.34530498631673,0.06773573382652727,-0.37974175665357074
ROS1-19-0012,2023-08-01,0.3133825408580153,0.18144123770087262,-0.43512704279896114
ROS1-20-0038,2023-08-01,0.29604847992570915,0.15103755958716578,-0.4092467162536111
ROS1-26-0018,2023-08-01,0.3663674110948793,0.1838676758725295,-0.4922252149871162
ROS1-07-0020,2023-08-01,0.4477105430238585,0.3364112583163202,-0.5281195196194052
ROS1-13-0000,2023-08-01,0.33688454711571575,0.20084784095702876,-0.4592751958960381
ROS1-14-0009,2023-08-01,0.2875521504338459,0.16710523528992088,-0.4210369052995509
ROS1-18-0014,2023-08-01,0.4131211875563867,0.2369289163609295,-0.5120121879801036
ROS1-19-0004,2023-08-01,0.6059093485377854,0.3314883265032947,-0.6002940807736465
ROS1-20-0017,2023-08-01,0.39452814666721775,0.2825218508895624,-0.49209166682241423
ROS1-07-0031,2023-08-01,0.320261531615564,0.1892102498616146,-0.41971255246085754
ROS1-13-0020,2023-08-01,0.5449231764714052,0.4001219306494893,-0.5636290460996617
ROS1-14-0031,2023-08-01,0.41436718343959406,0.2598534593536255,-0.4977730753492441
ROS1-19-0018,2023-08-01,0.36043313527702275,0.16763716159109476,-0.47204224098784175
ROS1-20-0026,2023-08-01,0.2501178888513129,0.11618608238662197,-0.3627016885615519
ROS1-19-0012,2023-08-17,0.20862441101623913,0.11369941294049438,-0.3404144279870193
ROS1-20-0038,2023-08-17,0.21896262381017426,0.10136084393796581,-0.34237906760863945
ROS1-21-0003,2023-08-17,0.1901149183185408,0.0785544027268513,-0.31353004076357416
ROS1-26-0018,2023-08-17,0.3124779312757443,0.14254526116607366,-0.47056200729148007
ROS1-07-0020,2023-08-17,0.3802001188183345,0.267970662865305,-0.4333602978210257
ROS1-08-0025,2023-08-17,0.30486023703774684,0.17933311067234026,-0.4129482245407345
ROS1-13-0000,2023-08-17,0.35828814693906624,0.24112157561009634,-0.46808009253246785
ROS1-14-0009,2023-08-17,0.28658804367819785,0.16581282114306295,-0.406271386446575
ROS1-18-0014,2023-08-17,0.19311703292134105,0.07371140614250093,-0.26929840287171414
ROS1-19-0004,2023-08-17,0.5167681218903416,0.26374062973393075,-0.5541963109947509
ROS1-20-0017,2023-08-17,0.39303103728804,0.2639401676687317,-0.46696662644315723
ROS1-26-0030,2023-08-17,0.1850124722655916,0.0796025125624307,-0.3174798172572019
ROS1-07-0031,2023-08-17,0.43594430528449624,0.2855907065351075,-0.49537157958742695
ROS1-13-0020,2023-08-17,0.709288113839126,0.5281169249005971,-0.6589724990408383
ROS1-14-0031,2023-08-17,0.3047696123498068,0.201840453892638,-0.41329372334132275
ROS1-19-0018,2023-08-17,0.3475263439682157,0.1619535222057468,-0.47966787602909505
ROS1-20-0026,2023-08-17,0.2365204774606783,0.10406808427048167,-0.3514704604854146
ROS1-19-0012,2023-09-02,0.20506955015791675,0.11451075813689868,-0.3216432201006401
ROS1-20-0038,2023-09-02,0.2173179340097501,0.09637887573691455,-0.2915895550267997
ROS1-21-0003,2023-09-02,0.18705651950238736,0.08839610716952395,-0.2843209313262346
ROS1-26-0018,2023-09-02,0.2215415309474143,0.10558355119189566,-0.3153447469206804
ROS1-07-0020,2023-09-02,0.33690415841652216,0.20005879292499607,-0.39107807442761233
ROS1-08-0025,2023-09-02,0.23588685331666726,0.10332661397280152,-0.3148846422703236
ROS1-13-0000,2023-09-02,0.4672782059076194,0.3074479519323248,-0.5440753824860401
ROS1-14-0009,2023-09-02,0.24557877832187944,0.11044204083239753,-0.3259332625678056
ROS1-19-0004,2023-09-02,0.41744897131509734,0.21901546975290057,-0.4792085289402976
ROS1-20-0017,2023-09-02,0.3247912462730059,0.1871451873576587,-0.40796775925032136
ROS1-26-0030,2023-09-02,0.16858277084183707,0.07576688782864564,-0.2681112088154409
ROS1-07-0031,2023-09-02,0.23068258821122467,0.1140170029947709,-0.331449121970675
ROS1-13-0020,2023-09-02,0.24186326530316335,0.12017854423909947,-0.34778468413468844
ROS1-14-0031,2023-09-02,0.4031448259736284,0.27173657590231987,-0.47830784546185057
ROS1-20-0026,2023-09-02,0.237680654856912,0.1085618546548001,-0.3261785040402326
ROS1-19-0012,2023-09-18,0.2018702411865873,0.10146292372108862,-0.330628223533334
ROS1-20-0038,2023-09-18,0.1982659784368851,0.0668177528170107,-0.2917114140974471
ROS1-21-0003,2023-09-18,0.1811953703172717,0.0771457687859167,-0.2990218742908411
ROS1-26-0018,2023-09-18,0.212113936738908,0.0825337384364163,-0.328194644471012
ROS1-07-0020,2023-09-18,0.35073651913418663,0.17012601057759216,-0.411046813513387
ROS1-08-0025,2023-09-18,0.22300027248774265,0.08104216764354834,-0.31902065192681955
ROS1-13-0000,2023-09-18,0.5142703002632208,0.3013245767839292,-0.5722034953847804
ROS1-14-0009,2023-09-18,0.22630190937195158,0.07699292856787188,-0.31018967320743096
ROS1-18-0014,2023-09-18,0.23495448158613672,0.08243975703858428,-0.29340245338022614
ROS1-19-0004,2023-09-18,0.36553469245668496,0.16207830518016367,-0.4379426363305416
ROS1-20-0017,2023-09-18,0.2284991967626919,0.06828144613416309,-0.3160862255561823
ROS1-26-0030,2023-09-18,0.14457714009292852,0.10666397833243504,-0.2347426818040317
ROS1-07-0031,2023-09-18,0.22946003378139404,0.09012449804794348,-0.3172549698142523
ROS1-13-0020,2023-09-18,0.25215272671100963,0.1082029281485412,-0.3639198741415416
ROS1-14-0031,2023-09-18,0.27938857520067295,0.138866751719793,-0.3704944621633018
ROS1-19-0018,2023-09-18,0.1984562335940393,0.07995476252338309,-0.30704598684258316
ROS1-20-0026,2023-09-18,0.22437715156656138,0.08925059556614028,-0.3206553281563523
ROS1-19-0012,2023-10-04,0.19829050915133073,0.10469058117764644,-0.32111690629960543
ROS1-20-0038,2023-10-04,0.18579049705511944,0.06639897141485611,-0.28049295771111277
ROS1-21-0003,2023-10-04,0.17594136397946508,0.07645843703494906,-0.2924722107104193
ROS1-07-0020,2023-10-04,0.2674535313269228,0.13256522579680294,-0.3606406458751168
ROS1-08-0025,2023-10-04,0.19806832137136895,0.07453988550495347,-0.2822556084498037
ROS1-13-0000,2023-10-04,0.4810326290144089,0.2820736010777583,-0.5566207627514366
ROS1-14-0009,2023-10-04,0.2849630280340826,0.11290210616088484,-0.35612471053083133
ROS1-18-0014,2023-10-04,0.22408673511157987,0.08458978015156275,-0.28094256164368314
ROS1-19-0004,2023-10-04,0.29874111967547634,0.12822378992603975,-0.3876782201192023
ROS1-20-0017,2023-10-04,0.19650973743074923,0.07092913120640558,-0.27988971812793795
ROS1-26-0030,2023-10-04,0.15709208650931378,0.08189502137169735,-0.2724701756458003
ROS1-07-0031,2023-10-04,0.08270900806156797,0.17391022062165193,-0.13226280443255067
ROS1-13-0020,2023-10-04,0.22802543559468855,0.10425873628854482,-0.3392908853526795
ROS1-14-0031,2023-10-04,0.24862772002990197,0.15662071494883878,-0.32353992980802077
ROS1-19-0018,2023-10-04,0.16942866097540715,0.07807512907170668,-0.26981878222541705
ROS1-20-0026,2023-10-04,0.21967680066211137,0.0909946636780396,-0.31376649787395583
ROS1-19-0012,2023-10-20,0.20880948877223746,0.10559955845122285,-0.3254214270062489
ROS1-07-0031,2023-10-20,0.21486052811792355,0.09740250454625934,-0.29537442085623794
ROS1-18-0014,2023-04-11,0.2963658573928235,0.17416907814424373,-0.36954784926945394
ROS1-07-0031,2023-04-11,0.4310169880022932,0.20930150889639582,-0.4159577746383687
ROS1-18-0027,2023-04-27,0.8759550813843376,0.7648036581615596,-0.8013352402256069
ROS1-18-0014,2023-04-27,0.46432149483687,0.30397277108937526,-0.467702166437383
ROS1-07-0031,2023-04-27,0.6683524691403432,0.35013286534026866,-0.5642953165116882
ROS1-18-0027,2023-05-13,0.8511375867671427,0.7761125607187379,-0.7690183752655428
ROS1-18-0014,2023-05-13,0.6200666248801932,0.38905461238180045,-0.5710524894920632
ROS1-07-0031,2023-05-13,0.7682582038618574,0.5000428390118605,-0.6445679311176185
ROS1-18-0027,2023-06-30,0.32549969598277534,0.2813422929421967,-0.4231708244870758
ROS1-18-0027,2023-07-16,0.28241254190441484,0.258257953564025,-0.36486830394074254
ROS1-18-0014,2023-07-16,0.3682153903331389,0.22277485836790628,-0.4714710923781226
ROS1-07-0031,2023-07-16,0.5876790740229073,0.4067445307619997,-0.5824338378335187
ROS1-18-0027,2023-08-01,0.21832728144760527,0.1355433751474339,-0.35904307199676544
ROS1-18-0014,2023-08-01,0.41579388466780265,0.23800156645431844,-0.5138294524125625
ROS1-07-0031,2023-08-01,0.32287290920216105,0.19151560149473404,-0.4269163484387471
ROS1-18-0027,2023-08-17,0.21007599233816385,0.13791503217955123,-0.3437258979019968
ROS1-18-0014,2023-08-17,0.19378430752872217,0.07385987645779864,-0.2703665575990682
ROS1-07-0031,2023-08-17,0.4360023117604924,0.2862078231835075,-0.495255625775796
ROS1-07-0031,2023-09-02,0.23072757295995777,0.11353821769723081,-0.3321729105082673
ROS1-18-0027,2023-09-18,0.25263805790012384,0.14176528586224924,-0.38105512294944166
ROS1-18-0014,2023-09-18,0.23700453404847738,0.08245335901835235,-0.2960023415723885
ROS1-07-0031,2023-09-18,0.22834451130418779,0.09015996074742802,-0.31391476263513934
ROS1-18-0027,2023-10-04,0.218196260499958,0.13158053800643216,-0.34790065897628897
ROS1-18-0014,2023-10-04,0.2238980565296891,0.08438318862451492,-0.27981621887101227
ROS1-07-0031,2023-10-04,0.11046124933149852,0.21516837771499206,-0.17123785440226805
ROS1-07-0031,2023-10-20,0.22971667129914605,0.09925120091742033,-0.30175288501816355
ROS1-22-0014,2023-04-02,0.31584358345038516,0.11212536638368,-0.3648295124064348
ROS1-22-0002,2023-04-02,0.32227608960162407,0.10657499400191058,-0.3908569397524319
ROS1-22-0014,2023-05-04,0.6433273465580621,0.35304098323445054,-0.5790062124013764
ROS1-22-0002,2023-05-04,0.39223910476376617,0.16687594925722382,-0.4161226295062014
ROS1-22-0014,2023-05-20,0.7619922398488258,0.4947090211086911,-0.6663842649799291
ROS1-22-0002,2023-05-20,0.5720672872549943,0.29426306961075405,-0.5350083219724007
ROS1-22-0014,2023-06-05,0.7959518022959972,0.5080932798642193,-0.6987055087287981
ROS1-22-0002,2023-06-05,0.7685733226140706,0.41150625214872866,-0.6702795932747034
ROS1-22-0014,2023-06-21,0.7809272468825638,0.4522855291047933,-0.6821043995345137
ROS1-22-0002,2023-06-21,0.7744974529778763,0.4015966128203943,-0.6918467269337026
ROS1-22-0014,2023-07-07,0.3943500777320835,0.19895486735709045,-0.5085905184684627
ROS1-22-0002,2023-07-07,0.5752758436327408,0.29540372483703176,-0.5895069560653983
ROS1-22-0002,2023-08-08,0.27822114158653233,0.18363326302179567,-0.40583108361706377
ROS1-22-0014,2023-08-24,0.19500745521061058,0.10341861334631086,-0.31077665570882246
ROS1-22-0002,2023-08-24,0.37351422675656887,0.23431328093358245,-0.45760428888287147
ROS1-22-0014,2023-09-25,0.1807838720638896,0.09566470983222204,-0.306236041652859
ROS1-22-0002,2023-09-25,0.29045076387436175,0.17010649536829653,-0.43329091981625123
ROS1-15-0013,2023-04-02,0.46801307022516514,0.21577458749007258,-0.4920914981875193
ROS1-14-0031,2023-04-02,-0.08233815398751698,-3.661002815362903,0.07700130437547649
ROS1-15-0025,2023-04-02,-0.07515502270454397,-0.44032385943002883,0.06257893114482127
ROS1-22-0002,2023-04-02,0.32216148103902215,0.10699727857355674,-0.3897574259477635
ROS1-14-0031,2023-04-18,0.25205687533491067,0.10212976849604277,-0.326944127078207
ROS1-15-0025,2023-04-18,0.31897528961190846,0.12110448016255328,-0.35721437639837483
ROS1-15-0013,2023-05-04,0.7462020685208335,0.42205206708670495,-0.6835985710547374
ROS1-14-0031,2023-05-04,0.3435032141835653,0.16107100942679067,-0.37219249529677007
ROS1-15-0025,2023-05-04,0.4543809154804994,0.17685896327471437,-0.4367398536071975
ROS1-22-0002,2023-05-04,0.3925272156801415,0.1675533329649824,-0.41560146054811875
ROS1-15-0013,2023-05-20,0.7872295201069525,0.47648837774685954,-0.7163907326482422
ROS1-22-0022,2023-05-20,0.7718241616540452,0.45905193556661694,-0.6819665143071273
ROS1-14-0031,2023-05-20,0.4818200448355405,0.2501919309688167,-0.4711592992061374
ROS1-15-0025,2023-05-20,0.7518630531403756,0.43674731370134484,-0.6346700250568247
ROS1-22-0002,2023-05-20,0.5745644065613661,0.2934599581543516,-0.536992868386687
ROS1-15-0013,2023-06-05,0.7445520378991888,0.40102780468180443,-0.6823465448304963
ROS1-22-0022,2023-06-05,0.7504388492764499,0.4456716193250619,-0.6726298530347261
ROS1-14-0031,2023-06-05,0.7652033679182904,0.4875727765690666,-0.6598950026808647
ROS1-15-0025,2023-06-05,0.8187492491592445,0.45623964277432943,-0.7109658115735784
ROS1-22-0002,2023-06-05,0.7682522297161427,0.41229888565944733,-0.6696892320289992
ROS1-15-0013,2023-06-21,0.39771355195207736,0.20269565524803063,-0.5087360083749917
ROS1-22-0022,2023-06-21,0.5871213009838263,0.40393873860178825,-0.5668998087264188
ROS1-15-0025,2023-06-21,0.6998578324568885,0.3858683818343416,-0.6573526993861514
ROS1-22-0002,2023-06-21,0.7834885488760581,0.4061161772787931,-0.6968508357441816
ROS1-15-0013,2023-07-07,0.27212028738204624,0.13117552322043913,-0.4049252346467402
ROS1-22-0022,2023-07-07,0.5381510061658078,0.3037626870358563,-0.6002606156806691
ROS1-14-0031,2023-07-07,0.7051977248679533,0.4490381386732808,-0.6518142351679677
ROS1-15-0025,2023-07-07,0.3366636979001018,0.14718864509259996,-0.4221943735453596
ROS1-22-0002,2023-07-07,0.5767198991801513,0.295718176907034,-0.5904661483730704
ROS1-15-0013,2023-08-08,0.3989903708535704,0.27902099353216764,-0.4514251041633847
ROS1-22-0022,2023-08-08,0.5197759790452855,0.2827262422330169,-0.5706580145415867
ROS1-14-0031,2023-08-08,0.3602247645756442,0.22866220601712425,-0.46832630847676815
ROS1-15-0025,2023-08-08,0.2217541259194538,0.1818318239820951,-0.3169863181426132
ROS1-22-0002,2023-08-08,0.2784371099300035,0.18430000500836172,-0.40492048351753934
ROS1-15-0013,2023-08-24,0.2555919073535055,0.13568787485595343,-0.36408207806588555
ROS1-22-0022,2023-08-24,0.5901395226718442,0.2485356143108197,-0.4517670239042604
ROS1-14-0031,2023-08-24,0.35175476356636376,0.24490299255983214,-0.4467296687461647
ROS1-15-0025,2023-08-24,0.2663228486570119,0.15714959207922807,-0.38587865808456606
ROS1-22-0002,2023-08-24,0.3687547149643807,0.22629079281025472,-0.452137744414915
ROS1-15-0013,2023-09-25,0.3114692947326138,0.15637272913064007,-0.4090219873644437
ROS1-22-0022,2023-09-25,0.31230686313398187,0.160701559683443,-0.4693911326968099
ROS1-14-0031,2023-09-25,0.24992481345926978,0.11278993624704645,-0.34480474690515006
ROS1-15-0025,2023-09-25,0.19787435489494437,0.08967549097327687,-0.3237108736790678
ROS1-22-0002,2023-09-25,0.2907058519317511,0.17041257524633532,-0.433246225377998
ROS1-15-0013,2023-10-11,0.2752143001637821,0.14068221178138143,-0.38580677003120945
ROS1-14-0031,2023-10-11,0.2507873551359019,0.11779333456321972,-0.354261681347864
ROS1-15-0025,2023-10-11,0.19372070872912156,0.0773704151476255,-0.3202286275448273
ROS1-01-0044,2023-04-02,0.21907759746280162,0.09705947088413805,-0.32709931155959754
ROS1-07-0020,2023-04-02,0.4376072193056987,0.20140430160125875,-0.4699111718684095
ROS1-08-0025,2023-04-02,0.30131147327739544,0.11538252907239654,-0.37489318383442266
ROS1-01-0009,2023-04-02,0.23773473620095126,0.09483433559664807,-0.3058733508672052
ROS1-07-0031,2023-04-02,0.23136441647251077,0.07742874690411732,-0.3157786260152259
ROS1-14-0031,2023-04-02,-0.08316493472828282,-3.033066877824204,0.07830032112622112
ROS1-01-0044,2023-04-18,0.30219844592261164,0.15924123464006879,-0.34680731884892285
ROS1-07-0031,2023-04-18,0.49194982603925014,0.27289167467287445,-0.4520597244305976
ROS1-14-0031,2023-04-18,0.2514768272825132,0.10167232996946836,-0.3262137971523453
ROS1-01-0044,2023-05-04,0.5414669733667519,0.3489432836175074,-0.5027592538976592
ROS1-07-0020,2023-05-04,0.7143386461446123,0.4803856126121168,-0.6633500429349609
ROS1-08-0025,2023-05-04,0.683402978796592,0.39988691608576343,-0.61865858993616
ROS1-01-0009,2023-05-04,0.5633868472435885,0.3077040219902821,-0.5063099356341567
ROS1-07-0031,2023-05-04,0.6935805914435889,0.38155902555531696,-0.6016120301709185
ROS1-14-0031,2023-05-04,0.3448494936144297,0.16135315451062274,-0.37425513792657567
ROS1-01-0044,2023-05-20,0.7616999122723649,0.5804436762728756,-0.6476512252994003
ROS1-07-0020,2023-05-20,0.7147431225513066,0.501258395883288,-0.6599165755914542
ROS1-08-0025,2023-05-20,0.774223195443899,0.5696819548872302,-0.6816459876401189
ROS1-01-0009,2023-05-20,0.7000854703373552,0.44809237003415725,-0.6017575049760198
ROS1-14-0031,2023-05-20,0.5454137840334046,0.2958548878592733,-0.5088238313526946
ROS1-01-0044,2023-06-05,0.6739176500977676,0.49074664111903715,-0.5867573631938306
ROS1-08-0025,2023-06-05,0.8191362633597508,0.5530539442591429,-0.7295870036560896
ROS1-01-0009,2023-06-05,0.7781457096838994,0.4919050836163938,-0.6685513045963892
ROS1-07-0031,2023-06-05,0.7495523792804358,0.4048458246495689,-0.6836515773443054
ROS1-14-0031,2023-06-05,0.766339841760053,0.4860474565673677,-0.6621584291772985
ROS1-01-0044,2023-07-07,0.6165908597130765,0.4163291427131585,-0.6110719142265549
ROS1-07-0020,2023-07-07,0.4656905710022127,0.2922794093696411,-0.5375440295088001
ROS1-08-0025,2023-07-07,0.3173840478839248,0.12859032385721655,-0.4263687852560245
ROS1-01-0009,2023-07-07,0.42303795799997834,0.24669528564286997,-0.49976850687477037
ROS1-07-0031,2023-07-07,0.5062368923995777,0.3189047529803529,-0.5794315536666363
ROS1-14-0031,2023-07-07,0.7038422781441878,0.4480296432445886,-0.6513331242333579
ROS1-01-0044,2023-07-23,0.5553933239736174,0.33729771686115995,-0.5918891817889046
ROS1-07-0020,2023-07-23,0.5122961177814229,0.29165831841622214,-0.533887675680382
ROS1-01-0009,2023-07-23,0.36769762616473495,0.2558226416328189,-0.4482616176057887
ROS1-01-0044,2023-08-08,0.2301667287184583,0.13770040558920826,-0.34674062996953553
ROS1-07-0020,2023-08-08,0.3893741473709053,0.27029702139104106,-0.45747777609406637
ROS1-08-0025,2023-08-08,0.28851258492403903,0.16902722367929876,-0.4146937193008751
ROS1-01-0009,2023-08-08,0.42589481232648757,0.2532888946699935,-0.48733719698282263
ROS1-07-0031,2023-08-08,0.3097155533973853,0.2037212868100864,-0.4348191455378486
ROS1-14-0031,2023-08-08,0.36011515639426855,0.22812809764310593,-0.4692205943980777
ROS1-01-0044,2023-08-24,0.21850773697107698,0.13356372648860892,-0.33119165200962863
ROS1-07-0020,2023-08-24,0.33827914953979726,0.2151001548853946,-0.4057953331812247
ROS1-01-0009,2023-08-24,0.28684576127593453,0.13985840119091064,-0.3566971496750666
ROS1-07-0031,2023-08-24,0.33981982333689625,0.19727364405248168,-0.4229468783696675
ROS1-14-0031,2023-08-24,0.3521459454592748,0.244895043394605,-0.4478177940591222
ROS1-01-0044,2023-09-09,0.1924151064262104,0.10598328797331492,-0.2731299229456237
ROS1-07-0020,2023-09-09,0.32886458402373603,0.18194195947807817,-0.3910272928899065
ROS1-01-0009,2023-09-09,0.2963129016695189,0.12248238950567605,-0.3341502009814402
ROS1-01-0044,2023-09-25,0.19985384545859358,0.11182788848359525,-0.30986482794242687
ROS1-07-0020,2023-09-25,0.280946863023415,0.12277209514520311,-0.36860641423320584
ROS1-08-0025,2023-09-25,0.21601921576014274,0.07973677806840095,-0.3178770649411271
ROS1-01-0009,2023-09-25,0.21754840725540592,0.07344796065431233,-0.3001465413952623
ROS1-07-0031,2023-09-25,0.2344691719446907,0.09329686285706332,-0.32220019527805016
ROS1-14-0031,2023-09-25,0.24944997295335533,0.1128944249717088,-0.3449711856995728
ROS1-01-0044,2023-10-11,0.27107927202917864,0.1468553035592241,-0.3578249410329985
ROS1-07-0020,2023-10-11,0.2568196008658092,0.11802015365520095,-0.3647212249964506
ROS1-08-0025,2023-10-11,0.19624436354243505,0.03479364737133889,-0.28862739773716334
ROS1-01-0009,2023-10-11,0.2505254837817044,0.07699220675101529,-0.35835044277229683
ROS1-07-0031,2023-10-11,0.2522669471903806,0.09786369045421482,-0.3385375829478923
ROS1-14-0031,2023-10-11,0.2505498207786113,0.11821587656042822,-0.35306523313130134
ROS1-01-0044,2023-04-02,0.22008845941285826,0.09735366517975326,-0.32824804967679916
ROS1-01-0044,2023-04-18,0.30021893887377565,0.15855770760671656,-0.3454017130337086
ROS1-01-0044,2023-05-04,0.5424537776040342,0.34854207466300846,-0.5044464550100493
ROS1-01-0044,2023-05-20,0.7614742341962814,0.5805782581723012,-0.6478785509984623
ROS1-01-0044,2023-06-05,0.6734142053517951,0.4904819107675281,-0.5868038205921468
ROS1-01-0044,2023-07-07,0.6174244955089436,0.415421596780497,-0.6117314528869731
ROS1-01-0044,2023-07-23,0.5572038296623955,0.3384551874776223,-0.594480971387473
ROS1-01-0044,2023-08-08,0.23132205911194467,0.1383798255969818,-0.3482145402956297
ROS1-01-0044,2023-08-24,0.21925718658974647,0.1336250982124286,-0.33239595273952177
ROS1-01-0044,2023-09-25,0.1986561225938574,0.11170397150705451,-0.30755397780116056
ROS1-01-0044,2023-10-11,0.2729719932300188,0.14675368538755698,-0.36115443367887196
ROS1-01-0009,2023-06-28,0.5092636821798605,0.29031089674070387,-0.5164426446864723
ROS1-01-0009,2023-07-30,0.40380726470107764,0.24729714680295653,-0.47891066028549445
ROS1-01-0009,2023-08-15,0.4731327571526551,0.2563242422006359,-0.5111269573214308
ROS1-01-0009,2023-08-31,0.26373890587607296,0.11338072635261091,-0.3465051676062051
ROS1-01-0009,2023-10-02,0.20490383747266272,0.06584906797652158,-0.2847922073190183
ROS1-01-0009,2023-10-18,0.24042868650962665,0.06381136642470689,-0.34983760922353935
ROS1-49-0001,2023-06-17,0.6597495516873128,0.3435654556547719,-0.6671635368862991
ROS1-49-0002,2023-06-17,0.5869972060540248,0.32033736640114774,-0.6053492517907471
ROS1-49-0001,2023-07-03,0.2636091141336928,0.16024649738898328,-0.40971292696885525
ROS1-50-0003,2023-07-03,0.24030646801581884,0.15223662982257802,-0.39374605857015355
ROS1-49-0002,2023-07-03,0.2859720108587351,0.1714044112143136,-0.41307020141596273
ROS1-49-0001,2023-08-04,0.274946240638636,0.18887987181732943,-0.40615504802268576
ROS1-50-0003,2023-08-04,0.19061888341677316,0.13419393261637577,-0.3389770894202202
ROS1-49-0002,2023-08-04,0.28234569243722274,0.18400925808604182,-0.41020618351729876
ROS1-49-0001,2023-08-20,0.3047657207163327,0.215268014331972,-0.4351327282482508
ROS1-50-0003,2023-08-20,0.18151325983849034,0.12762289584783096,-0.3302443312058579
ROS1-49-0002,2023-08-20,0.27230518257789527,0.1849023760187896,-0.4097706191659388
ROS1-49-0001,2023-09-05,0.39476591522552146,0.29781812543174796,-0.5010331791545862
ROS1-49-0001,2023-09-21,0.3290344931829895,0.2037455360738655,-0.43780707092672144
ROS1-50-0003,2023-09-21,0.17758454921338504,0.11603536982597966,-0.3234935741400599
ROS1-49-0002,2023-09-21,0.32950375499510265,0.20749190157516603,-0.4472416914010433
ROS1-49-0001,2023-10-07,0.3655802879844294,0.2219235218901065,-0.47211771471623337
ROS1-49-0002,2023-10-07,0.3965418774781702,0.24334213775574506,-0.5073652031350415
ROS1-49-0001,2023-10-23,0.1910550197059234,0.08899007849500641,-0.31907977951713534
ROS1-49-0002,2023-10-23,0.3577619814378578,0.2266458580974373,-0.4849048551431564
ROS1-42-0009,2023-05-16,0.784846570441378,0.5289622329845544,-0.7152266590572849
ROS1-42-0010,2023-06-17,0.5250068473714634,0.3010074807090834,-0.5757660874027987
ROS1-49-0001,2023-06-17,0.5328809190181408,0.37318773425245216,-0.5414574906605764
ROS1-42-0009,2023-06-17,0.4808885036914653,0.2846724312543346,-0.5471696416433515
ROS1-49-0002,2023-06-17,0.5859722209075869,0.32123023879051515,-0.60320264648733
ROS1-42-0010,2023-07-03,0.2938986682539988,0.1456505769689666,-0.4065090451027797
ROS1-49-0001,2023-07-03,0.26688726847664507,0.1624265646168818,-0.4111041949744828
ROS1-42-0009,2023-07-03,0.31175999387008535,0.15737172274414277,-0.4167945367238997
ROS1-49-0002,2023-07-03,0.28448251382620293,0.17201244771476654,-0.40938522072988504
ROS1-42-0010,2023-07-19,0.3399204831577513,0.1854775643145875,-0.427666955823953
ROS1-49-0001,2023-08-04,0.27699782554130487,0.18962676375258383,-0.40764252786044186
ROS1-49-0002,2023-08-04,0.28534056493594534,0.18480004761405547,-0.41251632850493714
ROS1-42-0010,2023-08-20,0.29588198133043486,0.20743671152514379,-0.42487391615353304
ROS1-49-0001,2023-08-20,0.3054699169850523,0.215092049500775,-0.436341136886039
ROS1-42-0009,2023-08-20,0.27368345472358196,0.19132333130838486,-0.40720894341746044
ROS1-49-0002,2023-08-20,0.27368392083333615,0.18432001011668503,-0.4126110903571346
ROS1-42-0010,2023-09-05,0.2621880632710573,0.20638053386540597,-0.38110549370566893
ROS1-42-0010,2023-09-21,0.2558018890810406,0.16603782222938138,-0.40160933524668724
ROS1-49-0001,2023-09-21,0.3313334214753954,0.20383432398920204,-0.44089467017334305
ROS1-42-0009,2023-09-21,0.284433956962648,0.18820749784837149,-0.4267560114933819
ROS1-49-0002,2023-09-21,0.3301222489364385,0.20868007661530044,-0.4468438072696202
ROS1-42-0010,2023-10-07,0.2366019079102469,0.15826029574990896,-0.387667948760154
ROS1-49-0001,2023-10-07,0.36742655186325557,0.22242584581146937,-0.4738261959110877
ROS1-49-0002,2023-10-07,0.3980393927314448,0.2437714111091443,-0.508870229847273
ROS1-36-0007,2023-10-23,0.2657398573575692,0.18660829400618795,-0.40310617090436895
ROS1-42-0010,2023-10-23,0.21833753681022963,0.10845416674460034,-0.3404509785408286
ROS1-49-0001,2023-10-23,0.19227168473486977,0.08847599189120772,-0.3191307418904171
ROS1-42-0009,2023-10-23,0.2339570567874481,0.15667027884018217,-0.38197567368432883
ROS1-49-0002,2023-10-23,0.3582980455626884,0.22805708229249272,-0.4839843620094192
ROS1-37-0031,2023-04-05,0.7971836909867432,0.5488066739803589,-0.7289944954590939
ROS1-38-0004,2023-04-05,0.7218494214600057,0.446338504043208,-0.675176105590175
ROS1-43-0026,2023-04-05,0.7178855311765517,0.45347228058252975,-0.6640220465607671
ROS1-44-0000,2023-04-05,0.5115322747238056,0.29895336876456235,-0.5252957575169193
ROS1-49-0001,2023-04-05,0.5124072894587698,0.2734742951106768,-0.5404665772797324
ROS1-50-0003,2023-04-05,0.6242315296167609,0.35893572000459967,-0.6114403780896367
ROS1-31-0033,2023-04-05,0.7627768884203037,0.5360885392151568,-0.6844391478774078
ROS1-32-0029,2023-04-05,0.46673558140218546,0.25345133405816894,-0.47377108076221286
ROS1-37-0046,2023-04-05,0.19813663387994365,0.1054232232386555,-0.3304506228862892
ROS1-42-0009,2023-04-05,0.5551681924387204,0.309005207553641,-0.5621733825374
ROS1-43-0017,2023-04-05,0.35004766410890176,0.20016631849724356,-0.4025251966674327
ROS1-49-0002,2023-04-05,0.5137601577358046,0.29287882514436947,-0.5416145001141482
ROS1-38-0004,2023-04-21,0.6399204810392862,0.3357415728711632,-0.5744598681034598
ROS1-49-0001,2023-04-21,0.6617591930566236,0.5024527563635344,-0.6332364348055378
ROS1-43-0017,2023-04-21,0.6093589450732754,0.39138597096808797,-0.566414701216255
ROS1-49-0002,2023-04-21,0.40542263283451613,0.32720471508471977,-0.4269004167424481
ROS1-31-0022,2023-06-08,0.8991524840509039,0.7839710957205224,-0.7653033502725857
ROS1-37-0031,2023-06-08,0.8563973726193961,0.6166870408525024,-0.789116604103248
ROS1-38-0004,2023-06-08,0.816615422637542,0.5533110785584098,-0.7489708523870627
ROS1-43-0026,2023-06-08,0.7469490684736761,0.4297534554680563,-0.7065006204730737
ROS1-44-0000,2023-06-08,0.641718774660619,0.3473766480701694,-0.6197307183341277
ROS1-49-0001,2023-06-08,0.8057036505296706,0.4725619740864185,-0.7570743838226951
ROS1-31-0033,2023-06-08,0.8459578467359714,0.623035276962419,-0.7647834266067576
ROS1-32-0029,2023-06-08,0.6618920664282365,0.40532758785816314,-0.6091014160867942
ROS1-37-0046,2023-06-08,0.7562327343941818,0.5419878166223662,-0.6563365130204895
ROS1-42-0009,2023-06-08,0.6871173754390625,0.37113516035531685,-0.6501167023849991
ROS1-43-0017,2023-06-08,0.68856472123884,0.41760241058841574,-0.6487819226918197
ROS1-49-0002,2023-06-08,0.7424832307177315,0.3927562171670347,-0.6996715190878507
ROS1-37-0031,2023-06-24,0.45922610776269757,0.2500803003283504,-0.5736995577378255
ROS1-38-0004,2023-06-24,0.3904085729578053,0.22477089948624515,-0.5212819321545942
ROS1-49-0001,2023-06-24,0.45826504487973074,0.2645652794959177,-0.5588039676261668
ROS1-50-0003,2023-06-24,0.3311718060521544,0.1937425406593593,-0.47892102716605994
ROS1-31-0033,2023-06-24,0.4191809131218204,0.2554521360213832,-0.5431344250078771
ROS1-49-0002,2023-06-24,0.38973382099330406,0.21804548556379957,-0.5201353332815686
ROS1-37-0031,2023-07-26,0.23820234502519774,0.17371140478766792,-0.4046376905321431
ROS1-38-0004,2023-07-26,0.20390540470409757,0.16342517190331718,-0.3191109389507712
ROS1-43-0026,2023-07-26,0.21104265022370838,0.14119083821943199,-0.3600596771591988
ROS1-44-0000,2023-07-26,0.24408634978866603,0.16830057826846684,-0.37949935006400315
ROS1-49-0001,2023-07-26,0.20558110109909206,0.12915789191102447,-0.3052266403108836
ROS1-31-0033,2023-07-26,0.245111294644363,0.12759079822361818,-0.4068923515860007
ROS1-37-0046,2023-07-26,0.34110463486432313,0.2349317200044426,-0.4519440642642567
ROS1-42-0009,2023-07-26,0.2922689295237814,0.16613256462486212,-0.41236870430708367
ROS1-43-0017,2023-07-26,0.41167568361137824,0.2129923611561926,-0.47622479628325304
ROS1-49-0002,2023-07-26,0.2877439315301055,0.13977332578929522,-0.4070866482158632
ROS1-37-0031,2023-08-11,0.19445311317321637,0.11342316980277976,-0.3295458830711894
ROS1-38-0004,2023-08-11,0.26272927446242894,0.1805287106144511,-0.3819752095434078
ROS1-43-0026,2023-08-11,0.21700478901378806,0.1467872262554884,-0.3576910700545966
ROS1-44-0000,2023-08-11,0.24298243647786455,0.1652062494449308,-0.3712638700076018
ROS1-49-0001,2023-08-11,0.30496801543564844,0.205169394083797,-0.4330155944596537
ROS1-50-0003,2023-08-11,0.18405833097302451,0.12608128751066475,-0.3287456656464558
ROS1-37-0046,2023-08-11,0.30519802402660534,0.2193971175261645,-0.4284180487934258
ROS1-42-0009,2023-08-11,0.27694386696953865,0.18294550743007426,-0.40841631577700677
ROS1-43-0017,2023-08-11,0.4058281016246934,0.23297076482097362,-0.46338622876986374
ROS1-49-0002,2023-08-11,0.28036420394450434,0.18064775482093548,-0.41436494483693753
ROS1-37-0031,2023-08-27,0.19896437356741312,0.10210069767172247,-0.33118394687705177
ROS1-38-0004,2023-08-27,0.43893525966884295,0.30635568979803174,-0.5043576993321582
ROS1-43-0026,2023-08-27,0.2704420486197416,0.17874560158040395,-0.39967955904524344
ROS1-44-0000,2023-08-27,0.3326212518769136,0.2269794254386006,-0.43952126601049224
ROS1-49-0001,2023-08-27,0.32416974312750624,0.22174772114704094,-0.4572154136433419
ROS1-50-0003,2023-08-27,0.18653854793290262,0.12882093803360498,-0.3396912627057992
ROS1-31-0033,2023-08-27,0.23114840695169,0.1627230476060753,-0.39061041072251623
ROS1-37-0046,2023-08-27,0.19003771913602457,0.12032033635969273,-0.3368115026489631
ROS1-42-0009,2023-08-27,0.2872870063653481,0.19390238598908546,-0.4275368246642179
ROS1-43-0017,2023-08-27,0.41212363020444165,0.24199434730020492,-0.48660310647502025
ROS1-49-0002,2023-08-27,0.2824602621150747,0.18816311957711285,-0.42707079878302445
ROS1-37-0031,2023-09-12,0.27154381821008194,0.14397767583437274,-0.37943578437588327
ROS1-38-0004,2023-09-12,0.48682103093037304,0.23608040845352854,-0.506086471008909
ROS1-44-0000,2023-09-12,0.3413750929239513,0.23370868341858336,-0.4491430309119573
ROS1-50-0003,2023-09-12,0.182904594286125,0.12507236635229477,-0.33012744736078964
ROS1-37-0046,2023-09-12,0.20097577150366636,0.13793980468061254,-0.3234470785885069
ROS1-37-0031,2023-09-28,0.19880763275678923,0.09903689266854342,-0.33555196746245064
ROS1-43-0026,2023-09-28,0.3120751986708949,0.19641353224908908,-0.42041290508322005
ROS1-44-0000,2023-09-28,0.32910583626343176,0.21215968493830806,-0.44743887196043136
ROS1-49-0001,2023-09-28,0.3631539668050984,0.2217459449011457,-0.46784113399756744
ROS1-50-0003,2023-09-28,0.17531724834922335,0.11344680391061414,-0.3204768033021463
ROS1-31-0033,2023-09-28,0.18678218377740663,0.07928968062485692,-0.310266278411871
ROS1-37-0046,2023-09-28,0.19159463596616896,0.11018583297848282,-0.33372978756048166
ROS1-42-0009,2023-09-28,0.2731546300402026,0.178526529071901,-0.41958908854375226
ROS1-43-0017,2023-09-28,0.30006361987339947,0.18720221054331043,-0.40617324555920653
ROS1-49-0002,2023-09-28,0.3862490295592484,0.24263058607926224,-0.4881163473292536
ROS1-37-0031,2023-10-14,0.20132595477626575,0.09514078919304284,-0.3321562350398914
ROS1-43-0026,2023-10-14,0.19774107009163489,0.08468310469501568,-0.3214558873271317
ROS1-49-0001,2023-10-14,0.19864598503877426,0.0817209109380749,-0.33605350196033706
ROS1-31-0033,2023-10-14,0.19856935210871887,0.08043904445713,-0.31831342714976313
ROS1-37-0046,2023-10-14,0.18941537599017003,0.10576639457934305,-0.3287423956561241
ROS1-42-0009,2023-10-14,0.24276558635820664,0.15751572643271902,-0.39841087083214427
ROS1-43-0017,2023-10-14,0.29916207229825803,0.20080282680730416,-0.4099998572646532
ROS1-49-0002,2023-10-14,0.39628505300433187,0.24056048654721135,-0.5201633006986086
ROS1-37-0031,2023-10-30,0.35402634917467174,0.11455301663756343,-0.4211183593860631
ROS1-38-0004,2023-10-30,0.3965848248077545,0.22629439662463857,-0.4792530560096036
ROS1-43-0026,2023-10-30,0.20110892619164428,0.08528585632998004,-0.322791451561186
ROS1-44-0000,2023-10-30,0.26892513160322107,0.12866050261781284,-0.39747551005192605
ROS1-49-0001,2023-10-30,0.19912577730244962,0.07937345870407861,-0.34386332601192743
ROS1-50-0003,2023-10-30,0.1874771320712442,0.0734285924497003,-0.32023551792280275
ROS1-42-0009,2023-10-30,0.22650546721365905,0.12821281549285332,-0.37568505129678903
ROS1-43-0017,2023-10-30,0.29533471812985856,0.1550556259408085,-0.395842718689462
ROS1-49-0002,2023-10-30,0.3654343109911181,0.20043841799128917,-0.4874427217136689
ROS1-36-0007,2023-04-05,0.7162444299701448,0.5177301055078228,-0.6632467554849637
ROS1-42-0010,2023-04-05,0.4734566286444824,0.23863569179689478,-0.5047335759366149
ROS1-30-0015,2023-04-05,0.5097289176010399,0.20320374159601945,-0.4966558806176119
ROS1-37-0046,2023-04-05,0.19856694281534568,0.10576419616563944,-0.33097379596962606
ROS1-42-0009,2023-04-05,0.5556686561784809,0.30879200483020003,-0.5633814760508515
ROS1-30-0002,2023-06-08,0.7699319154086417,0.5595813452065803,-0.6849580082534696
ROS1-36-0007,2023-06-08,0.6955895964741234,0.39212178806640546,-0.6585507584937061
ROS1-42-0010,2023-06-08,0.7614912630667464,0.43810525211445434,-0.7046269900506652
ROS1-30-0015,2023-06-08,0.8185885929217763,0.5489578076200688,-0.7414701048607597
ROS1-37-0046,2023-06-08,0.7563662873479002,0.5419079138607257,-0.6571622762111374
ROS1-42-0009,2023-06-08,0.6869455514141124,0.37106166282096253,-0.6507790405992993
ROS1-25-0032,2023-06-08,0.7556462507026952,0.5093707991292771,-0.6603377482002726
ROS1-36-0006,2023-06-24,0.470221487632265,0.26025847226373167,-0.5650212673036321
ROS1-30-0002,2023-07-26,0.2608935092240147,0.1815168754466251,-0.4044872338532534
ROS1-36-0007,2023-07-26,0.2675897028390581,0.17656805724219754,-0.40145248030134784
ROS1-42-0010,2023-07-26,0.40725464940739503,0.19349764174881928,-0.4699705809087047
ROS1-30-0015,2023-07-26,0.2602151687307691,0.1904440472846763,-0.38929109007198504
ROS1-36-0006,2023-07-26,0.370364781350394,0.2277759526609787,-0.45248234213479327
ROS1-37-0046,2023-07-26,0.3423933450990494,0.23541780064464074,-0.4528765622251867
ROS1-42-0009,2023-07-26,0.2936453013565855,0.16654308183598507,-0.41347778969813764
ROS1-36-0007,2023-08-11,0.38279194833839947,0.2169374371973016,-0.4724945513078946
ROS1-42-0010,2023-08-11,0.30442803946671654,0.20598628780243072,-0.4227957617112745
ROS1-36-0006,2023-08-11,0.4186718007662868,0.2790939385272015,-0.4802579065362614
ROS1-37-0046,2023-08-11,0.3087739516151965,0.2212486643896716,-0.43094550724384306
ROS1-42-0009,2023-08-11,0.28039718471023717,0.18488422584201347,-0.4105534535981861
ROS1-30-0002,2023-08-27,0.19084714534854513,0.09992029397757755,-0.32173630201542663
ROS1-36-0007,2023-08-27,0.3359973276311246,0.23597509049790433,-0.4658336681723428
ROS1-42-0010,2023-08-27,0.2995222438238651,0.20245693445187848,-0.43980434286317993
ROS1-30-0015,2023-08-27,0.448441035187759,0.32667463925594387,-0.5153566417879412
ROS1-36-0006,2023-08-27,0.20512279480315881,0.11438423667142651,-0.34423092822388623
ROS1-37-0046,2023-08-27,0.19125707377133688,0.1208669414152624,-0.33867265109350414
ROS1-42-0009,2023-08-27,0.28862307925431946,0.19423233403390883,-0.42972313062808193
ROS1-36-0007,2023-09-12,0.3979748150988865,0.22392671178393372,-0.5627294193724504
ROS1-30-0015,2023-09-12,0.19865704471491782,0.09875833148736599,-0.3122159557367059
ROS1-37-0046,2023-09-12,0.20141926003731128,0.1400438329158686,-0.31990952705578285
ROS1-30-0002,2023-09-28,0.19089338746632867,0.09272721245111884,-0.3145337383717875
ROS1-36-0007,2023-09-28,0.3397345016066461,0.2327034406696115,-0.4619830896831671
ROS1-42-0010,2023-09-28,0.24979426598794666,0.1622377372974375,-0.3958768626357766
ROS1-30-0015,2023-09-28,0.1840069547295973,0.07645750775420275,-0.3089095830132964
ROS1-36-0006,2023-09-28,0.21637566736391128,0.12079960284463939,-0.3436785073531054
ROS1-37-0046,2023-09-28,0.19162618383239938,0.11017144971103694,-0.3339928584619544
ROS1-42-0009,2023-09-28,0.2732089706637266,0.1785170116202204,-0.41994992962027505
ROS1-30-0002,2023-10-14,0.19907775118958607,0.08839590842521267,-0.31649339248137826
ROS1-36-0007,2023-10-14,0.31072162704543715,0.20802256177158837,-0.4522940673625817
ROS1-42-0010,2023-10-14,0.22553418664769445,0.1460835250814297,-0.3765770444674747
ROS1-30-0015,2023-10-14,0.190908119722982,0.07416266784302335,-0.307211130707184
ROS1-36-0006,2023-10-14,0.1940065745164678,0.0977882917704369,-0.3204015958531184
ROS1-37-0046,2023-10-14,0.18985268430433114,0.10597044272434342,-0.32921455368515
ROS1-42-0009,2023-10-14,0.2433116423031536,0.15790906737818364,-0.3990014727988595
ROS1-36-0007,2023-10-30,0.27132752131983634,0.16127464329124253,-0.4134445443355808
ROS1-42-0010,2023-10-30,0.203107367596506,0.09739654122917966,-0.334796155489347
ROS1-36-0006,2023-10-30,0.21765619339459552,0.09894080874401125,-0.32730321401933665
ROS1-42-0009,2023-10-30,0.22844934447961388,0.12949092070599472,-0.3782774012120249
ROS1-29-0003,2023-04-28,0.32628634318154365,0.1386571360433245,-0.38517621605654606
ROS1-29-0003,2023-05-14,0.5334584935284389,0.15012174963010816,-0.4475375547849147
ROS1-29-0003,2023-05-30,0.7112377138412297,0.40773133900011505,-0.626787622785539
ROS1-29-0003,2023-06-15,0.6699046455023036,0.37779305900575866,-0.617625975285219
ROS1-29-0003,2023-07-01,0.8115770136320657,0.2976544381723526,-0.7475964579484664
ROS1-29-0003,2023-08-18,0.24560466639432363,0.11352082355907757,-0.3420690003738377
ROS1-29-0003,2023-09-03,0.24995315009113853,0.11708471105260301,-0.3427153840814061
ROS1-27-0019,2023-04-28,0.7919262414816267,0.5411621783322114,-0.7154573764100166
ROS1-28-0002,2023-04-28,0.7814661708469661,0.5303796803379044,-0.693263743348827
ROS1-29-0003,2023-04-28,0.32596876367765204,0.1389520674678967,-0.38515518231394696
ROS1-33-0020,2023-04-28,0.8457178804480429,0.5557912456966901,-0.7489213562690528
ROS1-33-0013,2023-04-28,0.8196444149090193,0.518045518001011,-0.7349967670012556
ROS1-21-0003,2023-05-14,0.7858070180048679,0.5033820905816114,-0.6991432025103144
ROS1-27-0019,2023-05-14,0.7381375377074157,0.4486902191366533,-0.668091731840647
ROS1-28-0002,2023-05-14,0.8239018378369768,0.5154129909552616,-0.7318122208662219
ROS1-33-0020,2023-05-14,0.8357317500092097,0.5300415646829818,-0.7320312026524198
ROS1-27-0013,2023-05-14,0.8144720848580935,0.5337592218293036,-0.7152970030863385
ROS1-28-0015,2023-05-14,0.7238025877873997,0.4118482261236678,-0.6494943782462833
ROS1-33-0013,2023-05-14,0.7898035041912665,0.4799852896006953,-0.7000400925526685
ROS1-21-0003,2023-05-30,0.8379947981812721,0.5470823666792681,-0.7314844361647715
ROS1-28-0002,2023-05-30,0.8053302663143022,0.4523191618962966,-0.7214503062171768
ROS1-29-0003,2023-05-30,0.7129169084250799,0.4082812972450325,-0.6281268660205538
ROS1-27-0013,2023-05-30,0.7357635519237596,0.5016097199353368,-0.6495731145076228
ROS1-28-0015,2023-05-30,0.7239629394312138,0.37104790913302,-0.6392467830221189
ROS1-21-0003,2023-06-15,0.6387198441351083,0.36468157675952256,-0.6019165703920464
ROS1-27-0019,2023-06-15,0.5590541517899055,0.2552366291759905,-0.5583593308307339
ROS1-28-0002,2023-06-15,0.5637146308766504,0.2674815512004512,-0.5801098677615814
ROS1-29-0003,2023-06-15,0.6707567618259739,0.3781815940447731,-0.6181599191583538
ROS1-33-0020,2023-06-15,0.4507818387170313,0.21005071993321942,-0.48461081920340415
ROS1-27-0013,2023-06-15,0.6452489118186422,0.3630120542283101,-0.6074403393249443
ROS1-28-0015,2023-06-15,0.6301226013516703,0.30156692690483994,-0.5856939520754705
ROS1-33-0013,2023-06-15,0.5756163689824073,0.31892858507436217,-0.5647491317349643
ROS1-21-0003,2023-07-01,0.3381355941556624,0.18983688016837033,-0.4553809910977703
ROS1-29-0003,2023-07-01,0.5730169675034672,0.30303314071714277,-0.5508370731078913
ROS1-27-0013,2023-07-01,0.30345197711471034,0.16280941650618894,-0.44493350584970537
ROS1-21-0003,2023-07-17,0.2477893393831972,0.14733866491987868,-0.3640369118958511
ROS1-27-0013,2023-07-17,0.27950783052608763,0.15673065904577485,-0.4087908931462447
ROS1-21-0003,2023-08-18,0.19318104573795297,0.0917155410640749,-0.3101110585999674
ROS1-27-0019,2023-08-18,0.22137834757823446,0.15617428582894063,-0.35589558888828915
ROS1-28-0002,2023-08-18,0.1962071834587225,0.09498536330547962,-0.31421390240893027
ROS1-29-0003,2023-08-18,0.2434633663191873,0.11316256563899095,-0.3391551965442394
ROS1-33-0020,2023-08-18,0.18537648815929406,0.13537967991671218,-0.32897935245076504
ROS1-27-0013,2023-08-18,0.19423969727525736,0.14298452961608976,-0.33709048437329153
ROS1-28-0015,2023-08-18,0.21513126887287023,0.11737293220189807,-0.3381673217893111
ROS1-33-0013,2023-08-18,0.18331200076356674,0.12215377740929821,-0.31863254592788515
ROS1-21-0003,2023-09-03,0.1746137470989817,0.08418875446320442,-0.2943790798004868
ROS1-27-0019,2023-09-03,0.22164691714899606,0.15223533597190958,-0.3606835126914785
ROS1-28-0002,2023-09-03,0.19022467031758214,0.09503948075333202,-0.31091178053604485
ROS1-29-0003,2023-09-03,0.24769281372236004,0.11671539407922936,-0.3402082713671709
ROS1-33-0020,2023-09-03,0.19332866386610184,0.14061071604618403,-0.34461362368729515
ROS1-27-0013,2023-09-03,0.18370954548537854,0.13513982003178937,-0.3366828936916854
ROS1-28-0015,2023-09-03,0.23536164787916414,0.07503376711566005,-0.32282413598117465
ROS1-33-0013,2023-09-03,0.2120599372469322,0.1431073837954955,-0.34922846708633715
ROS1-21-0003,2023-09-19,0.18297468299507458,0.08261793214607117,-0.29539824771022405
ROS1-27-0019,2023-09-19,0.21974995134071143,0.14350325893914367,-0.35915780581579293
ROS1-28-0002,2023-09-19,0.19180591664127128,0.09226415175339013,-0.3095701755821981
ROS1-33-0020,2023-09-19,0.19578290669341586,0.13625292033160363,-0.34465845791577515
ROS1-28-0015,2023-09-19,0.2235496083492819,0.06849402833902335,-0.31485369014478
ROS1-33-0013,2023-09-19,0.19083548407935785,0.06860344292851885,-0.30182432478346694
ROS1-25-0018,2023-04-12,0.27064849305914673,0.11854801410599294,-0.33845747123367836
ROS1-36-0006,2023-04-12,0.5225262910207444,0.2791320343126853,-0.5177025273728653
ROS1-30-0002,2023-04-28,0.6320432078668722,0.44158415321123884,-0.5921291601603333
ROS1-25-0018,2023-04-28,0.3449875148666504,0.19818338597867605,-0.4124527140162036
ROS1-30-0015,2023-04-28,0.7309502798211753,0.5088637759201381,-0.6589829135480512
ROS1-31-0033,2023-04-28,0.8123357034803915,0.7084498620272606,-0.7079229782702834
ROS1-36-0006,2023-04-28,0.4829190047624993,0.35488609568863294,-0.4712752858403537
ROS1-25-0032,2023-04-28,0.8122684327442851,0.6170741652462012,-0.692832523803337
ROS1-20-0038,2023-05-14,0.7211826390416491,0.4466687649508201,-0.6377800182824995
ROS1-21-0003,2023-05-14,0.784954463117379,0.5025380279692251,-0.6995856863885611
ROS1-26-0018,2023-05-14,0.35305127759511234,0.2041355813289219,-0.4028359137160915
ROS1-30-0002,2023-05-14,0.7524665215884021,0.5308369395036433,-0.6693518146119477
ROS1-31-0022,2023-05-14,0.7286943847240817,0.5218948470572404,-0.6411859858982918
ROS1-32-0025,2023-05-14,0.7270527136886947,0.4640691867465557,-0.6594099677129477
ROS1-37-0031,2023-05-14,0.8465448203993339,0.7187443931216043,-0.7604443502947217
ROS1-38-0004,2023-05-14,0.8126878017041762,0.6800952656663248,-0.7410823987446227
ROS1-25-0018,2023-05-14,0.6682026934747235,0.4811444085943068,-0.5981367818843728
ROS1-26-0030,2023-05-14,0.7576314570980947,0.4783999983247218,-0.6752410331130698
ROS1-27-0013,2023-05-14,0.8172296998098187,0.5347796597798252,-0.7180217739884562
ROS1-31-0033,2023-05-14,0.8502533943585744,0.6602872021299571,-0.7734784990859829
ROS1-32-0029,2023-05-14,0.7648804279392933,0.5107612393359893,-0.6879971504934819
ROS1-20-0026,2023-05-14,0.6634005299795517,0.4580276739534933,-0.5691246235519984
ROS1-25-0032,2023-05-14,0.7436899730436429,0.5198699026600181,-0.6568755544541008
ROS1-21-0003,2023-05-30,0.8421016461931261,0.5512704269200903,-0.7347246528242958
ROS1-32-0025,2023-05-30,0.7312375204870035,0.4079464770498319,-0.6547197872052469
ROS1-27-0013,2023-05-30,0.7352153027916218,0.4996613368256434,-0.651027525997206
ROS1-32-0029,2023-05-30,0.7901527029093764,0.47331485063816053,-0.7090908202007847
ROS1-20-0026,2023-05-30,0.8123503295537394,0.6461772764429745,-0.7019149929211554
ROS1-19-0012,2023-06-15,0.6064541901746832,0.352455639882172,-0.5774735809315487
ROS1-20-0038,2023-06-15,0.5465146262674271,0.2985152642796661,-0.5529174019595641
ROS1-21-0003,2023-06-15,0.6387236022342493,0.364255732527308,-0.6032384811246252
ROS1-30-0002,2023-06-15,0.6826517997242987,0.4464379286237679,-0.6490040986511195
ROS1-31-0022,2023-06-15,0.8255582830421904,0.682815029054128,-0.7249527522041099
ROS1-32-0025,2023-06-15,0.45611112426482614,0.25428670116306124,-0.5354543480576671
ROS1-37-0031,2023-06-15,0.7815617947439739,0.47329976396309564,-0.7405900957703817
ROS1-38-0004,2023-06-15,0.7092336745169953,0.411295915211659,-0.6886093984552056
ROS1-26-0030,2023-06-15,0.6097299900405716,0.3557380445916224,-0.5869969795361739
ROS1-27-0013,2023-06-15,0.6448050394540629,0.36271076316724643,-0.608446423757431
ROS1-30-0015,2023-06-15,0.6161962247865468,0.28106127561734523,-0.5848205308266572
ROS1-31-0033,2023-06-15,0.7670611085204124,0.491806674028832,-0.7225429184630472
ROS1-32-0029,2023-06-15,0.44529606505353975,0.23104733213288198,-0.515403952589957
ROS1-36-0006,2023-06-15,0.650640729984242,0.3902800589523859,-0.635133832481747
ROS1-19-0018,2023-06-15,0.7214717251953511,0.5473851983954644,-0.63364577794371
ROS1-20-0026,2023-06-15,0.8171910545024897,0.6471295923869308,-0.7062063445975746
ROS1-25-0032,2023-06-15,0.6765905009149796,0.40598840266722624,-0.6358040026339064
ROS1-19-0012,2023-07-01,0.33259297992701004,0.13439912551683125,-0.39818173817940145
ROS1-21-0003,2023-07-01,0.33812130366727405,0.190801996095641,-0.45686450077974883
ROS1-25-0012,2023-07-01,0.8415507314096502,0.6849207432642822,-0.7237876207987359
ROS1-26-0018,2023-07-01,0.7086258741447746,0.5439310529008647,-0.621309236351678
ROS1-31-0022,2023-07-01,0.39869545198948564,0.22616998712909941,-0.5290265737834511
ROS1-37-0031,2023-07-01,0.26330147366402795,0.167341558878293,-0.41378997367759524
ROS1-27-0013,2023-07-01,0.2999384361148082,0.16280580723333882,-0.44037256116355533
ROS1-31-0033,2023-07-01,0.30452717140047053,0.1663961663520642,-0.4631231117003893
ROS1-32-0029,2023-07-01,0.3027940292423142,0.18445062041142468,-0.43067835321642234
ROS1-19-0018,2023-07-01,0.8529037676017659,0.27468056496713006,-0.5991788096429023
ROS1-19-0012,2023-07-17,0.2493235778334191,0.04156666317648886,-0.24751366173101808
ROS1-21-0003,2023-07-17,0.2449881715448084,0.14548792240995725,-0.36297896935799423
ROS1-25-0012,2023-07-17,0.6354197552769764,0.38723868005867884,-0.5854795119041173
ROS1-26-0018,2023-07-17,0.4154028105975128,0.21968707734555318,-0.5077852889841246
ROS1-30-0002,2023-07-17,0.33504426363521433,0.20516892918510027,-0.4572760313062646
ROS1-31-0022,2023-07-17,0.20509899575853377,0.1075445890458126,-0.3277941735367001
ROS1-32-0025,2023-07-17,0.4310973024633067,0.26770673393542144,-0.49089005861575147
ROS1-37-0031,2023-07-17,0.2396497849836431,0.14927514279404078,-0.38318402594335144
ROS1-27-0013,2023-07-17,0.29898552238236065,0.15731789309381006,-0.44171223660789816
ROS1-32-0029,2023-07-17,0.18121313932272123,0.09423880697819201,-0.2656678493460121
ROS1-19-0018,2023-07-17,0.38671116642019215,0.20799464445759644,-0.4646742584727513
ROS1-25-0032,2023-07-17,0.2975571198675699,0.1604321537266195,-0.42319696167082155
ROS1-26-0018,2023-08-02,0.3808974153153112,0.19271900228119493,-0.5124798861878483
ROS1-32-0025,2023-08-02,0.36335557558129183,0.2412382728191269,-0.47205531069531537
ROS1-26-0030,2023-08-02,0.23958969775569566,0.16686219453107454,-0.379841624536557
ROS1-30-0015,2023-08-02,0.313289562327774,0.22532706159462362,-0.4050888325452794
ROS1-31-0033,2023-08-02,0.22191700411548812,0.16482124448887667,-0.3666037229576224
ROS1-32-0029,2023-08-02,0.2022461195627346,0.10017119501655807,-0.3016427328268634
ROS1-36-0006,2023-08-02,0.3863554489206263,0.2587618242932903,-0.439659900589758
ROS1-25-0032,2023-08-02,0.25538118800604376,0.1722622807014453,-0.3784536197416398
ROS1-19-0012,2023-08-18,0.20949786135257265,0.12216658216496214,-0.337405703345912
ROS1-20-0038,2023-08-18,0.22459049705662282,0.11124652836270944,-0.3382700297295793
ROS1-21-0003,2023-08-18,0.1918728506105397,0.09149614194011152,-0.3091327393434778
ROS1-25-0012,2023-08-18,0.3218493206946072,0.16740764844895178,-0.43722609097735693
ROS1-26-0018,2023-08-18,0.3096052949206898,0.12070444081684353,-0.4221233691296551
ROS1-30-0002,2023-08-18,0.20478036692322854,0.1042187164428887,-0.32839249695585937
ROS1-31-0022,2023-08-18,0.22790093090560878,0.11404784717952772,-0.3527823750197303
ROS1-32-0025,2023-08-18,0.4807103262827272,0.32465960679151445,-0.5439826627544141
ROS1-37-0031,2023-08-18,0.2030795942416005,0.11053798658390335,-0.3388689085340954
ROS1-38-0004,2023-08-18,0.34024741189014623,0.23578692281597427,-0.4339580955210185
ROS1-25-0018,2023-08-18,0.2740562458846191,0.11675824045034568,-0.40721366742505566
ROS1-26-0030,2023-08-18,0.1859977131589153,0.08719558469272085,-0.30270546724980546
ROS1-27-0013,2023-08-18,0.21175815126466768,0.1580132668552737,-0.35706909043276513
ROS1-30-0015,2023-08-18,0.3798215925094226,0.2956554184510869,-0.43113264524283285
ROS1-31-0033,2023-08-18,0.2382088294890656,0.16847318980630674,-0.4012112946894852
ROS1-32-0029,2023-08-18,0.18670233518150345,0.09654633237552158,-0.3114052867787116
ROS1-36-0006,2023-08-18,0.23636988055629854,0.1338828165333179,-0.3583458482756547
ROS1-19-0018,2023-08-18,0.3489021150502173,0.17422007306805945,-0.47848403086575364
ROS1-25-0032,2023-08-18,0.24095058150759394,0.158003671713096,-0.3801272354538609
ROS1-19-0012,2023-09-03,0.193352744874893,0.11234931670703693,-0.3221751556177917
ROS1-20-0038,2023-09-03,0.1994808818400989,0.08165007482347275,-0.2904946502958587
ROS1-21-0003,2023-09-03,0.17680668768136773,0.08497043073205242,-0.29632619347545025
ROS1-25-0012,2023-09-03,0.29150336551681,0.15563307474911142,-0.42737970468297876
ROS1-26-0018,2023-09-03,0.21961704561993492,0.10477765439343979,-0.3466350409635491
ROS1-31-0022,2023-09-03,0.18342115343071555,0.08819947832621065,-0.3140881826298975
ROS1-32-0025,2023-09-03,0.4894642865991301,0.32434232807568164,-0.5762992371939091
ROS1-37-0031,2023-09-03,0.22416478328090444,0.11031501011583685,-0.3450572188717703
ROS1-38-0004,2023-09-03,0.46749303724217117,0.3232676081780935,-0.5239944192377193
ROS1-25-0018,2023-09-03,0.2063549976725239,0.1050799381808305,-0.3418682582363972
ROS1-26-0030,2023-09-03,0.176448808765856,0.08066569147492064,-0.2970856305183484
ROS1-27-0013,2023-09-03,0.18588976080223102,0.13653281052564406,-0.3383840450790127
ROS1-31-0033,2023-09-03,0.19378782815417994,0.08360077951735585,-0.3243469795165636
ROS1-32-0029,2023-09-03,0.17448019823304564,0.09115285483275909,-0.2965018796368511
ROS1-25-0032,2023-09-03,0.23189736465757202,0.14167382263516978,-0.3716304917052501
ROS1-19-0012,2023-09-19,0.2019782811907035,0.10219921551113144,-0.32321521277158477
ROS1-20-0038,2023-09-19,0.19544865778058065,0.07433290282739277,-0.2791214277761768
ROS1-21-0003,2023-09-19,0.1840081116178545,0.08295165912537715,-0.29736928270337454
ROS1-25-0012,2023-09-19,0.22795055961170405,0.10284631196654498,-0.3681466092319378
ROS1-26-0018,2023-09-19,0.24378020660142194,0.08897530237582081,-0.32783096687186825
ROS1-30-0002,2023-09-19,0.19735718930764085,0.0899201044011277,-0.32513524751019096
ROS1-31-0022,2023-09-19,0.19690039348685187,0.08875791045252597,-0.32310295612518186
ROS1-37-0031,2023-09-19,0.21281216883756948,0.09105194568323416,-0.34929025065658503
ROS1-38-0004,2023-09-19,0.5063510411526044,0.35314249589978025,-0.538578408081476
ROS1-25-0018,2023-09-19,0.20515283261372028,0.09532648559725515,-0.3292850286691264
ROS1-26-0030,2023-09-19,0.1757519930434665,0.10188411549972105,-0.2906089921935927
ROS1-30-0015,2023-09-19,0.18633861435517757,0.08526832513795303,-0.29274360175116826
ROS1-31-0033,2023-09-19,0.1899433840798573,0.07394179070288771,-0.31413375092372453
ROS1-32-0029,2023-09-19,0.18389050286134764,0.08759513180823443,-0.29291242647646554
ROS1-36-0006,2023-09-19,0.21703017737347347,0.11491557164471683,-0.3422605609116027
ROS1-19-0018,2023-09-19,0.19527586778893263,0.08487350082314862,-0.2995088271008507
ROS1-25-0032,2023-09-19,0.2317858965660865,0.1356700358321933,-0.368208946969161
ROS1-19-0012,2023-10-05,0.20150902359190248,0.09626083587262398,-0.3064087209725862
ROS1-30-0002,2023-10-05,0.19242142911778193,0.09434634112624803,-0.3055589073625261
ROS1-37-0031,2023-10-05,0.20186340186622986,0.11637469559983532,-0.3045302359906774
ROS1-38-0004,2023-10-05,0.47280927315927196,0.31758866775959277,-0.5207829649647989
ROS1-25-0018,2023-10-05,0.26956812724916973,0.12567902520543542,-0.36083169352144295
ROS1-32-0029,2023-10-05,0.17758968319881846,0.08347839772322113,-0.2796564501580749
ROS1-36-0006,2023-10-05,0.18706256288246761,0.10543819533810755,-0.2952562654637439
ROS1-25-0032,2023-10-05,0.24087683470090993,0.142833112922498,-0.3682145161627078
ROS1-30-0002,2023-10-21,0.19518301747849998,0.08699447214970261,-0.31646825116001703
ROS1-25-0018,2023-10-21,0.21538681535618387,0.08005667043670651,-0.3172079506882708
ROS1-30-0015,2023-10-21,0.1922697223318938,0.11214675953956534,-0.2866544064874494
ROS1-36-0006,2023-10-21,0.19309649585813782,0.09659711547792159,-0.31330392808241647
ROS1-30-0002,2023-04-28,0.6315513388918598,0.4433599216054227,-0.5909062941726592
ROS1-30-0015,2023-04-28,0.7308736692254391,0.5102159925796219,-0.658271688431797
ROS1-36-0006,2023-04-28,0.4796739525980811,0.36627754305759785,-0.4663497854520466
ROS1-25-0032,2023-04-28,0.7961705458750669,0.5944001435404211,-0.6833783935658376
ROS1-18-0027,2023-06-15,0.8684330817746967,0.5662047738862799,-0.7631464049041363
ROS1-24-0030,2023-06-15,0.6720366196594146,0.6067427752410633,-0.5772458021857632
ROS1-30-0002,2023-06-15,0.6850483472503542,0.4501285283393029,-0.6495295697736851
ROS1-30-0015,2023-06-15,0.6186304293628281,0.2812803051176489,-0.5858199055876863
ROS1-36-0006,2023-06-15,0.6520718376961663,0.39074932698699705,-0.6353805536833418
ROS1-19-0018,2023-06-15,0.7495629272617849,0.5580296738150256,-0.6574908395020781
ROS1-25-0032,2023-06-15,0.6787112356969511,0.4055799460263767,-0.6371826307703958
ROS1-19-0018,2023-07-01,0.856457731403425,0.28268612935589255,-0.6042175596249862
ROS1-24-0018,2023-07-01,0.3028847372134458,0.1826865126937294,-0.43290130767077134
ROS1-18-0027,2023-07-17,0.283167482822543,0.2009419903125391,-0.40105882082404215
ROS1-30-0002,2023-07-17,0.3355805165997276,0.20543296245209453,-0.4567971954675186
ROS1-18-0014,2023-07-17,0.345064575123397,0.21819370375095798,-0.49437685988708324
ROS1-30-0015,2023-07-17,0.3099255365759317,0.1900107512769468,-0.42865582322594864
ROS1-19-0018,2023-07-17,0.3882731810460086,0.20848626127581693,-0.46494945661444737
ROS1-25-0032,2023-07-17,0.2953899845343193,0.1591154300934877,-0.42032834065161157
ROS1-18-0014,2023-08-02,0.41933950138364834,0.21782050619692978,-0.4625688083892867
ROS1-30-0015,2023-08-02,0.31747770549202453,0.2278131387667708,-0.40833685570652106
ROS1-36-0006,2023-08-02,0.3915175805837893,0.26012839214907385,-0.4443767324115781
ROS1-24-0018,2023-08-02,0.223704809836419,0.16865036094251268,-0.3616846415250532
ROS1-25-0032,2023-08-02,0.2598731119248819,0.17447428949978414,-0.38222487463462773
ROS1-19-0012,2023-08-18,0.2129407221531449,0.12335100130288633,-0.3407505999685039
ROS1-24-0030,2023-08-18,0.36012842932520933,0.19832628372906266,-0.44689657541410516
ROS1-30-0002,2023-08-18,0.2082421265514117,0.10548723660370844,-0.33142657173749873
ROS1-24-0024,2023-08-18,0.20889074808449964,0.10977371151440503,-0.3200001114311085
ROS1-30-0015,2023-08-18,0.3835937926844549,0.29721551800173773,-0.43406489190884845
ROS1-36-0006,2023-08-18,0.2397996435121698,0.13522798162066182,-0.3613994633908746
ROS1-19-0018,2023-08-18,0.35274758514194987,0.17518745037291372,-0.482060648898207
ROS1-24-0018,2023-08-18,0.24234506584949037,0.18725112159048676,-0.4027710547730249
ROS1-25-0032,2023-08-18,0.24421128967876504,0.1591829475046616,-0.3833225949812695
ROS1-18-0027,2023-09-03,0.2606627045635984,0.17881744714904207,-0.37020223923490536
ROS1-19-0012,2023-09-03,0.1928451114122753,0.11209197874148288,-0.3221611884611122
ROS1-24-0030,2023-09-03,0.2950835124402787,0.172853640141241,-0.3919239746797874
ROS1-30-0002,2023-09-03,0.19226697374081111,0.1018007917533026,-0.31287595907324117
ROS1-18-0014,2023-09-03,0.21347000639181568,0.08340365965033035,-0.27400856711022414
ROS1-24-0024,2023-09-03,0.1947251363366444,0.10911276368714468,-0.28894448576888193
ROS1-24-0018,2023-09-03,0.21217165666757137,0.1502355321113981,-0.3580561428282796
ROS1-25-0032,2023-09-03,0.23092713804137635,0.1415524846229469,-0.3704858713414257
ROS1-18-0027,2023-09-19,0.24803823483789122,0.1456745319514749,-0.375127408217878
ROS1-19-0012,2023-09-19,0.20431543572370728,0.10109401179662098,-0.32402633733416547
ROS1-24-0030,2023-09-19,0.21380691161530999,0.11297087511820779,-0.3272553294125216
ROS1-30-0002,2023-09-19,0.1978389877827721,0.09011889358564354,-0.3248813689094905
ROS1-18-0014,2023-09-19,0.2293187994233968,0.08487680386872332,-0.2875475656719275
ROS1-24-0024,2023-09-19,0.20729978742734706,0.09800592940531677,-0.31404085066968657
ROS1-30-0015,2023-09-19,0.1921179376076773,0.08138806515837145,-0.30276267820542946
ROS1-36-0006,2023-09-19,0.21762994008236253,0.1149596656591306,-0.342637347037415
ROS1-19-0018,2023-09-19,0.19589658864621393,0.08496887738290851,-0.2994479154556128
ROS1-24-0018,2023-09-19,0.20313580583043475,0.13919460925874785,-0.3385154714552678
ROS1-25-0032,2023-09-19,0.23274640351190273,0.13449524642305735,-0.3682317314449815
ROS1-18-0027,2023-10-05,0.21512917582165725,0.13240352402738179,-0.34675548672541623
ROS1-19-0012,2023-10-05,0.20170082772238512,0.09669703211190614,-0.3040914289884769
ROS1-24-0030,2023-10-05,0.1918805539612803,0.10155319953511148,-0.29776587475679706
ROS1-30-0002,2023-10-05,0.19414658972458823,0.09508146869808665,-0.3067689951736938
ROS1-36-0006,2023-10-05,0.18857766740251783,0.10634378005100159,-0.2960166962862822
ROS1-24-0018,2023-10-05,0.3208605985626925,0.1911183503243467,-0.41991146568169607
ROS1-25-0032,2023-10-05,0.2421901442534341,0.14376902254992346,-0.3685691721299941
ROS1-24-0030,2023-10-21,0.20484060727454476,0.10629128869928879,-0.3180815029936032
ROS1-30-0002,2023-10-21,0.19719310342511479,0.08782321616943546,-0.31793780539499317
ROS1-30-0015,2023-10-21,0.2010329321966989,0.11266237836613632,-0.30004626900857934
ROS1-36-0006,2023-10-21,0.1951286197590926,0.09740377771786303,-0.31534402462485966
ROS1-24-0018,2023-10-21,0.3669554274800172,0.27476971111586157,-0.45199786352358384
ROS1-28-0002,2023-04-03,0.5066352206975642,0.24736019165102174,-0.5158476468806874
ROS1-29-0003,2023-04-03,0.22877795873395554,0.10096853256355397,-0.3282752901493009
ROS1-29-0005,2023-04-03,0.5297227072508137,0.2669537241193392,-0.5436807033091033
ROS1-22-0014,2023-05-05,0.6778498017453778,0.39734531963963304,-0.5959045214683034
ROS1-29-0003,2023-05-05,0.3762519911263699,0.18774469088713625,-0.4089032818550867
ROS1-28-0015,2023-05-05,0.7235510925322073,0.3890330990271343,-0.6609481079925447
ROS1-29-0005,2023-05-05,0.7297515293996079,0.39678951826355907,-0.6732829659300966
ROS1-29-0005,2023-05-21,0.759724386942467,0.4154926260157952,-0.6808456302364355
ROS1-22-0014,2023-06-06,0.7919222958083475,0.5471689787060793,-0.6895793165278483
ROS1-28-0002,2023-06-06,0.7384310338868123,0.406233413912108,-0.6872837844193831
ROS1-29-0003,2023-06-06,0.7158381383344056,0.4303225244260222,-0.6432581794707319
ROS1-28-0015,2023-06-06,0.7161318503701873,0.36343238663861527,-0.6408591621181134
ROS1-29-0005,2023-06-06,0.6754709813754393,0.3880360766563098,-0.6299746289211596
ROS1-22-0014,2023-06-22,0.7503450338512367,0.4554276153991965,-0.6604315233402508
ROS1-29-0003,2023-06-22,0.6182037201827348,0.34685412992346365,-0.5836072045880656
ROS1-28-0015,2023-06-22,0.5353237777397865,0.1970180233008906,-0.5510337142045056
ROS1-29-0005,2023-06-22,0.4194266447971005,0.19890121385246293,-0.5118334441767991
ROS1-29-0005,2023-07-08,0.3768174100985402,0.18282892160596823,-0.45534371764028225
ROS1-22-0014,2023-07-24,0.3608432704319668,0.18481649013329773,-0.41633098980768934
ROS1-28-0002,2023-07-24,0.26301158509207506,0.11589628313911073,-0.3647790401110714
ROS1-29-0003,2023-08-09,0.2997653655058528,0.12345862082432378,-0.3494097413009528
ROS1-28-0015,2023-08-09,0.23633141113473338,0.19058903020511042,-0.22823105420375883
ROS1-22-0014,2023-08-25,0.19133846861170456,0.10792239095347674,-0.30557054493778013
ROS1-28-0002,2023-08-25,0.1916669313320723,0.09440547171030973,-0.310922505796669
ROS1-28-0015,2023-08-25,0.23119488116420975,0.1335055963607931,-0.3460166668711515
ROS1-29-0005,2023-08-25,0.4559748286228043,0.3006393130361103,-0.5169238451154967
ROS1-28-0002,2023-09-10,0.1901347269356818,0.09159451192998477,-0.304829480955633
ROS1-29-0003,2023-09-10,0.22610063327509283,0.10242616806615581,-0.3322815059123608
ROS1-28-0015,2023-09-10,0.4508297983138425,0.08494873241950647,-0.5294262123584125
ROS1-22-0014,2023-09-26,0.1895771671424752,0.0865701242103545,-0.30215908610662917
ROS1-29-0003,2023-09-26,0.21304220930869797,0.09466187925445488,-0.33225418026552006
ROS1-29-0005,2023-09-26,0.36586914115304864,0.21945374686497515,-0.5378088016947636
ROS1-22-0014,2023-10-12,0.19902892717513107,0.09596896668976436,-0.3194170184943596
ROS1-28-0002,2023-10-12,0.1907897865316121,0.0831593088095864,-0.31344561254014364
ROS1-29-0003,2023-10-12,0.2339025218738562,0.08877018314432092,-0.35084280110549493
ROS1-28-0015,2023-10-12,0.22754758050502008,0.05073043153631519,-0.3444084238327134
ROS1-29-0005,2023-10-12,0.32957031612502014,0.19543407465934823,-0.5113932508648242
ROS1-22-0014,2023-04-03,0.2535923664370126,0.12944052765553016,-0.2741028788394624
ROS1-26-0018,2023-04-03,0.22543111218451933,0.10903060534475988,-0.3395683490866065
ROS1-27-0019,2023-04-03,0.6562479232205034,0.38384772222675134,-0.6204166810078813
ROS1-28-0002,2023-04-03,0.5064973182940937,0.24694181645037439,-0.5159176819954696
ROS1-33-0020,2023-04-03,0.6248230931365791,0.3233063223495869,-0.5999547732916133
ROS1-21-0010,2023-04-03,0.3998745200814413,0.20795247187006183,-0.4511862670413896
ROS1-22-0022,2023-04-03,0.5161514044335169,0.22017883111385952,-0.5282331340666514
ROS1-26-0030,2023-04-03,0.35691488784533,0.16501744274924351,-0.39739077894416924
ROS1-27-0013,2023-04-03,0.7118014973295259,0.4070233347081134,-0.6557832494115502
ROS1-22-0002,2023-04-03,0.3075907272581245,0.12495624284375069,-0.351865666996725
ROS1-21-0003,2023-05-05,0.7791666832379228,0.46261264740336105,-0.7106210885222795
ROS1-22-0014,2023-05-05,0.6779369493457623,0.3966925918157799,-0.5969727857677107
ROS1-15-0013,2023-05-05,0.7596884974598723,0.4425334158470959,-0.6905650798820192
ROS1-21-0010,2023-05-05,0.7833526433732949,0.4598511856921157,-0.7208508266987151
ROS1-22-0022,2023-05-05,0.695953271023844,0.3834796476335173,-0.6250862174671384
ROS1-26-0030,2023-05-05,0.7216804627824522,0.4523528595297452,-0.6556080833263086
ROS1-27-0013,2023-05-05,0.7879106473634976,0.48122742456236434,-0.7155609174333158
ROS1-28-0015,2023-05-05,0.7232167338477843,0.3891431706826258,-0.6613582463763121
ROS1-15-0025,2023-05-05,0.47211243623136445,0.20334057057232244,-0.43863264411772684
ROS1-21-0037,2023-05-05,0.7898697640936502,0.520852053801737,-0.7100117282897473
ROS1-22-0002,2023-05-05,0.38279438239209906,0.15751018923554552,-0.4240075268702882
ROS1-22-0014,2023-06-06,0.7922239548487444,0.5469230646537229,-0.6903398686803841
ROS1-26-0018,2023-06-06,0.8202947655518908,0.5704619153794445,-0.7189393695677581
ROS1-27-0019,2023-06-06,0.673111236430306,0.1806001544442864,-0.5888860896096705
ROS1-15-0013,2023-06-06,0.7272173046695474,0.42017328571751833,-0.6609962988519411
ROS1-21-0010,2023-06-06,0.7617849122204269,0.495355509982264,-0.7018569619966085
ROS1-22-0022,2023-06-06,0.7362252815137259,0.4466932795621103,-0.6583815834402406
ROS1-26-0030,2023-06-06,0.7819506141736464,0.4824355355562715,-0.7076191002024378
ROS1-27-0013,2023-06-06,0.7799951248070558,0.4869623800231179,-0.6910142343151313
ROS1-28-0015,2023-06-06,0.711835619733866,0.3612087350130892,-0.638691598315795
ROS1-15-0025,2023-06-06,0.817434561979154,0.49283936678921575,-0.6958193713283234
ROS1-22-0002,2023-06-06,0.7680743453208401,0.4385557061227417,-0.6624989371363993
ROS1-21-0003,2023-06-22,0.5019273863565962,0.24616441622838078,-0.5741285712099665
ROS1-22-0014,2023-06-22,0.7499079295918071,0.4551239963205135,-0.6601718360718439
ROS1-26-0018,2023-06-22,0.8301271176214128,0.5770137805840712,-0.72933162188004
ROS1-27-0019,2023-06-22,0.461892262137164,0.1376834866116278,-0.5141672815169822
ROS1-33-0020,2023-06-22,0.37676797443940246,0.17354750425306553,-0.5226740346512201
ROS1-15-0013,2023-06-22,0.36179700802657677,0.18295474377581625,-0.492349604979402
ROS1-21-0010,2023-06-22,0.3833096436188928,0.22561080310365642,-0.42070510392732274
ROS1-26-0030,2023-06-22,0.4692898133442242,0.22329554579413396,-0.5468840736547902
ROS1-27-0013,2023-06-22,0.43568318965647446,0.22709221817903544,-0.5201771158202102
ROS1-15-0025,2023-06-22,0.6748231317832839,0.3715198119153537,-0.6400334618099914
ROS1-21-0037,2023-06-22,0.394942240552706,0.2104926203166273,-0.49356889890329286
ROS1-22-0002,2023-06-22,0.7687808421350589,0.4107629633909554,-0.6863877896526986
ROS1-27-0019,2023-07-08,0.31652098028073206,0.16764611169752053,-0.40835553691697335
ROS1-33-0020,2023-07-08,0.28057813560843814,0.14424341073639949,-0.4038617640483423
ROS1-27-0019,2023-07-24,0.2963970991118374,0.1456723263222471,-0.403040235617679
ROS1-28-0002,2023-07-24,0.25600084982720966,0.11638333719527229,-0.3559212583676653
ROS1-33-0020,2023-07-24,0.26378104605775204,0.1375985103307513,-0.40087564487112703
ROS1-15-0013,2023-07-24,0.29621841900083146,0.20960434886063825,-0.4033398439965554
ROS1-28-0015,2023-07-24,0.23767670041186975,0.11893628393024515,-0.3469512735872333
ROS1-15-0025,2023-07-24,0.2870308267909875,0.21163664314104905,-0.43950021269992257
ROS1-22-0002,2023-07-24,0.5002549047246293,0.1190934156370127,-0.44537038120137357
ROS1-15-0025,2023-08-09,0.448098972345731,0.18006173249936233,-0.6825569527635413
ROS1-21-0003,2023-08-25,0.13661098430770133,0.03609468526416639,-0.18925775493284877
ROS1-22-0014,2023-08-25,0.19186133195361654,0.10806576188393735,-0.3074043996294457
ROS1-26-0018,2023-08-25,0.24053956705542448,0.16152750110266473,-0.39650916215460563
ROS1-27-0019,2023-08-25,0.22520758822804113,0.16010813946167543,-0.35582688815556474
ROS1-28-0002,2023-08-25,0.1922936813064147,0.09455431704758355,-0.3130378399496195
ROS1-21-0010,2023-08-25,0.213902793433562,0.1068869354462476,-0.3160879096261422
ROS1-26-0030,2023-08-25,0.17485107756194093,0.07990366671604823,-0.28932542741413114
ROS1-27-0013,2023-08-25,0.19484525400883349,0.1422319837425231,-0.35282654750224823
ROS1-28-0015,2023-08-25,0.23283790857524192,0.1341740097984412,-0.3481854978948729
ROS1-15-0025,2023-08-25,0.26957166736176175,0.15798962329102748,-0.3552335991487613
ROS1-21-0037,2023-08-25,0.15395950621128998,0.13509575007243546,-0.16529124118963043
ROS1-22-0002,2023-08-25,0.3653503767047056,0.2359548545140792,-0.46070109956656474
ROS1-27-0019,2023-09-10,0.42322075695727995,0.11158741038225149,-0.6606614668574833
ROS1-28-0002,2023-09-10,0.19004191258805775,0.0913656927274206,-0.30504076013192355
ROS1-33-0020,2023-09-10,0.20260513216655027,0.15064839356478854,-0.34980153793618896
ROS1-21-0010,2023-09-10,0.17557619401222574,0.0675661177910308,-0.26653856741210097
ROS1-22-0022,2023-09-10,0.4344748469420514,0.24082999880632033,-0.5496024752514694
ROS1-27-0013,2023-09-10,0.274863989680876,0.1592978308600336,-0.3653128404542117
ROS1-28-0015,2023-09-10,0.3954694699514683,0.08360921132181692,-0.451963079529881
ROS1-21-0003,2023-09-26,0.1742549590719207,0.07637948895848974,-0.29172422477136445
ROS1-22-0014,2023-09-26,0.19031151885833475,0.08677817011413737,-0.3031241069132795
ROS1-26-0018,2023-09-26,0.22100041435113305,0.09377454956331127,-0.3354852464154765
ROS1-15-0013,2023-09-26,0.3134885993457955,0.16436429497713476,-0.40598554469143844
ROS1-21-0010,2023-09-26,0.17846715179744085,0.08049826066723363,-0.2961022651888165
ROS1-26-0030,2023-09-26,0.167260552621653,0.0754025242492228,-0.29357642564074976
ROS1-27-0013,2023-09-26,0.18908757110496846,0.06734376520902965,-0.29324922208398585
ROS1-15-0025,2023-09-26,0.20579039360872695,0.09680761202258512,-0.32478975119207776
ROS1-21-0037,2023-09-26,0.19125508397366311,0.05965140713112981,-0.30742866235716776
ROS1-22-0002,2023-09-26,0.3045219224562414,0.19604102307019294,-0.4427221167462502
ROS1-21-0003,2023-10-12,0.1891424705048259,0.06873112579783122,-0.3010646676605675
ROS1-22-0014,2023-10-12,0.19938806316515537,0.09617698690175676,-0.3189950863567446
ROS1-26-0018,2023-10-12,0.21717662575666244,0.0729878409043564,-0.33163686328416087
ROS1-27-0019,2023-10-12,0.20650182625506425,0.12708227374733003,-0.34749246917408383
ROS1-28-0002,2023-10-12,0.19178446616627715,0.08336251083552182,-0.31427264953595374
ROS1-33-0020,2023-10-12,0.18223834949147585,0.12039816861360297,-0.32393634396909776
ROS1-15-0013,2023-10-12,0.3122479082538435,0.15470731641716812,-0.406370233059803
ROS1-21-0010,2023-10-12,0.1885212863710651,0.0782458172239441,-0.30461788138429186
ROS1-22-0022,2023-10-12,0.23363107541790706,0.13834857994711758,-0.39420924400684226
ROS1-26-0030,2023-10-12,0.17578187275416784,0.07963185639944734,-0.30346569114191074
ROS1-27-0013,2023-10-12,0.1963906943642135,0.0636988616287913,-0.3093495116306938
ROS1-28-0015,2023-10-12,0.22960800626750275,0.05091845991915782,-0.34632394596514643
ROS1-15-0025,2023-10-12,0.1960685722908905,0.07523503039326437,-0.3175113016394699
ROS1-21-0037,2023-10-12,0.2097842419807533,0.0566214988497396,-0.34698269957205485
ROS1-22-0002,2023-10-12,0.27010555775465683,0.14482790922719987,-0.40975639308936734
ROS1-26-0018,2023-04-03,0.2265565538745688,0.10977953861101084,-0.34048923865464553
ROS1-13-0000,2023-04-03,0.734905856009185,0.47726896052192697,-0.6710758670085836
ROS1-14-0009,2023-04-03,0.2491693832608609,0.10150866466987292,-0.2809242268289894
ROS1-26-0030,2023-04-03,0.35725187936530867,0.1646991236944394,-0.3985656131108427
ROS1-19-0012,2023-05-05,0.7550617391537655,0.5756832661709604,-0.687933195230728
ROS1-20-0038,2023-05-05,0.7323931187725536,0.41420938222407555,-0.663098087119138
ROS1-21-0003,2023-05-05,0.7795503339774882,0.4618879129133976,-0.7117627359465364
ROS1-13-0000,2023-05-05,0.9062050160512332,0.776512385248636,-0.8079734798576663
ROS1-14-0009,2023-05-05,0.5985914333339984,0.3153197181197297,-0.5194715022774556
ROS1-18-0014,2023-05-05,0.5343519361828158,0.3220655902314187,-0.5203802421292498
ROS1-19-0004,2023-05-05,0.6601152067193162,0.4273275388085916,-0.6096716659241597
ROS1-20-0017,2023-05-05,0.6056518826371182,0.3819814305322639,-0.5488179553313449
ROS1-26-0030,2023-05-05,0.7224099260304914,0.45151796030935143,-0.6569163714712835
ROS1-13-0020,2023-05-05,0.7083535665503093,0.4413837902722394,-0.6244226865599554
ROS1-14-0031,2023-05-05,0.35582466914970357,0.1715901642658942,-0.38701610334813563
ROS1-19-0018,2023-05-05,0.3688225193394682,0.21156901568925848,-0.3920849441981921
ROS1-20-0026,2023-05-05,0.5401200954267055,0.29434526785845916,-0.49704038892931174
ROS1-19-0012,2023-06-06,0.7649461630022703,0.5316915178947639,-0.7045956484108093
ROS1-20-0038,2023-06-06,0.6868048805231325,0.37773978775847833,-0.6240278969133082
ROS1-26-0018,2023-06-06,0.8202132099876419,0.5613447168926322,-0.719414799475825
ROS1-07-0020,2023-06-06,0.685640489720951,0.46579547358758355,-0.6307654924790639
ROS1-08-0025,2023-06-06,0.8109686364706565,0.5792489304776627,-0.7159003288010412
ROS1-13-0000,2023-06-06,0.8154937114534051,0.5243092707253172,-0.7393565358404893
ROS1-14-0009,2023-06-06,0.8863701762168298,0.7289275328743395,-0.7718882708785272
ROS1-18-0014,2023-06-06,0.8656454993335057,0.6452561187633535,-0.7579157319680708
ROS1-19-0004,2023-06-06,0.8107026485128543,0.5810594697238197,-0.7082310565639243
ROS1-20-0017,2023-06-06,0.6888024496244984,0.4470432192649396,-0.6348392213339967
ROS1-26-0030,2023-06-06,0.781624576574332,0.4812707917710305,-0.7082308203423533
ROS1-07-0031,2023-06-06,0.7342877984642725,0.4456684372685861,-0.6664517012814091
ROS1-13-0020,2023-06-06,0.8078268410714717,0.5094744504106229,-0.7169471072783984
ROS1-14-0031,2023-06-06,0.7599207454436194,0.5472704497179547,-0.6472983736360575
ROS1-19-0018,2023-06-06,0.7577429841059437,0.476471571889648,-0.6918053702857632
ROS1-20-0026,2023-06-06,0.8003377417445748,0.6104028292703171,-0.7059828156436027
ROS1-19-0012,2023-06-22,0.42368591495617114,0.23389308198139555,-0.5226429929041243
ROS1-20-0038,2023-06-22,0.4037908084477132,0.19022168274513732,-0.49337674315368396
ROS1-21-0003,2023-06-22,0.5013955265399193,0.24578261659467124,-0.5741080195961669
ROS1-26-0018,2023-06-22,0.8295199145160723,0.5759597528479008,-0.7293653732293948
ROS1-07-0020,2023-06-22,0.5466523550860527,0.31697064480603576,-0.5739496177010532
ROS1-08-0025,2023-06-22,0.695122794206772,0.475612555633765,-0.6448122009335989
ROS1-13-0000,2023-06-22,0.37766411857442056,0.17403782798460302,-0.5031804960826854
ROS1-14-0009,2023-06-22,0.8647367456141849,0.6779424732953793,-0.7537799201901927
ROS1-18-0014,2023-06-22,0.7038709928591288,0.4724776708359731,-0.6502153860112891
ROS1-19-0004,2023-06-22,0.8050949118393537,0.5571985650089972,-0.7143548311514437
ROS1-20-0017,2023-06-22,0.6882739599990527,0.4147943173399544,-0.6306517802292714
ROS1-26-0030,2023-06-22,0.46878424025858967,0.22304726791531249,-0.5467646251022462
ROS1-07-0031,2023-06-22,0.5387847637671194,0.33683329687825597,-0.5580558703278616
ROS1-13-0020,2023-06-22,0.5785966108481709,0.36272481953241353,-0.573335007164612
ROS1-14-0031,2023-06-22,0.8148676176434289,0.5849669005956253,-0.7115640503828293
ROS1-19-0018,2023-06-22,0.8197102298704052,0.5321619763521558,-0.6988686827288811
ROS1-20-0026,2023-06-22,0.7906118098809667,0.5766929884318553,-0.6997465672227338
ROS1-19-0012,2023-07-24,0.29109663959782567,0.2260945115415933,-0.3680711770872039
ROS1-08-0025,2023-07-24,0.30432486167702233,0.16977356783550462,-0.3945020157444828
ROS1-18-0014,2023-07-24,0.41158646015426903,0.26498251242930887,-0.5128923268656858
ROS1-07-0031,2023-07-24,0.38075260800908006,0.23518821497164533,-0.47321295481270825
ROS1-19-0018,2023-07-24,0.39497702231159376,0.19343348501959728,-0.48286254671443174
ROS1-20-0026,2023-07-24,0.2880775030742201,0.1627407674820471,-0.3828628208211359
ROS1-07-0020,2023-08-09,0.41226963887396834,0.2872118168243041,-0.46175255151839123
ROS1-08-0025,2023-08-09,0.3076820347421831,0.195294473292943,-0.40706823829859895
ROS1-13-0000,2023-08-09,0.31596433989862127,0.1897108142305255,-0.44325668945625624
ROS1-14-0009,2023-08-09,0.3052049760155428,0.17705545056622754,-0.43136346488388005
ROS1-19-0004,2023-08-09,0.5497734512631106,0.3024864800847929,-0.561807820572242
ROS1-20-0017,2023-08-09,0.4020380218964865,0.27348415220263644,-0.49934646862465304
ROS1-13-0020,2023-08-09,0.6224429571834168,0.46346781595317893,-0.6095651653008828
ROS1-14-0031,2023-08-09,0.35544654269988274,0.24165097667583701,-0.4605789146819095
ROS1-19-0018,2023-08-09,0.41666921385830064,0.21282098344385267,-0.5138027598666565
ROS1-20-0026,2023-08-09,0.25572074088857716,0.12444075606595145,-0.35803306720739414
ROS1-19-0012,2023-08-25,0.2044244118280002,0.11565925256377205,-0.32777995198528104
ROS1-26-0018,2023-08-25,0.24136365264355197,0.16336783404828842,-0.39737323469796837
ROS1-07-0020,2023-08-25,0.36966823420241757,0.23502556793393475,-0.4179205381243672
ROS1-08-0025,2023-08-25,0.3145492413046367,0.19280447697989983,-0.41549403314255134
ROS1-13-0000,2023-08-25,0.43528463784228394,0.2984520001429466,-0.5230621761165725
ROS1-14-0009,2023-08-25,0.23587731496923114,0.10605204113796182,-0.31940859356885054
ROS1-18-0014,2023-08-25,0.18914113814009453,0.07784553269846592,-0.25751246705350633
ROS1-19-0004,2023-08-25,0.46095119489540864,0.2388213369668646,-0.5138928893352915
ROS1-26-0030,2023-08-25,0.17527261973962074,0.08011613862143044,-0.2908587527493457
ROS1-07-0031,2023-08-25,0.24629295972305096,0.1309984897016213,-0.3310743301516306
ROS1-13-0020,2023-08-25,0.24160534515667045,0.12198336566824035,-0.3487810518804437
ROS1-14-0031,2023-08-25,0.3682574030957138,0.24573050333779514,-0.47118691408059693
ROS1-19-0018,2023-08-25,0.3270089588702061,0.1698120986000076,-0.45427927460514145
ROS1-20-0026,2023-08-25,0.25200575294759714,0.13571656015555522,-0.3480434421855841
ROS1-19-0012,2023-09-26,0.20419098080304018,0.10502970543018537,-0.3286579922097277
ROS1-20-0038,2023-09-26,0.18638779263619548,0.07218068276910063,-0.2754223339330985
ROS1-21-0003,2023-09-26,0.1746386724211555,0.07652534384697068,-0.29224294242103627
ROS1-26-0018,2023-09-26,0.22102759687291762,0.09280702864803349,-0.3308412696047857
ROS1-07-0020,2023-09-26,0.28003139471796873,0.12878413338118963,-0.3658783057908512
ROS1-08-0025,2023-09-26,0.2148619842981194,0.08319461379307577,-0.30699227659331185
ROS1-13-0000,2023-09-26,0.5075256671750242,0.3032354439290368,-0.5700183925949394
ROS1-14-0009,2023-09-26,0.2139127260180162,0.08378737696908498,-0.28604860924530345
ROS1-18-0014,2023-09-26,0.23747867014926458,0.08584304699215703,-0.2980875921377934
ROS1-19-0004,2023-09-26,0.33507271697392355,0.16120328332350473,-0.415183339251505
ROS1-20-0017,2023-09-26,0.21543457360414206,0.0703655691727542,-0.2988571244634218
ROS1-26-0030,2023-09-26,0.16764033473926113,0.07555624925249184,-0.2942364591684792
ROS1-07-0031,2023-09-26,0.22393655286196323,0.0928802190906516,-0.31265972132875836
ROS1-13-0020,2023-09-26,0.23965290436085243,0.10823846156312754,-0.34551114876547234
ROS1-14-0031,2023-09-26,0.2531563302800972,0.11828479458802044,-0.34714137091395025
ROS1-19-0018,2023-09-26,0.17912587879814448,0.0766413680020154,-0.2827810822183328
ROS1-20-0026,2023-09-26,0.2254485486932815,0.09622872063301663,-0.32025602668119896
ROS1-19-0012,2023-10-12,0.19991142229171285,0.10438273841134177,-0.3254759539549492
ROS1-20-0038,2023-10-12,0.20276121513192272,0.06643595773160955,-0.3150081243414887
ROS1-21-0003,2023-10-12,0.19058021447174273,0.06910580816540404,-0.30202509428126845
ROS1-26-0018,2023-10-12,0.21913515268988992,0.07334214461997109,-0.3333025659502279
ROS1-07-0020,2023-10-12,0.24647763441862378,0.11560328321613346,-0.3522269483053872
ROS1-08-0025,2023-10-12,0.21341245957484323,0.07026722299290578,-0.320873955605876
ROS1-13-0000,2023-10-12,0.4975755723437421,0.2897642005072641,-0.5749873280953159
ROS1-14-0009,2023-10-12,0.32009421644560826,0.12454020635227611,-0.37013965811729865
ROS1-18-0014,2023-10-12,0.2645857662783546,0.09043275162291105,-0.3275474664404083
ROS1-19-0004,2023-10-12,0.28660657644605075,0.12224224401044408,-0.404992202451073
ROS1-20-0017,2023-10-12,0.21470040200452123,0.07097335590053223,-0.3210778180974973
ROS1-26-0030,2023-10-12,0.17617995075568582,0.07999790675387664,-0.30250465126779513
ROS1-07-0031,2023-10-12,0.2547150565528468,0.10464096396229905,-0.33309144191626183
ROS1-13-0020,2023-10-12,0.21727084886489303,0.09851457943896275,-0.3333003763742948
ROS1-14-0031,2023-10-12,0.24826471810233658,0.11881053849424407,-0.3438075333223406
ROS1-19-0018,2023-10-12,0.1822691550334114,0.09716913521477244,-0.28171361190349237
ROS1-20-0026,2023-10-12,0.22513104971019285,0.08939600789899116,-0.3368055992978704
ROS1-18-0027,2023-05-05,0.9076018633994906,0.8159184692607379,-0.8362071330092483
ROS1-18-0014,2023-05-05,0.5360187077007396,0.32196889122158934,-0.5219354744432656
ROS1-18-0027,2023-06-06,0.9004653324967702,0.702160506219421,-0.8393226915793586
ROS1-18-0014,2023-06-06,0.867718773637264,0.6461048053768883,-0.7596910871498234
ROS1-07-0031,2023-06-06,0.7351521762904117,0.4456241928822195,-0.6677364207421027
ROS1-18-0027,2023-06-22,0.5164478296445072,0.3818890762218796,-0.548942801943885
ROS1-18-0014,2023-06-22,0.7023188351488114,0.4748381824703525,-0.6482612188535001
ROS1-07-0031,2023-06-22,0.5392336285287778,0.33627785311860703,-0.5586289747783746
ROS1-18-0014,2023-07-24,0.43377497149197625,0.28674902838749977,-0.530417862969446
ROS1-07-0031,2023-07-24,0.3773856986160299,0.23435207059102894,-0.47086372259649506
ROS1-07-0031,2023-08-09,0.3897172820254451,0.16134867106502324,-0.46404423076612816
ROS1-18-0027,2023-08-25,0.224631704306505,0.1547437215411401,-0.3498119636998572
ROS1-18-0014,2023-08-25,0.19181046924936768,0.07968431237472554,-0.26085372466473383
ROS1-07-0031,2023-08-25,0.24618792959840838,0.13108765415615223,-0.3306682076188357
ROS1-18-0027,2023-09-26,0.2540009108840628,0.14825670720321352,-0.37638148094121815
ROS1-18-0014,2023-09-26,0.23813850549161014,0.0861446861745226,-0.2985825855866801
ROS1-07-0031,2023-09-26,0.2287158658966129,0.09403592685022473,-0.3182207537738324
ROS1-18-0027,2023-10-12,0.19726409880362594,0.10555821617087426,-0.3407902358168145
ROS1-18-0014,2023-10-12,0.2637490643365187,0.09078148712536982,-0.32404364775411904
ROS1-07-0031,2023-10-12,0.25676776197968176,0.10487105047480091,-0.33552800191180293
ROS1-22-0014,2023-04-26,0.6217762466723564,0.27496974156489157,-0.5596932943042588
ROS1-22-0002,2023-04-26,0.4239917124815872,0.13516154154809432,-0.42810603783867307
ROS1-22-0014,2023-05-12,0.7218712647807175,0.44971234592272324,-0.6199888458014281
ROS1-22-0002,2023-05-12,0.45689144338440923,0.17969356950769533,-0.4585555481214968
ROS1-22-0014,2023-05-28,0.7013639918908522,0.5859935218905259,-0.5941651540121603
ROS1-22-0014,2023-07-31,0.3161036842234174,0.16573011528300197,-0.4167539558982424
ROS1-22-0002,2023-07-31,0.331874838291801,0.1788689127951376,-0.4242311211748512
ROS1-22-0014,2023-08-16,0.19047410209169136,0.10135500103327387,-0.31004714767378316
ROS1-22-0002,2023-08-16,0.32120956754507624,0.2030664743415422,-0.4289166289418491
ROS1-22-0014,2023-09-01,0.1791819630434557,0.09709299626609813,-0.297326864705946
ROS1-22-0002,2023-09-01,0.3354042684050458,0.2043614810841882,-0.44357109832861186
ROS1-22-0014,2023-09-17,0.1894673163809164,0.1003939035350049,-0.31233660907583743
ROS1-22-0002,2023-09-17,0.32192379872289895,0.18535278854043796,-0.4549298647846231
ROS1-22-0014,2023-10-03,0.2019942933643849,0.10861150402715912,-0.3096934835444134
ROS1-22-0002,2023-10-03,0.285631924165855,0.16807063250304222,-0.41459892602465165
ROS1-15-0013,2023-04-10,0.4736709051793698,0.2196469876991636,-0.4852974402367582
ROS1-14-0031,2023-04-10,0.22358260029314658,0.10550168315534633,-0.2926491894352265
ROS1-15-0025,2023-04-10,0.23211315927626608,0.07968083235650507,-0.301146161672304
ROS1-15-0013,2023-04-26,0.6801839712814067,0.31755608427348186,-0.634221742267496
ROS1-14-0031,2023-04-26,0.27629274870888265,0.08723254349354626,-0.3425959418287864
ROS1-15-0025,2023-04-26,0.29290723823231557,0.07211896362300022,-0.3409528529327578
ROS1-22-0002,2023-04-26,0.4255592257190002,0.13529344193295417,-0.4297669866575512
ROS1-15-0013,2023-05-12,0.7937738228994835,0.4838822309376281,-0.702902577580086
ROS1-14-0031,2023-05-12,0.4470075327631244,0.1909575431707832,-0.4321504063579332
ROS1-15-0025,2023-05-12,0.6587059667828599,0.29651638908740346,-0.5500013803490555
ROS1-22-0002,2023-05-12,0.45676930340395977,0.1814044588777831,-0.4569728243066142
ROS1-15-0013,2023-06-13,0.6226857387459575,0.30353909766682746,-0.6025224171448275
ROS1-15-0025,2023-06-13,0.7561963479631298,0.41338906385738344,-0.6704979324503183
ROS1-14-0031,2023-07-15,0.5968479959799398,0.47066043309163214,-0.5520012696029432
ROS1-15-0025,2023-07-15,0.2973849239768203,0.18197269046290043,-0.4127377512153597
ROS1-15-0013,2023-07-31,0.11847036607451315,0.22188150450989882,-0.13176017767275638
ROS1-22-0022,2023-07-31,0.5459008738396964,0.30790389026102616,-0.5803653615171368
ROS1-14-0031,2023-07-31,0.42174876326919974,0.2536906011160745,-0.5014255934725154
ROS1-22-0002,2023-07-31,0.3333278804623755,0.17952309201771308,-0.42520170018162606
ROS1-15-0013,2023-08-16,0.236683742741622,0.11447588152090345,-0.35147593009978495
ROS1-22-0022,2023-08-16,0.49415177869067656,0.29658208023872645,-0.5263968194561469
ROS1-14-0031,2023-08-16,0.3154835319792452,0.20550554939197926,-0.4181588238034235
ROS1-15-0025,2023-08-16,0.2286341153776793,0.1440598064798072,-0.3609151655213934
ROS1-22-0002,2023-08-16,0.32230607263752803,0.2036396735077568,-0.43018811209750285
ROS1-15-0013,2023-09-01,0.26557187154241296,0.13611525590090184,-0.3697587758522719
ROS1-22-0022,2023-09-01,0.4386835969764749,0.23610021119662947,-0.5167247665544004
ROS1-22-0002,2023-09-01,0.3376979429812967,0.20541625435149355,-0.4451834328804322
ROS1-15-0013,2023-09-17,0.31241596341286415,0.15206869973410547,-0.40984591648059465
ROS1-22-0022,2023-09-17,0.3587687161851817,0.18548969353427647,-0.49307998289262056
ROS1-14-0031,2023-09-17,0.29054739784718747,0.14281763179911747,-0.37403756550602013
ROS1-15-0025,2023-09-17,0.20449363203629445,0.0942747279312539,-0.32594839873736553
ROS1-22-0002,2023-09-17,0.3221470900822207,0.18540785688518158,-0.4545799020721809
ROS1-15-0013,2023-10-03,0.3130629942508977,0.1513076392766015,-0.40116317628379533
ROS1-22-0022,2023-10-03,0.26500025090945534,0.16488832992318264,-0.42081046382482684
ROS1-15-0025,2023-10-03,0.20299206339984593,0.08165733314770468,-0.31921040941726764
ROS1-22-0002,2023-10-03,0.28750306443522156,0.16771153975945202,-0.4179025945843794
ROS1-15-0013,2023-10-19,0.2890020560860511,0.13481295025935802,-0.3800417334345226
ROS1-14-0031,2023-10-19,0.22532209234020747,0.11116400680021739,-0.31228886711742987
ROS1-07-0020,2023-04-10,0.578091973357959,0.29512873313009996,-0.541171629316155
ROS1-08-0025,2023-04-10,0.3643461839233713,0.1677203990299026,-0.39730841704643893
ROS1-07-0031,2023-04-10,0.4028942184275626,0.1965396452840904,-0.39163979296534995
ROS1-14-0031,2023-04-10,0.22324543229822025,0.10549420474587995,-0.2922385943357971
ROS1-01-0044,2023-04-26,0.431066680141444,0.20814699590015723,-0.44032778722751326
ROS1-07-0020,2023-04-26,0.708744887497665,0.452305857995137,-0.6481522861392298
ROS1-08-0025,2023-04-26,0.6064013424028104,0.2741276715842877,-0.5567592966311807
ROS1-01-0009,2023-04-26,0.5155910282815296,0.2178108811093694,-0.4761912424459954
ROS1-07-0031,2023-04-26,0.6701186720476053,0.28765463665114815,-0.5647031945056088
ROS1-14-0031,2023-04-26,0.27831318645878134,0.08779156229190725,-0.3459630826314262
ROS1-01-0044,2023-05-12,0.6877755983494654,0.47654229278441823,-0.5843947928167132
ROS1-07-0020,2023-05-12,0.7197605108438174,0.5108446645834553,-0.6609359645250853
ROS1-08-0025,2023-05-12,0.7396129668976132,0.4484373876594103,-0.6492968335139453
ROS1-01-0009,2023-05-12,0.6319537987298106,0.3518486079175743,-0.5384323121284307
ROS1-07-0031,2023-05-12,0.7740163643692681,0.41248642856503687,-0.6462440793943696
ROS1-14-0031,2023-05-12,0.449745039169637,0.19117700915082686,-0.43870810625201984
ROS1-01-0044,2023-05-28,0.7912634609464434,0.6111905536196275,-0.6671731963060719
ROS1-07-0020,2023-05-28,0.6119706704201787,0.5022760211024566,-0.5679382962218791
ROS1-08-0025,2023-05-28,0.8640976120928076,0.5219760352865219,-0.7064661312193629
ROS1-07-0031,2023-05-28,0.7876103348480001,0.4842414730535493,-0.7033948620175783
ROS1-01-0044,2023-07-15,0.5729357151358093,0.35013758653553295,-0.58330093396287
ROS1-07-0020,2023-07-15,0.5189064815108643,0.33694906443708733,-0.5504181484449411
ROS1-08-0025,2023-07-15,0.5321974158846061,0.11597888758496173,-0.5994531953956239
ROS1-01-0009,2023-07-15,0.4907434610536171,0.29418325318411637,-0.5118776996123936
ROS1-07-0031,2023-07-15,0.5924378003068052,0.4050815527669686,-0.5873283381751213
ROS1-14-0031,2023-07-15,0.5842703874129032,0.45497383399968483,-0.5481057578844281
ROS1-07-0020,2023-07-31,0.4583296576999782,0.3491733892032908,-0.5372601807702333
ROS1-01-0009,2023-07-31,0.3989999896123657,0.2516893961480899,-0.46789344250635073
ROS1-07-0031,2023-07-31,0.28109278628975476,0.16994078831425738,-0.41649374377734394
ROS1-14-0031,2023-07-31,0.42160988598975313,0.25367007730788343,-0.5016136899329788
ROS1-01-0044,2023-08-16,0.23081128576849433,0.13776626485651716,-0.34722696229728517
ROS1-07-0020,2023-08-16,0.3876022908456655,0.26360557617527863,-0.4392168266172525
ROS1-08-0025,2023-08-16,0.3178916204800475,0.2045798147392275,-0.4083607288794358
ROS1-01-0009,2023-08-16,0.46131890375867507,0.26139293065254465,-0.49821939426788625
ROS1-07-0031,2023-08-16,0.42685986778583773,0.27037614060514936,-0.4924534471032767
ROS1-14-0031,2023-08-16,0.3152036718877758,0.20518798016337503,-0.41835060597495854
ROS1-07-0031,2023-09-01,0.2322181566361482,0.11643236157289119,-0.3222014146960993
ROS1-14-0031,2023-09-01,0.3730770553547566,0.26472499671277655,-0.43493167130428917
ROS1-01-0044,2023-09-17,0.21454339853529933,0.11109864036684725,-0.3149792695792987
ROS1-07-0020,2023-09-17,0.3517661236235957,0.16203448937699558,-0.4125919978831853
ROS1-08-0025,2023-09-17,0.22893204515648907,0.07617753049137316,-0.3228537050360247
ROS1-01-0009,2023-09-17,0.2526096397106714,0.07533980124580408,-0.33095931155368935
ROS1-07-0031,2023-09-17,0.23982109372465304,0.08070182987758702,-0.32558568650561764
ROS1-14-0031,2023-09-17,0.28993305733864555,0.14247065501768727,-0.37321056690880056
ROS1-01-0044,2023-10-03,0.22224316461230775,0.13226575459632475,-0.30339676253729697
ROS1-07-0020,2023-10-03,0.2981569803540642,0.16106283295358914,-0.3515163087102988
ROS1-08-0025,2023-10-03,0.20874884878879565,0.07218216868273508,-0.2936056398630912
ROS1-07-0031,2023-10-03,0.22650127446439622,0.09727296172418255,-0.2913047235777516
ROS1-01-0044,2023-10-19,0.3504053508546158,0.19633513457709206,-0.40980249633621424
ROS1-07-0020,2023-10-19,0.23332626119442562,0.09347801896787084,-0.3460777806472357
ROS1-08-0025,2023-10-19,0.204083999173109,0.0694757261902189,-0.30513815968675206
ROS1-01-0009,2023-10-19,0.2090223926510361,0.0681108599403145,-0.28807230176038595
ROS1-07-0031,2023-10-19,0.21612323376761658,0.06482612628041316,-0.32339039428075933
ROS1-14-0031,2023-10-19,0.20668858179512786,0.09047726661679206,-0.2930829521491158
ROS1-01-0044,2023-04-10,0.3144305282387868,0.14181198313818663,-0.35237165942345205
ROS1-01-0044,2023-04-26,0.43279423443314496,0.20813550879440607,-0.44381514531365773
ROS1-01-0044,2023-05-12,0.6895054554251239,0.47662664750659395,-0.5868293291099754
ROS1-01-0044,2023-05-28,0.7891237045611509,0.6134986941700085,-0.6660990684383624
ROS1-01-0044,2023-07-15,0.5733649524542638,0.35031181842074693,-0.5844385839762902
ROS1-01-0044,2023-08-16,0.23160711665586714,0.13777613235513353,-0.34829146955020346
ROS1-01-0044,2023-09-17,0.21531907981563608,0.11153922970900433,-0.31609438410169793
ROS1-01-0044,2023-10-03,0.22191494852871863,0.13227195861587202,-0.3033036858363181
ROS1-01-0044,2023-10-19,0.3514073118340351,0.1967445799401228,-0.4108750346212569
ROS1-01-0009,2023-04-17,0.3604213428603383,0.1566731526570044,-0.39492525039356247
ROS1-01-0009,2023-05-03,0.5675363861014445,0.28583099691881936,-0.5187069320394678
ROS1-01-0009,2023-05-19,0.6954446951981045,0.42556880831058913,-0.5982413768577116
ROS1-01-0009,2023-06-04,0.7933226389909641,0.4805529849911842,-0.6777854888327566
ROS1-01-0009,2023-06-20,0.6905391962256995,0.41608226048133345,-0.6281005028773105
ROS1-01-0009,2023-07-06,0.4473310946125068,0.24160134961154225,-0.5220923301029556
ROS1-01-0009,2023-07-22,0.35113411457633853,0.2117745629294989,-0.45382639300090055
ROS1-01-0009,2023-08-07,0.43053628136778843,0.2442603773854273,-0.4902238366041885
ROS1-01-0009,2023-08-23,0.3700652322793486,0.1724789509096112,-0.4526159026788268
ROS1-01-0009,2023-09-08,0.2607519522339883,0.09468466068340572,-0.34691939562288104
ROS1-01-0009,2023-09-24,0.21976589598664184,0.06837282212485848,-0.3157813606424299
ROS1-01-0009,2023-10-10,0.2256867225279705,0.0607577898634421,-0.32521382924453834
