anon_polygon_id,date,landsat_ndvi,landsat_evi,landsat_ndwi
ROS1-49-0001,2018-04-16,0.1650822323307294,0.10217103648512232,-0.27753438339584396
ROS1-49-0002,2018-04-16,0.35821647228771,0.24302080842745852,-0.4309326131250441
ROS1-49-0001,2018-05-02,0.17291870398607448,0.08900189556168434,-0.32183156535518714
ROS1-50-0003,2018-05-02,0.17495954992453375,0.09261937376991623,-0.3271425239663614
ROS1-49-0002,2018-05-02,0.7125904212807822,0.5293599579488198,-0.6874256954666097
ROS1-49-0001,2018-05-18,0.160654632789273,0.08573728762384866,-0.3064819198630252
ROS1-50-0003,2018-05-18,0.15132040516675424,0.08554942591323814,-0.297844398605565
ROS1-49-0002,2018-05-18,0.6341650930653017,0.4669473514137372,-0.6314617514664108
ROS1-49-0001,2018-06-03,0.1836209712196072,0.09872504438623106,-0.33218921133349816
ROS1-50-0003,2018-06-03,0.14418620513565913,0.08022988397213936,-0.30433169674805255
ROS1-49-0002,2018-06-03,0.39260009507695215,0.2552956623038648,-0.5276219389591488
ROS1-49-0001,2018-06-19,0.17338884783463146,0.06683114373765454,-0.30452996793550946
ROS1-50-0003,2018-06-19,0.12693811745470707,0.07557002067752178,-0.2876860027335312
ROS1-49-0002,2018-06-19,0.20318931468583212,0.13782013678493288,-0.4058838787773982
ROS1-50-0003,2018-07-05,0.13780109506209975,0.08429182833217115,-0.2876406802192883
ROS1-49-0001,2018-07-21,0.10718772353023781,0.041529001032725575,-0.2004873437219882
ROS1-50-0003,2018-07-21,0.12754823054304928,0.07794031762673,-0.28455525586417135
ROS1-49-0001,2018-08-06,0.13558577590713167,0.08386089701599468,-0.28554585699400853
ROS1-50-0003,2018-08-06,0.13347527088106872,0.08055595661919514,-0.279697473808041
ROS1-49-0002,2018-08-06,0.16915251663824424,0.11596368412268225,-0.30281675774598993
ROS1-50-0003,2018-08-22,0.13096131249656612,0.07356432537504749,-0.28762345405656026
ROS1-49-0001,2018-09-07,0.13222064801449057,0.06531132172504978,-0.2394040995602593
ROS1-49-0002,2018-09-07,0.12869432463045405,0.07270703284824659,-0.2608695283286557
ROS1-49-0001,2018-09-23,0.13116168480097068,0.08432655750462166,-0.2904372983713127
ROS1-50-0003,2018-09-23,0.1421460685751122,0.07857576257773621,-0.2931431442143274
ROS1-49-0002,2018-09-23,0.1388011029343135,0.09105539138284419,-0.2852772845627508
ROS1-49-0001,2018-10-09,0.21044684809657377,0.13747723232153933,-0.3346160701033314
ROS1-49-0002,2018-10-09,0.18062852860205714,0.12508589855611643,-0.2936951495754077
ROS1-36-0007,2018-05-02,0.5672598502753774,0.3890877090019403,-0.5728614107877322
ROS1-42-0010,2018-05-02,0.18666171558202943,0.08962550607039028,-0.32682478815727584
ROS1-42-0009,2018-05-02,0.16028553453162542,0.08418044519604878,-0.3182477660329926
ROS1-36-0007,2018-05-18,0.3787063307260022,0.2717581474048007,-0.45241513053290544
ROS1-42-0010,2018-05-18,0.22725690095055534,0.12190553591027475,-0.34954864172411004
ROS1-42-0009,2018-05-18,0.15607604382359697,0.08694943567895029,-0.31195156348532527
ROS1-36-0007,2018-06-03,0.16237841598325647,0.09645207928783735,-0.3114845824913394
ROS1-42-0010,2018-06-03,0.18594399549029605,0.09968846170129016,-0.3253489931515488
ROS1-42-0009,2018-06-03,0.1466130993361946,0.07880685875568609,-0.30197527481255565
ROS1-36-0007,2018-06-19,0.12727419601184853,0.07559568731583365,-0.2896044869125508
ROS1-42-0010,2018-06-19,0.15732084951834424,0.08677065680152814,-0.30583903165144094
ROS1-42-0009,2018-06-19,0.14046840972086197,0.0813568350054854,-0.2862424243183057
ROS1-36-0007,2018-07-05,0.14918991328235448,0.08498542062442509,-0.2618879499744721
ROS1-42-0010,2018-07-05,0.15226242939916276,0.07497200938870362,-0.24816475884353395
ROS1-42-0009,2018-07-05,0.11330220837418316,0.054576591264998475,-0.21578959521475097
ROS1-36-0007,2018-07-21,0.14577437491533085,0.09048938059753188,-0.29729033564171226
ROS1-42-0009,2018-07-21,0.11058677950239548,0.052699730543648446,-0.17833913491545164
ROS1-42-0010,2018-08-06,0.15285397973180798,0.08920572629815686,-0.288471742751129
ROS1-42-0009,2018-08-06,0.1963179799487312,0.13316792377157524,-0.32802058954256613
ROS1-42-0010,2018-08-22,0.17533336476123312,0.10976021627790918,-0.3143117327864005
ROS1-42-0009,2018-08-22,0.14385694226520915,0.07844539794199275,-0.29399929300765104
ROS1-36-0007,2018-09-23,0.12397038540785761,0.06786571003112064,-0.27521846894501967
ROS1-42-0010,2018-09-23,0.14537158094545896,0.07367238701267598,-0.2818326754948535
ROS1-42-0009,2018-09-23,0.13274906041787649,0.06872447657434452,-0.28035025527916657
ROS1-36-0007,2018-10-09,0.14122480421106706,0.04076751644289833,-0.18414742451154537
ROS1-42-0009,2018-10-09,0.12151696001230997,0.11408124262366395,-0.21161456645348345
ROS1-31-0022,2018-04-07,0.16258530796001466,0.0870597493244622,-0.2824411805528921
ROS1-37-0031,2018-04-07,0.6742583696138158,0.49129329277642536,-0.638154353274843
ROS1-38-0004,2018-04-07,0.15271982045883686,0.07948549556342059,-0.24804154601653017
ROS1-44-0000,2018-04-07,0.1455035327615683,0.0872808711686979,-0.22231008712790673
ROS1-49-0001,2018-04-07,0.1548919958357301,0.07337793829588023,-0.2752983823784356
ROS1-31-0033,2018-04-07,0.16505448061861325,0.08312337098186039,-0.27596008126861066
ROS1-32-0029,2018-04-07,0.3879336999978286,0.2482443804323615,-0.4193636706122731
ROS1-42-0009,2018-04-07,0.15571527576897295,0.09203121485856389,-0.2735613859142057
ROS1-49-0002,2018-04-07,0.21944188161926048,0.10372915185511944,-0.2876069861710093
ROS1-31-0022,2018-05-25,0.38719102591785653,0.22038024881732945,-0.43085361423788743
ROS1-37-0031,2018-05-25,0.8585777050677359,0.8041642406635157,-0.8069009298860909
ROS1-38-0004,2018-05-25,0.21184740752908365,0.1077132916892887,-0.3342530332229577
ROS1-44-0000,2018-05-25,0.17528527683573436,0.09156429832375619,-0.3094845660921851
ROS1-49-0001,2018-05-25,0.14700037383078782,0.07673752681374534,-0.28564364781548596
ROS1-31-0033,2018-05-25,0.48377287658376344,0.3346824111989334,-0.5234057314652433
ROS1-32-0029,2018-05-25,0.8378228400448229,0.6603455766999476,-0.7833659053060943
ROS1-37-0046,2018-05-25,0.6938157464191584,0.6271567797365614,-0.6699195444455335
ROS1-42-0009,2018-05-25,0.15943815124743232,0.08261650825287892,-0.3041983363416547
ROS1-43-0017,2018-05-25,0.18063993210683862,0.09231882934037301,-0.29137568302199707
ROS1-49-0002,2018-05-25,0.5101152146597893,0.34483959401961106,-0.5708602926071924
ROS1-31-0022,2018-06-10,0.3905928286091191,0.1795719762031264,-0.3013445301096499
ROS1-43-0026,2018-06-10,0.14016827984559174,0.10897201442516143,-0.24360364377409263
ROS1-49-0001,2018-06-10,0.1410068066848384,0.07720481836124557,-0.28694533045162834
ROS1-37-0046,2018-06-10,0.5183283475155358,0.381107361416825,-0.5742481144944042
ROS1-42-0009,2018-06-10,0.1349767538553641,0.06709879918918414,-0.28407836375713763
ROS1-43-0017,2018-06-10,0.13177008507003565,0.0558427934658926,-0.13247297943217845
ROS1-49-0002,2018-06-10,0.28467264744250614,0.1718689700042018,-0.4529240354414733
ROS1-31-0022,2018-06-26,0.43261571779999786,0.28401429093088165,-0.4516776784762635
ROS1-37-0031,2018-06-26,0.30631766036169783,0.22317096785285234,-0.5030068856040163
ROS1-38-0004,2018-06-26,0.12635588224437905,0.06726646074293657,-0.24211549609987343
ROS1-44-0000,2018-06-26,0.13502042667398764,0.07731124667325996,-0.279313382582846
ROS1-49-0001,2018-06-26,0.13005856940355642,0.06997367377914242,-0.2838723928223827
ROS1-50-0003,2018-06-26,0.1303982449797404,0.07396400630698334,-0.28724712224321247
ROS1-37-0046,2018-06-26,0.19759182884923532,0.17390511887812107,-0.38132055865774755
ROS1-42-0009,2018-06-26,0.13708340816385498,0.07155459474544651,-0.28985909763684614
ROS1-49-0002,2018-06-26,0.21395977625470522,0.13463279526276214,-0.4190332884712713
ROS1-31-0022,2018-07-12,0.33951999608419686,0.2177715087885555,-0.3888830252467491
ROS1-37-0031,2018-07-12,0.2051713714865965,0.1636175484736233,-0.407851755261079
ROS1-50-0003,2018-07-12,0.12988818834361038,0.0766878416859146,-0.27307083275022204
ROS1-31-0033,2018-07-12,0.13425024923979004,0.07159494837370436,-0.264828431790235
ROS1-32-0029,2018-07-12,0.12523965016745642,0.07917221224167438,-0.2543554890761787
ROS1-42-0009,2018-07-12,0.14077722278795016,0.0815901996783163,-0.2859977435541087
ROS1-49-0002,2018-07-12,0.13962345508090873,0.10290464340495124,-0.2372635055925597
ROS1-31-0022,2018-07-28,0.40911364269060735,0.24887669203926707,-0.4401216655995187
ROS1-37-0031,2018-07-28,0.12562507021907923,0.115157370683008,-0.24212712712443132
ROS1-49-0001,2018-07-28,0.13359717638662238,0.05738263193475263,-0.21962815397688581
ROS1-37-0046,2018-07-28,0.11151557378954202,0.0788116787687916,-0.2504053671899035
ROS1-42-0009,2018-07-28,0.19094950482261192,0.1299091035451602,-0.32061654002219275
ROS1-37-0031,2018-08-13,0.13800185021680908,0.10715268568179333,-0.2813490701113628
ROS1-32-0029,2018-08-13,0.15197567318974578,0.09124873827133836,-0.2700609992513272
ROS1-31-0022,2018-08-29,0.14122541255167984,0.07687363659443645,-0.2678025631122982
ROS1-37-0031,2018-08-29,0.14448833500915942,0.10622851860666142,-0.31348367140733086
ROS1-38-0004,2018-08-29,0.1334115703879535,0.07850778947145069,-0.26062766047524066
ROS1-43-0026,2018-08-29,0.12918121986353295,0.07013441116890519,-0.27458329669478043
ROS1-44-0000,2018-08-29,0.13209003535373645,0.07799574668364076,-0.26573222409290176
ROS1-49-0001,2018-08-29,0.14274943580316163,0.06990601417761089,-0.28083224270822016
ROS1-50-0003,2018-08-29,0.13290760579313998,0.07147134344212062,-0.28022428406642713
ROS1-31-0033,2018-08-29,0.09017504923532745,0.06361040120143925,-0.16151708117436225
ROS1-32-0029,2018-08-29,0.14088594939231905,0.08236700198809407,-0.2647337962153796
ROS1-37-0046,2018-08-29,0.11333528768228165,0.08478542897351274,-0.2552433410442353
ROS1-42-0009,2018-08-29,0.13662644255950707,0.07041347523044669,-0.2890500512614218
ROS1-49-0002,2018-08-29,0.14369157134543079,0.09361690613281061,-0.29961221367210844
ROS1-38-0004,2018-09-14,0.13349341175273705,0.06545861471586684,-0.2671629541028791
ROS1-43-0026,2018-09-14,0.13568007138022023,0.06996898148181116,-0.28288805962224134
ROS1-44-0000,2018-09-14,0.12709767615285542,0.06860662285979684,-0.2771009466362179
ROS1-49-0001,2018-09-14,0.15363070734412293,0.07278177223125597,-0.3076095409560132
ROS1-50-0003,2018-09-14,0.12749909270863696,0.06451537454547909,-0.2796022571446757
ROS1-32-0029,2018-09-14,0.1252712779320402,0.08805094264888413,-0.21678279308405118
ROS1-37-0046,2018-09-14,0.10227809564449951,0.07816365729336225,-0.21613906519253176
ROS1-42-0009,2018-09-14,0.14062273509344383,0.06661356531021645,-0.29059587774722684
ROS1-43-0017,2018-09-14,0.14661574605211672,0.08258208625675027,-0.28284787764265845
ROS1-49-0002,2018-09-14,0.1340692136596383,0.07853850014321899,-0.2839658376660795
ROS1-37-0031,2018-10-16,0.13847758589775125,0.09165079761922643,-0.29606851107392024
ROS1-38-0004,2018-10-16,0.31649403163087625,0.16230039831738863,-0.3901390398367935
ROS1-43-0026,2018-10-16,0.20862615862189504,0.11917379073953674,-0.32496905529690223
ROS1-44-0000,2018-10-16,0.18399057579298292,0.09893649387812788,-0.30286175399577697
ROS1-50-0003,2018-10-16,0.24170450186077688,0.1288519993816638,-0.35895579228671576
ROS1-31-0033,2018-10-16,0.16834380185597483,0.07654782635198022,-0.2768081287044607
ROS1-32-0029,2018-10-16,0.12895894810044198,0.06831920858311645,-0.25280582509477506
ROS1-43-0017,2018-10-16,0.13598668828630953,0.07004681034119276,-0.2544641427867832
ROS1-36-0007,2018-04-07,0.3672220787552217,0.24479994985166822,-0.43314348843377243
ROS1-42-0010,2018-04-07,0.16163570256869766,0.08937128170787352,-0.2808110238510857
ROS1-30-0015,2018-04-07,0.1858738058201976,0.09215721259479771,-0.23769922644712477
ROS1-36-0006,2018-04-07,0.24538501220898867,0.12852904262522816,-0.3291614475988329
ROS1-25-0032,2018-04-07,0.17644752306506642,0.09554535606666444,-0.2893388044340629
ROS1-30-0015,2018-04-23,0.3667389508911969,0.16886301504191392,-0.4174419119545569
ROS1-36-0006,2018-04-23,0.4177574365929048,0.19635871393884574,-0.4414367732459472
ROS1-36-0007,2018-05-25,0.21206053015807982,0.12475890121514528,-0.3586540258195479
ROS1-42-0010,2018-05-25,0.2552679031379235,0.12344720440315163,-0.36910824195391834
ROS1-36-0006,2018-05-25,0.5783184870925452,0.36499658308785343,-0.5817982368972034
ROS1-42-0009,2018-05-25,0.15938219891573455,0.08248432192617902,-0.30659965674307754
ROS1-30-0002,2018-06-10,0.2499991774296721,0.14111166249112644,-0.27914052448812854
ROS1-36-0007,2018-06-10,0.13396046474032786,0.07336313471408837,-0.28626921075219786
ROS1-42-0010,2018-06-10,0.188946748312301,0.12270028766521056,-0.2955321132636561
ROS1-30-0015,2018-06-10,0.5905210280589969,0.4435187349465734,-0.5988785688860638
ROS1-42-0009,2018-06-10,0.1374033051997368,0.06841538208833173,-0.2852454425594916
ROS1-36-0007,2018-06-26,0.12572972304976407,0.07452654041472974,-0.27608788378137084
ROS1-42-0010,2018-06-26,0.1475901598705384,0.08254542227019605,-0.28887097328512645
ROS1-30-0015,2018-06-26,0.21461347499882996,0.12876536657024287,-0.36847126539722164
ROS1-36-0006,2018-06-26,0.2096100388301644,0.13461881804570047,-0.386022697528135
ROS1-42-0009,2018-06-26,0.13741320620263459,0.07154920577368254,-0.28974873157469744
ROS1-25-0032,2018-06-26,0.4172523234823843,0.2729577941222885,-0.4799323837409993
ROS1-30-0002,2018-07-12,0.1465521107082679,0.0789688514682784,-0.2801246104542204
ROS1-36-0007,2018-07-12,0.13340069979949284,0.08840789752867045,-0.28095584274341245
ROS1-30-0015,2018-07-12,0.1470919273587948,0.11346889053965399,-0.3183346819219027
ROS1-36-0006,2018-07-12,0.14387634658282947,0.10560595476211264,-0.28252950889256423
ROS1-42-0009,2018-07-12,0.14056078140201875,0.08185565342456569,-0.2830336267557715
ROS1-36-0007,2018-07-28,0.14889653766628705,0.08706274408154115,-0.29291291250975227
ROS1-42-0010,2018-07-28,0.1384218296575028,0.08791728477486865,-0.2594233680118509
ROS1-30-0015,2018-07-28,0.13206026912229693,0.09846876538527208,-0.2921123173560143
ROS1-36-0006,2018-07-28,0.13316684990920777,0.09011869428368761,-0.2715189634303364
ROS1-42-0009,2018-07-28,0.18886846770304275,0.12858968945048926,-0.3182767849992123
ROS1-25-0032,2018-08-13,0.348293369388262,0.22463002114164912,-0.4006922696555135
ROS1-30-0002,2018-08-29,0.12969951441572178,0.06488273941149303,-0.24809356267701763
ROS1-36-0007,2018-08-29,0.13461738968646092,0.07292887189905727,-0.28640804498267686
ROS1-42-0010,2018-08-29,0.1452133859373934,0.07591271590522815,-0.28534340806566033
ROS1-30-0015,2018-08-29,0.12013043230411283,0.08966842547162657,-0.27699657506295694
ROS1-36-0006,2018-08-29,0.12339841115752122,0.06238413327671727,-0.23699375627262512
ROS1-42-0009,2018-08-29,0.13589968558578813,0.07064833563348909,-0.2856002580613561
ROS1-25-0032,2018-08-29,0.21607143060626455,0.14741652982091577,-0.30641510156215446
ROS1-36-0007,2018-09-14,0.1331911307408026,0.07670854834733577,-0.2802374572118545
ROS1-42-0010,2018-09-14,0.15485662580848678,0.08271643996982748,-0.30627777438658144
ROS1-42-0009,2018-09-14,0.14244568603458255,0.06792672495804407,-0.2908214258411857
ROS1-36-0007,2018-09-30,0.11898528067678549,0.09988094742332768,-0.22879448757783694
ROS1-42-0010,2018-09-30,0.11449633126628689,0.09216381294891673,-0.20779126559091055
ROS1-42-0009,2018-09-30,0.13342583788254678,0.07905251842572474,-0.27122823301754045
ROS1-30-0002,2018-10-16,0.1314392708780471,0.06152847196984011,-0.2570643143596309
ROS1-36-0007,2018-10-16,0.1677646542267277,0.09469141071050377,-0.3154916372407632
ROS1-30-0015,2018-10-16,0.10611611703456526,0.06880249552197604,-0.23092730590111446
ROS1-36-0006,2018-10-16,0.144214747518447,0.07541679530582175,-0.26488593905846247
ROS1-25-0032,2018-10-16,0.15020022407370892,0.06847051767681597,-0.2667878569448715
ROS1-29-0003,2018-04-14,0.44462845637815085,0.19910172414108307,-0.5098877281273082
ROS1-29-0003,2018-04-30,0.6124404903479225,0.3077769414469222,-0.6352216318415495
ROS1-29-0003,2018-05-16,0.8246979699302108,0.5472099379739184,-0.7858092092985274
ROS1-29-0003,2018-07-03,0.26469567554514084,0.15340673978807626,-0.4711306632717896
ROS1-29-0003,2018-07-19,0.14195544172548252,0.07496812457644927,-0.2663047655952251
ROS1-29-0003,2018-08-04,0.222078156929285,0.08692008876385718,-0.36716656442369133
ROS1-29-0003,2018-08-20,0.235925458847692,0.0990556193266604,-0.3600130641049837
ROS1-29-0003,2018-09-05,0.20374374339430404,0.09201873203037017,-0.32134250807513826
ROS1-29-0003,2018-09-21,0.416497726517336,0.19399482113998548,-0.4812859764573197
ROS1-29-0003,2018-10-07,0.7436199000221978,0.43522353139211467,-0.691957041557497
ROS1-27-0019,2018-04-14,0.2685217493866947,0.12237156943806735,-0.3637808683523628
ROS1-28-0002,2018-04-14,0.1506740828013763,0.06168465895126419,-0.2716358943806374
ROS1-29-0003,2018-04-14,0.4260204453919035,0.19229247421808157,-0.4695896571593199
ROS1-33-0020,2018-04-14,0.5580205377754295,0.3233228478088298,-0.5840241027284887
ROS1-21-0010,2018-04-14,0.4306105791647196,0.23603450812895307,-0.4814699459263857
ROS1-27-0013,2018-04-14,0.529211848837894,0.30811563883945725,-0.5561094973767103
ROS1-28-0015,2018-04-14,0.1719742793301165,0.07225140004146526,-0.2822670527411936
ROS1-33-0013,2018-04-14,0.15054029288260265,0.05848805773193742,-0.27252851866106986
ROS1-27-0019,2018-04-30,0.35674860941267345,0.17210545837368849,-0.4217866195259874
ROS1-28-0002,2018-04-30,0.17152937049774353,0.07706512229838798,-0.2980507494955872
ROS1-29-0003,2018-04-30,0.5978310145910585,0.30133728867862586,-0.6046571022113902
ROS1-33-0020,2018-04-30,0.7044997708976884,0.4099027931590137,-0.6845517038324833
ROS1-21-0010,2018-04-30,0.6096065769921492,0.3642166032588612,-0.6077872381256924
ROS1-27-0013,2018-04-30,0.7106278398222564,0.4294310163550443,-0.6874451694860424
ROS1-28-0015,2018-04-30,0.18919638761166027,0.08455052773462254,-0.31953368906911234
ROS1-33-0013,2018-04-30,0.17719483420604698,0.07642495121244658,-0.30774727208165564
ROS1-27-0019,2018-05-16,0.5078640645593713,0.3104006800868197,-0.5016531901271618
ROS1-28-0002,2018-05-16,0.22809810313299944,0.14230498068058114,-0.3153033617045277
ROS1-29-0003,2018-05-16,0.8159397711883567,0.5424516777323374,-0.7643728387144457
ROS1-33-0020,2018-05-16,0.7695155521125772,0.5170195181287517,-0.7342024269546678
ROS1-21-0010,2018-05-16,0.7320128979488816,0.5309411215449535,-0.6769583407283878
ROS1-27-0013,2018-05-16,0.8099025152971377,0.5422311235534796,-0.7659712193717783
ROS1-28-0015,2018-05-16,0.2586920520416186,0.1559391381642572,-0.3567815472642381
ROS1-33-0013,2018-05-16,0.22855669122024413,0.11526554635680618,-0.345166361409928
ROS1-27-0019,2018-06-01,0.5035660693105931,0.284078636017288,-0.5226652762913876
ROS1-28-0002,2018-06-01,0.1951774805809655,0.089961821491765,-0.3196020264056932
ROS1-33-0020,2018-06-01,0.7872640061571421,0.5204606010771132,-0.7590561126377614
ROS1-21-0010,2018-06-01,0.7243147056659837,0.4746305351263407,-0.7126657807514504
ROS1-27-0013,2018-06-01,0.8092623604090387,0.5665940048393009,-0.7743962746740733
ROS1-28-0015,2018-06-01,0.20998489618575505,0.10754328538293498,-0.3409129763390176
ROS1-33-0013,2018-06-01,0.18395226025290046,0.08271816404647529,-0.32580987912287696
ROS1-27-0019,2018-07-03,0.21524693915504042,0.13860210349647092,-0.3598076223469024
ROS1-28-0002,2018-07-03,0.5423733761279159,0.33594741150391594,-0.5406571804794864
ROS1-29-0003,2018-07-03,0.24944739689543569,0.14514230519196655,-0.4407711340188491
ROS1-33-0020,2018-07-03,0.21823573006780636,0.19253478031527754,-0.3313900072993861
ROS1-28-0015,2018-07-03,0.587915964384606,0.4343661125559567,-0.5706564109162925
ROS1-28-0002,2018-07-19,0.7028613047009855,0.5572299332836468,-0.6279662015138094
ROS1-29-0003,2018-07-19,0.1326730040577453,0.06934909437563073,-0.24828835598757945
ROS1-21-0010,2018-07-19,0.13172972351499512,0.13066107415208134,-0.18835418191205813
ROS1-28-0015,2018-07-19,0.6368686932705804,0.42316304105757246,-0.5865990721568363
ROS1-27-0019,2018-08-04,0.3614326923010779,0.26271804606965016,-0.41542019332194513
ROS1-28-0002,2018-08-04,0.6880789384600577,0.5388821718031592,-0.6302967841824848
ROS1-29-0003,2018-08-04,0.1940996597929973,0.07776559560778573,-0.30371978988743337
ROS1-21-0010,2018-08-04,0.27041945555994723,0.16943759393771057,-0.3506450930928039
ROS1-27-0013,2018-08-04,0.1955995055335194,0.14636416121347137,-0.30565608024465996
ROS1-28-0015,2018-08-04,0.6024834264914384,0.1509504385170702,-0.460493540458107
ROS1-27-0019,2018-08-20,0.20825662881225174,0.10317290909580273,-0.3151327783649844
ROS1-28-0002,2018-08-20,0.6001134100569752,0.4220116885564656,-0.5300663777861402
ROS1-29-0003,2018-08-20,0.2185618763082669,0.09151898579023914,-0.32650670771251367
ROS1-33-0020,2018-08-20,0.3741733906370783,0.2506383378271253,-0.45114426115881723
ROS1-21-0010,2018-08-20,0.16913306810695702,0.08463367226534772,-0.2804053396156216
ROS1-27-0013,2018-08-20,0.2793723491733301,0.19650140549145384,-0.38091260791164167
ROS1-28-0015,2018-08-20,0.36606246024604605,0.21469068544509987,-0.3914755272836566
ROS1-33-0013,2018-08-20,0.15211399741753848,0.07279647788411245,-0.2695330570094183
ROS1-28-0002,2018-09-05,0.2556196812364789,0.1658498015994418,-0.3242502101570585
ROS1-29-0003,2018-09-05,0.19398316592716605,0.08814647995040997,-0.29840329593057213
ROS1-33-0020,2018-09-05,0.3038517074861946,0.155463167399266,-0.36996330668317295
ROS1-21-0010,2018-09-05,0.13328405506860633,0.06131419742499371,-0.22017623778318143
ROS1-28-0015,2018-09-05,0.20667017423265982,0.11087078537534746,-0.3198007668825818
ROS1-27-0019,2018-09-21,0.18869125074181128,0.09344451713525516,-0.3080558687148473
ROS1-28-0002,2018-09-21,0.21681853363629833,0.09518987450518533,-0.3471337962186903
ROS1-29-0003,2018-09-21,0.39814589987830956,0.18678513134846952,-0.4442983273030594
ROS1-33-0020,2018-09-21,0.32233934043916557,0.2039576955700779,-0.42911296061862547
ROS1-21-0010,2018-09-21,0.15502715442776974,0.07419002711172429,-0.2850440825683147
ROS1-28-0015,2018-09-21,0.20971669134834936,0.0961533064475308,-0.3363236132546082
ROS1-33-0013,2018-09-21,0.19599263989448248,0.0857157317579872,-0.30276910941264484
ROS1-27-0019,2018-10-07,0.3544379459810402,0.17281231212608128,-0.4004852634749497
ROS1-28-0002,2018-10-07,0.20635406978621285,0.10217872404189682,-0.3332167533285023
ROS1-29-0003,2018-10-07,0.731617506389644,0.43104113654591625,-0.6681968408961015
ROS1-33-0020,2018-10-07,0.20535865034153794,0.06973322207937414,-0.30599191846672746
ROS1-21-0010,2018-10-07,0.15058301452263337,0.06928157788177669,-0.2831058794902947
ROS1-27-0013,2018-10-07,0.1660455457387457,0.055777202417038346,-0.2829663434760117
ROS1-28-0015,2018-10-07,0.19773900585668217,0.0625537359877214,-0.28814824750515294
ROS1-33-0013,2018-10-07,0.5050395139285613,0.24834720999738424,-0.4905942993860389
ROS1-19-0012,2018-04-14,0.17728387983241684,0.0658504478455179,-0.2927890332350482
ROS1-20-0038,2018-04-14,0.168537755804551,0.05982205619871357,-0.26757505632636347
ROS1-21-0003,2018-04-14,0.27510097404248457,0.11822095022093101,-0.34012269350951824
ROS1-25-0012,2018-04-14,0.18654667242106346,0.0678945994555513,-0.2967763283111705
ROS1-26-0018,2018-04-14,0.4494581278938905,0.25326918997903486,-0.49351287879802597
ROS1-30-0002,2018-04-14,0.155336524189246,0.08755175470131751,-0.28151930132294495
ROS1-31-0022,2018-04-14,0.1604931904566806,0.06899788596313405,-0.28836812924908406
ROS1-32-0025,2018-04-14,0.15653692505305114,0.08236295979568564,-0.28398218611732523
ROS1-37-0031,2018-04-14,0.7813143001724558,0.6015360294079687,-0.7429199550086456
ROS1-38-0004,2018-04-14,0.16085526794510321,0.06879984640972146,-0.30534024242079444
ROS1-13-0000,2018-04-14,0.18465455712417753,0.07179219047318783,-0.27478069896673873
ROS1-25-0018,2018-04-14,0.5345860617851949,0.2616333029039593,-0.5254480231964297
ROS1-26-0030,2018-04-14,0.16356526696696277,0.06313122732393375,-0.26892953096641975
ROS1-30-0015,2018-04-14,0.27237889408261035,0.12316256701408301,-0.3789109777047908
ROS1-31-0033,2018-04-14,0.16710664547328627,0.07493608750656915,-0.29753575443293045
ROS1-32-0029,2018-04-14,0.5598422574001964,0.33397786428503073,-0.564537242780958
ROS1-36-0006,2018-04-14,0.3301912518072304,0.1526328064169921,-0.38888783645362973
ROS1-19-0018,2018-04-14,0.5026761637794552,0.2986066985698347,-0.512567899552048
ROS1-20-0026,2018-04-14,0.3137529711819631,0.18139825199948223,-0.3965841457851519
ROS1-25-0032,2018-04-14,0.17268750873646554,0.07344107136458797,-0.28929635410662
ROS1-19-0012,2018-04-30,0.19999628321441165,0.08214973641134306,-0.3035679732495112
ROS1-20-0038,2018-04-30,0.1844532943377296,0.07352980529367334,-0.2951304907159197
ROS1-21-0003,2018-04-30,0.45414265252771574,0.19449006333100008,-0.4635171811605758
ROS1-25-0012,2018-04-30,0.20321763894922643,0.08351403762154494,-0.31995111163031037
ROS1-26-0018,2018-04-30,0.568945992619484,0.30564969957499555,-0.58174511235496
ROS1-30-0002,2018-04-30,0.19880528339527265,0.11584289729326394,-0.3208977446430011
ROS1-31-0022,2018-04-30,0.17802525703773525,0.07994080981373203,-0.3075751370735084
ROS1-32-0025,2018-04-30,0.18157181950301388,0.08642332281542076,-0.3096485087203721
ROS1-37-0031,2018-04-30,0.9137596683226373,0.739615108464506,-0.857417226896529
ROS1-38-0004,2018-04-30,0.16606785467490182,0.07204381856079355,-0.30743472060556765
ROS1-13-0000,2018-04-30,0.3081111179869298,0.14589582565906536,-0.36379487048786713
ROS1-25-0018,2018-04-30,0.771267607169797,0.4802125567341885,-0.7022445015416146
ROS1-26-0030,2018-04-30,0.24023636000746137,0.10690422281277523,-0.32699546997356715
ROS1-30-0015,2018-04-30,0.5389885025517211,0.2794865507276688,-0.5564147634221063
ROS1-31-0033,2018-04-30,0.1865568192178989,0.0758331582902639,-0.3286986862815277
ROS1-32-0029,2018-04-30,0.7778363156579133,0.5186415839988853,-0.7283864152689773
ROS1-36-0006,2018-04-30,0.484566063350019,0.24307143519389557,-0.5147929247345092
ROS1-19-0018,2018-04-30,0.6596920808098995,0.40868747138697137,-0.6286301381112277
ROS1-20-0026,2018-04-30,0.4554962633546164,0.24457418344435936,-0.4823189839026763
ROS1-25-0032,2018-04-30,0.18898349426361905,0.08746441177733354,-0.3101218203233782
ROS1-19-0012,2018-05-16,0.2240553586766102,0.09663680270732851,-0.32063287939949214
ROS1-20-0038,2018-05-16,0.24803778636038298,0.11197585460097932,-0.35727347873842236
ROS1-21-0003,2018-05-16,0.6518980049083207,0.3498829010090745,-0.5694787212823398
ROS1-25-0012,2018-05-16,0.26415018732290824,0.11463127099883368,-0.36028634638538143
ROS1-26-0018,2018-05-16,0.6817163008077365,0.4346419602073874,-0.6471849709968343
ROS1-30-0002,2018-05-16,0.28970203385994203,0.15963454577234645,-0.3780465126517356
ROS1-31-0022,2018-05-16,0.2544961412730536,0.12195490590118588,-0.3599989438402136
ROS1-32-0025,2018-05-16,0.20295734332860854,0.1006208781551423,-0.32539406457392867
ROS1-37-0031,2018-05-16,0.9118374224823603,0.8631148102976857,-0.8577887536513847
ROS1-13-0000,2018-05-16,0.41347492733332003,0.3995674872534689,-0.4035157961404035
ROS1-25-0018,2018-05-16,0.7888423794686408,0.549923975363341,-0.7261265895082293
ROS1-26-0030,2018-05-16,0.5552052891554962,0.29626534237871255,-0.5096366713127091
ROS1-31-0033,2018-05-16,0.22017374241538806,0.09993743778842944,-0.34894312315496084
ROS1-32-0029,2018-05-16,0.8591809668791357,0.6523675783216502,-0.8061152696713474
ROS1-19-0018,2018-05-16,0.8244279051103408,0.5768402475327239,-0.7524095289318464
ROS1-20-0026,2018-05-16,0.5738667672107389,0.35212951585878544,-0.5648097594611594
ROS1-25-0032,2018-05-16,0.20629947628688072,0.10238314130286667,-0.3276860497818085
ROS1-20-0038,2018-06-01,0.296660696319595,0.15630297598932605,-0.37986863539041893
ROS1-21-0003,2018-06-01,0.5872393610827331,0.28539604946852404,-0.5502205883169518
ROS1-25-0012,2018-06-01,0.43815859861411616,0.3010525187399136,-0.45988335099185784
ROS1-32-0025,2018-06-01,0.17346756700947696,0.09355256009076493,-0.30426612705382294
ROS1-38-0004,2018-06-01,0.1663060689930066,0.0858629824091522,-0.29801537710254533
ROS1-13-0000,2018-06-01,0.6892910049434566,0.5355716735137787,-0.6062815974020364
ROS1-26-0030,2018-06-01,0.6802585260168693,0.4665835692010208,-0.6306037128863805
ROS1-32-0029,2018-06-01,0.7645154600259905,0.6812455335611715,-0.7337785958560783
ROS1-19-0018,2018-06-01,0.8161846034382361,0.612720521166832,-0.7721508868188354
ROS1-13-0000,2018-07-03,0.17418410778052454,0.10182528475719231,-0.2968730443875468
ROS1-26-0030,2018-07-03,0.18021464358463749,0.1340830106629585,-0.34675035958885186
ROS1-20-0026,2018-07-03,0.18825970206906853,0.12231830366286983,-0.33111857119925175
ROS1-20-0038,2018-07-19,0.19255528807324493,0.15837973875064718,-0.23406306737659757
ROS1-37-0031,2018-07-19,0.14996776472457546,0.1016570272221878,-0.3220495050028889
ROS1-13-0000,2018-07-19,0.12221621823059267,0.11382130630584555,-0.1554900440326493
ROS1-31-0033,2018-07-19,0.1265639030176377,0.07117575554817705,-0.2442227844126328
ROS1-20-0026,2018-07-19,-0.150817904594542,1.3279023256872247,0.09275096974486927
ROS1-19-0012,2018-08-20,0.14851712780596574,0.06736092902336047,-0.26252211302809275
ROS1-20-0038,2018-08-20,0.2757323952240543,0.14652331408187455,-0.35451134119937544
ROS1-21-0003,2018-08-20,0.16303488471826344,0.060086335398769626,-0.2547853669500226
ROS1-25-0012,2018-08-20,0.29661373598626406,0.16030018600003207,-0.38731645937272097
ROS1-26-0018,2018-08-20,0.401806558207595,0.2772597884334774,-0.44850532007724236
ROS1-30-0002,2018-08-20,0.12905347127944242,0.06076589185739971,-0.26189111641954316
ROS1-31-0022,2018-08-20,0.1478840975509466,0.07471977322274753,-0.27919954594611385
ROS1-32-0025,2018-08-20,0.15066090464390805,0.08157416892231208,-0.279668332338797
ROS1-37-0031,2018-08-20,0.15811798567500276,0.10944679936017597,-0.3312524729102025
ROS1-38-0004,2018-08-20,0.1316541658059381,0.06564418705756697,-0.27305159449119243
ROS1-13-0000,2018-08-20,0.13691655028035946,0.06534286084997483,-0.22711300084430353
ROS1-25-0018,2018-08-20,0.14215626403981463,0.07398267152570237,-0.26370913511023736
ROS1-26-0030,2018-08-20,0.27651227999935896,0.18682563324129803,-0.3678485550550462
ROS1-30-0015,2018-08-20,0.12233986230655901,0.08878609724860424,-0.28393602603526197
ROS1-31-0033,2018-08-20,0.1427809989824239,0.06780474422644589,-0.2819893304309808
ROS1-32-0029,2018-08-20,0.13876106033387614,0.07362536831402676,-0.2663256881225031
ROS1-19-0018,2018-08-20,0.11554841279647232,0.07759203698772293,-0.23138825008167374
ROS1-20-0026,2018-08-20,0.2718760870594355,0.19444415759833894,-0.3741077585321616
ROS1-25-0032,2018-08-20,0.3025446735434399,0.1737544012050216,-0.3723775921480591
ROS1-19-0012,2018-09-05,0.14310553721405259,0.06918465344726511,-0.23977570915055413
ROS1-21-0003,2018-09-05,0.13808747923141124,0.06897666432527029,-0.17836880231772922
ROS1-25-0012,2018-09-05,0.22435294132097197,0.12643687576209972,-0.34596353468997
ROS1-30-0002,2018-09-05,0.1322704844380596,0.062321194753585996,-0.2623267688122244
ROS1-31-0022,2018-09-05,0.14640823217676524,0.07698128922489728,-0.26791507763763733
ROS1-32-0025,2018-09-05,0.15806428514340157,0.10093824766423279,-0.28377109526187344
ROS1-37-0031,2018-09-05,0.15113130626293247,0.10792414750030982,-0.3241267640984442
ROS1-13-0000,2018-09-05,0.13114458535488788,0.06396209798425921,-0.21627199164039912
ROS1-25-0018,2018-09-05,0.12906329745158296,0.06947105849982366,-0.24354576706938014
ROS1-26-0030,2018-09-05,0.1300102676571845,0.09283432327971336,-0.2333570195343462
ROS1-30-0015,2018-09-05,0.12417529592021898,0.08924626968297793,-0.2886350684290234
ROS1-31-0033,2018-09-05,0.13819849558858444,0.0661992965780264,-0.25952493962738704
ROS1-32-0029,2018-09-05,0.15029127219720248,0.0827627232848299,-0.27490635927669266
ROS1-36-0006,2018-09-05,0.12248850805761845,0.05926452241710249,-0.24660732435458307
ROS1-19-0018,2018-09-05,0.1089922639343716,0.07100710344039755,-0.221691820144228
ROS1-25-0032,2018-09-05,0.2158002838992186,0.11982015145006995,-0.3328065671444174
ROS1-19-0012,2018-09-21,0.14854892403108486,0.06230187562005035,-0.23837836255279382
ROS1-20-0038,2018-09-21,0.18502467378256574,0.08906653086570267,-0.2939367867122349
ROS1-21-0003,2018-09-21,0.14751145728382534,0.04670592725949951,-0.2086347816287928
ROS1-25-0012,2018-09-21,0.18354592768738268,0.0922631650087071,-0.30765750977709033
ROS1-26-0018,2018-09-21,0.14977460552054234,0.07754559876890788,-0.271820160716626
ROS1-30-0002,2018-09-21,0.1369742819518677,0.059672661929901935,-0.2594713247103592
ROS1-31-0022,2018-09-21,0.1425844279777108,0.06512454742819423,-0.2766441033190736
ROS1-32-0025,2018-09-21,0.1514250709315342,0.09140080150267914,-0.2876350448163762
ROS1-37-0031,2018-09-21,0.1575591566912675,0.10848966273254022,-0.33325879469035274
ROS1-13-0000,2018-09-21,0.15398843947686766,0.06378371096099748,-0.2538453891809568
ROS1-25-0018,2018-09-21,0.12943718015221367,0.06509361843313229,-0.2538576940933269
ROS1-26-0030,2018-09-21,0.12759620475160613,0.0630469025045948,-0.2467738647106376
ROS1-30-0015,2018-09-21,0.11205416779785536,0.07695606577931206,-0.25230304803737896
ROS1-31-0033,2018-09-21,0.138661034292413,0.05938712583908374,-0.26030213414878883
ROS1-32-0029,2018-09-21,0.12708041315062849,0.06530687284773395,-0.2507338921395628
ROS1-36-0006,2018-09-21,0.13751350688364167,0.06511176972841459,-0.26101329743079227
ROS1-19-0018,2018-09-21,0.11744751112291685,0.07322952530760923,-0.23424876519710774
ROS1-20-0026,2018-09-21,0.22651460290017797,0.13112540843573922,-0.3244309205873218
ROS1-25-0032,2018-09-21,0.20157799469275384,0.10225185081205787,-0.30841377409427384
ROS1-19-0012,2018-10-07,0.16082643659084986,0.05977997006911291,-0.2735983461128531
ROS1-20-0038,2018-10-07,0.2053868308107231,0.09195554221880343,-0.3212164931519206
ROS1-21-0003,2018-10-07,0.1550962609714324,0.04575759940340405,-0.23382905866721795
ROS1-25-0012,2018-10-07,0.18187713263580368,0.08065375472480245,-0.3077679091386328
ROS1-26-0018,2018-10-07,0.1983625858810225,0.09562192353061902,-0.30192891598196014
ROS1-30-0002,2018-10-07,0.16332291695413542,0.0673442598385607,-0.3086276777256007
ROS1-31-0022,2018-10-07,0.16867844523751213,0.07281139715488581,-0.31307860878303145
ROS1-32-0025,2018-10-07,0.18157298982031303,0.08113371320923539,-0.2986170138694769
ROS1-37-0031,2018-10-07,0.13565914504869142,0.08761100613370683,-0.2943353570957474
ROS1-38-0004,2018-10-07,0.266974552619114,0.11979193910158116,-0.3646862959282572
ROS1-13-0000,2018-10-07,0.2953700497145743,0.11490225592973785,-0.33038534177164386
ROS1-25-0018,2018-10-07,0.14838187955164023,0.07794808273492249,-0.2776456470020798
ROS1-26-0030,2018-10-07,0.14255579554241793,0.06619834413084848,-0.26632404098586027
ROS1-30-0015,2018-10-07,0.110820151433968,0.07173319354490781,-0.2452529138817317
ROS1-31-0033,2018-10-07,0.17229700921972535,0.06941009612919943,-0.31538697612309224
ROS1-32-0029,2018-10-07,0.14235399834021073,0.06994111324904065,-0.26857511973555304
ROS1-36-0006,2018-10-07,0.16508436514234176,0.07579586766456327,-0.29217404808087455
ROS1-19-0018,2018-10-07,0.13183048877830716,0.07091519650699413,-0.25587247188696893
ROS1-20-0026,2018-10-07,0.2407699604729731,0.13339149087885507,-0.33689173590414495
ROS1-25-0032,2018-10-07,0.18530451486402744,0.07568921404097062,-0.3157700743293365
ROS1-18-0027,2018-04-14,0.16873584025396027,0.08050399334254345,-0.2742575126808549
ROS1-24-0030,2018-04-14,0.615818020857314,0.39504113158371734,-0.5840242439175621
ROS1-30-0002,2018-04-14,0.1579229907630389,0.08923375132774763,-0.28481993753187496
ROS1-13-0000,2018-04-14,0.18899762026569653,0.07332261107583186,-0.2816958863229882
ROS1-18-0014,2018-04-14,0.6637179497067558,0.41033760694000165,-0.6188131077376016
ROS1-24-0024,2018-04-14,0.30274506259511924,0.1664808997892076,-0.39000036745367256
ROS1-30-0015,2018-04-14,0.2742813818196528,0.12472912100395436,-0.37911964058191594
ROS1-36-0006,2018-04-14,0.3446015515887984,0.16064445977876754,-0.4140552130796035
ROS1-19-0018,2018-04-14,0.509784449478463,0.30162637713315343,-0.5206731774357097
ROS1-24-0018,2018-04-14,0.49792893117327097,0.3064904186105671,-0.5204474492045781
ROS1-25-0032,2018-04-14,0.176138729413982,0.07467536721486741,-0.2953420123466002
ROS1-18-0027,2018-04-30,0.1911131032797239,0.08191416245651359,-0.2995717672014489
ROS1-24-0030,2018-04-30,0.6957125360962966,0.44713096297812766,-0.6429453269507374
ROS1-30-0002,2018-04-30,0.19580506143933776,0.11358676040235882,-0.3188588366957334
ROS1-13-0000,2018-04-30,0.3017880032066951,0.144140228571187,-0.3572573742456347
ROS1-18-0014,2018-04-30,0.8170648334827635,0.5837862698223285,-0.7404653535898307
ROS1-24-0024,2018-04-30,0.34489447646422644,0.2317586956661639,-0.42194556398698174
ROS1-30-0015,2018-04-30,0.537182460135732,0.2781202510756004,-0.5546724697380382
ROS1-36-0006,2018-04-30,0.4837241867351751,0.24191616683823558,-0.5126470758956206
ROS1-19-0018,2018-04-30,0.6558746769968228,0.4066292386989542,-0.6238547074514317
ROS1-24-0018,2018-04-30,0.8042393905887044,0.5824790138550413,-0.7464518969421619
ROS1-25-0032,2018-04-30,0.18438818183232608,0.08494968994795672,-0.3054651898846899
ROS1-18-0027,2018-05-16,0.27226804222636924,0.13025289316634767,-0.3452244605671844
ROS1-24-0030,2018-05-16,0.7175972687421822,0.46352240694145297,-0.6723034920981167
ROS1-30-0002,2018-05-16,0.2888605627692447,0.159558649381567,-0.3760713042506433
ROS1-13-0000,2018-05-16,0.41538559520268264,0.4008855251835616,-0.4047022393411399
ROS1-18-0014,2018-05-16,0.8346012417903454,0.6580939976179014,-0.759317203404155
ROS1-24-0024,2018-05-16,0.35964434308597437,0.23088631941715376,-0.4411868756071526
ROS1-19-0018,2018-05-16,0.8228016989505376,0.5768921896787499,-0.752210521324166
ROS1-24-0018,2018-05-16,0.890708953723183,0.7391711875165106,-0.8236313388614511
ROS1-25-0032,2018-05-16,0.20569637986076314,0.10310385781534924,-0.3229087217984666
ROS1-13-0000,2018-06-01,0.6892542332959098,0.5391630601773202,-0.6070553203480585
ROS1-19-0018,2018-06-01,0.8187817983052739,0.6167267972947698,-0.7765379159307401
ROS1-13-0000,2018-07-03,0.17568319549096437,0.10237991844898041,-0.2986590530909007
ROS1-18-0014,2018-07-03,0.16586840029961997,0.10809099176606761,-0.23337917343812822
ROS1-18-0014,2018-08-04,0.1628985370895509,0.11170390740297063,-0.23502532818744304
ROS1-19-0018,2018-08-04,0.12789064911916634,0.08669640537921498,-0.24495406274936288
ROS1-25-0032,2018-08-04,0.2783696594573757,0.20655201612166324,-0.29050667898764726
ROS1-18-0027,2018-08-20,0.22654880199160937,0.13501539357000958,-0.3736514311993875
ROS1-24-0030,2018-08-20,0.13370270302889023,0.07725476263859428,-0.25107051187263224
ROS1-30-0002,2018-08-20,0.13167556517159681,0.062026402776977616,-0.2634355468033256
ROS1-13-0000,2018-08-20,0.14751472579106076,0.07030611327963095,-0.23568333189008275
ROS1-18-0014,2018-08-20,0.13267579023892143,0.06762584485157254,-0.21276542294295686
ROS1-24-0024,2018-08-20,0.15628514894425646,0.08212996354866417,-0.26623030832123445
ROS1-30-0015,2018-08-20,0.12419745564265629,0.09021456707933585,-0.28612365241009835
ROS1-19-0018,2018-08-20,0.11631208177785117,0.07814556649741816,-0.23271569744140552
ROS1-24-0018,2018-08-20,0.12246324263833747,0.07665883052464938,-0.25813743199358397
ROS1-25-0032,2018-08-20,0.304795189535579,0.1745554507387243,-0.3760904399925589
ROS1-18-0027,2018-09-05,0.13417673200028468,0.07810254204231315,-0.25331930285720405
ROS1-24-0030,2018-09-05,0.12291366637596518,0.06540487840893294,-0.23793008999206622
ROS1-30-0002,2018-09-05,0.1358372161497591,0.06375162822815486,-0.26558895517366565
ROS1-13-0000,2018-09-05,0.12808927067640868,0.06339470366650718,-0.20886833750468875
ROS1-18-0014,2018-09-05,0.12136019502865544,0.06926392662369271,-0.19266973065557924
ROS1-24-0024,2018-09-05,0.13583267095806043,0.07172247060415853,-0.2389045789133008
ROS1-30-0015,2018-09-05,0.12070120551768077,0.0858977877578158,-0.2923024709554231
ROS1-36-0006,2018-09-05,0.12466981576081217,0.06016814326007464,-0.25033229603015666
ROS1-19-0018,2018-09-05,0.11105368877364652,0.07236431552116791,-0.22564198926690787
ROS1-24-0018,2018-09-05,0.10832751391644063,0.06854669994684619,-0.24474203514358533
ROS1-25-0032,2018-09-05,0.21668492702495254,0.1205528246141409,-0.3327412760108556
ROS1-18-0027,2018-09-21,0.1406487517680068,0.08055326940763731,-0.26229064066924984
ROS1-24-0030,2018-09-21,0.12546441314604764,0.06289376049638301,-0.23765952374872976
ROS1-30-0002,2018-09-21,0.13945780588079087,0.06030598892034919,-0.2677173024030909
ROS1-13-0000,2018-09-21,0.1518122616547411,0.06315232180841315,-0.2509009206541901
ROS1-18-0014,2018-09-21,0.14498261525552167,0.06812790636612753,-0.22283779668726922
ROS1-24-0024,2018-09-21,0.1579223395013488,0.07652373822062333,-0.2637289060548817
ROS1-30-0015,2018-09-21,0.1160494550113669,0.07991681478049088,-0.2538729522943678
ROS1-36-0006,2018-09-21,0.14128467930596791,0.0662381131397347,-0.2654575963107176
ROS1-19-0018,2018-09-21,0.11697347317985722,0.07285978158943977,-0.23470479579994294
ROS1-24-0018,2018-09-21,0.11290049146250333,0.06927425715930356,-0.24605755024028883
ROS1-25-0032,2018-09-21,0.19896929778717257,0.10088083233588266,-0.3054523807470096
ROS1-18-0027,2018-10-07,0.14702865864070708,0.0657518618680862,-0.26999797242613355
ROS1-24-0030,2018-10-07,0.1355777064655084,0.06330072860249511,-0.25252706039388517
ROS1-30-0002,2018-10-07,0.15901951812363394,0.06545794642801896,-0.30407568709260124
ROS1-13-0000,2018-10-07,0.29076806866505617,0.11328763384512221,-0.3253520409167571
ROS1-18-0014,2018-10-07,0.14699098705558905,0.06421504186082738,-0.23371599594681775
ROS1-24-0024,2018-10-07,0.1706287182360678,0.0765288715875208,-0.28606096913699225
ROS1-30-0015,2018-10-07,0.10902802075732275,0.07077957806056409,-0.24284628206459113
ROS1-36-0006,2018-10-07,0.16368869081595622,0.07533668945735762,-0.2891133803792578
ROS1-19-0018,2018-10-07,0.13060615839493758,0.07053956140900791,-0.25416538050522186
ROS1-24-0018,2018-10-07,0.10743924602004072,0.06303314272289788,-0.23252720877633853
ROS1-25-0032,2018-10-07,0.18166785475742156,0.07410337419689374,-0.31062499344538985
ROS1-30-0015,2018-10-23,0.05036006270608365,0.03556124964512254,-0.06884762733881744
ROS1-22-0014,2018-04-21,0.1791452515472649,0.07137021271405138,-0.28913897928459487
ROS1-29-0003,2018-04-21,0.4902605706568176,0.2092367485923898,-0.5466834886117691
ROS1-29-0005,2018-04-21,0.6450652807866161,0.38237065365003187,-0.6498389080978709
ROS1-22-0014,2018-05-07,0.23501711708287978,0.09893514877926267,-0.3485268013014055
ROS1-29-0003,2018-05-07,0.7112126002105537,0.4382588429837054,-0.6880939649208346
ROS1-29-0005,2018-05-07,0.8020366935471523,0.5633985714300528,-0.7632587745733539
ROS1-22-0014,2018-06-08,0.24518329785755166,0.08993570746350642,-0.3622055244543194
ROS1-29-0005,2018-06-08,0.6572690605135973,0.42001151779558127,-0.6628074961833247
ROS1-29-0005,2018-06-24,0.2939238895236269,0.18761228985769926,-0.45296148758281257
ROS1-22-0014,2018-07-10,0.6714566788664339,0.4323309041116797,-0.6415149548312707
ROS1-29-0003,2018-07-10,0.17901887511983977,0.1363184931431319,-0.3670508865975714
ROS1-22-0014,2018-08-27,0.6032437301828083,0.39543054156519014,-0.549344820656331
ROS1-29-0003,2018-08-27,0.19448340796543845,0.07899697386042685,-0.32958875763131923
ROS1-29-0005,2018-08-27,0.21758728532854787,0.08041248275037079,-0.35667808113766736
ROS1-22-0014,2018-09-12,0.3108750816927672,0.1663178834981548,-0.4251864191161164
ROS1-29-0003,2018-09-12,0.26255487893830237,0.11274626747419808,-0.3697230364796411
ROS1-29-0005,2018-09-12,0.20207675400057115,0.07485586325776185,-0.3326730197406992
ROS1-22-0014,2018-09-28,0.30132465728556423,0.12811082384485797,-0.4341755345707923
ROS1-29-0003,2018-09-28,0.6089165127090671,0.31219924258180104,-0.5956700903330352
ROS1-29-0005,2018-09-28,0.20585465969474023,0.07529598606261745,-0.3601620852046199
ROS1-22-0014,2018-10-14,0.25651694481651227,0.1414322158070427,-0.3999831995776844
ROS1-29-0003,2018-10-14,0.7583448706396791,0.4915806278211876,-0.7094377954807184
ROS1-29-0005,2018-10-14,0.19296263916377004,0.07582722866981689,-0.3207027150527592
ROS1-22-0014,2018-04-21,0.15451546645986972,0.06302865065057413,-0.2362771376346549
ROS1-28-0002,2018-04-21,0.16431144374672066,0.06955367051842755,-0.279952876703392
ROS1-33-0020,2018-04-21,0.4441744650333376,0.15213422673414284,-0.42233864504146085
ROS1-15-0013,2018-04-21,0.43350809586314437,0.38103899421277415,-0.4547826285747639
ROS1-21-0010,2018-04-21,0.39922262404188646,0.23083720325650758,-0.4516023054381445
ROS1-22-0022,2018-04-21,0.3021133005715981,0.1514787675830455,-0.3777081758635882
ROS1-27-0013,2018-04-21,0.5163480346160804,0.2926917523112681,-0.5341422871750285
ROS1-28-0015,2018-04-21,0.18254887644946058,0.08291867520774202,-0.2888667654813012
ROS1-15-0025,2018-04-21,0.21811005998478677,0.08709002735816776,-0.31167525222869585
ROS1-21-0037,2018-04-21,0.18600229841398755,0.06779231913026539,-0.3120112983893995
ROS1-22-0002,2018-04-21,0.16243739106707894,0.09855688913960152,-0.2650333910511554
ROS1-22-0014,2018-05-07,0.22064943944166507,0.09479204792595078,-0.3107516192252325
ROS1-27-0019,2018-05-23,0.3986505203951369,0.364171262705768,-0.4021675905628722
ROS1-33-0020,2018-05-23,0.27806997441229653,0.47726479776875286,-0.2830924316824154
ROS1-21-0010,2018-05-23,0.358021342180106,0.5091708448210007,-0.35490355719808864
ROS1-22-0014,2018-06-08,0.22534116473418941,0.08311801378299372,-0.3188173210228374
ROS1-27-0019,2018-06-08,0.5031184336672684,0.13551418485901612,-0.45932931229200613
ROS1-28-0002,2018-06-08,0.18476054901993003,0.07241777055279768,-0.25311582175361824
ROS1-15-0013,2018-06-08,0.5783571330674776,0.31848286223916467,-0.5826487284823377
ROS1-21-0010,2018-06-08,0.5655792713573942,0.39150570603706564,-0.5751283982858131
ROS1-15-0025,2018-06-08,0.28863765739420355,0.13407452843507395,-0.3509457153979832
ROS1-21-0037,2018-06-08,0.40165145902137755,0.20877734776569237,-0.4328109121242293
ROS1-22-0002,2018-06-08,0.22796279930268257,0.11746528464449492,-0.3377380969376643
ROS1-27-0019,2018-06-24,0.24250541396316824,0.18503921356543437,-0.34245420149935063
ROS1-33-0020,2018-06-24,0.2804073626888769,0.2030465963970837,-0.4229100106296684
ROS1-22-0022,2018-06-24,0.3062414367531856,0.2659901611318882,-0.41139942143313324
ROS1-28-0015,2018-06-24,0.3918360950345135,0.3245456881385785,-0.41490454391638376
ROS1-21-0003,2018-07-10,0.21628779128956677,0.12506093281568625,-0.3667306487571335
ROS1-22-0014,2018-07-10,0.6623533064394477,0.42767116364011765,-0.6188686337201438
ROS1-27-0019,2018-07-10,0.20000007409290277,0.11411534581434224,-0.35776063064568053
ROS1-28-0002,2018-07-10,0.5917029976713325,0.33848120035133794,-0.573275459811891
ROS1-15-0013,2018-07-10,0.16085997955489026,0.12357475531960337,-0.3332022664727673
ROS1-21-0010,2018-07-10,0.18638917026073926,0.11417899547571021,-0.37997632536395193
ROS1-22-0022,2018-07-10,0.24156310734809858,0.164050338380375,-0.38345406182872716
ROS1-26-0030,2018-07-10,0.15458719933950102,0.11023294944038273,-0.3122405358497087
ROS1-27-0013,2018-07-10,0.2216447791822468,0.1326416922720864,-0.41222580919336116
ROS1-28-0015,2018-07-10,0.5918434354610794,0.34198951707110314,-0.571750065533596
ROS1-15-0025,2018-07-10,0.20100917598700999,0.08812072805807163,-0.2968611559860602
ROS1-21-0037,2018-07-10,0.5198291773954592,0.30450922603252073,-0.5210761369822073
ROS1-22-0002,2018-07-10,0.19163366870801654,0.10414162385133408,-0.31902210184792784
ROS1-21-0003,2018-08-11,0.2763014709822298,0.10621891353318802,-0.38442366479234313
ROS1-22-0014,2018-08-11,0.7511621406708828,0.5689000445374504,-0.677972707697638
ROS1-27-0019,2018-08-11,0.4140343290433355,0.2506822830581151,-0.47898265614180047
ROS1-28-0002,2018-08-11,0.6526420227931199,0.33075620236711784,-0.5839802475568476
ROS1-33-0020,2018-08-11,0.28901170552985367,0.1863750087885732,-0.41431420550210757
ROS1-15-0013,2018-08-11,0.3679818793346358,0.21961153886521279,-0.44542902528753464
ROS1-21-0010,2018-08-11,0.20002928332730474,0.09089871722114871,-0.3358980766792079
ROS1-22-0022,2018-08-11,0.33439775450585796,0.15637956651280915,-0.41778827644795874
ROS1-26-0030,2018-08-11,0.3786980225103332,0.2310419003739715,-0.4626391775480071
ROS1-27-0013,2018-08-11,0.27599759321938044,0.18638458759452253,-0.38850549230879555
ROS1-28-0015,2018-08-11,0.5379830228837853,0.3380787874081399,-0.5013537591563515
ROS1-15-0025,2018-08-11,0.22617421343820612,0.0975678606501951,-0.3447700212180169
ROS1-21-0037,2018-08-11,0.6456661624686597,0.4019353638703484,-0.6317751320837522
ROS1-22-0002,2018-08-11,0.25543371880117677,0.10680972014371692,-0.3797786074095976
ROS1-21-0003,2018-08-27,0.17411726110447784,0.05891997211940646,-0.2707337273831708
ROS1-22-0014,2018-08-27,0.598918807484664,0.39221263523895555,-0.534894669966596
ROS1-27-0019,2018-08-27,0.19729918281737308,0.09254996652029034,-0.3187518061282782
ROS1-28-0002,2018-08-27,0.47089201957941185,0.2975785967396789,-0.44577734877422814
ROS1-33-0020,2018-08-27,0.35983527128326404,0.23435544675675649,-0.45864336327803323
ROS1-15-0013,2018-08-27,0.18308039664567755,0.08966038431200987,-0.2956646478331417
ROS1-21-0010,2018-08-27,0.1623130280524822,0.07805886300473251,-0.2751347256279024
ROS1-22-0022,2018-08-27,0.19658302587810333,0.09529943398085546,-0.3163140828438982
ROS1-26-0030,2018-08-27,0.2449799118466021,0.15925970409756826,-0.3754807252262595
ROS1-27-0013,2018-08-27,0.26060023570971197,0.1786989509675691,-0.37415901892351516
ROS1-28-0015,2018-08-27,0.2587480583056484,0.13665221946424444,-0.3426938606117812
ROS1-15-0025,2018-08-27,0.20465454761044966,0.08477337171610522,-0.29626138249715395
ROS1-21-0037,2018-08-27,0.41387796090178974,0.25197086408072716,-0.4811217154961913
ROS1-22-0002,2018-08-27,0.22641382574639904,0.09801256453768663,-0.32555488455653664
ROS1-21-0003,2018-09-12,0.16302482824675413,0.05102459661434095,-0.24760022238603616
ROS1-22-0014,2018-09-12,0.2951316221026334,0.16114209154521733,-0.3897087072282099
ROS1-27-0019,2018-09-12,0.19249348109791664,0.09746877680785743,-0.296186360986893
ROS1-28-0002,2018-09-12,0.24177610194096383,0.12304352446367964,-0.3613386758626984
ROS1-15-0013,2018-09-12,0.1533273280518063,0.052364773199036214,-0.25527029637576176
ROS1-21-0010,2018-09-12,0.14856172292873573,0.0692779082662066,-0.2718319048035428
ROS1-22-0022,2018-09-12,0.1982229877475501,0.1105710384437737,-0.31412092265591784
ROS1-28-0015,2018-09-12,0.20892662542378718,0.0997988796870867,-0.35215329853425714
ROS1-15-0025,2018-09-12,0.1924139494731121,0.0744917130917737,-0.26284805018524965
ROS1-21-0037,2018-09-12,0.2586425504112682,0.15056331608673668,-0.41145275594039815
ROS1-22-0002,2018-09-12,0.19893616065111916,0.08230971724544191,-0.29769375686985206
ROS1-21-0003,2018-09-28,0.16679858179578438,0.048998526229675265,-0.2537486358405137
ROS1-22-0014,2018-09-28,0.28759217595201364,0.12315334917286395,-0.40329513475940326
ROS1-27-0019,2018-09-28,0.29314570532838485,0.13981799470467007,-0.36529556090794624
ROS1-28-0002,2018-09-28,0.21157807175554344,0.07149450393510019,-0.3324536326268321
ROS1-33-0020,2018-09-28,0.3481864890564425,0.17724863898262286,-0.4411207682544382
ROS1-15-0013,2018-09-28,0.15486144616528819,0.06831609964974607,-0.2783322936812428
ROS1-21-0010,2018-09-28,0.14998206296070538,0.06609066260643409,-0.2786760226605252
ROS1-22-0022,2018-09-28,0.27790069754992996,0.14645514230951892,-0.3533692668801268
ROS1-26-0030,2018-09-28,0.13736386316336993,0.0647529670649388,-0.2726596638467276
ROS1-27-0013,2018-09-28,0.17950224853046437,0.05946614251629434,-0.2857555539357683
ROS1-15-0025,2018-09-28,0.22549232146965079,0.07563943715421112,-0.30116277805212965
ROS1-21-0037,2018-09-28,0.262929158719041,0.14343056428663192,-0.42740629107588085
ROS1-22-0002,2018-09-28,0.20183078866709012,0.07758488700224132,-0.3105233211437037
ROS1-21-0003,2018-10-14,0.1595009147200408,0.05828765466007857,-0.22482563906313843
ROS1-22-0014,2018-10-14,0.23766331336918708,0.13178359229988218,-0.3647098948755085
ROS1-28-0002,2018-10-14,0.1909157484186054,0.10147712002120694,-0.2753295694942695
ROS1-15-0013,2018-10-14,0.15070098048651565,0.04385994151998008,-0.2446171661950724
ROS1-21-0010,2018-10-14,0.14887126148015548,0.07273130452175654,-0.25945759146827757
ROS1-22-0022,2018-10-14,0.392068114748034,0.27317488150648134,-0.4191095269125685
ROS1-26-0030,2018-10-14,0.16168065299700654,0.0789059560560265,-0.24648030224514764
ROS1-27-0013,2018-10-14,0.16433791099054074,0.0561832612069543,-0.25808019173214275
ROS1-15-0025,2018-10-14,0.30663790698181226,0.14207413528433163,-0.3537283851187203
ROS1-21-0037,2018-10-14,0.15414930493010703,0.0534008338825009,-0.2767855281665263
ROS1-22-0002,2018-10-14,0.3550918662346815,0.17572304499750052,-0.37398362449748834
ROS1-07-0020,2018-04-05,0.15635926682586393,0.08291581760526792,-0.2740289959873836
ROS1-08-0025,2018-04-05,0.3202779537607964,0.12288677295836214,-0.3421689087588844
ROS1-13-0000,2018-04-05,0.16609029624622115,0.05760794574135696,-0.24958608932996798
ROS1-14-0009,2018-04-05,0.15486697535479757,0.05509281012188639,-0.2276131747374132
ROS1-18-0014,2018-04-05,0.28967226894388487,0.18577336116404483,-0.30226864256467706
ROS1-07-0031,2018-04-05,0.40889951569709226,0.21304750890330246,-0.43474877959242786
ROS1-13-0020,2018-04-05,0.6630422804832451,0.4535907600260645,-0.6354434664591512
ROS1-14-0031,2018-04-05,0.1544623106030214,0.045314453744678206,-0.18194929659002834
ROS1-19-0012,2018-04-21,0.19313833248093862,0.08558621702476961,-0.2827058587552576
ROS1-20-0038,2018-04-21,0.17249763054029899,0.08531246697408428,-0.2493651354049733
ROS1-26-0018,2018-04-21,0.3187581730825012,0.17917400136386033,-0.3624221725662995
ROS1-07-0020,2018-04-21,0.19555367263051124,0.09986441070847,-0.3101239975266414
ROS1-08-0025,2018-04-21,0.39258626508672473,0.23831224628634057,-0.40851496007035243
ROS1-14-0009,2018-04-21,0.16904550263664564,0.057667069199435865,-0.25923518585243654
ROS1-20-0017,2018-04-21,0.34984806518118433,0.20024093581216518,-0.3708608226292635
ROS1-07-0031,2018-04-21,0.5348962169150805,0.258598941902525,-0.5168333836814594
ROS1-14-0031,2018-04-21,0.24617810508695795,0.14495685342167314,-0.28802203042172136
ROS1-19-0018,2018-04-21,0.4249958293074433,0.27102092162034264,-0.44337474314550296
ROS1-07-0031,2018-05-07,0.49298398772912355,0.4351109119163826,-0.45972853021534155
ROS1-19-0012,2018-06-08,0.1970057369228936,0.08314178355991042,-0.3064467758168261
ROS1-20-0038,2018-06-08,0.3049076777643253,0.1451751927767381,-0.3869313778584562
ROS1-26-0018,2018-06-08,0.5441828718163807,0.3370713253602984,-0.581791357489644
ROS1-07-0020,2018-06-08,0.4764030201934611,0.28729174142846675,-0.49666361005978205
ROS1-08-0025,2018-06-08,0.6485368874425983,0.425676516007103,-0.6256542714342904
ROS1-13-0000,2018-06-08,0.6592351277764248,0.4340960499236423,-0.5871063137069792
ROS1-14-0009,2018-06-08,0.6486351859314012,0.3767796386675795,-0.6040243007927245
ROS1-18-0014,2018-06-08,0.6950012626603058,0.4663106801013377,-0.6759450428510383
ROS1-19-0004,2018-06-08,0.5901819907892221,0.3727350391796793,-0.5739305786599902
ROS1-20-0017,2018-06-08,0.4798952134922262,0.2886066079539171,-0.5065671063130182
ROS1-07-0031,2018-06-08,0.5529175446403789,0.34166320594814226,-0.5538250563716536
ROS1-13-0020,2018-06-08,0.6502417695329686,0.45137012642516133,-0.6336503739813523
ROS1-19-0018,2018-06-08,0.7204261828734,0.4311095121984962,-0.6977900131899318
ROS1-20-0026,2018-06-08,0.4232144512079075,0.24085449015167765,-0.4889805881074688
ROS1-19-0012,2018-06-24,0.17569475015763952,0.08474895801669383,-0.2713982394223441
ROS1-13-0000,2018-06-24,0.19839294712291872,0.15562504860153328,-0.3310193323505524
ROS1-18-0014,2018-06-24,0.2599303979731501,0.2192459196380975,-0.40902412627497176
ROS1-19-0004,2018-06-24,0.47756973507149325,0.3831586115902888,-0.47991256212749284
ROS1-13-0020,2018-06-24,0.2588670323736821,0.19728101185864794,-0.43206329344779376
ROS1-19-0012,2018-07-10,0.16236111178599386,0.07586101698089513,-0.2571513938517256
ROS1-20-0038,2018-07-10,0.22477861209019334,0.10995922170970385,-0.2834529018627755
ROS1-26-0018,2018-07-10,0.1852611471955416,0.15755685401587244,-0.3235480816802488
ROS1-07-0020,2018-07-10,0.26766813076504425,0.16090140403110417,-0.39330424036863987
ROS1-08-0025,2018-07-10,0.15621706376841724,0.09195789044411648,-0.2889344215428042
ROS1-13-0000,2018-07-10,0.15778167231861037,0.0729250551046272,-0.25984477476348933
ROS1-14-0009,2018-07-10,0.1791543736179974,0.12054091461784082,-0.3185861554908939
ROS1-18-0014,2018-07-10,0.13106748661368872,0.062028918856825724,-0.2071233493216498
ROS1-19-0004,2018-07-10,0.4480793804853929,0.26739618928330955,-0.48979916742986873
ROS1-20-0017,2018-07-10,0.16446711438257383,0.09861195755826258,-0.2932495664937247
ROS1-26-0030,2018-07-10,0.15639144563876925,0.11166896990010111,-0.3145051371087953
ROS1-07-0031,2018-07-10,0.16505760016240262,0.12947054920175494,-0.335901766483633
ROS1-13-0020,2018-07-10,0.1851897305558679,0.1369504715083456,-0.3632968455555704
ROS1-14-0031,2018-07-10,0.3973978057802322,0.2167573832662779,-0.4645372372079336
ROS1-19-0018,2018-07-10,0.16611858910769153,0.13547950142745677,-0.3509842994032886
ROS1-20-0026,2018-07-10,0.19900002180733584,0.16087952858554927,-0.2864989679837966
ROS1-19-0012,2018-07-26,0.1695152929106101,0.08708869066212303,-0.27083237664910714
ROS1-20-0038,2018-07-26,0.30489954424218413,0.20135667427627235,-0.34699879247415005
ROS1-07-0020,2018-07-26,0.2613116318443119,0.16481891311247757,-0.3560734026403253
ROS1-13-0000,2018-07-26,0.18318251522846812,0.09837634678147983,-0.2769651115434514
ROS1-14-0009,2018-07-26,0.19923267783518753,0.13555798540553685,-0.29439440958598895
ROS1-18-0014,2018-07-26,0.15676061491697502,0.08253705196991783,-0.23123097483859772
ROS1-19-0004,2018-07-26,0.4783743425780445,0.27555840616400556,-0.48299354135896844
ROS1-07-0031,2018-07-26,0.1964807563504253,0.1290633606939983,-0.29959151892605534
ROS1-14-0031,2018-07-26,0.4222586772163391,0.22398661080628038,-0.44810160583057634
ROS1-19-0018,2018-07-26,0.1218025788235916,0.10054823570750832,-0.1975487493937318
ROS1-19-0012,2018-08-27,0.12949434193841242,0.05206693704372705,-0.2289564257120837
ROS1-20-0038,2018-08-27,0.24888665450836608,0.12498929170820708,-0.3445972699241635
ROS1-26-0018,2018-08-27,0.39923479763690556,0.2624328995929331,-0.4560287018995828
ROS1-07-0020,2018-08-27,0.201765160022483,0.10502596886275754,-0.30177180577067675
ROS1-08-0025,2018-08-27,0.14009269658520268,0.059545212003454424,-0.21670697387882576
ROS1-13-0000,2018-08-27,0.1382345947183778,0.06513166803744742,-0.23528158727470708
ROS1-14-0009,2018-08-27,0.1423088697519856,0.06627550255111703,-0.24034397642458344
ROS1-18-0014,2018-08-27,0.12293776832517546,0.06705949353807746,-0.19108856766282228
ROS1-19-0004,2018-08-27,0.4216367531641809,0.24463927299907742,-0.47731785382425107
ROS1-20-0017,2018-08-27,0.1573865407719539,0.07009562076156113,-0.2563431284181922
ROS1-26-0030,2018-08-27,0.23757495004768336,0.15483598661728712,-0.3604025663864954
ROS1-13-0020,2018-08-27,0.13553125863792298,0.08291290947710084,-0.2692305208255712
ROS1-14-0031,2018-08-27,0.3174791280555027,0.17587775009593953,-0.39174891723009353
ROS1-19-0018,2018-08-27,0.12300206583380899,0.07333498426218729,-0.2457500271465945
ROS1-20-0026,2018-08-27,0.26209457776467465,0.17957934597541225,-0.3747499280075722
ROS1-20-0038,2018-09-12,0.22738101984502687,0.10843648493266131,-0.3269330548375046
ROS1-07-0020,2018-09-12,0.20312922967195857,0.09994836934645593,-0.3043036436239178
ROS1-08-0025,2018-09-12,0.12863026038818468,0.04882939049452803,-0.2005121927754821
ROS1-14-0009,2018-09-12,0.14480969187812792,0.11343282641987075,-0.2166955325653111
ROS1-19-0004,2018-09-12,0.37511862912011734,0.22325101164799593,-0.4578495802440848
ROS1-20-0017,2018-09-12,0.14677754329155546,0.05999015105762188,-0.2468758695794661
ROS1-07-0031,2018-09-12,0.13840252261112432,0.052699872148920135,-0.21145063145611226
ROS1-14-0031,2018-09-12,0.2659782564726944,0.131083135342519,-0.3477708699906618
ROS1-19-0018,2018-09-12,0.1221350115809084,0.08395110571542402,-0.22786399520407102
ROS1-20-0026,2018-09-12,0.19359636124835095,0.11171507640783485,-0.30581857974145743
ROS1-26-0018,2018-09-28,0.15836279962700317,0.13810413795816057,-0.23340968191102568
ROS1-19-0004,2018-09-28,0.16568535499228698,0.061960214600980876,-0.19482572617501132
ROS1-26-0030,2018-09-28,0.1280338663132804,0.060759761645054644,-0.25272625158439166
ROS1-07-0031,2018-09-28,0.1365877715071845,0.03446346019402725,-0.22110965338491453
ROS1-19-0012,2018-10-14,0.1386666220221977,0.05089029091629945,-0.24451272535655888
ROS1-20-0038,2018-10-14,0.16749891195134867,0.09409254876685946,-0.2771970710515569
ROS1-26-0018,2018-10-14,0.19600417696859268,0.10465819930587657,-0.2859617317192515
ROS1-07-0020,2018-10-14,0.1687509186214617,0.07648199119560221,-0.2695715605856298
ROS1-08-0025,2018-10-14,0.12735211736994564,0.0471628544142023,-0.20275834935605822
ROS1-13-0000,2018-10-14,0.353136707974035,0.14047417306612608,-0.38612505154586996
ROS1-14-0009,2018-10-14,0.12524159984755684,0.05425715797934198,-0.218319788980868
ROS1-18-0014,2018-10-14,0.14168345966428586,0.05921006797969222,-0.23856012291438639
ROS1-19-0004,2018-10-14,0.12280213314430116,0.032334582743150805,-0.16760462852355554
ROS1-20-0017,2018-10-14,0.14111078457673593,0.059207432731908,-0.23101552514270743
ROS1-26-0030,2018-10-14,0.14524419696141258,0.07164769046134793,-0.2158382730868898
ROS1-07-0031,2018-10-14,0.15518304922675547,0.0522232860450725,-0.21831402212657583
ROS1-13-0020,2018-10-14,0.14263887547237508,0.07953299161586572,-0.2850247046540423
ROS1-14-0031,2018-10-14,0.45003848544627373,0.27856271268898736,-0.47365062239839106
ROS1-19-0018,2018-10-14,0.12864789406842717,0.06907759764979435,-0.2449811871696296
ROS1-20-0026,2018-10-14,0.20400059518410235,0.1236027436889026,-0.2945799287101818
ROS1-19-0012,2018-10-30,0.2033443197765209,0.06833803093579649,-0.2901840400182301
ROS1-26-0018,2018-10-30,-0.07293045549433325,-0.608573011179847,0.12194409922439002
ROS1-08-0025,2018-10-30,0.13015719847273147,0.017250229968346315,-0.14417439427919237
ROS1-18-0014,2018-10-30,0.13534587048469512,0.03185815492194423,-0.2545330069355572
ROS1-20-0017,2018-10-30,0.15215072956006737,0.05523062655859217,-0.2151514228583402
ROS1-14-0031,2018-10-30,0.4530762667336068,0.14432154212760356,-0.4353567587018569
ROS1-19-0018,2018-10-30,0.12317713272983116,0.051592110695964186,-0.21309515083217623
ROS1-18-0027,2018-04-05,0.16165477186893085,0.14449464929610184,-0.21308925665804782
ROS1-18-0014,2018-04-05,0.3122231186800403,0.18187231460175457,-0.3344908477661658
ROS1-07-0031,2018-04-05,0.4039923977565302,0.21125858133980785,-0.43039332386401796
ROS1-18-0027,2018-04-21,0.23414096134448764,0.1476661085551362,-0.29571496705257583
ROS1-07-0031,2018-04-21,0.5620098289189253,0.27323354521369986,-0.5370968843411611
ROS1-18-0027,2018-05-23,0.3613134902021809,0.19614463235576257,-0.4066403381446754
ROS1-18-0014,2018-05-23,0.8005202163379571,0.6168598912618979,-0.7447769395633563
ROS1-18-0027,2018-06-08,0.5519959556219673,0.28427670201757604,-0.5444629481537862
ROS1-18-0014,2018-06-08,0.6969685865259453,0.4694159810205151,-0.6775960289138725
ROS1-07-0031,2018-06-08,0.5554992985802863,0.34449104100196115,-0.5570014068531667
ROS1-18-0027,2018-06-24,0.5466550184179652,0.356754417517255,-0.5327618665139313
ROS1-18-0014,2018-06-24,0.2574405483864831,0.21930914311567196,-0.40287361175341274
ROS1-18-0027,2018-07-10,0.47466098858643385,0.28535511821824494,-0.4910262332749895
ROS1-18-0014,2018-07-10,0.1317737170033762,0.06182168071199331,-0.21373897350692506
ROS1-07-0031,2018-07-10,0.16533934222150912,0.1291349419097905,-0.3366539578629131
ROS1-18-0027,2018-07-26,0.43713180321681044,0.23282487281591516,-0.4753004265660429
ROS1-18-0014,2018-07-26,0.1560972463506546,0.08261887443939075,-0.22900845108376838
ROS1-07-0031,2018-07-26,0.19844003069849128,0.1310668815574685,-0.2975507900663192
ROS1-18-0027,2018-08-27,0.22029700847412537,0.12206266952538233,-0.3775148332666673
ROS1-18-0014,2018-08-27,0.11998548341949891,0.06590402896283337,-0.19141570180187842
ROS1-18-0027,2018-09-12,0.1275387929075137,0.09760203771796265,-0.21333375821135772
ROS1-07-0031,2018-09-12,0.14736115158302204,0.05452629436225406,-0.22969457393272283
ROS1-07-0031,2018-09-28,0.1410507067602707,0.03564959715371705,-0.22433453893314745
ROS1-18-0027,2018-10-14,0.14608236630207616,0.06344235505031845,-0.26965394734872766
ROS1-18-0014,2018-10-14,0.14108010122932743,0.05938186972742885,-0.23520607401050456
ROS1-07-0031,2018-10-14,0.14865251863059312,0.049907789624686144,-0.2142367825243602
ROS1-18-0027,2018-10-30,0.17330740217821688,0.07927151774496734,-0.27187635196137694
ROS1-18-0014,2018-10-30,0.12805474627793945,0.030971878141474493,-0.23126096253011527
ROS1-22-0014,2018-04-12,0.17074030120959527,0.049843562635738116,-0.27921931525254384
ROS1-22-0002,2018-04-12,0.17416456698286883,0.08306638432507019,-0.32017109790913245
ROS1-22-0014,2018-04-28,0.14354174634958497,0.13511782040977982,-0.19848853728844537
ROS1-22-0014,2018-05-30,0.22716569795111227,0.0738891526780467,-0.3567503143024771
ROS1-22-0002,2018-05-30,0.3240948006860341,0.16224737604369238,-0.4348069828860069
ROS1-22-0002,2018-06-15,0.4753719769061671,0.25347928266425845,-0.5209262260088365
ROS1-22-0014,2018-07-01,0.5569927916892913,0.27736503008880603,-0.5410418701274894
ROS1-22-0002,2018-07-01,0.2520366232751214,0.12439833725323747,-0.37524362741496053
ROS1-22-0014,2018-08-18,0.7227692457538486,0.5028211331382014,-0.6500162498520308
ROS1-22-0002,2018-08-18,0.2000963403349095,0.07842044287057076,-0.3375688355340475
ROS1-22-0014,2018-09-19,0.31973405877211375,0.12918080493415793,-0.43644732620545457
ROS1-22-0002,2018-09-19,0.21101031657814623,0.07622826946771608,-0.3485469536928996
ROS1-14-0031,2018-04-12,0.2700423948180005,0.1177189732259145,-0.3715332920638681
ROS1-15-0025,2018-04-12,0.17333654093499307,0.08698754664881206,-0.2647810085285079
ROS1-22-0002,2018-04-12,0.1783690776789891,0.08604768870624661,-0.31893782795892195
ROS1-15-0013,2018-04-28,0.8213403047695842,0.5689401632532128,-0.7795443504379163
ROS1-22-0022,2018-04-28,0.3744947296942398,0.2363628991117561,-0.410363701940787
ROS1-14-0031,2018-04-28,0.4562360800246188,0.20208425960917697,-0.47817102871969835
ROS1-15-0025,2018-04-28,0.25078186291722265,0.1041743391597579,-0.35064714615245907
ROS1-15-0013,2018-05-30,0.7880055388403021,0.440056468300946,-0.7504965583780641
ROS1-22-0022,2018-05-30,0.7120265907861107,0.4238714658897061,-0.682036723819699
ROS1-14-0031,2018-05-30,0.7365342420447498,0.3820079468607327,-0.6838583431381007
ROS1-15-0025,2018-05-30,0.23528358802274923,0.09092912963937788,-0.3395913264551639
ROS1-22-0002,2018-05-30,0.3107699683466017,0.15582549975358148,-0.40487853215241637
ROS1-15-0013,2018-06-15,0.43624146651877643,0.21756271945619873,-0.5168564910703904
ROS1-22-0022,2018-06-15,0.4798115706805117,0.2807933307846639,-0.5338360135807699
ROS1-14-0031,2018-06-15,0.6359956935148646,0.3382706437517893,-0.6056038476740471
ROS1-15-0025,2018-06-15,0.44641877826031995,0.24792497101792219,-0.4616114938253825
ROS1-22-0002,2018-06-15,0.4692176161227944,0.2502349409011214,-0.5063004988435681
ROS1-15-0013,2018-07-01,0.22569039361785553,0.16596426170241455,-0.36835496960787734
ROS1-22-0022,2018-07-01,0.27412686746302084,0.1693536391986684,-0.41721349964539167
ROS1-14-0031,2018-07-01,0.47665555732817094,0.2643513583543853,-0.5002374819827106
ROS1-15-0025,2018-07-01,0.2185657589020613,0.08394533108125694,-0.29677113270981115
ROS1-22-0002,2018-07-01,0.24445910343025057,0.12013878659233232,-0.3608986499775797
ROS1-15-0013,2018-07-17,0.12683822224064398,0.05871742785773147,-0.1990918139256007
ROS1-22-0022,2018-07-17,0.2269899639910745,0.15923088967403368,-0.28093779453529827
ROS1-14-0031,2018-07-17,0.3052892836165574,0.1735084139385307,-0.2785673657385181
ROS1-15-0025,2018-07-17,0.24892628432868139,0.08322536423320305,-0.3062816721115992
ROS1-15-0025,2018-08-02,0.2508702233943458,0.11817062956936267,-0.2962646242457914
ROS1-15-0013,2018-08-18,0.20246605002062626,0.08922619746085646,-0.31559047744538676
ROS1-14-0031,2018-08-18,0.3583381905410626,0.1913755863989777,-0.44695262780588185
ROS1-15-0025,2018-08-18,0.19926006607833283,0.08822614468933028,-0.3046288123112345
ROS1-22-0002,2018-08-18,0.18232788803133204,0.07264449595146169,-0.2989516483426515
ROS1-15-0013,2018-09-03,0.17573553948509035,0.05988252156430287,-0.2607096315479905
ROS1-14-0031,2018-09-03,0.3208787915659512,0.18824400080461312,-0.3870110362829769
ROS1-15-0025,2018-09-03,0.2252717677082861,0.10790008909959356,-0.29722629961802305
ROS1-15-0013,2018-09-19,0.15805137456838894,0.06584211442273327,-0.30220136270560827
ROS1-22-0022,2018-09-19,0.21025472969305048,0.1058730545615108,-0.3147385235759195
ROS1-14-0031,2018-09-19,0.3259821982965625,0.13035512651396186,-0.45859423794146864
ROS1-15-0025,2018-09-19,0.21354110544182792,0.06622012860753819,-0.3117086364273551
ROS1-22-0002,2018-09-19,0.19326182796117916,0.07064098279296212,-0.31175490380633875
ROS1-01-0044,2018-04-12,0.5726630111886792,0.316277075515847,-0.5506849886580302
ROS1-07-0020,2018-04-12,0.18154209924967854,0.08231948150535341,-0.28609324600795527
ROS1-08-0025,2018-04-12,0.35591100658600466,0.1840607854589303,-0.3763365170574235
ROS1-01-0009,2018-04-12,0.18812408682615148,0.06798353173135192,-0.24887326000374319
ROS1-07-0031,2018-04-12,0.4257926285130769,0.2056798873177224,-0.44004809669964223
ROS1-14-0031,2018-04-12,0.24335958018360185,0.10830798899509313,-0.3131234647126782
ROS1-01-0044,2018-04-28,0.8067314646893373,0.5098367953193865,-0.7399028036492361
ROS1-07-0020,2018-04-28,0.30896868517725756,0.15188210092754884,-0.3862208555572085
ROS1-08-0025,2018-04-28,0.534477814503422,0.2819496691313471,-0.5271463823222434
ROS1-01-0009,2018-04-28,0.25771577508052274,0.10115748509289886,-0.32044290468819275
ROS1-07-0031,2018-04-28,0.6502142291064211,0.32125273372004903,-0.621771140641392
ROS1-14-0031,2018-04-28,0.4478974281142055,0.1995621384143245,-0.46135087317278434
ROS1-01-0044,2018-05-30,0.8392191386255654,0.6105686401406283,-0.7748985634579101
ROS1-07-0020,2018-05-30,0.5212123227677348,0.29440188058168304,-0.5376296315682801
ROS1-08-0025,2018-05-30,0.6799690087038356,0.39814707694440915,-0.653323336914443
ROS1-01-0009,2018-05-30,0.4143212012087979,0.21202637982364286,-0.43298412867397723
ROS1-07-0031,2018-05-30,0.7206052987808095,0.393859848012072,-0.6734819235423115
ROS1-14-0031,2018-05-30,0.7311461658882121,0.3792070991815581,-0.6724537568174287
ROS1-01-0044,2018-06-15,0.4934970010150279,0.32726633515126385,-0.549916711674156
ROS1-07-0020,2018-06-15,0.4160871098260411,0.2367092611284437,-0.46739282683387023
ROS1-08-0025,2018-06-15,0.4454452670889957,0.2534009982395851,-0.4949199219560461
ROS1-01-0009,2018-06-15,0.362324335423805,0.19198156950527587,-0.403996450926508
ROS1-07-0031,2018-06-15,0.3805757617386832,0.21381836994104333,-0.4881381157804974
ROS1-14-0031,2018-06-15,0.6334489959419792,0.33597905321030386,-0.6054808667724978
ROS1-01-0044,2018-07-01,0.22370699705306976,0.11283731036135682,-0.38971161185291975
ROS1-07-0020,2018-07-01,0.3414639874344903,0.19372178945346594,-0.4483055742987356
ROS1-08-0025,2018-07-01,0.2208583836349326,0.13902471230001148,-0.39425898587809993
ROS1-01-0009,2018-07-01,0.3808383510427657,0.2083603267548807,-0.4350304258633443
ROS1-07-0031,2018-07-01,0.2200632501167151,0.14414523557751596,-0.40145570281301335
ROS1-14-0031,2018-07-01,0.4809511062909113,0.26525592610752174,-0.504723923600189
ROS1-01-0044,2018-07-17,0.15979182103793246,0.11141355801398588,-0.3137077125146209
ROS1-07-0020,2018-07-17,0.23054974781887305,0.15368548753247874,-0.31014225814751667
ROS1-01-0009,2018-07-17,0.3782936118482695,0.22638819922705283,-0.43366258251356216
ROS1-07-0031,2018-07-17,0.16119470465567384,0.12997613408763012,-0.27275994254283487
ROS1-01-0044,2018-08-02,0.15343658414148584,0.06831282820130502,-0.2616127126303198
ROS1-07-0020,2018-08-02,0.2667052110367149,0.14238493046468945,-0.3774703080012242
ROS1-08-0025,2018-08-02,0.22082493148117457,0.14080816544486538,-0.2927061563848781
ROS1-01-0009,2018-08-02,0.42404139316901823,0.22661399537398408,-0.4608486368215727
ROS1-07-0031,2018-08-02,0.27262364584360615,0.17087944843502922,-0.3661767179172844
ROS1-01-0044,2018-08-18,0.1347738671479205,0.06649239486745952,-0.22614676437079578
ROS1-07-0020,2018-08-18,0.19663943770668524,0.09210310541846044,-0.27907008500586955
ROS1-08-0025,2018-08-18,0.24971297091126538,0.1337445872535063,-0.327228258113901
ROS1-01-0009,2018-08-18,0.31381560502582573,0.18045732652296953,-0.3854332570298407
ROS1-07-0031,2018-08-18,0.3645444305102339,0.23249746618079806,-0.41493972888797354
ROS1-14-0031,2018-08-18,0.3479638490117456,0.1885625147031797,-0.42393842425025946
ROS1-14-0031,2018-09-03,0.2969989015222468,0.17574111686540647,-0.3685734241826114
ROS1-01-0044,2018-09-19,0.1408924849230375,0.05860029107408185,-0.2481674134109556
ROS1-07-0020,2018-09-19,0.21275131652041648,0.09399441894074288,-0.31124781744248287
ROS1-08-0025,2018-09-19,0.1456167947674198,0.04353330788467104,-0.24421915697798985
ROS1-01-0009,2018-09-19,0.19515302270139406,0.09564323137156348,-0.29623574058019003
ROS1-07-0031,2018-09-19,0.1621198395285881,0.047703617517439054,-0.2339485561142142
ROS1-14-0031,2018-09-19,0.31639383534511756,0.12705558772743333,-0.4262969538828795
ROS1-01-0044,2018-10-05,0.15388332351709705,0.0671218534263378,-0.2624957430763467
ROS1-07-0020,2018-10-05,0.17214918672991092,0.09796394085816347,-0.2533185551736187
ROS1-01-0009,2018-10-05,0.20338867659204712,0.10508413880928559,-0.32307003144768187
ROS1-07-0031,2018-10-05,0.12950827133765289,0.03519330128228034,-0.18567609873678376
ROS1-01-0009,2018-05-05,0.29616889775762495,0.1331463731820769,-0.3477255062599957
ROS1-01-0009,2018-06-06,0.39427165745068493,0.1993231473233861,-0.4230725053528409
ROS1-01-0009,2018-06-22,0.29438409421143796,0.1490269912944455,-0.3609012349977819
ROS1-01-0009,2018-07-08,0.4279198145503206,0.225391212266678,-0.4671571061697213
ROS1-01-0009,2018-08-09,0.37249524064024675,0.20815612782691914,-0.43429323894695704
ROS1-01-0009,2018-08-25,0.28570078506076896,0.14748162945180535,-0.3513535125646407
ROS1-01-0009,2018-10-12,0.16800408093049674,0.06686790692938593,-0.2833123644227667
ROS1-49-0001,2018-04-08,0.19000325445694558,0.08901055313249649,-0.32143389147101353
ROS1-50-0003,2018-04-08,0.19733167950760844,0.0890273570911501,-0.31710449565048254
ROS1-49-0002,2018-04-08,0.33575910530733033,0.18309996512358664,-0.42998470964431973
ROS1-49-0001,2018-04-24,0.21925295422721475,0.0981582021872784,-0.3687628169737017
ROS1-50-0003,2018-04-24,0.20620033439005392,0.11345435885013745,-0.3441697527371871
ROS1-49-0002,2018-04-24,0.5677216352952631,0.30504529315239604,-0.58345176627093
ROS1-49-0001,2018-05-26,0.2030072730591293,0.1108223235591114,-0.3393377239613575
ROS1-50-0003,2018-05-26,0.18145050383965555,0.10330222114370012,-0.33290002231630417
ROS1-49-0002,2018-05-26,0.5453181883167089,0.36465162196793544,-0.6112654695026835
ROS1-50-0003,2018-06-11,0.17549200613845678,0.10136763870923506,-0.33248247116864693
ROS1-49-0002,2018-06-11,0.3118930485640519,0.1857993428951953,-0.4992350342102587
ROS1-49-0001,2018-06-27,0.176603785543536,0.10081049862259404,-0.3231699395348296
ROS1-50-0003,2018-06-27,0.16612282905577358,0.09838160872544008,-0.32125933756382424
ROS1-49-0002,2018-06-27,0.25692716844921765,0.16988015815279975,-0.4527121134105103
ROS1-49-0001,2018-07-13,0.18330230127219677,0.10217176657058503,-0.33029607965854296
ROS1-49-0002,2018-07-13,0.2316417148282646,0.1498043756201769,-0.40616348040143674
ROS1-49-0001,2018-08-14,0.18007842166989438,0.09772696537873482,-0.32624657058765716
ROS1-50-0003,2018-08-14,0.17209856047141642,0.09869749384474259,-0.3203584192396808
ROS1-49-0002,2018-08-14,0.19845605149347745,0.13307313424180217,-0.3369053413752429
ROS1-49-0001,2018-08-30,0.18483558782873688,0.1021955096357177,-0.32063149798089013
ROS1-50-0003,2018-08-30,0.16755614486589085,0.09468069499859305,-0.31222469018802684
ROS1-49-0002,2018-08-30,0.18047995208239184,0.12257370987935712,-0.3198763970843392
ROS1-49-0001,2018-09-15,0.18806623404139103,0.10836399600732201,-0.32173661914768614
ROS1-50-0003,2018-09-15,0.12918976110671945,0.0752145149116757,-0.2164673127447092
ROS1-49-0002,2018-09-15,0.19358311069535492,0.13408362825241843,-0.33905607217337197
ROS1-49-0001,2018-10-01,0.20109102885250804,0.13087586462849962,-0.3323689975049407
ROS1-50-0003,2018-10-01,0.21801761326330543,0.12051321895426224,-0.3497085344752384
ROS1-49-0002,2018-10-01,0.19153913461724703,0.12349582135072927,-0.315296438899928
ROS1-49-0001,2018-10-17,0.3268155977687625,0.21374914349286553,-0.41669312223454263
ROS1-50-0003,2018-10-17,0.2892228139942739,0.15861601086359098,-0.4026605021789505
ROS1-49-0002,2018-10-17,0.2194578767347846,0.1340407804221793,-0.3367588548753898
ROS1-42-0010,2018-04-08,0.195640336434292,0.10304953359012654,-0.32715459030569427
ROS1-49-0001,2018-04-08,0.19206126552617583,0.08958037260787764,-0.32390611669324426
ROS1-42-0009,2018-04-08,0.18154107555554488,0.09846121822364633,-0.3265630942154682
ROS1-49-0002,2018-04-08,0.33502736036271147,0.18267521178996673,-0.4284765216827196
ROS1-36-0007,2018-04-24,0.5461800446642883,0.34863123506098853,-0.5553374908539788
ROS1-42-0010,2018-04-24,0.2341907945651647,0.10477399942132835,-0.359096559152848
ROS1-49-0001,2018-04-24,0.21925472651693836,0.09856482706710276,-0.36705411184973735
ROS1-42-0009,2018-04-24,0.2028714347292393,0.10134007759668594,-0.35195527815437655
ROS1-49-0002,2018-04-24,0.5703868272961031,0.30626059584225657,-0.5855962494394231
ROS1-49-0002,2018-05-10,0.6470880034300136,0.4242992756703417,-0.6006865117514446
ROS1-42-0010,2018-05-26,0.24056850111738118,0.1329531168591222,-0.3587352418882705
ROS1-49-0001,2018-05-26,0.19911966499645672,0.10856912897467716,-0.3373676983157254
ROS1-49-0002,2018-05-26,0.5442826225370414,0.36471093657187503,-0.6108300093641515
ROS1-42-0010,2018-06-11,0.22619682042449393,0.13186137813411183,-0.3529541897307573
ROS1-49-0001,2018-06-11,0.19963548192051658,0.045267954321356774,-0.3242855522231134
ROS1-42-0009,2018-06-11,0.18660944849669944,0.10797696140798381,-0.3346447592941121
ROS1-42-0010,2018-06-27,0.2228669711211383,0.09363152668544557,-0.35542583099465963
ROS1-49-0001,2018-06-27,0.17813118216164264,0.10170607843165919,-0.3253775814611775
ROS1-42-0009,2018-06-27,0.1787130221343337,0.10746256826738067,-0.3060667402205454
ROS1-49-0002,2018-06-27,0.2580637238586393,0.17051058750702192,-0.45477053748056334
ROS1-42-0010,2018-07-13,0.21321189899050746,0.13550749509658253,-0.3421057654682237
ROS1-49-0001,2018-07-13,0.18404699662470508,0.10272806740271825,-0.33101342084999186
ROS1-42-0009,2018-07-13,0.17506924216662617,0.11061882859017796,-0.3252692018019683
ROS1-49-0002,2018-07-13,0.2320909435943011,0.1502371841153441,-0.4068051262309908
ROS1-42-0010,2018-08-14,0.20771688493063786,0.1329023336557929,-0.34166337085660026
ROS1-49-0001,2018-08-14,0.18063130800576474,0.09821674294623058,-0.3259369943926857
ROS1-42-0009,2018-08-14,0.18909850049497745,0.09981353897314361,-0.33477024134834266
ROS1-49-0002,2018-08-14,0.19916052540067028,0.13360247908911174,-0.3373044099021829
ROS1-42-0010,2018-08-30,0.18441805967466476,0.09375978303272388,-0.31359214833186944
ROS1-49-0001,2018-08-30,0.18450934870811078,0.10232226181324053,-0.32067886394778117
ROS1-42-0009,2018-08-30,0.17608115806836927,0.09200183148074516,-0.3170541549838917
ROS1-49-0002,2018-08-30,0.18008585540880373,0.12252514641135454,-0.32035221193954594
ROS1-42-0010,2018-09-15,0.20656971326597298,0.10467352290596056,-0.3386154051172006
ROS1-49-0001,2018-09-15,0.1897560266167573,0.1090207175578548,-0.32306322763818845
ROS1-49-0002,2018-09-15,0.19311835826031604,0.13483667788433595,-0.33696603532996733
ROS1-42-0010,2018-10-01,0.19774937663479825,0.11492465101843712,-0.332193476460558
ROS1-49-0001,2018-10-01,0.2014244712005843,0.13097705275866925,-0.33238085856293426
ROS1-42-0009,2018-10-01,0.18287074255888278,0.0992943115001455,-0.3278359212831252
ROS1-49-0002,2018-10-01,0.19177335513603816,0.12323580338549797,-0.31566482725313977
ROS1-42-0010,2018-10-17,0.29679426498513606,0.18917040956369074,-0.36255603766150696
ROS1-49-0001,2018-10-17,0.3276718250643305,0.21430204636201053,-0.41747001487599367
ROS1-42-0009,2018-10-17,0.26555122780418333,0.15456578421518344,-0.3418374295445695
ROS1-49-0002,2018-10-17,0.2204696871724073,0.13464281572387332,-0.33769683258292027
ROS1-37-0031,2018-04-15,0.8238207204841324,0.644913862303065,-0.7720709766727334
ROS1-38-0004,2018-04-15,0.1855145079993375,0.08457395720423463,-0.3138321166468071
ROS1-43-0026,2018-04-15,0.2489625021267228,0.12145075835327102,-0.3649927686133119
ROS1-44-0000,2018-04-15,0.19490499992005636,0.0926099515047426,-0.331524426754068
ROS1-49-0001,2018-04-15,0.18873957044551365,0.09980781400464703,-0.32698287656780517
ROS1-50-0003,2018-04-15,0.21731609320227496,0.12203559087115129,-0.34064663232998876
ROS1-31-0033,2018-04-15,0.18694826110975826,0.09078375004988151,-0.3060300548758917
ROS1-32-0029,2018-04-15,0.5918718784566792,0.3840545070693002,-0.5788619616566789
ROS1-37-0046,2018-04-15,0.8022228536813276,0.5777332561382382,-0.7596306955728341
ROS1-43-0017,2018-04-15,0.2051500207566836,0.11971791532880013,-0.3229011878603679
ROS1-49-0002,2018-04-15,0.5513641586046475,0.20224026692336175,-0.6673043298798887
ROS1-37-0031,2018-05-01,0.9112763402675106,0.7910617226273982,-0.8362799287662253
ROS1-38-0004,2018-05-01,0.19076746003876618,0.0894123937840813,-0.3302158068549145
ROS1-43-0026,2018-05-01,0.2462022145119594,0.11611812593082155,-0.37291788482767335
ROS1-44-0000,2018-05-01,0.19631922735840276,0.09424523386335569,-0.3420545880784165
ROS1-49-0001,2018-05-01,0.21015856793589724,0.09861630921758202,-0.3661473998634855
ROS1-50-0003,2018-05-01,0.20861084245056888,0.10263580471823114,-0.35919342975430263
ROS1-31-0033,2018-05-01,0.20179792388537476,0.0910488015195637,-0.3233679051582385
ROS1-32-0029,2018-05-01,0.8193696592698899,0.6016071179885444,-0.7487717226164305
ROS1-37-0046,2018-05-01,0.879960761730393,0.7228012454082068,-0.8052763672439538
ROS1-42-0009,2018-05-01,0.19747332697187225,0.0961009501510164,-0.3557480759348773
ROS1-43-0017,2018-05-01,0.21793156475391462,0.11099573612854312,-0.3434480051722582
ROS1-49-0002,2018-05-01,0.7094192969441476,0.4559322848902248,-0.6972655859984279
ROS1-31-0022,2018-05-17,0.28059854289070946,0.14750867905425324,-0.3687093452037302
ROS1-37-0031,2018-05-17,0.9179178752299664,0.8360581750904623,-0.8552835604056293
ROS1-38-0004,2018-05-17,0.20343189115224913,0.10062655802565415,-0.33210702575492285
ROS1-43-0026,2018-05-17,0.20118913186577989,0.10027735603324571,-0.33653844463268784
ROS1-44-0000,2018-05-17,0.20247607804997578,0.10435787556823783,-0.34056825082275344
ROS1-49-0001,2018-05-17,0.20686928843086702,0.10060255910359772,-0.3619334565811002
ROS1-50-0003,2018-05-17,0.1948318002270905,0.10351764161109386,-0.3424956138709736
ROS1-31-0033,2018-05-17,0.21430485653112355,0.10571607416645827,-0.3287732648696685
ROS1-32-0029,2018-05-17,0.8716443779680719,0.685770597931356,-0.8068871424882159
ROS1-37-0046,2018-05-17,0.8826651915916739,0.7553763335805543,-0.8208920135689064
ROS1-42-0009,2018-05-17,0.18967859109338603,0.09913259541483899,-0.34238950543333113
ROS1-43-0017,2018-05-17,0.20668562348233194,0.11426001544974956,-0.33148221628161706
ROS1-49-0002,2018-05-17,0.7212537309117494,0.49298766859460397,-0.7039213154556276
ROS1-37-0031,2018-06-02,0.8937476529869324,0.7501706920239648,-0.8442951100238371
ROS1-38-0004,2018-06-02,0.1933829553088522,0.09645494389166073,-0.3348429360145492
ROS1-43-0026,2018-06-02,0.18083256592332317,0.09287547621569929,-0.32502159184646257
ROS1-44-0000,2018-06-02,0.19156857247292491,0.09977130729787573,-0.3409580708824049
ROS1-49-0001,2018-06-02,0.23116511642815998,0.11547596462792487,-0.37664616860852196
ROS1-50-0003,2018-06-02,0.1871497394879896,0.09695678303156686,-0.3480153218557948
ROS1-31-0033,2018-06-02,0.21011589013911078,0.10777506461621424,-0.3314886312517725
ROS1-37-0046,2018-06-02,0.7956846817193628,0.5974106983696247,-0.76213077217888
ROS1-42-0009,2018-06-02,0.18962637913094577,0.09108930089986478,-0.34981146652951195
ROS1-43-0017,2018-06-02,0.20296703771220506,0.11258184433282173,-0.32921932500645856
ROS1-49-0002,2018-06-02,0.45651952923058114,0.2827064657839625,-0.5827428283340201
ROS1-37-0031,2018-06-18,0.5491034856862423,0.40771721341908357,-0.6389129356015362
ROS1-38-0004,2018-06-18,0.17529850952157935,0.09108545964848684,-0.321559503262909
ROS1-43-0026,2018-06-18,0.17422497562589642,0.0929658865831143,-0.32193047001824654
ROS1-44-0000,2018-06-18,0.17812581601188107,0.09648177476601252,-0.3309912499140012
ROS1-49-0001,2018-06-18,0.19088109385452887,0.0988552203605199,-0.3509397582391825
ROS1-50-0003,2018-06-18,0.1728641409708975,0.09367309231104166,-0.33597413468291254
ROS1-31-0033,2018-06-18,0.18378420971101164,0.09380370839169307,-0.31229008106261036
ROS1-37-0046,2018-06-18,0.3688517200260944,0.2549167417840481,-0.5429124892308995
ROS1-42-0009,2018-06-18,0.17660255316152873,0.09059761398053105,-0.3250764134138721
ROS1-43-0017,2018-06-18,0.20912533146790302,0.12187555727309729,-0.3356091912835558
ROS1-49-0002,2018-06-18,0.2851656723877585,0.17713072652591177,-0.4860120511797647
ROS1-43-0017,2018-07-04,0.267235638809607,0.12425099101527413,-0.35923560806896393
ROS1-37-0031,2018-07-20,0.21986491228748387,0.1545186889790139,-0.38541913726593907
ROS1-50-0003,2018-07-20,0.19179814252341476,0.11074463572868372,-0.35129825371774936
ROS1-42-0009,2018-07-20,0.18803248949890142,0.11311539740810216,-0.3374892738096047
ROS1-43-0017,2018-07-20,0.22449318710349705,0.15074931157531504,-0.33869926644844867
ROS1-37-0031,2018-08-05,0.21258772730360542,0.1460972344976295,-0.3788975557965101
ROS1-38-0004,2018-08-05,0.17747682989731225,0.10808178907444922,-0.31719420595699205
ROS1-43-0026,2018-08-05,0.1811193777373804,0.09112905214575123,-0.3208008189253717
ROS1-44-0000,2018-08-05,0.18219276734351716,0.09881509690534786,-0.32753207078915386
ROS1-49-0001,2018-08-05,0.1879526539308176,0.10228142698530829,-0.3385515027409094
ROS1-50-0003,2018-08-05,0.18201183640273808,0.09513007500230787,-0.3342422363336506
ROS1-31-0033,2018-08-05,0.1868925031651276,0.09306884477288778,-0.311590556120546
ROS1-37-0046,2018-08-05,0.16079912997806425,0.1169357503216245,-0.2922847042995137
ROS1-42-0009,2018-08-05,0.25919116464162373,0.16205423609007813,-0.38891210466632237
ROS1-43-0017,2018-08-05,0.2518277774635734,0.1809607858113454,-0.35939294074276346
ROS1-49-0002,2018-08-05,0.21776648619832317,0.13562304894954397,-0.35551054721187947
ROS1-37-0031,2018-08-21,0.2024467564459432,0.1437789397121242,-0.3723619983061752
ROS1-38-0004,2018-08-21,0.17277510404393973,0.09184253251037393,-0.30815339923669993
ROS1-43-0026,2018-08-21,0.16949097588951448,0.08638812090303964,-0.3080729882082716
ROS1-44-0000,2018-08-21,0.17374890159951004,0.0944946359566312,-0.31596093003577574
ROS1-49-0001,2018-08-21,0.18497436683599186,0.09299207594025664,-0.33994560981480115
ROS1-50-0003,2018-08-21,0.16853555019617628,0.08972650847475747,-0.31930710663151257
ROS1-31-0033,2018-08-21,0.18295821858860217,0.09341085988686028,-0.3089186648615278
ROS1-37-0046,2018-08-21,0.15996075664853174,0.11725179080825854,-0.2949264390836195
ROS1-42-0009,2018-08-21,0.188460088923189,0.0953907501620492,-0.3433112303970414
ROS1-43-0017,2018-08-21,0.26159468484659326,0.1839461236756415,-0.36535446589879667
ROS1-49-0002,2018-08-21,0.1870456307445133,0.12443074917751286,-0.33143623774164666
ROS1-37-0031,2018-09-06,0.19641827159836434,0.1399410858268227,-0.36438384193095424
ROS1-38-0004,2018-09-06,0.18361254575876404,0.09735763365878047,-0.309892085424523
ROS1-43-0026,2018-09-06,0.16982160452464726,0.08894931237767832,-0.2993532288138958
ROS1-44-0000,2018-09-06,0.1704861529407122,0.09270095287340412,-0.3061375479581865
ROS1-49-0001,2018-09-06,0.19389131548110067,0.0992645115417479,-0.3311311987104689
ROS1-50-0003,2018-09-06,0.1666394610037289,0.08840109127203875,-0.3134126888778736
ROS1-31-0033,2018-09-06,0.18033099207009456,0.09025633566152083,-0.29966083005092947
ROS1-37-0046,2018-09-06,0.15719459019356902,0.11667925995339296,-0.294625669356383
ROS1-42-0009,2018-09-06,0.18235890095423543,0.09526251221533975,-0.32321770777254477
ROS1-43-0017,2018-09-06,0.19764679357183806,0.11532540525918171,-0.3085412363562358
ROS1-49-0002,2018-09-06,0.18338541874897404,0.12255458312422118,-0.3285883368835257
ROS1-37-0031,2018-09-22,0.21270644746986203,0.14866811021702978,-0.3873095380017758
ROS1-38-0004,2018-09-22,0.18328531662852016,0.09270543558148343,-0.3237810217285589
ROS1-43-0026,2018-09-22,0.18296839818599955,0.09737673339864257,-0.32619839287140734
ROS1-44-0000,2018-09-22,0.18511832057103172,0.09514253340559148,-0.3289109066973116
ROS1-49-0001,2018-09-22,0.17513041328636267,0.11179454912621278,-0.3299304561210755
ROS1-50-0003,2018-09-22,0.1841755371761161,0.09609074706860371,-0.3357434543625648
ROS1-31-0033,2018-09-22,0.18951745677408646,0.08604164630125978,-0.3118313211509104
ROS1-37-0046,2018-09-22,0.16169478573791418,0.12095660204191983,-0.2993122064568136
ROS1-42-0009,2018-09-22,0.18517680158955735,0.09059926113506615,-0.3410986616317081
ROS1-43-0017,2018-09-22,0.18501529123864457,0.09577275400556588,-0.30878518214278117
ROS1-49-0002,2018-09-22,0.17807998384067272,0.11577359525937073,-0.3186851323218726
ROS1-43-0026,2018-10-24,0.13129275010179384,0.16470446830110172,-0.1813725694526701
ROS1-31-0033,2018-10-24,0.2571021717628633,0.10016904429184109,-0.34374365630182624
ROS1-42-0009,2018-10-24,0.3555135043943984,0.20090346320517605,-0.42724423457163724
ROS1-43-0017,2018-10-24,0.1739237087847924,0.1060125831288834,-0.2787776881116029
ROS1-30-0002,2018-04-15,0.18964383605137675,0.1109096393174865,-0.3106691187706935
ROS1-36-0007,2018-04-15,0.45477445378529374,0.30986956521562337,-0.5079244696448727
ROS1-42-0010,2018-04-15,0.20948230360923983,0.11040173778502693,-0.33357779055705306
ROS1-30-0015,2018-04-15,0.32735154898728164,0.16712238242787628,-0.4012927750593367
ROS1-36-0006,2018-04-15,0.337385763356209,0.16913956702120927,-0.39807535620037554
ROS1-37-0046,2018-04-15,0.8018002573606559,0.5778392350834254,-0.7590063890127404
ROS1-30-0002,2018-05-01,0.22686227326953362,0.13655203485136827,-0.3393221004602444
ROS1-36-0007,2018-05-01,0.5898193618250733,0.3748466880810978,-0.5874406861329671
ROS1-42-0010,2018-05-01,0.23281776446803457,0.10143014255487766,-0.37502519378885757
ROS1-30-0015,2018-05-01,0.6561605481569047,0.417081356924478,-0.6146612246750546
ROS1-36-0006,2018-05-01,0.5674009954540312,0.32277452748685803,-0.5480452693332671
ROS1-37-0046,2018-05-01,0.8792554960271616,0.72199656849508,-0.8046860652896556
ROS1-42-0009,2018-05-01,0.19739923825302744,0.09592060643585813,-0.3557984829113238
ROS1-30-0002,2018-05-17,0.3109716417876063,0.1919580545540253,-0.39414610327498417
ROS1-36-0007,2018-05-17,0.47289843630037137,0.2872195168487831,-0.5410136648857615
ROS1-42-0010,2018-05-17,0.2546200885376346,0.12172395305835322,-0.3775636021712289
ROS1-30-0015,2018-05-17,0.8128328993301458,0.5986336770461785,-0.7457391318301746
ROS1-36-0006,2018-05-17,0.6758692438469919,0.4016461329592949,-0.6394606080515921
ROS1-37-0046,2018-05-17,0.8827528458420576,0.75489488287219,-0.8212697060765602
ROS1-42-0009,2018-05-17,0.18992141909851568,0.09908501095256625,-0.34334671632421093
ROS1-30-0002,2018-06-02,0.245841514369487,0.1283585110516892,-0.3518573152735045
ROS1-36-0007,2018-06-02,0.20674038802955302,0.12360993314276394,-0.3574344475529693
ROS1-42-0010,2018-06-02,0.22099064253023445,0.10893412753265212,-0.3664480299395572
ROS1-30-0015,2018-06-02,0.7829424041541458,0.5529772510231039,-0.7388719513705752
ROS1-36-0006,2018-06-02,0.5970622523240695,0.34533410667203024,-0.6152513988498105
ROS1-37-0046,2018-06-02,0.7961770698908881,0.5978913494039263,-0.7631365868740435
ROS1-42-0009,2018-06-02,0.19072448413614904,0.09149789057405328,-0.351929049534577
ROS1-30-0002,2018-06-18,0.2294537448840504,0.09996264650331971,-0.33392452894648694
ROS1-36-0007,2018-06-18,0.26400990025568494,0.14144352452453873,-0.40244282232057144
ROS1-42-0010,2018-06-18,0.20120301180709826,0.1078259850523095,-0.3425541746539957
ROS1-30-0015,2018-06-18,0.3780082176156605,0.2548677615824363,-0.508444375601124
ROS1-36-0006,2018-06-18,0.32596743280722146,0.18800201564870184,-0.4716256447872713
ROS1-37-0046,2018-06-18,0.3695226186636499,0.2554496751617474,-0.5438527218482755
ROS1-42-0009,2018-06-18,0.1773833017394503,0.0908765416488071,-0.3266892316872542
ROS1-30-0002,2018-07-20,0.19320690442550753,0.10079473178801374,-0.3052022294908022
ROS1-36-0007,2018-07-20,0.18124039109588813,0.1167052219558172,-0.33027979753498615
ROS1-42-0010,2018-07-20,0.20413221405505302,0.1135319716423292,-0.34719161934108195
ROS1-36-0006,2018-07-20,0.187040295755731,0.12974044966207943,-0.32978892462218423
ROS1-42-0009,2018-07-20,0.1882019608455382,0.1131169553391934,-0.338302681452435
ROS1-30-0002,2018-08-05,0.17933062464905286,0.08933518452461532,-0.30574144832365296
ROS1-36-0007,2018-08-05,0.20012694719172194,0.12312701518249963,-0.34737050283896037
ROS1-42-0010,2018-08-05,0.20390194154459348,0.10256543395895058,-0.3405167525552778
ROS1-30-0015,2018-08-05,0.17122269508015514,0.1292060128718112,-0.3266965694953074
ROS1-36-0006,2018-08-05,0.17395375715097966,0.11721364897684813,-0.3143777185405536
ROS1-37-0046,2018-08-05,0.16178210885430888,0.11699062728077192,-0.29467281646081595
ROS1-42-0009,2018-08-05,0.26009483591290067,0.1628086991418237,-0.39007574280004625
ROS1-30-0002,2018-08-21,0.17236109576266756,0.08455271947113784,-0.29926189082245136
ROS1-36-0007,2018-08-21,0.17838495675555877,0.09514558714787962,-0.326249341376285
ROS1-42-0010,2018-08-21,0.21526127558756336,0.13293835555961817,-0.35252806554053917
ROS1-30-0015,2018-08-21,0.1559900002229171,0.12054922950829718,-0.30706959498784786
ROS1-36-0006,2018-08-21,0.18348502237490777,0.0910274708348733,-0.3036488187233692
ROS1-37-0046,2018-08-21,0.16008609407229699,0.11733145643795301,-0.2955474284295771
ROS1-42-0009,2018-08-21,0.188639658160526,0.09544077325914943,-0.34416207609602284
ROS1-30-0002,2018-09-06,0.16572542732317203,0.08304218473477716,-0.2862403099812875
ROS1-30-0015,2018-09-06,0.1577564019956007,0.11817309550496993,-0.3076559392201753
ROS1-36-0006,2018-09-06,0.16996737211025356,0.08619011555634506,-0.28548040690528365
ROS1-37-0046,2018-09-06,0.15744067193868708,0.11712220391886087,-0.29468609246551547
ROS1-42-0009,2018-09-06,0.18260645205436848,0.09545460868363892,-0.3235353198795801
ROS1-30-0002,2018-09-22,0.18651568591847423,0.08895511682870484,-0.3076454652450423
ROS1-36-0007,2018-09-22,0.16907789868631648,0.08725493289521992,-0.31974231356809324
ROS1-42-0010,2018-09-22,0.19663425269392865,0.09200897511326134,-0.3394788282585011
ROS1-30-0015,2018-09-22,0.15388095808132563,0.11096981097176661,-0.2947999835429459
ROS1-36-0006,2018-09-22,0.1941859258411681,0.09584188210975698,-0.310083467297346
ROS1-37-0046,2018-09-22,0.1621438063073834,0.12025642413403743,-0.30118251405712304
ROS1-42-0009,2018-09-22,0.18487733257859068,0.09059634841577698,-0.33992793278148936
ROS1-30-0002,2018-10-08,0.19096754066029636,0.09826449472571304,-0.29362547778830594
ROS1-29-0003,2018-04-06,0.41156148795611347,0.15986095132477948,-0.43761086274108596
ROS1-29-0003,2018-04-22,0.49541880352241396,0.2261757548223466,-0.5117679548358052
ROS1-29-0003,2018-07-11,0.21274298498747463,0.11836578785233766,-0.3474555808405959
ROS1-29-0003,2018-08-12,0.2238696507687526,0.11448924445974792,-0.32941138055075647
ROS1-29-0003,2018-08-28,0.23212193622633237,0.0981827312003435,-0.3277422792945505
ROS1-29-0003,2018-09-13,0.3138180992577724,0.1449885207328926,-0.3745800469009119
ROS1-29-0003,2018-10-15,0.7989122212916991,0.5319951886976928,-0.7025770985069227
ROS1-21-0003,2018-04-06,0.274582806670917,0.10588274617103066,-0.33031090558423026
ROS1-27-0019,2018-04-06,0.30414146846942425,0.09680688393354872,-0.3908456941337644
ROS1-28-0002,2018-04-06,0.23208570626688022,0.06467303487471905,-0.3636221089076809
ROS1-29-0003,2018-04-06,0.41412375023773784,0.15917949035917098,-0.43766530205453263
ROS1-33-0020,2018-04-06,0.5604522632405009,0.2623724698197384,-0.5715768108499463
ROS1-27-0013,2018-04-06,0.5339561296099697,0.2525932530264954,-0.552109418216336
ROS1-28-0015,2018-04-06,0.24561873425281136,0.06742537039953973,-0.3728252489763267
ROS1-33-0013,2018-04-06,0.21979866765869066,0.052829812453018245,-0.34287066799617805
ROS1-21-0003,2018-04-22,0.35842128105621107,0.16255312646511624,-0.3819445516621509
ROS1-27-0019,2018-04-22,0.325131854772818,0.14545889629006173,-0.40468525340484773
ROS1-28-0002,2018-04-22,0.20124010953541202,0.08358743386249198,-0.3148321474832472
ROS1-29-0003,2018-04-22,0.4899634314190524,0.23562506620248597,-0.5062303697526694
ROS1-33-0020,2018-04-22,0.6729343880333292,0.3679737482136739,-0.6501348116229031
ROS1-27-0013,2018-04-22,0.6249127350512954,0.3274667364658605,-0.610650089725436
ROS1-28-0015,2018-04-22,0.21498110175073615,0.08497091427777298,-0.33442851545877944
ROS1-33-0013,2018-04-22,0.19785076667970178,0.07434277115779934,-0.31724310696970515
ROS1-21-0003,2018-05-24,0.6643032760030242,0.3718212011161638,-0.5943969465118131
ROS1-27-0019,2018-05-24,0.568415934702726,0.32830263186814884,-0.538000503406031
ROS1-33-0020,2018-05-24,0.8116735497189812,0.5382488996144369,-0.7533012634320839
ROS1-33-0013,2018-05-24,0.21971885871219057,0.10936986896311611,-0.32943926594108014
ROS1-21-0003,2018-06-09,0.5538278102068455,0.29668652740301854,-0.5521152657014715
ROS1-27-0019,2018-06-09,0.45949383929047505,0.2552585489299647,-0.49768948798953433
ROS1-28-0002,2018-06-09,0.24160498212998832,0.12106745297133542,-0.33339330781755966
ROS1-33-0020,2018-06-09,0.6218476435326727,0.36952363437027386,-0.6538809177477365
ROS1-27-0013,2018-06-09,0.7319144483278052,0.47304438988698194,-0.7164890183140101
ROS1-33-0013,2018-06-09,0.19299962296507508,0.08768965946640829,-0.3115885606120272
ROS1-27-0019,2018-06-25,0.3042334707755387,0.1882714012046552,-0.43736357312066787
ROS1-28-0002,2018-06-25,0.49252097917285753,0.31631262475219313,-0.49213274424509973
ROS1-29-0003,2018-06-25,0.3733205388382965,0.2792119745436463,-0.45569776139809925
ROS1-33-0020,2018-06-25,0.3365976490068718,0.13808122461015873,-0.4193664108486845
ROS1-27-0013,2018-06-25,0.35974803942590344,0.23739715497261266,-0.5434766427487497
ROS1-28-0015,2018-06-25,0.6376783013598931,0.45699411457846706,-0.5898406987010161
ROS1-33-0013,2018-06-25,0.20606900853028715,0.0899060323573233,-0.32295545831717576
ROS1-21-0003,2018-07-11,0.2648301136230312,0.16041904429589568,-0.3953006003850759
ROS1-27-0019,2018-07-11,0.2453242284750248,0.14558052091976256,-0.3950444374184371
ROS1-28-0002,2018-07-11,0.6566003717683842,0.40144761928465217,-0.6094380849263086
ROS1-29-0003,2018-07-11,0.2135445445127429,0.11868099993229768,-0.34869367772360443
ROS1-33-0020,2018-07-11,0.275741577646065,0.17602044132417505,-0.45171757671215496
ROS1-27-0013,2018-07-11,0.24962797450120433,0.19249796557153576,-0.42139563598567126
ROS1-28-0015,2018-07-11,0.6422685233662939,0.40201322936959033,-0.599806971685692
ROS1-33-0013,2018-07-11,0.19064287719215262,0.0945482285490354,-0.3100805732716965
ROS1-21-0003,2018-07-27,0.2639369373495304,0.149359146869024,-0.35326996346593786
ROS1-27-0013,2018-07-27,0.18597295140263784,0.1283152899936211,-0.30245641370192977
ROS1-21-0003,2018-08-12,0.22701946134644876,0.08121280066038633,-0.307121784181739
ROS1-27-0019,2018-08-12,0.4486915049362115,0.27230469791128353,-0.4887922337996765
ROS1-28-0002,2018-08-12,0.7475310416610425,0.4942772559381212,-0.6434959324032251
ROS1-29-0003,2018-08-12,0.22883277078084346,0.1175691471800142,-0.33403516841286557
ROS1-33-0020,2018-08-12,0.3780427172163715,0.24112416990964375,-0.45608706964142165
ROS1-27-0013,2018-08-12,0.2956734874393619,0.20399272248545172,-0.380906847265942
ROS1-28-0015,2018-08-12,0.5696051057144523,0.332235629389124,-0.5007873509338883
ROS1-33-0013,2018-08-12,0.19114468221492084,0.08630561792607268,-0.3025017213340186
ROS1-21-0003,2018-08-28,0.19271873553893382,0.07114326169096837,-0.27297870814980746
ROS1-27-0019,2018-08-28,0.22558535635798038,0.11213553723172698,-0.3261061476856482
ROS1-28-0002,2018-08-28,0.47289526335470006,0.28995307299399087,-0.44029810271015984
ROS1-29-0003,2018-08-28,0.2316407242293831,0.09818352391890489,-0.32674839899894725
ROS1-33-0020,2018-08-28,0.3999022772802603,0.2602487299988896,-0.4809540024156641
ROS1-27-0013,2018-08-28,0.27852089641451966,0.17051946214402536,-0.3768197316626578
ROS1-28-0015,2018-08-28,0.27550125922319213,0.14111984700604915,-0.3673312200826412
ROS1-33-0013,2018-08-28,0.1849027190991425,0.08388597061979702,-0.3007544036608271
ROS1-21-0003,2018-09-13,0.19366808310013184,0.06705645051139773,-0.2724076364502173
ROS1-27-0019,2018-09-13,0.22121282851613824,0.10901032103285432,-0.3287919475411277
ROS1-28-0002,2018-09-13,0.3009510532992487,0.14976196364166722,-0.4150599582347893
ROS1-29-0003,2018-09-13,0.315789567166486,0.14543408519185977,-0.3760864738989199
ROS1-33-0020,2018-09-13,0.3568697622072366,0.23460348615592697,-0.4681975916737231
ROS1-27-0013,2018-09-13,0.19730097765120003,0.07531829850480037,-0.29475554713177526
ROS1-28-0015,2018-09-13,0.24984244538048306,0.11823999343977076,-0.3890763517072511
ROS1-33-0013,2018-09-13,0.1861603383797859,0.08176130145118898,-0.3024076622965133
ROS1-21-0003,2018-09-29,0.19957514540262594,0.06334180508817597,-0.2667820767610381
ROS1-27-0013,2018-09-29,0.20522821318395892,0.08062369042801566,-0.2874007774324539
ROS1-21-0003,2018-10-15,0.20362356350689736,0.060310870688168185,-0.2745078963699028
ROS1-27-0019,2018-10-15,0.4380684334539033,0.22732441562988934,-0.45177552444297986
ROS1-28-0002,2018-10-15,0.22019555195597593,0.08513886798974415,-0.293124108229223
ROS1-29-0003,2018-10-15,0.8032298337463919,0.5317288469288514,-0.7063247962806551
ROS1-33-0020,2018-10-15,0.23647493501285446,0.08411475429157439,-0.3253096748868467
ROS1-27-0013,2018-10-15,0.20677072218516387,0.06597496834903208,-0.3047474243625833
ROS1-28-0015,2018-10-15,0.23812407374773348,0.07449482812830135,-0.34311559192055824
ROS1-33-0013,2018-10-15,0.6558270299523441,0.33937606956353233,-0.6007724566219883
ROS1-19-0012,2018-04-06,0.2009464645519767,0.08670182809369205,-0.28638575467382377
ROS1-20-0038,2018-04-06,0.19884034338321407,0.06709955787684493,-0.2873306390171877
ROS1-21-0003,2018-04-06,0.27434138512262835,0.10574806296482256,-0.3317252039627509
ROS1-25-0012,2018-04-06,0.20652075822150637,0.09186038247330776,-0.30566514008730195
ROS1-26-0018,2018-04-06,0.4683384682829633,0.2410106816305561,-0.5170114316737258
ROS1-30-0002,2018-04-06,0.19098928163624368,0.10319281004968134,-0.31226098747353026
ROS1-31-0022,2018-04-06,0.19431809665094404,0.09614896152381036,-0.3173854090969049
ROS1-32-0025,2018-04-06,0.2117502830023647,0.09038251484550602,-0.33030469107825217
ROS1-37-0031,2018-04-06,0.7700083609257415,0.5956203789301131,-0.7300244403430791
ROS1-38-0004,2018-04-06,0.2033930906765325,0.0782779746637565,-0.3468463550740449
ROS1-25-0018,2018-04-06,0.36049651170266905,0.14427243279715388,-0.4102484317127252
ROS1-26-0030,2018-04-06,0.20610480586697466,0.06478857454268581,-0.2981127677597202
ROS1-27-0013,2018-04-06,0.5348389169470732,0.25328568652994105,-0.5532675928960421
ROS1-30-0015,2018-04-06,0.27811191457943474,0.1457141579615156,-0.37659021112058044
ROS1-31-0033,2018-04-06,0.1966564407571655,0.08385984471918885,-0.3154047557702603
ROS1-32-0029,2018-04-06,0.514894290766438,0.267550753435219,-0.5307818373189336
ROS1-36-0006,2018-04-06,0.28080921757422184,0.13891971982854176,-0.37372586826171955
ROS1-19-0018,2018-04-06,0.4254094085112008,0.22788106096351213,-0.4607391586735622
ROS1-25-0032,2018-04-06,0.2104256251825031,0.10129658142306759,-0.32532865579101633
ROS1-19-0012,2018-04-22,0.2502583678705836,0.08721239872492491,-0.2554300668394871
ROS1-21-0003,2018-04-22,0.35838101020102486,0.16245584320296416,-0.3841619754929579
ROS1-38-0004,2018-04-22,0.28623837839718214,0.15105192348568902,-0.3679804715372582
ROS1-26-0030,2018-04-22,0.20987370395882202,0.09034963453220757,-0.2930592664828371
ROS1-27-0013,2018-04-22,0.6214696677450905,0.3265422706580161,-0.6095655761968777
ROS1-30-0015,2018-04-22,0.45528538881257496,0.2248661880598953,-0.4582454263761109
ROS1-32-0029,2018-04-22,0.7045329734798796,0.4168030354130811,-0.6509674357796535
ROS1-36-0006,2018-04-22,0.5279368796865936,0.18535754467590954,-0.4719380701615616
ROS1-19-0012,2018-05-24,0.25156402214087925,0.12029633763355745,-0.3330290953726436
ROS1-20-0038,2018-05-24,0.30254044343118014,0.15456844753197937,-0.3656978411728727
ROS1-21-0003,2018-05-24,0.6623730257297502,0.371044642617265,-0.5938122943977012
ROS1-25-0012,2018-05-24,0.3695277160656219,0.18232275414429513,-0.4141668966229274
ROS1-26-0018,2018-05-24,0.7133478124968159,0.4120318598186259,-0.6849264366981168
ROS1-30-0002,2018-05-24,0.3503366747849385,0.1941863002826823,-0.4201416339678873
ROS1-31-0022,2018-05-24,0.4298484708484245,0.2289908549729156,-0.45930367760359275
ROS1-32-0025,2018-05-24,0.23620882953851016,0.12422404236243748,-0.34991869585156127
ROS1-37-0031,2018-05-24,0.9114687590135224,0.7718328384899181,-0.8598039867934206
ROS1-38-0004,2018-05-24,0.2617187934306273,0.13191615142970053,-0.3727466482122148
ROS1-25-0018,2018-05-24,0.7886945284882596,0.4921295245152009,-0.7297856402454777
ROS1-26-0030,2018-05-24,0.6843320283898985,0.4055650300192182,-0.6269986120543035
ROS1-30-0015,2018-05-24,0.7999115212595775,0.5323548363004595,-0.7461482208267263
ROS1-31-0033,2018-05-24,0.23182400544207027,0.10726630451338637,-0.34740730363899086
ROS1-32-0029,2018-05-24,0.8494612091740094,0.6048601363765943,-0.7967974935081064
ROS1-36-0006,2018-05-24,0.6419404710790338,0.356627673904856,-0.6347195374965328
ROS1-25-0032,2018-05-24,0.2627672107691793,0.13040242357017265,-0.36203929306904953
ROS1-19-0012,2018-06-09,0.21817705074278443,0.10619970345328972,-0.3097431816550057
ROS1-20-0038,2018-06-09,0.3147609622291245,0.161056401613081,-0.3828037224572791
ROS1-21-0003,2018-06-09,0.5533041414891423,0.295998904091498,-0.5523237833186687
ROS1-25-0012,2018-06-09,0.5922190292553974,0.34780412795637544,-0.5654110867225569
ROS1-26-0018,2018-06-09,0.5474080000898313,0.31487972781424045,-0.593393927802405
ROS1-30-0002,2018-06-09,0.24384422457951413,0.11824285829640417,-0.3497989970789861
ROS1-31-0022,2018-06-09,0.5007420900974072,0.26993805387033976,-0.504433823223917
ROS1-32-0025,2018-06-09,0.20803541656454752,0.11163329717899693,-0.34263566105086607
ROS1-37-0031,2018-06-09,0.8306080058574313,0.6449419323275286,-0.8062464848018251
ROS1-38-0004,2018-06-09,0.19801532865952914,0.09386386078374491,-0.34611005775690284
ROS1-25-0018,2018-06-09,0.5140702416776285,0.2858704720899487,-0.5817030000730045
ROS1-26-0030,2018-06-09,0.6261543526690452,0.36292573886405577,-0.619617104384281
ROS1-27-0013,2018-06-09,0.7308329925834244,0.47248506031282267,-0.7159147308818276
ROS1-30-0015,2018-06-09,0.6756789334464085,0.4219382067577503,-0.6748971886533741
ROS1-31-0033,2018-06-09,0.1999674404645331,0.09022007278593812,-0.3330137735656795
ROS1-32-0029,2018-06-09,0.672595108596498,0.4353267821798625,-0.6949548080109318
ROS1-36-0006,2018-06-09,0.5140375979867535,0.28039453975089673,-0.5714379922225568
ROS1-19-0018,2018-06-09,0.7037842229044313,0.43762560237206233,-0.6972261739125764
ROS1-25-0032,2018-06-09,0.28439860699294317,0.14686057220472834,-0.3783017262017851
ROS1-20-0038,2018-06-25,0.3644313309352646,0.19786039170812922,-0.42787431339618254
ROS1-21-0003,2018-06-25,0.4806515899433792,0.14588646600016955,-0.5802278754059482
ROS1-25-0012,2018-06-25,0.5818105741550904,0.40435789844939884,-0.5827570301101664
ROS1-26-0018,2018-06-25,0.32144916596140466,0.23258493404901057,-0.45126148578959147
ROS1-32-0025,2018-06-25,0.2148370661484873,0.11517261887853202,-0.33881316613667706
ROS1-37-0031,2018-06-25,0.3434681592871686,0.21277120441237812,-0.5007992593973284
ROS1-25-0018,2018-06-25,0.30483992120859404,0.20462680697342417,-0.4975214214830829
ROS1-26-0030,2018-06-25,0.36175741064122363,0.15043407108112164,-0.43478326401927553
ROS1-27-0013,2018-06-25,0.36205420540039673,0.23436435481673248,-0.549612416424606
ROS1-31-0033,2018-06-25,0.20374380394986577,0.09339116658472535,-0.3311107882647581
ROS1-36-0006,2018-06-25,0.2907604592181776,0.17644360880540458,-0.4595471850993466
ROS1-19-0018,2018-06-25,0.3640261842447067,0.22438149954413789,-0.5530367368323446
ROS1-19-0012,2018-07-11,0.2045054619890048,0.10563565008913116,-0.2908285400011736
ROS1-20-0038,2018-07-11,0.34955328573902883,0.17831116788312928,-0.40096451909769504
ROS1-21-0003,2018-07-11,0.26947212924305547,0.16052628139437247,-0.4037479373828715
ROS1-25-0012,2018-07-11,0.5283368552806752,0.30278973805207393,-0.5318875842410214
ROS1-26-0018,2018-07-11,0.2320492151372359,0.16422257074495655,-0.3852218029657363
ROS1-30-0002,2018-07-11,0.1856580205901608,0.09164023678528334,-0.3051560325353266
ROS1-31-0022,2018-07-11,0.3911221600601758,0.23533940787580654,-0.4569335397504266
ROS1-32-0025,2018-07-11,0.19977164007624312,0.12182897389014562,-0.3190735675733529
ROS1-37-0031,2018-07-11,0.14986567813425455,0.1739242009784416,-0.22497020113545482
ROS1-25-0018,2018-07-11,0.1713693533237044,0.10005726257514509,-0.3012535600314082
ROS1-26-0030,2018-07-11,0.1901467107612989,0.1362618700548323,-0.3494309031456536
ROS1-27-0013,2018-07-11,0.2501182436610019,0.19209188354616763,-0.42234369093680113
ROS1-30-0015,2018-07-11,0.1956830604892737,0.14654376985766163,-0.3560162463807654
ROS1-31-0033,2018-07-11,0.18422936428117537,0.10820337779791024,-0.30042675790231477
ROS1-36-0006,2018-07-11,0.19882896295474306,0.1372357768674419,-0.34765251496396365
ROS1-19-0018,2018-07-11,0.21138718325544084,0.17430752398893934,-0.38395512408653476
ROS1-25-0032,2018-07-11,0.4838630673530347,0.2716495770074163,-0.5135388686855136
ROS1-19-0012,2018-07-27,0.21285121314795577,0.1112190254531282,-0.30040312449014794
ROS1-20-0038,2018-07-27,0.3530450024287041,0.19169425579767058,-0.4043221395258002
ROS1-21-0003,2018-07-27,0.26374959162583994,0.149001565340444,-0.35402843850243076
ROS1-25-0012,2018-07-27,0.5266731448575708,0.30415055880143194,-0.5241309744115351
ROS1-26-0018,2018-07-27,0.23367541470216327,0.1496993982106775,-0.3446355828097922
ROS1-30-0002,2018-07-27,0.19601937974275474,0.09227691535304358,-0.3106143290509488
ROS1-31-0022,2018-07-27,0.4577549863026979,0.25899182435968787,-0.4966655007485142
ROS1-32-0025,2018-07-27,0.22178892491560775,0.1510574943132666,-0.33304889720584735
ROS1-37-0031,2018-07-27,0.2032181361368218,0.12125414218414905,-0.351510772243278
ROS1-38-0004,2018-07-27,0.18382871465380202,0.11139117685349988,-0.31660184174917416
ROS1-26-0030,2018-07-27,0.2961741134273222,0.16889218928550281,-0.3745087261273135
ROS1-27-0013,2018-07-27,0.1873023338500245,0.12927810786642255,-0.3035987811192211
ROS1-30-0015,2018-07-27,0.15561210825304067,0.12138683545431976,-0.2615169165625712
ROS1-32-0029,2018-07-27,0.19268245801951886,0.11612097156733858,-0.30658313332802084
ROS1-36-0006,2018-07-27,0.18649187710330173,0.12412528450532588,-0.3173810549781217
ROS1-19-0018,2018-07-27,0.1825005732089957,0.10724661247969365,-0.2881060841923765
ROS1-25-0032,2018-07-27,0.5902421455166783,0.30609131539908213,-0.5704815105465991
ROS1-20-0038,2018-08-12,0.3129655282774837,0.18390079014035252,-0.3855130313231498
ROS1-21-0003,2018-08-12,0.2302703173528599,0.0818242082391265,-0.3115980510593234
ROS1-25-0012,2018-08-12,0.4387183132708404,0.2475268371307244,-0.47998702214341477
ROS1-26-0018,2018-08-12,0.4115517099765491,0.2637053668526423,-0.46876764150562267
ROS1-31-0022,2018-08-12,0.20010676779990516,0.12493766859488942,-0.31595592725271926
ROS1-32-0025,2018-08-12,0.20040697201578328,0.1096069140498758,-0.33063004647071514
ROS1-37-0031,2018-08-12,0.20731618026899973,0.14191642827659914,-0.37631428579023446
ROS1-38-0004,2018-08-12,0.17926869120789735,0.08683761451408203,-0.33167177096597955
ROS1-25-0018,2018-08-12,0.1794700413147827,0.09517645350508654,-0.3016923259614664
ROS1-26-0030,2018-08-12,0.3972192375550494,0.24910251694038785,-0.45629544735529887
ROS1-27-0013,2018-08-12,0.2991232373628174,0.2045411666721828,-0.3848648934122277
ROS1-31-0033,2018-08-12,0.18580779342098652,0.08963298616888514,-0.3160918383928503
ROS1-32-0029,2018-08-12,0.18760181189417616,0.09840283364256448,-0.3184163193387013
ROS1-19-0012,2018-08-28,0.1940346073086168,0.09453016839117948,-0.29393904416948574
ROS1-20-0038,2018-08-28,0.2902581836843817,0.15591798180099958,-0.3731474735745467
ROS1-21-0003,2018-08-28,0.19421125907450393,0.0714755517361641,-0.2756406123139682
ROS1-25-0012,2018-08-28,0.3023138167763126,0.1589162067714727,-0.40597623856769877
ROS1-26-0018,2018-08-28,0.4503188953205725,0.28651803260506176,-0.5017578913437072
ROS1-30-0002,2018-08-28,0.1719654494789084,0.0793610650057459,-0.29951026988766555
ROS1-31-0022,2018-08-28,0.19570076486449936,0.10025584947434561,-0.3280362072282339
ROS1-32-0025,2018-08-28,0.18763274380191938,0.10088970279064788,-0.3148392573409954
ROS1-37-0031,2018-08-28,0.2006292615191458,0.13917570323627654,-0.3718895466039504
ROS1-38-0004,2018-08-28,0.1809882163877041,0.09015450973382469,-0.316922579020148
ROS1-25-0018,2018-08-28,0.17342885516513604,0.08766908064956416,-0.2956490767788171
ROS1-26-0030,2018-08-28,0.19953440640273942,0.10139130664219363,-0.3241882458752841
ROS1-27-0013,2018-08-28,0.2727791517651325,0.1704965406828938,-0.36677210186522907
ROS1-30-0015,2018-08-28,0.15719709405862817,0.11703621240459974,-0.30970172207109703
ROS1-31-0033,2018-08-28,0.1817848511982954,0.0859142088945917,-0.31165278766878185
ROS1-32-0029,2018-08-28,0.17562363037548312,0.09347612807846013,-0.2974461300733882
ROS1-36-0006,2018-08-28,0.17715446118377853,0.08151633526520186,-0.30077879893946735
ROS1-19-0018,2018-08-28,0.16976196030733387,0.10158070208063219,-0.28897037882862486
ROS1-25-0032,2018-08-28,0.3005573984121991,0.15928590907765083,-0.4019904442094818
ROS1-19-0012,2018-09-13,0.20485639737910497,0.09360761549439624,-0.3097160329003501
ROS1-20-0038,2018-09-13,0.2610095707693569,0.13014544006116507,-0.35916081966390423
ROS1-21-0003,2018-09-13,0.19541913868424357,0.06700235368388306,-0.2766322385663772
ROS1-25-0012,2018-09-13,0.2605198421520847,0.14842989468661094,-0.388802411866894
ROS1-26-0018,2018-09-13,0.22020607789145336,0.10464347342512738,-0.3445010936101755
ROS1-30-0002,2018-09-13,0.17657196432344152,0.07722504741176837,-0.30305821123267046
ROS1-31-0022,2018-09-13,0.19558824583393494,0.09035306904428941,-0.3266262378039984
ROS1-32-0025,2018-09-13,0.19405582909606173,0.09807005402566936,-0.31975587668875827
ROS1-37-0031,2018-09-13,0.20899636200042881,0.14486705188033774,-0.38514096363820277
ROS1-38-0004,2018-09-13,0.1806047199101605,0.0815431141800814,-0.3220547690951986
ROS1-25-0018,2018-09-13,0.1844432609362182,0.09027148123713197,-0.30998638257909705
ROS1-26-0030,2018-09-13,0.17840904146100214,0.08445269852094785,-0.31211733631519256
ROS1-27-0013,2018-09-13,0.19581007227609953,0.0755151751618079,-0.2918542859957328
ROS1-30-0015,2018-09-13,0.17258655268395415,0.1244817277012156,-0.3280013558665914
ROS1-31-0033,2018-09-13,0.19675094737694557,0.0949411959201799,-0.3309419686349557
ROS1-32-0029,2018-09-13,0.17979574735716042,0.09128744651629873,-0.3041709024652847
ROS1-36-0006,2018-09-13,0.17899715394442742,0.07877503253453892,-0.2993603513782306
ROS1-19-0018,2018-09-13,0.16954408660725453,0.10110792932147701,-0.294379283566424
ROS1-25-0032,2018-09-13,0.2705999620752182,0.1373260799860787,-0.3899805711062309
ROS1-19-0012,2018-09-29,0.19118241156277538,0.08195522325303961,-0.2826886477510477
ROS1-20-0038,2018-09-29,0.24941530352358923,0.12231761972357619,-0.35201376722614314
ROS1-21-0003,2018-09-29,0.20487997919645076,0.06370387863367968,-0.2759891478384046
ROS1-25-0012,2018-09-29,0.23426773042565208,0.11796044374421888,-0.36050967658374244
ROS1-26-0018,2018-09-29,0.22614040886203007,0.10908156328699477,-0.3471759467127697
ROS1-30-0002,2018-09-29,0.18408522018046952,0.07820338719679192,-0.30588048624742104
ROS1-31-0022,2018-09-29,0.19932762220224148,0.09119773226681996,-0.3293772594084973
ROS1-32-0025,2018-09-29,0.19834859971965574,0.09851203180350343,-0.321086806605353
ROS1-37-0031,2018-09-29,0.20541324399126515,0.1377106815532154,-0.3743839431265683
ROS1-25-0018,2018-09-29,0.1953582684127676,0.10824490805923298,-0.3190020777598388
ROS1-26-0030,2018-09-29,0.1831630757479774,0.08593651925264063,-0.3106550346255783
ROS1-27-0013,2018-09-29,0.20934472217732242,0.08166460433767322,-0.29267176061024297
ROS1-30-0015,2018-09-29,0.15662664913640217,0.10771427507392012,-0.2933027232610497
ROS1-31-0033,2018-09-29,0.19632441496600828,0.09117831134162836,-0.31865658129270136
ROS1-32-0029,2018-09-29,0.18353633072374262,0.09994069728504323,-0.3022955766007969
ROS1-36-0006,2018-09-29,0.1907491377239915,0.09006986517921171,-0.3071925632112518
ROS1-19-0018,2018-09-29,0.18611236386713678,0.09857959846361272,-0.2993997518081389
ROS1-25-0032,2018-09-29,0.22111417816222198,0.09969676457530019,-0.34066564987182046
ROS1-19-0012,2018-10-15,0.195086259842465,0.0807785039850284,-0.28228826790527317
ROS1-20-0038,2018-10-15,0.2366702411386162,0.12242513647856483,-0.3477682487696404
ROS1-21-0003,2018-10-15,0.2094188872313371,0.061147014208438925,-0.2825787032735626
ROS1-25-0012,2018-10-15,0.2136349278335489,0.09671697284528419,-0.32969736648444636
ROS1-26-0018,2018-10-15,0.27071114908276855,0.1252216795077216,-0.36717982755600104
ROS1-30-0002,2018-10-15,0.18722316032061617,0.0839815589662469,-0.3062061980492419
ROS1-31-0022,2018-10-15,0.1903481845989949,0.08946056914399675,-0.3155813314959789
ROS1-32-0025,2018-10-15,0.2770830383654905,0.13024503159560197,-0.3641868915788634
ROS1-37-0031,2018-10-15,0.19653148554189423,0.12413256382379673,-0.3507928783245003
ROS1-38-0004,2018-10-15,0.343596212576536,0.16953060693133903,-0.411651760302396
ROS1-25-0018,2018-10-15,0.18524531856330767,0.09801542198657745,-0.3031537639444678
ROS1-26-0030,2018-10-15,0.1924216894133669,0.08048629894555849,-0.30004237965045377
ROS1-27-0013,2018-10-15,0.2181208506232877,0.06772032960035719,-0.32378708304828097
ROS1-30-0015,2018-10-15,0.1515294885349236,0.09711685548104612,-0.2701539936895387
ROS1-31-0033,2018-10-15,0.21276144942538838,0.09510902034925629,-0.3223378592859307
ROS1-32-0029,2018-10-15,0.17453408844921064,0.0886324210269928,-0.28686719223530127
ROS1-36-0006,2018-10-15,0.194053670336174,0.09551488632704913,-0.3073554891220803
ROS1-19-0018,2018-10-15,0.1806978028562302,0.09419397281347498,-0.29575695768582405
ROS1-25-0032,2018-10-15,0.20779828867498615,0.09047658540385418,-0.32602784513728233
ROS1-18-0027,2018-04-06,0.19643869293252333,0.0976479606080706,-0.27587684872649365
ROS1-19-0012,2018-04-06,0.20103982842354418,0.08696023139956507,-0.28669808983487893
ROS1-24-0030,2018-04-06,0.4742127214116474,0.2845094276016442,-0.481030711850379
ROS1-30-0002,2018-04-06,0.19093895520344828,0.10333682114909248,-0.3123335494895414
ROS1-18-0014,2018-04-06,0.4864789121437325,0.2688096769481429,-0.4743358452225362
ROS1-24-0024,2018-04-06,0.2792366096338974,0.15408261683969962,-0.3592970966553358
ROS1-30-0015,2018-04-06,0.27825769204855944,0.14609582672351595,-0.3768580606804153
ROS1-36-0006,2018-04-06,0.2809198143466094,0.13926663136703374,-0.37400727943607504
ROS1-19-0018,2018-04-06,0.4277349112173556,0.22919329941789704,-0.46302710310320955
ROS1-24-0018,2018-04-06,0.3515086074792687,0.2073760198381746,-0.40755967057693765
ROS1-25-0032,2018-04-06,0.2101557786100146,0.10150785843830806,-0.3250090774764128
ROS1-19-0012,2018-04-22,0.2260244504780725,0.07349356479545154,-0.22076426298353605
ROS1-30-0015,2018-04-22,0.45536168692019435,0.2246997426628285,-0.45821434483024226
ROS1-36-0006,2018-04-22,0.5301252270308675,0.18559919320256327,-0.47240650374583343
ROS1-30-0002,2018-05-24,0.3523979342562389,0.1955602082269169,-0.42067850703841914
ROS1-18-0014,2018-05-24,0.8549479326790119,0.5343813620735806,-0.7754532997283544
ROS1-30-0015,2018-05-24,0.803722083466684,0.5329129165064278,-0.7491814755755918
ROS1-36-0006,2018-05-24,0.6514082553073495,0.3606598856056598,-0.6414777449343064
ROS1-19-0018,2018-05-24,0.8022130788916874,0.49493439634271424,-0.7446677653181687
ROS1-24-0018,2018-05-24,0.8786155770690264,0.7060623175529344,-0.8144833829750938
ROS1-25-0032,2018-05-24,0.2670914305844034,0.1315663158001002,-0.3662352539177292
ROS1-18-0027,2018-06-09,0.5316277132962298,0.2891853807887829,-0.517195310424665
ROS1-19-0012,2018-06-09,0.21825511668350195,0.10632923907583466,-0.3096131734189812
ROS1-24-0030,2018-06-09,0.4142873436891132,0.23455176340508324,-0.5138258548372416
ROS1-30-0002,2018-06-09,0.24327683295490518,0.11805471003665542,-0.34936130583561353
ROS1-18-0014,2018-06-09,0.6974975157675858,0.45946249333436057,-0.6838688022897175
ROS1-24-0024,2018-06-09,0.24502420673808367,0.14692752989663593,-0.3579144459501165
ROS1-30-0015,2018-06-09,0.6763602929663701,0.4218880790633461,-0.6755581594673679
ROS1-36-0006,2018-06-09,0.5140746065129287,0.2806722174320275,-0.5711729085827265
ROS1-19-0018,2018-06-09,0.7043771103594755,0.4380820494682046,-0.697553961700553
ROS1-24-0018,2018-06-09,0.8436105511860096,0.6352967108390359,-0.793621561221136
ROS1-25-0032,2018-06-09,0.2847708684754623,0.1466037829261003,-0.37902298755892283
ROS1-18-0027,2018-06-25,0.45874023451014756,0.32585928400724834,-0.4802709536355656
ROS1-24-0030,2018-06-25,0.20424373256272654,0.16715096872737373,-0.340178857295314
ROS1-24-0024,2018-06-25,0.21423838371485107,0.12169605238741871,-0.3216103642980637
ROS1-36-0006,2018-06-25,0.2899564026561357,0.17581588926138653,-0.4599337553277602
ROS1-19-0018,2018-06-25,0.3635311376097068,0.2235998706050783,-0.5541358220922606
ROS1-24-0018,2018-06-25,0.28581516951240654,0.2282391422861742,-0.37954276388232117
ROS1-19-0012,2018-07-11,0.20577308998847685,0.10607457888441878,-0.2924001858454114
ROS1-24-0030,2018-07-11,0.19025808532530614,0.1463381996071975,-0.3162815045109239
ROS1-30-0002,2018-07-11,0.18729836164883693,0.09198261049281653,-0.30734905435014925
ROS1-18-0014,2018-07-11,0.1854043873437331,0.0850066617161295,-0.2629920757712191
ROS1-24-0024,2018-07-11,0.19287750960882757,0.14627579565540397,-0.2861937270336489
ROS1-30-0015,2018-07-11,0.19686762678494416,0.14765701507799267,-0.35744948049284936
ROS1-36-0006,2018-07-11,0.19965651270903456,0.13814030344079659,-0.3480931064354648
ROS1-19-0018,2018-07-11,0.21229686373850806,0.175207680362204,-0.38480040761832224
ROS1-24-0018,2018-07-11,0.25049350207898813,0.189241625947202,-0.4340601589396952
ROS1-25-0032,2018-07-11,0.48499926427523116,0.2722263431521944,-0.5145740466211698
ROS1-18-0027,2018-07-27,0.5040493171490443,0.2762273845087134,-0.5334305881949272
ROS1-19-0012,2018-07-27,0.21192635535627705,0.11069137281321025,-0.3004761674700482
ROS1-24-0030,2018-07-27,0.19375520874392463,0.10726815519573671,-0.3002749079792803
ROS1-30-0002,2018-07-27,0.1965962927986292,0.09256255420231475,-0.31165434779354967
ROS1-18-0014,2018-07-27,0.21118073691863332,0.11113741383866436,-0.2772942067669206
ROS1-24-0024,2018-07-27,0.21135439949157092,0.11913834563423457,-0.3069566101964768
ROS1-30-0015,2018-07-27,0.15685211039012226,0.12088660225373257,-0.26483855436397846
ROS1-36-0006,2018-07-27,0.18654569664944368,0.12456190319856167,-0.3179070058102524
ROS1-19-0018,2018-07-27,0.1824146067873679,0.1071949873770716,-0.2887321811089619
ROS1-24-0018,2018-07-27,0.18283715157461186,0.10350455681795752,-0.30193615998651635
ROS1-25-0032,2018-07-27,0.5905767587512122,0.3052115840676134,-0.5711269660320655
ROS1-18-0027,2018-08-28,0.26167076234640424,0.15390859927645437,-0.4151850169477856
ROS1-19-0012,2018-08-28,0.19396530159099587,0.09469962894556752,-0.29378993715141094
ROS1-24-0030,2018-08-28,0.17157158103126288,0.09598150687021602,-0.2865961804540687
ROS1-30-0002,2018-08-28,0.17195333032502494,0.07948372653410969,-0.29933335281117285
ROS1-18-0014,2018-08-28,0.17353496122241852,0.08768498847085965,-0.26224043897403143
ROS1-24-0024,2018-08-28,0.19178658698473697,0.09963627674214968,-0.3016777882273149
ROS1-30-0015,2018-08-28,0.1573753820279087,0.11753692588092966,-0.30974849546210315
ROS1-36-0006,2018-08-28,0.17704070720787257,0.0816474687181824,-0.3005171693692292
ROS1-19-0018,2018-08-28,0.17030073952598707,0.10170098381954594,-0.29016898897489957
ROS1-24-0018,2018-08-28,0.15590279034227303,0.09775973851932382,-0.2872007837959611
ROS1-25-0032,2018-08-28,0.30095320067019904,0.15944567393007722,-0.4027781756619516
ROS1-18-0027,2018-09-13,0.2034709480975819,0.10673811960472093,-0.3368184026081762
ROS1-19-0012,2018-09-13,0.2042609931094342,0.0936565941362526,-0.308343199763119
ROS1-24-0030,2018-09-13,0.18543090231955614,0.091411560452819,-0.2970432507237086
ROS1-30-0002,2018-09-13,0.17693084797457162,0.07723448844538716,-0.303636437818229
ROS1-18-0014,2018-09-13,0.2010814686929123,0.09113239240557532,-0.2870376894439684
ROS1-24-0024,2018-09-13,0.1959796388052346,0.09501943573394635,-0.30333565155368597
ROS1-30-0015,2018-09-13,0.17248713692524373,0.12468181732068272,-0.3276769457405725
ROS1-36-0006,2018-09-13,0.1799105055629422,0.07882684117982305,-0.3011220794390361
ROS1-19-0018,2018-09-13,0.1691897200549475,0.10118445772487765,-0.2935626907387073
ROS1-24-0018,2018-09-13,0.1670161704563414,0.10056747817224963,-0.30275716649877343
ROS1-25-0032,2018-09-13,0.27076841036742577,0.13731221847812078,-0.3902803364539719
ROS1-18-0027,2018-09-29,0.20076159287331935,0.09690647837652624,-0.30963795969266344
ROS1-19-0012,2018-09-29,0.1904181169675122,0.0820725929508883,-0.28105726570242545
ROS1-24-0030,2018-09-29,0.1929877111400447,0.10855135780209768,-0.2862740422572998
ROS1-30-0002,2018-09-29,0.18367562347939756,0.07835291219111747,-0.30466511478041863
ROS1-18-0014,2018-09-29,0.20933945177728225,0.09094451705247784,-0.2880945627593107
ROS1-24-0024,2018-09-29,0.20180508103303793,0.09739915882322843,-0.30342741574388066
ROS1-30-0015,2018-09-29,0.15563226223207566,0.10872770388894004,-0.2898206117640836
ROS1-36-0006,2018-09-29,0.19053565335800945,0.09020937398482273,-0.3066485674498124
ROS1-19-0018,2018-09-29,0.18623028561440821,0.09870559533053333,-0.29973548896910873
ROS1-25-0032,2018-09-29,0.2207555832472042,0.09985059525112873,-0.3397970064441035
ROS1-18-0027,2018-10-15,0.19307253438983285,0.08887792808180917,-0.30093961939763547
ROS1-19-0012,2018-10-15,0.19800957195502045,0.08090636300220393,-0.2870685505704539
ROS1-24-0030,2018-10-15,0.16880810367993065,0.08785870909083295,-0.2702775646430201
ROS1-30-0002,2018-10-15,0.1887301832349342,0.08452161691946299,-0.3072374194995707
ROS1-18-0014,2018-10-15,0.19953484317420303,0.08922249218631785,-0.2831716225841478
ROS1-24-0024,2018-10-15,0.2465292840122838,0.12331858668085727,-0.3263995719407637
ROS1-30-0015,2018-10-15,0.1509396936110355,0.09788195077095903,-0.2670258131018671
ROS1-36-0006,2018-10-15,0.1968365766039664,0.09650675586702381,-0.310309902708118
ROS1-19-0018,2018-10-15,0.1817247765730672,0.0946885485621732,-0.2960778109436447
ROS1-24-0018,2018-10-15,0.15020094185485144,0.08706416961344436,-0.2635544529912234
ROS1-25-0032,2018-10-15,0.21054998489284807,0.09128047467910984,-0.32865432122113103
ROS1-28-0002,2018-04-13,0.19403087680334558,0.09158131796020057,-0.28617233660991026
ROS1-29-0003,2018-04-13,0.45552971701205275,0.18987018289367458,-0.48353427004645355
ROS1-28-0015,2018-04-13,0.21927931433919326,0.09453026041134481,-0.31415049443174015
ROS1-29-0005,2018-04-13,0.6217688835931728,0.3803468874590801,-0.6192305839415617
ROS1-22-0014,2018-04-29,0.1990879231541743,0.09061068317161931,-0.26252394289220754
ROS1-29-0003,2018-04-29,0.583940207961461,0.3101876716541808,-0.569299379236485
ROS1-29-0005,2018-04-29,0.6407212530482377,0.3936781324969339,-0.6115271313101948
ROS1-22-0014,2018-05-15,0.3628104956206549,0.168971751661293,-0.39320674497596114
ROS1-28-0002,2018-05-15,0.24964558337281206,0.11927921070969832,-0.34392007447396783
ROS1-29-0003,2018-05-15,0.7847494549303529,0.47168209469181116,-0.7017739803982954
ROS1-28-0015,2018-05-15,0.2665279421937495,0.12186248690701008,-0.3630593950437778
ROS1-29-0005,2018-05-15,0.7527901673780829,0.4729286772824489,-0.6991749753175012
ROS1-22-0014,2018-05-31,0.2272016581129604,0.09916055522677657,-0.28963557196590434
ROS1-28-0015,2018-05-31,0.24165479495262346,0.12466964082460265,-0.3502694812512038
ROS1-22-0014,2018-06-16,0.30109303249284447,0.146581440130801,-0.34477538677150904
ROS1-29-0003,2018-06-16,0.6262763501282395,0.3397646663394494,-0.6521235097902018
ROS1-29-0005,2018-06-16,0.5730104975133304,0.2890156155512652,-0.629316671395922
ROS1-22-0014,2018-07-02,0.5712763389470745,0.3076600429325041,-0.5405384555387238
ROS1-28-0002,2018-07-02,0.5781758617317969,0.305539900192311,-0.5677606598529
ROS1-29-0003,2018-07-02,0.31504161862778846,0.17024974427282755,-0.5008397278621366
ROS1-29-0005,2018-07-02,0.32021037797360313,0.17960707435453105,-0.515525082203493
ROS1-22-0014,2018-08-03,0.827774547413333,0.6685282651903235,-0.714586167696731
ROS1-28-0002,2018-08-03,0.7427087166133742,0.480855836964196,-0.6730278569670982
ROS1-29-0003,2018-08-03,0.25344119710000346,0.08719727774019427,-0.34021814369180164
ROS1-22-0014,2018-08-19,0.7377400366226182,0.500638878225124,-0.6268078463250426
ROS1-28-0002,2018-08-19,0.6666359511177826,0.4061831242902269,-0.5746895838598862
ROS1-29-0003,2018-08-19,0.2357177394787325,0.09560120766351932,-0.3243139203540079
ROS1-29-0005,2018-08-19,0.38539603608704504,0.23168693307202876,-0.4558120289504988
ROS1-22-0014,2018-09-04,0.470149131367647,0.2509054635672976,-0.462188759056262
ROS1-28-0002,2018-09-04,0.33485591913117657,0.1838321104792971,-0.3943758175538862
ROS1-29-0003,2018-09-04,0.21791131317689885,0.09218581430003282,-0.31707184778747677
ROS1-29-0005,2018-09-04,0.2296671752956192,0.08674999851008297,-0.31733294513867744
ROS1-22-0014,2018-09-20,0.33718781674602644,0.1440847662576027,-0.42909893962195356
ROS1-28-0002,2018-09-20,0.2729461337106605,0.11006121909062518,-0.3930393140914906
ROS1-29-0003,2018-09-20,0.41458770165849146,0.18545111085025062,-0.44531654344757965
ROS1-29-0005,2018-09-20,0.21565016633502024,0.08061376665183943,-0.31746231917649786
ROS1-22-0014,2018-10-06,0.345068549060901,0.12151248337347224,-0.43928539187073107
ROS1-29-0003,2018-10-06,0.771285187501957,0.43963480826309337,-0.6808858223735514
ROS1-29-0005,2018-10-06,0.2239475747491942,0.07338328550396758,-0.3253921762707579
ROS1-21-0003,2018-04-13,0.30922672206934726,0.13288522675315545,-0.3577636459700738
ROS1-26-0018,2018-04-13,0.4933007284650372,0.26012015826867224,-0.534670938988523
ROS1-27-0019,2018-04-13,0.28942738669605783,0.12636298601385043,-0.3785146640771507
ROS1-28-0002,2018-04-13,0.19316168180067989,0.0914203025802842,-0.2859836482421227
ROS1-33-0020,2018-04-13,0.5769666264110482,0.32049904241834226,-0.5844405325226805
ROS1-21-0010,2018-04-13,0.37892796888338903,0.1943158467467499,-0.4199118521161578
ROS1-26-0030,2018-04-13,0.19286260571758815,0.08238115100324947,-0.29853550304004073
ROS1-27-0013,2018-04-13,0.5520870887645559,0.3019756817937863,-0.5608484356197166
ROS1-15-0025,2018-04-13,0.20540554944189904,0.08244887409577563,-0.24066030895187693
ROS1-21-0037,2018-04-13,0.20525960315420905,0.07708297886718163,-0.29588075367001593
ROS1-21-0003,2018-04-29,0.8863408320851571,0.23644323826104766,-0.8324080744727436
ROS1-22-0014,2018-04-29,0.20105033096644181,0.09088076683484449,-0.2666990839389896
ROS1-22-0014,2018-05-15,0.3677351048881054,0.16558390619496915,-0.39728445158149145
ROS1-26-0018,2018-05-15,0.7341206889978769,0.3969102659817115,-0.6904515115235736
ROS1-27-0019,2018-05-15,0.5828790552651792,0.322188745991902,-0.5399417407471039
ROS1-28-0002,2018-05-15,0.24878200772018821,0.11912942597924468,-0.3437154655532586
ROS1-33-0020,2018-05-15,0.8193357470112003,0.5116880877311816,-0.7573407548071367
ROS1-26-0030,2018-05-15,0.5703152214275404,0.29799091710191944,-0.5280382371968375
ROS1-28-0015,2018-05-15,0.2672708466796647,0.12221462651652741,-0.3644181551638633
ROS1-15-0025,2018-05-15,0.34764569708918114,0.16569415305475083,-0.3735972093303581
ROS1-21-0037,2018-05-15,0.2545958609044743,0.10798710967204087,-0.3449004834162519
ROS1-21-0003,2018-05-31,0.6315056277555002,0.34037290859342256,-0.5931636354399122
ROS1-22-0014,2018-05-31,0.22766505397985123,0.09897011129391088,-0.2925110756799032
ROS1-26-0018,2018-05-31,0.7041630218291177,0.3996693317892284,-0.686000724015629
ROS1-27-0019,2018-05-31,0.5440697354589409,0.3110795233722897,-0.5396061709375208
ROS1-33-0020,2018-05-31,0.7891166424891746,0.548250033925549,-0.7592139266440021
ROS1-15-0013,2018-05-31,0.734691881470587,0.4078945668138494,-0.7092843265614394
ROS1-21-0010,2018-05-31,0.7471401456550602,0.45834745534882887,-0.7152206012788762
ROS1-22-0022,2018-05-31,0.7157978112221663,0.44982185047029427,-0.6652210152816179
ROS1-26-0030,2018-05-31,0.7014249133605412,0.4140630470894696,-0.6480748451113413
ROS1-27-0013,2018-05-31,0.8290739868320045,0.5528648663458327,-0.7816875960033511
ROS1-28-0015,2018-05-31,0.2408669225431093,0.1247717343524022,-0.3502647952920007
ROS1-15-0025,2018-05-31,0.24997469678142828,0.11233109303889094,-0.32085767033393153
ROS1-22-0002,2018-05-31,0.42330230014223563,0.15436476777521885,-0.4685320865522155
ROS1-21-0003,2018-06-16,0.4417204628831706,0.21938430933488431,-0.5042686105504445
ROS1-22-0014,2018-06-16,0.29975810384901574,0.1461949655824538,-0.344106367178717
ROS1-26-0018,2018-06-16,0.37292006263646393,0.20364981464215687,-0.5130356153329464
ROS1-27-0019,2018-06-16,0.3888436346706612,0.20770664515313905,-0.4660812916308306
ROS1-33-0020,2018-06-16,0.473576065990963,0.2580161176676581,-0.5838170019773454
ROS1-15-0013,2018-06-16,0.4676764822764057,0.2521458457577639,-0.5527928376266966
ROS1-22-0022,2018-06-16,0.5193134136102465,0.3050873119954623,-0.563618013008713
ROS1-26-0030,2018-06-16,0.5707251454353289,0.322528358255768,-0.5883237269143717
ROS1-27-0013,2018-06-16,0.5214051667190592,0.2945805773397307,-0.6052254050040403
ROS1-15-0025,2018-06-16,0.35955191418059823,0.20173261935378564,-0.40250481336261246
ROS1-21-0037,2018-06-16,0.5329537594441464,0.27844668172435255,-0.5281404886605692
ROS1-21-0003,2018-07-02,0.286218718320933,0.15059982694632695,-0.44028315254116707
ROS1-22-0014,2018-07-02,0.5723780851333914,0.307027642324318,-0.5425876419915052
ROS1-26-0018,2018-07-02,0.2838268963025485,0.1757874951425495,-0.47262832651535885
ROS1-27-0019,2018-07-02,0.2566481803199972,0.1424180658301051,-0.41877290854509475
ROS1-28-0002,2018-07-02,0.5790594166148674,0.30517899407107546,-0.569411312664926
ROS1-33-0020,2018-07-02,0.32262547251373297,0.1863765673637457,-0.5203812773250749
ROS1-15-0013,2018-07-02,0.25432105070640876,0.15704024376013695,-0.4287196620444166
ROS1-21-0010,2018-07-02,0.25960733262008334,0.15887312482181673,-0.44720683132685524
ROS1-22-0022,2018-07-02,0.3067945782973698,0.201029293164231,-0.4458111212777329
ROS1-26-0030,2018-07-02,0.23276784755947888,0.13749585771970396,-0.43457910353146423
ROS1-27-0013,2018-07-02,0.316090800291919,0.1775833880623557,-0.5172891332322361
ROS1-28-0015,2018-07-02,0.6312177418751175,0.35284821353871165,-0.5980126514992689
ROS1-15-0025,2018-07-02,0.23210658376616508,0.11076694448846572,-0.32740070700654406
ROS1-21-0037,2018-07-02,0.5976556785716114,0.3273254245634061,-0.5696321633205556
ROS1-22-0002,2018-07-02,0.256524478983511,0.12882663552547483,-0.3661581021434594
ROS1-21-0003,2018-07-18,0.20764098894731833,0.12932703369943957,-0.33050331132888755
ROS1-26-0018,2018-07-18,0.17740745300239524,0.11802880791035346,-0.30591301236015767
ROS1-27-0019,2018-07-18,0.24841304907787654,0.17143712373917777,-0.35203756183124535
ROS1-21-0010,2018-07-18,0.1731511755204144,0.11164945218542496,-0.27209827327473063
ROS1-22-0022,2018-07-18,0.33805850729919773,0.24889871681320244,-0.4077601930643332
ROS1-26-0030,2018-07-18,0.1887837530378505,0.12706717129026598,-0.3185571521973018
ROS1-27-0013,2018-07-18,0.17233657556503507,0.12228878229835817,-0.3194340326255173
ROS1-22-0014,2018-08-03,0.8242626714626338,0.6668751221871032,-0.7126994202913272
ROS1-28-0002,2018-08-03,0.740514690598722,0.48058038190661906,-0.6720285716921585
ROS1-15-0013,2018-08-03,0.3986181866052428,0.23695833343292327,-0.43937784244670436
ROS1-21-0010,2018-08-03,0.3170688690162093,0.19052039212767707,-0.3893663553467144
ROS1-22-0022,2018-08-03,0.7016061686787357,0.5539054844587219,-0.6230604637789974
ROS1-27-0013,2018-08-03,0.24290655824031432,0.1862062650106222,-0.34314454351169704
ROS1-28-0015,2018-08-03,0.6752680046979423,0.39816430187176877,-0.5873741053021524
ROS1-15-0025,2018-08-03,0.25462485846634375,0.12533899521574246,-0.31829073576088823
ROS1-21-0037,2018-08-03,0.6468105870172624,0.38949425177489416,-0.6152973469974563
ROS1-22-0002,2018-08-03,0.24288386167816617,0.10673045137010378,-0.31326578084900464
ROS1-21-0003,2018-08-19,0.2073277800907288,0.06945168142483986,-0.2861875150911187
ROS1-22-0014,2018-08-19,0.7378543545426202,0.5005492189738914,-0.6273823276295962
ROS1-26-0018,2018-08-19,0.4525136382965354,0.2808468950911966,-0.4977311194843151
ROS1-27-0019,2018-08-19,0.23749700065192086,0.11267076188098231,-0.3308040882078757
ROS1-28-0002,2018-08-19,0.6669217459575493,0.4057950046853099,-0.5754707130717669
ROS1-33-0020,2018-08-19,0.4211308978795021,0.2608123947558876,-0.49126955610355144
ROS1-15-0013,2018-08-19,0.2327843854017356,0.10951352788035049,-0.32946793402103597
ROS1-21-0010,2018-08-19,0.20291280497147088,0.09548721852888094,-0.30803062771165185
ROS1-22-0022,2018-08-19,0.24895444272533168,0.11636377830536501,-0.3502246876590134
ROS1-26-0030,2018-08-19,0.3320020885616755,0.20940172663332096,-0.4230345464654248
ROS1-27-0013,2018-08-19,0.3079244721667961,0.20953619024509834,-0.3974666510398738
ROS1-28-0015,2018-08-19,0.4095146998494436,0.22077765555865836,-0.4114889944204718
ROS1-15-0025,2018-08-19,0.21852843108068093,0.10712384918843325,-0.28786617826543737
ROS1-21-0037,2018-08-19,0.5552619865014317,0.33189984432158376,-0.5571984043598087
ROS1-22-0002,2018-08-19,0.2468048753240789,0.10937867573419724,-0.32362178793339647
ROS1-21-0003,2018-09-04,0.18407453028926968,0.06530341326383284,-0.25722496114354587
ROS1-22-0014,2018-09-04,0.4715073140938573,0.25149784633422784,-0.46391412743676436
ROS1-26-0018,2018-09-04,0.4326086764359184,0.2668539859788752,-0.49605075174743823
ROS1-28-0002,2018-09-04,0.3363482576865145,0.18447516223704166,-0.3962567640449006
ROS1-15-0013,2018-09-04,0.21564262057684846,0.10064286675733031,-0.31200914575375205
ROS1-21-0010,2018-09-04,0.18820533712559648,0.09029274332785077,-0.2959712793278869
ROS1-22-0022,2018-09-04,0.2339736805451875,0.10937738444943416,-0.33640306001226555
ROS1-26-0030,2018-09-04,0.1798124455417297,0.08677719603644485,-0.3017518361771953
ROS1-27-0013,2018-09-04,0.2041005020158546,0.08001165326326234,-0.29517780418308703
ROS1-28-0015,2018-09-04,0.264359181272352,0.1149803391036179,-0.38486065753249143
ROS1-15-0025,2018-09-04,0.2019263517531123,0.09096660924500358,-0.26951522020941415
ROS1-21-0037,2018-09-04,0.333784301617786,0.20145586253892225,-0.4473024394277557
ROS1-22-0002,2018-09-04,0.23520685646865414,0.10300616601503018,-0.321097008249757
ROS1-21-0003,2018-09-20,0.21815731468625282,0.05678008294949404,-0.3204614895785024
ROS1-22-0014,2018-09-20,0.33755124631220956,0.14417604224849137,-0.42995293705038984
ROS1-26-0018,2018-09-20,0.2080697956451308,0.0954534031449177,-0.34196565944395013
ROS1-27-0019,2018-09-20,0.2251315624568591,0.10699915674309333,-0.337035445435847
ROS1-28-0002,2018-09-20,0.2736498687867562,0.11027330793070807,-0.39426357241669735
ROS1-33-0020,2018-09-20,0.3699791462869116,0.21405864846989697,-0.4752578743879403
ROS1-15-0013,2018-09-20,0.20064116746409158,0.08720925122642671,-0.32598886483289524
ROS1-21-0010,2018-09-20,0.19179364700228851,0.08415725052640588,-0.3113574702394764
ROS1-22-0022,2018-09-20,0.20028289091752663,0.10018917179734267,-0.3263886089887864
ROS1-26-0030,2018-09-20,0.1824251967615077,0.08105143507363635,-0.31825216634110226
ROS1-27-0013,2018-09-20,0.21425582119781333,0.06622935424453354,-0.32716935628496585
ROS1-28-0015,2018-09-20,0.24967131926548286,0.10682980726753509,-0.3800107210612933
ROS1-15-0025,2018-09-20,0.243697249723104,0.07992789034606114,-0.3286485547908911
ROS1-21-0037,2018-09-20,0.3173818414009754,0.17652097358214372,-0.46724807787077455
ROS1-22-0002,2018-09-20,0.22444709057238363,0.07946534743964385,-0.31503394318921196
ROS1-21-0003,2018-10-06,0.22393413186394703,0.05542901807774927,-0.32868916133806647
ROS1-22-0014,2018-10-06,0.3450458974783508,0.12159966028584092,-0.43894668828016187
ROS1-26-0018,2018-10-06,0.2518465648493136,0.10993552235207753,-0.3623988810474994
ROS1-15-0013,2018-10-06,0.20307547938468662,0.08910779657748244,-0.32011128743393147
ROS1-21-0010,2018-10-06,0.20025998209418988,0.08571766358193489,-0.315947629746862
ROS1-22-0022,2018-10-06,0.4913294035916679,0.2547365611425995,-0.5006925306177021
ROS1-26-0030,2018-10-06,0.19038786816053094,0.08165932326084012,-0.3174238323774268
ROS1-27-0013,2018-10-06,0.22640144037960042,0.06295000049631833,-0.34614365478074494
ROS1-15-0025,2018-10-06,0.27219108998709013,0.16056028536176295,-0.3443450718470116
ROS1-21-0037,2018-10-06,0.2173018589540191,0.0637774058140336,-0.3465665338650803
ROS1-22-0002,2018-10-06,0.36370584524508953,0.13520857113058737,-0.3956919391600838
ROS1-19-0012,2018-04-13,0.21252980123948356,0.09077315110892087,-0.3020524481588619
ROS1-20-0038,2018-04-13,0.20108363731611892,0.07326626297976808,-0.2882409121251975
ROS1-21-0003,2018-04-13,0.30963261503294703,0.1329010169074832,-0.35855618262152117
ROS1-26-0018,2018-04-13,0.49384444854427856,0.25991069900279523,-0.53569435855882
ROS1-08-0025,2018-04-13,0.4164226796811464,0.18957219365796393,-0.4303847940193737
ROS1-13-0000,2018-04-13,0.26455194831105133,0.11477519832806185,-0.3069131876403346
ROS1-14-0009,2018-04-13,0.212506036749265,0.07608593285130605,-0.2772425054094635
ROS1-18-0014,2018-04-13,0.6473261476745852,0.3749624448458956,-0.6020541961362652
ROS1-20-0017,2018-04-13,0.4184039746686909,0.19009684491817308,-0.44286531682775654
ROS1-26-0030,2018-04-13,0.19321852998191916,0.08239495720208855,-0.29944182347385695
ROS1-13-0020,2018-04-13,0.6636929193823798,0.37950450608744485,-0.6259570711695096
ROS1-14-0031,2018-04-13,0.2848147062864827,0.1273394953771671,-0.3301108335660688
ROS1-19-0018,2018-04-13,0.5179597786793861,0.2836593115847253,-0.5283479988338704
ROS1-20-0026,2018-04-13,0.35546960527704763,0.1891586165423554,-0.4308317325154006
ROS1-19-0012,2018-04-29,0.18426164247224336,0.029523536928651173,-0.19405886224288343
ROS1-07-0020,2018-04-29,0.33303670692392234,0.17507433161692512,-0.3989876505619213
ROS1-08-0025,2018-04-29,0.5801631324354638,0.32602092274198796,-0.5490287470077208
ROS1-13-0000,2018-04-29,0.3174192535630366,0.1392632015949235,-0.3583787900777071
ROS1-14-0009,2018-04-29,0.24809359416765098,0.09354390604930002,-0.30376991367415646
ROS1-19-0004,2018-04-29,0.38767659592013887,0.21360078214022465,-0.451946404016664
ROS1-20-0017,2018-04-29,0.5444165799869376,0.32344120160432344,-0.5196407808410691
ROS1-07-0031,2018-04-29,0.639255214192097,0.34267646533820595,-0.5914700808536213
ROS1-13-0020,2018-04-29,0.8794948965160237,0.6709532061956143,-0.7960079714778051
ROS1-19-0018,2018-04-29,0.6819560006601778,0.3955320409807489,-0.6473502045277529
ROS1-20-0026,2018-04-29,0.4957880149105808,0.2785613308634548,-0.5143819363540909
ROS1-19-0012,2018-05-15,0.2655081178862965,0.10820088940815503,-0.33986325934158546
ROS1-20-0038,2018-05-15,0.2675996344104298,0.1102393101661682,-0.35034415779510536
ROS1-26-0018,2018-05-15,0.7321420277772914,0.39629792249105134,-0.6895061043243053
ROS1-07-0020,2018-05-15,0.44305769460009736,0.282557498119159,-0.4559009971165343
ROS1-08-0025,2018-05-15,0.7240346687395741,0.45604442359347036,-0.6586947850365378
ROS1-13-0000,2018-05-15,0.5525793970585025,0.3362108226854288,-0.48454041497046546
ROS1-14-0009,2018-05-15,0.4990104459797053,0.24710925227749014,-0.4634920469355843
ROS1-18-0014,2018-05-15,0.8722403584577743,0.6341001928800867,-0.7839403462620395
ROS1-19-0004,2018-05-15,0.5642889789952164,0.339460354690963,-0.5501883532914783
ROS1-20-0017,2018-05-15,0.6508084922333085,0.36498256892835657,-0.5986695484669845
ROS1-26-0030,2018-05-15,0.5645341946337071,0.296429157141937,-0.5241592634330938
ROS1-07-0031,2018-05-15,0.7599426602993986,0.45033070618660764,-0.669447066708232
ROS1-13-0020,2018-05-15,0.8974428971123111,0.7766177037836098,-0.8002735716309511
ROS1-14-0031,2018-05-15,0.5356644483380301,0.3038915839639089,-0.49821539155526495
ROS1-19-0018,2018-05-15,0.863219609676559,0.5541644281558539,-0.7735646475810556
ROS1-20-0026,2018-05-15,0.5980774370085308,0.31819851087125633,-0.5808161612270011
ROS1-19-0012,2018-05-31,0.22286756396896049,0.09499045180298143,-0.3385463332441017
ROS1-20-0038,2018-05-31,0.3118406575139483,0.14421257136003038,-0.3832358482017004
ROS1-21-0003,2018-05-31,0.6307534688258155,0.340109713249878,-0.5931859846535692
ROS1-26-0018,2018-05-31,0.7040570324180608,0.39966548975197724,-0.6864138419933873
ROS1-07-0020,2018-05-31,0.5420378583879035,0.31625961860536617,-0.5520979091861191
ROS1-08-0025,2018-05-31,0.7048297092130876,0.43357691722073277,-0.6657063875356937
ROS1-13-0000,2018-05-31,0.713980011605858,0.42631567785784524,-0.6301820702198042
ROS1-14-0009,2018-05-31,0.6710430490146121,0.3926126321268894,-0.5991834896396357
ROS1-18-0014,2018-05-31,0.8646509315500379,0.6012135552740014,-0.8010342875752002
ROS1-19-0004,2018-05-31,0.6333877513943429,0.39668644748498855,-0.5955242880765033
ROS1-20-0017,2018-05-31,0.6307490709460216,0.3487759615075077,-0.6046268048401856
ROS1-26-0030,2018-05-31,0.7007498265718917,0.41365201125076384,-0.6481345909282847
ROS1-07-0031,2018-05-31,0.7228410679364773,0.4232010057418086,-0.6644140054578295
ROS1-13-0020,2018-05-31,0.845066972022284,0.6118918445108049,-0.7736161738666641
ROS1-14-0031,2018-05-31,0.717765115226558,0.4691702704750463,-0.6481885637805939
ROS1-19-0018,2018-05-31,0.849576668307408,0.5449213281673161,-0.801908891793915
ROS1-20-0026,2018-05-31,0.5534876922088166,0.30009586353415396,-0.5754067951470351
ROS1-19-0012,2018-06-16,0.21460740712331927,0.09644184560308341,-0.3270272835643901
ROS1-20-0038,2018-06-16,0.32726019205958085,0.15830913061057386,-0.39695206626271445
ROS1-21-0003,2018-06-16,0.4433758935700195,0.21933233010936917,-0.5074075277570629
ROS1-26-0018,2018-06-16,0.37360839543266355,0.2042023977657986,-0.5141432360453174
ROS1-07-0020,2018-06-16,0.46092526579093024,0.27869015028306054,-0.5072810406288434
ROS1-08-0025,2018-06-16,0.4780590196512139,0.27950089576791165,-0.5338076341226984
ROS1-13-0000,2018-06-16,0.4649589651591324,0.294861157087286,-0.4531463669016851
ROS1-14-0009,2018-06-16,0.5947219870286811,0.34398351057693904,-0.5660345462705731
ROS1-18-0014,2018-06-16,0.40108013306462204,0.2633998753990162,-0.49040563200680215
ROS1-19-0004,2018-06-16,0.5946522462845855,0.37445042916996574,-0.5789350272605946
ROS1-20-0017,2018-06-16,0.3809839844763334,0.19758909877264672,-0.4996975675692535
ROS1-26-0030,2018-06-16,0.5712686923429288,0.32245869066509214,-0.5898644991986108
ROS1-13-0020,2018-06-16,0.40454440770084266,0.24889306963833072,-0.5613666289180255
ROS1-14-0031,2018-06-16,0.6629815998321945,0.37647892109265974,-0.617407976745117
ROS1-19-0018,2018-06-16,0.4781823252449286,0.28063141819576265,-0.5849842971047398
ROS1-20-0026,2018-06-16,0.34137701385804464,0.18974503821887986,-0.4678421236416048
ROS1-19-0012,2018-07-02,0.2068525908538098,0.08798139860940637,-0.32383630268110497
ROS1-20-0038,2018-07-02,0.33872784503885184,0.15245979780546745,-0.4190392032407969
ROS1-21-0003,2018-07-02,0.28407490444336864,0.15093353985659785,-0.4369228214654289
ROS1-26-0018,2018-07-02,0.283943473449044,0.17580377217301685,-0.47350397896247937
ROS1-07-0020,2018-07-02,0.3472898902887643,0.19642333257060077,-0.46390636222858994
ROS1-08-0025,2018-07-02,0.2617957718687063,0.16376594781015325,-0.42758399360228694
ROS1-13-0000,2018-07-02,0.2160374069833696,0.13358981088078234,-0.3590815395999095
ROS1-14-0009,2018-07-02,0.23554849900289487,0.1462541527251749,-0.3806268536047111
ROS1-18-0014,2018-07-02,0.1904368353101807,0.07918329625793726,-0.283844355545028
ROS1-19-0004,2018-07-02,0.5304636036195847,0.3126857560553336,-0.5547310038471014
ROS1-20-0017,2018-07-02,0.21394379860524354,0.10989103616095648,-0.3417597106264319
ROS1-26-0030,2018-07-02,0.23325125134689645,0.1373020758732115,-0.436635734195712
ROS1-07-0031,2018-07-02,0.2556769708006785,0.1651420957565548,-0.423205620934557
ROS1-13-0020,2018-07-02,0.276178882283216,0.1872056437335438,-0.4525733028345007
ROS1-14-0031,2018-07-02,0.4786461882013635,0.25854745204373647,-0.5111836218946503
ROS1-19-0018,2018-07-02,0.3351775387870379,0.192477348248656,-0.5441406095696372
ROS1-20-0026,2018-07-02,0.24680294241173464,0.15814771923253246,-0.41354046833436264
ROS1-19-0012,2018-07-18,0.2072062859656415,0.12324332738659968,-0.2941896789174774
ROS1-20-0038,2018-07-18,0.3298986625494275,0.15551291555325547,-0.4016829089572426
ROS1-21-0003,2018-07-18,0.20587699177108673,0.13011378386499695,-0.3276549748816947
ROS1-26-0018,2018-07-18,0.17762018855699005,0.11928396588454905,-0.3063557718476197
ROS1-08-0025,2018-07-18,0.21879735347049814,0.11099431188463353,-0.32800710514913206
ROS1-14-0009,2018-07-18,0.17210564088595898,0.1332625357252246,-0.29409434930941086
ROS1-18-0014,2018-07-18,0.2003061272110102,0.08311752509645065,-0.27770682417362325
ROS1-20-0017,2018-07-18,0.20993559803581519,0.10856160382129029,-0.327395717365362
ROS1-26-0030,2018-07-18,0.18980928627842375,0.12703162111800004,-0.32122042322521166
ROS1-07-0031,2018-07-18,0.20130596046183044,0.14094037642293064,-0.3466979530611011
ROS1-13-0020,2018-07-18,0.19049439975590152,0.1311062756848271,-0.30482337198786313
ROS1-19-0018,2018-07-18,0.16380657663781364,0.11067428495420455,-0.2537974418780477
ROS1-20-0026,2018-07-18,0.20468005030900507,0.14809090472207123,-0.3332813073753276
ROS1-14-0009,2018-08-03,0.32603077681159265,0.20617454643654465,-0.40187545328096325
ROS1-20-0017,2018-08-03,0.2691380958184951,0.15025913679426178,-0.3627619527267072
ROS1-14-0031,2018-08-03,0.41892352977979513,0.23372530856687293,-0.46966618992000525
ROS1-20-0026,2018-08-03,0.3714989093953246,0.26149468920492147,-0.4522324454795348
ROS1-19-0012,2018-08-19,0.19354746964036534,0.08272982869967263,-0.2939920722028684
ROS1-20-0038,2018-08-19,0.3063336519081918,0.15763267569390635,-0.3810290033032411
ROS1-21-0003,2018-08-19,0.20878751251808889,0.06955025127974812,-0.289595485450192
ROS1-26-0018,2018-08-19,0.4528193475174592,0.28111942409090795,-0.4982734434522955
ROS1-07-0020,2018-08-19,0.31171980159866586,0.1762000524017131,-0.3838861608119098
ROS1-08-0025,2018-08-19,0.2807811689211661,0.14656136565226746,-0.3489909803614583
ROS1-13-0000,2018-08-19,0.19052319597217843,0.08510192891846996,-0.28378518517851425
ROS1-14-0009,2018-08-19,0.20554603492347312,0.09088734509113923,-0.3009755859467521
ROS1-18-0014,2018-08-19,0.1793709942454416,0.0803557787789708,-0.26577944893126976
ROS1-19-0004,2018-08-19,0.5044705542797543,0.28259327410970847,-0.5336550765835946
ROS1-20-0017,2018-08-19,0.21179995438338967,0.09381838784846167,-0.2981071714803707
ROS1-26-0030,2018-08-19,0.33274282140104033,0.2094195613438495,-0.4243502965279775
ROS1-07-0031,2018-08-19,0.4334918296950932,0.2751908883494268,-0.4783855038989489
ROS1-13-0020,2018-08-19,0.1950555338150666,0.11529225469709972,-0.32776735373802557
ROS1-14-0031,2018-08-19,0.37128631048836724,0.19935120556409688,-0.4368777681559222
ROS1-19-0018,2018-08-19,0.16214661109564174,0.09958219107627528,-0.28194988319210973
ROS1-20-0026,2018-08-19,0.31796497765066795,0.21617452690432307,-0.41745525121731974
ROS1-19-0012,2018-09-04,0.18708489864286823,0.08516028585094881,-0.2844252676886554
ROS1-20-0038,2018-09-04,0.26710268792431185,0.13499769508282997,-0.3592835958849839
ROS1-21-0003,2018-09-04,0.18537496220142347,0.06547298517979712,-0.2608705511918285
ROS1-26-0018,2018-09-04,0.43287095581195206,0.2671082119993358,-0.4970784707691557
ROS1-07-0020,2018-09-04,0.24763947059250127,0.12783238568629215,-0.3410689794264818
ROS1-08-0025,2018-09-04,0.1907551647421275,0.07607757261772226,-0.2688751955865777
ROS1-13-0000,2018-09-04,0.180686562014339,0.07940749276494084,-0.2774256816754818
ROS1-18-0014,2018-09-04,0.18169716197084054,0.08582019988458243,-0.26845615116955474
ROS1-19-0004,2018-09-04,0.4573353804686381,0.2654396861022593,-0.5194101916247295
ROS1-26-0030,2018-09-04,0.18054864574655716,0.0869640784590258,-0.3038280144023821
ROS1-07-0031,2018-09-04,0.20746491972148481,0.08312871740519476,-0.2900894027146572
ROS1-13-0020,2018-09-04,0.17527598036088488,0.10489340531284805,-0.3107945080696396
ROS1-14-0031,2018-09-04,0.3320784862352246,0.17896336055682224,-0.4141026794570763
ROS1-19-0018,2018-09-04,0.16566895690094222,0.09589877029019686,-0.28557532467785024
ROS1-20-0026,2018-09-04,0.23014377002590727,0.12184963490701964,-0.34933223656621637
ROS1-19-0012,2018-09-20,0.20800859247383174,0.07791525343949676,-0.31958910837543436
ROS1-20-0038,2018-09-20,0.2631903472468153,0.11385596126828876,-0.38353251932698595
ROS1-21-0003,2018-09-20,0.21968093059497004,0.05686714807491444,-0.32417141643886394
ROS1-26-0018,2018-09-20,0.2085371553661487,0.09569907397192795,-0.34269895080206936
ROS1-07-0020,2018-09-20,0.2517852888441136,0.12161976400916055,-0.3475452267431259
ROS1-08-0025,2018-09-20,0.2020751129737299,0.06262809353210122,-0.2941215143863394
ROS1-13-0000,2018-09-20,0.21718674205087293,0.07441935730901517,-0.3220178688937058
ROS1-14-0009,2018-09-20,0.19629788992745065,0.07520551990763254,-0.30004225007971475
ROS1-18-0014,2018-09-20,0.20665620137559396,0.08548229588016597,-0.2918291445865673
ROS1-19-0004,2018-09-20,0.4648410532048999,0.23962617965877778,-0.5151292578377139
ROS1-20-0017,2018-09-20,0.19935722574708845,0.07122927247205096,-0.3026325699818741
ROS1-26-0030,2018-09-20,0.18295505693764544,0.0810918013116425,-0.31976012073349364
ROS1-07-0031,2018-09-20,0.1958345681281318,0.06572892620497525,-0.2764105464899437
ROS1-13-0020,2018-09-20,0.17961809651619776,0.10478167160782685,-0.3211269203437144
ROS1-14-0031,2018-09-20,0.33872364416972994,0.15912405166025045,-0.4240996402648125
ROS1-19-0018,2018-09-20,0.17337854383023266,0.09988078654852951,-0.2953823686526989
ROS1-20-0026,2018-09-20,0.22941954236500534,0.11834569555508949,-0.35642368461012136
ROS1-19-0012,2018-10-06,0.21923119610602998,0.07381397979951004,-0.33362024820912844
ROS1-20-0038,2018-10-06,0.2598382155522393,0.10581867466841287,-0.3816604363202668
ROS1-21-0003,2018-10-06,0.22419378629630016,0.05547595544666328,-0.3281775067771954
ROS1-26-0018,2018-10-06,0.2526362208804102,0.11039534579823233,-0.3624066836109404
ROS1-07-0020,2018-10-06,0.23860042397266595,0.10558484782556607,-0.33811619451218744
ROS1-08-0025,2018-10-06,0.20375931319198137,0.060374491175606095,-0.30170352249631277
ROS1-13-0000,2018-10-06,0.31226179636367196,0.10438808540825205,-0.3773190538805439
ROS1-14-0009,2018-10-06,0.19261968924291017,0.0740017940729238,-0.3012642382792839
ROS1-18-0014,2018-10-06,0.2157688300890101,0.08253181694290083,-0.3057383246431764
ROS1-19-0004,2018-10-06,0.1879231236935836,0.0362657185886711,-0.24557999758221774
ROS1-20-0017,2018-10-06,0.19626499016651155,0.0699680262947626,-0.29913652921532885
ROS1-26-0030,2018-10-06,0.19112541135188163,0.08182635231541545,-0.3181570490876666
ROS1-07-0031,2018-10-06,0.20617204328822192,0.06300153637484918,-0.29921473964012635
ROS1-13-0020,2018-10-06,0.22183809624218778,0.10613429819376835,-0.3571198203746389
ROS1-14-0031,2018-10-06,0.46368310973324417,0.22905173922476502,-0.49710007613389157
ROS1-19-0018,2018-10-06,0.18742060634685906,0.09329811313710368,-0.31087280183154625
ROS1-20-0026,2018-10-06,0.2930547553076855,0.15081509737715698,-0.3974212456074092
ROS1-18-0027,2018-04-29,0.2143805005841648,0.08873011431364954,-0.312186099224069
ROS1-07-0031,2018-04-29,0.6354883193446248,0.3406497528751662,-0.5885936400771459
ROS1-18-0027,2018-05-15,0.288177202011845,0.1292350072254622,-0.34695302863692024
ROS1-18-0014,2018-05-15,0.8728187240536323,0.6350153005437453,-0.7840165182256843
ROS1-07-0031,2018-05-15,0.7588133647086721,0.4489071666246063,-0.6693031078161784
ROS1-18-0027,2018-05-31,0.43807432750460085,0.20355141866447715,-0.4687469170399923
ROS1-18-0014,2018-05-31,0.8644933144207917,0.6005935322633792,-0.801451219432092
ROS1-07-0031,2018-05-31,0.7273723147180032,0.424687314258233,-0.6683201461077896
ROS1-18-0027,2018-06-16,0.5563971010903513,0.31353426094171943,-0.5565923222359382
ROS1-18-0014,2018-06-16,0.4023411521003267,0.2635025170687981,-0.4919287862160741
ROS1-18-0027,2018-07-02,0.6219347134727601,0.3224896807151779,-0.6210505045297625
ROS1-18-0014,2018-07-02,0.1904210357181968,0.07926819921104397,-0.28371185831857265
ROS1-07-0031,2018-07-02,0.25623017790233427,0.1644954358176025,-0.4250958968331802
ROS1-18-0027,2018-07-18,0.6448221666380631,0.3660186524041436,-0.6388027027077506
ROS1-18-0014,2018-07-18,0.20113988986130224,0.08330399964874798,-0.27907022244574947
ROS1-07-0031,2018-07-18,0.20221924626966578,0.14071147739106832,-0.34900561182329304
ROS1-18-0027,2018-08-03,0.3752168796119081,0.2036427744726925,-0.4450150638841081
ROS1-18-0027,2018-08-19,0.2920166857866539,0.15446607912639124,-0.4416260424968346
ROS1-18-0014,2018-08-19,0.18142125651600888,0.08098086934701008,-0.2682769393251162
ROS1-07-0031,2018-08-19,0.4363556700595425,0.2754991580798153,-0.48254925212093075
ROS1-18-0027,2018-09-04,0.2047422961528773,0.10686096101242147,-0.3332922128630494
ROS1-18-0014,2018-09-04,0.18244641326784963,0.08581933079784496,-0.26955385859454223
ROS1-07-0031,2018-09-04,0.20651296555602522,0.08295215832888976,-0.28824261209115976
ROS1-18-0027,2018-09-20,0.19178844382513965,0.10463923455141816,-0.3143360481304948
ROS1-18-0014,2018-09-20,0.20792361071054574,0.08565618434330241,-0.2932516750103929
ROS1-07-0031,2018-09-20,0.2030814931279785,0.06651300780062483,-0.2870266942320915
ROS1-18-0027,2018-10-06,0.20079311447373696,0.0830775958529136,-0.3219831366831304
ROS1-18-0014,2018-10-06,0.21790767481573564,0.08312315127791607,-0.3075281019762114
ROS1-07-0031,2018-10-06,0.2075187797076054,0.06343815494789631,-0.2990004741093043
ROS1-22-0002,2018-04-04,0.3818699659964193,0.13187007527644679,-0.5270867288575997
ROS1-22-0014,2018-05-06,0.23840461765276894,0.10014391883653827,-0.30177181436834527
ROS1-22-0002,2018-05-06,0.2782854249174586,0.16055832300314196,-0.378311570484264
ROS1-22-0014,2018-05-22,0.26543897055933857,0.09379621863836979,-0.33850949676228537
ROS1-22-0002,2018-05-22,0.3746905917958708,0.20584574432078306,-0.4350193242777877
ROS1-22-0014,2018-06-07,0.24162822316364477,0.08493473798000654,-0.3302423560367798
ROS1-22-0002,2018-06-07,0.3053812798680692,0.14251348862531868,-0.3995333250010881
ROS1-22-0014,2018-06-23,0.3532122892581367,0.15387973569347907,-0.4026312182670985
ROS1-22-0002,2018-06-23,0.25529353652101844,0.12498050622507718,-0.36773156731996964
ROS1-22-0002,2018-07-09,0.2605982584040707,0.11289658908825181,-0.3491148066953397
ROS1-22-0014,2018-08-10,0.7856830067796512,0.5542832310439337,-0.6840770365451172
ROS1-22-0002,2018-08-10,0.2473163385651091,0.0952705205688625,-0.34672103110510993
ROS1-22-0014,2018-08-26,0.6635036656355172,0.40554188914434164,-0.5709349615506798
ROS1-22-0002,2018-08-26,0.24498389142385632,0.10069323820809258,-0.3331421726583705
ROS1-22-0014,2018-10-13,0.2843598230029894,0.14607051971192475,-0.4147570740012505
ROS1-22-0002,2018-10-13,0.4746269347568962,0.18200560053070347,-0.49414236412398194
ROS1-15-0013,2018-04-04,0.6773726216854894,0.4423171093824059,-0.6888639605616383
ROS1-15-0025,2018-04-04,0.24708597289239123,0.06806392675669427,-0.3494090994835901
ROS1-15-0013,2018-05-06,0.8047689606853183,0.5052285660185168,-0.7418803244665279
ROS1-15-0025,2018-05-06,0.23415640844589025,0.09909678859662714,-0.30577498065990094
ROS1-22-0002,2018-05-06,0.2789231014226742,0.16095874967953955,-0.3799141788123778
ROS1-14-0031,2018-05-22,0.7403291597376728,0.3860146989198067,-0.6596952007114378
ROS1-22-0002,2018-05-22,0.37833340222961553,0.2068218917731211,-0.43691893767697726
ROS1-22-0022,2018-06-07,0.6645035375000365,0.38957520307599175,-0.652749063111681
ROS1-14-0031,2018-06-07,0.7464006178907198,0.3754512514815541,-0.6863291287182218
ROS1-22-0002,2018-06-07,0.3061973883674625,0.14305914804356237,-0.4002458686090928
ROS1-15-0013,2018-06-23,0.3398505844674441,0.1937437939811062,-0.49827832198484295
ROS1-22-0022,2018-06-23,0.39436680247103467,0.22357130557631233,-0.5183669331404096
ROS1-14-0031,2018-06-23,0.5377614854744928,0.35145956695503316,-0.5285130190869317
ROS1-15-0025,2018-06-23,0.36899341907739036,0.20951608216715017,-0.4092577700822685
ROS1-22-0002,2018-06-23,0.255515765289077,0.12480488345246357,-0.3679722964427325
ROS1-15-0013,2018-07-09,0.25038206335302915,0.15908004244402252,-0.3897817803808781
ROS1-22-0022,2018-07-09,0.32260515237132936,0.18191720032054606,-0.4514493869255348
ROS1-14-0031,2018-07-09,0.46419009195905736,0.2570248377507481,-0.49638733405287
ROS1-15-0025,2018-07-09,0.287900683218932,0.16448931391468227,-0.35233538052120394
ROS1-22-0002,2018-07-09,0.2624715256296954,0.11925132197202232,-0.3548146341770903
ROS1-15-0013,2018-07-25,0.12552696581831738,0.2380822274429673,-0.1389343910956529
ROS1-15-0013,2018-08-10,0.3972236319314696,0.2542425260175863,-0.435283381717682
ROS1-22-0022,2018-08-10,0.37297902850339404,0.18109451931459714,-0.41774094664147193
ROS1-14-0031,2018-08-10,0.4314977941199705,0.21447508694684125,-0.47968767066182844
ROS1-15-0025,2018-08-10,0.23694347497926777,0.09947691786560332,-0.32795577291803324
ROS1-22-0002,2018-08-10,0.24662037838438688,0.09526992871220523,-0.3461216426145727
ROS1-15-0013,2018-08-26,0.20757743919230856,0.09240488410141666,-0.3220317877745439
ROS1-22-0022,2018-08-26,0.22385015544269285,0.10009626462167716,-0.3400424696561894
ROS1-14-0031,2018-08-26,0.3517478561484188,0.17515390207819442,-0.43808431340164045
ROS1-15-0025,2018-08-26,0.22483998492315338,0.09947572091079646,-0.31757797814998073
ROS1-22-0002,2018-08-26,0.2440896821864626,0.10077602962421503,-0.33059403954170163
ROS1-15-0013,2018-09-27,0.19855989177950792,0.07754407477285533,-0.32630283509117414
ROS1-22-0022,2018-09-27,0.30598170267594244,0.1469055721809749,-0.3835885644007395
ROS1-14-0031,2018-09-27,0.36681534161783497,0.1782080246793128,-0.4212204790042066
ROS1-15-0025,2018-09-27,0.27928406213087004,0.08076961449012929,-0.3660728958233378
ROS1-15-0013,2018-10-13,0.19232600701598027,0.07608620244472586,-0.3207244306994852
ROS1-22-0022,2018-10-13,0.5287181675304237,0.28371241662228563,-0.529442605271491
ROS1-14-0031,2018-10-13,0.49504031944844096,0.23343323124125756,-0.5323746937406534
ROS1-15-0025,2018-10-13,0.38387232499744117,0.13291337365218628,-0.43956405398619147
ROS1-22-0002,2018-10-13,0.47302619763685105,0.18387127881436607,-0.4899689939637678
ROS1-01-0044,2018-04-04,0.4650948094615488,0.24680042956397072,-0.4510433372151568
ROS1-07-0020,2018-04-04,0.25809567361153685,0.11918987137541805,-0.3570278605582987
ROS1-08-0025,2018-04-04,0.3388394413713576,0.11354630925223654,-0.3993323324692478
ROS1-01-0009,2018-04-04,0.23403769292928617,0.07141903297284269,-0.26843173205296256
ROS1-07-0031,2018-04-04,0.4541658913940269,0.2189749282483798,-0.46211507826326337
ROS1-01-0044,2018-05-06,0.8253450758406913,0.6565608559799588,-0.744431507627335
ROS1-08-0025,2018-05-06,0.6413880669161222,0.46403942515965907,-0.5749388837882515
ROS1-01-0009,2018-05-06,0.3752505914400912,0.1187421670699528,-0.386440269537464
ROS1-07-0031,2018-05-06,0.7065770497953959,0.4201187709986832,-0.6432058785713212
ROS1-01-0044,2018-05-22,0.876379202759362,0.6510261731761348,-0.7945565177529768
ROS1-01-0009,2018-05-22,0.6706951907622307,0.09689759171417574,-0.5196479335319282
ROS1-07-0031,2018-05-22,0.785323498669479,0.4420616462484517,-0.7020153511194458
ROS1-14-0031,2018-05-22,0.7392010188289259,0.3864906270585601,-0.6590729762725137
ROS1-01-0044,2018-06-07,0.8059929847156617,0.5805437312090014,-0.7391554594896272
ROS1-07-0020,2018-06-07,0.5625407878723558,0.3114819622920439,-0.5739794994235006
ROS1-08-0025,2018-06-07,0.6740345651063783,0.35420739733456014,-0.6589353369114012
ROS1-01-0009,2018-06-07,0.4201862706848578,0.21784542651278166,-0.4474883233930188
ROS1-07-0031,2018-06-07,0.6443697381180835,0.3525278537504395,-0.6249093198612435
ROS1-14-0031,2018-06-07,0.7475587536699977,0.3746610516162162,-0.6885899537518929
ROS1-01-0044,2018-06-23,0.3389320121186548,0.22813049779399158,-0.4925948241855504
ROS1-07-0020,2018-06-23,0.40848717101853976,0.22651356234636735,-0.4788433919896784
ROS1-01-0009,2018-06-23,0.37380107785994576,0.22849124729978978,-0.4213586593113538
ROS1-07-0031,2018-06-23,0.36423748058088334,0.23279266123709885,-0.44205336039218196
ROS1-14-0031,2018-06-23,0.5004395184221611,0.31262596110495405,-0.49783722526266394
ROS1-01-0044,2018-07-09,0.21778590657145713,0.16543754416069945,-0.37592590774153334
ROS1-07-0020,2018-07-09,0.339670000284585,0.1881225092102648,-0.4591202218534896
ROS1-08-0025,2018-07-09,0.2052047814686459,0.11165594153838812,-0.3293055864880748
ROS1-01-0009,2018-07-09,0.41752786919151985,0.23283153178150162,-0.46545896797255526
ROS1-07-0031,2018-07-09,0.21723333406558812,0.16340621547644674,-0.38003899451834067
ROS1-14-0031,2018-07-09,0.46411834972928906,0.2564566714901015,-0.49587956488885016
ROS1-08-0025,2018-07-25,0.2466311846232725,0.10180992197588812,-0.33398282050189293
ROS1-01-0009,2018-07-25,0.4206742904571164,0.25506828204748655,-0.45014362879389397
ROS1-01-0044,2018-08-10,0.18301960369780765,0.08896900782398351,-0.2802462951278827
ROS1-08-0025,2018-08-10,0.33481231606406325,0.21038077574435357,-0.39820258192203584
ROS1-01-0009,2018-08-10,0.4264437864781265,0.26101600754563536,-0.46643220610625497
ROS1-07-0031,2018-08-10,0.4425027614615321,0.2897912264754142,-0.4917478553955663
ROS1-14-0031,2018-08-10,0.32800396374779783,0.2127477521924581,-0.3495058289506297
ROS1-01-0044,2018-08-26,0.18046535621266008,0.08840614106349394,-0.2700638903352522
ROS1-07-0020,2018-08-26,0.2529613191248899,0.12342051262657923,-0.34334349973339673
ROS1-08-0025,2018-08-26,0.19762798891202712,0.06827401854341211,-0.2923005183989631
ROS1-01-0009,2018-08-26,0.3304407295424783,0.17223590380521175,-0.40128128738944613
ROS1-07-0031,2018-08-26,0.4238955357994625,0.25444067382011587,-0.47659663378415584
ROS1-14-0031,2018-08-26,0.3523144292897958,0.17491387799659386,-0.4400954419504429
ROS1-07-0020,2018-09-27,0.14449538355551286,0.1515474537582562,-0.18142078105601417
ROS1-08-0025,2018-09-27,0.20136308913188275,0.06087599382325461,-0.2969726293888783
ROS1-01-0009,2018-09-27,0.25690119998663763,0.1307395383993101,-0.36582698287528775
ROS1-07-0031,2018-09-27,0.2053682212375921,0.08483144438556875,-0.2899607845484995
ROS1-14-0031,2018-09-27,0.3678058820630031,0.1787684112369571,-0.4226628492528254
ROS1-01-0044,2018-10-13,0.17778762579333712,0.07911156876776128,-0.2917075148432515
ROS1-07-0020,2018-10-13,0.22560818504759184,0.09325902533937612,-0.34005982215514113
ROS1-08-0025,2018-10-13,0.1956892366824953,0.05411895199792756,-0.30967798024298876
ROS1-01-0009,2018-10-13,0.20468103088225428,0.08710027741803612,-0.3143928043237656
ROS1-07-0031,2018-10-13,0.1986557354274231,0.05645881444821294,-0.3064529220054653
ROS1-14-0031,2018-10-13,0.4958077777309515,0.23428410986309925,-0.5330426250193969
ROS1-01-0044,2018-10-29,0.18245246062964474,0.06769490448033673,-0.28504617904077534
ROS1-07-0020,2018-10-29,0.23384497130188603,0.08301731318753305,-0.3325558500587875
ROS1-07-0031,2018-10-29,0.2162759671863823,0.04842069989477924,-0.3187207072059883
ROS1-01-0044,2018-04-04,0.4658149934149814,0.24888098705280884,-0.45158335756007206
ROS1-01-0044,2018-05-06,0.8256172825335979,0.6567693532687836,-0.7455830883529629
ROS1-01-0044,2018-05-22,0.8754295218423959,0.6513273538169594,-0.7939737761499392
ROS1-01-0044,2018-06-07,0.8057280997283365,0.5814099491317359,-0.7393209541525415
ROS1-01-0044,2018-06-23,0.33212630305297336,0.21759915916967154,-0.49343531859473316
ROS1-01-0044,2018-07-09,0.22002323751041789,0.16460680008301434,-0.38173693291441113
ROS1-01-0044,2018-08-10,0.18224668998060067,0.08845978707726358,-0.28063559105580993
ROS1-01-0044,2018-08-26,0.18041629306046153,0.08802302631028167,-0.27205564646156366
ROS1-01-0044,2018-10-13,0.1770836771943846,0.07918751406598412,-0.29000189808622867
ROS1-01-0044,2018-10-29,0.18073549255242163,0.06809796700738013,-0.2790917360368067
ROS1-01-0009,2018-04-11,0.21115236682370417,0.0702252975703096,-0.27192138639516905
ROS1-01-0009,2018-04-27,0.30106230881353585,0.11438844686421971,-0.3467412964661958
ROS1-01-0009,2018-05-29,0.45270211967111956,0.21767458779110985,-0.4701273413098763
ROS1-01-0009,2018-06-14,0.40602428522123873,0.1995848217952857,-0.44708177975943875
ROS1-01-0009,2018-06-30,0.4682777054376864,0.2092696114120882,-0.4945725170307968
ROS1-01-0009,2018-07-16,0.44716613691717405,0.2743287538040269,-0.46955483260757136
ROS1-01-0009,2018-08-17,0.37747482671771176,0.19999954880150755,-0.44062750201045164
ROS1-01-0009,2018-09-18,0.2952446405562924,0.14385509461078558,-0.4021407135967657
ROS1-01-0009,2018-10-04,0.2550356400185176,0.12972530233787652,-0.3698355855326013
