anon_polygon_id,date,s2_ndvi,s2_evi,s2_ndwi
ROS1-01-0003,2019-04-01,0.1751837566011801,0.08972332334180297,-0.3110294174761471
ROS1-07-0011,2019-04-01,0.3139353836740004,0.16017875668118836,-0.4218533082602444
ROS1-01-0015,2019-04-01,0.17036741418318116,0.0866524432679583,-0.30842265735812857
ROS1-02-0005,2019-04-01,0.2843031049073624,0.12031569328230977,-0.3843616237645375
ROS1-07-0011,2019-04-01,0.2971316487309846,0.15905136815690563,-0.3890304531697757
ROS1-01-0031,2019-04-01,0.170365801539459,0.06089333125084914,-0.27835324782627174
ROS1-12-0000,2019-04-01,0.2540221235230156,0.10396920404686835,-0.3430408889327429
ROS1-07-0011,2019-04-01,0.29326085785121925,0.16079885096745222,-0.3763252596414872
ROS1-12-0004,2019-04-01,0.1821564433944619,0.08240559338360401,-0.30184131790708085
ROS1-07-0045,2019-04-01,0.23777044607217587,0.09010732431633307,-0.3383690222876635
ROS1-08-0010,2019-04-01,0.19375592496309765,0.060067055640646516,-0.32164491888865226
ROS1-07-0012,2019-04-01,0.4200513044696092,0.19951392448270058,-0.45150433418325747
ROS1-07-0011,2019-04-01,0.2915083152334366,0.15884171977215938,-0.3777007788356294
ROS1-07-0018,2019-04-01,0.23814836222971245,0.09561780736608365,-0.33917057687562213
ROS1-13-0013,2019-04-01,0.21395066923057848,0.10207020579982914,-0.3335028374071549
ROS1-18-0029,2019-04-01,0.3776790218523411,0.21622869873340872,-0.46783871701042
ROS1-24-0003,2019-04-01,0.14553118711438404,0.060822228665489364,-0.24435356894612506
ROS1-18-0007,2019-04-01,0.6386655509531424,0.3653159114393248,-0.6303478110451244
ROS1-25-0008,2019-04-01,0.32503268525285006,0.1289335357857304,-0.4485121138590347
ROS1-18-0030,2019-04-01,0.19327587228129445,0.06318770398872987,-0.36984763417109146
ROS1-18-0024,2019-04-01,0.17603310517429627,0.07884572410395609,-0.3314499476072359
ROS1-19-0041,2019-04-01,0.279676065045973,0.13786300114283553,-0.3758385900161496
ROS1-25-0017,2019-04-01,0.1555743135940043,0.0994616238519513,-0.27182984326594234
ROS1-26-0027,2019-04-01,0.3542523437679887,0.18041229507469825,-0.4446160090605371
ROS1-19-0026,2019-04-01,0.3887551801128134,0.1941883237608638,-0.4418659446038655
ROS1-20-0010,2019-04-01,0.1967428734772755,0.08402429283862993,-0.3317782692856091
ROS1-19-0022,2019-04-01,0.1899007668342849,0.06014720188305069,-0.3124920849550169
ROS1-19-0037,2019-04-01,0.6552793664165931,0.38873517062750834,-0.6172340024462699
ROS1-24-0003,2019-04-01,0.14789622982367528,0.06212954895559166,-0.24466133811869892
ROS1-25-0008,2019-04-01,0.3243668691561405,0.1299789949336812,-0.44515285225921575
ROS1-25-0016,2019-04-01,0.2246037773436536,0.08205971011340457,-0.3759039817044022
ROS1-32-0022,2019-04-01,0.6764011428673583,0.43711110889611693,-0.6421399357447565
ROS1-25-0016,2019-04-01,0.20088259188595772,0.07837183428697048,-0.31914691188054434
ROS1-15-0009,2019-04-01,0.315796760666926,0.1283003580388542,-0.4129891952218874
ROS1-15-0016,2019-04-01,0.2974271538746809,0.129074495098802,-0.39438486570792225
ROS1-15-0014,2019-04-01,0.4443222603518006,0.28413088119566743,-0.490651766956154
ROS1-15-0003,2019-04-01,0.23827431855265335,0.05337130554762901,-0.4410153136401996
ROS1-16-0006,2019-04-01,0.3819326101811597,0.13560206682425177,-0.4714214775531734
ROS1-22-0026,2019-04-01,0.1645606889311583,0.05789787749735824,-0.3306354016614385
ROS1-15-0006,2019-04-01,0.42137427766543245,0.23401682598762216,-0.4920496361983442
ROS1-20-0023,2019-04-01,0.1802552867663898,0.07793692778806136,-0.3601865322739299
ROS1-27-0006,2019-04-01,0.2963375243724067,0.11302083903006296,-0.44470039427801034
ROS1-21-0013,2019-04-01,0.2955639724217088,0.10988043605797228,-0.44135710438864745
ROS1-26-0031,2019-04-01,0.721723405148615,0.36235558563370784,-0.7049876383101011
ROS1-27-0009,2019-04-01,0.2117809998819855,0.09389055767957964,-0.37717288429058626
ROS1-20-0007,2019-04-01,0.5368735754260066,0.24100016333115037,-0.5986082290064516
ROS1-21-0034,2019-04-01,0.2789200453945186,0.09798832842651992,-0.4558778643522924
ROS1-26-0006,2019-04-01,0.2961916684330019,0.09918532444097251,-0.4977482116140019
ROS1-27-0004,2019-04-01,0.3830739329746338,0.15527643486622916,-0.5097055980681662
ROS1-21-0043,2019-04-01,0.21114661600442455,0.06293496974159571,-0.4125286343258947
ROS1-26-0036,2019-04-01,0.21039832345580942,0.06769505889958395,-0.4161394128946009
ROS1-22-0016,2019-04-01,0.17208987218717064,0.06416625534113952,-0.2957855951491732
ROS1-22-0011,2019-04-01,0.22312540229342578,0.06247349268755258,-0.315711691900833
ROS1-28-0017,2019-04-01,0.5342182905383828,0.29607856908763336,-0.5536306269306441
ROS1-28-0029,2019-04-01,0.20563342837446533,0.055782496205131926,-0.3543536185149007
ROS1-16-0006,2019-04-01,0.33708730118068825,0.13375529657892982,-0.3961093559846807
ROS1-22-0026,2019-04-01,0.15405650927639128,0.06564234130951613,-0.2766706005579503
ROS1-28-0006,2019-04-01,0.19602123789587755,0.07009558616665272,-0.33817771845336736
ROS1-29-0006,2019-04-01,0.17722093939391528,0.04597963962701103,-0.26153142135571117
ROS1-22-0032,2019-04-01,0.1717714835775544,0.04373241388796682,-0.28293681556884404
ROS1-29-0008,2019-04-01,0.51593709908676,0.33162878289840386,-0.5368185739990919
ROS1-32-0018,2019-04-01,0.3307715286268186,0.1743441531300769,-0.42437940061898327
ROS1-33-0014,2019-04-01,0.23838356352881557,0.11060253486175624,-0.3707493549236691
ROS1-32-0022,2019-04-01,0.6465080351389414,0.40730630623600944,-0.6175175690795282
ROS1-33-0018,2019-04-01,0.3115794108418602,0.15613223056507147,-0.42425356303640505
ROS1-27-0021,2019-04-01,0.17929353086450905,0.060541791997932845,-0.32035581944952907
ROS1-32-0015,2019-04-01,0.18490585557116146,0.06771117218828661,-0.3467661836733058
ROS1-33-0014,2019-04-01,0.24077335079162107,0.11091574648176707,-0.3748671792475643
ROS1-33-0018,2019-04-01,0.3122395126167018,0.15568050924103205,-0.42629373541285215
ROS1-33-0010,2019-04-01,0.18074701342879218,0.05444083383923959,-0.34857287099288
ROS1-28-0030,2019-04-01,0.17863576563804257,0.052231894235850736,-0.3122863639691116
ROS1-33-0009,2019-04-01,0.16996509217499958,0.05682778065088472,-0.32230901494037467
ROS1-34-0003,2019-04-01,0.5439339860439306,0.2881869754172881,-0.5803943708901124
ROS1-28-0006,2019-04-01,0.18854521506192834,0.07158219897658069,-0.3049461283327209
ROS1-33-0010,2019-04-01,0.18016519620425803,0.05431419440597562,-0.3467531786621071
ROS1-33-0009,2019-04-01,0.16898906740227265,0.056578323207191146,-0.3201400095401558
ROS1-34-0003,2019-04-01,0.5435873868633753,0.28851562748743403,-0.5792670678505621
ROS1-33-0014,2019-04-03,0.01957935175906218,0.13248061973709713,-0.023324709691072393
ROS1-33-0014,2019-04-03,0.02246605550901447,0.12056264270015199,-0.03009616686041835
ROS1-28-0030,2019-04-03,0.0241301731997348,0.13948584140218284,-0.0315026173288134
ROS1-33-0009,2019-04-03,0.025093612334489687,0.12184243417574545,-0.03333297427848024
ROS1-34-0003,2019-04-03,0.03260039876263838,0.2089057099699054,-0.04106932901731759
ROS1-43-0019,2019-04-03,0.09517880559948391,0.15429476038968903,-0.12373091968388462
ROS1-49-0004,2019-04-03,0.08506233267829356,0.1283200414769118,-0.0908102151868346
ROS1-49-0003,2019-04-03,0.2513444803970856,0.2479150307280301,-0.2833519049788504
ROS1-33-0009,2019-04-03,0.02492187139424053,0.1224004723284335,-0.0332030527003665
ROS1-34-0003,2019-04-03,0.03228472908489789,0.20777256619430237,-0.04072890732731721
ROS1-01-0003,2019-04-04,0.15966891741947384,0.08733753993684124,-0.28781788217042337
ROS1-07-0011,2019-04-04,0.3076138352795165,0.16254820857612767,-0.38824237820790664
ROS1-01-0015,2019-04-04,0.0017434763890436585,0.04426094319773221,-0.07570771507970003
ROS1-07-0011,2019-04-04,0.3075917585106291,0.159476271021312,-0.3901707777294302
ROS1-01-0031,2019-04-04,0.15347836046955743,0.052833101448662975,-0.24486063291352686
ROS1-07-0011,2019-04-04,0.30586522370487534,0.16347331234815196,-0.38387827770732275
ROS1-07-0011,2019-04-04,0.3047065330588214,0.16111076352327972,-0.38130768857133895
ROS1-07-0018,2019-04-04,0.17384324648048652,0.10707488665848384,-0.21426419475863692
ROS1-15-0014,2019-04-04,0.04574471105751135,0.14372761867509093,-0.04800282719311175
ROS1-16-0006,2019-04-04,0.007869745094181502,0.061978588404098936,-0.01836898249439857
ROS1-16-0006,2019-04-04,0.0037161596015595935,0.0429937075110628,-0.009349543663385175
ROS1-36-0014,2019-04-05,0.1695123834882142,0.1821272079450081,-0.22583882117910928
ROS1-42-0006,2019-04-05,0.574972683436477,0.4916953335424529,-0.5451065200503452
ROS1-36-0022,2019-04-05,0.4781446820581658,0.4084812880536504,-0.4629217649912354
ROS1-42-0008,2019-04-05,0.14635193329364993,0.11627499533323628,-0.23795857758506025
ROS1-36-0019,2019-04-05,0.5017280366069106,0.36237300158158703,-0.49305794044890255
ROS1-36-0014,2019-04-05,0.16693210186475338,0.1982364107153416,-0.21556257809936546
ROS1-37-0012,2019-04-05,0.2592119093074891,0.13457886785424397,-0.3644729458335605
ROS1-42-0000,2019-04-05,0.3250395574746063,0.14480699605020664,-0.3768400379846428
ROS1-37-0012,2019-04-05,0.2608446179246774,0.13266393609945848,-0.3687504661131266
ROS1-43-0006,2019-04-05,0.25841035079048913,0.3046668343046241,-0.29015708239804194
ROS1-43-0019,2019-04-05,0.47807837650681934,0.31347906038708145,-0.49324513634018247
ROS1-49-0007,2019-04-05,0.41161374542206397,0.2616390902503441,-0.45620035206870846
ROS1-42-0000,2019-04-05,0.32033608680023945,0.14611843088718765,-0.3647619823702427
ROS1-49-0004,2019-04-05,0.2171377158768986,0.18479985708255858,-0.25596371886911246
ROS1-49-0007,2019-04-05,0.4138720943213889,0.25774111089246887,-0.46062420034289353
ROS1-01-0003,2019-04-06,0.16744423702088312,0.10179589347891815,-0.26128780167905197
ROS1-07-0011,2019-04-06,0.30667419627359827,0.20384001854215042,-0.3357576313689818
ROS1-02-0005,2019-04-06,0.12265063603364254,0.13044338643044026,-0.12269755791915601
ROS1-07-0011,2019-04-06,0.32818578321320685,0.20251697221632267,-0.3790268123109776
ROS1-01-0031,2019-04-06,0.14363918404167478,0.058911277430681835,-0.2222507023745657
ROS1-12-0000,2019-04-06,0.2710071470408914,0.12786044572193753,-0.31000897248387904
ROS1-07-0011,2019-04-06,0.3049390189194932,0.2049858745693993,-0.3311162101630181
ROS1-12-0004,2019-04-06,0.16907837150634228,0.08612509527914076,-0.25292373237993054
ROS1-07-0045,2019-04-06,0.2257178486061875,0.1157506527070384,-0.26666035819943523
ROS1-08-0010,2019-04-06,0.21912601248064295,0.45059445366488643,-0.17707318560269097
ROS1-07-0012,2019-04-06,0.28147768188875677,0.32893652859968936,-0.25375359123494207
ROS1-07-0011,2019-04-06,0.32529838620906454,0.2049520778527486,-0.37185608424036415
ROS1-07-0018,2019-04-06,0.21072798786715713,0.1616202005055324,-0.24500524288782105
ROS1-13-0013,2019-04-06,0.18074989374399864,0.2098407686144033,-0.21120677885510342
ROS1-18-0029,2019-04-06,0.40069542817472575,0.24060848398856366,-0.44413026805161565
ROS1-24-0003,2019-04-06,0.22142682575836348,0.10720485231412855,-0.33109944733765334
ROS1-18-0007,2019-04-06,0.6288273841324699,0.37448452349237216,-0.6021866942101527
ROS1-25-0008,2019-04-06,0.12487274158243378,0.1280229904013264,-0.13013346758961966
ROS1-18-0030,2019-04-06,0.16552341854528346,0.07168594026863521,-0.2719056819364359
ROS1-18-0024,2019-04-06,0.1863535194076876,0.08919857483805889,-0.3143657496691901
ROS1-19-0041,2019-04-06,0.04650668702272961,0.055271143193793365,0.012772682646697512
ROS1-26-0027,2019-04-06,0.36008662123881346,0.23787552711940804,-0.4116624490009626
ROS1-19-0026,2019-04-06,0.19065322242252733,0.2527740579695612,-0.17847225349988802
ROS1-20-0010,2019-04-06,0.19930847821262082,0.09141164233866997,-0.32201207930264986
ROS1-19-0022,2019-04-06,-0.016366139848996118,-0.0318736885941027,-0.017416458761152182
ROS1-19-0037,2019-04-06,0.6193433622345018,0.5308829236895712,-0.5538282232940567
ROS1-24-0003,2019-04-06,0.2161590771958738,0.10911789511179024,-0.31178674792427913
ROS1-25-0008,2019-04-06,0.12715737028296026,0.12829998264223064,-0.13191917196802486
ROS1-25-0016,2019-04-06,-0.0433534283657451,-0.02775392012548025,-0.002358784404276304
ROS1-32-0022,2019-04-06,0.6412792485909455,0.42467697952387695,-0.5915912836698228
ROS1-25-0016,2019-04-06,-0.04487643065782756,-0.029745462101255445,0.001690999652598151
ROS1-15-0009,2019-04-06,0.30257123124487967,0.1525884427744854,-0.3451647347150251
ROS1-15-0016,2019-04-06,0.2653537177006049,0.13842461789985758,-0.3205170579583284
ROS1-15-0014,2019-04-06,0.4520761851706079,0.3161793326444466,-0.47867588157133767
ROS1-15-0003,2019-04-06,0.18732705754212425,0.05413872085308116,-0.3169498528519761
ROS1-16-0006,2019-04-06,0.3598529301938925,0.1443861091663674,-0.4193359920311397
ROS1-22-0026,2019-04-06,0.1522784768878283,0.060731145725720775,-0.2781077377959024
ROS1-15-0006,2019-04-06,0.42602352149896894,0.261928433531992,-0.47614664275674445
ROS1-20-0023,2019-04-06,0.17527485498459797,0.08530105964806989,-0.33078392322163996
ROS1-27-0006,2019-04-06,0.2641590644190847,0.1289636224109139,-0.36189320342925624
ROS1-21-0013,2019-04-06,0.2912272804961004,0.13101408972301082,-0.38258238970940417
ROS1-26-0031,2019-04-06,0.6395150848772254,0.3687114494636096,-0.6020814960094752
ROS1-27-0009,2019-04-06,0.19931692630335138,0.11206306782031958,-0.32550578258980195
ROS1-20-0007,2019-04-06,0.5567029250121098,0.24254342380610644,-0.600098294581718
ROS1-21-0034,2019-04-06,0.23844522163542378,0.1055907874962971,-0.3528729072155154
ROS1-26-0006,2019-04-06,0.29349301527084,0.12780177745255794,-0.41914517338525753
ROS1-27-0004,2019-04-06,0.3505229812286612,0.1779759456508464,-0.4243060671447508
ROS1-21-0043,2019-04-06,0.1753422798313098,0.06178007950247901,-0.30864875595353297
ROS1-26-0036,2019-04-06,0.18738844903848348,0.06707820062038936,-0.3336237542679134
ROS1-21-0016,2019-04-06,0.21833770990491222,0.12648138732114447,-0.32703339792459046
ROS1-22-0016,2019-04-06,0.158369422592933,0.06659726414217806,-0.2551626718625908
ROS1-22-0011,2019-04-06,0.18219217365830334,0.058052467524070256,-0.2136917618202976
ROS1-28-0017,2019-04-06,0.5304185397751793,0.3353645075269196,-0.5190379802151587
ROS1-28-0029,2019-04-06,0.16531002938772746,0.05291407307441595,-0.25801640674127835
ROS1-16-0006,2019-04-06,0.32479885853770996,0.14454724300994332,-0.35888882588255205
ROS1-22-0026,2019-04-06,0.14118272064213916,0.06759278578663619,-0.23361972436988487
ROS1-28-0006,2019-04-06,0.16929585557340776,0.04722533629791995,-0.28963298019382966
ROS1-29-0006,2019-04-06,0.20579966140594347,0.04017287938162612,-0.28014814533075194
ROS1-22-0032,2019-04-06,0.12922856174918843,0.028485768780234046,-0.20584169659181167
ROS1-29-0008,2019-04-06,0.5181036211093626,0.37011090296015287,-0.5242026990337594
ROS1-32-0018,2019-04-06,0.34978247173381377,0.2296636645965789,-0.40928766743791584
ROS1-33-0014,2019-04-06,0.21300660608352753,0.16231493427794572,-0.2864307293535172
ROS1-32-0022,2019-04-06,0.6880062375695815,0.4231330222891608,-0.6304920559925681
ROS1-33-0018,2019-04-06,0.27909798005504394,0.17678361648007135,-0.36591864624410264
ROS1-27-0021,2019-04-06,0.06945788043149288,0.0959680119877625,-0.11418486855445983
ROS1-32-0015,2019-04-06,0.13529783164673898,0.10443025549788473,-0.16458302230954686
ROS1-33-0014,2019-04-06,0.23294509845873398,0.14555352849460895,-0.3235217016381981
ROS1-33-0018,2019-04-06,0.28486556643148836,0.1729293954363703,-0.3802858793671118
ROS1-33-0010,2019-04-06,0.16993674244999124,0.0636616442664623,-0.29894205622006326
ROS1-28-0030,2019-04-06,0.16404264576906094,0.04704721833595786,-0.305777176922552
ROS1-33-0009,2019-04-06,0.1688698544940545,0.07163040181774814,-0.3139519755805579
ROS1-34-0003,2019-04-06,0.5513054460841309,0.31550688789900977,-0.5665556777901481
ROS1-28-0006,2019-04-06,0.15354893007299128,0.051870278153938944,-0.2100682697223947
ROS1-33-0010,2019-04-06,0.17004573358032235,0.06376487606789041,-0.29834941560795064
ROS1-33-0009,2019-04-06,0.16874187894830833,0.07170466156515805,-0.31314241507040746
ROS1-34-0003,2019-04-06,0.5511868943084421,0.31626265737198733,-0.5657063392209746
ROS1-18-0030,2019-04-08,0.12414284098834634,0.11595863551103132,-0.173361576123441
ROS1-18-0024,2019-04-08,0.13824038666783967,0.18144937714251327,-0.17312764282767001
ROS1-19-0037,2019-04-08,0.2840822220076744,0.42491633479628926,-0.2452006932721544
ROS1-24-0006,2019-04-08,0.10037504394324774,0.11874618924629934,-0.06156520164087723
ROS1-36-0019,2019-04-08,0.17470601305460925,0.2361660846456986,-0.1942870296047825
ROS1-42-0000,2019-04-08,0.11395411927154601,0.1478772710252412,-0.127022337802229
ROS1-42-0000,2019-04-08,0.10768011917172046,0.14098828903379582,-0.12284623301964655
ROS1-49-0004,2019-04-08,0.08872993142447566,0.128540377405723,-0.11037838703905618
ROS1-49-0003,2019-04-08,0.16848923448258915,0.2182377421167526,-0.13254616872996125
ROS1-01-0003,2019-04-09,0.15592656782098802,0.08395848704225342,-0.28634480027507786
ROS1-07-0011,2019-04-09,0.3783103935293683,0.21605079135418534,-0.42626782493448684
ROS1-01-0015,2019-04-09,0.1572504894115059,0.122149699519121,-0.25047074749322173
ROS1-02-0005,2019-04-09,0.27491570555144096,0.11512202411495154,-0.36962428787427704
ROS1-07-0011,2019-04-09,0.40010303297876676,0.21281516016152044,-0.467556785980299
ROS1-01-0031,2019-04-09,0.14536221861265503,0.052390028180348366,-0.2563848033572913
ROS1-07-0011,2019-04-09,0.3765686086218855,0.21754536850094755,-0.42208421392299533
ROS1-08-0010,2019-04-09,0.2005157973798418,0.07183651055901502,-0.3163767050036438
ROS1-07-0012,2019-04-09,0.5397513826849569,0.32659398620563773,-0.5184011809818979
ROS1-07-0011,2019-04-09,0.3929030564008473,0.21485575537052418,-0.4522226079109673
ROS1-07-0018,2019-04-09,0.303647115851082,0.13445296389458822,-0.38861523732696496
ROS1-15-0009,2019-04-09,0.08285084654747865,0.06322560661501968,-0.13297036880854154
ROS1-15-0014,2019-04-09,0.19983379376496277,1.029779089334676,-0.17712086580756412
ROS1-16-0006,2019-04-09,-0.02469368469094484,-0.015403013716810134,-0.07389360082027033
ROS1-22-0016,2019-04-09,-0.010232824310682476,0.005084917266536362,-0.07585048455168567
ROS1-16-0006,2019-04-09,-0.027365421095676374,-0.01758856895513925,-0.06841170375686194
ROS1-36-0014,2019-04-10,0.1802918061552131,0.08724249326048748,-0.32679245112517824
ROS1-42-0006,2019-04-10,0.6963828541621371,0.4430471772709954,-0.670431563759772
ROS1-36-0022,2019-04-10,0.621067991772778,0.38935129490950504,-0.6315198369070869
ROS1-42-0008,2019-04-10,0.15287743894984643,0.07037951808110764,-0.3601913339730397
ROS1-36-0019,2019-04-10,0.6310257486395987,0.4062306570359707,-0.6395811779852938
ROS1-36-0014,2019-04-10,0.18102958537590014,0.081463360177087,-0.3600715482163146
ROS1-37-0012,2019-04-10,0.2918513093637567,0.15544008571455997,-0.4195692977430674
ROS1-42-0000,2019-04-10,0.43555053845411335,0.21768489390696205,-0.5081038433034274
ROS1-37-0012,2019-04-10,0.27566097403864354,0.1545211358179014,-0.37876282684038454
ROS1-43-0006,2019-04-10,0.5833380669104165,0.32569098902457805,-0.5487736721346207
ROS1-43-0019,2019-04-10,0.5394286448253767,0.3278026759460737,-0.5448507338360133
ROS1-49-0007,2019-04-10,0.46441977083228814,0.2779807179664557,-0.503381694772051
ROS1-42-0000,2019-04-10,0.4319351687451522,0.22003510257536815,-0.4989377305540697
ROS1-49-0004,2019-04-10,0.311614866215588,0.1808881598832209,-0.40839680706025516
ROS1-49-0007,2019-04-10,0.44617265582038945,0.27889774775321013,-0.47270194999231213
ROS1-49-0003,2019-04-10,0.411294212395543,0.2345342349611578,-0.4486382090648981
ROS1-01-0015,2019-04-11,0.11624501553336807,0.12487551085615536,-0.1197996661824233
ROS1-01-0031,2019-04-11,0.1379071284962187,0.054117022337362514,-0.22467798777329434
ROS1-12-0004,2019-04-11,0.18112571648500317,0.09553748747398819,-0.2723523674228051
ROS1-07-0018,2019-04-11,0.6179245283018868,0.3806400730563281,-0.5535425428663863
ROS1-18-0029,2019-04-11,0.4618348978348112,0.3523104976204776,-0.4630462003761503
ROS1-25-0008,2019-04-11,0.06719270518043526,0.09154052513269632,-0.10708006331484343
ROS1-18-0024,2019-04-11,0.2204462511146397,0.14820822889795007,-0.28588917830915894
ROS1-25-0008,2019-04-11,0.07588409558003635,0.09665307253667955,-0.11966945256666042
ROS1-26-0031,2019-04-11,0.5688030364685224,0.34269493695965986,-0.5338925978539387
ROS1-28-0017,2019-04-11,0.5843416391908534,0.3800980174858294,-0.5754523911187233
ROS1-28-0006,2019-04-11,0.16654037355708548,0.07143669753381916,-0.2707037818555244
ROS1-29-0006,2019-04-11,0.221458316090674,0.07004504562747252,-0.31655988414362135
ROS1-22-0032,2019-04-11,0.17392949862176427,0.0579851237185841,-0.2700910393965274
ROS1-29-0008,2019-04-11,0.5821827320622401,0.36575910562937475,-0.5829268125195559
ROS1-33-0014,2019-04-11,0.1032131583688774,0.06839849344907878,-0.19232204059859445
ROS1-33-0014,2019-04-11,0.10256045380628864,0.06696345627308725,-0.1930043108073267
ROS1-28-0030,2019-04-11,0.15354192459375293,0.03817380544861702,-0.30680956600280557
ROS1-34-0003,2019-04-11,0.6302621440130044,0.35349588756630906,-0.6259012245429143
ROS1-28-0006,2019-04-11,0.16321244412920966,0.07195111904433088,-0.2587018496999977
ROS1-34-0003,2019-04-11,0.6301945447716625,0.35434170727979475,-0.6250387914085956
ROS1-18-0007,2019-04-13,0.4468055431814069,0.4718998698335876,-0.4452106658218537
ROS1-18-0024,2019-04-13,0.17699947398060226,0.11440179749814579,-0.22410680341045583
ROS1-19-0041,2019-04-13,0.5891299448243865,-0.04749255968986228,-0.28662090111894994
ROS1-19-0026,2019-04-13,0.6082965303852753,0.4128395392573,-0.5721939660305155
ROS1-20-0010,2019-04-13,0.1986112559000174,0.16559196550627597,-0.19370636878732414
ROS1-19-0022,2019-04-13,-0.008079873059651979,-0.4646350725529431,0.028812538631636877
ROS1-19-0037,2019-04-13,0.43847186275040934,0.46480116967004664,-0.3668019077303527
ROS1-25-0016,2019-04-13,-0.019145243476680493,-0.28064337705078113,0.02592357868529218
ROS1-31-0009,2019-04-13,-0.09170845526613242,-0.042139738570033516,0.02522650588900639
ROS1-37-0049,2019-04-13,0.21259810575218377,0.273831577983171,-0.23064569667802387
ROS1-25-0016,2019-04-13,-0.03327608447409592,-1.1016880797770692,0.05577502380462855
ROS1-31-0038,2019-04-13,0.25131825083206133,0.15541745593590314,-0.33205186981910473
ROS1-38-0001,2019-04-13,0.2766086633991682,0.18813478357857363,-0.348833309814568
ROS1-27-0006,2019-04-13,0.27761699166581744,0.1798910081559622,-0.3146343409041351
ROS1-27-0009,2019-04-13,0.17244987935046496,0.16576990090790789,-0.22457378209861745
ROS1-21-0034,2019-04-13,-0.03382229641365214,-0.010272414003914524,-0.0778911860080283
ROS1-27-0004,2019-04-13,0.36548381011720776,0.3658826229995283,-0.3522557316493124
ROS1-33-0018,2019-04-13,0.1109569643863074,-0.5044789294254916,-0.07621554304073122
ROS1-33-0018,2019-04-13,0.13349248585395346,1.1669614856081942,-0.1210919701443324
ROS1-33-0010,2019-04-13,0.19104040218513588,0.25252713635968754,-0.21646351951563572
ROS1-42-0008,2019-04-13,0.3841684933440502,0.16026929766545392,-0.4713683394267964
ROS1-37-0012,2019-04-13,0.29449093919163477,0.11025289491715123,-0.4804842263212309
ROS1-31-0009,2019-04-13,-0.11377734488208113,-0.05777509348241097,0.06994024174334942
ROS1-37-0049,2019-04-13,0.20773303969565202,0.2787817337857597,-0.22166573097534734
ROS1-38-0002,2019-04-13,0.15179530912605246,0.06954617607421311,-0.28243918555368563
ROS1-31-0038,2019-04-13,0.24792258519108756,0.15668994422796134,-0.32312563216483636
ROS1-37-0012,2019-04-13,0.14166492553704835,0.1103980069605984,-0.1592489108923135
ROS1-38-0001,2019-04-13,0.26763764112012395,0.1920523464170745,-0.330062742746009
ROS1-43-0006,2019-04-13,0.6050175686735739,0.301197506036373,-0.5554760124306266
ROS1-43-0019,2019-04-13,0.4199332590363773,0.24207313331793937,-0.392618380119781
ROS1-49-0007,2019-04-13,0.40339110132837874,0.41779875485975854,-0.3992891751819299
ROS1-49-0004,2019-04-13,0.39508961280837857,0.3649717869643709,-0.4209839933636401
ROS1-49-0007,2019-04-13,0.39975324947309854,0.4175704431703764,-0.39386562722616447
ROS1-49-0003,2019-04-13,0.4850756467784178,0.3315212123737955,-0.5040422567387386
ROS1-33-0010,2019-04-13,0.2051902086962467,0.2645329097455001,-0.2312211804918852
ROS1-36-0022,2019-04-15,0.06578968573614694,0.2822086981751332,-0.059274756082123
ROS1-36-0019,2019-04-15,0.06341177980216539,0.313201081067063,-0.0536226042398765
ROS1-42-0000,2019-04-15,0.4870724460100383,0.29002318557741646,-0.49536751840034404
ROS1-43-0006,2019-04-15,0.5729650592735411,0.4707234515002693,-0.5261341080082829
ROS1-42-0000,2019-04-15,0.4837840196673576,0.293687809932843,-0.48791713570116013
ROS1-01-0003,2019-04-16,0.030628864328098075,0.17609810135858067,-0.03979079274122391
ROS1-18-0007,2019-04-16,0.02896091566739724,0.17339757776732617,-0.033242019867305295
ROS1-25-0008,2019-04-18,0.4583163455280779,0.23531956784836341,-0.41417949364016543
ROS1-19-0041,2019-04-18,0.6130359523161715,0.3067042235190695,-0.5336725630198736
ROS1-25-0017,2019-04-18,0.23714312994552333,0.09044204086162655,-0.32534859032123464
ROS1-26-0027,2019-04-18,0.4704957387577945,0.2829078611540047,-0.5069248495195823
ROS1-19-0026,2019-04-18,0.6928842956010204,0.3757709401029162,-0.595705942916089
ROS1-20-0010,2019-04-18,0.2589276269846784,0.11466810974718633,-0.3571000278607796
ROS1-19-0022,2019-04-18,0.215568751861581,0.06497741553859089,-0.2986667956714741
ROS1-25-0008,2019-04-18,0.45747910825897414,0.23918963173714192,-0.4098464014809259
ROS1-37-0025,2019-04-18,0.5699095829295515,0.3086275757949105,-0.5689958110140217
ROS1-25-0016,2019-04-18,0.29267598364377184,0.1294560294717954,-0.35415570840020716
ROS1-30-0006,2019-04-18,0.22178159176665602,0.07463362513161792,-0.3386097202218833
ROS1-31-0028,2019-04-18,0.4390534636874273,0.18010929517890495,-0.4746014828980179
ROS1-36-0014,2019-04-18,0.24707269647679478,0.12067812840988018,-0.3929804717768105
ROS1-31-0009,2019-04-18,0.21050630873317497,0.06608772080193401,-0.3330393801675456
ROS1-37-0049,2019-04-18,0.41183948238077217,0.2045161912813163,-0.495397156875093
ROS1-31-0024,2019-04-18,0.4932155685272737,0.2184486824568239,-0.49368842766656784
ROS1-32-0022,2019-04-18,0.7786743206391801,0.49159007668384946,-0.704950232713783
ROS1-37-0025,2019-04-18,0.5659564492209804,0.30521618495091196,-0.5640395346083485
ROS1-25-0016,2019-04-18,0.2887991771521197,0.12770778116227136,-0.34684961066725767
ROS1-31-0038,2019-04-18,0.43416934460239837,0.15501272465405108,-0.4595563165726438
ROS1-31-0028,2019-04-18,0.43064355819259964,0.1768792262424879,-0.4646302832188335
ROS1-38-0001,2019-04-18,0.42015685175552525,0.18512890644759605,-0.46586566465507123
ROS1-27-0006,2019-04-18,0.4368707283987376,0.23260559190375105,-0.4711997863333602
ROS1-26-0031,2019-04-18,0.7813251454532667,0.4449479764027846,-0.6906939292270168
ROS1-27-0009,2019-04-18,0.26404524818475317,0.1319990503050956,-0.3602240410283477
ROS1-21-0034,2019-04-18,0.3282546687189281,0.15682567348842463,-0.3992366864274917
ROS1-26-0006,2019-04-18,0.4570597696653412,0.24287604466605278,-0.4777733742247526
ROS1-27-0004,2019-04-18,0.535876569428841,0.3148040258879047,-0.5184563584025187
ROS1-26-0036,2019-04-18,0.2294260538648693,0.0894121712099284,-0.351979526387923
ROS1-28-0017,2019-04-18,0.6268367923541865,0.44716404986000263,-0.6065348531208018
ROS1-28-0006,2019-04-18,0.20008729962410768,0.09066991180713412,-0.31163733983740133
ROS1-32-0018,2019-04-18,0.420911147729435,0.2231524829247218,-0.4599402133687841
ROS1-33-0014,2019-04-18,0.30692556212212035,0.17457384229893355,-0.3988138316813014
ROS1-32-0022,2019-04-18,0.7670270119385275,0.45883428481518457,-0.696737766445638
ROS1-33-0018,2019-04-18,0.4044422727515365,0.23693062783232632,-0.477414480559317
ROS1-27-0021,2019-04-18,0.21051961879064376,0.08294800641046181,-0.33431482477243624
ROS1-32-0015,2019-04-18,0.20454669587948426,0.09345940010185065,-0.3286307635910022
ROS1-33-0014,2019-04-18,0.30423118290658036,0.1742255466795765,-0.3935271936570175
ROS1-33-0018,2019-04-18,0.4024425856897608,0.22887230163882388,-0.47339557670877264
ROS1-33-0010,2019-04-18,0.185048205284081,0.08186731534148303,-0.3261660090174116
ROS1-28-0030,2019-04-18,0.1824485517537556,0.0671660893587633,-0.30079396303645195
ROS1-33-0009,2019-04-18,0.17791116528391018,0.0809003713992005,-0.3199635827450647
ROS1-34-0003,2019-04-18,0.6678016723642078,0.39268649919564663,-0.6153814456118745
ROS1-28-0006,2019-04-18,0.19802448910115428,0.09078039330877881,-0.30577093207770434
ROS1-42-0006,2019-04-18,0.6632304983023962,0.41512077068008907,-0.6256693048774249
ROS1-36-0022,2019-04-18,0.7106787625488203,0.4147438157512154,-0.68791326915505
ROS1-37-0025,2019-04-18,0.5645222689985219,0.3127450654582699,-0.5575688010176193
ROS1-42-0008,2019-04-18,0.2123504110075372,0.0855540641712914,-0.38522466768362973
ROS1-30-0006,2019-04-18,0.21324752466597405,0.07429272277799885,-0.3165872574786033
ROS1-36-0019,2019-04-18,0.6874154910914793,0.44019745070315724,-0.6720980335625496
ROS1-31-0028,2019-04-18,0.4313185478498752,0.1817759229986182,-0.45886342672952213
ROS1-36-0014,2019-04-18,0.2444354514580115,0.12215219684280161,-0.3809777494168953
ROS1-37-0012,2019-04-18,0.4611293640040495,0.21471139833435188,-0.5019322603476896
ROS1-42-0000,2019-04-18,0.5441677029669921,0.27979506130022247,-0.5521954798847403
ROS1-31-0009,2019-04-18,0.20864322708161118,0.06619315639808093,-0.32701805290820934
ROS1-37-0049,2019-04-18,0.40989088517491845,0.2053699647945198,-0.4910848359804762
ROS1-38-0002,2019-04-18,0.18758338427936194,0.05628839158356466,-0.3370489599984982
ROS1-31-0038,2019-04-18,0.4318416969988905,0.15586779777909604,-0.45350837059983795
ROS1-37-0012,2019-04-18,0.4603673607885369,0.2108378306820407,-0.5043168530730169
ROS1-38-0001,2019-04-18,0.4182459440096363,0.18597810744471469,-0.46129684024606854
ROS1-43-0006,2019-04-18,0.7245545077719164,0.42302989508808947,-0.6783392292466129
ROS1-43-0019,2019-04-18,0.6128689527186495,0.37096719525112226,-0.5788575619379659
ROS1-49-0007,2019-04-18,0.5496467651854181,0.3276376517047191,-0.5362543320751166
ROS1-42-0000,2019-04-18,0.536825410173435,0.28196406561894455,-0.5393408382301035
ROS1-49-0004,2019-04-18,0.3843309826932709,0.20106141871173464,-0.46514243577295095
ROS1-49-0007,2019-04-18,0.5472289568907674,0.322989359181256,-0.5315242123846224
ROS1-49-0003,2019-04-18,0.5116246260814519,0.27242953368212774,-0.5168096027336355
ROS1-33-0010,2019-04-18,0.18523196285630267,0.08191922130391939,-0.32621090977306944
ROS1-33-0009,2019-04-18,0.17773639846687594,0.08080344243799092,-0.3196642840527309
ROS1-34-0003,2019-04-18,0.6677291464650524,0.392791502288075,-0.6151140422881805
ROS1-07-0011,2019-04-19,0.5186624648731835,0.30558643325792195,-0.5311435314997671
ROS1-01-0015,2019-04-19,0.18097854809938305,0.15803758673812093,-0.23214453444138483
ROS1-07-0011,2019-04-19,0.4582784076772171,0.33352566064345346,-0.4333335191071134
ROS1-01-0031,2019-04-19,0.239010329270584,0.15564971866267585,-0.2648764883608046
ROS1-07-0011,2019-04-19,0.4721268222548732,0.31555425208332166,-0.4620739249070894
ROS1-07-0011,2019-04-19,0.4525242705587563,0.33725793768818746,-0.4240881546199192
ROS1-15-0009,2019-04-19,0.5063086681169531,0.2797224275392929,-0.49734820283114606
ROS1-15-0014,2019-04-19,0.5020226277491285,0.3803643635648805,-0.5079653123881481
ROS1-15-0003,2019-04-19,0.21409746026161822,0.10026495888801912,-0.27831178764740905
ROS1-42-0006,2019-04-20,0.653441808337385,0.28314327134496325,-0.6593267098297645
ROS1-42-0008,2019-04-20,0.16553098039580047,0.08533379692599997,-0.3639946449597096
ROS1-43-0006,2019-04-20,0.7940812887011444,0.5063241277022776,-0.722324279548278
ROS1-43-0019,2019-04-20,0.6159505717376883,0.41555513356262036,-0.5936636211788643
ROS1-49-0004,2019-04-20,0.3749139647221253,0.22443876780901872,-0.4806600046957299
ROS1-49-0003,2019-04-20,0.5171055991792325,0.2922239600548063,-0.5469277426566662
ROS1-01-0003,2019-04-21,0.19339560987945323,0.09416819703641945,-0.3195299294114179
ROS1-07-0011,2019-04-21,0.6138680303458472,0.39200381740524104,-0.5797157460075244
ROS1-01-0015,2019-04-21,0.18050039948298338,0.10619989996314731,-0.3112365154009386
ROS1-02-0005,2019-04-21,0.528343536642445,0.2842468096338937,-0.49708325374027323
ROS1-07-0011,2019-04-21,0.6125900041841468,0.38937365759928316,-0.5733238225228997
ROS1-01-0031,2019-04-21,0.18509605480741342,0.07592793443568654,-0.27405643903554194
ROS1-12-0000,2019-04-21,0.6370488452018324,0.36575987256418474,-0.5713489320033679
ROS1-07-0011,2019-04-21,0.6129802451162315,0.3963314770939521,-0.5763305024576219
ROS1-12-0004,2019-04-21,0.1935399742002863,0.09033487002244744,-0.3184546506532505
ROS1-07-0045,2019-04-21,0.3619469680678041,0.18567023014319362,-0.3912260578981227
ROS1-08-0010,2019-04-21,0.22370412054397515,0.09032517853257849,-0.30985915198895514
ROS1-07-0012,2019-04-21,0.6589335922184167,0.39781283282377955,-0.5780844249845218
ROS1-07-0011,2019-04-21,0.6094897067795515,0.3922626014837229,-0.5680580760598187
ROS1-07-0018,2019-04-21,0.3075121362803724,0.16958756719751103,-0.3672649482897886
ROS1-13-0013,2019-04-21,0.203108844643638,0.09572258419376872,-0.311005977788066
ROS1-18-0029,2019-04-21,0.6751151342980408,0.49736120620248875,-0.6121497501386324
ROS1-24-0003,2019-04-21,0.30637755783092885,0.16496911804751047,-0.380440613910573
ROS1-18-0007,2019-04-21,0.7289694603444951,0.4932085340349353,-0.6745017320367523
ROS1-25-0008,2019-04-21,0.45434435703138154,0.23981713588504786,-0.4544854587317988
ROS1-18-0030,2019-04-21,0.18408711399299668,0.07332231213498835,-0.29901883169751087
ROS1-18-0024,2019-04-21,0.2574661457965711,0.1680191522426188,-0.325122425474639
ROS1-19-0041,2019-04-21,0.5465322207921713,0.31752795249117083,-0.5106475643520899
ROS1-25-0017,2019-04-21,0.1892457812938377,0.10783854264974475,-0.2856134801596381
ROS1-26-0027,2019-04-21,0.46596070754537744,0.2805612363962384,-0.5023378656443666
ROS1-19-0026,2019-04-21,0.6547687089893172,0.3818774460910787,-0.5876583760156506
ROS1-20-0010,2019-04-21,0.23443914774154492,0.11345795965184625,-0.33664548773367575
ROS1-19-0022,2019-04-21,0.19809428054457384,0.08291193638994779,-0.30339028705487314
ROS1-19-0037,2019-04-21,0.8110815178716314,0.548194289176984,-0.7310864687560471
ROS1-24-0003,2019-04-21,0.30557392840412384,0.1652991971283741,-0.37941973238517884
ROS1-25-0008,2019-04-21,0.45611576205987847,0.24172350715815202,-0.45569406267949797
ROS1-25-0016,2019-04-21,0.28885467237897566,0.13077428120305773,-0.36314420100758543
ROS1-32-0022,2019-04-21,0.7519778407518416,0.4932493311703656,-0.6957463169635568
ROS1-25-0016,2019-04-21,0.28309536976303445,0.12795624534274497,-0.35226838745785444
ROS1-15-0009,2019-04-21,0.5214903836455401,0.2928527499063238,-0.48935398319848655
ROS1-15-0016,2019-04-21,0.335996817529248,0.16877063801985417,-0.38146052248950313
ROS1-15-0014,2019-04-21,0.22523605168477745,0.15910841793884697,-0.2617301853805652
ROS1-15-0003,2019-04-21,0.0926693009261734,0.050389795736859276,-0.15802533655129672
ROS1-16-0006,2019-04-21,0.4333716085009864,0.30350138612503147,-0.405157676798551
ROS1-15-0006,2019-04-21,0.5801926852925168,0.3950990263745318,-0.557364927686079
ROS1-20-0023,2019-04-21,0.16438884807233062,0.08181042216063046,-0.295964758015431
ROS1-27-0006,2019-04-21,0.4112599294441366,0.23035296542794048,-0.4387115591102079
ROS1-21-0013,2019-04-21,0.5266701998017649,0.30238059269484563,-0.4953285837767093
ROS1-26-0031,2019-04-21,0.7126042911510024,0.41731945037212204,-0.6378824477539103
ROS1-27-0009,2019-04-21,0.24126501836329436,0.12547076065708473,-0.3328282117815983
ROS1-20-0007,2019-04-21,0.6740670358254117,0.4174105789674236,-0.619849508806265
ROS1-21-0034,2019-04-21,0.30294687856548563,0.1543577778010962,-0.36095499784323154
ROS1-26-0006,2019-04-21,0.4326033181909339,0.25363736574612056,-0.4615082924338781
ROS1-27-0004,2019-04-21,0.5192750090461731,0.31998218420692975,-0.49889911483633764
ROS1-21-0043,2019-04-21,0.16480440936246377,0.05808095316426691,-0.2717137595255093
ROS1-26-0036,2019-04-21,0.20544763855423112,0.09425767930051863,-0.31049698578193347
ROS1-21-0016,2019-04-21,0.3349678297618458,0.224437350474431,-0.397501640347463
ROS1-22-0016,2019-04-21,0.17212422996426993,0.08664819328154426,-0.2549027664287222
ROS1-22-0011,2019-04-21,0.2585795445322124,0.13147308504325825,-0.27486940834314844
ROS1-28-0017,2019-04-21,0.505909301960088,0.47802616719918967,-0.4856413679666201
ROS1-28-0029,2019-04-21,0.15363336399361363,0.10525627255721451,-0.15969108355275158
ROS1-16-0006,2019-04-21,0.4289951890872798,0.30650791397648114,-0.3996192241195334
ROS1-28-0006,2019-04-21,0.18497221363590524,0.08760740640868561,-0.2810454050599249
ROS1-29-0006,2019-04-21,0.2263008286473842,0.0906394662589964,-0.2675799695396391
ROS1-22-0032,2019-04-21,0.17798082014631114,0.07939757468457485,-0.2262025009497866
ROS1-29-0008,2019-04-21,0.6664511933587841,0.5045172480169604,-0.6296945607572921
ROS1-32-0018,2019-04-21,0.3948488818216072,0.22179561947827028,-0.43820476743602094
ROS1-33-0014,2019-04-21,0.2997274809210613,0.16268223064937884,-0.3620293749551335
ROS1-32-0022,2019-04-21,0.7340950223838519,0.46851434259208385,-0.6749593123841838
ROS1-33-0018,2019-04-21,0.3668656879059018,0.24054822196258835,-0.43056976207333003
ROS1-27-0021,2019-04-21,0.18072473834609679,0.06825470459649612,-0.274963438117901
ROS1-32-0015,2019-04-21,0.17879943884175636,0.0923721896145071,-0.3116612990594917
ROS1-33-0014,2019-04-21,0.30792969942947934,0.16093658325727006,-0.3812525271757413
ROS1-33-0018,2019-04-21,0.3688234407590794,0.23699775993529734,-0.4381249895381084
ROS1-33-0010,2019-04-21,0.1770322826704634,0.08873863936712924,-0.2985744807213538
ROS1-28-0030,2019-04-21,0.18465015021871228,0.09093086139591237,-0.27135595166559195
ROS1-33-0009,2019-04-21,0.16738911651812555,0.0836547419453013,-0.2961043635224954
ROS1-34-0003,2019-04-21,0.631742047507155,0.32851181158862414,-0.5822074295491257
ROS1-28-0006,2019-04-21,0.1840264014016798,0.09119640509510271,-0.266108958254178
ROS1-33-0010,2019-04-21,0.17682869240727542,0.08880476809089405,-0.29777070719950943
ROS1-33-0009,2019-04-21,0.16712926764033517,0.08374345882633119,-0.2952469051823106
ROS1-34-0003,2019-04-21,0.6314440610458687,0.3296637380946296,-0.5813901251793994
ROS1-18-0029,2019-04-23,0.678732957046016,0.5210429656565038,-0.6114519333190073
ROS1-24-0003,2019-04-23,0.2988952937209264,0.17161489491316093,-0.37526246584633455
ROS1-18-0007,2019-04-23,0.7483734159597799,0.5255930973539752,-0.687546272708202
ROS1-25-0008,2019-04-23,0.4771570418560537,0.315852566991128,-0.46844787225644596
ROS1-18-0030,2019-04-23,0.179910490259092,0.08120865488828957,-0.2845338605905267
ROS1-18-0024,2019-04-23,0.2041235671637485,0.10070305914995878,-0.31739257487124994
ROS1-19-0041,2019-04-23,0.5623387208642671,0.36859025068318396,-0.5161994091346076
ROS1-25-0017,2019-04-23,0.2045246637483143,0.1324308778576413,-0.28632567745336307
ROS1-26-0027,2019-04-23,0.4495856807488884,0.3103713054261286,-0.4854594669886529
ROS1-19-0026,2019-04-23,0.6690364732155157,0.46416041955394927,-0.5917734046847236
ROS1-20-0010,2019-04-23,0.22789631097631094,0.12511565705496805,-0.3210134200353484
ROS1-19-0022,2019-04-23,0.19407974519679827,0.0972371511287655,-0.29044935353035856
ROS1-19-0037,2019-04-23,0.8039874350176888,0.6283843939398721,-0.7222408356373682
ROS1-24-0003,2019-04-23,0.2969197995786293,0.17277156502529187,-0.37094970492120016
ROS1-30-0009,2019-04-23,0.6095465264739253,0.42287046849932913,-0.572284808678309
ROS1-24-0026,2019-04-23,0.6780042328166397,0.4845200851740219,-0.6256056535988084
ROS1-25-0008,2019-04-23,0.47621942531906597,0.31962769988895406,-0.4653484218104097
ROS1-30-0001,2019-04-23,0.4483968568937734,0.24487655482760926,-0.4578448820925813
ROS1-37-0025,2019-04-23,0.5318118702833278,0.33105950419358493,-0.5373291594642206
ROS1-25-0016,2019-04-23,0.27202732087350523,0.1474851400784258,-0.3386435466445452
ROS1-30-0006,2019-04-23,0.18854097304391107,0.10688823680287009,-0.3172512490786187
ROS1-24-0006,2019-04-23,0.16003013984090816,0.0897492408928569,-0.2881055179343952
ROS1-25-0023,2019-04-23,0.19490867485292054,0.08983253736892612,-0.3138621627641394
ROS1-30-0013,2019-04-23,0.18361004608223444,0.11133932775852753,-0.3216084466294253
ROS1-31-0028,2019-04-23,0.348912073261422,0.21225108511002563,-0.4197676047126275
ROS1-36-0014,2019-04-23,0.24138737851372158,0.13557673674298035,-0.3761729239858791
ROS1-31-0009,2019-04-23,0.18757342022180262,0.092631855663912,-0.3198455782605333
ROS1-37-0049,2019-04-23,0.33563261891347834,0.22314461409295974,-0.4386206249887586
ROS1-31-0024,2019-04-23,0.4198336163040822,0.258710210790963,-0.4609172466066534
ROS1-32-0022,2019-04-23,0.7451067188600237,0.5616669552775879,-0.6815482990422072
ROS1-37-0025,2019-04-23,0.5337792914804204,0.32694323831924504,-0.5411537382738616
ROS1-25-0016,2019-04-23,0.2734858669355297,0.14575356294330818,-0.3421640561087019
ROS1-31-0038,2019-04-23,0.35801748238099945,0.1932117854724581,-0.42472987382512906
ROS1-31-0028,2019-04-23,0.35058125380191185,0.21004489056466824,-0.423325234725489
ROS1-38-0001,2019-04-23,0.37540714479754955,0.232416338962424,-0.43993510476533765
ROS1-27-0006,2019-04-23,0.41800457909579836,0.2688689962462308,-0.4306994168652998
ROS1-26-0031,2019-04-23,0.6961746983052667,0.4702199594929913,-0.6177939086903809
ROS1-27-0009,2019-04-23,0.2421625279169692,0.14024756106006384,-0.3246951321448345
ROS1-21-0034,2019-04-23,0.29899440017029627,0.17107704767941323,-0.35167913665337075
ROS1-26-0006,2019-04-23,0.4042193574820514,0.26873107134981666,-0.4265286788145802
ROS1-27-0004,2019-04-23,0.5115898078062405,0.3524969644585828,-0.4816734365246259
ROS1-26-0036,2019-04-23,0.2042521132806329,0.10767914984316813,-0.2932496227474757
ROS1-28-0017,2019-04-23,0.5671605333291673,0.4770031412999095,-0.5321175163304346
ROS1-32-0018,2019-04-23,0.3814693806500928,0.24136546548201154,-0.41633427471257817
ROS1-33-0014,2019-04-23,0.30565885430285145,0.18231165183236547,-0.3493211558608391
ROS1-32-0022,2019-04-23,0.7446346631719338,0.5521583596558538,-0.6758611274114227
ROS1-33-0018,2019-04-23,0.39252044727079327,0.2685229071690096,-0.4390213426501709
ROS1-27-0021,2019-04-23,0.17087839102042077,0.06990897817342445,-0.25923602010902036
ROS1-32-0015,2019-04-23,0.17433205805747196,0.10256634281196728,-0.29506779882987
ROS1-33-0014,2019-04-23,0.31439709348503364,0.18327249218821418,-0.3670385202804649
ROS1-33-0018,2019-04-23,0.39922003864565186,0.2694659055433829,-0.45325620328210503
ROS1-33-0010,2019-04-23,0.1737703983364956,0.09199945990199448,-0.28893547412624165
ROS1-28-0030,2019-04-23,0.16083976199467184,0.08197723716346998,-0.2317526140268728
ROS1-33-0009,2019-04-23,0.15303982314035228,0.07917448194946844,-0.27911691361214225
ROS1-34-0003,2019-04-23,0.6047212754437632,0.4170099396932735,-0.5495427839516798
ROS1-42-0006,2019-04-23,0.660705774559957,0.412343683544192,-0.6340351380332099
ROS1-36-0022,2019-04-23,0.6521105177762139,0.413977294000222,-0.6423605448552303
ROS1-37-0025,2019-04-23,0.5288491610460978,0.33493702849311024,-0.5299230944264945
ROS1-42-0008,2019-04-23,0.18738274098706442,0.09972053408440676,-0.34941369013811846
ROS1-30-0006,2019-04-23,0.18618497214295254,0.10717781391798623,-0.3102529839482003
ROS1-36-0019,2019-04-23,0.6472399967887995,0.43418430908231087,-0.6376808003511119
ROS1-30-0013,2019-04-23,0.17859872398027635,0.1100731359371121,-0.3131122760076023
ROS1-31-0028,2019-04-23,0.3467140586040298,0.21436269207741535,-0.4132042066407598
ROS1-36-0014,2019-04-23,0.23903182266009404,0.13632868316840988,-0.369250440133774
ROS1-37-0012,2019-04-23,0.391763119775024,0.24048584593683148,-0.45569565238828297
ROS1-42-0000,2019-04-23,0.511827471024977,0.2812681118942551,-0.5329621774247082
ROS1-31-0009,2019-04-23,0.18615161023302373,0.09284688628300071,-0.3152070912662219
ROS1-37-0049,2019-04-23,0.33442795918845986,0.22419177432383738,-0.4353433253471335
ROS1-38-0002,2019-04-23,0.16576608242042065,0.08870634988675669,-0.314087416961829
ROS1-31-0038,2019-04-23,0.3558260275597529,0.19389849553045335,-0.41987586844852065
ROS1-37-0012,2019-04-23,0.39443981474187817,0.236110193683292,-0.4621867278747808
ROS1-38-0001,2019-04-23,0.37402690640433156,0.23350825867117309,-0.4367086959093233
ROS1-43-0006,2019-04-23,0.6675219317212744,0.40807451810267426,-0.6387894249195615
ROS1-43-0019,2019-04-23,0.5633403832281465,0.37055169396914495,-0.5367054804088872
ROS1-49-0007,2019-04-23,0.4993709999300059,0.33241268787295525,-0.501738085846765
ROS1-42-0000,2019-04-23,0.5025996913574138,0.28541873315972516,-0.5123329096186613
ROS1-49-0004,2019-04-23,0.3447515646200264,0.20940352167015486,-0.42247411337655816
ROS1-49-0007,2019-04-23,0.4996753053064206,0.33224610641704777,-0.5024325079855846
ROS1-49-0003,2019-04-23,0.47484399053568443,0.2754441438165207,-0.4827421834902737
ROS1-33-0010,2019-04-23,0.177868870275911,0.094060160968652,-0.289420249970683
ROS1-33-0009,2019-04-23,0.15570838493296105,0.08174718827747149,-0.280211708476384
ROS1-34-0003,2019-04-23,0.5963293461629297,0.41402004724103497,-0.5439348940431793
ROS1-01-0003,2019-04-24,0.20618001526410984,0.12040367585458026,-0.2720380155550462
ROS1-08-0010,2019-04-24,0.23838052966098883,0.15988009514132878,-0.2593951469135734
ROS1-15-0009,2019-04-24,0.4712429435316852,0.3750270865204106,-0.4350581456213203
ROS1-15-0014,2019-04-24,0.37685512446721764,0.3801894559468207,-0.35176761201317447
ROS1-15-0003,2019-04-24,0.17677802624613945,0.16406162433775656,-0.18678522593686123
ROS1-16-0006,2019-04-24,0.2924708534008693,0.23996547810529953,-0.2826915482936513
ROS1-22-0026,2019-04-24,0.15388661627432543,0.0696267266155775,-0.24101629905564553
ROS1-15-0006,2019-04-24,0.34419773855040814,0.36863857745340506,-0.3334192823465106
ROS1-22-0016,2019-04-24,0.17153347951625886,0.09908824857524064,-0.22868175720143796
ROS1-16-0006,2019-04-24,0.2894325424145455,0.2412211223154075,-0.27730111621549397
ROS1-22-0026,2019-04-24,0.15140731069866045,0.07018036301728037,-0.23184665375100413
ROS1-36-0014,2019-04-25,0.23412977677184144,0.1396444965397319,-0.34568806792859397
ROS1-42-0006,2019-04-25,0.6246406679841678,0.46673012415813686,-0.5997860219999175
ROS1-36-0022,2019-04-25,0.6559623372594999,0.4479775897003864,-0.6373856239526838
ROS1-42-0008,2019-04-25,0.17010388372296795,0.07729479708889467,-0.32299275937746114
ROS1-36-0019,2019-04-25,0.650690217731449,0.4661428175679059,-0.6347471991077981
ROS1-36-0014,2019-04-25,0.23620264693263585,0.1417928132807396,-0.3510880589007504
ROS1-37-0012,2019-04-25,0.4034022032262006,0.2793548236149819,-0.4558619564829687
ROS1-42-0000,2019-04-25,0.49749582258020775,0.2885789489878807,-0.521229042008678
ROS1-37-0012,2019-04-25,0.39609502996098767,0.27011196521396014,-0.4522420689985862
ROS1-43-0006,2019-04-25,0.6544260893102803,0.4525517529228717,-0.6199416074817244
ROS1-43-0019,2019-04-25,0.5508853366333504,0.3610420405279019,-0.5394284419608185
ROS1-49-0007,2019-04-25,0.5035519913060479,0.3365769130336549,-0.5075041724101687
ROS1-42-0000,2019-04-25,0.5124730002325222,0.293360844584296,-0.5348156236743321
ROS1-49-0004,2019-04-25,0.34030319052039876,0.20862382897539328,-0.4251402151922851
ROS1-49-0007,2019-04-25,0.4988038011644257,0.3362406045153058,-0.5008714921465905
ROS1-49-0003,2019-04-25,0.4670052085796329,0.2770149381162981,-0.483750461327696
ROS1-01-0003,2019-04-26,0.1969994427068981,0.1154012650197311,-0.29109124831969585
ROS1-07-0011,2019-04-26,0.6259960168170535,0.432543380612952,-0.5774067951586954
ROS1-01-0015,2019-04-26,0.19006878903442187,0.13285144610416644,-0.28198876813534746
ROS1-07-0011,2019-04-26,0.6206564426997371,0.4269767833048252,-0.5711533616975681
ROS1-01-0031,2019-04-26,0.2788145905613263,0.20598301563969287,-0.29694650939782985
ROS1-12-0000,2019-04-26,0.6950914506187071,0.4581124460394842,-0.60231489686899
ROS1-07-0011,2019-04-26,0.6196398854319324,0.4375379500401137,-0.5674724969992746
ROS1-12-0004,2019-04-26,0.18767686966650737,0.09495689091738681,-0.29388879774385385
ROS1-07-0045,2019-04-26,0.35062719010307947,0.19897678182820913,-0.3585410046524251
ROS1-08-0010,2019-04-26,0.22387906679282135,0.11523511970038267,-0.2652174164369429
ROS1-07-0012,2019-04-26,0.7089750366948789,0.5144667718201257,-0.6125214003500039
ROS1-07-0011,2019-04-26,0.6188688684926863,0.43227201185397957,-0.5667679673975055
ROS1-07-0018,2019-04-26,0.34257885486095346,0.21783068983350093,-0.38490367186980734
ROS1-13-0013,2019-04-26,0.1934066117436898,0.10075139600533081,-0.26607513390590987
ROS1-18-0029,2019-04-26,0.680802062804107,0.5202685162027353,-0.5981024734224721
ROS1-24-0003,2019-04-26,0.3150060331345121,0.1794245151321127,-0.3724487048358223
ROS1-18-0007,2019-04-26,0.7040618510300423,0.48592181518572314,-0.6363642971892451
ROS1-25-0008,2019-04-26,0.5329699156910556,0.32500958568151467,-0.5041925736088539
ROS1-18-0030,2019-04-26,0.17663091447248008,0.07801011097859101,-0.26240634255257955
ROS1-18-0024,2019-04-26,0.20532692488660734,0.09875887548654892,-0.2834603887234033
ROS1-19-0041,2019-04-26,0.5974382626160102,0.37077639608868507,-0.5374562922254252
ROS1-25-0017,2019-04-26,0.16954547179677384,0.07992828428704153,-0.2426783776232547
ROS1-26-0027,2019-04-26,0.4502004847058832,0.2930515824280518,-0.474849039935668
ROS1-19-0026,2019-04-26,0.7039727759014595,0.45778665247180883,-0.6191712475900536
ROS1-20-0010,2019-04-26,0.2285541926954517,0.11940208592072624,-0.30637214645911864
ROS1-19-0022,2019-04-26,0.20360322093424857,0.09611986842906488,-0.2852335710036166
ROS1-19-0037,2019-04-26,0.8211293963773649,0.5873290711756766,-0.7371713657577527
ROS1-24-0003,2019-04-26,0.3141511975340879,0.18027397066729903,-0.3689234617918563
ROS1-25-0008,2019-04-26,0.5306327563776528,0.3260051970154659,-0.500085157283119
ROS1-25-0016,2019-04-26,0.21959495038984142,0.10210559375757608,-0.28911480790063276
ROS1-32-0022,2019-04-26,0.7810640855821859,0.5753911768771228,-0.7122813054992871
ROS1-25-0016,2019-04-26,0.2228781359544208,0.10309395039368113,-0.29721628163692243
ROS1-15-0009,2019-04-26,0.5619962955721385,0.3466387274805966,-0.4970970898731273
ROS1-15-0016,2019-04-26,0.11190625560458449,-0.023526176907079543,-0.1514174707696778
ROS1-15-0014,2019-04-26,0.766561441144647,0.6056428583778387,-0.6935095874835938
ROS1-15-0003,2019-04-26,0.2011943279397726,0.08614386869358713,-0.2672135307307212
ROS1-16-0006,2019-04-26,0.10786873873497704,-0.012635940328057411,-0.16566888944540883
ROS1-15-0006,2019-04-26,0.5784499239647504,0.40003171306473767,-0.5436542309783886
ROS1-20-0023,2019-04-26,0.060560050289839656,0.04299450784984632,-0.09557017622114294
ROS1-27-0006,2019-04-26,0.4606583982697943,0.2805104423903746,-0.4579873975433314
ROS1-21-0013,2019-04-26,0.5582468925579618,0.3430554893238337,-0.5101329925954351
ROS1-26-0031,2019-04-26,0.7051276658719552,0.450764636538787,-0.6327659756554616
ROS1-21-0034,2019-04-26,0.3160384000267253,0.17022548695950152,-0.36586043922917066
ROS1-26-0006,2019-04-26,0.43812809645603285,0.30151305668620115,-0.45108077229088855
ROS1-27-0004,2019-04-26,0.5240687233559872,0.3323485752517732,-0.4910889014120611
ROS1-21-0043,2019-04-26,0.15293903784734866,0.06343884111152334,-0.23980692950960666
ROS1-26-0036,2019-04-26,0.20498730078082483,0.10345392052580597,-0.2936395813332159
ROS1-21-0016,2019-04-26,0.3813926414247042,0.25048860003779083,-0.41935606356818994
ROS1-28-0029,2019-04-26,0.18165632733521572,0.07233547418125812,-0.25182119475690207
ROS1-16-0006,2019-04-26,0.14157614280425926,0.001726334448216953,-0.16484011155026296
ROS1-29-0006,2019-04-26,0.24922642905442977,0.09430575818680016,-0.2907289753971338
ROS1-22-0032,2019-04-26,0.14706317897300317,0.046501353021715125,-0.21737245973826036
ROS1-32-0018,2019-04-26,0.1867381360226047,0.13770172880904316,-0.21211172023984903
ROS1-33-0014,2019-04-26,0.28030977144512575,0.19833758970192575,-0.30276907777466955
ROS1-32-0022,2019-04-26,0.7872216637301606,0.5614124512577542,-0.7169094061034903
ROS1-33-0018,2019-04-26,0.4082053624729111,0.2742536443348032,-0.4529463290949498
ROS1-27-0021,2019-04-26,0.16924213826518655,0.0667553055627578,-0.25431609365174784
ROS1-32-0015,2019-04-26,0.16985361535793453,0.09352218270006694,-0.2936889875008394
ROS1-33-0014,2019-04-26,0.27929209443195063,0.19345990338951677,-0.3033372293278989
ROS1-33-0018,2019-04-26,0.4086525065092796,0.2710289737158822,-0.45425885799738513
ROS1-33-0010,2019-04-26,0.1712499225012475,0.08578897242696212,-0.2796779086371398
ROS1-28-0030,2019-04-26,0.15713701185363477,0.07158625144311162,-0.23650450116622526
ROS1-33-0009,2019-04-26,0.15167862075543623,0.128719942837859,-0.2074989199210258
ROS1-33-0010,2019-04-26,0.17091702337868725,0.08597062937101534,-0.2777523253550918
ROS1-33-0009,2019-04-26,0.14511335212144594,0.12045604570894128,-0.2027863105091582
ROS1-34-0003,2019-04-26,-0.014972696846926203,-0.012740190053658694,-0.08836123005060334
ROS1-18-0029,2019-04-28,0.7117499851066874,0.5608290277287035,-0.6303761761174324
ROS1-24-0003,2019-04-28,0.25779160608604723,0.1384055695584744,-0.33987281480107934
ROS1-18-0007,2019-04-28,0.7382435914289793,0.5228171806108524,-0.671069423907132
ROS1-18-0030,2019-04-28,0.17711901275573627,0.08525174291605389,-0.27993647879355843
ROS1-18-0024,2019-04-28,0.20692026575516723,0.10520778531809677,-0.3012329850562089
ROS1-19-0041,2019-04-28,0.6426155983515996,0.46085640547715817,-0.5702374648440622
ROS1-26-0027,2019-04-28,0.43970489248294625,0.2929261573035767,-0.48681020164115757
ROS1-19-0026,2019-04-28,0.7313972599254894,0.510539852657485,-0.6462480936905003
ROS1-20-0010,2019-04-28,0.23225154911028115,0.12558741557507103,-0.3264349031039412
ROS1-19-0022,2019-04-28,0.24128466058721318,0.13409981391104556,-0.3099766569297896
ROS1-19-0037,2019-04-28,0.8249170185681146,0.6637572627888582,-0.7435866308835184
ROS1-24-0003,2019-04-28,0.2512539326840525,0.13543031885760223,-0.3354946606750569
ROS1-30-0009,2019-04-28,0.645565712396377,0.5123185703627877,-0.5870500236708
ROS1-24-0026,2019-04-28,0.7003109055935663,0.519850635358514,-0.6368299633876723
ROS1-30-0001,2019-04-28,0.34861566945841066,0.3401356233753608,-0.2897021500800075
ROS1-37-0025,2019-04-28,0.5824139454185512,0.43570614848243494,-0.5572399083519234
ROS1-30-0006,2019-04-28,0.17675740506875337,0.09971302399245958,-0.2976820235162586
ROS1-24-0006,2019-04-28,0.20784929789864962,0.12091538582308892,-0.23274045236201732
ROS1-25-0023,2019-04-28,0.2085917581698002,0.14284307237562305,-0.28778289766185516
ROS1-30-0013,2019-04-28,0.1695964587842584,0.10586272736159151,-0.2923847600598948
ROS1-31-0028,2019-04-28,0.4039787552117421,0.26566430379953665,-0.4400430418592103
ROS1-36-0014,2019-04-28,0.28549905082451615,0.16667660615827948,-0.3814406983572155
ROS1-31-0009,2019-04-28,0.15449409637075445,0.13727895283363728,-0.15898057648400116
ROS1-31-0024,2019-04-28,0.47402947151689795,0.2749933154019827,-0.4672081972447404
ROS1-32-0022,2019-04-28,0.7754440295978242,0.555375316250976,-0.7178710009254313
ROS1-37-0025,2019-04-28,0.5814372899924333,0.430784197967641,-0.5568755265746927
ROS1-31-0038,2019-04-28,0.24210795138310431,0.25045367059060863,-0.20179139677714997
ROS1-31-0028,2019-04-28,0.4025882023966791,0.2625966025741624,-0.43875015607462275
ROS1-38-0001,2019-04-28,0.5109206243726598,0.3276793689358902,-0.4971122171174222
ROS1-27-0006,2019-04-28,0.26937946245793004,0.1308159908064319,-0.2383021295288856
ROS1-26-0031,2019-04-28,0.7066987640331367,0.46549180099027254,-0.6362439554195365
ROS1-27-0009,2019-04-28,0.26943384499863254,0.15990643673476967,-0.3400564230000787
ROS1-21-0034,2019-04-28,0.29390101139198194,0.19104952817641382,-0.33645794883297725
ROS1-26-0006,2019-04-28,0.4889068940524717,0.34682380127614976,-0.49734575572631123
ROS1-27-0004,2019-04-28,0.5125130034401482,0.38151429127927633,-0.47050086897793736
ROS1-28-0006,2019-04-28,0.1855466291010795,0.09367054836559555,-0.27371986182916297
ROS1-32-0018,2019-04-28,0.4714722014360069,0.28723429578956966,-0.4889854977179933
ROS1-33-0014,2019-04-28,0.37270913096515723,0.24308177896939545,-0.38760159798207455
ROS1-32-0022,2019-04-28,0.7652430396423042,0.5249262688641112,-0.7101108789586348
ROS1-33-0018,2019-04-28,0.42803778849279844,0.29452483305846827,-0.467370406500133
ROS1-27-0021,2019-04-28,0.1902448781988614,0.08093823750168443,-0.27637700436163287
ROS1-32-0015,2019-04-28,0.19731007401612594,0.09537586815218826,-0.32390849843052594
ROS1-33-0014,2019-04-28,0.39800052882360015,0.24457074247623553,-0.4116642429824931
ROS1-33-0018,2019-04-28,0.43824111708821867,0.2897727716717459,-0.4873962151518733
ROS1-33-0010,2019-04-28,0.2063270951973753,0.10113163190945486,-0.33068903565587376
ROS1-28-0030,2019-04-28,0.183853029310609,0.09335560561477155,-0.25806880246153346
ROS1-33-0009,2019-04-28,0.1548685833480092,0.07435633777693643,-0.2904060836102223
ROS1-34-0003,2019-04-28,0.6016214726178915,0.3835206653684044,-0.5656616893823251
ROS1-28-0006,2019-04-28,0.18457868624738605,0.0953149886800987,-0.26651145983969954
ROS1-42-0006,2019-04-28,0.6788685358640222,0.4357282433391208,-0.6451872042797656
ROS1-36-0022,2019-04-28,0.56859027860348,0.4977120373292238,-0.5534876293122658
ROS1-37-0025,2019-04-28,0.5793988574813815,0.441221296079493,-0.5508221463942247
ROS1-30-0006,2019-04-28,0.1744151408629802,0.10001818596279224,-0.2906075086381319
ROS1-36-0019,2019-04-28,0.5521253102248843,1.7116671724178416,-0.4569335214525883
ROS1-30-0013,2019-04-28,0.1636835325691055,0.10351677476020679,-0.2835386189952578
ROS1-31-0028,2019-04-28,0.401372146780144,0.26858430438756614,-0.4332494730030142
ROS1-36-0014,2019-04-28,0.2834481916125703,0.16830828438091328,-0.3740494208847274
ROS1-37-0012,2019-04-28,0.36228809306270093,0.3613793444933761,-0.3316106004965067
ROS1-42-0000,2019-04-28,0.5656480747868786,0.310975335649071,-0.5736142207063082
ROS1-31-0009,2019-04-28,0.14324934965409078,0.12291677736005072,-0.151756096580745
ROS1-38-0002,2019-04-28,0.20884233904115684,0.11264506372578818,-0.26468817825388313
ROS1-31-0038,2019-04-28,0.24235648956413106,0.25456450010011583,-0.1986688409747005
ROS1-37-0012,2019-04-28,0.36783422956033,0.3545947953861449,-0.33978512719483794
ROS1-38-0001,2019-04-28,0.5126824117334464,0.32990682625215123,-0.49811222930446525
ROS1-43-0006,2019-04-28,0.687015059618352,0.4733117686349908,-0.6473453161848606
ROS1-43-0019,2019-04-28,0.5444522429736531,0.3578757957014814,-0.5346035727907549
ROS1-49-0007,2019-04-28,0.5227340806634562,0.3498000363528198,-0.5119441843080205
ROS1-42-0000,2019-04-28,0.5598685884074441,0.3132951869655929,-0.563619672508578
ROS1-49-0004,2019-04-28,0.3597456235900379,0.21193936106600308,-0.4377258374839097
ROS1-49-0007,2019-04-28,0.5241605591422247,0.3457306910907746,-0.5149051376712265
ROS1-49-0003,2019-04-28,0.4808482189261543,0.2844274069928184,-0.492392546406368
ROS1-33-0010,2019-04-28,0.2060041102030955,0.10157859059515924,-0.3283082738171263
ROS1-33-0009,2019-04-28,0.154474678403707,0.07470871830662705,-0.28736621460900824
ROS1-34-0003,2019-04-28,0.5983923129561856,0.38405354261495084,-0.5618423539416555
ROS1-01-0003,2019-04-29,0.20716321949554806,0.11795384633687553,-0.28461344658948606
ROS1-15-0009,2019-04-29,0.029307397240290262,0.187209864729295,-0.03707197120724095
ROS1-15-0014,2019-04-29,0.014189304264218203,0.08483595879390757,-0.029757684555091878
ROS1-15-0003,2019-04-29,0.008474774165368378,0.054593106863913964,-0.018919743387206468
ROS1-22-0026,2019-04-29,0.5636370314298712,0.07106264416485193,-0.8887633187399848
ROS1-22-0026,2019-04-29,0.05744669124990949,0.01959417870775817,-0.21603596984836568
ROS1-36-0014,2019-04-30,0.17788398448880394,0.2870981650761282,-0.22478523070015477
ROS1-42-0006,2019-04-30,0.5356395224220476,0.6299142225456231,-0.48371749983313395
ROS1-36-0022,2019-04-30,0.5475310777893818,0.3678740461251029,-0.4855352653394372
ROS1-42-0008,2019-04-30,0.2134324726121439,0.1439340454218527,-0.3358638061100451
ROS1-36-0019,2019-04-30,0.7042628527283081,0.4815923424652314,-0.6362932702292279
ROS1-36-0014,2019-04-30,0.15912772700033484,0.19762114629076544,-0.21258676609725918
ROS1-42-0000,2019-04-30,0.18878234614769734,0.2460391603799323,-0.22588476373910915
ROS1-42-0000,2019-04-30,0.20689145320558125,0.22370564760791337,-0.2568216200503398
ROS1-12-0000,2019-05-01,0.7664604807303469,0.6318892359550209,-0.6591638071436676
ROS1-12-0004,2019-05-01,0.2206566471978474,0.13236638981582358,-0.29098455315937466
ROS1-13-0013,2019-05-01,0.20618841543920027,0.11849862961302493,-0.22631698669086214
ROS1-18-0007,2019-05-01,0.7209231232461285,0.5061704361830598,-0.6566427525302387
ROS1-19-0041,2019-05-03,0.7471776305169431,0.5764135953851698,-0.6368013121626692
ROS1-25-0017,2019-05-03,0.2096751944054927,0.10471798596798736,-0.2981092579769467
ROS1-26-0027,2019-05-03,0.4477914532710734,0.333768576218742,-0.49721941336755693
ROS1-19-0026,2019-05-03,0.8103643146290217,0.6072571423335243,-0.7072511776595357
ROS1-20-0010,2019-05-03,0.2537306493937648,0.13598315879372386,-0.3548236101982938
ROS1-19-0037,2019-05-03,0.8094135365404006,0.7303399476806701,-0.7254426696161789
ROS1-25-0016,2019-05-03,0.2487102608233444,0.1445028035389155,-0.3273290064049001
ROS1-32-0022,2019-05-03,0.8317384013668269,0.600721040468274,-0.7581947590738407
ROS1-25-0016,2019-05-03,0.25276758922796316,0.1496461087425803,-0.31666491495871896
ROS1-27-0006,2019-05-03,0.5646641190511399,0.37214385381232074,-0.5246726312794151
ROS1-26-0031,2019-05-03,0.8015043262260807,0.5081889680696985,-0.7196602509844263
ROS1-27-0009,2019-05-03,0.3054766563296326,0.1801570344221689,-0.3764024221387037
ROS1-21-0034,2019-05-03,0.3607622832531398,0.21549261286197097,-0.4191946200851526
ROS1-26-0006,2019-05-03,0.5252593920363801,0.3883499324953925,-0.5248648228191592
ROS1-27-0004,2019-05-03,0.5889480301303369,0.43858977339503297,-0.51987878439814
ROS1-26-0036,2019-05-03,0.2890420989534994,0.14896657272153124,-0.3718410569732788
ROS1-28-0017,2019-05-03,0.6132539873058132,0.39883856877033463,-0.6182052548551875
ROS1-28-0006,2019-05-03,0.20858241487259233,0.08477357146492706,-0.2786474875508468
ROS1-33-0014,2019-05-03,0.4889442781623299,0.2962176019308646,-0.48886040951299325
ROS1-32-0022,2019-05-03,0.8248905975051601,0.57384446301888,-0.7525328836926886
ROS1-33-0018,2019-05-03,0.4991757190601933,0.32137456592689523,-0.4988981807721987
ROS1-33-0014,2019-05-03,0.48899847703560134,0.29254954480558504,-0.4898624383651527
ROS1-33-0018,2019-05-03,0.4992732785625476,0.31735834717605893,-0.4997338938536128
ROS1-28-0030,2019-05-03,0.18108059948659205,0.07627782680889894,-0.2976305989763448
ROS1-28-0006,2019-05-03,0.19975105801638662,0.07973035227368108,-0.27830114017632396
ROS1-01-0003,2019-05-04,0.19165128008655857,0.11023232477468815,-0.29837033339073366
ROS1-07-0011,2019-05-04,0.7995314850680635,0.6958747129841408,-0.7022636759713686
ROS1-01-0015,2019-05-04,0.22325971827128827,0.13861860758474723,-0.3254643160446283
ROS1-02-0005,2019-05-04,0.45432524663638213,0.7265145226617468,-0.415703984627983
ROS1-07-0011,2019-05-04,0.7976533979415666,0.6852402194191407,-0.7014020922977949
ROS1-01-0031,2019-05-04,0.33773744661091937,0.16658925279907622,-0.34248649976629064
ROS1-07-0011,2019-05-04,0.7961405970816445,0.6991941878357538,-0.696160582365733
ROS1-07-0045,2019-05-04,0.4469295905868646,0.2924779630674788,-0.4380273459551805
ROS1-08-0010,2019-05-04,0.15719002268876017,0.07912002157306364,-0.19406153717176064
ROS1-07-0012,2019-05-04,0.8223896278416324,0.6624412815471087,-0.7038465630503078
ROS1-07-0011,2019-05-04,0.8032963274167778,0.692782809574025,-0.7050098400453569
ROS1-07-0018,2019-05-04,0.29002422282758156,0.21430356430846118,-0.3362078506083554
ROS1-15-0009,2019-05-04,0.6790455500916701,0.40401205718024535,-0.5756423607598565
ROS1-15-0014,2019-05-04,0.5428258468544988,0.3984006674549236,-0.5434207418090028
ROS1-16-0006,2019-05-04,0.6732800132046086,0.386707741716838,-0.5755066413470985
ROS1-22-0026,2019-05-04,0.1737866195062823,0.07373876074520493,-0.2829898854041866
ROS1-15-0006,2019-05-04,0.6906432708876957,0.4119627356887397,-0.6205964612012405
ROS1-22-0016,2019-05-04,0.18638783311207233,0.07855260845418278,-0.2834276521666324
ROS1-16-0006,2019-05-04,0.6702830018264856,0.38726119994613195,-0.5679600849029397
ROS1-22-0026,2019-05-04,0.17007861872723354,0.07268079710580384,-0.2727224185179288
ROS1-49-0007,2019-05-05,0.06042176349950896,0.2527781092197962,-0.05920652208102651
ROS1-49-0007,2019-05-05,0.06001758832718865,0.2535339004340714,-0.058770236308969354
ROS1-07-0011,2019-05-06,0.8222789096027376,0.6213151088816252,-0.7276406228649677
ROS1-01-0015,2019-05-06,0.3503821978491815,0.27466050726079416,-0.38503306763345
ROS1-02-0005,2019-05-06,0.6398478805618778,0.5094802755328065,-0.5610943159500863
ROS1-07-0011,2019-05-06,0.7952280465116113,0.6150538514717324,-0.6994907028394226
ROS1-01-0031,2019-05-06,0.3591970913708713,0.22486521375973412,-0.35659555460960995
ROS1-12-0000,2019-05-06,0.8427467127584441,0.7314673528434926,-0.7360262804958231
ROS1-07-0011,2019-05-06,0.7882262785772338,0.6217754706499932,-0.6887427942696556
ROS1-12-0004,2019-05-06,0.23504267044363297,0.1254224954563113,-0.335681831875486
ROS1-07-0045,2019-05-06,0.4367796542833583,0.2877561439154476,-0.4404530469560512
ROS1-08-0010,2019-05-06,0.30620102308483116,0.19304643037863503,-0.3442576342989243
ROS1-07-0012,2019-05-06,0.685385788339101,0.6554075705151111,-0.5995165702585139
ROS1-07-0011,2019-05-06,0.7903741215791619,0.6218733542954143,-0.6915509205304786
ROS1-13-0013,2019-05-06,0.2549723047068892,0.13962026856624185,-0.33788091480156895
ROS1-18-0029,2019-05-06,0.7923258317155625,0.6316368693335316,-0.6876636127755209
ROS1-24-0003,2019-05-06,0.20435063579771853,0.10674424799672559,-0.3278538523068448
ROS1-18-0007,2019-05-06,0.7918215366217789,0.5324032048221673,-0.7200789350989394
ROS1-25-0008,2019-05-06,0.736759103514088,0.49798450494768737,-0.6439656138429091
ROS1-18-0030,2019-05-06,0.20545502891149875,0.15375079340737235,-0.27554217415512267
ROS1-18-0024,2019-05-06,0.25812729721400557,0.1290707593500209,-0.35055773267054363
ROS1-19-0041,2019-05-06,0.7993171462532014,0.5833218853844508,-0.6831868305687644
ROS1-25-0017,2019-05-06,0.13617856194234207,0.08460018175720463,-0.2170113697433945
ROS1-26-0027,2019-05-06,0.4428090258133257,0.3288651642908406,-0.4887238006310945
ROS1-19-0026,2019-05-06,0.7962963447170784,0.6744833772959595,-0.6834351333190212
ROS1-19-0022,2019-05-06,0.45679104698848205,0.2618986589007835,-0.4529904928141631
ROS1-19-0037,2019-05-06,0.8610658663962266,0.737798338285922,-0.7704596616874684
ROS1-24-0003,2019-05-06,0.206101224820911,0.1105636107986788,-0.32137620689771496
ROS1-25-0008,2019-05-06,0.7328688075287162,0.5056490436395882,-0.6361220836130234
ROS1-25-0016,2019-05-06,0.22417113767886288,0.1460060498646662,-0.2570112171776836
ROS1-32-0022,2019-05-06,0.8688070234627717,0.6941795367755885,-0.7914061458232416
ROS1-25-0016,2019-05-06,0.2949751814951148,0.2800824989549799,-0.2760315573877132
ROS1-15-0009,2019-05-06,0.7051127707277133,0.4500210041544481,-0.5860122909854781
ROS1-15-0016,2019-05-06,0.37173912980837953,0.26186634324366626,-0.39124615141341784
ROS1-15-0014,2019-05-06,0.5742415502099888,0.47342883265158414,-0.5650757504507982
ROS1-15-0003,2019-05-06,0.3065765922832533,0.18302793152384558,-0.31753969163320656
ROS1-16-0006,2019-05-06,0.6480302771556268,0.46902668654563456,-0.5584517974191266
ROS1-22-0026,2019-05-06,0.135949462925717,0.15850724155794493,-0.1478913079237296
ROS1-15-0006,2019-05-06,0.6906064104088083,0.5253384061711378,-0.6082282519104018
ROS1-20-0023,2019-05-06,0.1561965873779567,0.08412891865181006,-0.29028216161443504
ROS1-27-0006,2019-05-06,0.6115488541050885,0.4028960019616409,-0.5464484075277533
ROS1-21-0013,2019-05-06,0.7020879602134148,0.4640255490578036,-0.6057623201109695
ROS1-26-0031,2019-05-06,0.8161588782735915,0.504810446891192,-0.7374882690308239
ROS1-27-0009,2019-05-06,0.32760332081303856,0.18724353874829852,-0.390549909736195
ROS1-20-0007,2019-05-06,0.8174597409142065,0.6416843333282197,-0.7161178204854127
ROS1-21-0034,2019-05-06,0.3559123049140953,0.20239853829332918,-0.4046953781557155
ROS1-26-0006,2019-05-06,0.8344502813401012,0.3011288521634967,-0.6964911663508194
ROS1-27-0004,2019-05-06,0.6561539964804088,0.4280103311517637,-0.5741383740817991
ROS1-21-0043,2019-05-06,0.19271030806868925,0.16677998811212072,-0.25137762038568795
ROS1-26-0036,2019-05-06,0.25840807181323744,0.1241084975454827,-0.3421871235029992
ROS1-22-0011,2019-05-06,0.37485001531327156,0.11138227537702253,-0.3261996816980198
ROS1-28-0017,2019-05-06,0.6092588093457334,0.49917653947814694,-0.6017779378944618
ROS1-28-0029,2019-05-06,0.1844184888332425,0.08129531527239002,-0.2768027438249159
ROS1-16-0006,2019-05-06,0.6462529958744881,0.47146877768669093,-0.5548277586838977
ROS1-22-0026,2019-05-06,0.1345204236857256,0.15937844119698283,-0.14402612642696933
ROS1-22-0032,2019-05-06,-0.011720713378011343,0.008566479820659365,-0.07078072738986176
ROS1-29-0008,2019-05-06,0.7577296309620881,0.2821573259214507,-0.6229533600586136
ROS1-32-0018,2019-05-06,0.5446449145901066,0.6015677867165108,-0.521401357508438
ROS1-33-0014,2019-05-06,0.5427815940355616,0.3274663675101375,-0.505412323342282
ROS1-32-0022,2019-05-06,0.8678967881604981,0.6789724427867101,-0.7896110587451446
ROS1-33-0018,2019-05-06,0.5289708631685605,0.34845163464287293,-0.5372066796397951
ROS1-27-0021,2019-05-06,0.2602463721977434,0.13184236042588393,-0.32644680127811104
ROS1-32-0015,2019-05-06,0.18166780481796801,0.10362819626703053,-0.3099978413945165
ROS1-33-0014,2019-05-06,0.5431888894223208,0.327097984182908,-0.5060017353528493
ROS1-33-0018,2019-05-06,0.5293929957843656,0.34785621695384483,-0.5378849011259972
ROS1-33-0010,2019-05-06,0.24409641237935156,0.12535855952895575,-0.33669701016349457
ROS1-28-0030,2019-05-06,0.12302618776867223,0.1746907261568945,-0.10574790027854089
ROS1-33-0009,2019-05-06,0.16639259703996417,0.0807879650301794,-0.28512844902649803
ROS1-34-0003,2019-05-06,0.651247456937992,0.4015647629748913,-0.5839694337144423
ROS1-33-0010,2019-05-06,0.24386606845337747,0.1254005906299371,-0.33570747732774114
ROS1-33-0009,2019-05-06,0.16582475990265214,0.08066817623457108,-0.28392258683893684
ROS1-34-0003,2019-05-06,0.6509189753608879,0.4021409564389454,-0.5829338445826281
ROS1-18-0029,2019-05-08,0.7595990770065187,0.6490359458213955,-0.6557187152603124
ROS1-24-0003,2019-05-08,0.24304190701948492,0.1478983879830415,-0.33250015800042826
ROS1-18-0007,2019-05-08,0.7428468055590108,0.6091341249000539,-0.6706409906241321
ROS1-25-0008,2019-05-08,0.7311326508576278,0.5417102561954521,-0.6388359030914249
ROS1-18-0030,2019-05-08,0.20479634848066047,0.11429348174112763,-0.3048392695531167
ROS1-18-0024,2019-05-08,0.2772288019343815,0.16148569241415694,-0.34706995146338127
ROS1-19-0041,2019-05-08,0.8173723372317313,0.6870905088681281,-0.6894180213753017
ROS1-25-0017,2019-05-08,0.20478984562120398,0.1090285687732591,-0.2740939441085568
ROS1-26-0027,2019-05-08,0.43967409877434405,0.34352556069700657,-0.4681001503018331
ROS1-19-0026,2019-05-08,0.8226225256601407,0.7128518488458239,-0.7159094035101867
ROS1-20-0010,2019-05-08,0.3256090294302005,0.19347325043055344,-0.38648699044047874
ROS1-19-0022,2019-05-08,0.5050343503581036,0.3310068955812247,-0.4668137182326594
ROS1-19-0037,2019-05-08,0.8644007104364609,0.790010302141572,-0.7652062375639166
ROS1-24-0003,2019-05-08,0.2530159453962888,0.15792579380338786,-0.3323641625061557
ROS1-30-0009,2019-05-08,0.71862590796702,0.562600796041892,-0.6328355320855491
ROS1-24-0026,2019-05-08,0.7561421975192449,0.6130322589387506,-0.6788134137872142
ROS1-25-0008,2019-05-08,0.71718208904614,0.5424603641131235,-0.6239709125395273
ROS1-30-0001,2019-05-08,0.5831366258213772,0.34127546983812335,-0.5219254938593809
ROS1-37-0025,2019-05-08,0.7703633579717523,0.5096936327459751,-0.7042011008515526
ROS1-25-0016,2019-05-08,0.28122844367805844,0.15882499667966377,-0.3495377322862043
ROS1-30-0006,2019-05-08,0.20457826940354462,0.10030536191849074,-0.32740369167771277
ROS1-24-0006,2019-05-08,0.20190405283421958,0.12705688292399028,-0.282562755786144
ROS1-25-0023,2019-05-08,0.20805889646321862,0.10991445682930119,-0.3140633668810265
ROS1-30-0013,2019-05-08,0.1740357300837295,0.09560178890553768,-0.29880357453908696
ROS1-31-0028,2019-05-08,0.6210822965572543,0.4049587598175169,-0.5805431132428218
ROS1-36-0014,2019-05-08,0.46419606887926124,0.27282799190898066,-0.4914285460703714
ROS1-31-0009,2019-05-08,0.1890916060391361,0.10129555350001228,-0.3184697428035515
ROS1-37-0049,2019-05-08,0.5247265394512796,0.38171164332943774,-0.5541285758834328
ROS1-31-0024,2019-05-08,0.6456250926194911,0.46473530423694703,-0.6056226543868348
ROS1-32-0022,2019-05-08,0.8202809714423549,0.6625459363403813,-0.746476623817695
ROS1-37-0025,2019-05-08,0.7643767773861707,0.5094229013638715,-0.6975605100011005
ROS1-25-0016,2019-05-08,0.28348537379494426,0.16101378007898604,-0.3481214326565897
ROS1-31-0038,2019-05-08,0.6483844764034676,0.41382784068608197,-0.6030427443538093
ROS1-31-0028,2019-05-08,0.6135448875049786,0.4022251484935205,-0.5734518650627064
ROS1-38-0001,2019-05-08,0.7207947232595183,0.5216784167637672,-0.6308446549196945
ROS1-27-0006,2019-05-08,0.6567781625192631,0.47481904674087266,-0.5698163235229252
ROS1-26-0031,2019-05-08,0.8288841227326365,0.5852551521067066,-0.7395982754908061
ROS1-27-0009,2019-05-08,0.34860035507643466,0.19736977641445333,-0.3964287154335617
ROS1-21-0034,2019-05-08,0.32950149544167234,0.19442495971122314,-0.37503380073536596
ROS1-26-0006,2019-05-08,0.5658151744112943,0.44410698289640094,-0.5368136352675166
ROS1-27-0004,2019-05-08,0.6661714977009038,0.46235821188934434,-0.5723250683304872
ROS1-26-0036,2019-05-08,0.2807590808426908,0.1459410735913703,-0.3475371914805771
ROS1-28-0017,2019-05-08,0.5884633010933974,0.4465188518789733,-0.5738586216176633
ROS1-28-0006,2019-05-08,0.22723736364870994,0.1181823583900437,-0.3027307257445812
ROS1-32-0018,2019-05-08,0.5765103094404658,0.3902944860701669,-0.5395464008252371
ROS1-33-0014,2019-05-08,0.5537924759679564,0.36685237662465797,-0.5020631576615533
ROS1-32-0022,2019-05-08,0.8171576565375441,0.6437302129366086,-0.7442175927688625
ROS1-33-0018,2019-05-08,0.5499222423695196,0.3802512925129355,-0.533302607938775
ROS1-27-0021,2019-05-08,0.3010728387422834,0.14847215503029723,-0.3564212881305273
ROS1-32-0015,2019-05-08,0.19752794912406624,0.11391373700248228,-0.31562836886766893
ROS1-33-0014,2019-05-08,0.5758059351865674,0.36920794883870195,-0.5256705488336046
ROS1-33-0018,2019-05-08,0.563183399071763,0.37949991455460746,-0.5523334747584108
ROS1-33-0010,2019-05-08,0.31289595706483286,0.17035039137256966,-0.3715972554596009
ROS1-28-0030,2019-05-08,0.2115751521893219,0.10965305950987607,-0.2984190428180735
ROS1-33-0009,2019-05-08,0.17996050700432212,0.091804766660617,-0.2955540518699283
ROS1-34-0003,2019-05-08,0.5893779827537148,0.38535381623033726,-0.5376417050985768
ROS1-28-0006,2019-05-08,0.22657203869670595,0.11979224658531935,-0.29710844200201364
ROS1-42-0006,2019-05-08,0.7088697638469154,0.4337773407289341,-0.6541106915463615
ROS1-36-0022,2019-05-08,0.7889231229418634,0.5371977345300281,-0.7221814144471186
ROS1-37-0025,2019-05-08,0.7605241424861972,0.5148577921698296,-0.6901828133167576
ROS1-42-0008,2019-05-08,0.18089155122530753,0.09732957014151995,-0.33331652104305726
ROS1-30-0006,2019-05-08,0.20095180037181387,0.10078912416663859,-0.3149867645884834
ROS1-36-0019,2019-05-08,0.7257693282716593,0.5264622456589064,-0.6859519782364836
ROS1-30-0013,2019-05-08,0.16574541008801788,0.09287467381157827,-0.2841505100899533
ROS1-31-0028,2019-05-08,0.6102805675215123,0.4060303587600829,-0.5672338893339597
ROS1-36-0014,2019-05-08,0.4571844226685058,0.2739277065859198,-0.4795457495049132
ROS1-37-0012,2019-05-08,0.6208512062422658,0.43493872946001266,-0.5891265867009319
ROS1-42-0000,2019-05-08,0.6450925179459516,0.38191335195378806,-0.6182158023975949
ROS1-31-0009,2019-05-08,0.18775116475083833,0.10140379339121404,-0.313910813953276
ROS1-37-0049,2019-05-08,0.5226750613784287,0.38281051715957015,-0.5500278231532051
ROS1-38-0002,2019-05-08,0.20364561233923195,0.09973783059914848,-0.3202033724330671
ROS1-31-0038,2019-05-08,0.6448649213321701,0.41511773836406163,-0.5977194905109399
ROS1-37-0012,2019-05-08,0.6205352917387185,0.432033305646245,-0.590447609962349
ROS1-38-0001,2019-05-08,0.7152299880377485,0.5211648914081944,-0.6252239414249907
ROS1-43-0006,2019-05-08,0.7186071185473226,0.48069601365618325,-0.6603121816191965
ROS1-43-0019,2019-05-08,0.5246284624569394,0.3277230224205892,-0.5136834139365886
ROS1-49-0007,2019-05-08,0.5357835732521102,0.3477314459921444,-0.5003035889298943
ROS1-42-0000,2019-05-08,0.6402093453070357,0.3831893097408049,-0.6108310768631153
ROS1-49-0004,2019-05-08,0.36836633432784555,0.2118940727663373,-0.43507978856425833
ROS1-49-0007,2019-05-08,0.5383395885300889,0.34617330459689266,-0.503745893361562
ROS1-49-0003,2019-05-08,0.5015245948316068,0.2943917809203148,-0.49452490582059344
ROS1-33-0010,2019-05-08,0.31252449153882633,0.17063188658658437,-0.37039243194023624
ROS1-33-0009,2019-05-08,0.1795356228004233,0.09183916059060099,-0.29384059231329973
ROS1-34-0003,2019-05-08,0.5881154205676515,0.38563320307961046,-0.5360731470062235
ROS1-08-0010,2019-05-09,0.377292576419214,0.7776777677767779,-0.2528301886792452
ROS1-07-0012,2019-05-09,0.2960809102402022,0.4174688057040997,-0.32815131493716804
ROS1-07-0018,2019-05-09,0.4476437448741578,0.7857646718054925,-0.34701387313597415
ROS1-12-0000,2019-05-11,0.8348459447529327,0.6756289749333274,-0.7360009328205153
ROS1-08-0010,2019-05-11,0.27539009938036363,0.20866692778621437,-0.2595451671077597
ROS1-07-0018,2019-05-11,0.3857997752525048,0.4133884846384239,-0.3562077605294401
ROS1-24-0003,2019-05-11,0.23208430177114514,0.13894053702708278,-0.3262357822942638
ROS1-18-0007,2019-05-11,0.7145313421941567,0.43174440752163873,-0.6477451018071985
ROS1-25-0008,2019-05-11,0.7006976790856306,0.4931107336964119,-0.6013092352336061
ROS1-18-0030,2019-05-11,0.24508180128861687,0.11910743958696045,-0.31516343455335016
ROS1-18-0024,2019-05-11,0.3085744582730882,0.17716744615130126,-0.35774627800705855
ROS1-26-0027,2019-05-11,0.4678944913360072,0.33153894859505073,-0.49566071076730533
ROS1-19-0026,2019-05-11,0.8477162979779945,0.68278277844767,-0.7376583987674291
ROS1-20-0010,2019-05-11,0.374697863191118,0.20154488131732035,-0.3882931990782338
ROS1-19-0022,2019-05-11,0.6453770573364692,0.39858132003023694,-0.5329239601224273
ROS1-19-0037,2019-05-11,0.8949184177951847,0.7906277813208301,-0.7960596152046883
ROS1-24-0003,2019-05-11,0.21102059146268698,0.12321209582497315,-0.3179339151098574
ROS1-25-0008,2019-05-11,0.7211843117731684,0.4980460183714529,-0.6208823380827598
ROS1-25-0016,2019-05-11,0.2890322255147212,0.17827977617828672,-0.3036293275492457
ROS1-32-0022,2019-05-11,0.8775609044590107,0.7262183246552721,-0.7905039616577135
ROS1-25-0016,2019-05-11,0.29368987754623443,0.18551881882562482,-0.3016241673089826
ROS1-15-0009,2019-05-11,0.7457796629510878,0.4991942330902976,-0.6106969274727098
ROS1-15-0016,2019-05-11,0.5717616016097412,0.3309498712037433,-0.5370973246088244
ROS1-15-0014,2019-05-11,0.5829276288336694,0.4526233491822671,-0.5761474433716838
ROS1-15-0003,2019-05-11,0.4547938855318842,0.20168626348912358,-0.4096833844759359
ROS1-16-0006,2019-05-11,0.7208015215321357,0.4349342696408869,-0.6068287092084834
ROS1-22-0026,2019-05-11,0.18279031588847017,0.07243960718818916,-0.2919762695853649
ROS1-15-0006,2019-05-11,0.7366175285151679,0.483643992056308,-0.6349658065545726
ROS1-20-0023,2019-05-11,0.18928854518555213,0.07956366682447216,-0.31394112305145494
ROS1-27-0006,2019-05-11,0.7177407541536046,0.48274393152360917,-0.6143138800613624
ROS1-21-0013,2019-05-11,0.7438387929973562,0.4707864688451952,-0.6328808015091094
ROS1-26-0031,2019-05-11,0.7465862385353834,0.5425404783790748,-0.6712629957556662
ROS1-27-0009,2019-05-11,0.3649512198362754,0.19128886038292303,-0.4088013458225186
ROS1-20-0007,2019-05-11,0.8280774827142371,0.6378230832933945,-0.7185955019601868
ROS1-21-0034,2019-05-11,0.3431382371287992,0.18207714886387658,-0.40465215226111134
ROS1-26-0006,2019-05-11,0.5966856908287883,0.47053075135175615,-0.5658039244005341
ROS1-21-0043,2019-05-11,0.18102397592339844,0.06455732263032868,-0.29406577331602646
ROS1-26-0036,2019-05-11,0.3224254072381154,0.15572720849382246,-0.36329280195330593
ROS1-21-0016,2019-05-11,0.6450719658094138,0.3996386190400588,-0.5867491621564535
ROS1-22-0016,2019-05-11,0.3082602641852005,0.12966522821094228,-0.35510799671300275
ROS1-22-0011,2019-05-11,0.6525473026011516,0.32548509450126123,-0.5448790461098992
ROS1-28-0017,2019-05-11,0.6524437059791711,0.4610375316340729,-0.6470694692469803
ROS1-28-0029,2019-05-11,0.2375007950635121,0.062039208546489415,-0.32682249521607704
ROS1-16-0006,2019-05-11,0.7157356219291616,0.4362925231386095,-0.5998559010516761
ROS1-22-0026,2019-05-11,0.18186829169675137,0.07327402456429032,-0.28389763901566745
ROS1-28-0006,2019-05-11,0.2628530418689881,0.11854145647438057,-0.34473666839039163
ROS1-29-0006,2019-05-11,0.5724934312769124,0.242702985869571,-0.5057837476961077
ROS1-29-0008,2019-05-11,0.8697092010424801,0.65453211086719,-0.7624902464243126
ROS1-32-0018,2019-05-11,0.6677098853466809,0.38517879016362727,-0.5883820494553171
ROS1-33-0014,2019-05-11,0.6679586591281067,0.35988114702757634,-0.5676538349542072
ROS1-32-0022,2019-05-11,0.8655742979555537,0.6876013442625691,-0.7829460191288005
ROS1-33-0018,2019-05-11,0.6559660199409887,0.38315304463280314,-0.6111404456742411
ROS1-27-0021,2019-05-11,0.3905438972631372,0.1579105918569595,-0.40194378277357784
ROS1-32-0015,2019-05-11,0.19028644117387034,0.08331616360929672,-0.30838506978271274
ROS1-33-0014,2019-05-11,0.6617550696772245,0.3597805933079987,-0.5588093363209261
ROS1-33-0018,2019-05-11,0.6515917632252712,0.38338226830677913,-0.6036282671227646
ROS1-33-0010,2019-05-11,0.3700406489867058,0.16851504068560488,-0.40642992460605637
ROS1-28-0030,2019-05-11,0.1937184057745234,0.06623907010736745,-0.27616590148649933
ROS1-33-0009,2019-05-11,0.221449053297738,0.09882919715777323,-0.3339343577728204
ROS1-34-0003,2019-05-11,0.7130585611542563,0.3867177298827891,-0.635136157874995
ROS1-28-0006,2019-05-11,0.2558144794433611,0.11864252476828668,-0.3269644008656593
ROS1-33-0010,2019-05-11,0.36997399444025986,0.16868212087150464,-0.40561573891612007
ROS1-33-0009,2019-05-11,0.22098490616397676,0.09875327393531917,-0.33323063991897584
ROS1-34-0003,2019-05-11,0.7127835817343324,0.3872151622597059,-0.6341046844751729
ROS1-18-0029,2019-05-13,0.8088871591605844,0.7266297125857365,-0.6881722108054618
ROS1-24-0003,2019-05-13,0.34813623035298513,0.2896843714752324,-0.3745875469008883
ROS1-18-0007,2019-05-13,0.685248206377338,0.39033317379774685,-0.5866905856091403
ROS1-25-0008,2019-05-13,0.5325561060323799,0.9069012409005908,-0.4280629231084179
ROS1-18-0030,2019-05-13,0.17963020579204436,0.1074385050685718,-0.27162578334035353
ROS1-19-0041,2019-05-13,0.8482695222686997,0.7385957140465241,-0.7203255783838164
ROS1-25-0017,2019-05-13,0.19927644534427555,0.2171880357063443,-0.2138977555762856
ROS1-19-0026,2019-05-13,0.5244381527335871,0.5503018591733658,-0.4798995033898943
ROS1-20-0010,2019-05-13,0.3423367704922962,0.2095130990414331,-0.3807699457590675
ROS1-19-0022,2019-05-13,0.22441151153074274,0.30045266287815536,-0.22987979703130895
ROS1-19-0037,2019-05-13,0.9020821918896973,0.8826150694274745,-0.8000530521154395
ROS1-24-0003,2019-05-13,0.3511499434083808,0.29454280818544065,-0.37384202252639814
ROS1-30-0009,2019-05-13,0.7912933649413878,0.5896747464859556,-0.6865107944078322
ROS1-24-0026,2019-05-13,0.8329193065728382,0.6735969229969146,-0.7372535678813805
ROS1-25-0008,2019-05-13,0.530114439050282,0.8076745924914003,-0.4250666447572313
ROS1-25-0016,2019-05-13,0.23049665307241163,0.2942766450560479,-0.2101913949650098
ROS1-24-0006,2019-05-13,0.2733546032878653,0.29227808319402976,-0.2916226967217
ROS1-25-0023,2019-05-13,0.1800636053222596,0.11427222394256523,-0.294770452001009
ROS1-30-0013,2019-05-13,0.13461421492488718,0.15059448927842548,-0.16680171945254244
ROS1-25-0016,2019-05-13,0.2285573713550836,0.3031333453636833,-0.21670773940326463
ROS1-21-0034,2019-05-13,0.302248129450545,0.37981372855900025,-0.30559189729558817
ROS1-26-0006,2019-05-13,0.36148948338337467,0.48004090165395064,-0.33524516153204026
ROS1-32-0022,2019-05-13,0.5474998779068578,0.8729843426750302,-0.46938018514998536
ROS1-30-0013,2019-05-13,0.11984477752224978,0.1365516024269822,-0.1549872205974385
ROS1-01-0003,2019-05-14,0.2619727719648539,0.13918676021539325,-0.33105770839683607
ROS1-07-0011,2019-05-14,0.8522300930869151,0.6764379584889172,-0.7509195997933739
ROS1-01-0015,2019-05-14,0.3445727939783762,0.3881076544568093,-0.34910706614471676
ROS1-02-0005,2019-05-14,0.30165062145011334,0.39682735433860833,-0.2948831811318776
ROS1-07-0011,2019-05-14,0.8567102476536145,0.6722933843613945,-0.7584007334647002
ROS1-01-0031,2019-05-14,0.44729691884338774,0.3193336948331629,-0.4031141551182297
ROS1-07-0011,2019-05-14,0.8533308881719619,0.677201788774292,-0.7529899964645133
ROS1-07-0012,2019-05-14,0.7730148804946192,0.42511177827290725,-0.6657598071249019
ROS1-07-0011,2019-05-14,0.8790313247110174,0.6751894277005687,-0.7816784860558429
ROS1-15-0009,2019-05-14,0.4811526805738607,0.49940610185576306,-0.3609642849537301
ROS1-36-0014,2019-05-15,0.5444848972641244,0.35067459282247077,-0.5019607960896829
ROS1-42-0006,2019-05-15,0.70821121947128,0.416947558602545,-0.6309090921421284
ROS1-36-0022,2019-05-15,0.8085426017562536,0.6142880108869142,-0.7222651743218402
ROS1-42-0008,2019-05-15,0.16588128683800105,0.083868103934683,-0.32396464196074226
ROS1-36-0019,2019-05-15,0.7404580441654615,0.5916823667481584,-0.6885094538720362
ROS1-36-0014,2019-05-15,0.5425838302875324,0.34845485758978895,-0.4978817304945408
ROS1-37-0012,2019-05-15,0.6689036432301149,0.46549032470400364,-0.6186600217401678
ROS1-42-0000,2019-05-15,0.6940652164988661,0.38631056848517836,-0.6235455827101953
ROS1-37-0012,2019-05-15,0.6683155195841357,0.4643826960287058,-0.6183728419360318
ROS1-43-0006,2019-05-15,0.4338889029656346,0.30769108503466325,-0.39889121395532157
ROS1-43-0019,2019-05-15,0.1620491609819162,0.281955063896042,-0.16837445310491284
ROS1-49-0007,2019-05-15,0.5478337658473929,0.4294415803808197,-0.48675045624899455
ROS1-42-0000,2019-05-15,0.7021692726422916,0.39031800478486506,-0.6285435915645469
ROS1-49-0004,2019-05-15,0.36883139549424926,0.22477473976805562,-0.43781589211966515
ROS1-49-0007,2019-05-15,0.5573622688048837,0.436127688835132,-0.4936569159209085
ROS1-49-0003,2019-05-15,0.5037896894718701,0.30056650349569813,-0.49559753784919025
ROS1-01-0003,2019-05-16,0.3128497077563724,0.18034000668495184,-0.37055901926024926
ROS1-07-0011,2019-05-16,0.8643797614886167,0.6800362388873865,-0.7730079280083518
ROS1-01-0015,2019-05-16,0.36484305701967523,0.2559253769466956,-0.39813491742863205
ROS1-02-0005,2019-05-16,0.7305754874240808,0.49975068978642595,-0.6478049416719642
ROS1-07-0011,2019-05-16,0.8571313756709429,0.6779629507614601,-0.7652645467167959
ROS1-01-0031,2019-05-16,0.4689709856804038,0.3215923421281343,-0.42638949751042904
ROS1-12-0000,2019-05-16,0.8898714281238074,0.7669021924039943,-0.7979780047213575
ROS1-07-0011,2019-05-16,0.8539110437045169,0.6937282890912233,-0.75923472175763
ROS1-12-0004,2019-05-16,0.2069419354800997,0.10037037815974147,-0.31790721625087404
ROS1-07-0045,2019-05-16,0.4447382656317181,0.31549195781682077,-0.4557885597916542
ROS1-08-0010,2019-05-16,0.27745952272843716,0.14325775097197682,-0.3522595212378231
ROS1-07-0012,2019-05-16,0.8621060210390121,0.7455766120687337,-0.7597043011386082
ROS1-07-0011,2019-05-16,0.8571551031563307,0.6826153148923432,-0.7640000610765914
ROS1-07-0018,2019-05-16,0.36641604530309363,0.2661989633966175,-0.405329772371421
ROS1-13-0013,2019-05-16,0.2601339707314266,0.13467089782620603,-0.3445426522656685
ROS1-18-0029,2019-05-16,0.6568207102777819,0.5077266131936939,-0.5956389265284302
ROS1-24-0003,2019-05-16,0.19477725828716105,0.10729471768256343,-0.3182927958604578
ROS1-18-0007,2019-05-16,0.7797132645060644,0.515981291394455,-0.7148143613374929
ROS1-18-0030,2019-05-16,0.23073544951901806,0.15788359731334567,-0.308392738352946
ROS1-18-0024,2019-05-16,0.3212443566172598,0.1727259287774636,-0.3827474031551694
ROS1-19-0041,2019-05-16,0.8172235953774892,0.6869173482927297,-0.7110513738502022
ROS1-25-0017,2019-05-16,0.2081176388624586,0.15111164802930635,-0.24977854284053422
ROS1-26-0027,2019-05-16,0.44891082387272796,0.32406984813710255,-0.49367056824430205
ROS1-19-0026,2019-05-16,0.8842637933040557,0.7188599955812874,-0.7870220421366396
ROS1-20-0010,2019-05-16,0.3737323818825484,0.2397934001565769,-0.40811554757513857
ROS1-19-0022,2019-05-16,0.7180482837213114,0.6088041446133655,-0.5998001611075572
ROS1-19-0037,2019-05-16,0.9101805774494378,0.8064009098625636,-0.8185514651823402
ROS1-24-0003,2019-05-16,0.18531442760817646,0.10160611040108722,-0.31156921807350335
ROS1-25-0016,2019-05-16,0.26939987204013793,0.14029230304184764,-0.3527558068243524
ROS1-32-0022,2019-05-16,0.8894935337667627,0.7423445794233297,-0.8079305895630368
ROS1-25-0016,2019-05-16,0.2717541010071766,0.14185203438375196,-0.3512742348209106
ROS1-15-0009,2019-05-16,0.6563339077075364,0.49511062968544967,-0.554527402710762
ROS1-15-0003,2019-05-16,0.39226731651936875,0.27130304700770413,-0.32132190457750887
ROS1-16-0006,2019-05-16,0.41924249667105,0.44937762397801945,-0.38778381295050396
ROS1-22-0026,2019-05-16,0.1915680378590947,0.0777531253261285,-0.28836140938528954
ROS1-15-0006,2019-05-16,0.6810838884896341,0.5053846509339095,-0.595284618224851
ROS1-20-0023,2019-05-16,0.1935356899182385,0.11039595725362028,-0.3154621210830368
ROS1-27-0006,2019-05-16,0.7948377069211975,0.5712616362603792,-0.679943710914563
ROS1-21-0013,2019-05-16,0.7873584527107155,0.5354944418394411,-0.6803367724068675
ROS1-26-0031,2019-05-16,0.22037398187449816,0.410750940814232,-0.235396585762397
ROS1-27-0009,2019-05-16,0.24618831710179442,0.14557155375178177,-0.3389966573586765
ROS1-20-0007,2019-05-16,0.8531919545824256,0.6722605387993983,-0.7548279672090781
ROS1-21-0034,2019-05-16,0.27508914890656616,0.15920952154820292,-0.36439018110997884
ROS1-26-0006,2019-05-16,0.577823177572563,0.5428436445940917,-0.553905953567073
ROS1-27-0004,2019-05-16,0.6979951798759166,0.4346224244076304,-0.6031901357266614
ROS1-21-0043,2019-05-16,0.19393901304511887,0.08134184695038571,-0.2879926311181513
ROS1-26-0036,2019-05-16,0.24617298814682753,0.23803648829620336,-0.2716418996368653
ROS1-21-0016,2019-05-16,0.6835996018927516,0.44488162611712934,-0.5990366389856505
ROS1-22-0016,2019-05-16,0.42760932748605573,0.25377890747070775,-0.40554172235673336
ROS1-22-0011,2019-05-16,0.6522967653136602,0.4800506222550973,-0.5365785230436395
ROS1-28-0017,2019-05-16,0.6443347210234012,0.4954617084712099,-0.6276155385805733
ROS1-28-0029,2019-05-16,0.23842101059073373,0.12928398545099892,-0.32348605354893156
ROS1-16-0006,2019-05-16,0.41835397497392984,0.4521546343422967,-0.38498947111365256
ROS1-22-0026,2019-05-16,0.19065740068528872,0.078384476817374,-0.2825445069307228
ROS1-28-0006,2019-05-16,0.29869351449147896,0.163337255794382,-0.3356130007839241
ROS1-29-0006,2019-05-16,0.4222957891530416,0.3924492828313716,-0.34104433443262283
ROS1-22-0032,2019-05-16,0.20679209595964557,0.07316178843699053,-0.2771868075589454
ROS1-29-0008,2019-05-16,0.8712630455323471,0.7180666681622285,-0.7576366630633252
ROS1-32-0018,2019-05-16,0.7801849289414424,0.6226038072525989,-0.707730126613618
ROS1-33-0014,2019-05-16,0.5258173237118032,0.42657999565239285,-0.45434720056806877
ROS1-32-0022,2019-05-16,0.8916199713295996,0.72794251995396,-0.8094129869920484
ROS1-33-0018,2019-05-16,0.6479909733176317,0.4099910118353768,-0.5981104691916784
ROS1-27-0021,2019-05-16,0.47426129879828904,0.29609842238328254,-0.4579271071520574
ROS1-32-0015,2019-05-16,0.18996347509154793,0.1104186929939871,-0.3172616044164078
ROS1-33-0014,2019-05-16,0.5262120212370702,0.42672559397358445,-0.4549564711535472
ROS1-33-0018,2019-05-16,0.6484454045342631,0.40942484785070293,-0.5987867718426206
ROS1-33-0010,2019-05-16,0.46595871625079766,0.25455436996971825,-0.4609415665717456
ROS1-28-0030,2019-05-16,0.2552552552552553,0.3099173553719009,-0.23986553292465884
ROS1-33-0009,2019-05-16,0.27014945959537096,0.13151020056514912,-0.35104198500619516
ROS1-34-0003,2019-05-16,0.6968444962514554,0.3650013506046089,-0.605016489756452
ROS1-28-0006,2019-05-16,0.3343399923363407,0.19438014860745434,-0.34959151196499844
ROS1-33-0010,2019-05-16,0.46543521006185445,0.25420121802354134,-0.4602545445843563
ROS1-33-0009,2019-05-16,0.26981626924739793,0.1314884899671886,-0.3505182990551139
ROS1-34-0003,2019-05-16,0.6963982219157432,0.3648548747360935,-0.6039502189938396
ROS1-18-0029,2019-05-18,0.5672131638628107,0.43581704253281206,-0.5550558723247964
ROS1-24-0003,2019-05-18,0.1514496489019671,0.07892032615499624,-0.2997560400131097
ROS1-18-0007,2019-05-18,0.7064985630405233,0.4709421888873518,-0.6312271552871789
ROS1-25-0008,2019-05-18,0.815236198076214,0.5905871380201126,-0.7149826127346539
ROS1-18-0030,2019-05-18,0.20119155574353764,0.11981357713567654,-0.3051506383640055
ROS1-18-0024,2019-05-18,0.3209207549330621,0.18913794047856625,-0.38283851365381627
ROS1-19-0041,2019-05-18,0.8738955073479832,0.765552784862426,-0.7602126080177678
ROS1-25-0017,2019-05-18,0.20352253545493013,0.1155481644863199,-0.2875161296940651
ROS1-26-0027,2019-05-18,0.45350532218035317,0.34799864741441455,-0.4984367717464302
ROS1-19-0026,2019-05-18,0.8903131025798627,0.7822905409867086,-0.788601069539397
ROS1-20-0010,2019-05-18,0.4305911529386319,0.2736503422986111,-0.45023515898769223
ROS1-19-0022,2019-05-18,0.7553048491912048,0.6317773791616127,-0.6313207339783184
ROS1-19-0037,2019-05-18,0.8949773562982147,0.8405413112404242,-0.7982821345911416
ROS1-24-0003,2019-05-18,0.19472481875085337,0.10724293670624889,-0.3161778058697268
ROS1-30-0009,2019-05-18,0.8019650305207318,0.5949104180364412,-0.7040044253958535
ROS1-24-0026,2019-05-18,0.8448742624954904,0.6807653485958294,-0.7583957480992461
ROS1-25-0008,2019-05-18,0.7856575674370857,0.5913157518097261,-0.6836245044653095
ROS1-30-0001,2019-05-18,0.6470528817874078,0.3779720805885179,-0.5722195627007128
ROS1-37-0025,2019-05-18,0.777908323867613,0.5026236167092906,-0.7159651268721116
ROS1-25-0016,2019-05-18,0.25610357073794515,0.13994419480699888,-0.3495193862782822
ROS1-30-0006,2019-05-18,0.17668293147507158,0.07935161556114463,-0.30693594039655037
ROS1-24-0006,2019-05-18,0.15057356641933986,0.0794207120522359,-0.27072059494931544
ROS1-25-0023,2019-05-18,0.23181583063713915,0.12074620014510526,-0.33370484094941627
ROS1-30-0013,2019-05-18,0.16576212832392617,0.09542010170393124,-0.29221358749085435
ROS1-31-0028,2019-05-18,0.7030952094970211,0.48453224470919215,-0.638261264973954
ROS1-36-0014,2019-05-18,0.6438367186814755,0.43072884777077125,-0.5987018534059291
ROS1-31-0009,2019-05-18,0.1834041645877762,0.08758995798381845,-0.32955054451608307
ROS1-37-0049,2019-05-18,0.6011494786188608,0.451871318445349,-0.6196335387978659
ROS1-31-0024,2019-05-18,0.7387165468586118,0.5419589183652855,-0.6852871015968788
ROS1-32-0022,2019-05-18,0.8739163681320563,0.7760372009683582,-0.7913467919762873
ROS1-37-0025,2019-05-18,0.7796242081338041,0.5012718390275197,-0.7184907922798296
ROS1-25-0016,2019-05-18,0.25580443564950217,0.1392457214561946,-0.3514873333616508
ROS1-31-0038,2019-05-18,0.7883748492216395,0.5571726899683436,-0.71637967377182
ROS1-31-0028,2019-05-18,0.7051826498517323,0.48426902278464407,-0.6410136642553695
ROS1-38-0001,2019-05-18,0.8373165411269579,0.6723354642670879,-0.739051735185159
ROS1-27-0006,2019-05-18,0.7959930800721478,0.6345304454427374,-0.6793526201476952
ROS1-26-0031,2019-05-18,0.7299443508419186,0.6017465354603535,-0.656008855789067
ROS1-21-0034,2019-05-18,0.2721103833172137,0.16491366790957523,-0.36046558127207984
ROS1-26-0006,2019-05-18,0.6060783243345456,0.4882935910485731,-0.5875742185116699
ROS1-27-0004,2019-05-18,0.6875870011474574,0.4724828833467404,-0.5918975324037176
ROS1-26-0036,2019-05-18,0.4819219426552941,0.35171962640594445,-0.45015262937974077
ROS1-28-0017,2019-05-18,0.6335075817803323,0.48947429318167324,-0.6168034147789786
ROS1-28-0006,2019-05-18,0.2349047995106847,0.09781897180859542,-0.3349528058506631
ROS1-33-0014,2019-05-18,0.6691307281324533,0.4564232237093054,-0.5701992620852636
ROS1-32-0022,2019-05-18,0.8732693071775786,0.7712548150219923,-0.7895005081928158
ROS1-33-0018,2019-05-18,0.6497323394336877,0.4391150861677909,-0.6084727572848863
ROS1-27-0021,2019-05-18,0.27236962735235787,0.1334035181717968,-0.3363904958163399
ROS1-32-0015,2019-05-18,0.21692736229808265,0.14200958888726295,-0.33259818412981335
ROS1-33-0014,2019-05-18,0.6599532733151924,0.4561714369330378,-0.5623782662630182
ROS1-33-0018,2019-05-18,0.6451836971854018,0.44162586712428675,-0.601398277966334
ROS1-33-0010,2019-05-18,0.5286804448397685,0.3128049930285129,-0.5045601460251736
ROS1-28-0030,2019-05-18,0.2119909622915609,0.1082169719541415,-0.31123163487751304
ROS1-33-0009,2019-05-18,0.1555804595354942,0.07242813254822238,-0.29124756885841335
ROS1-34-0003,2019-05-18,0.6756883523173016,0.3724429920534822,-0.6052704428166807
ROS1-28-0006,2019-05-18,0.23318495606272935,0.09804811793564634,-0.3293741339033477
ROS1-42-0006,2019-05-18,0.7009395857985694,0.41758851262947533,-0.6462839238496882
ROS1-36-0022,2019-05-18,0.8008345474279075,0.5418099141348977,-0.7422408269055654
ROS1-37-0025,2019-05-18,0.7702594953364291,0.5077205930347756,-0.7045720566440515
ROS1-42-0008,2019-05-18,0.1753608212516188,0.08472003926733997,-0.3319023255446029
ROS1-30-0006,2019-05-18,0.17335149195917282,0.07963526370920035,-0.2955349570415972
ROS1-36-0019,2019-05-18,0.7333079321918734,0.5287391959141042,-0.6994616682274342
ROS1-30-0013,2019-05-18,0.1597598269710493,0.09352315764388518,-0.28186414577685504
ROS1-31-0028,2019-05-18,0.6943155553320699,0.4869740099750754,-0.6278218795642093
ROS1-36-0014,2019-05-18,0.6371231762676185,0.430617905818655,-0.589239468727315
ROS1-37-0012,2019-05-18,0.6859024451321674,0.48945209112128973,-0.6384916441810825
ROS1-42-0000,2019-05-18,0.684844118706096,0.4073770873361013,-0.6474926549458506
ROS1-31-0009,2019-05-18,0.18245796168942013,0.08771419707249103,-0.3258565916023007
ROS1-37-0049,2019-05-18,0.5996856057619826,0.45286572218602184,-0.6167810030529194
ROS1-38-0002,2019-05-18,0.1567169135715367,0.08471799644773793,-0.2994725171872839
ROS1-31-0038,2019-05-18,0.786418030444322,0.5593622295315774,-0.713119642685911
ROS1-37-0012,2019-05-18,0.6926630469311115,0.4865860006598631,-0.6479522362769468
ROS1-38-0001,2019-05-18,0.8339526922412152,0.6726407721242778,-0.7356287947506652
ROS1-43-0006,2019-05-18,0.7429058401544052,0.4631992497692533,-0.682961765198947
ROS1-43-0019,2019-05-18,0.48693319159554205,0.3192799588657477,-0.4850789128013513
ROS1-49-0007,2019-05-18,0.5311997994088743,0.3380416574986473,-0.5038982348651657
ROS1-42-0000,2019-05-18,0.6849064809369227,0.40973870550188085,-0.6454638073914916
ROS1-49-0004,2019-05-18,0.36980042704001903,0.22467062342972016,-0.4382667519232629
ROS1-49-0007,2019-05-18,0.5371516265804628,0.33780972489178923,-0.5100693117252943
ROS1-49-0003,2019-05-18,0.4331644035096363,0.2346918385663762,-0.43370280075526857
ROS1-33-0010,2019-05-18,0.5283848345776722,0.3124586340213636,-0.5042536630729592
ROS1-33-0009,2019-05-18,0.15510242254720166,0.07224472391826467,-0.29095491899688725
ROS1-34-0003,2019-05-18,0.6753331739264999,0.37217394580200225,-0.6049362905054355
ROS1-01-0003,2019-05-19,0.37503474133704634,0.22620206273881732,-0.3956442774889969
ROS1-07-0011,2019-05-19,0.8435153222652407,0.5980502155272828,-0.7476333203857186
ROS1-01-0015,2019-05-19,0.3365047234117542,0.23602164607833193,-0.37415961824259475
ROS1-02-0005,2019-05-19,0.7453658925153679,0.4754391927327603,-0.665736897031103
ROS1-07-0011,2019-05-19,0.7943157873948883,0.599911026275056,-0.6936979324577457
ROS1-01-0031,2019-05-19,0.4528680279676051,0.30157600296632237,-0.4020092266129292
ROS1-07-0011,2019-05-19,0.812147122241732,0.6033408685586328,-0.7108042412607108
ROS1-07-0045,2019-05-19,0.44618969927221735,0.3092830405228494,-0.4516740495835544
ROS1-08-0010,2019-05-19,0.27280054844927853,0.1331765301033868,-0.3477996692802279
ROS1-07-0012,2019-05-19,0.756329085274217,0.7144524684176436,-0.666665625929887
ROS1-07-0011,2019-05-19,0.7932678270870163,0.6031674791341715,-0.6908677199200485
ROS1-15-0009,2019-05-19,0.8021533511038437,0.5255230105538387,-0.6852860251549902
ROS1-15-0014,2019-05-19,0.5720187117994342,0.44499527954809764,-0.5904627013847243
ROS1-15-0003,2019-05-19,0.5035776579230337,0.23408087704256922,-0.45400677707146403
ROS1-16-0006,2019-05-19,0.776581309132289,0.4820900484514885,-0.6745818545496692
ROS1-22-0026,2019-05-19,0.19371013724740224,0.07406241051774383,-0.3117732914219138
ROS1-15-0006,2019-05-19,0.7737968838143208,0.487565164721992,-0.6820633742583322
ROS1-22-0016,2019-05-19,0.49483836409336585,0.2796909405353299,-0.4429889205862148
ROS1-16-0006,2019-05-19,0.7739067234101736,0.4832033052293277,-0.6708201048147379
ROS1-22-0026,2019-05-19,0.1935944195675166,0.0746704259336349,-0.3078408108848258
ROS1-36-0014,2019-05-20,0.6930072604134722,0.5104142094251872,-0.6330996654844306
ROS1-42-0006,2019-05-20,0.7170022395132267,0.45770730999148446,-0.6741724714439312
ROS1-36-0022,2019-05-20,0.856945744520306,0.6372087317050111,-0.7908718453076015
ROS1-42-0008,2019-05-20,0.1208943857357768,0.06149091144321832,-0.3121973900723997
ROS1-36-0019,2019-05-20,0.7944722260007706,0.6177627475094438,-0.7525815172816519
ROS1-36-0014,2019-05-20,0.7128231041082087,0.5206196909011398,-0.6496580563044317
ROS1-37-0012,2019-05-20,0.704631799391966,0.5299088912945361,-0.6658044903753653
ROS1-42-0000,2019-05-20,0.7291343278095842,0.4675198331054601,-0.6908694200757526
ROS1-37-0012,2019-05-20,0.6815948883464519,0.5237904708030668,-0.6402491752496996
ROS1-43-0006,2019-05-20,0.7587127261269979,0.5426357569550082,-0.6927176222083233
ROS1-43-0019,2019-05-20,0.49055955877633284,0.33398203663325554,-0.49630964247767617
ROS1-49-0007,2019-05-20,0.5091657184900882,0.34269836713782786,-0.5020147057671538
ROS1-42-0000,2019-05-20,0.6842873786947286,0.4670610492442684,-0.6423553997364739
ROS1-49-0004,2019-05-20,0.36378256370653855,0.23804901950810073,-0.4379042705556901
ROS1-49-0007,2019-05-20,0.5095492142901804,0.3427262458083609,-0.5026612312306193
ROS1-49-0003,2019-05-20,0.4777485298843692,0.3068493991748889,-0.4880592144372417
ROS1-01-0003,2019-05-21,0.40612046920754574,0.2556748419475977,-0.43210380130503484
ROS1-07-0011,2019-05-21,0.8352164555266655,0.6970397765651379,-0.7527157826926534
ROS1-07-0011,2019-05-21,0.8178026833117568,0.6967537742931372,-0.7339877641849643
ROS1-01-0031,2019-05-21,0.4615695842131622,0.30344938882769545,-0.42327341435377897
ROS1-12-0000,2019-05-21,0.8923541986898211,0.7594052440798239,-0.8074409949276269
ROS1-07-0011,2019-05-21,0.8170222436486493,0.7020820489732635,-0.7311846001515372
ROS1-12-0004,2019-05-21,0.2565354148366236,0.1282046410392935,-0.3499852662324
ROS1-07-0045,2019-05-21,0.4668268935644244,0.345495995972576,-0.47346114815365936
ROS1-07-0012,2019-05-21,0.8509381886845175,0.7344494832515936,-0.7591703932831416
ROS1-07-0011,2019-05-21,0.8160576046035763,0.7008442412408331,-0.7303666081368617
ROS1-07-0018,2019-05-21,0.3483487381691896,0.2608819975893244,-0.3886334929281432
ROS1-13-0013,2019-05-21,0.2624812820186491,0.13736387834629044,-0.3506146507153646
ROS1-18-0029,2019-05-21,0.47683011481061094,0.3462212434345852,-0.5075846881904681
ROS1-24-0003,2019-05-21,0.20331792212967398,0.10269397915840713,-0.33468032656661134
ROS1-18-0007,2019-05-21,0.7544287982829375,0.49851607409035814,-0.7078720162715461
ROS1-25-0008,2019-05-21,0.8010565446936841,0.5629292958634701,-0.7137679004514866
ROS1-18-0030,2019-05-21,0.28406909617506876,0.17400767608626205,-0.3535420157513868
ROS1-18-0024,2019-05-21,0.4089058103695546,0.23019021325944516,-0.43999107665530784
ROS1-19-0041,2019-05-21,0.8701823900639601,0.7386238391450591,-0.769837022859312
ROS1-25-0017,2019-05-21,0.44689948037837407,0.24771810701309827,-0.42933468345711545
ROS1-26-0027,2019-05-21,0.4505481962489656,0.3132534667919246,-0.49852405168807923
ROS1-19-0026,2019-05-21,0.8975214733189306,0.7339551879213236,-0.8082893607956047
ROS1-20-0010,2019-05-21,0.48186617705501733,0.2898035161414255,-0.4859535208516337
ROS1-19-0022,2019-05-21,0.8065270285676177,0.6576927230704559,-0.666749740189142
ROS1-19-0037,2019-05-21,0.9052464898467233,0.8149692934157411,-0.8140124917704454
ROS1-24-0003,2019-05-21,0.20456327321883278,0.1041072320635607,-0.33330141180908285
ROS1-25-0008,2019-05-21,0.7989228725264399,0.5650075180330381,-0.7106890887720761
ROS1-25-0016,2019-05-21,0.2870642931281421,0.1539956232774612,-0.3726790932976435
ROS1-25-0016,2019-05-21,0.2859730485376825,0.1528139896523602,-0.3742730435253639
ROS1-15-0009,2019-05-21,0.7922338857851027,0.5403710388767603,-0.6826900532415189
ROS1-15-0016,2019-05-21,0.6294268589710883,0.4231379817158505,-0.5890325645256903
ROS1-15-0014,2019-05-21,0.5565002131913337,0.4387237841188852,-0.5767948864595086
ROS1-15-0003,2019-05-21,0.4804554268564411,0.24920996534459305,-0.45157143257640125
ROS1-16-0006,2019-05-21,0.7713840658344749,0.496720448131592,-0.665681569170914
ROS1-22-0026,2019-05-21,0.1818894269924946,0.07572718329649741,-0.3118096073199863
ROS1-15-0006,2019-05-21,0.7454127019349068,0.49252378342300535,-0.6590423957289608
ROS1-20-0023,2019-05-21,0.28380798545892943,0.169166909657398,-0.37140904097567
ROS1-27-0006,2019-05-21,0.8376494740372016,0.6239988351207921,-0.7294377588359053
ROS1-21-0013,2019-05-21,0.8241488698756304,0.5749091126710787,-0.7192956424549652
ROS1-26-0031,2019-05-21,0.8776256221661559,0.5721055053763141,-0.8063706765376543
ROS1-27-0009,2019-05-21,0.21504051917227382,0.12758828464544317,-0.35468199762374064
ROS1-20-0007,2019-05-21,0.855293628694257,0.6690343104307493,-0.7655486847844791
ROS1-21-0034,2019-05-21,0.28406334701421615,0.15605615115675814,-0.3869579099055033
ROS1-26-0006,2019-05-21,0.6133181996010478,0.4994275818186427,-0.6102354649048366
ROS1-27-0004,2019-05-21,0.713677290199639,0.4242897889289622,-0.6385380575523014
ROS1-21-0043,2019-05-21,0.17098842106917897,0.0636834879621134,-0.3031307531048596
ROS1-26-0036,2019-05-21,0.2072094277250118,0.08390794538945433,-0.330085777180633
ROS1-21-0016,2019-05-21,0.7207998518617224,0.43658917332915337,-0.6358101967436043
ROS1-22-0016,2019-05-21,0.514314928215214,0.3099737423998719,-0.4558911034804934
ROS1-22-0011,2019-05-21,0.7889335763414902,0.4904608340764299,-0.6578988535905939
ROS1-28-0017,2019-05-21,0.6509484439658245,0.4574744804792827,-0.6490605898166015
ROS1-28-0029,2019-05-21,0.21625427692139504,0.07250689559181993,-0.3508993611308021
ROS1-16-0006,2019-05-21,0.7695117619358073,0.4989097166467789,-0.662271319278222
ROS1-22-0026,2019-05-21,0.180022359673747,0.07554757079507711,-0.3068376449244386
ROS1-28-0006,2019-05-21,0.25492521964257564,0.11369000884976548,-0.3352371727299969
ROS1-29-0006,2019-05-21,0.672344553859734,0.37745141887092193,-0.5683231206283379
ROS1-22-0032,2019-05-21,0.1987406875184402,0.0819393359208229,-0.30018546240519584
ROS1-29-0008,2019-05-21,0.8499370925597161,0.658271284973675,-0.7534989657424288
ROS1-33-0014,2019-05-21,0.6318604559584928,0.3988352721988865,-0.5479163085568756
ROS1-33-0018,2019-05-21,0.6398759756163365,0.42522676401111315,-0.6112954744808073
ROS1-27-0021,2019-05-21,0.2505310113600291,0.10760421976049186,-0.3474426025750832
ROS1-33-0014,2019-05-21,0.6322557516406594,0.39839360219193076,-0.5488348342569456
ROS1-33-0018,2019-05-21,0.640445833854837,0.4243913666104611,-0.6126176229856688
ROS1-33-0010,2019-05-21,0.5527389729752324,0.3160525853844001,-0.5299860242018318
ROS1-28-0030,2019-05-21,0.19578722619748387,0.06930636753754722,-0.3271879375998087
ROS1-33-0009,2019-05-21,0.16570224931006577,0.07321943355539351,-0.3043257554033802
ROS1-34-0003,2019-05-21,0.6904438169905056,0.3630624192608471,-0.6303611700433143
ROS1-28-0006,2019-05-21,0.2504849150886768,0.11377521873931316,-0.32482849521566526
ROS1-33-0010,2019-05-21,0.5524600155910668,0.3163043678949395,-0.5292837646308067
ROS1-33-0009,2019-05-21,0.1654709281720177,0.0732319345883354,-0.30308505631557475
ROS1-34-0003,2019-05-21,0.6901173823645692,0.3636383895881208,-0.6295964341304019
ROS1-18-0029,2019-05-23,0.41575061040729044,0.37531353729177525,-0.3591577541423329
ROS1-24-0003,2019-05-23,0.1804502592477184,0.10867226442748552,-0.2971598527421929
ROS1-18-0024,2019-05-23,0.4620934716112715,0.3443349848614184,-0.44343628237822763
ROS1-24-0003,2019-05-23,0.18086905391677993,0.11006265108501019,-0.29483561609443193
ROS1-30-0009,2019-05-23,0.5573528723242085,0.5919382102051431,-0.5172089015227525
ROS1-24-0026,2019-05-23,0.8414422851888973,0.7133257914573912,-0.7537190658072968
ROS1-25-0016,2019-05-23,0.2049212871662932,0.18329636681422093,-0.19055991235572078
ROS1-30-0006,2019-05-23,0.1545190770595877,0.11119234768318358,-0.2539077714910682
ROS1-24-0006,2019-05-23,0.1514483401370787,0.0952377183769532,-0.25445535786280804
ROS1-30-0013,2019-05-23,0.19347822065766906,0.1209305589216666,-0.30918983792605714
ROS1-36-0014,2019-05-23,0.7356255584834224,0.6024179834736813,-0.6260575887535017
ROS1-25-0016,2019-05-23,0.20405122550635743,0.17552698653034143,-0.1997513203974907
ROS1-27-0006,2019-05-23,0.30204340132492763,0.6685995381746243,-0.25133622138679207
ROS1-26-0031,2019-05-23,0.014192439239146233,-0.874426058220535,0.0011464853244077978
ROS1-27-0009,2019-05-23,0.03766128094217158,0.31347276011078135,-0.027100636736443227
ROS1-27-0004,2019-05-23,0.41773003168696976,0.7255879669095369,-0.3607583968477156
ROS1-28-0017,2019-05-23,0.5520274581082942,0.5984228572708585,-0.5176093773606816
ROS1-32-0018,2019-05-23,0.5801099637426466,0.4656715912888529,-0.5427269756200662
ROS1-33-0014,2019-05-23,0.6049312739442771,0.3119790982439962,-0.4782018835443302
ROS1-33-0018,2019-05-23,0.4122878100563764,0.5353998280036806,-0.3819163278464016
ROS1-27-0021,2019-05-23,0.24690588183904302,0.154442126600908,-0.3099864691044335
ROS1-33-0014,2019-05-23,0.6063542770892304,0.31158542889527097,-0.48064243004463864
ROS1-33-0018,2019-05-23,0.41328409043677555,0.5308887822051137,-0.3837892475519032
ROS1-33-0010,2019-05-23,0.5946983925441274,0.4162683800637215,-0.5290608076726201
ROS1-28-0030,2019-05-23,0.1661720073823253,0.0661325848153253,-0.2615461034688644
ROS1-33-0009,2019-05-23,0.15136771333395824,0.08470287874882985,-0.26505529702947783
ROS1-36-0022,2019-05-23,0.2607437782795216,0.5393543490155721,-0.23680283565349014
ROS1-30-0006,2019-05-23,0.1573782161346268,0.11410031877295969,-0.2542372561015445
ROS1-36-0019,2019-05-23,0.12194359964654705,0.09480733986057567,-0.2047595324174852
ROS1-30-0013,2019-05-23,0.1864979031954325,0.11672853050539347,-0.3036071937159083
ROS1-36-0014,2019-05-23,0.7354831202655999,0.6084862901284653,-0.6228992633052578
ROS1-42-0000,2019-05-23,0.6585636253627923,0.5350735255221665,-0.5621046648284636
ROS1-42-0000,2019-05-23,0.6611867027976208,0.527296028751347,-0.5641174398729549
ROS1-33-0010,2019-05-23,0.5961212413511715,0.4164575170505294,-0.5304498706250669
ROS1-33-0009,2019-05-23,0.15153347929929384,0.08411754784481824,-0.26838572341987016
ROS1-01-0003,2019-05-24,0.3300935392135625,0.23693982306739225,-0.30210150605631064
ROS1-01-0015,2019-05-24,0.21015783567626406,-0.028046236684137936,-0.2323683908538657
ROS1-02-0005,2019-05-24,0.6602013173338905,0.2533020563184466,-0.5664929426617777
ROS1-01-0031,2019-05-24,0.4851741198917662,0.3281421263286542,-0.4138376794974902
ROS1-07-0045,2019-05-24,0.30309998169371666,0.36201407991901957,-0.3146723449534613
ROS1-08-0010,2019-05-24,0.31123967435669286,0.15020843110625393,-0.35911990645204883
ROS1-07-0012,2019-05-24,0.5770537307292979,0.7816777356620986,-0.5350684406074068
ROS1-07-0018,2019-05-24,0.36824073877069374,-0.10041836887693974,-0.27967931765017
ROS1-15-0009,2019-05-24,0.429325716760963,0.572684026365209,-0.36516660463203393
ROS1-15-0014,2019-05-24,0.5319418675730939,0.46245988875206584,-0.5379774038231891
ROS1-15-0003,2019-05-24,0.541938702971745,0.32725734293159425,-0.4427404287886152
ROS1-16-0006,2019-05-24,0.7916641754054636,0.5064982163852482,-0.6706746673080468
ROS1-22-0026,2019-05-24,0.2471887617199674,0.1679939218613571,-0.28797996073431015
ROS1-15-0006,2019-05-24,0.7470575794174865,0.4801488164548667,-0.6535142709705781
ROS1-22-0016,2019-05-24,0.5791605256862872,0.35108430608750796,-0.46540597133416167
ROS1-16-0006,2019-05-24,0.7874590866688483,0.50777753401712,-0.6660618482130111
ROS1-22-0026,2019-05-24,0.24530625351620652,0.1431707021835559,-0.2944332060800351
ROS1-36-0014,2019-05-25,0.7304925930566072,0.5617618269175388,-0.6362257585410179
ROS1-42-0006,2019-05-25,0.6504549577534864,0.4194959699684597,-0.6074055155686195
ROS1-36-0022,2019-05-25,0.7914974375966171,0.5795390812163511,-0.7188663743787806
ROS1-42-0008,2019-05-25,0.15516790546858,0.08450506270884067,-0.31800034065634514
ROS1-36-0019,2019-05-25,0.7339536855717018,0.5624333493027959,-0.687844189161213
ROS1-36-0014,2019-05-25,0.721545585829507,0.5583568141997799,-0.6287153055989432
ROS1-37-0012,2019-05-25,0.5558505426919024,0.5768724354957783,-0.5089138812237113
ROS1-42-0000,2019-05-25,0.6535105751346791,0.43001986385810975,-0.6176292465003639
ROS1-37-0012,2019-05-25,0.5575172056004211,0.5621881907951931,-0.5119650892809892
ROS1-43-0006,2019-05-25,0.7113778286185312,0.5047676967487384,-0.6508549590508824
ROS1-43-0019,2019-05-25,0.4447232029963707,0.3001404775524491,-0.46559635707128194
ROS1-49-0007,2019-05-25,0.4774553032017532,0.29213604591436443,-0.5082846243019213
ROS1-42-0000,2019-05-25,0.6893041304001947,0.4413765730469014,-0.6531981529926313
ROS1-49-0004,2019-05-25,0.3352489980742256,0.2138010302562892,-0.41640172915297535
ROS1-49-0007,2019-05-25,0.4561337564852484,0.28845119597219737,-0.48097754214833593
ROS1-49-0003,2019-05-25,0.44393356083284863,0.2580627217315257,-0.4622167425732787
ROS1-18-0030,2019-05-26,0.33861810764859185,0.2546959076498754,-0.32469964578433425
ROS1-15-0016,2019-05-26,0.021628503573386616,0.1953455555690958,-0.021416882226493024
ROS1-15-0014,2019-05-26,0.001120085528998343,0.054978885847304065,-0.002523654393274073
ROS1-15-0003,2019-05-26,0.014596552455003735,0.195853576993997,-0.01894459600590578
ROS1-15-0006,2019-05-26,0.01777141449357967,0.16419743875796908,-0.018477818237173135
ROS1-26-0031,2019-05-26,0.7384129790020638,0.5280281951991418,-0.7111607466708623
ROS1-26-0006,2019-05-26,0.09455144793661496,0.5024534114907572,-0.08169136871835053
ROS1-26-0036,2019-05-26,0.47552729127508464,0.17670229819133548,-0.7059283974316916
ROS1-22-0016,2019-05-26,0.01983401262114027,0.1532679173533158,-0.026078402600311013
ROS1-28-0017,2019-05-26,0.03438552336211142,0.16120677559156865,-0.04022768311635343
ROS1-28-0006,2019-05-26,-0.013780007637523158,-0.2069502710669128,0.012917565080379487
ROS1-22-0032,2019-05-26,0.04241220640093917,0.20018360314231548,-0.04310583700219522
ROS1-32-0015,2019-05-26,0.049933994482237114,3.3748651311924016,-0.02938024221728924
ROS1-33-0010,2019-05-26,0.020527813878350586,0.10303731034448178,-0.03194957062797845
ROS1-28-0030,2019-05-26,0.10644579769899798,0.45413734045164356,-0.08984488486987302
ROS1-33-0009,2019-05-26,0.016376018041722635,0.08500652656976389,-0.03157486628593785
ROS1-28-0006,2019-05-26,-0.008019609127436001,-0.07621879897424011,0.0037788307955191097
ROS1-33-0010,2019-05-26,0.02082607119660597,0.10514615514050639,-0.032087340952713254
ROS1-33-0009,2019-05-26,0.01623549593832997,0.08445827650401734,-0.031102897364036746
ROS1-18-0029,2019-05-28,0.44224247250601595,0.291314437356278,-0.479676062883785
ROS1-24-0003,2019-05-28,0.1777705871006123,0.09605343932020269,-0.30417616352496296
ROS1-18-0007,2019-05-28,0.7401694151083874,0.49529368200681156,-0.6563785940036202
ROS1-25-0008,2019-05-28,0.7938483658503396,0.5401669011877053,-0.6875452054813895
ROS1-18-0030,2019-05-28,0.4745538109379565,0.30610411377539326,-0.4683994287886082
ROS1-18-0024,2019-05-28,0.5918258808280035,0.31811406773377493,-0.5153963836571004
ROS1-19-0041,2019-05-28,0.8746356578096133,0.7298118062529968,-0.7630976223757158
ROS1-25-0017,2019-05-28,-0.1617295433348922,-0.038424532446441624,0.15275465737918656
ROS1-19-0026,2019-05-28,0.8840639401104895,0.74212872686279,-0.7899115600824244
ROS1-20-0010,2019-05-28,0.5880865264694061,0.38229770372748373,-0.5201345229669203
ROS1-19-0022,2019-05-28,0.2233663932290949,0.10801894671081018,-0.30248506451528256
ROS1-19-0037,2019-05-28,0.8808031233206429,0.798578171279655,-0.7808278423792069
ROS1-24-0003,2019-05-28,0.1766303898171424,0.0960414667258988,-0.29936308809566087
ROS1-30-0009,2019-05-28,0.7398243931346152,0.461865661531028,-0.657412607447608
ROS1-24-0026,2019-05-28,0.8147330050635258,0.5717146970344704,-0.7306327206627996
ROS1-25-0008,2019-05-28,0.7895506508009357,0.5413094793646215,-0.6807320122076864
ROS1-30-0001,2019-05-28,0.6856735317030846,0.3626813310976816,-0.5799403994776204
ROS1-37-0025,2019-05-28,0.721365697213607,0.39909131151811017,-0.6872431472916033
ROS1-25-0016,2019-05-28,0.2500295738782779,0.15083519543907525,-0.34681148578343624
ROS1-30-0006,2019-05-28,0.16953300347491712,0.09765831217312798,-0.30432373196617785
ROS1-24-0006,2019-05-28,0.1472302057779041,0.08950198033283242,-0.2720222797504327
ROS1-25-0023,2019-05-28,0.48840657146262806,0.333084139515414,-0.4855741830467282
ROS1-30-0013,2019-05-28,0.2270926167669264,0.15685320273307152,-0.3327850785830565
ROS1-31-0028,2019-05-28,0.720695159589178,0.4756973051002239,-0.6475536470596499
ROS1-36-0014,2019-05-28,0.7161878632550259,0.5074991373004465,-0.6451521712647377
ROS1-31-0009,2019-05-28,0.16542486906512924,0.09293321709507035,-0.3210642455929945
ROS1-37-0049,2019-05-28,0.5809216982961968,0.41460028748670896,-0.6153721600056125
ROS1-31-0024,2019-05-28,0.7836905332370242,0.5255409075020518,-0.7088244323532321
ROS1-32-0022,2019-05-28,0.8785663694123588,0.7133828177216804,-0.7977635591503014
ROS1-37-0025,2019-05-28,0.7190615379517467,0.3995451820955659,-0.6847376419735418
ROS1-25-0016,2019-05-28,0.2561170644484287,0.15524184028324667,-0.3511652089389567
ROS1-31-0038,2019-05-28,0.8507355195255873,0.5981920339945828,-0.7605544706838699
ROS1-31-0028,2019-05-28,0.7164046450395803,0.47410992837691496,-0.6446318102178713
ROS1-38-0001,2019-05-28,0.8587286989135428,0.6728410554085562,-0.7674396743729444
ROS1-27-0006,2019-05-28,0.8465344417263497,0.6988801115458664,-0.724964506922594
ROS1-26-0031,2019-05-28,0.8673883496582058,0.6041622036418972,-0.78390165600454
ROS1-27-0009,2019-05-28,0.21435010416873626,0.1318194501824982,-0.334563827360424
ROS1-21-0034,2019-05-28,0.39721653284644626,0.2575582840875272,-0.40938814302441534
ROS1-26-0006,2019-05-28,0.6032992443328782,0.5141006780338637,-0.6015096109721341
ROS1-27-0004,2019-05-28,0.6969630714647219,0.4394274097170329,-0.6091632580553923
ROS1-26-0036,2019-05-28,0.17325119025723373,0.07650599508526287,-0.29537807984647796
ROS1-28-0017,2019-05-28,0.6395328732226656,0.4679488895117213,-0.6298122971791279
ROS1-28-0006,2019-05-28,0.21393845907168899,0.08602671352353702,-0.3263962915133267
ROS1-32-0018,2019-05-28,0.6061581484392222,0.39150220588590473,-0.5793600512293995
ROS1-33-0014,2019-05-28,0.5855669761142591,0.3625575720275874,-0.5286505019142177
ROS1-32-0022,2019-05-28,0.8750536275135354,0.6987588052569838,-0.7928576076763886
ROS1-33-0018,2019-05-28,0.6166442342376253,0.4016550789610862,-0.5896218431808021
ROS1-27-0021,2019-05-28,0.2709783442412728,0.14881250187663644,-0.36198954211216533
ROS1-32-0015,2019-05-28,0.17327046791283296,0.1082800168448061,-0.31958017946005873
ROS1-33-0014,2019-05-28,0.5862488024983681,0.362319083067623,-0.5302119600920777
ROS1-33-0018,2019-05-28,0.6171260846349009,0.40102487568014605,-0.5906868692023881
ROS1-33-0010,2019-05-28,0.6428007349265396,0.3900328022544877,-0.5714772905189661
ROS1-28-0030,2019-05-28,0.1634847018040701,0.0750010069393095,-0.2879876125941525
ROS1-33-0009,2019-05-28,0.1500395546301285,0.06669308480533172,-0.289104401602484
ROS1-34-0003,2019-05-28,0.6213355707475047,0.3075206280992243,-0.5745628122613592
ROS1-28-0006,2019-05-28,0.21218271719170456,0.0861483029351989,-0.32052869557119695
ROS1-42-0006,2019-05-28,0.39727927438003346,0.3408940468571076,-0.3874448688687718
ROS1-36-0022,2019-05-28,0.776446474054575,0.5600781087201048,-0.7024006457903824
ROS1-37-0025,2019-05-28,0.719586702226256,0.4021148498249576,-0.6824991559331358
ROS1-42-0008,2019-05-28,0.16350366284382636,0.09152955848339346,-0.32318244442439215
ROS1-30-0006,2019-05-28,0.167884419213553,0.09762238335980065,-0.30012973084794514
ROS1-36-0019,2019-05-28,0.7359672619912891,0.3114702674790301,-0.6332902146488396
ROS1-30-0013,2019-05-28,0.22251276528353503,0.1552672034375166,-0.3269660490215242
ROS1-31-0028,2019-05-28,0.7205853250157928,0.48021926479273036,-0.6448732130665156
ROS1-36-0014,2019-05-28,0.7149761076969141,0.5112494736945187,-0.6415579024406284
ROS1-37-0012,2019-05-28,0.7270613071678871,0.46410570754247754,-0.6613752039712056
ROS1-42-0000,2019-05-28,0.6390794576621909,0.41237306709876215,-0.6050287786490215
ROS1-31-0009,2019-05-28,0.1639595486301171,0.09240504745083468,-0.3186035176574821
ROS1-37-0049,2019-05-28,0.5797954573744072,0.4153137444069592,-0.6132308208264261
ROS1-38-0002,2019-05-28,0.17549404472523647,0.09623056582365437,-0.32630863800327387
ROS1-31-0038,2019-05-28,0.8494317552334656,0.5998008342137734,-0.7581432563105615
ROS1-37-0012,2019-05-28,0.7234591199229307,0.4608679367263744,-0.6598154586931227
ROS1-38-0001,2019-05-28,0.8569299831195285,0.6741972254016632,-0.7650609486860132
ROS1-43-0006,2019-05-28,0.6801451720149747,0.3986864389677112,-0.6511662890003256
ROS1-43-0019,2019-05-28,0.2594522950285939,0.2556706948547666,-0.29361673568427976
ROS1-49-0007,2019-05-28,0.45165685926477966,0.2660093313631223,-0.48352738049174326
ROS1-42-0000,2019-05-28,0.6476316724289208,0.4169086853484143,-0.6123874485719767
ROS1-49-0004,2019-05-28,0.32469218568104,0.20347074732908235,-0.41451880819592934
ROS1-49-0007,2019-05-28,0.4407746677354664,0.26298280608223573,-0.46790058058776784
ROS1-49-0003,2019-05-28,0.4387211434492305,0.2612879634862777,-0.46640674586533415
ROS1-33-0010,2019-05-28,0.6425788869917722,0.3901430272495325,-0.5712921336675936
ROS1-33-0009,2019-05-28,0.14968106515792176,0.06659797393784155,-0.2886140432941809
ROS1-34-0003,2019-05-28,0.6211799999729607,0.3077036351263472,-0.5741334608011879
ROS1-01-0003,2019-05-29,0.636732176786313,0.4582825877364543,-0.5728598871512802
ROS1-07-0011,2019-05-29,0.8805237951830133,0.6565113156588221,-0.7836217974383591
ROS1-01-0015,2019-05-29,0.35986368691069603,0.22275010266645873,-0.41670987231841633
ROS1-02-0005,2019-05-29,0.7916408261847264,0.48629365911754335,-0.6966169228421513
ROS1-07-0011,2019-05-29,0.8786055459055339,0.6542592023487221,-0.7824200628463066
ROS1-01-0031,2019-05-29,0.4866636978349812,0.32252050911703406,-0.43981343310624743
ROS1-07-0011,2019-05-29,0.8761024032062358,0.658825582190214,-0.7780065053441158
ROS1-07-0045,2019-05-29,0.48150795124651974,0.3318650449779388,-0.4922211163909144
ROS1-08-0010,2019-05-29,0.3621760452363811,0.19382123247188363,-0.395182794947525
ROS1-07-0012,2019-05-29,0.8821384809629894,0.6601602854017206,-0.7870792834381248
ROS1-07-0011,2019-05-29,0.8766198536654369,0.6577358846874786,-0.7788053939467557
ROS1-07-0018,2019-05-29,0.3938540294855591,0.2516697896619461,-0.4287286753488442
ROS1-15-0009,2019-05-29,0.8371758225795636,0.5786106918201075,-0.7108814908497725
ROS1-15-0014,2019-05-29,0.5564436126387166,0.4389365718790371,-0.5662020399461947
ROS1-15-0003,2019-05-29,0.5839286894409987,0.3041707921786565,-0.48375104316142636
ROS1-16-0006,2019-05-29,0.809960763570067,0.5235146814848729,-0.6776854563055531
ROS1-22-0026,2019-05-29,0.18194530268286357,0.08534751040735979,-0.30229398892718823
ROS1-15-0006,2019-05-29,0.7550166079409117,0.46843854293331094,-0.6501712600176944
ROS1-22-0016,2019-05-29,0.6791534162118046,0.4487076746389899,-0.5151500299359877
ROS1-16-0006,2019-05-29,0.8086488072574446,0.5245608719600966,-0.6755342374868772
ROS1-22-0026,2019-05-29,0.1807558483549574,0.08512576438970376,-0.2994165171322842
ROS1-36-0014,2019-05-30,0.6344503293840642,0.4130482577570934,-0.5885425922941013
ROS1-42-0006,2019-05-30,0.5838788025705489,0.36481753913765524,-0.5624376122081477
ROS1-36-0022,2019-05-30,0.7603197399919895,0.5025746791285726,-0.6928590230082969
ROS1-42-0008,2019-05-30,0.14913437043278355,0.08428399892675867,-0.3140971064202871
ROS1-36-0019,2019-05-30,0.745623104617185,0.5841801574783669,-0.6919432680756702
ROS1-36-0014,2019-05-30,0.6232328853220663,0.412134785832697,-0.5764997680633898
ROS1-37-0012,2019-05-30,0.6851164985609923,0.5103005712111115,-0.6403688293092743
ROS1-42-0000,2019-05-30,0.606843234369767,0.39433995325260973,-0.593910483384144
ROS1-37-0012,2019-05-30,0.6804851027434963,0.5145341550889646,-0.6348604742487663
ROS1-43-0006,2019-05-30,0.6446022262524383,0.4347952630571337,-0.6075836675142852
ROS1-43-0019,2019-05-30,0.4105081962643917,0.2692160957440164,-0.4412112976734238
ROS1-49-0007,2019-05-30,0.40784214033377336,0.2598210307511149,-0.45049413105212943
ROS1-42-0000,2019-05-30,0.5987180389748484,0.40002469668746127,-0.5832071913279867
ROS1-49-0004,2019-05-30,0.30516129309834317,0.2024191286692325,-0.3988641667916731
ROS1-49-0007,2019-05-30,0.4066257528620191,0.25897340575952105,-0.44938344918318907
ROS1-49-0003,2019-05-30,0.39719872486717006,0.25047512178113107,-0.44093132171278476
ROS1-01-0003,2019-05-31,0.67234806585207,0.5164466712422283,-0.590317941772066
ROS1-07-0011,2019-05-31,0.8499194138909548,0.6386198223560936,-0.7580467858100224
ROS1-01-0015,2019-05-31,0.39435142879722346,0.2652187688347612,-0.43191432860050705
ROS1-02-0005,2019-05-31,0.7446897430613186,0.5073403971305038,-0.6557119129525413
ROS1-07-0011,2019-05-31,0.8356624247334935,0.6368691639217666,-0.7420526058249484
ROS1-01-0031,2019-05-31,0.4956880343361577,0.3215725068603261,-0.4482492747248358
ROS1-12-0000,2019-05-31,0.8757255158085322,0.6712933381799022,-0.7844679818610725
ROS1-07-0011,2019-05-31,0.8358420637051325,0.6421643191642888,-0.7408545397201429
ROS1-12-0004,2019-05-31,0.3892078279168798,0.20494490718815028,-0.41078775635166587
ROS1-07-0045,2019-05-31,0.43998506434558565,0.3545512858552631,-0.4260729386257853
ROS1-08-0010,2019-05-31,0.42564567243366724,0.2580117526773766,-0.42105929019826277
ROS1-07-0012,2019-05-31,0.8363966949716883,0.6488422391088488,-0.7405314671620998
ROS1-07-0011,2019-05-31,0.8363130036738036,0.6393144870898055,-0.7416086383531886
ROS1-07-0018,2019-05-31,0.4013174783806891,0.2652891306896207,-0.42229973767937207
ROS1-13-0013,2019-05-31,0.17815343165778713,0.10114365557887213,-0.28181114585631906
ROS1-18-0029,2019-05-31,0.509090659416374,0.3238891983794337,-0.5115661298989829
ROS1-24-0003,2019-05-31,0.15539403093619397,0.10100201269350245,-0.2805839391024051
ROS1-18-0007,2019-05-31,0.6912708432211825,0.43106442745768886,-0.6356610018451694
ROS1-25-0008,2019-05-31,0.7517552419443048,0.4869291976968795,-0.6673980651012609
ROS1-18-0030,2019-05-31,0.5466595035570803,0.3831652128700834,-0.5099902206227401
ROS1-18-0024,2019-05-31,0.6625918993670079,0.47083453444386303,-0.5794241119006875
ROS1-19-0041,2019-05-31,0.8229469725979716,0.6796797757956716,-0.7263629520449407
ROS1-25-0017,2019-05-31,0.15031950525957127,0.07783110160032436,-0.21407748138697413
ROS1-26-0027,2019-05-31,0.3971676511273658,0.27647246957842864,-0.4475799094519353
ROS1-19-0026,2019-05-31,0.8709458909110654,0.6606675894718137,-0.7842748944054044
ROS1-20-0010,2019-05-31,0.5825277062229983,0.33765408413130005,-0.522153941124919
ROS1-19-0022,2019-05-31,0.22715535370692277,0.10438076679660653,-0.2986023228095046
ROS1-24-0003,2019-05-31,0.16105174331112476,0.10543622342490878,-0.2838349273823449
ROS1-25-0008,2019-05-31,0.748336717770375,0.4898105251366292,-0.6633250873733949
ROS1-25-0016,2019-05-31,0.2678681574604875,0.1670220868545924,-0.3513820834831255
ROS1-32-0022,2019-05-31,0.8800813244909192,0.689897121166842,-0.80508985948619
ROS1-25-0016,2019-05-31,0.269995898465488,0.1668214745760306,-0.35535211681204387
ROS1-15-0009,2019-05-31,0.8102050627359609,0.5863943355001243,-0.6874940168769095
ROS1-15-0016,2019-05-31,0.6455696936894297,0.43122937485341845,-0.5895249494426076
ROS1-15-0014,2019-05-31,0.5405937552438288,0.4355862317733338,-0.5483844875824732
ROS1-15-0003,2019-05-31,0.5776279754003335,0.33473172170361654,-0.4831250233516236
ROS1-16-0006,2019-05-31,0.773694594310011,0.524951155650637,-0.6434435309085212
ROS1-22-0026,2019-05-31,0.17925643423252244,0.09420294631327379,-0.29285569813978657
ROS1-15-0006,2019-05-31,0.6972341254152062,0.4498481377370333,-0.6103579756095034
ROS1-27-0006,2019-05-31,0.7936763247977278,0.6330337350372027,-0.692167318192929
ROS1-26-0031,2019-05-31,0.8286197243490434,0.5220682376886973,-0.7573522639453993
ROS1-27-0009,2019-05-31,0.23788182956489426,0.15005654444376249,-0.3501307591258644
ROS1-21-0034,2019-05-31,0.41807409134880436,0.25562849448509073,-0.42604829046152853
ROS1-26-0006,2019-05-31,0.5394165215945527,0.4158680784706969,-0.5564666663469732
ROS1-27-0004,2019-05-31,0.6316576748547267,0.4008787401909371,-0.5661950844017575
ROS1-26-0036,2019-05-31,0.17176421994908334,0.07002950486937896,-0.2923035366170668
ROS1-22-0016,2019-05-31,0.6847827110639201,0.4925039996886291,-0.5279450676348144
ROS1-28-0017,2019-05-31,0.6381723329447176,0.44492448141221363,-0.6370272988934809
ROS1-16-0006,2019-05-31,0.7758514064883739,0.528350912242124,-0.6439511184634793
ROS1-22-0026,2019-05-31,0.17549562864477325,0.0920034047153963,-0.28862057990470735
ROS1-28-0006,2019-05-31,0.21393787964326974,0.086112314069963,-0.32486102842438996
ROS1-29-0006,2019-05-31,0.6579777316384255,0.4319452936077629,-0.5531691508790066
ROS1-29-0008,2019-05-31,0.7737358386090196,0.6820886776000737,-0.6858217275608767
ROS1-32-0018,2019-05-31,0.5831514253650664,0.3609528814034766,-0.5766406395316988
ROS1-33-0014,2019-05-31,0.5681487683157581,0.35510896429075917,-0.5154221533519214
ROS1-32-0022,2019-05-31,0.8830796824634578,0.6769788425417655,-0.8079952648247739
ROS1-33-0018,2019-05-31,0.45696665549269666,0.5887316081252855,-0.41424936576097815
ROS1-27-0021,2019-05-31,0.2778135091499436,0.13167055202589348,-0.35456857632836275
ROS1-32-0015,2019-05-31,0.162703106845185,0.09843377117972493,-0.3076395551416445
ROS1-33-0014,2019-05-31,0.5701792918263354,0.35441738064414813,-0.518635948012072
ROS1-33-0018,2019-05-31,0.4553793354926017,0.575156031623009,-0.4151580703415414
ROS1-33-0010,2019-05-31,0.43272058823529413,0.6300856531049249,-0.33481760575441
ROS1-28-0030,2019-05-31,0.15689691520499208,0.0784364804539982,-0.2707915588483955
ROS1-33-0009,2019-05-31,0.14258215731425886,0.06672020701525613,-0.26510694118658634
ROS1-34-0003,2019-05-31,0.6087032341773535,0.35410190184411816,-0.5564058815609131
ROS1-28-0006,2019-05-31,0.21203669753093465,0.08794137651923432,-0.31047785125530375
ROS1-33-0010,2019-05-31,0.4391586806183002,0.41345339497919625,-0.4187000626423436
ROS1-33-0009,2019-05-31,0.1423757228842639,0.06686108141317525,-0.26353987644794674
ROS1-34-0003,2019-05-31,0.6077844288501763,0.35488538893194316,-0.5553042547909274
ROS1-18-0029,2019-06-02,0.533735196777606,0.36877249506166254,-0.5241416601499063
ROS1-24-0003,2019-06-02,0.13863756213194708,0.09727262263846852,-0.2650175115055438
ROS1-18-0007,2019-06-02,0.6503600127933383,0.462016549056947,-0.5954677774282797
ROS1-25-0008,2019-06-02,0.6702125915480128,0.4454751187199857,-0.6209178454614256
ROS1-18-0030,2019-06-02,0.6227424829102322,0.4831038117178542,-0.562313736272046
ROS1-18-0024,2019-06-02,0.6845840082706449,0.550355299728645,-0.5885465835776363
ROS1-19-0041,2019-06-02,0.8573994229952315,0.7143607060710165,-0.7550807996907694
ROS1-25-0017,2019-06-02,0.25545346382409473,0.12520097602308197,-0.2782313614480542
ROS1-26-0027,2019-06-02,0.37076366300061914,0.27548046693760153,-0.42091850245776546
ROS1-19-0026,2019-06-02,0.8511811116894955,0.7025252802442588,-0.7615059469174607
ROS1-20-0010,2019-06-02,0.5925544425634569,0.4656420542699708,-0.5179815147141313
ROS1-19-0022,2019-06-02,0.16807680992889978,0.0803035145167584,-0.2881765071597561
ROS1-19-0037,2019-06-02,0.8574706248320588,0.768427201659205,-0.7552298002942238
ROS1-24-0003,2019-06-02,0.14950073111665138,0.10473624965091642,-0.2705499643658149
ROS1-30-0009,2019-06-02,0.5553972223356066,0.329699439895533,-0.5728440021148028
ROS1-24-0026,2019-06-02,0.6511239382576416,0.41891382833846685,-0.6333883902805555
ROS1-25-0008,2019-06-02,0.6599059907008478,0.4407416860132369,-0.6077029591176821
ROS1-30-0001,2019-06-02,0.611393428478452,0.36579775538148634,-0.5582776290389871
ROS1-37-0025,2019-06-02,0.49732341636219357,0.28897120690223455,-0.5424397418408292
ROS1-25-0016,2019-06-02,0.2718237088496911,0.17781402148013908,-0.3521420109575166
ROS1-30-0006,2019-06-02,0.1640996934059191,0.09131028396827227,-0.30208555172761353
ROS1-24-0006,2019-06-02,0.13943948469855047,0.07518520347444067,-0.2617601455916964
ROS1-25-0023,2019-06-02,0.6236064739126486,0.4699296574223262,-0.5795667081084919
ROS1-30-0013,2019-06-02,0.3483785781587542,0.2655146438485168,-0.4092487441509531
ROS1-31-0028,2019-06-02,0.6593765893914515,0.4565543219426876,-0.6255718884831877
ROS1-36-0014,2019-06-02,0.7040729227224959,0.4985099788429789,-0.6604901419086555
ROS1-31-0009,2019-06-02,0.1687163630926615,0.09805446676737949,-0.32281876646569535
ROS1-37-0049,2019-06-02,0.47844764849407734,0.33987996260083686,-0.5370503739913361
ROS1-31-0024,2019-06-02,0.7173020605798609,0.5107131640831478,-0.6695117529704674
ROS1-32-0022,2019-06-02,0.842090387312226,0.6887028598794105,-0.7662914843738682
ROS1-37-0025,2019-06-02,0.4954763718426136,0.2865768193499101,-0.5425229946938998
ROS1-25-0016,2019-06-02,0.272288930437056,0.17780120149485254,-0.35288020861502556
ROS1-31-0038,2019-06-02,0.7999596573922062,0.6148858382470803,-0.7292794346342187
ROS1-31-0028,2019-06-02,0.6600067725829668,0.4559913978342605,-0.6265846340081077
ROS1-38-0001,2019-06-02,0.76196757235933,0.5755133151180699,-0.692064640378063
ROS1-27-0006,2019-06-02,0.825418387431842,0.7127374597600236,-0.7149932692951357
ROS1-26-0031,2019-06-02,0.7938896833419344,0.5402452862918572,-0.7195898999018544
ROS1-27-0009,2019-06-02,0.24114385108532982,0.15657366752664656,-0.3403146352533771
ROS1-21-0034,2019-06-02,0.41062187693761304,0.2639237438335603,-0.4104573578119456
ROS1-26-0006,2019-06-02,0.5194255941341883,0.4153486315462732,-0.5458217654881496
ROS1-27-0004,2019-06-02,0.6635694156091188,0.4302409087614652,-0.5889695142355689
ROS1-26-0036,2019-06-02,0.15424746114903148,0.07037902667387426,-0.2678417498491467
ROS1-28-0017,2019-06-02,0.6208868284275609,0.4719189211681874,-0.602706422759642
ROS1-28-0006,2019-06-02,0.22091654067772803,0.2570081398372693,-0.2445117830861457
ROS1-32-0018,2019-06-02,0.52767897245019,0.3464632396883191,-0.535363501659563
ROS1-33-0014,2019-06-02,0.47257471052607264,0.3099796649112365,-0.4649755452132496
ROS1-32-0022,2019-06-02,0.8407611880688413,0.6884378188845978,-0.7633173938826538
ROS1-33-0018,2019-06-02,0.5504202971331376,0.37019693338180326,-0.551418298496334
ROS1-27-0021,2019-06-02,0.2988251617979053,0.1566590583495832,-0.36311979030675273
ROS1-32-0015,2019-06-02,0.1522375215231646,0.09984862984287586,-0.2942385201801863
ROS1-33-0014,2019-06-02,0.47630721279371263,0.3072397299115322,-0.46941233263419035
ROS1-33-0018,2019-06-02,0.5475996255498993,0.3112528070995423,-0.538040222610136
ROS1-33-0010,2019-06-02,0.6469909063474949,0.45429610824627514,-0.5779390973391163
ROS1-28-0030,2019-06-02,0.15105418823562974,0.07760490407491684,-0.2662489192613089
ROS1-33-0009,2019-06-02,0.1375302388060103,0.06830322176138905,-0.262026498802008
ROS1-34-0003,2019-06-02,0.3039767108614864,0.2802218053496541,-0.2903520293210428
ROS1-28-0006,2019-06-02,0.24935348256320633,0.28870134079657483,-0.25148652398197924
ROS1-36-0022,2019-06-02,0.6733471723493935,0.41646451447194177,-0.6499822225267283
ROS1-37-0025,2019-06-02,0.5059487062852116,0.300444530528447,-0.5425372985476105
ROS1-42-0008,2019-06-02,0.14717669972042158,0.07867692132708924,-0.3157734573177969
ROS1-30-0006,2019-06-02,0.16257500509718922,0.09122275449136465,-0.2982112904707577
ROS1-36-0019,2019-06-02,0.6292951587540999,0.4004070420393146,-0.6217131283554351
ROS1-30-0013,2019-06-02,0.343946189616705,0.2647675223692859,-0.40454337786192224
ROS1-31-0028,2019-06-02,0.6592534344054263,0.4605781212847027,-0.6228114682552949
ROS1-36-0014,2019-06-02,0.7037314895141075,0.5026989772219685,-0.6576482617003576
ROS1-37-0012,2019-06-02,0.6452159451508187,0.44658502719395965,-0.62370420596983
ROS1-31-0009,2019-06-02,0.16833725234842153,0.09824974999766985,-0.32040904506762685
ROS1-37-0049,2019-06-02,0.4777985077166273,0.34084195949640356,-0.534861194213665
ROS1-38-0002,2019-06-02,0.14998957996970214,0.07495968999215905,-0.30327737368357793
ROS1-31-0038,2019-06-02,0.7980438790380351,0.6170667001980342,-0.7262946590120534
ROS1-37-0012,2019-06-02,0.6451988803740137,0.4440227033506925,-0.6251291010511439
ROS1-38-0001,2019-06-02,0.7600566070738075,0.577151906158857,-0.6891208074957247
ROS1-43-0006,2019-06-02,0.5514143294451724,0.32021116094171176,-0.5648686908028306
ROS1-43-0019,2019-06-02,0.36711785422426896,0.2340380928538884,-0.42254543267880673
ROS1-49-0007,2019-06-02,0.37031843579666623,0.22051524530526218,-0.4440792560211697
ROS1-49-0004,2019-06-02,0.27837230865816964,0.17475466246640992,-0.39432311779993606
ROS1-49-0007,2019-06-02,0.37261007235485044,0.22055040377149557,-0.44768849951109774
ROS1-49-0003,2019-06-02,0.3596515020867447,0.20899361023108187,-0.4376033308765822
ROS1-33-0010,2019-06-02,0.6468801989457984,0.4545538565338445,-0.5775929576845776
ROS1-33-0009,2019-06-02,0.13714614984181966,0.06823522251236502,-0.26141838307150567
ROS1-34-0003,2019-06-02,0.30417170937228205,0.2839524255521336,-0.2907051590625724
ROS1-15-0014,2019-06-03,0.8055500099820324,0.7476929918837787,-0.7282629466845022
ROS1-15-0003,2019-06-03,0.5628302435556485,0.40356302916402453,-0.45642302865755746
ROS1-16-0006,2019-06-03,0.7377754276004073,0.5113781977732891,-0.6222860669897776
ROS1-22-0026,2019-06-03,0.21857796400881163,0.12346385448901476,-0.29679360175083735
ROS1-22-0016,2019-06-03,0.675165680867271,0.5061915556783466,-0.5242048214193001
ROS1-16-0006,2019-06-03,0.7512574861511073,0.5163197148468337,-0.6335456617415407
ROS1-22-0026,2019-06-03,0.21084593486023648,0.11768407112044833,-0.2952374827827317
ROS1-36-0014,2019-06-04,0.7465524458725586,0.5304399329515692,-0.6952464078986994
ROS1-42-0006,2019-06-04,0.4684276616711773,0.20663535542040393,-0.5061720737587574
ROS1-36-0022,2019-06-04,0.604865640754638,0.39382915908332855,-0.6155083012967241
ROS1-42-0008,2019-06-04,0.10579271520229984,0.05647268908858095,-0.2946762280887164
ROS1-36-0019,2019-06-04,0.5653916025531912,0.3727094348231944,-0.5937347911480831
ROS1-36-0014,2019-06-04,0.7180483536599768,0.5229831748357778,-0.667236011244928
ROS1-37-0012,2019-06-04,0.6302504513117598,0.4417520354591532,-0.624698992139197
ROS1-42-0000,2019-06-04,0.42944990149255563,0.2686338927173072,-0.5034604035640069
ROS1-37-0012,2019-06-04,0.6199044640649966,0.4400480411824964,-0.6121681412645005
ROS1-43-0006,2019-06-04,0.20638011794257,0.3015827585682747,-0.23155330579960223
ROS1-43-0019,2019-06-04,0.32254469383720147,0.20212953954568932,-0.3954133504544341
ROS1-49-0007,2019-06-04,0.32286931810650626,0.1967947190132904,-0.4104273348920501
ROS1-42-0000,2019-06-04,0.4188489259340517,0.26808262787245746,-0.4864882218257657
ROS1-49-0004,2019-06-04,0.03793383946561905,0.07010678966285919,-0.08409127692866218
ROS1-49-0007,2019-06-04,0.32375906975377033,0.19696750986072317,-0.41156256020168674
ROS1-49-0003,2019-06-04,0.31278680906673223,0.18837676800310638,-0.3981361390748751
ROS1-01-0003,2019-06-05,0.783215768009373,0.6597747653225599,-0.6634709308064506
ROS1-07-0011,2019-06-05,0.8470258631487145,0.5168446422238644,-0.7572105498920342
ROS1-01-0015,2019-06-05,0.6020673436700524,0.4519321768631867,-0.5643574324673827
ROS1-02-0005,2019-06-05,0.7662404616124024,0.5370884994928818,-0.6646511912646511
ROS1-07-0011,2019-06-05,0.812052201752446,0.519373693324545,-0.7171972293641913
ROS1-01-0031,2019-06-05,0.5897918695025512,0.5078947200874879,-0.4882450750219234
ROS1-12-0000,2019-06-05,0.856523364808767,0.6300342867891668,-0.7603976193647408
ROS1-07-0011,2019-06-05,0.8126225302166145,0.5227654578405102,-0.7153849582122741
ROS1-12-0004,2019-06-05,0.5972330227994763,0.38184370560138864,-0.5324248738617038
ROS1-07-0045,2019-06-05,0.5823493359626312,0.39358559132995974,-0.5385603446447912
ROS1-07-0012,2019-06-05,0.8019658430441403,0.6093210724961284,-0.7054072947807217
ROS1-07-0011,2019-06-05,0.79605606337585,0.5235271271224997,-0.6968273934172454
ROS1-07-0018,2019-06-05,0.5125499635844443,0.34560167844049444,-0.487827049517927
ROS1-13-0013,2019-06-05,0.2219464685059544,0.13459201915925564,-0.3019085863346628
ROS1-18-0029,2019-06-05,0.6021329310119984,0.40790602927986125,-0.5462241652878186
ROS1-18-0007,2019-06-05,0.37747103263886556,0.4169034966955174,-0.35406979119816606
ROS1-25-0008,2019-06-05,0.5780913095808894,0.27847641513003873,-0.5465378576476347
ROS1-18-0024,2019-06-05,0.5353694280344848,1.4608490604423985,-0.4269635650592919
ROS1-19-0041,2019-06-05,0.8439657654700108,0.6354307570709715,-0.7403774022957947
ROS1-25-0017,2019-06-05,0.49221741460859464,0.2782427957780997,-0.44836412978345275
ROS1-26-0027,2019-06-05,0.3417159083783594,0.22733192543806724,-0.40945558998557985
ROS1-19-0026,2019-06-05,0.830497970437577,0.6091887610607111,-0.7461664461585885
ROS1-20-0010,2019-06-05,0.629209448054567,0.4780027096416741,-0.5380389938265191
ROS1-19-0022,2019-06-05,0.2057971315322492,0.08327054999929409,-0.3087220939169448
ROS1-19-0037,2019-06-05,0.8490496064382632,0.6771352314670247,-0.7448140630436996
ROS1-25-0008,2019-06-05,0.5849028083482365,0.2809931132764443,-0.5518977433355217
ROS1-25-0016,2019-06-05,0.35772318086578936,0.3049555601176998,-0.3657943171972322
ROS1-32-0022,2019-06-05,0.8574666751259629,0.6297531916095316,-0.7840435980572245
ROS1-25-0016,2019-06-05,0.3542597948985829,0.3064862236070628,-0.35801705436412323
ROS1-15-0009,2019-06-05,0.7742308019466095,0.566476357572901,-0.6794559248818315
ROS1-15-0016,2019-06-05,0.6322761495330524,0.4292650687971993,-0.5832983673140059
ROS1-15-0014,2019-06-05,0.5460591396135009,0.43996424163467884,-0.5635294864900195
ROS1-15-0003,2019-06-05,0.6365969960620173,0.42585141989929226,-0.52438868569051
ROS1-16-0006,2019-06-05,0.7526992312350477,0.5296837675584231,-0.6411382295702228
ROS1-22-0026,2019-06-05,0.2495586909568274,0.10969078558532494,-0.3458474642483766
ROS1-15-0006,2019-06-05,0.6482120967613337,0.4317217000978564,-0.5852237917656187
ROS1-20-0023,2019-06-05,0.719233568357171,0.5501128063738945,-0.6110523838268933
ROS1-27-0006,2019-06-05,0.8547929721737846,0.6631467285828927,-0.752344620596019
ROS1-21-0013,2019-06-05,0.7091673332301105,0.4915264690138861,-0.640505675298074
ROS1-26-0031,2019-06-05,0.7742531935489947,0.4202092755366004,-0.7270324179458737
ROS1-27-0009,2019-06-05,0.31408881493783036,0.1941364308892202,-0.396729447081971
ROS1-20-0007,2019-06-05,0.7476096570498656,0.5137966938449452,-0.6790745763252973
ROS1-21-0034,2019-06-05,0.44229274479437963,0.2593275980636026,-0.4488348768864777
ROS1-26-0006,2019-06-05,0.7646509563787643,0.5426145323603696,-0.6984918127612795
ROS1-27-0004,2019-06-05,0.6658164341852958,0.3720731545246292,-0.6184292809918387
ROS1-21-0043,2019-06-05,0.1648802599147405,0.0660506826134468,-0.29299223693630133
ROS1-26-0036,2019-06-05,0.17421422813728887,0.07260224823185825,-0.2999692144573412
ROS1-21-0016,2019-06-05,0.690890337757514,0.4507370103222464,-0.6308159745939524
ROS1-22-0016,2019-06-05,0.7121626564793357,0.5574641202418211,-0.554409801106797
ROS1-22-0011,2019-06-05,0.8128989930748778,0.5520505036820571,-0.6949839651046321
ROS1-28-0017,2019-06-05,0.6555537176626871,0.4501090942109189,-0.6446984582881293
ROS1-28-0029,2019-06-05,0.24862732404357843,0.10600555861721889,-0.3480660674752733
ROS1-16-0006,2019-06-05,0.7486525600004114,0.5316816247488407,-0.6364561030984411
ROS1-22-0026,2019-06-05,0.24964743602435793,0.11141772386172372,-0.34005149544236163
ROS1-28-0006,2019-06-05,0.24371773456426174,0.0987776281456681,-0.35135264158602203
ROS1-29-0006,2019-06-05,0.6615070137796676,0.41495257999412644,-0.5682735246949356
ROS1-22-0032,2019-06-05,0.22031517556699665,0.07715979715128797,-0.3180425405605707
ROS1-29-0008,2019-06-05,0.8358237800176972,0.5952869543705522,-0.7563403390133249
ROS1-32-0018,2019-06-05,0.5193178381400818,0.3208994757287194,-0.5468248368198272
ROS1-33-0014,2019-06-05,0.479920755743769,0.264040467864793,-0.49689925503716487
ROS1-32-0022,2019-06-05,0.8492245004987278,0.627446980386858,-0.7740205132515858
ROS1-33-0018,2019-06-05,0.5581338361177393,0.346026006198748,-0.5662502031773572
ROS1-27-0021,2019-06-05,0.3971693425227405,0.20661570340269272,-0.43225306610718983
ROS1-32-0015,2019-06-05,0.16312218447496107,0.10210849915589001,-0.30797936555533645
ROS1-33-0014,2019-06-05,0.4819563551579029,0.26163806543242624,-0.49923718332160083
ROS1-33-0018,2019-06-05,0.5543848706721055,0.3373425790227174,-0.5643860669253898
ROS1-33-0010,2019-06-05,0.6823068784899757,0.4108522197806055,-0.6191163645444275
ROS1-28-0030,2019-06-05,0.17091434403538405,0.08429969055676205,-0.29218105948525547
ROS1-33-0009,2019-06-05,0.1510812279053823,0.09196505363795178,-0.2920450659866618
ROS1-34-0003,2019-06-05,0.538627088117773,0.2672221886261249,-0.5434507224174648
ROS1-28-0006,2019-06-05,0.23961767622282212,0.09870706614774054,-0.3400167567396038
ROS1-33-0010,2019-06-05,0.6817981384526558,0.41098694162477106,-0.6181972776070458
ROS1-33-0009,2019-06-05,0.1510303682964744,0.092073884651078,-0.2914680569718252
ROS1-34-0003,2019-06-05,0.5380627319219308,0.2672706286889356,-0.542214072429169
ROS1-18-0029,2019-06-07,0.6404556582126474,0.44595341718390896,-0.5884351929697293
ROS1-24-0003,2019-06-07,0.11056287355679578,0.07500222401315026,-0.23993368790358352
ROS1-18-0007,2019-06-07,0.558347681095111,0.37873077051006865,-0.5447547400153533
ROS1-25-0008,2019-06-07,0.5776555558536861,0.35643996053968696,-0.5800960805811644
ROS1-18-0030,2019-06-07,0.758556394480564,0.6708556706991137,-0.6452015037803711
ROS1-18-0024,2019-06-07,0.7398365198335504,0.5989004726619057,-0.6299819645893102
ROS1-19-0041,2019-06-07,0.788530322446857,0.5690799654837028,-0.6861006965023919
ROS1-26-0027,2019-06-07,0.20652612947942808,0.2429738223578331,-0.24196392653938562
ROS1-19-0026,2019-06-07,0.8362217203170911,0.5708919379358444,-0.7580582604901213
ROS1-20-0010,2019-06-07,0.4066060536310277,-2.7942106928187274,-0.3002127659574468
ROS1-19-0022,2019-06-07,0.1536729932154893,0.06389900451022892,-0.3181909599453376
ROS1-19-0037,2019-06-07,0.8460785443982001,0.7025220384366222,-0.7450493128122899
ROS1-24-0003,2019-06-07,0.1359832494506917,0.093987012734332,-0.254377814025581
ROS1-24-0026,2019-06-07,0.46813570921516634,0.2916716126002002,-0.53266936041545
ROS1-25-0008,2019-06-07,0.5579225240321859,0.3577039542026024,-0.5513271270602662
ROS1-24-0006,2019-06-07,0.1281151165989717,0.08435708775608002,-0.2488926660170209
ROS1-25-0023,2019-06-07,0.4072884597375501,0.5184227218821333,-0.3548597682082523
ROS1-26-0031,2019-06-07,0.7096725852589674,0.5272339836329797,-0.6649743282192108
ROS1-27-0009,2019-06-07,0.33341224791658536,0.2667994626725681,-0.39450440015141297
ROS1-21-0034,2019-06-07,0.38712705154588867,0.3540033760498024,-0.39162628883284045
ROS1-26-0006,2019-06-07,0.3027463519097599,0.5329789893384211,-0.31792750755463967
ROS1-26-0036,2019-06-07,0.2536858570717053,0.1750750771967849,-0.2994399176293236
ROS1-28-0006,2019-06-07,0.24628850927221702,0.1336136956528827,-0.28200346575541335
ROS1-28-0006,2019-06-07,0.24788220565339347,0.14049873621205247,-0.2686826513244021
ROS1-49-0007,2019-06-07,0.04191176850487994,0.15930407761189416,-0.04490622747923479
ROS1-49-0007,2019-06-07,0.04215705799010107,0.1609656363053055,-0.04498878492980336
ROS1-01-0003,2019-06-08,0.8336808026958094,0.6508739816682689,-0.7052812139817268
ROS1-07-0011,2019-06-08,0.749856792836408,0.5996896581042463,-0.6695761907537436
ROS1-01-0015,2019-06-08,0.6934705130901206,0.4078968174924844,-0.627292148019841
ROS1-02-0005,2019-06-08,0.7739596264531098,0.46345364581207854,-0.692960306202475
ROS1-07-0011,2019-06-08,0.7376610047958067,0.5961251513266865,-0.6564625143137715
ROS1-01-0031,2019-06-08,0.34447480230895344,0.2507078484325192,-0.3531688762992451
ROS1-07-0011,2019-06-08,0.7322724631824625,0.5975316232938155,-0.6495089406895184
ROS1-07-0011,2019-06-08,0.7366394426966518,0.5985293819436471,-0.6542269887408421
ROS1-07-0018,2019-06-08,0.5571663807193179,0.49701971847699356,-0.5104313826402517
ROS1-15-0006,2019-06-08,0.4315119407839082,1.0912329296680259,-0.372856824289353
ROS1-36-0014,2019-06-09,0.5502655386305165,0.4763359686413321,-0.5332147174694937
ROS1-42-0006,2019-06-09,0.3432166562067055,0.21168903571688838,-0.43386931994907946
ROS1-42-0008,2019-06-09,0.2166426475565495,0.17252228955914722,-0.30483888660486214
ROS1-36-0014,2019-06-09,0.5495372416854742,0.4770726687185262,-0.5315479686368096
ROS1-37-0012,2019-06-09,0.5647201393321745,0.42538605695699305,-0.5767784605020992
ROS1-42-0000,2019-06-09,0.3576371981384204,0.196153322608644,-0.44186353172968945
ROS1-37-0012,2019-06-09,0.5686507543812496,0.4257890449523055,-0.582086749425409
ROS1-43-0019,2019-06-09,0.2996587939864437,0.20608590258706094,-0.3828426912443565
ROS1-49-0007,2019-06-09,0.27999872958619143,0.20181184159184826,-0.38052921873810036
ROS1-42-0000,2019-06-09,0.3544108833780738,0.19704013118353667,-0.4347309097813279
ROS1-49-0004,2019-06-09,0.24122723660824116,0.1690331108358415,-0.36392725442344354
ROS1-49-0007,2019-06-09,0.28298013080542994,0.20285136085246963,-0.38523792012715646
ROS1-49-0003,2019-06-09,0.2869221141044101,0.12455406232065316,-0.3749031253378772
ROS1-01-0003,2019-06-10,0.8314055510326921,0.71497248220974,-0.7019991010739957
ROS1-07-0011,2019-06-10,0.8315726413509139,0.5413883016008901,-0.7542465158038058
ROS1-01-0015,2019-06-10,0.7435324965370664,0.5686640557206937,-0.6735669517978241
ROS1-02-0005,2019-06-10,0.7424056930731512,0.49936497713065264,-0.6571929103967612
ROS1-07-0011,2019-06-10,0.7980819634565224,0.5433780770747031,-0.7161827009648335
ROS1-12-0000,2019-06-10,0.8297653349800878,0.5310372875263422,-0.7643769867364433
ROS1-07-0011,2019-06-10,0.8352887457475695,0.5470346900876086,-0.7574136674588491
ROS1-12-0004,2019-06-10,0.7698700885220466,0.5347018490058946,-0.6765388006459692
ROS1-07-0045,2019-06-10,0.7100276563341509,0.5067343845272047,-0.6349022351140555
ROS1-08-0010,2019-06-10,0.7037824983010452,0.5138599321032715,-0.5944735854690743
ROS1-07-0012,2019-06-10,0.7801938645334527,0.550761057098066,-0.701620535527075
ROS1-07-0011,2019-06-10,0.7926754255665406,0.5508227706590944,-0.7080268523148173
ROS1-07-0018,2019-06-10,0.4937638721501816,0.29051718637838125,-0.48395297483961225
ROS1-13-0013,2019-06-10,0.2536215939578711,0.15302259535855744,-0.3347144378847691
ROS1-18-0029,2019-06-10,0.6441040674771148,0.4215774014711909,-0.6016568145828836
ROS1-24-0003,2019-06-10,0.13193988207955293,0.08787877064782698,-0.2582299498231404
ROS1-18-0007,2019-06-10,0.43697169719017237,0.27210077799721444,-0.5133885311241119
ROS1-25-0008,2019-06-10,0.4727334202216758,0.2575785112606245,-0.544121217072778
ROS1-18-0030,2019-06-10,0.832504944838827,0.6937683505232,-0.7137809048717478
ROS1-18-0024,2019-06-10,0.7494583082954671,0.5477209554878701,-0.6572847331148911
ROS1-19-0041,2019-06-10,0.837444167972217,0.598578267565879,-0.750679049599449
ROS1-25-0017,2019-06-10,0.4327192036619309,0.19939947759789237,-0.38449667358587347
ROS1-26-0027,2019-06-10,0.26178176405466613,0.16631663092315843,-0.3772779070433674
ROS1-19-0026,2019-06-10,0.8020591454113914,0.5427085005276958,-0.7361555489416648
ROS1-20-0010,2019-06-10,0.6464134009306285,0.4986673337973546,-0.5505021419597013
ROS1-19-0022,2019-06-10,0.1832194918793783,0.08098210215201927,-0.30427792315591146
ROS1-19-0037,2019-06-10,0.8138945303387367,0.615277954716651,-0.7179229018328972
ROS1-24-0003,2019-06-10,0.14003404719917856,0.09385487178012213,-0.26300302668680775
ROS1-25-0008,2019-06-10,0.4669169714683267,0.25814391432897316,-0.5338606116610645
ROS1-25-0016,2019-06-10,0.40704401722445216,0.19987211410584627,-0.454052679098064
ROS1-32-0022,2019-06-10,0.7806586031572637,0.5250278150001685,-0.7310337377387526
ROS1-25-0016,2019-06-10,0.40386674493320895,0.20222728299614573,-0.44383419822793313
ROS1-15-0009,2019-06-10,0.7154221115000937,0.4753982330002086,-0.6397122285392441
ROS1-15-0016,2019-06-10,0.4321940556803678,0.24871180746092839,-0.47934809736050676
ROS1-15-0014,2019-06-10,0.5116675472984469,0.39457883086119067,-0.5374769656716757
ROS1-15-0003,2019-06-10,0.6641415400986116,0.4538298200784662,-0.5535887371746974
ROS1-16-0006,2019-06-10,0.7045685348033224,0.4707862092766281,-0.617793338915117
ROS1-22-0026,2019-06-10,0.37168116316456473,0.1805647017978208,-0.4114043168603579
ROS1-15-0006,2019-06-10,0.5406851649557789,0.3448588086603675,-0.5348276145651845
ROS1-20-0023,2019-06-10,0.6976455244172832,0.48927263094398765,-0.6066287995642476
ROS1-27-0006,2019-06-10,0.8317156922035118,0.6044412176043982,-0.7467902985774734
ROS1-21-0013,2019-06-10,0.6507762711040307,0.39175457315797246,-0.6208854240013708
ROS1-26-0031,2019-06-10,0.6697513453552281,0.32519694766610246,-0.6726697478327851
ROS1-27-0009,2019-06-10,0.3380346472232703,0.20509709139106672,-0.41861227304350346
ROS1-20-0007,2019-06-10,0.5771697760706405,0.356436224188383,-0.5912770682928227
ROS1-21-0034,2019-06-10,0.40008856304858254,0.22221994104338566,-0.4489749232151404
ROS1-26-0006,2019-06-10,0.26701805188142225,0.14105027908216491,-0.3845648563144539
ROS1-27-0004,2019-06-10,0.6006620557871436,0.3227295900432757,-0.5993005536779452
ROS1-21-0043,2019-06-10,0.14982279501321966,0.059439067229849055,-0.28620589264005425
ROS1-26-0036,2019-06-10,0.1560958963942531,0.05609481680823875,-0.2940268994213269
ROS1-21-0016,2019-06-10,0.610016100134371,0.3784535073894402,-0.5984070033249204
ROS1-22-0016,2019-06-10,0.6504831228095652,0.4927271029284253,-0.5319101895269349
ROS1-22-0011,2019-06-10,0.7862826831748633,0.5109767919508146,-0.6836205082846895
ROS1-28-0017,2019-06-10,0.5934919942019292,0.3837827423242148,-0.6050537466981352
ROS1-28-0029,2019-06-10,0.3694619737447506,0.17164279591172474,-0.40780493094179826
ROS1-16-0006,2019-06-10,0.6883932491831254,0.4699172619121612,-0.6010014698047992
ROS1-22-0026,2019-06-10,0.36949808723990446,0.1865246614172404,-0.3977531262222444
ROS1-28-0006,2019-06-10,0.28175826911570595,0.11368140937965836,-0.37703554413630563
ROS1-22-0032,2019-06-10,0.26530910343439723,0.09924351098268443,-0.3288070402780492
ROS1-29-0008,2019-06-10,0.756668789776087,0.5301696957541102,-0.6892988106177278
ROS1-32-0018,2019-06-10,0.44927516133651385,0.26550506234504134,-0.5185088846355139
ROS1-33-0014,2019-06-10,0.37532304737156547,0.19740106365208815,-0.46498527396758976
ROS1-32-0022,2019-06-10,0.7807332642261131,0.5186247146766612,-0.7303992442224931
ROS1-33-0018,2019-06-10,0.4963512422543866,0.305040607088231,-0.5438232627560855
ROS1-27-0021,2019-06-10,0.48301241236757175,0.2513106234925187,-0.4923891117502986
ROS1-32-0015,2019-06-10,0.15654643180931116,0.09585282435281872,-0.306711772644929
ROS1-33-0014,2019-06-10,0.3731367518562844,0.19757150307205476,-0.4604159801988296
ROS1-33-0018,2019-06-10,0.4953367989862494,0.3058402924849643,-0.5408863806699337
ROS1-33-0010,2019-06-10,0.6523571214927673,0.4014510719893476,-0.6152965822097997
ROS1-28-0030,2019-06-10,0.16203784017457554,0.061922539877145605,-0.3083932115700921
ROS1-33-0009,2019-06-10,0.14996062943844976,0.09467652324336713,-0.2867014596350475
ROS1-34-0003,2019-06-10,0.42415959020804034,0.20673464904625766,-0.49858121262447885
ROS1-28-0006,2019-06-10,0.2748404345340754,0.11479013141683954,-0.35713633094288344
ROS1-33-0010,2019-06-10,0.6553553549329756,0.4024342403746947,-0.6182569958315117
ROS1-33-0009,2019-06-10,0.1490768351885851,0.09415987480674687,-0.28653406192767833
ROS1-34-0003,2019-06-10,0.426589275954097,0.20732998514135823,-0.5013439838518817
ROS1-18-0029,2019-06-12,0.6499936572198046,0.46801747934587173,-0.6009866242665224
ROS1-24-0003,2019-06-12,0.16181280760016412,0.1370759565711985,-0.23927787426829777
ROS1-18-0030,2019-06-12,0.8557099829118796,0.7934425898007508,-0.7394718256565453
ROS1-18-0024,2019-06-12,0.7517896253686722,0.5919195540825762,-0.6730504650283315
ROS1-19-0041,2019-06-12,0.8140622806550997,0.663129382291034,-0.7305053849031792
ROS1-26-0027,2019-06-12,0.25945023664668876,0.21697250291469347,-0.3618599999203767
ROS1-19-0022,2019-06-12,0.15983828689066604,0.08426700857304012,-0.30600333575817407
ROS1-24-0003,2019-06-12,0.21765085723485675,0.19003135378629904,-0.27227018024546135
ROS1-30-0009,2019-06-12,0.284799888827531,0.1851186529595015,-0.4309964438159872
ROS1-24-0026,2019-06-12,0.3009127767693221,0.1999551757273287,-0.4416364624370337
ROS1-37-0025,2019-06-12,0.30783919290625716,0.1879826165460358,-0.4637199889492177
ROS1-30-0006,2019-06-12,0.17554301423675983,0.09299208272362282,-0.29580820460560975
ROS1-24-0006,2019-06-12,0.13393906862350366,0.08868806953497331,-0.24084985227966021
ROS1-25-0023,2019-06-12,0.7125408881955919,0.6723427806725579,-0.6350755674457264
ROS1-30-0013,2019-06-12,0.38547665645140633,0.2891584826749724,-0.4267420645909589
ROS1-31-0028,2019-06-12,0.41186805115043057,0.4429716752303331,-0.40575289173186807
ROS1-36-0014,2019-06-12,0.6212955018500902,0.4482724207042546,-0.5930147234157678
ROS1-31-0009,2019-06-12,0.20702858444021846,0.1825654023485693,-0.27826038672754655
ROS1-31-0024,2019-06-12,0.43548641674947797,0.645147482638789,-0.38544342892206085
ROS1-37-0025,2019-06-12,0.30566206752931757,0.18780008227488312,-0.4575880677928192
ROS1-31-0038,2019-06-12,0.43154817665732426,0.4896270650685212,-0.4083100201803898
ROS1-31-0028,2019-06-12,0.4066036806520597,0.4288832353160273,-0.4025601513879188
ROS1-38-0001,2019-06-12,0.47889453217296846,0.3376896564535188,-0.5459679840399679
ROS1-28-0017,2019-06-12,0.5567323789485004,0.38751066134385037,-0.5856181319635057
ROS1-28-0006,2019-06-12,0.2980048257139326,0.14283697366326845,-0.36223839143712455
ROS1-34-0003,2019-06-12,0.33896954058930573,0.19106443356360758,-0.42863021025088227
ROS1-28-0006,2019-06-12,0.29586799212085174,0.14302846722566587,-0.3567491059682485
ROS1-42-0006,2019-06-12,0.26461977971566664,0.1618612581929984,-0.411412760020075
ROS1-36-0022,2019-06-12,0.3206104466124055,0.19920966696879067,-0.47596215766766814
ROS1-37-0025,2019-06-12,0.3068145959454472,0.18866023090984346,-0.460370573733428
ROS1-42-0008,2019-06-12,0.15312261757433404,0.1641271173321431,-0.21821906732631327
ROS1-30-0006,2019-06-12,0.17411326792621667,0.09298675881235857,-0.2912710495254292
ROS1-36-0019,2019-06-12,0.2984313869270665,0.18620817323469865,-0.45411354891419403
ROS1-30-0013,2019-06-12,0.38229522028530954,0.2890867801680925,-0.4217155149121575
ROS1-31-0028,2019-06-12,0.41034092124578303,0.45157214126234796,-0.4017032384218096
ROS1-36-0014,2019-06-12,0.6199270830111295,0.4509396007215199,-0.5896729597917074
ROS1-42-0000,2019-06-12,0.2803471652052372,0.1731942112645233,-0.4172949597272495
ROS1-31-0009,2019-06-12,0.20920067734889766,0.18634528281922288,-0.28904313845145235
ROS1-38-0002,2019-06-12,0.19004886039154037,0.08101671482842847,-0.3329838541387723
ROS1-31-0038,2019-06-12,0.4359811508018012,0.5040479490199924,-0.4099170641903699
ROS1-38-0001,2019-06-12,0.48186015212471905,0.33776902876963155,-0.5524280162967279
ROS1-43-0006,2019-06-12,0.26591340477321473,0.15532507106789542,-0.4318735711909498
ROS1-43-0019,2019-06-12,0.20175042799703954,0.14137640665044865,-0.25396197217530925
ROS1-42-0000,2019-06-12,0.27954242109554417,0.17347501572997967,-0.41482628650097825
ROS1-49-0004,2019-06-12,0.22713484836381853,0.14468143130478872,-0.3637465302812526
ROS1-49-0003,2019-06-12,0.27363720709896266,0.1735875073838638,-0.380844791951713
ROS1-34-0003,2019-06-12,0.32899623217756835,0.18982294346736586,-0.4112599411362349
ROS1-07-0011,2019-06-13,0.7115863074549862,0.4454274035244617,-0.680489874773831
ROS1-01-0015,2019-06-13,0.7843043879430314,0.5723712609609648,-0.7212248256361252
ROS1-02-0005,2019-06-13,0.6935627262365084,0.4363634204159077,-0.6439847204953154
ROS1-07-0011,2019-06-13,0.6667348915445078,0.44736674758614625,-0.6253334052127569
ROS1-07-0011,2019-06-13,0.6863201391709953,0.44854903547978187,-0.6476380103532123
ROS1-07-0045,2019-06-13,0.7279743894438083,0.4674433373216228,-0.6565805818555098
ROS1-08-0010,2019-06-13,0.7219573383908864,0.5125044059884077,-0.6321929924680144
ROS1-07-0012,2019-06-13,0.6533857714196224,0.39065910062954295,-0.6172312285628626
ROS1-07-0011,2019-06-13,0.6660503305564741,0.44880179121813374,-0.6231282801891163
ROS1-15-0009,2019-06-13,0.6754692176906862,0.43292540229318555,-0.6378000804191487
ROS1-15-0014,2019-06-13,0.5131122554723034,0.3691809358320285,-0.5455637210141475
ROS1-15-0003,2019-06-13,0.6822780979224422,0.44713226821313445,-0.569021992193692
ROS1-16-0006,2019-06-13,0.6750039584327637,0.43717014716261626,-0.6021168129668556
ROS1-22-0026,2019-06-13,0.41478452769763924,0.20606039266228957,-0.4386259346544711
ROS1-15-0006,2019-06-13,0.4543259738187054,0.25778396747261917,-0.5138841128448204
ROS1-22-0016,2019-06-13,0.632725274866689,0.4429178257166733,-0.5216002919691445
ROS1-16-0006,2019-06-13,0.6803564646592586,0.43892792283043086,-0.606751370923079
ROS1-22-0026,2019-06-13,0.41079668488104737,0.2048621127216806,-0.43381799461150355
ROS1-36-0014,2019-06-14,0.5685095772904729,0.4243701797386704,-0.5572768742073192
ROS1-42-0006,2019-06-14,0.21110723564380326,0.12759322507506243,-0.39349953535580845
ROS1-36-0022,2019-06-14,0.2721023210714833,0.17938318444496754,-0.4550835836952685
ROS1-42-0008,2019-06-14,0.1336895321894205,0.07449089864365335,-0.30481003016786895
ROS1-36-0019,2019-06-14,0.2582496892928841,0.17363908830668756,-0.4354650842080731
ROS1-36-0014,2019-06-14,0.5669780501784243,0.42496372955177325,-0.5575066074932026
ROS1-37-0012,2019-06-14,0.4324657252804548,0.31237049003800277,-0.5205005550489564
ROS1-42-0000,2019-06-14,0.23234672147947802,0.14500753542314515,-0.39950147651530954
ROS1-37-0012,2019-06-14,0.4263799455719386,0.3109858439799177,-0.5071081071512303
ROS1-43-0006,2019-06-14,0.25397565746559564,0.16307230864849842,-0.44709730607608633
ROS1-43-0019,2019-06-14,0.2431756797336812,0.16196776569482113,-0.3521631384536056
ROS1-49-0007,2019-06-14,0.2519568187596511,0.15843843386000528,-0.38606782925583216
ROS1-42-0000,2019-06-14,0.22927406229703406,0.1446541391845985,-0.39038073635927933
ROS1-49-0004,2019-06-14,0.21149649978747195,0.13788807092759406,-0.34564088093892353
ROS1-49-0007,2019-06-14,0.248979984346956,0.15826501230747875,-0.37834389171739313
ROS1-49-0003,2019-06-14,0.2560585466064625,0.1658371321320574,-0.3654423977149572
ROS1-01-0003,2019-06-15,0.8560990841106487,0.795379532707244,-0.7342853993716348
ROS1-07-0011,2019-06-15,0.6417823405769707,0.44389523994525704,-0.6393304524571037
ROS1-01-0015,2019-06-15,0.8094639243934301,0.6348207878318066,-0.7314168833219498
ROS1-02-0005,2019-06-15,0.6379166502817714,0.41222684780012764,-0.6115103230878036
ROS1-07-0011,2019-06-15,0.6417321386423369,0.44330247263859035,-0.639884508484021
ROS1-01-0031,2019-06-15,0.470697080710684,0.3623954981443246,-0.4874988351938915
ROS1-12-0000,2019-06-15,0.5896588655093667,0.37514430643420577,-0.6208615626656369
ROS1-07-0011,2019-06-15,0.640906851068709,0.4464697265188717,-0.6372814727651859
ROS1-12-0004,2019-06-15,0.8008242051131651,0.602861490456425,-0.702798906000055
ROS1-07-0045,2019-06-15,0.7394260470734886,0.5625840024165036,-0.6622400182538056
ROS1-08-0010,2019-06-15,0.7438532483625161,0.5705881861506706,-0.6432659373436918
ROS1-07-0012,2019-06-15,0.6605205895432542,0.4617939570639771,-0.6400335026684507
ROS1-07-0011,2019-06-15,0.6267272316521826,0.45298884597191696,-0.6174273418080602
ROS1-07-0018,2019-06-15,0.4792646978463107,0.30123169487483054,-0.5022864083366704
ROS1-13-0013,2019-06-15,0.22591219408454163,0.12602244100463147,-0.33172934947364235
ROS1-18-0029,2019-06-15,0.6484428980016517,0.4369370143142736,-0.6080157767538564
ROS1-24-0003,2019-06-15,0.14066251717052866,0.06583867835815292,-0.30671571154330396
ROS1-18-0007,2019-06-15,0.30886256481102053,0.19229804396394662,-0.4648277403752644
ROS1-25-0008,2019-06-15,0.3306376670100578,0.18394420850046195,-0.5041234561677814
ROS1-18-0030,2019-06-15,0.8775634380162696,0.7632302330671227,-0.7673332193029996
ROS1-18-0024,2019-06-15,0.7745771075513856,0.5764883235763564,-0.6987728274440003
ROS1-19-0041,2019-06-15,0.7159082459516752,0.4899691489523174,-0.6989851658662344
ROS1-25-0017,2019-06-15,0.6158001118132014,0.2919667785815398,-0.48752406574296436
ROS1-26-0027,2019-06-15,0.2064250607430789,0.13553355469126221,-0.3621015182175225
ROS1-19-0026,2019-06-15,0.6106635019305022,0.3979053942115288,-0.6372957327533124
ROS1-20-0010,2019-06-15,0.6048068181115215,0.4582768361418804,-0.5425860285755227
ROS1-19-0022,2019-06-15,0.17414140876647577,0.07908684298645825,-0.33093204559835904
ROS1-19-0037,2019-06-15,0.6370266538112632,0.45069789909894026,-0.6275244784783487
ROS1-24-0003,2019-06-15,0.1444257715584183,0.06959263262196358,-0.30317295993842175
ROS1-25-0008,2019-06-15,0.32771366599406887,0.18591202725316272,-0.49622383626599337
ROS1-25-0016,2019-06-15,0.5223175366622657,0.28801667619470017,-0.5291945858691659
ROS1-32-0022,2019-06-15,0.512526622993782,0.33175326750764933,-0.5957360201001477
ROS1-25-0016,2019-06-15,0.5099135253760602,0.28587599667497704,-0.5145217238185146
ROS1-15-0009,2019-06-15,0.6653792555602853,0.45777706339927393,-0.6205972426012902
ROS1-15-0016,2019-06-15,0.33363920401692637,0.18575311077954554,-0.437490635137778
ROS1-15-0014,2019-06-15,0.49159202041874855,0.37047819177955726,-0.5397004913923316
ROS1-15-0003,2019-06-15,0.13671670962006105,0.052584324589970456,-0.30232712152418006
ROS1-16-0006,2019-06-15,0.6163527092286768,0.4101018975666285,-0.5692875042187203
ROS1-22-0026,2019-06-15,0.5232838976658838,0.28775789455380596,-0.5162203350505611
ROS1-15-0006,2019-06-15,0.3993491256930924,0.24449922135305177,-0.4916939495775368
ROS1-20-0023,2019-06-15,0.6840329847716504,0.4759585908022972,-0.6125435559126738
ROS1-27-0006,2019-06-15,0.7496936029654605,0.5371116593579318,-0.6972565221333134
ROS1-21-0013,2019-06-15,0.4923955207477575,0.29421678882619856,-0.5489119861470184
ROS1-26-0031,2019-06-15,0.5081112359076164,0.2502302674742516,-0.5900122225252973
ROS1-27-0009,2019-06-15,0.37227330561938904,0.23226548440286024,-0.4376647464089123
ROS1-20-0007,2019-06-15,0.3896340604039062,0.23519622519803696,-0.5352853114897821
ROS1-21-0034,2019-06-15,0.4075336837747579,0.23184997617965664,-0.47093269359215245
ROS1-26-0006,2019-06-15,0.2570370821284863,0.14103667078120422,-0.3969455645932426
ROS1-27-0004,2019-06-15,0.47169408237642735,0.2587252196419194,-0.5401845037871349
ROS1-21-0043,2019-06-15,0.15939123750763845,0.06464504250113863,-0.30508035227139374
ROS1-26-0036,2019-06-15,0.16497421458567746,0.06259483360374685,-0.3095900574487125
ROS1-21-0016,2019-06-15,0.5394607873731018,0.32520130938395614,-0.5886082024947529
ROS1-22-0016,2019-06-15,0.6184427335603241,0.476495797988473,-0.513547272303247
ROS1-22-0011,2019-06-15,0.758374684459893,0.46850364638250463,-0.6800462279109707
ROS1-28-0017,2019-06-15,0.5542511741336529,0.3411557942780624,-0.5942087140954082
ROS1-28-0029,2019-06-15,0.49676946458801613,0.23424551431655458,-0.5170029159684338
ROS1-16-0006,2019-06-15,0.6108351219884688,0.4111033487759528,-0.5621437658626155
ROS1-22-0026,2019-06-15,0.5175512241792386,0.2895327444642284,-0.5060487105123512
ROS1-28-0006,2019-06-15,0.34152538962600715,0.1422525437980152,-0.4039730992811608
ROS1-29-0006,2019-06-15,0.49151190989458904,0.28347225007155374,-0.4951486546137285
ROS1-22-0032,2019-06-15,0.37196823633833814,0.15516036435227182,-0.3948997677791774
ROS1-29-0008,2019-06-15,0.6143215891722491,0.3783443797612339,-0.6200789936759804
ROS1-32-0018,2019-06-15,0.3631142839978237,0.21979978588441385,-0.4815289908155511
ROS1-33-0014,2019-06-15,0.2857343124497407,0.15623837853881717,-0.437101403655821
ROS1-32-0022,2019-06-15,0.5158995788615683,0.32594598186424256,-0.6058768288438755
ROS1-33-0018,2019-06-15,0.38815753574764633,0.24154457957621397,-0.49606395419813193
ROS1-27-0021,2019-06-15,0.5046664933049987,0.2773628889540791,-0.5090177684658833
ROS1-32-0015,2019-06-15,0.16728387154794713,0.08551786060220559,-0.3304898952064718
ROS1-33-0014,2019-06-15,0.2875983309122505,0.15507123097103537,-0.4462377084373853
ROS1-33-0018,2019-06-15,0.38972504924795265,0.23977272733533592,-0.5026929452184741
ROS1-33-0010,2019-06-15,0.6042501367383806,0.3804911847744036,-0.5932100715801181
ROS1-28-0030,2019-06-15,0.15600948299674722,0.06033064807095166,-0.30880855436906673
ROS1-33-0009,2019-06-15,0.15974771931246773,0.07024923778103931,-0.3178665972099366
ROS1-34-0003,2019-06-15,0.32134630840119627,0.16108896490196598,-0.4726742859992739
ROS1-28-0006,2019-06-15,0.321986708794519,0.14133311997701822,-0.3714859212315439
ROS1-33-0010,2019-06-15,0.5949702631954622,0.37995492567914063,-0.5819561650033501
ROS1-33-0009,2019-06-15,0.15874340874041937,0.07107768942138841,-0.30816509015160115
ROS1-34-0003,2019-06-15,0.31533036395436476,0.16074372444504367,-0.459514898354827
ROS1-18-0029,2019-06-17,0.6057672059325174,0.4346413981150247,-0.5684096303811145
ROS1-24-0003,2019-06-17,0.14332324548704367,0.07655501723422352,-0.28195502879588047
ROS1-18-0007,2019-06-17,0.23814694947577286,0.15966867331123205,-0.3951425765579675
ROS1-25-0008,2019-06-17,0.20940289851375446,0.18152892074635754,-0.32426809320041083
ROS1-18-0030,2019-06-17,0.8522602977748132,0.8113696082467013,-0.7506835578585463
ROS1-18-0024,2019-06-17,0.704026037316615,0.5814737942800139,-0.6458328017715101
ROS1-27-0006,2019-06-17,0.7470936724915285,0.5402561004154217,-0.695031762901977
ROS1-26-0031,2019-06-17,0.42780537599288926,0.2027729121899062,-0.5531414413425625
ROS1-27-0009,2019-06-17,0.5282935255561592,0.3036256264559469,-0.520862213805431
ROS1-21-0034,2019-06-17,0.5587794714583164,0.3408199045829487,-0.5507242823865653
ROS1-26-0006,2019-06-17,0.3390354716736838,0.20610812102515352,-0.493501892190182
ROS1-27-0004,2019-06-17,0.4384372159250129,0.24194093431986782,-0.5344315317896959
ROS1-26-0036,2019-06-17,0.1366123736253443,0.038988513971553215,-0.31798250983328086
ROS1-28-0017,2019-06-17,0.5163563743384451,0.31772396402460523,-0.5676144811432655
ROS1-28-0006,2019-06-17,0.3747763745383501,0.1791197945008282,-0.4201134575974158
ROS1-32-0018,2019-06-17,0.3469302091954487,0.20610846208620504,-0.46189625616834673
ROS1-33-0014,2019-06-17,0.24036483279224335,0.1365391727041453,-0.4134199508805398
ROS1-32-0022,2019-06-17,0.3731592796556095,0.24234752692663403,-0.531102577038731
ROS1-33-0018,2019-06-17,0.35145218705074294,0.2126665789938311,-0.4819475156507797
ROS1-27-0021,2019-06-17,0.5423439848114122,0.25262502606096565,-0.506335972803183
ROS1-32-0015,2019-06-17,0.17321397596827073,0.07055821918375303,-0.3400907344816339
ROS1-33-0014,2019-06-17,0.2411356687801424,0.1369571388798245,-0.4142112999405963
ROS1-33-0018,2019-06-17,0.3518009582281544,0.21249858721587025,-0.4820520070577115
ROS1-33-0010,2019-06-17,0.6038656578267373,0.36710255700636657,-0.5721906131697724
ROS1-28-0030,2019-06-17,0.14288417946451226,0.056040657084545906,-0.3017258551273474
ROS1-33-0009,2019-06-17,0.1509848933111753,0.06871363690528809,-0.3110569764914368
ROS1-34-0003,2019-06-17,0.2764135797988897,0.13476505430956215,-0.46463789680845946
ROS1-28-0006,2019-06-17,0.3676522303314591,0.17942903124197931,-0.40702308553634925
ROS1-42-0006,2019-06-17,0.19367929917520488,0.10922083236349575,-0.38412058354944256
ROS1-36-0022,2019-06-17,0.23389921791677082,0.14262657001716247,-0.4361881047002041
ROS1-37-0025,2019-06-17,0.22813163628197136,0.13937220613109766,-0.42793241947329874
ROS1-42-0008,2019-06-17,0.13194621975790397,0.06692397084676488,-0.3084527323526978
ROS1-30-0006,2019-06-17,0.14334713239235908,0.06813377109410484,-0.2886756360737176
ROS1-36-0019,2019-06-17,0.22682625421762442,0.14165302090276066,-0.418798717504819
ROS1-30-0013,2019-06-17,0.39320017796347556,0.2952537379773541,-0.4443598228173092
ROS1-36-0014,2019-06-17,0.45632146662651585,0.3076500104347025,-0.4996211774902955
ROS1-37-0012,2019-06-17,0.39251554714279907,0.2611401661467175,-0.509713105912237
ROS1-42-0000,2019-06-17,0.21172790297116637,0.12209935101066696,-0.39914931778806917
ROS1-31-0009,2019-06-17,0.1398004021264116,0.06804353062683753,-0.30178368539691797
ROS1-37-0049,2019-06-17,0.25222046287468536,0.1705068727998767,-0.4156910896183922
ROS1-38-0002,2019-06-17,0.1442705366843755,0.06974049000363576,-0.30644022148433026
ROS1-31-0038,2019-06-17,0.5288456252184486,0.33652081599098793,-0.5776967861550769
ROS1-37-0012,2019-06-17,0.3923930814694929,0.26044343532345654,-0.5098487326236403
ROS1-38-0001,2019-06-17,0.3387420548349155,0.2172699873427561,-0.5094954163723815
ROS1-43-0006,2019-06-17,0.22847918620845928,0.13432937010230692,-0.44942565822498115
ROS1-43-0019,2019-06-17,0.22675677184772242,0.14125326866275517,-0.35932562341320484
ROS1-49-0007,2019-06-17,0.23360505438824147,0.13796281631470012,-0.383085097101279
ROS1-42-0000,2019-06-17,0.21080041039739944,0.12242054883625933,-0.39486751014210086
ROS1-33-0010,2019-06-17,0.586718478113052,0.3658774406138721,-0.5537478876263466
ROS1-33-0009,2019-06-17,0.14882921703420457,0.06958348732782603,-0.2967577537255214
ROS1-34-0003,2019-06-17,0.26809947108081955,0.13419680151872146,-0.44287747751934625
ROS1-01-0003,2019-06-18,0.8365112254910013,0.702802543782696,-0.7251528311117417
ROS1-07-0011,2019-06-18,0.4684679842563924,0.2958470862421702,-0.5547767095087427
ROS1-01-0015,2019-06-18,0.7785420413660514,0.5915472417345001,-0.7004279940762207
ROS1-02-0005,2019-06-18,0.5305134678348947,0.3155637515048566,-0.554098832851369
ROS1-07-0011,2019-06-18,0.4748839815483052,0.29097637549574606,-0.5706231250484353
ROS1-01-0031,2019-06-18,0.4539071077278413,0.3281817870640919,-0.4642921750051919
ROS1-07-0011,2019-06-18,0.4677820646614268,0.29636090944009885,-0.5530996668540686
ROS1-07-0045,2019-06-18,0.724812856707798,0.5015993840374215,-0.6585297224789425
ROS1-08-0010,2019-06-18,0.7627938571879389,0.5376190268892681,-0.6527138905686503
ROS1-07-0012,2019-06-18,0.5302734047830253,0.3276976315667418,-0.5914345842581898
ROS1-07-0011,2019-06-18,0.47226532042131786,0.29178672758058793,-0.5642264952708055
ROS1-07-0018,2019-06-18,0.5066470061747058,0.2971177600493263,-0.5347063633047103
ROS1-15-0014,2019-06-18,0.20330599040796934,0.33549429434345707,-0.20589629364664003
ROS1-15-0003,2019-06-18,0.26003579816986905,0.23536958984203038,-0.2828215502000253
ROS1-16-0006,2019-06-18,0.5535031275955484,0.3807052232003564,-0.522704504932936
ROS1-22-0026,2019-06-18,0.47805717602239156,0.3241563825478915,-0.4098628874372876
ROS1-15-0006,2019-06-18,0.34394510442111836,0.2354648606464729,-0.4516514297466787
ROS1-22-0016,2019-06-18,0.6021000624110343,0.40274482414467305,-0.4686364287871299
ROS1-16-0006,2019-06-18,0.5529791657198175,0.3818609090927274,-0.5213374983967415
ROS1-22-0026,2019-06-18,0.4772529960448261,0.32508800097947604,-0.4078874628461542
ROS1-36-0014,2019-06-19,0.38626846540384063,0.28522357012413213,-0.4584387168106589
ROS1-42-0006,2019-06-19,0.17840768596214934,0.1170637398710475,-0.35583022919822055
ROS1-36-0022,2019-06-19,0.2250865877325673,0.1542024303300018,-0.4214276805660649
ROS1-42-0008,2019-06-19,0.13751060012791852,0.07979989625547074,-0.29963551448257814
ROS1-36-0019,2019-06-19,0.22568520129225594,0.1537414425748511,-0.4134320559303172
ROS1-36-0014,2019-06-19,0.38513485678353543,0.2853552176761156,-0.45638308413743733
ROS1-37-0012,2019-06-19,0.34246506541830296,0.25528569180204336,-0.4648913719241497
ROS1-42-0000,2019-06-19,0.19753967883138937,0.1276999638595564,-0.37563473580460544
ROS1-37-0012,2019-06-19,0.3421448040312438,0.25482197564398795,-0.4642895009150492
ROS1-43-0006,2019-06-19,0.21691130190682917,0.1456849705746631,-0.41837885696542754
ROS1-43-0019,2019-06-19,0.21237117117075596,0.14747140276513715,-0.3326338749602106
ROS1-49-0007,2019-06-19,0.22550650822297494,0.14670140041469557,-0.3630956340188146
ROS1-42-0000,2019-06-19,0.19649679560301514,0.12748646888079398,-0.37537279050836864
ROS1-49-0004,2019-06-19,0.1946995550212617,0.1254012535314698,-0.3368447332424
ROS1-49-0007,2019-06-19,0.22374088313485757,0.1461533937066855,-0.36017776426255727
ROS1-49-0003,2019-06-19,0.23232810875037588,0.14962193449540975,-0.3539527456119499
ROS1-01-0003,2019-06-20,0.8339653481991739,0.7568929326914886,-0.7226441904333488
ROS1-07-0011,2019-06-20,0.3526582430167044,0.2211132312394173,-0.5114561667909097
ROS1-01-0015,2019-06-20,0.7636172174692916,0.6095310827922781,-0.6830348617194949
ROS1-02-0005,2019-06-20,0.3964261278015218,0.24769816815527743,-0.4847139122151836
ROS1-07-0011,2019-06-20,0.3491917403820102,0.22207169021983786,-0.499025113171001
ROS1-01-0031,2019-06-20,0.4546739589976454,0.3501749973822423,-0.46219787354903247
ROS1-12-0000,2019-06-20,0.33334540449984645,0.2171623401686238,-0.46676698536276756
ROS1-07-0011,2019-06-20,0.3469172284527036,0.22381438762957895,-0.4910841642530077
ROS1-12-0004,2019-06-20,0.7629080786966289,0.5920784154104385,-0.6760892351067459
ROS1-07-0045,2019-06-20,0.6569469051055344,0.48929162829801837,-0.6174655308902284
ROS1-08-0010,2019-06-20,0.7434152925322823,0.5519165856148036,-0.6457778152137013
ROS1-07-0012,2019-06-20,0.42729391319250165,0.27659127073562295,-0.5378605583245766
ROS1-07-0011,2019-06-20,0.3481654790298466,0.22348233045916907,-0.4948313129941706
ROS1-07-0018,2019-06-20,0.49361354667681656,0.3014228631999607,-0.516511412505832
ROS1-13-0013,2019-06-20,0.17966677277242601,0.09272142732060663,-0.28953188150424913
ROS1-18-0029,2019-06-20,0.5590765531992512,0.35690835848236974,-0.5449617621162124
ROS1-24-0003,2019-06-20,0.14559766605265745,0.07616580277300918,-0.27383970719086653
ROS1-18-0007,2019-06-20,0.212786293585175,0.12753155680112876,-0.3893328246865236
ROS1-25-0008,2019-06-20,0.2511092664401689,0.14977330262219543,-0.43111499292047983
ROS1-18-0030,2019-06-20,0.8362845767144099,0.7403387067773617,-0.7409211393648542
ROS1-18-0024,2019-06-20,0.3822611257348012,0.2989432727670082,-0.43812461800231656
ROS1-19-0041,2019-06-20,0.42769183568356794,0.2746298946581545,-0.5521098602093337
ROS1-25-0017,2019-06-20,0.5738661009435974,0.27824967699849656,-0.4664433789741538
ROS1-26-0027,2019-06-20,0.1815340213729606,0.11505362724155986,-0.34784335963345525
ROS1-19-0026,2019-06-20,0.32445618961486444,0.19639244492312866,-0.5005863937448372
ROS1-20-0010,2019-06-20,0.5306549556416567,0.3852170528952783,-0.514738930971402
ROS1-19-0022,2019-06-20,0.18047282936621073,0.07728463576281804,-0.30422844491510564
ROS1-19-0037,2019-06-20,0.3724609740067018,0.23555365528613742,-0.5253170680347877
ROS1-24-0003,2019-06-20,0.14588640694877156,0.07678587302541935,-0.27171319741145467
ROS1-25-0008,2019-06-20,0.2507971402914918,0.15023741760375514,-0.4283650097678347
ROS1-25-0016,2019-06-20,0.5411456105209129,0.3234027324518762,-0.5362235797111881
ROS1-32-0022,2019-06-20,0.31521233110695174,0.19128583667734433,-0.5141831098991124
ROS1-25-0016,2019-06-20,0.524515637966812,0.31782653354726764,-0.5207749527689362
ROS1-15-0009,2019-06-20,0.5039981985529858,0.31143097790157276,-0.5307010273877126
ROS1-15-0016,2019-06-20,0.2568614505865088,0.13725615525118348,-0.3979109623956293
ROS1-15-0014,2019-06-20,0.452619925951922,0.36595636321405767,-0.4799337654787126
ROS1-15-0003,2019-06-20,0.1479469035766716,0.05922348218060346,-0.3074815536363067
ROS1-16-0006,2019-06-20,0.46589026992664373,0.2906533382161913,-0.4925116064585614
ROS1-22-0026,2019-06-20,0.6418892362666471,0.4062199917079488,-0.5851067975665877
ROS1-15-0006,2019-06-20,0.2938423402842986,0.18548966812040285,-0.44741105077025295
ROS1-20-0023,2019-06-20,0.6442608551989721,0.4478023737848182,-0.5748743734145279
ROS1-27-0006,2019-06-20,0.6461364673361685,0.4189481280922572,-0.6169837787216924
ROS1-21-0013,2019-06-20,0.33284874847355467,0.18019282750832005,-0.46833090508877717
ROS1-26-0031,2019-06-20,0.29375637077718564,0.15244189860341462,-0.4094927885220642
ROS1-27-0009,2019-06-20,0.49708763584979565,0.25347751912060035,-0.4852871334363585
ROS1-20-0007,2019-06-20,0.2792742344849021,0.15803898524136117,-0.4666038067388532
ROS1-21-0034,2019-06-20,0.48668240567646864,0.2766132204835423,-0.5108817440466968
ROS1-26-0006,2019-06-20,0.26708716599071236,0.14413327199636386,-0.4001455824746975
ROS1-27-0004,2019-06-20,0.3697804685567225,0.18343768936865942,-0.4735257425629408
ROS1-21-0043,2019-06-20,0.15782537391267853,0.06543320422889486,-0.2967265166858928
ROS1-26-0036,2019-06-20,0.15999950623506687,0.08806501047314888,-0.283341255848784
ROS1-21-0016,2019-06-20,0.4829015423044518,0.28385737165089664,-0.5329281355995715
ROS1-22-0016,2019-06-20,0.649722335307143,0.512270740626719,-0.5255933922914163
ROS1-22-0011,2019-06-20,0.6681825583969975,0.41006629473824774,-0.616328876059293
ROS1-28-0029,2019-06-20,0.61096294666422,0.3534404830778139,-0.5752336437026612
ROS1-16-0006,2019-06-20,0.4643429257473058,0.291771746086394,-0.4892841034942245
ROS1-22-0026,2019-06-20,0.6398102972225623,0.40873883180901077,-0.5807929393948552
ROS1-28-0006,2019-06-20,0.37976255163305744,0.19094095043481654,-0.42356309615416476
ROS1-29-0006,2019-06-20,0.47533934321799926,0.27395598403483834,-0.496202849632331
ROS1-22-0032,2019-06-20,0.5640277755464976,0.32169324853216275,-0.4893189980276583
ROS1-29-0008,2019-06-20,0.3957353844986186,0.1799844420394043,-0.4935306425579895
ROS1-32-0018,2019-06-20,0.2907092288458108,0.17804742231157492,-0.4196745240853097
ROS1-33-0014,2019-06-20,0.2273117864059108,0.14157835536914098,-0.3879508289477834
ROS1-32-0022,2019-06-20,0.31162803530415306,0.1860092742984102,-0.5160159493358981
ROS1-33-0018,2019-06-20,0.3099424069268517,0.20237094133928363,-0.4509287848609333
ROS1-27-0021,2019-06-20,0.45278037585280106,0.2977829706743129,-0.45201383465667033
ROS1-32-0015,2019-06-20,0.14486309423111454,0.09271679666741564,-0.29309037882548666
ROS1-33-0014,2019-06-20,0.2264934549809735,0.14127096090706812,-0.38749578624290903
ROS1-33-0018,2019-06-20,0.31012845624888924,0.20213177129347154,-0.45140786361447427
ROS1-33-0010,2019-06-20,0.517402106700023,0.3828907430505,-0.5093625786022211
ROS1-28-0030,2019-06-20,0.1536184780383085,0.061422236636189856,-0.2825352552837358
ROS1-33-0009,2019-06-20,0.12832124554553126,0.07027484662455644,-0.2524224020641331
ROS1-34-0003,2019-06-20,0.185048114277542,0.15752648797223867,-0.2963488958819251
ROS1-28-0006,2019-06-20,0.3758927219856765,0.19421256068123566,-0.410817331604235
ROS1-33-0010,2019-06-20,0.5143732555036398,0.382228651141805,-0.5056463343309183
ROS1-33-0009,2019-06-20,0.12750461209104189,0.06868602775973776,-0.25048652738772936
ROS1-34-0003,2019-06-20,0.19322318421686227,0.16422800028230958,-0.30006730888453853
ROS1-18-0029,2019-06-22,0.33743569466995105,0.2674333980327349,-0.3489162622993282
ROS1-24-0003,2019-06-22,0.19837937742332523,0.119634358357627,-0.3016650773838333
ROS1-25-0008,2019-06-22,0.24040690314506313,0.15748497466909117,-0.41186947158011505
ROS1-18-0030,2019-06-22,0.7542685543850355,0.7058495886149075,-0.6796259039247622
ROS1-19-0041,2019-06-22,0.3764483157610799,0.3066322519663396,-0.48306253961544005
ROS1-20-0010,2019-06-22,0.4862703188893739,0.39743650879143966,-0.4673788439623579
ROS1-19-0037,2019-06-22,0.33656900118735156,0.2522945389521863,-0.47024124145022317
ROS1-24-0003,2019-06-22,0.19687975877054262,0.11334259945104823,-0.3022951794200956
ROS1-30-0009,2019-06-22,0.21358778949082885,0.16097034422288636,-0.3888678147917881
ROS1-24-0026,2019-06-22,0.20257501160972227,0.1395030212637549,-0.37250884891993713
ROS1-25-0008,2019-06-22,0.24224511629820886,0.15873868014052273,-0.4149835656878932
ROS1-30-0001,2019-06-22,0.23381269878977273,0.13915987849132144,-0.3926187913078477
ROS1-37-0025,2019-06-22,0.16379423789696068,0.12852178796728853,-0.34178605124146805
ROS1-25-0016,2019-06-22,0.507732546849358,0.35205737268683823,-0.5157438610946147
ROS1-30-0006,2019-06-22,0.15082182751597642,0.07361375944084105,-0.2929923837471293
ROS1-25-0023,2019-06-22,0.444864815846309,0.3341643824203734,-0.46003028521346806
ROS1-30-0013,2019-06-22,0.3808484074611526,0.28482816026693886,-0.45341747592761317
ROS1-31-0028,2019-06-22,0.31411276813968775,0.19727378972621437,-0.46156348668627467
ROS1-36-0014,2019-06-22,0.31422115019948177,0.21452658866784324,-0.4372364305840711
ROS1-37-0049,2019-06-22,0.21473823619051824,0.15197060698991202,-0.3851277270223853
ROS1-32-0022,2019-06-22,0.2701684863041391,0.18220551249359343,-0.4628489530023328
ROS1-37-0025,2019-06-22,0.16434085286490135,0.12898799364220212,-0.3415792208081063
ROS1-25-0016,2019-06-22,0.49370847863757084,0.34424753600750435,-0.5035420319684025
ROS1-31-0038,2019-06-22,0.377616360164187,0.25728790232514076,-0.5039986527975007
ROS1-31-0028,2019-06-22,0.3074362967547435,0.194632592075275,-0.4505802032006485
ROS1-38-0001,2019-06-22,0.278918701359566,0.177743109308693,-0.48368416892441835
ROS1-26-0031,2019-06-22,0.25913401706011807,0.13980214985780584,-0.432805868744825
ROS1-27-0009,2019-06-22,0.5442933108848506,0.35546646989332775,-0.5496216429804655
ROS1-21-0034,2019-06-22,0.5213366007398991,0.34350298481728453,-0.5298374481365336
ROS1-26-0006,2019-06-22,0.34416131997519445,0.23274880956388053,-0.45933321855763287
ROS1-27-0004,2019-06-22,0.31153307368150285,0.1716988847127632,-0.4512149385704425
ROS1-26-0036,2019-06-22,0.17956941313124067,0.10238957780045478,-0.28845693808306366
ROS1-28-0017,2019-06-22,0.35228497018577215,0.22387038886931998,-0.4403191004206055
ROS1-28-0006,2019-06-22,0.3808112525438307,0.19310258754589404,-0.4253545967930524
ROS1-32-0018,2019-06-22,0.25478151490642037,0.17646650313854037,-0.3796522938700826
ROS1-33-0014,2019-06-22,0.20783547085340442,0.13170637218444436,-0.36745841392962664
ROS1-32-0022,2019-06-22,0.2691445768372505,0.17932465335296432,-0.45942811293038543
ROS1-33-0018,2019-06-22,0.28145679656835504,0.18328331545494084,-0.42560883455127174
ROS1-27-0021,2019-06-22,0.49735567007852516,0.3427792067343886,-0.4870503414875855
ROS1-32-0015,2019-06-22,0.15142042988381818,0.10401651235073177,-0.29195253866662557
ROS1-33-0014,2019-06-22,0.2079396462351754,0.13186894680178307,-0.36715803859159424
ROS1-33-0018,2019-06-22,0.2827697786955054,0.18408685490110965,-0.42581451740542753
ROS1-33-0010,2019-06-22,0.47415867948390233,0.3279765734580646,-0.4840834600974818
ROS1-28-0030,2019-06-22,0.1554829716760801,0.07283958937461653,-0.27682621642131855
ROS1-33-0009,2019-06-22,0.1463321241053648,0.07879749098662338,-0.2770510035640362
ROS1-34-0003,2019-06-22,0.19964724583367532,0.1176382805127793,-0.37528202272047434
ROS1-28-0006,2019-06-22,0.3806431072395759,0.19646729557564932,-0.41839649386348643
ROS1-42-0006,2019-06-22,0.1785155473594521,0.1085229715605459,-0.36557633692544944
ROS1-36-0022,2019-06-22,0.2135372174823828,0.13287904404100345,-0.42743389909385027
ROS1-37-0025,2019-06-22,0.16340967207938306,0.12909732851910888,-0.3388963951619384
ROS1-42-0008,2019-06-22,0.13638115949569524,0.07152638226130205,-0.308638083180572
ROS1-30-0006,2019-06-22,0.14615717854985102,0.07288532304119671,-0.28081776505303674
ROS1-36-0019,2019-06-22,0.2090622926754966,0.13095959185652464,-0.4137046608275312
ROS1-30-0013,2019-06-22,0.3728537135966462,0.2819312952960736,-0.4434918312874597
ROS1-31-0028,2019-06-22,0.30854773622229814,0.19662971333629134,-0.4495429032607468
ROS1-36-0014,2019-06-22,0.309925990448726,0.21389164407855116,-0.4294101242447824
ROS1-37-0012,2019-06-22,0.33461741172553067,0.23632444745648434,-0.4725106853304355
ROS1-42-0000,2019-06-22,0.1995074389748896,0.11816344085872739,-0.3962665498705462
ROS1-37-0049,2019-06-22,0.21524811383997036,0.15248142076202473,-0.38314722532974077
ROS1-38-0002,2019-06-22,0.14270860039097025,0.08169359800389372,-0.279491482385123
ROS1-31-0038,2019-06-22,0.3757685235868111,0.2578002878686594,-0.4991065724362642
ROS1-37-0012,2019-06-22,0.33342086542947375,0.23523084729121496,-0.4702892974347517
ROS1-38-0001,2019-06-22,0.27762382066120095,0.17814158380508535,-0.47846368903990566
ROS1-43-0006,2019-06-22,0.20860850693271396,0.126941248500965,-0.4259753057560952
ROS1-43-0019,2019-06-22,0.20354414780925223,0.139779244495888,-0.3342108851502166
ROS1-49-0007,2019-06-22,0.2244242912833625,0.1406948835991777,-0.3756719635398649
ROS1-42-0000,2019-06-22,0.19950931781043257,0.11797188799018235,-0.3996638829189853
ROS1-49-0004,2019-06-22,0.1906934785551976,0.11571821965332196,-0.34818389471080413
ROS1-49-0007,2019-06-22,0.2216858420513131,0.13982289370268317,-0.3705430775751274
ROS1-49-0003,2019-06-22,0.22718642873974174,0.13847738914454363,-0.3663027806504525
ROS1-33-0010,2019-06-22,0.47529227083465436,0.3287103772087493,-0.4848369842209688
ROS1-33-0009,2019-06-22,0.14624829052391158,0.0787616399596265,-0.2771824838318889
ROS1-34-0003,2019-06-22,0.19975554509966847,0.11767888261718411,-0.37571934314898525
ROS1-01-0015,2019-06-23,0.509268265869621,0.491634698143289,-0.46858023396252446
ROS1-01-0031,2019-06-23,0.3327838733890001,0.21351488064762744,-0.32223647268014854
ROS1-07-0045,2019-06-23,0.48420397017911077,0.36222261930860655,-0.46905457951910584
ROS1-08-0010,2019-06-23,0.39859077691059697,0.299187704530905,-0.40109188483690233
ROS1-15-0009,2019-06-23,0.3802331831544903,0.22475879887128297,-0.4873066308121108
ROS1-15-0014,2019-06-23,0.39516784184847464,0.29587265845318206,-0.4391939879102389
ROS1-15-0003,2019-06-23,0.15487748169371202,0.05664471817625793,-0.2769091263661172
ROS1-16-0006,2019-06-23,0.3605024334804746,0.2140775140978925,-0.472934563246229
ROS1-22-0026,2019-06-23,0.6274748162173098,0.39958699082148397,-0.5663692063939855
ROS1-15-0006,2019-06-23,0.2580638554447436,0.17420770940551206,-0.3894740428279426
ROS1-22-0016,2019-06-23,0.5925093969213504,0.4444657683728888,-0.4987831051447502
ROS1-16-0006,2019-06-23,0.359075006215266,0.21528882602069885,-0.46694365415976424
ROS1-22-0026,2019-06-23,0.6203024301709903,0.40067705208795296,-0.5573501100659926
ROS1-42-0008,2019-06-24,0.010984441132234693,0.01961710999124582,-0.11920174844182367
ROS1-42-0000,2019-06-24,0.17856243048868478,0.12984365713573595,-0.3411745282971547
ROS1-43-0019,2019-06-24,0.15810920189484082,0.14236852672893424,-0.2540922645391519
ROS1-49-0007,2019-06-24,0.18467972119084547,0.12444150532475962,-0.30494288063910824
ROS1-42-0000,2019-06-24,0.17747185519327982,0.13095922675525434,-0.33618822933747594
ROS1-49-0007,2019-06-24,0.18444542982570222,0.12416347003199604,-0.30399869035807897
ROS1-01-0003,2019-06-25,0.8036098470547651,0.75056905841071,-0.707736226381955
ROS1-07-0011,2019-06-25,0.20795396309747274,0.2491558863416993,-0.28910711521912946
ROS1-07-0011,2019-06-25,0.24497793442798985,0.23325984833746718,-0.36836449639098867
ROS1-12-0000,2019-06-25,0.1777233827162389,0.12242117551545184,-0.3590483199114601
ROS1-07-0011,2019-06-25,0.20387924245436914,0.23910936134629232,-0.2801182331589305
ROS1-12-0004,2019-06-25,0.7819820609487822,0.6365973746996516,-0.6917827871347508
ROS1-07-0045,2019-06-25,0.404928188656589,0.45367468697136576,-0.38092242069910354
ROS1-07-0011,2019-06-25,0.21773584180315755,0.22184770828701036,-0.3200271626771666
ROS1-13-0013,2019-06-25,0.18036273981317663,0.1298922586576348,-0.2310001340300074
ROS1-18-0029,2019-06-25,0.5679489494825462,0.37553622243779816,-0.541692601705838
ROS1-24-0003,2019-06-25,0.14057470183666335,0.07235629324646825,-0.26845053819387477
ROS1-18-0007,2019-06-25,0.1846800884060992,0.1098348556566963,-0.3635892398033593
ROS1-25-0008,2019-06-25,0.18617153750552945,0.15586529653322834,-0.35391778585671163
ROS1-18-0030,2019-06-25,0.819337390293849,0.7726304864209772,-0.7242302575888151
ROS1-18-0024,2019-06-25,0.635398221021256,0.4223812824917861,-0.5992028509451475
ROS1-24-0003,2019-06-25,0.1416163532437782,0.07025735888655116,-0.27967217867657324
ROS1-25-0008,2019-06-25,0.18239912974547032,0.15541687238531832,-0.3522680976034603
ROS1-25-0016,2019-06-25,0.6144727291826261,0.3878775479830435,-0.5914709561958507
ROS1-32-0022,2019-06-25,0.08758348426075224,0.09886381645242778,-0.21067232226712687
ROS1-25-0016,2019-06-25,0.5719634714309388,0.3639122155370134,-0.5591376177254194
ROS1-26-0006,2019-06-25,0.027790027911419806,4.968889674717152,-0.019569501775170074
ROS1-29-0006,2019-06-25,0.358405621229264,0.22134727887399966,-0.4277530641413659
ROS1-18-0029,2019-06-27,0.534761104294396,0.3717121373653538,-0.5279720464816865
ROS1-24-0003,2019-06-27,0.16420107574247605,0.07823318518633703,-0.2974543726902031
ROS1-18-0007,2019-06-27,0.1751349414465109,0.11485922791948817,-0.3519419322901507
ROS1-25-0008,2019-06-27,0.179878600403753,0.08083487133978569,-0.33488732273013966
ROS1-18-0030,2019-06-27,0.801522725404802,0.7681136722599755,-0.7159385311217843
ROS1-18-0024,2019-06-27,0.6070429285527479,0.4482585676646174,-0.5885421446452153
ROS1-19-0041,2019-06-27,0.31128729662082427,0.2270973070862225,-0.4824494562019665
ROS1-25-0017,2019-06-27,0.6421682688622309,0.3745346045781409,-0.5205473580508839
ROS1-26-0027,2019-06-27,0.15695180497695183,0.10284187592616166,-0.3262224394284702
ROS1-19-0026,2019-06-27,0.21792233786984444,0.14793343508621154,-0.4303688796968034
ROS1-20-0010,2019-06-27,0.5304038992146531,0.40435904072467466,-0.5179464776630641
ROS1-19-0022,2019-06-27,0.15435968997499797,0.07146044480524481,-0.2842148819999871
ROS1-19-0037,2019-06-27,0.2551663211729848,0.1600438364499354,-0.4372028949899887
ROS1-24-0003,2019-06-27,0.16460070738434046,0.07753906528842015,-0.2977062820792725
ROS1-30-0009,2019-06-27,0.20355101718740323,0.13581530381910273,-0.4040478518531593
ROS1-24-0026,2019-06-27,0.20009768842101885,0.14228870759287499,-0.40520169086367225
ROS1-25-0008,2019-06-27,0.18868046541767083,0.08390054780130107,-0.3447188912318728
ROS1-30-0001,2019-06-27,0.19191360503055643,0.1303502329798377,-0.33854488610876754
ROS1-37-0025,2019-06-27,0.16299513580969865,0.12261440899229366,-0.34740944335334695
ROS1-30-0006,2019-06-27,0.15797297883485495,0.07336834078089466,-0.31109522001582185
ROS1-24-0006,2019-06-27,0.12004586943221196,0.06825428918612399,-0.24787786408976475
ROS1-25-0023,2019-06-27,0.4498852386507171,0.280063360126617,-0.49085075101101755
ROS1-30-0013,2019-06-27,0.3561934985420433,0.2540875304078398,-0.44300413853732196
ROS1-31-0028,2019-06-27,0.2793339889169482,0.17824632969965884,-0.44471321073972747
ROS1-36-0014,2019-06-27,0.21764465021665383,0.14300956060143696,-0.40668369197727905
ROS1-31-0009,2019-06-27,0.1495459524263557,0.08660628276597929,-0.288273956047886
ROS1-37-0049,2019-06-27,0.20667668042162188,0.13612838194626023,-0.41015293434684347
ROS1-31-0024,2019-06-27,0.22828576630301706,0.1471243233076124,-0.4192370476707914
ROS1-32-0022,2019-06-27,0.23565864426848446,0.16191867149600164,-0.4336711302661015
ROS1-37-0025,2019-06-27,0.16423340879249257,0.12298053298274784,-0.35020713168015316
ROS1-31-0028,2019-06-27,0.2823289323206489,0.17924946148456042,-0.4503253799697255
ROS1-27-0006,2019-06-27,0.3989243218895823,0.26440497590131556,-0.5230941476430448
ROS1-26-0031,2019-06-27,0.23109425982806536,0.1222494774103045,-0.4258037339205312
ROS1-27-0009,2019-06-27,0.5697212212568323,0.36051152892153815,-0.5875398351681391
ROS1-21-0034,2019-06-27,0.5612670207920876,0.34544009907186884,-0.5786504820928517
ROS1-26-0006,2019-06-27,0.28234999515589804,0.16018145836639233,-0.423036710787572
ROS1-27-0004,2019-06-27,0.22654049947655847,0.13968444618829237,-0.3900420917905028
ROS1-26-0036,2019-06-27,0.1459952550227623,0.06795308606240294,-0.2940809739060191
ROS1-28-0017,2019-06-27,0.2424418983020372,0.1400690590196855,-0.4026050137597046
ROS1-32-0018,2019-06-27,0.25747192225485316,0.17374827818602376,-0.38561203819812595
ROS1-32-0022,2019-06-27,0.23692116982807288,0.16071754901598756,-0.4352663112498028
ROS1-27-0021,2019-06-27,0.5085247855928989,0.3657993146135711,-0.4985152962420072
ROS1-33-0010,2019-06-27,0.34863742130015585,0.2607797265801215,-0.4232151851258999
ROS1-28-0030,2019-06-27,0.16416576634403202,0.08547555690745433,-0.26939550584651617
ROS1-33-0009,2019-06-27,0.1406016607618869,0.07695565171727477,-0.27004797681830445
ROS1-42-0006,2019-06-27,0.17095889060500524,0.10146190484886178,-0.3664561924475762
ROS1-36-0022,2019-06-27,0.20501744258291657,0.1264382152273581,-0.42662070729172347
ROS1-37-0025,2019-06-27,0.16337526476440412,0.1233673899077577,-0.3473065725068827
ROS1-42-0008,2019-06-27,0.13898019392049896,0.06911200050304957,-0.3211415693103229
ROS1-30-0006,2019-06-27,0.1585712282645505,0.07367847391312154,-0.3112677235814526
ROS1-36-0019,2019-06-27,0.2005519576636423,0.12447853334611568,-0.4145084416969104
ROS1-30-0013,2019-06-27,0.3553804822481411,0.2550791198326688,-0.4411701245379245
ROS1-31-0028,2019-06-27,0.2805447360972664,0.17981865167315547,-0.4456346421465443
ROS1-36-0014,2019-06-27,0.2171406797907895,0.14323160116771214,-0.406322772232062
ROS1-37-0012,2019-06-27,0.31780237984190535,0.22073175682030913,-0.46887383855236886
ROS1-42-0000,2019-06-27,0.13219789580750102,0.11785802611338685,-0.29748071710059276
ROS1-31-0009,2019-06-27,0.14449589672942648,0.08339529257033006,-0.28807026770519417
ROS1-37-0049,2019-06-27,0.20570294647297868,0.13615710053297853,-0.4073246636895281
ROS1-38-0002,2019-06-27,0.1455598514292651,0.07286463440496886,-0.30740043535349004
ROS1-37-0012,2019-06-27,0.31828026327667414,0.22019602400728677,-0.470228738492099
ROS1-43-0006,2019-06-27,0.20402835768349256,0.12390300138309608,-0.4250121693622479
ROS1-43-0019,2019-06-27,0.1895876126370663,0.12150762141342779,-0.33823173077709845
ROS1-49-0007,2019-06-27,0.21437328221535606,0.12981819337250575,-0.3737191907693568
ROS1-42-0000,2019-06-27,0.13199322424498003,0.11807342653952088,-0.2961693038652346
ROS1-49-0004,2019-06-27,0.17098440182639027,0.10600609043311372,-0.320942256807903
ROS1-49-0007,2019-06-27,0.2062436799008065,0.12844653414160742,-0.35447306035803827
ROS1-49-0003,2019-06-27,0.20062094775100597,0.12426078502574026,-0.33578628198245547
ROS1-33-0010,2019-06-27,0.35148571482086766,0.2596577238346992,-0.429492372802491
ROS1-33-0009,2019-06-27,0.14264974336820802,0.07635944351968771,-0.28087990556213416
ROS1-02-0005,2019-06-28,0.4239237091765879,0.32593162492956296,-0.4352261816805461
ROS1-15-0014,2019-06-28,0.22911868708612618,0.21504731647735414,-0.21290532434030307
ROS1-15-0003,2019-06-28,0.11985984576274161,0.18468336248899905,-0.08518547751056804
ROS1-16-0006,2019-06-28,0.2567802224909116,0.1726449194612544,-0.4230941204775885
ROS1-22-0026,2019-06-28,0.4333523759379852,0.3264440771864415,-0.37246290809934096
ROS1-15-0006,2019-06-28,0.19389505167449084,0.12152299092320676,-0.2682553302580961
ROS1-22-0016,2019-06-28,0.408888617228477,0.549029803433317,-0.3614010561295056
ROS1-16-0006,2019-06-28,0.2556599579798489,0.1714882218557953,-0.425483640092688
ROS1-22-0026,2019-06-28,0.4516943528696596,0.33444166784981355,-0.38287754008122277
ROS1-01-0003,2019-06-30,0.8173157586875273,0.7231487430759586,-0.7216289594897993
ROS1-07-0011,2019-06-30,0.2464298934421259,0.1632448323374836,-0.4459269191743401
ROS1-02-0005,2019-06-30,0.37982174522154166,0.5545772304234908,-0.326100489260847
ROS1-07-0011,2019-06-30,0.24703128581488384,0.16345715270958855,-0.4462635949966724
ROS1-01-0031,2019-06-30,0.4749863843234715,0.4378302888090085,-0.4855117048267606
ROS1-12-0000,2019-06-30,0.1854688000784279,0.13076428946492782,-0.3748019787631793
ROS1-07-0011,2019-06-30,0.24565655005046744,0.16407388643241733,-0.44234860562832284
ROS1-12-0004,2019-06-30,0.7297693076494609,0.7333652097641598,-0.6488150461385445
ROS1-07-0045,2019-06-30,0.6105925372758836,0.5131351252269037,-0.6207816882311566
ROS1-08-0010,2019-06-30,0.5708036611077,0.8595062032308532,-0.47541253055032257
ROS1-07-0012,2019-06-30,0.29377234975293715,0.22329334799709485,-0.4652578729876075
ROS1-07-0011,2019-06-30,0.24625605399207376,0.1640245840163158,-0.4438209332669592
ROS1-07-0018,2019-06-30,0.5026794434829176,0.3877562867276928,-0.527573710830977
ROS1-13-0013,2019-06-30,0.2006503877308648,0.11073741810494683,-0.30451913128788843
ROS1-18-0030,2019-06-30,0.49434342469070575,0.6100860631442748,-0.4833496852881004
ROS1-25-0017,2019-06-30,0.7602471229693851,0.4101607234583283,-0.6350568211264381
ROS1-20-0010,2019-06-30,0.524786236811277,0.425455751930732,-0.503316991156149
ROS1-19-0022,2019-06-30,0.18204062700175683,0.07557949934648948,-0.29366517752367444
ROS1-19-0037,2019-06-30,0.23852199759874135,0.18401865409576626,-0.4196167684817683
ROS1-15-0014,2019-06-30,0.26775142734586443,0.22195489690529732,-0.34890316544829214
ROS1-16-0006,2019-06-30,0.23452688393956783,0.1618960947172497,-0.4099129086765422
ROS1-20-0023,2019-06-30,0.6012560005699449,0.5130348165510762,-0.5510952154108321
ROS1-21-0013,2019-06-30,0.2528444596261882,0.1591923607508928,-0.4290516932383915
ROS1-20-0007,2019-06-30,0.20371467010761593,0.10892614311182022,-0.32893175404469405
ROS1-21-0034,2019-06-30,0.6009458800313239,0.39170352618289755,-0.5885963587583656
ROS1-26-0006,2019-06-30,0.30174511172830293,0.18534588214867942,-0.43362912870653136
ROS1-21-0043,2019-06-30,0.13145023111658602,0.06441801567422853,-0.253511632249
ROS1-21-0016,2019-06-30,0.17275070279655466,0.10190683413039235,-0.2841751564640354
ROS1-22-0016,2019-06-30,0.428111933097459,0.4541732068518391,-0.433182698515171
ROS1-28-0017,2019-06-30,0.22814757441636785,0.13658335401716762,-0.39049121174976625
ROS1-16-0006,2019-06-30,0.23393627703923575,0.16056809955186757,-0.4140618805966937
ROS1-32-0018,2019-06-30,0.23635321877514354,0.1773128998749017,-0.3431420229850621
ROS1-27-0021,2019-06-30,0.39094538377201155,0.35495939340212224,-0.4035858884631551
ROS1-33-0010,2019-06-30,0.3034376967656131,0.23702232152685612,-0.39499706187248634
ROS1-28-0030,2019-06-30,0.1595311712144339,0.08443983991628079,-0.27095407155567897
ROS1-33-0009,2019-06-30,0.13526843529129784,0.07297436033174487,-0.2514561450539257
ROS1-33-0010,2019-06-30,0.30418032302017806,0.23849098736144345,-0.39355464738201523
ROS1-33-0009,2019-06-30,0.13492821441524744,0.07358570390175542,-0.24771856496797176
ROS1-18-0029,2019-07-02,0.46460866616844754,0.32667268026022295,-0.49434830260190715
ROS1-24-0003,2019-07-02,0.1641100707076865,0.09093832067015012,-0.2972086701947988
ROS1-18-0007,2019-07-02,0.17541719146426044,0.11860019217881045,-0.35091743620218935
ROS1-25-0008,2019-07-02,0.16971226255129318,0.14312370428798382,-0.3359107309458501
ROS1-18-0030,2019-07-02,0.7078778437588761,0.6185389492619506,-0.6417764290402248
ROS1-18-0024,2019-07-02,0.6210565582023204,0.4407549825445448,-0.5838240882434016
ROS1-19-0041,2019-07-02,0.23858126463007184,0.20385923824692398,-0.3973751782959407
ROS1-25-0017,2019-07-02,0.7666810023975323,0.4690075878092901,-0.6250297963756103
ROS1-26-0027,2019-07-02,0.15000474648415404,0.1024874589182672,-0.30604481144928597
ROS1-19-0026,2019-07-02,0.20477214073303654,0.14429042939026382,-0.4133129569291966
ROS1-20-0010,2019-07-02,0.4928313180522825,0.40266735165079415,-0.48681458151280005
ROS1-19-0022,2019-07-02,0.16787493084879362,0.07198918287779586,-0.2748618160631287
ROS1-19-0037,2019-07-02,0.20309296653411427,0.159380565254579,-0.370478279904341
ROS1-24-0003,2019-07-02,0.16441277591344197,0.09385829700846923,-0.2924927811960907
ROS1-30-0009,2019-07-02,0.20385726924850536,0.13715722757311946,-0.4027101581145771
ROS1-24-0026,2019-07-02,0.19632544033477375,0.14140054729837553,-0.4016388009526754
ROS1-25-0008,2019-07-02,0.16866279937127013,0.14450741436765596,-0.33318553600915807
ROS1-30-0001,2019-07-02,0.18364152885548923,0.13111104673947316,-0.32386491178687266
ROS1-37-0025,2019-07-02,0.1544548229731455,0.11940917033061216,-0.33730372978884526
ROS1-25-0016,2019-07-02,0.5698692846066853,0.3916315515677943,-0.5656431910801637
ROS1-30-0006,2019-07-02,0.151770310139684,0.07492826865391072,-0.29539984659894475
ROS1-24-0006,2019-07-02,0.12363889778760191,0.07143407356797339,-0.24499505801411905
ROS1-25-0023,2019-07-02,0.3523459087062883,0.20992332663146662,-0.42366049471143785
ROS1-30-0013,2019-07-02,0.34098265470361955,0.24806757655233574,-0.4269797012053002
ROS1-31-0028,2019-07-02,0.26412741675412466,0.17767389266065065,-0.4345970562955067
ROS1-36-0014,2019-07-02,0.16322656958702414,0.12990059947266813,-0.3529825373836409
ROS1-31-0009,2019-07-02,0.1343037061447418,0.06921304834041021,-0.2879425390588462
ROS1-37-0049,2019-07-02,0.1883960592832244,0.1270442470397033,-0.3910603979985978
ROS1-31-0024,2019-07-02,0.17387413074006586,0.150653796232763,-0.35592079787683745
ROS1-32-0022,2019-07-02,0.21680247671996838,0.15402879532903702,-0.40471903623953526
ROS1-37-0025,2019-07-02,0.15489209907408197,0.11808367152914356,-0.3402969117504332
ROS1-25-0016,2019-07-02,0.5780940238707658,0.3888443509686586,-0.5748278274853529
ROS1-31-0038,2019-07-02,0.3247467915740853,0.22963042396908565,-0.48455531917396405
ROS1-31-0028,2019-07-02,0.26631152840761474,0.17597406505553984,-0.44098572901815786
ROS1-38-0001,2019-07-02,0.1811606416311288,0.14428547696286864,-0.36741799893535027
ROS1-27-0006,2019-07-02,0.2881622192372736,0.22096290475073221,-0.4114417965194594
ROS1-26-0031,2019-07-02,0.16727787916203865,0.11267187712256312,-0.31542738697198125
ROS1-27-0009,2019-07-02,0.555272392344779,0.3868894431985492,-0.5496991943318295
ROS1-21-0034,2019-07-02,0.48593763931220874,0.3576159009861567,-0.4816589133790141
ROS1-26-0006,2019-07-02,0.25782889144550386,0.14848118888286013,-0.37580631198355186
ROS1-27-0004,2019-07-02,0.19949963816274668,0.1432225462730104,-0.332645897672731
ROS1-26-0036,2019-07-02,0.11213486575011257,0.05414944154044113,-0.22248900458067272
ROS1-32-0018,2019-07-02,0.2237104887765749,0.17068338111868347,-0.3511306610739391
ROS1-32-0022,2019-07-02,0.21964642062585832,0.15299556062442787,-0.41204589858944823
ROS1-33-0018,2019-07-02,0.2387889082918205,0.17541899138641606,-0.3622696056664271
ROS1-27-0021,2019-07-02,0.1987167334231612,0.03315689604859954,-0.17091449771759562
ROS1-32-0015,2019-07-02,0.1537521303513552,0.08657620596496912,-0.29268038445169625
ROS1-33-0018,2019-07-02,0.2368588621119034,0.17308081585694773,-0.3621954071019864
ROS1-42-0006,2019-07-02,0.13041268905869932,0.11772938730384645,-0.29768883196508006
ROS1-36-0022,2019-07-02,0.13192844028460138,0.12144926241837815,-0.30937255866098784
ROS1-37-0025,2019-07-02,0.15409925913285036,0.12008763987955601,-0.33417403122398337
ROS1-42-0008,2019-07-02,0.14312378622841093,0.07419197420384717,-0.31727578469750845
ROS1-30-0006,2019-07-02,0.14924755379322224,0.07463972376797236,-0.28767344380813664
ROS1-36-0019,2019-07-02,0.13990270588686715,0.11897635950194642,-0.31672094278110663
ROS1-30-0013,2019-07-02,0.33777556333141745,0.24822421710311288,-0.42060951617462666
ROS1-31-0028,2019-07-02,0.26307279787551735,0.17886073917116543,-0.42938645510629714
ROS1-36-0014,2019-07-02,0.1634801510406875,0.130851723668331,-0.350784566083724
ROS1-37-0012,2019-07-02,0.2885172774768422,0.2129636346263188,-0.43958998301712254
ROS1-42-0000,2019-07-02,0.130172989107567,0.11190851795902322,-0.3019472908152646
ROS1-31-0009,2019-07-02,0.1357143061083423,0.06976962875563622,-0.29068805295200795
ROS1-37-0049,2019-07-02,0.18974374673090375,0.12795594344858927,-0.39348363006979886
ROS1-38-0002,2019-07-02,0.10732206379245458,0.05708034041452698,-0.29622596102738485
ROS1-31-0038,2019-07-02,0.32678466472718637,0.231139339335773,-0.4874415860731278
ROS1-37-0012,2019-07-02,0.29366641583472286,0.21133985973159514,-0.4518616919183186
ROS1-38-0001,2019-07-02,0.17932684241592023,0.14348341615268295,-0.365991962048671
ROS1-43-0006,2019-07-02,0.12780641260637854,0.12039529370804462,-0.30082780247535784
ROS1-43-0019,2019-07-02,0.18837716547824587,0.13424496761335655,-0.33100718964882897
ROS1-49-0007,2019-07-02,0.2116643330834512,0.14493385746044785,-0.36412791076350015
ROS1-42-0000,2019-07-02,0.1305637288815831,0.11251537684545376,-0.3014941499561187
ROS1-49-0004,2019-07-02,0.1638917860604049,0.10559995941745719,-0.3334563596007516
ROS1-49-0007,2019-07-02,0.21847219503659301,0.1449826048008427,-0.3808607735816629
ROS1-49-0003,2019-07-02,0.20236949662809955,0.1306678260083894,-0.3536312423354872
ROS1-01-0003,2019-07-03,0.7839457193970769,0.5298584342797976,-0.6985554357414958
ROS1-07-0011,2019-07-03,0.22637274848232347,0.14293929882527245,-0.4272227061281216
ROS1-01-0015,2019-07-03,0.7775008418339889,0.6149208586323379,-0.6789152160278032
ROS1-02-0005,2019-07-03,0.2504459740004524,0.14522434579346044,-0.4243360926604511
ROS1-07-0011,2019-07-03,0.22779508786819616,0.142025141955779,-0.43452889735031064
ROS1-01-0031,2019-07-03,0.4925603427491626,0.3187423566518265,-0.5019211017238623
ROS1-07-0011,2019-07-03,0.2252968319837082,0.14282451944929156,-0.42394835457189123
ROS1-07-0045,2019-07-03,0.5701974699346823,0.4017050109832793,-0.5912840043261012
ROS1-08-0010,2019-07-03,0.7485464580357364,0.48864547295096544,-0.6579258722924147
ROS1-07-0012,2019-07-03,0.28415916309355443,0.18083159106425928,-0.46721162878919287
ROS1-07-0011,2019-07-03,0.2267912673026713,0.1428893666852099,-0.42942572362470954
ROS1-07-0018,2019-07-03,0.6457197559748951,0.4115345727640314,-0.6153353917549205
ROS1-15-0009,2019-07-03,0.10429443109089631,0.14701545253891807,-0.16986779145601444
ROS1-15-0014,2019-07-03,0.16467310493394793,0.10718609707919545,-0.26088640831875115
ROS1-15-0003,2019-07-03,0.15495258947105028,0.12089596881543249,-0.20705408952675353
ROS1-16-0006,2019-07-03,0.21033913669876697,0.16215350600280332,-0.30449512783970495
ROS1-22-0026,2019-07-03,0.7386711766097928,0.4807526793704772,-0.6413758754409877
ROS1-15-0006,2019-07-03,0.2320464832422463,0.14576425668001944,-0.41053167524028294
ROS1-22-0016,2019-07-03,0.5171988590943115,0.39814044060314036,-0.5151705067448684
ROS1-16-0006,2019-07-03,0.2108442608546645,0.1633288556556588,-0.30341531460661814
ROS1-22-0026,2019-07-03,0.7354410325696193,0.481558978831579,-0.637548694548069
ROS1-36-0014,2019-07-04,0.14581228914091712,0.12163397309974035,-0.33366681292936173
ROS1-42-0006,2019-07-04,0.11831132709378474,0.10750648952503276,-0.2836142727807655
ROS1-36-0022,2019-07-04,0.11857656253509939,0.09908568281915091,-0.2840987090586381
ROS1-42-0008,2019-07-04,0.13809628690469988,0.08103389613085994,-0.30816136352578327
ROS1-36-0019,2019-07-04,0.12958654655374569,0.10513737644585575,-0.2926674621457872
ROS1-36-0014,2019-07-04,0.14528266222013944,0.12144920826067626,-0.33295129793337547
ROS1-37-0012,2019-07-04,0.26482773751038474,0.20806015438337316,-0.414181230664478
ROS1-42-0000,2019-07-04,0.1172441080349081,0.10274549513242484,-0.28368591677091326
ROS1-37-0012,2019-07-04,0.26718158824723337,0.2087249932716454,-0.41909058457953907
ROS1-43-0006,2019-07-04,0.1207051548751505,0.11334986089640292,-0.29177879691640835
ROS1-43-0019,2019-07-04,0.17168303842524377,0.12343767256657014,-0.3125463187606977
ROS1-49-0007,2019-07-04,0.1941171480554078,0.12460690685912477,-0.34675424816493233
ROS1-42-0000,2019-07-04,0.11852362150972824,0.10405706620573461,-0.28416663639400425
ROS1-49-0004,2019-07-04,0.15083960505423546,0.0962406709333619,-0.3147060524932136
ROS1-49-0007,2019-07-04,0.19753131850461272,0.1254796162052504,-0.3523572124153617
ROS1-49-0003,2019-07-04,0.1788918058198829,0.11232381236872804,-0.32642650965514325
ROS1-01-0003,2019-07-05,0.7531748545238451,0.6129667877320061,-0.6724489184073755
ROS1-07-0011,2019-07-05,0.22833431818994035,0.15730047447661172,-0.4172438654103142
ROS1-01-0015,2019-07-05,0.7670815579719082,0.6695280993563918,-0.6692864457964474
ROS1-02-0005,2019-07-05,0.246039381516026,0.16455480417213048,-0.41462149082329935
ROS1-07-0011,2019-07-05,0.22846799345641458,0.15667343073558798,-0.42004238421538215
ROS1-01-0031,2019-07-05,0.5026243604201305,0.3867728921445834,-0.5079018644245132
ROS1-12-0000,2019-07-05,0.1852530581091701,0.15778980425562344,-0.3837310803661401
ROS1-07-0011,2019-07-05,0.22750423429981173,0.15757138345883973,-0.41527448539858525
ROS1-12-0004,2019-07-05,0.7948149212061008,0.6167470412301872,-0.7061262597174011
ROS1-07-0045,2019-07-05,0.5631156491991155,0.48128313507213116,-0.5779796038686144
ROS1-08-0010,2019-07-05,0.7521132335112407,0.5718897186407643,-0.6636591709749632
ROS1-07-0012,2019-07-05,0.2805206461216401,0.19786133164270886,-0.45435715215700595
ROS1-07-0011,2019-07-05,0.22774619343329652,0.15781113788489307,-0.41464122800688785
ROS1-07-0018,2019-07-05,0.5524113030629879,0.40481061483561387,-0.5447399197425756
ROS1-13-0013,2019-07-05,0.20848773197447665,0.1144493630846386,-0.3037875392997555
ROS1-18-0029,2019-07-05,0.451856398030052,0.29863804016137485,-0.4912925818262373
ROS1-24-0003,2019-07-05,0.16798963107753126,0.090209129545495,-0.304145589472733
ROS1-18-0007,2019-07-05,0.1773210626821557,0.12077667749932486,-0.3524995303089137
ROS1-25-0008,2019-07-05,0.17561708787579142,0.14420934500497087,-0.3489795340322638
ROS1-18-0030,2019-07-05,0.6964126618994312,0.5305938515862424,-0.6305422822420973
ROS1-18-0024,2019-07-05,0.5732576749684004,0.35717075970257484,-0.5552801217988546
ROS1-19-0041,2019-07-05,0.2338513545406583,0.19047221971904107,-0.40433212061072776
ROS1-25-0017,2019-07-05,0.8000105884510634,0.5175723797763722,-0.6860758146657561
ROS1-26-0027,2019-07-05,0.16693881336987768,0.10657580478549794,-0.3327897808547898
ROS1-19-0026,2019-07-05,0.2270796174649134,0.15388406220558157,-0.43387032376814905
ROS1-20-0010,2019-07-05,0.5102257383931065,0.3940393758582449,-0.5141550493080341
ROS1-19-0022,2019-07-05,0.23958524860869976,0.09324911598853976,-0.31715555451549493
ROS1-19-0037,2019-07-05,0.1678420786390108,0.11911249129344842,-0.3124029106701232
ROS1-24-0003,2019-07-05,0.17234037769123378,0.08976135799655093,-0.3124095056188603
ROS1-25-0008,2019-07-05,0.1748884094780594,0.14374586442023835,-0.3490881427590544
ROS1-25-0016,2019-07-05,0.660636392221702,0.40705733376019104,-0.6365203855430294
ROS1-32-0022,2019-07-05,0.1861007310235185,0.16573443792292658,-0.38217242088871606
ROS1-25-0016,2019-07-05,0.6094953146551177,0.38881680616473485,-0.5941448012449225
ROS1-15-0009,2019-07-05,0.2842243074480025,0.16394794542196706,-0.43220890394525396
ROS1-15-0016,2019-07-05,0.1869153659935399,0.11750652034517144,-0.3407308509030525
ROS1-15-0014,2019-07-05,0.22666121448725637,0.16357152427689278,-0.3570818355843464
ROS1-15-0003,2019-07-05,0.284770794314395,0.3591763583435434,-0.300399021681922
ROS1-15-0006,2019-07-05,0.23729233672611186,0.16689764365107723,-0.4034730140157903
ROS1-20-0023,2019-07-05,0.5258805888770058,0.36143767008904065,-0.5276987808732235
ROS1-27-0006,2019-07-05,0.32362035976362113,0.20242742284515192,-0.49318261420213894
ROS1-21-0013,2019-07-05,0.22841878331630971,0.13678844586990124,-0.4080454179492469
ROS1-26-0031,2019-07-05,0.2327574144840777,0.12318702692024115,-0.41722852925530235
ROS1-27-0009,2019-07-05,0.5946063580488676,0.3790569625086789,-0.5923611053236278
ROS1-20-0007,2019-07-05,0.235957847481122,0.14766532626115728,-0.4278380117319386
ROS1-21-0034,2019-07-05,0.5810946900587118,0.34579439363313685,-0.5814980020381372
ROS1-26-0006,2019-07-05,0.2832115753007752,0.1573103364128488,-0.40604242544829006
ROS1-27-0004,2019-07-05,0.2233149747956036,0.1412116644836761,-0.37743881194668855
ROS1-21-0043,2019-07-05,0.1499799826073118,0.06338837536226763,-0.27603899958162104
ROS1-26-0036,2019-07-05,0.1546097897301531,0.06341593626937202,-0.2852560321026826
ROS1-22-0016,2019-07-05,0.49416957989600374,0.4164638172339814,-0.49569720589353544
ROS1-22-0011,2019-07-05,0.3312367698419223,0.23644343068172824,-0.4482985657178942
ROS1-28-0017,2019-07-05,0.2260969494885975,0.14804140487697745,-0.3744875106051942
ROS1-28-0029,2019-07-05,0.7066602874597601,0.4560419333026991,-0.6207183038911939
ROS1-28-0006,2019-07-05,0.6196363920172251,0.3242711613183925,-0.5629337461181373
ROS1-29-0006,2019-07-05,0.26073890440568304,0.1903824234065199,-0.3750772656746
ROS1-22-0032,2019-07-05,0.7558047657695106,0.7152102841377377,-0.605082939857819
ROS1-29-0008,2019-07-05,0.23135740209321207,0.13983528507897242,-0.41185219601574924
ROS1-32-0018,2019-07-05,0.23418790455919158,0.1693915163098619,-0.3679811330730262
ROS1-33-0014,2019-07-05,0.2087217459391957,0.12622232751901616,-0.3775605995563776
ROS1-32-0022,2019-07-05,0.18537184603601106,0.1690406395830065,-0.38021627904161226
ROS1-33-0018,2019-07-05,0.21434625334008223,0.15726677619898585,-0.37149417770135174
ROS1-27-0021,2019-07-05,0.5044607084344581,0.32513734683515016,-0.504877620872175
ROS1-32-0015,2019-07-05,0.16502149419511838,0.08435519026053866,-0.3116856273911896
ROS1-33-0014,2019-07-05,0.20856422217400716,0.12606804030117347,-0.37650552866671005
ROS1-33-0018,2019-07-05,0.2150237888550815,0.15756821869407087,-0.3720171746609805
ROS1-33-0010,2019-07-05,0.24648865653756485,0.1633299182810668,-0.38751760697709636
ROS1-28-0030,2019-07-05,0.167091450009707,0.06747418432444222,-0.29494961840429396
ROS1-33-0009,2019-07-05,0.15147641756744049,0.07056534409333658,-0.29161275218092414
ROS1-34-0003,2019-07-05,0.19356020977926502,0.11478347586369833,-0.3792684088920492
ROS1-28-0006,2019-07-05,0.6076907683174742,0.3263740174750838,-0.5458758705741257
ROS1-33-0010,2019-07-05,0.24662156370472008,0.16349329085157155,-0.3874761361929827
ROS1-33-0009,2019-07-05,0.1510090257889526,0.07045195793982952,-0.290479292510888
ROS1-34-0003,2019-07-05,0.1932630103579883,0.1147084699561337,-0.37892085957505106
ROS1-24-0003,2019-07-07,0.12759196595350802,0.4632104419299106,-0.13025991525029626
ROS1-18-0007,2019-07-07,0.1413067609376543,0.12208755175365332,-0.3052573405346775
ROS1-25-0008,2019-07-07,0.15631529515678866,0.13373000966758447,-0.32164257289669307
ROS1-18-0030,2019-07-07,0.5224218875537191,0.5517822302111534,-0.500421231057214
ROS1-18-0024,2019-07-07,0.19909104947129008,0.15480174165615546,-0.26185572488965614
ROS1-19-0041,2019-07-07,0.21510681605646806,0.2418170878384555,-0.2915805697826805
ROS1-25-0017,2019-07-07,0.45548630811508584,0.4281728582732628,-0.4370798470713683
ROS1-26-0027,2019-07-07,0.15509454357553798,0.10175292361051493,-0.3250844691073568
ROS1-19-0026,2019-07-07,0.18247598558863745,0.09856477699302642,-0.3816954933776859
ROS1-20-0010,2019-07-07,0.5209082020999929,0.41575600855225886,-0.5212054015522436
ROS1-19-0022,2019-07-07,0.19928344357132266,0.12326352068169745,-0.2851586499705707
ROS1-24-0003,2019-07-07,0.14566654164351517,-0.19455823644076867,-0.1370609217968747
ROS1-30-0009,2019-07-07,0.1925461722658682,0.13851532213106318,-0.3682394409462911
ROS1-24-0026,2019-07-07,0.1463189201813781,0.23751096365957344,-0.29899141016242803
ROS1-25-0008,2019-07-07,0.15592812719853832,0.13429718324009335,-0.320808739956008
ROS1-30-0001,2019-07-07,0.16274913139777814,0.38097628607083667,-0.193411193619874
ROS1-37-0025,2019-07-07,0.1288527104319334,0.08503005130334647,-0.2799096982394134
ROS1-25-0016,2019-07-07,0.6046844888909017,0.5023280845078525,-0.5841590304042981
ROS1-30-0006,2019-07-07,-0.05507720122892172,-0.03801655980566454,-0.062455362016067384
ROS1-24-0006,2019-07-07,0.03461763009223776,0.05317882217755342,-0.13130110393424296
ROS1-25-0023,2019-07-07,0.24462834918426068,0.22180536030035042,-0.30299511803250645
ROS1-30-0013,2019-07-07,0.29833549913758023,0.21760669273918093,-0.3957602892766573
ROS1-31-0028,2019-07-07,0.20215431303540937,0.1820707696632383,-0.3576571357235512
ROS1-36-0014,2019-07-07,0.1529970152547617,0.12564487463840512,-0.33820709564692575
ROS1-31-0009,2019-07-07,0.023786238737851486,0.07431738320061398,-0.09831739341339384
ROS1-37-0049,2019-07-07,0.1623667499727585,0.14448473363312125,-0.3523381440442398
ROS1-31-0024,2019-07-07,0.17170807837327604,0.15246584177401287,-0.3628125270826483
ROS1-32-0022,2019-07-07,0.15469483121160227,0.09347507460551212,-0.324242316367891
ROS1-37-0025,2019-07-07,0.12541457210417492,0.08352960856339062,-0.2758999526931825
ROS1-25-0016,2019-07-07,0.6039825415241463,0.5009670460167075,-0.5840448427310725
ROS1-31-0038,2019-07-07,0.2267364429585813,0.1930430129085652,-0.38555816271891175
ROS1-31-0028,2019-07-07,0.20146371289483486,0.18142903258718224,-0.35743282100329776
ROS1-38-0001,2019-07-07,0.12047940284522822,0.0597474962512773,-0.24296558487959116
ROS1-26-0031,2019-07-07,0.2163946814409415,0.12279428291702559,-0.3969111446014011
ROS1-27-0009,2019-07-07,0.5482211391077704,0.37749328079833405,-0.5510846461724223
ROS1-21-0034,2019-07-07,0.5693448289144394,0.36692063103089184,-0.569574372364627
ROS1-26-0006,2019-07-07,0.28124763430852695,0.1605499529624584,-0.40875686538760597
ROS1-27-0004,2019-07-07,0.2028960937070385,0.13652388526341994,-0.35858730016461465
ROS1-26-0036,2019-07-07,0.14123926097258716,0.06340149911511525,-0.270531337622463
ROS1-28-0017,2019-07-07,0.19464892257078414,0.11040114440614603,-0.36012500728807906
ROS1-28-0006,2019-07-07,0.6017023128078128,0.3526343498984485,-0.5420107950113734
ROS1-32-0018,2019-07-07,0.23371003189176132,0.1834409508640057,-0.3604406330474749
ROS1-32-0022,2019-07-07,0.1792474448701944,0.17131951679627028,-0.36905580088826634
ROS1-33-0018,2019-07-07,0.12609651601473726,0.08186874128832786,-0.23511668716436432
ROS1-27-0021,2019-07-07,0.4866279050267862,0.32900060820080196,-0.49322237696570803
ROS1-32-0015,2019-07-07,0.1637904617902444,0.09140617756676844,-0.3077293861091092
ROS1-33-0018,2019-07-07,0.13078603285606072,0.08487332158813177,-0.23049607517333792
ROS1-33-0010,2019-07-07,0.18190095825934718,0.1516010731330154,-0.3149473490062493
ROS1-28-0030,2019-07-07,0.14960222365281933,0.06982704027625103,-0.2694477690078532
ROS1-33-0009,2019-07-07,0.13168892346550268,0.07282743605624661,-0.25665196980951765
ROS1-34-0003,2019-07-07,0.12687199294337842,0.08162858233539184,-0.2525353707876562
ROS1-28-0006,2019-07-07,0.5988294470032414,0.3552000825564209,-0.5371352505320008
ROS1-42-0006,2019-07-07,0.11775155183536812,0.10889380311909318,-0.27791252788364945
ROS1-36-0022,2019-07-07,0.11833708678409227,0.10677954236084058,-0.2766370547640519
ROS1-37-0025,2019-07-07,0.12789993899375973,0.08588378174354097,-0.2737378564669265
ROS1-30-0006,2019-07-07,-0.056863996152673554,-0.03992665307129774,-0.05487114528670149
ROS1-36-0019,2019-07-07,0.07452965962918146,0.057944703520860744,-0.1928850794521889
ROS1-30-0013,2019-07-07,0.29551658091950334,0.21760356000554376,-0.3897497017868021
ROS1-31-0028,2019-07-07,0.201408056593687,0.18266762764145664,-0.3555416756170792
ROS1-36-0014,2019-07-07,0.15247080861372103,0.12617653559341874,-0.3352932691467691
ROS1-37-0012,2019-07-07,0.1994034741941595,0.030247144623058247,-0.2126507230178216
ROS1-42-0000,2019-07-07,0.11753228415314097,0.10249595554284911,-0.28286299704830536
ROS1-31-0009,2019-07-07,0.030765872769881294,0.09025250404372014,-0.10874051247635483
ROS1-37-0049,2019-07-07,0.16322595366663925,0.14526681804169858,-0.35068111739496033
ROS1-38-0002,2019-07-07,0.07399739817524477,0.10475874898231793,-0.15310861561158098
ROS1-31-0038,2019-07-07,0.22639508894954088,0.19327420168812573,-0.38317368684432646
ROS1-37-0012,2019-07-07,0.19013283064385691,-5.515132529145662,-0.20758910257463906
ROS1-38-0001,2019-07-07,0.11943273049702817,0.06060734732479028,-0.23226301557465392
ROS1-43-0019,2019-07-07,0.1664282893917991,0.08993172555680977,-0.31401697596679656
ROS1-49-0007,2019-07-07,0.19435826352646987,0.11442176296387162,-0.33571528936957223
ROS1-42-0000,2019-07-07,0.11809899739101921,0.10352265193736893,-0.28186339550372974
ROS1-49-0004,2019-07-07,0.05116398014609919,0.04100850777443011,-0.21435025549772507
ROS1-49-0007,2019-07-07,0.19431581739954895,0.11414022645576986,-0.33702346328942523
ROS1-49-0003,2019-07-07,0.17972564199135838,0.1263279901736418,-0.3248981893926782
ROS1-33-0010,2019-07-07,0.1831997015607926,0.15398782428842217,-0.3166082721891795
ROS1-33-0009,2019-07-07,0.13186513236564312,0.07302012224629377,-0.25612160962201036
ROS1-34-0003,2019-07-07,0.12738145216909127,0.08123451127766806,-0.2511053420234334
ROS1-01-0003,2019-07-08,0.7482327080341357,0.511273078669804,-0.6586623802427958
ROS1-07-0011,2019-07-08,0.21480747046733856,0.14121010853962865,-0.416137183283589
ROS1-01-0015,2019-07-08,0.768603835231809,0.630368036136637,-0.6677200881777071
ROS1-02-0005,2019-07-08,0.23335134901866994,0.14577082554405563,-0.40887239304156414
ROS1-07-0011,2019-07-08,0.21632435825728422,0.13979558626967578,-0.42092442336585284
ROS1-01-0031,2019-07-08,0.4914093948375271,0.3147375964071352,-0.4994888391340234
ROS1-07-0011,2019-07-08,0.2142530506488232,0.14129661570620553,-0.4140943392743023
ROS1-07-0045,2019-07-08,0.577073893509282,0.4114552255363218,-0.5908484116769842
ROS1-08-0010,2019-07-08,0.6898758919704471,0.34990122717043,-0.5913991848709638
ROS1-07-0012,2019-07-08,0.23884103036125193,0.19296349633291415,-0.42768384522361247
ROS1-07-0011,2019-07-08,0.21553114095165882,0.14032054635230706,-0.41669104034859034
ROS1-07-0018,2019-07-08,0.5447251041427852,0.37292046003783597,-0.5415494568069286
ROS1-15-0009,2019-07-08,0.22972303204472547,0.20155510463940088,-0.3531619784244261
ROS1-15-0014,2019-07-08,0.2078325919341678,0.12671308824081345,-0.3475359030387612
ROS1-15-0003,2019-07-08,0.15734694024927257,0.06044540536282929,-0.26678932542953143
ROS1-16-0006,2019-07-08,0.20318206174570555,0.12372801865119891,-0.395514920518915
ROS1-22-0026,2019-07-08,0.7414374942070442,0.498254515921961,-0.6379543087616351
ROS1-15-0006,2019-07-08,0.21682740210900547,0.1424797547356705,-0.3905754568045853
ROS1-22-0016,2019-07-08,0.47945704917483417,0.3483982955039797,-0.4885360329919434
ROS1-16-0006,2019-07-08,0.20500338201248286,0.126177423784889,-0.38977842580032945
ROS1-22-0026,2019-07-08,0.7241799020236854,0.49494912704270333,-0.6215484329165121
ROS1-37-0012,2019-07-09,0.2619135747529099,0.09304151292654776,-0.3355084315573913
ROS1-37-0012,2019-07-09,0.2684950913344025,-0.3294444629541678,-0.3478867303428215
ROS1-43-0019,2019-07-09,0.16956736667409217,0.11993526518763159,-0.30391394578800857
ROS1-49-0007,2019-07-09,0.2145471679401462,0.14715200007251783,-0.36071857661454704
ROS1-49-0007,2019-07-09,0.21442711254783758,0.1467544708363713,-0.3616278146352983
ROS1-49-0003,2019-07-09,0.18671441560447669,0.13754533162776456,-0.3330888491370827
ROS1-18-0007,2019-07-12,0.09035722624328744,0.06561323793699775,-0.23512298333774137
ROS1-19-0026,2019-07-12,0.21874410391469148,0.18478436008464136,-0.3625268367469291
ROS1-19-0022,2019-07-12,0.37582532373095257,0.2690333411136181,-0.32963538828100203
ROS1-15-0009,2019-07-13,0.26030267321438716,0.18310114259346913,-0.362105827041602
ROS1-15-0003,2019-07-13,0.052514609259705844,-0.195793489386042,0.03703868663689194
ROS1-22-0026,2019-07-13,0.012207388681634228,-0.33866621575796296,0.006028596616295042
ROS1-22-0026,2019-07-13,0.015686124674977486,-0.49502896701921567,0.002267553573888452
ROS1-36-0014,2019-07-14,0.11546758354058127,0.09398132040962441,-0.262488929821636
ROS1-42-0008,2019-07-14,-0.0171853645330015,-0.014476437301781124,-0.04269850472206031
ROS1-36-0014,2019-07-14,0.11551180407512114,0.09429402423033655,-0.2613734586518379
ROS1-37-0012,2019-07-14,0.22021854193242293,0.18395192163425758,-0.326774647096265
ROS1-42-0000,2019-07-14,0.09033301080241417,0.10441000974631597,-0.1896731444683751
ROS1-37-0012,2019-07-14,0.22087596452043032,0.18417968076623872,-0.32793854944204454
ROS1-43-0006,2019-07-14,0.09687671320095526,0.08898644983477749,-0.23106027836323514
ROS1-43-0019,2019-07-14,0.16594772823312307,0.133058966061267,-0.2757703258457832
ROS1-49-0007,2019-07-14,0.1474956384614331,0.11996497184563223,-0.2214595135291037
ROS1-42-0000,2019-07-14,0.09037393416286899,0.10448724286487258,-0.18897018634778975
ROS1-49-0004,2019-07-14,0.0508571797816685,0.038836312058192886,-0.08927857265569318
ROS1-49-0007,2019-07-14,0.14475411717019093,0.11957960494454806,-0.21778132799318373
ROS1-49-0003,2019-07-14,0.12127500253446434,0.10684347675079145,-0.09844294666176659
ROS1-01-0015,2019-07-15,0.6775212184139756,0.5861151892172841,-0.587899306001819
ROS1-02-0005,2019-07-15,0.18142851845032995,0.1187414527967997,-0.28440377642341724
ROS1-01-0031,2019-07-15,0.4836843165055642,0.3872356921189182,-0.4762731585999704
ROS1-07-0045,2019-07-15,0.5121647465499465,0.4478714880874565,-0.5172948875091545
ROS1-08-0010,2019-07-15,0.7022143485856144,0.5722939550982901,-0.6077489049728866
ROS1-07-0012,2019-07-15,0.22325477544880648,0.18558466796171696,-0.3760817991995168
ROS1-13-0013,2019-07-15,0.24043517958903252,0.11652125185937975,-0.33036881975909405
ROS1-25-0008,2019-07-15,0.17108052050631903,0.12752781591855517,-0.305464286221699
ROS1-19-0041,2019-07-15,0.19409548454865597,0.14412673815234964,-0.32741621009551886
ROS1-25-0017,2019-07-15,0.7766042674172365,0.5783966650627818,-0.6556152789658694
ROS1-26-0027,2019-07-15,0.14603765721328912,0.09006089406683106,-0.2876372303688714
ROS1-19-0026,2019-07-15,0.1593290968232487,0.08629036395990416,-0.340363791032847
ROS1-20-0010,2019-07-15,0.5378553881311932,0.43260577524982713,-0.5105168928162469
ROS1-19-0022,2019-07-15,0.543280991516281,0.33600288364876324,-0.5001799348718952
ROS1-19-0037,2019-07-15,0.16938709597857823,0.11994645064550608,-0.2811790559468085
ROS1-25-0008,2019-07-15,0.17091715342310593,0.12777496266770458,-0.30443352607981816
ROS1-25-0016,2019-07-15,0.5763558134948453,0.3460624876439286,-0.5300023972688124
ROS1-32-0022,2019-07-15,0.11644465530610827,0.08383660307502318,-0.25221048014096903
ROS1-25-0016,2019-07-15,0.5902799046086515,0.3498005480238455,-0.5431297938600576
ROS1-15-0009,2019-07-15,-0.0037476467617690596,0.7276332302749555,-0.07158396655024198
ROS1-15-0016,2019-07-15,0.16054037838323615,0.10803857920805418,-0.28391194108722473
ROS1-15-0014,2019-07-15,0.1925673931499564,0.13009390521446784,-0.3208891389857274
ROS1-15-0003,2019-07-15,0.1544436582143536,0.06670085538387233,-0.2509361061038089
ROS1-22-0026,2019-07-15,0.22615230037729744,0.2927143000141189,-0.2567110912531745
ROS1-15-0006,2019-07-15,0.23048500524458143,0.16964056185640222,-0.36004431942705084
ROS1-20-0023,2019-07-15,0.45842149843303226,0.3221330592838394,-0.4886473110344092
ROS1-27-0006,2019-07-15,0.28481574358761913,0.17588635150775325,-0.43687880559024383
ROS1-21-0013,2019-07-15,0.2114291299662748,0.1291368758040339,-0.36354709327537277
ROS1-27-0009,2019-07-15,0.6080557062911092,0.4358342724794816,-0.5678463514802322
ROS1-20-0007,2019-07-15,0.20020741216088786,0.11861459642669524,-0.34129053321157754
ROS1-21-0034,2019-07-15,0.5941596711885381,0.36307032604183037,-0.5487344964882745
ROS1-26-0006,2019-07-15,0.1143237104228312,0.09351681460322246,-0.18042319176543695
ROS1-27-0004,2019-07-15,0.20149225585161162,0.13081706082633104,-0.34879881203878005
ROS1-21-0043,2019-07-15,0.14284015504852085,0.06690111302067693,-0.24703137177263507
ROS1-26-0036,2019-07-15,0.1363826274215584,0.05997104706412082,-0.2390679559354972
ROS1-21-0016,2019-07-15,0.23686046612433556,0.19991158064932696,-0.3502832225293257
ROS1-22-0016,2019-07-15,0.5075936097556067,0.3835609564955535,-0.49013431100627325
ROS1-22-0011,2019-07-15,0.2607704879161465,0.1745044237851022,-0.39055455795538196
ROS1-28-0017,2019-07-15,0.07863540714186865,0.0790081351378156,-0.12532182929691085
ROS1-28-0029,2019-07-15,0.6886600327596831,0.39683195592983206,-0.6012073883161916
ROS1-22-0026,2019-07-15,0.23740600733701678,0.2972612378825236,-0.2655743812201538
ROS1-28-0006,2019-07-15,0.6260139006740892,0.3878392579801538,-0.5405095247391345
ROS1-29-0006,2019-07-15,0.21514336518744356,0.12493519357768082,-0.34570630296137284
ROS1-22-0032,2019-07-15,0.7904600151257796,0.6109230581772576,-0.6355393987965121
ROS1-29-0008,2019-07-15,0.17371827835835954,0.09920846069688947,-0.32605928861737915
ROS1-32-0018,2019-07-15,0.24843519313693146,0.16681387540603948,-0.3432109493396413
ROS1-33-0014,2019-07-15,0.13363384940528147,0.17477154866603453,-0.18436148341524633
ROS1-32-0022,2019-07-15,0.11640005546690381,0.08654745143736273,-0.24969006051067075
ROS1-33-0018,2019-07-15,0.17884957687748615,0.14432574760758662,-0.29953896588565176
ROS1-27-0021,2019-07-15,0.47207095754022005,0.3033940477170395,-0.47850427056779926
ROS1-32-0015,2019-07-15,0.162673638909197,0.0814797846438005,-0.2869272452384672
ROS1-33-0014,2019-07-15,0.13490462465692862,0.16901386699827226,-0.18879290362379775
ROS1-33-0018,2019-07-15,0.17951756105944497,0.14476479889044533,-0.2974609282152789
ROS1-33-0010,2019-07-15,0.18401312716025384,0.13215868217919507,-0.3046984382425566
ROS1-34-0003,2019-07-15,0.05518490919423546,0.05256930262060817,-0.037395351002156
ROS1-28-0006,2019-07-15,0.614890034273154,0.3900127235403923,-0.5261951326112989
ROS1-33-0010,2019-07-15,0.18375111212556072,0.13313064327582333,-0.30041469816846433
ROS1-34-0003,2019-07-15,0.049590686885862,0.04227837562245427,-0.03678451938361821
ROS1-18-0029,2019-07-17,0.40142692193503304,0.2842651349922611,-0.423817157040634
ROS1-24-0003,2019-07-17,0.16806995433907956,0.09359309305429533,-0.29260934564978003
ROS1-18-0007,2019-07-17,0.1382282563445753,0.07476765448144453,-0.2680493147946279
ROS1-25-0008,2019-07-17,0.17536689949604228,0.11812579008860984,-0.29276190076142217
ROS1-18-0030,2019-07-17,0.6803172667681718,0.6531304088128244,-0.5844198282289209
ROS1-18-0024,2019-07-17,0.5943985417103202,0.39902860729744855,-0.5525960654850711
ROS1-20-0010,2019-07-17,0.5106010180034902,0.37411599864866024,-0.46340263751832544
ROS1-19-0037,2019-07-17,0.14853468596511388,0.10256431314761824,-0.261684573457459
ROS1-24-0003,2019-07-17,0.16245064149101462,0.09367668226649481,-0.2775053355971945
ROS1-30-0009,2019-07-17,0.11385994145680105,0.09506399862853439,-0.25330923876618827
ROS1-24-0026,2019-07-17,0.08690772574879042,0.0638273449113607,-0.1848011147331747
ROS1-25-0008,2019-07-17,0.1725241047406845,0.11837778138130996,-0.2844112905324135
ROS1-30-0001,2019-07-17,0.20362804529259831,0.14035412726476104,-0.3118254306830123
ROS1-37-0025,2019-07-17,0.1279846327162743,0.08802890904993889,-0.26900939028059256
ROS1-25-0016,2019-07-17,0.574179096669974,0.42377296938669357,-0.5474246152026051
ROS1-30-0006,2019-07-17,0.15451565521649932,0.08550131260269121,-0.2917903733362964
ROS1-25-0023,2019-07-17,0.27174369371866797,0.22205044611067423,-0.2671839274899907
ROS1-30-0013,2019-07-17,0.46166071497442385,0.3238628303396356,-0.5031053665331785
ROS1-31-0028,2019-07-17,0.20018863414266122,0.1513725661087181,-0.320489001038731
ROS1-36-0014,2019-07-17,0.12309794124133067,0.08862086189263357,-0.27600989638713647
ROS1-31-0009,2019-07-17,0.13213449387704154,0.08436249959092493,-0.27061482157118666
ROS1-37-0049,2019-07-17,0.07131335475022146,0.07693192242579507,-0.17594676821655866
ROS1-31-0024,2019-07-17,0.03676591649420136,0.03793126284648967,-0.11707257582695457
ROS1-32-0022,2019-07-17,0.09649540434007074,0.08497284770049394,-0.2026694432536368
ROS1-37-0025,2019-07-17,0.1253296136126271,0.08656059416443868,-0.26458448818041713
ROS1-25-0016,2019-07-17,0.5564097178683941,0.4127203070785718,-0.5327340562584745
ROS1-31-0038,2019-07-17,0.2351055418043296,0.19198679647809547,-0.31872588259465534
ROS1-31-0028,2019-07-17,0.19835665123391066,0.14962841375699326,-0.31807988228973894
ROS1-38-0001,2019-07-17,0.14151878152682942,0.10918857381805386,-0.2817879703798911
ROS1-26-0031,2019-07-17,0.021334219190003237,0.04045042787534528,-0.08197901516505741
ROS1-27-0009,2019-07-17,0.7218140457443308,0.5721366923494897,-0.6173821197860135
ROS1-21-0034,2019-07-17,0.3475662235615092,0.28589882088636837,-0.3020336478011698
ROS1-26-0006,2019-07-17,0.24732651686355758,0.11578079554183306,-0.2665099482584425
ROS1-27-0004,2019-07-17,0.19059495484788988,0.1330652328835181,-0.2783688676229817
ROS1-26-0036,2019-07-17,0.13118699898821043,0.12473354175461353,-0.16444408052130524
ROS1-32-0018,2019-07-17,0.26023125930513563,0.18989040074981306,-0.3043859276840168
ROS1-33-0014,2019-07-17,-5.845641821814034E-4,7.178514874442114E-4,-0.07062391906215872
ROS1-32-0022,2019-07-17,0.09595110209414465,0.09104703385628447,-0.19385891753564047
ROS1-33-0018,2019-07-17,0.19935721728524164,0.16250529596077856,-0.29807560368087843
ROS1-27-0021,2019-07-17,0.2234034940473824,0.2393549061180057,-0.21714874625186265
ROS1-32-0015,2019-07-17,0.14709141991336433,0.06913058447026478,-0.24350942462065475
ROS1-33-0014,2019-07-17,0.0043493095801101465,0.002751823255911803,-0.08579395236053719
ROS1-33-0018,2019-07-17,0.20057409947215799,0.16139939529386851,-0.30046812266896916
ROS1-33-0010,2019-07-17,0.18110666756115687,0.09882537008507697,-0.30580234599464506
ROS1-33-0009,2019-07-17,0.12898773668154181,0.048347155798518504,-0.23468437712764761
ROS1-42-0006,2019-07-17,0.09621711131162447,0.07539738168568764,-0.22899326832440992
ROS1-36-0022,2019-07-17,0.10207762313973658,0.07869932020203017,-0.2394651004259568
ROS1-37-0025,2019-07-17,0.12520424469623934,0.08756574330787552,-0.2616589168175961
ROS1-42-0008,2019-07-17,0.13668516100954137,0.08305710819066967,-0.3081060077230797
ROS1-30-0006,2019-07-17,0.14952415340327574,0.08487580223224009,-0.27792381855990955
ROS1-36-0019,2019-07-17,0.11053628333383411,0.0810535445415544,-0.24865774962774106
ROS1-30-0013,2019-07-17,0.45051590275139686,0.32260246249144353,-0.4883311926385275
ROS1-31-0028,2019-07-17,0.20641830791033236,0.15832402368919113,-0.3221649502006205
ROS1-36-0014,2019-07-17,0.12336329213858373,0.08970796190397053,-0.27227651881517984
ROS1-37-0012,2019-07-17,0.25778677387571014,0.19072795937359655,-0.35031201068111323
ROS1-42-0000,2019-07-17,0.10143968272637846,0.080989869281755,-0.2384378367438411
ROS1-31-0009,2019-07-17,0.13241698494105172,0.08512879879608574,-0.269128810797229
ROS1-37-0049,2019-07-17,0.07248588181584485,0.0788420263832699,-0.17683634056003356
ROS1-38-0002,2019-07-17,0.15053987242699357,0.07706325404081597,-0.28814785137628307
ROS1-31-0038,2019-07-17,0.23512217554584203,0.1923499690300537,-0.31827205553341065
ROS1-37-0012,2019-07-17,0.25807751717516064,0.18970165136521772,-0.35212942325183877
ROS1-38-0001,2019-07-17,0.1410166167947678,0.10924849112316379,-0.28064668056686737
ROS1-43-0006,2019-07-17,0.07589076622139432,0.07598764675124271,-0.16794251855613335
ROS1-43-0019,2019-07-17,0.1853774322552357,0.11596362936020549,-0.3157660127468366
ROS1-49-0007,2019-07-17,0.21053593381509644,0.12262896419701955,-0.3357649001146709
ROS1-42-0000,2019-07-17,0.10192060571988316,0.08172411434103202,-0.23670629107920277
ROS1-49-0004,2019-07-17,0.14779169008808918,0.09607970810403868,-0.3102206042614883
ROS1-49-0007,2019-07-17,0.21791413860667352,0.12354397675559312,-0.35254476649655236
ROS1-49-0003,2019-07-17,0.1769957587275122,0.08716126166146286,-0.31228537889088315
ROS1-33-0010,2019-07-17,0.18204743133852458,0.09920119258023588,-0.30689328527932574
ROS1-33-0009,2019-07-17,0.12942425920568768,0.04840051520243276,-0.23619933449281708
ROS1-01-0015,2019-07-18,0.5893355150524194,2.9898176101581653,-0.44474725306364166
ROS1-02-0005,2019-07-18,0.17487629712380312,0.09932009624538198,-0.2824599481549996
ROS1-01-0031,2019-07-18,0.4394881816750914,0.4348218253937657,-0.41778006558953007
ROS1-08-0010,2019-07-18,0.7551416488036584,0.5560989594368698,-0.6346282646536993
ROS1-07-0012,2019-07-18,0.16358381027570895,0.15062310350518207,-0.24533539594353238
ROS1-15-0009,2019-07-18,0.20661465159314021,0.18426106328006808,-0.2984051287129894
ROS1-15-0014,2019-07-18,0.18146971354351177,0.10593267148477672,-0.2966338084304341
ROS1-15-0003,2019-07-18,0.17210209605237609,0.05991795995412027,-0.2551058162429351
ROS1-16-0006,2019-07-18,0.154391355831605,0.08851845174007585,-0.2877735406610394
ROS1-22-0026,2019-07-18,0.721045954444956,0.5839823806526747,-0.5960963004499175
ROS1-15-0006,2019-07-18,0.2491363688559533,0.14553325512414955,-0.36628872251444056
ROS1-22-0016,2019-07-18,0.37065641107241,0.432033442112152,-0.3172762864799101
ROS1-16-0006,2019-07-18,0.15422773323178565,0.08760396899724245,-0.2868305178899195
ROS1-22-0026,2019-07-18,0.6919255169742027,0.5315657421981641,-0.5750957788096404
ROS1-36-0014,2019-07-19,0.005267334832269713,0.006474570092426122,-0.06998945135261579
ROS1-42-0006,2019-07-19,0.10708534732655192,0.11011992214439306,-0.16304691882050124
ROS1-36-0022,2019-07-19,0.0788033733780986,0.1241139669515284,-0.11753334188000085
ROS1-42-0008,2019-07-19,0.03241230898554741,0.04765271278913646,-0.07727583123127264
ROS1-36-0019,2019-07-19,0.05678090556814515,0.0821380835967523,-0.10439167976704329
ROS1-36-0014,2019-07-19,0.05108030070178082,0.07570963220054278,-0.0797088402415717
ROS1-37-0012,2019-07-19,-0.030394514618684726,-0.01766860757623394,-0.05138373778225292
ROS1-42-0000,2019-07-19,0.07005823955378244,0.09736157812685681,-0.11503532833367024
ROS1-37-0012,2019-07-19,-0.03239164816838652,-0.018600256809241673,-0.049025124587559074
ROS1-43-0006,2019-07-19,0.10837816103025817,0.09230053703371041,-0.2249295766846879
ROS1-43-0019,2019-07-19,0.1909557376952189,0.1380323546477712,-0.30235385785029356
ROS1-49-0007,2019-07-19,0.206717914197243,0.13050179451758673,-0.3034095132363699
ROS1-42-0000,2019-07-19,0.07166963809023343,0.10230305036081297,-0.11237274156760402
ROS1-49-0004,2019-07-19,0.14078877970789078,0.09191975200152856,-0.2848214280427599
ROS1-49-0007,2019-07-19,0.20605478693537538,0.12988024306261226,-0.303474594463904
ROS1-49-0003,2019-07-19,0.19765850006741173,0.12040312134724136,-0.3084562992307715
ROS1-01-0003,2019-07-20,0.7711031141562781,0.5934636139581695,-0.6446165455470036
ROS1-07-0011,2019-07-20,0.17356952303640766,0.12927272165880818,-0.3314367676858363
ROS1-01-0015,2019-07-20,0.69996349940442,0.5624454051403468,-0.5871938173867763
ROS1-02-0005,2019-07-20,0.17948542427822126,0.10883878991286558,-0.28338282137418414
ROS1-07-0011,2019-07-20,0.17345521209813006,0.12919563872174855,-0.3284669243939244
ROS1-01-0031,2019-07-20,0.6594320515703936,0.5046127410528557,-0.5873866171467963
ROS1-12-0000,2019-07-20,0.15608033085348766,0.09957081374104783,-0.2588395191511027
ROS1-07-0011,2019-07-20,0.17274749614061205,0.1288669451264122,-0.33118197916588915
ROS1-12-0004,2019-07-20,0.7968649025526521,0.7148923757695596,-0.6711111175725525
ROS1-07-0045,2019-07-20,0.5423909070639693,0.45787958977697124,-0.5232053889829644
ROS1-08-0010,2019-07-20,0.7442215420884832,0.5925939449382872,-0.6292147497335309
ROS1-07-0012,2019-07-20,0.19710022619802578,0.1403229888044512,-0.30860260839730297
ROS1-07-0011,2019-07-20,0.1727529505798173,0.1297789280972509,-0.32668881562329205
ROS1-07-0018,2019-07-20,0.5574187603225401,0.39721950132624856,-0.5326938473581466
ROS1-13-0013,2019-07-20,0.2575520046063798,0.14337196847323733,-0.3361392398829955
ROS1-18-0029,2019-07-20,0.4760125415268796,0.2805179916027909,-0.5058793688643649
ROS1-24-0003,2019-07-20,0.1653713249756122,0.0911765199323688,-0.2936349833394282
ROS1-18-0007,2019-07-20,0.17608056982986894,0.1593159048247854,-0.23174247520751207
ROS1-25-0008,2019-07-20,0.21281512627150304,0.13470401883876845,-0.3214314734136904
ROS1-18-0030,2019-07-20,0.7453593482929367,0.5838491696182607,-0.6215251297332614
ROS1-19-0041,2019-07-20,0.18877683608450993,0.12145708000387113,-0.2916581699433173
ROS1-25-0017,2019-07-20,0.8422749037591784,0.588330296156919,-0.719066668843498
ROS1-26-0027,2019-07-20,0.14744312084264094,0.07969034741789248,-0.290901246307881
ROS1-19-0026,2019-07-20,0.15358323974622315,0.07217277406283139,-0.2985244825004583
ROS1-20-0010,2019-07-20,0.3144902184566285,0.1713094508459408,-0.3795158337149316
ROS1-19-0022,2019-07-20,0.6891437930520916,0.533530242549942,-0.5951095789118753
ROS1-19-0037,2019-07-20,0.16423824211343763,0.10390246942004364,-0.27278623347926717
ROS1-24-0003,2019-07-20,0.15896175903447587,0.09054087492872719,-0.275771527252482
ROS1-25-0008,2019-07-20,0.20755804894700883,0.13393528350150158,-0.3088087739810112
ROS1-25-0016,2019-07-20,0.6619053940885784,0.42876579738013326,-0.6076787595001794
ROS1-32-0022,2019-07-20,0.11052378025604896,0.07355436737515766,-0.24232578872037652
ROS1-25-0016,2019-07-20,0.6155050074092082,0.4091111818792356,-0.5644347690765099
ROS1-15-0009,2019-07-20,0.7279196746694662,0.2591851469969563,-0.6759399041748394
ROS1-15-0016,2019-07-20,0.16028236941466906,0.10029542931538278,-0.2752298580653819
ROS1-15-0014,2019-07-20,0.18557873644206113,0.1181798715440528,-0.2995802394449677
ROS1-15-0003,2019-07-20,0.13713080168776376,0.17325413144467297,-0.2246024018175917
ROS1-16-0006,2019-07-20,0.14170546175360074,0.08903031263176174,-0.2700779560472947
ROS1-22-0026,2019-07-20,0.2330991069623559,0.40116915603879416,-0.23525333515513466
ROS1-15-0006,2019-07-20,0.22287316514081768,0.18638659535455593,-0.3395651699552826
ROS1-20-0023,2019-07-20,0.48154243332292784,0.27981223420300483,-0.48766733551423685
ROS1-27-0006,2019-07-20,0.2503339060304466,0.1372957165768979,-0.3669448478796449
ROS1-26-0031,2019-07-20,0.12344856477478554,0.09305187924554245,-0.25692122825688807
ROS1-27-0009,2019-07-20,0.6510437274255598,0.442590595776804,-0.6039231367299569
ROS1-20-0007,2019-07-20,0.1557537465336157,0.10439551305436824,-0.2851285183253859
ROS1-21-0034,2019-07-20,0.6209619364778739,0.4379187670316793,-0.5657209599934544
ROS1-26-0006,2019-07-20,0.2684322950286972,0.12622933281692628,-0.37242255789220696
ROS1-27-0004,2019-07-20,0.21704524886473062,0.12147573768555432,-0.32215312967096965
ROS1-21-0043,2019-07-20,0.14153384960325768,0.06281025221116134,-0.2619567571835239
ROS1-26-0036,2019-07-20,0.1446569035324004,0.05629659400096304,-0.252214199004163
ROS1-21-0016,2019-07-20,0.24773896973050744,0.19591696937374362,-0.33256811299844596
ROS1-22-0016,2019-07-20,0.5330392793280608,0.35685333812454884,-0.47455736908954554
ROS1-22-0011,2019-07-20,0.09988381652447915,0.07440755079539338,-0.15817818039167966
ROS1-28-0017,2019-07-20,0.15626752673672592,0.08814926668517421,-0.28037607033045425
ROS1-28-0029,2019-07-20,0.722606490065203,0.4728135786656841,-0.6154766413684456
ROS1-16-0006,2019-07-20,0.14304214811907834,0.09078513468677088,-0.26790361392399176
ROS1-22-0026,2019-07-20,0.23348464377459585,0.4036701812939888,-0.23474071978189062
ROS1-28-0006,2019-07-20,0.6616471008098426,0.3866324391980984,-0.5766678384228782
ROS1-29-0006,2019-07-20,0.2183362823935277,0.11946194958942455,-0.31708747029590434
ROS1-22-0032,2019-07-20,0.8119032554583789,0.665966850614038,-0.6494684781944936
ROS1-29-0008,2019-07-20,0.07334767814474379,0.03385873718848823,-0.16654315076505538
ROS1-32-0018,2019-07-20,0.32673316739916636,0.20312544781152048,-0.3883938584304623
ROS1-33-0014,2019-07-20,0.2011228159908762,0.13344730944644584,-0.3027785364360366
ROS1-32-0022,2019-07-20,0.10831941500386054,0.07442095793578977,-0.23526512930562768
ROS1-33-0018,2019-07-20,0.2295647733687832,0.17322768218122023,-0.33214084261355475
ROS1-27-0021,2019-07-20,0.48876576969956287,0.2822481963412859,-0.48229351201519116
ROS1-32-0015,2019-07-20,0.16448096651788235,0.09303588606203066,-0.30922119357414
ROS1-33-0014,2019-07-20,0.20162191311785513,0.13302736526464906,-0.3044573781718376
ROS1-33-0018,2019-07-20,0.22911204817397854,0.17222970161976067,-0.33304489373294077
ROS1-33-0010,2019-07-20,0.20938765101267406,0.11223491763471627,-0.35880874128078916
ROS1-28-0030,2019-07-20,0.09600569894675669,0.03129224711701117,-0.15024977545497006
ROS1-33-0009,2019-07-20,0.13170635299252298,0.0658082323043423,-0.2602278505667181
ROS1-34-0003,2019-07-20,0.10610681679646969,0.10267772690791975,-0.21718286565031097
ROS1-28-0006,2019-07-20,0.6575248830651761,0.39134136241952133,-0.5679763244011341
ROS1-33-0010,2019-07-20,0.2101854267274769,0.11275707356055863,-0.3592646798838069
ROS1-33-0009,2019-07-20,0.13118026697695356,0.06568558511102557,-0.2593637957002521
ROS1-34-0003,2019-07-20,0.10520325704774007,0.10192040549894084,-0.21497033138440405
ROS1-27-0006,2019-07-22,0.199085630264676,0.1535883255592549,-0.3464601967892783
ROS1-26-0031,2019-07-22,0.12815437893450535,0.10003298750925797,-0.2628650311876497
ROS1-27-0009,2019-07-22,0.5889436172437048,0.42958122129372633,-0.5468847981212916
ROS1-21-0034,2019-07-22,0.5969593872756137,0.41249878884759544,-0.5471118833589692
ROS1-27-0004,2019-07-22,0.21297774326307725,0.15815505419146528,-0.3324747807182534
ROS1-26-0036,2019-07-22,0.1380060804779214,0.0613570375605838,-0.23234995077202839
ROS1-28-0017,2019-07-22,0.13901539700484275,0.07570000435974637,-0.2242479982618781
ROS1-28-0006,2019-07-22,0.6038771426460169,0.40513788612763396,-0.5198585572988893
ROS1-33-0014,2019-07-22,0.20195192129564818,0.1562243866530465,-0.29999235715661743
ROS1-33-0018,2019-07-22,0.2563698360392581,0.20962265096447583,-0.33734449669151
ROS1-27-0021,2019-07-22,0.4638093960607052,0.3107996970194828,-0.45734280180306774
ROS1-33-0014,2019-07-22,0.2034881319956131,0.15631987460851507,-0.3046654880918792
ROS1-33-0018,2019-07-22,0.25530577669182625,0.20708700665407148,-0.33883981064481355
ROS1-33-0010,2019-07-22,0.1836370837260669,0.11676055551998633,-0.3122831862187143
ROS1-28-0030,2019-07-22,0.14431311059245985,0.06838083478647076,-0.2471194125310923
ROS1-33-0009,2019-07-22,0.12133472634817911,0.0666211480301222,-0.23794448393392575
ROS1-34-0003,2019-07-22,0.09104350582465744,0.07048919881618183,-0.1632419326992315
ROS1-28-0006,2019-07-22,0.6148951810503466,0.41198311038997926,-0.5262469321204554
ROS1-33-0010,2019-07-22,0.18539699448447244,0.11948411111286592,-0.30798549735003844
ROS1-33-0009,2019-07-22,0.12058710286129244,0.06716129363299875,-0.23234463385560075
ROS1-34-0003,2019-07-22,0.09257555750296967,0.07200518477003284,-0.16424997592872134
ROS1-18-0029,2019-07-22,0.529159069805071,0.30984452769217596,-0.5210067845130124
ROS1-24-0003,2019-07-22,0.2136479051991057,0.07875459246304777,-0.33070316928572324
ROS1-18-0007,2019-07-22,0.13056687842217068,0.05419484447663188,-0.2667909839260189
ROS1-25-0008,2019-07-22,0.25350990409302965,0.16843887858878578,-0.3335793572563002
ROS1-18-0030,2019-07-22,0.7543814002424991,0.6389618082190655,-0.6137596673257963
ROS1-18-0024,2019-07-22,0.7082560017888724,0.46458299352011645,-0.5988220084805869
ROS1-19-0041,2019-07-22,0.19902338903080558,0.1391369669811085,-0.2976127984227606
ROS1-25-0017,2019-07-22,0.8464819774509132,0.6537309216567914,-0.715836973019115
ROS1-26-0027,2019-07-22,0.1398976173158402,0.08490590970930453,-0.2777329757918036
ROS1-19-0026,2019-07-22,0.14753548901924607,0.09141082290999177,-0.3032543935400965
ROS1-20-0010,2019-07-22,0.21955787974387148,0.1284104195990438,-0.3190395215894207
ROS1-19-0022,2019-07-22,0.7472683745628248,0.6405898009846889,-0.6280596384988294
ROS1-19-0037,2019-07-22,0.18449144856360405,0.1281241498613415,-0.2873995721616765
ROS1-24-0003,2019-07-22,0.1835713675279231,0.07340612018768258,-0.26875074282087374
ROS1-24-0026,2019-07-22,0.10575108042994662,0.15507761872266032,-0.16527288535612375
ROS1-25-0008,2019-07-22,0.243786159976204,0.1633645452399919,-0.3139736802684586
ROS1-25-0016,2019-07-22,0.6468376529496866,0.4341454415950473,-0.5864305347747497
ROS1-30-0006,2019-07-22,0.0718798716091483,0.08323331397753223,-0.07004230480162403
ROS1-24-0006,2019-07-22,0.13255348949234116,0.061209635895276684,-0.22376797250277933
ROS1-25-0023,2019-07-22,0.6657345174960677,0.4085461977477662,-0.5692297690236034
ROS1-31-0009,2019-07-22,0.13794253187048325,0.05213219745679669,-0.25308588306421076
ROS1-37-0049,2019-07-22,0.13122773538951021,0.08236930333727903,-0.2679855016649815
ROS1-31-0024,2019-07-22,0.16790428129012383,0.11329272953193194,-0.2781631190463047
ROS1-32-0022,2019-07-22,0.11669504920877914,0.08401801654990539,-0.2452509264747478
ROS1-25-0016,2019-07-22,0.6559517811928484,0.44405870021123717,-0.5980192454548428
ROS1-31-0038,2019-07-22,0.3520558115617969,0.23717595803077618,-0.4075424987905258
ROS1-38-0001,2019-07-22,0.15650890470795403,0.10403658610195979,-0.2816797476809653
ROS1-26-0031,2019-07-22,0.12852652243624293,0.10045815680035441,-0.26343266508822477
ROS1-27-0009,2019-07-22,0.5934338494628482,0.4316545542639217,-0.551410483947911
ROS1-26-0006,2019-07-22,0.2575507400853128,0.14250306725067027,-0.34054941337219424
ROS1-26-0036,2019-07-22,0.13827888112800285,0.0609358389294294,-0.2356866075215994
ROS1-32-0018,2019-07-22,0.33217145214926336,0.22539160842785944,-0.38634067694222907
ROS1-32-0022,2019-07-22,0.1112792142735392,0.08218314942092003,-0.23495443626094975
ROS1-32-0015,2019-07-22,0.14837856423315257,0.09461607615426855,-0.2813300108439742
ROS1-30-0006,2019-07-22,0.08132181372345934,0.09397903178125833,-0.08652950645298153
ROS1-31-0009,2019-07-22,0.13439650879106343,0.05025086880212884,-0.24496579755675574
ROS1-37-0049,2019-07-22,0.12778767286526546,0.07969139512963005,-0.26133468693967277
ROS1-38-0002,2019-07-22,0.16959012184098418,0.06610221639667353,-0.3204417043563305
ROS1-31-0038,2019-07-22,0.35051445490459454,0.23359637652310836,-0.4027705401327403
ROS1-38-0001,2019-07-22,0.15272256312141244,0.1006132640769531,-0.2749642597351222
ROS1-43-0006,2019-07-22,0.12516754255934542,0.10389497134589187,-0.23465948958233893
ROS1-07-0011,2019-07-23,0.18012274279306695,0.15670266968112226,-0.3089350220997176
ROS1-01-0015,2019-07-23,0.6799197956273512,0.5042471627234328,-0.5750703488855831
ROS1-02-0005,2019-07-23,0.15392398668485405,0.0981835722538439,-0.2546906695546434
ROS1-07-0011,2019-07-23,0.18092954663525576,0.1568435711879646,-0.3113305252686314
ROS1-01-0031,2019-07-23,0.5561972048865208,0.4052805727426918,-0.5204796258983854
ROS1-07-0011,2019-07-23,0.17903876688151008,0.15582529738734296,-0.3050414165592173
ROS1-07-0045,2019-07-23,0.5580075978911405,0.4772233913714748,-0.5345201666196694
ROS1-08-0010,2019-07-23,0.7292568350239911,0.5457508633719883,-0.6045186943037123
ROS1-07-0012,2019-07-23,0.20799059632813005,0.1413540904299062,-0.32007958319704727
ROS1-07-0011,2019-07-23,0.1799597289299263,0.15644615878384466,-0.30652550005158335
ROS1-15-0009,2019-07-23,0.1562598817886192,0.0725639632148966,-0.26580520389151663
ROS1-15-0014,2019-07-23,0.2668972820972664,0.12195068296418797,-0.3663527548388694
ROS1-15-0003,2019-07-23,0.16738939955708879,0.05769298183716296,-0.30225996825588425
ROS1-16-0006,2019-07-23,0.1352742513021821,0.09778197607260135,-0.28847043951770673
ROS1-22-0026,2019-07-23,0.7596073807474035,0.4987682813946747,-0.6456401554909547
ROS1-15-0006,2019-07-23,0.22048306414778532,0.17012202871257043,-0.34643887792270694
ROS1-22-0016,2019-07-23,0.3433530872775243,0.17673099922991994,-0.39253431196377114
ROS1-16-0006,2019-07-23,0.14239044891379302,0.10358691225985193,-0.28924635425372397
ROS1-22-0026,2019-07-23,0.7292132981594873,0.49301951010166545,-0.6171627179653388
ROS1-36-0014,2019-07-24,0.12948026238146917,0.09153564341764578,-0.26489905662300034
ROS1-42-0006,2019-07-24,0.10408974909724471,0.08417017816532324,-0.2272550668001893
ROS1-36-0022,2019-07-24,0.1294820974743512,0.10014572980938927,-0.24974556628629352
ROS1-42-0008,2019-07-24,0.12419168579220957,0.07437194270985786,-0.2773631433879433
ROS1-36-0019,2019-07-24,0.1410571127373192,0.11012952939611938,-0.25579772389682315
ROS1-36-0014,2019-07-24,0.1284553168476636,0.09109596049819016,-0.2627241200220103
ROS1-37-0012,2019-07-24,0.25699557714204374,0.24801319927515217,-0.2975428873107268
ROS1-37-0012,2019-07-24,0.25726876712058666,0.24726799064755672,-0.2983304869880509
ROS1-43-0019,2019-07-24,0.19218042803233473,0.1322684608393107,-0.2917213035108433
ROS1-49-0007,2019-07-24,0.20445045880242696,0.12932881651012246,-0.3167376609451022
ROS1-49-0007,2019-07-24,0.20540007866829468,0.1289334090747456,-0.31924933104132325
ROS1-01-0003,2019-07-25,0.5311725259002498,0.4153988795295105,-0.46216951100564063
ROS1-07-0011,2019-07-25,0.17319546802516575,0.1309707158101927,-0.31676597114696864
ROS1-02-0005,2019-07-25,0.18370955532089636,0.17603527926843598,-0.24689531208492893
ROS1-07-0011,2019-07-25,0.17293774012640986,0.13046297732894618,-0.3171199429581503
ROS1-07-0011,2019-07-25,0.17250637498277613,0.13158952773460794,-0.3139130354502749
ROS1-07-0045,2019-07-25,0.5770795354388984,0.45167629766487455,-0.5393577073547503
ROS1-07-0012,2019-07-25,0.25850688128724886,0.22788089672859754,-0.30914550382311934
ROS1-07-0011,2019-07-25,0.17371529534564192,0.1300448840624429,-0.32593322002233105
ROS1-07-0018,2019-07-25,0.5580675988328105,0.48346956301156924,-0.5236977400602482
ROS1-13-0013,2019-07-25,0.22567271069878284,0.15291657447520404,-0.2690121108548507
ROS1-15-0009,2019-07-25,-0.050732060094502256,0.19849660179747777,0.08927117987530934
ROS1-15-0003,2019-07-25,0.03711673025252791,0.5345900326673224,-0.01254012787789394
ROS1-16-0006,2019-07-25,-0.020998204375928194,-0.18939811323837608,0.028945704734451586
ROS1-27-0006,2019-07-25,0.0014422821782687988,0.007831953774470265,-0.004054788186306977
ROS1-21-0034,2019-07-25,0.04728375453389382,0.5286201929927224,-0.04095667560442241
ROS1-16-0006,2019-07-25,-0.021505048670805535,2.5826774256432126,0.030529551947011648
ROS1-29-0008,2019-07-25,0.015724237666117486,0.4436649560456232,-0.0076787017949340244
ROS1-18-0029,2019-07-27,0.3615362490561258,0.18128518203539856,-0.4061097101100867
ROS1-26-0027,2019-07-27,0.634061772927171,0.14652036115338,-0.9888920464741056
ROS1-30-0001,2019-07-27,0.31546365016493455,0.14117124895612346,-0.38315489966805544
ROS1-36-0014,2019-07-27,0.08009885157726411,0.09482669603827483,-0.14132104454685096
ROS1-21-0034,2019-07-27,0.5747235725848996,0.383432353344598,-0.4971671374482821
ROS1-28-0017,2019-07-27,0.05834972239047464,0.08831751194881661,-0.05950307083308619
ROS1-28-0006,2019-07-27,0.7487533421092473,0.4455254594822444,-0.6041910226451431
ROS1-28-0030,2019-07-27,0.08797907155850154,0.07153092692834956,-0.08866249676419989
ROS1-28-0006,2019-07-27,0.7501948696982557,0.4495681709870222,-0.6027605634971054
ROS1-43-0019,2019-07-27,0.00430818431542566,0.10152315708398148,-0.004375386080238054
ROS1-01-0003,2019-07-28,0.651457736801856,0.47533531679276003,-0.5228866794240778
ROS1-07-0011,2019-07-28,0.18656119302760907,0.1305209652384679,-0.32140351004595236
ROS1-01-0015,2019-07-28,0.6868121966407045,0.5010675811410951,-0.5633692780339761
ROS1-02-0005,2019-07-28,0.42219679633867274,0.1667721232938624,-0.4108967082860386
ROS1-07-0011,2019-07-28,0.18804869205008326,0.13104921480487824,-0.3239708844258888
ROS1-01-0031,2019-07-28,0.3734686754924667,0.3649162210138429,-0.3434355328609795
ROS1-07-0011,2019-07-28,0.1871470668893171,0.13083534844713063,-0.32299840887303355
ROS1-07-0045,2019-07-28,0.6107209961771615,0.513324114780601,-0.5590703135318814
ROS1-08-0010,2019-07-28,0.573566487794791,0.6496387671414378,-0.463295516941827
ROS1-07-0012,2019-07-28,0.25810304489452823,0.14808395300262775,-0.34845362844000966
ROS1-07-0011,2019-07-28,0.18528381978782926,0.13042173344004762,-0.31722844125797367
ROS1-07-0018,2019-07-28,0.5589884545741824,0.4346946062905507,-0.5189888738184908
ROS1-15-0009,2019-07-28,0.15201063341736967,0.07684024783951965,-0.24387442751357358
ROS1-15-0003,2019-07-28,0.1426873823114147,0.06929184202564737,-0.19732707377065398
ROS1-16-0006,2019-07-28,0.1262541262290135,0.09323198714369929,-0.22162872326312813
ROS1-22-0026,2019-07-28,0.7248470264793986,0.5802199590203128,-0.5868355477750833
ROS1-15-0006,2019-07-28,0.2581943691386019,0.18613563192298732,-0.31682087844152534
ROS1-22-0016,2019-07-28,0.18988203966412356,0.10063458993616022,-0.22680985847586327
ROS1-16-0006,2019-07-28,0.12741404056527544,0.09436694572302587,-0.22087715544677652
ROS1-22-0026,2019-07-28,0.7188784572986295,0.5798115007882616,-0.5809977659395053
ROS1-36-0014,2019-07-29,0.16514151564661717,0.11085388770280458,-0.274865946352631
ROS1-42-0006,2019-07-29,0.13005099450688867,0.09994159840415413,-0.2411865113483146
ROS1-36-0022,2019-07-29,0.16492695863304316,0.12294766534270135,-0.2745529350605179
ROS1-42-0008,2019-07-29,0.1400462716353661,0.09151988439511592,-0.2756035026929189
ROS1-36-0019,2019-07-29,0.18422080562303653,0.13750157768652563,-0.28260038705242596
ROS1-36-0014,2019-07-29,0.1644784678205639,0.11070845398004872,-0.2735985679384755
ROS1-37-0012,2019-07-29,0.41667826608222835,0.3189092223752482,-0.4324082188625119
ROS1-42-0000,2019-07-29,0.1273206719369738,0.09300993911597445,-0.24372969460772695
ROS1-37-0012,2019-07-29,0.4174850790435282,0.3189072754094038,-0.43344934933561863
ROS1-43-0006,2019-07-29,0.2245608468674061,0.18182412156323585,-0.2974499646023515
ROS1-43-0019,2019-07-29,0.23690690605838632,0.15010498633991126,-0.32385146381259944
ROS1-49-0007,2019-07-29,0.22269239832572232,0.13413191758906773,-0.31926897316490205
ROS1-42-0000,2019-07-29,0.12641889932639214,0.09318758931276909,-0.2407232699879932
ROS1-49-0004,2019-07-29,0.16471904488326955,0.10459993215579458,-0.2973485035691564
ROS1-49-0007,2019-07-29,0.22312425594553736,0.13412772095200254,-0.319739407695643
ROS1-49-0003,2019-07-29,0.2284704975867433,0.14293441321799796,-0.31630595632850134
ROS1-01-0015,2019-07-30,0.09773838599993721,1.267470114313975,-0.13872531657745285
ROS1-02-0005,2019-07-30,0.2069392812887237,0.32207405774741027,-0.14723203769140167
ROS1-01-0031,2019-07-30,0.4184800098223346,0.306640944635128,-0.3471395790761362
ROS1-07-0045,2019-07-30,0.5120858814491366,0.5317105617134104,-0.4636000164730264
ROS1-08-0010,2019-07-30,0.5000197480382849,0.5047016462801716,-0.37944684650708693
ROS1-07-0012,2019-07-30,0.2476888228132667,0.17838838003939914,-0.2797065524153727
ROS1-18-0029,2019-07-30,0.444299267776928,0.3417110147801267,-0.39232004917475916
ROS1-24-0003,2019-07-30,0.19692260302937165,0.15034753951485613,-0.271609592999518
ROS1-18-0007,2019-07-30,0.10324016111931052,0.13881957042017803,-0.14127199313466754
ROS1-18-0030,2019-07-30,0.5670145424270271,0.44589274858534755,-0.471250148930729
ROS1-18-0024,2019-07-30,0.49709594194832335,0.37441654082571074,-0.4468077059819548
ROS1-24-0003,2019-07-30,0.19690928769688323,0.1508202820206009,-0.27115434330106464
ROS1-15-0009,2019-07-30,0.17845670695870314,0.11510837108367897,-0.2643677720962111
ROS1-15-0014,2019-07-30,0.26144316402635825,0.15327249364989037,-0.31232129359148125
ROS1-15-0003,2019-07-30,0.17436640733779135,0.09746906947968001,-0.23849808180801307
ROS1-16-0006,2019-07-30,0.17779954543881007,0.1467868515425142,-0.2506190724255437
ROS1-22-0026,2019-07-30,0.5628331374546228,0.5133752673456601,-0.4672311331221072
ROS1-15-0006,2019-07-30,0.17945464021835206,0.23911773404362446,-0.19069132022605856
ROS1-26-0031,2019-07-30,0.1314838671844089,0.11076715588566131,-0.19483725913806138
ROS1-20-0007,2019-07-30,0.14534357543885051,0.09691003806428185,-0.14608000477018968
ROS1-26-0006,2019-07-30,0.17060431098803552,0.17777608785755877,-0.1759791287915588
ROS1-21-0016,2019-07-30,0.35947525873439257,0.2581468017025962,-0.39259092211516783
ROS1-22-0016,2019-07-30,0.22670500228189996,0.11524733221748186,-0.33090022874515873
ROS1-22-0011,2019-07-30,0.2805915716486251,0.18573456089983706,-0.3182364036245866
ROS1-28-0017,2019-07-30,0.14188940276026127,0.07498921183012834,-0.258553566243177
ROS1-16-0006,2019-07-30,0.17758061594457006,0.14790189107835763,-0.24831437113727448
ROS1-22-0026,2019-07-30,0.5612036406854634,0.5181066928576303,-0.46394533961501067
ROS1-28-0006,2019-07-30,0.5748165328021386,0.4827039558534972,-0.48762129664231224
ROS1-29-0006,2019-07-30,0.2946261696389916,0.29866825432687727,-0.2898131433398319
ROS1-22-0032,2019-07-30,0.36736771879434893,0.8874476146076129,-0.2932707698211884
ROS1-29-0008,2019-07-30,0.14231360869759088,0.12322889797298606,-0.24162366508634925
ROS1-28-0030,2019-07-30,0.14318205208792328,0.05348744021493826,-0.2656742269714005
ROS1-34-0003,2019-07-30,0.1514174554350587,0.09975542138950567,-0.25371494460469535
ROS1-28-0006,2019-07-30,0.5709586839026913,0.48916682714834553,-0.4804015134557495
ROS1-34-0003,2019-07-30,0.14375520952711746,0.09852067113503259,-0.23400390611727764
ROS1-18-0029,2019-08-01,0.5614371677613182,0.3223973290559308,-0.5658819103189465
ROS1-24-0003,2019-08-01,0.325980037764009,0.14840828358390473,-0.42413889299513025
ROS1-18-0007,2019-08-01,0.16131835309391931,0.05690591649401145,-0.3302700517720073
ROS1-25-0008,2019-08-01,0.20338838879591312,0.061440583917164455,-0.4040408822558006
ROS1-18-0030,2019-08-01,0.6552774711982892,0.43791323990001135,-0.543212342222852
ROS1-18-0024,2019-08-01,0.6621264214888185,0.40066963098332997,-0.5649334217329063
ROS1-19-0041,2019-08-01,0.3672709739494011,0.2529152302632841,-0.4039280222219389
ROS1-25-0017,2019-08-01,0.9099453480691394,0.7493371425098058,-0.8070116539478822
ROS1-26-0027,2019-08-01,0.16222418466902258,0.10213927199345786,-0.2996087494305588
ROS1-19-0026,2019-08-01,0.15058301786415146,0.0998426076532737,-0.289287055000659
ROS1-20-0010,2019-08-01,0.17494822617212902,0.10217101919170653,-0.3096762420907348
ROS1-19-0022,2019-08-01,0.8222811677881519,0.8550408667849354,-0.7062692777673835
ROS1-19-0037,2019-08-01,0.27153148438051994,0.18075854522156973,-0.3436266674752766
ROS1-24-0003,2019-08-01,0.3015360495977661,0.14752606201520213,-0.3739631215875072
ROS1-30-0009,2019-08-01,0.2205512587238749,0.16573669184325313,-0.325947886535261
ROS1-24-0026,2019-08-01,0.1898646741869683,0.13847458331773077,-0.30215711838614223
ROS1-25-0008,2019-08-01,0.1896602145409234,0.06550035292837249,-0.3270065298889931
ROS1-30-0001,2019-08-01,0.45334611968079325,0.27807356710655523,-0.44041508589413275
ROS1-37-0025,2019-08-01,0.30875426545362816,0.19902235650548217,-0.3763801862390912
ROS1-25-0016,2019-08-01,0.7432457003817236,0.5947358608446742,-0.6498642726958606
ROS1-30-0006,2019-08-01,0.17051855917546221,0.0802614544118741,-0.31042671108606773
ROS1-24-0006,2019-08-01,0.14837711443933468,0.09207830773096543,-0.2704432183237509
ROS1-25-0023,2019-08-01,0.7412816265085658,0.46359386833297944,-0.6475991306123436
ROS1-30-0013,2019-08-01,0.7369507498693535,0.47318602044228986,-0.6699420294338975
ROS1-31-0028,2019-08-01,0.469638172249451,0.30490625203259275,-0.46971461600878966
ROS1-36-0014,2019-08-01,0.22230940812328798,0.1296339311183067,-0.33110267528991083
ROS1-31-0009,2019-08-01,0.08994737548328006,0.16347123182339204,-0.12400051610242731
ROS1-37-0049,2019-08-01,0.19495512351679642,0.13368905899657793,-0.32620886292523293
ROS1-31-0024,2019-08-01,0.2679030957185924,0.16676685302504116,-0.34835191542351274
ROS1-32-0022,2019-08-01,0.17792534745595226,0.13863578172403926,-0.29687051984648755
ROS1-37-0025,2019-08-01,0.30830669418244333,0.20004119099549658,-0.37191493149305
ROS1-25-0016,2019-08-01,0.726507640689982,0.5825365693755882,-0.6364896463332566
ROS1-31-0038,2019-08-01,0.44958802217937927,0.3320443255111078,-0.4648039753493177
ROS1-31-0028,2019-08-01,0.4603363649211814,0.30014817814335903,-0.4611108124120677
ROS1-38-0001,2019-08-01,0.34668521725276474,0.2191820098383913,-0.40611256282016933
ROS1-27-0006,2019-08-01,0.11779121328957763,0.14429205310511367,-0.17971605609649302
ROS1-26-0031,2019-08-01,0.15507822180330874,0.11215903430075087,-0.27566190466707274
ROS1-27-0009,2019-08-01,0.7319830301289457,0.5248096877414288,-0.6499449731873772
ROS1-21-0034,2019-08-01,0.7039955696276237,0.47746727404959866,-0.631656223877755
ROS1-26-0006,2019-08-01,0.293411884685687,0.15288176848081253,-0.3886631572234331
ROS1-27-0004,2019-08-01,0.3745528885070836,0.26250307495825825,-0.40749727819168147
ROS1-26-0036,2019-08-01,0.17872568061455235,0.08077539098194456,-0.29355127533267883
ROS1-28-0017,2019-08-01,0.1679174928214364,0.09045690725370366,-0.299832164714413
ROS1-28-0006,2019-08-01,0.7523895080073248,0.488289075935783,-0.6189613438910377
ROS1-32-0018,2019-08-01,0.5307775174185756,0.3844779813390857,-0.5136346174285452
ROS1-33-0014,2019-08-01,0.2551290354005528,0.17942826070009668,-0.3387908041128189
ROS1-32-0022,2019-08-01,0.17217989797096284,0.13584814985422852,-0.28880333588365614
ROS1-33-0018,2019-08-01,0.46785159648687125,0.34686900929700437,-0.48167777954787705
ROS1-27-0021,2019-08-01,0.5261296406860917,0.34455798019087586,-0.5088705142270297
ROS1-32-0015,2019-08-01,0.17994524539978357,0.1288105089211267,-0.309825812651601
ROS1-33-0014,2019-08-01,0.25568442810318,0.17923733635802125,-0.34109507493800817
ROS1-33-0018,2019-08-01,0.47001355579187865,0.3471890228697215,-0.4848088314272546
ROS1-33-0010,2019-08-01,0.2330498437298377,0.1558928349790627,-0.33379374570906656
ROS1-28-0030,2019-08-01,0.16929161348490956,0.07043210709428477,-0.29118294565901554
ROS1-33-0009,2019-08-01,0.14338745445061843,0.07118387218401338,-0.2793697918574268
ROS1-34-0003,2019-08-01,0.17670135714893878,0.12888692546075503,-0.2879149344410705
ROS1-28-0006,2019-08-01,0.7500740671181623,0.4915710342142422,-0.6148271754277711
ROS1-42-0006,2019-08-01,0.1557533736924406,0.11165934447893205,-0.2690836200875259
ROS1-36-0022,2019-08-01,0.16875229792438626,0.07789519348701691,-0.3307794007644395
ROS1-37-0025,2019-08-01,0.3068353997481649,0.20130355635634897,-0.3677297329217032
ROS1-42-0008,2019-08-01,0.16755926812393196,0.08464674135697185,-0.34979376071426355
ROS1-30-0006,2019-08-01,0.16563459843534967,0.08010964182925134,-0.2944389061774235
ROS1-36-0019,2019-08-01,0.17301052644469883,0.08808826467038892,-0.31928475260243433
ROS1-30-0013,2019-08-01,0.7195589456052689,0.4743724655614616,-0.6492120938610881
ROS1-31-0028,2019-08-01,0.46026866793691124,0.3041267647552502,-0.45733482539803405
ROS1-36-0014,2019-08-01,0.2205675156791044,0.13110616238266495,-0.32165299337423603
ROS1-37-0012,2019-08-01,0.4827081381445138,0.32069834233061745,-0.4829475474440411
ROS1-42-0000,2019-08-01,0.16356979741056143,0.11360514811182686,-0.2826247798007528
ROS1-31-0009,2019-08-01,0.09053447925128574,0.16314919826283847,-0.12470964903042353
ROS1-37-0049,2019-08-01,0.1853703543067039,0.12742543084482796,-0.3184348313662758
ROS1-38-0002,2019-08-01,0.17295624522128183,0.07665450316773294,-0.31341938343552506
ROS1-31-0038,2019-08-01,0.44229149474355983,0.32935034897355764,-0.45702328885852256
ROS1-37-0012,2019-08-01,0.48043215675059536,0.3180168981078765,-0.48160977031582497
ROS1-38-0001,2019-08-01,0.34536020432575176,0.21991512096868687,-0.40247651810855123
ROS1-43-0006,2019-08-01,0.2586101608094031,0.19312987781976185,-0.3328135618037398
ROS1-43-0019,2019-08-01,0.28172560545025543,0.1638233649674666,-0.3716748581694669
ROS1-49-0007,2019-08-01,0.23975501467059335,0.1588414407374245,-0.3200345319099964
ROS1-42-0000,2019-08-01,0.16282948569215938,0.11376777840268987,-0.28129200750791966
ROS1-49-0004,2019-08-01,0.18048034858964973,0.10594139985977345,-0.3248466946971378
ROS1-49-0007,2019-08-01,0.23848669187181182,0.158237453912693,-0.3175149512730978
ROS1-49-0003,2019-08-01,0.2502615721266764,0.14393798118915435,-0.34681383412099187
ROS1-33-0010,2019-08-01,0.23390174211064038,0.15663701068826763,-0.3338913910986922
ROS1-33-0009,2019-08-01,0.14263311222521163,0.07093683805397206,-0.2776317756517319
ROS1-34-0003,2019-08-01,0.17685338277557314,0.12918842810644077,-0.28724290243208966
ROS1-07-0011,2019-08-02,0.038971276295393854,0.060559134809777385,-0.10233616091603165
ROS1-07-0011,2019-08-02,0.043234293526189044,0.0667940588183483,-0.10346697736695955
ROS1-07-0011,2019-08-02,0.016121514453637447,0.040490109052337166,-0.07199034291978917
ROS1-07-0011,2019-08-02,0.04338466151273398,0.06333442161956741,-0.10991071783263862
ROS1-36-0014,2019-08-03,0.2289644439794225,0.15774061894032756,-0.3101760953476374
ROS1-42-0006,2019-08-03,0.10552230013509543,0.14359446203562518,-0.15901108833337016
ROS1-42-0008,2019-08-03,0.12963838540355452,0.07034690742967863,-0.2846928207624013
ROS1-36-0019,2019-08-03,0.14583205665613408,0.11316790396849878,-0.25771829465704105
ROS1-36-0014,2019-08-03,0.22834058437635324,0.15815967740760287,-0.3087307809720439
ROS1-37-0012,2019-08-03,0.4632945860596914,0.383898111201709,-0.4650570686668382
ROS1-37-0012,2019-08-03,0.4622162368145912,0.37895308061190297,-0.4668545253636984
ROS1-43-0006,2019-08-03,0.05069454389230987,0.29142998271178044,-0.06325628577639296
ROS1-43-0019,2019-08-03,0.27292323973235155,0.16567961744613866,-0.36299031312514085
ROS1-49-0007,2019-08-03,0.21835751213212154,0.11227595581979834,-0.3254432254714285
ROS1-49-0004,2019-08-03,0.16346380135890795,0.08796898405481812,-0.3037206201365208
ROS1-49-0007,2019-08-03,0.21847999836860124,0.11209838275603132,-0.3259993895319876
ROS1-49-0003,2019-08-03,0.23415500474675782,0.1371558408063991,-0.33602802362662715
ROS1-28-0029,2019-08-04,0.022982376364739716,0.14667086642559457,-0.023183424561923256
ROS1-18-0029,2019-08-06,0.4450339045009016,0.3009369228289421,-0.4556855945520121
ROS1-24-0003,2019-08-06,0.2708139694456973,0.40994357553322414,-0.15389657670597612
ROS1-18-0007,2019-08-06,0.15952522401931107,0.11944829206481615,-0.2492933866556674
ROS1-25-0008,2019-08-06,0.12119255922536515,0.07074926422345819,-0.19274173095893554
ROS1-18-0030,2019-08-06,0.4934102095035578,0.36229294183490435,-0.4327694672037496
ROS1-18-0024,2019-08-06,0.2565869931265915,0.29523111355050763,-0.2719386313566688
ROS1-19-0041,2019-08-06,0.07700005893409952,0.138395603078277,-0.14935134345388154
ROS1-25-0017,2019-08-06,0.842375574091826,0.8683546399677283,-0.7269065884030027
ROS1-26-0027,2019-08-06,0.05274314817799591,0.06608970142073398,-0.09824309179334964
ROS1-19-0026,2019-08-06,0.16716471924711993,0.11122506747181131,-0.28938058297957314
ROS1-20-0010,2019-08-06,0.010173756354004105,0.20449172949620295,-0.002812872012909715
ROS1-19-0022,2019-08-06,0.7781789882634259,0.6892921301019302,-0.6379842844999498
ROS1-19-0037,2019-08-06,0.3082000185725648,0.23171034827741824,-0.34882775861196313
ROS1-24-0003,2019-08-06,0.27597670537238855,0.5608225846649839,-0.15526047460527184
ROS1-30-0009,2019-08-06,0.2386705550691104,0.238315527925956,-0.29761371230647743
ROS1-25-0008,2019-08-06,0.1242769979011175,0.0730357519358225,-0.1941710526296011
ROS1-25-0016,2019-08-06,0.6933128130839398,0.6456379056432278,-0.5962556394534024
ROS1-30-0006,2019-08-06,-0.028962044162262394,-0.02318420103706354,-0.06615930819663214
ROS1-24-0006,2019-08-06,0.11378536207997672,0.08831252610226632,-0.21701343412856036
ROS1-25-0023,2019-08-06,0.3867614837360991,0.33029929377119216,-0.36968211743506196
ROS1-30-0013,2019-08-06,0.21906557469357119,0.4211849099302063,-0.2912004226139636
ROS1-36-0014,2019-08-06,0.27533749241450495,0.4101855829096874,-0.2599632712867722
ROS1-31-0009,2019-08-06,0.05935265465934475,0.02808224420643083,-0.11557904088734404
ROS1-37-0049,2019-08-06,0.20123295200443977,0.17083196573848214,-0.2946855553252123
ROS1-25-0016,2019-08-06,0.6973215901859305,0.6473248022851333,-0.6002486382572337
ROS1-31-0038,2019-08-06,0.509656565063857,0.444150696421364,-0.4977892826801892
ROS1-27-0006,2019-08-06,0.22669113200567031,0.2561952093754411,-0.2696102489730838
ROS1-26-0031,2019-08-06,0.1666742722390956,0.13963154812520476,-0.2617867678438657
ROS1-27-0009,2019-08-06,0.655290806307573,0.5659946461502042,-0.5758869404311918
ROS1-21-0034,2019-08-06,-0.008625803499676165,-0.12188174873492087,0.05152740181586221
ROS1-26-0006,2019-08-06,0.22451383294303637,0.26466978265690233,-0.24940357364645516
ROS1-27-0004,2019-08-06,0.43296650454986374,0.3294699348374592,-0.41034627784560007
ROS1-26-0036,2019-08-06,0.05273374085292371,0.08888640915258181,-0.07235531600554808
ROS1-28-0017,2019-08-06,0.15476179612643667,0.0974809961581697,-0.25232709748811627
ROS1-28-0006,2019-08-06,0.4065685206355918,0.3652400682580606,-0.3606640827470326
ROS1-32-0018,2019-08-06,0.5399363599773128,0.4503650217132755,-0.47206694427456003
ROS1-33-0014,2019-08-06,0.24324000832956513,0.20381935336737605,-0.30177365025576275
ROS1-32-0022,2019-08-06,0.006493506493506499,0.008970218873340518,-0.1099971354912632
ROS1-33-0018,2019-08-06,0.4967517163335296,0.4189145427450424,-0.47783211370302486
ROS1-27-0021,2019-08-06,0.31657818595465403,0.1734373949868539,-0.27917146379194835
ROS1-32-0015,2019-08-06,0.1315585133300394,0.928000514262247,-0.12514615325098327
ROS1-33-0014,2019-08-06,0.24569933712404401,0.2039546611091282,-0.3090516513605651
ROS1-33-0018,2019-08-06,0.5070523689523885,0.42530543140418725,-0.4896672749263376
ROS1-33-0010,2019-08-06,0.14434029005442783,0.9340842015198861,-0.1402171556561414
ROS1-33-0009,2019-08-06,0.10300382872347011,0.059282891155282444,-0.1877439724759209
ROS1-28-0006,2019-08-06,0.4152762883113628,0.36704597541503,-0.3686810386912257
ROS1-42-0006,2019-08-06,0.14960027718258231,0.11627025339181034,-0.2665371117490254
ROS1-36-0022,2019-08-06,-0.002645376276009167,0.0012745651058329172,-0.059536196715996983
ROS1-42-0008,2019-08-06,0.14218818450782106,0.09767535494976311,-0.30222461669970985
ROS1-30-0006,2019-08-06,-0.018081759160836878,-0.012670984027381146,-0.05810868599932982
ROS1-36-0019,2019-08-06,0.03732730264751475,0.09832116464776935,-0.060132894134164165
ROS1-30-0013,2019-08-06,0.2092638608043581,0.48054150685042013,-0.275735163749439
ROS1-36-0014,2019-08-06,0.2752737965668245,0.5235443787068373,-0.2563416014863691
ROS1-42-0000,2019-08-06,0.19206317685025803,0.14335266827225668,-0.2946611971763336
ROS1-31-0009,2019-08-06,0.0360760959823849,0.01651382891040125,-0.09588321922179006
ROS1-37-0049,2019-08-06,0.19994450035004424,0.17165906862339736,-0.29130646604307564
ROS1-38-0002,2019-08-06,0.13072616815055513,0.11340818201139384,-0.2576037731720376
ROS1-31-0038,2019-08-06,0.5086518971469993,0.44623836464901895,-0.49598297090280424
ROS1-43-0006,2019-08-06,0.3041058909099819,0.2440545183828229,-0.3478392539293003
ROS1-43-0019,2019-08-06,0.303345557204492,0.1952141079767921,-0.37335902477433425
ROS1-49-0007,2019-08-06,0.12697293662024914,-0.49115333511641274,-0.16742747467207553
ROS1-42-0000,2019-08-06,0.191600356726539,0.1437853510248178,-0.2926334018781424
ROS1-49-0004,2019-08-06,-0.06559358629828071,-0.08088887820019802,-0.030274578401284745
ROS1-49-0007,2019-08-06,0.12778693030410945,0.48369378058334667,-0.17099244923264728
ROS1-49-0003,2019-08-06,0.1820769778401297,0.2879816819488911,-0.1224762948650538
ROS1-33-0010,2019-08-06,0.14822480814286418,-0.3442246110954979,-0.14357397915392756
ROS1-33-0009,2019-08-06,0.10298114672743904,0.060114831891767743,-0.18353183563798484
ROS1-01-0003,2019-08-07,-0.04374977290334888,5.997535463262858,0.07731777536722814
ROS1-07-0011,2019-08-07,0.11635893836141262,0.04446964854003803,-0.08731960686275876
ROS1-01-0015,2019-08-07,0.3237445427312434,0.257760320253082,-0.2188596746361321
ROS1-02-0005,2019-08-07,0.23797342522722134,0.3180855456993557,-0.24568244084483856
ROS1-07-0011,2019-08-07,0.09270310493131542,0.004925795608374732,-0.058626650674533334
ROS1-01-0031,2019-08-07,0.43956628076738624,0.3826405416630924,-0.39135361406003477
ROS1-07-0011,2019-08-07,0.09978744122958817,-0.028182511785009363,-0.05889613051110288
ROS1-08-0010,2019-08-07,0.7035800716171807,0.523758964947649,-0.5801803322609858
ROS1-07-0012,2019-08-07,0.12915325021714907,0.39639192581074034,-0.11393851502952852
ROS1-07-0011,2019-08-07,0.08847742405961317,0.04826082381953019,-0.05395218259378214
ROS1-07-0018,2019-08-07,0.5345804636438957,0.46476106519243565,-0.5058792871483179
ROS1-15-0009,2019-08-07,0.20793104163626333,0.10660526833599528,-0.30682441994891085
ROS1-15-0014,2019-08-07,0.2073019657026227,0.10512630874758713,-0.296267648217804
ROS1-15-0003,2019-08-07,0.1932502126534127,0.06638322333864084,-0.2826851635063656
ROS1-16-0006,2019-08-07,0.17402323408811235,0.09130891036613915,-0.24999729046301142
ROS1-22-0026,2019-08-07,0.7748173475760989,0.5890176677444303,-0.6203463794539902
ROS1-15-0006,2019-08-07,0.3740031776699368,0.26712794388231226,-0.4100172428491331
ROS1-22-0016,2019-08-07,0.21910718611784402,0.09951590609018271,-0.3192440506231551
ROS1-16-0006,2019-08-07,0.16925609142152043,0.0840902551483545,-0.2305690311283558
ROS1-22-0026,2019-08-07,0.7659376606235712,0.5880598936225437,-0.6122227374559218
ROS1-36-0014,2019-08-08,0.2947698262339591,0.20805980194122783,-0.3667957000069224
ROS1-42-0006,2019-08-08,0.16197459081828375,0.1191745017778178,-0.28048555518290036
ROS1-36-0022,2019-08-08,0.16060138309185246,0.08826366546435908,-0.29951614311395874
ROS1-42-0008,2019-08-08,0.14709095412085468,0.0926572889649566,-0.3040217464137135
ROS1-36-0019,2019-08-08,0.16456833996437265,0.09103725999899784,-0.29400361225708954
ROS1-36-0014,2019-08-08,0.294300804141008,0.20835679992248612,-0.36544912391728007
ROS1-37-0012,2019-08-08,0.47189751952049763,0.3612471938952386,-0.48916021380823443
ROS1-42-0000,2019-08-08,0.20601519628285808,0.15087859483880367,-0.3069696176654112
ROS1-37-0012,2019-08-08,0.4875629329230062,0.3602035333940207,-0.5115499645973116
ROS1-43-0006,2019-08-08,0.314965412734407,0.2422126171219487,-0.3662198400705274
ROS1-43-0019,2019-08-08,0.2884813370549361,0.18940668261320678,-0.3598320774509109
ROS1-49-0007,2019-08-08,0.25016824069771504,0.15002849445995092,-0.33725328199599663
ROS1-42-0000,2019-08-08,0.20539563471728056,0.15174629543790613,-0.3047263174400257
ROS1-49-0004,2019-08-08,0.1835718672364705,0.11728945826091611,-0.32300423237366593
ROS1-49-0007,2019-08-08,0.26022944057133485,0.14882625193725885,-0.35922455214408694
ROS1-49-0003,2019-08-08,0.25465587918079935,0.15567019495131817,-0.3494769013671196
ROS1-01-0003,2019-08-09,0.5092393743380327,0.29078673085999357,-0.4570291001160664
ROS1-07-0011,2019-08-09,0.1350803619004336,0.07810339035443281,-0.27587207076909004
ROS1-01-0015,2019-08-09,0.6281432492682952,0.38788792927728044,-0.533178689258257
ROS1-02-0005,2019-08-09,0.21271517760171238,0.11226512119344127,-0.32356261066042813
ROS1-07-0011,2019-08-09,0.13613684708797114,0.07768285029946959,-0.2816618745558341
ROS1-01-0031,2019-08-09,0.47528904395618754,0.3191524713334326,-0.46282930976777414
ROS1-12-0000,2019-08-09,0.29939582733057285,0.15912565387608826,-0.38206070079091015
ROS1-07-0011,2019-08-09,0.13382354731817833,0.07821613868596144,-0.27107549554863514
ROS1-12-0004,2019-08-09,0.7206565055560483,0.5166741642403868,-0.5815189605471467
ROS1-07-0045,2019-08-09,0.6247284569724442,0.46273536003276294,-0.5618382769232252
ROS1-08-0010,2019-08-09,0.6527219274426412,0.4790072071330626,-0.5442589546713278
ROS1-07-0012,2019-08-09,0.44700445677379275,0.28587151157244267,-0.4690148984850891
ROS1-07-0011,2019-08-09,0.1338822314738726,0.0787899869595451,-0.2676377605929071
ROS1-07-0018,2019-08-09,0.48346827972527173,0.3490658786860311,-0.4942903982193681
ROS1-13-0013,2019-08-09,0.24135578675075273,0.12249962461544951,-0.34918249333733853
ROS1-18-0029,2019-08-09,0.4434766104945752,0.23012629597515605,-0.49992538445528856
ROS1-24-0003,2019-08-09,0.45901428098012775,0.335702357358179,-0.48930328330454337
ROS1-18-0007,2019-08-09,0.1501800750061246,0.07447386144852212,-0.2822347929323384
ROS1-25-0008,2019-08-09,0.1722406027482729,0.06627951248643038,-0.33792245684948785
ROS1-18-0030,2019-08-09,0.4848780462563456,0.26661122827855216,-0.4558631459953096
ROS1-18-0024,2019-08-09,0.4488530302154393,0.24018444174012255,-0.4694959276674894
ROS1-19-0041,2019-08-09,0.4935590010731464,0.32278680246898306,-0.49512151899424045
ROS1-25-0017,2019-08-09,0.9101102243934206,0.7193483373428885,-0.8177881757791322
ROS1-26-0027,2019-08-09,0.16382855388365644,0.07020243603693291,-0.31020943999800676
ROS1-19-0026,2019-08-09,0.1500246867354169,0.04095930222524423,-0.24898999571555977
ROS1-20-0010,2019-08-09,0.1712339639252117,0.07779822537494348,-0.30822626375116596
ROS1-19-0022,2019-08-09,0.8669153448993845,0.8630941462048226,-0.7539829890840137
ROS1-19-0037,2019-08-09,0.20649774990799327,0.08149421726550851,-0.32703515079926093
ROS1-24-0003,2019-08-09,0.4451695928346486,0.3293272215013084,-0.47348050792417085
ROS1-25-0008,2019-08-09,0.16749549744183861,0.06815673303601538,-0.3093836180957044
ROS1-25-0016,2019-08-09,0.7537791629536484,0.5859058227439532,-0.6547438639192021
ROS1-32-0022,2019-08-09,0.24544254898612367,0.15941772020218037,-0.34408412189056076
ROS1-25-0016,2019-08-09,0.7470492123320293,0.5809194448466434,-0.6498891909474769
ROS1-15-0009,2019-08-09,0.1941879421244063,0.10431986542943145,-0.2799445271624752
ROS1-15-0016,2019-08-09,0.25293044482496907,0.14932111175964452,-0.31755452721715915
ROS1-15-0014,2019-08-09,0.18704226442045768,0.07801809891080527,-0.30151805084062694
ROS1-15-0003,2019-08-09,0.13767274631294435,0.04841628577520234,-0.2688392947679496
ROS1-16-0006,2019-08-09,0.1812650339973038,0.27467585183090615,-0.18729276221124794
ROS1-22-0026,2019-08-09,0.5234729413752952,0.7640500331406426,-0.38094577937580865
ROS1-15-0006,2019-08-09,0.2959091047873677,0.3303499260151606,-0.31397263263030956
ROS1-20-0023,2019-08-09,0.3094954744406997,0.16665356568089834,-0.4433289554275919
ROS1-27-0006,2019-08-09,0.3140918072864368,0.1994395748281053,-0.38229599410205833
ROS1-21-0013,2019-08-09,0.13955454462077452,0.07247101639390748,-0.25560990020974045
ROS1-26-0031,2019-08-09,0.20202951475334854,0.1332288943164772,-0.31423496091081765
ROS1-27-0009,2019-08-09,0.6791261453197439,0.4352239724028969,-0.6274899411809919
ROS1-20-0007,2019-08-09,0.30551965225968714,0.180028834233289,-0.3883044772167859
ROS1-21-0034,2019-08-09,0.6931223189047786,0.40207488798526025,-0.6251717215862017
ROS1-26-0006,2019-08-09,0.304060301914636,0.1438323527184536,-0.40018403100236233
ROS1-27-0004,2019-08-09,0.48776731853781957,0.30176523025486085,-0.4785696064894377
ROS1-21-0043,2019-08-09,0.1439015628985654,0.06269674836972093,-0.2576391679934108
ROS1-26-0036,2019-08-09,0.1546775634078206,0.05784603111289135,-0.2824297238498732
ROS1-21-0016,2019-08-09,0.18869374513777146,0.09562512239016582,-0.28838674301076
ROS1-22-0016,2019-08-09,0.2142819815766447,0.14524826257196496,-0.2737487745423942
ROS1-22-0011,2019-08-09,0.25176617870948914,0.5446485438430361,-0.24512017625875993
ROS1-28-0017,2019-08-09,0.19884880046455056,0.10852280417048805,-0.310914341909812
ROS1-28-0029,2019-08-09,0.6383234686776843,0.3618677206923479,-0.5025136835533964
ROS1-16-0006,2019-08-09,0.19392402361890781,0.2763921461880442,-0.1986169946530061
ROS1-22-0026,2019-08-09,0.48804770457897895,1.1518617847611308,-0.3550291081323366
ROS1-28-0006,2019-08-09,0.37260355323456473,0.2572507601499013,-0.3674574625481973
ROS1-22-0032,2019-08-09,0.14263273057832668,0.11668810419527605,-0.17382123933332824
ROS1-29-0008,2019-08-09,0.034950575054115626,0.07789801380937346,-0.0952156598410459
ROS1-32-0018,2019-08-09,0.6040887858764434,0.41410282882457156,-0.5669610437032424
ROS1-33-0014,2019-08-09,0.2667482703923823,0.17602411087968248,-0.3526420511863549
ROS1-32-0022,2019-08-09,0.2743345376786817,0.18785975838081798,-0.35719691174179097
ROS1-33-0018,2019-08-09,0.5207183221487307,0.36572502607397117,-0.5154294805225407
ROS1-27-0021,2019-08-09,0.45817055135014595,0.2560770305074751,-0.47132705971123856
ROS1-32-0015,2019-08-09,0.1733181436001754,0.08426756925717077,-0.31522543684288906
ROS1-33-0014,2019-08-09,0.269291531377958,0.17555450596235533,-0.35816733928615174
ROS1-33-0018,2019-08-09,0.5246967793570496,0.3641246753816412,-0.5212839699919054
ROS1-33-0010,2019-08-09,0.16302415359959158,0.05250279147594952,-0.30643732727347867
ROS1-28-0030,2019-08-09,0.17448716787701948,0.07120204759918213,-0.2803891287179739
ROS1-33-0009,2019-08-09,0.13652361017768633,0.07245688956482972,-0.2701739021230116
ROS1-34-0003,2019-08-09,0.25243492772864035,0.1716903014581129,-0.33215567043236194
ROS1-28-0006,2019-08-09,0.35686858228384644,0.2587323483172876,-0.34511662049737546
ROS1-33-0010,2019-08-09,0.16428358397475593,0.05352162529375432,-0.3035878086096886
ROS1-33-0009,2019-08-09,0.13583907834357334,0.07242944325861177,-0.2682743915591639
ROS1-34-0003,2019-08-09,0.25215508428166045,0.17225860507822063,-0.3305854462777026
ROS1-18-0029,2019-08-11,0.4066980030239718,0.23751732426491254,-0.46790597184526816
ROS1-24-0003,2019-08-11,0.5275611569959463,0.43071478887319475,-0.5255152482041056
ROS1-18-0007,2019-08-11,0.1544130883916271,0.08424555723183504,-0.23779448424302313
ROS1-25-0008,2019-08-11,0.17316265219084284,0.07941667315316968,-0.3162648387464346
ROS1-18-0030,2019-08-11,0.4319011797986743,0.25641719683363506,-0.43130367134065856
ROS1-18-0024,2019-08-11,0.4292234458308801,0.24802825406696447,-0.461480851625112
ROS1-19-0041,2019-08-11,0.5183098856964724,0.37670387748865736,-0.5057252704736557
ROS1-25-0017,2019-08-11,0.8963269470438411,0.7735163698743459,-0.7932288264999925
ROS1-26-0027,2019-08-11,0.17700481121887462,0.08932998434543449,-0.3151406794219094
ROS1-20-0010,2019-08-11,0.1865177497312664,0.09504610988850262,-0.3116328903840891
ROS1-19-0022,2019-08-11,0.8613833618145588,0.9469431555654213,-0.7456058128762785
ROS1-19-0037,2019-08-11,0.19270159143134707,0.09196345051380282,-0.2990043216555127
ROS1-24-0003,2019-08-11,0.5170402666846706,0.42647569931674906,-0.5141062057738738
ROS1-30-0009,2019-08-11,0.2986885122987239,0.2263901668476982,-0.380067720942687
ROS1-24-0026,2019-08-11,0.24863929782901723,0.18170737470556664,-0.34416593018923
ROS1-25-0008,2019-08-11,0.1690597115377117,0.07982823713752832,-0.29974583899308027
ROS1-30-0001,2019-08-11,0.21057878641023114,0.09820432857845518,-0.32510507786782433
ROS1-37-0025,2019-08-11,0.4071882150181728,0.284436177656923,-0.44141574150947155
ROS1-25-0016,2019-08-11,0.7250199260594032,0.5867649841336467,-0.6340873039499135
ROS1-30-0006,2019-08-11,0.15912147891678705,0.08943570187892469,-0.29689575610999686
ROS1-24-0006,2019-08-11,0.1311059055606491,0.07699060399317714,-0.250910585594931
ROS1-25-0023,2019-08-11,0.6345205326347013,0.41223578152421475,-0.5909269711956373
ROS1-30-0013,2019-08-11,0.5100688190347538,0.3471745753535511,-0.5320745500650336
ROS1-31-0028,2019-08-11,0.4857625844454978,0.340255786110374,-0.49661756201017954
ROS1-36-0014,2019-08-11,0.29348106772480886,0.19289809700792573,-0.382657680880676
ROS1-31-0009,2019-08-11,0.17144156882284486,0.08399588576359232,-0.3140301504895169
ROS1-37-0049,2019-08-11,0.20873316130334513,0.14416026798277107,-0.33546600343701083
ROS1-31-0024,2019-08-11,0.3023931741735228,0.19948137705993194,-0.3908430481900828
ROS1-32-0022,2019-08-11,0.17239200545433048,0.10597521740423718,-0.30732830195650424
ROS1-37-0025,2019-08-11,0.4067085106743642,0.28439068333539375,-0.4399731816689109
ROS1-25-0016,2019-08-11,0.7195477464024249,0.5816831349892293,-0.6302743168626208
ROS1-31-0038,2019-08-11,0.5466252719139905,0.40781209794398143,-0.5517809097919514
ROS1-31-0028,2019-08-11,0.4824204999077696,0.3374672371884666,-0.4936153592408823
ROS1-38-0001,2019-08-11,0.496645061696518,0.3661505455696905,-0.5154030894058863
ROS1-27-0006,2019-08-11,0.34128416739584366,0.24212778493936962,-0.40191299052169965
ROS1-26-0031,2019-08-11,0.21970113568414132,0.15189872083447073,-0.32763888644121447
ROS1-27-0009,2019-08-11,0.6622367440331862,0.4599555539162241,-0.6079942835918307
ROS1-21-0034,2019-08-11,0.6897806500908573,0.4625189503729539,-0.6217770342168721
ROS1-26-0006,2019-08-11,0.32380073925468367,0.17387674572798548,-0.39948283763756465
ROS1-27-0004,2019-08-11,0.5050952320918254,0.3468217555896536,-0.49247012421176595
ROS1-26-0036,2019-08-11,0.1702727829322877,0.07322654402921405,-0.2824637299552697
ROS1-28-0017,2019-08-11,0.23374489988086825,0.13568999757932207,-0.34007214073793024
ROS1-28-0006,2019-08-11,0.7468335809998752,0.4801124427497913,-0.6336189203501867
ROS1-32-0018,2019-08-11,0.6131508297809248,0.4569714065717344,-0.5698158409344869
ROS1-33-0014,2019-08-11,0.28516288311628973,0.20272578668135569,-0.36854888649195894
ROS1-32-0022,2019-08-11,0.1767983302197423,0.10811271638644365,-0.3077438990775707
ROS1-33-0018,2019-08-11,0.533942356875934,0.40166299178050807,-0.5236337637863853
ROS1-27-0021,2019-08-11,0.44051025988619913,0.27159770393538946,-0.46086387712663024
ROS1-32-0015,2019-08-11,0.18477881850927794,0.09757368600161145,-0.3200659535761685
ROS1-33-0014,2019-08-11,0.28660493310731355,0.2024354992016,-0.37279954420058653
ROS1-33-0018,2019-08-11,0.5380743498067163,0.40195355463010135,-0.5292541977069329
ROS1-33-0010,2019-08-11,0.16915523072361874,0.06282808368890164,-0.3149997369058179
ROS1-28-0030,2019-08-11,0.20590179849900533,0.09448501307559083,-0.31204903203114276
ROS1-33-0009,2019-08-11,0.16449913753793022,0.10022913374995293,-0.2836674721039671
ROS1-34-0003,2019-08-11,0.27089474934911545,0.19690174711176445,-0.35016906354229915
ROS1-28-0006,2019-08-11,0.74997416648399,0.4770441714435868,-0.6346353943098688
ROS1-42-0006,2019-08-11,0.15673895178144726,0.11087031338583565,-0.28986554919579843
ROS1-36-0022,2019-08-11,0.1493494873132124,0.07276769936220141,-0.31068291683009347
ROS1-37-0025,2019-08-11,0.4060765637657033,0.2859634281918755,-0.4380370992622983
ROS1-42-0008,2019-08-11,0.15023625463563028,0.07574136278966055,-0.327159777831343
ROS1-30-0006,2019-08-11,0.15763987122660364,0.08933702393023124,-0.2929407654532428
ROS1-36-0019,2019-08-11,0.15232188604819533,0.07501365487708228,-0.3061869872307023
ROS1-30-0013,2019-08-11,0.5083328020355887,0.35050588196028815,-0.5270573478245487
ROS1-31-0028,2019-08-11,0.48602194283636657,0.3437463665340304,-0.49350784250220064
ROS1-36-0014,2019-08-11,0.2914747361899266,0.19303122209552517,-0.3789771308886795
ROS1-37-0012,2019-08-11,0.49840204360398327,0.3625396933946214,-0.5243980610879271
ROS1-42-0000,2019-08-11,0.21351375330175693,0.14976800800124337,-0.3222486506803411
ROS1-31-0009,2019-08-11,0.1737054967765397,0.08395349177193806,-0.32260546824279984
ROS1-37-0049,2019-08-11,0.2084542123714201,0.1436188868903185,-0.3370496537215055
ROS1-38-0002,2019-08-11,0.14771189660968423,0.09754655400091072,-0.2995749828876329
ROS1-31-0038,2019-08-11,0.5510878095354675,0.4101126279086006,-0.5572633535166895
ROS1-37-0012,2019-08-11,0.5019838800682532,0.3609689857171719,-0.5311141219118387
ROS1-38-0001,2019-08-11,0.5009164573943916,0.36879712323918856,-0.5204710340624017
ROS1-43-0006,2019-08-11,0.3058724774870897,0.2292017135861208,-0.36774642708045874
ROS1-43-0019,2019-08-11,0.2852636396727653,0.17343612343859444,-0.3748774391401315
ROS1-49-0007,2019-08-11,0.26370647390584656,0.14811547322879648,-0.36636472890661637
ROS1-42-0000,2019-08-11,0.21317162963326294,0.15048431110546415,-0.32077141471448306
ROS1-49-0004,2019-08-11,0.18330353552500714,0.11492508087500906,-0.3301204382130009
ROS1-49-0007,2019-08-11,0.26602414677072816,0.14798136659367536,-0.37240508493723234
ROS1-49-0003,2019-08-11,0.24800735469698362,0.1502441453751428,-0.3505881042102694
ROS1-33-0010,2019-08-11,0.17628484582054038,0.06475458503768915,-0.316548907962
ROS1-33-0009,2019-08-11,0.16734172335119576,0.0997264738470466,-0.28737939524378314
ROS1-34-0003,2019-08-11,0.2686669028237249,0.19301601716338168,-0.3483927285005259
ROS1-01-0003,2019-08-12,0.3840566626100937,0.18736223403892457,-0.3989284380098732
ROS1-07-0011,2019-08-12,0.13573590922868617,0.0757000272162079,-0.27739814754863135
ROS1-01-0015,2019-08-12,0.637501971495354,0.37878793402596345,-0.556387849274836
ROS1-02-0005,2019-08-12,0.23385440039815536,0.13845640745709295,-0.32297710860101614
ROS1-07-0011,2019-08-12,0.13697868071750627,0.07567878055127242,-0.2815790591879069
ROS1-01-0031,2019-08-12,0.4560224398570067,0.26833498523714827,-0.4619233385473936
ROS1-07-0011,2019-08-12,0.13167033398703043,0.07471460249877383,-0.2617319780849459
ROS1-07-0045,2019-08-12,0.664768521632072,0.31129443775654253,-0.5524932740521765
ROS1-08-0010,2019-08-12,0.6440365208006864,0.4195150419702087,-0.5338788860265502
ROS1-07-0012,2019-08-12,0.4717718122350734,0.32379666921710487,-0.4817782448454407
ROS1-07-0011,2019-08-12,0.13244589022108588,0.07487534628611048,-0.2636161514826721
ROS1-07-0018,2019-08-12,0.37442347108024626,0.18818279465722246,-0.3882325917661444
ROS1-15-0009,2019-08-12,0.22111207305684544,0.11078941527839722,-0.3152869739665151
ROS1-15-0014,2019-08-12,0.20142263885422124,0.09257820329474988,-0.30101272202626206
ROS1-15-0003,2019-08-12,0.17835836142725486,0.06185269856529054,-0.28291564460869456
ROS1-16-0006,2019-08-12,0.20865747412452637,0.13309427210837174,-0.3052442830664343
ROS1-22-0026,2019-08-12,0.7543848102057297,0.5396507798005213,-0.5881980515937594
ROS1-15-0006,2019-08-12,0.3887499106944443,0.2643365062420392,-0.4117635903323373
ROS1-22-0016,2019-08-12,0.22138201578361744,0.093361096943881,-0.32606163524279214
ROS1-16-0006,2019-08-12,0.21007283803784926,0.13510728815854917,-0.3023655164721518
ROS1-22-0026,2019-08-12,0.7460146531525348,0.5395968269765654,-0.5806010644009375
ROS1-36-0014,2019-08-13,0.27487625517018865,0.18493670934448822,-0.36687652342317073
ROS1-42-0006,2019-08-13,0.15831005810392493,0.11331922057936483,-0.2914145897873264
ROS1-36-0022,2019-08-13,0.1524221868394102,0.07949197434930988,-0.3064310731888711
ROS1-42-0008,2019-08-13,0.14629674520751815,0.0794633331605544,-0.31492287783198736
ROS1-36-0019,2019-08-13,0.15591499026735697,0.08189821030177094,-0.30198701522088905
ROS1-36-0014,2019-08-13,0.2743464180449257,0.18527756429062558,-0.36523619733737495
ROS1-37-0012,2019-08-13,0.47528416690965447,0.34667974092179893,-0.513551978170292
ROS1-42-0000,2019-08-13,0.20906179793769664,0.14782218483383483,-0.32176035457179664
ROS1-37-0012,2019-08-13,0.47588203254814476,0.34642115218436503,-0.514555373874318
ROS1-43-0006,2019-08-13,0.27249276829734637,0.20259484842331119,-0.35034612407484317
ROS1-43-0019,2019-08-13,0.2580116398741364,0.16150923109288012,-0.3531622967071235
ROS1-49-0007,2019-08-13,0.2501891321885959,0.14394925745410864,-0.35313836099672585
ROS1-42-0000,2019-08-13,0.20802909538585482,0.14841950696513165,-0.31889417868319564
ROS1-49-0004,2019-08-13,0.17182428459445123,0.10928945687514519,-0.31754494016713053
ROS1-49-0007,2019-08-13,0.2510894766860055,0.14439251928092375,-0.35473692475923296
ROS1-49-0003,2019-08-13,0.23177677233868507,0.14061392054300165,-0.33526233867299415
ROS1-01-0003,2019-08-14,0.33880885861490284,0.1767410006315268,-0.3757311395941905
ROS1-07-0011,2019-08-14,0.14487606696046165,0.08978399927927522,-0.27528212769566934
ROS1-01-0015,2019-08-14,0.5852717683468404,0.36781545634058854,-0.5342388677022735
ROS1-02-0005,2019-08-14,0.2587407205225888,0.14284821802842726,-0.3611613794470604
ROS1-07-0011,2019-08-14,0.1455866392838105,0.08928076688415178,-0.28015210976426297
ROS1-01-0031,2019-08-14,0.4364779425255425,0.2793074166597048,-0.44897605461126056
ROS1-12-0000,2019-08-14,0.32835629235403235,0.18564158054583227,-0.4023603434847831
ROS1-07-0011,2019-08-14,0.143307280044675,0.08984196414182899,-0.26968666834137
ROS1-12-0004,2019-08-14,0.6115987740166395,0.4156131752237584,-0.5130197546110643
ROS1-07-0045,2019-08-14,0.6109240115434692,0.4500056846331728,-0.5516959128825473
ROS1-08-0010,2019-08-14,0.5961690943688699,0.4196641603245528,-0.5052582076394875
ROS1-07-0012,2019-08-14,0.49176635914754935,0.32673270753618583,-0.5129261516663515
ROS1-07-0011,2019-08-14,0.14414364463225926,0.0896213348832857,-0.27456974621297847
ROS1-07-0018,2019-08-14,0.4669281204214614,0.33838510905491526,-0.5016102675210015
ROS1-13-0013,2019-08-14,0.24174456199965033,0.127027712798786,-0.35114468594614406
ROS1-18-0029,2019-08-14,0.3974614556747886,0.21369800148435245,-0.47609871459235753
ROS1-24-0003,2019-08-14,0.6315333296634099,0.5052578575425977,-0.6089546186121599
ROS1-18-0007,2019-08-14,0.16110052328559352,0.0842658177466269,-0.28458507263168237
ROS1-25-0008,2019-08-14,0.16264270059908464,0.06659351155900546,-0.31634984956148254
ROS1-18-0030,2019-08-14,0.3941484642266775,0.1992349611698908,-0.4264698679707427
ROS1-18-0024,2019-08-14,0.4129012819008162,0.21072193065416334,-0.4682545473226997
ROS1-19-0041,2019-08-14,0.5046490035651278,0.33680468631702654,-0.5033627187244588
ROS1-25-0017,2019-08-14,0.9071495833674121,0.7297292569465575,-0.810691262011883
ROS1-26-0027,2019-08-14,0.15982686614653355,0.07411477724035519,-0.3063830646287619
ROS1-19-0026,2019-08-14,0.15323586535081998,0.05970500628464645,-0.2794725258964618
ROS1-20-0010,2019-08-14,0.1697665668835534,0.08067549153201824,-0.30180651039965434
ROS1-19-0022,2019-08-14,0.8591217857180472,0.854250800185681,-0.7491737409972792
ROS1-19-0037,2019-08-14,0.18611842982400775,0.07609292184697014,-0.31092420678874455
ROS1-24-0003,2019-08-14,0.6200179384507463,0.5001671257338761,-0.5978575405736876
ROS1-25-0008,2019-08-14,0.15931510533437362,0.06704334378309872,-0.30194552006897196
ROS1-25-0016,2019-08-14,0.7145994318138722,0.5351683156548055,-0.6204414499626949
ROS1-32-0022,2019-08-14,0.14354716190663075,0.083031995525149,-0.285244476150038
ROS1-25-0016,2019-08-14,0.7097168485284423,0.5313397507748703,-0.6170874637083902
ROS1-15-0009,2019-08-14,0.23578237705016908,0.13317588004569453,-0.31488386152373865
ROS1-15-0016,2019-08-14,0.25791310406366125,0.14564880507165426,-0.32174229499915413
ROS1-15-0014,2019-08-14,0.2050504558562175,0.10625421878483805,-0.2942636359514499
ROS1-15-0003,2019-08-14,0.15533138985204586,0.06296513468846539,-0.26571370300029534
ROS1-16-0006,2019-08-14,0.21110036602428475,0.14194389092437834,-0.29876660344319733
ROS1-22-0026,2019-08-14,0.7063054886229407,0.54931670872117,-0.5403095976715231
ROS1-15-0006,2019-08-14,0.37860452112096954,0.2757098429047066,-0.3980010065491893
ROS1-20-0023,2019-08-14,0.26528032647056454,0.15035130912279088,-0.4248137937695011
ROS1-27-0006,2019-08-14,0.1968329365547382,0.10009931563878421,-0.3052417984204662
ROS1-21-0013,2019-08-14,0.15259869007123997,0.08240150092783773,-0.26665950977056263
ROS1-26-0031,2019-08-14,0.14305531109114863,0.06804438672384808,-0.2778976878288653
ROS1-27-0009,2019-08-14,0.6039154327869958,0.3765952645828323,-0.5695993161486109
ROS1-20-0007,2019-08-14,0.33684010149948174,0.20744160785059518,-0.41129902370481086
ROS1-21-0034,2019-08-14,0.6731280397062622,0.4006146005826455,-0.6047434893509865
ROS1-26-0006,2019-08-14,0.3067152443434398,0.14888539080299054,-0.4014060208358434
ROS1-27-0004,2019-08-14,0.4972950892165814,0.3171217275399092,-0.48704082049126957
ROS1-21-0043,2019-08-14,0.13386564222669503,0.05975681919213882,-0.26256584184847515
ROS1-26-0036,2019-08-14,0.14011078784785802,0.054788078474929794,-0.26560624467909605
ROS1-21-0016,2019-08-14,0.1944651350638213,0.10499460874825105,-0.297836527805444
ROS1-22-0016,2019-08-14,0.20838429182522245,0.10328200850140182,-0.3107562303525931
ROS1-22-0011,2019-08-14,0.5323959568531306,0.3507048794663216,-0.48778861742303414
ROS1-28-0017,2019-08-14,0.249846650002809,0.14040510101172646,-0.34346592249373037
ROS1-28-0029,2019-08-14,0.6685524256550343,0.44755452428937725,-0.5357150828205507
ROS1-16-0006,2019-08-14,0.21222204821099008,0.14483057647977163,-0.2932172844681685
ROS1-22-0026,2019-08-14,0.6903589325183048,0.5458634548923111,-0.5280282996045513
ROS1-28-0006,2019-08-14,0.7422311848436868,0.44535865272908365,-0.6430212321705546
ROS1-29-0006,2019-08-14,0.3215276038831652,0.19836532030391707,-0.3630312847063219
ROS1-22-0032,2019-08-14,0.6718259532789796,0.47989147126078613,-0.5223770904429818
ROS1-29-0008,2019-08-14,0.22684566272690448,0.16680652310547353,-0.31533923373585204
ROS1-32-0018,2019-08-14,0.5958908384799184,0.4025768995412313,-0.5640825097461104
ROS1-33-0014,2019-08-14,0.25775198215877826,0.17422129200506234,-0.3477217419353181
ROS1-32-0022,2019-08-14,0.14534404526542238,0.08318869120309928,-0.2863580268426362
ROS1-33-0018,2019-08-14,0.4964217648663768,0.3561736349977735,-0.49577722857674944
ROS1-27-0021,2019-08-14,0.3991892386781326,0.22327572674829674,-0.44063039019788464
ROS1-32-0015,2019-08-14,0.16674288145906344,0.07948217882900306,-0.31080770614306324
ROS1-33-0014,2019-08-14,0.2607285618058919,0.17470127791658538,-0.35463515973401716
ROS1-33-0018,2019-08-14,0.5034415423007044,0.35822548441257623,-0.5042072899590601
ROS1-33-0010,2019-08-14,0.15137554299937908,0.05367427392371195,-0.28725592731882155
ROS1-28-0030,2019-08-14,0.15558647403215256,0.05781075015438931,-0.2734521604511119
ROS1-33-0009,2019-08-14,0.1796950442404146,0.10015858010532738,-0.29921674241875296
ROS1-34-0003,2019-08-14,0.27035619236111946,0.18531008309657124,-0.34276286788122967
ROS1-28-0006,2019-08-14,0.7193400073460525,0.4458430726722714,-0.6171409519591647
ROS1-33-0010,2019-08-14,0.15134695054601455,0.05401863930879555,-0.283691454152171
ROS1-33-0009,2019-08-14,0.17905495880845793,0.09998757558485855,-0.2969686776450278
ROS1-34-0003,2019-08-14,0.2694273535013696,0.18504793380547072,-0.3409215485917346
ROS1-18-0024,2019-08-16,0.26578318049788363,0.17017191635124326,-0.2752578337301306
ROS1-30-0001,2019-08-16,0.18329767010922954,0.09142558874559477,-0.2663816770999658
ROS1-37-0025,2019-08-16,0.3718838836153471,0.2531576864621451,-0.42298587396694076
ROS1-30-0006,2019-08-16,0.1883728269522833,0.0771253572900812,-0.2724623166123554
ROS1-24-0006,2019-08-16,0.12882794295473762,0.09457211128737822,-0.19915432058382293
ROS1-25-0023,2019-08-16,0.4062348563937597,0.3491174070140953,-0.3832041140032616
ROS1-30-0013,2019-08-16,0.43128552489951216,0.30339909494719114,-0.46929106100968515
ROS1-31-0028,2019-08-16,0.2679724084455954,0.1418157138499503,-0.36865595515310395
ROS1-36-0014,2019-08-16,0.2521044523800051,0.1622290482624481,-0.34645940964701466
ROS1-31-0009,2019-08-16,0.15921801264231636,0.08030238824322598,-0.2920923463354067
ROS1-37-0049,2019-08-16,0.18521981219853537,0.12556384021855424,-0.3162080339425948
ROS1-31-0024,2019-08-16,0.28745369909375224,0.19458984129490992,-0.35719814250902265
ROS1-32-0022,2019-08-16,0.005069948814504783,0.00523547061421737,-0.13636438751643096
ROS1-37-0025,2019-08-16,0.37221474494809026,0.25243718795234243,-0.4246017651545849
ROS1-31-0038,2019-08-16,0.5223177774516614,0.37893098575335565,-0.5401839525606764
ROS1-31-0028,2019-08-16,0.26888863529334245,0.14162275726519452,-0.3704920563488716
ROS1-38-0001,2019-08-16,0.39176190858969356,0.36139957197336825,-0.4033083910719058
ROS1-27-0009,2019-08-16,0.2447036307013231,0.2271344245319504,-0.30206728257939913
ROS1-28-0006,2019-08-16,0.7548384640104076,0.5252331553901899,-0.6481587291027551
ROS1-27-0021,2019-08-16,0.36218865107816484,0.24143045258478113,-0.39310325834446
ROS1-33-0009,2019-08-16,0.10928213639644653,0.0452915465074963,-0.18822573082113314
ROS1-34-0003,2019-08-16,0.2789975763015572,0.20861339158012213,-0.31666128480389283
ROS1-28-0006,2019-08-16,0.7461247457006672,0.5271454700170389,-0.6380438040181062
ROS1-42-0006,2019-08-16,0.15316039074445917,0.10600335631467098,-0.28374973607857995
ROS1-36-0022,2019-08-16,0.1352984811641116,0.06404890419211745,-0.2969665209587383
ROS1-37-0025,2019-08-16,0.37122169568587376,0.2553204698149568,-0.4198762123400952
ROS1-42-0008,2019-08-16,0.13300183667334006,0.06444677697168251,-0.3097283421652799
ROS1-36-0019,2019-08-16,0.13787384471218153,0.06640818694944967,-0.2910259295645864
ROS1-30-0013,2019-08-16,0.4258517918648178,0.304383775256511,-0.461568932367145
ROS1-31-0028,2019-08-16,0.2660486434586089,0.14260977437044756,-0.36203002945747914
ROS1-36-0014,2019-08-16,0.25073565398724196,0.16286407108937634,-0.3426008833668401
ROS1-37-0012,2019-08-16,0.4810228153077109,0.3381661544939035,-0.5225884095198986
ROS1-42-0000,2019-08-16,0.18018011978505885,0.12212522415024417,-0.29742186087998534
ROS1-31-0009,2019-08-16,0.15875297127534507,0.08054098119501582,-0.2893881565917284
ROS1-37-0049,2019-08-16,0.18460341090654686,0.12567798002082103,-0.3142403439282375
ROS1-31-0038,2019-08-16,0.5206743324599541,0.3797791158424585,-0.5378778071216737
ROS1-37-0012,2019-08-16,0.48232177598298204,0.33633308110280036,-0.5257572220084082
ROS1-38-0001,2019-08-16,0.38817294405231545,0.36015508786937755,-0.398487494756529
ROS1-43-0006,2019-08-16,0.26623128068449825,0.1259951165476749,-0.31112430530659607
ROS1-43-0019,2019-08-16,0.2551808229715214,0.15310300998696652,-0.35258267153623585
ROS1-49-0007,2019-08-16,0.25277385691774645,0.1377204845506663,-0.36003038257289116
ROS1-42-0000,2019-08-16,0.18071537909654362,0.12401833972228418,-0.2955062925910945
ROS1-49-0004,2019-08-16,0.16811920728149976,0.10371143622827368,-0.3145881441269892
ROS1-49-0007,2019-08-16,0.2526880690456467,0.13609051971974784,-0.3603886936012821
ROS1-49-0003,2019-08-16,0.22352451919237817,0.13115865527675294,-0.33258884081625545
ROS1-33-0009,2019-08-16,0.11953527712783148,0.04913991740348482,-0.19930953502890095
ROS1-34-0003,2019-08-16,0.27854282050158474,0.20843629092255184,-0.31632317760274214
ROS1-08-0010,2019-08-17,0.24975881274576842,0.20481707557765166,-0.22382561600979836
ROS1-15-0006,2019-08-17,0.027250346850251315,0.15199606804138505,-0.02692754480126033
ROS1-01-0003,2019-08-17,0.23889819527873407,0.1110208443694289,-0.2868651490413187
ROS1-07-0011,2019-08-17,0.13940244176958477,0.0887576673469185,-0.24286138108328573
ROS1-01-0015,2019-08-17,0.4700371283309364,0.44634281031909784,-0.43586262723425484
ROS1-07-0011,2019-08-17,0.1393874415120609,0.08815654900485818,-0.2446190833916638
ROS1-01-0031,2019-08-17,0.35794875789689257,0.2208404118700198,-0.35910055498944504
ROS1-07-0011,2019-08-17,0.14142191019237935,0.08825691895017475,-0.2524331783785851
ROS1-07-0045,2019-08-17,0.37531432179250007,0.8757509981939924,-0.2575800699708416
ROS1-07-0012,2019-08-17,0.19742528657104746,0.10806459064521128,-0.2625366613802108
ROS1-07-0011,2019-08-17,0.13797097713162373,0.08784498790612492,-0.24082079282359817
ROS1-07-0018,2019-08-17,0.35745943795102,0.24347963537610767,-0.3991169042236813
ROS1-42-0006,2019-08-18,0.14515826553836111,0.10600345261836591,-0.26908183893478
ROS1-36-0022,2019-08-18,0.14667775409833705,0.10093201716753984,-0.2600036646607557
ROS1-42-0008,2019-08-18,0.1251685555176163,0.06793991385115485,-0.27578318080841296
ROS1-36-0019,2019-08-18,0.1454944967126837,0.08469690687648171,-0.2600417670589522
ROS1-37-0012,2019-08-18,0.44951320583738347,0.33709683277623437,-0.49279875261600764
ROS1-42-0000,2019-08-18,0.1621614075839581,0.11510839321287544,-0.27707409668066396
ROS1-37-0012,2019-08-18,0.4500578177488608,0.33621718676430035,-0.49395691841686706
ROS1-43-0019,2019-08-18,0.24996469006611066,0.15709438735050976,-0.3534839573739078
ROS1-49-0007,2019-08-18,0.250460565912896,0.14163117919338564,-0.36565519273760805
ROS1-42-0000,2019-08-18,0.16649475041748182,0.1185682982996204,-0.29262271764840236
ROS1-49-0004,2019-08-18,0.15803712410772525,0.10365975502540628,-0.3029821759912228
ROS1-49-0007,2019-08-18,0.24592587150573994,0.1415784647136765,-0.354750353791884
ROS1-49-0003,2019-08-18,0.21015148680091597,0.13116817195484945,-0.3224713213207251
ROS1-12-0000,2019-08-19,0.032498800040212675,0.026276302029713792,-0.09179359212065198
ROS1-18-0029,2019-08-19,0.3514606438781223,0.1870379663997025,-0.4268781304500292
ROS1-24-0003,2019-08-19,0.22048277596933386,0.11589840741417531,-0.3220005324502312
ROS1-18-0007,2019-08-19,0.14052376771182976,0.06019733129962961,-0.24955510053577123
ROS1-18-0030,2019-08-19,0.29337456663140205,0.1388602498089629,-0.3506286486248011
ROS1-18-0024,2019-08-19,0.3541164105594757,0.17297345271204145,-0.40918272651887555
ROS1-25-0017,2019-08-19,0.8041203774741068,0.6769355275080541,-0.6927183096252714
ROS1-26-0027,2019-08-19,0.08823568961458288,0.15680678974599288,-0.11008289782886141
ROS1-19-0022,2019-08-19,0.13615238623394962,-0.1814311551068327,-0.016575323831076565
ROS1-19-0037,2019-08-19,0.1518391414521274,-0.03312870318601516,-0.14053583063892786
ROS1-24-0003,2019-08-19,0.20187225377736928,0.11726641135266157,-0.2730989400269961
ROS1-27-0009,2019-08-19,0.4263548704758383,0.2932825754499852,-0.4227363585419407
ROS1-22-0011,2019-08-19,0.3260562890598865,0.30822931961242145,-0.26954623041031545
ROS1-28-0029,2019-08-19,0.49700929772781416,0.59967248967957,-0.3878205252179036
ROS1-28-0006,2019-08-19,0.7774511824954706,0.49438568842878616,-0.6823810313638493
ROS1-29-0006,2019-08-19,0.339411196675631,0.3771791673576396,-0.2894297183879784
ROS1-22-0032,2019-08-19,0.04333038331222793,0.25687772857744373,-0.03394452641168095
ROS1-29-0008,2019-08-19,0.28869469392970826,0.2062905332460166,-0.3575370877182186
ROS1-32-0018,2019-08-19,0.5101912920964157,0.367355755514336,-0.4960962704407163
ROS1-33-0014,2019-08-19,0.26346050715506586,0.18684955672620163,-0.34862913364842524
ROS1-33-0018,2019-08-19,0.37143013550944604,0.24326970209968515,-0.37477556413699864
ROS1-27-0021,2019-08-19,0.3255908987392747,0.18965721200606403,-0.37571698787976465
ROS1-32-0015,2019-08-19,0.15590582363736855,0.07913431330858674,-0.2623839239518093
ROS1-33-0014,2019-08-19,0.2619405079612039,0.18637700399424145,-0.34539392817669917
ROS1-33-0018,2019-08-19,0.36806016442161166,0.23980720191435312,-0.37270761011389825
ROS1-33-0010,2019-08-19,0.19743239260914583,0.16230263567644013,-0.24090198415997166
ROS1-33-0009,2019-08-19,0.1268557392468185,0.06554846351565216,-0.2218495896806512
ROS1-34-0003,2019-08-19,0.31220510695601067,0.2017955552165086,-0.354157639943295
ROS1-28-0006,2019-08-19,0.7054791934728808,0.48539834375929924,-0.6102427374002102
ROS1-33-0010,2019-08-19,0.19770625746866122,0.1631081526884171,-0.24056263891720428
ROS1-33-0009,2019-08-19,0.12670962598363075,0.06559659519328018,-0.22140902229556655
ROS1-34-0003,2019-08-19,0.3122491538051157,0.2021227944132809,-0.35384249404331414
ROS1-18-0029,2019-08-21,0.22300117295829686,0.14082131228888128,-0.23500800022957116
ROS1-24-0003,2019-08-21,0.18800274532643083,0.09263077775174737,-0.29875558952592474
ROS1-18-0007,2019-08-21,0.11136864315509977,0.07974051014037183,-0.1635324803566643
ROS1-18-0030,2019-08-21,0.30361300525332435,0.1266639844130238,-0.38521639894321225
ROS1-19-0041,2019-08-21,0.4823806025143729,0.33939407244880865,-0.4747573312236298
ROS1-25-0017,2019-08-21,0.8557771923773001,0.7086665971648379,-0.7464287343269406
ROS1-26-0027,2019-08-21,0.15087542059945794,0.08611508854052301,-0.2649531600199641
ROS1-19-0026,2019-08-21,0.1347776496340309,0.06783366094348829,-0.23874292267935476
ROS1-20-0010,2019-08-21,0.17384574231466812,0.09120847813129476,-0.2843485262502771
ROS1-19-0022,2019-08-21,0.7934915409673002,0.7905844094582462,-0.6673646008859914
ROS1-19-0037,2019-08-21,0.16354875904039598,0.08065409487360418,-0.25526064838942225
ROS1-24-0003,2019-08-21,0.1870225113043682,0.09315320298228268,-0.29436494727101714
ROS1-30-0009,2019-08-21,0.312001954464766,0.2321320998907041,-0.39038543255301905
ROS1-24-0026,2019-08-21,0.22988328050333012,0.16844628849690987,-0.33660171945703793
ROS1-30-0001,2019-08-21,0.18904033834680775,0.0865612169767728,-0.2913919123628553
ROS1-37-0025,2019-08-21,0.33878084108861284,0.22905028294229748,-0.4147888579289543
ROS1-25-0016,2019-08-21,0.5347759533743752,0.3279266437684719,-0.4757190257784283
ROS1-30-0006,2019-08-21,0.15756959524581876,0.0760105329549985,-0.275267150153984
ROS1-24-0006,2019-08-21,0.13777174300441797,0.08397324983977779,-0.25064318540550284
ROS1-25-0023,2019-08-21,0.5024542453025789,0.3083512637540101,-0.4857060596083993
ROS1-31-0028,2019-08-21,0.1572676543916604,0.06910484655356759,-0.2905035293552015
ROS1-36-0014,2019-08-21,0.21386672517063668,0.14131407439190147,-0.3280256088760734
ROS1-31-0009,2019-08-21,0.15909220490157344,0.07797374992878955,-0.29246473533598694
ROS1-37-0049,2019-08-21,0.176770981636137,0.12114555643811793,-0.30919098754943863
ROS1-31-0024,2019-08-21,0.2622624271001432,0.17481849435328978,-0.3587379138501042
ROS1-32-0022,2019-08-21,0.14987298366662813,0.09779834649842196,-0.2690247947211928
ROS1-37-0025,2019-08-21,0.33685341486987375,0.22919422044032228,-0.41009139784121057
ROS1-25-0016,2019-08-21,0.5226791426158451,0.32287169775050306,-0.46593412493260217
ROS1-31-0038,2019-08-21,0.5107836430281538,0.3763031926753404,-0.5368470298841258
ROS1-31-0028,2019-08-21,0.15685969171864525,0.07017082047162501,-0.2832291517689611
ROS1-38-0001,2019-08-21,0.32727611618803837,0.21641598808758503,-0.4106138151349394
ROS1-27-0006,2019-08-21,0.18258303540965068,0.1060741385039259,-0.2870358100431094
ROS1-26-0031,2019-08-21,0.12836797194228658,0.07397498709738826,-0.22661967107765693
ROS1-27-0009,2019-08-21,0.4265616598101708,0.2714308037142396,-0.46098742929845893
ROS1-21-0034,2019-08-21,0.6269723052450429,0.4341821221150885,-0.5627277792093759
ROS1-27-0004,2019-08-21,0.4882171222386168,0.33468820851046666,-0.4697783154049814
ROS1-28-0017,2019-08-21,0.3088577696000463,0.1815209987931475,-0.38071063076879846
ROS1-28-0006,2019-08-21,0.7595269239215977,0.5054854651913149,-0.6625664127758375
ROS1-32-0018,2019-08-21,0.49430373533809246,0.3387565567741699,-0.4866215433854828
ROS1-33-0014,2019-08-21,0.2625464788454836,0.18379941821902904,-0.3547986968676077
ROS1-32-0022,2019-08-21,0.15340664895435366,0.09950456047044748,-0.2689789176547447
ROS1-33-0018,2019-08-21,0.3955982614156457,0.2635020062631239,-0.4350906356714957
ROS1-27-0021,2019-08-21,0.3209604947017039,0.19293057771860717,-0.384234280750581
ROS1-32-0015,2019-08-21,0.15992676901046907,0.08633877188973231,-0.27561089048736515
ROS1-33-0014,2019-08-21,0.26048626094069827,0.18620261614463463,-0.35214315006842944
ROS1-33-0018,2019-08-21,0.39428600248771867,0.26742593496200123,-0.4326004501673531
ROS1-33-0010,2019-08-21,0.13856360880905938,0.05797569203829847,-0.25739950872102335
ROS1-28-0030,2019-08-21,0.14665774953473074,0.062166815938048424,-0.24736407005944722
ROS1-33-0009,2019-08-21,0.11896839673751405,0.06078979959821468,-0.2427672933959889
ROS1-34-0003,2019-08-21,0.3183159735552676,0.22983598341574019,-0.379785523574085
ROS1-28-0006,2019-08-21,0.758966341672455,0.5093732694279565,-0.6596216342598445
ROS1-42-0006,2019-08-21,0.15887320360889567,0.11326384115174602,-0.2920483218264507
ROS1-36-0022,2019-08-21,0.13760944240957423,0.06820746349740925,-0.2869670105111325
ROS1-37-0025,2019-08-21,0.33725911626868144,0.23015214770238682,-0.41049039189139264
ROS1-42-0008,2019-08-21,0.13710392200926824,0.0691517726015846,-0.3002539484953551
ROS1-30-0006,2019-08-21,0.15594851599703283,0.07608617979302942,-0.26906410242304324
ROS1-36-0019,2019-08-21,0.1390556619685667,0.06934351830517667,-0.2813536690505294
ROS1-31-0028,2019-08-21,0.1557900205767618,0.06926186751394676,-0.28346959232260455
ROS1-36-0014,2019-08-21,0.21261668864969543,0.14180237734687004,-0.32390811633223465
ROS1-37-0012,2019-08-21,0.4503464442409205,0.32636465519606095,-0.5061299409668146
ROS1-42-0000,2019-08-21,0.15877224280837826,0.11014328118857568,-0.28671898205997454
ROS1-31-0009,2019-08-21,0.1569400794704318,0.08027524211337271,-0.2815926017154649
ROS1-37-0049,2019-08-21,0.17737862655284628,0.12421740252424167,-0.3064472049000913
ROS1-38-0002,2019-08-21,0.14599950950332874,0.07341576834629186,-0.281639000007686
ROS1-31-0038,2019-08-21,0.5025036634509238,0.38110406097983585,-0.5264980969989206
ROS1-37-0012,2019-08-21,0.4409493316078902,0.3266700416186914,-0.49486209425308436
ROS1-38-0001,2019-08-21,0.3257030917837223,0.22202155625729966,-0.4035105612208163
ROS1-43-0006,2019-08-21,0.21644435582416924,0.1599998113404894,-0.32732208151722636
ROS1-43-0019,2019-08-21,0.2383268697531174,0.14781704535159731,-0.33701164335078365
ROS1-49-0007,2019-08-21,0.24081929050377937,0.12532182095558403,-0.33899071962391086
ROS1-42-0000,2019-08-21,0.15770305576870694,0.1099746327179332,-0.28450513760013846
ROS1-49-0004,2019-08-21,0.1589024262596674,0.10497719039538121,-0.29670968435454864
ROS1-49-0007,2019-08-21,0.23045752312917603,0.1263329340961956,-0.31872673205818325
ROS1-49-0003,2019-08-21,0.20426501549746234,0.1304624718871195,-0.30374276737567096
ROS1-33-0010,2019-08-21,0.1400577586450865,0.05990373222693593,-0.25081024340145985
ROS1-33-0009,2019-08-21,0.11762171184381535,0.060631062405822334,-0.23735534512309478
ROS1-34-0003,2019-08-21,0.31564209227374684,0.22922235876787136,-0.37567273156537695
ROS1-01-0003,2019-08-22,0.209722766261347,0.10052193443462194,-0.27181288911011847
ROS1-01-0015,2019-08-22,0.4581786389348305,0.25626035651907797,-0.4716742730050371
ROS1-02-0005,2019-08-22,0.1779829773195554,0.09498362735223274,-0.28041609001398843
ROS1-07-0045,2019-08-22,0.5714892591901402,0.3565333806114792,-0.5062977782713663
ROS1-08-0010,2019-08-22,0.4303998025640426,0.22355978816208766,-0.43002674370893423
ROS1-07-0012,2019-08-22,0.1831743149895995,0.09059680459110876,-0.3019337800990876
ROS1-15-0009,2019-08-22,0.360319759347464,0.18973259134646467,-0.38673658480294754
ROS1-15-0014,2019-08-22,0.36750345258207145,0.20747261742716988,-0.40078478657596045
ROS1-15-0003,2019-08-22,0.17050906381261866,0.04590451829076748,-0.2890668567054979
ROS1-16-0006,2019-08-22,0.331576210291566,0.19692247183247374,-0.3853077224332192
ROS1-22-0026,2019-08-22,0.635966378106351,0.39546543521451266,-0.4938365282788189
ROS1-15-0006,2019-08-22,0.4387275236432602,0.2925305144153572,-0.4345272027937668
ROS1-22-0016,2019-08-22,0.3033173187056402,0.14640779911426444,-0.37379039893367355
ROS1-16-0006,2019-08-22,0.33045213454240324,0.20267569170868216,-0.3769316880738483
ROS1-22-0026,2019-08-22,0.6107880781071204,0.3943048483595989,-0.47817083822586076
ROS1-36-0014,2019-08-23,0.1872972308675296,0.12920653288127487,-0.3024870937732562
ROS1-42-0006,2019-08-23,0.14535292075975756,0.10736488931948002,-0.2776507987470338
ROS1-36-0022,2019-08-23,0.13091622459963018,0.0695071579189251,-0.2767071317761324
ROS1-42-0008,2019-08-23,0.12531130864164844,0.06755246641266155,-0.28442413657825555
ROS1-36-0019,2019-08-23,0.13750086059167096,0.0736653771169278,-0.2719458734380845
ROS1-36-0014,2019-08-23,0.1865147761492452,0.12901043483527455,-0.3007047726692005
ROS1-37-0012,2019-08-23,0.4271225724582585,0.3165340048668629,-0.49003636943120676
ROS1-42-0000,2019-08-23,0.14297603891835906,0.10384759060620849,-0.26958305981349
ROS1-37-0012,2019-08-23,0.42780540667976086,0.3159653828450691,-0.4916752780409901
ROS1-43-0006,2019-08-23,0.20583213620026683,0.15721882531449943,-0.31609484204560995
ROS1-43-0019,2019-08-23,0.22482130194169217,0.14866504096768715,-0.3208141734878576
ROS1-49-0007,2019-08-23,0.22856186502545642,0.13739048247339444,-0.3301028085547845
ROS1-42-0000,2019-08-23,0.14232418010597644,0.10425127337973748,-0.2667651448201064
ROS1-49-0007,2019-08-23,0.2289992592107991,0.13734167450335102,-0.3311256630287247
ROS1-01-0003,2019-08-24,0.21441285429489568,0.10276099563925135,-0.3025676021180512
ROS1-07-0011,2019-08-24,0.18183704331621692,0.10886568534979996,-0.27601157287169426
ROS1-01-0015,2019-08-24,0.43810624951831995,0.2725480791472627,-0.47277391996816787
ROS1-02-0005,2019-08-24,0.18688056401794526,0.10661565074880389,-0.28945399096803287
ROS1-07-0011,2019-08-24,0.18681894439083951,0.11101760459897562,-0.2921052402471556
ROS1-01-0031,2019-08-24,0.390612681041035,0.2448914825307682,-0.393040168499508
ROS1-07-0011,2019-08-24,0.18024139642358603,0.10893843239828581,-0.2721253053497934
ROS1-12-0004,2019-08-24,0.18007539772860778,-0.33505462933607344,-0.18864657124996778
ROS1-07-0045,2019-08-24,0.47414470046683355,0.5799563425886421,-0.389543678195021
ROS1-08-0010,2019-08-24,0.4468125352698127,0.2166661238873817,-0.41970085561363596
ROS1-07-0012,2019-08-24,0.19504410895395538,0.11683790447364946,-0.2823811359097575
ROS1-07-0011,2019-08-24,0.1832055788801535,0.10917803275147962,-0.2801456566888959
ROS1-07-0018,2019-08-24,0.28328506355339256,0.1713207658072505,-0.3694537094255053
ROS1-13-0013,2019-08-24,0.18623675483776755,0.09715142032374002,-0.2954960902346739
ROS1-18-0029,2019-08-24,0.297175519806366,0.16718165254937872,-0.3652896062003025
ROS1-24-0003,2019-08-24,0.16374929633026003,0.07914017235121366,-0.2676796365787116
ROS1-18-0007,2019-08-24,0.11911891407474022,0.04916406266240835,-0.18928819623872603
ROS1-25-0008,2019-08-24,0.14173776139263736,0.06732579823462272,-0.25152508197642903
ROS1-18-0030,2019-08-24,0.2556943702741226,0.13755061793761095,-0.332294266786118
ROS1-18-0024,2019-08-24,0.30101274463344,0.1634940924021973,-0.3628217362841973
ROS1-19-0041,2019-08-24,0.39359952078572313,0.42963558081179315,-0.37037145701335494
ROS1-25-0017,2019-08-24,0.6676670325167166,0.615458209133635,-0.5558924419896887
ROS1-26-0027,2019-08-24,0.13935892217103396,0.07068633590515755,-0.24331310035816114
ROS1-19-0026,2019-08-24,0.13523779662639987,0.060233191866158,-0.25995977797427333
ROS1-20-0010,2019-08-24,0.16180962917461927,0.08043948358536558,-0.2671523124147961
ROS1-19-0022,2019-08-24,0.8161640126462126,0.6676975636538643,-0.683315653862719
ROS1-19-0037,2019-08-24,0.1320525029497895,0.11680684132952585,-0.17031755404970647
ROS1-24-0003,2019-08-24,0.1633520665244778,0.07934276991375439,-0.2652997427289355
ROS1-25-0008,2019-08-24,0.14119592987067914,0.06739541414705551,-0.2490241442110851
ROS1-25-0016,2019-08-24,0.45551768161207723,0.30205358339200844,-0.4439444288408175
ROS1-25-0016,2019-08-24,0.4738313822304399,0.307113335779943,-0.4639327616299302
ROS1-15-0009,2019-08-24,0.39332307216117485,0.23241024413728262,-0.400292464969239
ROS1-15-0016,2019-08-24,0.2876292985636601,0.1682468570985953,-0.33327933422909284
ROS1-15-0014,2019-08-24,0.4049872474890551,0.2715677589675323,-0.412682881582497
ROS1-15-0003,2019-08-24,0.17527551389825755,0.07101797201286754,-0.24492832753261246
ROS1-16-0006,2019-08-24,0.3312520449630025,0.17038966834548577,-0.3523115148372413
ROS1-22-0026,2019-08-24,0.5455332503501482,0.37561816821679306,-0.4398113159530082
ROS1-15-0006,2019-08-24,0.4328840416727478,0.30780357427005134,-0.42995066820860683
ROS1-20-0023,2019-08-24,0.22989054374118795,0.15452638092181975,-0.3875661744378585
ROS1-27-0006,2019-08-24,0.1938434819147726,0.10164745074169629,-0.31666323062791735
ROS1-21-0013,2019-08-24,0.23231241199301228,0.12879720529592958,-0.31834999540531245
ROS1-26-0031,2019-08-24,0.12769327239099676,0.060284779661496424,-0.25847399211590943
ROS1-27-0009,2019-08-24,0.3267306706546123,0.18980676189720977,-0.4436319331769695
ROS1-20-0007,2019-08-24,0.29621054933738167,0.13988246114597944,-0.3634874736554151
ROS1-21-0034,2019-08-24,0.593040720486682,0.35415753897628083,-0.5570741752024848
ROS1-26-0006,2019-08-24,-0.07764036579177923,-0.09636867249271791,-0.020397640185270936
ROS1-27-0004,2019-08-24,0.476935134332606,0.29779815733551934,-0.4871749064255592
ROS1-21-0043,2019-08-24,0.13830201378962612,0.06504133889405297,-0.25434573642159647
ROS1-26-0036,2019-08-24,0.1228634353310696,0.046879854592506875,-0.24057398651273806
ROS1-21-0016,2019-08-24,0.25922969734916057,0.17253520176762596,-0.29354035575911935
ROS1-28-0017,2019-08-24,0.3121205401864373,0.19590532505003572,-0.37144129233077994
ROS1-16-0006,2019-08-24,0.3313019804325484,0.17183167676938102,-0.34935044633482104
ROS1-22-0026,2019-08-24,0.5446552821505198,0.37785390219987686,-0.43671868582889595
ROS1-28-0006,2019-08-24,0.730727518454634,0.4598143524649925,-0.6402234461786832
ROS1-33-0014,2019-08-24,0.2671031069142125,0.17999503671883935,-0.3703824017088176
ROS1-33-0018,2019-08-24,0.30193498046862066,0.18263638812480706,-0.39178677707496407
ROS1-27-0021,2019-08-24,0.3032566629854594,0.17449656115685136,-0.3825376460845587
ROS1-33-0014,2019-08-24,0.2711435983450939,0.1811239100510698,-0.37784562713573877
ROS1-33-0018,2019-08-24,0.3048168413624588,0.18236759617134285,-0.399700812168324
ROS1-33-0010,2019-08-24,0.1507324728341238,0.05226618336284328,-0.2915222170324417
ROS1-28-0030,2019-08-24,0.15010584595654117,0.057213575470062804,-0.2608977941655103
ROS1-33-0009,2019-08-24,0.1298696047235763,0.05912983755199318,-0.2700664356779483
ROS1-34-0003,2019-08-24,0.33334571375930305,0.2276289932326267,-0.40361756330293563
ROS1-28-0006,2019-08-24,0.6994288483709162,0.4590671040563196,-0.6056154408088444
ROS1-33-0010,2019-08-24,0.15097651765762507,0.05361432303571941,-0.2818708816268711
ROS1-33-0009,2019-08-24,0.12881826811459754,0.05923034819808597,-0.2634532606369668
ROS1-34-0003,2019-08-24,0.3306456325623343,0.22719165999099536,-0.3991922796697941
ROS1-18-0029,2019-08-26,0.1960620249503343,0.3799304510859956,-0.19257471864925366
ROS1-24-0003,2019-08-26,0.17505067744218708,0.08309226168102707,-0.2932898856969001
ROS1-18-0007,2019-08-26,0.13329535601637443,0.06518499905731752,-0.23698532925951188
ROS1-25-0008,2019-08-26,0.14911374529322272,0.06510431581864826,-0.288260147777224
ROS1-18-0030,2019-08-26,0.2757308656799822,0.13597684749401004,-0.3851918381283004
ROS1-18-0024,2019-08-26,0.3028912836060927,0.16338799307146354,-0.3814611435158522
ROS1-19-0041,2019-08-26,0.4300415664035016,0.2880009333027036,-0.47269621958614716
ROS1-25-0017,2019-08-26,0.8564213878182736,0.6862678344458245,-0.7460740732242043
ROS1-26-0027,2019-08-26,0.15598779782050057,0.07931918228282937,-0.30449679128068863
ROS1-19-0026,2019-08-26,0.1401899080198028,0.06631716964002843,-0.2660970041440215
ROS1-20-0010,2019-08-26,0.1791278872713071,0.0856851734338924,-0.3111881231639233
ROS1-19-0022,2019-08-26,0.8244704823140402,0.7602020370805544,-0.6923521578469239
ROS1-19-0037,2019-08-26,0.16400491348123575,0.07392352061718116,-0.27436869032274225
ROS1-24-0003,2019-08-26,0.16940341468478795,0.08281096250514723,-0.2788502569072618
ROS1-30-0009,2019-08-26,0.28637713052141606,0.20698807175861894,-0.37900108393549475
ROS1-24-0026,2019-08-26,0.2161019490514071,0.1559964264507753,-0.331335117407444
ROS1-25-0008,2019-08-26,0.14434326730512956,0.06483366866212974,-0.2731434341915302
ROS1-37-0025,2019-08-26,0.2988269066184699,0.19867691341387994,-0.4007182271709987
ROS1-25-0016,2019-08-26,0.4355294029909924,0.2709087885357687,-0.4436675000187937
ROS1-30-0006,2019-08-26,0.14861001209752003,0.06641646185808778,-0.27324943749462416
ROS1-24-0006,2019-08-26,0.12678390918501004,0.07615035096185122,-0.2436341653553967
ROS1-25-0023,2019-08-26,0.3559331812974838,0.19734211070439878,-0.401520937164579
ROS1-30-0013,2019-08-26,0.2665031506577403,0.1737974555329155,-0.39602858965398513
ROS1-31-0028,2019-08-26,0.14624164157094816,0.06101686416263776,-0.2845489282417264
ROS1-36-0014,2019-08-26,0.18365910676129438,0.12352158323843104,-0.3064224270353257
ROS1-31-0009,2019-08-26,0.15791879361186842,0.07542770113047204,-0.3014205116467908
ROS1-37-0049,2019-08-26,0.16526921762172364,0.10943495484365758,-0.30956146726259265
ROS1-31-0024,2019-08-26,0.23887754211290055,0.15512935647685644,-0.35407267719762237
ROS1-32-0022,2019-08-26,0.1520694795819951,0.09285396933345938,-0.29118598494562864
ROS1-37-0025,2019-08-26,0.29927393141341946,0.2004471757641009,-0.4013109402975293
ROS1-25-0016,2019-08-26,0.43060060424505786,0.2705167887523894,-0.4412721114406625
ROS1-31-0038,2019-08-26,0.48744878755711163,0.3468538586809073,-0.5273026064963569
ROS1-31-0028,2019-08-26,0.14826906179423235,0.06331577151828607,-0.28146556202141804
ROS1-38-0001,2019-08-26,0.29488941195691265,0.18888180017694492,-0.39921957346501385
ROS1-27-0006,2019-08-26,0.19856224783440798,0.11162939024214213,-0.3186917171586386
ROS1-26-0031,2019-08-26,0.13328197211627574,0.06485634375872264,-0.26978146511029716
ROS1-27-0009,2019-08-26,0.31745731863815824,0.19309952413355688,-0.456332549980925
ROS1-21-0034,2019-08-26,0.5762703499532198,0.37952478236519144,-0.556189864640771
ROS1-26-0006,2019-08-26,0.30514575950387757,0.1612407815157855,-0.39014350803901326
ROS1-27-0004,2019-08-26,0.47390175514273103,0.3152258145967657,-0.4826689721925505
ROS1-26-0036,2019-08-26,0.14626566886942532,0.0564456505866965,-0.2655954887369619
ROS1-28-0017,2019-08-26,0.3595180226008595,0.21121694428646784,-0.42569108907706665
ROS1-28-0006,2019-08-26,0.7473810042626697,0.4888865391705831,-0.6562974659406052
ROS1-32-0018,2019-08-26,0.4748867004912045,0.320423553583442,-0.5050266681532852
ROS1-33-0014,2019-08-26,0.27449095644544685,0.18906625502456942,-0.38532093378562376
ROS1-32-0022,2019-08-26,0.14894213968346104,0.09075157694999436,-0.2809111515616988
ROS1-33-0018,2019-08-26,0.30570866112103584,0.18725252611813817,-0.4058773515133458
ROS1-27-0021,2019-08-26,0.31294268932031905,0.17867628908282257,-0.4092625503413013
ROS1-32-0015,2019-08-26,0.1604256231065899,0.08089185888306863,-0.2971249647102662
ROS1-33-0014,2019-08-26,0.27471043959993197,0.18887967376808978,-0.38613041775573065
ROS1-33-0018,2019-08-26,0.3063851916312208,0.18706332719034632,-0.40699808135152643
ROS1-33-0010,2019-08-26,0.16121189220337376,0.06197974386309395,-0.30704064124696245
ROS1-28-0030,2019-08-26,0.16404409467182163,0.06537584815307204,-0.28663337019334645
ROS1-33-0009,2019-08-26,0.13203899574758018,0.06446540439287796,-0.27184475026658644
ROS1-34-0003,2019-08-26,0.3461891660467509,0.243491331564379,-0.41726053242196204
ROS1-28-0006,2019-08-26,0.736336534245561,0.4891191752484206,-0.6409441509835013
ROS1-42-0006,2019-08-26,0.1499003117535312,0.10464587479475793,-0.2892423368954533
ROS1-36-0022,2019-08-26,0.11222960270729884,0.046136497999122936,-0.2473888750106064
ROS1-37-0025,2019-08-26,0.2996941561522868,0.19979375433809474,-0.4015880091627658
ROS1-42-0008,2019-08-26,0.1285764218918721,0.06183007038302485,-0.2963736971687267
ROS1-30-0006,2019-08-26,0.1496581310294518,0.06655347317206844,-0.27591109872205055
ROS1-36-0019,2019-08-26,0.13652451055302475,0.06486398769525288,-0.28660239235179724
ROS1-30-0013,2019-08-26,0.26468530372994126,0.17382294967585243,-0.3946153233002751
ROS1-31-0028,2019-08-26,0.14587350371776392,0.06029109667300103,-0.28663800211207435
ROS1-36-0014,2019-08-26,0.18268361684242063,0.12334741760551131,-0.30539903825618675
ROS1-37-0012,2019-08-26,0.4434736464461145,0.30720096016071946,-0.514551328172163
ROS1-42-0000,2019-08-26,0.12849393527675254,0.07910707682860103,-0.2600108193307833
ROS1-31-0009,2019-08-26,0.15081077492085646,0.07377736245997006,-0.28192488433488877
ROS1-37-0049,2019-08-26,0.16111580511333184,0.1079075519591131,-0.29777049558872776
ROS1-38-0002,2019-08-26,0.1444244719617782,0.07259755505538833,-0.2783307709288208
ROS1-31-0038,2019-08-26,0.4775563670408562,0.34423454483454835,-0.5114847389062706
ROS1-37-0012,2019-08-26,0.428052965897063,0.3022497686051858,-0.49177863985953363
ROS1-38-0001,2019-08-26,0.2881531213367799,0.1872712677944292,-0.38367774254885983
ROS1-43-0006,2019-08-26,0.2022405833388422,0.14619597526402453,-0.322891782020999
ROS1-43-0019,2019-08-26,0.22226164110694033,0.13493506169460023,-0.33316237545638
ROS1-49-0007,2019-08-26,0.19909868013365895,0.11619078809776934,-0.2820160638952271
ROS1-42-0000,2019-08-26,0.13029697162934145,0.08143521208606853,-0.26061296097607334
ROS1-49-0004,2019-08-26,0.13752063267293918,0.13210946467030732,-0.2222281289923527
ROS1-49-0007,2019-08-26,0.18969703719578726,0.11393133011959954,-0.26209257937222064
ROS1-49-0003,2019-08-26,0.13534191428248046,0.10673095788940773,-0.23648340185089345
ROS1-33-0010,2019-08-26,0.16224403302453147,0.06378590703282991,-0.29943058976471454
ROS1-33-0009,2019-08-26,0.13032637478657552,0.0641127529656971,-0.26623050381301
ROS1-34-0003,2019-08-26,0.3435997172285551,0.24300864128268218,-0.4131309031967285
ROS1-18-0007,2019-08-26,0.1327159615522033,0.06572798333647913,-0.23176012485104736
ROS1-01-0003,2019-08-27,0.22847809103099273,0.10023386080973876,-0.3442388452734779
ROS1-07-0011,2019-08-27,0.20085241201729997,0.1158148454958717,-0.30577087805281733
ROS1-01-0015,2019-08-27,0.4703132831982105,0.24477312348183838,-0.5286901158948544
ROS1-02-0005,2019-08-27,0.2062470990306283,0.0935773606924183,-0.33655733717754976
ROS1-07-0011,2019-08-27,0.2016176307939715,0.11602667514175503,-0.3067304022301923
ROS1-01-0031,2019-08-27,0.31007781404039064,0.1435406119483677,-0.3702041117571722
ROS1-07-0011,2019-08-27,0.1960754698719393,0.11574092393451972,-0.2921796174332439
ROS1-07-0045,2019-08-27,0.43064761412303665,0.22115723958971967,-0.44874188294362505
ROS1-08-0010,2019-08-27,0.4156183940288179,0.19815442670850658,-0.47932701845304765
ROS1-07-0012,2019-08-27,0.2080078087745362,0.10899074807357688,-0.329383881434892
ROS1-07-0011,2019-08-27,0.20492154791547573,0.11645808595636202,-0.3154162373941944
ROS1-07-0018,2019-08-27,0.3083829978326457,0.17411194136689492,-0.40401590697099
ROS1-15-0014,2019-08-27,0.47125120076495663,0.3282742034886141,-0.47776169663807777
ROS1-15-0003,2019-08-27,0.3565616144561101,0.029276164108534355,-0.6332180161723647
ROS1-15-0006,2019-08-27,0.4574255512673411,0.32765286544808686,-0.46414325385283256
ROS1-22-0016,2019-08-27,0.36203497965150155,0.20039104345831757,-0.3736302123946823
ROS1-42-0006,2019-08-28,0.15198189442791954,0.11406196823559354,-0.28304141073729155
ROS1-36-0022,2019-08-28,0.13924087731766788,0.07818391663457587,-0.27869908730739495
ROS1-42-0008,2019-08-28,0.134446343163048,0.07354042580202175,-0.28833007266930405
ROS1-36-0019,2019-08-28,0.1425343187563011,0.07897429279175917,-0.27329080554715957
ROS1-36-0014,2019-08-28,0.10683036406278143,0.025460778305484322,-0.12706183157052614
ROS1-37-0012,2019-08-28,0.42306124074873686,0.3166565375982089,-0.4956397751106399
ROS1-42-0000,2019-08-28,0.13428796689112435,0.09798005445235687,-0.2677726738761128
ROS1-37-0012,2019-08-28,0.425610614487972,0.3172981377473193,-0.5015249761708952
ROS1-43-0006,2019-08-28,0.20627342442331895,0.15832613023822406,-0.3304185960475895
ROS1-43-0019,2019-08-28,0.21486351026859674,0.14230805154113524,-0.3139612001250318
ROS1-49-0007,2019-08-28,0.22177649287623802,0.14796459215913924,-0.3164952632200673
ROS1-42-0000,2019-08-28,0.13406551701962333,0.09876969652171999,-0.26529115101082607
ROS1-49-0007,2019-08-28,0.22793543939827127,0.14597611471705987,-0.33239140141905016
ROS1-49-0003,2019-08-28,0.19855901003411272,0.13542710605975394,-0.3080879908144393
ROS1-01-0003,2019-08-29,0.23412370081824294,0.10253961687284348,-0.3683843997058829
ROS1-07-0011,2019-08-29,0.22422881211510434,0.1326518421211004,-0.33111080169865226
ROS1-01-0015,2019-08-29,0.4361342761984081,0.2530963641274401,-0.5144683534202158
ROS1-02-0005,2019-08-29,0.20788247669467128,0.0999799972247679,-0.3376307887677457
ROS1-07-0011,2019-08-29,0.22286126875538048,0.13275696035172282,-0.32631459084756476
ROS1-01-0031,2019-08-29,0.30130868753477735,0.14692107404188495,-0.37465621515418257
ROS1-12-0000,2019-08-29,0.1527929666534107,0.06393000796246279,-0.2922575131884737
ROS1-07-0011,2019-08-29,0.22002721041358617,0.13372716757107667,-0.31663201968925236
ROS1-12-0004,2019-08-29,0.5438404248004777,0.3016252235418032,-0.4936767837536967
ROS1-07-0045,2019-08-29,0.4008130924033197,0.2128956924887708,-0.43102648057577775
ROS1-08-0010,2019-08-29,0.38569935870013744,0.20177616543565716,-0.43286277924828803
ROS1-07-0012,2019-08-29,0.21939053536180866,0.12304426457419175,-0.3277850178916051
ROS1-07-0011,2019-08-29,0.22155925999599427,0.13265143404912508,-0.3238946853261656
ROS1-13-0013,2019-08-29,0.20056103682578694,0.09493889912155465,-0.3342694197785327
ROS1-18-0029,2019-08-29,0.3261979001583176,0.1759318604412337,-0.4433133443635421
ROS1-24-0003,2019-08-29,0.19729293683412466,0.08437632156689867,-0.341710424852087
ROS1-18-0007,2019-08-29,0.15619822606333117,0.06475184818244448,-0.28721340440687176
ROS1-25-0008,2019-08-29,0.1712476510020678,0.06631197327074713,-0.3334561620421045
ROS1-18-0030,2019-08-29,0.21503831582081046,0.09750137000129161,-0.354413159996306
ROS1-18-0024,2019-08-29,0.3218313129023345,0.18105070817828245,-0.4272055657880025
ROS1-19-0041,2019-08-29,0.41886977728300867,0.2643299708214681,-0.4899610659779554
ROS1-25-0017,2019-08-29,0.8889951215316404,0.6527044438424612,-0.7950160899243214
ROS1-26-0027,2019-08-29,0.17205210334295143,0.08089061637117051,-0.32741633719173413
ROS1-19-0026,2019-08-29,0.16279809440403784,0.07024988988686785,-0.2959333044498103
ROS1-20-0010,2019-08-29,0.18442289736133402,0.07883877579738484,-0.33319666564624123
ROS1-19-0022,2019-08-29,0.8501567676186518,0.7222724033291826,-0.7008830602005977
ROS1-19-0037,2019-08-29,0.18214420613666288,0.07107109143077503,-0.3048132593753281
ROS1-24-0003,2019-08-29,0.1991347310368744,0.08335384639406708,-0.34701187413142104
ROS1-25-0008,2019-08-29,0.17138477919883574,0.06506666596296817,-0.33775029793610617
ROS1-25-0016,2019-08-29,0.474523254398563,0.26439801581326466,-0.5015182119243508
ROS1-32-0022,2019-08-29,0.16598299031320157,0.09807917873730868,-0.30579042053064526
ROS1-25-0016,2019-08-29,0.45558775550841324,0.25872535417643355,-0.4799088734398436
ROS1-15-0009,2019-08-29,0.4747224278426507,0.2762358848715381,-0.4756772377690155
ROS1-15-0016,2019-08-29,0.3182871161140578,0.18102804081645887,-0.38699666602422655
ROS1-15-0014,2019-08-29,0.469388449661011,0.29235474847627896,-0.49281917138382947
ROS1-15-0003,2019-08-29,0.16839053985829652,0.05333242582077805,-0.31029416890809036
ROS1-16-0006,2019-08-29,0.39051648245086945,0.2446868892850446,-0.434187846771564
ROS1-22-0026,2019-08-29,0.45895684743876025,0.26997048392229445,-0.408938387646502
ROS1-15-0006,2019-08-29,0.4452806543910431,0.30331376504786334,-0.4673340796537372
ROS1-20-0023,2019-08-29,0.24098080486973766,0.1603513658191439,-0.4150082441521421
ROS1-27-0006,2019-08-29,0.21321689338660993,0.10902904650099086,-0.343257786636416
ROS1-21-0013,2019-08-29,0.2039194195816718,0.0883991329254135,-0.33481043917378156
ROS1-26-0031,2019-08-29,0.14784243839604475,0.06661570654694483,-0.2973228574672039
ROS1-27-0009,2019-08-29,0.31610154307225846,0.17515693006429373,-0.48345300834678295
ROS1-20-0007,2019-08-29,0.3168683098295274,0.18846085242233304,-0.4246308979539906
ROS1-21-0034,2019-08-29,0.545553762306645,0.3084747387322497,-0.5607623930985559
ROS1-26-0006,2019-08-29,0.3172263046007417,0.15276537311389266,-0.42348435043841465
ROS1-27-0004,2019-08-29,0.4837640975352758,0.2953866235560918,-0.5120028527217597
ROS1-21-0043,2019-08-29,0.15259741632870136,0.0662460965259953,-0.29918839003122244
ROS1-26-0036,2019-08-29,0.16488201352843734,0.056053534172011706,-0.3059084981233777
ROS1-21-0016,2019-08-29,0.32068443233486615,0.17329126307036238,-0.40283428514659186
ROS1-22-0016,2019-08-29,0.3872509293577922,0.20890496601879358,-0.44147229206136335
ROS1-22-0011,2019-08-29,0.1689822759555042,0.0636352682725198,-0.3073224215804577
ROS1-28-0017,2019-08-29,0.3846420087374065,0.2081944073744606,-0.4645020397493549
ROS1-28-0029,2019-08-29,0.46673262584649605,0.25640349601114193,-0.44047695067196224
ROS1-16-0006,2019-08-29,0.3894934038773219,0.24541559659363735,-0.4318245148288132
ROS1-22-0026,2019-08-29,0.45784180817066544,0.2709321299380106,-0.40605235266966316
ROS1-28-0006,2019-08-29,0.7399839225095193,0.42575392138374224,-0.6559716401044806
ROS1-29-0006,2019-08-29,0.19745873359708907,0.037633599192100575,-0.3314674754903883
ROS1-22-0032,2019-08-29,0.45769621670401095,0.26213010177644763,-0.42475964743660943
ROS1-29-0008,2019-08-29,0.39043503038882726,0.26490674633982464,-0.43794528589574755
ROS1-32-0018,2019-08-29,0.4774552727016894,0.30670469340094975,-0.5305016575140583
ROS1-33-0014,2019-08-29,0.2787244386601105,0.18608538966860508,-0.3929627344645171
ROS1-32-0022,2019-08-29,0.16716773398537693,0.09857108986364319,-0.303237719159868
ROS1-33-0018,2019-08-29,0.3012181905515095,0.17725024206803763,-0.41118092576905385
ROS1-27-0021,2019-08-29,0.3207897369508716,0.17243272110015606,-0.4305315606268571
ROS1-32-0015,2019-08-29,0.1763455707648381,0.08241280543489099,-0.3226509427206394
ROS1-33-0014,2019-08-29,0.27994455772917815,0.18588418292207037,-0.3988064990828992
ROS1-33-0018,2019-08-29,0.30217822369217096,0.17647985230738694,-0.417696798626543
ROS1-33-0010,2019-08-29,0.1766265506392257,0.05975955990430353,-0.3330745948678684
ROS1-28-0030,2019-08-29,0.1717599869370089,0.06230772520938337,-0.30964023705259164
ROS1-33-0009,2019-08-29,0.15534741286871215,0.06441185703612544,-0.30567715841159254
ROS1-34-0003,2019-08-29,0.3660713384301317,0.24982973607552675,-0.4421539378207053
ROS1-28-0006,2019-08-29,0.7244348644244162,0.4294925972296086,-0.6359052250794056
ROS1-33-0010,2019-08-29,0.1763374967946957,0.06151017802569373,-0.3207249067195772
ROS1-33-0009,2019-08-29,0.1520441326762908,0.06394648522215497,-0.2963256503170787
ROS1-34-0003,2019-08-29,0.3627814208724774,0.24953027275693784,-0.4367526748580383
ROS1-18-0029,2019-08-31,0.2961144034101887,0.17738862774419634,-0.3949823999241049
ROS1-24-0003,2019-08-31,0.17318120044358806,0.08771954514601127,-0.28635500326529567
ROS1-25-0008,2019-08-31,0.14939667322892414,0.06890780250749295,-0.2761486880679431
ROS1-18-0030,2019-08-31,0.1803898673067035,0.09412209361707521,-0.29811432390772746
ROS1-19-0041,2019-08-31,0.40472273407021675,0.26859347599851197,-0.47626387348480803
ROS1-25-0017,2019-08-31,0.8585470886630412,0.6730299439645736,-0.7492385142497977
ROS1-26-0027,2019-08-31,0.13285604799030723,0.07160048932658584,-0.266002180486689
ROS1-19-0026,2019-08-31,0.13720868457348284,0.0673532678656518,-0.25859162597242163
ROS1-20-0010,2019-08-31,0.15345011661543473,0.0812072157702307,-0.2654167811144227
ROS1-19-0022,2019-08-31,0.8472182803707671,0.753469602704001,-0.694641364934673
ROS1-19-0037,2019-08-31,0.16268384588674514,0.07027944155491539,-0.2806412244957732
ROS1-24-0003,2019-08-31,0.17115943814455878,0.08748754641762992,-0.2816898780560345
ROS1-30-0009,2019-08-31,0.28157366524718314,0.2073086489503533,-0.3823822575204821
ROS1-24-0026,2019-08-31,0.21786769236005207,0.16202329280515126,-0.3350051307946869
ROS1-25-0008,2019-08-31,0.14744146458871524,0.06866032998747956,-0.2708729596756336
ROS1-30-0001,2019-08-31,0.18459808571272385,0.09481338982382158,-0.293443653764219
ROS1-37-0025,2019-08-31,0.28321099416558493,0.19507896446003622,-0.40065888642758213
ROS1-25-0016,2019-08-31,0.3995200116007886,0.2436443769841134,-0.4332703786825479
ROS1-30-0006,2019-08-31,0.14697729629114836,0.06809610212565446,-0.27657778653996085
ROS1-24-0006,2019-08-31,0.13193947187606456,0.07086284899608929,-0.25194157816954704
ROS1-25-0023,2019-08-31,0.26433924394060054,0.14611349731667705,-0.3557640516315355
ROS1-30-0013,2019-08-31,0.24401507503733486,0.16858519018497453,-0.3927916403723381
ROS1-31-0028,2019-08-31,0.14275833397601087,0.06147930265455426,-0.2800328955973316
ROS1-36-0014,2019-08-31,0.167057551704197,0.11134056245241256,-0.30300584986488316
ROS1-31-0009,2019-08-31,0.16093160164007198,0.07870408423673397,-0.32107931869321465
ROS1-37-0049,2019-08-31,0.15244599942339399,0.10105434233277949,-0.31311785903807193
ROS1-31-0024,2019-08-31,0.23219198806116356,0.15602037777568634,-0.3544218065816353
ROS1-32-0022,2019-08-31,0.1331245197081378,0.09757857620334047,-0.24301106064713218
ROS1-37-0025,2019-08-31,0.29170948146574033,0.19540928831536164,-0.4195203157972178
ROS1-25-0016,2019-08-31,0.4275769552503046,0.2514608801535191,-0.4684936097889907
ROS1-31-0038,2019-08-31,0.4952712025838413,0.35787589249423174,-0.5640725645578712
ROS1-31-0028,2019-08-31,0.15016735605232617,0.05959401216946078,-0.3206277694541067
ROS1-38-0001,2019-08-31,0.14080444003196935,0.0653448886422458,-0.24347441514758303
ROS1-27-0006,2019-08-31,0.1912789254837778,0.11245638953568766,-0.30462954626233074
ROS1-26-0031,2019-08-31,0.1342752057942495,0.07324122509472152,-0.26097895300201435
ROS1-27-0009,2019-08-31,0.2592450899521379,0.18577320318908055,-0.38667357073046305
ROS1-21-0034,2019-08-31,0.47896896509539655,0.31946176678876065,-0.5010937019603771
ROS1-26-0036,2019-08-31,0.1222737637355724,0.05260614537015847,-0.21590035126639479
ROS1-28-0017,2019-08-31,0.32735188153452155,0.22705216344969764,-0.3696736863384095
ROS1-28-0006,2019-08-31,0.7022903699869719,0.47273138514233004,-0.6021455078615391
ROS1-32-0018,2019-08-31,0.4550882101445858,0.29809925467885406,-0.5267133773333028
ROS1-33-0014,2019-08-31,0.1564461760779956,0.1923493233545156,-0.2119527208489192
ROS1-32-0022,2019-08-31,0.1337158145767279,0.14640590694348146,-0.21010363779907457
ROS1-33-0018,2019-08-31,0.15481465900175106,0.154398772831961,-0.22094194610185908
ROS1-27-0021,2019-08-31,0.3131864543510149,0.17023292416731595,-0.4331990040255331
ROS1-32-0015,2019-08-31,0.1655505561157308,0.08087276143353,-0.3228980975859766
ROS1-33-0014,2019-08-31,0.16079020121572393,0.18089860681116862,-0.21843138498921796
ROS1-33-0018,2019-08-31,0.16365514946969087,0.1551930410355708,-0.22839954580197375
ROS1-33-0010,2019-08-31,0.15795630477473652,0.06606338791184115,-0.2702007681886937
ROS1-28-0030,2019-08-31,0.14940282372929437,0.06632480349281336,-0.25388033504906116
ROS1-33-0009,2019-08-31,0.12360553433229195,0.0595754949492924,-0.2501654979038354
ROS1-34-0003,2019-08-31,0.34246365977497206,0.25166720369532947,-0.414993934953751
ROS1-28-0006,2019-08-31,0.6870012426714822,0.46319266485710314,-0.5841325603951076
ROS1-42-0006,2019-08-31,0.14955215122952165,0.10761399322444945,-0.2909029797260413
ROS1-36-0022,2019-08-31,0.13136268542521534,0.06467986724230108,-0.2829245494972412
ROS1-37-0025,2019-08-31,0.28204246337870054,0.19616523386034168,-0.3967877093045685
ROS1-42-0008,2019-08-31,0.13307160743640348,0.06654046476692733,-0.29556572623572386
ROS1-30-0006,2019-08-31,0.14519086663330907,0.06807954974850004,-0.2700285076758545
ROS1-36-0019,2019-08-31,0.1330267581547279,0.06635822424461811,-0.2766605751848532
ROS1-30-0013,2019-08-31,0.2424925578787814,0.1681699505732214,-0.3910191876890571
ROS1-31-0028,2019-08-31,0.14057856728183896,0.06124740771099596,-0.2730493809146396
ROS1-36-0014,2019-08-31,0.1657735301435463,0.11157406819459788,-0.29914749946830677
ROS1-37-0012,2019-08-31,0.42301364536094616,0.3026940801111923,-0.5167831000097826
ROS1-42-0000,2019-08-31,0.14705831722611665,0.06712116985988982,-0.31096432763615556
ROS1-31-0009,2019-08-31,0.15428736387292774,0.07830244897064295,-0.29900753632158394
ROS1-37-0049,2019-08-31,0.1497906470079709,0.1010211897224281,-0.3027797527104109
ROS1-38-0002,2019-08-31,0.16681222707423582,0.0763541874875075,-0.2827652424387902
ROS1-31-0038,2019-08-31,0.48164757633834565,0.35470229855994984,-0.5440097857783043
ROS1-37-0012,2019-08-31,0.4301094627793749,0.30232372563490156,-0.5310888990537078
ROS1-38-0001,2019-08-31,0.1405911934006725,0.06647515291901557,-0.233659779468045
ROS1-43-0006,2019-08-31,0.1942562793741902,0.1417246138997993,-0.3310481956370773
ROS1-43-0019,2019-08-31,0.2164666214995876,0.13466294534907888,-0.32689186756753796
ROS1-49-0007,2019-08-31,0.23170138090748713,0.13219564018189325,-0.34424244910336654
ROS1-42-0000,2019-08-31,0.1472479723398629,0.0672543946549792,-0.30985207752752236
ROS1-49-0004,2019-08-31,0.1577402994828096,0.10044583552504233,-0.31039865738835637
ROS1-49-0007,2019-08-31,0.23709014361010153,0.13265374872804728,-0.35671068110690696
ROS1-49-0003,2019-08-31,0.1979129600401849,0.12016614644254256,-0.3210079352698866
ROS1-33-0010,2019-08-31,0.1582349927426861,0.06645565576433779,-0.2696757717542157
ROS1-33-0009,2019-08-31,0.12344629006514322,0.059629727474816915,-0.24938630100246537
ROS1-34-0003,2019-08-31,0.3413842398860626,0.25117794862302056,-0.41393696830015625
ROS1-18-0029,2019-08-31,0.29608526878456787,0.17725866648629696,-0.39497072683987505
ROS1-18-0007,2019-08-31,0.13333017695118396,0.06546943006621922,-0.23756465535208066
ROS1-18-0024,2019-08-31,0.2920145052658717,0.18369430393416783,-0.38081096986699403
ROS1-30-0009,2019-08-31,0.2815896600412685,0.20733568442147052,-0.38217537243003813
ROS1-24-0006,2019-08-31,0.13194359855794743,0.07086120281658609,-0.2517174585466439
ROS1-01-0015,2019-09-01,0.39770239682809,0.22623839549292582,-0.4779007630241675
ROS1-02-0005,2019-09-01,0.17807051990513692,0.08824154298804542,-0.2904061597890555
ROS1-01-0031,2019-09-01,0.3030181696335908,0.14512576042442554,-0.3316705724885054
ROS1-15-0009,2019-09-01,0.48778444228197326,0.27925749310395803,-0.474090930192126
ROS1-15-0014,2019-09-01,0.21659762180316566,0.08073843038736396,-0.33165357011486635
ROS1-15-0003,2019-09-01,0.1630851342248123,0.04861907137881004,-0.28278316770166884
ROS1-16-0006,2019-09-01,0.39948755729162333,0.24229789235047902,-0.43956967233312894
ROS1-22-0026,2019-09-01,0.4017286753823553,0.20885659257674496,-0.39233051829008
ROS1-15-0006,2019-09-01,0.4217621751941857,0.2777821468141292,-0.4619833009056503
ROS1-22-0016,2019-09-01,0.40646769646133224,0.2182138856456331,-0.44141391162943905
ROS1-16-0006,2019-09-01,0.3969413981034239,0.2438046257337004,-0.4325689297247923
ROS1-22-0026,2019-09-01,0.3974056530588832,0.21010094347123565,-0.38465300541452807
ROS1-36-0014,2019-09-02,0.16299039326418258,0.11146841498952763,-0.29831449301427754
ROS1-42-0006,2019-09-02,0.15407473009489786,0.11185935178785092,-0.29574285960329433
ROS1-36-0022,2019-09-02,0.1422599429494252,0.07435563618128968,-0.2894894262026507
ROS1-42-0008,2019-09-02,0.1408408918487109,0.0750087645190486,-0.30278072886231056
ROS1-36-0019,2019-09-02,0.14768677839694896,0.0776647485192282,-0.28573551290419946
ROS1-36-0014,2019-09-02,0.16194258370717615,0.11107760544487735,-0.29659317010989644
ROS1-37-0012,2019-09-02,0.4170082118181309,0.3012913652301752,-0.5163203896915985
ROS1-42-0000,2019-09-02,0.14730974968208146,0.07238766573593347,-0.3075564343717509
ROS1-37-0012,2019-09-02,0.43552063836225974,0.3042787839327401,-0.5481145959112427
ROS1-43-0006,2019-09-02,0.19954276742769364,0.14813494711708616,-0.3376790856764336
ROS1-43-0019,2019-09-02,0.21830367096802164,0.13804702443562178,-0.33343334409351083
ROS1-49-0007,2019-09-02,0.22933712482836985,0.13318413469162424,-0.3433451352216408
ROS1-42-0000,2019-09-02,0.14842957159772144,0.07270627818058571,-0.31074691604875815
ROS1-49-0004,2019-09-02,0.16475495218724598,0.09921944494086796,-0.3279977055999028
ROS1-49-0007,2019-09-02,0.23964493775396295,0.1338705433090104,-0.36666793174233303
ROS1-49-0003,2019-09-02,0.19697855568867506,0.11838817891540392,-0.328903984829672
ROS1-01-0003,2019-09-03,0.21203114102008913,0.09730184074454644,-0.3355009809756556
ROS1-07-0011,2019-09-03,0.15774057889772214,0.08312388075636584,-0.2872193955334603
ROS1-01-0015,2019-09-03,0.3596795307109966,0.22182565912496774,-0.46111919768675874
ROS1-02-0005,2019-09-03,0.1870702421515617,0.09967427903665815,-0.28758434316034426
ROS1-07-0011,2019-09-03,0.1550376609756165,0.08067810797803456,-0.280854209411432
ROS1-01-0031,2019-09-03,0.11787649878172465,0.1929487712335293,-0.12527683385801106
ROS1-12-0000,2019-09-03,0.13133461490514559,0.05779996504979225,-0.2555512844626905
ROS1-07-0011,2019-09-03,0.14726335546251143,0.08000822175857925,-0.2566778329796613
ROS1-12-0004,2019-09-03,0.30348978970657847,0.1582789096451565,-0.3812880940962754
ROS1-07-0045,2019-09-03,0.34568902455611,0.1843614364271766,-0.37713318409090224
ROS1-08-0010,2019-09-03,0.25539020804233925,0.27737890737917686,-0.25257349485311215
ROS1-07-0012,2019-09-03,0.2094516740486382,0.12628608216610587,-0.29664092769411
ROS1-07-0011,2019-09-03,0.15525875985003199,0.0813091098646471,-0.2790154704982351
ROS1-07-0018,2019-09-03,0.20455481235658085,0.14376580645737264,-0.2738374603028898
ROS1-13-0013,2019-09-03,0.14487429857036693,0.10503390398455918,-0.2126359783351109
ROS1-18-0029,2019-09-03,0.29376021535291647,0.16018371480140495,-0.41048462645405814
ROS1-24-0003,2019-09-03,0.18157078995705755,0.08227479803103274,-0.3185466951706058
ROS1-18-0007,2019-09-03,0.13532074639617186,0.0573028124718449,-0.25849656234432034
ROS1-25-0008,2019-09-03,0.13696326947929038,0.048764625671833504,-0.27262562421997893
ROS1-18-0030,2019-09-03,0.16889650850441418,0.08077670175749395,-0.30745811419381947
ROS1-18-0024,2019-09-03,0.29210650722338155,0.16289792321486476,-0.4068316535395628
ROS1-19-0041,2019-09-03,0.3781727474972103,0.23674155262356386,-0.4711884758863519
ROS1-25-0017,2019-09-03,0.8643003133202769,0.6175309304903973,-0.7664871092697225
ROS1-26-0027,2019-09-03,0.15005618835127307,0.07481001251694748,-0.29314832007365726
ROS1-19-0026,2019-09-03,0.1423872826822385,0.058301483447197766,-0.27061121222065243
ROS1-19-0022,2019-09-03,0.8330991345079606,0.724443251594301,-0.6908830286393539
ROS1-19-0037,2019-09-03,0.1699072944830828,0.07253839100369634,-0.29253952237326375
ROS1-24-0003,2019-09-03,0.1951820386408007,0.08315812281858569,-0.3542344028261979
ROS1-25-0008,2019-09-03,0.15141009203081754,0.04932298588071521,-0.3188837958014086
ROS1-25-0016,2019-09-03,0.4146552244644452,0.2198609485034074,-0.47601001193158676
ROS1-32-0022,2019-09-03,0.1505669947747391,0.08142980906293178,-0.29991965467793985
ROS1-25-0016,2019-09-03,0.400678235487725,0.21406440257900577,-0.4566338814117543
ROS1-15-0009,2019-09-03,0.21842122326351748,0.27510585014993527,-0.21583972154433695
ROS1-15-0016,2019-09-03,0.20425144357122085,0.09988107584149573,-0.2900097878630698
ROS1-15-0014,2019-09-03,0.1402561428387042,0.096454576023044,-0.23383375237827572
ROS1-15-0003,2019-09-03,0.15133510529200228,0.055356415271416416,-0.2554569191651691
ROS1-16-0006,2019-09-03,0.1868427296145017,0.2000796560276085,-0.1980704527184441
ROS1-22-0026,2019-09-03,0.3426468653103789,0.221231565264168,-0.36281117979873573
ROS1-15-0006,2019-09-03,0.2579955061816099,0.4125124183182279,-0.23495646834044756
ROS1-27-0006,2019-09-03,0.2026585424691353,0.1113962180822806,-0.31784584627561047
ROS1-21-0013,2019-09-03,0.153948455505185,0.07442899687904087,-0.26715299187337166
ROS1-26-0031,2019-09-03,0.13158722828359068,0.06240466010449169,-0.27030083955492695
ROS1-27-0009,2019-09-03,0.2618959749797643,0.15097250646583907,-0.43280038655535946
ROS1-21-0034,2019-09-03,0.42571240500683255,0.24924550607897172,-0.4847644683904828
ROS1-26-0006,2019-09-03,0.3567240676303985,0.2468875729731688,-0.4375469501271023
ROS1-27-0004,2019-09-03,0.4220952414445062,0.2758968444282764,-0.4600748288074696
ROS1-21-0043,2019-09-03,0.14546965572213214,0.06948069473236931,-0.25701929364506193
ROS1-26-0036,2019-09-03,0.13376914784409932,0.04958956960968796,-0.25431404314359535
ROS1-21-0016,2019-09-03,0.23372795631882878,0.15458257325226152,-0.27477282590620195
ROS1-22-0016,2019-09-03,0.27495118667625,0.26399125719062483,-0.23888606433938478
ROS1-22-0011,2019-09-03,0.1573129583225294,0.13991168330639628,-0.15706502395850608
ROS1-28-0017,2019-09-03,0.3672806408716905,0.18806252167414925,-0.3951499268809856
ROS1-28-0029,2019-09-03,0.3142623739222692,0.233144184908379,-0.3391624708184992
ROS1-16-0006,2019-09-03,0.18493122649149055,0.19566304373251628,-0.19583437747018198
ROS1-22-0026,2019-09-03,0.33113088473824615,0.22491917910979464,-0.3397958630942501
ROS1-28-0006,2019-09-03,0.6490947800557173,0.3849015219143616,-0.566408213211666
ROS1-29-0006,2019-09-03,0.17472083241707806,0.03941059717448063,-0.2432849324690568
ROS1-22-0032,2019-09-03,0.35339243948700594,0.20730334835435205,-0.3744817406669727
ROS1-29-0008,2019-09-03,0.4025081428961623,0.2838772930565814,-0.44146940536058155
ROS1-32-0018,2019-09-03,0.4307819052390828,0.2765960677980269,-0.5082635689874845
ROS1-33-0014,2019-09-03,0.2750304952152336,0.18641701131502647,-0.3971305820224142
ROS1-32-0022,2019-09-03,0.15618476188424735,0.08447227138179014,-0.3060126749477039
ROS1-33-0018,2019-09-03,0.287991724122768,0.17546257109191263,-0.4078118539002516
ROS1-27-0021,2019-09-03,0.2899062472434117,0.16283452942351556,-0.404593476829734
ROS1-32-0015,2019-09-03,0.16383489177992364,0.07695045852011945,-0.30650708160087603
ROS1-33-0014,2019-09-03,0.2709413736608306,0.1851771971737615,-0.3887806885416389
ROS1-33-0018,2019-09-03,0.28532275010978436,0.17502025383216369,-0.39908019967766306
ROS1-33-0010,2019-09-03,0.17563276941833386,0.0650967644055186,-0.29038136486801314
ROS1-28-0030,2019-09-03,0.1466169152898885,0.0604810612027497,-0.25174078285717316
ROS1-33-0009,2019-09-03,0.1343397221515759,0.055510530373698734,-0.26002397565588614
ROS1-34-0003,2019-09-03,0.3562443865040451,0.24745704053107856,-0.43506925900885673
ROS1-28-0006,2019-09-03,0.6194387771856492,0.38420743668185936,-0.5337798744924445
ROS1-33-0010,2019-09-03,0.17402806159817583,0.06650616569668114,-0.2785404667605191
ROS1-33-0009,2019-09-03,0.1312647757414286,0.055188937779579395,-0.25007843369922955
ROS1-34-0003,2019-09-03,0.35184376278223845,0.246600224188419,-0.4279947339295157
ROS1-18-0029,2019-09-05,0.241565865823729,0.1605149137597663,-0.32434671278035854
ROS1-24-0003,2019-09-05,0.17193464925249086,0.08678816941499524,-0.2918032017067829
ROS1-25-0008,2019-09-05,0.14374496271681675,0.06553795155266529,-0.2701305106762129
ROS1-18-0024,2019-09-05,0.2640361009949193,0.16447813203438222,-0.36307093731473067
ROS1-19-0041,2019-09-05,0.38857411606408365,0.2519683864769751,-0.4421882818267049
ROS1-25-0017,2019-09-05,0.7967634663491094,0.560123930647329,-0.7084365397048838
ROS1-26-0027,2019-09-05,0.1516462529150779,0.07474111419570542,-0.3122158559526103
ROS1-19-0026,2019-09-05,0.12862932421527656,0.06964371417733475,-0.21226663314805916
ROS1-20-0010,2019-09-05,0.15920584907268778,0.0750211526198412,-0.2881699389600977
ROS1-24-0003,2019-09-05,0.16508023929980378,0.08678834420472384,-0.2718389617122474
ROS1-30-0009,2019-09-05,0.27413816311862127,0.19908402308545525,-0.3859568444767737
ROS1-24-0026,2019-09-05,0.21429334324329463,0.15801365475420193,-0.3360596147721637
ROS1-25-0008,2019-09-05,0.13748224743176674,0.06528932155871185,-0.24882040201630953
ROS1-30-0001,2019-09-05,0.19525351306625807,0.08837646772496009,-0.31818966584047736
ROS1-37-0025,2019-09-05,0.29267394992827767,0.19340169621723846,-0.42252205322089675
ROS1-25-0016,2019-09-05,0.367337248779288,0.20807949766568315,-0.4276542314034021
ROS1-30-0006,2019-09-05,0.1645730095449699,0.0709464246333941,-0.31104621487985523
ROS1-24-0006,2019-09-05,0.12643105513589897,0.06627423340809623,-0.2469761639638376
ROS1-25-0023,2019-09-05,0.2118054665281648,0.11029090528901832,-0.3298955447342129
ROS1-30-0013,2019-09-05,0.2339550015142695,0.1494862851715737,-0.40967528263634234
ROS1-31-0028,2019-09-05,0.15715118656378688,0.06227609490470734,-0.32312770797272106
ROS1-36-0014,2019-09-05,0.1622875365048192,0.10517719010369284,-0.30665873488463524
ROS1-31-0009,2019-09-05,0.1690043751452956,0.07870656427752189,-0.33750669215397633
ROS1-37-0049,2019-09-05,0.15740466054168611,0.10370483072293317,-0.31965974834299626
ROS1-31-0024,2019-09-05,0.22769698806381963,0.14811546978321524,-0.3610094040019464
ROS1-32-0022,2019-09-05,0.15232619266994996,0.08573903315079204,-0.3094731376249399
ROS1-37-0025,2019-09-05,0.2945075187304628,0.1947586967221641,-0.42724035621994155
ROS1-25-0016,2019-09-05,0.3688664510708952,0.20985454768222916,-0.43267687071406297
ROS1-31-0038,2019-09-05,0.4898991172259671,0.344890799714673,-0.5672596468138404
ROS1-31-0028,2019-09-05,0.15949871378712513,0.0633901004019931,-0.328742300470439
ROS1-38-0001,2019-09-05,0.1820219461805359,0.08676412983161517,-0.3594470303833339
ROS1-27-0006,2019-09-05,0.20354510933921832,0.12065260633899862,-0.3128882212835105
ROS1-26-0031,2019-09-05,0.1341090243510537,0.06757722617546434,-0.2678090047990642
ROS1-27-0009,2019-09-05,0.2562305567475631,0.15859292806290332,-0.42879129244088643
ROS1-21-0034,2019-09-05,0.38443227030694793,0.2605071245046055,-0.45955536468542446
ROS1-26-0006,2019-09-05,0.2732325767712992,0.15380504662525532,-0.35852179014059765
ROS1-27-0004,2019-09-05,0.4156446493568199,0.2846892766246255,-0.45414414728222985
ROS1-26-0036,2019-09-05,0.13976254619558917,0.05678445551775723,-0.24769595224715346
ROS1-28-0017,2019-09-05,0.3796506693571274,0.22736090418998722,-0.43481403148785175
ROS1-28-0006,2019-09-05,0.6564678886959546,0.4195702178186624,-0.5805799689233987
ROS1-32-0018,2019-09-05,0.4413322972136059,0.2911341045874275,-0.5224747243224118
ROS1-33-0014,2019-09-05,0.27486508907771123,0.18893694170087613,-0.40231644028591584
ROS1-32-0022,2019-09-05,0.1535736639112204,0.08833291186847514,-0.3048122511431078
ROS1-33-0018,2019-09-05,0.28829573816939674,0.17498682869133603,-0.4146048403300937
ROS1-27-0021,2019-09-05,0.28744895945692606,0.16514468998121037,-0.4054572921275561
ROS1-32-0015,2019-09-05,0.16881369935144272,0.08464561736532762,-0.31663167512854723
ROS1-33-0014,2019-09-05,0.274606735567546,0.18863395889908194,-0.40182665658014016
ROS1-33-0018,2019-09-05,0.2884723903410794,0.17467790337228406,-0.4145348834578548
ROS1-33-0010,2019-09-05,0.1964015629749782,0.07470875928933438,-0.3389748528306597
ROS1-28-0030,2019-09-05,0.1629193461456661,0.06485395568856478,-0.29148560373841925
ROS1-33-0009,2019-09-05,0.1886523630516823,0.08329972214831555,-0.30667165056982953
ROS1-34-0003,2019-09-05,0.3775049410589686,0.26538557416930253,-0.4592165406784775
ROS1-28-0006,2019-09-05,0.6526888058593173,0.42229707654126597,-0.5744649067835439
ROS1-42-0006,2019-09-05,0.15515418657280586,0.10822140374059969,-0.3011477199269639
ROS1-36-0022,2019-09-05,0.1431534648158578,0.06671220937238595,-0.3093688322058317
ROS1-37-0025,2019-09-05,0.292117958623469,0.19410008007440108,-0.42073353808246255
ROS1-42-0008,2019-09-05,0.15525774718236676,0.07421434662701386,-0.34207648335561086
ROS1-30-0006,2019-09-05,0.16415490349660009,0.07106032121031985,-0.30889150112360025
ROS1-36-0019,2019-09-05,0.14490323712404482,0.06841252489901485,-0.3028850377733364
ROS1-30-0013,2019-09-05,0.2313094157121346,0.14902051285456178,-0.4062045885722192
ROS1-31-0028,2019-09-05,0.15604641316629997,0.06194531178991322,-0.3207928258663921
ROS1-36-0014,2019-09-05,0.16066892667046687,0.1048248423585409,-0.30396376698636346
ROS1-37-0012,2019-09-05,0.43234460658612917,0.29496906481838836,-0.5432286048527567
ROS1-42-0000,2019-09-05,0.15338096535841428,0.06548261041014897,-0.3337607024626822
ROS1-31-0009,2019-09-05,0.1632364667664805,0.07825469401616261,-0.31938929298727275
ROS1-37-0049,2019-09-05,0.15589846864122664,0.10410353668405908,-0.3119489556038767
ROS1-38-0002,2019-09-05,0.16340768516343393,0.07680092665677014,-0.31944139817738615
ROS1-31-0038,2019-09-05,0.4801914329572644,0.3433498347078889,-0.552188783925723
ROS1-37-0012,2019-09-05,0.42540856431607926,0.29397654772568316,-0.5323575778066014
ROS1-38-0001,2019-09-05,0.18078875697560598,0.08913334508613907,-0.3420710783031585
ROS1-43-0006,2019-09-05,0.20018260262345638,0.1442480251174607,-0.3427450299677647
ROS1-43-0019,2019-09-05,0.21577270865755957,0.1319597275932069,-0.3337729688378525
ROS1-49-0007,2019-09-05,0.23755767944369793,0.13319211706758582,-0.35704237800031774
ROS1-42-0000,2019-09-05,0.1483833225018494,0.0666261069706777,-0.31264160017337045
ROS1-49-0004,2019-09-05,0.16212228197243178,0.09763981056436749,-0.3172458965951553
ROS1-49-0007,2019-09-05,0.2349543174681628,0.13269812672221745,-0.35225235960301954
ROS1-49-0003,2019-09-05,0.19480839625842206,0.11849804395059904,-0.32001430894664445
ROS1-33-0010,2019-09-05,0.19514030583937175,0.07556410875965573,-0.3316144358758478
ROS1-33-0009,2019-09-05,0.18683671063041407,0.08318832396864723,-0.30164637318630644
ROS1-34-0003,2019-09-05,0.37528156719448574,0.26515437330759983,-0.4558276602288521
ROS1-01-0003,2019-09-06,0.028654995297147448,0.06592781079576968,-0.08045794881200267
ROS1-01-0015,2019-09-06,0.25470181111753454,0.224575531710292,-0.3631044661564027
ROS1-02-0005,2019-09-06,0.17435040261101353,0.08305243845839776,-0.26635035441222854
ROS1-15-0014,2019-09-06,0.196709988994442,0.09395437841387405,-0.28796063970930746
ROS1-15-0003,2019-09-06,-0.07986636553214298,-0.035490217995966584,-0.06468142986145692
ROS1-16-0006,2019-09-06,0.4059210526997308,0.2840205008890384,-0.4324662349106008
ROS1-22-0026,2019-09-06,0.32013734472174693,0.1501102386172841,-0.38994610355201903
ROS1-15-0006,2019-09-06,0.39685928573455015,0.27568547567288365,-0.4404619754089728
ROS1-22-0016,2019-09-06,0.3452864732420319,0.24101347236004844,-0.3847526080609612
ROS1-16-0006,2019-09-06,0.4178713235061662,0.2952217232483088,-0.4427068294294351
ROS1-22-0026,2019-09-06,0.3201082849745376,0.15247868847325952,-0.3932683026235259
ROS1-18-0029,2019-09-10,0.28735785567230926,0.17672526909917066,-0.3973747430381997
ROS1-24-0003,2019-09-10,0.1786833005784359,0.09283876574302875,-0.3005491380976833
ROS1-18-0007,2019-09-10,0.1457932044620536,0.07053520701006775,-0.25329476814614843
ROS1-25-0008,2019-09-10,0.16340026457020967,0.08002512661938588,-0.2899254561638071
ROS1-18-0030,2019-09-10,0.1851682705615698,0.09936966489359231,-0.3007611095225242
ROS1-18-0024,2019-09-10,0.2214893675550262,0.12989899718300366,-0.3245738507365745
ROS1-19-0041,2019-09-10,0.37704532330035717,0.2570922802238535,-0.4793159315097014
ROS1-25-0017,2019-09-10,0.7919798220838951,0.6432483749151843,-0.7066817841220231
ROS1-26-0027,2019-09-10,0.15769412410593536,0.07196907207051935,-0.31295838116591373
ROS1-19-0026,2019-09-10,0.15363859337242716,0.07009221221279932,-0.266803711027015
ROS1-20-0010,2019-09-10,0.171562703850206,0.07955307617577859,-0.31593636674638736
ROS1-19-0022,2019-09-10,0.794653281134962,0.6909501253247134,-0.6657800281201076
ROS1-19-0037,2019-09-10,0.16990513560649503,0.08062643884825943,-0.2726979310934152
ROS1-24-0003,2019-09-10,0.17720344722314432,0.09285763987421551,-0.2961889332990939
ROS1-30-0009,2019-09-10,0.2749752894830113,0.20444435025852922,-0.3933510292683758
ROS1-24-0026,2019-09-10,0.19687902319345404,0.14805763117112122,-0.33370627714461293
ROS1-25-0008,2019-09-10,0.16196969720233692,0.08004806711742815,-0.2853473820206229
ROS1-30-0001,2019-09-10,0.18430923773097546,0.09602481019219268,-0.30365043880087345
ROS1-37-0025,2019-09-10,0.2829730174825817,0.2000427653730541,-0.40813409415077523
ROS1-25-0016,2019-09-10,0.36029054489506757,0.21438229976415718,-0.4261873738918096
ROS1-30-0006,2019-09-10,0.16518318172144808,0.07733790706471878,-0.302781102617882
ROS1-24-0006,2019-09-10,0.13897345389082977,0.07478293610055475,-0.26032464246236153
ROS1-25-0023,2019-09-10,0.20213961324651034,0.10665393870289767,-0.33662765636795317
ROS1-30-0013,2019-09-10,0.23160223416262174,0.15635585887497522,-0.4104778706924737
ROS1-31-0028,2019-09-10,0.1503332177546549,0.06718798157053564,-0.2841813454545232
ROS1-36-0014,2019-09-10,0.16339571044871834,0.11165324971436502,-0.30932986932778167
ROS1-31-0009,2019-09-10,0.16030307544894157,0.0800133175560471,-0.30581938063490655
ROS1-37-0049,2019-09-10,0.15331169536378125,0.10449320614378586,-0.31464766763891827
ROS1-31-0024,2019-09-10,0.2237973324184665,0.15198156607150382,-0.3523563163402581
ROS1-32-0022,2019-09-10,0.15089906490985303,0.08902250096597562,-0.3005736425581722
ROS1-37-0025,2019-09-10,0.28962604663763547,0.20124716193155145,-0.4210780074633095
ROS1-25-0016,2019-09-10,0.3773962845304846,0.21847675230812943,-0.45162651467043147
ROS1-31-0038,2019-09-10,0.46265905637576094,0.3380690700312484,-0.5448621570695807
ROS1-31-0028,2019-09-10,0.15706251744554448,0.06660797662668629,-0.3110153204949905
ROS1-38-0001,2019-09-10,0.15354121672701457,0.0717191178327131,-0.3163713024885748
ROS1-27-0006,2019-09-10,0.2220300183019137,0.13394634113715864,-0.32950145641668105
ROS1-26-0031,2019-09-10,0.14907933900101503,0.080156948047608,-0.28549632294503047
ROS1-27-0009,2019-09-10,0.24909003007494537,0.1607708546172905,-0.4217178463858195
ROS1-21-0034,2019-09-10,0.31999670924137885,0.21951694149626644,-0.45283351812020467
ROS1-26-0006,2019-09-10,0.2724082192666286,0.15474698630506387,-0.36243447072483387
ROS1-27-0004,2019-09-10,0.4180182845323757,0.289316865152271,-0.4693622443514792
ROS1-26-0036,2019-09-10,0.15636527206584874,0.0639903308399611,-0.2689782339890506
ROS1-28-0017,2019-09-10,0.19087804390555213,0.10153662992037812,-0.3101386048901532
ROS1-28-0006,2019-09-10,0.5218324851516437,0.3311133362063237,-0.5039399581729925
ROS1-32-0018,2019-09-10,0.41289248797444034,0.27655140927484434,-0.5077316057105368
ROS1-33-0014,2019-09-10,0.27781805417073785,0.2011083981469398,-0.40312381133287556
ROS1-32-0022,2019-09-10,0.15354747040319783,0.0923548448760466,-0.2982479940976776
ROS1-33-0018,2019-09-10,0.27848983180420944,0.17531041970906425,-0.40413137970057705
ROS1-27-0021,2019-09-10,0.28597500103351026,0.1689615061653202,-0.4090687820299391
ROS1-32-0015,2019-09-10,0.16744983294784052,0.08742581667918481,-0.3068656305700453
ROS1-33-0014,2019-09-10,0.27695744099688235,0.20057540224237314,-0.4014282550173256
ROS1-33-0018,2019-09-10,0.2780546461504031,0.17491104215645617,-0.4022756015765733
ROS1-33-0010,2019-09-10,0.21720367676254096,0.0874680698117886,-0.33158543253799244
ROS1-28-0030,2019-09-10,0.1660653779472206,0.07304862940597702,-0.28888113267409254
ROS1-33-0009,2019-09-10,0.27802688006906484,0.13078912143754334,-0.35120056855618276
ROS1-34-0003,2019-09-10,0.38150334326777013,0.28098251977765315,-0.4604473238817886
ROS1-28-0006,2019-09-10,0.5198165227138345,0.333104341181837,-0.49971047514827327
ROS1-42-0006,2019-09-10,0.16111373403450102,0.1181696060702731,-0.3042737451324207
ROS1-36-0022,2019-09-10,0.143234370646887,0.07107649249513948,-0.2955614838407818
ROS1-37-0025,2019-09-10,0.2811740748060885,0.20076194760808508,-0.40313074379447905
ROS1-42-0008,2019-09-10,0.157953724590803,0.0810590652805385,-0.3219888487778641
ROS1-30-0006,2019-09-10,0.16301954292307588,0.0773960645437133,-0.29461428478263946
ROS1-36-0019,2019-09-10,0.14500325138742587,0.07291928982783959,-0.29016516039608714
ROS1-30-0013,2019-09-10,0.2294141640064827,0.15659587029479213,-0.40488175408118954
ROS1-31-0028,2019-09-10,0.1480339401231066,0.06712816337711103,-0.27638852439277073
ROS1-36-0014,2019-09-10,0.16206944343709492,0.11190058473577373,-0.3048464379581484
ROS1-37-0012,2019-09-10,0.40483776848860836,0.29408430899775284,-0.5142430742111448
ROS1-42-0000,2019-09-10,0.14828632476299644,0.06899430815323444,-0.3078453307338337
ROS1-31-0009,2019-09-10,0.15197312938312943,0.07871919506097741,-0.2832499076385348
ROS1-37-0049,2019-09-10,0.1505470716788542,0.10435032379763617,-0.3040271572187868
ROS1-38-0002,2019-09-10,0.15554406473717472,0.07918982434977499,-0.2887382013071663
ROS1-31-0038,2019-09-10,0.4491864064016366,0.33414267304987005,-0.5242883139475351
ROS1-37-0012,2019-09-10,0.40626160959645136,0.292491374416153,-0.5186805892333815
ROS1-38-0001,2019-09-10,0.15092743223118377,0.07440173927363333,-0.29441609316749096
ROS1-43-0006,2019-09-10,0.19146361976945028,0.14060400471845982,-0.3347191032455809
ROS1-43-0019,2019-09-10,0.20718138474617334,0.13456019607331723,-0.31670656974474287
ROS1-49-0007,2019-09-10,0.2178008540910966,0.13414289679235852,-0.3186537543305754
ROS1-42-0000,2019-09-10,0.1473682453900754,0.0687772664564794,-0.3053492045606862
ROS1-49-0004,2019-09-10,0.15781984350593958,0.09840303599360901,-0.3033444082608936
ROS1-49-0007,2019-09-10,0.21728127307902517,0.13379368726200375,-0.31758250503752145
ROS1-49-0003,2019-09-10,0.18602976393050152,0.11824028666715324,-0.3045330225871951
ROS1-33-0010,2019-09-10,0.21706883902486163,0.08777273517886565,-0.32919730150450766
ROS1-33-0009,2019-09-10,0.2769044041969732,0.1304969413881468,-0.349276885896252
ROS1-34-0003,2019-09-10,0.38107864812232667,0.28090494553805323,-0.4594763260070659
ROS1-07-0011,2019-09-11,0.15010798037991052,0.07599226270873045,-0.27364686693691087
ROS1-01-0015,2019-09-11,0.18591960772801536,0.11407623859295375,-0.3380879616260896
ROS1-02-0005,2019-09-11,0.19181934313848317,0.08979859560329459,-0.3257943386107218
ROS1-07-0011,2019-09-11,0.15547195792864718,0.0764186062095275,-0.2904191102614624
ROS1-01-0031,2019-09-11,0.24971908388944378,0.10541931628699736,-0.31954151300384925
ROS1-07-0011,2019-09-11,0.1566236170181866,0.07688878055807437,-0.2935765834586947
ROS1-07-0045,2019-09-11,0.33978461345713756,0.14935867111287698,-0.42851272776989935
ROS1-08-0010,2019-09-11,0.3729612205080821,0.1644530798114629,-0.46543753730281395
ROS1-07-0012,2019-09-11,0.2672344670231103,0.14674325222863369,-0.3600577052058696
ROS1-07-0011,2019-09-11,0.155811929864305,0.07680744451248872,-0.2902706557973713
ROS1-07-0018,2019-09-11,0.25587067061377095,0.1417852182988376,-0.3616050654535078
ROS1-15-0009,2019-09-11,0.21648147214781943,0.0956177918064791,-0.3213979600978899
ROS1-15-0014,2019-09-11,0.1995342776918295,0.08220184585339146,-0.2904161588673211
ROS1-15-0003,2019-09-11,0.17389851346255242,0.054820778544442235,-0.2593498740099259
ROS1-16-0006,2019-09-11,0.3909087156044051,0.28160187044189594,-0.41568005369582767
ROS1-22-0026,2019-09-11,0.28632839950000644,0.12843357801795724,-0.37443022350383953
ROS1-15-0006,2019-09-11,0.3682669626456635,0.23948359957442533,-0.4408581627910796
ROS1-22-0016,2019-09-11,0.3322108141466127,0.2989283625841165,-0.33644965219716416
ROS1-16-0006,2019-09-11,0.39406736781395824,0.28426520312031045,-0.41671638383774845
ROS1-22-0026,2019-09-11,0.2836977176197726,0.1284313446517617,-0.3684821311056781
ROS1-01-0003,2019-09-11,0.18203124937726184,0.07618955383118042,-0.32475995305732025
ROS1-07-0011,2019-09-11,0.1554846614340444,0.07652164197622219,-0.29063408424663306
ROS1-07-0011,2019-09-11,0.15049402955001914,0.07563149907026885,-0.27689611524269175
ROS1-07-0011,2019-09-11,0.1515660877741138,0.0762599787914365,-0.27799886860864725
ROS1-07-0011,2019-09-11,0.14988840392103914,0.07597599347803655,-0.2728082560256569
ROS1-36-0014,2019-09-12,0.09719735110384949,0.05371224903110703,-0.20155192866635735
ROS1-42-0006,2019-09-12,0.15011618529658896,0.11056105007602958,-0.2926657324775295
ROS1-36-0022,2019-09-12,0.1347512596388409,0.07026547822844899,-0.28434667885113024
ROS1-42-0008,2019-09-12,0.1540816059637348,0.08294811034649512,-0.30634033375768843
ROS1-36-0019,2019-09-12,0.13522206526140923,0.07127492379812558,-0.2780991298930135
ROS1-36-0014,2019-09-12,0.09330515179747709,0.04911870930179593,-0.19045442426982603
ROS1-37-0012,2019-09-12,0.3902252423043545,0.28117480252245836,-0.510513340071653
ROS1-42-0000,2019-09-12,0.13452822090576325,0.06545593047502285,-0.294018851897293
ROS1-37-0012,2019-09-12,0.38649832452574495,0.27984419121104337,-0.5040691168303795
ROS1-43-0006,2019-09-12,0.1881254350443502,0.14140392475864047,-0.3274138967858462
ROS1-43-0019,2019-09-12,0.2010634466469253,0.12931251793595455,-0.3206774120204272
ROS1-49-0007,2019-09-12,0.2214886619597271,0.1300537238390562,-0.3427671172517855
ROS1-42-0000,2019-09-12,0.13639521171910007,0.06609435270225526,-0.29728446990787516
ROS1-49-0004,2019-09-12,0.15111708521890418,0.09474781957006104,-0.30088193407414787
ROS1-49-0007,2019-09-12,0.21701813036730852,0.1293229516009724,-0.33273823361759075
ROS1-49-0003,2019-09-12,0.17627915255275958,0.1128659922679656,-0.2994960836717667
ROS1-01-0003,2019-09-13,0.16427221662131064,0.08201924602362237,-0.27701939624624305
ROS1-07-0011,2019-09-13,0.1401507881026646,0.07603992300084235,-0.25895921137765193
ROS1-01-0015,2019-09-13,0.1754874204284631,0.11857072288524662,-0.31973156133808656
ROS1-02-0005,2019-09-13,0.1909872536571887,0.10009375896770158,-0.3068395644842386
ROS1-07-0011,2019-09-13,0.1450801725302518,0.07701396348968001,-0.2732034935923903
ROS1-01-0031,2019-09-13,0.24993471023449138,0.11229796343651624,-0.3316566699416581
ROS1-12-0000,2019-09-13,0.14606597776523644,0.06578982565602191,-0.27203102859507583
ROS1-07-0011,2019-09-13,0.1411113451617056,0.07610829561602553,-0.2635064230601049
ROS1-12-0004,2019-09-13,0.21602331631809896,0.11719801555115852,-0.35562584626074417
ROS1-07-0045,2019-09-13,0.31968672859617236,0.16054035481645973,-0.40202017075048246
ROS1-08-0010,2019-09-13,0.3420334923645785,0.1769442422929723,-0.42357027960915633
ROS1-07-0012,2019-09-13,0.2683620348510725,0.1637198290057553,-0.3439894732191586
ROS1-07-0011,2019-09-13,0.14254039934971463,0.07635757313595587,-0.26707608069399097
ROS1-07-0018,2019-09-13,0.24216244678637222,0.14615063338782122,-0.3544650885546729
ROS1-13-0013,2019-09-13,0.113840796082533,0.02418524819458226,-0.16513544683239306
ROS1-18-0029,2019-09-13,0.29205039288674073,0.15966165430082768,-0.42184558333169947
ROS1-24-0003,2019-09-13,0.17278097776159054,0.07952325444961404,-0.3069986454709372
ROS1-18-0007,2019-09-13,0.14808088764727154,0.06259056574779036,-0.2673649583921469
ROS1-25-0008,2019-09-13,0.15584000345018906,0.06651600619112626,-0.2889858149895244
ROS1-18-0030,2019-09-13,0.17751093575842827,0.08401930149321624,-0.32543707814671385
ROS1-18-0024,2019-09-13,0.19860198656708694,0.09453363223846147,-0.33470300710559564
ROS1-19-0041,2019-09-13,0.3520143497075145,0.2256063007262916,-0.472656024134901
ROS1-25-0017,2019-09-13,0.7684741780297946,0.5602222809854165,-0.7004117187176058
ROS1-26-0027,2019-09-13,0.1599705588289657,0.06959896450385018,-0.3121341213531132
ROS1-19-0026,2019-09-13,0.1640761830340135,0.06503993260610802,-0.2971901571514564
ROS1-20-0010,2019-09-13,0.16788747047655292,0.07491496959135657,-0.3217917118484381
ROS1-19-0022,2019-09-13,0.8011512047723498,0.658330894705993,-0.6678478315079158
ROS1-19-0037,2019-09-13,0.17604701838651599,0.0701177341692168,-0.3031070968593039
ROS1-24-0003,2019-09-13,0.16427084229400676,0.07904200355606361,-0.28301326696600476
ROS1-25-0008,2019-09-13,0.14770179436953543,0.06584827281953026,-0.26441211111590407
ROS1-25-0016,2019-09-13,0.34744058587592946,0.19262652570367478,-0.4226517560857956
ROS1-32-0022,2019-09-13,0.14791845493351907,0.08128935773825038,-0.3097284688983107
ROS1-25-0016,2019-09-13,0.3813469882270926,0.19935348548819776,-0.47637792352266967
ROS1-15-0009,2019-09-13,0.2171619141069197,0.10758273261932903,-0.31512383790377946
ROS1-15-0016,2019-09-13,0.20173758957889035,0.10927253534270684,-0.3022803513224983
ROS1-15-0014,2019-09-13,0.2135587493555292,0.09557771197753855,-0.30873088621965167
ROS1-15-0003,2019-09-13,0.19966280612730147,0.07267284861905267,-0.28637079535344184
ROS1-16-0006,2019-09-13,0.4300853287852282,0.28426073981486255,-0.46337323165112226
ROS1-15-0006,2019-09-13,0.35608579399077916,0.2489740302011378,-0.434469812042396
ROS1-20-0023,2019-09-13,0.21368105643656968,0.15258652721205776,-0.3818831476856579
ROS1-27-0006,2019-09-13,0.22550185059845282,0.13123221376047564,-0.33292249657341144
ROS1-21-0013,2019-09-13,0.1562010019639356,0.07275054384181329,-0.27893686555121594
ROS1-26-0031,2019-09-13,0.12888520862821778,0.06946361814044834,-0.26065716985629833
ROS1-27-0009,2019-09-13,0.21995020443256752,0.12770328389208818,-0.3958213127029607
ROS1-20-0007,2019-09-13,0.2648010311967074,0.17615296855643295,-0.3791506534955514
ROS1-21-0034,2019-09-13,0.26313844542686904,0.14991811169642633,-0.401532070102233
ROS1-26-0006,2019-09-13,0.2288741080439338,0.13415894628467606,-0.3201625008765609
ROS1-27-0004,2019-09-13,0.35802116039214493,0.2543254067998487,-0.4450490402216547
ROS1-21-0043,2019-09-13,0.20651237687622084,0.2333381230715327,-0.21631819568017296
ROS1-26-0036,2019-09-13,0.029025416242816727,0.003934760347943271,-0.02665422651888376
ROS1-21-0016,2019-09-13,0.19988950156983845,0.11361659793664397,-0.3115095647349027
ROS1-22-0016,2019-09-13,0.3958602803764255,0.23400199057205454,-0.43131560487971127
ROS1-22-0011,2019-09-13,0.17303139090498584,0.06269643298507982,-0.28170256092659557
ROS1-28-0017,2019-09-13,0.1898801303091282,0.09380870663841723,-0.3097974026543617
ROS1-28-0029,2019-09-13,0.32684917617379267,0.1581092057550013,-0.41495787282643704
ROS1-16-0006,2019-09-13,0.4234525477326707,0.28021435903726705,-0.4516997073823804
ROS1-22-0026,2019-09-13,0.2578650226958857,0.23893107909584071,-0.30300521191708574
ROS1-28-0006,2019-09-13,0.43632398822173873,0.22746013518367733,-0.47506375161582676
ROS1-29-0006,2019-09-13,0.19607257687344212,0.04474830448271077,-0.25913423583922146
ROS1-22-0032,2019-09-13,0.3130933413695227,0.15316027959172826,-0.41519183310733626
ROS1-29-0008,2019-09-13,0.44374454194545965,0.29737666919792166,-0.4728754429333571
ROS1-32-0018,2019-09-13,0.3705988735571733,0.2277452550709461,-0.4878715014636607
ROS1-33-0014,2019-09-13,0.2750297183990913,0.18993015618508402,-0.40849528645158406
ROS1-32-0022,2019-09-13,0.14594858179099215,0.08107893244702152,-0.29470310438631303
ROS1-33-0018,2019-09-13,0.27016403612929374,0.16245265892033584,-0.40590197562718233
ROS1-27-0021,2019-09-13,0.26627326757624264,0.171745037273314,-0.3822402667302081
ROS1-32-0015,2019-09-13,0.1743710291841978,0.08358679040641348,-0.32659222265313054
ROS1-33-0014,2019-09-13,0.2684567361852506,0.18819174124011392,-0.39481243737364496
ROS1-33-0018,2019-09-13,0.2668498929058656,0.16270660771130419,-0.39264081974731274
ROS1-33-0010,2019-09-13,0.21534937743631455,0.08895786767237526,-0.3088244624237331
ROS1-28-0030,2019-09-13,0.15736079320120186,0.06458056435007398,-0.27429430051287745
ROS1-33-0009,2019-09-13,0.3043733040629663,0.14674620001787042,-0.35745389818865436
ROS1-34-0003,2019-09-13,0.36362280228752664,0.26806000174196376,-0.44695453826463444
ROS1-28-0006,2019-09-13,0.4384536143386212,0.23595952018952016,-0.47366320870033285
ROS1-33-0010,2019-09-13,0.21491231554443388,0.08894006240569952,-0.30731376899686463
ROS1-33-0009,2019-09-13,0.3041112475478533,0.14687020546055768,-0.35644725364439056
ROS1-34-0003,2019-09-13,0.3630558385547389,0.2681211621504423,-0.44646344543056304
ROS1-18-0029,2019-09-15,0.2353511485860979,0.17695243539809336,-0.32586654776744234
ROS1-24-0003,2019-09-15,0.16064626781607025,0.07928362446314047,-0.280170475106362
ROS1-18-0007,2019-09-15,0.12066782924151663,0.0751328262017564,-0.2073610806388316
ROS1-25-0008,2019-09-15,0.1386185275476804,0.06915814335211966,-0.25602414954817804
ROS1-18-0030,2019-09-15,0.14803210784406368,0.0798162787933317,-0.2647372031530588
ROS1-18-0024,2019-09-15,0.17887806624893568,0.0908750758602058,-0.3089167376427181
ROS1-19-0041,2019-09-15,0.22016616060049754,0.11473977118812327,-0.2501534440518783
ROS1-25-0017,2019-09-15,0.5387982524649735,0.24718523214865823,-0.47706083842345964
ROS1-26-0027,2019-09-15,0.10464604058846466,0.1818860913188036,-0.07170019884069394
ROS1-19-0026,2019-09-15,0.13260050413965857,0.0649600702947751,-0.22071449668549364
ROS1-20-0010,2019-09-15,0.15919178474308143,0.08161702731867873,-0.27490846222432225
ROS1-19-0022,2019-09-15,0.4708036002858879,0.43297670243985154,-0.40840816534393615
ROS1-19-0037,2019-09-15,0.11345726498517682,0.09174575818142351,-0.17635858378569322
ROS1-24-0003,2019-09-15,0.15841439946462457,0.07893048568199511,-0.27568879693510634
ROS1-30-0009,2019-09-15,0.2492439069283003,0.17708001767478973,-0.38066537143465706
ROS1-24-0026,2019-09-15,0.1775650915864855,0.12890848514524175,-0.3194281078479815
ROS1-25-0008,2019-09-15,0.13661813727200853,0.06884232389182661,-0.2513097547544526
ROS1-30-0001,2019-09-15,0.17331705301716208,0.08699587035478894,-0.2969359771882679
ROS1-37-0025,2019-09-15,0.2628806172492229,0.18648077369127206,-0.3825257818054445
ROS1-25-0016,2019-09-15,0.3045817184811674,0.19340949552645345,-0.3882090637723357
ROS1-30-0006,2019-09-15,0.15461193959478217,0.0751884501228932,-0.29152826112003355
ROS1-24-0006,2019-09-15,0.123875028863851,0.0640995720467581,-0.2463853185080231
ROS1-25-0023,2019-09-15,0.1543638243854669,0.08281539111083998,-0.2901607211469541
ROS1-30-0013,2019-09-15,0.16086183832864517,0.10697813705430687,-0.31716954158662464
ROS1-31-0028,2019-09-15,0.10982505267390517,0.05368887107302345,-0.24930829642165858
ROS1-36-0014,2019-09-15,0.14384829822903542,0.09895750550623751,-0.2910704614824321
ROS1-31-0009,2019-09-15,0.14069202466638292,0.07715616225897194,-0.2632295994177343
ROS1-37-0049,2019-09-15,0.13364136635189153,0.08789849176247976,-0.28067587137044475
ROS1-31-0024,2019-09-15,0.17401950669317415,0.12691427365828958,-0.2591216419581981
ROS1-32-0022,2019-09-15,0.17053018131742026,0.13775075086210095,-0.2539955741332678
ROS1-37-0025,2019-09-15,0.26282476489274564,0.18572024430993636,-0.3835661982051689
ROS1-25-0016,2019-09-15,0.30521614109628736,0.19245415205746785,-0.38976419216914093
ROS1-31-0038,2019-09-15,0.4405899343421212,0.3300212775760462,-0.5291897218544618
ROS1-31-0028,2019-09-15,0.11037782774478982,0.0534679267573444,-0.2526244967234837
ROS1-38-0001,2019-09-15,0.10091633529934897,0.04180559573454529,-0.16733850696931632
ROS1-27-0006,2019-09-15,0.23369488494990615,0.13685075656052267,-0.3437831144728678
ROS1-26-0031,2019-09-15,0.13224685648806908,0.07424928244287636,-0.26075295137338284
ROS1-27-0009,2019-09-15,0.20704465877322756,0.13885725518781802,-0.3377158705950138
ROS1-21-0034,2019-09-15,0.2740018464212888,0.181640772887387,-0.4410618980597468
ROS1-26-0006,2019-09-15,0.24063491609591994,0.13449841825279069,-0.3294133822119266
ROS1-27-0004,2019-09-15,0.39786343668050134,0.2638087341099375,-0.4698488233701167
ROS1-26-0036,2019-09-15,0.14668608009869277,0.0732554033564316,-0.2391526445039763
ROS1-28-0017,2019-09-15,0.19715261482558585,0.10295534304566535,-0.3121832119981357
ROS1-28-0006,2019-09-15,0.3901814519468887,0.22896389110469872,-0.46823457941632624
ROS1-32-0018,2019-09-15,0.23386607763886438,0.19348389074559308,-0.296191830917859
ROS1-33-0014,2019-09-15,0.274591314562788,0.1972755467667722,-0.4103239093751719
ROS1-33-0018,2019-09-15,0.26327720711623026,0.1729599612868649,-0.3908235082743712
ROS1-27-0021,2019-09-15,0.24655622333174584,0.1583811719174261,-0.3548893126208023
ROS1-32-0015,2019-09-15,0.15728430759929599,0.10425749971324433,-0.2475755703322737
ROS1-33-0014,2019-09-15,0.27296634310656104,0.19713096144290407,-0.405421908807313
ROS1-33-0018,2019-09-15,0.2625376846066769,0.17294751964880842,-0.3863488999041139
ROS1-33-0010,2019-09-15,0.22082370047867092,0.0984106016657025,-0.3166731199527153
ROS1-28-0030,2019-09-15,0.17397777410138085,0.07319854432244809,-0.3048821657850587
ROS1-33-0009,2019-09-15,0.26808441760292695,0.162052516484315,-0.321241106595275
ROS1-28-0006,2019-09-15,0.3953655132265606,0.23028351174104678,-0.47624983331013493
ROS1-37-0025,2019-09-15,0.26169207072942147,0.1872174345742619,-0.3786468143213509
ROS1-30-0006,2019-09-15,0.1527124061611855,0.07510135762423045,-0.2854882690260513
ROS1-36-0019,2019-09-15,0.12694837115784222,0.04777771417949113,-0.26610833247391846
ROS1-30-0013,2019-09-15,0.15872073766032435,0.10661679386887642,-0.31185422982973554
ROS1-31-0028,2019-09-15,0.09889414654834693,0.0479982492625949,-0.23739824730102582
ROS1-36-0014,2019-09-15,0.14308166941736788,0.09924886031503284,-0.287894620893638
ROS1-37-0012,2019-09-15,0.3130588389169693,0.27029095935213954,-0.42260504090433715
ROS1-31-0009,2019-09-15,0.14036722843998603,0.0772964937681772,-0.2618505639784103
ROS1-37-0049,2019-09-15,0.13353870998347406,0.08817314406421958,-0.27948899461721194
ROS1-38-0002,2019-09-15,0.19943155496296588,0.153592631173906,-0.28969053051569194
ROS1-31-0038,2019-09-15,0.44001064929121164,0.33082158363057473,-0.5279858024430836
ROS1-37-0012,2019-09-15,0.3134771256278531,0.26808016244998506,-0.42504144779146746
ROS1-38-0001,2019-09-15,0.10625923279012968,0.043637224777226306,-0.16922800212461533
ROS1-43-0006,2019-09-15,0.1673146452231685,0.12849342655427787,-0.2967505692900016
ROS1-33-0010,2019-09-15,0.22806727332707316,0.09783194728521348,-0.3350950191425386
ROS1-33-0009,2019-09-15,0.272722360499654,0.16275667785675044,-0.32964315969489794
ROS1-01-0003,2019-09-16,0.16241765353435297,0.07192778276431407,-0.3119433878032158
ROS1-07-0011,2019-09-16,0.14426187484511133,0.07258978696713157,-0.285563188199798
ROS1-01-0015,2019-09-16,0.16934075912452926,0.10507843894192766,-0.32468624401310303
ROS1-02-0005,2019-09-16,0.1821917047915164,0.08811347315452486,-0.3079349614169041
ROS1-07-0011,2019-09-16,0.14252308183064805,0.07231057397456003,-0.2796940571762107
ROS1-01-0031,2019-09-16,0.25442928136899406,0.09965288635265411,-0.3529370233665188
ROS1-07-0011,2019-09-16,0.13960820698807494,0.07233726363259405,-0.26821924483181114
ROS1-07-0045,2019-09-16,0.29057684427929453,0.16179069940340693,-0.3971334761492327
ROS1-08-0010,2019-09-16,0.34082617223936795,0.15272737857966012,-0.4448632250404106
ROS1-07-0012,2019-09-16,0.2784243523291773,0.15804811216375161,-0.36180057668527443
ROS1-07-0011,2019-09-16,0.14222923138093693,0.07256876263885165,-0.2768864218072819
ROS1-07-0018,2019-09-16,0.20518043564500557,0.1055249232911614,-0.3333172204876977
ROS1-15-0009,2019-09-16,0.21347681004832292,0.09828471806158301,-0.3197062049566288
ROS1-15-0014,2019-09-16,0.23930318083055332,0.09892469133058408,-0.32763959283536387
ROS1-15-0003,2019-09-16,0.31497625899537735,0.10705752372674007,-0.3571738445124978
ROS1-16-0006,2019-09-16,0.4360828366191567,0.27812694664883664,-0.47002325214852697
ROS1-22-0026,2019-09-16,0.2911754814083538,0.11826116950582118,-0.40821997410444116
ROS1-15-0006,2019-09-16,0.34821323437884927,0.23160145427929701,-0.4365220752286199
ROS1-22-0016,2019-09-16,0.23849097949375436,0.09665165767698991,-0.3385593054357194
ROS1-16-0006,2019-09-16,0.43494715679028584,0.2786231923291582,-0.4678011343539945
ROS1-22-0026,2019-09-16,0.28928797853931765,0.1182225981616235,-0.403031004681103
ROS1-36-0014,2019-09-17,0.1455703133891528,0.10254167900501666,-0.2900033412588009
ROS1-42-0006,2019-09-17,0.13932741676982666,0.10389808097409028,-0.285077044695182
ROS1-36-0022,2019-09-17,0.14469450316901247,0.07553923703754437,-0.29209997167180374
ROS1-42-0008,2019-09-17,0.18292498212246816,0.09698978409212908,-0.33171967344805847
ROS1-36-0019,2019-09-17,0.14982388570841454,0.0786303446052079,-0.2876200173052599
ROS1-36-0014,2019-09-17,0.14476624098624785,0.10236619956281019,-0.2877034410394848
ROS1-37-0012,2019-09-17,0.38655368273456175,0.28231432173781656,-0.5184170613254032
ROS1-42-0000,2019-09-17,0.13156339024917657,0.06607735634115765,-0.2795505715870926
ROS1-37-0012,2019-09-17,0.3870145946442409,0.28269818043208056,-0.5205452116420268
ROS1-43-0006,2019-09-17,0.18669755196980167,0.14166204817132202,-0.3286734326350291
ROS1-43-0019,2019-09-17,0.2076802876160148,0.13070147754630482,-0.33897283152173596
ROS1-49-0007,2019-09-17,0.2286102784142498,0.1331522936812302,-0.36448665409553255
ROS1-42-0000,2019-09-17,0.14094964099214716,0.06659147659710274,-0.3075696786193884
ROS1-49-0004,2019-09-17,0.1522521758248269,0.09669166057477092,-0.30288546126058813
ROS1-49-0007,2019-09-17,0.21850965013957735,0.13421163506192185,-0.3414488487334216
ROS1-49-0003,2019-09-17,0.1778506785998303,0.11499497769070402,-0.3055375176240427
ROS1-22-0011,2019-09-18,-0.06181039957898689,-0.02279675189112265,-0.06126521887560533
ROS1-28-0029,2019-09-18,0.28956911433211013,0.15232463025522505,-0.34800816971838516
ROS1-28-0006,2019-09-18,0.09515581081167464,0.05434287010591595,-0.18365564452315028
ROS1-22-0032,2019-09-18,0.29146026480854786,0.15768445956939112,-0.3914001457399772
ROS1-34-0003,2019-09-18,0.23351545527054365,0.1529174278239726,-0.32274132224335683
ROS1-28-0006,2019-09-18,0.08642331781730468,0.054711078685766634,-0.14550520014497717
ROS1-34-0003,2019-09-18,0.22834583292126248,0.15127365409663948,-0.3132489309386084
ROS1-01-0003,2019-09-18,0.14859581745495196,0.07650368403027842,-0.251539596889305
ROS1-07-0011,2019-09-18,0.10853281374482013,0.05734629227664275,-0.1851028682571755
ROS1-01-0015,2019-09-18,0.1768258508151587,0.14560175633681774,-0.29447316735550677
ROS1-02-0005,2019-09-18,0.11613011636555075,0.14719260419887395,-0.14850044366944481
ROS1-07-0011,2019-09-18,0.11032645162383803,0.056996637378839136,-0.19068674986045217
ROS1-01-0031,2019-09-18,0.03735361618404578,0.060033897574639415,-0.08472960227394973
ROS1-12-0000,2019-09-18,0.07657853143427694,0.6436509343557018,-0.08746657587039755
ROS1-07-0011,2019-09-18,0.10765168935770475,0.056518096600131316,-0.18198831672600085
ROS1-12-0004,2019-09-18,0.03427652443807021,-0.1544923355548234,0.02172960948293885
ROS1-07-0045,2019-09-18,0.17926912464133,0.10515716617407077,-0.24922853327049785
ROS1-08-0010,2019-09-18,-0.0149038084138644,0.13439493210032208,0.03462027293028517
ROS1-07-0012,2019-09-18,0.20154046181569998,-0.2253167144770627,-0.22879927829239044
ROS1-07-0011,2019-09-18,0.10670464963878348,0.05556516255174304,-0.18265467946641953
ROS1-07-0018,2019-09-18,0.14328888365018216,0.06312944772631575,-0.2483894336302742
ROS1-13-0013,2019-09-18,0.04181236196109317,0.030986548805801553,-0.0987860629817436
ROS1-24-0003,2019-09-18,0.14667869433678113,0.06166016659327938,-0.26757364006201345
ROS1-25-0008,2019-09-18,0.15793728806019897,0.05158346723530044,-0.30079152337326764
ROS1-18-0024,2019-09-18,-0.05987145435358398,-0.5863151358870746,0.08613081667734074
ROS1-19-0041,2019-09-18,0.3603826571877025,0.2314561524507027,-0.46430909452347535
ROS1-26-0027,2019-09-18,0.07783820116258827,0.17083492421093727,-0.11767464396927178
ROS1-19-0022,2019-09-18,0.37094338144817945,0.3510383918971428,-0.3492657371974144
ROS1-19-0037,2019-09-18,0.19586417618303797,0.6522266127905127,-0.2082572524746169
ROS1-24-0003,2019-09-18,0.15656412580094672,0.06231632267323394,-0.29501403888301375
ROS1-25-0008,2019-09-18,0.17419897391804978,0.052805358209928814,-0.3470878279364171
ROS1-25-0016,2019-09-18,0.36191116359720654,0.22228560213466156,-0.4513311745448075
ROS1-32-0022,2019-09-18,0.13599869111438204,0.07071354469103072,-0.29199427079491724
ROS1-25-0016,2019-09-18,0.34352786015747067,0.20137287252785063,-0.42604903964812274
ROS1-15-0016,2019-09-18,0.019663601853390274,0.02366339590935747,-0.15661006091049387
ROS1-15-0014,2019-09-18,-0.05938677174742794,-0.043467911687208885,-0.23144219602293015
ROS1-27-0006,2019-09-18,-0.09747647845335093,-0.08839750642220447,-0.048891810341739964
ROS1-27-0009,2019-09-18,0.2000832777458592,0.12222019865843649,-0.3272054960060407
ROS1-20-0007,2019-09-18,0.015023825211641228,0.04291154327922236,-0.10054916656057472
ROS1-26-0006,2019-09-18,0.07817617339798381,0.040462552240068124,-0.1406802989569683
ROS1-27-0004,2019-09-18,0.08573831906626243,0.17792267163823183,-0.11701306149900656
ROS1-21-0016,2019-09-18,0.1303257622617878,0.06737680801253733,-0.21712835487300358
ROS1-28-0017,2019-09-18,0.18533496682763398,0.09055799813750828,-0.31052205444553677
ROS1-28-0029,2019-09-18,0.2789951913206789,0.15229632655687325,-0.32727805868108584
ROS1-32-0018,2019-09-18,0.29201002275775007,0.20727706843244,-0.39288886862644445
ROS1-32-0022,2019-09-18,0.133225901628209,0.07140594992477185,-0.27998240412647246
ROS1-28-0030,2019-09-18,0.19247334077303682,0.1406238928375593,-0.22753495538446614
ROS1-33-0009,2019-09-18,0.5727302836764001,0.14225433957761702,-0.625180563470744
ROS1-34-0003,2019-09-18,0.20923040322300043,0.14378777874474083,-0.2927590521852944
ROS1-33-0009,2019-09-18,0.5805469984061068,0.14518132449145862,-0.6243925949213524
ROS1-34-0003,2019-09-18,0.20969587354221156,0.14416927806719693,-0.29311078852441347
ROS1-18-0029,2019-09-20,0.00973743843813721,0.05776675794424445,-0.011847404990293568
ROS1-18-0007,2019-09-20,0.024584685206433473,0.9093955437198481,-0.013898102837070336
ROS1-25-0008,2019-09-20,0.024305482795370127,0.10616893884497247,-0.025125909065695572
ROS1-25-0008,2019-09-20,0.023143824128327047,0.10336259828411612,-0.02357377471470988
ROS1-25-0016,2019-09-20,0.02125186582537457,0.11147948278186512,-0.02316158471162756
ROS1-31-0009,2019-09-20,0.03830379601628935,0.1377716216407268,-0.038977722976572475
ROS1-25-0016,2019-09-20,0.018873161694512836,0.11839045101885734,-0.016317992347454794
ROS1-27-0006,2019-09-20,0.2326172347231345,0.13188767105665097,-0.32711570250371186
ROS1-21-0034,2019-09-20,0.28715680808569,0.14157344228248192,-0.47358716674101775
ROS1-28-0017,2019-09-20,0.20409329263380233,0.0970204766859513,-0.3157827806235392
ROS1-28-0006,2019-09-20,0.3339116917932974,0.20440592201966234,-0.4547379581481233
ROS1-28-0030,2019-09-20,0.21190524963976246,0.07280083180107517,-0.30778580732929867
ROS1-28-0006,2019-09-20,0.33078506240636696,0.20580108449629492,-0.44626049597207407
ROS1-31-0009,2019-09-20,0.03910240118303735,0.14173141953769375,-0.03951634255042022
ROS1-49-0007,2019-09-20,0.019778065362738975,0.11115377551357501,-0.020454315656242034
ROS1-49-0007,2019-09-20,0.004375515558382689,-0.16456394123070225,0.015298324102175803
ROS1-01-0003,2019-09-21,0.1925345664111639,0.07369047263244226,-0.35786878166626207
ROS1-07-0011,2019-09-21,0.17149388742821273,0.08471814364871114,-0.31330083835501255
ROS1-01-0015,2019-09-21,0.16626243657004428,0.11083142063383393,-0.3145647565897097
ROS1-02-0005,2019-09-21,0.20323682990224706,0.10224511897521552,-0.3002548890112355
ROS1-07-0011,2019-09-21,0.17279020868693531,0.08446633181934993,-0.31868126503329514
ROS1-01-0031,2019-09-21,0.25498427202869334,0.09932117539525237,-0.35476437369279146
ROS1-07-0011,2019-09-21,0.17052989987071956,0.08450595505299777,-0.31125503818427497
ROS1-07-0045,2019-09-21,0.11069301042126464,0.1593991090279597,-0.09126781163376396
ROS1-08-0010,2019-09-21,-0.03265202054935525,1.4732349636029543,0.0997666723724263
ROS1-07-0012,2019-09-21,0.2887421460662731,0.17017568673473718,-0.2795066864239026
ROS1-07-0011,2019-09-21,0.17764183932171854,0.08520013936582592,-0.3316832669672042
ROS1-07-0018,2019-09-21,0.20405020934314827,0.06620674396112455,-0.3243660355157215
ROS1-15-0009,2019-09-21,0.21673530138312055,0.09889005015521586,-0.32401572820572094
ROS1-15-0014,2019-09-21,0.18028467459001876,0.1478216780406002,-0.21523370109357912
ROS1-15-0003,2019-09-21,0.3832026954979802,0.137482688070013,-0.38238238201635394
ROS1-16-0006,2019-09-21,0.13278738480218627,0.17039335459311036,-0.17722907604149896
ROS1-22-0026,2019-09-21,-0.009857770552755002,-0.02365445243805383,0.05029158975363493
ROS1-15-0006,2019-09-21,0.0263660680168131,-0.1470588235294116,0.026458861906487857
ROS1-16-0006,2019-09-21,0.13336722187727953,0.1713932939499393,-0.17810367284551815
ROS1-22-0026,2019-09-21,-0.010423530673189185,-0.025361200898561663,0.051505656801364694
ROS1-36-0014,2019-09-22,0.1524704276710234,0.10151610777277552,-0.29055520555994896
ROS1-42-0006,2019-09-22,0.14471134765588806,0.13377599664662773,-0.27157792279839454
ROS1-36-0022,2019-09-22,0.11159737417943107,0.039297272306981046,-0.2868904369854338
ROS1-36-0019,2019-09-22,0.11614809181196216,0.04713393964505648,-0.27656346227401973
ROS1-36-0014,2019-09-22,0.15296042582720265,0.10225109491590476,-0.2900165727044979
ROS1-37-0012,2019-09-22,0.380403868085691,0.296022633204068,-0.48752348028647535
ROS1-42-0000,2019-09-22,0.039685704193640516,0.036281350199502606,-0.17086623079121738
ROS1-37-0012,2019-09-22,0.3813356555725468,0.295224183278574,-0.4897423244891208
ROS1-43-0006,2019-09-22,0.19372678254115774,0.146696646466821,-0.32657664718025325
ROS1-43-0019,2019-09-22,0.2455255463407036,0.1567127042450818,-0.3651793398631225
ROS1-49-0007,2019-09-22,0.25875549826164473,0.15156676614080736,-0.3762447168340127
ROS1-42-0000,2019-09-22,0.03943763745408029,0.036780264831508404,-0.1666094448507428
ROS1-49-0004,2019-09-22,0.1454349842701676,0.10110339111162817,-0.279849595180236
ROS1-49-0007,2019-09-22,0.2591333219074258,0.15087389289663586,-0.37809558592264564
ROS1-49-0003,2019-09-22,0.21191708947449775,0.13627343503709857,-0.3383294321084767
ROS1-01-0003,2019-09-23,0.10461685213093071,0.147882524761954,-0.12870319693527332
ROS1-07-0011,2019-09-23,0.09005038406949618,0.21200674815052484,-0.12171719435260739
ROS1-01-0015,2019-09-23,0.1411328842908243,0.07901252127522883,-0.2564904689249614
ROS1-02-0005,2019-09-23,0.07473354017538991,0.09305066637023006,-0.108101945282088
ROS1-07-0011,2019-09-23,0.08713288314818862,0.23990380486753302,-0.12305461451839811
ROS1-01-0031,2019-09-23,0.19067559038595278,0.20980915504896652,-0.22793763329457883
ROS1-12-0000,2019-09-23,0.08692800865649145,0.08954981172269876,-0.07606664249475187
ROS1-07-0011,2019-09-23,0.08841973507472559,0.22090313877454112,-0.121099599375596
ROS1-12-0004,2019-09-23,-0.02342426346136164,-0.00573772093612957,-0.043699118787371184
ROS1-07-0045,2019-09-23,0.1946432965709233,0.18266954534428828,-0.22761431812898222
ROS1-07-0012,2019-09-23,0.123031173091491,0.17538183040556166,-0.14377044970714073
ROS1-07-0011,2019-09-23,0.08433815765485658,0.20434798529561105,-0.11261035813860594
ROS1-07-0018,2019-09-23,0.11172469432801689,0.1059059580974963,-0.1637110923268425
ROS1-13-0013,2019-09-23,0.16166047498309316,0.10231294025771002,-0.254616761027332
ROS1-18-0029,2019-09-23,0.31205713722153205,0.20153018570111056,-0.40235300136762786
ROS1-24-0003,2019-09-23,-0.005635839711577281,8.652409653346282E-4,-0.05343273249877053
ROS1-25-0008,2019-09-23,0.019925843806509674,0.010363486257171425,-0.1403339852537591
ROS1-18-0030,2019-09-23,0.15891338916149697,0.15423149217737783,-0.2179710366450263
ROS1-19-0022,2019-09-23,0.48685280588010116,0.4371782940717416,-0.37025694620777555
ROS1-24-0003,2019-09-23,-0.007079495815225032,1.764696474545045E-4,-0.050009536968486853
ROS1-25-0008,2019-09-23,0.02158820785565708,0.010966499724708994,-0.15397804807151377
ROS1-25-0016,2019-09-23,-0.030338286970152804,0.1486593856455943,0.08477525864997021
ROS1-25-0023,2019-09-23,-0.015451310579138115,0.04724083285455779,0.04888874456592528
ROS1-25-0016,2019-09-23,-0.028497659181926028,0.15575452668788167,0.08162740710741907
ROS1-15-0014,2019-09-23,0.1245770198235567,0.1406120733604393,-0.1525538727311975
ROS1-16-0006,2019-09-23,0.27072352659319593,0.12042286542478366,-0.30511811023622043
ROS1-22-0026,2019-09-23,0.2519341217817409,0.2191056372010614,-0.27265591619427365
ROS1-22-0016,2019-09-23,0.21686492570818264,0.2526032161695721,-0.22883722627389064
ROS1-22-0011,2019-09-23,0.15340289764376666,0.05499175071684171,-0.23465136112266494
ROS1-28-0017,2019-09-23,0.1867263297132925,0.08837494964175956,-0.29343802507998384
ROS1-28-0029,2019-09-23,0.31560500068481434,0.15041263495068985,-0.37938047689089266
ROS1-16-0006,2019-09-23,0.26300715990453455,0.11900647948164146,-0.2938875305623472
ROS1-22-0026,2019-09-23,0.2497551938329588,0.21931274548869906,-0.2684072632429775
ROS1-28-0006,2019-09-23,0.329563033711514,0.17590512775538036,-0.4595574388387012
ROS1-29-0006,2019-09-23,-0.009002813258701932,0.0023293106972048392,0.12391442469826837
ROS1-22-0032,2019-09-23,0.30682793695624977,0.1571332642077207,-0.40186720995882086
ROS1-29-0008,2019-09-23,0.25186633022023125,0.26777725448571066,-0.23483074992529845
ROS1-28-0030,2019-09-23,0.1642871290746701,0.11086106501377746,-0.19417962341866501
ROS1-28-0006,2019-09-23,0.330233666529388,0.17783016781004182,-0.4585856717508454
ROS1-18-0029,2019-09-25,0.334225181306202,0.18090508714101702,-0.44283800428139064
ROS1-24-0003,2019-09-25,0.18515039318434168,0.07816841873693298,-0.3172730063555187
ROS1-18-0007,2019-09-25,0.14116614974923497,0.06384331754414306,-0.23199191956436782
ROS1-25-0008,2019-09-25,0.19202521901820574,0.07384074675719633,-0.35389576100385517
ROS1-18-0030,2019-09-25,0.19207646121305327,0.08801726760205786,-0.3509029136665475
ROS1-18-0024,2019-09-25,0.1967796100389943,0.08031266492419906,-0.3147769859268131
ROS1-19-0041,2019-09-25,0.42843398196130567,0.26950978475796145,-0.503781802883244
ROS1-25-0017,2019-09-25,0.66821791929353,0.49359178416472116,-0.6417582077989172
ROS1-26-0027,2019-09-25,0.1779981664343748,0.07179100990451825,-0.34692994035892116
ROS1-19-0026,2019-09-25,0.17629366773429794,0.07390420134347496,-0.3124968534279283
ROS1-20-0010,2019-09-25,0.1818743709894257,0.07472185730402472,-0.3176565489749934
ROS1-19-0022,2019-09-25,0.7550786873489538,0.5840448508494019,-0.6307384743480782
ROS1-19-0037,2019-09-25,0.2154390911952317,0.08367016969906985,-0.3448467865672921
ROS1-24-0003,2019-09-25,0.19422537382962368,0.07872692134113543,-0.33947022840276286
ROS1-30-0009,2019-09-25,0.24578903603721838,0.15683566511509855,-0.31615658218799836
ROS1-24-0026,2019-09-25,0.1607659126039882,0.11669450940546584,-0.2534574326738998
ROS1-25-0008,2019-09-25,0.20124917344781743,0.0745866396874143,-0.37910803836128376
ROS1-30-0001,2019-09-25,0.20463298712588943,0.08710679544601456,-0.3475518983309237
ROS1-37-0025,2019-09-25,0.3395655307056566,0.21240146757529882,-0.4642414008210064
ROS1-25-0016,2019-09-25,0.38607831618751,0.1640350077122318,-0.5077132523886634
ROS1-30-0006,2019-09-25,0.19668342627903126,0.07057756701465263,-0.34569950762610696
ROS1-24-0006,2019-09-25,0.07822477781810357,0.049865226488223044,-0.112899450107099
ROS1-25-0023,2019-09-25,0.19161041677238325,0.07787418788528508,-0.3695967778850681
ROS1-30-0013,2019-09-25,0.20230339066617012,0.1387629592819788,-0.37818178920869744
ROS1-31-0028,2019-09-25,0.20363418740592668,0.06500002106304872,-0.3939675120684813
ROS1-36-0014,2019-09-25,0.11376238130266161,0.13975012775837375,-0.1587414837914471
ROS1-31-0009,2019-09-25,0.18150334246387387,0.08765003461956639,-0.3465580152449396
ROS1-37-0049,2019-09-25,0.16047457262412732,0.10895886063427235,-0.3152128045461019
ROS1-31-0024,2019-09-25,0.2271477922177501,0.140817869510289,-0.363408430276159
ROS1-32-0022,2019-09-25,0.16632492889448047,0.09552784984559054,-0.3217475105008949
ROS1-37-0025,2019-09-25,0.32658030974574964,0.20954699648601774,-0.4426517911942969
ROS1-25-0016,2019-09-25,0.3559706153472863,0.16024397211711436,-0.4577118343529865
ROS1-31-0038,2019-09-25,0.46619048745913544,0.3061557755772298,-0.5571549972592111
ROS1-31-0028,2019-09-25,0.18611125911635026,0.06453214738583204,-0.33954528239929066
ROS1-38-0001,2019-09-25,0.16848776677335905,0.07431733275879714,-0.34525032522346294
ROS1-27-0006,2019-09-25,0.27309671512466577,0.15010752045730594,-0.37522599007385754
ROS1-26-0031,2019-09-25,0.15323216421095437,0.07449948799261742,-0.29081101343183624
ROS1-27-0009,2019-09-25,0.25622908445122505,0.15164713562614668,-0.44998713801989787
ROS1-21-0034,2019-09-25,0.27787269165184475,0.17655407443571394,-0.4732155073041984
ROS1-26-0006,2019-09-25,0.28439697661174285,0.13372664984534266,-0.3923096551859566
ROS1-27-0004,2019-09-25,0.41093493437358336,0.24486915541773396,-0.48390113323861633
ROS1-26-0036,2019-09-25,0.18605933537322536,0.06382299740446921,-0.3156181682469132
ROS1-28-0017,2019-09-25,0.21375488609738186,0.09521227359869923,-0.3327370664372521
ROS1-28-0006,2019-09-25,0.2919147941827547,0.1540144875344055,-0.4731358962516136
ROS1-32-0018,2019-09-25,0.3722051863199884,0.2272207289672217,-0.4908419481799217
ROS1-33-0014,2019-09-25,0.2922472247339344,0.19535247196241065,-0.43997675470278114
ROS1-32-0022,2019-09-25,0.16429601874325186,0.09332514757556098,-0.32461571953471524
ROS1-33-0018,2019-09-25,0.20525180352642045,0.079947710340447,-0.3821683992037541
ROS1-27-0021,2019-09-25,0.29683993132530745,0.13742035890730797,-0.44199593888246513
ROS1-32-0015,2019-09-25,0.20584775259799135,0.09277921014276133,-0.35496931313286906
ROS1-33-0014,2019-09-25,0.28981178470872476,0.1944520093398131,-0.4355216123211778
ROS1-33-0018,2019-09-25,0.20424589589869763,0.08042759782174325,-0.3756576069073006
ROS1-33-0010,2019-09-25,0.282432098258811,0.10506330892868952,-0.3876436723744585
ROS1-28-0030,2019-09-25,0.23258935284147655,0.08856611362637756,-0.3369014433119857
ROS1-33-0009,2019-09-25,0.5096966322209983,0.23874886635554557,-0.513777382780204
ROS1-34-0003,2019-09-25,0.39573435781611943,0.2782509864093381,-0.4863894456241809
ROS1-28-0006,2019-09-25,0.29007808800921736,0.1547537192320109,-0.46696687646364
ROS1-42-0006,2019-09-25,0.053668047927285634,0.06460975848450992,-0.09283278802147264
ROS1-36-0022,2019-09-25,0.10217213064404405,0.05629663973606583,-0.15261276571817742
ROS1-37-0025,2019-09-25,0.3399134388670549,0.21391332379329175,-0.46278067258316663
ROS1-42-0008,2019-09-25,0.1993005164141811,0.1025680044076166,-0.2928496099310236
ROS1-30-0006,2019-09-25,0.19727340099967897,0.07102514449491017,-0.34333159380323197
ROS1-36-0019,2019-09-25,0.07354625708346878,0.04312161854560944,-0.10511150184068942
ROS1-30-0013,2019-09-25,0.20117321532308471,0.13859062625898672,-0.37631000077258725
ROS1-31-0028,2019-09-25,0.20414384256430684,0.06520068730838202,-0.391691007752207
ROS1-36-0014,2019-09-25,0.11242257362739387,0.13994808288809393,-0.1563473340694668
ROS1-37-0012,2019-09-25,0.44013653505944444,0.2809870381736101,-0.5864928019755767
ROS1-31-0009,2019-09-25,0.178019054469633,0.08738052990975849,-0.33592942123113745
ROS1-37-0049,2019-09-25,0.15924704870672998,0.10905500766438508,-0.31030239652796343
ROS1-38-0002,2019-09-25,0.18748328995853003,0.09977224068819873,-0.33625406502913474
ROS1-31-0038,2019-09-25,0.4595690531639486,0.30514070022410644,-0.5465662087733213
ROS1-37-0012,2019-09-25,0.4179527518168092,0.27619694630004527,-0.5455008049289056
ROS1-38-0001,2019-09-25,0.16682163780466303,0.0753395406273221,-0.33325205677136077
ROS1-43-0006,2019-09-25,0.20473023330058043,0.14690540297575813,-0.3369374339972333
ROS1-43-0019,2019-09-25,0.25394514786139866,0.14349217083859978,-0.3686913329562029
ROS1-49-0007,2019-09-25,0.27055067271758204,0.15981321157942457,-0.38884688665959327
ROS1-49-0004,2019-09-25,0.18858101057393842,0.11818878599876263,-0.3433565692719979
ROS1-49-0007,2019-09-25,0.2665754289976015,0.15912843675523483,-0.3810411440716715
ROS1-49-0003,2019-09-25,0.22480349884549944,0.11652857750446433,-0.3372763282641041
ROS1-33-0010,2019-09-25,0.2842944651680875,0.10505788132962339,-0.3916320590565527
ROS1-33-0009,2019-09-25,0.5114222993613842,0.23843963001462634,-0.5169118140141493
ROS1-34-0003,2019-09-25,0.3963889361224535,0.2778650238293978,-0.48833131403409874
ROS1-01-0031,2019-09-26,0.1815742508926732,0.11607373665006536,-0.25114941965893794
ROS1-08-0010,2019-09-26,0.27932280368066903,0.103469988100258,-0.4292126431952233
ROS1-07-0018,2019-09-26,0.17669983336951614,0.07418891470938437,-0.2690460517168912
ROS1-15-0009,2019-09-26,0.2301781931942745,0.09447624551290817,-0.35006635991016594
ROS1-15-0014,2019-09-26,0.27688132402697546,0.12227426348389776,-0.3558588648033163
ROS1-15-0003,2019-09-26,0.5030531930191818,0.17171417665989896,-0.46644163343883616
ROS1-16-0006,2019-09-26,0.3991236343047623,0.24155477867984262,-0.4558408481327205
ROS1-22-0026,2019-09-26,0.2784042231000951,0.10364475584154809,-0.3959377041633061
ROS1-15-0006,2019-09-26,0.32090078920273424,0.1912562743979329,-0.4320411330938075
ROS1-22-0016,2019-09-26,0.1963388045681496,0.08816611911834384,-0.2910121761474322
ROS1-16-0006,2019-09-26,0.3969211032048347,0.24176865454979943,-0.45149849184288854
ROS1-22-0026,2019-09-26,0.2750210968721542,0.10362104898969829,-0.3861602145131708
ROS1-01-0003,2019-09-28,0.09034399079984758,0.08094210165658033,-0.11669078208049204
ROS1-07-0011,2019-09-28,0.14394846750347598,0.08071493804575738,-0.26981589666370676
ROS1-01-0015,2019-09-28,0.15974946567499715,0.09259389794218739,-0.31311176170586036
ROS1-02-0005,2019-09-28,0.19304016562050005,0.09166644041546854,-0.31369807146317313
ROS1-07-0011,2019-09-28,0.14162056889677754,0.08046395155669403,-0.26089758501845906
ROS1-01-0031,2019-09-28,0.14050355289251895,0.07768428523468254,-0.1499128398911126
ROS1-12-0000,2019-09-28,0.14146691852767643,0.07164603989532867,-0.2387489171300881
ROS1-07-0011,2019-09-28,0.14251112359639792,0.0806180488716146,-0.265439510561354
ROS1-12-0004,2019-09-28,0.19165757139583334,0.10095443972967924,-0.3173921235704467
ROS1-07-0045,2019-09-28,0.08788511989769233,0.12090603322384222,-0.11603812766838906
ROS1-07-0012,2019-09-28,0.19965643748143902,0.10121856450675117,-0.26478186841855245
ROS1-07-0011,2019-09-28,0.13973316541284939,0.08040729999009227,-0.25497674351286553
ROS1-13-0013,2019-09-28,0.08515622119677212,0.11162983878809746,-0.10939393443091151
ROS1-18-0029,2019-09-28,0.14375679037339498,0.12608115249649074,-0.14807384496718598
ROS1-25-0008,2019-09-28,0.044568738243655426,0.06058802641137412,-0.06068682701092824
ROS1-18-0030,2019-09-28,0.08875665897093929,0.13453485329785847,-0.09919543017366574
ROS1-19-0041,2019-09-28,0.3865947370138056,0.21808950389514886,-0.4384946214253105
ROS1-25-0017,2019-09-28,0.6261370029933858,0.4940774881697194,-0.6085947199627424
ROS1-26-0027,2019-09-28,0.16303081603721006,0.0632268090931388,-0.32552959255595826
ROS1-20-0010,2019-09-28,0.1353167998661915,0.0521364828557731,-0.25856709729064675
ROS1-19-0022,2019-09-28,0.3662685201321701,0.38212132972172563,-0.33807772479799164
ROS1-19-0037,2019-09-28,0.1571891215282181,0.07491553501132461,-0.23630399638826377
ROS1-25-0008,2019-09-28,0.043219173260293675,0.06076597737004598,-0.0575761976400651
ROS1-25-0016,2019-09-28,0.2867368548989384,0.15635612135160543,-0.35716663166553786
ROS1-32-0022,2019-09-28,0.14956748522321486,0.08654795008907742,-0.30856756880434055
ROS1-25-0016,2019-09-28,0.2726222265284708,0.1525414748736331,-0.3192971247078382
ROS1-15-0009,2019-09-28,0.21232655916501822,0.1057898613134732,-0.2698943512916946
ROS1-15-0016,2019-09-28,0.16546037969898045,0.06950957454243607,-0.29399235704592613
ROS1-15-0014,2019-09-28,0.287058933772594,0.13589373520684356,-0.35325525946199327
ROS1-15-0003,2019-09-28,0.5147113762670751,0.20386388861353516,-0.46966575947395095
ROS1-16-0006,2019-09-28,0.3618432249584024,0.22210538795120963,-0.43115599966212453
ROS1-22-0026,2019-09-28,0.24524925859792426,0.18522594455715455,-0.3284470744524823
ROS1-15-0006,2019-09-28,0.30377929443557916,0.1841186193628777,-0.4175007186708715
ROS1-27-0006,2019-09-28,0.21245164023113186,0.1517477844173006,-0.2973756770917655
ROS1-21-0013,2019-09-28,0.10433146646849888,0.08409402131846214,-0.15822506718727464
ROS1-26-0031,2019-09-28,0.11886020354830873,0.05377998437775955,-0.23325904366431296
ROS1-27-0009,2019-09-28,0.2331136950583958,0.1360926218100273,-0.42397518714754023
ROS1-20-0007,2019-09-28,0.11655900179992987,0.20119271744312556,-0.13879033955690973
ROS1-21-0034,2019-09-28,0.2520694782493625,0.16962971554885067,-0.4242386448271666
ROS1-26-0006,2019-09-28,0.2348110125305667,0.11821684068481536,-0.3319161318385954
ROS1-27-0004,2019-09-28,0.3748586966847143,0.18342759763065622,-0.46394013433288817
ROS1-21-0043,2019-09-28,0.4145217245546072,0.13416056407090943,-0.4160191551485092
ROS1-26-0036,2019-09-28,0.037522472317277795,0.00390294589818762,-0.020168429392443336
ROS1-21-0016,2019-09-28,0.18251503704205227,0.09369302758539787,-0.30960329866293923
ROS1-22-0016,2019-09-28,0.18238379907173521,0.06429628614861381,-0.30022454623975214
ROS1-22-0011,2019-09-28,0.14939810478218193,0.05173467806833,-0.26259053999151216
ROS1-28-0029,2019-09-28,0.30007346266951984,0.13185515847413462,-0.39902830870940065
ROS1-16-0006,2019-09-28,0.3608150537507542,0.22309871318358684,-0.4280167319035806
ROS1-22-0026,2019-09-28,0.24462718762399605,0.1859904473829393,-0.3259198334339145
ROS1-28-0006,2019-09-28,0.2508381740636446,0.13269439609425857,-0.4351588411016766
ROS1-29-0006,2019-09-28,0.206641010384381,0.03923220184238835,-0.28655639190575566
ROS1-22-0032,2019-09-28,0.254416547903526,0.10687056318007362,-0.3893673996644784
ROS1-29-0008,2019-09-28,0.4581090827706022,0.3299246595122265,-0.47483411593815933
ROS1-32-0018,2019-09-28,0.348279554963984,0.1912686478017748,-0.4737827612773926
ROS1-33-0014,2019-09-28,0.27416515632418315,0.1867315998362658,-0.4237019812066563
ROS1-32-0022,2019-09-28,0.14728745917922245,0.08527887564514475,-0.30867122927224966
ROS1-33-0018,2019-09-28,0.17868215328600548,0.06999529920154532,-0.34400235779498417
ROS1-27-0021,2019-09-28,0.2655213932589016,0.12397730744626975,-0.4105900748346061
ROS1-32-0015,2019-09-28,0.16633147838727147,0.06090243734814234,-0.31974706849120627
ROS1-33-0014,2019-09-28,0.27233601427433124,0.1859260605706366,-0.4197926239838979
ROS1-33-0018,2019-09-28,0.17657924788311213,0.06950208500352302,-0.33917518767612936
ROS1-33-0010,2019-09-28,0.27690427121996836,0.10424170607941494,-0.37767706400303935
ROS1-28-0030,2019-09-28,0.13148911073291716,0.14147281721642296,-0.16448600979097092
ROS1-33-0009,2019-09-28,0.5608513385503576,0.281203658599812,-0.5272138812149494
ROS1-34-0003,2019-09-28,0.1838065564629604,0.05610315298079338,-0.3256043754962945
ROS1-28-0006,2019-09-28,0.24953247001499268,0.13408569178837457,-0.4319645617551529
ROS1-33-0010,2019-09-28,0.28068723233728166,0.10462439898250835,-0.3841351850059852
ROS1-33-0009,2019-09-28,0.5656053152919903,0.28176723594781355,-0.5327677227436091
ROS1-34-0003,2019-09-28,0.18616324813454427,0.05614466412508825,-0.33292099914868356
ROS1-18-0029,2019-09-30,0.26378123675148946,0.26138817269833,-0.26326172016331384
ROS1-18-0007,2019-09-30,0.10326034172009253,0.05998088626204272,-0.1505273576573301
ROS1-25-0008,2019-09-30,-0.020451963162201357,3.071740090585192,0.06575568490185946
ROS1-18-0024,2019-09-30,0.1523537194442455,0.07037960560983857,-0.21723471238431863
ROS1-19-0026,2019-09-30,-0.02359317926468496,-0.20096883086185455,0.07085603805692475
ROS1-19-0037,2019-09-30,0.1329246095665239,0.08030177646410204,-0.17747816570562433
ROS1-25-0008,2019-09-30,-0.022553713515146796,0.7795307817552977,0.06855035904949171
ROS1-30-0001,2019-09-30,0.07593885964085578,0.05010759942647839,-0.10754856406525092
ROS1-30-0006,2019-09-30,0.09203957100907424,0.06791989336590505,-0.13268421523583748
ROS1-30-0013,2019-09-30,0.1603713709367894,0.10608435862546783,-0.29230242748736324
ROS1-31-0028,2019-09-30,0.15374464456657816,0.08145044261972789,-0.2562992345006701
ROS1-31-0028,2019-09-30,0.20646197827706245,0.08383031118961316,-0.39197013704039413
ROS1-32-0018,2019-09-30,0.003892721169731735,-0.1343560265493954,0.032756138850501305
ROS1-27-0021,2019-09-30,-0.038996840480937704,0.7540446591861192,0.07246378060515167
ROS1-32-0015,2019-09-30,0.011353907314404837,-0.12304630468060433,0.012376871536522885
ROS1-42-0006,2019-09-30,0.0977184668872638,0.05454319461189085,-0.1819846251820336
ROS1-30-0006,2019-09-30,0.09022595371873697,0.07015049775679884,-0.11193154673147153
ROS1-30-0013,2019-09-30,0.15660059984603916,0.10596063993276354,-0.2819189524700475
ROS1-31-0028,2019-09-30,0.14955952036619136,0.08128149058675392,-0.24363345858207272
ROS1-43-0006,2019-09-30,0.15780707318147846,0.11761691947631632,-0.22516830771187515
ROS1-43-0019,2019-09-30,0.3176669106864727,0.1457696712669919,-0.3302566829842236
ROS1-49-0007,2019-09-30,0.29689535160236846,0.1643467446361118,-0.3787124081699752
ROS1-49-0004,2019-09-30,0.20714410452047227,0.11878094666217358,-0.3321152475313459
ROS1-49-0007,2019-09-30,0.29789691249031114,0.16400856015622906,-0.38160389639910214
ROS1-49-0003,2019-09-30,0.27163661878559886,0.15518960298233572,-0.3525159428014372
ROS1-43-0006,2019-10-02,0.10503325575329879,0.13712080546605981,-0.15594720544676152
ROS1-49-0007,2019-10-02,0.31090421293813253,0.18324346722219131,-0.37671023950961696
ROS1-49-0004,2019-10-02,0.2281901320409784,0.15411391258493862,-0.30677292511957244
ROS1-49-0007,2019-10-02,0.3118987789002329,0.18251639327108998,-0.3788214519847587
ROS1-49-0003,2019-10-02,0.3246426158916232,0.188252125459882,-0.38734095954631353
ROS1-42-0006,2019-10-02,0.07086575462830406,0.10891240321385162,-0.12349231671849262
ROS1-36-0022,2019-10-02,0.032605766582901874,0.024186252298311943,-0.06222897985487782
ROS1-42-0008,2019-10-02,0.28067468538666074,0.14587623801646266,-0.3684190994113584
ROS1-36-0019,2019-10-02,0.07922434724458303,0.103747521414244,-0.10823180762620896
ROS1-37-0012,2019-10-02,0.23799763848680655,0.11082171121214923,-0.35951657019529776
ROS1-42-0000,2019-10-02,0.04295758072093942,0.10384320509329681,-0.0747984443768056
ROS1-37-0012,2019-10-02,0.23612271716758892,0.11104809075724945,-0.3523616226367839
ROS1-43-0019,2019-10-02,0.25669823309615414,0.30930463006889436,-0.2594538431328048
ROS1-49-0007,2019-10-02,0.3132066201622377,0.1833912498153063,-0.38164303162868213
ROS1-42-0000,2019-10-02,0.04123937307017808,0.1037108724863671,-0.07159769489542692
ROS1-49-0007,2019-10-02,0.3101161761914378,0.18242955100523503,-0.37651421220067266
ROS1-36-0014,2019-10-05,0.16090049866130454,0.10289388217956517,-0.2638367196512482
ROS1-42-0008,2019-10-05,0.38514911136017416,0.2165037632918656,-0.4310005244541289
ROS1-36-0019,2019-10-05,0.14500010916847206,0.0858176599581966,-0.25177283581465176
ROS1-36-0014,2019-10-05,0.16014687408169798,0.10333902999650366,-0.25991836038815025
ROS1-42-0000,2019-10-05,0.13165743089556298,0.06773106206469591,-0.2450677469954601
ROS1-42-0000,2019-10-05,0.1302275200972834,0.06735962853782071,-0.24197428018062364
ROS1-49-0004,2019-10-05,0.12058008137763473,0.15065548007536975,-0.11987206624657659
ROS1-36-0014,2019-10-07,0.1497505341184513,0.19291862018355066,-0.08668717597973376
ROS1-42-0008,2019-10-07,0.16486493875312785,0.1820517145638755,-0.15492926041647329
ROS1-36-0014,2019-10-07,0.15269396082417933,0.1921361825609909,-0.08483542452539834
ROS1-37-0012,2019-10-07,0.42655428209168006,0.2392848283892124,-0.46425068497583466
ROS1-37-0012,2019-10-07,0.4412827270921593,0.24073862980536667,-0.48833090180694466
ROS1-49-0007,2019-10-07,0.11719647644580622,0.14997059400117627,-0.1376755070202808
ROS1-49-0004,2019-10-07,0.10408688436477469,0.14156775613726905,-0.12472072447826768
ROS1-49-0007,2019-10-07,0.11919268849961917,0.15191225004853423,-0.13760402554673892
ROS1-49-0003,2019-10-07,0.16321272329208328,0.20793194279615776,-0.14934020188643002
ROS1-01-0031,2019-10-08,0.05979415144784864,0.10502612117278018,-0.08475954632283471
ROS1-08-0010,2019-10-08,0.1547195155695377,0.07819043869119478,-0.17988234564988265
ROS1-07-0012,2019-10-08,0.11595640752486445,0.17386400969950064,-0.09899072742228263
ROS1-26-0027,2019-10-08,0.16326948592965052,0.07023137723707282,-0.2992073346837047
ROS1-20-0010,2019-10-08,0.1317948359829735,0.9879977666410575,-0.08500417609322375
ROS1-26-0036,2019-10-08,0.03875643786894909,-0.0496330304198949,-0.008066437138634565
ROS1-27-0021,2019-10-08,0.14496596889625143,0.22262589786158654,-0.1400925825606871
ROS1-33-0010,2019-10-08,0.03688563505243919,0.06411191419846443,-0.0809827102343814
ROS1-33-0009,2019-10-08,0.34690666321071045,0.5694121969761574,-0.31255132945696246
ROS1-33-0010,2019-10-08,0.033788739286124435,0.05878095373570574,-0.07446103636461174
ROS1-33-0009,2019-10-08,0.3396522536329694,0.5461309349653951,-0.30754277654008927
ROS1-18-0029,2019-10-10,0.4090391271570729,0.2092774403775331,-0.47206762099631266
ROS1-24-0003,2019-10-10,0.17264674481128756,0.07856734995353516,-0.2376783998292682
ROS1-18-0007,2019-10-10,0.1744723667562387,0.057847359265668266,-0.30184339024476636
ROS1-25-0008,2019-10-10,0.39638386456482577,0.19429909685236016,-0.3995223414068808
ROS1-18-0030,2019-10-10,0.188995318517514,0.07556498150244581,-0.32721510193083025
ROS1-18-0024,2019-10-10,0.19149059185304695,0.05899161427576864,-0.3277094548238043
ROS1-19-0041,2019-10-10,0.48783743694948534,0.27953698957999157,-0.5098641076738754
ROS1-25-0017,2019-10-10,0.4562604016597009,0.30803207610014016,-0.5175690831025139
ROS1-26-0027,2019-10-10,0.16660886859607402,0.06632530685433703,-0.3193363271333931
ROS1-19-0026,2019-10-10,0.19585676449564807,0.07152672880750205,-0.3094866112599492
ROS1-20-0010,2019-10-10,0.17201619401012902,0.06600804632929941,-0.3085416316180259
ROS1-19-0022,2019-10-10,0.30152535555350024,0.13383287539360073,-0.42123736444748633
ROS1-19-0037,2019-10-10,0.19823609072636547,0.07400928192567724,-0.32023286041187476
ROS1-24-0003,2019-10-10,0.16666987800985253,0.09501925678580163,-0.229335715813402
ROS1-30-0009,2019-10-10,0.3540300410754626,0.22319908025955937,-0.41390317333932125
ROS1-24-0026,2019-10-10,0.2492151435978889,0.1580874949248734,-0.3325902844899969
ROS1-25-0008,2019-10-10,0.3984015014485903,0.1909221329832798,-0.39452670634227704
ROS1-30-0001,2019-10-10,0.1408472154394746,0.10180558727987894,-0.14000067203175767
ROS1-37-0025,2019-10-10,0.3800875910642527,0.273013123027456,-0.4296572599528812
ROS1-25-0016,2019-10-10,0.3093686363848357,0.11751156855612703,-0.4020227176257581
ROS1-30-0006,2019-10-10,0.0992059111446722,0.10846900487443095,-0.1113918184205606
ROS1-24-0006,2019-10-10,0.16141295648663143,0.04411639344796423,-0.29075319533535665
ROS1-25-0023,2019-10-10,0.08509213776340176,0.0939104375017387,-0.10177032672000651
ROS1-30-0013,2019-10-10,0.18390650191173202,0.09798965548112176,-0.3184614826667375
ROS1-31-0028,2019-10-10,0.055305392715284056,0.040487085266271795,-0.11079318735482487
ROS1-36-0014,2019-10-10,0.0904460029042173,0.1386959254838618,-0.11667911077851995
ROS1-31-0009,2019-10-10,0.24894108876674254,0.08651676740014108,-0.3174219553651909
ROS1-37-0049,2019-10-10,0.18570963545844496,0.11245424213005299,-0.3037273293428033
ROS1-31-0024,2019-10-10,0.19658528471028666,0.10867121477983871,-0.32062926248437656
ROS1-32-0022,2019-10-10,0.30847915809745946,0.16550580935621115,-0.38825048110592986
ROS1-37-0025,2019-10-10,0.3775066989801425,0.26918242917145807,-0.42648227889202084
ROS1-25-0016,2019-10-10,0.297548478911284,0.11598239228675829,-0.38044576404439284
ROS1-31-0038,2019-10-10,0.3296520511193348,0.29113486286398,-0.36934650480674586
ROS1-31-0028,2019-10-10,0.06636320843312776,0.05267679648338509,-0.12207520295712217
ROS1-38-0001,2019-10-10,0.16999449626661323,0.060358221348451556,-0.3442930076475989
ROS1-27-0006,2019-10-10,0.24611322501213187,0.12363059500987958,-0.3706482953039837
ROS1-26-0031,2019-10-10,0.2641480303355212,0.12086059646513507,-0.3758545185190973
ROS1-27-0009,2019-10-10,0.20639995888095225,0.12632931499613867,-0.4148903439264456
ROS1-21-0034,2019-10-10,0.1887823529827719,0.14223017080574277,-0.37388771400310866
ROS1-26-0006,2019-10-10,0.3625047229901311,0.13546056656338681,-0.4733016269432943
ROS1-27-0004,2019-10-10,0.3039886972989293,0.15020621915775087,-0.4560718653100597
ROS1-26-0036,2019-10-10,0.49492172746371843,0.17129343752781784,-0.524756798381743
ROS1-28-0017,2019-10-10,0.41255797158129637,0.19164490339335302,-0.41943016914261494
ROS1-32-0018,2019-10-10,0.33613694485218687,0.14747159422814024,-0.48014765470307924
ROS1-32-0022,2019-10-10,0.3351226475214686,0.16857360078611355,-0.4331368515082856
ROS1-27-0021,2019-10-10,0.2483816802327749,0.10116494105799533,-0.414220614604408
ROS1-32-0015,2019-10-10,0.2056380427256101,0.0695438541494551,-0.37784443581286487
ROS1-33-0009,2019-10-10,0.34260233358594366,0.2926962263026323,-0.2961522847397186
ROS1-34-0003,2019-10-10,0.09763905921688286,0.12675002120661577,-0.11005771746811997
ROS1-42-0006,2019-10-10,0.14893845809771478,0.10173133565911165,-0.2543743212334722
ROS1-36-0022,2019-10-10,0.1339612002067464,0.10837164909979342,-0.16399875940084188
ROS1-37-0025,2019-10-10,0.3766279302962893,0.27381655889097656,-0.4233203035453184
ROS1-42-0008,2019-10-10,0.5017483633737637,0.26626659147638104,-0.4855859852391605
ROS1-30-0006,2019-10-10,0.10922415844991129,0.11488030877903736,-0.12059595530089627
ROS1-36-0019,2019-10-10,0.13216992195028376,0.07179207151558452,-0.24791823698496748
ROS1-30-0013,2019-10-10,0.1786915477958093,0.09690652118247883,-0.307336784749986
ROS1-31-0028,2019-10-10,0.05520923994849535,0.040334305059342525,-0.10921082365414983
ROS1-36-0014,2019-10-10,0.08686498417232992,0.12935043218751338,-0.11564993448819132
ROS1-37-0012,2019-10-10,0.3317980397934536,0.18050799463905012,-0.44890222564701293
ROS1-42-0000,2019-10-10,0.04524748942977616,0.07349642304476757,-0.08486915292335083
ROS1-31-0009,2019-10-10,0.2774620655375545,0.08779645181774166,-0.37546836403680517
ROS1-37-0049,2019-10-10,0.19102764154396135,0.11235411532724547,-0.3211939356534691
ROS1-38-0002,2019-10-10,0.5485946729757232,0.21961627928379507,-0.5460006203992719
ROS1-31-0038,2019-10-10,0.3356966664623531,0.29873987373790134,-0.37879654126773765
ROS1-37-0012,2019-10-10,0.3499487463547196,0.1791142827250791,-0.4962267099777583
ROS1-38-0001,2019-10-10,0.17529816610924423,0.05690982563836194,-0.39647749512660646
ROS1-43-0006,2019-10-10,0.1418597602453285,0.11468786089057272,-0.22759741585248525
ROS1-43-0019,2019-10-10,0.5598995620543575,0.386282382266046,-0.532264642206481
ROS1-49-0007,2019-10-10,0.3825003646271937,0.15109737843387233,-0.42308636093720714
ROS1-42-0000,2019-10-10,0.03935779625937999,0.064127022588602,-0.07890064932326459
ROS1-49-0004,2019-10-10,0.3761768624994453,0.21237043266558261,-0.4313168376101121
ROS1-49-0007,2019-10-10,0.38193103720260235,0.15078387749332642,-0.4239612609614735
ROS1-49-0003,2019-10-10,0.4422094684272132,0.24604050858930346,-0.4578973521422171
ROS1-33-0009,2019-10-10,0.36718748732492595,0.308602849901381,-0.3186597629513746
ROS1-34-0003,2019-10-10,0.09541808941384619,0.1299035935869876,-0.10597148107410273
ROS1-01-0003,2019-10-11,0.1185509717665218,0.0973868114773303,-0.174175941111669
ROS1-07-0012,2019-10-11,0.05647634400155413,0.055335662661089455,-0.21712488876232502
ROS1-07-0018,2019-10-11,0.14797059763502718,0.11421945924610225,-0.30475844533236474
ROS1-15-0009,2019-10-11,-5.579319477047788E-4,-0.0012184960014534547,0.009608955915068357
ROS1-15-0014,2019-10-11,0.005545558142461499,0.06053685010292438,-0.008915864884566312
ROS1-15-0003,2019-10-11,0.004094660149414619,0.029605245109019206,-0.0045121454715454845
ROS1-15-0006,2019-10-11,0.010125494381508336,0.0672639795971631,-0.014404263951809396
ROS1-22-0016,2019-10-11,0.011846004538835261,0.08880232717349765,-0.008633761955656941
ROS1-36-0014,2019-10-12,0.14383212657663894,0.09028709434989281,-0.20881542446146262
ROS1-42-0006,2019-10-12,0.12194925560213249,0.16099239245797478,-0.1750366036860387
ROS1-36-0022,2019-10-12,0.14225040895063273,0.06547581305881754,-0.24192420051102842
ROS1-36-0019,2019-10-12,0.15728111527978683,0.07153662564838034,-0.2389159537639919
ROS1-36-0014,2019-10-12,0.14157811669624426,0.08928067472176393,-0.20500864785612033
ROS1-42-0000,2019-10-12,0.05974276306874709,0.05464376665761805,-0.06225020999661721
ROS1-43-0006,2019-10-12,0.0618772941793393,0.10318744261291593,-0.0945945945945946
ROS1-43-0019,2019-10-12,0.5327440635017725,0.35490858698814637,-0.48747736892626503
ROS1-49-0007,2019-10-12,0.28538072872641757,0.24586300279394482,-0.2886686308225272
ROS1-42-0000,2019-10-12,0.04960473728085,0.04868324482678261,-0.046559825128863246
ROS1-49-0004,2019-10-12,0.16059816053651255,0.15698953408537258,-0.11763559239812274
ROS1-49-0007,2019-10-12,0.28779702669278967,0.24748810415552217,-0.2887595030595519
ROS1-49-0003,2019-10-12,0.1481776564805496,0.12787724314948334,-0.1381882390516109
ROS1-01-0003,2019-10-13,0.19443050610607415,0.08235065774127379,-0.32215851428007886
ROS1-07-0011,2019-10-13,0.158892802608978,0.08308266564869113,-0.2909640582285327
ROS1-01-0015,2019-10-13,0.16789530195636745,0.09034138952082393,-0.3142160283514146
ROS1-02-0005,2019-10-13,0.21165935311460277,0.08840347955539907,-0.34573207634250064
ROS1-07-0011,2019-10-13,0.1585636138292554,0.08502871991807509,-0.2896448092347787
ROS1-01-0031,2019-10-13,0.19753814282284082,0.09034737711111468,-0.3170107005441617
ROS1-12-0000,2019-10-13,0.28943858368554976,0.13851828246973996,-0.3546519346724137
ROS1-07-0011,2019-10-13,0.1538429606321013,0.08448215563464602,-0.27700494086524463
ROS1-12-0004,2019-10-13,0.2547977229203697,0.09220391315283966,-0.35416862788419967
ROS1-07-0045,2019-10-13,0.2266192330460264,0.08156394682252717,-0.3384123764181878
ROS1-08-0010,2019-10-13,0.20988088046839667,0.07244679907896405,-0.33098619672868806
ROS1-07-0012,2019-10-13,0.391941831651429,0.22777545820891593,-0.4323765977265172
ROS1-07-0011,2019-10-13,0.15517615250459632,0.08462041168120357,-0.28055400781851997
ROS1-07-0018,2019-10-13,0.18865329523769322,0.06456130007868256,-0.30724858096441776
ROS1-13-0013,2019-10-13,0.1890680324716205,0.08612716420308392,-0.3087962135560587
ROS1-18-0029,2019-10-13,0.43514104803467385,0.2073415719272211,-0.4744487572385793
ROS1-24-0003,2019-10-13,0.2292765027463454,0.05475295017729238,-0.3427123173624384
ROS1-18-0007,2019-10-13,0.16989823158924508,0.04460188935039709,-0.290881973126664
ROS1-25-0008,2019-10-13,0.5032248402060269,0.2107204218012796,-0.47335217838040794
ROS1-18-0030,2019-10-13,0.18115189174591,0.07103336658112691,-0.2972827445894798
ROS1-18-0024,2019-10-13,0.18336649325920643,0.0516448945817991,-0.31299782246463803
ROS1-19-0041,2019-10-13,0.4646688314782127,0.2547515988533791,-0.49763070682431215
ROS1-25-0017,2019-10-13,0.44625948443367025,0.2925206394340931,-0.5208278960169308
ROS1-26-0027,2019-10-13,0.19524583086089245,0.0703280126533193,-0.33543086704122826
ROS1-19-0026,2019-10-13,0.26380227325824745,0.09172970720923797,-0.35339559513500296
ROS1-20-0010,2019-10-13,0.1873661496074976,0.06504047890074895,-0.32670265796748055
ROS1-19-0022,2019-10-13,0.2487280209254802,0.09757846525440717,-0.3776023928660841
ROS1-19-0037,2019-10-13,0.19349246685286442,0.06612102245155946,-0.31820237860546813
ROS1-24-0003,2019-10-13,0.23310561138755473,0.05494103260308508,-0.3483416438643796
ROS1-25-0008,2019-10-13,0.5074035785195655,0.21207939044080135,-0.4769198234159717
ROS1-25-0016,2019-10-13,0.3066109778020144,0.10820116895428292,-0.40009981232465697
ROS1-32-0022,2019-10-13,0.3916699647213223,0.21145747762006867,-0.4300467597139777
ROS1-25-0016,2019-10-13,0.30946805590374316,0.10790044678487835,-0.4081490143940066
ROS1-15-0009,2019-10-13,0.396470435136037,0.16141093618068117,-0.4392406460260276
ROS1-15-0016,2019-10-13,0.37921639792852363,0.17090670935092564,-0.4009107588117446
ROS1-15-0014,2019-10-13,0.5024303188918188,0.3070551845052564,-0.5042934093738841
ROS1-15-0003,2019-10-13,0.8593563193216651,0.5901013491423172,-0.7077117606327937
ROS1-16-0006,2019-10-13,0.18615262472398456,0.036143756394470414,-0.3050507334559111
ROS1-22-0026,2019-10-13,0.19419814298865581,0.04856683688024226,-0.3126413202369316
ROS1-15-0006,2019-10-13,0.30012230709700527,0.1710698771732324,-0.41741202108050335
ROS1-20-0023,2019-10-13,0.16992303805325024,0.07596895181333499,-0.32316238293816113
ROS1-27-0006,2019-10-13,0.23049852594223733,0.11092977181065423,-0.3490397074957083
ROS1-21-0013,2019-10-13,0.21020590865100047,0.09819144087270533,-0.31929668680611023
ROS1-26-0031,2019-10-13,0.29778476924788944,0.14494573918505613,-0.35995348679366906
ROS1-27-0009,2019-10-13,0.17769474577854924,0.10616110389232958,-0.35312226316974815
ROS1-20-0007,2019-10-13,0.34293159713933835,0.18792728719795218,-0.42982796317877764
ROS1-21-0034,2019-10-13,0.1857307497423113,0.13294533851705742,-0.3609752242719099
ROS1-26-0006,2019-10-13,0.33501975270901196,0.1302250311033829,-0.41197540360430424
ROS1-27-0004,2019-10-13,0.2814644655462441,0.13509108334662712,-0.43078431587632976
ROS1-21-0043,2019-10-13,0.8164896242321052,0.5114702226757695,-0.6874183196970418
ROS1-26-0036,2019-10-13,0.528808178689275,0.20460188175121577,-0.4762606981092574
ROS1-21-0016,2019-10-13,0.18219500153398188,0.08364978305344982,-0.30405244224972533
ROS1-22-0016,2019-10-13,0.30426173978370524,0.11328019471809231,-0.36216780552428496
ROS1-22-0011,2019-10-13,0.2746492171624023,0.0994459578333335,-0.30781154337284766
ROS1-28-0017,2019-10-13,0.41646473708402315,0.18516625687124538,-0.4437767303615049
ROS1-28-0029,2019-10-13,0.2871959816176841,0.08769902254747095,-0.38825557160288043
ROS1-16-0006,2019-10-13,0.17570498915401309,0.03748438150770514,-0.29820359281437125
ROS1-22-0026,2019-10-13,0.18354297614625623,0.050046571725768756,-0.29064460123271446
ROS1-28-0006,2019-10-13,0.23155404872421761,0.09708223325731857,-0.4256408486644355
ROS1-29-0006,2019-10-13,0.2427684004562191,0.04530232207691707,-0.3027500874036328
ROS1-22-0032,2019-10-13,0.24897154256733645,0.08070846282741125,-0.4168456108666216
ROS1-29-0008,2019-10-13,0.177000263890815,0.043761334734392456,-0.29455655783609447
ROS1-32-0018,2019-10-13,0.2963672649057665,0.13754798155571057,-0.4040783015008585
ROS1-33-0014,2019-10-13,0.25880533521168836,0.15376983351918103,-0.3953294716679912
ROS1-32-0022,2019-10-13,0.3821847779748749,0.20827744146619515,-0.4172423982698391
ROS1-33-0018,2019-10-13,0.1848347360217021,0.06564902705019499,-0.34894218154176015
ROS1-27-0021,2019-10-13,0.2279644226676288,0.09271567359235862,-0.3489943883183311
ROS1-32-0015,2019-10-13,0.20676000378676102,0.07659750356610602,-0.32003084004550225
ROS1-33-0014,2019-10-13,0.2566826957957728,0.149996676496073,-0.3885459544185788
ROS1-33-0018,2019-10-13,0.18035681381141933,0.06290673701505112,-0.33794490664484456
ROS1-33-0010,2019-10-13,0.35228769188419057,0.11864912682934213,-0.40662932366895577
ROS1-28-0030,2019-10-13,0.631069291382706,0.2660304004182028,-0.5349450114326132
ROS1-33-0009,2019-10-13,0.8152363371184737,0.5271669341936857,-0.7059947113167051
ROS1-34-0003,2019-10-13,0.1584441959061323,0.043520487146767005,-0.28411968781743985
ROS1-28-0006,2019-10-13,0.2261841382613882,0.09737472782767842,-0.4073483925431602
ROS1-33-0010,2019-10-13,0.3520011407783014,0.11839185788726068,-0.4054104858869257
ROS1-33-0009,2019-10-13,0.8149469863571456,0.5266848203796035,-0.7054086818925219
ROS1-34-0003,2019-10-13,0.15801610539592414,0.04341853804254017,-0.28229362064003743
ROS1-24-0003,2019-10-15,0.29035629499393295,0.08247523203208705,-0.42627740422062826
ROS1-18-0007,2019-10-15,0.20436862431125113,0.0594267477605363,-0.358085721979288
ROS1-25-0008,2019-10-15,0.6000519744586413,0.24536237387819076,-0.5811423114956101
ROS1-18-0024,2019-10-15,0.20289046609880781,0.05218407694977237,-0.41561251079445144
ROS1-19-0041,2019-10-15,0.45037988458479966,0.24254936335539085,-0.48870704922694397
ROS1-25-0017,2019-10-15,0.42282000839232203,0.27932188362913835,-0.5029078306999121
ROS1-26-0027,2019-10-15,0.20094227121956354,0.07875927504377706,-0.33896594932682117
ROS1-19-0026,2019-10-15,0.26481336993341276,0.09950261500558183,-0.344782517080993
ROS1-20-0010,2019-10-15,0.20069729756274318,0.07395675528590398,-0.3333380268470741
ROS1-19-0022,2019-10-15,0.22766204209507887,0.09332079367237003,-0.35834636219427474
ROS1-19-0037,2019-10-15,0.18896220118046747,0.07068914723626941,-0.3039831954267521
ROS1-24-0003,2019-10-15,0.23102120980338994,0.07987789981314757,-0.30296579294766
ROS1-30-0009,2019-10-15,0.37859467714815587,0.23494295196386394,-0.43426377422383916
ROS1-24-0026,2019-10-15,0.2629858778519899,0.15496224316086396,-0.3404617650779558
ROS1-25-0008,2019-10-15,0.5214116163196587,0.24002910197779426,-0.48646713899013594
ROS1-30-0001,2019-10-15,0.44802684361904366,0.1944088583757084,-0.4339151569325775
ROS1-37-0025,2019-10-15,0.42803508113435307,0.24908203707615525,-0.48330107987043885
ROS1-25-0016,2019-10-15,0.285369211796655,0.104375305046202,-0.38236718086724253
ROS1-30-0006,2019-10-15,0.27560500639586977,0.10239457184577785,-0.36215042481149806
ROS1-24-0006,2019-10-15,0.1544492098804514,0.05593508102786545,-0.27993099206587807
ROS1-30-0013,2019-10-15,0.1919128428125121,0.10252468298561937,-0.32591394112528116
ROS1-31-0028,2019-10-15,0.19581628315772967,0.06968397557090744,-0.33781574225706845
ROS1-36-0014,2019-10-15,0.2071539630880134,0.0712318465126195,-0.3394793077597636
ROS1-31-0009,2019-10-15,0.37362496353735924,0.14917997871443076,-0.4532064373613836
ROS1-37-0049,2019-10-15,0.22904759464072455,0.13572380620150196,-0.35961910926911167
ROS1-31-0024,2019-10-15,0.19719682472055455,0.10554904113268394,-0.34306885052497493
ROS1-32-0022,2019-10-15,0.4251521708728782,0.23896823836776754,-0.47212182800078845
ROS1-37-0025,2019-10-15,0.4374719998029336,0.251520314105826,-0.5037388511600098
ROS1-25-0016,2019-10-15,0.29946363152152183,0.10728436906263855,-0.41643932746626783
ROS1-31-0038,2019-10-15,0.4504777464676595,0.24093852987960793,-0.5534669929166517
ROS1-31-0028,2019-10-15,0.20646432660499295,0.07185863423337949,-0.36889371254751113
ROS1-38-0001,2019-10-15,0.17642793195596643,0.0705779465083213,-0.35480565379771417
ROS1-27-0006,2019-10-15,0.20369615399506408,0.10801927563364891,-0.3164186447676528
ROS1-26-0031,2019-10-15,0.33429538014380056,0.16568530387581606,-0.3924004037849532
ROS1-27-0009,2019-10-15,0.1889843854049025,0.113874194520744,-0.3650477732656074
ROS1-21-0034,2019-10-15,0.18568625374964742,0.13505612493259816,-0.35443237495474167
ROS1-26-0006,2019-10-15,0.3445984973825304,0.13927777726366794,-0.425083630932912
ROS1-27-0004,2019-10-15,0.25111697142041484,0.13271752928292296,-0.38032326162370333
ROS1-26-0036,2019-10-15,0.566975293915007,0.2503019468618544,-0.5228672403660889
ROS1-32-0018,2019-10-15,0.304684507370332,0.14499930374275122,-0.4191808006328086
ROS1-33-0014,2019-10-15,0.2573950977465552,0.1549122272545736,-0.39971992917465976
ROS1-32-0022,2019-10-15,0.4177165771033599,0.23647577952661178,-0.46348759182710103
ROS1-33-0018,2019-10-15,0.19515672455329716,0.07327176624016737,-0.3582509015488082
ROS1-27-0021,2019-10-15,0.2283979263382153,0.09864135151460027,-0.3644364887636006
ROS1-32-0015,2019-10-15,0.2407273711961296,0.10604982422520898,-0.3580019127245291
ROS1-33-0014,2019-10-15,0.2522334230287211,0.15037075207622766,-0.38812669049648174
ROS1-33-0018,2019-10-15,0.1898081141679061,0.07046381620415866,-0.34465172488955415
ROS1-33-0010,2019-10-15,0.35546200841712977,0.12539183087392816,-0.40865110653096914
ROS1-28-0030,2019-10-15,0.6016249231238232,0.30712890472541726,-0.5178957007939102
ROS1-33-0009,2019-10-15,0.8196919333457028,0.5543127624939516,-0.7190250309684826
ROS1-34-0003,2019-10-15,0.17485415539774732,0.051054314782080966,-0.30853993926558293
ROS1-42-0006,2019-10-15,0.17185057690650324,0.10586290530696932,-0.27659906240764603
ROS1-36-0022,2019-10-15,0.16568714261263037,0.07287483667319777,-0.316975344269249
ROS1-37-0025,2019-10-15,0.4252877099647896,0.2509465261723054,-0.47634754928633727
ROS1-42-0008,2019-10-15,0.6491749250648478,0.40943190319480505,-0.6168551474393015
ROS1-30-0006,2019-10-15,0.2714309196903517,0.1027876238697061,-0.35002678520732083
ROS1-36-0019,2019-10-15,0.19034767193780158,0.09173184502628974,-0.3200888800879182
ROS1-30-0013,2019-10-15,0.18908462847604787,0.10237852746188669,-0.31894856814816935
ROS1-31-0028,2019-10-15,0.19195627118379102,0.06961251108671541,-0.3256165785575937
ROS1-36-0014,2019-10-15,0.2031839264426629,0.07122021095158283,-0.3258280440838566
ROS1-37-0012,2019-10-15,0.28551152073787767,0.13124869503051975,-0.41317645412715537
ROS1-42-0000,2019-10-15,0.16619730630230112,0.06521566648209025,-0.3257088578659393
ROS1-31-0009,2019-10-15,0.37123874739913376,0.14946828203686222,-0.44682031833822833
ROS1-37-0049,2019-10-15,0.22810982475243777,0.1358750292882216,-0.3565325711405987
ROS1-38-0002,2019-10-15,0.5768295205656927,0.3002701520112019,-0.5590222285901145
ROS1-31-0038,2019-10-15,0.4487777697313831,0.2414845201775326,-0.5485459526910362
ROS1-37-0012,2019-10-15,0.29676813766186366,0.13300419278126213,-0.4445128315053477
ROS1-38-0001,2019-10-15,0.17547137513960737,0.07089388381544186,-0.34989904594700116
ROS1-43-0006,2019-10-15,0.16374549775865244,0.06538462094074572,-0.3552198682098062
ROS1-43-0019,2019-10-15,0.6142342842282141,0.3489037943763212,-0.5944647778677186
ROS1-49-0007,2019-10-15,0.42199109414014363,0.18650199618787935,-0.49697008962878536
ROS1-42-0000,2019-10-15,0.18088992337420057,0.062018136127200967,-0.4082069896537659
ROS1-49-0004,2019-10-15,0.443664016119084,0.26956300543011347,-0.4817781685749816
ROS1-49-0007,2019-10-15,0.3915451021916035,0.19241274151670126,-0.4428761972825211
ROS1-49-0003,2019-10-15,0.4677863362387023,0.26758884145515155,-0.4793755981862232
ROS1-33-0010,2019-10-15,0.3669378692821373,0.12804415317844578,-0.4356287061739651
ROS1-33-0009,2019-10-15,0.8254901143584696,0.5543146837708168,-0.7330783499537254
ROS1-34-0003,2019-10-15,0.18603660274458458,0.05368481597212118,-0.3389145259833918
ROS1-01-0003,2019-10-16,0.1862313606401294,0.07223233254606873,-0.33024388720037334
ROS1-07-0011,2019-10-16,0.14722394703382938,0.07900119150941204,-0.2722233745571843
ROS1-01-0015,2019-10-16,0.15256085978764947,0.07965228152272141,-0.28117700170271837
ROS1-02-0005,2019-10-16,0.17589446036739498,0.07836532027047557,-0.29361945979835863
ROS1-07-0011,2019-10-16,0.14762054392991472,0.07874532551837446,-0.27445119379260685
ROS1-01-0031,2019-10-16,0.16438874912559917,0.0782100778701914,-0.2536630699612527
ROS1-07-0011,2019-10-16,0.14439854527451262,0.07830694602771121,-0.264875689171738
ROS1-07-0045,2019-10-16,0.19924848352966248,0.07438852770311674,-0.30596878272583605
ROS1-08-0010,2019-10-16,0.17019571804254405,0.06036369664355313,-0.2750609042972693
ROS1-07-0012,2019-10-16,0.37653818524648075,0.2074720759410525,-0.4227796367338703
ROS1-07-0011,2019-10-16,0.15200436101188927,0.07949556345192868,-0.28618716906691855
ROS1-07-0018,2019-10-16,0.1972394837827343,0.0629639706446609,-0.31539337426783043
ROS1-15-0009,2019-10-16,0.436425141324979,0.19193566195380873,-0.4547396562092907
ROS1-15-0014,2019-10-16,0.5168448881740559,0.34738385360849783,-0.5100084237606314
ROS1-15-0003,2019-10-16,0.8745229240675626,0.6630140332844233,-0.7254330136580753
ROS1-16-0006,2019-10-16,0.18154077488640483,0.03494296643882185,-0.2944666939609342
ROS1-22-0026,2019-10-16,0.2116654375084147,0.04725319353942355,-0.3432186936867257
ROS1-15-0006,2019-10-16,0.2767652659411017,0.15481565157434188,-0.3860225697555966
ROS1-22-0016,2019-10-16,0.39344769250592526,0.15181257520713887,-0.40927167875341425
ROS1-16-0006,2019-10-16,0.1652608161886837,0.034124122138003546,-0.25202069137020844
ROS1-22-0026,2019-10-16,0.19616740551907275,0.047176205652286085,-0.29766305843278
ROS1-37-0012,2019-10-17,0.1815048252979377,0.07680820162260289,-0.322754721391963
ROS1-37-0012,2019-10-17,0.17109522949299377,0.08117323950050549,-0.27953887197272387
ROS1-43-0006,2019-10-17,0.15864434168181651,0.0768351637627678,-0.2936757187436589
ROS1-43-0019,2019-10-17,0.31061161961164513,0.314263854360661,-0.2501080701362885
ROS1-49-0007,2019-10-17,0.3732708678469111,0.19608857284212303,-0.41463386216693165
ROS1-49-0004,2019-10-17,0.449731964176648,0.3073710232413447,-0.4531856149209226
ROS1-49-0007,2019-10-17,0.3508222306544563,0.20366529491420132,-0.3731375557194447
ROS1-49-0003,2019-10-17,0.44272090549420373,0.2802964186264804,-0.4333924662959515
ROS1-01-0003,2019-10-18,0.10947331850387679,0.07357857335406515,-0.16340961754138736
ROS1-15-0009,2019-10-18,0.5454822063465787,0.22157832896124938,-0.5647088879351472
ROS1-15-0016,2019-10-18,0.46142622276430617,0.22090430693600827,-0.47527890195662476
ROS1-15-0014,2019-10-18,0.5356842818653469,0.3622246918550071,-0.5473248539864696
ROS1-15-0003,2019-10-18,0.8930050896797606,0.6834762255410701,-0.7652446398166278
ROS1-16-0006,2019-10-18,0.19341043322777107,0.03746261779378074,-0.34580759021939467
ROS1-22-0026,2019-10-18,0.20694517371675417,0.04846281807416033,-0.3675720711579095
ROS1-15-0006,2019-10-18,0.2898540441285704,0.15211429212357105,-0.42582273014020666
ROS1-20-0023,2019-10-18,0.10672303578900037,0.05074361397586579,-0.179100500484756
ROS1-27-0006,2019-10-18,0.21517337570629785,0.09840628607785347,-0.35322770920664426
ROS1-21-0013,2019-10-18,0.12675107766299903,0.1829532707449406,-0.11285356288573574
ROS1-26-0031,2019-10-18,0.3914543347354553,0.20490822173645348,-0.4052261072683473
ROS1-27-0009,2019-10-18,0.052360973666958494,0.08686538058902317,-0.09902705277832932
ROS1-21-0034,2019-10-18,0.05898628743876303,0.07380666737212692,-0.09114984784462496
ROS1-27-0004,2019-10-18,0.283984464662794,0.11585585150592087,-0.47223777510124126
ROS1-21-0043,2019-10-18,0.9278329984338589,0.6452474300201754,-0.7892911745937684
ROS1-26-0036,2019-10-18,0.46289082210051885,0.3766166125159082,-0.38236343299516135
ROS1-21-0016,2019-10-18,0.17537550473773536,0.08038821509390921,-0.3053487223372992
ROS1-22-0016,2019-10-18,0.44120603249471363,0.17408516153229484,-0.46686304282611674
ROS1-22-0011,2019-10-18,0.39885174710565485,0.13774474744588977,-0.4214256497120333
ROS1-28-0017,2019-10-18,0.46721828938059357,0.23059994661732197,-0.49821072282063866
ROS1-28-0029,2019-10-18,0.25889682795461744,0.11499917959290497,-0.4008461239544903
ROS1-16-0006,2019-10-18,0.17698100244311354,0.036640552693202114,-0.3014075314656989
ROS1-22-0026,2019-10-18,0.19429725781600385,0.04875590602798517,-0.32477089750044963
ROS1-28-0006,2019-10-18,0.24152736635901562,0.09470325509175866,-0.44175806098505427
ROS1-29-0006,2019-10-18,0.31030334652919167,0.04973258581028045,-0.41768538899842816
ROS1-22-0032,2019-10-18,0.2163300949109606,0.06983086747532606,-0.390295976253015
ROS1-29-0008,2019-10-18,0.18742833710642956,0.04499330119901456,-0.33017141198264394
ROS1-33-0014,2019-10-18,0.27222167723366,0.13955189611801225,-0.4506266778869495
ROS1-33-0018,2019-10-18,0.212256058490276,0.06411371008496566,-0.459223234903282
ROS1-27-0021,2019-10-18,0.09833802983481407,0.07987658701864135,-0.1448407452127934
ROS1-33-0014,2019-10-18,0.2513104176607871,0.14159060335961662,-0.398632420103093
ROS1-33-0018,2019-10-18,0.18508859849852058,0.06569123921262837,-0.3602858306359693
ROS1-33-0010,2019-10-18,0.36058452144357617,0.11921676068951477,-0.4405248169798897
ROS1-28-0030,2019-10-18,0.6905351604671827,0.356616554161421,-0.61404597797227
ROS1-33-0009,2019-10-18,0.857383334669675,0.5807080241372006,-0.7637193916140336
ROS1-34-0003,2019-10-18,0.18196960122386227,0.0497519384447621,-0.3293144658636873
ROS1-28-0006,2019-10-18,0.2310401371328069,0.0952930538913244,-0.40539846258852125
ROS1-33-0010,2019-10-18,0.36052264201455403,0.11906089932726473,-0.43988557532588113
ROS1-33-0009,2019-10-18,0.8572226335591874,0.5798530378565003,-0.7632488795294052
ROS1-34-0003,2019-10-18,0.18137887667107258,0.04960876478057655,-0.32798180025265106
ROS1-18-0029,2019-10-20,0.0901625808290991,0.13384328663489745,-0.06174889717542657
ROS1-24-0003,2019-10-20,0.24008907169162577,0.1416780063547424,-0.21577360675241924
ROS1-18-0007,2019-10-20,0.021013467244233704,0.040722893887577286,-0.025224548652606996
ROS1-25-0008,2019-10-20,0.6129091968441667,0.35317413387123536,-0.5162715448192947
ROS1-19-0041,2019-10-20,0.25162365043340595,0.0765898502011565,-0.3941089249556118
ROS1-25-0017,2019-10-20,0.38560422693966656,0.24836122835260432,-0.4866439406565655
ROS1-26-0027,2019-10-20,0.2883742497974978,0.10990898498031965,-0.42845650603793534
ROS1-19-0026,2019-10-20,0.39696267834572474,0.16015327192199355,-0.41466581096818084
ROS1-20-0010,2019-10-20,0.24271219574664965,0.0807280467979188,-0.41733927207328697
ROS1-19-0022,2019-10-20,0.004818050142170808,0.013588643375169518,0.010315886240723042
ROS1-19-0037,2019-10-20,-0.040740887854919756,-0.3131532404385949,0.08558595662946356
ROS1-24-0003,2019-10-20,0.22092638286311864,0.14063833656456667,-0.18738267513988843
ROS1-30-0009,2019-10-20,-0.010473310060365826,-0.03993781426980557,0.06439649464339524
ROS1-25-0008,2019-10-20,0.5962823670636687,0.35372995442169813,-0.4982919984858828
ROS1-37-0025,2019-10-20,0.30207395171391177,0.2888450697984811,-0.3187674388388156
ROS1-25-0016,2019-10-20,0.23806218561454592,0.10326309187362195,-0.2782683211387675
ROS1-30-0006,2019-10-20,0.38182138074784955,0.18674699975478018,-0.30142453229897287
ROS1-25-0023,2019-10-20,0.3956222907482995,0.21517618907948402,-0.33755024828797725
ROS1-31-0028,2019-10-20,0.17822244881571261,0.06672337293927905,-0.3046014530475026
ROS1-36-0014,2019-10-20,0.15509932268107582,0.05742405871578246,-0.2463535368602342
ROS1-31-0009,2019-10-20,0.5158089984721819,0.2629029165443158,-0.5059682743818599
ROS1-37-0049,2019-10-20,0.2069996733538954,0.09403011440739456,-0.37334440952756637
ROS1-31-0024,2019-10-20,0.1704619010403458,0.0842484391667453,-0.27258592954112565
ROS1-32-0022,2019-10-20,0.5845865111770592,0.37274466218115093,-0.552027813167188
ROS1-37-0025,2019-10-20,0.30609330368297755,0.29447100781956115,-0.3294880603844496
ROS1-25-0016,2019-10-20,0.23406978673506726,0.10545652447899084,-0.2737424568549558
ROS1-31-0038,2019-10-20,0.20025204817932785,0.06256038503590729,-0.359705015984717
ROS1-31-0028,2019-10-20,0.18007625080355466,0.07097790835663151,-0.3015907146959145
ROS1-38-0001,2019-10-20,0.16903568135874905,0.070578154479848,-0.33743822752253666
ROS1-27-0006,2019-10-20,0.190834849695601,0.09808637415750247,-0.3174113896284592
ROS1-26-0031,2019-10-20,0.4226203640155361,0.23058067995920073,-0.4364549953188462
ROS1-27-0009,2019-10-20,0.1723278643936726,0.1015286660647433,-0.33496544993451066
ROS1-21-0034,2019-10-20,0.17214983206326023,0.12052766536332206,-0.33204924984371703
ROS1-26-0006,2019-10-20,0.38051094700910554,0.16555722168383416,-0.43057507062315514
ROS1-27-0004,2019-10-20,0.23963899330508603,0.11784222297485387,-0.38233862904766097
ROS1-26-0036,2019-10-20,0.6827032270502429,0.3888081781157635,-0.5784214185864844
ROS1-28-0017,2019-10-20,0.4524197357665274,0.27646400559936296,-0.4549939745985294
ROS1-28-0006,2019-10-20,0.2416039726708514,0.1044732803637411,-0.44344427228617384
ROS1-32-0018,2019-10-20,0.28694401888626087,0.13765531623446492,-0.3906057588198864
ROS1-33-0014,2019-10-20,0.23533946696943098,0.1454070469997257,-0.3633794300188823
ROS1-32-0022,2019-10-20,0.5677762836016798,0.36473872263799356,-0.5370054107149548
ROS1-33-0018,2019-10-20,0.17662238455192975,0.0707905699737322,-0.3180074856303742
ROS1-27-0021,2019-10-20,0.20990028168069744,0.09250043372256164,-0.32756301837019713
ROS1-32-0015,2019-10-20,0.2986087214889904,0.14142700399924643,-0.37401011770497017
ROS1-33-0014,2019-10-20,0.2321347931056616,0.13981025465316002,-0.3553292161118646
ROS1-33-0018,2019-10-20,0.17191696043320553,0.06678879427199479,-0.3078689172298933
ROS1-33-0010,2019-10-20,0.325423949272439,0.12383835618697438,-0.3679145840573606
ROS1-28-0030,2019-10-20,0.6725874599301496,0.4154473437048734,-0.5655582816783745
ROS1-33-0009,2019-10-20,0.8253273263120959,0.6206480957328473,-0.7142929273653827
ROS1-34-0003,2019-10-20,0.15233821039143403,0.049010264651658655,-0.26267128997755074
ROS1-28-0006,2019-10-20,0.23922980475993585,0.10466434552674066,-0.4352022915349543
ROS1-42-0006,2019-10-20,0.15940850602641574,0.09588933984773489,-0.27405093211423176
ROS1-36-0022,2019-10-20,0.14792140472353676,0.06583642257686827,-0.2953257869305693
ROS1-37-0025,2019-10-20,0.304538333921256,0.2953083240274669,-0.3209080899717574
ROS1-42-0008,2019-10-20,0.761653118384748,0.5358493899219895,-0.6889072670356541
ROS1-30-0006,2019-10-20,0.37248757430160234,0.17537406707713393,-0.29816715433104957
ROS1-36-0019,2019-10-20,0.1931911976228334,0.0970407296705602,-0.3132466221667091
ROS1-31-0028,2019-10-20,0.1860178874249544,0.06498313367585792,-0.338696730425025
ROS1-36-0014,2019-10-20,0.1597805921048269,0.054463178653642585,-0.2774511598784783
ROS1-37-0012,2019-10-20,0.20740820177526054,0.0729176280005393,-0.38873479246807013
ROS1-42-0000,2019-10-20,0.15884479052833367,0.06541021199618667,-0.3322132731558063
ROS1-31-0009,2019-10-20,0.5053651638261584,0.26410994543982963,-0.4899557010560846
ROS1-37-0049,2019-10-20,0.20326752561202407,0.09474239550571101,-0.35634600953064216
ROS1-38-0002,2019-10-20,0.6748544767538899,0.4393046309451943,-0.6142971715827011
ROS1-31-0038,2019-10-20,0.1946870223177635,0.06360715289315408,-0.33320708440271213
ROS1-37-0012,2019-10-20,0.19237750353857663,0.07933582422370242,-0.32272029455957524
ROS1-38-0001,2019-10-20,0.16712448451268294,0.07190696382699893,-0.3224336283012846
ROS1-43-0006,2019-10-20,0.148528531581486,0.06215830937981502,-0.3247785531237855
ROS1-43-0019,2019-10-20,0.5614855863828303,0.3592113950654824,-0.5256921903043263
ROS1-49-0007,2019-10-20,0.3862162537310706,0.1970486563467698,-0.4246736289911259
ROS1-42-0000,2019-10-20,0.15669689515768168,0.0750375158029867,-0.27542617498739175
ROS1-49-0004,2019-10-20,0.5228322136058781,0.3391238772657492,-0.5156841891401512
ROS1-49-0007,2019-10-20,0.38906345641397905,0.1971539605056626,-0.42952082684818377
ROS1-49-0003,2019-10-20,0.47743289918694937,0.275640385477714,-0.47663712182143714
ROS1-33-0010,2019-10-20,0.32609378478685763,0.12333117057164393,-0.36957806594045484
ROS1-33-0009,2019-10-20,0.8257283187363922,0.6186275910612254,-0.7151052430358513
ROS1-34-0003,2019-10-20,0.1525379337093368,0.048920198772696065,-0.263923866206753
ROS1-01-0003,2019-10-21,0.18231871359948867,0.07007869210998507,-0.3216744762952191
ROS1-07-0011,2019-10-21,0.15985405036953565,0.08122001298142344,-0.283272321355424
ROS1-01-0015,2019-10-21,0.16857762658876307,0.07985632156841256,-0.31457739574861215
ROS1-02-0005,2019-10-21,0.20052298703517418,0.08004966369971356,-0.348889945643948
ROS1-07-0011,2019-10-21,0.16352959612471696,0.08142523281748283,-0.2941055887268596
ROS1-01-0031,2019-10-21,0.18133179431247232,0.07638034848127624,-0.28829934023270554
ROS1-07-0011,2019-10-21,0.16207471726164513,0.08171593247703564,-0.28855391979519607
ROS1-07-0045,2019-10-21,0.2206493654553895,0.07766021808738115,-0.32486590262377973
ROS1-08-0010,2019-10-21,0.18744562261328054,0.060989011866509076,-0.30384086367439694
ROS1-07-0012,2019-10-21,0.4009677181058203,0.21291651992374197,-0.4459732377371273
ROS1-07-0011,2019-10-21,0.16048920395097774,0.08130168142358214,-0.2847211995368385
ROS1-07-0018,2019-10-21,0.2179987182798366,0.06968450152962262,-0.31939832467911494
ROS1-15-0009,2019-10-21,0.5617137025796515,0.26237610513829296,-0.5450131141677089
ROS1-15-0014,2019-10-21,0.5423498764762543,0.38228691340807547,-0.5473016463710124
ROS1-15-0003,2019-10-21,0.90272707693633,0.7274378296940633,-0.7741665275676639
ROS1-16-0006,2019-10-21,0.16961053937191992,0.03500778275598978,-0.25861365491739635
ROS1-22-0026,2019-10-21,0.1852402193913883,0.04934338402206972,-0.2629352226261092
ROS1-15-0006,2019-10-21,0.2794601831399819,0.14327662820856768,-0.4051935609562016
ROS1-22-0016,2019-10-21,0.5231338742097565,0.23011589279980577,-0.48695781885301537
ROS1-16-0006,2019-10-21,0.16360531589770355,0.03456526443080474,-0.24144776367159917
ROS1-22-0026,2019-10-21,0.1802034721826889,0.04914529934159738,-0.24762019164714372
ROS1-42-0006,2019-10-22,0.156989686979133,0.11167825754038518,-0.231392737354237
ROS1-36-0022,2019-10-22,0.05086810195119906,0.033924849313978586,-0.08247922586577174
ROS1-42-0008,2019-10-22,0.5285463904718197,0.4697459708713601,-0.48447465741498313
ROS1-36-0019,2019-10-22,0.062256996275465645,0.06905021832977606,-0.07552088290007478
ROS1-42-0000,2019-10-22,0.14868893943727904,0.06198005034352383,-0.3215452202947865
ROS1-37-0012,2019-10-22,0.18505853836364025,0.08623527382249298,-0.30348165911367464
ROS1-49-0007,2019-10-22,0.18401998197504899,0.1639909936849197,-0.19281320327609064
ROS1-42-0000,2019-10-22,0.14718342520394004,0.058480523552658405,-0.34520305289554015
ROS1-49-0004,2019-10-22,0.5233446039226581,0.31633929300896374,-0.5495116558174074
ROS1-49-0007,2019-10-22,0.1921060664163598,0.17076837354057803,-0.1978433053018461
ROS1-49-0003,2019-10-22,0.5046017948276114,0.27921343279387756,-0.5097323127091572
ROS1-01-0003,2019-10-23,0.194723436906192,0.07382829803586856,-0.35569799224759846
ROS1-07-0011,2019-10-23,0.1573353634225236,0.07982669098989792,-0.2960900689193244
ROS1-01-0015,2019-10-23,0.14233612293615747,0.08154439204704926,-0.24176870383138024
ROS1-02-0005,2019-10-23,0.15580658224369057,0.07807924169124535,-0.24258338350745856
ROS1-07-0011,2019-10-23,0.1517668025872998,0.07831076318432836,-0.2828553205664335
ROS1-12-0000,2019-10-23,0.17962865130643657,0.059944327288290175,-0.3272065562964439
ROS1-07-0011,2019-10-23,0.13837060227966336,0.07613423425047981,-0.2465451988489845
ROS1-07-0045,2019-10-23,0.20086862609613654,0.07896035531034526,-0.2962101760052713
ROS1-08-0010,2019-10-23,0.16242961919365362,0.06249206216368093,-0.26370145917364657
ROS1-07-0012,2019-10-23,0.36805567649090754,0.22178785093880637,-0.4026678102312685
ROS1-07-0011,2019-10-23,0.14960083667302188,0.08087979566213002,-0.273544779556377
ROS1-07-0018,2019-10-23,0.2039715603749398,0.0728420907245811,-0.3162994173825718
ROS1-13-0013,2019-10-23,0.18498919304066203,0.08476071880020268,-0.30830854079116565
ROS1-18-0029,2019-10-23,0.40770410661087886,0.1891119991759312,-0.45596085223954963
ROS1-24-0003,2019-10-23,0.42622387842640763,0.1730647947182648,-0.43255132056803003
ROS1-18-0007,2019-10-23,0.2762987330537517,0.09930733128496261,-0.34836355457760726
ROS1-25-0008,2019-10-23,0.6601587079198302,0.37788459398971774,-0.5682749438698999
ROS1-18-0030,2019-10-23,0.34104027769741985,0.15141145675892695,-0.36531089719705917
ROS1-18-0024,2019-10-23,0.1945555025178454,0.06558893040401832,-0.3151552932558186
ROS1-19-0041,2019-10-23,0.1906921571280153,0.0674056982820105,-0.2818267600734014
ROS1-25-0017,2019-10-23,0.3605825152200634,0.2305325335203051,-0.465714059884371
ROS1-26-0027,2019-10-23,0.25926547393698124,0.12433462229078888,-0.3088376505135748
ROS1-19-0026,2019-10-23,0.3640669995897806,0.15741240199316656,-0.3793232600178836
ROS1-20-0010,2019-10-23,0.1666145791197646,0.07209846433733035,-0.25312643922751615
ROS1-19-0022,2019-10-23,0.18400365674080682,0.06167267737756432,-0.2893477978971487
ROS1-19-0037,2019-10-23,0.16720429675612686,0.06120153822040752,-0.2725422217948225
ROS1-24-0003,2019-10-23,0.42402178600607543,0.17355167141677144,-0.4272827859004914
ROS1-25-0008,2019-10-23,0.6583994794517943,0.3794521452655353,-0.5645495805346084
ROS1-25-0016,2019-10-23,0.24930443397604005,0.10167159518012614,-0.34648861839271633
ROS1-20-0023,2019-10-23,0.13519905054930068,0.04372411451945835,-0.2759805257579257
ROS1-27-0006,2019-10-23,0.1680958558844032,0.09311807613111077,-0.26729752495759435
ROS1-26-0031,2019-10-23,0.44333146059996126,0.2407106207312399,-0.45206336797538205
ROS1-27-0009,2019-10-23,0.162764477992152,0.08168476862857665,-0.3180695618014621
ROS1-20-0007,2019-10-23,0.30513845281980717,0.15849465993754316,-0.40030600914389664
ROS1-21-0034,2019-10-23,0.16233122122138638,0.11325858261668358,-0.3064103537910101
ROS1-26-0006,2019-10-23,0.39966862219405164,0.1684665110949365,-0.4419619507799658
ROS1-27-0004,2019-10-23,0.1877500447659248,0.10953901923414645,-0.28316922942045913
ROS1-26-0036,2019-10-23,0.7219756928909973,0.4180930815082794,-0.6073963021942823
ROS1-28-0017,2019-10-23,0.26677550313696685,0.24597975895073187,-0.23994388981187803
ROS1-28-0006,2019-10-23,0.17951748705076506,0.08529689767220856,-0.31315472352162016
ROS1-32-0018,2019-10-23,0.2707126918645409,0.13292263182235114,-0.3609292796176751
ROS1-33-0014,2019-10-23,0.2166447828147109,0.14191093255019002,-0.33422459383822245
ROS1-32-0022,2019-10-23,0.5056752760279563,0.3917848291051093,-0.45593837018174516
ROS1-27-0021,2019-10-23,0.174680096327912,0.08861217338232372,-0.2543569580015258
ROS1-32-0015,2019-10-23,0.3395325469160725,0.16418877229074766,-0.3816645540754498
ROS1-33-0014,2019-10-23,0.22288929784746267,0.14172731850363848,-0.3507530064511418
ROS1-28-0030,2019-10-23,0.6684440452267405,0.45606991678793324,-0.5657506438069008
ROS1-28-0006,2019-10-23,0.17094602804752723,0.08511784886331794,-0.28591929394350124
ROS1-18-0029,2019-10-25,0.25891276224982096,0.17018816123472597,-0.2778009838968429
ROS1-18-0007,2019-10-25,0.20245978218076444,0.15178315438373688,-0.24847638975011963
ROS1-18-0030,2019-10-25,0.22141399822003746,0.12047120365401666,-0.25619008465310666
ROS1-18-0024,2019-10-25,0.03174199532731504,0.24546803609387952,-0.013294366114804366
ROS1-19-0041,2019-10-25,0.21643257942227184,0.07397102326346307,-0.3299272244601825
ROS1-25-0017,2019-10-25,0.2405820994465388,0.2067099491510573,-0.30430640454573626
ROS1-19-0026,2019-10-25,0.40700130060405804,0.1732082999552595,-0.4269231982478072
ROS1-20-0010,2019-10-25,0.2199336768219654,0.08421689055060659,-0.33316140237878195
ROS1-19-0022,2019-10-25,0.18623196572190054,0.046247033304581055,-0.3187210943276639
ROS1-19-0037,2019-10-25,-0.005411901867946632,0.018527650033037663,-0.11195216513284122
ROS1-30-0009,2019-10-25,0.1519895816236205,0.055391074637302605,-0.26639046866223487
ROS1-30-0001,2019-10-25,0.622416833643495,0.33134459004153893,-0.5402963486162389
ROS1-30-0013,2019-10-25,0.2642472305933064,0.12832098540191794,-0.34343987998696535
ROS1-31-0028,2019-10-25,0.16284806366945512,0.06324631964342985,-0.2651456464787959
ROS1-36-0014,2019-10-25,0.06484340990728808,0.14468473916529873,-0.051968849475455575
ROS1-31-0009,2019-10-25,0.2566109510366166,0.2340688726045864,-0.23194936469019228
ROS1-32-0022,2019-10-25,0.336992620105125,0.382755293204493,-0.29057185762253535
ROS1-31-0038,2019-10-25,0.1909880966129345,0.061075535014948654,-0.4161683799248606
ROS1-31-0028,2019-10-25,0.09316770705311295,0.05299696311719171,-0.11362738529430191
ROS1-38-0001,2019-10-25,0.17254372669408258,0.06796513302741287,-0.35695536529327226
ROS1-27-0006,2019-10-25,-0.018031273322698663,-0.031368772038437076,0.03799100195303481
ROS1-26-0031,2019-10-25,0.5102989047275447,0.2568121189931785,-0.517384034884614
ROS1-27-0009,2019-10-25,0.18754357926578574,0.09927017184086646,-0.3596656574226493
ROS1-26-0006,2019-10-25,0.4938722041846701,0.194316928335924,-0.5502111406924678
ROS1-27-0004,2019-10-25,0.023153742701031432,0.04324653903172504,-0.017072647793547627
ROS1-26-0036,2019-10-25,0.8392384757657579,0.47888949533869907,-0.7046422787612402
ROS1-28-0017,2019-10-25,0.09899320122488865,0.3300579657435251,-0.10777462561820926
ROS1-32-0018,2019-10-25,0.26307131882308143,0.3210428814397797,-0.2664599412208136
ROS1-33-0014,2019-10-25,0.23546616390319833,0.12400200466815856,-0.39830813575969287
ROS1-32-0022,2019-10-25,0.3331048344122824,0.34292276507509983,-0.28408867175624214
ROS1-33-0018,2019-10-25,0.19599518671114805,0.06658037091166893,-0.37631252705398816
ROS1-27-0021,2019-10-25,0.21107504759896964,0.054988779717722557,-0.38672438825216116
ROS1-32-0015,2019-10-25,0.46250083172195866,0.17085638023383878,-0.5138851743000051
ROS1-33-0014,2019-10-25,0.21861308910520194,0.12375712126045997,-0.3499771020192126
ROS1-33-0018,2019-10-25,0.17310386703728267,0.06519863032193267,-0.3064017657949085
ROS1-33-0010,2019-10-25,0.33238995714039377,0.12105301784194768,-0.37607178207493686
ROS1-33-0009,2019-10-25,0.8555130992995396,0.6457857429315281,-0.7510557578158565
ROS1-34-0003,2019-10-25,0.15361120986439764,0.04658415219489133,-0.2670516111577475
ROS1-28-0006,2019-10-25,-0.0732640702961909,0.5282810655404119,0.13610973908783186
ROS1-42-0006,2019-10-25,0.16910966318964157,0.10349963638327642,-0.29328920167680245
ROS1-36-0022,2019-10-25,-0.006660742661340046,-0.2076869227526655,0.019659846856245736
ROS1-36-0019,2019-10-25,-0.007854251771099828,0.2516333298486427,0.025031565181567024
ROS1-30-0013,2019-10-25,0.23898717483673362,0.12945296342403953,-0.2861517471581244
ROS1-31-0028,2019-10-25,0.13983808012290166,0.05753327950490765,-0.2226047586485865
ROS1-36-0014,2019-10-25,0.06402233149042072,0.14506433822085735,-0.049660173005651065
ROS1-42-0000,2019-10-25,0.1797706236071165,0.04701828833079217,-0.4647320560086604
ROS1-31-0009,2019-10-25,0.245357616993633,0.223456104219531,-0.21697362911401816
ROS1-38-0002,2019-10-25,0.3021837337582768,0.3490217880360269,-0.275832393716591
ROS1-31-0038,2019-10-25,0.18355772396073922,0.06231285769738052,-0.3773477947916595
ROS1-38-0001,2019-10-25,0.169183025918086,0.06949160682174903,-0.3340512973278816
ROS1-43-0006,2019-10-25,0.13123732203122077,0.05291183193111691,-0.33047401734503595
ROS1-43-0019,2019-10-25,0.051895018146183136,0.6786073488286238,-0.01771259509781258
ROS1-42-0000,2019-10-25,0.14497213225711547,0.04677048987258476,-0.31575086001334696
ROS1-49-0004,2019-10-25,0.3317218767916273,0.3767662513580325,-0.3213897092510442
ROS1-33-0010,2019-10-25,0.40444002438422594,0.12730574978579953,-0.4861648035977597
ROS1-33-0009,2019-10-25,0.9096104522480636,0.6459598699014665,-0.8085994634180637
ROS1-34-0003,2019-10-25,0.18692416393804703,0.047161452158342096,-0.37540773378962944
ROS1-01-0003,2019-10-26,0.159698291445882,0.06337848044450381,-0.2929952087808369
ROS1-07-0011,2019-10-26,0.14326991052258464,0.0720911166411405,-0.272474504766291
ROS1-01-0015,2019-10-26,0.15805633289123047,0.07598555116302676,-0.3093670304640128
ROS1-02-0005,2019-10-26,0.18829949852160455,0.0733792834951916,-0.3589143844581223
ROS1-07-0011,2019-10-26,0.14804041192446535,0.07477167479978096,-0.28636604894392936
ROS1-01-0031,2019-10-26,0.16464869971017734,0.07081762744602128,-0.26869393423999527
ROS1-07-0011,2019-10-26,0.14753322067409108,0.07521732893913316,-0.2822611516083993
ROS1-07-0045,2019-10-26,0.21835627879470182,0.07158390570943746,-0.32602617481856294
ROS1-08-0010,2019-10-26,0.16848421753388695,0.05937356625192307,-0.2790338809668119
ROS1-07-0012,2019-10-26,0.38811527753874336,0.21095924937975757,-0.43617384741504045
ROS1-07-0011,2019-10-26,0.1371308396595491,0.0728502959314653,-0.2561970199926218
ROS1-07-0018,2019-10-26,0.1957361869395111,0.06671507648951963,-0.28703135764975496
ROS1-15-0009,2019-10-26,0.6871184081305707,0.3219585184963939,-0.6370448226702603
ROS1-15-0014,2019-10-26,0.5539917595166234,0.4061031115844196,-0.555612940734343
ROS1-15-0003,2019-10-26,0.9196706239808937,0.7662556431538369,-0.7928470340267693
ROS1-16-0006,2019-10-26,0.18706907385524885,0.035523975366155924,-0.30291505540545904
ROS1-22-0026,2019-10-26,0.2222022974710017,0.052476290225625194,-0.3305028984232582
ROS1-15-0006,2019-10-26,0.27734063350262766,0.13483977305282419,-0.40022084271999625
ROS1-22-0016,2019-10-26,0.6113644293852629,0.286063146178721,-0.5387803865928413
ROS1-16-0006,2019-10-26,0.17106086508824297,0.03450271999646187,-0.2625090837682392
ROS1-22-0026,2019-10-26,0.20739702673453478,0.05212597052201158,-0.2911763750275957
ROS1-42-0006,2019-10-27,0.1726878337111489,0.10652920210848996,-0.2842249463814966
ROS1-36-0022,2019-10-27,0.2625857721267142,0.20336817955389247,-0.30995949558446
ROS1-42-0008,2019-10-27,0.6559525892166929,0.5625922320072043,-0.619443008019158
ROS1-36-0019,2019-10-27,0.2980719349817511,0.2338099157303276,-0.3462037196522982
ROS1-37-0012,2019-10-27,0.1885136916237061,0.07663235318035187,-0.38037390338160654
ROS1-37-0012,2019-10-27,0.1908362827042184,0.07659603582258664,-0.3891981935544385
ROS1-43-0019,2019-10-27,0.5714409940083347,0.35865176525610853,-0.5622225065243408
ROS1-49-0007,2019-10-27,0.38193665194943616,0.17872951416206023,-0.468883929565749
ROS1-49-0004,2019-10-27,0.5350485405746365,0.3737487427579131,-0.5507203890621021
ROS1-49-0007,2019-10-27,0.3854956498426534,0.17835200157051084,-0.4756255507979398
ROS1-49-0003,2019-10-27,0.512942272896358,0.2817830178296721,-0.5320897272244616
ROS1-01-0003,2019-10-28,0.042747329117976254,0.04668542607399743,-0.01121813469690731
ROS1-12-0000,2019-10-28,0.1534948846347863,0.05694634172703012,-0.25683357984309746
ROS1-12-0004,2019-10-28,0.4072532027608038,0.17753119558165545,-0.4208417946915076
ROS1-18-0029,2019-10-28,0.09530732720842512,0.12122141118584934,-0.06948820371148581
ROS1-24-0003,2019-10-28,0.6145131180694268,0.2831400915365513,-0.5341432425327585
ROS1-25-0008,2019-10-28,0.7616474645709576,0.45090832781314877,-0.6292099255006858
ROS1-18-0030,2019-10-28,0.250309289504015,0.2215559368050027,-0.2540726547410906
ROS1-19-0041,2019-10-28,0.24914925893368534,0.08568006821687953,-0.3857279465708061
ROS1-25-0017,2019-10-28,0.2601893739691083,0.1790442666828501,-0.39016869047968716
ROS1-26-0027,2019-10-28,0.326497290111694,0.18422333878909175,-0.3426467857217325
ROS1-19-0026,2019-10-28,0.4624267323782083,0.21489303688724948,-0.4295919033846859
ROS1-19-0022,2019-10-28,0.20538272172819158,0.051726417194852,-0.3555065606636626
ROS1-19-0037,2019-10-28,0.18461395492560223,0.058414683551570534,-0.3129044217374473
ROS1-24-0003,2019-10-28,0.5331741425368565,0.28104712426767026,-0.45829757675819094
ROS1-25-0008,2019-10-28,0.6894918478270483,0.44662883738856546,-0.5700918230499126
ROS1-25-0016,2019-10-28,0.21107790210424804,0.07036334406681012,-0.29346561871138843
ROS1-25-0016,2019-10-28,0.20302946594627969,0.0691899680833867,-0.2674039626526875
ROS1-26-0031,2019-10-28,0.48411267934048774,0.31253915011183475,-0.4534162042266801
ROS1-27-0009,2019-10-28,0.09303240109481418,0.14325050312416474,-0.14827803285944907
ROS1-26-0006,2019-10-28,0.2543953216832521,0.2633641774752922,-0.25609571192015457
ROS1-26-0036,2019-10-28,0.4031414059300753,0.4447911674602739,-0.33304814027190893
ROS1-32-0018,2019-10-28,0.2670997881078705,0.11014468414218374,-0.4076273683429284
ROS1-32-0022,2019-10-28,0.027624425119186093,0.21944862686670336,-0.009167078013239759
ROS1-33-0018,2019-10-28,0.08949747914389619,0.08712878103035786,-0.13784976797407184
ROS1-27-0021,2019-10-28,0.1402626437490333,0.08235599442555301,-0.20642698763365497
ROS1-32-0015,2019-10-28,0.5058793435237205,0.25085676568923937,-0.5051197653918246
ROS1-33-0018,2019-10-28,0.0887799836632016,0.08578106357465366,-0.13763334072859407
ROS1-33-0010,2019-10-28,0.393763596809282,0.11017327435782981,-0.4980514419329697
ROS1-33-0009,2019-10-28,0.9327743014480032,0.7199686908344652,-0.8209171483874014
ROS1-33-0009,2019-10-28,0.9337488205316361,0.7186092156668292,-0.8215786960495167
ROS1-18-0029,2019-10-30,0.01543717061414917,0.09844272006676348,-0.010756431247347945
ROS1-30-0006,2019-10-30,0.005003896099201051,0.03821749170336422,-0.006554098521586986
ROS1-36-0014,2019-10-30,-0.008618716141684767,-0.08409127570719069,0.016237742551882085
ROS1-28-0030,2019-10-30,0.212017101639452,0.13162635964868669,-0.2125612988570287
ROS1-30-0006,2019-10-30,0.004256783237997526,0.03576079082538245,-0.004611342071428796
ROS1-36-0014,2019-10-30,-0.009645889758067456,-0.1088299119758539,0.0181831002861585
