anon_polygon_id,date,landsat_ndvi,landsat_evi,landsat_ndwi
ROS1-49-0001,2017-04-13,0.21238401502454188,0.13444477631885574,-0.30467252927229854
ROS1-50-0003,2017-04-13,0.35891140406678024,0.2005089147821429,-0.43323018534349317
ROS1-49-0002,2017-04-13,0.1638394537395376,0.0860966878298259,-0.2948370344414864
ROS1-49-0001,2017-04-29,0.3308156580982701,0.21995322306211565,-0.3991012632979015
ROS1-50-0003,2017-04-29,0.5993820017665229,0.4536106654317438,-0.5874079227519902
ROS1-49-0002,2017-04-29,0.1799650484123053,0.09573360628079833,-0.3139274121162339
ROS1-49-0001,2017-05-15,0.45049561149162015,0.3925506939380461,-0.44730661143535666
ROS1-49-0002,2017-05-15,0.236460058471978,0.12276090224324071,-0.3179395078788146
ROS1-50-0003,2017-05-31,0.7673804924501023,0.5978631684332664,-0.7306049643747634
ROS1-49-0001,2017-07-02,0.4363876113453566,0.2698943114792636,-0.48857277926184234
ROS1-50-0003,2017-07-02,0.2569301838830597,0.14894659261000442,-0.4109779319354772
ROS1-49-0002,2017-07-02,0.1756979451331513,0.10119798913510304,-0.31576857077132897
ROS1-50-0003,2017-07-18,0.1787927421198798,0.1321910777295716,-0.3454105083451009
ROS1-49-0001,2017-08-03,0.24308916865961241,0.1487510476492943,-0.40264374783501305
ROS1-50-0003,2017-08-03,0.1382453451197197,0.09562578888296189,-0.3051648693422122
ROS1-49-0002,2017-08-03,0.14466468110369227,0.08356764557210339,-0.2903558276379241
ROS1-49-0001,2017-08-19,0.21665527172140484,0.1330769614913157,-0.3815719464356972
ROS1-50-0003,2017-08-19,0.12046243476644261,0.0911254379714087,-0.2680912953813035
ROS1-49-0002,2017-08-19,0.14054769940645576,0.07924583443537384,-0.2949307998965664
ROS1-49-0001,2017-09-04,0.2219134379929356,0.12134379108610253,-0.37028380502963193
ROS1-50-0003,2017-09-04,0.10706939748454901,0.07055570781950406,-0.2435220963949239
ROS1-49-0002,2017-09-04,0.15607590608393818,0.08902347252714364,-0.3181761431623029
ROS1-49-0001,2017-09-20,0.30710876675480386,0.19190148229665,-0.4139377857377019
ROS1-50-0003,2017-09-20,0.17490400583748755,0.11250247242590322,-0.2977489697424918
ROS1-49-0002,2017-09-20,0.16165169179578776,0.08952839731453048,-0.30540689317196074
ROS1-36-0007,2017-04-13,0.33906450477608135,0.22175220599525172,-0.416674739173521
ROS1-42-0010,2017-04-13,0.1779569189055234,0.08093230524962503,-0.3095471140295011
ROS1-42-0009,2017-04-13,0.23749752643476355,0.12765479903327154,-0.3403875154533016
ROS1-36-0007,2017-04-29,0.5833206768512601,0.4599757250639096,-0.577367324414814
ROS1-42-0010,2017-04-29,0.2005091957345734,0.10754398270737807,-0.32927190499254
ROS1-42-0009,2017-04-29,0.37917069571767986,0.22653728016127686,-0.44923521347381845
ROS1-42-0010,2017-05-31,0.5916795809741656,0.41381653181765116,-0.5553125944767071
ROS1-36-0007,2017-06-16,0.3335437354442813,0.23148335457340535,-0.4223601668681054
ROS1-36-0007,2017-07-02,0.17478108688073055,0.1157321661063173,-0.3321581465447215
ROS1-42-0010,2017-07-02,0.4065818003744737,0.28721763599581007,-0.4567513690123548
ROS1-42-0009,2017-07-02,0.225269882271116,0.13416150635691593,-0.3688699519600319
ROS1-36-0007,2017-07-18,0.1406007282129666,0.10446046740371909,-0.2987388927867404
ROS1-42-0010,2017-07-18,0.26595381753735076,0.19283950918508827,-0.3794171841355443
ROS1-36-0007,2017-08-03,0.11975179576712365,0.08848358671555287,-0.2604854330322506
ROS1-42-0010,2017-08-03,0.20017645972839893,0.15252711572500283,-0.3327333369504075
ROS1-42-0010,2017-08-19,0.12690123034372497,0.08832089993002144,-0.21009203842304222
ROS1-42-0009,2017-08-19,0.11831377967708152,0.08436664265914945,-0.2664732693956461
ROS1-36-0007,2017-09-04,0.12562892592044897,0.08400552115714273,-0.26742223345672517
ROS1-42-0010,2017-09-04,0.16212139419808633,0.10575272052142164,-0.30133897286813816
ROS1-42-0009,2017-09-04,0.11785290312066693,0.07401724571216689,-0.26021760728846066
ROS1-36-0007,2017-09-20,0.21485752632445343,0.1500609862574206,-0.32851010392564195
ROS1-42-0010,2017-09-20,0.1850687578057148,0.11172614306706656,-0.31020252188126696
ROS1-42-0009,2017-09-20,0.12898396881631483,0.07759377282061476,-0.27236961355748973
ROS1-37-0031,2017-04-04,0.1591752110919567,0.09089632561881318,-0.2997671409857171
ROS1-38-0004,2017-04-04,0.1421583489402892,0.07295501482899976,-0.2881423331540231
ROS1-43-0026,2017-04-04,0.44177008555789915,0.2771725505995706,-0.4965868948532427
ROS1-44-0000,2017-04-04,0.2873093244850002,0.17606798954108685,-0.38316576077177955
ROS1-49-0001,2017-04-04,0.17644490361286458,0.09319902456017429,-0.30654402735358777
ROS1-50-0003,2017-04-04,0.21559834872511172,0.1047937377111945,-0.3154749662229752
ROS1-31-0033,2017-04-04,0.39445113084768546,0.20851237552537552,-0.4496012874674178
ROS1-32-0029,2017-04-04,0.14997020214822696,0.07346150362896298,-0.27070125970084313
ROS1-37-0046,2017-04-04,0.1451741040585113,0.077357947810032,-0.29583269607946777
ROS1-42-0009,2017-04-04,0.19056626713201952,0.08172159022863677,-0.3359166950902381
ROS1-43-0017,2017-04-04,0.33632930841026576,0.20061388091773003,-0.41025928604471246
ROS1-49-0002,2017-04-04,0.17193398233196838,0.07980992685080228,-0.3210664348908712
ROS1-31-0022,2017-05-06,0.8133801763483034,0.6267395668019498,-0.7450400452982333
ROS1-37-0031,2017-05-06,0.18878553603594622,0.11577615588019147,-0.3207901486800841
ROS1-38-0004,2017-05-06,0.29563318859465604,0.16758307140949288,-0.3944941704365256
ROS1-43-0026,2017-05-06,0.8967586632666162,0.7749209890924424,-0.8315808710285739
ROS1-44-0000,2017-05-06,0.7227251218512651,0.5424692562121302,-0.696223652999936
ROS1-49-0001,2017-05-06,0.4510486112216502,0.2892922025592867,-0.4914305906806874
ROS1-50-0003,2017-05-06,0.7307252839491327,0.5257515558845178,-0.6986015385089158
ROS1-31-0033,2017-05-06,0.8416271037817975,0.6283237178304052,-0.7821048573653856
ROS1-32-0029,2017-05-06,0.19485352787294805,0.09346828408183562,-0.3226148932192366
ROS1-37-0046,2017-05-06,0.15941834555064552,0.09060259006632074,-0.3167078906282611
ROS1-42-0009,2017-05-06,0.42916113999829514,0.23905007625250801,-0.4920963234375426
ROS1-43-0017,2017-05-06,0.5028814323082303,0.29876215966441866,-0.5226988731870609
ROS1-49-0002,2017-05-06,0.18787083505465985,0.0889423433988032,-0.3391323337711519
ROS1-38-0004,2017-05-22,0.6918458627903169,0.4920644030825274,-0.6383103589928444
ROS1-43-0026,2017-05-22,0.8767139869213295,0.7060403470370056,-0.807633158879102
ROS1-43-0017,2017-05-22,0.4599623913503767,0.27136983679587295,-0.47995699655140683
ROS1-49-0002,2017-05-22,0.19801772314902416,0.11253759800922274,-0.34815425582749154
ROS1-37-0031,2017-06-07,0.21167533056091634,0.14236063617063668,-0.3370075876322927
ROS1-43-0026,2017-06-07,0.7405708622261058,0.5126451916175542,-0.7085977638723087
ROS1-44-0000,2017-06-07,0.7339435457015289,0.5646262581391643,-0.7021094631070599
ROS1-49-0001,2017-06-07,0.5327619125644684,0.32665943726765384,-0.5269711606226485
ROS1-50-0003,2017-06-07,0.6643793503128803,0.4718234715080215,-0.649124387469405
ROS1-31-0033,2017-06-07,0.7768256765467919,0.6567681989657538,-0.7390450837115761
ROS1-32-0029,2017-06-07,0.18634109508250396,0.09533921631509694,-0.308848342069244
ROS1-37-0046,2017-06-07,0.16811161118281392,0.10828861283039672,-0.3040123472297506
ROS1-42-0009,2017-06-07,0.6145249628791997,0.39092520509251333,-0.6103293757879127
ROS1-43-0017,2017-06-07,0.4060866348033614,0.24660572729687966,-0.4575521930047601
ROS1-49-0002,2017-06-07,0.1872613031721943,0.11488274896614292,-0.32110538395274135
ROS1-37-0031,2017-06-23,0.31084630646359607,0.22194309517567185,-0.4049424843423572
ROS1-49-0001,2017-06-23,0.5587307712935685,0.3700255000415317,-0.5592705816750049
ROS1-42-0009,2017-06-23,0.42303592315888516,0.25865385604632857,-0.4510057212341303
ROS1-49-0002,2017-06-23,0.22240394069379063,0.14863676617649915,-0.3519554316500725
ROS1-31-0022,2017-07-09,0.16806456792782484,0.14323457945814402,-0.3269589994266258
ROS1-37-0031,2017-07-09,0.21821089647851416,0.1479268403374529,-0.3448050445199173
ROS1-38-0004,2017-07-09,0.17006034742979664,0.11998316718915597,-0.33457723287553387
ROS1-43-0026,2017-07-09,0.19422414275049885,0.09274455074639186,-0.35170575445767566
ROS1-44-0000,2017-07-09,0.1912018758742182,0.13884135384154556,-0.3615798741005138
ROS1-50-0003,2017-07-09,0.24689192785699388,0.13583324678805642,-0.42959919543740543
ROS1-31-0033,2017-07-09,0.24682080964452882,0.1664289999712552,-0.3786414873414139
ROS1-43-0017,2017-07-09,0.2631248466782277,0.1509225040648172,-0.37140652656483875
ROS1-49-0002,2017-07-09,0.17868638357697714,0.11152617907394953,-0.305496184793912
ROS1-31-0022,2017-07-25,0.13977222108278775,0.10159355891245846,-0.21728326179978183
ROS1-38-0004,2017-07-25,0.13542411226872364,0.09354517249703301,-0.2851132885223814
ROS1-43-0026,2017-07-25,0.13904955451575202,0.11422228956474492,-0.2754341049326143
ROS1-44-0000,2017-07-25,0.15667975329709968,0.1107515915938185,-0.31696984481852025
ROS1-49-0001,2017-07-25,0.290418962138201,0.18358352803757683,-0.42564523892861
ROS1-31-0033,2017-07-25,0.20347427407048904,0.1563765361120074,-0.3784588329341271
ROS1-32-0029,2017-07-25,0.194555050828562,0.11461780892161451,-0.300109132791156
ROS1-37-0046,2017-07-25,0.14940756526353738,0.08714162305042589,-0.29997557920603557
ROS1-42-0009,2017-07-25,0.13488283367675635,0.0923563924884211,-0.29479611719004606
ROS1-49-0002,2017-07-25,0.16841126771571302,0.09750256878235043,-0.31527614897597744
ROS1-31-0022,2017-08-10,0.17125919283745492,0.12942410618294045,-0.32056327693385583
ROS1-37-0031,2017-08-10,0.17494061889018084,0.11257951840047697,-0.3079474683842496
ROS1-38-0004,2017-08-10,0.12438702732370711,0.08652760634520021,-0.2675494418698222
ROS1-43-0026,2017-08-10,0.13186403229104995,0.09575834957888746,-0.2919088509333853
ROS1-44-0000,2017-08-10,0.1292463777121,0.09351484690335865,-0.2947710212424894
ROS1-49-0001,2017-08-10,0.2393084983594352,0.13567037964767897,-0.42012268831629024
ROS1-50-0003,2017-08-10,0.13832573973463488,0.09304368466623533,-0.30813335458957025
ROS1-31-0033,2017-08-10,0.17389884044701265,0.13000169254340496,-0.34919718197309535
ROS1-32-0029,2017-08-10,0.1480412066458446,0.07818953645607757,-0.2746934680879739
ROS1-37-0046,2017-08-10,0.13460726296063594,0.0727771932950267,-0.28852407605925323
ROS1-42-0009,2017-08-10,0.12317121184730602,0.08216838425404167,-0.27838939810109586
ROS1-43-0017,2017-08-10,0.20491765353981795,0.11259529826277781,-0.332805457174929
ROS1-49-0002,2017-08-10,0.15059677454540954,0.07812889882541466,-0.3131460445224657
ROS1-31-0022,2017-08-26,0.1830977383227555,0.1323506042827977,-0.31160703659031247
ROS1-37-0031,2017-08-26,0.1692822788228849,0.1060526807964239,-0.2976102447765963
ROS1-38-0004,2017-08-26,0.1342517972354537,0.08980804293474712,-0.26408739459479674
ROS1-43-0026,2017-08-26,0.12913424647696498,0.07046712298476382,-0.27643090163941175
ROS1-44-0000,2017-08-26,0.12677960548935352,0.0894454108177737,-0.2807494978005737
ROS1-49-0001,2017-08-26,0.21739382987899683,0.1236714132261252,-0.37974318619765673
ROS1-50-0003,2017-08-26,0.12366199120384845,0.08277504886281782,-0.27967808587282633
ROS1-31-0033,2017-08-26,0.17222411846354999,0.12225218395189971,-0.3405198720997868
ROS1-32-0029,2017-08-26,0.1421110810800837,0.06947751135844805,-0.2697495185304946
ROS1-37-0046,2017-08-26,0.12329276561950352,0.06532931426613578,-0.2695892613130953
ROS1-42-0009,2017-08-26,0.09532711872960159,0.05686286843932072,-0.22601479940311098
ROS1-43-0017,2017-08-26,0.2144335968524803,0.12222818412924676,-0.3324060966223229
ROS1-49-0002,2017-08-26,0.15474483481170415,0.08158738602536043,-0.304341792332577
ROS1-31-0022,2017-09-11,0.2845964124122424,0.19513580368424405,-0.36967336236100284
ROS1-37-0031,2017-09-11,0.15730520973180834,0.0928176703265543,-0.29015830438859325
ROS1-38-0004,2017-09-11,0.2728790414712766,0.17538170379506313,-0.35230281345649517
ROS1-43-0026,2017-09-11,0.15753826013483596,0.08957250072101483,-0.2910869565155697
ROS1-44-0000,2017-09-11,0.15476677621483043,0.10020829288249049,-0.2764498926468847
ROS1-49-0001,2017-09-11,0.25292738630105693,0.1448934572513604,-0.3671702314608984
ROS1-50-0003,2017-09-11,0.14761550014270428,0.09348644993331164,-0.27449821929963863
ROS1-31-0033,2017-09-11,0.16756427118434267,0.1042256592400024,-0.29255013101977695
ROS1-32-0029,2017-09-11,0.16909197650975458,0.09022563755290142,-0.2782283395459793
ROS1-37-0046,2017-09-11,0.140793166754855,0.07064087410363665,-0.2716335443282881
ROS1-42-0009,2017-09-11,0.13417366612151146,0.08972135950729851,-0.26041282577273
ROS1-43-0017,2017-09-11,0.3754335520917809,0.21167590922687146,-0.40822773993489964
ROS1-49-0002,2017-09-11,0.15121218474641135,0.09242735092521163,-0.2977158770780814
ROS1-31-0022,2017-09-27,0.24515538876509907,0.196281759966949,-0.3643447510177227
ROS1-43-0026,2017-09-27,0.20542123890212816,0.1271096223589184,-0.3441702547828493
ROS1-49-0001,2017-09-27,0.3099618259705588,0.1989986748453819,-0.45003640303364006
ROS1-50-0003,2017-09-27,0.16463491927269042,0.12562234198912856,-0.2982312405905773
ROS1-31-0033,2017-09-27,0.15426326598024723,0.08905194112147984,-0.2608778728207777
ROS1-37-0046,2017-09-27,0.21816771093238635,0.15581666636791533,-0.31059501442134296
ROS1-42-0009,2017-09-27,0.15978678697777193,0.10060496973633648,-0.32244340765995705
ROS1-30-0002,2017-04-04,0.18779184858560627,0.09007534239960703,-0.3147112176210187
ROS1-36-0007,2017-04-04,0.23440811729110028,0.13974406238347967,-0.3675015298911955
ROS1-42-0010,2017-04-04,0.176004539781392,0.0703503379376388,-0.3170353286189947
ROS1-30-0015,2017-04-04,0.162840753516086,0.06427080053144342,-0.2897612719306882
ROS1-36-0006,2017-04-04,0.16344748246846705,0.07510741121746355,-0.29283373161775156
ROS1-42-0009,2017-04-04,0.18701218238674813,0.07975712401635279,-0.3334941629501724
ROS1-30-0002,2017-05-06,0.5979052104600722,0.35873575092387605,-0.5820495492798836
ROS1-36-0007,2017-05-06,0.6174083230371378,0.4451571849094152,-0.6148971815503607
ROS1-42-0010,2017-05-06,0.282420762456768,0.1459092952549043,-0.38375054912752204
ROS1-30-0015,2017-05-06,0.20602677572477957,0.09445414374698952,-0.33067898455775874
ROS1-36-0006,2017-05-06,0.28341053690049295,0.1561249126291569,-0.3851633233284007
ROS1-42-0009,2017-05-06,0.43260165499110864,0.24139397485054573,-0.4947508194399122
ROS1-36-0007,2017-05-22,0.6679135119384729,0.4128088702790209,-0.6481694575308614
ROS1-30-0015,2017-05-22,0.2718649645321169,0.1777227412009995,-0.3291330176755772
ROS1-36-0006,2017-05-22,0.41767768036378206,0.3091792199107236,-0.4268898999711006
ROS1-30-0002,2017-06-07,0.6099389052255384,0.4102726088398574,-0.5970020348606165
ROS1-36-0007,2017-06-07,0.46126218289224213,0.32256937589114854,-0.4939710680860883
ROS1-42-0010,2017-06-07,0.5612787853649234,0.3911579191100466,-0.5342146547019501
ROS1-30-0015,2017-06-07,0.21706703416206774,0.11341051513328335,-0.34198534594858765
ROS1-36-0006,2017-06-07,0.5354914595542628,0.38442012616478477,-0.5457602950812396
ROS1-42-0009,2017-06-07,0.6193436739646746,0.39274874466458204,-0.6164992618401437
ROS1-25-0032,2017-06-07,0.4730651725838123,0.30783737025110763,-0.49706335257547746
ROS1-30-0015,2017-06-23,0.2011551490371235,0.09833613911992385,-0.3301261186967999
ROS1-36-0006,2017-06-23,0.5610638245255553,0.3761038680459322,-0.5183673811278532
ROS1-42-0009,2017-06-23,0.4273990011050252,0.26089690107941943,-0.4578986905184188
ROS1-25-0032,2017-06-23,0.37348044535106995,0.29136944824046423,-0.4089336399824612
ROS1-36-0007,2017-07-09,0.1521557519270603,0.10984790271442206,-0.31421867039087054
ROS1-42-0010,2017-07-09,0.3140697011140293,0.225732634396903,-0.4228532331106631
ROS1-25-0032,2017-07-09,0.3304586224744143,0.20058393091694054,-0.41863678244139224
ROS1-30-0002,2017-07-25,0.18475187032919396,0.15737739109341045,-0.30999107364608786
ROS1-36-0007,2017-07-25,0.14238569100273513,0.1006051823721943,-0.29458992887382024
ROS1-42-0010,2017-07-25,0.2861576143231415,0.19436731769913765,-0.3884895023513367
ROS1-30-0015,2017-07-25,0.13319385336862863,0.09938124431686714,-0.22764557240174926
ROS1-36-0006,2017-07-25,0.2700185481034653,0.1577512872709777,-0.3938730728023016
ROS1-42-0009,2017-07-25,0.13278102375494907,0.09272159702820927,-0.2813672753105959
ROS1-25-0032,2017-07-25,0.2961796543252872,0.23028066015129406,-0.40127303389499425
ROS1-30-0002,2017-08-10,0.155984935573181,0.1185964550845257,-0.31256814550306994
ROS1-36-0007,2017-08-10,0.12764975359656727,0.09154104088390723,-0.2858979332986505
ROS1-42-0010,2017-08-10,0.19306406883927463,0.13404921216825588,-0.3353075992530034
ROS1-30-0015,2017-08-10,0.14190584340195372,0.07157746773767942,-0.2790758982264672
ROS1-36-0006,2017-08-10,0.16278868660211093,0.07740226571098015,-0.2883759327767063
ROS1-42-0009,2017-08-10,0.12706367939537375,0.08589421717014827,-0.28306546031062935
ROS1-30-0002,2017-08-26,0.1459603461792581,0.10311129076913379,-0.29012571419777233
ROS1-36-0007,2017-08-26,0.12996318085166583,0.09158877125017174,-0.2804860178035235
ROS1-30-0015,2017-08-26,0.1383333946165463,0.06950663927034839,-0.2670576127203884
ROS1-36-0006,2017-08-26,0.13286712791737815,0.06058687698012871,-0.2540282877708158
ROS1-42-0009,2017-08-26,0.0974065686430971,0.05803359645005455,-0.2299284138841766
ROS1-30-0002,2017-09-11,0.13950048012528496,0.09223284840300552,-0.26651577878959587
ROS1-36-0007,2017-09-11,0.1603974183662337,0.11146982528905044,-0.28631703283866544
ROS1-42-0010,2017-09-11,0.17294856980372275,0.12169816311391825,-0.2960625981872252
ROS1-30-0015,2017-09-11,0.1345782425561069,0.06917519362506931,-0.24764232123113475
ROS1-36-0006,2017-09-11,0.12986971838387976,0.06434228662845926,-0.23821032798295463
ROS1-42-0009,2017-09-11,0.13333128400478156,0.08966835632570981,-0.259447155088939
ROS1-25-0032,2017-09-11,0.14826860411175358,0.07524481330644821,-0.24157574839961363
ROS1-42-0010,2017-09-27,0.1554567396112553,0.0762325748172721,-0.2873501879193669
ROS1-30-0015,2017-09-27,0.14752719623814603,0.08085821032775767,-0.26653716160487056
ROS1-36-0006,2017-09-27,0.12999758983715615,0.0718789697515416,-0.2348681193184547
ROS1-42-0009,2017-09-27,0.15136970437593647,0.09938754968188797,-0.2943967664650451
ROS1-30-0002,2017-10-13,0.08797107281427433,0.05463630396511066,-0.16750191701134046
ROS1-29-0003,2017-04-11,0.20247381681635637,0.08710772226105308,-0.3330813580355877
ROS1-29-0003,2017-04-27,0.22664101645848767,0.09761797167036913,-0.36671385277015456
ROS1-29-0003,2017-05-29,0.4281305452025972,0.20993784638977392,-0.4815393328546894
ROS1-29-0003,2017-06-30,0.27525421406827355,0.09728162318812436,-0.39200663148876863
ROS1-29-0003,2017-07-16,0.25150342099062856,0.08745765946142603,-0.34021395070752203
ROS1-29-0003,2017-08-01,0.27235304175721864,0.08890098393219042,-0.3958597008968797
ROS1-29-0003,2017-08-17,0.22347671419970863,0.07949350477557242,-0.3243286423509126
ROS1-29-0003,2017-10-04,0.37370113233246166,0.13609555769980353,-0.4182035216795401
ROS1-29-0003,2017-10-20,0.5357814150179586,0.13570125524493928,-0.5072412108725297
ROS1-29-0003,2017-04-11,0.1799763588838625,0.07933031461602862,-0.2733038337277651
ROS1-33-0020,2017-04-11,0.15566307721946243,0.14194168594616477,-0.21155130673554415
ROS1-28-0015,2017-04-11,0.5893745003390968,0.2866725729251124,-0.5758849790118366
ROS1-27-0019,2017-04-27,0.2076642971800247,0.10986760761226717,-0.3487103952409525
ROS1-28-0002,2017-04-27,0.7573777765548889,0.45308124897325575,-0.719602111890508
ROS1-29-0003,2017-04-27,0.20627600772206936,0.09009659488166501,-0.32299344335444646
ROS1-33-0020,2017-04-27,0.21414548371612613,0.09192484951722825,-0.35119438754348936
ROS1-27-0013,2017-04-27,0.20442324757681196,0.09334487302039497,-0.33455658686938716
ROS1-28-0015,2017-04-27,0.7122192083449734,0.40921116797330126,-0.6836142032678205
ROS1-33-0013,2017-04-27,0.6998606527209503,0.37985604755974695,-0.6693295115461775
ROS1-27-0019,2017-05-13,0.35049414531781653,0.19518091450628453,-0.4399074044792103
ROS1-28-0002,2017-05-13,0.8787331384142087,0.6305398749942542,-0.8064965372836295
ROS1-29-0003,2017-05-13,0.30486035822809954,0.1148545176110261,-0.36348986006733375
ROS1-33-0020,2017-05-13,0.2520282310250652,0.11087251594506867,-0.37976675116558056
ROS1-28-0015,2017-05-13,0.8414506639132506,0.5203302320830949,-0.7740956001568459
ROS1-33-0013,2017-05-13,0.8763052095516226,0.6153948527241144,-0.801455340997085
ROS1-27-0019,2017-05-29,0.6114694772783372,0.391057079388201,-0.5845793957797938
ROS1-28-0002,2017-05-29,0.8913084686654106,0.6729185754082581,-0.8100627728689771
ROS1-29-0003,2017-05-29,0.41744157580749247,0.20468309579137048,-0.4570831716299292
ROS1-33-0020,2017-05-29,0.25127171418101546,0.09500344409049809,-0.3938906248783072
ROS1-27-0013,2017-05-29,0.2757575696433737,0.11531137610982933,-0.38548100253881734
ROS1-28-0015,2017-05-29,0.8666334502582224,0.5459801337820162,-0.798222079024084
ROS1-33-0013,2017-05-29,0.9022105388988491,0.6805454073258411,-0.8281915256247647
ROS1-28-0002,2017-06-14,0.7444311634948465,0.41545259949555413,-0.6993183195986471
ROS1-28-0015,2017-06-14,0.8052263179221183,0.383725327160437,-0.7336634697150459
ROS1-33-0013,2017-06-14,0.88083777408007,0.6936088098383234,-0.8254314299419245
ROS1-27-0019,2017-06-30,0.698706197493053,0.5205941142195829,-0.6372488773270051
ROS1-28-0002,2017-06-30,0.755375223497229,0.5940363568609917,-0.7002538999463367
ROS1-29-0003,2017-06-30,0.2519662353549028,0.09197611453918125,-0.34000900822419566
ROS1-33-0020,2017-06-30,0.22134221072466762,0.08850662714924559,-0.30412542247800145
ROS1-27-0013,2017-06-30,0.22538049189194762,0.10953237745004922,-0.34906927883497385
ROS1-28-0015,2017-06-30,0.3518571564976607,0.2748764383350066,-0.404466393924456
ROS1-33-0013,2017-06-30,0.5708382038104748,0.3741616895285773,-0.5754139591697868
ROS1-21-0003,2017-07-16,0.6778026059609467,0.4430037364013024,-0.6151062627385354
ROS1-27-0019,2017-07-16,0.5531156582675558,0.3345037620405719,-0.5604538058371236
ROS1-28-0002,2017-07-16,0.26966776066202447,0.14561853739598268,-0.43595041356431036
ROS1-29-0003,2017-07-16,0.24660628760285044,0.08394105145788054,-0.3208604151366836
ROS1-33-0020,2017-07-16,0.20296008530584125,0.08898215139331178,-0.31865641580786375
ROS1-27-0013,2017-07-16,0.18793082471695932,0.07121398580543019,-0.26588448823897787
ROS1-28-0015,2017-07-16,0.21282060049019882,0.09762196532836499,-0.3581728757935527
ROS1-33-0013,2017-07-16,0.19651215871077796,0.12376644902696692,-0.36256975765618027
ROS1-27-0019,2017-08-01,0.3800240199324368,0.18544533822167905,-0.5008885404210183
ROS1-28-0002,2017-08-01,0.24918692489641048,0.12741829042423794,-0.4256798310529797
ROS1-29-0003,2017-08-01,0.24455144607391746,0.08222887245256658,-0.33999126293680376
ROS1-33-0020,2017-08-01,0.21745895406021115,0.08649621297692406,-0.3468436184203689
ROS1-27-0013,2017-08-01,0.19251181040147144,0.09001612012207236,-0.3189452259935515
ROS1-28-0015,2017-08-01,0.20164084302566407,0.07390757467489517,-0.333880656465009
ROS1-33-0013,2017-08-01,0.15445157689874364,0.11678913310621092,-0.31725552837322646
ROS1-27-0019,2017-08-17,0.28940101688053393,0.16499565982367734,-0.440860963042013
ROS1-28-0002,2017-08-17,0.12352206096704599,0.07487921117055168,-0.25423464796480616
ROS1-29-0003,2017-08-17,0.20821595494326173,0.07449896539951337,-0.29214139724102567
ROS1-33-0020,2017-08-17,0.18723955205406762,0.07918163833863327,-0.29686019367501454
ROS1-27-0013,2017-08-17,0.1535324294497017,0.07081653796262742,-0.2637266879036927
ROS1-28-0015,2017-08-17,0.14843080044870238,0.058058955600630305,-0.2690565775854245
ROS1-33-0013,2017-08-17,0.15197720608277407,0.11944018852044488,-0.31018154934898773
ROS1-27-0019,2017-09-02,0.2571065237932297,0.13867276619714883,-0.3727993957480979
ROS1-29-0003,2017-09-02,0.23450316215467829,0.07178271839977209,-0.2297103023366632
ROS1-33-0020,2017-09-02,0.1663803955111701,0.08840467545006164,-0.22701739188446085
ROS1-33-0013,2017-09-02,0.12350058650387716,0.10988428507018884,-0.24434321246773785
ROS1-21-0003,2017-09-18,0.3827353953018983,0.17622969838359537,-0.4219880788114893
ROS1-27-0019,2017-09-18,0.2548426893279011,0.11918974332604791,-0.3673218376597184
ROS1-28-0002,2017-09-18,0.2682176194255913,0.1577655712570919,-0.3307092426586396
ROS1-33-0020,2017-09-18,0.22022499560938624,0.08101749077727985,-0.3389265710192295
ROS1-27-0013,2017-09-18,0.20458796105825117,0.08455956468248417,-0.3055333272882085
ROS1-28-0015,2017-09-18,0.217004058830177,0.08934550162292387,-0.3055852418865955
ROS1-33-0013,2017-09-18,0.30264195883705575,0.20578008750640375,-0.37925218826833024
ROS1-27-0019,2017-10-04,0.18883616351626864,0.08220409633334363,-0.32455172426448853
ROS1-28-0002,2017-10-04,0.17751750405500688,0.0710909524073392,-0.28567921716726
ROS1-29-0003,2017-10-04,0.3441798959384943,0.12912653009932953,-0.3605847072219274
ROS1-33-0020,2017-10-04,0.39491511443553035,0.16359923959353984,-0.45052487305825495
ROS1-27-0013,2017-10-04,0.25998292303926357,0.10674124408302735,-0.34876301534028725
ROS1-28-0015,2017-10-04,0.2985861330524677,0.11844418838633142,-0.35903810560227906
ROS1-33-0013,2017-10-04,0.18775314046441338,0.07375925931778397,-0.28563767231102877
ROS1-29-0003,2017-10-20,0.4656465958653945,0.12934071571771302,-0.3903565813216029
ROS1-26-0018,2017-04-11,0.4454261210770233,0.33984634959828364,-0.4105690985683833
ROS1-32-0025,2017-04-11,0.2031014974094345,0.1259757681696487,-0.2774061877745976
ROS1-26-0030,2017-04-11,0.14400063327541573,0.07024881028762185,-0.254872189890883
ROS1-32-0029,2017-04-11,0.17323056317961383,0.08580896692495614,-0.26038670203186715
ROS1-19-0012,2017-04-27,0.34006525086150446,0.16698431643448547,-0.3924068886112815
ROS1-20-0038,2017-04-27,0.20865684368595291,0.11091392717738847,-0.3269300139226053
ROS1-21-0003,2017-04-27,0.19943091460296128,0.07804549151590301,-0.3075959004994318
ROS1-25-0012,2017-04-27,0.3957839938133564,0.21792406287398464,-0.4360491872602812
ROS1-26-0018,2017-04-27,0.8039313794214666,0.47715611090827703,-0.7375792676141046
ROS1-30-0002,2017-04-27,0.3678347298306513,0.18498145425762125,-0.4434070022271961
ROS1-31-0022,2017-04-27,0.6690215248881426,0.4361700391461547,-0.6369795462296958
ROS1-32-0025,2017-04-27,0.31407274893652504,0.16510810521445735,-0.4025964377044671
ROS1-37-0031,2017-04-27,0.1823144272521136,0.1043865479876021,-0.3229576383258594
ROS1-38-0004,2017-04-27,0.16963937890176553,0.0855207071475564,-0.32357688991627614
ROS1-25-0018,2017-04-27,0.7467375366920733,0.45934196662016674,-0.6754206444392977
ROS1-26-0030,2017-04-27,0.1640031024725539,0.08321251782019096,-0.2880603702660163
ROS1-30-0015,2017-04-27,0.18839608892923587,0.08812461733022113,-0.3285301083005199
ROS1-31-0033,2017-04-27,0.7371878863503056,0.46997836938547866,-0.6999928487906018
ROS1-32-0029,2017-04-27,0.25644748356728103,0.13527041179104696,-0.36067455962051287
ROS1-36-0006,2017-04-27,0.22275671244842293,0.10771613476168866,-0.3463208581037492
ROS1-19-0018,2017-04-27,0.4999761454977416,0.23955051825075263,-0.4755545361169909
ROS1-20-0026,2017-04-27,0.728026999196642,0.4403935112003484,-0.6757909843437587
ROS1-25-0032,2017-04-27,0.4210427389930927,0.2238449491302781,-0.4586766217433437
ROS1-30-0002,2017-05-13,0.5085508129996943,0.3681531838099825,-0.5070170081524399
ROS1-31-0022,2017-05-13,0.5298704041042966,0.6170460108439141,-0.5104222241193049
ROS1-37-0031,2017-05-13,0.225027536390164,0.1716091848224212,-0.3131537053714839
ROS1-36-0006,2017-05-13,0.445242316313046,0.29186261722690154,-0.46261069272081
ROS1-19-0012,2017-05-29,0.7836523591832096,0.5451224634605464,-0.688481497629589
ROS1-20-0038,2017-05-29,0.38567979794579665,0.22681231336975308,-0.437330589879986
ROS1-21-0003,2017-05-29,0.2208929944718725,0.08525116303507864,-0.3251159705766602
ROS1-25-0012,2017-05-29,0.7027553725256098,0.4179382091933875,-0.652791586834004
ROS1-26-0018,2017-05-29,0.8564516387978922,0.6243189166248849,-0.7707669642428646
ROS1-30-0002,2017-05-29,0.690870976861153,0.4091725859864407,-0.6530498573852588
ROS1-31-0022,2017-05-29,0.8200067638002373,0.5568761196614515,-0.7689800876623366
ROS1-32-0025,2017-05-29,0.6357783402642874,0.4098697992253856,-0.6063952754635448
ROS1-37-0031,2017-05-29,0.2194622513560011,0.13231741743682277,-0.35745236530321184
ROS1-38-0004,2017-05-29,0.6723147502923706,0.5107104284688764,-0.6257608008039292
ROS1-13-0000,2017-05-29,0.9137055373042817,0.8346820171405451,-0.84848739310101
ROS1-25-0018,2017-05-29,0.845571829803267,0.6275232734525424,-0.7717314373693231
ROS1-26-0030,2017-05-29,0.22426272708055509,0.10617991899937708,-0.3354242300845609
ROS1-30-0015,2017-05-29,0.20623301372933095,0.11043274594327662,-0.3280247086375656
ROS1-31-0033,2017-05-29,0.8906553564165144,0.6527395251343061,-0.8330239297609546
ROS1-32-0029,2017-05-29,0.21716355217781697,0.11677459068837708,-0.32265419308788823
ROS1-36-0006,2017-05-29,0.6047242858662172,0.3742272986947521,-0.5906447982191019
ROS1-19-0018,2017-05-29,0.7944237844204349,0.5714999120387709,-0.7286874854997012
ROS1-25-0032,2017-05-29,0.5501993227408232,0.3017693314192516,-0.5592153437983971
ROS1-21-0003,2017-06-14,0.3568510446318805,0.18509582184209752,-0.34258783929099174
ROS1-25-0012,2017-06-14,0.5785668977789662,0.44791026105551174,-0.544672423999314
ROS1-30-0002,2017-06-14,0.6312285169058506,0.2797076886802006,-0.5483928454645911
ROS1-31-0022,2017-06-14,0.6577001795071764,0.4252057035378064,-0.6339394806839521
ROS1-37-0031,2017-06-14,0.1976826539222521,0.1619483062665786,-0.2830569873022542
ROS1-25-0018,2017-06-14,0.7483009183642064,0.4778318893552213,-0.6635437055430745
ROS1-31-0033,2017-06-14,0.7551533326439023,0.7030837039179603,-0.6879662967894901
ROS1-25-0032,2017-06-14,0.46018736723654036,0.28593970096429205,-0.4552515252545495
ROS1-19-0012,2017-06-30,0.2842192858395645,0.18355158998349325,-0.40374063759288
ROS1-20-0038,2017-06-30,0.37103320366669107,0.22917651152939025,-0.42071078735217626
ROS1-25-0012,2017-06-30,0.21089428762244425,0.1250516062296289,-0.35641894364077253
ROS1-26-0018,2017-06-30,0.33052861788168236,0.1835530389409108,-0.46361010194550006
ROS1-30-0002,2017-06-30,0.32988885379885774,0.17548798104165386,-0.40618739056843756
ROS1-31-0022,2017-06-30,0.2313355052740041,0.16727779198999468,-0.326123491000526
ROS1-32-0025,2017-06-30,0.31622169140778855,0.18415874414886685,-0.4132798178605456
ROS1-37-0031,2017-06-30,0.29127568992331365,0.20447177075394643,-0.3426695008905575
ROS1-38-0004,2017-06-30,0.28452959865875377,0.1724822095187533,-0.3977023269485636
ROS1-13-0000,2017-06-30,0.3530410929596648,0.1778397542877313,-0.46845713951351636
ROS1-26-0030,2017-06-30,0.7967448847258459,0.6810738482862382,-0.7121411719593588
ROS1-30-0015,2017-06-30,0.1919926703823062,0.09383577889844827,-0.3191526308413713
ROS1-31-0033,2017-06-30,0.407070207555688,0.21636719752242833,-0.4862909846917623
ROS1-32-0029,2017-06-30,0.254419029447644,0.1342372071029896,-0.35207644693032875
ROS1-36-0006,2017-06-30,0.44691786538513273,0.16952780243264548,-0.41811157017263373
ROS1-19-0018,2017-06-30,0.5651760626149707,0.34529736933012983,-0.5635062468170646
ROS1-20-0026,2017-06-30,0.31920730499918853,0.17295450742105273,-0.4574637990349065
ROS1-25-0032,2017-06-30,0.3940434101354289,0.24021687178976786,-0.4677865947365262
ROS1-21-0003,2017-07-16,0.6695309219068912,0.4365521587323529,-0.6081820573885777
ROS1-25-0012,2017-07-16,0.16397264949845153,0.11598871335248125,-0.31145753578718693
ROS1-26-0018,2017-07-16,0.23740268513574117,0.11944034224210819,-0.3781312662913882
ROS1-30-0002,2017-07-16,0.2147054024353993,0.16648201662306492,-0.36817344248046396
ROS1-31-0022,2017-07-16,0.1736360765190259,0.13259248159193082,-0.3196037450249217
ROS1-32-0025,2017-07-16,0.2554198240294336,0.15346370624113578,-0.37630258525461335
ROS1-37-0031,2017-07-16,0.19969870250218832,0.12199143713020834,-0.3411620727245864
ROS1-38-0004,2017-07-16,0.1403512384267972,0.10046562673100694,-0.3049356836833638
ROS1-25-0018,2017-07-16,0.14029055208754346,0.08131306483322705,-0.26755453845362265
ROS1-26-0030,2017-07-16,0.7756419668917105,0.638859133100976,-0.6975162967120364
ROS1-30-0015,2017-07-16,0.1503679156943248,0.07162487492988476,-0.2816698160725042
ROS1-31-0033,2017-07-16,0.233119040269406,0.13849809291748202,-0.3757842114755592
ROS1-32-0029,2017-07-16,0.16403876039225992,0.07916423812787787,-0.2919641708186679
ROS1-36-0006,2017-07-16,0.2861125863087532,0.14853193684776042,-0.42872077359318195
ROS1-19-0018,2017-07-16,0.25321359376105157,0.2185197006236017,-0.4093242640653291
ROS1-25-0032,2017-07-16,0.3367195664062522,0.2060469044911428,-0.43916355104304294
ROS1-19-0012,2017-08-01,0.24062244397689045,0.16126854047360029,-0.36156296517312786
ROS1-20-0038,2017-08-01,0.3893897046140042,0.23036321358847053,-0.45047586416835667
ROS1-21-0003,2017-08-01,0.5860571023152981,0.34034189414856003,-0.5695421889765612
ROS1-25-0012,2017-08-01,0.17739415598453492,0.1149689808481846,-0.3132913449904319
ROS1-26-0018,2017-08-01,0.1313151335875127,0.08373200366861058,-0.2597680813240679
ROS1-30-0002,2017-08-01,0.17329377561030881,0.1266969782084767,-0.32759933223156096
ROS1-31-0022,2017-08-01,0.184544786435795,0.13427159082111587,-0.3302737541624337
ROS1-32-0025,2017-08-01,0.19166410502523054,0.13137314541100456,-0.337524081390028
ROS1-37-0031,2017-08-01,0.19738123472921912,0.12105265039835254,-0.3313827380639711
ROS1-38-0004,2017-08-01,0.13406615951797507,0.08892024211495778,-0.2799510099490438
ROS1-13-0000,2017-08-01,0.22557946687290262,0.1387409428407677,-0.3937711306515293
ROS1-25-0018,2017-08-01,0.1334342510028483,0.07334080403411374,-0.2637450941549786
ROS1-26-0030,2017-08-01,0.6218624964979989,0.3792914823576962,-0.5808493560476349
ROS1-30-0015,2017-08-01,0.1497772983054662,0.07040750205700566,-0.27847915511007454
ROS1-31-0033,2017-08-01,0.18802306738481875,0.13340303296682515,-0.3648585124526847
ROS1-32-0029,2017-08-01,0.2104276581993185,0.12164691427822555,-0.33096904965829077
ROS1-36-0006,2017-08-01,0.20794644124609465,0.12674711187698934,-0.35617985616625775
ROS1-19-0018,2017-08-01,0.14173260984094188,0.08382411576037438,-0.2548035117719379
ROS1-20-0026,2017-08-01,0.16016537398586464,0.10040560544484822,-0.29797999731475927
ROS1-25-0032,2017-08-01,0.3048714232062961,0.2190685184254639,-0.406729877044414
ROS1-19-0012,2017-08-17,0.21316923738028107,0.14541124449084258,-0.3396940332509051
ROS1-20-0038,2017-08-17,0.3199169231680994,0.19847383505810476,-0.4014270650725754
ROS1-21-0003,2017-08-17,0.377496129548472,0.2145898616147834,-0.42167992250743414
ROS1-25-0012,2017-08-17,0.14619462056401006,0.09741618490506937,-0.2837298081277085
ROS1-26-0018,2017-08-17,0.11881285425301089,0.07767664206701812,-0.2452175575413135
ROS1-30-0002,2017-08-17,0.14866740535270628,0.10920088291951803,-0.3075431106146629
ROS1-31-0022,2017-08-17,0.16989480320873,0.1264366531712314,-0.3222972052542255
ROS1-32-0025,2017-08-17,0.18998200059142695,0.1336696087459398,-0.3302582095763774
ROS1-37-0031,2017-08-17,0.1624614828915046,0.10215870304205418,-0.2991783970169773
ROS1-38-0004,2017-08-17,0.12248963289056866,0.08334284496561381,-0.27244363820537015
ROS1-25-0018,2017-08-17,0.13649480331895908,0.07966635721465784,-0.2617353749117303
ROS1-26-0030,2017-08-17,0.26217911810466105,0.14300969566201893,-0.371367029264994
ROS1-30-0015,2017-08-17,0.13779445123926273,0.06766565815616613,-0.25609529628369265
ROS1-31-0033,2017-08-17,0.1699779462258664,0.12520543871739173,-0.3420580288163159
ROS1-32-0029,2017-08-17,0.17747918121259149,0.09287184067264798,-0.31898517684966066
ROS1-36-0006,2017-08-17,0.13992467118713758,0.06312524007670711,-0.2640526402927398
ROS1-19-0018,2017-08-17,0.11547998163732119,0.07194773370358533,-0.21590862352693302
ROS1-20-0026,2017-08-17,0.1347262302327638,0.09026549431652238,-0.26963065666845
ROS1-25-0032,2017-08-17,0.14083157198865506,0.07170788573645932,-0.2586737194392965
ROS1-19-0012,2017-09-02,0.15676364945251772,0.05315282802714689,-0.2425743892374349
ROS1-25-0012,2017-09-02,0.20978414412808358,0.1222477552745791,-0.29790512124977747
ROS1-26-0018,2017-09-02,0.1469297219367731,0.08872858683964646,-0.2404966238357187
ROS1-30-0002,2017-09-02,0.10329091139340531,0.11632881752958177,-0.17165746901739465
ROS1-32-0025,2017-09-02,0.2105207248294809,0.14529827754485827,-0.28988560600781466
ROS1-37-0031,2017-09-02,0.1324267440164975,0.10952044668208408,-0.21538670274064162
ROS1-13-0000,2017-09-02,0.0908924772237932,0.07032341912457099,-0.13470366206995418
ROS1-25-0018,2017-09-02,0.18542119681103297,0.11638365302315755,-0.2632569362679378
ROS1-30-0015,2017-09-02,0.1410516139418334,0.06376249317367493,-0.25285326511392026
ROS1-32-0029,2017-09-02,0.1382868294770306,0.07931414839746416,-0.20146126159809893
ROS1-36-0006,2017-09-02,0.06480756434065862,0.041115172631214045,-0.11707527797066603
ROS1-19-0018,2017-09-02,0.13516652735785906,0.06829109931824727,-0.2295003933299855
ROS1-19-0012,2017-09-18,0.15675586613324394,0.06640597158467,-0.25979087688488794
ROS1-20-0038,2017-09-18,0.3691299139570222,0.2180036986128418,-0.4314147241201152
ROS1-21-0003,2017-09-18,0.365447710587936,0.1891140810637278,-0.4215445060272545
ROS1-25-0012,2017-09-18,0.15738251109327173,0.06777778856240643,-0.2760698258024238
ROS1-26-0018,2017-09-18,0.1879138055218693,0.08799462906298638,-0.2865770242303408
ROS1-30-0002,2017-09-18,0.14370210048070636,0.09259960086555631,-0.28725177943735375
ROS1-31-0022,2017-09-18,0.27523917775370416,0.1767572477617222,-0.38124208803894827
ROS1-32-0025,2017-09-18,0.2523159501978796,0.1452505752282436,-0.35800735134291983
ROS1-37-0031,2017-09-18,0.2963119475409706,0.17251584353439076,-0.39082512601062075
ROS1-38-0004,2017-09-18,0.4306115447885877,0.2803152228940094,-0.4740988234550916
ROS1-13-0000,2017-09-18,0.17876947346331082,0.08191440647445461,-0.2794305419320175
ROS1-25-0018,2017-09-18,0.18003467751121288,0.0882357990616485,-0.30523418875981284
ROS1-26-0030,2017-09-18,0.25453597358899416,0.1557240262326934,-0.3751717343272621
ROS1-30-0015,2017-09-18,0.14871652893583742,0.06658133844797273,-0.2842898076810548
ROS1-31-0033,2017-09-18,0.21611571478913438,0.13200427097140005,-0.3461370224960572
ROS1-32-0029,2017-09-18,0.17274103164391613,0.07985241769972566,-0.30130125024680826
ROS1-36-0006,2017-09-18,0.14791658399610416,0.06543888653480347,-0.2661208633693446
ROS1-19-0018,2017-09-18,0.13830136982877927,0.07690131739867605,-0.22492314070651157
ROS1-20-0026,2017-09-18,0.18043017271310968,0.0921512743864722,-0.30102559533811885
ROS1-25-0032,2017-09-18,0.16598118433450004,0.07869334051210702,-0.2788272552528629
ROS1-19-0012,2017-10-04,0.14022736582630968,0.05687546261476982,-0.24169637065208519
ROS1-20-0038,2017-10-04,0.2835649951381412,0.15390926414008788,-0.38090997007113464
ROS1-21-0003,2017-10-04,0.3576276886713395,0.21249924231950457,-0.45394140902662694
ROS1-25-0012,2017-10-04,0.14165623420081191,0.06219472799663541,-0.2531281159528496
ROS1-26-0018,2017-10-04,0.3529664011300581,0.18600875557633698,-0.39145623653919687
ROS1-30-0002,2017-10-04,0.14018867895804407,0.08743874338225097,-0.2867985044698993
ROS1-31-0022,2017-10-04,0.21810289959536383,0.13657979472803716,-0.3612424859808745
ROS1-32-0025,2017-10-04,0.2015902274007099,0.11767064246565383,-0.3327208499062107
ROS1-37-0031,2017-10-04,0.6387905536581099,0.44668961984677324,-0.6105513222936837
ROS1-38-0004,2017-10-04,0.46929742590286455,0.3000887600141715,-0.5059147137787668
ROS1-25-0018,2017-10-04,0.23782215631214615,0.11725879357215091,-0.3411457957526215
ROS1-26-0030,2017-10-04,0.1651974073237579,0.07275178923350795,-0.2933859088232179
ROS1-30-0015,2017-10-04,0.1490568121525238,0.06452734378823378,-0.2903184427735489
ROS1-31-0033,2017-10-04,0.15154142910533253,0.059424187379467516,-0.27884239188630117
ROS1-32-0029,2017-10-04,0.2232238983320119,0.09970899870827654,-0.3240052770642986
ROS1-19-0018,2017-10-04,0.12906109100915394,0.06685208689876455,-0.2333360783627889
ROS1-20-0026,2017-10-04,0.1673184106879743,0.09079676555815137,-0.2892679380695056
ROS1-25-0032,2017-10-04,0.14612503606301278,0.06771392577010679,-0.2672109569239259
ROS1-18-0027,2017-04-27,0.770637860671714,0.4829037378832236,-0.707840061908697
ROS1-24-0030,2017-04-27,0.21504451944878553,0.11978876936582061,-0.3504491515596605
ROS1-30-0002,2017-04-27,0.36743903151454343,0.18510424797090583,-0.4434566526067738
ROS1-18-0014,2017-04-27,0.16564897460374348,0.0783335674223627,-0.24664349587204648
ROS1-24-0024,2017-04-27,0.8600433226196511,0.7180796821703567,-0.7892865420217808
ROS1-30-0015,2017-04-27,0.18728815700735904,0.08756169645689917,-0.32732798389460016
ROS1-36-0006,2017-04-27,0.22230356696401818,0.1074671466679157,-0.34475803441710473
ROS1-19-0018,2017-04-27,0.4947904026218248,0.23742423059935866,-0.4719336553556638
ROS1-24-0018,2017-04-27,0.1836205056573184,0.09360826924050843,-0.3201440471685076
ROS1-25-0032,2017-04-27,0.4218667645064127,0.22372598151048012,-0.4605801068148962
ROS1-30-0002,2017-05-13,0.511700169808776,0.368874103831561,-0.5116928386927045
ROS1-36-0006,2017-05-13,0.44261567672029606,0.29082721067769646,-0.4624442542256684
ROS1-18-0027,2017-05-29,0.8807283982434448,0.6549826074137804,-0.8149231150945387
ROS1-24-0030,2017-05-29,0.389462823960539,0.23824909679715398,-0.45939218825110223
ROS1-30-0002,2017-05-29,0.6888498933065406,0.4097725404682109,-0.6514429809001093
ROS1-13-0000,2017-05-29,0.9122163775552506,0.8312940372521679,-0.8469895759646572
ROS1-18-0014,2017-05-29,0.26032852188230526,0.13016771274705666,-0.3107589913412219
ROS1-24-0024,2017-05-29,0.8247942384854131,0.6498736235909782,-0.763022639033705
ROS1-30-0015,2017-05-29,0.20695185910748584,0.11098447843106599,-0.32860841680378194
ROS1-36-0006,2017-05-29,0.6031231456502869,0.3745639961955453,-0.5891163552133811
ROS1-19-0018,2017-05-29,0.7917757497430239,0.571156891431584,-0.7282747347366704
ROS1-24-0018,2017-05-29,0.19143805973058078,0.09144014247327588,-0.3226245057934491
ROS1-25-0032,2017-05-29,0.5507050900582396,0.3025634908694177,-0.5605216434683323
ROS1-24-0018,2017-06-14,0.22797431771689936,0.16639481614366775,-0.3301827923717967
ROS1-25-0032,2017-06-14,0.4539996608893849,0.28433508789017387,-0.45492114431856284
ROS1-18-0027,2017-06-30,0.35819743194310816,0.1929251716324918,-0.5018787191923286
ROS1-24-0030,2017-06-30,0.8294931340447032,0.712408944807345,-0.7406756104523072
ROS1-30-0002,2017-06-30,0.33223535121612013,0.17579649789776072,-0.4093411737324835
ROS1-13-0000,2017-06-30,0.349538677201525,0.17637113279843336,-0.464779193837547
ROS1-18-0014,2017-06-30,0.8660416315549005,0.8322674864868785,-0.7638701009200697
ROS1-24-0024,2017-06-30,0.23569447138339567,0.14255801482060543,-0.39341689041104755
ROS1-30-0015,2017-06-30,0.19463003697603407,0.0941327019720927,-0.32060340863502723
ROS1-36-0006,2017-06-30,0.4496153449586165,0.169459530473549,-0.42221301763026226
ROS1-19-0018,2017-06-30,0.5709234978234435,0.34611113436349006,-0.5701490757866189
ROS1-24-0018,2017-06-30,0.21932695420292958,0.13541561149819908,-0.31175752124468703
ROS1-25-0032,2017-06-30,0.39255103056958773,0.2373503793687137,-0.4675726545204893
ROS1-24-0030,2017-07-16,0.6944891692609655,0.6075888712693192,-0.6545655727692664
ROS1-30-0002,2017-07-16,0.21450547497601888,0.1662900084377625,-0.36754204638768706
ROS1-24-0024,2017-07-16,0.16381529052571764,0.11858030153944579,-0.3195490245014369
ROS1-30-0015,2017-07-16,0.14960312698476458,0.07113648038963977,-0.282207972655644
ROS1-36-0006,2017-07-16,0.2850029116194117,0.14767229629960557,-0.4282513187387995
ROS1-19-0018,2017-07-16,0.2517594684881132,0.21685896502833465,-0.4087207332567272
ROS1-24-0018,2017-07-16,0.12849093541279094,0.06575546826648683,-0.24120433263698954
ROS1-25-0032,2017-07-16,0.335549393740176,0.20524833603586679,-0.436266577647724
ROS1-18-0027,2017-08-01,0.16280699799002066,0.11144156532508066,-0.3043409297831399
ROS1-24-0030,2017-08-01,0.7602886839566496,0.6095313909624279,-0.6746077897738859
ROS1-30-0002,2017-08-01,0.172582191814996,0.12595491521685148,-0.3276474499649231
ROS1-13-0000,2017-08-01,0.22761118420060056,0.13861832365782029,-0.39856438917534737
ROS1-18-0014,2017-08-01,0.6714082527725111,0.4225136239576912,-0.6012175263445231
ROS1-24-0024,2017-08-01,0.15115564963316916,0.10181033239594738,-0.29907620086935127
ROS1-30-0015,2017-08-01,0.1484435701338886,0.06966821317752718,-0.28168660933018774
ROS1-36-0006,2017-08-01,0.20767219153459673,0.12637075194639333,-0.3559446509036828
ROS1-19-0018,2017-08-01,0.14060148881377746,0.08321184917627203,-0.2514477932418135
ROS1-24-0018,2017-08-01,0.14380062706592858,0.07142825453733027,-0.26245694690177535
ROS1-25-0032,2017-08-01,0.30396420930406026,0.21816601007043343,-0.4066493776936597
ROS1-18-0027,2017-08-17,0.1517702926773582,0.06383644170553938,-0.24300914715670688
ROS1-24-0030,2017-08-17,0.3821037121685496,0.239444841333227,-0.41503433507952014
ROS1-30-0002,2017-08-17,0.15137752189516104,0.11173617991716148,-0.3088203824808994
ROS1-18-0014,2017-08-17,0.33125812310402264,0.19735026120697588,-0.4021876666909459
ROS1-24-0024,2017-08-17,0.14683733279314445,0.10256115531967885,-0.298898444537164
ROS1-30-0015,2017-08-17,0.14356738161959126,0.07028167293646322,-0.26514130395589525
ROS1-36-0006,2017-08-17,0.14783218620088975,0.06635839533548625,-0.2807112793811836
ROS1-19-0018,2017-08-17,0.1191623685662828,0.0744016507096655,-0.21992198025809714
ROS1-24-0018,2017-08-17,0.1342815440581476,0.06786957416772885,-0.24868358531866855
ROS1-25-0032,2017-08-17,0.1452830145835338,0.07426410836669095,-0.2645476742888722
ROS1-18-0027,2017-09-02,0.1524738230163734,0.05253964835924447,-0.23366528286158722
ROS1-24-0030,2017-09-02,0.31248206343737106,0.1828640598272168,-0.3847126760778033
ROS1-30-0002,2017-09-02,0.1095223172846997,0.11685959393031958,-0.18160831941734776
ROS1-13-0000,2017-09-02,0.09652607119683217,0.07580283746213946,-0.1389510318057115
ROS1-18-0014,2017-09-02,0.34598741128239835,0.16610119348806973,-0.37632769359859825
ROS1-24-0024,2017-09-02,0.11624743307647421,0.06946394565518055,-0.24544535032906342
ROS1-30-0015,2017-09-02,0.13599950396115298,0.06295446395393171,-0.23919541086122728
ROS1-36-0006,2017-09-02,0.03728885432416248,0.02665362479905404,-0.08542040529117094
ROS1-19-0018,2017-09-02,0.1321712953737454,0.06710704330480624,-0.22445315513865396
ROS1-24-0018,2017-09-02,0.15047896615242692,0.07004209472123092,-0.254722414253569
ROS1-18-0027,2017-09-18,0.13517468062701501,0.06171357509802108,-0.23629242576449325
ROS1-24-0030,2017-09-18,0.23512922920440554,0.11762916668139031,-0.3455335162031632
ROS1-30-0002,2017-09-18,0.14291479562454157,0.09214287017971026,-0.28534987393031974
ROS1-13-0000,2017-09-18,0.19021519127608322,0.0853870230328611,-0.26592189790643084
ROS1-18-0014,2017-09-18,0.16407472336636336,0.08003461453726185,-0.2430575776240795
ROS1-24-0024,2017-09-18,0.2250355266795916,0.13976380679532124,-0.3391590799180224
ROS1-30-0015,2017-09-18,0.14746196823356048,0.06624971130421534,-0.2812768070714784
ROS1-36-0006,2017-09-18,0.14794251003888412,0.06566495803517747,-0.26527838735667053
ROS1-19-0018,2017-09-18,0.13872862416103665,0.0773900581298774,-0.22418297553513528
ROS1-24-0018,2017-09-18,0.14749392329386982,0.07057936181917934,-0.2617631626958442
ROS1-25-0032,2017-09-18,0.1676431269973413,0.07926450083818286,-0.2818538350866468
ROS1-18-0027,2017-10-04,0.13577957821053968,0.060148210842699855,-0.23160838568210243
ROS1-24-0030,2017-10-04,0.1493751979526104,0.0847883891385963,-0.2887719837789075
ROS1-30-0002,2017-10-04,0.1401166344624504,0.08767584987460868,-0.2842616871433398
ROS1-18-0014,2017-10-04,0.1635898179349141,0.08137249024760652,-0.24864751729590406
ROS1-24-0024,2017-10-04,0.2188474171470631,0.138551031200652,-0.34419148657432863
ROS1-30-0015,2017-10-04,0.14806768060550216,0.06434312713902901,-0.2882534691042189
ROS1-19-0018,2017-10-04,0.12997111457650393,0.06728342431635789,-0.2356004796644327
ROS1-24-0018,2017-10-04,0.14213693177443637,0.06457833232119407,-0.2543538675185681
ROS1-25-0032,2017-10-04,0.14934994884187444,0.06979168173740685,-0.27076163707361306
ROS1-22-0014,2017-04-02,0.27105273023087106,0.1902550294889979,-0.3509673855358989
ROS1-22-0014,2017-05-04,0.4919295836303278,0.33268700908754034,-0.5040050999985357
ROS1-29-0003,2017-05-04,0.23411129317100451,0.10688660430771545,-0.35244292034283825
ROS1-22-0014,2017-06-05,0.8041166449645183,0.45591555126226463,-0.7638306141011393
ROS1-29-0003,2017-06-05,0.26804376316443895,0.07720797611747487,-0.39327838917272706
ROS1-29-0005,2017-06-05,0.36288691185062427,0.16355524979980998,-0.4494373023485081
ROS1-22-0014,2017-06-21,0.7664540888696308,0.47137218913130347,-0.7244689872102098
ROS1-29-0005,2017-06-21,0.2444192684880152,0.12191470525631029,-0.37868652026553196
ROS1-29-0003,2017-07-23,0.288507577460781,0.11006333352718897,-0.3879873139423925
ROS1-22-0014,2017-08-08,0.26931698733878234,0.18121258403043686,-0.4216544474210172
ROS1-29-0003,2017-08-08,0.29823363228484695,0.1107025716029143,-0.38562151459162575
ROS1-29-0005,2017-08-08,0.23598003979206342,0.08908331804214845,-0.3702317197427083
ROS1-22-0014,2017-08-24,0.26046374749053236,0.17921355043843637,-0.3987736653927344
ROS1-29-0003,2017-08-24,0.24182043789706892,0.09245554506483734,-0.31038539861255326
ROS1-29-0005,2017-08-24,0.21320407306585423,0.09890189998595644,-0.2648297852170657
ROS1-22-0014,2017-09-25,0.28921193968547615,0.1685975843509436,-0.40713654932199334
ROS1-29-0003,2017-09-25,0.2856524803604645,0.09022621210361487,-0.3670325691612184
ROS1-29-0005,2017-09-25,0.4832624819039345,0.20729119792423661,-0.5017844944885447
ROS1-22-0014,2017-10-11,0.21664591977975792,0.059736500739880134,-0.3154731672471053
ROS1-29-0003,2017-10-11,0.4891238943423844,0.16045198006224345,-0.5112667053720353
ROS1-29-0005,2017-10-11,0.691225715811555,0.38975194236324795,-0.6452682482691211
ROS1-27-0019,2017-04-02,0.18326530694575646,0.08017976210526875,-0.3250410911850524
ROS1-28-0002,2017-04-02,0.4701044509186256,0.2509715302516508,-0.4783998768914909
ROS1-33-0020,2017-04-02,0.2031843149511283,0.06885157931946163,-0.32556552285717255
ROS1-15-0013,2017-04-02,0.17189577482553325,0.07424117429859596,-0.29886268221322193
ROS1-21-0010,2017-04-02,0.19041690933192754,0.07504328322806071,-0.31922877865874927
ROS1-22-0022,2017-04-02,0.17818922621914515,0.06775370569251697,-0.3111319177314693
ROS1-26-0030,2017-04-02,0.07725254733417379,0.10151098212641192,-0.14600342278226136
ROS1-27-0013,2017-04-02,0.15937520598095428,0.09917585092834383,-0.260026716657014
ROS1-28-0015,2017-04-02,0.6226868414315723,0.39870807971546435,-0.6264826065997273
ROS1-15-0025,2017-04-02,0.20004399081915894,0.07371335211856024,-0.3066892594406258
ROS1-21-0037,2017-04-02,0.1843364036823509,0.06959079114296433,-0.33419984212040194
ROS1-22-0002,2017-04-02,0.1623437344594483,0.06854404638154998,-0.2595210582630003
ROS1-21-0003,2017-05-04,0.19629070805081425,0.11970521070656373,-0.24246877362155264
ROS1-22-0014,2017-05-04,0.48990920436545815,0.33277389956585296,-0.4901696693223765
ROS1-28-0002,2017-05-04,0.7635732054775219,0.5175281952564827,-0.7264035721110162
ROS1-15-0013,2017-05-04,0.25541321979660764,0.11197978156392356,-0.34486509666788295
ROS1-22-0022,2017-05-04,0.2273065418194152,0.1079576344456003,-0.342806344928022
ROS1-27-0013,2017-05-04,0.26930951309358697,0.1206378517596947,-0.3668026826149898
ROS1-28-0015,2017-05-04,0.6344374552718005,0.433975470507459,-0.6195845220586459
ROS1-15-0025,2017-05-04,0.25710963552272037,0.1881742112306793,-0.3066206424715994
ROS1-22-0002,2017-05-04,0.23913884301102742,0.13183310673058857,-0.31036557694932115
ROS1-15-0025,2017-05-20,0.3085654554096885,0.16944354048869453,-0.36831995991893407
ROS1-21-0037,2017-05-20,0.2220143423554748,0.1107519314675096,-0.3682140001673873
ROS1-22-0002,2017-05-20,0.30448254687407805,0.12707482129608777,-0.3619763656597415
ROS1-21-0003,2017-06-05,0.27466238809310095,0.13359323103378548,-0.3454199351173234
ROS1-22-0014,2017-06-05,0.8005629764845092,0.4535039769957737,-0.7517389592380322
ROS1-27-0019,2017-06-05,0.6520162641205932,0.41352960131165206,-0.6189046822805665
ROS1-28-0002,2017-06-05,0.8776286164487099,0.6346382485101778,-0.8049706616101325
ROS1-33-0020,2017-06-05,0.25115225789263346,0.0916675580275965,-0.3975745852243138
ROS1-15-0013,2017-06-05,0.20497388340701186,0.08888027392955898,-0.34088130241790354
ROS1-21-0010,2017-06-05,0.9011946868394446,0.7506934800443973,-0.8029749032193538
ROS1-22-0022,2017-06-05,0.6770586173526988,0.4612721608517529,-0.6063031879745189
ROS1-26-0030,2017-06-05,0.304655164074612,0.16962903296197185,-0.37881337463641124
ROS1-27-0013,2017-06-05,0.2682417200774193,0.11196012768960267,-0.3837590368744866
ROS1-28-0015,2017-06-05,0.8385863370268698,0.48964339222067355,-0.7903492755743046
ROS1-15-0025,2017-06-05,0.27189196071665117,0.10779566334210942,-0.37165635275215714
ROS1-21-0037,2017-06-05,0.20449983995501553,0.08039808215156562,-0.3584338306375452
ROS1-22-0002,2017-06-05,0.3842663842615749,0.17309182852235255,-0.44405383567622464
ROS1-22-0014,2017-06-21,0.75608482292935,0.4668005147846192,-0.7036100831143159
ROS1-27-0019,2017-06-21,0.7291253134948306,0.27231087694630357,-0.6071000099023736
ROS1-28-0002,2017-06-21,0.841157355148616,0.46442998184063555,-0.7455471759485895
ROS1-33-0020,2017-06-21,0.22985960364814875,0.10134637665508031,-0.3611289180039223
ROS1-15-0013,2017-06-21,0.20515677977132565,0.10321321469897458,-0.3390898702770517
ROS1-21-0010,2017-06-21,0.8993141641794932,0.801162845513351,-0.8264552784132944
ROS1-22-0022,2017-06-21,0.6218949114761941,0.6107510208514354,-0.5641832839911949
ROS1-26-0030,2017-06-21,0.6813325140472062,0.5156914046392062,-0.6288905858902626
ROS1-27-0013,2017-06-21,0.20432462401554988,0.11202221516887671,-0.3212520710233925
ROS1-28-0015,2017-06-21,0.5807203479761898,0.4402152185103773,-0.5614492440202464
ROS1-15-0025,2017-06-21,0.5869530403376119,0.2565962082552876,-0.5178107634697664
ROS1-22-0002,2017-06-21,0.5147260687391095,0.2870319932905825,-0.5253690480834385
ROS1-21-0010,2017-07-23,0.23735800535455423,0.18568020454361503,-0.3788357648878736
ROS1-21-0037,2017-07-23,0.7398578316594477,0.6409282250159786,-0.6803714013699791
ROS1-21-0003,2017-08-08,0.3530472795960888,0.2594379867410552,-0.38176297469207643
ROS1-22-0014,2017-08-08,0.25780947321377384,0.17358602659488773,-0.40139774269994966
ROS1-27-0019,2017-08-08,0.3284286514598815,0.1816156512622408,-0.4654099132747043
ROS1-28-0002,2017-08-08,0.16289559054819483,0.09381799804260141,-0.31043511074574187
ROS1-33-0020,2017-08-08,0.19846034835307058,0.08434108506557987,-0.31710669911069844
ROS1-15-0013,2017-08-08,0.22885834051494633,0.11239804252583281,-0.33321283908462845
ROS1-21-0010,2017-08-08,0.2032440346622493,0.1484539549428754,-0.3837467715615421
ROS1-22-0022,2017-08-08,0.5887036081104262,0.37921378808392314,-0.5844992928995439
ROS1-27-0013,2017-08-08,0.1795640950606043,0.08201927679898137,-0.297752935414212
ROS1-28-0015,2017-08-08,0.19537624371248766,0.07167490050562068,-0.2983924947049557
ROS1-15-0025,2017-08-08,0.6918154578092278,0.4860365857093042,-0.6258125779695093
ROS1-21-0037,2017-08-08,0.4843492129171918,0.21025071988953228,-0.48718586590262414
ROS1-22-0002,2017-08-08,0.5757636949390454,0.38084551465183414,-0.5761645358369593
ROS1-21-0003,2017-08-24,0.34365682739248915,0.1999692064319233,-0.39736023831414097
ROS1-22-0014,2017-08-24,0.25163945427749346,0.17275559671660537,-0.3827334471133981
ROS1-27-0019,2017-08-24,0.2610177004744698,0.15703033148219855,-0.3818653088043108
ROS1-28-0002,2017-08-24,0.16342891112709815,0.10850034700771788,-0.2745671686684272
ROS1-33-0020,2017-08-24,0.17153730866442835,0.08085719916744706,-0.25893192636407436
ROS1-15-0013,2017-08-24,0.1692295666464642,0.09556496141207499,-0.24283422531200036
ROS1-22-0022,2017-08-24,0.35053572533540456,0.22960060023519263,-0.4348565491965917
ROS1-26-0030,2017-08-24,0.2502452794858791,0.12638293599107045,-0.33123399463210185
ROS1-27-0013,2017-08-24,0.18512813580157186,0.08058042662864691,-0.24986489645479731
ROS1-28-0015,2017-08-24,0.17502283106969513,0.07693081168384701,-0.26013017498831514
ROS1-15-0025,2017-08-24,0.3213005635490746,0.19103733541548704,-0.3018336759007712
ROS1-22-0002,2017-08-24,0.36647524077561405,0.22713211396386707,-0.42056111744312286
ROS1-21-0003,2017-09-25,0.43641133931319775,0.22112714636660946,-0.477738737408116
ROS1-22-0014,2017-09-25,0.26976048338711694,0.16085433583491704,-0.36756505348056684
ROS1-27-0019,2017-09-25,0.21266653261631877,0.08874072010866636,-0.3508245264962858
ROS1-28-0002,2017-09-25,0.33720355356411347,0.19026100177569205,-0.39200860337413057
ROS1-33-0020,2017-09-25,0.3238299687517658,0.12970048960884983,-0.4002974456553662
ROS1-15-0013,2017-09-25,0.511766540312215,0.2583956075650263,-0.5089051527890688
ROS1-21-0010,2017-09-25,0.1840108291530065,0.08491646393990772,-0.30984883920496753
ROS1-22-0022,2017-09-25,0.18769216294991264,0.1035515086185754,-0.326095626039776
ROS1-26-0030,2017-09-25,0.26503352082092846,0.15538268661462062,-0.39311376009300586
ROS1-27-0013,2017-09-25,0.20240202037550464,0.07661605855389533,-0.3086470596457156
ROS1-28-0015,2017-09-25,0.285232508702217,0.10418843476749225,-0.3673802779589425
ROS1-15-0025,2017-09-25,0.2679423260299825,0.11216479925701713,-0.3644498990443442
ROS1-21-0037,2017-09-25,0.2355465984711751,0.11695626096192742,-0.32100714685188364
ROS1-22-0002,2017-09-25,0.2465017678214186,0.133477855233155,-0.38560002981456476
ROS1-21-0003,2017-10-11,0.2986371024193356,0.173978409050679,-0.41111147964156214
ROS1-22-0014,2017-10-11,0.18391740976496634,0.05258725472233499,-0.24271595032714993
ROS1-27-0019,2017-10-11,0.18454882915870652,0.06424496094199349,-0.3078070733147671
ROS1-33-0020,2017-10-11,0.3625466070790484,0.24719586820100153,-0.38841716268943005
ROS1-27-0013,2017-10-11,0.35576994506855186,0.16715197914885555,-0.410974556186455
ROS1-21-0037,2017-10-11,0.2308705226657677,0.12374818659532406,-0.3689472788075084
ROS1-19-0012,2017-04-02,0.17770784233465864,0.05791146889893452,-0.2902795617906091
ROS1-20-0038,2017-04-02,0.15526357960635373,0.06455756395773733,-0.2778776836020753
ROS1-26-0018,2017-04-02,0.583605942808571,0.30884449370108535,-0.5758481848612427
ROS1-07-0020,2017-04-02,0.3544357521118544,0.18481471951368575,-0.42121217499873825
ROS1-08-0025,2017-04-02,0.339050171438821,0.15578462544940117,-0.3745612586465929
ROS1-13-0000,2017-04-02,0.513578230619667,0.24000198981443585,-0.5011175595309331
ROS1-14-0009,2017-04-02,0.22231609673600722,0.08585410881799949,-0.29652572693766105
ROS1-18-0014,2017-04-02,0.1582158923883769,0.05481222918308214,-0.22941131002743734
ROS1-19-0004,2017-04-02,0.17718885923274047,0.09731004909979223,-0.31126405086930525
ROS1-20-0017,2017-04-02,0.26968246775902915,0.11605340260166122,-0.34927480068365996
ROS1-26-0030,2017-04-02,0.06039522317026698,0.07480083065240428,-0.12333655453423654
ROS1-07-0031,2017-04-02,0.6239499082087262,0.3524625658936064,-0.5876785883476864
ROS1-13-0020,2017-04-02,0.1674212892798014,0.06398322117118507,-0.26788503835494537
ROS1-14-0031,2017-04-02,0.17726577727497717,0.10159983321232606,-0.3104207829638221
ROS1-19-0018,2017-04-02,0.281626680312399,0.11321989311169715,-0.3269544341261797
ROS1-20-0026,2017-04-02,0.41649679012015645,0.2551137500056834,-0.43386701156824947
ROS1-14-0009,2017-04-18,0.4028764174301734,0.24241557910025766,-0.3999776778821845
ROS1-19-0004,2017-04-18,0.2924397162400672,0.1928893998731171,-0.37716400019569973
ROS1-20-0017,2017-04-18,0.28908817226099975,0.1871163747610958,-0.31728496600468803
ROS1-20-0026,2017-04-18,0.5638845971845047,0.4173471171045071,-0.5474477159046598
ROS1-08-0025,2017-05-04,0.241091682068256,0.12693300521798495,-0.3213516296717982
ROS1-07-0031,2017-05-04,0.7050655878051092,0.6247301971798722,-0.6676715164222713
ROS1-13-0020,2017-05-04,0.43386866284995335,0.3259191785804502,-0.4235914950280671
ROS1-14-0031,2017-05-04,0.4891144795871749,0.24962785281343375,-0.4774986163103319
ROS1-07-0031,2017-05-20,0.8346100913581265,0.7443908930304559,-0.7838615189487846
ROS1-19-0012,2017-06-05,0.7671320374703211,0.5208152041639923,-0.698683856821328
ROS1-20-0038,2017-06-05,0.38684548409498365,0.2270408715518752,-0.4338600833035872
ROS1-26-0018,2017-06-05,0.7824625167891988,0.5484414477482357,-0.7277663598577381
ROS1-07-0020,2017-06-05,0.8013036225782444,0.580629104264246,-0.7371062853001572
ROS1-08-0025,2017-06-05,0.39373648819616347,0.19858387616483306,-0.429264004472625
ROS1-13-0000,2017-06-05,0.8898973764528555,0.7504144727364017,-0.8372703446375414
ROS1-14-0009,2017-06-05,0.8197926038478369,0.5844736769818563,-0.7365429028189521
ROS1-18-0014,2017-06-05,0.426928217894515,0.2313896273651777,-0.43242131720006777
ROS1-19-0004,2017-06-05,0.6146507928814698,0.37398966189310895,-0.582555609473447
ROS1-20-0017,2017-06-05,0.5340467389669827,0.31456732304753016,-0.5434512153896444
ROS1-26-0030,2017-06-05,0.29329379440656056,0.16385989233327153,-0.3550399204279306
ROS1-07-0031,2017-06-05,0.8251350888208554,0.6792279636544857,-0.7847935110949192
ROS1-13-0020,2017-06-05,0.8565089398633708,0.7833052370039422,-0.7558015646607965
ROS1-14-0031,2017-06-05,0.7591239749645152,0.510128929123688,-0.690207267068254
ROS1-19-0018,2017-06-05,0.8051005464266595,0.5635618176649576,-0.7515320421389281
ROS1-20-0026,2017-06-05,0.816321982305375,0.5314423410663894,-0.761000916517475
ROS1-19-0012,2017-06-21,0.5819331889509997,0.38522250697671573,-0.5496121966262749
ROS1-26-0018,2017-06-21,0.6694990224411248,0.43431032474370834,-0.6230590081679453
ROS1-07-0020,2017-06-21,0.49356750751347633,0.306960019584242,-0.5288247336840992
ROS1-08-0025,2017-06-21,0.7120273563336352,0.5296217722940758,-0.633820881469548
ROS1-13-0000,2017-06-21,0.6901107999140437,0.42987077056524475,-0.6622799305694234
ROS1-14-0009,2017-06-21,0.6113865756600667,0.3530325452288485,-0.5841359592121689
ROS1-18-0014,2017-06-21,0.8453458785505837,0.7392454920595051,-0.7413636445774544
ROS1-19-0004,2017-06-21,0.6555621208693542,0.41439189246696817,-0.5950347364470083
ROS1-20-0017,2017-06-21,0.7241526747455128,0.47862094683862144,-0.6598111133418163
ROS1-26-0030,2017-06-21,0.6666352852905283,0.5027490804787231,-0.6082514448368853
ROS1-07-0031,2017-06-21,0.7552540238347601,0.5648541439750806,-0.6999245545368521
ROS1-13-0020,2017-06-21,0.6757329929113377,0.6118656784475469,-0.5607237379778361
ROS1-19-0018,2017-06-21,0.7754382702599307,0.5283493502387732,-0.7095481460087291
ROS1-20-0026,2017-06-21,0.6233074476591365,0.32782227004880293,-0.6022475018091789
ROS1-19-0012,2017-07-07,0.2223413289449371,0.19955817703599477,-0.3273074487629533
ROS1-19-0018,2017-07-07,0.36003486991896677,0.19260857574447982,-0.48453762452577204
ROS1-07-0020,2017-07-23,0.2932227817973417,0.20088822720651017,-0.40295722571872494
ROS1-08-0025,2017-07-23,0.5833894743183335,0.48515513509384783,-0.5795915721813617
ROS1-13-0000,2017-07-23,0.21600329386181474,0.12500119498370418,-0.37239989323738576
ROS1-14-0009,2017-07-23,0.20797285743520513,0.11826463628565041,-0.3512774898344011
ROS1-18-0014,2017-07-23,0.7834517213529492,0.6406194246356322,-0.7104032401470263
ROS1-19-0004,2017-07-23,0.6096114003607747,0.4022403436859935,-0.5827505357466273
ROS1-20-0017,2017-07-23,0.3762238934254508,0.2982011347088465,-0.41358242373454
ROS1-07-0031,2017-07-23,0.3060731463430561,0.21568525946322875,-0.4219088266793324
ROS1-13-0020,2017-07-23,0.2449085870672239,0.1189979763607936,-0.34200538574842715
ROS1-19-0012,2017-08-08,0.22245010612427446,0.14559217525977566,-0.35162479149134
ROS1-20-0038,2017-08-08,0.3432590942250624,0.20371967017202855,-0.41383278310920507
ROS1-26-0018,2017-08-08,0.12812725368001168,0.08320047443126825,-0.2554594536022269
ROS1-07-0020,2017-08-08,0.2393151744782512,0.16189508453396007,-0.3635623883195107
ROS1-08-0025,2017-08-08,0.603585827638876,0.4080256870347728,-0.5391442433317113
ROS1-13-0000,2017-08-08,0.21063796905890655,0.13146891704421584,-0.3772246719668616
ROS1-14-0009,2017-08-08,0.14923758900738116,0.11441609329544858,-0.2964122892141065
ROS1-18-0014,2017-08-08,0.42967594470570175,0.24510729684033597,-0.43101408718370504
ROS1-19-0004,2017-08-08,0.5060835896525618,0.3055135569781128,-0.5199504529075499
ROS1-20-0017,2017-08-08,0.23342730382116245,0.15066489696268465,-0.3713254710599283
ROS1-07-0031,2017-08-08,0.22481021431371806,0.15570057639468515,-0.3650903520929454
ROS1-13-0020,2017-08-08,0.18790392207818893,0.08330989669618921,-0.2828101687405427
ROS1-14-0031,2017-08-08,0.48585846865653187,0.28291843279907464,-0.5138059558160658
ROS1-19-0018,2017-08-08,0.12295039408610751,0.07206296484399961,-0.232968556963011
ROS1-20-0026,2017-08-08,0.15271019400460556,0.0993405772634893,-0.28750397749517115
ROS1-19-0012,2017-08-24,0.24400451818649616,0.15315859766796466,-0.3371447161036336
ROS1-20-0038,2017-08-24,0.2784453249434477,0.1611323085466745,-0.32644735854009066
ROS1-26-0018,2017-08-24,0.14974707735019785,0.08700445947491774,-0.24403134505510293
ROS1-07-0020,2017-08-24,0.3187540740776982,0.21404043351808366,-0.39477361480977974
ROS1-18-0014,2017-08-24,0.3721165256210163,0.18411517878911696,-0.4147318295786617
ROS1-19-0004,2017-08-24,0.4639778566073617,0.29404283380549684,-0.4760739742995378
ROS1-20-0017,2017-08-24,0.13816166621384238,0.09664900071078866,-0.21775686440866499
ROS1-26-0030,2017-08-24,0.23410579344811008,0.11839008292660877,-0.3012121661560269
ROS1-07-0031,2017-08-24,0.21211815787891913,0.1633325129860951,-0.3383494497143456
ROS1-13-0020,2017-08-24,0.1573996842142893,0.07510145156927919,-0.2305721585810259
ROS1-19-0018,2017-08-24,0.13290781794407294,0.06983685875697658,-0.21370660875955794
ROS1-20-0026,2017-08-24,0.16799004622811944,0.1108362596796681,-0.2787056792914498
ROS1-19-0012,2017-09-25,0.13451667624835445,0.055483988037340434,-0.24136055723323635
ROS1-20-0038,2017-09-25,0.31301541462537535,0.17365635586304096,-0.3986277731650056
ROS1-26-0018,2017-09-25,0.3019068111857538,0.15095436514985755,-0.35522650404179645
ROS1-07-0020,2017-09-25,0.16292597440308287,0.08851252592465665,-0.2767817499636233
ROS1-08-0025,2017-09-25,0.14582905131884968,0.075186017817704,-0.24859701388293418
ROS1-13-0000,2017-09-25,0.1891133022725282,0.08683914137402,-0.2712682048039604
ROS1-14-0009,2017-09-25,0.17722232820240466,0.11670452274515479,-0.2941392282632695
ROS1-18-0014,2017-09-25,0.14435533219870186,0.06907496585831989,-0.23699079828101116
ROS1-19-0004,2017-09-25,0.4765955471909689,0.2637771163272506,-0.5051183126094121
ROS1-20-0017,2017-09-25,0.19524540846179053,0.08104356737270506,-0.27458409373505493
ROS1-26-0030,2017-09-25,0.2577779806828924,0.15228304756821556,-0.37504156947348166
ROS1-07-0031,2017-09-25,0.15169126952832712,0.06929786205043474,-0.2634138977511163
ROS1-13-0020,2017-09-25,0.19981789326838476,0.08931432333200554,-0.2780826545185215
ROS1-14-0031,2017-09-25,0.38754777012028824,0.15780030270034529,-0.38104387244882054
ROS1-19-0018,2017-09-25,0.12601378319715156,0.07177864724558979,-0.20835411513967522
ROS1-20-0026,2017-09-25,0.17012375130256258,0.08879376031296914,-0.2930874993970325
ROS1-19-0012,2017-10-11,0.13658260547053247,0.052166622179988575,-0.22337861131860098
ROS1-20-0038,2017-10-11,0.29488176982471176,0.16010518809801366,-0.386620458894017
ROS1-26-0018,2017-10-11,0.40274243418550926,0.21950997420613091,-0.4295920848087163
ROS1-07-0020,2017-10-11,0.15468945092716166,0.0833885683738091,-0.2712876503698947
ROS1-08-0025,2017-10-11,0.11465325275984221,0.04083651831066503,-0.15437926260564627
ROS1-13-0000,2017-10-11,0.14230088281625378,0.05127264540063975,-0.23956164151807655
ROS1-14-0009,2017-10-11,0.18075756274801646,0.11795814919611051,-0.3097634146207185
ROS1-18-0014,2017-10-11,0.16048719433353148,0.07153685869990602,-0.2592173032374097
ROS1-19-0004,2017-10-11,0.3971292687922168,0.2327293164485241,-0.46795840294482854
ROS1-20-0017,2017-10-11,0.23599749947957596,0.1002156556728995,-0.3073601327059412
ROS1-13-0020,2017-10-11,0.41139931522239,0.20208149941174638,-0.4244228162715654
ROS1-14-0031,2017-10-11,0.16486338641784215,0.18132120870510043,-0.20754084754843463
ROS1-19-0018,2017-10-11,0.1324241776268697,0.0626215136795706,-0.2270484183288713
ROS1-20-0026,2017-10-11,0.1695647267619999,0.08770112109258484,-0.2935758534656532
ROS1-18-0027,2017-04-02,0.3806030755937198,0.16846950314086212,-0.4291784255930643
ROS1-18-0014,2017-04-02,0.15609066019386514,0.05432186856334339,-0.22723955496129625
ROS1-07-0031,2017-04-02,0.6273730858967334,0.3514315798558321,-0.5923496719233319
ROS1-07-0031,2017-05-04,0.7920043356111516,0.709549920532742,-0.7445727492667406
ROS1-07-0031,2017-05-20,0.8492715452147129,0.7652378500246735,-0.7941276292364198
ROS1-18-0027,2017-06-05,0.8716131014744068,0.611361682371401,-0.8093236806342138
ROS1-18-0014,2017-06-05,0.4257421550058299,0.2307410358594939,-0.43023666537912614
ROS1-07-0031,2017-06-05,0.8281774867168461,0.6835535584429357,-0.7811033635868506
ROS1-18-0027,2017-06-21,0.633987924268437,0.39988876039550386,-0.620953671301244
ROS1-18-0014,2017-06-21,0.841327027263536,0.7376797762722282,-0.7375328098573742
ROS1-07-0031,2017-06-21,0.7535019954460862,0.5650853629747101,-0.697694449602459
ROS1-18-0027,2017-07-07,0.31784822435848076,0.19340875182348,-0.4670187897552896
ROS1-18-0027,2017-07-23,0.1724990954581485,0.12291084887650737,-0.31988228716246053
ROS1-18-0014,2017-07-23,0.7856676474128895,0.6405166224832397,-0.7117386866904131
ROS1-07-0031,2017-07-23,0.32234240372090184,0.22820865149649444,-0.43363881962480294
ROS1-18-0027,2017-08-08,0.1685245175079553,0.1134076524260819,-0.30964688609257573
ROS1-18-0014,2017-08-08,0.4401418960372464,0.24901060241004427,-0.4425023819296234
ROS1-07-0031,2017-08-08,0.22719945306250128,0.15762371138295392,-0.36616747617993667
ROS1-18-0027,2017-08-24,0.1425725032510976,0.048050877476552144,-0.1960670021986694
ROS1-18-0014,2017-08-24,0.3756777270600612,0.18580780153140597,-0.41923722765503674
ROS1-07-0031,2017-08-24,0.219472624358564,0.16658425848556202,-0.35415810952953986
ROS1-18-0027,2017-09-25,0.13759753312999773,0.060770576361137946,-0.22895275335876622
ROS1-18-0014,2017-09-25,0.1482443084209585,0.07068073564876552,-0.24165037921871393
ROS1-07-0031,2017-09-25,0.152745777652638,0.0693393147630822,-0.2639466355019851
ROS1-18-0027,2017-10-11,0.1356560347076598,0.06754168175302763,-0.22355191472336744
ROS1-18-0014,2017-10-11,0.17229740149678152,0.07848388957455739,-0.2649545812421253
ROS1-22-0014,2017-04-09,0.1113886516509956,0.2588013164859506,-0.1460738434464987
ROS1-22-0002,2017-04-09,0.05457229341668052,0.12756433980790916,-0.08545219794399782
ROS1-22-0014,2017-05-11,0.7784646203877202,0.3495855495899187,-0.7269658710510705
ROS1-22-0014,2017-05-27,0.6458580342356476,0.4809065677607817,-0.621306174050458
ROS1-22-0002,2017-05-27,0.7795450493229542,0.5298695974713615,-0.6967262761123397
ROS1-22-0014,2017-06-12,0.7043690712421032,0.41295316486515865,-0.6892734576745804
ROS1-22-0002,2017-06-12,0.5727205540846492,0.30915939441513796,-0.579510624623166
ROS1-22-0014,2017-06-28,0.6512107548734762,0.34222272573065704,-0.6364112349473046
ROS1-22-0002,2017-06-28,0.6483622714686494,0.33950824605560365,-0.6264435747060831
ROS1-22-0014,2017-07-14,0.3035387840249516,0.14468165734944458,-0.43668815033705854
ROS1-22-0002,2017-07-14,0.719797093691947,0.438194113917884,-0.6728196386178794
ROS1-22-0014,2017-08-15,0.24898600648614153,0.16357781327656826,-0.41258590248924587
ROS1-22-0002,2017-08-15,0.6059287352053314,0.3665932392530715,-0.5939985625809822
ROS1-22-0014,2017-09-16,0.2768119379879717,0.14890568628077952,-0.39256260994738257
ROS1-22-0014,2017-10-18,0.12361440699696864,0.04215249582822061,-0.19779860691025822
ROS1-15-0013,2017-04-25,0.20985601378282892,0.05816547089102409,-0.3309049897754702
ROS1-14-0031,2017-04-25,0.37154151741125,0.21965011065400822,-0.4724458859480463
ROS1-15-0025,2017-04-25,0.23490513438714172,0.08753850420598495,-0.35019912790298
ROS1-15-0013,2017-05-27,0.22190788958219781,0.09800560092430859,-0.3403590245621482
ROS1-22-0022,2017-05-27,0.45134533018887624,0.25307927365579097,-0.4693030877151467
ROS1-15-0025,2017-05-27,0.29022341474608687,0.10341306931056729,-0.36980307945071456
ROS1-22-0002,2017-05-27,0.7667790542420133,0.5190976814607206,-0.6684457591151696
ROS1-15-0025,2017-06-12,0.4744920878718715,0.2280714059105922,-0.47698839927487435
ROS1-22-0002,2017-06-12,0.5633488969479346,0.3072767171488541,-0.5527627786800583
ROS1-22-0022,2017-06-28,0.7598634741898472,0.6924832767093628,-0.6772817414302532
ROS1-14-0031,2017-06-28,0.6652188845901842,0.5293888877970168,-0.6194490365644493
ROS1-22-0002,2017-06-28,0.6360579252340613,0.3346709457186219,-0.5994196347122728
ROS1-15-0013,2017-07-14,0.21009183384587174,0.073995917459514,-0.3167215314301907
ROS1-22-0022,2017-07-14,0.7893395293803502,0.6547771972325512,-0.7071072937767565
ROS1-14-0031,2017-07-14,0.5969587509125914,0.33177323473100623,-0.5607212131127474
ROS1-15-0025,2017-07-14,0.7991750488891987,0.6703236339449226,-0.723831949931764
ROS1-22-0002,2017-07-14,0.7176173129301187,0.4356789929049256,-0.662389350799773
ROS1-15-0013,2017-08-15,0.18148041600094628,0.07342743789283838,-0.30994719337910637
ROS1-14-0031,2017-08-15,0.45851339049046097,0.2687919490755982,-0.5230764923409065
ROS1-15-0025,2017-08-15,0.5860342410606213,0.3152604467873219,-0.5411092909297547
ROS1-22-0002,2017-08-15,0.5979135803196142,0.36291696308506305,-0.5738887080477874
ROS1-15-0013,2017-09-16,0.2515835222819737,0.10011686726710842,-0.3240595363981837
ROS1-22-0022,2017-09-16,0.2020868893542527,0.09679791242409869,-0.3356650137877202
ROS1-14-0031,2017-09-16,0.35270327652925476,0.12237950806559286,-0.3822414892353
ROS1-15-0025,2017-09-16,0.3139616982154889,0.12232054342277929,-0.3778400465353443
ROS1-22-0022,2017-10-18,0.0173280373476818,0.022285139197681884,-0.03634378637581669
ROS1-14-0031,2017-10-18,0.08170203810737889,0.080860251798464,-0.09191880519608195
ROS1-22-0002,2017-10-18,0.10467794439227439,0.06919992130253907,-0.15660136217497891
ROS1-01-0044,2017-04-25,0.28903685468757706,0.102921995075988,-0.34901329848214513
ROS1-07-0020,2017-04-25,0.8413820407055922,0.5402824551632411,-0.7613125702778764
ROS1-08-0025,2017-04-25,0.2939404751717276,0.11282876864895983,-0.3450260771422418
ROS1-07-0031,2017-04-25,0.8047314980116442,0.5672166982546487,-0.7618978607008735
ROS1-14-0031,2017-04-25,0.332979925683673,0.20133154835500752,-0.40365393889879614
ROS1-01-0044,2017-05-11,0.582992045804576,0.32520105146309375,-0.5374912122753407
ROS1-07-0020,2017-05-11,0.8822391864870391,0.5958468254336137,-0.8077951698038887
ROS1-08-0025,2017-05-11,0.37110789529743077,0.17911431842253037,-0.42075329146864376
ROS1-01-0009,2017-05-11,0.4672299845273779,0.2311959445771318,-0.4717890895862263
ROS1-07-0031,2017-05-11,0.8373828499141944,0.6385361454272437,-0.8033628613171512
ROS1-07-0020,2017-05-27,0.850927906882373,0.6645232134965767,-0.7808605542501919
ROS1-08-0025,2017-05-27,0.3900825799226125,0.20782754497679456,-0.4350237968436447
ROS1-01-0009,2017-05-27,0.5278975401636533,0.3215488900655624,-0.5216547803224951
ROS1-01-0044,2017-06-12,0.813330559894774,0.6059087388178586,-0.7322432858449804
ROS1-08-0025,2017-06-12,0.5435786486822624,0.37339998397249957,-0.5057253970880358
ROS1-07-0031,2017-06-12,0.8606990303771126,0.7251140829586248,-0.8003447487110499
ROS1-01-0044,2017-06-28,0.6164711870390682,0.3419498067354391,-0.5432234302089669
ROS1-07-0020,2017-06-28,0.46707593514829304,0.2677457666904558,-0.5136937604801561
ROS1-08-0025,2017-06-28,0.7788310270523152,0.6264415146757857,-0.7046248900137264
ROS1-01-0009,2017-06-28,0.608638503120908,0.384793686797444,-0.5653385852198887
ROS1-07-0031,2017-06-28,0.5327934473662942,0.39937115165842585,-0.5592987158374283
ROS1-14-0031,2017-06-28,0.6621204609977929,0.5237693953160049,-0.6116931365671187
ROS1-01-0044,2017-07-14,0.33916648942587335,0.14771201610075962,-0.4496823188538286
ROS1-07-0020,2017-07-14,0.2821720941738499,0.17976518267870437,-0.4024974877810389
ROS1-08-0025,2017-07-14,0.7763430542749221,0.6734405422168729,-0.7147102500869654
ROS1-07-0031,2017-07-14,0.3174469979592574,0.21258349278343425,-0.4519178396629704
ROS1-14-0031,2017-07-14,0.5972655469930033,0.33261887700184545,-0.5602192188815835
ROS1-01-0044,2017-07-30,0.2798935385002171,0.12793222471402063,-0.42262353733719044
ROS1-07-0020,2017-07-30,0.31862996844418917,0.1638144657442078,-0.3813022672777695
ROS1-07-0031,2017-07-30,0.4403130744877495,0.10917183916590778,-0.41022616064488193
ROS1-01-0044,2017-08-15,0.18114150987956307,0.11138432360773502,-0.3195459570891108
ROS1-07-0020,2017-08-15,0.20192261598880337,0.13302229464222443,-0.3271383605079469
ROS1-08-0025,2017-08-15,0.37017496705951264,0.2103980098404379,-0.3784171552384004
ROS1-01-0009,2017-08-15,0.34510070985495345,0.23157834781027195,-0.38493064667086074
ROS1-07-0031,2017-08-15,0.2212259436130316,0.14999290656038652,-0.36626742776784593
ROS1-14-0031,2017-08-15,0.4603250966682211,0.2650785158727911,-0.522272167902274
ROS1-01-0044,2017-09-16,0.14673674595969252,0.06734991567158768,-0.25280472190131426
ROS1-07-0020,2017-09-16,0.14975043353480577,0.07762166302911454,-0.2652524176305745
ROS1-08-0025,2017-09-16,0.1712841609221676,0.07822311178669655,-0.2710537626597549
ROS1-01-0009,2017-09-16,0.26662558131934144,0.1286470198434053,-0.341786165479111
ROS1-07-0031,2017-09-16,0.16970292573189066,0.07046581885944832,-0.2713664688945459
ROS1-14-0031,2017-09-16,0.33886301947093755,0.12012517796358019,-0.35677663434743556
ROS1-08-0025,2017-10-02,0.1223321634177521,0.05716005325944963,-0.21254076808500202
ROS1-01-0009,2017-10-02,0.19453384674165297,0.11621425276353187,-0.3145837785996619
ROS1-01-0044,2017-10-18,-0.017724478922664388,-0.014378314774922588,0.018069880138694195
ROS1-07-0020,2017-10-18,0.04838320060538646,0.04513789044824936,-0.06741760196834258
ROS1-01-0009,2017-10-18,0.042013268452706934,0.030878870615156966,-0.061367591883794696
ROS1-07-0031,2017-10-18,0.005159662723049438,0.004645021454536029,-0.0019299551261088904
ROS1-14-0031,2017-10-18,0.0656159655400731,0.06515083688266117,-0.058879036021284276
ROS1-01-0009,2017-04-16,0.22689227120346234,0.08596535204294864,-0.3103993757036697
ROS1-01-0009,2017-05-02,0.32182700129642683,0.16951031991649002,-0.3754722500957756
ROS1-01-0009,2017-05-18,0.4999335413919279,0.28388189602710395,-0.49783845451854686
ROS1-01-0009,2017-06-03,0.4984861180422795,0.29256674821747125,-0.4887196951205753
ROS1-01-0009,2017-06-19,0.5761123089323327,0.3226332738818852,-0.5396636324202274
ROS1-01-0009,2017-07-05,0.8251780166346914,0.6759806977110855,-0.7322637764222154
ROS1-01-0009,2017-07-21,0.5599232164813317,0.4197445129236346,-0.5692292676349853
ROS1-01-0009,2017-08-06,0.4089543190325941,0.24108289166535407,-0.4555946431955491
ROS1-01-0009,2017-08-22,0.2885067082164508,0.1738698963883293,-0.3489793778142385
ROS1-01-0009,2017-09-07,0.2356134077963599,0.14113160088059853,-0.28790569635734686
ROS1-49-0001,2017-05-07,0.48921410352557165,0.32158160400776803,-0.510117828965576
ROS1-50-0003,2017-05-07,0.7512283678753058,0.5678470086115616,-0.7028597245708759
ROS1-49-0002,2017-05-07,0.20834744268047445,0.10985487585805016,-0.34295886579052404
ROS1-49-0001,2017-05-23,0.544713066287378,0.27128874747522597,-0.514358660144026
ROS1-50-0003,2017-05-23,0.8016691872036167,0.6008309792785695,-0.7427260149067804
ROS1-49-0001,2017-06-08,0.5988386555008443,0.38306386457196534,-0.5775392661901584
ROS1-50-0003,2017-06-08,0.7433646011891132,0.5105995232740281,-0.7218086153739444
ROS1-49-0002,2017-06-08,0.2038338431739625,0.1322626656960692,-0.3451067561566911
ROS1-50-0003,2017-07-10,0.31628388028759896,0.16588783416166977,-0.49063699750703516
ROS1-49-0001,2017-07-26,0.3447280821224794,0.19478345501522493,-0.4812464730016012
ROS1-50-0003,2017-07-26,0.20777419156108226,0.14045589983788134,-0.36190067193637576
ROS1-49-0002,2017-07-26,0.20674764724892059,0.11459399472078191,-0.3491988489706546
ROS1-49-0001,2017-08-11,0.2849972594100145,0.16871696601932584,-0.45136291945701645
ROS1-50-0003,2017-08-11,0.1738759877459176,0.1237695652435119,-0.33163002680357784
ROS1-49-0002,2017-08-11,0.1836210909847484,0.10302191180165357,-0.33451855860786245
ROS1-49-0001,2017-08-27,0.2797707944096878,0.16319086128389557,-0.4361095553962531
ROS1-50-0003,2017-08-27,0.16767267845848502,0.11565314587915408,-0.3152375669343056
ROS1-49-0002,2017-08-27,0.19500838236012213,0.11009870019107508,-0.33877343657640546
ROS1-49-0001,2017-09-12,0.3272370567193988,0.18786762893226008,-0.44067148372838216
ROS1-50-0003,2017-09-12,0.20351592565450718,0.12796887918950492,-0.321404990369946
ROS1-49-0002,2017-09-12,0.19510135991058025,0.12403496613902881,-0.33484116333623354
ROS1-50-0003,2017-09-28,0.2011141951180548,0.12793704287947869,-0.3308123595217944
ROS1-42-0010,2017-05-07,0.31336646169111027,0.17352772495477406,-0.3947435469748651
ROS1-49-0001,2017-05-07,0.49154367845646774,0.32321031235581843,-0.5114986540164128
ROS1-42-0009,2017-05-07,0.4948597196664108,0.30432651179388753,-0.526076196050355
ROS1-49-0002,2017-05-07,0.20810708708980866,0.10978944661245824,-0.34219556151321134
ROS1-42-0010,2017-06-08,0.6190049745541295,0.40593582471792133,-0.5780410594514884
ROS1-49-0001,2017-06-08,0.599870477744148,0.38315427589252876,-0.5779514357278615
ROS1-42-0009,2017-06-08,0.644260012101047,0.40781629604812747,-0.638004678241279
ROS1-49-0002,2017-06-08,0.20395489840569161,0.13226977745034774,-0.34499976660484477
ROS1-42-0009,2017-07-10,0.21978345959917317,0.19448256885507928,-0.345234668630122
ROS1-42-0010,2017-07-26,0.34948589703142596,0.23461188148530568,-0.4412948699533019
ROS1-49-0001,2017-07-26,0.34508052221647606,0.19475283515927017,-0.4809633132927302
ROS1-42-0009,2017-07-26,0.18053824531256282,0.12342003798823362,-0.32532992563593666
ROS1-49-0002,2017-07-26,0.20633072731694288,0.11411008915016911,-0.34869939805403277
ROS1-42-0010,2017-08-11,0.22426755828359832,0.1636784050570553,-0.3539107214970254
ROS1-49-0001,2017-08-11,0.2860157353745389,0.16920606471478555,-0.45264440450989235
ROS1-42-0009,2017-08-11,0.1531295146829677,0.10975168514783103,-0.2973000694176693
ROS1-49-0002,2017-08-11,0.18350087700638626,0.10329434113707647,-0.33398591974046116
ROS1-42-0010,2017-08-27,0.2278176889756083,0.1625513339109753,-0.3653182010274533
ROS1-49-0001,2017-08-27,0.2802543405507743,0.163249104922625,-0.4371995100124064
ROS1-42-0009,2017-08-27,0.16779570503154814,0.11327068702191792,-0.3086499000789616
ROS1-49-0002,2017-08-27,0.19536230340327493,0.11008134321204256,-0.3400369731171016
ROS1-42-0010,2017-09-12,0.22830664713761628,0.14257249815721315,-0.349002818498553
ROS1-49-0001,2017-09-12,0.3280619320836501,0.18816276190232423,-0.44140224222685664
ROS1-42-0009,2017-09-12,0.17732547476655106,0.11314141632778225,-0.306593888766067
ROS1-49-0002,2017-09-12,0.19553122894363215,0.12396626436034286,-0.33599553387292935
ROS1-42-0010,2017-09-28,0.19301211277583852,0.10179737090184192,-0.32061386961597543
ROS1-42-0009,2017-09-28,0.17933774512545078,0.15942585535940146,-0.2829398817279412
ROS1-37-0031,2017-04-12,0.22168311630608886,0.12655858277819462,-0.3580717445523638
ROS1-38-0004,2017-04-12,0.19881093708472924,0.08836257005950544,-0.33557587839062913
ROS1-43-0026,2017-04-12,0.6369433650888484,0.3881675926324776,-0.6209818516933947
ROS1-44-0000,2017-04-12,0.446116031704597,0.25750665445789356,-0.5053222254216968
ROS1-49-0001,2017-04-12,0.26839344410372895,0.14528318669776363,-0.3783279874494789
ROS1-50-0003,2017-04-12,0.4077856625513143,0.18632672461896518,-0.48122279713668875
ROS1-31-0033,2017-04-12,0.640594097546643,0.30423870871823033,-0.6237368361707477
ROS1-32-0029,2017-04-12,0.21387640177171652,0.10922683476589709,-0.30552516091406073
ROS1-37-0046,2017-04-12,0.19354208560025746,0.09647558766309126,-0.33163967733555766
ROS1-42-0009,2017-04-12,0.2706813506301371,0.11997619186370675,-0.39149145677554026
ROS1-43-0017,2017-04-12,0.44626137943097494,0.2688278727431521,-0.4840749630405475
ROS1-49-0002,2017-04-12,0.21354901666246412,0.0903041443597974,-0.364361503403981
ROS1-37-0031,2017-04-28,0.21724560749495275,0.13003689229239096,-0.3485595554839955
ROS1-38-0004,2017-04-28,0.2151747323130797,0.11945682939487429,-0.33946566184765065
ROS1-43-0026,2017-04-28,0.8494845819426717,0.7134446673025081,-0.7667770460038569
ROS1-44-0000,2017-04-28,0.6292131203082777,0.45188413569578845,-0.6178859299205959
ROS1-49-0001,2017-04-28,0.3606791117080397,0.217546754154838,-0.43075729314518557
ROS1-50-0003,2017-04-28,0.6239876773820758,0.42329610710208565,-0.6151811531287577
ROS1-31-0033,2017-04-28,0.7691047167006543,0.5558972294523883,-0.6997696672952943
ROS1-37-0046,2017-04-28,0.19152130777242105,0.10816935954486502,-0.3319332656180108
ROS1-42-0009,2017-04-28,0.39589504553512195,0.21840085959543318,-0.464878203147247
ROS1-43-0017,2017-04-28,0.4985855395282006,0.30797321972512,-0.5095141324677811
ROS1-49-0002,2017-04-28,0.2162679333890707,0.0999183562020373,-0.3597243123569122
ROS1-38-0004,2017-05-14,0.5669081129619075,0.41548085547547964,-0.538019395314132
ROS1-43-0026,2017-05-14,0.748085815311566,0.7220956295600386,-0.6804450080097274
ROS1-44-0000,2017-05-14,0.6326106407316437,0.5167115667094216,-0.595401219100117
ROS1-49-0001,2017-05-14,0.5613789636289351,0.36506661648499555,-0.5587950343902539
ROS1-50-0003,2017-05-14,0.7905047591417137,0.6299578431666865,-0.738573372267251
ROS1-49-0002,2017-05-14,0.22560699048366256,0.1134342717412681,-0.361296479965012
ROS1-37-0031,2017-05-30,0.27435202140920373,0.1866173531016462,-0.3940147755788759
ROS1-38-0004,2017-05-30,0.7775260781932922,0.6209807204769777,-0.6909833643451917
ROS1-43-0026,2017-05-30,0.8844125996778803,0.6436387845836475,-0.8154762762802219
ROS1-44-0000,2017-05-30,0.7885904787970869,0.6398520397731117,-0.7453214460007972
ROS1-50-0003,2017-05-30,0.8404944051149545,0.6787226871913837,-0.7821382897379773
ROS1-31-0033,2017-05-30,0.8135251937963763,0.7163232520289059,-0.762285755059505
ROS1-37-0046,2017-05-30,0.20979255465938132,0.11007632800758305,-0.34865853041175404
ROS1-42-0009,2017-05-30,0.7097966965092086,0.44154615086747856,-0.6768259706569829
ROS1-43-0017,2017-05-30,0.5324128848575609,0.3497208364772085,-0.5572433861660939
ROS1-37-0031,2017-06-15,0.29616766125465754,0.1741392421084201,-0.40730947650798066
ROS1-38-0004,2017-06-15,0.7431060950066253,0.4451018663398206,-0.6658077298113497
ROS1-43-0026,2017-06-15,0.7133481296085421,0.3567003597136699,-0.6799382157062902
ROS1-31-0033,2017-06-15,0.8626077895156374,0.6498851363203784,-0.7845343122156835
ROS1-37-0046,2017-06-15,0.19722531987424644,0.13864770225403575,-0.3351093381011333
ROS1-37-0031,2017-07-01,0.39472547153786425,0.26106465438849236,-0.4600241410612888
ROS1-43-0026,2017-07-01,0.29380932888132866,0.13634966668563273,-0.439181284034601
ROS1-49-0001,2017-07-01,0.5214059205481862,0.3085678030291849,-0.5646021186135507
ROS1-50-0003,2017-07-01,0.35550780887983774,0.19621747899066846,-0.5069757596467268
ROS1-31-0033,2017-07-01,0.4584764354933543,0.24964750376504674,-0.5593521382189387
ROS1-37-0046,2017-07-01,0.17407599017731537,0.11908655891989793,-0.3145268192968156
ROS1-43-0017,2017-07-01,0.3442474383783795,0.19224454352753656,-0.43779019372169214
ROS1-49-0002,2017-07-01,0.22984702893203104,0.1285252924673848,-0.35924586530385033
ROS1-37-0031,2017-07-17,0.26074408562977264,0.1696980639785924,-0.3889386635633869
ROS1-43-0026,2017-07-17,0.20079373381146293,0.1596194430945178,-0.3460323208157104
ROS1-44-0000,2017-07-17,0.21634583921420455,0.16668903291339915,-0.3718301884360087
ROS1-50-0003,2017-07-17,0.2915901052246028,0.15500444759920695,-0.4658304997769427
ROS1-37-0046,2017-07-17,0.21220946067218902,0.15214882127278007,-0.339971768389468
ROS1-42-0009,2017-07-17,0.19287145797197833,0.08848714645960704,-0.30075851120127006
ROS1-43-0017,2017-07-17,0.3078624588062407,0.1865067630240341,-0.4131104729349419
ROS1-37-0031,2017-08-02,0.25661963575019325,0.16045825632677507,-0.3808646889578676
ROS1-38-0004,2017-08-02,0.17833485474298097,0.12212111450809586,-0.3151309399456241
ROS1-43-0026,2017-08-02,0.18408646952171592,0.13154030081508158,-0.33003495183887616
ROS1-44-0000,2017-08-02,0.18723406059658934,0.13434421995235013,-0.341593268452343
ROS1-49-0001,2017-08-02,0.3247161130708226,0.18206467681930275,-0.48382542611183066
ROS1-50-0003,2017-08-02,0.19230232876505707,0.13221160314331323,-0.350426134952388
ROS1-31-0033,2017-08-02,0.2365476152720193,0.17263259432674674,-0.4017799487827924
ROS1-37-0046,2017-08-02,0.18366140658143723,0.10152636606603913,-0.32994521966338264
ROS1-42-0009,2017-08-02,0.167116963262837,0.11349647921284331,-0.314679450278308
ROS1-43-0017,2017-08-02,0.27279830905642893,0.1487630098680245,-0.38209302015030094
ROS1-49-0002,2017-08-02,0.19722410215496144,0.10107862831728626,-0.3522910998138663
ROS1-37-0031,2017-08-18,0.22057516933167085,0.1388038005447838,-0.35510619772261554
ROS1-38-0004,2017-08-18,0.16262534891956373,0.11572336373564761,-0.29740038133298347
ROS1-43-0026,2017-08-18,0.17914359779473168,0.08985477027331175,-0.31556124267220736
ROS1-44-0000,2017-08-18,0.16771705091341357,0.12354823094475252,-0.3239352275745856
ROS1-49-0001,2017-08-18,0.2784380342032186,0.16365445478551963,-0.44624148883242554
ROS1-50-0003,2017-08-18,0.170084028290324,0.12086692505166322,-0.326671807367716
ROS1-31-0033,2017-08-18,0.21940605097646712,0.16487613100440907,-0.3838118128071178
ROS1-37-0046,2017-08-18,0.16815620246040883,0.09498714289129404,-0.3096736800158162
ROS1-42-0009,2017-08-18,0.15305981837414767,0.09268663710244027,-0.30392737195852304
ROS1-43-0017,2017-08-18,0.2391805520509836,0.13823613247207017,-0.3601685284090107
ROS1-49-0002,2017-08-18,0.18359402108896317,0.09754037168062679,-0.33462686738010716
ROS1-37-0031,2017-09-03,0.24560011920604383,0.13902845652273266,-0.3655770164575718
ROS1-38-0004,2017-09-03,0.22010819611978324,0.11633448974603271,-0.33270573113021706
ROS1-43-0026,2017-09-03,0.18649930717454913,0.09078233228383688,-0.31943846962640743
ROS1-44-0000,2017-09-03,0.16686580918111418,0.11012091979136412,-0.30201407881131953
ROS1-49-0001,2017-09-03,0.28318231928566034,0.14755444727628908,-0.42827519558781274
ROS1-50-0003,2017-09-03,0.15034953301866452,0.09423711138156547,-0.2862190927178711
ROS1-31-0033,2017-09-03,0.20553004686229773,0.13151862870201994,-0.33650169248610734
ROS1-37-0046,2017-09-03,0.18281266096832657,0.10580024570520094,-0.31629511696312673
ROS1-43-0017,2017-09-03,0.32457782436154087,0.16497952865999027,-0.4060766929791896
ROS1-49-0002,2017-09-03,0.2091826233740576,0.11320302134516484,-0.35526006564951296
ROS1-37-0031,2017-09-19,0.3774138321639522,0.2250551368151832,-0.44186386716983284
ROS1-38-0004,2017-09-19,0.4882811117154218,0.31985212096515336,-0.5137664469539693
ROS1-43-0026,2017-09-19,0.21254423163997063,0.12224408383616804,-0.33477011755592906
ROS1-44-0000,2017-09-19,0.2597187252790899,0.16627690937599732,-0.3690316586714015
ROS1-49-0001,2017-09-19,0.36338663092057594,0.20983369939391996,-0.4757018461301678
ROS1-50-0003,2017-09-19,0.2155013050506225,0.13213844233365665,-0.3373381581032144
ROS1-31-0033,2017-09-19,0.2672457975168047,0.16314419715994682,-0.3876132414692256
ROS1-37-0046,2017-09-19,0.22175303587478642,0.11249493149397256,-0.33340120168089027
ROS1-42-0009,2017-09-19,0.18715107085736388,0.11508893703755144,-0.3197632225079319
ROS1-43-0017,2017-09-19,0.4830221426454838,0.26942425837764594,-0.49508213354450203
ROS1-49-0002,2017-09-19,0.18920684831107915,0.11690115155925856,-0.3359660604134241
ROS1-37-0031,2017-10-05,0.6089231524291553,0.4142878713879228,-0.5723540125249571
ROS1-38-0004,2017-10-05,0.43110937718659936,0.29175750998955313,-0.46676155448154943
ROS1-31-0033,2017-10-05,0.1974061963005616,0.09004463258198275,-0.3163047196187125
ROS1-37-0046,2017-10-05,0.33398446323364644,0.20469265848157409,-0.39738550015072105
ROS1-42-0009,2017-10-05,0.1897230672451983,0.11725913279999438,-0.3152967775197564
ROS1-30-0002,2017-04-12,0.2864749916752874,0.11673688002066104,-0.3773470967842322
ROS1-36-0007,2017-04-12,0.36300165746298807,0.21271755369367526,-0.44443963467211245
ROS1-42-0010,2017-04-12,0.22336649231566255,0.09726843275049807,-0.35163106683844453
ROS1-30-0015,2017-04-12,0.2177398531675412,0.1010805416536525,-0.32310032446005965
ROS1-36-0006,2017-04-12,0.2196800941209265,0.10273046184395622,-0.3362207917545741
ROS1-37-0046,2017-04-12,0.19373447277220476,0.09648016853353575,-0.33218485756564936
ROS1-42-0009,2017-04-12,0.2708241731537154,0.11996612151579567,-0.3919748019340989
ROS1-30-0002,2017-04-28,0.3888035015244935,0.223706016531408,-0.4341060393020936
ROS1-36-0007,2017-04-28,0.5649774068622578,0.392191785109306,-0.5688182462856256
ROS1-42-0010,2017-04-28,0.22134259938105533,0.10912753703769655,-0.34445356208295225
ROS1-30-0015,2017-04-28,0.21861120273736326,0.11296712233310942,-0.3338643608588577
ROS1-36-0006,2017-04-28,0.24216546324309055,0.13103731333609936,-0.348144205501613
ROS1-37-0046,2017-04-28,0.19258645252877485,0.10869884213493482,-0.3337018296918904
ROS1-42-0009,2017-04-28,0.39685713260415184,0.21874438395935303,-0.46655856107412075
ROS1-30-0002,2017-05-30,0.707264842393195,0.44609543665248635,-0.6608083638136457
ROS1-36-0007,2017-05-30,0.6667789769433362,0.4301345013272533,-0.6597344848544504
ROS1-42-0010,2017-05-30,0.6256116008093442,0.36983294414143036,-0.5752654242245343
ROS1-30-0015,2017-05-30,0.2284142578800565,0.13049605931764552,-0.34088595507751757
ROS1-36-0006,2017-05-30,0.6065429627441794,0.3804444303042273,-0.576380947003033
ROS1-37-0046,2017-05-30,0.21012166338835997,0.11010075498279782,-0.3513085702057114
ROS1-42-0009,2017-05-30,0.7083797569790027,0.44281411019189854,-0.6764951880049825
ROS1-30-0002,2017-06-15,0.7168232423426414,0.4270198370706299,-0.6469848752302297
ROS1-36-0007,2017-06-15,0.589498868194533,0.19605262203557972,-0.6138470387289598
ROS1-30-0015,2017-06-15,0.2825442117270798,0.12403281120826765,-0.38249261245956695
ROS1-37-0046,2017-06-15,0.1986263167518101,0.1392880010608333,-0.33672321296568286
ROS1-30-0002,2017-07-01,0.3810936622606361,0.21371052721362457,-0.4890479147200058
ROS1-36-0007,2017-07-01,0.24021320760786707,0.15013887100986292,-0.39896536480476336
ROS1-42-0010,2017-07-01,0.489891004532652,0.31690539515214494,-0.5178592135010184
ROS1-30-0015,2017-07-01,0.22521434203707438,0.11432533218969217,-0.3370066048208592
ROS1-36-0006,2017-07-01,0.3951561252036556,0.2395704012722877,-0.41792079975235435
ROS1-37-0046,2017-07-01,0.17362075051212258,0.1187006822217504,-0.3146672752979719
ROS1-42-0009,2017-07-01,0.3369111783861428,0.16320935768246855,-0.4673336798121332
ROS1-30-0002,2017-07-17,0.26735744723428767,0.2113582601685401,-0.40500592898619425
ROS1-36-0007,2017-07-17,0.1940946909284935,0.13910725278011513,-0.3485163533224436
ROS1-42-0010,2017-07-17,0.3284722305149132,0.2055069197397284,-0.4379237742208118
ROS1-30-0015,2017-07-17,0.19513400035083117,0.10178069030269468,-0.3125703431188207
ROS1-36-0006,2017-07-17,0.33866133229503664,0.1036065731972806,-0.45655333082640076
ROS1-37-0046,2017-07-17,0.2108919317482388,0.1513405785970066,-0.3401146925100082
ROS1-30-0002,2017-08-02,0.21116028068213344,0.15914895639250465,-0.35550041577363695
ROS1-36-0007,2017-08-02,0.1713738264491796,0.12164009851853151,-0.3219823023481594
ROS1-42-0010,2017-08-02,0.257341795577394,0.17928372725264016,-0.38146674239544043
ROS1-30-0015,2017-08-02,0.19415424607481988,0.09899083242195582,-0.3155368626282453
ROS1-36-0006,2017-08-02,0.26403998727945366,0.16293551753738247,-0.39865512061391545
ROS1-37-0046,2017-08-02,0.18449629672013365,0.10190560444845669,-0.33075938344652517
ROS1-42-0009,2017-08-02,0.16794525673995317,0.11385454923865884,-0.3156029614385018
ROS1-30-0002,2017-08-18,0.18568317049375263,0.14182394170301685,-0.3305730464680602
ROS1-36-0007,2017-08-18,0.17799493908027003,0.09817787575804872,-0.3224514988791831
ROS1-42-0010,2017-08-18,0.28205793941562074,0.12893336648084736,-0.5121861192791065
ROS1-30-0015,2017-08-18,0.18522250051022485,0.09504761292016627,-0.30509761500632493
ROS1-36-0006,2017-08-18,0.18766327897050913,0.09297552873626207,-0.30108011842780164
ROS1-37-0046,2017-08-18,0.16925741401003427,0.09556137341104531,-0.3107829722818365
ROS1-42-0009,2017-08-18,0.15436321023728264,0.09326561410164548,-0.3053457317825441
ROS1-30-0002,2017-09-03,0.3373706658268227,0.12888428952557562,-0.5615196374254314
ROS1-36-0007,2017-09-03,0.17811162769452388,0.11330153342826081,-0.31250833516947435
ROS1-42-0010,2017-09-03,0.22475404169557808,0.1339334662281857,-0.35589952083949244
ROS1-36-0006,2017-09-03,0.32317736670293795,0.12220405302809086,-0.551824925693867
ROS1-37-0046,2017-09-03,0.18350253462767055,0.10629754385278636,-0.31784267615994677
ROS1-42-0009,2017-09-03,0.12305488444950104,0.04769432512554306,-0.22839519808414813
ROS1-30-0002,2017-09-19,0.17981622907397876,0.11740800513944755,-0.31242039284058926
ROS1-36-0007,2017-09-19,0.25896773975681686,0.17388830281521125,-0.3657336500740788
ROS1-42-0010,2017-09-19,0.23856479025456948,0.1377073993068607,-0.3609088830535269
ROS1-30-0015,2017-09-19,0.18397162751816978,0.08875859531009257,-0.30193998195476696
ROS1-36-0006,2017-09-19,0.1849771764687344,0.08681944802003955,-0.2963774975971322
ROS1-37-0046,2017-09-19,0.22167674194985307,0.11245891557358564,-0.3329679110895652
ROS1-42-0009,2017-09-19,0.18734776695677446,0.11511113929224354,-0.3199290538419409
ROS1-30-0002,2017-10-05,0.1760288996411118,0.11592203966565258,-0.3142085862022403
ROS1-36-0007,2017-10-05,0.23147565663216232,0.16741241112330021,-0.3408494018917931
ROS1-42-0010,2017-10-05,0.17947975725110582,0.08985473802838537,-0.29879847236989704
ROS1-36-0006,2017-10-05,0.18355941305109494,0.08717737235539665,-0.2945541475369821
ROS1-42-0009,2017-10-05,0.18956801717295121,0.11748562946068843,-0.3150464775071537
ROS1-29-0003,2017-04-03,0.22851527891970733,0.07528346921294153,-0.29925759941005436
ROS1-29-0003,2017-05-05,0.23872607377043353,0.1140048458514908,-0.3187595598684214
ROS1-29-0003,2017-06-06,0.2678103589778288,0.09031112635843133,-0.3480185336308265
ROS1-29-0003,2017-06-22,0.2548032486107652,0.0892847671032255,-0.34023309565328996
ROS1-29-0003,2017-07-08,0.2542720571001928,0.09743947988089045,-0.30309584831422126
ROS1-29-0003,2017-07-24,0.27289999453459046,0.11486630783619423,-0.31996702952866296
ROS1-29-0003,2017-08-25,0.25097510211164187,0.08508644718387122,-0.314973092505564
ROS1-29-0003,2017-09-10,0.23104738586509055,0.09878257240239022,-0.2650245741545359
ROS1-29-0003,2017-09-26,0.2705672176583329,0.10362450104957333,-0.2706857578499578
ROS1-21-0003,2017-04-03,0.18274465718431354,0.06919543436931024,-0.24509006848394876
ROS1-27-0019,2017-04-03,0.20384602483127734,0.1023825461320177,-0.29463437314801066
ROS1-28-0002,2017-04-03,0.5670863724101816,0.29708944424503864,-0.5750770705092634
ROS1-29-0003,2017-04-03,0.22670129567010303,0.07503835352636493,-0.2972201139811873
ROS1-33-0020,2017-04-03,0.21594517899466414,0.08757149038992963,-0.2743623543151762
ROS1-27-0013,2017-04-03,0.19230042100721026,0.0787210036895563,-0.2703081759845014
ROS1-28-0015,2017-04-03,0.6517072420781884,0.36450503267532014,-0.6441103297910913
ROS1-33-0013,2017-04-03,0.514361728958842,0.2431515000632321,-0.5343543500139778
ROS1-21-0003,2017-05-05,0.21686177742882543,0.07796348139093007,-0.3011262747603034
ROS1-27-0019,2017-05-05,0.2757446939110774,0.15813207187206257,-0.36973994630148055
ROS1-28-0002,2017-05-05,0.8468920757672518,0.5851849288034527,-0.7723232675238505
ROS1-29-0003,2017-05-05,0.23971624411353426,0.11461406590512088,-0.32070257652317374
ROS1-33-0020,2017-05-05,0.25385730008083635,0.1103753085870693,-0.36088630052481196
ROS1-27-0013,2017-05-05,0.22400609295740817,0.09097496688486,-0.32633335685798576
ROS1-28-0015,2017-05-05,0.8124364694346915,0.5018242532869563,-0.7542141049431756
ROS1-33-0013,2017-05-05,0.8219504697615092,0.5500864733893289,-0.7472803500214863
ROS1-21-0003,2017-06-06,0.28133682616220257,0.12283657014674411,-0.3417985268750698
ROS1-27-0019,2017-06-06,0.6513268511648223,0.4420730247804345,-0.5969124598804776
ROS1-28-0002,2017-06-06,0.8827110947463022,0.6473130196779043,-0.7896419398729339
ROS1-29-0003,2017-06-06,0.26781036283041426,0.0903670397615488,-0.3482146606346822
ROS1-33-0020,2017-06-06,0.27811198832574724,0.1145642655942331,-0.38171334368343984
ROS1-27-0013,2017-06-06,0.3050374736917839,0.15851736064872618,-0.3728866777310527
ROS1-28-0015,2017-06-06,0.8482742447278053,0.5367938264109817,-0.779479257770242
ROS1-33-0013,2017-06-06,0.897506826735251,0.6770028618873997,-0.8230502246498924
ROS1-28-0002,2017-06-22,0.8728913772108338,0.650070366144479,-0.7892660345628785
ROS1-29-0003,2017-06-22,0.25555507057802324,0.08956358782500079,-0.34154669662993775
ROS1-27-0013,2017-06-22,0.2981721190245188,0.1532529403134452,-0.3147697130151087
ROS1-28-0015,2017-06-22,0.7396764564815563,0.40169950096279994,-0.6926421684921625
ROS1-33-0013,2017-06-22,0.8059591109909977,0.5884611112465122,-0.74688666678194
ROS1-21-0003,2017-07-08,0.7413175030525929,0.3969547345722141,-0.6378105789073107
ROS1-27-0019,2017-07-08,0.6433302233828422,0.43536596950087,-0.5986195593078827
ROS1-28-0002,2017-07-08,0.5017865865205458,0.2668992102132164,-0.5726872301552168
ROS1-29-0003,2017-07-08,0.2520721788477802,0.09742740849738675,-0.29956536444356346
ROS1-33-0020,2017-07-08,0.2674207259016563,0.11732972808331905,-0.38696197040001046
ROS1-27-0013,2017-07-08,0.21519008365875708,0.09824013670987394,-0.3178261679868374
ROS1-28-0015,2017-07-08,0.3178833576877593,0.12446370746785027,-0.49454711461503087
ROS1-33-0013,2017-07-08,0.277714522243584,0.2016943162461959,-0.3801879378975117
ROS1-21-0003,2017-07-24,0.7059238875912492,0.4469583579006759,-0.6343491743041957
ROS1-27-0019,2017-07-24,0.4663165705618802,0.2534391239881244,-0.5137897085807296
ROS1-29-0003,2017-07-24,0.27315686330928435,0.11504730598054665,-0.3201779127067386
ROS1-27-0013,2017-07-24,0.2601659734459647,0.14582705215511477,-0.33050243358410575
ROS1-21-0003,2017-08-09,0.518532626632249,0.2750196517055173,-0.5213339102623122
ROS1-27-0019,2017-08-09,0.3826311394459991,0.21208878927804897,-0.5173063917960861
ROS1-28-0002,2017-08-09,0.2077145239586094,0.11671303168797303,-0.3371499677734742
ROS1-33-0020,2017-08-09,0.23422234142921688,0.10308675909648678,-0.32389880451409053
ROS1-27-0013,2017-08-09,0.20421981716302057,0.09572679089861215,-0.3014621072911417
ROS1-28-0015,2017-08-09,0.2226261475460784,0.08545191627460831,-0.32114111460436406
ROS1-33-0013,2017-08-09,0.2035029268421365,0.160787161252394,-0.3511344007506862
ROS1-21-0003,2017-08-25,0.4353335054867094,0.21960539858599354,-0.4851972218098707
ROS1-27-0019,2017-08-25,0.3579000299391569,0.1882227280759135,-0.5062247371497863
ROS1-28-0002,2017-08-25,0.1806825347857598,0.09997513471034322,-0.31682568455756
ROS1-29-0003,2017-08-25,0.2775700129342101,0.08640910944493303,-0.35728479546689046
ROS1-33-0020,2017-08-25,0.2395840403083497,0.09841760308483283,-0.3363825938065215
ROS1-27-0013,2017-08-25,0.2281856110739804,0.07934213915024266,-0.3258746545470882
ROS1-28-0015,2017-08-25,0.20637127308870395,0.07278250066202274,-0.31643622479515054
ROS1-33-0013,2017-08-25,0.2016261604991033,0.15691598548982374,-0.3545071988391673
ROS1-21-0003,2017-09-10,0.4082032273192809,0.19801072733720979,-0.4434382398864623
ROS1-27-0019,2017-09-10,0.32610679306798984,0.13604644921084347,-0.385836066085406
ROS1-28-0002,2017-09-10,0.22589557623334144,0.10962709741613194,-0.32247091619404517
ROS1-29-0003,2017-09-10,0.23070156607004236,0.09876304834284541,-0.26440705783451685
ROS1-33-0020,2017-09-10,0.25175380422473753,0.11835534001238238,-0.3239157868708169
ROS1-27-0013,2017-09-10,0.2288172641115529,0.11123468211293487,-0.30194903834504966
ROS1-28-0015,2017-09-10,0.22922912159036782,0.08140742118511182,-0.2983742193013821
ROS1-33-0013,2017-09-10,0.23375131340309346,0.14852730070816098,-0.33100907653264683
ROS1-21-0003,2017-09-26,0.44228784962316187,0.23686610644636305,-0.49618205327666814
ROS1-27-0019,2017-09-26,0.23690340181352965,0.10403130371596084,-0.34998319786485377
ROS1-28-0002,2017-09-26,0.39068369359333577,0.22440384404778346,-0.42573943660493396
ROS1-29-0003,2017-09-26,0.27077645277816903,0.10358559032037241,-0.26938819432907185
ROS1-33-0020,2017-09-26,0.37593584725750734,0.15922901983158105,-0.4138165526759726
ROS1-27-0013,2017-09-26,0.21848327127767395,0.09153523636332811,-0.31058697884501113
ROS1-28-0015,2017-09-26,0.30768322467033116,0.11644274924331909,-0.364517636457343
ROS1-33-0013,2017-09-26,0.3804462910107538,0.24624946310390156,-0.4421811714894378
ROS1-19-0012,2017-04-03,0.204050371596082,0.07601134839298646,-0.30270182791419076
ROS1-20-0038,2017-04-03,0.1913224963936925,0.08960734032736599,-0.2946475841181845
ROS1-21-0003,2017-04-03,0.18423172673387572,0.06950828151883429,-0.24709545235511757
ROS1-25-0012,2017-04-03,0.20496443849241536,0.0863266169785121,-0.32294813067572176
ROS1-26-0018,2017-04-03,0.5975378210676033,0.32074927968625166,-0.5717721013494912
ROS1-30-0002,2017-04-03,0.2283947665384251,0.10371406177924768,-0.3556055743088514
ROS1-31-0022,2017-04-03,0.34716082387518765,0.1818022828702945,-0.4369222909977466
ROS1-32-0025,2017-04-03,0.21571310850009529,0.108479436306969,-0.3296541428532962
ROS1-37-0031,2017-04-03,0.2153560460773885,0.11698587066880207,-0.3532115762025827
ROS1-38-0004,2017-04-03,0.18642410697997208,0.09254506288689279,-0.32280055104340266
ROS1-25-0018,2017-04-03,0.384045811073486,0.1529806305141726,-0.43390809430732546
ROS1-26-0030,2017-04-03,0.18112984148227942,0.082093453483738,-0.28645857504151456
ROS1-27-0013,2017-04-03,0.1934764750048914,0.07943851836759068,-0.27149072417555986
ROS1-30-0015,2017-04-03,0.21184914846757025,0.07314731013935385,-0.34606065618338255
ROS1-31-0033,2017-04-03,0.4215442049596418,0.20441206529391628,-0.4808205807188141
ROS1-32-0029,2017-04-03,0.19072399284300665,0.08691852533168858,-0.30623491393006247
ROS1-36-0006,2017-04-03,0.2195552917090376,0.09069285399309396,-0.35510445537702906
ROS1-19-0018,2017-04-03,0.35259822367002386,0.13265040088930286,-0.3961760325225769
ROS1-25-0032,2017-04-03,0.24490964809097554,0.10537364293173501,-0.3551061338785736
ROS1-19-0012,2017-04-19,0.32539762038972286,0.16119453060658856,-0.3504462941675477
ROS1-25-0012,2017-04-19,0.4128992844799001,0.23137362198496084,-0.43529642167723825
ROS1-30-0002,2017-04-19,0.3328099678660373,0.17588292970706348,-0.3871830387865347
ROS1-25-0018,2017-04-19,0.7170105545456273,0.4920414098285997,-0.6488832917178184
ROS1-25-0032,2017-04-19,0.3580670005352929,0.20941359077959004,-0.4045928607830223
ROS1-19-0012,2017-05-05,0.5447004212317728,0.3166788352836859,-0.5067564750946056
ROS1-20-0038,2017-05-05,0.2607279611659309,0.13822835003751208,-0.3515530566518001
ROS1-21-0003,2017-05-05,0.2179460997705366,0.07792410285826323,-0.3046773518876209
ROS1-25-0012,2017-05-05,0.5193360070994111,0.30415270222954666,-0.4990159014115675
ROS1-26-0018,2017-05-05,0.8600090453128272,0.5932185601354879,-0.7746473496298697
ROS1-30-0002,2017-05-05,0.4838595258201564,0.2647571587613141,-0.5089352488486363
ROS1-31-0022,2017-05-05,0.7867445182933205,0.5800094959338188,-0.7185914331427196
ROS1-32-0025,2017-05-05,0.3930130291842923,0.23341602469911482,-0.44136935131010546
ROS1-37-0031,2017-05-05,0.2354018817375667,0.13879669514983173,-0.3656704071777545
ROS1-38-0004,2017-05-05,0.31396287462076855,0.17174722239967022,-0.40091128425000283
ROS1-25-0018,2017-05-05,0.8350632947082027,0.6146148568250347,-0.7472713890184214
ROS1-26-0030,2017-05-05,0.21070030871279846,0.08459637049001746,-0.32335728085949594
ROS1-27-0013,2017-05-05,0.22756278322557635,0.09230856463859588,-0.3316498197275245
ROS1-30-0015,2017-05-05,0.2377009697713991,0.10606783678576209,-0.34439895728981584
ROS1-31-0033,2017-05-05,0.826751174482477,0.5867801675986739,-0.7651424876298756
ROS1-32-0029,2017-05-05,0.23090823828604626,0.1036365775707826,-0.34233699543708473
ROS1-36-0006,2017-05-05,0.29818185951744436,0.1602735859552926,-0.38280205158954256
ROS1-19-0018,2017-05-05,0.5338899594053579,0.3175291043394463,-0.5305550039724182
ROS1-25-0032,2017-05-05,0.5339968606016898,0.291053677993574,-0.5442364377380927
ROS1-19-0012,2017-05-21,0.7908644520062982,0.5590903100199641,-0.6684889490271168
ROS1-20-0038,2017-05-21,0.37867196857094565,0.23366693745012895,-0.42054280726461096
ROS1-25-0012,2017-05-21,0.6886793072779617,0.4059456360803681,-0.6157861446207321
ROS1-26-0018,2017-05-21,0.8322492062947751,0.5282775322707247,-0.7405886433038564
ROS1-30-0002,2017-05-21,0.7120072937924159,0.40380558860499466,-0.6535079992575349
ROS1-31-0022,2017-05-21,0.8556921951986507,0.6035829394757444,-0.7710173460527673
ROS1-38-0004,2017-05-21,0.7498539259271887,0.46032364789551333,-0.6549370443913324
ROS1-25-0018,2017-05-21,0.8706541901436807,0.6474822132128284,-0.7761302327434136
ROS1-26-0030,2017-05-21,0.22118690026601365,0.10241619068639822,-0.31780763336900486
ROS1-30-0015,2017-05-21,0.2725142309330941,0.13104064876045832,-0.3681746969938319
ROS1-31-0033,2017-05-21,0.9036433447852243,0.6811553177699521,-0.8273544965795684
ROS1-32-0029,2017-05-21,0.2415144590764443,0.12377310812910115,-0.3304994263980505
ROS1-36-0006,2017-05-21,0.5911189323297653,0.3059374816103829,-0.5544014844425768
ROS1-19-0018,2017-05-21,0.7636663129464422,0.5520495863032653,-0.6846756348881922
ROS1-25-0032,2017-05-21,0.6150855656719316,0.3346819158734474,-0.6004345845504226
ROS1-19-0012,2017-06-06,0.7916099588913686,0.5580285195762393,-0.6950003412478528
ROS1-20-0038,2017-06-06,0.4319117476607057,0.2610980417229827,-0.46317037275689593
ROS1-21-0003,2017-06-06,0.28251066290937665,0.12278466055739555,-0.34458186444727096
ROS1-25-0012,2017-06-06,0.7141032133510333,0.4409912476324824,-0.6485937249158266
ROS1-26-0018,2017-06-06,0.838614031628659,0.5820605194744779,-0.7643117536633827
ROS1-30-0002,2017-06-06,0.6785514299343093,0.39889552228363284,-0.6567100804006207
ROS1-31-0022,2017-06-06,0.7855204056452663,0.5285550505432942,-0.7456121180276294
ROS1-32-0025,2017-06-06,0.6124478108850946,0.37571551931395625,-0.594518319734671
ROS1-37-0031,2017-06-06,0.2562606357068964,0.15560608190688646,-0.38613016843239173
ROS1-38-0004,2017-06-06,0.7514050399507614,0.5269581863806133,-0.6856231498706256
ROS1-25-0018,2017-06-06,0.853579850554401,0.6084579473270304,-0.784254166616776
ROS1-26-0030,2017-06-06,0.31816724669793095,0.15721819579373691,-0.39256470496934376
ROS1-27-0013,2017-06-06,0.3079378962436482,0.16070678991229684,-0.37516856108262236
ROS1-30-0015,2017-06-06,0.23230925419778156,0.10092085204936437,-0.3579448975701374
ROS1-31-0033,2017-06-06,0.8847773341068393,0.6493637010258096,-0.8321845423727439
ROS1-32-0029,2017-06-06,0.21698116942987278,0.10247035755077384,-0.33895296896851834
ROS1-36-0006,2017-06-06,0.6734828605575818,0.4140751072724084,-0.6324478098986716
ROS1-19-0018,2017-06-06,0.8184638610465529,0.6224092813056018,-0.7471162812280797
ROS1-25-0032,2017-06-06,0.560110577909296,0.30485841769921174,-0.5850537264904975
ROS1-19-0012,2017-06-22,0.5505557794573954,0.26226709999934067,-0.47751306385672593
ROS1-20-0038,2017-06-22,0.45269443231442835,0.25625123365879604,-0.47769067407171517
ROS1-26-0018,2017-06-22,0.7039515765943569,0.37400926286629055,-0.6551894931188934
ROS1-37-0031,2017-06-22,0.27799406706643254,0.1806125894377805,-0.3274890867844891
ROS1-38-0004,2017-06-22,0.5626271510463591,0.3520965979490791,-0.5495267380030647
ROS1-26-0030,2017-06-22,0.695877897527304,0.5099148062477811,-0.6244285509966356
ROS1-27-0013,2017-06-22,0.30618600240158117,0.15686074734959127,-0.32063555421860107
ROS1-30-0015,2017-06-22,0.3654428226718782,0.19324104097562303,-0.42218118897840423
ROS1-31-0033,2017-06-22,0.8332957420547304,0.5588173511870168,-0.7404599769286753
ROS1-32-0029,2017-06-22,0.40893051187292956,0.14345315245137588,-0.3926185535781902
ROS1-36-0006,2017-06-22,0.6760122034755015,0.40660366397201847,-0.6294598955478778
ROS1-21-0003,2017-07-08,0.7406931267717005,0.39805039200199577,-0.6390231212105569
ROS1-25-0012,2017-07-08,0.2442261972554893,0.18593207218193503,-0.37921284015168566
ROS1-30-0002,2017-07-08,0.3286786547130966,0.19280675807441744,-0.4679759902447992
ROS1-32-0025,2017-07-08,0.34333262557108807,0.22542772091465274,-0.4606228799337198
ROS1-27-0013,2017-07-08,0.21716316077234873,0.09932379656446104,-0.32148983632663536
ROS1-30-0015,2017-07-08,0.21954300789364595,0.12145891930417123,-0.3362820488370122
ROS1-32-0029,2017-07-08,0.2906510206852089,0.17010628747946446,-0.37303974703564596
ROS1-19-0018,2017-07-08,0.41006813124902824,0.24230839890720515,-0.5302198863819068
ROS1-19-0012,2017-07-24,0.32347211940295306,0.2125633422468023,-0.41913673048292543
ROS1-20-0038,2017-07-24,0.39249394052928754,0.20854089791294136,-0.42622679894508286
ROS1-21-0003,2017-07-24,0.6893958907172029,0.44410928618051754,-0.622959774662342
ROS1-25-0012,2017-07-24,0.247173197261706,0.15638242482316997,-0.3733652328742418
ROS1-26-0018,2017-07-24,0.24113167497665242,0.17887223165162414,-0.38705576202470315
ROS1-30-0002,2017-07-24,0.2624575232296259,0.17774831355023213,-0.39904333312046747
ROS1-31-0022,2017-07-24,0.25345199672111773,0.17740130650342276,-0.3865836881244679
ROS1-32-0025,2017-07-24,0.3265467100790804,0.1850267255097823,-0.43864903389605225
ROS1-37-0031,2017-07-24,0.25861812628766634,0.14914400080185983,-0.3843902261678134
ROS1-38-0004,2017-07-24,0.19124198740074758,0.12167972001048123,-0.3379708584510887
ROS1-25-0018,2017-07-24,0.2098015695741461,0.11188316862198937,-0.3300810103906603
ROS1-26-0030,2017-07-24,0.6644177783107201,0.4491741550890985,-0.6252557932513034
ROS1-27-0013,2017-07-24,0.25634388589366,0.14475690742949002,-0.32748523392699347
ROS1-30-0015,2017-07-24,0.1970970425824457,0.09604650998516574,-0.29315285464031865
ROS1-31-0033,2017-07-24,0.26834372280742735,0.18984182615492437,-0.41982056331901996
ROS1-32-0029,2017-07-24,0.22799112567764196,0.12115110275027124,-0.32068319850259597
ROS1-36-0006,2017-07-24,0.34807554825675213,0.1793324968298839,-0.4634225043402163
ROS1-19-0018,2017-07-24,0.30183406269237967,0.2046270893537408,-0.4317680065039678
ROS1-25-0032,2017-07-24,0.3668554282233223,0.25479977889765687,-0.45922224793317523
ROS1-19-0012,2017-08-09,0.27600081104718055,0.18310986965985815,-0.3942192597436078
ROS1-20-0038,2017-08-09,0.3879711482613352,0.23570941808121884,-0.450354048435834
ROS1-21-0003,2017-08-09,0.5194981187680475,0.2755751168472425,-0.5230649111322535
ROS1-25-0012,2017-08-09,0.2030560998000142,0.13551040230255862,-0.3267549993305485
ROS1-26-0018,2017-08-09,0.1718627351882039,0.12752736105733847,-0.27054637648810426
ROS1-30-0002,2017-08-09,0.20584997417054862,0.14754925991309628,-0.35348624966891884
ROS1-31-0022,2017-08-09,0.22115116955064068,0.16152101122069382,-0.3616611215292018
ROS1-32-0025,2017-08-09,0.2401227037836101,0.16275157564555162,-0.37735158510669614
ROS1-37-0031,2017-08-09,0.23979334334553687,0.14731646681505448,-0.36899589461130455
ROS1-38-0004,2017-08-09,0.1746143682753561,0.11908755526103712,-0.3102447740483142
ROS1-25-0018,2017-08-09,0.198781517574754,0.11000473147106761,-0.32535522635000397
ROS1-26-0030,2017-08-09,0.399539794783113,0.194970098670617,-0.5593759813114946
ROS1-27-0013,2017-08-09,0.20599233516695592,0.09658546188870215,-0.30371629844227765
ROS1-30-0015,2017-08-09,0.18478235839013996,0.09088816916637378,-0.3014527748300156
ROS1-31-0033,2017-08-09,0.22880911410165033,0.16577050529103532,-0.39330230947675615
ROS1-32-0029,2017-08-09,0.19710955751463557,0.10194927150611707,-0.3095979280728068
ROS1-36-0006,2017-08-09,0.21659367700150212,0.10680081284098114,-0.3393266757141102
ROS1-19-0018,2017-08-09,0.1875523592843347,0.10470896370354081,-0.2915143396651013
ROS1-25-0032,2017-08-09,0.284011925564529,0.1674190926197684,-0.392629290118117
ROS1-19-0012,2017-08-25,0.293739068991346,0.16850059216651025,-0.3974506374184791
ROS1-20-0038,2017-08-25,0.36829961689231716,0.21817297902826333,-0.43965033784444085
ROS1-21-0003,2017-08-25,0.4350705837258793,0.21999508369191845,-0.4860398462733568
ROS1-25-0012,2017-08-25,0.20956671320225617,0.12028242038507432,-0.3343172792849733
ROS1-26-0018,2017-08-25,0.1765373861337105,0.0968163013150297,-0.30381821085242033
ROS1-31-0022,2017-08-25,0.23560288660185394,0.16979488459144615,-0.36192995021501395
ROS1-32-0025,2017-08-25,0.26583762963469715,0.17021239085642884,-0.3905210965574712
ROS1-25-0018,2017-08-25,0.19983853587087297,0.10177701064827227,-0.3268925626450625
ROS1-26-0030,2017-08-25,0.31465627535436663,0.1574863268588848,-0.4165269493670393
ROS1-27-0013,2017-08-25,0.227722418709544,0.07990686008957948,-0.3240837098395462
ROS1-31-0033,2017-08-25,0.2376498369519396,0.1614435020647236,-0.39612878425774395
ROS1-32-0029,2017-08-25,0.19773183995805685,0.09113895424130167,-0.3100284293051924
ROS1-19-0018,2017-08-25,0.18896738895590087,0.09611170177877668,-0.29403210700795107
ROS1-25-0032,2017-08-25,0.2522105795977691,0.12305581856307915,-0.34798023281462215
ROS1-19-0012,2017-09-10,0.2082938613203081,0.08938739812289283,-0.2945524879589165
ROS1-20-0038,2017-09-10,0.39497667284205074,0.21996468395225857,-0.4452989795232229
ROS1-21-0003,2017-09-10,0.4095291495344748,0.19860878929705686,-0.4446605654078412
ROS1-25-0012,2017-09-10,0.21932666397576164,0.08793682724628786,-0.31051721626021533
ROS1-26-0018,2017-09-10,0.21421747315430706,0.11336238300724026,-0.3212755097373721
ROS1-30-0002,2017-09-10,0.19701372286051472,0.1201082044064778,-0.3251312798895686
ROS1-31-0022,2017-09-10,0.33448877087176515,0.20926220596926381,-0.42493594520038624
ROS1-32-0025,2017-09-10,0.3295400363493327,0.1854038378030488,-0.41075654089472335
ROS1-37-0031,2017-09-10,0.22005915107722074,0.12289742353072455,-0.34928329065336083
ROS1-38-0004,2017-09-10,0.3090276686925487,0.18613354211693478,-0.3882686122664728
ROS1-25-0018,2017-09-10,0.29660337171542334,0.17509359134162583,-0.37269388350770966
ROS1-26-0030,2017-09-10,0.3029449076781551,0.14850164587880046,-0.3816601985557387
ROS1-27-0013,2017-09-10,0.23169295165041742,0.11228645172931424,-0.30561552060515307
ROS1-30-0015,2017-09-10,0.1917826695460084,0.0905744612055505,-0.30534764100168965
ROS1-31-0033,2017-09-10,0.22358897752884982,0.129702484185836,-0.35069990450012767
ROS1-32-0029,2017-09-10,0.218969408983069,0.11852389550147704,-0.318748127604845
ROS1-36-0006,2017-09-10,0.19073774834888382,0.08691755974972933,-0.29796503322485635
ROS1-19-0018,2017-09-10,0.19197947513000282,0.09909195203496803,-0.28345077064065
ROS1-25-0032,2017-09-10,0.2220460330171657,0.09721703352876464,-0.33414651544861707
ROS1-19-0012,2017-09-26,0.18641563486581,0.08058349556630452,-0.2766216939006482
ROS1-20-0038,2017-09-26,0.34692470886377896,0.1972665417695756,-0.4251248162931354
ROS1-21-0003,2017-09-26,0.44138078632570205,0.23703265541069246,-0.4965701499234288
ROS1-25-0012,2017-09-26,0.19157872090971745,0.08101923338998497,-0.31063234049834826
ROS1-26-0018,2017-09-26,0.3585447320252696,0.17698226186244242,-0.4114732758448446
ROS1-30-0002,2017-09-26,0.17343571143785713,0.11033216880462321,-0.31009391426027316
ROS1-31-0022,2017-09-26,0.29600852364626434,0.18248169488332522,-0.41781319948686807
ROS1-32-0025,2017-09-26,0.271809181169416,0.1582260790706711,-0.3881016923221975
ROS1-37-0031,2017-09-26,0.5785400077097468,0.3662112915132823,-0.5715337479040185
ROS1-38-0004,2017-09-26,0.4994792560143616,0.3216221512910979,-0.5280810022928007
ROS1-25-0018,2017-09-26,0.23782720915843814,0.11532445582483516,-0.3448171094632149
ROS1-26-0030,2017-09-26,0.2272175474779756,0.10213161421584883,-0.3475593950001424
ROS1-27-0013,2017-09-26,0.2208196401364908,0.09258485347969729,-0.31461614437939145
ROS1-30-0015,2017-09-26,0.19387401650332273,0.08575291868396043,-0.31834385104494706
ROS1-31-0033,2017-09-26,0.19624520548888688,0.07760482666300159,-0.316331805638149
ROS1-32-0029,2017-09-26,0.23938434074474135,0.12025791795237542,-0.33464697020697204
ROS1-36-0006,2017-09-26,0.17902748881744227,0.07924505532294338,-0.29004238523586545
ROS1-19-0018,2017-09-26,0.18635303223356492,0.09399982249020859,-0.2807696441900226
ROS1-25-0032,2017-09-26,0.19790634582754596,0.08745947640518438,-0.319742794860211
ROS1-25-0012,2017-10-12,0.19669169460268274,0.08118813289770095,-0.3150078826798957
ROS1-37-0031,2017-10-12,0.7809857635989466,0.5996693030018319,-0.7135818827772046
ROS1-25-0018,2017-10-12,0.3591454717688393,0.18237881899916253,-0.42372338261134546
ROS1-36-0006,2017-10-12,0.19090822309619238,0.07586065240286416,-0.2940662084596429
ROS1-25-0032,2017-10-12,0.20040335799041356,0.08546680096027438,-0.32429924626776113
ROS1-18-0027,2017-04-03,0.4161686252530037,0.20252187920221168,-0.4388897336850153
ROS1-19-0012,2017-04-03,0.20346273334587137,0.07647624395175938,-0.301582752087106
ROS1-24-0030,2017-04-03,0.23179700985293475,0.12190979657822024,-0.36364525688715765
ROS1-30-0002,2017-04-03,0.2288548463168041,0.10423745599820902,-0.3549664148981534
ROS1-18-0014,2017-04-03,0.18045637219042693,0.07159179317732883,-0.24141037468190354
ROS1-24-0024,2017-04-03,0.6797621343530823,0.4278805677512287,-0.6457707442076356
ROS1-30-0015,2017-04-03,0.212051098033475,0.07347252162231128,-0.34459611665130835
ROS1-36-0006,2017-04-03,0.2199547569316192,0.09115878850451857,-0.35414182909957187
ROS1-19-0018,2017-04-03,0.36251055821322414,0.13308966101350408,-0.4093193938517761
ROS1-24-0018,2017-04-03,0.20600365676646062,0.09462858096556565,-0.3305697579666583
ROS1-25-0032,2017-04-03,0.24532447152741488,0.10590386586473846,-0.35426426625629887
ROS1-19-0012,2017-04-19,0.3175231400859112,0.15973974394916365,-0.34740091529228906
ROS1-30-0002,2017-04-19,0.3329806704642082,0.17609476200726526,-0.3867464807369565
ROS1-24-0024,2017-04-19,0.7946835458376202,0.662982101694343,-0.724568538867774
ROS1-24-0018,2017-04-19,0.22375960405630688,0.0984877261671,-0.3376696643011118
ROS1-25-0032,2017-04-19,0.48119520962205803,0.27835802389824205,-0.5054215684349878
ROS1-18-0027,2017-05-05,0.82807263999109,0.5766729166753967,-0.7551421941047335
ROS1-19-0012,2017-05-05,0.5427016648993004,0.316585922959195,-0.5047962668161532
ROS1-24-0030,2017-05-05,0.287095291527471,0.17778012305437282,-0.3840307296553352
ROS1-30-0002,2017-05-05,0.48462468353779664,0.2645971897115343,-0.509956717437678
ROS1-18-0014,2017-05-05,0.22017920011174838,0.1038119519127212,-0.27280248715831423
ROS1-24-0024,2017-05-05,0.8513124226902006,0.7040485968804059,-0.7725847974075954
ROS1-30-0015,2017-05-05,0.23646425756300476,0.10571072193441781,-0.3430922997477148
ROS1-36-0006,2017-05-05,0.29696598394560303,0.1601139582057947,-0.38135235921951954
ROS1-19-0018,2017-05-05,0.5291035595820964,0.31465350080008625,-0.5270594034404609
ROS1-24-0018,2017-05-05,0.21859418658120633,0.1251290899932059,-0.3276741112374997
ROS1-25-0032,2017-05-05,0.5305339810985815,0.2892035122405277,-0.5416135064409662
ROS1-18-0027,2017-05-21,0.9136603624281446,0.8165145054371649,-0.8106278584981209
ROS1-19-0012,2017-05-21,0.7935403083454193,0.5630800933665091,-0.6694179363812227
ROS1-30-0002,2017-05-21,0.7129305739742868,0.4056802063847822,-0.6531468705843995
ROS1-18-0014,2017-05-21,0.2443524476779105,0.13315097733138156,-0.2879052237521904
ROS1-24-0024,2017-05-21,0.8540646694344877,0.6140339355348776,-0.7628857123281406
ROS1-30-0015,2017-05-21,0.2748415829595421,0.1316647012512608,-0.3702324953810664
ROS1-36-0006,2017-05-21,0.5912918641533992,0.305557791024482,-0.554512958031339
ROS1-19-0018,2017-05-21,0.7623689294204593,0.551152837090875,-0.6836681233561628
ROS1-24-0018,2017-05-21,0.31402970228719984,0.3452545753775021,-0.3330548412769613
ROS1-25-0032,2017-05-21,0.6187283670904292,0.33701392045840745,-0.602730968869317
ROS1-18-0027,2017-06-06,0.8689977753701414,0.6897472263276555,-0.796374319238212
ROS1-19-0012,2017-06-06,0.7920746916154466,0.5585202685371703,-0.6953001874668331
ROS1-24-0030,2017-06-06,0.5060918283498859,0.34488015280953616,-0.514395308533369
ROS1-30-0002,2017-06-06,0.6780049362649556,0.3991496923169055,-0.6561346297979066
ROS1-18-0014,2017-06-06,0.4612942851887282,0.27268518610694087,-0.4457210712658618
ROS1-24-0024,2017-06-06,0.8074167477321366,0.6463309335376085,-0.7381646384736086
ROS1-30-0015,2017-06-06,0.23211704173571815,0.10093205945893056,-0.3577491408525368
ROS1-36-0006,2017-06-06,0.6748359639781981,0.4139739921420373,-0.6337712126712389
ROS1-19-0018,2017-06-06,0.8160280972831774,0.6214528737813475,-0.7453313872722503
ROS1-24-0018,2017-06-06,0.22226923047200092,0.11337161614046028,-0.33257708092306876
ROS1-25-0032,2017-06-06,0.5601574364163512,0.30448844115221957,-0.5853231649544982
ROS1-19-0012,2017-06-22,0.5431674788286537,0.27280360392860253,-0.4794054523070337
ROS1-18-0014,2017-06-22,0.8291480746121968,0.8189639531296065,-0.694411523794225
ROS1-30-0015,2017-06-22,0.36365411385292895,0.1926762785590819,-0.4212104056632559
ROS1-36-0006,2017-06-22,0.6795214677340023,0.40848934823356237,-0.6322475445757404
ROS1-18-0027,2017-07-08,0.4126595075872725,0.2211589003428649,-0.5521331049131927
ROS1-24-0030,2017-07-08,0.8931906860588797,0.42353544175188795,-0.7630835626519129
ROS1-30-0002,2017-07-08,0.32943990901727593,0.19390625750931131,-0.46813952284051674
ROS1-18-0014,2017-07-08,0.8941337079978249,0.9299714395195698,-0.7869198816954057
ROS1-30-0015,2017-07-08,0.22095318799520755,0.1233000421197799,-0.3369609520034267
ROS1-19-0018,2017-07-08,0.4125282200048376,0.24093406636367806,-0.5344131531573876
ROS1-18-0027,2017-07-24,0.2391298412213329,0.16066489540295792,-0.36343954389410643
ROS1-19-0012,2017-07-24,0.3236469315800295,0.2123478866993173,-0.41966906623294303
ROS1-24-0030,2017-07-24,0.7888801376186904,0.6194681049383364,-0.7032743178352654
ROS1-30-0002,2017-07-24,0.2629442064925901,0.1771439057784751,-0.40057857500432037
ROS1-18-0014,2017-07-24,0.7688338900455398,0.5697374289229407,-0.6951896259573738
ROS1-24-0024,2017-07-24,0.20888429811267167,0.13622721808908012,-0.33290271109351355
ROS1-30-0015,2017-07-24,0.1966229957447036,0.09599895627896092,-0.29261549497131456
ROS1-36-0006,2017-07-24,0.34854640849954865,0.17924283493735887,-0.46429573282344344
ROS1-19-0018,2017-07-24,0.3057569534643614,0.20339113696195085,-0.4339249259531795
ROS1-24-0018,2017-07-24,0.21205897224632259,0.10390601067508715,-0.3057902206346848
ROS1-25-0032,2017-07-24,0.36462011301905595,0.25326228813955903,-0.45723466817083647
ROS1-18-0027,2017-08-09,0.22787100953683964,0.15368839783278984,-0.3646211932209169
ROS1-19-0012,2017-08-09,0.27544670729710946,0.1830404867880442,-0.39405903496372585
ROS1-24-0030,2017-08-09,0.6316962743885377,0.4128505713482527,-0.572593741098886
ROS1-30-0002,2017-08-09,0.20555494562059415,0.14733553902473684,-0.3539528753388939
ROS1-18-0014,2017-08-09,0.49308729321585476,0.25761452720207323,-0.495148601521985
ROS1-24-0024,2017-08-09,0.20104276909789343,0.13613279736868383,-0.34410072658135205
ROS1-30-0015,2017-08-09,0.1843715201003322,0.0907542569993605,-0.30167859378732836
ROS1-36-0006,2017-08-09,0.2154834929516534,0.10699498364753399,-0.33781129516643804
ROS1-19-0018,2017-08-09,0.18695065533440325,0.10455107367369484,-0.2913728918981002
ROS1-24-0018,2017-08-09,0.1791810886737016,0.09225583009402544,-0.28420326999601053
ROS1-25-0032,2017-08-09,0.2824830163444349,0.16696073345996046,-0.3913537272313573
ROS1-18-0027,2017-08-25,0.20905919226793948,0.08351340539038633,-0.2864527994213181
ROS1-19-0012,2017-08-25,0.29599225281436875,0.1698099662054948,-0.39914213046130415
ROS1-18-0014,2017-08-25,0.44579789555259874,0.22237163166438095,-0.4900822659047186
ROS1-24-0024,2017-08-25,0.24657363317648856,0.1345871275834735,-0.3955479452054794
ROS1-19-0018,2017-08-25,0.19178199835389306,0.09711422519709657,-0.2971042147211331
ROS1-24-0018,2017-08-25,0.21169450876454202,0.09064327568899216,-0.2900237036498982
ROS1-25-0032,2017-08-25,0.2556144926944566,0.12404741131271085,-0.3513084834900956
ROS1-18-0027,2017-09-10,0.2000482657129098,0.08952138470304437,-0.28326593693238256
ROS1-19-0012,2017-09-10,0.2079557827433083,0.0895311534898078,-0.2942365576561906
ROS1-24-0030,2017-09-10,0.3298710688398789,0.16375021914452037,-0.4131427633085473
ROS1-30-0002,2017-09-10,0.19746220296905337,0.12024123444704062,-0.32649297266474464
ROS1-18-0014,2017-09-10,0.4210579213064665,0.1951409298941739,-0.415947089109716
ROS1-24-0024,2017-09-10,0.24523232993695437,0.15104783477522846,-0.35977709954648135
ROS1-30-0015,2017-09-10,0.1917879186264529,0.09079171475193874,-0.3055961519209924
ROS1-36-0006,2017-09-10,0.18988761778682062,0.0870727307943233,-0.29646661426489646
ROS1-19-0018,2017-09-10,0.19162961873049492,0.09915481434061164,-0.2834596885146982
ROS1-24-0018,2017-09-10,0.18992019221789397,0.0921399446834259,-0.2875321405022876
ROS1-25-0032,2017-09-10,0.2220217527107209,0.0973684441477324,-0.33455572469474465
ROS1-18-0027,2017-09-26,0.17665129538468471,0.07914187609056741,-0.2692571878981243
ROS1-19-0012,2017-09-26,0.1864025696602907,0.0809954651213789,-0.2754823516104232
ROS1-24-0030,2017-09-26,0.20948273479809956,0.11196874980357106,-0.3339570595260491
ROS1-30-0002,2017-09-26,0.1743793440627642,0.11081664453354638,-0.3115341199614289
ROS1-18-0014,2017-09-26,0.21006209364931816,0.09776633090268146,-0.2987670952114544
ROS1-24-0024,2017-09-26,0.27528750592166523,0.1715493308886528,-0.3850152827777436
ROS1-30-0015,2017-09-26,0.1939457370002587,0.08616583731690869,-0.31744359573893527
ROS1-36-0006,2017-09-26,0.17964450236358676,0.07970793750178622,-0.29021495775648765
ROS1-19-0018,2017-09-26,0.18691615504952858,0.09439274514438759,-0.28109061434479116
ROS1-24-0018,2017-09-26,0.1788939385142604,0.08522384994491104,-0.27998557055297923
ROS1-25-0032,2017-09-26,0.19909541336889675,0.08783050132217363,-0.3213362802721575
ROS1-18-0027,2017-10-12,0.17516809302910671,0.0732125730388922,-0.2642573165695055
ROS1-24-0030,2017-10-12,0.20878480964830592,0.111929902692526,-0.34428105451213603
ROS1-18-0014,2017-10-12,0.217712986058647,0.10503716399327281,-0.2991663928826
ROS1-24-0024,2017-10-12,0.2117322652909193,0.11599439226454278,-0.33794733547722144
ROS1-36-0006,2017-10-12,0.1895969220138751,0.07577156888887923,-0.29327861138385003
ROS1-24-0018,2017-10-12,0.17785003846299435,0.07981558585004075,-0.2762954968836765
ROS1-25-0032,2017-10-12,0.19868374027463379,0.08504423448473515,-0.3235881350105577
ROS1-28-0002,2017-04-10,0.606052180101838,0.3336624001450182,-0.5883525996119058
ROS1-28-0015,2017-04-10,0.6736778520884111,0.38179255321689126,-0.6439692219826916
ROS1-22-0014,2017-04-26,0.5072286520151134,0.19727076062463683,-0.47756662751465195
ROS1-28-0002,2017-04-26,0.7520018427482229,0.41062394498158133,-0.7040095453283688
ROS1-29-0003,2017-04-26,0.22730464589742816,0.0972361965326267,-0.309294407553095
ROS1-28-0015,2017-04-26,0.7410120955490562,0.3806819407153399,-0.7023279438805116
ROS1-29-0005,2017-04-26,0.2610291514971746,0.13384058477553124,-0.3529597165011318
ROS1-22-0014,2017-05-12,0.6474023404715646,0.36191750618643237,-0.5300415860930261
ROS1-29-0003,2017-05-12,0.27948555230304495,0.15865295745651223,-0.32441804435371496
ROS1-22-0014,2017-05-28,0.7559442523677699,0.4431412244888672,-0.6793928729655091
ROS1-28-0002,2017-05-28,0.8850588022775581,0.7675827258080612,-0.7878074465693853
ROS1-29-0005,2017-05-28,0.4937454239003457,0.2635329184521548,-0.4755833735797553
ROS1-29-0003,2017-06-13,0.29313253883005697,0.14707576119201746,-0.33156344468362603
ROS1-28-0002,2017-06-29,0.8194031766525106,0.5072960493599501,-0.7453528260614539
ROS1-29-0003,2017-06-29,0.4010264466434693,0.13321973885668506,-0.34464541193469234
ROS1-22-0014,2017-07-15,0.3390208572798317,0.16329152549966802,-0.4605654706067548
ROS1-28-0002,2017-07-15,0.36673006116762985,0.17605765986416946,-0.5356328323444575
ROS1-29-0003,2017-07-15,0.27507966994430444,0.0889749051002733,-0.35025102821635584
ROS1-29-0005,2017-07-15,0.27487161265637083,0.10373711427738415,-0.3627726130580623
ROS1-22-0014,2017-08-16,0.2766133339379107,0.1876864997890022,-0.41177620263785353
ROS1-28-0002,2017-08-16,0.17253857472940315,0.09612626317626322,-0.3087592443718243
ROS1-29-0003,2017-08-16,0.25883985464676723,0.08308848186748129,-0.34574890385204754
ROS1-29-0005,2017-08-16,0.23423662857129926,0.09769556334901232,-0.3213557247302115
ROS1-22-0014,2017-09-17,0.3159364320325941,0.167803875769877,-0.41466851538359784
ROS1-28-0002,2017-09-17,0.29816427115516114,0.14977681087062092,-0.36961591614605205
ROS1-29-0003,2017-09-17,0.28989155432702624,0.07785644044079926,-0.3979639938986752
ROS1-29-0005,2017-09-17,0.2839620799621029,0.10152873216489847,-0.3674973702623961
ROS1-28-0002,2017-10-03,0.22848433655433334,0.06447041124237471,-0.31821418788681927
ROS1-28-0015,2017-10-03,0.3760161754214442,0.12788206549395195,-0.4340267456063813
ROS1-29-0005,2017-10-03,0.5791536504512415,0.15883654831485522,-0.503617711031156
ROS1-28-0002,2017-10-19,0.2065887905794316,0.08587788297349398,-0.2933572062240114
ROS1-28-0002,2017-04-10,0.6039498696115716,0.3336593341340587,-0.585117294815536
ROS1-21-0010,2017-04-10,0.19903934323052438,0.08827290138988986,-0.2746460809490728
ROS1-22-0022,2017-04-10,0.2121663943450235,0.0920095649939462,-0.3020074095523781
ROS1-28-0015,2017-04-10,0.674919500419551,0.38185432784111734,-0.6436117439974158
ROS1-15-0025,2017-04-10,0.349199588355923,0.11361210564042104,-0.32030217188949917
ROS1-22-0002,2017-04-10,0.2237776332245673,0.11358327127424261,-0.256115745969565
ROS1-22-0014,2017-04-26,0.5052971613194285,0.19712573952077184,-0.4778219412169174
ROS1-26-0018,2017-04-26,0.8476164795830691,0.5217994098025318,-0.7491626450035188
ROS1-28-0002,2017-04-26,0.7512159154455452,0.41081008448132567,-0.7040560027429457
ROS1-15-0013,2017-04-26,0.21557774250474762,0.12745836423506093,-0.3199757375531384
ROS1-22-0022,2017-04-26,0.2296322644692098,0.11418038579940669,-0.3435635990370817
ROS1-26-0030,2017-04-26,0.20126976579425884,0.11412268546681555,-0.3119814032932579
ROS1-28-0015,2017-04-26,0.7384927209667563,0.3798377296857453,-0.7012509521338557
ROS1-15-0025,2017-04-26,0.19277981731960686,0.1200284184988342,-0.2396618131074782
ROS1-22-0002,2017-04-26,0.22173005373092186,0.07355924284044028,-0.28866691594778116
ROS1-21-0003,2017-05-12,0.22515746204570997,0.07736208525304022,-0.2989950448347394
ROS1-22-0014,2017-05-12,0.6783914021531704,0.36524398222333687,-0.5523412139985673
ROS1-26-0018,2017-05-12,0.8861225722539693,0.6307797705372792,-0.7902423590948635
ROS1-26-0030,2017-05-12,0.3354895962467252,0.21817456659464982,-0.36939034626049416
ROS1-27-0013,2017-05-12,0.2493301094629353,0.1275129572172963,-0.3370886576774308
ROS1-21-0003,2017-05-28,0.22155002596062015,0.07965519516905202,-0.2794341281873638
ROS1-22-0014,2017-05-28,0.7662315328691833,0.45564898740740456,-0.689892812013557
ROS1-26-0018,2017-05-28,0.8381992818368305,0.6460880525780215,-0.7529567640450446
ROS1-27-0019,2017-05-28,0.554321595381105,0.38469018631082535,-0.5359275280704823
ROS1-28-0002,2017-05-28,0.893777059527615,0.776949881615689,-0.7954671671389267
ROS1-33-0020,2017-05-28,0.35986873392954405,0.1575123016390759,-0.43962390889894126
ROS1-21-0010,2017-05-28,0.8824998107091675,0.7041648713016146,-0.759365248142144
ROS1-26-0030,2017-05-28,0.2598213869142695,0.11810890983563886,-0.36035126918353433
ROS1-27-0013,2017-05-28,0.28190295272531785,0.13365224613857624,-0.365322508446595
ROS1-28-0015,2017-05-28,0.7713245645638919,0.5415625939505174,-0.6929091309873725
ROS1-15-0025,2017-05-28,0.2446167369930472,0.09764793702462188,-0.3205685351614015
ROS1-21-0037,2017-05-28,0.3147479501935301,0.19932184721587903,-0.37519231111878754
ROS1-22-0002,2017-05-28,0.351013052380758,0.15490656514809048,-0.38790823369460936
ROS1-26-0018,2017-06-13,0.8730705437102265,0.4844105517843797,-0.7386195787846557
ROS1-27-0019,2017-06-13,0.7549221242739391,0.44822725687200055,-0.6223527917174861
ROS1-33-0020,2017-06-13,0.2915171274172264,0.14979877865183414,-0.35174476094822865
ROS1-26-0030,2017-06-13,0.5390251770139294,0.2485665685708582,-0.5083464357104992
ROS1-21-0003,2017-06-29,0.6160550661783935,0.325119037057482,-0.5722267045273149
ROS1-26-0018,2017-06-29,0.460251191419291,0.22735269209327688,-0.5795792871261707
ROS1-27-0019,2017-06-29,0.7559311980477452,0.5052772673736972,-0.6801959276765961
ROS1-28-0002,2017-06-29,0.8159398264192761,0.5069917518812612,-0.7431237271025587
ROS1-33-0020,2017-06-29,0.3310592272221705,0.2050769272578933,-0.39123140397569006
ROS1-15-0013,2017-06-29,0.24729008408894146,0.11518655871064591,-0.33682528353585733
ROS1-21-0010,2017-06-29,0.8240543929560651,0.6455326938557258,-0.7202016766120721
ROS1-22-0022,2017-06-29,0.8068541839115199,0.6694662021886646,-0.7070382927575654
ROS1-26-0030,2017-06-29,0.82859745410339,0.7082277342390816,-0.7327797548317287
ROS1-27-0013,2017-06-29,0.23438898215926865,0.09815413571801125,-0.3414329642422547
ROS1-28-0015,2017-06-29,0.5016195134296191,0.21679827828218087,-0.5784275574666116
ROS1-15-0025,2017-06-29,0.7837415751737833,0.5657337244637776,-0.6840320625463907
ROS1-21-0037,2017-06-29,0.5375260224261481,0.3229115638283987,-0.5336545046308839
ROS1-21-0003,2017-07-15,0.699785125973884,0.4042399463258565,-0.6382031272293094
ROS1-22-0014,2017-07-15,0.33554128317538034,0.1637824018927196,-0.4566156330142472
ROS1-26-0018,2017-07-15,0.3279754924503975,0.15203440757560696,-0.4981479669583021
ROS1-27-0019,2017-07-15,0.6307500989391516,0.36628989255332495,-0.6159302311358489
ROS1-28-0002,2017-07-15,0.3644781069177147,0.17512464384679216,-0.5349449179143667
ROS1-33-0020,2017-07-15,0.26076262106579656,0.10736721662800815,-0.377453037231242
ROS1-21-0010,2017-07-15,0.300209954917571,0.2188231453780499,-0.43275550591479606
ROS1-22-0022,2017-07-15,0.8224409997299951,0.648991804958315,-0.7214461813849895
ROS1-26-0030,2017-07-15,0.7841035451179443,0.5379516442924934,-0.7158053131166884
ROS1-27-0013,2017-07-15,0.25630555029466595,0.08903459734109809,-0.3488225965144116
ROS1-28-0015,2017-07-15,0.27378003965616615,0.1138078524488809,-0.4232802886672331
ROS1-15-0025,2017-07-15,0.8532609053861839,0.7536850850873034,-0.7482723685266555
ROS1-21-0037,2017-07-15,0.7165344584638307,0.514224909864716,-0.6498824129039769
ROS1-22-0002,2017-07-15,0.7500429159734614,0.47345898180571866,-0.6686682646355547
ROS1-22-0014,2017-08-16,0.2781422841903257,0.18893245799072936,-0.4132157186161216
ROS1-26-0018,2017-08-16,0.16813693383031864,0.0935727349919594,-0.2962711076579872
ROS1-27-0019,2017-08-16,0.36101469609795667,0.19662890333891872,-0.5122553121709137
ROS1-28-0002,2017-08-16,0.17390639982960837,0.09677778509727085,-0.31025242247523127
ROS1-33-0020,2017-08-16,0.22567396210752863,0.11643236184917996,-0.2881011623420057
ROS1-15-0013,2017-08-16,0.21636493838542617,0.1038220297901711,-0.3073848764220184
ROS1-21-0010,2017-08-16,0.2099429918588504,0.13279498707273552,-0.3467013458485525
ROS1-22-0022,2017-08-16,0.42583084148899625,0.2625700876718182,-0.5315731558500817
ROS1-26-0030,2017-08-16,0.33256064466875923,0.17028750442892682,-0.4350563938858663
ROS1-27-0013,2017-08-16,0.2207696379275438,0.11649087402478187,-0.3138184325726757
ROS1-28-0015,2017-08-16,0.19342130204528782,0.0684788922461645,-0.30716048517065747
ROS1-15-0025,2017-08-16,0.638254854288013,0.37168033912217874,-0.5702334916386993
ROS1-22-0002,2017-08-16,0.5509194124819695,0.32696919319514267,-0.5500085844902413
ROS1-27-0019,2017-09-01,0.5521385338921949,0.14624684575493135,-0.7083284353559006
ROS1-26-0030,2017-09-01,0.35702618376181355,0.15274504134519648,-0.4485135000729409
ROS1-21-0003,2017-09-17,0.42371215733659756,0.20198274171732658,-0.4739932309212905
ROS1-22-0014,2017-09-17,0.31608526810448684,0.16792238251573097,-0.4151457398516319
ROS1-26-0018,2017-09-17,0.23019556513272044,0.10120334525704644,-0.33469402355767447
ROS1-27-0019,2017-09-17,0.2921524671546465,0.11638826237758708,-0.39498305460890654
ROS1-28-0002,2017-09-17,0.2980952518373685,0.14973780283113103,-0.3701333971986941
ROS1-33-0020,2017-09-17,0.26747770096759554,0.09011491561198023,-0.37915203905281875
ROS1-15-0013,2017-09-17,0.31946720291614567,0.1293683262354568,-0.3733453905314686
ROS1-21-0010,2017-09-17,0.30885779213372944,0.15211619858263925,-0.38375735543468026
ROS1-22-0022,2017-09-17,0.2387352919161886,0.1200749354171523,-0.36950233860724446
ROS1-26-0030,2017-09-17,0.3066188184357108,0.17629760366786448,-0.42302863431987364
ROS1-27-0013,2017-09-17,0.2315307686607812,0.08749257082376773,-0.3366507366573278
ROS1-28-0015,2017-09-17,0.24160183715650688,0.08214765524892213,-0.3259135310914525
ROS1-15-0025,2017-09-17,0.36602119735092936,0.13896818666612337,-0.43082884463930887
ROS1-21-0037,2017-09-17,0.33028336100493194,0.14437857926630196,-0.40141897424094036
ROS1-22-0002,2017-09-17,0.3198898641147159,0.14797652894410057,-0.4473729065871743
ROS1-26-0018,2017-10-03,0.33859044532608984,0.21363728113005687,-0.3991528386981741
ROS1-28-0002,2017-10-03,0.21589446975692897,0.07099364557978022,-0.30922583023561684
ROS1-26-0030,2017-10-03,0.21261756896175457,0.10856229215485574,-0.33162667627600084
ROS1-27-0013,2017-10-03,0.2695312978327043,0.11618760086407075,-0.35044188731500236
ROS1-15-0025,2017-10-03,0.31007208538301817,0.16642251468250738,-0.4481178771353423
ROS1-21-0037,2017-10-03,0.2948708925752831,0.13184504491717375,-0.3939361840571345
ROS1-22-0002,2017-10-03,0.2897651150451405,0.15197758588257076,-0.4455614056988064
ROS1-21-0003,2017-10-19,0.2508153180670898,0.08369708917630862,-0.2988174328733786
ROS1-26-0018,2017-10-19,0.40313890104480227,0.18177611298842097,-0.382505194129227
ROS1-27-0019,2017-10-19,0.23917366499586562,0.09551657911777467,-0.3198079642321986
ROS1-28-0002,2017-10-19,0.2075484900408586,0.08568745195564935,-0.29648886352912274
ROS1-33-0020,2017-10-19,0.5815978777891105,0.2745507477497777,-0.540733580593171
ROS1-15-0013,2017-10-19,0.7914011787651987,0.5157925839784963,-0.7051608547306614
ROS1-21-0010,2017-10-19,0.29819365859969205,0.12992979564105403,-0.37463859446167225
ROS1-22-0022,2017-10-19,0.2400801471695859,0.10505217954021086,-0.3416581949680056
ROS1-26-0030,2017-10-19,0.17759849536169933,0.06508740267243188,-0.22365007288592767
ROS1-27-0013,2017-10-19,0.4922988332969128,0.20102139838580257,-0.46165055295649965
ROS1-15-0025,2017-10-19,0.2681652235664868,0.09470132915297902,-0.35215599846349965
ROS1-21-0037,2017-10-19,0.22900278683878167,0.08264189204587082,-0.30325969485057797
ROS1-22-0002,2017-10-19,0.25514866982424295,0.09805266695106929,-0.3631698833399791
ROS1-21-0003,2017-04-10,0.25602727113334417,0.11671409110704158,-0.33913149374903295
ROS1-14-0009,2017-04-10,0.31735505977015693,0.16490641585823904,-0.32595194776302916
ROS1-19-0012,2017-04-26,0.33687752347394906,0.150061462973103,-0.3932099977453859
ROS1-20-0038,2017-04-26,0.24070361670321846,0.12485105395329547,-0.34342394870690257
ROS1-26-0018,2017-04-26,0.8531623003097712,0.5181916172848559,-0.7551436365826695
ROS1-07-0020,2017-04-26,0.7654273396196789,0.5014667522358784,-0.6927623473699355
ROS1-13-0000,2017-04-26,0.8737095818499846,0.5720217153601128,-0.7830753183699853
ROS1-18-0014,2017-04-26,0.20036047987483874,0.08855765102759156,-0.2756208571836165
ROS1-19-0004,2017-04-26,0.4198658684534164,0.24266556115227528,-0.4741593835643441
ROS1-20-0017,2017-04-26,0.39815330543389116,0.19848790720468612,-0.43791503475387533
ROS1-07-0031,2017-04-26,0.7868385813534637,0.5940689763518584,-0.7251495593679272
ROS1-13-0020,2017-04-26,0.369745504216411,0.18298153368894918,-0.39946565052448924
ROS1-14-0031,2017-04-26,0.3730845195390404,0.20558666878569243,-0.4412435662401392
ROS1-19-0018,2017-04-26,0.5079090594682683,0.20890339963631824,-0.5006846710022241
ROS1-20-0026,2017-04-26,0.7907920706692865,0.4407527622467579,-0.7252926724398825
ROS1-19-0012,2017-05-12,0.72056570571275,0.44541204943922363,-0.6136262065639813
ROS1-20-0038,2017-05-12,0.28971756827854367,0.1942229205876756,-0.3571591358908135
ROS1-21-0003,2017-05-12,0.22896578516621802,0.07761762117524659,-0.3069418974276022
ROS1-26-0018,2017-05-12,0.8849740346035317,0.6286454148545896,-0.7905669287673112
ROS1-07-0020,2017-05-12,0.835378086270912,0.6023163730936639,-0.7483641441936503
ROS1-13-0000,2017-05-12,0.9125173609368115,0.8315003234208889,-0.8319933232701715
ROS1-14-0009,2017-05-12,0.8206537916202561,0.5435244636841737,-0.7068063662482098
ROS1-18-0014,2017-05-12,0.22807391788220613,0.08946201835715578,-0.2970818923099246
ROS1-19-0004,2017-05-12,0.5893224637508337,0.35888128306422873,-0.5581019322646341
ROS1-20-0017,2017-05-12,0.4710808779316662,0.2676967112783546,-0.4921621457837599
ROS1-26-0030,2017-05-12,0.32245552986153725,0.20424685075081703,-0.3598893624499428
ROS1-07-0031,2017-05-12,0.8185082226873106,0.7225644510648486,-0.7602405070026245
ROS1-13-0020,2017-05-12,0.6948705078715286,0.4154536607561945,-0.5996348225070575
ROS1-19-0018,2017-05-12,0.6359120570484642,0.35458828763850986,-0.6054689601046113
ROS1-20-0026,2017-05-12,0.8644722663175551,0.5473113312082538,-0.7835380004341006
ROS1-19-0012,2017-05-28,0.8163927245353086,0.5485069877034414,-0.7050671752232118
ROS1-21-0003,2017-05-28,0.21934765751800317,0.07396674210298916,-0.273476028922181
ROS1-26-0018,2017-05-28,0.8414279929367733,0.647910345245847,-0.7570326221421948
ROS1-07-0020,2017-05-28,0.7778196206013714,0.6570742841793005,-0.6801775924802639
ROS1-13-0000,2017-05-28,0.8578697527371507,0.8264851704505433,-0.7887857973238261
ROS1-14-0009,2017-05-28,0.8310789836352448,0.6311619717373369,-0.7347292746847696
ROS1-18-0014,2017-05-28,0.28781574743515326,0.14481168482059956,-0.31876255201262566
ROS1-20-0017,2017-05-28,0.5087629051834167,0.33539349339583935,-0.5159702339437985
ROS1-26-0030,2017-05-28,0.26050827854815517,0.11783038512418566,-0.36368236977589374
ROS1-07-0031,2017-05-28,0.8319150352383572,0.6979496064803563,-0.7633380005673708
ROS1-13-0020,2017-05-28,0.8905188831921589,0.7826297087869071,-0.7444201238514715
ROS1-19-0018,2017-05-28,0.7977777073560325,0.5901380518113253,-0.7272661884425834
ROS1-20-0026,2017-05-28,0.7957443616455148,0.5806314334183303,-0.731202636221097
ROS1-26-0018,2017-06-13,0.872242304390499,0.4834580324516481,-0.7395992118147356
ROS1-21-0003,2017-06-29,0.6205923587992198,0.3246849301086802,-0.5766419559341891
ROS1-26-0018,2017-06-29,0.4643546072974164,0.2280551678277101,-0.5832121669259289
ROS1-08-0025,2017-06-29,0.7999459991660561,0.6436307644619439,-0.7147550574836499
ROS1-14-0009,2017-06-29,0.4481226134643202,0.2274595261783154,-0.5358428346112716
ROS1-18-0014,2017-06-29,0.8915520626838755,0.8791834167497357,-0.7818229553200259
ROS1-19-0004,2017-06-29,0.7278252618831927,0.47572406309916826,-0.6409520252852376
ROS1-20-0017,2017-06-29,0.7320596844648333,0.4734437547839018,-0.6768891886830031
ROS1-26-0030,2017-06-29,0.8312572896049336,0.7079016237878908,-0.7351124194670685
ROS1-14-0031,2017-06-29,0.731994601185743,0.4695197772546092,-0.6598027022497862
ROS1-20-0026,2017-06-29,0.44112204198172145,0.2229714701423724,-0.5457066550956199
ROS1-19-0012,2017-07-15,0.2941762708071705,0.22825015350400313,-0.4217947377635954
ROS1-20-0038,2017-07-15,0.4259256503253611,0.2550210649580578,-0.4907683000681672
ROS1-21-0003,2017-07-15,0.6995840814322064,0.4016694122975168,-0.6398125690528529
ROS1-26-0018,2017-07-15,0.32744514935091,0.1520241727093366,-0.4982596663248259
ROS1-07-0020,2017-07-15,0.35563450498576515,0.2029380833588229,-0.4336285522082113
ROS1-08-0025,2017-07-15,0.8377203321064877,0.7315576326658548,-0.7468863966808268
ROS1-13-0000,2017-07-15,0.3139920099045457,0.17948467391033435,-0.47082925214816307
ROS1-18-0014,2017-07-15,0.7988295850452476,0.688954267150093,-0.7377823057733078
ROS1-19-0004,2017-07-15,0.6741969511557601,0.4294201895505607,-0.6133987314009504
ROS1-26-0030,2017-07-15,0.7836163531098781,0.537619940162645,-0.7163057798674863
ROS1-07-0031,2017-07-15,0.37462791694844344,0.24992181152036255,-0.47775974931623877
ROS1-13-0020,2017-07-15,0.2662409577341621,0.1307853351654537,-0.3526621924869361
ROS1-14-0031,2017-07-15,0.6607553227095344,0.4245806214528737,-0.6098074809726707
ROS1-19-0018,2017-07-15,0.3084703634913041,0.2505169604464638,-0.4621690181117817
ROS1-20-0026,2017-07-15,0.32145802786235206,0.1618428126898519,-0.4777236538841585
ROS1-19-0012,2017-07-31,0.29993253164848827,0.19338247399825662,-0.41516934871896655
ROS1-07-0020,2017-07-31,0.36595662102010534,0.24108851047832452,-0.4688404798757588
ROS1-13-0000,2017-07-31,0.28562395617838443,0.13313058050861715,-0.44316757230906145
ROS1-18-0014,2017-07-31,0.7324083331639455,0.41150438955676155,-0.6548200783434935
ROS1-07-0031,2017-07-31,0.3332227441153209,0.22533813787820642,-0.4550680355677539
ROS1-13-0020,2017-07-31,0.327443699144909,0.16661047642673205,-0.39046295128103164
ROS1-19-0018,2017-07-31,0.20728822604788782,0.09805170882269712,-0.3263979539825886
ROS1-20-0038,2017-08-16,0.3480809368212817,0.20784433915250033,-0.4189989929007096
ROS1-21-0003,2017-08-16,0.3808456490059946,0.20555956507596285,-0.4210815507411937
ROS1-26-0018,2017-08-16,0.16955562435903118,0.0945314749346165,-0.297216234054061
ROS1-13-0000,2017-08-16,0.19823164270234897,0.11338051411269116,-0.31969696865538255
ROS1-18-0014,2017-08-16,0.4130504778102228,0.20745823907970462,-0.4763435488637653
ROS1-20-0017,2017-08-16,0.22298878842420503,0.1356928129827234,-0.35142709507315384
ROS1-26-0030,2017-08-16,0.3340919950823073,0.17076446821662195,-0.4369463582203368
ROS1-07-0031,2017-08-16,0.25749648078301307,0.16862984912588652,-0.36916919655289193
ROS1-13-0020,2017-08-16,0.23066345989998113,0.11342866221656692,-0.3254863923758587
ROS1-14-0031,2017-08-16,0.4636314383250661,0.28637053315435895,-0.5072545052544429
ROS1-19-0018,2017-08-16,0.17931202861961348,0.10122461257229076,-0.2887897708008963
ROS1-20-0026,2017-08-16,0.19624050093082118,0.1334443713327697,-0.30403453365090943
ROS1-19-0012,2017-09-01,0.47118140067935305,0.0687364520310944,-0.685006543558652
ROS1-20-0038,2017-09-01,0.2499927622967067,0.19573723890366906,-0.3165092606655328
ROS1-07-0020,2017-09-01,0.30696667571712366,0.1839329779338976,-0.3991869850528243
ROS1-14-0009,2017-09-01,0.17261262242114292,0.1348797457785391,-0.3003340598802082
ROS1-18-0014,2017-09-01,0.44645141893130813,0.20241731625204906,-0.4935192116548617
ROS1-19-0004,2017-09-01,0.5617558796207505,0.21897205309213583,-0.5198386170015431
ROS1-20-0017,2017-09-01,0.23644585194928527,0.10963425415333125,-0.3480856678265227
ROS1-26-0030,2017-09-01,0.3569079267456126,0.1525711827555697,-0.4490687309267779
ROS1-19-0018,2017-09-01,0.20058542793971587,0.07920621838014519,-0.3113670892103067
ROS1-20-0026,2017-09-01,0.1854395707679284,0.11282296383958838,-0.2894035665923239
ROS1-19-0012,2017-09-17,0.20026269846156702,0.08075584246382299,-0.2949727157323526
ROS1-20-0038,2017-09-17,0.4139673816296574,0.22571396784615372,-0.4646547175137228
ROS1-21-0003,2017-09-17,0.42143331891175445,0.20251846708120713,-0.4716584766482453
ROS1-26-0018,2017-09-17,0.229338158061407,0.1011375639828015,-0.33390024932573736
ROS1-07-0020,2017-09-17,0.23365535179310687,0.11866814908779906,-0.3403129970718297
ROS1-08-0025,2017-09-17,0.22544255623786905,0.10209897580473798,-0.3370059484088068
ROS1-13-0000,2017-09-17,0.2096807502034674,0.08936905595693291,-0.2935059715865454
ROS1-14-0009,2017-09-17,0.22691478268100299,0.14192438225111356,-0.3396481886772511
ROS1-18-0014,2017-09-17,0.21391517028236162,0.09449455464190143,-0.3015729144443532
ROS1-19-0004,2017-09-17,0.5471114789159663,0.30333360387046904,-0.5551824492525618
ROS1-20-0017,2017-09-17,0.27896116644776325,0.12313494939877394,-0.35225309774577557
ROS1-26-0030,2017-09-17,0.3059199657407454,0.17600439156844205,-0.4228490685339846
ROS1-07-0031,2017-09-17,0.2122924477055674,0.09206129365242832,-0.3041636854310525
ROS1-13-0020,2017-09-17,0.2158374882496202,0.09268471995779924,-0.30099515490026607
ROS1-14-0031,2017-09-17,0.40177878306362097,0.142389865113472,-0.4106077857918532
ROS1-19-0018,2017-09-17,0.1817688775460512,0.09238537228156604,-0.2790663403223309
ROS1-20-0026,2017-09-17,0.2239578921668919,0.1204423017883628,-0.346575725397273
ROS1-20-0038,2017-10-03,0.3416241369256477,0.21593555512325852,-0.4274347522461183
ROS1-26-0018,2017-10-03,0.33942677461250964,0.21463021160106383,-0.40040476960065846
ROS1-14-0009,2017-10-03,0.2240799748731565,0.1495130833826328,-0.34684551092080723
ROS1-19-0004,2017-10-03,0.6142365389861811,0.2776066925801175,-0.6840389073784324
ROS1-20-0017,2017-10-03,0.23663462482939998,0.07937945890871217,-0.3081714513155475
ROS1-26-0030,2017-10-03,0.21049573525721246,0.10855795643691028,-0.3290728961321709
ROS1-20-0026,2017-10-03,0.20704707293328498,0.10936905956123315,-0.33194203476974166
ROS1-19-0012,2017-10-19,0.19368179908834768,0.0687871549463222,-0.2566492527092019
ROS1-20-0038,2017-10-19,0.2707871624325861,0.12328414461549707,-0.297042836827227
ROS1-21-0003,2017-10-19,0.2543080515292893,0.08484578186598364,-0.2977122610936829
ROS1-26-0018,2017-10-19,0.4607874026840554,0.19350772328434263,-0.41096953387825624
ROS1-13-0000,2017-10-19,0.2091105130954378,0.10699807314447528,-0.26537082984725985
ROS1-18-0014,2017-10-19,0.21461048372845104,0.08408691500902729,-0.267488400176857
ROS1-26-0030,2017-10-19,0.17748707712995737,0.06531480799307272,-0.22218725877073353
ROS1-13-0020,2017-10-19,0.579794103116612,0.1805109764136219,-0.4195278141320323
ROS1-19-0018,2017-10-19,0.18758560372642735,0.07891217258859912,-0.2684271464907765
ROS1-20-0026,2017-10-19,0.20973083343326399,0.10424264821690352,-0.26946739310065826
ROS1-18-0027,2017-04-26,0.7890705519007678,0.4335746441915403,-0.7136502378350857
ROS1-18-0014,2017-04-26,0.2009905449547636,0.08887150424898545,-0.2765574282237024
ROS1-07-0031,2017-04-26,0.7857647478558076,0.593678537980785,-0.7243073255255943
ROS1-18-0027,2017-05-12,0.8963959066380963,0.6318183363892935,-0.8123200744725131
ROS1-18-0014,2017-05-12,0.22859464183233683,0.08986116621087248,-0.29709394555729174
ROS1-07-0031,2017-05-12,0.8188994541737438,0.7224804440559649,-0.7606592130129891
ROS1-18-0027,2017-05-28,0.8467473114489649,0.6980127304322117,-0.7778418568571461
ROS1-18-0014,2017-05-28,0.28700328589439567,0.14483156966923058,-0.31758792340039843
ROS1-07-0031,2017-05-28,0.8366489771850042,0.6948650209164668,-0.7684649918425301
ROS1-18-0014,2017-06-29,0.8925308489439747,0.8792165634856928,-0.7825491142117799
ROS1-18-0027,2017-07-15,0.7793341543944682,0.20583041871704585,-0.8902519785448764
ROS1-18-0014,2017-07-15,0.7989146415437242,0.690316536638803,-0.7377867189604189
ROS1-07-0031,2017-07-15,0.3725790947612912,0.24890532687658484,-0.4768928578390253
ROS1-18-0027,2017-07-31,0.21706846597159177,0.14814536328230157,-0.3497606718331492
ROS1-18-0014,2017-07-31,0.7331523902498349,0.4120165639840362,-0.65532856947888
ROS1-07-0031,2017-07-31,0.32947045943457864,0.2233237873917929,-0.4533430633288376
ROS1-18-0014,2017-08-16,0.41187728275129604,0.20730808351738492,-0.47528590319886577
ROS1-07-0031,2017-08-16,0.23138495502863304,0.15655561264483647,-0.35969056513129294
ROS1-18-0027,2017-09-01,0.26926193720694275,0.048452629596287586,-0.37084977175047945
ROS1-18-0014,2017-09-01,0.4492465557681659,0.20317734797706108,-0.4963071936448388
ROS1-18-0027,2017-09-17,0.18545062245978222,0.07844310272737195,-0.27803067751190147
ROS1-18-0014,2017-09-17,0.2155024910368271,0.09462252123943499,-0.30370953221256625
ROS1-07-0031,2017-09-17,0.21202562942320824,0.0921834270423169,-0.302613811220487
ROS1-18-0027,2017-10-19,0.18069992608912414,0.060480757642817747,-0.22093911814647293
ROS1-18-0014,2017-10-19,0.22192379183807656,0.08606107631658946,-0.273139378855247
ROS1-07-0031,2017-10-19,0.5931280027453671,0.08421094943323415,-0.4238230332771045
ROS1-22-0014,2017-05-03,0.5668282952758961,0.23679779840817222,-0.5513162449781936
ROS1-22-0002,2017-05-03,0.26408961234605827,0.11096105499204369,-0.3125448091306987
ROS1-22-0002,2017-05-19,0.3520397117653129,0.13318088507370696,-0.33939287352366043
ROS1-22-0014,2017-06-04,0.8334197502882682,0.5486851299216208,-0.7610507225787078
ROS1-22-0014,2017-06-20,0.788949870467828,0.41853866224833247,-0.7282455218676365
ROS1-22-0002,2017-06-20,0.48812880335769065,0.22802470775067363,-0.49699233044854146
ROS1-22-0002,2017-07-06,0.7610082359522742,0.46498895244849037,-0.665866573737855
ROS1-22-0014,2017-07-22,0.33828216814428613,0.14321330259768256,-0.44321356755219865
ROS1-22-0002,2017-07-22,0.7513482180022146,0.4385314898469076,-0.6854853773604155
ROS1-22-0014,2017-08-07,0.32045364534285725,0.2038133356550867,-0.4413065022314481
ROS1-22-0002,2017-08-07,0.662962410592261,0.3941722360693163,-0.63290258184616
ROS1-22-0014,2017-08-23,0.31768781992329664,0.20759993911810617,-0.4451712415096804
ROS1-22-0002,2017-09-24,0.3062466382700623,0.1443911394754731,-0.4479706471077189
ROS1-15-0013,2017-05-03,0.2540180451767341,0.13485864699362837,-0.3372521471038747
ROS1-14-0031,2017-05-03,0.49816706642975644,0.28135950186049197,-0.5152083061224432
ROS1-15-0025,2017-05-03,0.2596498068470178,0.12506228952861084,-0.31791907584678264
ROS1-22-0002,2017-05-03,0.2634702306334502,0.11084113862133346,-0.31166469305714767
ROS1-22-0002,2017-05-19,0.35069622346073387,0.13361674428032413,-0.3381278073662139
ROS1-15-0013,2017-06-04,0.26822383928581733,0.14001673405920725,-0.36026237381049747
ROS1-22-0022,2017-06-04,0.8120787806605297,0.4619081634985317,-0.6543370417170143
ROS1-14-0031,2017-06-04,0.770313620108294,0.482769514310767,-0.6988708381880276
ROS1-15-0013,2017-06-20,0.261067624508376,0.11510382170124153,-0.38616033161659596
ROS1-22-0022,2017-06-20,0.827267067294954,0.6609661475024093,-0.7055722793418931
ROS1-14-0031,2017-06-20,0.7548765807841098,0.48376622396932256,-0.6903061618564408
ROS1-22-0002,2017-06-20,0.4867474645019912,0.22776069471582347,-0.494885352215739
ROS1-15-0013,2017-07-06,0.21724473657142726,0.1122269756289105,-0.33149170774687603
ROS1-22-0022,2017-07-06,0.8574486414674947,0.699420307263349,-0.737526834022191
ROS1-14-0031,2017-07-06,0.7497526086889674,0.4770798581630273,-0.6903415937304914
ROS1-15-0025,2017-07-06,0.8435782241208313,0.6456772680605231,-0.7335316290294722
ROS1-22-0002,2017-07-06,0.7594281796646044,0.46578992796291036,-0.66475832021821
ROS1-15-0013,2017-07-22,0.22611645302911912,0.09132263650803607,-0.33119996139354907
ROS1-22-0022,2017-07-22,0.8157819364396874,0.577568636779631,-0.7237397736937682
ROS1-14-0031,2017-07-22,0.6212202088487893,0.3613619617637161,-0.603268601925428
ROS1-15-0025,2017-07-22,0.8642446725542633,0.681721744103283,-0.7654318282091176
ROS1-22-0002,2017-07-22,0.7500905146013759,0.4383330869611659,-0.6849537414880861
ROS1-15-0013,2017-08-07,0.254477983439604,0.12083875853400403,-0.3411536143270263
ROS1-22-0022,2017-08-07,0.6720586592093144,0.38047702208461526,-0.6526328263611969
ROS1-14-0031,2017-08-07,0.5235420713985077,0.29245871708737714,-0.5434823694832199
ROS1-15-0025,2017-08-07,0.746826827524197,0.47140839944155627,-0.6628284148085476
ROS1-22-0002,2017-08-07,0.6617823262990242,0.39414450164445347,-0.6315625369535512
ROS1-22-0022,2017-08-23,0.46660152559309986,0.28198167217608844,-0.5744708979119466
ROS1-15-0025,2017-08-23,0.6243079060226241,0.1983495410008332,-0.41432942598986383
ROS1-22-0002,2017-08-23,0.9554738977577539,0.24099214511659414,-0.9170000873574395
ROS1-15-0013,2017-09-08,0.22679837745619763,0.07823441295812993,-0.30792419784891256
ROS1-22-0022,2017-09-08,0.35411995972832966,0.11489010423461987,-0.3792824315999618
ROS1-14-0031,2017-09-08,0.3018853222870221,0.08360531794599498,-0.3481902875107567
ROS1-15-0025,2017-09-08,0.40379567870005006,0.17051113495636303,-0.4386860434692786
ROS1-14-0031,2017-09-24,0.37928977184092444,0.17176366113925196,-0.3873818309377998
ROS1-15-0025,2017-09-24,0.30503037991427817,0.1328658534489785,-0.3942923556936592
ROS1-22-0002,2017-09-24,0.3077675557574887,0.14485924773172992,-0.44945184150862555
ROS1-14-0031,2017-10-10,0.37872576973023886,0.10704939700796529,-0.41369509568943447
ROS1-15-0025,2017-10-10,0.2928543117602713,0.14024530711872404,-0.4338424137203644
ROS1-01-0044,2017-04-17,0.27828701218042645,0.128961017382487,-0.3087912233614567
ROS1-07-0020,2017-04-17,0.7009937680608296,0.4310984549273431,-0.6564385823177774
ROS1-07-0031,2017-04-17,0.7367402436601882,0.47494229883163946,-0.6929474313875841
ROS1-01-0044,2017-05-03,0.38359499269826897,0.21821938678851574,-0.39026449375551614
ROS1-07-0020,2017-05-03,0.7851497785836342,0.5270949930766716,-0.7200759042065537
ROS1-08-0025,2017-05-03,0.31521069033875415,0.15672093197097223,-0.3742591831610156
ROS1-01-0009,2017-05-03,0.3782996569402853,0.20385197143817702,-0.40250608842164237
ROS1-07-0031,2017-05-03,0.7888070176663061,0.5893453382739479,-0.7461793984487998
ROS1-14-0031,2017-05-03,0.49836981852513046,0.2811432010283703,-0.5157941222547148
ROS1-01-0044,2017-05-19,0.7589423013874058,0.4854728450262164,-0.6323593566124978
ROS1-07-0020,2017-05-19,0.8627510288156953,0.2790192637410419,-0.7415191614237175
ROS1-08-0025,2017-05-19,0.3230271699606704,0.30440167520568817,-0.36502755011352345
ROS1-01-0009,2017-05-19,0.5172407737115988,0.3105058889126349,-0.48929580051291305
ROS1-07-0031,2017-05-19,0.8264468897523671,0.6896557052363033,-0.7754846715751044
ROS1-01-0044,2017-06-04,0.7947563372012847,0.6253715166937078,-0.761720487065326
ROS1-07-0020,2017-06-04,0.8398559675201998,0.5833358807590882,-0.7713004915015624
ROS1-08-0025,2017-06-04,0.3834688727514398,0.1795835388563454,-0.4198973814173051
ROS1-01-0009,2017-06-04,0.5240188059728758,0.2915742407313528,-0.5114659069249802
ROS1-07-0031,2017-06-04,0.8507085220164684,0.7015806992401381,-0.8053599233263411
ROS1-14-0031,2017-06-04,0.7721005508394209,0.4816658390460119,-0.7020894277422255
ROS1-01-0044,2017-06-20,0.8176111865341775,0.5375932649824655,-0.7010513892243209
ROS1-07-0020,2017-06-20,0.6132966573676453,0.3560621181262759,-0.6177401047591438
ROS1-08-0025,2017-06-20,0.7280304557430965,0.47276254062383655,-0.6391961151609704
ROS1-01-0009,2017-06-20,0.6000793086293269,0.3515320976641308,-0.5540533619003444
ROS1-07-0031,2017-06-20,0.8361284504915085,0.5973459580234575,-0.7698270802056242
ROS1-14-0031,2017-06-20,0.7549333121027499,0.482679259536096,-0.6909064666440584
ROS1-01-0044,2017-07-06,0.42563773613768097,0.20691860084664535,-0.5061956125421271
ROS1-07-0020,2017-07-06,0.33243838484925764,0.21615000533590922,-0.4592237012636732
ROS1-08-0025,2017-07-06,0.7204046047708285,0.5618941599933848,-0.6636545450696321
ROS1-01-0009,2017-07-06,0.6609037445945296,0.4646166419200678,-0.609477429699965
ROS1-07-0031,2017-07-06,0.37158810855954455,0.25913682677953426,-0.48670075554738707
ROS1-14-0031,2017-07-06,0.711596627049993,0.4793702781246171,-0.6605640273955229
ROS1-07-0020,2017-07-22,0.37572444284518236,0.2366921277228941,-0.4589051821379056
ROS1-08-0025,2017-07-22,0.7717354367875613,0.5841422026640187,-0.7103023956667338
ROS1-01-0009,2017-07-22,0.5836534532708353,0.4238842401327654,-0.5836290934246456
ROS1-14-0031,2017-07-22,0.6201200174604109,0.3612320078856737,-0.6030771559267187
ROS1-01-0044,2017-08-07,0.2850755263152202,0.13416237747507148,-0.40566286756475306
ROS1-07-0020,2017-08-07,0.27845446106006894,0.1742071145412327,-0.403112437839937
ROS1-08-0025,2017-08-07,0.6524491092814596,0.37533282450818367,-0.5840654652857104
ROS1-01-0009,2017-08-07,0.49652637307052694,0.2886908039125686,-0.5135463602741457
ROS1-07-0031,2017-08-07,0.3017118752686537,0.1941741378930383,-0.4347608056116671
ROS1-01-0044,2017-09-08,0.18243065275043974,0.12063731418555729,-0.25422446867391746
ROS1-08-0025,2017-09-08,0.3053416158919372,0.11739712087924949,-0.3887310082383547
ROS1-01-0009,2017-09-08,0.3738908576858174,0.18090919185310625,-0.416999922815962
ROS1-07-0031,2017-09-08,0.24862342372502805,0.14739744379616618,-0.3550305708745331
ROS1-14-0031,2017-09-08,0.3032270692223941,0.0833428824205791,-0.3538453155853991
ROS1-01-0044,2017-09-24,0.16307851019887992,0.1027553001658161,-0.23650344740985862
ROS1-08-0025,2017-09-24,0.20500070623716898,0.09903172721044767,-0.3149028983348844
ROS1-14-0031,2017-09-24,0.38088541711376944,0.1722650594078544,-0.3894968947786754
ROS1-01-0044,2017-10-10,0.18807240673310946,0.08007725782154523,-0.2906461076081527
ROS1-07-0020,2017-10-10,0.21608487523964134,0.10954673964832988,-0.3403133623989677
ROS1-08-0025,2017-10-10,0.18291300638261382,0.08154826524505715,-0.2798854101391653
ROS1-07-0031,2017-10-10,0.2059767318123878,0.07062043706277948,-0.31326784214441394
ROS1-14-0031,2017-10-10,0.4204398505164768,0.10801443363218634,-0.4071433640809256
ROS1-01-0044,2017-04-17,0.2766394811419487,0.12867436720572825,-0.30738472841610576
ROS1-01-0044,2017-05-03,0.3859062102159006,0.21825645825554715,-0.39319291081305013
ROS1-01-0044,2017-05-19,0.7604999030262801,0.4857967943369885,-0.6355135113443081
ROS1-01-0044,2017-06-04,0.7948067228435629,0.6264174058687171,-0.7617822479134451
ROS1-01-0044,2017-06-20,0.8174906066220013,0.5372677947879594,-0.7009652085337792
ROS1-01-0044,2017-07-06,0.4263596016287014,0.20695732114470564,-0.507567635106012
ROS1-01-0044,2017-07-22,0.30717465672493605,0.15027788940752956,-0.3672055632012949
ROS1-01-0044,2017-08-07,0.2856755130449858,0.13371945988983105,-0.40782541958516716
ROS1-01-0044,2017-09-08,0.2160222629259199,0.13011985983614538,-0.2956948879012434
ROS1-01-0044,2017-09-24,0.17155472824798965,0.10694225010028965,-0.24296217048388483
ROS1-01-0044,2017-10-10,0.1892954499225452,0.08080246573940707,-0.2919660667892464
ROS1-01-0009,2017-05-26,0.5156159147409348,0.29717799992457733,-0.5032908096417521
ROS1-01-0009,2017-06-27,0.661073425439874,0.4058515950547763,-0.6017149131989799
ROS1-01-0009,2017-07-13,0.6684360743089391,0.45769593195199254,-0.6267478384539016
ROS1-01-0009,2017-08-14,0.4332940958400762,0.23713608456890828,-0.48383936353681517
ROS1-01-0009,2017-09-15,0.33353388277893514,0.15173301383039722,-0.4004252557348436
