anon_polygon_id,date,landsat_ndvi,landsat_evi,landsat_ndwi
ROS1-49-0004,2019-04-19,0.3026283968647456,0.19690574217044093,-0.381407487909985
ROS1-43-0019,2019-04-19,0.5237617204174906,0.36110250994757476,-0.5115076193078525
ROS1-49-0007,2019-04-19,0.45197930895250293,0.31088220362269037,-0.46207806133129947
ROS1-49-0004,2019-05-21,0.3219561762146463,0.19580477803300947,-0.4170165699040957
ROS1-43-0019,2019-05-21,0.4932177254816455,0.31249233277017946,-0.5210869931350537
ROS1-49-0007,2019-05-21,0.4707313514779185,0.29901006777025174,-0.4909666991763655
ROS1-49-0004,2019-06-22,0.181327387574598,0.11170207413772497,-0.3221113639689955
ROS1-43-0019,2019-06-22,0.17539358868455676,0.11598873812517746,-0.2925540539689963
ROS1-49-0007,2019-06-22,0.21561813461352014,0.1368754907828443,-0.3507512969726919
ROS1-49-0004,2019-07-08,0.14575172982481238,0.09945121719469555,-0.2958455073731285
ROS1-43-0019,2019-07-08,0.15457524550714066,0.102329463522837,-0.27642426455961355
ROS1-49-0007,2019-07-08,0.18336292715619662,0.1229940141767665,-0.3157754696681594
ROS1-49-0004,2019-08-09,0.18128912981677447,0.11034780839682153,-0.32164646298007454
ROS1-43-0019,2019-08-09,0.2920400818623304,0.17618948798315856,-0.3764675964329604
ROS1-49-0007,2019-08-09,0.2554408955393759,0.1426493560132852,-0.35271032166039334
ROS1-49-0004,2019-09-10,0.1482740325289683,0.09162123310009863,-0.27360195252816694
ROS1-43-0019,2019-09-10,0.19816612845772277,0.1252642007520648,-0.3020876347129558
ROS1-49-0007,2019-09-10,0.21386739041816594,0.12899700744677015,-0.3139634373322797
ROS1-49-0004,2019-10-12,0.2049578595654591,0.14600937998515245,-0.20175548596086795
ROS1-43-0019,2019-10-12,0.45284674867122926,0.2789182397311408,-0.4212166431379103
ROS1-49-0007,2019-10-12,0.2898620298340191,0.12927477296090806,-0.23814171839162143
ROS1-49-0004,2019-10-28,0.488837445167538,0.3146752816685195,-0.5226998123230547
ROS1-43-0019,2019-10-28,0.5241584370432737,0.32886850786728367,-0.5269579779027468
ROS1-49-0007,2019-10-28,0.35405091392559185,0.1808603412575325,-0.39785040029471186
ROS1-42-0006,2019-04-19,0.5817362392803569,0.41634173043567996,-0.5630400781734327
ROS1-42-0008,2019-04-19,0.2105430018778812,0.12376300571297119,-0.3389684860933421
ROS1-43-0019,2019-04-19,0.5249802389923119,0.36343981264800124,-0.5125082464328553
ROS1-49-0007,2019-04-19,0.45304930875488814,0.31332205702572685,-0.46281820654695405
ROS1-42-0006,2019-05-21,0.6757952883506516,0.4394409635945248,-0.6418304321259807
ROS1-42-0008,2019-05-21,0.19136784816111876,0.09876142036161378,-0.3494423696805074
ROS1-43-0019,2019-05-21,0.49564618662468696,0.31455731286608773,-0.5258408522837951
ROS1-49-0007,2019-05-21,0.47208051343129326,0.3005507295072499,-0.4928599979203923
ROS1-42-0006,2019-06-22,0.1714175018117966,0.11112241561915534,-0.3388179529792938
ROS1-42-0008,2019-06-22,0.14244801495990364,0.08575170719296919,-0.28666112856927256
ROS1-43-0019,2019-06-22,0.17873499692289238,0.11831677161460354,-0.2986188723714811
ROS1-49-0007,2019-06-22,0.2181010086448256,0.1386639190449072,-0.353720093965972
ROS1-42-0006,2019-07-08,0.12696275801157278,0.11006939087285209,-0.2881137340077625
ROS1-42-0008,2019-07-08,0.1274328072021281,0.08172904296408745,-0.26665690728991676
ROS1-43-0019,2019-07-08,0.15960284033125108,0.10576527007670639,-0.28466741066096857
ROS1-49-0007,2019-07-08,0.18320838244445245,0.12345647544078589,-0.31493800093330554
ROS1-42-0006,2019-07-24,0.12839425229787038,0.09146210612958079,-0.2422848016166131
ROS1-42-0008,2019-07-24,0.14588532078274546,0.09576168147503078,-0.2916348303450464
ROS1-43-0019,2019-07-24,0.14238498548132253,0.12825789583472327,-0.19990353621120027
ROS1-42-0006,2019-08-09,0.16481930404024986,0.11081150927844141,-0.28803113427412363
ROS1-42-0008,2019-08-09,0.16096374532178145,0.08649479960743296,-0.3137430460957858
ROS1-43-0019,2019-08-09,0.29067755906954623,0.17606315156425736,-0.373842677790349
ROS1-49-0007,2019-08-09,0.2545399762207935,0.14212572060023204,-0.3511371626116336
ROS1-42-0006,2019-09-10,0.15529300628720769,0.10953169574475151,-0.2902373353204583
ROS1-42-0008,2019-09-10,0.14693316841093448,0.08190620083912892,-0.28486690289819216
ROS1-43-0019,2019-09-10,0.19882465331734417,0.1254709671223409,-0.3014418723137084
ROS1-49-0007,2019-09-10,0.21340755728059105,0.12912624556644603,-0.3144503559474088
ROS1-42-0008,2019-10-12,0.5830139929183371,0.3909575179421754,-0.5712823234794504
ROS1-43-0019,2019-10-12,0.4574993412415692,0.28272357039900803,-0.424016767480394
ROS1-42-0006,2019-10-28,0.16849780203487347,0.0998330510473481,-0.2629694055488676
ROS1-42-0008,2019-10-28,0.8216050834514036,0.6870537245146572,-0.7507314075787649
ROS1-43-0019,2019-10-28,0.5131830282947657,0.3197317949085383,-0.5105420333901658
ROS1-49-0007,2019-10-28,0.352439396258449,0.18107896526790343,-0.3942249727858885
ROS1-31-0009,2019-04-10,0.15122951827183162,0.06514981006309152,-0.28425380192084326
ROS1-37-0049,2019-04-10,0.24151537981615642,0.15083447955498852,-0.3579047222519762
ROS1-49-0004,2019-04-10,0.28522810872970367,0.1391416378726611,-0.39378654888715026
ROS1-31-0024,2019-04-10,0.3112283776600676,0.15652572797733766,-0.38578173199093885
ROS1-37-0025,2019-04-10,0.3698346574125419,0.20173749152537399,-0.43415652916448694
ROS1-38-0002,2019-04-10,0.16101379782827163,0.06712236451934175,-0.29165619130538106
ROS1-42-0008,2019-04-10,0.17839731602099917,0.08124382742957163,-0.3241434499387538
ROS1-43-0019,2019-04-10,0.4909125220347067,0.27654692486194005,-0.5133600579548828
ROS1-49-0007,2019-04-10,0.4334737035172068,0.24643074882945262,-0.4812024446459982
ROS1-31-0038,2019-04-10,0.25136729015561354,0.1216865011094435,-0.3583461335795484
ROS1-31-0009,2019-04-26,0.17559610368856504,0.08180626647289659,-0.2964962154465529
ROS1-37-0049,2019-04-26,0.3588491185222594,0.23574459840986947,-0.44506792687717117
ROS1-49-0004,2019-04-26,0.33630790334081967,0.19098225510234243,-0.4191994905081866
ROS1-31-0024,2019-04-26,0.44298653010880495,0.2654072079954219,-0.4865918336910586
ROS1-37-0025,2019-04-26,0.5754205867696999,0.34482142483232037,-0.5753404761763976
ROS1-42-0008,2019-04-26,0.2001039032567601,0.09487335925538207,-0.34424024861712105
ROS1-43-0019,2019-04-26,0.5380867156593633,0.3314563284887665,-0.5403432948551261
ROS1-49-0007,2019-04-26,0.4924936083822761,0.31073211531749595,-0.5072232602530549
ROS1-25-0016,2019-04-26,0.23932990939136162,0.10810496469927093,-0.33310520914822
ROS1-31-0038,2019-04-26,0.393052986972972,0.2204870993277073,-0.44529879724164156
ROS1-37-0025,2019-05-12,0.796399847871192,0.5667256870212198,-0.7387535078935836
ROS1-42-0008,2019-05-12,0.2262614162227866,0.08642937428782776,-0.37997230145029987
ROS1-49-0007,2019-05-12,0.375110386057265,0.24155136387196136,-0.3386380048296407
ROS1-31-0009,2019-05-28,0.1742105707334442,0.0977025258022815,-0.3329976110059814
ROS1-37-0049,2019-05-28,0.5835050438730472,0.41455342096863024,-0.6206236402679507
ROS1-49-0004,2019-05-28,0.30348266419472747,0.1826048344106203,-0.4120740798304808
ROS1-31-0024,2019-05-28,0.7974228385061095,0.5357456382660567,-0.7418934927089628
ROS1-37-0025,2019-05-28,0.7315062607840793,0.4196548826719125,-0.7011216019740899
ROS1-38-0002,2019-05-28,0.1912711725036559,0.10242069814322263,-0.3477928878165131
ROS1-42-0008,2019-05-28,0.19911939421177888,0.1054279412610409,-0.36584200924374227
ROS1-43-0019,2019-05-28,0.42989238923034384,0.2535646586956174,-0.47607868090260064
ROS1-49-0007,2019-05-28,0.42963190313893707,0.250901138125238,-0.4715245089850158
ROS1-25-0016,2019-05-28,0.3063945351578479,0.1743834733282932,-0.4018185859921561
ROS1-31-0038,2019-05-28,0.8608363775771055,0.6039877741738202,-0.7884711666874784
ROS1-31-0009,2019-06-13,0.21451725196325758,0.13831662560530109,-0.25942429511861875
ROS1-32-0018,2019-06-13,0.29389872489359253,0.1820733861649309,-0.38971743313541773
ROS1-49-0004,2019-06-13,0.16520715852009374,0.10223169265335173,-0.28993654160141114
ROS1-31-0024,2019-06-13,0.44061654039542053,0.34423877406712516,-0.4671967839722932
ROS1-37-0025,2019-06-13,0.2676412762530806,0.17818724080495735,-0.4039992932803891
ROS1-38-0002,2019-06-13,0.1753384103346847,0.09251501415751169,-0.30010456312142614
ROS1-49-0007,2019-06-13,0.22329456697523284,0.15801522606331267,-0.3233489149427713
ROS1-31-0038,2019-06-13,0.5861930830593317,0.39350498238394194,-0.5771373623620561
ROS1-31-0009,2019-06-29,0.1330099942675786,0.1126965606191661,-0.21835876113528901
ROS1-49-0004,2019-06-29,0.11005948941477836,0.10963599046148041,-0.19289107694744964
ROS1-31-0024,2019-06-29,0.23386062762918144,0.15879516340346253,-0.40104734479049947
ROS1-38-0002,2019-06-29,0.1404732374802334,0.08725963578373525,-0.232865607456767
ROS1-49-0007,2019-06-29,0.1734245634285819,0.1228276581335273,-0.2847668339711006
ROS1-25-0016,2019-06-29,0.3013058288770045,0.28228992339355696,-0.3311994916559404
ROS1-31-0009,2019-07-15,0.1419194318916342,0.08551797287312976,-0.2728940253859816
ROS1-32-0018,2019-07-15,0.24354122347487223,0.16325964557531486,-0.3398065098753778
ROS1-37-0049,2019-07-15,0.13896502703741775,0.10055197705378266,-0.29104016879330635
ROS1-49-0004,2019-07-15,0.14788315488708126,0.09592135222338077,-0.2857857088381178
ROS1-31-0024,2019-07-15,0.15653870438930706,0.11337609793345045,-0.29009871699529055
ROS1-37-0025,2019-07-15,0.12393078537420478,0.09069381423959573,-0.2591710255154662
ROS1-38-0002,2019-07-15,0.13651410771241193,0.08150957244159199,-0.26144265023503643
ROS1-42-0008,2019-07-15,0.1303123460850325,0.0838468676739115,-0.2849977010200857
ROS1-43-0019,2019-07-15,0.1792607705350618,0.11297081629607626,-0.3040415710949888
ROS1-49-0007,2019-07-15,0.19771257789125965,0.11644148053901612,-0.3172695312330364
ROS1-25-0016,2019-07-15,0.21732040751405365,0.1764866511731108,-0.31798598088165575
ROS1-31-0038,2019-07-15,0.2328074143358704,0.16723863032214212,-0.35293116367466926
ROS1-31-0009,2019-07-31,0.16125715104043517,0.10048146800890195,-0.2721794450848747
ROS1-37-0049,2019-07-31,0.2087479328194283,0.13941725863020718,-0.3224945292612099
ROS1-49-0004,2019-07-31,0.17622863377832895,0.10549327401848409,-0.2949734897837848
ROS1-31-0024,2019-07-31,0.2601013111948197,0.16871012901792876,-0.34691745258092616
ROS1-37-0025,2019-07-31,0.3029356822141633,0.20774945591824856,-0.3640172130354907
ROS1-38-0002,2019-07-31,0.15172959759901652,0.10281818012767148,-0.27458429711766064
ROS1-42-0008,2019-07-31,0.16788553219319552,0.09319233206749682,-0.29539377513022247
ROS1-43-0019,2019-07-31,0.27108816487271137,0.16676192897053854,-0.33920015989745456
ROS1-49-0007,2019-07-31,0.22331661450623128,0.1285923695306021,-0.30856227383745893
ROS1-25-0016,2019-07-31,0.6019016805801073,0.4721119207419687,-0.5697407964359544
ROS1-31-0038,2019-07-31,0.4783463280681789,0.34092297924134113,-0.4957039893275357
ROS1-49-0004,2019-08-16,0.1735231075500136,0.10557393112413853,-0.3124899960640524
ROS1-37-0025,2019-08-16,0.3704723747926448,0.2569170040269391,-0.4262461311439346
ROS1-42-0008,2019-08-16,0.1504045123978643,0.07766932305910665,-0.29975923907646623
ROS1-43-0019,2019-08-16,0.26100023051878724,0.15448555964888908,-0.3491766956288033
ROS1-31-0038,2019-08-16,0.5192305473625326,0.38694132011722976,-0.5502719284996842
ROS1-31-0009,2019-09-01,0.15136238209386926,0.078882468246244,-0.2679620613427446
ROS1-32-0018,2019-09-01,0.3565268469427649,0.2392179325745217,-0.45196096723056756
ROS1-37-0049,2019-09-01,0.14745545279012834,0.09602260536476856,-0.2901632805348712
ROS1-49-0004,2019-09-01,0.1544107343788624,0.09040356188754295,-0.3004678863510539
ROS1-31-0024,2019-09-01,0.21684412367283099,0.14418417634118172,-0.3266423433052493
ROS1-37-0025,2019-09-01,0.2779768940188201,0.18615980601721926,-0.38846315483528865
ROS1-38-0002,2019-09-01,0.14434307361322643,0.0724732877401349,-0.26442732852744744
ROS1-42-0008,2019-09-01,0.1331143500725426,0.06845183269272524,-0.2746466508225529
ROS1-43-0019,2019-09-01,0.2092067757768467,0.12402480457820725,-0.3169769843952867
ROS1-49-0007,2019-09-01,0.21270391422017362,0.1180655886316066,-0.32601481522952785
ROS1-25-0016,2019-09-01,0.34860951474747076,0.19662987576843605,-0.4031357342177487
ROS1-31-0038,2019-09-01,0.45794828093880335,0.3240019054535808,-0.5253600597095593
ROS1-31-0009,2019-09-17,0.14049743919552085,0.07064027307834779,-0.25826986540622576
ROS1-37-0049,2019-09-17,0.13689027057972578,0.09067359777387972,-0.28110724561976724
ROS1-49-0004,2019-09-17,0.14917253852500642,0.08662573951532651,-0.29459703339315174
ROS1-31-0024,2019-09-17,0.1885272555884178,0.12330581647526011,-0.32268688507012255
ROS1-37-0025,2019-09-17,0.2714124477320579,0.18315480296504238,-0.3976671425492445
ROS1-38-0002,2019-09-17,0.14367666950597485,0.07477232921525888,-0.27360717300234627
ROS1-42-0008,2019-09-17,0.17366262923069603,0.0890126737385129,-0.31342263340971943
ROS1-43-0019,2019-09-17,0.19812617646993547,0.11936277601965914,-0.313085787257879
ROS1-49-0007,2019-09-17,0.21022696487012865,0.11996407284405292,-0.32833333234345813
ROS1-25-0016,2019-09-17,0.30958873680020255,0.17410347162385997,-0.39642396365620763
ROS1-31-0038,2019-09-17,0.41942051830901417,0.2939092733740613,-0.5116741311469575
ROS1-31-0009,2019-10-03,0.15879673561998717,0.06776475499596417,-0.27484258202303197
ROS1-32-0018,2019-10-03,0.2684787857490597,0.15001028022133955,-0.39031678891363186
ROS1-37-0049,2019-10-03,0.1652195725015462,0.10610142090805968,-0.29164965054260084
ROS1-49-0004,2019-10-03,0.263255551348062,0.14129204689751668,-0.3752808031048287
ROS1-31-0024,2019-10-03,0.1946045313894685,0.1163727020591184,-0.32161216941381865
ROS1-37-0025,2019-10-03,0.34446584775774963,0.21487797317794186,-0.41819838349553384
ROS1-38-0002,2019-10-03,0.28554639649642205,0.1577619639345834,-0.367936564390239
ROS1-42-0008,2019-10-03,0.3279989307613973,0.17423128694289902,-0.41266497868764174
ROS1-43-0019,2019-10-03,0.4123084017285475,0.23474243502873407,-0.4503289476593204
ROS1-49-0007,2019-10-03,0.31499620704541464,0.15499205750569375,-0.392819978302806
ROS1-25-0016,2019-10-03,0.2975308036267509,0.12971124677481824,-0.38982622667245925
ROS1-31-0038,2019-10-03,0.4492852796996554,0.2802761116404528,-0.5137294348665745
ROS1-32-0018,2019-10-19,0.08749725970839654,0.10620946072631972,-0.12542118973166827
ROS1-37-0049,2019-10-19,0.19393468374564965,0.09192487605300106,-0.31567496241592435
ROS1-49-0004,2019-10-19,0.48632252663437187,0.29635342089908423,-0.499014591482166
ROS1-37-0025,2019-10-19,0.4072068369297763,0.24943254065745638,-0.4666120684615157
ROS1-38-0002,2019-10-19,0.6269803341889215,0.3906620331052297,-0.5874656497206839
ROS1-42-0008,2019-10-19,0.6821610380516445,0.4710042794658358,-0.6498301386622198
ROS1-43-0019,2019-10-19,0.5480516420292372,0.32942928046838355,-0.5343690065653889
ROS1-30-0009,2019-04-10,0.437070447757021,0.26240672711998875,-0.47419048402646946
ROS1-42-0006,2019-04-10,0.6290795249407128,0.3769809016596487,-0.6188736252144805
ROS1-24-0026,2019-04-10,0.5241858693544968,0.3272219663883551,-0.5282065497159695
ROS1-30-0001,2019-04-10,0.34850454159656385,0.1817635342206176,-0.3938252775864867
ROS1-36-0022,2019-04-10,0.5665201279985315,0.33273740182891914,-0.5917974708325681
ROS1-37-0025,2019-04-10,0.3694228265275568,0.20212957218214855,-0.4326929627049998
ROS1-42-0008,2019-04-10,0.17837505750290994,0.08123605288859635,-0.3244699024153562
ROS1-30-0006,2019-04-10,0.1795901397115217,0.07527358041362509,-0.2974065848733283
ROS1-30-0009,2019-04-26,0.6128337705061421,0.40665003703937824,-0.5847307312094008
ROS1-42-0006,2019-04-26,0.6503864895675675,0.39280823235277845,-0.6302184183689392
ROS1-24-0026,2019-04-26,0.6964173606677111,0.47747467272410843,-0.659576092690292
ROS1-30-0001,2019-04-26,0.4565460134192121,0.23664545753584965,-0.46706497801474456
ROS1-36-0022,2019-04-26,0.6645363416337735,0.4143022939363608,-0.6467914657833875
ROS1-37-0025,2019-04-26,0.5716464759380389,0.3425981832610252,-0.5700464265506795
ROS1-42-0008,2019-04-26,0.1957668780640954,0.09277796500179798,-0.34024396428728476
ROS1-25-0016,2019-04-26,0.2369007597168166,0.10682005546524408,-0.3300199391161359
ROS1-30-0006,2019-04-26,0.16769553824621444,0.08869915470056411,-0.2904438831410841
ROS1-30-0009,2019-05-12,0.817500480662588,0.588728221184147,-0.7337490768008806
ROS1-42-0006,2019-05-12,0.7474300689386519,0.41539964306840693,-0.6948199251563607
ROS1-24-0026,2019-05-12,0.8697005280554131,0.6717143582990008,-0.7892162586597729
ROS1-30-0001,2019-05-12,0.6362189536702918,0.35512721719817364,-0.5886336613845782
ROS1-36-0022,2019-05-12,0.7266011841209972,0.44739960100158727,-0.6759259999671572
ROS1-37-0025,2019-05-12,0.7955675259257393,0.5633740063854868,-0.7369415492829402
ROS1-42-0008,2019-05-12,0.22675201151915783,0.08615370137870261,-0.37956462783654765
ROS1-30-0006,2019-05-12,0.20013099374997567,0.08618343582491175,-0.3286425473175071
ROS1-42-0006,2019-05-28,0.5498477171985994,0.3888182829062517,-0.5349467770573215
ROS1-30-0001,2019-05-28,0.6879791193697062,0.37398148064788445,-0.6078663588847714
ROS1-36-0022,2019-05-28,0.690008149941311,0.5372191114434159,-0.6537766608189745
ROS1-37-0025,2019-05-28,0.7269744484290085,0.4174039229202053,-0.6959357723735226
ROS1-42-0008,2019-05-28,0.19766653982338706,0.10516289772487782,-0.36139963335264935
ROS1-25-0016,2019-05-28,0.316050065475225,0.17954826712564426,-0.4067930905498561
ROS1-30-0006,2019-05-28,0.18086036010643922,0.10075732862348037,-0.3199744555081594
ROS1-37-0025,2019-06-13,0.26836099613555503,0.17886335312620694,-0.40407285856660996
ROS1-30-0009,2019-07-15,0.11769992479755732,0.0958287473175757,-0.23401952104368703
ROS1-42-0006,2019-07-15,0.10159600820234008,0.07712883509485094,-0.2310328215166783
ROS1-24-0026,2019-07-15,0.14233195929244477,0.1134338686419741,-0.2870881732467133
ROS1-30-0001,2019-07-15,0.14981148980038916,0.10665238726496357,-0.2743718414248836
ROS1-36-0022,2019-07-15,0.11282464761566399,0.0867642247762224,-0.24591702569836507
ROS1-37-0025,2019-07-15,0.12798312258700928,0.0930125552635828,-0.2671421139675401
ROS1-42-0008,2019-07-15,0.13206981764783116,0.08513000164912918,-0.2869061914482649
ROS1-25-0016,2019-07-15,0.2879734202358963,0.25205339128193066,-0.3533694789368045
ROS1-30-0006,2019-07-15,0.13816764427802974,0.08529669833765172,-0.25376245776638257
ROS1-42-0006,2019-07-31,0.16125514847427322,0.1120599886386162,-0.27427631856482737
ROS1-24-0026,2019-07-31,0.19032087573214135,0.13350868853920334,-0.30268098944295097
ROS1-30-0001,2019-07-31,0.29037182303171866,0.17081301335809704,-0.2870976987248666
ROS1-36-0022,2019-07-31,0.16435088845793783,0.07915996512947791,-0.2728758425809404
ROS1-37-0025,2019-07-31,0.29975695695160653,0.2047742239703368,-0.3621521051496967
ROS1-42-0008,2019-07-31,0.16650916559631318,0.09228963502785012,-0.2937133986143574
ROS1-25-0016,2019-07-31,0.6011346638530151,0.47029086053223224,-0.5691164854222445
ROS1-30-0006,2019-07-31,0.16109745335402098,0.09795449396137351,-0.2760978568074267
ROS1-30-0009,2019-08-16,0.314503597141773,0.23589643198860777,-0.39759034952632133
ROS1-42-0006,2019-08-16,0.16386088537171675,0.10906434002496754,-0.29257964992266783
ROS1-24-0026,2019-08-16,0.2621170696163314,0.19041978155726605,-0.35775814137002016
ROS1-30-0001,2019-08-16,0.1799372782183875,0.10121365276924045,-0.24245880443660864
ROS1-36-0022,2019-08-16,0.152691287005096,0.07483918727646559,-0.2946094825305514
ROS1-37-0025,2019-08-16,0.3735552360584056,0.2584394975990199,-0.43090939925059
ROS1-42-0008,2019-08-16,0.15197594519709962,0.07825812273498083,-0.3026893002687042
ROS1-30-0006,2019-08-16,0.1659875698554296,0.08056177137532354,-0.2782467479257355
ROS1-30-0009,2019-09-01,0.2733875908352711,0.18958372707721927,-0.37275868625012637
ROS1-42-0006,2019-09-01,0.1470825530628096,0.09773206459101713,-0.2869427496420031
ROS1-24-0026,2019-09-01,0.21571053240037638,0.15119220372453396,-0.3355239652231205
ROS1-30-0001,2019-09-01,0.18214331054485378,0.0913223513291352,-0.2754547075007178
ROS1-36-0022,2019-09-01,0.13654078313164186,0.06793800261896488,-0.2675092716892175
ROS1-37-0025,2019-09-01,0.277991926436098,0.18604663714051614,-0.38760772132615523
ROS1-42-0008,2019-09-01,0.13190588373317402,0.06781402300191484,-0.27426597138670156
ROS1-25-0016,2019-09-01,0.35265607203214067,0.19847857682968545,-0.40847423603017674
ROS1-30-0006,2019-09-01,0.14903619256948458,0.06895576858096761,-0.26827650746126575
ROS1-30-0009,2019-09-17,0.24275447237741338,0.16648836475020817,-0.37311278372129697
ROS1-42-0006,2019-09-17,0.14117130498669636,0.0949050566100516,-0.29478273255900034
ROS1-24-0026,2019-09-17,0.18073934760364255,0.12728914304994915,-0.319827924492346
ROS1-30-0001,2019-09-17,0.18098598784741635,0.09277196725072874,-0.2845629001192947
ROS1-36-0022,2019-09-17,0.13609416790883144,0.06700549688098871,-0.268032341023055
ROS1-37-0025,2019-09-17,0.2714537597889679,0.18353802319839063,-0.39738131968069473
ROS1-42-0008,2019-09-17,0.17950771645698152,0.09020826091016161,-0.32904660782117656
ROS1-25-0016,2019-09-17,0.3070264957285772,0.17252865723300478,-0.3939910884994894
ROS1-30-0006,2019-09-17,0.14678227876559893,0.0690079535551613,-0.26113858035628146
ROS1-30-0009,2019-10-03,0.2982183357661644,0.19041641959625288,-0.3796166870423589
ROS1-42-0006,2019-10-03,0.1363303210699274,0.08469405750993751,-0.2492559819380735
ROS1-24-0026,2019-10-03,0.20631705436641024,0.12623483613774683,-0.3044848289641623
ROS1-30-0001,2019-10-03,0.2284186427674342,0.10578638554567761,-0.3105747098045368
ROS1-36-0022,2019-10-03,0.15092714051907063,0.07113303662668322,-0.2906080992705277
ROS1-37-0025,2019-10-03,0.34393646399720706,0.21465741755129647,-0.41653565930588504
ROS1-42-0008,2019-10-03,0.32639055628895286,0.17374519809794495,-0.40909323101477735
ROS1-25-0016,2019-10-03,0.2903246165982006,0.12623013936826685,-0.3848347504221751
ROS1-30-0006,2019-10-03,0.17598960753274537,0.07256299439259478,-0.2709354512293704
ROS1-42-0006,2019-10-19,0.17251592486894915,0.09907468035389902,-0.27958115009418893
ROS1-30-0001,2019-10-19,0.5134950002386175,0.2909991840344024,-0.45653611815189693
ROS1-36-0022,2019-10-19,0.16649242444414514,0.07756541771116514,-0.2950987126443266
ROS1-37-0025,2019-10-19,0.40960560903871346,0.2517805732083363,-0.4684881910672211
ROS1-42-0008,2019-10-19,0.6810890201951476,0.47423855181121977,-0.6483005934709728
ROS1-30-0006,2019-10-19,0.30611647719387575,0.1430222413779078,-0.3612750438893988
ROS1-28-0006,2019-04-01,0.20971839254840427,0.08253504944435486,-0.3405113359692811
ROS1-28-0006,2019-05-19,0.2789257546526544,0.11013274721117745,-0.4020409977871916
ROS1-28-0006,2019-06-20,0.41576970946144565,0.19922847540348654,-0.4783699573969109
ROS1-28-0006,2019-07-06,0.4746762632202909,0.2813404129828291,-0.47525597650179763
ROS1-28-0006,2019-07-22,0.5866948470536826,0.37053223871831725,-0.5662035366442976
ROS1-28-0006,2019-08-23,0.661407174249818,0.429225054951235,-0.6302620136435698
ROS1-28-0006,2019-09-08,0.5406187734630432,0.3218034281278818,-0.5368859339764319
ROS1-28-0006,2019-09-24,0.3401001928935698,0.1698307123915378,-0.502799373949259
ROS1-28-0006,2019-10-26,0.24647361042675606,0.10085379039035508,-0.4082125440751675
ROS1-27-0006,2019-04-01,0.2631583883297622,0.11273056268440981,-0.38682452111339233
ROS1-28-0006,2019-04-01,0.21359273424670114,0.08253153597711972,-0.3490545340175357
ROS1-33-0014,2019-04-01,0.2465386581745947,0.11214808620925833,-0.38567050931514113
ROS1-27-0009,2019-04-01,0.20177197171038075,0.09784706153088381,-0.3327352729151185
ROS1-28-0017,2019-04-01,0.5296437859318488,0.2661045499660795,-0.5513460213101167
ROS1-33-0018,2019-04-01,0.3166519057767095,0.15891573605719844,-0.43504207992317034
ROS1-21-0034,2019-04-01,0.2549351224145151,0.10292025817061794,-0.3936595024179413
ROS1-27-0004,2019-04-01,0.3352348541826241,0.15322663474366915,-0.4425585545171931
ROS1-28-0029,2019-04-01,0.24895913735050054,0.07300680043783332,-0.34757027196648194
ROS1-27-0006,2019-05-03,0.5739544455582614,0.29624851892015114,-0.5617615207238962
ROS1-28-0006,2019-05-03,0.26380493737306987,0.09436949788544548,-0.3385344569670413
ROS1-27-0009,2019-05-03,0.3197537047447124,0.17817303491989972,-0.40453217656961943
ROS1-28-0017,2019-05-03,0.6711575501103877,0.4076986787427127,-0.6758744513916886
ROS1-27-0004,2019-05-03,0.626595128191083,0.3917430097862911,-0.5890617504608008
ROS1-28-0029,2019-05-03,0.2781628011126223,0.11000147392980791,-0.3599088077802461
ROS1-27-0006,2019-05-19,0.830096588976416,0.6144678290695453,-0.752999891746904
ROS1-28-0006,2019-05-19,0.2630393511191386,0.10579740346983527,-0.36581544620345613
ROS1-33-0014,2019-05-19,0.6669842524781852,0.4034959887755745,-0.6045271340152001
ROS1-27-0009,2019-05-19,0.23519198048957568,0.1360395907206643,-0.36931805742286805
ROS1-28-0017,2019-05-19,0.6861352138916827,0.4813265168765453,-0.6855956994293994
ROS1-33-0018,2019-05-19,0.6404654765385009,0.41876259233740337,-0.633192256915839
ROS1-21-0034,2019-05-19,0.29719278244258146,0.16193545040005639,-0.4194866188520945
ROS1-27-0004,2019-05-19,0.7194038823459026,0.4401679574816162,-0.6443262756807746
ROS1-28-0029,2019-05-19,0.27118454945098497,0.10648583697763216,-0.3890800977802094
ROS1-27-0006,2019-06-04,0.8252582126184487,0.6910088365159872,-0.7618280813077892
ROS1-33-0014,2019-06-04,0.476340971893858,0.2752817250559252,-0.48621122071611744
ROS1-27-0009,2019-06-04,0.3299857981113868,0.19773099199362507,-0.4232637342927574
ROS1-28-0017,2019-06-04,0.6057114014893888,0.4977879192101894,-0.585719559545513
ROS1-33-0018,2019-06-04,0.5835496854961039,0.3406313319726595,-0.5892554604657598
ROS1-27-0004,2019-06-04,0.6392101922821645,0.43178736446579546,-0.6062623647791563
ROS1-28-0029,2019-06-04,0.3058827905358312,0.18025618245042646,-0.3708041702207755
ROS1-27-0006,2019-06-20,0.611862708749175,0.41355612548816034,-0.5961307102914973
ROS1-28-0006,2019-06-20,0.4085505326238407,0.1960679229594119,-0.4608274809508047
ROS1-33-0014,2019-06-20,0.23081274337532484,0.1377537950823989,-0.3778917372738319
ROS1-26-0031,2019-06-20,0.2951481264756361,0.14743989818003633,-0.4260603831711054
ROS1-27-0009,2019-06-20,0.46436471534849827,0.32028646061773036,-0.48663186016078236
ROS1-28-0017,2019-06-20,0.39898814185369175,0.2113708406500578,-0.4832968247129553
ROS1-33-0018,2019-06-20,0.30088378026812884,0.17976939810792641,-0.41929813464825627
ROS1-21-0034,2019-06-20,0.48006685268654814,0.28606538814314825,-0.5016879838336294
ROS1-27-0004,2019-06-20,0.36682294795124853,0.19805770661875594,-0.4499318454288846
ROS1-27-0006,2019-07-06,0.2993205889805392,0.19351982500773734,-0.4608737212522543
ROS1-28-0006,2019-07-06,0.468770151713237,0.276833308641404,-0.46105920943872
ROS1-33-0014,2019-07-06,0.2003043363077734,0.1262978262326172,-0.33719217688076886
ROS1-26-0031,2019-07-06,0.20756443212039555,0.11774508534103902,-0.3656274273141558
ROS1-27-0009,2019-07-06,0.5063778642851748,0.33985240784460147,-0.5241997705934157
ROS1-33-0018,2019-07-06,0.20891822240787664,0.15138138541479568,-0.3561770475120087
ROS1-21-0034,2019-07-06,0.490307451181725,0.3543314800956077,-0.5047055405940319
ROS1-27-0004,2019-07-06,0.2230290419877757,0.1633309114865464,-0.3403817440550433
ROS1-27-0006,2019-07-22,0.20205158729234138,0.14477018530582192,-0.34888638186655
ROS1-28-0006,2019-07-22,0.580231104598952,0.36760821605022764,-0.5487365561159848
ROS1-33-0014,2019-07-22,0.20533362997577415,0.1372827814637234,-0.31248235688274156
ROS1-26-0031,2019-07-22,0.1356923624569961,0.09686129927289074,-0.27151303087941486
ROS1-27-0009,2019-07-22,0.5687424258791371,0.38495145620179616,-0.5615282570162087
ROS1-28-0017,2019-07-22,0.19188313045166533,0.11315728876214257,-0.32736455381886725
ROS1-33-0018,2019-07-22,0.27187654967995606,0.19123870921057853,-0.3689967773051996
ROS1-21-0034,2019-07-22,0.591106458659149,0.37442195312941695,-0.5640877116677456
ROS1-27-0004,2019-07-22,0.21734242000406456,0.14574429170450165,-0.3414670607402777
ROS1-28-0029,2019-07-22,0.6731046991080329,0.46318412932164843,-0.6094903306979941
ROS1-26-0031,2019-08-07,0.1860911688695713,0.12031960939511906,-0.30673692874379543
ROS1-27-0009,2019-08-07,0.678849769494103,0.4747095549376501,-0.6343685287387455
ROS1-28-0017,2019-08-07,0.20313158485875046,0.15767206665976982,-0.2739029501562605
ROS1-33-0018,2019-08-07,0.5154480798736086,0.40453567502044196,-0.5193073477333549
ROS1-21-0034,2019-08-07,0.7015173824824062,0.445713592070564,-0.6451265991220769
ROS1-27-0004,2019-08-07,0.4347172870275532,0.21399747699633848,-0.39838644212028435
ROS1-28-0029,2019-08-07,0.6682251092048687,0.5053380620491044,-0.5922762460246673
ROS1-28-0006,2019-08-23,0.6458664831407972,0.4184951392452917,-0.6022436110434793
ROS1-33-0014,2019-08-23,0.2518830125230601,0.18154138074448226,-0.33818327060079856
ROS1-27-0009,2019-08-23,0.31300598725098466,0.20090895150763705,-0.38740238777734376
ROS1-33-0018,2019-08-23,0.3044082137246514,0.20099483240635455,-0.38536901920486677
ROS1-21-0034,2019-08-23,0.5507005373724506,0.4024425132460646,-0.5423488360986547
ROS1-28-0029,2019-08-23,0.47522357250664776,0.35405116867488745,-0.4478428903227841
ROS1-27-0006,2019-09-08,0.18445951807671343,0.1329807587694651,-0.27291187378357723
ROS1-28-0006,2019-09-08,0.5247217699541076,0.31488357964751923,-0.5105166757697335
ROS1-33-0014,2019-09-08,0.27325603569549034,0.18466082883493243,-0.40067050665088577
ROS1-27-0009,2019-09-08,0.24133920604977702,0.16013923528797855,-0.3874158016715511
ROS1-28-0017,2019-09-08,0.20215863124719252,0.10240281033418212,-0.298618970532634
ROS1-33-0018,2019-09-08,0.2720982757510358,0.16367717973443469,-0.3942013759637784
ROS1-21-0034,2019-09-08,0.33511818657409226,0.2133134756316798,-0.44392390452036234
ROS1-27-0004,2019-09-08,0.4138111545571957,0.2695045001324919,-0.46672168461239566
ROS1-28-0029,2019-09-08,0.3436506371524576,0.18068576574984674,-0.4192219783499314
ROS1-27-0006,2019-09-24,0.2695180651793876,0.14264913729067158,-0.36474999953333176
ROS1-28-0006,2019-09-24,0.3232954870612435,0.16381128323140812,-0.46556506198120984
ROS1-33-0014,2019-09-24,0.28746499801071934,0.1812349443132314,-0.4280508994513158
ROS1-27-0009,2019-09-24,0.21854788632645314,0.16115284289226062,-0.3700479863594377
ROS1-28-0017,2019-09-24,0.2274782269501497,0.10034651109200465,-0.34677947616925886
ROS1-33-0018,2019-09-24,0.2053028331439783,0.0852909824668385,-0.34884977379971027
ROS1-21-0034,2019-09-24,0.29437536367142925,0.1791887648986769,-0.4724671020700183
ROS1-27-0004,2019-09-24,0.39933728806170193,0.2322946165431476,-0.47229698071997783
ROS1-28-0029,2019-09-24,0.35145744216728664,0.14231609517119445,-0.4149542567311621
ROS1-27-0006,2019-10-10,0.235426648721748,0.12834659439575088,-0.37243925731248667
ROS1-26-0031,2019-10-10,0.23699584575276897,0.11590120409520237,-0.3358221437868433
ROS1-27-0009,2019-10-10,0.20730581556306732,0.1281014097457144,-0.38727416228533873
ROS1-21-0034,2019-10-10,0.20150091680805463,0.14096530259422824,-0.3785941594441588
ROS1-27-0004,2019-10-10,0.2738128725331404,0.14753623321912848,-0.38777644432947594
ROS1-27-0006,2019-10-26,0.19692774102296612,0.09383523083071492,-0.3243754070198674
ROS1-28-0006,2019-10-26,0.2279766839644747,0.09449296554900397,-0.3646683933037173
ROS1-33-0014,2019-10-26,0.22821774808835288,0.11830403991788487,-0.3689263076288273
ROS1-26-0031,2019-10-26,0.4732681220518444,0.25047479486308316,-0.49947808184626785
ROS1-27-0009,2019-10-26,0.19035261314615057,0.10336807813078269,-0.34155927552800225
ROS1-28-0017,2019-10-26,0.541467705303416,0.3091478486162622,-0.5623368015738375
ROS1-33-0018,2019-10-26,0.17394398145718232,0.07428054660830614,-0.2784491369533276
ROS1-21-0034,2019-10-26,0.1998554561334485,0.1233556693623933,-0.34353688057410053
ROS1-27-0004,2019-10-26,0.2525883255897344,0.10922251267760531,-0.3551739522930048
ROS1-28-0029,2019-10-26,0.25771029851841987,0.11697795429535368,-0.3818737804001746
ROS1-19-0041,2019-04-01,0.26021719932178816,0.1304203012271063,-0.3495331144787946
ROS1-25-0017,2019-04-01,0.14116596067975967,0.0888916304070721,-0.24652336525026633
ROS1-26-0027,2019-04-01,0.34455628815960465,0.17916983007543855,-0.41560204642882165
ROS1-31-0009,2019-04-01,0.1475034308378349,0.05832302834061549,-0.2821004138265521
ROS1-32-0018,2019-04-01,0.30183750390743047,0.15829283507170874,-0.38903202802549525
ROS1-19-0026,2019-04-01,0.3613374258863778,0.17993499268276458,-0.42945407858876417
ROS1-20-0010,2019-04-01,0.21646027591425454,0.09542190777823893,-0.33142113141465096
ROS1-25-0008,2019-04-01,0.26756923556021656,0.11680646348939758,-0.35574151033171947
ROS1-26-0031,2019-04-01,0.6116141671787202,0.3340510834291876,-0.5990190115176462
ROS1-27-0009,2019-04-01,0.17608443268696006,0.08614326628335965,-0.2808012913364014
ROS1-30-0001,2019-04-01,0.2859578601619333,0.15193955335676462,-0.3497102729293957
ROS1-31-0024,2019-04-01,0.2419870477197285,0.11916059243677583,-0.3470144176908762
ROS1-32-0022,2019-04-01,0.6374980701203595,0.41171536856199525,-0.6163533520348199
ROS1-37-0025,2019-04-01,0.26998523054125134,0.1387783399632602,-0.3680178717027063
ROS1-19-0022,2019-04-01,0.16617091474794263,0.05724954264478592,-0.27615086541934625
ROS1-20-0007,2019-04-01,0.4017057420773941,0.1979187484737402,-0.4570784770520014
ROS1-21-0034,2019-04-01,0.22006789601457075,0.09094474127793918,-0.32245114020451865
ROS1-25-0016,2019-04-01,0.1799291187112195,0.07160547396718871,-0.2798149027248623
ROS1-26-0006,2019-04-01,0.25915574731721924,0.10267614041474331,-0.36118188365676107
ROS1-30-0006,2019-04-01,0.15754176439775505,0.06973764962696333,-0.2702184556355644
ROS1-31-0038,2019-04-01,0.19276474495167054,0.08508755351364922,-0.33118659516068705
ROS1-19-0041,2019-05-03,0.7600565925622474,0.5000897487684419,-0.6798506101670652
ROS1-25-0017,2019-05-03,0.21793040969195557,0.09969223443512384,-0.2999720950995022
ROS1-26-0027,2019-05-03,0.49004934434323427,0.33718044230677846,-0.5341510423176171
ROS1-32-0018,2019-05-03,0.4959177578871314,0.3259814885231638,-0.49922322255863466
ROS1-19-0026,2019-05-03,0.8353442644698996,0.5929761404311003,-0.754604543127245
ROS1-20-0010,2019-05-03,0.33003369127879556,0.17648122919193862,-0.39985486312190743
ROS1-26-0031,2019-05-03,0.6562104360964718,0.4370525828480691,-0.607435314895529
ROS1-27-0009,2019-05-03,0.307068013969387,0.17296431473654836,-0.37966570152377466
ROS1-32-0022,2019-05-03,0.8536132363144348,0.5779801386163632,-0.7876149624298755
ROS1-19-0022,2019-05-03,0.37020353155627433,0.18762449559269623,-0.42002900018010375
ROS1-20-0007,2019-05-03,0.7584157613484479,0.5686643086242058,-0.692468179437781
ROS1-26-0006,2019-05-03,0.5249468138562083,0.38827453923249966,-0.5236037052322076
ROS1-19-0041,2019-05-19,0.8619784762907965,0.7050924288898556,-0.771382854434879
ROS1-25-0017,2019-05-19,0.23792184885583487,0.12073643355125464,-0.32556375402275833
ROS1-26-0027,2019-05-19,0.47169685310901044,0.3096395078164337,-0.5166285034648873
ROS1-31-0009,2019-05-19,0.20153437875299948,0.09398822315424685,-0.3390179120524457
ROS1-32-0018,2019-05-19,0.6624257106538258,0.4344191631926663,-0.6452576842315034
ROS1-37-0049,2019-05-19,0.6180936962463918,0.4388283579023201,-0.6417269730985564
ROS1-19-0026,2019-05-19,0.8989039880610009,0.7445652061560943,-0.8234868924524046
ROS1-20-0010,2019-05-19,0.5031513177332329,0.3112557414882399,-0.5253744891681202
ROS1-25-0008,2019-05-19,0.7664309275945961,0.5529398330129219,-0.7021980953930196
ROS1-26-0031,2019-05-19,0.8743248724856245,0.5950948337626945,-0.8083572210393081
ROS1-27-0009,2019-05-19,0.23310852679372804,0.13501575709672453,-0.3632358929251188
ROS1-30-0001,2019-05-19,0.5592072210560118,0.3865892411771403,-0.5243779780420869
ROS1-31-0024,2019-05-19,0.7541137260526121,0.5242186122013432,-0.7151856958363593
ROS1-32-0022,2019-05-19,0.8922035935812548,0.724588256428784,-0.8277639503195534
ROS1-37-0025,2019-05-19,0.7671420656004828,0.40512285683143395,-0.7264513115959292
ROS1-38-0002,2019-05-19,0.18340094714042426,0.094333777474582,-0.32571627434241635
ROS1-19-0022,2019-05-19,0.753615687456254,0.5893623006402409,-0.6713186629310919
ROS1-20-0007,2019-05-19,0.8595321804692369,0.6575562613501257,-0.7832407018621601
ROS1-21-0034,2019-05-19,0.2891465553916183,0.1592962041667014,-0.3997780916868341
ROS1-25-0016,2019-05-19,0.3188020601609958,0.16064804530361626,-0.4086475072804187
ROS1-26-0006,2019-05-19,0.2644747954513851,0.11199968158457647,-0.3839996213945296
ROS1-30-0006,2019-05-19,0.21780156687859084,0.1025233939145812,-0.32760826978987206
ROS1-31-0038,2019-05-19,0.7949802019885875,0.5475875001050076,-0.7467167052724835
ROS1-19-0041,2019-06-04,0.8436726037459481,0.6566676135669912,-0.7562795250404705
ROS1-25-0017,2019-06-04,0.3229362571070797,0.1350166742850877,-0.34273135213193767
ROS1-26-0027,2019-06-04,0.35664308836470465,0.21629058122101813,-0.41213005170122613
ROS1-31-0009,2019-06-04,0.18918007468269535,0.0917746132227759,-0.3278784810044696
ROS1-19-0026,2019-06-04,0.855919679386066,0.6332490301729533,-0.7844686760015709
ROS1-20-0010,2019-06-04,0.6610048584600677,0.5001863221117578,-0.5941125416895242
ROS1-25-0008,2019-06-04,0.5997574643349761,0.36358047175724784,-0.5959052584860163
ROS1-26-0031,2019-06-04,0.7784024829126961,0.4908295688327953,-0.7287458627590713
ROS1-27-0009,2019-06-04,0.32572758254222023,0.196245211452447,-0.41123712466071816
ROS1-30-0001,2019-06-04,0.5849268038362061,0.3354444243190551,-0.5595454724447242
ROS1-31-0024,2019-06-04,0.687215916195534,0.464159304581708,-0.6612342155981783
ROS1-32-0022,2019-06-04,0.7641911226046499,0.6291602469233459,-0.7192098188485095
ROS1-37-0025,2019-06-04,0.531931634758606,0.29317244976863194,-0.5872638380108113
ROS1-38-0002,2019-06-04,0.1856446718208512,0.08993823776994622,-0.3123294806763786
ROS1-19-0022,2019-06-04,0.2757315922513863,0.12195348337410129,-0.36403460130398313
ROS1-20-0007,2019-06-04,0.753371227839948,0.54961378082642,-0.6984789728568689
ROS1-25-0016,2019-06-04,0.36843934682284024,0.223278453588021,-0.4343113957352836
ROS1-26-0006,2019-06-04,0.3789657868421485,0.21512541510606945,-0.41289405259386874
ROS1-30-0006,2019-06-04,0.17869588162481184,0.08966792182429713,-0.3082342399938597
ROS1-31-0038,2019-06-04,0.7940911047282737,0.5413979125907612,-0.7468881920129903
ROS1-19-0041,2019-06-20,0.42966703191094624,0.2868909526303426,-0.5402318008015201
ROS1-25-0017,2019-06-20,0.5648104896371651,0.28012755322488464,-0.4862992051661564
ROS1-26-0027,2019-06-20,0.19790468246463644,0.12355911879545277,-0.35386526594744655
ROS1-31-0009,2019-06-20,0.1448745637483657,0.07020497727841325,-0.2855348507836568
ROS1-32-0018,2019-06-20,0.2780583604629403,0.17138805702548174,-0.40118780092924566
ROS1-19-0026,2019-06-20,0.3473220085257407,0.22019133190559234,-0.5055534470031189
ROS1-20-0010,2019-06-20,0.5246588913459364,0.3974628275855249,-0.5197686535705796
ROS1-25-0008,2019-06-20,0.24419681994523681,0.14727833852824276,-0.40370483683387626
ROS1-26-0031,2019-06-20,0.3014959471182169,0.14056983447872592,-0.4201273479110315
ROS1-27-0009,2019-06-20,0.46707427118413314,0.3210998220481837,-0.4894220266168643
ROS1-30-0001,2019-06-20,0.18237250475552608,0.1318051194883808,-0.25718329691001823
ROS1-31-0024,2019-06-20,0.299953120966422,0.17614440447108096,-0.4555583698174084
ROS1-32-0022,2019-06-20,0.30390005127835645,0.183961683036108,-0.4875314905360012
ROS1-37-0025,2019-06-20,0.23267262094317537,0.14222227486655284,-0.42498021319868046
ROS1-38-0002,2019-06-20,0.15408844274651667,0.07662228259029794,-0.29159716825997506
ROS1-19-0022,2019-06-20,0.26507645175485106,0.12647087332407544,-0.3667413618845543
ROS1-21-0034,2019-06-20,0.4822930846176863,0.2881804335320637,-0.5046859475861722
ROS1-25-0016,2019-06-20,0.49464402855386863,0.2969367178917309,-0.5134109759167922
ROS1-26-0006,2019-06-20,0.28932239003159854,0.15874910424372327,-0.41206115174369057
ROS1-30-0006,2019-06-20,0.14213200019598224,0.06179125092533411,-0.2501323272770898
ROS1-31-0038,2019-06-20,0.4383539984886989,0.2745109505972629,-0.5399865447285134
ROS1-19-0041,2019-07-06,0.23051305847660541,0.1792290570052748,-0.3989619540316197
ROS1-25-0017,2019-07-06,0.7488775402889485,0.4677955546275969,-0.6751548197750923
ROS1-26-0027,2019-07-06,0.164828469804204,0.13141000110107443,-0.26827248888460553
ROS1-31-0009,2019-07-06,0.14128752421893048,0.07057279372965483,-0.2825662337532512
ROS1-32-0018,2019-07-06,0.21847558232187192,0.15187998565664387,-0.35385720181921493
ROS1-19-0026,2019-07-06,0.2362176704426841,0.16061286922584625,-0.4224097876316306
ROS1-20-0010,2019-07-06,0.3253933116790023,0.19241828800080932,-0.42347848129394433
ROS1-25-0008,2019-07-06,0.16745537246779915,0.13622090627779757,-0.32444480801214526
ROS1-26-0031,2019-07-06,0.21038325289209137,0.11921979691015737,-0.37068707560037095
ROS1-27-0009,2019-07-06,0.5060748211140934,0.3399023674958686,-0.5238766784622831
ROS1-30-0001,2019-07-06,0.1904773648193737,0.12681740419797916,-0.3294324618923553
ROS1-31-0024,2019-07-06,0.17632693250788017,0.13691159383678114,-0.3598605477528328
ROS1-32-0022,2019-07-06,0.1765855849633998,0.14092258271301913,-0.36247287251702215
ROS1-37-0025,2019-07-06,0.1611602975785053,0.11426237823598664,-0.33409596791854185
ROS1-38-0002,2019-07-06,0.15113027619384858,0.07641705130835515,-0.29724583619109846
ROS1-19-0022,2019-07-06,0.2753808709710602,0.15713723750330957,-0.3537415806508449
ROS1-20-0007,2019-07-06,0.30269322264598797,0.20730595404396476,-0.42615952462504203
ROS1-21-0034,2019-07-06,0.49133872728296824,0.35448534799205866,-0.5060412326200743
ROS1-25-0016,2019-07-06,0.5707557556301224,0.3580054642936002,-0.5825197412623286
ROS1-26-0006,2019-07-06,0.27850780133790737,0.155756409616624,-0.4013707962838565
ROS1-30-0006,2019-07-06,0.14595246093111305,0.07542246196903975,-0.2609150844742797
ROS1-31-0038,2019-07-06,0.23467811982011064,0.17268871700892213,-0.394411956859748
ROS1-19-0041,2019-07-22,0.2506320781868775,0.15876226847913802,-0.34095731810818286
ROS1-25-0017,2019-07-22,0.8503599259861776,0.5844511067418297,-0.7555775272535276
ROS1-26-0027,2019-07-22,0.15499447190745555,0.08702270747438265,-0.2873337767371024
ROS1-31-0009,2019-07-22,0.1359459389161918,0.05139085124304179,-0.22746538824276896
ROS1-32-0018,2019-07-22,0.2977496398329209,0.18475503332775,-0.36989327843827274
ROS1-19-0026,2019-07-22,0.19444409042222457,0.11174131385411246,-0.34273634428799477
ROS1-20-0010,2019-07-22,0.23407036043244073,0.12776245663810243,-0.3420165760961842
ROS1-25-0008,2019-07-22,0.25041804180771626,0.1513953699644715,-0.32776972601980353
ROS1-26-0031,2019-07-22,0.13725116080450867,0.09788964808897176,-0.2738353464913551
ROS1-27-0009,2019-07-22,0.5706612834818757,0.38860147878154744,-0.5631011679702022
ROS1-30-0001,2019-07-22,0.2737833625499869,0.164092834208156,-0.3421685538661653
ROS1-31-0024,2019-07-22,0.1864868735415132,0.11026515132179712,-0.3024677462854821
ROS1-32-0022,2019-07-22,0.11878534901817578,0.07754098164685502,-0.2469258444120047
ROS1-38-0002,2019-07-22,0.15516953075560386,0.05779026214833117,-0.2579682167726305
ROS1-19-0022,2019-07-22,0.7535753529640605,0.5964115121511708,-0.6680514948083629
ROS1-20-0007,2019-07-22,0.17635636166772845,0.11446364324354186,-0.3042410768494344
ROS1-21-0034,2019-07-22,0.5897474088735859,0.37512502257708097,-0.5641315743407008
ROS1-25-0016,2019-07-22,0.6291732218567258,0.3827822273227415,-0.6045426814036917
ROS1-26-0006,2019-07-22,0.1991183630841297,0.09110549395424888,-0.2905752840059815
ROS1-31-0038,2019-07-22,0.35261648372413773,0.21619327230883195,-0.4242417594653528
ROS1-25-0017,2019-08-07,0.8870414260706132,0.7188428797025043,-0.8038810611367803
ROS1-26-0027,2019-08-07,0.17962812567318281,0.08796236787766132,-0.2858502326590286
ROS1-31-0009,2019-08-07,0.17409153120203988,0.07967261633781092,-0.29669032071854884
ROS1-32-0018,2019-08-07,0.5711201077680915,0.4305430700960084,-0.5556307069279866
ROS1-19-0026,2019-08-07,0.20960142915883345,0.14527708963119057,-0.30353598661369385
ROS1-20-0010,2019-08-07,0.1866326340711839,0.12935601236227978,-0.2648758776234433
ROS1-25-0008,2019-08-07,0.17102341164133947,0.07908271468392077,-0.2831680851603992
ROS1-26-0031,2019-08-07,0.20188370801432312,0.13064852094349888,-0.3144946357085277
ROS1-27-0009,2019-08-07,0.6791696271708916,0.4749306289852883,-0.6347785740420501
ROS1-30-0001,2019-08-07,0.41669991862791417,0.25555237403220504,-0.4332612059816568
ROS1-31-0024,2019-08-07,0.31063078555078477,0.18700669704429063,-0.3936582188144684
ROS1-32-0022,2019-08-07,0.25683959824085506,0.17762475985773224,-0.3539251220889099
ROS1-37-0025,2019-08-07,0.4022963057191664,0.2601407948596956,-0.43491384689557694
ROS1-38-0002,2019-08-07,0.15702427193269256,0.10195178183292355,-0.29532827647745363
ROS1-20-0007,2019-08-07,0.2942451392536618,0.18025488909982687,-0.37692996785055344
ROS1-21-0034,2019-08-07,0.7021132711124851,0.44568152972447483,-0.6464298209253312
ROS1-25-0016,2019-08-07,0.6911282070028183,0.5213263850179711,-0.6419763605952732
ROS1-26-0006,2019-08-07,0.3185889190769593,0.17145002558529548,-0.3902820933222287
ROS1-30-0006,2019-08-07,0.16233218134951183,0.08459321286166917,-0.2899911543836913
ROS1-31-0038,2019-08-07,0.4934388332929385,0.3400407147338959,-0.5215443256246335
ROS1-31-0009,2019-08-23,0.15444257357751393,0.08210361070202853,-0.26126620636033704
ROS1-32-0018,2019-08-23,0.34315390187812556,0.27863949657800724,-0.3824155993697734
ROS1-25-0008,2019-08-23,0.15680885569154432,0.10204739072770895,-0.2207493749655915
ROS1-27-0009,2019-08-23,0.3023714094649111,0.19328508789370516,-0.3708078350951468
ROS1-30-0001,2019-08-23,0.20215576958952353,0.09671231220792863,-0.2959732981223594
ROS1-31-0024,2019-08-23,0.24426491172953038,0.17089466943911405,-0.3442087156370801
ROS1-32-0022,2019-08-23,0.16231695225363696,0.10345084974598845,-0.2800056685889285
ROS1-37-0025,2019-08-23,0.29254391283675685,0.2034652848312788,-0.36489980715015524
ROS1-20-0007,2019-08-23,0.32606202234121673,0.21866793029946047,-0.39924296839430196
ROS1-21-0034,2019-08-23,0.5415096692741626,0.39641767392405414,-0.5244965531032282
ROS1-26-0006,2019-08-23,0.13428400200313603,0.0798406408728241,-0.2128122750653956
ROS1-30-0006,2019-08-23,0.1563256022821869,0.07206630799106413,-0.25541103277159266
ROS1-31-0038,2019-08-23,0.491461351025942,0.35074508887477995,-0.5327388755609554
ROS1-19-0041,2019-09-08,0.35005951262678675,0.2226281967707708,-0.4416769325474408
ROS1-25-0017,2019-09-08,0.7395116554806627,0.5524762960114612,-0.6777296376368381
ROS1-26-0027,2019-09-08,0.14348120383022317,0.06628415315079048,-0.25402629317573666
ROS1-31-0009,2019-09-08,0.1478221698863531,0.06791047819053307,-0.27780736565743946
ROS1-32-0018,2019-09-08,0.36734742949451354,0.23437257793630437,-0.46921827610524136
ROS1-37-0049,2019-09-08,0.14009544335113783,0.050746355268920636,-0.290378140627479
ROS1-19-0026,2019-09-08,0.15672237415660012,0.07010796933039207,-0.2395569344047486
ROS1-20-0010,2019-09-08,0.15455123836974877,0.07626722911172709,-0.2627478162728493
ROS1-25-0008,2019-09-08,0.14867615309266788,0.0657109903501529,-0.26289166088820215
ROS1-26-0031,2019-09-08,0.13613336572750187,0.06904783574687247,-0.2465555849338078
ROS1-27-0009,2019-09-08,0.23756669913028622,0.15875185673215658,-0.3796102787787712
ROS1-30-0001,2019-09-08,0.18876652620418766,0.08862770538508609,-0.292558928981414
ROS1-31-0024,2019-09-08,0.22468354436034046,0.13868950234161834,-0.3481057134355934
ROS1-32-0022,2019-09-08,0.14520897206237351,0.07996272258077791,-0.2796864175667976
ROS1-37-0025,2019-09-08,0.2761772717302973,0.17898837613808413,-0.3995140592189951
ROS1-38-0002,2019-09-08,0.15414311753074644,0.07030477314566637,-0.28702650093932536
ROS1-19-0022,2019-09-08,0.7537527288848735,0.6199771230007811,-0.665836726619071
ROS1-20-0007,2019-09-08,0.263181428228998,0.18390200917888028,-0.3630629767692607
ROS1-21-0034,2019-09-08,0.3357295005677118,0.21299184214307793,-0.4450165853062253
ROS1-25-0016,2019-09-08,0.35348923209569183,0.1881760209257522,-0.42177049020132623
ROS1-30-0006,2019-09-08,0.15056740745296535,0.06500287228897472,-0.2661764869393772
ROS1-31-0038,2019-09-08,0.44960416913885354,0.30503543176827,-0.525502501949327
ROS1-19-0041,2019-09-24,0.34017938886285914,0.16196252042437354,-0.3938557721091967
ROS1-26-0027,2019-09-24,0.15529856272412434,0.09381155315020027,-0.26239586758554423
ROS1-32-0018,2019-09-24,0.33233705391677126,0.19033749252708632,-0.4381870145682073
ROS1-19-0026,2019-09-24,0.15578989306590818,0.0881934418443231,-0.24727082204372103
ROS1-20-0010,2019-09-24,0.15928597803161532,0.07995774920239483,-0.23786185765065634
ROS1-26-0031,2019-09-24,0.10579959305366402,0.10267358994753129,-0.1717417172638787
ROS1-27-0009,2019-09-24,0.2102528941794043,0.15682432162273605,-0.35351862865336253
ROS1-32-0022,2019-09-24,0.1709935293215895,0.11377295023432007,-0.29818080325878754
ROS1-38-0002,2019-09-24,0.13131652494592017,0.0492934756134686,-0.19595482265900777
ROS1-19-0022,2019-09-24,0.598860437572253,0.5856280298816278,-0.5473189901211375
ROS1-20-0007,2019-09-24,0.3074152967855541,0.17512648354439203,-0.3923985351276048
ROS1-21-0034,2019-09-24,0.2896857560603782,0.17701352343568613,-0.46143790065808576
ROS1-26-0006,2019-09-24,0.15815417491227216,0.11990660601100461,-0.21922171569744703
ROS1-19-0041,2019-10-10,0.45787080404614827,0.24323109453332423,-0.4758672489136936
ROS1-25-0017,2019-10-10,0.4309868138949723,0.2574165324742313,-0.5064576683245535
ROS1-26-0027,2019-10-10,0.1279922232450818,0.07683792852799717,-0.1971527877869454
ROS1-31-0009,2019-10-10,0.24289816853986068,0.07486713315506976,-0.31192402624081017
ROS1-32-0018,2019-10-10,0.273991997889827,0.1460395659641137,-0.366533651478063
ROS1-19-0026,2019-10-10,0.21058760870254592,0.08161815366751503,-0.276098970490858
ROS1-20-0010,2019-10-10,0.1521541949304813,0.06168120665337632,-0.25507334558244144
ROS1-25-0008,2019-10-10,0.40907484360353075,0.1650502748996174,-0.4104458184292924
ROS1-26-0031,2019-10-10,0.22881968336638497,0.11205558203314199,-0.31059832297376344
ROS1-27-0009,2019-10-10,0.19709976334429785,0.12230955250803577,-0.3700231664458924
ROS1-30-0001,2019-10-10,0.22939954542195465,0.2240439043257817,-0.24313063814240488
ROS1-31-0024,2019-10-10,0.1971816743883856,0.10433622271860347,-0.31494484230926684
ROS1-32-0022,2019-10-10,0.19951885030546662,0.14185275040847642,-0.2884382607749533
ROS1-37-0025,2019-10-10,0.2327933170842872,0.16543039051926356,-0.25732221528496063
ROS1-38-0002,2019-10-10,0.45887640740637464,0.19396752494092356,-0.463572900425451
ROS1-19-0022,2019-10-10,0.2860895446164776,0.130768553146032,-0.36930311819559364
ROS1-20-0007,2019-10-10,0.3229026365778518,0.18654555151431232,-0.40987563837189295
ROS1-21-0034,2019-10-10,0.1974499481922069,0.13898561209687274,-0.36366264598798176
ROS1-25-0016,2019-10-10,0.29282076279328517,0.10933349993073622,-0.3706768767410179
ROS1-26-0006,2019-10-10,0.2953870865180128,0.1313327327861896,-0.3586497994712351
ROS1-30-0006,2019-10-10,0.18988850703630122,0.1338526771702135,-0.211531457150777
ROS1-31-0038,2019-10-10,0.4213710894032046,0.27012189353456817,-0.4855724616239059
ROS1-19-0041,2019-10-26,0.18166502431262582,0.05534537902742125,-0.283738715428022
ROS1-20-0023,2019-10-26,0.15452189387976442,0.05462301678272568,-0.2752704564841885
ROS1-25-0017,2019-10-26,0.2604876259486328,0.16010913623278747,-0.3643886821898224
ROS1-26-0027,2019-10-26,0.3158219661957642,0.14696289143073124,-0.3722126691289908
ROS1-31-0009,2019-10-26,0.6260560956795387,0.34858666688903306,-0.585180821335475
ROS1-32-0018,2019-10-26,0.27111105279824876,0.12623543683575997,-0.3582235040887401
ROS1-19-0026,2019-10-26,0.4446056427724036,0.20886050240755724,-0.44428894501709865
ROS1-20-0010,2019-10-26,0.20029992667225566,0.08080330302468315,-0.2890054730744102
ROS1-25-0008,2019-10-26,0.6621996130821298,0.3988081958311378,-0.5918048864716999
ROS1-26-0031,2019-10-26,0.4611688024500597,0.24772802370657207,-0.4740404295411828
ROS1-27-0009,2019-10-26,0.17704366758860013,0.09802177146786352,-0.31485275575847527
ROS1-30-0001,2019-10-26,0.5949358756763674,0.3131044454865341,-0.5307362716280382
ROS1-31-0024,2019-10-26,0.1427425676126904,0.08648868431553515,-0.14179051351306513
ROS1-32-0022,2019-10-26,0.6599746712323411,0.44285636204013706,-0.6104723674385858
ROS1-38-0002,2019-10-26,0.7377749306882657,0.5120204450938908,-0.6768104276877773
ROS1-19-0022,2019-10-26,0.150693561041654,0.04421210084184974,-0.20731561312160945
ROS1-20-0007,2019-10-26,0.2861625081220191,0.14809524216625708,-0.39725786855353834
ROS1-21-0034,2019-10-26,0.19113930315669306,0.11843095457680107,-0.32855595148109645
ROS1-25-0016,2019-10-26,0.26247427563247067,0.09504796370471817,-0.3312499321947129
ROS1-26-0006,2019-10-26,0.3016868724551954,0.13533086102817873,-0.3839036822516835
ROS1-30-0006,2019-10-26,0.4332935227308062,0.20821392503942254,-0.45137331893078775
ROS1-31-0038,2019-10-26,0.18681319183650325,0.06050160476498305,-0.3191538104429048
ROS1-18-0029,2019-04-01,0.3256373516450837,0.21146752669898222,-0.38612993731404466
ROS1-24-0003,2019-04-01,0.2071217100065168,0.11384147050213729,-0.3145751260799667
ROS1-18-0007,2019-04-01,0.48977974788835044,0.346613530715844,-0.48130931815689004
ROS1-25-0008,2019-04-01,0.27063333101999576,0.11882158976462152,-0.35758749409845186
ROS1-30-0001,2019-04-01,0.28956340922879686,0.15366437583461515,-0.3530289512316319
ROS1-30-0006,2019-04-01,0.16431344230570258,0.07111745433441752,-0.2892574300739989
ROS1-24-0003,2019-05-19,0.34073983255713625,0.1924281232727091,-0.4261941393734461
ROS1-30-0009,2019-05-19,0.6728100564549686,0.5773571011787478,-0.6197274896850711
ROS1-24-0026,2019-05-19,0.6923996702137969,0.5260945654162098,-0.6387438687387473
ROS1-25-0008,2019-05-19,0.7670601621450697,0.5566616773724553,-0.702738729938305
ROS1-30-0001,2019-05-19,0.539237163840045,0.3935174757872055,-0.5064595996647492
ROS1-30-0006,2019-05-19,0.21905361072232346,0.10368915461381056,-0.32718236373016774
ROS1-18-0029,2019-06-04,0.6218352786283169,0.4024743108190901,-0.6081606094849611
ROS1-24-0003,2019-06-04,0.20612098020747635,0.12946083065490788,-0.3316304488691515
ROS1-30-0009,2019-06-04,0.5160137965023205,0.2841442780055758,-0.5554986753375252
ROS1-18-0007,2019-06-04,0.6106505815965902,0.38978363340067596,-0.5862115450771025
ROS1-24-0026,2019-06-04,0.573931223039191,0.33047229889527774,-0.6011251417395893
ROS1-25-0008,2019-06-04,0.6005940056377911,0.36373145549829083,-0.5977667535692351
ROS1-30-0001,2019-06-04,0.5859228157642506,0.334801299659119,-0.5615951906972927
ROS1-30-0006,2019-06-04,0.17738762190751103,0.0891242391057423,-0.30755753609510195
ROS1-12-0000,2019-06-20,0.3332647148449964,0.223678678776218,-0.47418596650957273
ROS1-18-0029,2019-06-20,0.5616102154545319,0.38582187581193184,-0.5817531911993173
ROS1-24-0003,2019-06-20,0.1890645518581766,0.10868915754721871,-0.30511247805134845
ROS1-30-0009,2019-06-20,0.21312462543773686,0.1259340263092076,-0.37370177294781304
ROS1-18-0007,2019-06-20,0.23543491883246445,0.1474992506675783,-0.39710775362230083
ROS1-24-0026,2019-06-20,0.23768074089341334,0.15782350235515752,-0.4083464102059397
ROS1-25-0008,2019-06-20,0.24558353909966707,0.14833872599909348,-0.40588047380821085
ROS1-30-0006,2019-06-20,0.1420760755415489,0.061547540172411576,-0.25011454495417673
ROS1-12-0000,2019-07-06,0.18846694893429145,0.15164694528748476,-0.3798583346163161
ROS1-18-0029,2019-07-06,0.414566836754435,0.29058778316604283,-0.478672045165892
ROS1-24-0003,2019-07-06,0.1551876464865724,0.08735414001489132,-0.25999249904905647
ROS1-30-0009,2019-07-06,0.20851732319049396,0.13670744568291088,-0.386580859229229
ROS1-18-0007,2019-07-06,0.1762071546303158,0.1387039821902002,-0.3019593844246367
ROS1-24-0026,2019-07-06,0.1814458805213029,0.14529624202336108,-0.3616952854683216
ROS1-25-0008,2019-07-06,0.16901714366870077,0.13771614506720117,-0.3253061328479097
ROS1-30-0001,2019-07-06,0.1943079872143565,0.12943735258814934,-0.3320972386669668
ROS1-30-0006,2019-07-06,0.14818192768882735,0.076789264672735,-0.26404148845981346
ROS1-18-0029,2019-07-22,0.4787122503767472,0.2730661663053233,-0.4966131078211909
ROS1-24-0003,2019-07-22,0.18567692235326982,0.07333461950556006,-0.2654693294567142
ROS1-18-0007,2019-07-22,0.1909258646973497,0.07609516528498778,-0.29624279234979567
ROS1-24-0026,2019-07-22,0.13307780408415024,0.08648737620987781,-0.26236028463538463
ROS1-25-0008,2019-07-22,0.25218292263607095,0.1522919454456155,-0.33152906746833544
ROS1-30-0001,2019-07-22,0.27893087181061615,0.16795878893834987,-0.3467056961232901
ROS1-12-0000,2019-08-07,0.2984085632609978,0.16835765110570095,-0.366436188224364
ROS1-18-0029,2019-08-07,0.4160074786627928,0.23458708179812057,-0.4524161701019143
ROS1-24-0003,2019-08-07,0.3640001972066924,0.248691840448323,-0.42035596548688214
ROS1-30-0009,2019-08-07,0.27808719302628016,0.18788762576154872,-0.3697504057266812
ROS1-18-0007,2019-08-07,0.1696327258594437,0.09177814884565381,-0.27513465351972877
ROS1-24-0026,2019-08-07,0.24704533424290717,0.1606895825488568,-0.3465855045411126
ROS1-25-0008,2019-08-07,0.17987949524675936,0.0817863161127916,-0.2993633844788483
ROS1-30-0001,2019-08-07,0.4186365340539962,0.25737624499538536,-0.4356325063007756
ROS1-30-0006,2019-08-07,0.1657169270880083,0.08625241129596542,-0.29482061705428825
ROS1-18-0029,2019-08-23,0.3023894699713172,0.18850098680727403,-0.3745758458949154
ROS1-24-0003,2019-08-23,0.18174642192906487,0.09048851274145159,-0.2909213542826885
ROS1-30-0009,2019-08-23,0.2935612185869754,0.20018594981070567,-0.3852052155878092
ROS1-18-0007,2019-08-23,0.15312714674301042,0.07851253043076731,-0.2389067334807997
ROS1-24-0026,2019-08-23,0.23330128775675762,0.15845951258276886,-0.3471325134337507
ROS1-25-0008,2019-08-23,0.14042429066628012,0.09364015383163063,-0.20166480589764813
ROS1-30-0001,2019-08-23,0.19869814265619598,0.09563662649025312,-0.287093862397813
ROS1-30-0006,2019-08-23,0.15375330039471363,0.07176421153153187,-0.24717403764737653
ROS1-12-0000,2019-09-08,0.13935094406133627,0.062380663079326416,-0.25107958050586066
ROS1-18-0029,2019-09-08,0.2855990470101355,0.16133578632691548,-0.39993588939397623
ROS1-24-0003,2019-09-08,0.1612766970172672,0.07782517794772123,-0.27860963904893615
ROS1-30-0009,2019-09-08,0.2717929041229855,0.18284030765583648,-0.388038552197636
ROS1-18-0007,2019-09-08,0.13867392419948393,0.06191533863512354,-0.23856602745742062
ROS1-24-0026,2019-09-08,0.1962672446504667,0.13286708180353207,-0.33009921214790044
ROS1-25-0008,2019-09-08,0.1523907434746151,0.06727135926878387,-0.26937394561119765
ROS1-30-0001,2019-09-08,0.18958006166599586,0.08933187353671856,-0.2948669186235305
ROS1-30-0006,2019-09-08,0.15593184180349676,0.06788235841513107,-0.2728631860579893
ROS1-12-0000,2019-10-10,0.23556387163267875,0.11062430212798957,-0.3107476277770409
ROS1-18-0029,2019-10-10,0.3822376792116511,0.1930961211713921,-0.44234888893345387
ROS1-24-0003,2019-10-10,0.14182117050399703,0.056516464845902635,-0.20858323467471868
ROS1-30-0009,2019-10-10,0.29263564561147226,0.21597941434393317,-0.3675844102563903
ROS1-18-0007,2019-10-10,0.1559949519164796,0.050355307833882416,-0.24591478928642832
ROS1-24-0026,2019-10-10,0.23261426872067698,0.15231866425835464,-0.30651434162213625
ROS1-25-0008,2019-10-10,0.41112337451372455,0.16493612918707368,-0.40991685053720606
ROS1-30-0001,2019-10-10,0.30777158827211626,0.24051265884706113,-0.3000854872774817
ROS1-30-0006,2019-10-10,0.1675606840447931,0.11716943451371345,-0.19205016545658948
ROS1-12-0000,2019-10-26,0.15987819920684412,0.06050081414047787,-0.24816491298045884
ROS1-18-0029,2019-10-26,0.3985081009639623,0.19698014577279996,-0.433353760651852
ROS1-24-0003,2019-10-26,0.48907692970793887,0.22379099280176606,-0.4620994776558405
ROS1-30-0009,2019-10-26,0.2011218779095125,0.07804847597339692,-0.27469406850568456
ROS1-12-0004,2019-10-26,0.30843469942844287,0.1378104084208391,-0.3372359225488685
ROS1-18-0007,2019-10-26,0.30390338405434925,0.1307286943650829,-0.31351786194833103
ROS1-24-0026,2019-10-26,0.2791285762924968,0.11021099076062725,-0.34153753080151544
ROS1-25-0008,2019-10-26,0.6608587965378336,0.4010825657733907,-0.5884471326575432
ROS1-30-0001,2019-10-26,0.5913063509957442,0.31749335890619945,-0.5251012372398322
ROS1-30-0006,2019-10-26,0.44452768108202256,0.21975924023050022,-0.45650262031424005
ROS1-28-0006,2019-04-24,0.24341722674068508,0.10963859287764664,-0.3508006602339092
ROS1-29-0006,2019-04-24,0.26900078374893,0.05033937620751578,-0.30731857301952464
ROS1-22-0032,2019-04-24,0.22023386204699488,0.1071530952868789,-0.3024359017755462
ROS1-28-0006,2019-06-11,0.30110567378329123,0.1219791676023533,-0.395429148185524
ROS1-29-0006,2019-06-11,0.5982333312373708,0.34088824227655445,-0.5904915396882832
ROS1-22-0032,2019-06-11,0.33817972712062017,0.12484962874856177,-0.4202763094599949
ROS1-29-0006,2019-07-13,0.26233859619826216,0.13201192940568884,-0.40731655807488903
ROS1-28-0006,2019-07-29,0.6747066300765053,0.43326830633358154,-0.6296619552227032
ROS1-29-0006,2019-07-29,0.32561577614033205,0.16325371389596283,-0.39204864745998075
ROS1-22-0032,2019-07-29,0.7674712009260433,0.5823493006604279,-0.6841150678145119
ROS1-28-0006,2019-08-14,0.6961642179650283,0.40699101634060597,-0.6567748056608507
ROS1-29-0006,2019-08-14,0.3897916910320585,0.22664581614479418,-0.46282170333100503
ROS1-22-0032,2019-08-14,0.6684630535178314,0.44161322185323293,-0.5987702367539685
ROS1-28-0006,2019-08-30,0.6864899003749118,0.40319618034739946,-0.6550636714061278
ROS1-29-0006,2019-08-30,0.26750261287948784,0.06742977358811962,-0.34123310268793755
ROS1-22-0032,2019-08-30,0.4464760090854398,0.24539656475532204,-0.47716423899273225
ROS1-22-0032,2019-09-15,0.36225589002200337,0.1617842241630952,-0.4920245342227458
ROS1-28-0006,2019-10-17,0.26516675587054067,0.10813742245776452,-0.44514064963869804
ROS1-29-0006,2019-10-17,0.2741636311896744,0.05602629528749955,-0.3253435367746326
ROS1-22-0032,2019-10-17,0.23891693009168075,0.13181977057710045,-0.4062957478097226
ROS1-21-0016,2019-04-24,0.3635023707952496,0.23609336410250797,-0.43322392668946447
ROS1-33-0014,2019-04-24,0.3133982038228678,0.2070479499577386,-0.37199030669590266
ROS1-22-0011,2019-04-24,0.32547837032677845,0.14494253354730458,-0.36012410422806357
ROS1-15-0014,2019-04-24,0.5012384806058426,0.39158269059717377,-0.5211809130164912
ROS1-15-0009,2019-06-11,0.6946011023452375,0.4674683871452331,-0.6560562176556863
ROS1-21-0016,2019-06-11,0.5796158395271033,0.3540013243120614,-0.5910552307180374
ROS1-22-0016,2019-06-11,0.6282906553259335,0.45185652200018855,-0.5631693047122289
ROS1-27-0006,2019-06-11,0.799206606778121,0.574946252291483,-0.7436585335367348
ROS1-33-0014,2019-06-11,0.3480654226816275,0.1948703185546178,-0.4360217119391265
ROS1-15-0016,2019-06-11,0.4401183829354022,0.24596275901925346,-0.4859523444122857
ROS1-21-0013,2019-06-11,0.6250477376251675,0.37263919612225643,-0.6139916848063627
ROS1-22-0011,2019-06-11,0.7614131457308875,0.4850041933878463,-0.6953999795500593
ROS1-26-0031,2019-06-11,0.6306733905318821,0.31411839726602914,-0.6440581294526996
ROS1-27-0009,2019-06-11,0.3651233758160059,0.2158348121753384,-0.4419543766994671
ROS1-28-0017,2019-06-11,0.5791651624653499,0.3346654238821423,-0.590976781665268
ROS1-15-0014,2019-06-11,0.29364316792099804,0.1350057459688106,-0.37498225629518955
ROS1-21-0034,2019-06-11,0.420599717114795,0.23321654140079442,-0.46421745680629173
ROS1-27-0004,2019-06-11,0.4747200928715185,0.3161366276771024,-0.4797528977438278
ROS1-28-0029,2019-06-11,0.4157353281900453,0.20097570923442262,-0.45264125507697117
ROS1-15-0009,2019-06-27,0.30906276895517953,0.18180199383930992,-0.4626927470898443
ROS1-21-0016,2019-06-27,0.3443913571674839,0.20770148473338512,-0.4545218913343405
ROS1-22-0016,2019-06-27,0.5156324161192332,0.38280649094176533,-0.5150711429924748
ROS1-27-0006,2019-06-27,0.39961907451412026,0.22130544621368922,-0.5121281285186994
ROS1-15-0016,2019-06-27,0.2608423266125204,0.15572032689360632,-0.4255192748494652
ROS1-21-0013,2019-06-27,0.2523332169755161,0.14085806455034086,-0.4211578334837401
ROS1-22-0011,2019-06-27,0.4092106526675513,0.21959345372901787,-0.4825020184808581
ROS1-26-0031,2019-06-27,0.25372595766745565,0.11867939897601608,-0.4133412852626508
ROS1-27-0009,2019-06-27,0.5326720660909765,0.33431554965221083,-0.5563356955158768
ROS1-28-0017,2019-06-27,0.27308305163012364,0.12275345946293631,-0.41482667872193485
ROS1-15-0014,2019-06-27,0.32615818540393154,0.22262423330988207,-0.4181296116091897
ROS1-21-0034,2019-06-27,0.530088092051229,0.30266028035892467,-0.5564251631878206
ROS1-27-0004,2019-06-27,0.25540350166275627,0.14281394470236947,-0.39456699307527493
ROS1-28-0029,2019-06-27,0.6502751179200273,0.4000313945191612,-0.62151386613253
ROS1-22-0016,2019-07-13,0.46372799568378925,0.3677264784778621,-0.4984504032471444
ROS1-15-0016,2019-07-13,0.21610121623221878,0.15710171761744066,-0.3394409409457453
ROS1-15-0014,2019-07-13,0.22126974982303,0.15042960079774345,-0.34986174253455027
ROS1-28-0029,2019-07-13,0.6982989401391866,0.5218121473846241,-0.6449766204277254
ROS1-15-0009,2019-07-29,0.1910855110459056,0.09954177769421334,-0.2900425029479627
ROS1-21-0016,2019-07-29,0.33879715340930927,0.20657959620491922,-0.3919790591419218
ROS1-22-0016,2019-07-29,0.2745663611892253,0.1300609216072913,-0.3317792075546302
ROS1-33-0014,2019-07-29,0.202958605878998,0.15195337202872336,-0.2771815243541114
ROS1-15-0016,2019-07-29,0.22213972528986634,0.1227900296818676,-0.3232708539808673
ROS1-21-0013,2019-07-29,0.21762139632627953,0.12817919140142311,-0.3165956143752546
ROS1-27-0009,2019-07-29,0.6367910777479758,0.4655459999036363,-0.5922070357515091
ROS1-28-0017,2019-07-29,0.17033042630396206,0.10129066312377491,-0.2834383485212346
ROS1-15-0014,2019-07-29,0.26196861844036445,0.15558604545904856,-0.3206788200199102
ROS1-21-0034,2019-07-29,0.6704036111686019,0.41811466402048236,-0.6136631939682503
ROS1-27-0004,2019-07-29,0.31222301625723425,0.21390556648407605,-0.36321848064829465
ROS1-28-0029,2019-07-29,0.6672721271771966,0.4003064064210398,-0.6093372070639201
ROS1-15-0009,2019-08-14,0.2846022265140151,0.15283274657958099,-0.375436707295464
ROS1-21-0016,2019-08-14,0.222395678942714,0.11676308432575959,-0.3246857255344104
ROS1-22-0016,2019-08-14,0.25601464324277234,0.12405780369233689,-0.3599838451326869
ROS1-27-0006,2019-08-14,0.21534836588813303,0.10574856847681736,-0.32029879913831083
ROS1-33-0014,2019-08-14,0.27505787040542096,0.16816586568066827,-0.37425998760763524
ROS1-15-0016,2019-08-14,0.31053727305173157,0.1589545629016756,-0.39045937694714944
ROS1-21-0013,2019-08-14,0.17943742738006857,0.09062977525643295,-0.2950937347195504
ROS1-22-0011,2019-08-14,0.55192258916948,0.3444445497468597,-0.536392235774279
ROS1-26-0031,2019-08-14,0.16602887523859136,0.07718852904317638,-0.28255171849286703
ROS1-27-0009,2019-08-14,0.5599017026188052,0.3373044242914491,-0.5624530705830493
ROS1-28-0017,2019-08-14,0.286965500001971,0.15540901726256726,-0.376634616246314
ROS1-15-0014,2019-08-14,0.2517198915178014,0.1289114436157693,-0.3278768121436145
ROS1-21-0034,2019-08-14,0.6622148699774641,0.38487938852188325,-0.6256409863501406
ROS1-27-0004,2019-08-14,0.4976938329997675,0.30211073823393225,-0.5060027805429738
ROS1-28-0029,2019-08-14,0.6440167462644982,0.41635915841543236,-0.5736064855635388
ROS1-15-0009,2019-08-30,0.4515638397786927,0.26456651585367863,-0.4732153154401531
ROS1-21-0016,2019-08-30,0.2986327933603578,0.16589888026582314,-0.3760156744168856
ROS1-22-0016,2019-08-30,0.39275675735017673,0.21511109391390243,-0.45248526873141187
ROS1-27-0006,2019-08-30,0.20922004362925037,0.10975064933415071,-0.3271400878933041
ROS1-33-0014,2019-08-30,0.2993263684448507,0.18487594943329533,-0.42035513931448576
ROS1-15-0016,2019-08-30,0.2548338619628466,0.11038585310041173,-0.3468178969342874
ROS1-21-0013,2019-08-30,0.18517150115701972,0.07769242367634638,-0.2993089682114642
ROS1-22-0011,2019-08-30,0.21229379264968914,0.08435504396402224,-0.32489974208389494
ROS1-26-0031,2019-08-30,0.1495250966371666,0.06778511476841083,-0.2712127111681959
ROS1-27-0009,2019-08-30,0.33052283106981545,0.1857278722573922,-0.4696552302834829
ROS1-28-0017,2019-08-30,0.3797820799436341,0.20694080072295246,-0.4422115449842738
ROS1-15-0014,2019-08-30,0.26640245082525843,0.11150431419099158,-0.3518925405017643
ROS1-21-0034,2019-08-30,0.4847151749858594,0.27883059714011166,-0.5261856755903321
ROS1-27-0004,2019-08-30,0.44918188116294183,0.27351348269655346,-0.4886199203935601
ROS1-28-0029,2019-08-30,0.4298567075493425,0.23437756262881432,-0.44608336573361046
ROS1-15-0009,2019-09-15,0.23544981966678738,0.11466904188633319,-0.33473821711328183
ROS1-21-0016,2019-09-15,0.19821925328136053,0.11038175388199954,-0.32358219253857
ROS1-22-0016,2019-09-15,0.26296622348273535,0.1356956473992367,-0.34123227463986544
ROS1-27-0006,2019-09-15,0.2257797904637778,0.12700822619845015,-0.3310319983286017
ROS1-33-0014,2019-09-15,0.272046641103165,0.17854780254052832,-0.40817803001121644
ROS1-15-0016,2019-09-15,0.19746984557671635,0.09049529642046747,-0.30700138375715613
ROS1-21-0013,2019-09-15,0.16544032499238637,0.07477266742043343,-0.2922211394532341
ROS1-22-0011,2019-09-15,0.2101042770792791,0.08532695126746859,-0.3041718033319809
ROS1-26-0031,2019-09-15,0.12796769484497567,0.08137819732813265,-0.2138602895207593
ROS1-27-0009,2019-09-15,0.1913058638757885,0.157285486947736,-0.30776609552453676
ROS1-28-0017,2019-09-15,0.2063259090851031,0.10145380508419995,-0.3200925624266067
ROS1-15-0014,2019-09-15,0.22941278809477425,0.10194531250936996,-0.31644729333026306
ROS1-21-0034,2019-09-15,0.28253915935951207,0.16707259067281013,-0.4389721909845747
ROS1-27-0004,2019-09-15,0.31351187662101565,0.2324125015459029,-0.38249753044686097
ROS1-28-0029,2019-09-15,0.33572646110879073,0.16035106718539427,-0.42027212286781435
ROS1-15-0009,2019-10-17,0.45450180099529885,0.20979213084377768,-0.48180982958600677
ROS1-21-0016,2019-10-17,0.1796238507579125,0.08624186398836337,-0.280702957427338
ROS1-22-0016,2019-10-17,0.39531479155771937,0.16613517418346188,-0.42688434266830144
ROS1-27-0006,2019-10-17,0.19263328245201924,0.0949429333013224,-0.30861726849346544
ROS1-33-0014,2019-10-17,0.25170102547581036,0.1334918612715752,-0.39419802476068205
ROS1-15-0016,2019-10-17,0.4405612706045097,0.21939601904981812,-0.4413213307410263
ROS1-21-0013,2019-10-17,0.33880374737844754,0.1681409426108337,-0.3948843978181716
ROS1-22-0011,2019-10-17,0.36916996719739353,0.13565436900939773,-0.38945674500736255
ROS1-26-0031,2019-10-17,0.3481074159533503,0.17043923975220437,-0.40182321966793394
ROS1-27-0009,2019-10-17,0.15634441933669582,0.0904500368688902,-0.3220488306359565
ROS1-28-0017,2019-10-17,0.4604919151821858,0.22518125615697662,-0.49525640932847115
ROS1-15-0014,2019-10-17,0.5204805293239408,0.34469852432361503,-0.537314725296709
ROS1-21-0034,2019-10-17,0.19384956674333695,0.12600850969785296,-0.35640338032418106
ROS1-27-0004,2019-10-17,0.23863861968747782,0.1164445527847093,-0.34788944610167344
ROS1-28-0029,2019-10-17,0.25991193614490293,0.11872352755623716,-0.37520690327586254
ROS1-08-0010,2019-04-08,0.15103002943912816,0.0683901760935323,-0.22496484985558254
ROS1-07-0011,2019-04-24,0.5404892369076554,0.38928419060746944,-0.5070436475062037
ROS1-07-0045,2019-06-11,0.8108018611125143,0.6384788907687222,-0.7627011227360887
ROS1-08-0010,2019-06-11,0.723780208844387,0.5316104543183422,-0.6489574662167187
ROS1-12-0000,2019-06-11,0.7005788195234374,0.4560219805448961,-0.6610187443117657
ROS1-07-0012,2019-06-11,0.7435707970851958,0.530124866716417,-0.6916187199777946
ROS1-19-0041,2019-06-11,0.7924571778494418,0.5494258333441497,-0.7371297704205719
ROS1-20-0023,2019-06-11,0.6987005159103585,0.4886690015099189,-0.6352448061931424
ROS1-25-0017,2019-06-11,0.4829375807280146,0.23137622260902785,-0.44101373944587874
ROS1-26-0027,2019-06-11,0.23879535385049855,0.1452971658624983,-0.36516391881976235
ROS1-07-0011,2019-06-11,0.7724805953997508,0.5646447063195129,-0.7136321757808558
ROS1-12-0004,2019-06-11,0.6868369999256934,0.4905957878742926,-0.6336038868411179
ROS1-19-0026,2019-06-11,0.7510959107922022,0.5065864419386652,-0.7072307677020259
ROS1-20-0010,2019-06-11,0.6297987514259089,0.4536424409024073,-0.5793181204913125
ROS1-19-0022,2019-06-11,0.2385605909025397,0.10838597433872897,-0.33646958892378664
ROS1-20-0007,2019-06-11,0.5264380158866856,0.31762087871685185,-0.5794176684898377
ROS1-26-0006,2019-06-11,0.4033667751317937,0.2381014853256624,-0.4971769311509506
ROS1-07-0045,2019-06-27,0.5937306304026301,0.44841899859349044,-0.6254515516140629
ROS1-08-0010,2019-06-27,0.7299387904157486,0.5322143945612701,-0.6729989679936748
ROS1-12-0000,2019-06-27,0.1952882091405485,0.12701768839998795,-0.37417981005000783
ROS1-07-0012,2019-06-27,0.3176393763231576,0.19959923993086362,-0.48545332390151075
ROS1-19-0041,2019-06-27,0.32938243313540694,0.20564890926230134,-0.4918335400889954
ROS1-20-0023,2019-06-27,0.6002736478855989,0.3902371150665923,-0.5837361669956084
ROS1-25-0017,2019-06-27,0.4585863287552451,0.22993242468593408,-0.4244236315809257
ROS1-26-0027,2019-06-27,0.18920549395808656,0.10783503625885908,-0.341118571157692
ROS1-07-0011,2019-06-27,0.25328134397056445,0.159964962278967,-0.4422272486872908
ROS1-12-0004,2019-06-27,0.7759148098844652,0.6057927228542848,-0.7218924034392801
ROS1-19-0026,2019-06-27,0.27264841754534724,0.165761366316259,-0.4641943175060526
ROS1-20-0010,2019-06-27,0.3112293756701726,0.2575566007339866,-0.35610312049580634
ROS1-19-0022,2019-06-27,0.2763613073533743,0.12543365476943866,-0.3560921874008484
ROS1-20-0007,2019-06-27,0.25739231681135954,0.14845544817502276,-0.4353581317241287
ROS1-26-0006,2019-06-27,0.3008584899737835,0.16151526552137058,-0.4170113598667879
ROS1-07-0045,2019-07-29,0.7582917331422384,0.6511064406153522,-0.6817391904132923
ROS1-08-0010,2019-07-29,0.7179181217929212,0.5691826145261314,-0.6288426543953829
ROS1-12-0000,2019-07-29,0.24273663601517792,0.12355021185809273,-0.3149546298591293
ROS1-07-0012,2019-07-29,0.27934631245306524,0.17853047694895946,-0.36643034132241964
ROS1-19-0041,2019-07-29,0.32505402481261686,0.1923053422275114,-0.39340364535308203
ROS1-25-0017,2019-07-29,0.8965264168350979,0.665148735778959,-0.8210881109292891
ROS1-07-0011,2019-07-29,0.19043247561527277,0.1348522929837052,-0.3055667680449371
ROS1-12-0004,2019-07-29,0.7485761482921702,0.6060522370265962,-0.6608044996507829
ROS1-19-0026,2019-07-29,0.1911013940085455,0.11501294829927244,-0.3174897181123645
ROS1-20-0010,2019-07-29,0.1899428469135692,0.10539927272600766,-0.31124694491254806
ROS1-19-0022,2019-07-29,0.7620662193025278,0.6108190418402214,-0.6908835517211702
ROS1-26-0006,2019-07-29,0.22221160896584907,0.10879902995148899,-0.32088611586301996
ROS1-07-0045,2019-08-14,0.5901911523623975,0.40907971500083457,-0.5504930894088305
ROS1-08-0010,2019-08-14,0.5397209182989192,0.3443778527047489,-0.4960437222358008
ROS1-12-0000,2019-08-14,0.35639367982314496,0.1963852260861172,-0.4151160370495515
ROS1-07-0012,2019-08-14,0.45856446106069176,0.29266574820062435,-0.49105986828248693
ROS1-19-0041,2019-08-14,0.4924873353383701,0.30846935272297205,-0.5140576101516927
ROS1-20-0023,2019-08-14,0.277045881415083,0.15009052826152677,-0.4215428629694228
ROS1-25-0017,2019-08-14,0.8857202689039094,0.6779594686487681,-0.8180567875051794
ROS1-26-0027,2019-08-14,0.1661981672126984,0.07494670855776928,-0.29119293972570154
ROS1-07-0011,2019-08-14,0.14704061191039888,0.08657293829024347,-0.2612439424886861
ROS1-12-0004,2019-08-14,0.563998888848334,0.3603869873947365,-0.51862665299503
ROS1-19-0026,2019-08-14,0.17850785564379057,0.07035386058590623,-0.2706166100420914
ROS1-20-0010,2019-08-14,0.18784077092867146,0.08628475984053285,-0.2934644302795767
ROS1-19-0022,2019-08-14,0.8143295943555537,0.7452595601891512,-0.7424300556187219
ROS1-20-0007,2019-08-14,0.3341787050284836,0.1945731976505763,-0.40771103594129526
ROS1-26-0006,2019-08-14,0.3147553622594494,0.14852715923009938,-0.3883717000226772
ROS1-07-0045,2019-08-30,0.3555817467957639,0.19059586720770189,-0.3804203850729681
ROS1-08-0010,2019-08-30,0.3648482166104329,0.18781531648511154,-0.4080995964280414
ROS1-12-0000,2019-08-30,0.15668828520178962,0.06800083144185683,-0.2566987242711701
ROS1-07-0012,2019-08-30,0.24268794205681896,0.14028357525734247,-0.3335186950106193
ROS1-19-0041,2019-08-30,0.39604374425050387,0.2449502641778863,-0.46542620820498726
ROS1-20-0023,2019-08-30,0.2383067490476017,0.15101213665890253,-0.39386479972962224
ROS1-25-0017,2019-08-30,0.8078067031103636,0.582565491669427,-0.7434321542856819
ROS1-26-0027,2019-08-30,0.16523991911346222,0.07883515525862983,-0.2960789995597954
ROS1-07-0011,2019-08-30,0.21332297235185824,0.1260665080256194,-0.3036339231686629
ROS1-12-0004,2019-08-30,0.3063159587163832,0.16949608240575118,-0.39620619312527505
ROS1-19-0026,2019-08-30,0.15320499092120698,0.071248139874307,-0.25785723840789365
ROS1-20-0010,2019-08-30,0.17429439273132183,0.07157204035701652,-0.2821284159617957
ROS1-19-0022,2019-08-30,0.7594662735481891,0.5881705518033132,-0.6745291946322995
ROS1-20-0007,2019-08-30,0.2928173766265962,0.1726597349346019,-0.39148964367620553
ROS1-26-0006,2019-08-30,0.29971406352010593,0.14459075070526553,-0.38408905842145785
ROS1-07-0045,2019-09-15,0.2805509394404919,0.16498375409919008,-0.36195985116550083
ROS1-08-0010,2019-09-15,0.2862041676844863,0.14133840806245573,-0.3724421663003279
ROS1-12-0000,2019-09-15,0.14268870238147963,0.06974658984902175,-0.22764730965155475
ROS1-07-0012,2019-09-15,0.24918971488386,0.1457721278924635,-0.3228877336749955
ROS1-19-0041,2019-09-15,0.27802070738962836,0.19648152324991228,-0.3570249613013275
ROS1-20-0023,2019-09-15,0.21994392977951052,0.1451263116890308,-0.37616803264609266
ROS1-26-0027,2019-09-15,0.11854144444997335,0.06952798885026223,-0.19780834460949637
ROS1-07-0011,2019-09-15,0.12520487671073086,0.06620602991118343,-0.2299654720460104
ROS1-12-0004,2019-09-15,0.18802748897021776,0.10406234071951008,-0.29662423119347436
ROS1-19-0026,2019-09-15,0.1252164378503572,0.10425161091233004,-0.178773779768891
ROS1-20-0010,2019-09-15,0.15395055908791366,0.07661922481060536,-0.23780004349678124
ROS1-19-0022,2019-09-15,0.6379138517054859,0.5164492550727677,-0.5820172235882962
ROS1-20-0007,2019-09-15,0.25380715800829606,0.15491232391206963,-0.3672399558246573
ROS1-26-0006,2019-09-15,0.23775832554280593,0.12784452037046018,-0.31491468464230177
ROS1-08-0010,2019-10-01,-0.12920684042647262,2.3286902853458558,0.12920684042647262
ROS1-19-0041,2019-10-01,0.1702075734548282,0.2095941778689211,-0.18132512268142215
ROS1-07-0045,2019-10-17,0.2030043800664419,0.08096363941758947,-0.2804611592671732
ROS1-08-0010,2019-10-17,0.1583259941816385,0.055599197062340455,-0.2377192377702469
ROS1-12-0000,2019-10-17,0.1892399255083261,0.06035052701493161,-0.2780394684013509
ROS1-07-0012,2019-10-17,0.3446945788691129,0.18403575416456178,-0.39218696771755274
ROS1-19-0041,2019-10-17,0.29785532089489636,0.11481631021447228,-0.3537971027358428
ROS1-20-0023,2019-10-17,0.15251265494973756,0.04946931837526923,-0.25303741652852557
ROS1-25-0017,2019-10-17,0.3397683868462443,0.21235590729518042,-0.4544197695666277
ROS1-26-0027,2019-10-17,0.1974465580429655,0.07976401651343194,-0.28742181621534435
ROS1-07-0011,2019-10-17,0.14088818691461127,0.07365673194861866,-0.2616426335970245
ROS1-12-0004,2019-10-17,0.25848407251937144,0.09741850392655092,-0.33080734204203427
ROS1-19-0026,2019-10-17,0.30001052812467505,0.11576562399263365,-0.3331200599001781
ROS1-20-0010,2019-10-17,0.16063245418510755,0.06077211729300261,-0.24618641753386866
ROS1-19-0022,2019-10-17,0.20485272299239185,0.08533912041251533,-0.30568291657281643
ROS1-20-0007,2019-10-17,0.30591625804981293,0.16119891950589116,-0.3943680378899511
ROS1-26-0006,2019-10-17,0.3376042138150259,0.14019807401736717,-0.39547258192128304
ROS1-01-0003,2019-04-24,0.24745654577995824,0.14978218638043467,-0.3204521298662534
ROS1-07-0011,2019-04-24,0.5270445457815601,0.3837571946838497,-0.49364470775169245
ROS1-18-0007,2019-05-26,0.8049803851659364,0.4990223167787603,-0.7418178341773607
ROS1-12-0000,2019-06-11,0.7102621389308014,0.4599730596899996,-0.6724175957837885
ROS1-01-0003,2019-06-11,0.8124206833839689,0.7332898333755813,-0.7223537613759785
ROS1-18-0029,2019-06-11,0.5701198216302109,0.41494087714318073,-0.5602476730384269
ROS1-07-0011,2019-06-11,0.7711866245844281,0.5672816286234704,-0.7134335439149009
ROS1-12-0004,2019-06-11,0.6887445062783558,0.4930127164784597,-0.6361905617177791
ROS1-18-0007,2019-06-11,0.3938613616535385,0.23444521876473973,-0.469522447557941
ROS1-12-0000,2019-06-27,0.1989158875180302,0.12953568081586234,-0.3773901878979732
ROS1-01-0003,2019-06-27,0.8129376261758948,0.7469184252688557,-0.7589128609836664
ROS1-18-0029,2019-06-27,0.5187764291099,0.33030677085971766,-0.5465351336683815
ROS1-07-0011,2019-06-27,0.2558612913557327,0.16236130206134164,-0.4443765322504098
ROS1-12-0004,2019-06-27,0.7800308933004162,0.6078831757286833,-0.7269005230842864
ROS1-18-0007,2019-06-27,0.20904599831639106,0.12240721067799086,-0.3827534219801162
ROS1-12-0000,2019-07-29,0.23664687234036869,0.12181264144324527,-0.306168779002434
ROS1-01-0003,2019-07-29,0.6204046485224456,0.4670712619254747,-0.5483250295928933
ROS1-18-0029,2019-07-29,0.48620424186654615,0.2903398545034017,-0.4948773341370915
ROS1-07-0011,2019-07-29,0.1924778490872036,0.13499555601957838,-0.31017217934451186
ROS1-12-0004,2019-07-29,0.7448715405726486,0.604615252886396,-0.657114322391758
ROS1-18-0007,2019-07-29,0.2018639462416416,0.09785538421438875,-0.27889596097933594
ROS1-12-0000,2019-08-14,0.3493379331433573,0.1927720033501822,-0.4062268217346193
ROS1-01-0003,2019-08-14,0.3236730045232381,0.16808753635323156,-0.36328337567856306
ROS1-18-0029,2019-08-14,0.376214046459721,0.1964188282343095,-0.4538527099752132
ROS1-12-0004,2019-08-14,0.5628451131356527,0.35778905393222493,-0.5179108875946602
ROS1-18-0007,2019-08-14,0.16537342421053638,0.08137738325931185,-0.2824942890177769
ROS1-12-0000,2019-08-30,0.15191945627311776,0.06679798690220715,-0.25565555390858946
ROS1-01-0003,2019-08-30,0.22702351889215963,0.10596552327520353,-0.3175547901474914
ROS1-18-0029,2019-08-30,0.2982412568230305,0.15662565808914644,-0.4075133570413487
ROS1-07-0011,2019-08-30,0.2113038348914415,0.12511999661795326,-0.30191039553681204
ROS1-12-0004,2019-08-30,0.3686879644813625,0.20370210736233155,-0.42549189143996535
ROS1-18-0007,2019-08-30,0.14904766211919715,0.0607321702527256,-0.2511085913137361
ROS1-12-0000,2019-09-15,0.1423578481046617,0.06984180278270007,-0.22556181225019928
ROS1-01-0003,2019-09-15,0.15819185387614568,0.07872679442864035,-0.2597964735550724
ROS1-18-0029,2019-09-15,0.23829793920900535,0.153721866819009,-0.33099542481038635
ROS1-07-0011,2019-09-15,0.12577792303818286,0.06652752945321556,-0.23087578116207377
ROS1-12-0004,2019-09-15,0.18628630098352777,0.1038851696444988,-0.2920402859729615
ROS1-18-0007,2019-09-15,0.1342368398257612,0.06412069302765573,-0.23017752693074187
ROS1-12-0000,2019-10-17,0.19036152533171335,0.06024891521292047,-0.2828922936278461
ROS1-01-0003,2019-10-17,0.16249560463904328,0.06880677443031132,-0.27085219792742327
ROS1-18-0029,2019-10-17,0.43072506358433604,0.20695736639429804,-0.46189003624071817
ROS1-07-0011,2019-10-17,0.14188022339460848,0.07450787580517546,-0.2630741650675992
ROS1-12-0004,2019-10-17,0.25904831760384983,0.0983447188154128,-0.33335685473380516
ROS1-18-0007,2019-10-17,0.1744135531136135,0.059716958623784996,-0.24923573782935085
ROS1-22-0011,2019-05-17,0.7652140029406053,0.4115878920012108,-0.6944199734290766
ROS1-22-0011,2019-06-02,0.791812852261719,0.4918093966403966,-0.7148283142003196
ROS1-22-0011,2019-06-18,0.6481976374980917,0.4004597028335006,-0.6223916309232286
ROS1-22-0011,2019-07-04,0.3300464644625741,0.13973818655930895,-0.40262287769835264
ROS1-22-0011,2019-07-20,0.219474330105573,0.1370439723651217,-0.3437325859235062
ROS1-22-0011,2019-08-05,0.37229575725511643,0.12474628155701285,-0.361481611512083
ROS1-22-0011,2019-08-21,0.2699393866373371,0.09230305255014917,-0.37633514714294686
ROS1-22-0011,2019-09-06,0.2118766694780833,0.08120000162735473,-0.32770215238592487
ROS1-15-0009,2019-05-17,0.7639577589228156,0.4707882712713352,-0.6855268792055926
ROS1-22-0016,2019-05-17,0.42084418534783197,0.25780607174372083,-0.4111575275067439
ROS1-15-0016,2019-05-17,0.4248810294776434,0.214650465094359,-0.4624207933598717
ROS1-22-0011,2019-05-17,0.7520625070218935,0.40873176342544354,-0.6663342040293022
ROS1-15-0014,2019-05-17,0.6409668453606371,0.3721398475575058,-0.6358292174009964
ROS1-15-0009,2019-06-02,0.7698444399606302,0.515140922185272,-0.6984287642359795
ROS1-22-0016,2019-06-02,0.692236620958128,0.46799993267755857,-0.5837233875885394
ROS1-15-0016,2019-06-02,0.49556250373960853,0.28043809274733783,-0.5093216241205278
ROS1-22-0011,2019-06-02,0.7869918017071839,0.48889542274863995,-0.7003793139139166
ROS1-15-0014,2019-06-02,0.6104070302292947,0.4484124946173545,-0.6154131293145076
ROS1-15-0009,2019-06-18,0.5571723717538941,0.39798514200033813,-0.5616106853748092
ROS1-22-0016,2019-06-18,0.6311039267804621,0.4620932803218225,-0.5599180532077602
ROS1-15-0016,2019-06-18,0.33711443437875305,0.25643030616989504,-0.3949240792503249
ROS1-22-0011,2019-06-18,0.6410296994993414,0.3911003522516623,-0.6070390848715242
ROS1-22-0011,2019-07-04,0.33586570825755724,0.13848517340384073,-0.4088158991450939
ROS1-15-0009,2019-07-20,0.15983556886773737,0.021414120728361706,-0.08658507945789748
ROS1-22-0016,2019-07-20,0.5078028196792723,0.29990936771507004,-0.49303940022311415
ROS1-22-0011,2019-07-20,0.21208074818704797,0.13216960702251293,-0.3313167093877425
ROS1-15-0014,2019-07-20,0.201668025700528,0.12115455485027399,-0.3303219000531208
ROS1-22-0016,2019-08-05,0.2613148833344072,0.09827031598866633,-0.31682562113778784
ROS1-15-0016,2019-08-05,0.27260652578588396,0.13526292493688985,-0.3374526210851011
ROS1-15-0009,2019-08-21,0.37383340198947973,0.19283377581567995,-0.4182936361764192
ROS1-22-0016,2019-08-21,0.3119829533125187,0.14660360224571492,-0.3987073085798944
ROS1-15-0016,2019-08-21,0.43371596051629074,0.258397440536532,-0.46914056801629744
ROS1-22-0011,2019-08-21,0.2522020701384429,0.0879862792763478,-0.3386486027266703
ROS1-15-0014,2019-08-21,0.44152394265164124,0.24085601956461555,-0.4546504489246162
ROS1-15-0009,2019-09-06,0.22273558464841348,0.07133418423373467,-0.3024289933836543
ROS1-22-0016,2019-09-06,0.4178064861665531,0.23103103714236461,-0.4617637914251388
ROS1-22-0011,2019-09-06,0.20705681586974392,0.07947206288683466,-0.31476801975417606
ROS1-15-0014,2019-09-06,0.21535115913550829,0.09178793187576945,-0.296356466409441
ROS1-01-0015,2019-05-17,0.3341235204474572,0.25650842266462487,-0.37826155651859883
ROS1-02-0005,2019-05-17,0.5891760571924348,0.4682804403634766,-0.5557868914781467
ROS1-07-0045,2019-05-17,0.5882706256580734,0.47876810147553267,-0.5638862468742972
ROS1-08-0010,2019-05-17,0.3557756045144739,0.20361584950048403,-0.3973877618307615
ROS1-01-0003,2019-05-17,0.3974666486647866,0.2985073307648631,-0.4220308625327504
ROS1-07-0012,2019-05-17,0.7263942477603463,0.6372392147792422,-0.6792588745265458
ROS1-07-0011,2019-05-17,0.7190993123796576,0.6121324096510937,-0.6689975076146698
ROS1-01-0015,2019-06-02,0.4940982599228047,0.31140704049467655,-0.5219521930997354
ROS1-02-0005,2019-06-02,0.7635846119450953,0.47710602523837337,-0.7025992891132213
ROS1-07-0045,2019-06-02,0.6036128941478088,0.369672279556795,-0.5915592344569712
ROS1-08-0010,2019-06-02,0.5541280975231524,0.3287790157648814,-0.5331431802580772
ROS1-01-0003,2019-06-02,0.736399216621888,0.5173788513925811,-0.668480644632297
ROS1-07-0012,2019-06-02,0.8526758508658994,0.5985910114280095,-0.7826976734323847
ROS1-07-0011,2019-06-02,0.8507213378390382,0.5893246437865254,-0.7790904352861551
ROS1-07-0045,2019-06-18,0.7004048824366805,0.4799507527928163,-0.6633677679143929
ROS1-08-0010,2019-06-18,0.718029309548023,0.5324042929529836,-0.6509613551256369
ROS1-01-0003,2019-06-18,0.8044121749405566,0.6636262674848158,-0.7331018544846296
ROS1-07-0012,2019-06-18,0.49574409297742916,0.3099769267291757,-0.567560670113493
ROS1-07-0011,2019-06-18,0.45615445392307896,0.27360110957337247,-0.5520782815877127
ROS1-01-0015,2019-07-20,0.7031850903855459,0.5179773895863156,-0.6266860830383074
ROS1-02-0005,2019-07-20,0.22607663557413438,0.12323986896713858,-0.3349103108246252
ROS1-07-0045,2019-07-20,0.5328837736932268,0.4082684649249409,-0.5426181830145052
ROS1-08-0010,2019-07-20,0.7286389700768203,0.5421054997808759,-0.6501011507688929
ROS1-01-0003,2019-07-20,0.7404047016915692,0.5084466420233986,-0.6594129502402859
ROS1-07-0012,2019-07-20,0.2012515003611899,0.1298120579345327,-0.32571721153136396
ROS1-07-0011,2019-07-20,0.17396826913175004,0.1327575698216631,-0.306864551400567
ROS1-01-0015,2019-08-05,0.6172159445680153,0.4221269875583919,-0.5535906041644856
ROS1-07-0045,2019-08-05,0.6199742363106995,0.45213188405873345,-0.5702541223696529
ROS1-01-0003,2019-08-05,0.5365055887979922,0.2948819503772811,-0.48794758822039536
ROS1-07-0012,2019-08-05,0.3829041825331595,0.21864801061141267,-0.4180358812385462
ROS1-07-0011,2019-08-05,0.15070308300593047,0.073995547193783,-0.26512101808160343
ROS1-01-0015,2019-08-21,0.38403725942709377,0.25747147327031755,-0.39853734204809693
ROS1-07-0045,2019-08-21,0.5424267636716306,0.3568932341976459,-0.5024042089551283
ROS1-01-0003,2019-08-21,0.2361492921684001,0.11669411776620013,-0.29085146795345723
ROS1-07-0012,2019-08-21,0.2169294247122206,0.11535413009586368,-0.2951698592015949
ROS1-07-0045,2019-10-24,0.17286270827740058,0.07479178332936144,-0.2384543446201643
ROS1-07-0011,2019-10-24,0.0662658314042142,0.04917276430191786,-0.15640815067807615
ROS1-01-0003,2019-05-01,0.28745052837464796,0.18857616880401568,-0.34970449691777183
ROS1-01-0003,2019-06-02,0.7376800876372366,0.5176569884633436,-0.6701201509870799
ROS1-01-0003,2019-06-18,0.8087526181746579,0.66547197300767,-0.7380122622659534
ROS1-01-0003,2019-07-20,0.7376903236411181,0.5101428972235916,-0.6563378751463844
ROS1-01-0003,2019-08-05,0.5392736406304123,0.29655303426006335,-0.4905201627559736
ROS1-01-0003,2019-08-21,0.23795095945178746,0.1182158042472973,-0.29249100170934916
ROS1-49-0004,2019-04-27,0.3786035892270329,0.2323718601977126,-0.4459527820993326
ROS1-49-0007,2019-04-27,0.5275925229398444,0.34714575938817827,-0.5303982115672723
ROS1-49-0004,2019-05-29,0.33798261364146565,0.21050080949908478,-0.4306871231668873
ROS1-43-0019,2019-05-29,0.4526493234883467,0.28131247246444224,-0.48235991877450596
ROS1-49-0007,2019-05-29,0.4454817482481311,0.26554616470026987,-0.4920513793573777
ROS1-49-0004,2019-06-14,0.24747487772047966,0.1531074596265487,-0.3744853886178643
ROS1-43-0019,2019-06-14,0.2918918838407087,0.18552533452906247,-0.3935193895196859
ROS1-49-0007,2019-06-14,0.3005534174588648,0.18278977169682326,-0.42426254330084656
ROS1-49-0004,2019-06-30,0.22167175761119642,0.13954221652047968,-0.3661135772679679
ROS1-43-0019,2019-06-30,0.23243306256550744,0.16795182632673858,-0.3593141573640416
ROS1-43-0019,2019-07-16,0.25959731298055144,0.16455329179144743,-0.37353058079956053
ROS1-49-0004,2019-08-01,0.2192566944442753,0.12891640455572503,-0.34915943530962956
ROS1-43-0019,2019-08-01,0.3145365583191095,0.18803046732675097,-0.39130454755927013
ROS1-49-0007,2019-08-01,0.27227751475669365,0.12890968232534522,-0.35757689852446867
ROS1-49-0004,2019-09-02,0.1959618176227534,0.12061479228562044,-0.3318387609563711
ROS1-43-0019,2019-09-02,0.25598779455359727,0.15591449911388516,-0.36136566537940945
ROS1-49-0007,2019-09-02,0.26696396723196564,0.15016054496332984,-0.37547006485145923
ROS1-49-0004,2019-10-20,0.5363175546471345,0.3346496077143635,-0.534031411280656
ROS1-43-0019,2019-10-20,0.5752570239701342,0.35110020821487,-0.5505872070844603
ROS1-49-0007,2019-10-20,0.40921479902084185,0.20933746894517036,-0.4417171086565302
ROS1-42-0006,2019-04-27,0.6203602364981139,0.4104136110757819,-0.6001996733390591
ROS1-42-0008,2019-04-27,0.2702332239563079,0.16002437380850656,-0.3689976389198018
ROS1-49-0007,2019-04-27,0.5285134941473297,0.3475302095818972,-0.5308227193148638
ROS1-42-0006,2019-05-29,0.6440600285582018,0.3707068897332946,-0.6262516111858192
ROS1-42-0008,2019-05-29,0.19811553006944957,0.11006583712974521,-0.3477264873945936
ROS1-43-0019,2019-05-29,0.4528310059984627,0.28207850670880663,-0.4817310423946608
ROS1-49-0007,2019-05-29,0.4461164045289277,0.2657761871090467,-0.49211844601972016
ROS1-42-0006,2019-06-14,0.2688023721107676,0.15687948291530684,-0.43386577913995433
ROS1-42-0008,2019-06-14,0.18674653186927345,0.10711545390184708,-0.32913134737414124
ROS1-43-0019,2019-06-14,0.29119257500810586,0.18516017706570925,-0.3936696758592069
ROS1-49-0007,2019-06-14,0.2996874202898998,0.18256041464240488,-0.42401299388036523
ROS1-42-0008,2019-06-30,0.18251092993872725,0.10327234000182915,-0.3210529874449694
ROS1-43-0019,2019-06-30,0.23330641935495577,0.16892033684607805,-0.3595509715165657
ROS1-43-0019,2019-07-16,0.2593153132078551,0.16470598463437483,-0.37315436262979756
ROS1-42-0006,2019-08-01,0.19892557449747403,0.1253743280219951,-0.3153457795518362
ROS1-42-0008,2019-08-01,0.2194335968668347,0.1140237102827776,-0.36015993851945416
ROS1-43-0019,2019-08-01,0.3165287769208049,0.18787354407522197,-0.3942684492376248
ROS1-49-0007,2019-08-01,0.27021797509427087,0.12964393116810705,-0.3530223787265997
ROS1-42-0006,2019-08-17,0.22603458706466273,0.1601789776062982,-0.33996689394648827
ROS1-42-0006,2019-09-02,0.18948493689463364,0.1288392127799377,-0.3244987991597773
ROS1-42-0008,2019-09-02,0.17149141465406936,0.09391070689543717,-0.31472035527730957
ROS1-43-0019,2019-09-02,0.2567904379434144,0.15615699263700725,-0.36174279983257657
ROS1-49-0007,2019-09-02,0.26763944093051895,0.15043531567619128,-0.3755453402177727
ROS1-42-0008,2019-10-04,0.40253235477396254,0.27667185774846625,-0.44302658264959505
ROS1-42-0006,2019-10-20,0.23353144432606102,0.11202530105380355,-0.33003551258218733
ROS1-43-0019,2019-10-20,0.5771836936296293,0.35252163014389354,-0.5516370407412061
ROS1-49-0007,2019-10-20,0.4118385412761411,0.2091814296778185,-0.4445875362132138
ROS1-31-0009,2019-04-18,0.24915236005127236,0.06986008990957614,-0.35200540595373947
ROS1-37-0049,2019-04-18,0.4287173427391977,0.2106886546402753,-0.489289068925211
ROS1-42-0006,2019-04-18,0.698304324059194,0.37292159548899306,-0.6601045016475914
ROS1-49-0004,2019-04-18,0.3970667137056443,0.1941200485846886,-0.47798289826970736
ROS1-31-0024,2019-04-18,0.5500530329804504,0.2164757130822476,-0.5366887228141152
ROS1-37-0025,2019-04-18,0.5872056899020308,0.3045982253648289,-0.5692304009052134
ROS1-38-0002,2019-04-18,0.22887950406159835,0.067501044137228,-0.34898685187120787
ROS1-43-0019,2019-04-18,0.6207248217594483,0.35411972879922426,-0.5970227655368987
ROS1-49-0007,2019-04-18,0.5504169816922406,0.29804070682373945,-0.5497207029133673
ROS1-31-0038,2019-04-18,0.4678525598448312,0.16228857865735277,-0.47652756183106104
ROS1-37-0049,2019-05-04,0.46022527422236126,0.320494557369566,-0.49137164508214165
ROS1-42-0006,2019-05-04,0.7346961677772781,0.39703145454121197,-0.6797920400099029
ROS1-49-0004,2019-05-04,0.4075820475158854,0.22314438334993225,-0.47570546330935465
ROS1-31-0024,2019-05-04,0.6272923120625165,0.39085312579957654,-0.5941700904596581
ROS1-37-0025,2019-05-04,0.7353125238001958,0.4831797283958722,-0.6837714992888456
ROS1-38-0002,2019-05-04,0.25692154174740084,0.1403023504109185,-0.359742622331275
ROS1-42-0008,2019-05-04,0.2903400191399185,0.13514173747869734,-0.3976676167201775
ROS1-43-0019,2019-05-04,0.5261969566888207,0.312381016031523,-0.5196704058078586
ROS1-49-0007,2019-05-04,0.5519741378281032,0.2949215288188027,-0.5362938165670595
ROS1-31-0038,2019-05-04,0.5793221595776366,0.33126863049083577,-0.5528624909681042
ROS1-31-0009,2019-05-20,0.22195871684840826,0.11440553455346217,-0.3382676510895342
ROS1-37-0049,2019-05-20,0.6224709175371897,0.462781525613805,-0.6399226736108214
ROS1-42-0006,2019-05-20,0.7128295326270445,0.40304619747347953,-0.6823554932091822
ROS1-49-0004,2019-05-20,0.38940782421992154,0.2290481499152782,-0.4683746870500607
ROS1-31-0024,2019-05-20,0.7503580712907874,0.5418941021677868,-0.7059220032192449
ROS1-37-0025,2019-05-20,0.7458550776954036,0.4887085901294218,-0.7084862461979419
ROS1-38-0002,2019-05-20,0.20812814438199892,0.1155434095032741,-0.33552597872010903
ROS1-42-0008,2019-05-20,0.21441940256192007,0.10470162242744617,-0.3647079565223538
ROS1-43-0019,2019-05-20,0.515155901184864,0.3154750514891158,-0.5312603264456995
ROS1-49-0007,2019-05-20,0.5299068520993163,0.31749652461609795,-0.5429984647187437
ROS1-31-0038,2019-05-20,0.7721067173184043,0.557104532881444,-0.7165250143037725
ROS1-31-0009,2019-06-05,0.21489821856315008,0.11204855052332144,-0.3364148855002781
ROS1-37-0049,2019-06-05,0.4677886757676367,0.25448456914798356,-0.5335880922526889
ROS1-49-0004,2019-06-05,0.2920213563484848,0.18185362165913058,-0.4044192473087316
ROS1-31-0024,2019-06-05,0.7331048470406984,0.5033792184414966,-0.6972848088824536
ROS1-37-0025,2019-06-05,0.4278250920233091,0.2810812881527061,-0.4710286887743479
ROS1-38-0002,2019-06-05,0.20633681089441783,0.10465262172482434,-0.33978414479190366
ROS1-31-0038,2019-06-05,0.7636139996260263,0.5651334952737885,-0.7159134727595584
ROS1-31-0009,2019-06-21,0.1853370118658071,0.09850327131921752,-0.31560797098219634
ROS1-37-0049,2019-06-21,0.2752541562599635,0.1899620269786103,-0.4339225750332165
ROS1-49-0004,2019-06-21,0.23313959456803568,0.136156775742054,-0.3730074258727603
ROS1-31-0024,2019-06-21,0.33551019948540783,0.21374915239840842,-0.4912506249220256
ROS1-37-0025,2019-06-21,0.2338907743609447,0.18281249424892781,-0.3997912668966287
ROS1-38-0002,2019-06-21,0.1883344382490607,0.09877107354141407,-0.325344327009714
ROS1-42-0008,2019-06-21,0.20482216582374416,0.1276768495237149,-0.35345087976164685
ROS1-43-0019,2019-06-21,0.2649471993443584,0.1748206935215278,-0.3873204094935828
ROS1-49-0007,2019-06-21,0.2758453300112877,0.16355512965677324,-0.4141460304932947
ROS1-31-0038,2019-06-21,0.4499119840302403,0.29384175102263527,-0.5576302246925281
ROS1-42-0006,2019-07-07,0.17326181060165333,0.14780539514819843,-0.32517344641820084
ROS1-49-0004,2019-07-07,0.20385940731453267,0.1308374435387514,-0.3528965098556398
ROS1-31-0024,2019-07-07,0.2349156168690832,0.19889277275555564,-0.40663716138740996
ROS1-37-0025,2019-07-07,0.16953560997191564,0.08823182189036002,-0.29980157996182244
ROS1-38-0002,2019-07-07,0.19693106951203654,0.12169321757608048,-0.3249519336835461
ROS1-42-0008,2019-07-07,0.14441223427370367,0.14775144660835376,-0.2496123314374097
ROS1-43-0019,2019-07-07,0.15662376033049916,0.12397977458207447,-0.24982835150944926
ROS1-49-0007,2019-07-07,0.2118099831102545,0.0678199470490713,-0.3098621649581352
ROS1-31-0038,2019-07-07,0.23681844560487272,0.23140687265156662,-0.33616011690759906
ROS1-31-0009,2019-07-23,0.1928657977922117,0.11492215556918028,-0.3230801316305005
ROS1-37-0049,2019-07-23,0.1849368455239133,0.12141313072772582,-0.3128563948780207
ROS1-49-0004,2019-07-23,0.20001538375805047,0.12220558751435587,-0.3388943543293081
ROS1-31-0024,2019-07-23,0.2285569062311008,0.1472224345768716,-0.3422517942335313
ROS1-37-0025,2019-07-23,0.2211798393774743,0.1335859727156991,-0.32658112081390045
ROS1-38-0002,2019-07-23,0.1957822284363789,0.09959308052045204,-0.3173289118315033
ROS1-42-0008,2019-07-23,0.19244492605479893,0.129527616166346,-0.3133793813447406
ROS1-43-0019,2019-07-23,0.2535370906244113,0.12984206984188193,-0.3522780771924227
ROS1-31-0038,2019-07-23,0.3852919218770695,0.24304832999794362,-0.4519019606460799
ROS1-31-0009,2019-08-08,0.20401187559287376,0.10373628847557118,-0.31973055631712305
ROS1-37-0049,2019-08-08,0.24655666142135882,0.16341478577496119,-0.3561935018379918
ROS1-42-0006,2019-08-08,0.2054170782555637,0.1304682532082526,-0.32739214855428017
ROS1-49-0004,2019-08-08,0.22202282792975314,0.13255220198826848,-0.349828944208151
ROS1-31-0024,2019-08-08,0.3518686086968137,0.21570488362983592,-0.42776931315654876
ROS1-37-0025,2019-08-08,0.4384202410067339,0.2859435608629842,-0.46910505781425044
ROS1-38-0002,2019-08-08,0.18773447052966208,0.12434199921748126,-0.3172547281783451
ROS1-42-0008,2019-08-08,0.1929572086453771,0.11449506211504212,-0.33629838287712815
ROS1-43-0019,2019-08-08,0.3334638753674927,0.1965040455722178,-0.4034774552760406
ROS1-49-0007,2019-08-08,0.2957486179454829,0.15896722055812368,-0.3852572811824952
ROS1-31-0038,2019-08-08,0.549679736962357,0.36966864948474804,-0.5645249597927592
ROS1-37-0049,2019-08-24,0.21501491236080966,0.15943980485951803,-0.3222022766470886
ROS1-42-0006,2019-08-24,0.20216572750615575,0.15015940437579914,-0.31021991620167194
ROS1-31-0024,2019-08-24,0.3029316588689131,0.19004541783529819,-0.3919683139956034
ROS1-37-0025,2019-08-24,0.2662637265754338,0.408011624450976,-0.2983723137652737
ROS1-42-0008,2019-08-24,0.18925748535845108,0.10396505883524752,-0.3169230414720514
ROS1-49-0007,2019-08-24,0.27998344230292227,0.15455639718203532,-0.37802734686787476
ROS1-31-0038,2019-08-24,0.4500789503486881,0.21922333599175695,-0.47006365216926316
ROS1-31-0009,2019-09-09,0.18685610682544476,0.09433122340400962,-0.311217601082783
ROS1-37-0049,2019-09-09,0.17960618472424536,0.12119014903358372,-0.31556521883963695
ROS1-42-0006,2019-09-09,0.19187180111386723,0.12959336733171337,-0.3271685338489999
ROS1-49-0004,2019-09-09,0.1930517193440997,0.11268729505692701,-0.33181915615114804
ROS1-31-0024,2019-09-09,0.2600209463583535,0.16550567968363372,-0.37993790569111535
ROS1-37-0025,2019-09-09,0.3140545366604013,0.20819074203192747,-0.4340857054806768
ROS1-38-0002,2019-09-09,0.19049235978538206,0.09430516326316396,-0.31397519360523407
ROS1-43-0019,2019-09-09,0.24848101545452558,0.1464358311176342,-0.3589505934741742
ROS1-49-0007,2019-09-09,0.26348538470805927,0.14467345940332307,-0.37675412958188853
ROS1-31-0038,2019-09-09,0.49101504302258053,0.32864156496333186,-0.5695525702529303
ROS1-31-0009,2019-09-25,0.1975758703978208,0.10037564373667257,-0.326224973241465
ROS1-37-0049,2019-09-25,0.18332767502390962,0.12435333516682763,-0.3181383788103911
ROS1-49-0004,2019-09-25,0.2163835759519242,0.1305510619262252,-0.3544351457390622
ROS1-31-0024,2019-09-25,0.25715302011906943,0.1532570015277417,-0.3807869139376497
ROS1-37-0025,2019-09-25,0.3540686640009246,0.2136502084063018,-0.46781426961157
ROS1-38-0002,2019-09-25,0.20913401113639873,0.11373574439292257,-0.33337013746859245
ROS1-43-0019,2019-09-25,0.26114708423751476,0.15375742514658255,-0.3581846955911061
ROS1-31-0038,2019-09-25,0.48717187774748366,0.301636418461219,-0.5772678515533434
ROS1-31-0009,2019-10-11,0.31062123092984684,0.11341216476361794,-0.36842196057562426
ROS1-37-0049,2019-10-11,0.23755029075595832,0.14584224343318553,-0.34880872984253497
ROS1-42-0006,2019-10-11,0.21458795850153936,0.1267337537455668,-0.31358800377772894
ROS1-31-0024,2019-10-11,0.25373259848788604,0.13465597052531755,-0.3660491946837335
ROS1-37-0025,2019-10-11,0.43099048632446285,0.2559373197380093,-0.4893482372487864
ROS1-38-0002,2019-10-11,0.4774367253475282,0.24802455297230203,-0.48319519263496946
ROS1-42-0008,2019-10-11,0.2857938172710025,0.23001137676086256,-0.3370906047370985
ROS1-42-0006,2019-10-27,0.2170127305081164,0.1174462656590319,-0.3248703017085403
ROS1-49-0004,2019-10-27,0.5430363656595619,0.3552986535727084,-0.5510779759879733
ROS1-37-0025,2019-10-27,0.45225574751745345,0.2748994912788034,-0.5134122277786088
ROS1-42-0008,2019-10-27,0.6215036194584065,0.48988253850531854,-0.6012608435013888
ROS1-43-0019,2019-10-27,0.5616862764439785,0.34614758535727674,-0.5545311484709168
ROS1-49-0007,2019-10-27,0.3897112025188339,0.1952304708829351,-0.4406231781049553
ROS1-42-0006,2019-04-18,0.6977178651131575,0.3727358803222122,-0.6585921844555699
ROS1-24-0026,2019-04-18,0.7055591422767215,0.5106046551967587,-0.5718687988384891
ROS1-30-0001,2019-04-18,0.5331090385092045,0.2226029781433187,-0.49456460695056603
ROS1-36-0022,2019-04-18,0.6923853901725852,0.3937667025831671,-0.6607113371818375
ROS1-37-0025,2019-04-18,0.5864342395212537,0.3035235412872915,-0.5680621650707037
ROS1-30-0009,2019-05-04,0.7550341929954737,0.5244797623869,-0.6496537008206502
ROS1-42-0006,2019-05-04,0.7377383028082009,0.39839841396461806,-0.682709190156343
ROS1-24-0026,2019-05-04,0.8252397216657406,0.6119549265601459,-0.7425597266279117
ROS1-30-0001,2019-05-04,0.6006524696431441,0.30286244449054356,-0.5504087105710646
ROS1-36-0022,2019-05-04,0.773693116993345,0.4926889521454361,-0.720088266582951
ROS1-37-0025,2019-05-04,0.7364954781276587,0.4835488205623104,-0.6855628600939975
ROS1-42-0008,2019-05-04,0.29235317762293334,0.13585025082390448,-0.40047289653201623
ROS1-30-0006,2019-05-04,0.2440227426808365,0.13645696471746568,-0.3378295804584125
ROS1-30-0009,2019-05-20,0.8156537707539522,0.5920470412068704,-0.7352596818558168
ROS1-42-0006,2019-05-20,0.7128413181889715,0.40307114168479113,-0.6834622571209704
ROS1-24-0026,2019-05-20,0.8577542722694284,0.6793150502732829,-0.7845404083532689
ROS1-30-0001,2019-05-20,0.6766382660563953,0.39575226365953187,-0.615159396677207
ROS1-36-0022,2019-05-20,0.8063105833344912,0.5442492802137953,-0.7606588811500546
ROS1-37-0025,2019-05-20,0.7457964152167017,0.48871974975043275,-0.7093128730592599
ROS1-42-0008,2019-05-20,0.21496818160531095,0.10481960017816988,-0.36670645290457093
ROS1-30-0006,2019-05-20,0.21115069239763815,0.09974608594859559,-0.3272044950861067
ROS1-37-0025,2019-06-05,0.43269024327347044,0.31196412780104293,-0.48563258897921097
ROS1-30-0009,2019-06-21,0.2980339566503959,0.20798145644324276,-0.46383416827158
ROS1-24-0026,2019-06-21,0.29588312080527096,0.21526970330109552,-0.4572882878069285
ROS1-30-0001,2019-06-21,0.3148778010240879,0.20336315224328383,-0.45388511891716454
ROS1-37-0025,2019-06-21,0.232897141720499,0.18551398434965286,-0.3967537993342829
ROS1-42-0008,2019-06-21,0.2024506367475197,0.115295848701813,-0.34550102989677717
ROS1-42-0006,2019-07-07,0.1726040424375563,0.14653853106430847,-0.3270601931440989
ROS1-24-0026,2019-07-07,0.22741549214360063,0.20616573255654663,-0.3819971730333308
ROS1-30-0001,2019-07-07,0.16988050510558506,0.0626536145729767,-0.25679489048517284
ROS1-36-0022,2019-07-07,0.17898791833928554,0.1454060613432384,-0.3307425648285141
ROS1-37-0025,2019-07-07,0.16185281915541103,0.08467556853985438,-0.28702965793995666
ROS1-42-0008,2019-07-07,0.13293278037510187,0.14919336455212376,-0.23194069676557055
ROS1-30-0006,2019-07-07,0.19604115397905156,0.11245155865714102,-0.30831066579731903
ROS1-30-0009,2019-07-23,0.1831836825265986,0.1321159507777098,-0.3073161137641869
ROS1-30-0001,2019-07-23,0.32663185960701674,0.19466531883815139,-0.3994058202979547
ROS1-36-0022,2019-07-23,0.2795631162784756,0.14394490562741996,-0.45899784241253305
ROS1-37-0025,2019-07-23,0.22319388357429715,0.1346950386663414,-0.3282618978918218
ROS1-42-0008,2019-07-23,0.20008603281292206,0.12993930234337353,-0.3284713198935994
ROS1-30-0006,2019-07-23,0.1972428709560247,0.10583293688224,-0.3175879997839105
ROS1-30-0009,2019-08-08,0.33741436002495234,0.223680203689581,-0.42310268085524305
ROS1-42-0006,2019-08-08,0.20606501612205258,0.1306513382572826,-0.3283121732354942
ROS1-24-0026,2019-08-08,0.29754664452067603,0.20130930746286307,-0.38483022668132855
ROS1-30-0001,2019-08-08,0.5002643920645382,0.2995439356874407,-0.49608211522713297
ROS1-36-0022,2019-08-08,0.20089631350121934,0.10208476740252029,-0.3276481665530877
ROS1-37-0025,2019-08-08,0.43719337373756184,0.28439018307619246,-0.4683698549293705
ROS1-42-0008,2019-08-08,0.1937734396775279,0.11484805829850736,-0.3373408325967588
ROS1-30-0006,2019-08-08,0.20078230359948548,0.11316006504843834,-0.3128327553285816
ROS1-30-0009,2019-08-24,0.35278265547660576,0.23102052976713844,-0.4388572384938246
ROS1-24-0026,2019-08-24,0.2576499861964395,0.11753219172300929,-0.2835041481888164
ROS1-30-0001,2019-08-24,0.3142324403120663,0.14960643428997616,-0.4219015356689239
ROS1-36-0022,2019-08-24,0.1943165149592138,0.1031444298253018,-0.3117088973760172
ROS1-42-0008,2019-08-24,0.1869060095442746,0.10302406421615251,-0.31386071606356747
ROS1-30-0006,2019-08-24,0.20924335835535954,0.10298995142109203,-0.2940370359111247
ROS1-30-0009,2019-09-09,0.31680873665676584,0.21371209408745764,-0.43131443592943025
ROS1-42-0006,2019-09-09,0.19246855564053872,0.13012986883711705,-0.3281178600904222
ROS1-24-0026,2019-09-09,0.23731014164250222,0.1674094480322146,-0.362910595148165
ROS1-30-0001,2019-09-09,0.22839290115346608,0.1152333701378214,-0.3369260922227871
ROS1-36-0022,2019-09-09,0.1831585754071034,0.09847777084100422,-0.3142335609279213
ROS1-37-0025,2019-09-09,0.3147619724450803,0.20860911137915125,-0.43537013719665757
ROS1-42-0008,2019-09-09,0.19095383013917674,0.11198417035987919,-0.3318750679048863
ROS1-30-0006,2019-09-09,0.18930399455767233,0.09129785693773797,-0.2951896004175896
ROS1-30-0009,2019-09-25,0.31423069758083677,0.15929972008665302,-0.40931387685910514
ROS1-24-0026,2019-09-25,0.24384457477143606,0.15836555089541984,-0.3589862040612783
ROS1-30-0001,2019-09-25,0.2416556110348471,0.10526680146162276,-0.3477976791333583
ROS1-37-0025,2019-09-25,0.35466381506122574,0.21379929645734394,-0.46975561842881525
ROS1-30-0006,2019-09-25,0.2108953082599715,0.07389013234700618,-0.2958259716603913
ROS1-30-0009,2019-10-11,0.4009535309484661,0.22234904124526977,-0.46767091884165973
ROS1-42-0006,2019-10-11,0.20956788903524762,0.12082318436331835,-0.31016555486029446
ROS1-24-0026,2019-10-11,0.3055060639179586,0.17619298418306545,-0.3774026613994754
ROS1-30-0001,2019-10-11,0.411308579917929,0.18573827803696885,-0.42158666569014575
ROS1-36-0022,2019-10-11,0.22611365024992472,0.10040926449440717,-0.32546393034210597
ROS1-37-0025,2019-10-11,0.4322071626189226,0.25653762180374173,-0.49061782322338077
ROS1-42-0008,2019-10-11,0.281016090978604,0.22817805733254853,-0.331798543294245
ROS1-30-0006,2019-10-11,0.27257893606387246,0.11792104348997066,-0.32885901059535066
ROS1-42-0006,2019-10-27,0.2157264312876585,0.11687033850879448,-0.3226248730068817
ROS1-24-0026,2019-10-27,0.34960595052181925,0.10867897906860097,-0.3966039344072256
ROS1-30-0001,2019-10-27,0.5992932975686144,0.3008511201945531,-0.5431869957466482
ROS1-36-0022,2019-10-27,0.2836925374857085,0.12509580546278554,-0.36981388000457216
ROS1-37-0025,2019-10-27,0.4504320851083974,0.27524250574934445,-0.5099277896289865
ROS1-42-0008,2019-10-27,0.640368058683916,0.5044938361355524,-0.6165071769802443
ROS1-30-0006,2019-10-27,0.49571556148156837,0.2720482349951038,-0.48465429855753883
ROS1-28-0006,2019-04-09,0.21769521419068855,0.10402213585593507,-0.29068251472868734
ROS1-28-0006,2019-04-25,0.21288315865439994,0.1101024636403948,-0.27720162258239606
ROS1-28-0006,2019-05-11,0.29970995997947436,0.1428153122812327,-0.35732741475519736
ROS1-28-0006,2019-05-27,0.2830345077686784,0.11552848171861477,-0.303770104101987
ROS1-28-0006,2019-06-12,0.32493767905939863,0.15154736828320517,-0.37782289403011693
ROS1-28-0006,2019-07-14,0.6522264788059106,0.4082213757446472,-0.5728094372927007
ROS1-28-0006,2019-08-15,0.7303944160004059,0.4528166370842563,-0.6547509869023361
ROS1-28-0006,2019-08-31,0.704357261181653,0.4254273300438748,-0.6294441046222117
ROS1-28-0006,2019-09-16,0.4165491134948287,0.21993513397898265,-0.5072703797860232
ROS1-28-0006,2019-10-02,0.3092500954020311,0.1400589150714018,-0.48024145752115777
ROS1-28-0006,2019-10-18,0.2857088518238554,0.12476538233256323,-0.42646109615601946
ROS1-28-0006,2019-04-09,0.2205188436922381,0.10409103107475717,-0.29478350807724735
ROS1-33-0014,2019-04-09,0.2723157559881776,0.1235463859576137,-0.3573656771944365
ROS1-28-0017,2019-04-09,0.581454459886504,0.38678190922076916,-0.5659343219237627
ROS1-33-0018,2019-04-09,0.3288251743230432,0.19538001532831276,-0.4071764261784361
ROS1-27-0006,2019-04-25,0.4752700788150749,0.27407847715666744,-0.4844561739356997
ROS1-28-0006,2019-04-25,0.21175484240812126,0.10960350692656112,-0.2746961128324412
ROS1-33-0014,2019-04-25,0.36525571494118947,0.191533342473393,-0.4070164230123596
ROS1-26-0031,2019-04-25,0.7506247902699681,0.4270435898216361,-0.6873460338783859
ROS1-27-0009,2019-04-25,0.2799594860676874,0.14749609119873125,-0.3629337320182035
ROS1-28-0017,2019-04-25,0.6267149378544475,0.4304339102306226,-0.6003173566881972
ROS1-33-0018,2019-04-25,0.428827112975369,0.26593592863014104,-0.4828023212761177
ROS1-21-0034,2019-04-25,0.3482126050716292,0.18509672612133465,-0.39502384774152927
ROS1-27-0004,2019-04-25,0.5593763912668336,0.33968353004397667,-0.5341654043182289
ROS1-27-0006,2019-05-11,0.7451315797061927,0.4957884547735764,-0.6479916751644396
ROS1-28-0006,2019-05-11,0.299784537598423,0.14280284110230387,-0.3569991310095457
ROS1-33-0014,2019-05-11,0.6719818827359202,0.34947886757599017,-0.5869556444230474
ROS1-27-0009,2019-05-11,0.4187427496421,0.21334660963402277,-0.45733431836303906
ROS1-28-0017,2019-05-11,0.6975614067645154,0.4680141164315156,-0.6764764942886863
ROS1-33-0018,2019-05-11,0.676675514678419,0.3829314573402616,-0.6383631838392773
ROS1-21-0034,2019-05-11,0.39970450695488885,0.2025888840195691,-0.45919261669070577
ROS1-27-0004,2019-05-11,0.7126217832308162,0.41061968541117116,-0.6218248087681559
ROS1-27-0006,2019-05-27,0.8603912159304364,0.6673591208938712,-0.7542251952669766
ROS1-28-0006,2019-05-27,0.29341098377972613,0.11636836462030328,-0.3187653877420189
ROS1-26-0031,2019-05-27,0.8842144162461907,0.5703431661476094,-0.803268868689915
ROS1-27-0009,2019-05-27,0.3083100689740965,0.0674093266990737,-0.29512224551425986
ROS1-28-0017,2019-05-27,0.7289709265931803,0.5376753880708003,-0.6828182460439869
ROS1-33-0018,2019-05-27,0.717723922652569,0.4289532791001305,-0.6599007231222296
ROS1-21-0034,2019-05-27,0.42363385553963145,0.2515531587035841,-0.4372421511168813
ROS1-27-0004,2019-05-27,0.7280480100044664,0.45981945083830306,-0.6490272358520298
ROS1-27-0006,2019-06-12,0.6989946939968722,0.5229499758045455,-0.6461973740867634
ROS1-28-0006,2019-06-12,0.32749894922453066,0.15237024301406274,-0.381057815862845
ROS1-33-0014,2019-06-12,0.36531397092820644,0.20488948975239032,-0.44036432451501656
ROS1-28-0017,2019-06-12,0.6120532935986757,0.3662872194555748,-0.6039854246483441
ROS1-27-0006,2019-07-14,0.3364208480227893,0.20975714597045117,-0.4781980021058625
ROS1-28-0006,2019-07-14,0.6504264562697888,0.40354016632019757,-0.5725882105442469
ROS1-33-0014,2019-07-14,0.21708051785054536,0.15330332007719075,-0.33223726448469576
ROS1-27-0009,2019-07-14,0.6372369467721977,0.4259150467445565,-0.6152595147290276
ROS1-28-0017,2019-07-14,0.2685762120875738,0.12120152579457213,-0.38895241027525596
ROS1-33-0018,2019-07-14,0.24087158163480862,0.17332402832816257,-0.36575193858609434
ROS1-21-0034,2019-07-14,0.5908608560138795,0.20857988869610786,-0.490058965596641
ROS1-27-0004,2019-07-14,0.2846153502198456,0.17758057680762,-0.4156325631401163
ROS1-28-0017,2019-07-30,0.2574840984765898,0.1445684879833698,-0.3381106447458704
ROS1-27-0006,2019-08-15,0.2520168254926325,0.13125499555010145,-0.3478053466456009
ROS1-28-0006,2019-08-15,0.7308119664714501,0.4531598611663434,-0.6549421327181462
ROS1-33-0014,2019-08-15,0.3183899483281584,0.19222273168421003,-0.41746586436997174
ROS1-26-0031,2019-08-15,0.20483480520736028,0.09505635423187091,-0.31508689614899077
ROS1-27-0009,2019-08-15,0.6128726044460588,0.38720331330565794,-0.5954240391539158
ROS1-28-0017,2019-08-15,0.3382456822685773,0.18882353570531646,-0.4101570933087489
ROS1-33-0018,2019-08-15,0.5394149971392249,0.35410299934443096,-0.55894342883077
ROS1-21-0034,2019-08-15,0.7029234757657226,0.44172423058614335,-0.6469429807502168
ROS1-27-0004,2019-08-15,0.5584416078588579,0.3466468305791624,-0.5466841715548574
ROS1-27-0006,2019-08-31,0.2498586835753408,0.13389765219077637,-0.35808539290131836
ROS1-28-0006,2019-08-31,0.7063683639461622,0.42631158648515455,-0.6308316554844723
ROS1-33-0014,2019-08-31,0.3163576408231149,0.19536660272846218,-0.4331242355866085
ROS1-26-0031,2019-08-31,0.1880763278979241,0.08883375288018333,-0.3065066379429644
ROS1-27-0009,2019-08-31,0.32959814144035937,0.19950657411235265,-0.4641097718140709
ROS1-28-0017,2019-08-31,0.41536454245350274,0.2322744968618249,-0.4552776364157929
ROS1-33-0018,2019-08-31,0.33998618582689866,0.19632380719828202,-0.4429001527610852
ROS1-21-0034,2019-08-31,0.5190169284087653,0.30863412004886437,-0.5526530671528646
ROS1-27-0004,2019-08-31,0.4870629229443579,0.2967957166196104,-0.5209052955866363
ROS1-27-0006,2019-09-16,0.2667413526163731,0.14452552248177253,-0.3699063067611054
ROS1-28-0006,2019-09-16,0.41706847323234625,0.22026264013024496,-0.507116862263084
ROS1-33-0014,2019-09-16,0.3073187847929182,0.1900753665712223,-0.4424032041410361
ROS1-26-0031,2019-09-16,0.1805847660186084,0.08853833248400701,-0.3094759688321862
ROS1-27-0009,2019-09-16,0.27910891246098585,0.1655464988973123,-0.44559354524192957
ROS1-28-0017,2019-09-16,0.25056079590145747,0.12070420246616664,-0.3497290682942519
ROS1-33-0018,2019-09-16,0.30657674874251917,0.17775698383913646,-0.4326955115116345
ROS1-21-0034,2019-09-16,0.3217117606847604,0.1964058591321535,-0.4724179452369547
ROS1-27-0004,2019-09-16,0.4249647090144739,0.2547864528426055,-0.5010187088800088
ROS1-27-0006,2019-10-02,0.3081291155764337,0.14576433320907398,-0.4002410377866301
ROS1-28-0006,2019-10-02,0.30968000895654585,0.13993433001629935,-0.48138817564315395
ROS1-33-0014,2019-10-02,0.31346286329684414,0.17751424592473025,-0.4597588764979391
ROS1-27-0009,2019-10-02,0.2844191160101618,0.1554212736908668,-0.4435386822739466
ROS1-28-0017,2019-10-02,0.34541020715080667,0.12102622777647201,-0.4104673318629101
ROS1-33-0018,2019-10-02,0.2404778381893053,0.10132460721688784,-0.3718379347844301
ROS1-21-0034,2019-10-02,0.3226749059125214,0.17324558631189962,-0.4965796953161465
ROS1-27-0004,2019-10-02,0.418737992587563,0.1678826229871224,-0.47576352053042387
ROS1-28-0006,2019-10-18,0.28714717043848587,0.12574082652543161,-0.4272624588979655
ROS1-33-0014,2019-10-18,0.29495286700246187,0.1532541419410433,-0.42656005971217503
ROS1-26-0031,2019-10-18,0.4256999100993709,0.18873091155780314,-0.4142977346954066
ROS1-28-0017,2019-10-18,0.48880123122713903,0.251318751987873,-0.49810759101422064
ROS1-33-0018,2019-10-18,0.21753770210224646,0.08679478978818801,-0.34364912892034116
ROS1-27-0004,2019-10-18,0.33169280212346886,0.15395937240008012,-0.4464144742290009
ROS1-19-0041,2019-04-09,0.3933722374406873,0.22078415853497008,-0.4267643100723766
ROS1-25-0017,2019-04-09,0.17661375874141305,0.11078718363538945,-0.26527595337085824
ROS1-26-0027,2019-04-09,0.4026439505599547,0.23317796564678187,-0.4505940273634765
ROS1-31-0009,2019-04-09,0.18249710687754314,0.09152516441279386,-0.29183075466689296
ROS1-32-0018,2019-04-09,0.3708401488098145,0.21775279187304553,-0.4241830046799424
ROS1-19-0026,2019-04-09,0.4855613055723382,0.28075696495482266,-0.471685619863759
ROS1-20-0010,2019-04-09,0.2612501808285682,0.11991896675709492,-0.3385682050185876
ROS1-25-0008,2019-04-09,0.3782521553384355,0.18310917382072187,-0.422360853875825
ROS1-30-0001,2019-04-09,0.37692311487106755,0.17094398340430528,-0.41788367337372134
ROS1-31-0024,2019-04-09,0.3238171271173631,0.16398931548830395,-0.39826731073097305
ROS1-32-0022,2019-04-09,0.6101237138040535,0.3735536714452681,-0.588401645185573
ROS1-37-0025,2019-04-09,0.3811519917035296,0.20539885264853558,-0.43934373076964556
ROS1-38-0002,2019-04-09,0.2012703835349534,0.08863301014054112,-0.31825698341873
ROS1-19-0022,2019-04-09,0.19055694287713,0.08937362558097345,-0.26127804190688386
ROS1-25-0016,2019-04-09,0.2448885646718185,0.10400830389338397,-0.3253272671864278
ROS1-26-0006,2019-04-09,0.3522581418250766,0.1893428585306515,-0.4042144945230335
ROS1-30-0006,2019-04-09,0.2111082478012617,0.08682098570202085,-0.3273993536994333
ROS1-31-0038,2019-04-09,0.26868651165813057,0.12982898644737323,-0.3675969947338923
ROS1-19-0041,2019-04-25,0.6043058597482625,0.3618449872290605,-0.5577425631417702
ROS1-25-0017,2019-04-25,0.2134716907705854,0.09578625404329548,-0.2815735076317033
ROS1-26-0027,2019-04-25,0.48551506462740945,0.2844515818691656,-0.512983816892187
ROS1-31-0009,2019-04-25,0.21341442651476072,0.09731432562644635,-0.3265119496607379
ROS1-32-0018,2019-04-25,0.44682039206605084,0.2538942422512828,-0.4801540307564388
ROS1-37-0049,2019-04-25,0.40841491156760007,0.23067585691730474,-0.4465696524045411
ROS1-19-0026,2019-04-25,0.7066747707234086,0.4356024073139058,-0.6377443583230388
ROS1-20-0010,2019-04-25,0.276107863593336,0.1362247878784596,-0.34927175958288614
ROS1-25-0008,2019-04-25,0.5250923414542558,0.29594333121302563,-0.5204940511237853
ROS1-26-0031,2019-04-25,0.7490895412893553,0.4262990578913833,-0.6859901850044431
ROS1-27-0009,2019-04-25,0.27839365859322523,0.14744037656147216,-0.3603795911226182
ROS1-30-0001,2019-04-25,0.4681928857883038,0.22924638138113496,-0.4719227909636811
ROS1-31-0024,2019-04-25,0.47263723612864933,0.26355360602931494,-0.5026616306312984
ROS1-32-0022,2019-04-25,0.7942926132449374,0.5156462323709758,-0.7411978462773567
ROS1-37-0025,2019-04-25,0.5528354522443084,0.35020669945590566,-0.5495779150083839
ROS1-38-0002,2019-04-25,0.20074933205215367,0.1023233238032083,-0.3237871110615916
ROS1-19-0022,2019-04-25,0.22288531962805322,0.10829771374249891,-0.2939796092071648
ROS1-21-0034,2019-04-25,0.34803692352556476,0.18419411707872574,-0.39565871183780055
ROS1-25-0016,2019-04-25,0.2602956634364955,0.11385430311663605,-0.3339350636254781
ROS1-26-0006,2019-04-25,0.48367380754057915,0.30025267502692204,-0.4986860156769174
ROS1-30-0006,2019-04-25,0.20557055235286856,0.10550697108561294,-0.31923937734647967
ROS1-31-0038,2019-04-25,0.4042653250793769,0.22702824017848985,-0.4519012460699061
ROS1-19-0041,2019-05-11,0.837054051233659,0.633624184282006,-0.7213919237069331
ROS1-25-0017,2019-05-11,0.32748280799032564,0.14373739379372963,-0.36780521837355523
ROS1-26-0027,2019-05-11,0.3256797659515106,0.137163749512478,-0.39878354671829763
ROS1-31-0009,2019-05-11,0.3325133662812818,0.18531887601038827,-0.4015723307973095
ROS1-32-0018,2019-05-11,0.7016584873289204,0.37844021282415125,-0.634967889889751
ROS1-19-0026,2019-05-11,0.8831979091481467,0.6948350478895077,-0.7810170289422456
ROS1-20-0010,2019-05-11,0.4789966214250827,0.2171882600564763,-0.4919224603910063
ROS1-25-0008,2019-05-11,0.8037697616503505,0.5507103554659882,-0.6971194386565699
ROS1-26-0031,2019-05-11,0.7744615790855922,0.5121811861499384,-0.6800580544058863
ROS1-27-0009,2019-05-11,0.41608951880738093,0.21232553354595587,-0.45546869950524194
ROS1-31-0024,2019-05-11,0.677197622497897,0.43160935006110035,-0.6218702838999863
ROS1-32-0022,2019-05-11,0.913435703961036,0.7025226970533619,-0.8366969201922485
ROS1-19-0022,2019-05-11,0.6540796316513826,0.3924686293581484,-0.5654769461608125
ROS1-21-0034,2019-05-11,0.39922950058975676,0.20204458877158882,-0.45964955169400534
ROS1-26-0006,2019-05-11,0.6454867961312294,0.4617552736720273,-0.6011731196206276
ROS1-30-0006,2019-05-11,0.28616606598169386,0.13823392510364396,-0.36437024748258334
ROS1-19-0041,2019-05-27,0.8810965299931357,0.6696476453789367,-0.7859344500497487
ROS1-25-0017,2019-05-27,-0.10394207004785312,-0.007396711282032869,0.11358645643714962
ROS1-26-0027,2019-05-27,0.5121289451187773,0.31762455139077006,-0.5340969112111155
ROS1-32-0018,2019-05-27,0.6840244372387256,0.37710006381866856,-0.6387080606125988
ROS1-19-0026,2019-05-27,0.8993873330320619,0.7013935489002677,-0.8155510095341334
ROS1-20-0010,2019-05-27,0.6679494375499386,0.40770868179860414,-0.5940842958844913
ROS1-25-0008,2019-05-27,0.8199443450626277,0.5199409904544252,-0.7182765490231239
ROS1-26-0031,2019-05-27,0.8853566884105063,0.570327403899309,-0.8046615520566753
ROS1-32-0022,2019-05-27,0.9059055989291133,0.7054021539108102,-0.8385220663468161
ROS1-38-0002,2019-05-27,0.2565726504388442,0.12060233546899551,-0.3822596019830856
ROS1-19-0022,2019-05-27,0.33414272640354303,0.13904945882566622,-0.37876398114479554
ROS1-21-0034,2019-05-27,0.42294304103621577,0.25109077589111267,-0.43691390819321557
ROS1-25-0016,2019-05-27,0.6573780841464026,0.33535019744559297,-0.660341847358894
ROS1-26-0006,2019-05-27,0.7624631541922302,0.6225504947122757,-0.7196104048444986
ROS1-19-0041,2019-06-12,0.7946913031453016,0.5985445482086205,-0.7328524250019791
ROS1-25-0017,2019-06-12,0.6077743518410152,0.3140628267879445,-0.5353965635845451
ROS1-37-0049,2019-06-12,0.38215750423339984,0.16269666629686344,-0.43817348274846185
ROS1-19-0026,2019-06-12,0.7608944956104965,0.4498626521228751,-0.7070734639186352
ROS1-30-0001,2019-06-12,0.6226069589631504,0.29633465294951344,-0.5580102839424148
ROS1-37-0025,2019-06-12,0.38366343770716715,0.22566792829154983,-0.52200741355129
ROS1-38-0002,2019-06-12,0.23173271747794985,0.12368104257321072,-0.34422722062572564
ROS1-19-0022,2019-06-12,0.27474170962448863,0.150695159739295,-0.34660682043278246
ROS1-21-0034,2019-06-12,0.4474170806544237,0.2802069280825969,-0.46693310161006973
ROS1-30-0006,2019-06-12,0.23155525344356737,0.12487764748943507,-0.31199427189594187
ROS1-31-0038,2019-06-12,0.6685412844210837,0.47412315836536767,-0.6509548410053116
ROS1-19-0041,2019-06-28,0.3695915082334666,0.24788943209923972,-0.524811396787611
ROS1-25-0017,2019-06-28,0.7246753097323875,0.3396635650156924,-0.6120720999538604
ROS1-26-0027,2019-06-28,0.2205337556149592,0.14135290610309598,-0.3608303163122249
ROS1-31-0009,2019-06-28,0.19512281073722432,0.10146528490916726,-0.33208792679807825
ROS1-32-0018,2019-06-28,0.23320934949631056,0.1957718428953455,-0.33728475551967274
ROS1-37-0049,2019-06-28,0.2582450915550394,0.16749875085680097,-0.43550267035221674
ROS1-19-0026,2019-06-28,0.3337137193090883,0.2218185188921402,-0.5058110304091882
ROS1-25-0008,2019-06-28,0.22895735771021042,0.17720028941513147,-0.38931438207274777
ROS1-30-0001,2019-06-28,0.23544582279595075,0.15101078085053216,-0.3756347197614242
ROS1-31-0024,2019-06-28,0.29801055157782824,0.1778747818805906,-0.4724488967128722
ROS1-32-0022,2019-06-28,0.30496633954672786,0.20414550861231878,-0.47829083159747293
ROS1-37-0025,2019-06-28,0.2057555155521002,0.14921240189002202,-0.3737802116087016
ROS1-38-0002,2019-06-28,0.18726399755822176,0.092946036202713,-0.3255171350145846
ROS1-19-0022,2019-06-28,0.274452672815042,0.13678800923664633,-0.33883604214760876
ROS1-25-0016,2019-06-28,0.5895979150910353,0.34899957844880286,-0.6032867883032845
ROS1-30-0006,2019-06-28,0.20072612396544534,0.09000336237027756,-0.3333334165346649
ROS1-31-0038,2019-06-28,0.3845358245525837,0.250156870102094,-0.5255528361674227
ROS1-19-0041,2019-07-14,0.255608357707662,0.18349506139360858,-0.3908326425115013
ROS1-25-0017,2019-07-14,0.8159663086536852,0.4940451561283324,-0.6946605369085154
ROS1-26-0027,2019-07-14,0.1928209755143722,0.0982296718874753,-0.2885766197899181
ROS1-31-0009,2019-07-14,0.21365266224773177,0.07757528667742161,-0.32667578577930373
ROS1-37-0049,2019-07-14,0.18389997232686783,0.13700911659173995,-0.31482274500754726
ROS1-19-0026,2019-07-14,0.28138962655266603,0.14234524800418255,-0.4001306554430347
ROS1-20-0010,2019-07-14,0.5598246102163047,0.4022903504100678,-0.5584342425144154
ROS1-27-0009,2019-07-14,0.638882068875441,0.4256397326477102,-0.6170857382835387
ROS1-30-0001,2019-07-14,0.23257687862979404,0.12644895736228132,-0.3097679219031348
ROS1-31-0024,2019-07-14,0.20840611148430022,0.14465712258209623,-0.348799429428061
ROS1-32-0022,2019-07-14,0.2294380038419251,0.10147211183536933,-0.39798821378188426
ROS1-19-0022,2019-07-14,0.6119264893378512,0.34136308182709385,-0.5439562205106239
ROS1-21-0034,2019-07-14,0.6015968662510902,0.20686196452407943,-0.48905746799665845
ROS1-26-0006,2019-07-14,0.332470992230607,0.18609627916941626,-0.4094707013095762
ROS1-25-0008,2019-07-30,0.35852393363833984,0.16993576065013005,-0.3882292649302376
ROS1-26-0006,2019-07-30,0.28528260556138063,0.13986861674341258,-0.3140089877465625
ROS1-19-0041,2019-08-15,0.5502129530475426,0.3466739020133509,-0.5545493790908204
ROS1-25-0017,2019-08-15,0.8699592794015412,0.7397566800703452,-0.7747902248785302
ROS1-26-0027,2019-08-15,0.21212729794483207,0.10734614581661513,-0.3209742622875106
ROS1-31-0009,2019-08-15,0.20135241454082028,0.09525350769010531,-0.3212297332763536
ROS1-32-0018,2019-08-15,0.6033232549571765,0.3903482017465942,-0.5906421971037457
ROS1-37-0049,2019-08-15,0.23428546770800263,0.15252761184595132,-0.3498747803499443
ROS1-19-0026,2019-08-15,0.21014342180395607,0.0919182208433505,-0.3003263311638867
ROS1-20-0010,2019-08-15,0.22890137298578264,0.1160507914570176,-0.31599292122775063
ROS1-25-0008,2019-08-15,0.200644888331538,0.08780724461424881,-0.32422823807381734
ROS1-26-0031,2019-08-15,0.2056737763137091,0.09529031879818932,-0.3161692384153732
ROS1-27-0009,2019-08-15,0.6127501302503574,0.38714910464199914,-0.5956415374597278
ROS1-30-0001,2019-08-15,0.23938432023501932,0.10729930249831002,-0.3438450256779596
ROS1-31-0024,2019-08-15,0.32460893264683655,0.1923404525649678,-0.4151603598264791
ROS1-32-0022,2019-08-15,0.20181778443119772,0.11430194942605595,-0.32811937517967626
ROS1-37-0025,2019-08-15,0.42775331333445016,0.2760337156056782,-0.4756123743948986
ROS1-38-0002,2019-08-15,0.1940230785270959,0.12674231654052365,-0.3220686257255808
ROS1-19-0022,2019-08-15,0.839442634349571,0.7525617266888796,-0.7462956075152714
ROS1-21-0034,2019-08-15,0.7030834535497184,0.4410142932606803,-0.6476550238374218
ROS1-25-0016,2019-08-15,0.6936959399546339,0.44316915243589533,-0.6426280836446542
ROS1-26-0006,2019-08-15,0.3498062837046359,0.18385115399305235,-0.4142720864132129
ROS1-30-0006,2019-08-15,0.2102504320786317,0.09076266179709593,-0.3311138376505132
ROS1-31-0038,2019-08-15,0.5587251424558911,0.36878410449417137,-0.584146673121438
ROS1-19-0041,2019-08-31,0.43711192781663827,0.2639041063754204,-0.514063871480326
ROS1-25-0017,2019-08-31,0.8434692331360594,0.6211081512776385,-0.7573729317167784
ROS1-31-0009,2019-08-31,0.20059900615883963,0.09902199771998035,-0.3212533106393629
ROS1-32-0018,2019-08-31,0.48099546706925106,0.2995941934927642,-0.5441314761121993
ROS1-37-0049,2019-08-31,0.1979135299769362,0.12766748705514971,-0.33333141419663115
ROS1-19-0026,2019-08-31,0.198934268391316,0.10008763197071888,-0.28624556508644405
ROS1-20-0010,2019-08-31,0.2206032941450997,0.1022953595234014,-0.3149860710187466
ROS1-25-0008,2019-08-31,0.19606676242805038,0.08430180816176484,-0.3154691782169607
ROS1-26-0031,2019-08-31,0.1868670938140091,0.08835954744179783,-0.3059558254579223
ROS1-27-0009,2019-08-31,0.34421828476411453,0.18954405446441366,-0.49003168544570774
ROS1-30-0001,2019-08-31,0.23484100255036286,0.14277116520679392,-0.3195859929876642
ROS1-31-0024,2019-08-31,0.2819620209369705,0.1698190127454234,-0.39648593213192823
ROS1-32-0022,2019-08-31,0.20875119494135144,0.12118468328258619,-0.3352524199715886
ROS1-37-0025,2019-08-31,0.3317679247566104,0.21283928165036167,-0.4458791780558719
ROS1-38-0002,2019-08-31,0.19427388472989116,0.09075019783748173,-0.3188051638304865
ROS1-19-0022,2019-08-31,0.8326285389245446,0.6789369184911471,-0.7154692883820034
ROS1-21-0034,2019-08-31,0.5183497758666344,0.3082494422944782,-0.5526726097894303
ROS1-25-0016,2019-08-31,0.4595803894266316,0.23850762678267326,-0.5130127293060284
ROS1-26-0006,2019-08-31,0.34420118356761675,0.19153816527830975,-0.41682568529201824
ROS1-30-0006,2019-08-31,0.19891189150226166,0.08607981831619697,-0.3161463130696852
ROS1-31-0038,2019-08-31,0.5198111965257688,0.3399564573623199,-0.5881368124966363
ROS1-19-0041,2019-09-16,0.37936349957482535,0.22780567933807305,-0.4958189699193828
ROS1-25-0017,2019-09-16,0.7337314659880745,0.5028361311034848,-0.6962476391446523
ROS1-26-0027,2019-09-16,0.19086658367419096,0.08778373575166623,-0.3092828777184253
ROS1-31-0009,2019-09-16,0.19114783464885715,0.08841100288221604,-0.32289994587009335
ROS1-32-0018,2019-09-16,0.3840087104910242,0.23073672428319283,-0.49902918171188354
ROS1-37-0049,2019-09-16,0.18296112016986565,0.11857813327223946,-0.32527636251379477
ROS1-19-0026,2019-09-16,0.193686634475026,0.08692839598269055,-0.2817102280180885
ROS1-20-0010,2019-09-16,0.20223522242372727,0.09552854316017124,-0.3098676593863679
ROS1-25-0008,2019-09-16,0.18909962607232453,0.08324812179863456,-0.3103039777370101
ROS1-26-0031,2019-09-16,0.1806573718128259,0.08865983158603144,-0.30863480365909135
ROS1-27-0009,2019-09-16,0.2799721946908627,0.1655271543353788,-0.44669703433782704
ROS1-30-0001,2019-09-16,0.21944173953073,0.10152871313250982,-0.33599726379962574
ROS1-31-0024,2019-09-16,0.245417138748278,0.1505014156129018,-0.37420055467860996
ROS1-32-0022,2019-09-16,0.18320072514679644,0.10037821101511876,-0.3187229373406906
ROS1-37-0025,2019-09-16,0.31844677534195837,0.20539632237485925,-0.44832936523719735
ROS1-38-0002,2019-09-16,0.19318758441413483,0.09395037342611962,-0.33230497735281805
ROS1-19-0022,2019-09-16,0.7713855733152748,0.5785836974723506,-0.6778984311014686
ROS1-21-0034,2019-09-16,0.32291041454403974,0.19658178585633085,-0.47407418917170446
ROS1-25-0016,2019-09-16,0.39254507027064267,0.1960938405274984,-0.4930189741162723
ROS1-26-0006,2019-09-16,0.30310636892594744,0.15694602114777217,-0.39493190758859187
ROS1-30-0006,2019-09-16,0.19956661070750556,0.08503737760782398,-0.3259739852050875
ROS1-31-0038,2019-09-16,0.47915959235710537,0.31210077777682255,-0.5749935476353126
ROS1-19-0041,2019-10-02,0.4955312686715794,0.3175424896243716,-0.5264649082685369
ROS1-25-0017,2019-10-02,0.5757271787492059,0.41884519871797593,-0.6103169608202961
ROS1-26-0027,2019-10-02,0.21277649869191625,0.07441722427291178,-0.31949069225106164
ROS1-19-0026,2019-10-02,0.22382860325161194,0.07924429248543208,-0.3014632849466382
ROS1-20-0010,2019-10-02,0.2206583978985021,0.08055638866145401,-0.3216662529640295
ROS1-25-0008,2019-10-02,0.27182447644691843,0.11383775330282062,-0.34268227490142517
ROS1-27-0009,2019-10-02,0.28506003667899843,0.15621140017468194,-0.4434539642781512
ROS1-32-0022,2019-10-02,0.23877758532138182,0.12047396891392682,-0.3639969368073695
ROS1-37-0025,2019-10-02,0.4152167459765109,0.24707614075872583,-0.49425794079373947
ROS1-38-0002,2019-10-02,0.35203659146004496,0.16431348945646682,-0.4331169825019409
ROS1-19-0022,2019-10-02,0.5469072978635383,0.28671611467067126,-0.5684185399874826
ROS1-21-0034,2019-10-02,0.3239017710405974,0.1736749310293524,-0.4980084049947753
ROS1-25-0016,2019-10-02,0.36004471115421677,0.16195481918872195,-0.4770480661931834
ROS1-30-0006,2019-10-02,0.22092695020881756,0.0728077155695434,-0.3071314445656566
ROS1-31-0038,2019-10-02,0.5213279746204073,0.3384828995199432,-0.5926560882827031
ROS1-37-0049,2019-10-18,0.2344079038716687,0.10591173185735624,-0.34741538930357085
ROS1-26-0031,2019-10-18,0.4400984542532784,0.18766123815863103,-0.4265701732916186
ROS1-30-0001,2019-10-18,0.6882048004767317,0.31144704666513673,-0.6328108948006941
ROS1-37-0025,2019-10-18,0.4554212873066373,0.259663230458823,-0.5106001687523826
ROS1-30-0006,2019-10-18,0.33071624108416287,0.1474911453452977,-0.3791011206179454
ROS1-31-0038,2019-10-18,0.23284209293426017,0.12155160952529902,-0.3140662810366808
ROS1-18-0007,2019-04-09,0.6825655589618383,0.467789975881416,-0.632390035530241
ROS1-25-0008,2019-04-09,0.379526922043046,0.18315442430353293,-0.4243448647310157
ROS1-30-0001,2019-04-09,0.37682532058757595,0.1714210323151857,-0.4174706143118249
ROS1-30-0006,2019-04-09,0.21092234608704868,0.08701955487050625,-0.32686922946698693
ROS1-18-0029,2019-04-25,0.7079783179320006,0.4912924956943923,-0.6474036392194413
ROS1-24-0003,2019-04-25,0.3319695318514915,0.18273942741247615,-0.3915528767781338
ROS1-30-0009,2019-04-25,0.6342565539839297,0.3899273650802408,-0.5988563990496064
ROS1-18-0007,2019-04-25,0.7525594027685967,0.4709378491673525,-0.699629187457003
ROS1-24-0026,2019-04-25,0.7057478871029889,0.4521087635234873,-0.6571883930938632
ROS1-25-0008,2019-04-25,0.5254275862708294,0.2957903669883095,-0.5204224940298937
ROS1-30-0001,2019-04-25,0.4680123116298596,0.2292527517580251,-0.4711230376215338
ROS1-30-0006,2019-04-25,0.2052507309933748,0.10542971617029971,-0.3184118051335822
ROS1-18-0029,2019-05-11,0.8273581188678769,0.6475360826212163,-0.7283741346638496
ROS1-24-0003,2019-05-11,0.31997859147566926,0.1804857285439532,-0.39819949623202266
ROS1-30-0009,2019-05-11,0.826612808474303,0.6135550307863027,-0.7155534246295755
ROS1-18-0007,2019-05-11,0.8294868084160966,0.546981147881848,-0.7530885405978953
ROS1-24-0026,2019-05-11,0.8312441097715862,0.6239857290067703,-0.7475725468664272
ROS1-25-0008,2019-05-11,0.8033135588251212,0.5495560569450925,-0.6970306238051893
ROS1-30-0006,2019-05-11,0.2868935415955283,0.1344168602436251,-0.3639948276060152
ROS1-18-0029,2019-05-27,0.5330910903522034,0.36427158440575935,-0.5588804475618444
ROS1-24-0003,2019-05-27,0.32386364601093115,0.15015279625398112,-0.4083815650775524
ROS1-30-0009,2019-05-27,0.8406207720219184,0.5440029848307427,-0.7366480810615618
ROS1-18-0007,2019-05-27,0.8324982725734232,0.5412746340092193,-0.7287855226857256
ROS1-25-0008,2019-05-27,0.8200203045167791,0.5198032136324368,-0.718125581741772
ROS1-30-0001,2019-05-27,0.7840063364680032,0.2460748284297777,-0.5979382276849146
ROS1-18-0029,2019-06-12,0.6552142107298873,0.47283451290863115,-0.6139278375597876
ROS1-24-0003,2019-06-12,0.2764480612344225,0.18811823207776296,-0.3641231611496089
ROS1-18-0007,2019-06-12,0.41520166188527685,0.26420572773312206,-0.500631291604528
ROS1-24-0026,2019-06-12,0.38142910653694007,0.22730971230893782,-0.5102575484545158
ROS1-25-0008,2019-06-12,0.4067438650964432,0.23372562039800945,-0.4923385579657648
ROS1-30-0006,2019-06-12,0.23238217143706785,0.12543339212305743,-0.3122329835849335
ROS1-18-0029,2019-06-28,0.5252826180472706,0.35067035901942645,-0.5428488841043081
ROS1-24-0003,2019-06-28,0.20670367138497064,0.11171058223528979,-0.3255304749970091
ROS1-30-0009,2019-06-28,0.25737575776576294,0.16700341350092732,-0.4339389807213727
ROS1-18-0007,2019-06-28,0.2501555293502638,0.15164550764441034,-0.41449006448345643
ROS1-24-0026,2019-06-28,0.27180334604993706,0.18114497670161994,-0.45259104312008175
ROS1-25-0008,2019-06-28,0.22895768162823324,0.17635217315481447,-0.3897487126664598
ROS1-30-0001,2019-06-28,0.2368211913342513,0.14976293771648966,-0.3788186667843902
ROS1-30-0006,2019-06-28,0.2003962411710059,0.0898739573934597,-0.33235725167728203
ROS1-24-0003,2019-07-14,0.21290291664516486,0.12534932503293178,-0.3113047389542382
ROS1-30-0009,2019-07-14,0.11258378752936662,0.050825789990780114,-0.17975647460874963
ROS1-18-0007,2019-07-14,0.2109712496112076,0.15315029468856878,-0.35340578956747776
ROS1-30-0001,2019-07-14,0.23949244120392588,0.1371849578780488,-0.3302232218920953
ROS1-18-0029,2019-07-30,0.5173237401841154,0.28689672024708757,-0.5073344385379557
ROS1-25-0008,2019-07-30,0.3592914872302224,0.170191598362013,-0.3873053389242551
ROS1-18-0029,2019-08-15,0.4100631229276135,0.23551685158376337,-0.4731358237324182
ROS1-24-0003,2019-08-15,0.5848086402336978,0.4316983047990964,-0.5858729181856123
ROS1-30-0009,2019-08-15,0.3561387706686148,0.23027072442198468,-0.4424391882194907
ROS1-18-0007,2019-08-15,0.20516587075066883,0.10935169011784646,-0.307432967758694
ROS1-24-0026,2019-08-15,0.3105895618736661,0.20651871644841352,-0.39907796443367677
ROS1-25-0008,2019-08-15,0.20117432690360273,0.08818054845488191,-0.3235685729656043
ROS1-30-0001,2019-08-15,0.24108047756106393,0.10796246904778482,-0.3445238796609218
ROS1-30-0006,2019-08-15,0.21078684798275793,0.09113700104210636,-0.33047886966698226
ROS1-18-0029,2019-08-31,0.3509561743586122,0.19756662739055042,-0.4465850341093354
ROS1-24-0003,2019-08-31,0.212509590348317,0.10264536529858707,-0.31301683716873807
ROS1-30-0009,2019-08-31,0.3327782845048673,0.21313722416049177,-0.44106034841856817
ROS1-18-0007,2019-08-31,0.18687392849542178,0.0831743534975132,-0.29045073704707197
ROS1-24-0026,2019-08-31,0.26706426851928106,0.17988927371498553,-0.3824428878074063
ROS1-25-0008,2019-08-31,0.19751881239797708,0.08462639269207478,-0.31731633513117774
ROS1-30-0001,2019-08-31,0.21672317213504108,0.14370177622552385,-0.2900611796199479
ROS1-30-0006,2019-08-31,0.19916644985027893,0.08635537006146504,-0.31558169590540763
ROS1-18-0029,2019-09-16,0.3245995375481072,0.18412982762917762,-0.4395505851307803
ROS1-24-0003,2019-09-16,0.19905876297998912,0.09596181058993508,-0.3062277160535145
ROS1-30-0009,2019-09-16,0.29278363201321356,0.19059927525807263,-0.4210852129811214
ROS1-18-0007,2019-09-16,0.18793215170855998,0.08477416121465677,-0.28984559145398686
ROS1-24-0026,2019-09-16,0.2273353742139941,0.15491738613611128,-0.3596436327082365
ROS1-25-0008,2019-09-16,0.1889389024106737,0.0832278130884471,-0.31032479159496346
ROS1-30-0001,2019-09-16,0.21919475034367716,0.10151942895874332,-0.3358010567927152
ROS1-30-0006,2019-09-16,0.19882055326988402,0.08503044897879457,-0.32472985928432263
ROS1-18-0029,2019-10-02,0.39984255282672176,0.23550085714221705,-0.4596973118499932
ROS1-18-0007,2019-10-02,0.19766019106104113,0.07851000184215712,-0.2938459117819169
ROS1-24-0026,2019-10-02,0.25143591542297866,0.16775162624402482,-0.3470781272013725
ROS1-25-0008,2019-10-02,0.2921692458784789,0.11190324459842696,-0.3768935576732793
ROS1-30-0006,2019-10-02,0.2226146925525874,0.07307740005812198,-0.3088848668286777
ROS1-30-0006,2019-10-18,0.32745985497803004,0.14671389414947938,-0.37476400035166857
ROS1-28-0006,2019-05-02,0.31532107260805964,0.07418286364017607,-0.37152823401702784
ROS1-29-0006,2019-05-02,0.42568096406436606,0.1328359536226559,-0.4158551627757437
ROS1-28-0006,2019-05-18,0.2909562597599068,0.10881500285716046,-0.37176226018408526
ROS1-29-0006,2019-05-18,0.6628825274284617,0.34837814261824757,-0.577656474364243
ROS1-22-0032,2019-05-18,0.25324160309965704,0.096947910397461,-0.3264525779343731
ROS1-29-0006,2019-06-03,0.6864426929155465,0.3915182747111993,-0.609047324154794
ROS1-28-0006,2019-06-19,0.4183127260063566,0.22537099456459583,-0.4286327374401117
ROS1-29-0006,2019-06-19,0.4925406363187419,0.28182210192235646,-0.5198989024551064
ROS1-22-0032,2019-06-19,0.5515900487508711,0.31177524053969935,-0.48940019783109634
ROS1-29-0006,2019-07-21,0.3072545772319712,0.146874457247043,-0.403574641785119
ROS1-22-0032,2019-08-06,0.7471440682796869,0.4630548611243063,-0.6335603813242154
ROS1-28-0006,2019-08-22,0.7377311977470161,0.44059844508766305,-0.6682065846792167
ROS1-29-0006,2019-08-22,0.394071669332459,0.11783945159030161,-0.43309837667330786
ROS1-22-0032,2019-08-22,0.6088306748529858,0.3405236291155584,-0.5378847096939502
ROS1-28-0006,2019-09-07,0.591264456930558,0.3123903886926665,-0.5624212600502736
ROS1-29-0006,2019-09-07,0.24587677970539368,0.055602150267189676,-0.28023463077955546
ROS1-22-0032,2019-09-07,0.38672047753296684,0.18308003121331634,-0.4631092644892874
ROS1-28-0006,2019-09-23,0.3841218500129639,0.1847643092014997,-0.5132397275055286
ROS1-28-0006,2019-10-09,0.3159258675680065,0.1279271389215581,-0.4818963622819649
ROS1-29-0006,2019-10-09,0.3196586599800766,0.0667931472736736,-0.35565083655823293
ROS1-22-0032,2019-10-09,0.32354048295337584,0.10838799699844766,-0.45159809424853403
ROS1-21-0016,2019-05-02,0.536157202176322,0.32625301428718423,-0.5439858106309436
ROS1-27-0006,2019-05-02,0.6261965178818383,0.37119705847509765,-0.548234713793955
ROS1-33-0014,2019-05-02,0.5841003923677588,0.2845842558980589,-0.5445663209828924
ROS1-21-0013,2019-05-02,0.7326296387354805,0.4426761895470836,-0.6400296567236713
ROS1-26-0031,2019-05-02,0.8335660231828564,0.47541768353552466,-0.7528653764243155
ROS1-27-0009,2019-05-02,0.35844674551257194,0.16997705871385263,-0.4178908946604881
ROS1-21-0034,2019-05-02,0.41395640371339276,0.17889770841876737,-0.45253364405198915
ROS1-28-0029,2019-05-02,0.33050991570717625,0.06691468490619154,-0.4090250788496327
ROS1-15-0009,2019-05-18,0.7939711583400514,0.5260999405702855,-0.6882392509000546
ROS1-21-0016,2019-05-18,0.7142151909199926,0.4558920470200194,-0.641892018184906
ROS1-22-0016,2019-05-18,0.48172505589920933,0.26386118478987797,-0.45700805571297626
ROS1-33-0014,2019-05-18,0.6898232128711458,0.4068294789155918,-0.6099512258711115
ROS1-15-0016,2019-05-18,0.6329233789772212,0.41471670331629745,-0.58857659505247
ROS1-21-0013,2019-05-18,0.7059514422589037,0.5467714321080535,-0.6436020374537775
ROS1-22-0011,2019-05-18,0.7647988812959559,0.43697437535438616,-0.6504398962283795
ROS1-26-0031,2019-05-18,0.8643018192345372,0.5597794994400134,-0.7855115501630837
ROS1-27-0009,2019-05-18,0.30872364780686457,0.17971882917686,-0.40600075352969595
ROS1-28-0017,2019-05-18,0.66062587791577,0.46779876149633115,-0.6497417535716603
ROS1-15-0014,2019-05-18,0.5992706303804217,0.4535653674711199,-0.5976444139810998
ROS1-22-0032,2019-05-18,0.25360768609544154,0.0967211427237745,-0.32807735642387337
ROS1-27-0004,2019-05-18,0.7217779463129013,0.43617089255315966,-0.6454409651946839
ROS1-28-0029,2019-05-18,0.2916445626740769,0.12748849169506996,-0.37900382490827456
ROS1-22-0011,2019-06-03,0.8046329620640318,0.5362515226324926,-0.7027281250087752
ROS1-28-0017,2019-06-03,0.6708345549120748,0.4353890977557825,-0.6431830151141212
ROS1-28-0029,2019-06-03,0.3202057226697751,0.15703049882227035,-0.3749294592567054
ROS1-27-0006,2019-06-19,0.5854522407205748,0.41124585130056046,-0.5864477264293628
ROS1-33-0014,2019-06-19,0.2855083896086404,0.09699642322953707,-0.4035215223152462
ROS1-21-0013,2019-06-19,0.4398443332135474,0.23393953464074863,-0.5412986862318407
ROS1-26-0031,2019-06-19,0.41953527982948474,0.17357557314488298,-0.5407979146221364
ROS1-27-0009,2019-06-19,0.4967266955253618,0.2933935218413817,-0.5131609959363399
ROS1-28-0017,2019-06-19,0.5166555132929265,0.3089419083159796,-0.5404518126905217
ROS1-15-0014,2019-06-19,0.5270202308215121,0.4142054130856853,-0.5248699522933727
ROS1-21-0034,2019-06-19,0.5017812028536781,0.2897763101706125,-0.5188289976490734
ROS1-22-0032,2019-06-19,0.5524134322721211,0.3115239249383843,-0.4910566115488581
ROS1-27-0004,2019-06-19,0.4583746577289821,0.26816111426744516,-0.5293275783408371
ROS1-15-0009,2019-07-05,0.3294716931961612,0.19235882068413682,-0.4875593716402459
ROS1-27-0006,2019-07-05,0.3732108689151402,0.21868618959383695,-0.5350296952063944
ROS1-33-0014,2019-07-05,0.2572789615777898,0.14173225182151433,-0.42069609878478614
ROS1-15-0016,2019-07-05,0.33977656955487967,0.24023462483711078,-0.4204844458509993
ROS1-21-0013,2019-07-05,0.28472919258634577,0.16012724369930503,-0.45125255798528957
ROS1-22-0011,2019-07-05,0.4267047835878117,0.26651511426443314,-0.5477497279949228
ROS1-26-0031,2019-07-05,0.2959838470805054,0.14443008527870446,-0.4697318128011308
ROS1-27-0009,2019-07-05,0.6036885310601287,0.36758093814186776,-0.6093000122783006
ROS1-28-0017,2019-07-05,0.2762870087608162,0.1408877848130812,-0.42311405827428605
ROS1-15-0014,2019-07-05,0.29954593638532256,0.2191050785299035,-0.40328452679580395
ROS1-21-0034,2019-07-05,0.5938747962905847,0.3382676373834698,-0.5976288239802172
ROS1-27-0004,2019-07-05,0.2770052937839677,0.15914413271688252,-0.4249934390269619
ROS1-28-0029,2019-07-05,0.7678797774852821,0.3721355141309986,-0.6848333870768574
ROS1-15-0009,2019-07-21,0.21397256676752918,0.1018333372058901,-0.30869080833363344
ROS1-21-0016,2019-07-21,0.29544383991226547,0.19516776553724918,-0.3904765346886934
ROS1-27-0006,2019-07-21,0.2532991955242061,0.16663658479115565,-0.39405465400058015
ROS1-33-0014,2019-07-21,0.24943536524046664,0.1512857039424428,-0.36100587547508967
ROS1-15-0016,2019-07-21,0.22414695886474448,0.12694394723219918,-0.3285072317222015
ROS1-21-0013,2019-07-21,0.2771462669547172,0.13408536727926446,-0.4012625139204017
ROS1-26-0031,2019-07-21,0.1895230228862921,0.1262605066497532,-0.32234663269259195
ROS1-27-0009,2019-07-21,0.6419496655256365,0.3980088660009022,-0.6220237578525061
ROS1-28-0017,2019-07-21,0.2436785015889573,0.14226069667951619,-0.34602576940229757
ROS1-15-0014,2019-07-21,0.265662071982063,0.1782307626350359,-0.3539600590650859
ROS1-21-0034,2019-07-21,0.6475296584849242,0.37299994912044326,-0.6112993746978509
ROS1-27-0004,2019-07-21,0.28163580605806304,0.13795609083746466,-0.3854493800961176
ROS1-28-0029,2019-07-21,0.7460580789489353,0.46825206039835415,-0.6602307871584432
ROS1-15-0009,2019-08-06,0.26056940938652395,0.13098798878714632,-0.3424632721205939
ROS1-33-0014,2019-08-06,0.33212402746533304,0.1124792091631219,-0.35700581145497523
ROS1-21-0013,2019-08-06,0.22156474142934565,0.11570697938915092,-0.31160556761352476
ROS1-22-0011,2019-08-06,0.470611271770172,0.2597227963138547,-0.4786316800353247
ROS1-28-0017,2019-08-06,0.26306188238748557,0.13613937433497053,-0.3472718790948539
ROS1-15-0014,2019-08-06,0.27735340396428804,0.15293606611876848,-0.3205658318888989
ROS1-22-0032,2019-08-06,0.7489956589814026,0.4623971325336484,-0.6363669298493505
ROS1-27-0004,2019-08-06,0.457987824741572,0.32961195055379416,-0.50419391611334
ROS1-28-0029,2019-08-06,0.6590398488665089,0.4088739935359462,-0.5849156782592597
ROS1-15-0009,2019-08-22,0.41704326247458434,0.22973496269005064,-0.43685897029821286
ROS1-21-0016,2019-08-22,0.30188450741812795,0.16011640601090563,-0.38420140103480965
ROS1-22-0016,2019-08-22,0.3509279302943004,0.1862928614330713,-0.40039580802371094
ROS1-27-0006,2019-08-22,0.24536704174627352,0.12353173746301717,-0.3574523243825541
ROS1-33-0014,2019-08-22,0.3240327559053147,0.1929773203662315,-0.4345338794824809
ROS1-15-0016,2019-08-22,0.3639848823469935,0.1944062095044253,-0.40260874986034717
ROS1-21-0013,2019-08-22,0.2811924241600993,0.14490236286396654,-0.36646470288232547
ROS1-22-0011,2019-08-22,0.25427469901343386,0.10063686063431594,-0.32372754545142796
ROS1-26-0031,2019-08-22,0.19085059147838715,0.08428862927056492,-0.314698700872841
ROS1-27-0009,2019-08-22,0.4538128257960464,0.24679970886916922,-0.533339786814279
ROS1-28-0017,2019-08-22,0.3892601151163352,0.19998181792406963,-0.4539669003568272
ROS1-15-0014,2019-08-22,0.41050785363462466,0.24769827723220583,-0.4242533128612088
ROS1-21-0034,2019-08-22,0.6646378984652248,0.3809074404957613,-0.629553625666356
ROS1-22-0032,2019-08-22,0.6099704952561575,0.34003875147576285,-0.5394005682974462
ROS1-27-0004,2019-08-22,0.5352898457251395,0.3145927380130499,-0.5440057937814514
ROS1-28-0029,2019-08-22,0.6151699435344584,0.33935955029192905,-0.5512039909858184
ROS1-21-0016,2019-09-07,0.28181454053511085,0.15373701003932896,-0.37032134475853923
ROS1-22-0016,2019-09-07,0.4516246808857049,0.29703234236690385,-0.4799981667245067
ROS1-27-0006,2019-09-07,0.2581445839338688,0.1353363077047844,-0.36466393876617853
ROS1-33-0014,2019-09-07,0.3177307837323407,0.1921552138766098,-0.4433387185438954
ROS1-21-0013,2019-09-07,0.21089719305439503,0.10229247879720098,-0.31055166959180186
ROS1-22-0011,2019-09-07,0.25308254663149016,0.10629589853251012,-0.3302643370997319
ROS1-28-0017,2019-09-07,0.41840136730772576,0.2276665209884867,-0.4651750929141211
ROS1-21-0034,2019-09-07,0.4186561353596753,0.2352601297831491,-0.5201118916625873
ROS1-22-0032,2019-09-07,0.3857080211902661,0.18348759824004704,-0.4619146991886785
ROS1-27-0004,2019-09-07,0.46057711124035183,0.27566248400720866,-0.5148883029621801
ROS1-28-0029,2019-09-07,0.388097144501616,0.18795231551626332,-0.45961682760051525
ROS1-21-0016,2019-09-23,0.2776810353728988,0.13365204265048455,-0.40560523889904704
ROS1-22-0011,2019-09-23,0.2959833392827807,0.06877501089377533,-0.40991292974718835
ROS1-28-0017,2019-09-23,0.2652864888853942,0.11795518844835062,-0.4127772117723148
ROS1-28-0029,2019-09-23,0.4169006281380148,0.15302547352356544,-0.4883046303124991
ROS1-15-0009,2019-10-09,0.3639088117428649,0.14659351078081806,-0.4151272136996096
ROS1-21-0016,2019-10-09,0.2246102628579757,0.09025117263384327,-0.33690599547141964
ROS1-22-0016,2019-10-09,0.30144437384563416,0.1030014591264597,-0.37669872934084314
ROS1-27-0006,2019-10-09,0.28508116242951154,0.13631359107337654,-0.3853495514728281
ROS1-33-0014,2019-10-09,0.305312086818859,0.15769161425098585,-0.4481861625515538
ROS1-15-0016,2019-10-09,0.3442924053364986,0.1426927005104111,-0.38966600818853847
ROS1-21-0013,2019-10-09,0.21799849483629283,0.09736273643538654,-0.33617283678291954
ROS1-22-0011,2019-10-09,0.309234921966679,0.0815345147967102,-0.3635370038366645
ROS1-26-0031,2019-10-09,0.26492498675815707,0.11884965414067578,-0.3538706156226671
ROS1-27-0009,2019-10-09,0.260727299965223,0.15534449139165235,-0.4279961159051418
ROS1-28-0017,2019-10-09,0.40531342766979667,0.16308488164105756,-0.442711105976164
ROS1-15-0014,2019-10-09,0.5030050233198147,0.2725532675128277,-0.5028087578932271
ROS1-21-0034,2019-10-09,0.2998541406292053,0.15767872683206816,-0.453720384209404
ROS1-22-0032,2019-10-09,0.3248238802549402,0.10872008350841922,-0.4534632328713401
ROS1-27-0004,2019-10-09,0.364075098130465,0.17624689943734545,-0.47219060856186107
ROS1-28-0029,2019-10-09,0.35237916128444224,0.10846596381584349,-0.4357373491129645
ROS1-33-0014,2019-10-25,0.290902887684747,0.1419528501023037,-0.42487892890977674
ROS1-26-0031,2019-10-25,0.4821819591651822,0.2406490436081051,-0.48818409346878444
ROS1-27-0009,2019-10-25,0.22324195531760155,0.11865188759821302,-0.3569363464093474
ROS1-07-0045,2019-05-02,0.46508476555430084,0.2863138418860838,-0.451684606140772
ROS1-08-0010,2019-05-02,0.4638767848414572,0.15870344568467526,-0.4628727019527555
ROS1-12-0000,2019-05-02,0.8328907339211563,0.602736585326672,-0.73611229265307
ROS1-07-0012,2019-05-02,0.829130765301142,0.651009968041065,-0.7176620228577733
ROS1-18-0029,2019-05-02,0.7895745178877956,0.559309216756434,-0.7068971694866572
ROS1-20-0023,2019-05-02,0.2293939374102143,0.09977049784762208,-0.33576517618189994
ROS1-25-0017,2019-05-02,0.2687875894338917,0.12807974072043793,-0.3230035016961562
ROS1-26-0027,2019-05-02,0.5258281602794992,0.32181517341901605,-0.5519510532843319
ROS1-12-0004,2019-05-02,0.2397874891363122,0.1201646324232635,-0.3365498235000336
ROS1-19-0026,2019-05-02,0.8214580044358178,0.5230888549716575,-0.7298195498125495
ROS1-20-0010,2019-05-02,0.32858017313061444,0.14665513738820768,-0.4031532832958939
ROS1-20-0007,2019-05-02,0.8193446674519625,0.5440336112438032,-0.7284592127415376
ROS1-26-0006,2019-05-02,0.6003326344759842,0.3679845448644422,-0.5765897263852258
ROS1-07-0045,2019-05-18,0.48908582912179377,0.3373343585682085,-0.490581254764683
ROS1-08-0010,2019-05-18,0.3058271557166882,0.15811871603281144,-0.35897316463392165
ROS1-12-0000,2019-05-18,0.8792614591246226,0.7073664710351405,-0.8036001831737469
ROS1-07-0012,2019-05-18,0.8767843808672561,0.7538156038048355,-0.7873724528513433
ROS1-18-0029,2019-05-18,0.6217036605815394,0.4348683888994691,-0.6127952127775831
ROS1-19-0041,2019-05-18,0.8694914268311813,0.6832318937840997,-0.7773578584434647
ROS1-20-0023,2019-05-18,0.32723239604550786,0.2002270815773093,-0.40020360110169517
ROS1-25-0017,2019-05-18,0.2612116875014176,0.13088291932482232,-0.33773679101021026
ROS1-26-0027,2019-05-18,0.5029754352942511,0.34795809166129243,-0.5484000148559557
ROS1-07-0011,2019-05-18,0.8681811330393957,0.7210168724081056,-0.7816580380698148
ROS1-12-0004,2019-05-18,0.29366072227094875,0.14670178359358438,-0.365566822211182
ROS1-19-0026,2019-05-18,0.8862299068748067,0.6987856136170196,-0.804859950895035
ROS1-20-0010,2019-05-18,0.48361346572446606,0.2763946904320447,-0.4991406186358758
ROS1-19-0022,2019-05-18,0.7524980247021464,0.560575304168865,-0.6617143195557722
ROS1-20-0007,2019-05-18,0.7877068860033952,0.6130666305955077,-0.7202331851209262
ROS1-26-0006,2019-05-18,0.6353792282556445,0.4797488926073777,-0.6211708351424466
ROS1-07-0045,2019-06-19,0.707883544264337,0.500935876539725,-0.6650864774240981
ROS1-08-0010,2019-06-19,0.7536343717958041,0.5433190517314387,-0.6743077037876605
ROS1-12-0000,2019-06-19,0.432566672821309,0.26893920688306516,-0.5440575479555446
ROS1-07-0012,2019-06-19,0.5107027521075672,0.31881470935721673,-0.5974279047543284
ROS1-18-0029,2019-06-19,0.5905826331033246,0.38887221031712044,-0.5905234670558365
ROS1-19-0041,2019-06-19,0.5350252865267072,0.326965697167066,-0.6215945820666553
ROS1-20-0023,2019-06-19,0.6644194478638131,0.41835858805743825,-0.6210221128116051
ROS1-25-0017,2019-06-19,0.6016355010616321,0.27211679336921185,-0.5281933931267808
ROS1-26-0027,2019-06-19,0.25156847433715307,0.15827446676613682,-0.3954803101720241
ROS1-07-0011,2019-06-19,0.4548587058688822,0.2824406700761015,-0.5660115449501297
ROS1-12-0004,2019-06-19,0.7874792596716331,0.5779043370678952,-0.7181730586641164
ROS1-19-0026,2019-06-19,0.4475782871720371,0.2718878354916802,-0.5704458303960579
ROS1-20-0010,2019-06-19,0.588338918855383,0.395056304374906,-0.5701525262868706
ROS1-19-0022,2019-06-19,0.29001212957158595,0.12421121774286224,-0.36381511790855214
ROS1-20-0007,2019-06-19,0.3863246725105461,0.22192310300359433,-0.5379731679053356
ROS1-26-0006,2019-06-19,0.33330923439880894,0.17660907694198302,-0.439814060566274
ROS1-07-0045,2019-07-05,0.5927286191537576,0.4723653761880098,-0.6132661398147203
ROS1-08-0010,2019-07-05,0.7660454535474513,0.5301530977990231,-0.6936595151960802
ROS1-12-0000,2019-07-05,0.24307308225734725,0.1935141004912995,-0.4193079964468362
ROS1-07-0012,2019-07-05,0.32825283585885656,0.21565995853959657,-0.4931721853815113
ROS1-18-0029,2019-07-05,0.467370033840395,0.2925314380452762,-0.5185587192663247
ROS1-19-0041,2019-07-05,0.28999314376249385,0.21826205146997602,-0.45353645285320726
ROS1-20-0023,2019-07-05,0.5636486246835917,0.34255583745026047,-0.583908097077686
ROS1-25-0017,2019-07-05,0.8118340656802445,0.47004205592724874,-0.7267257267207019
ROS1-26-0027,2019-07-05,0.2150192467780285,0.13214139127256214,-0.3652980139419027
ROS1-07-0011,2019-07-05,0.2805357185969068,0.18125163900911723,-0.4607423069149523
ROS1-12-0004,2019-07-05,0.7993003161586097,0.5722710781135298,-0.7316003791934823
ROS1-19-0026,2019-07-05,0.30504488489747084,0.19456068242424285,-0.48893056143284563
ROS1-20-0010,2019-07-05,0.5285028283399317,0.3629460149302073,-0.5486403845270676
ROS1-19-0022,2019-07-05,0.3229471846706289,0.12381461087426217,-0.3786538513576675
ROS1-20-0007,2019-07-05,0.29533138869970593,0.17054593987232033,-0.4768293196871131
ROS1-26-0006,2019-07-05,0.33113732185643757,0.17554626571295676,-0.44065588816773615
ROS1-08-0010,2019-07-21,0.6735696307752128,0.5145616534254756,-0.6060938420904775
ROS1-12-0000,2019-07-21,0.26611404040833986,0.1490924099502608,-0.34588482023389044
ROS1-07-0012,2019-07-21,0.26232830174324945,0.1759245197768601,-0.36557916979010985
ROS1-19-0041,2019-07-21,0.2637464018277219,0.15573730606177033,-0.3655324448149994
ROS1-20-0023,2019-07-21,0.5238511069149255,0.3066665498207636,-0.5456428209839861
ROS1-26-0027,2019-07-21,0.20750171414454668,0.11223226841688125,-0.3316303471336267
ROS1-12-0004,2019-07-21,0.7984592265471001,0.4730572186413404,-0.6513071956568303
ROS1-20-0010,2019-07-21,0.3078111937254162,0.16080696688226043,-0.39040537559697924
ROS1-19-0022,2019-07-21,0.747540676532247,0.5254087961693826,-0.6583246896429463
ROS1-26-0006,2019-07-21,0.31646399161950284,0.1671880354302937,-0.3832161409936831
ROS1-07-0045,2019-08-06,0.6442870523108956,0.4310133329698947,-0.5868765028801328
ROS1-08-0010,2019-08-06,0.6273523064247853,0.4519241723910645,-0.5614721686128602
ROS1-12-0000,2019-08-06,0.33569793019085686,0.18935394900680078,-0.38251020446836476
ROS1-07-0012,2019-08-06,0.41919601514681987,0.26250711457720327,-0.45925129305913187
ROS1-07-0011,2019-08-06,0.2059962845826826,0.11122964761149015,-0.3198539736732956
ROS1-12-0004,2019-08-06,0.741195031587311,0.5535319922194399,-0.6350355089841133
ROS1-19-0026,2019-08-06,0.26014845180058443,0.15049508166649977,-0.3684253134260998
ROS1-20-0007,2019-08-06,0.3340586836102942,0.2058036921369259,-0.40486628864912183
ROS1-08-0010,2019-08-22,0.46073341283361957,0.24706597571434274,-0.46605294217724597
ROS1-12-0000,2019-08-22,0.22251114888018594,0.09602615004446392,-0.30345645702710317
ROS1-07-0012,2019-08-22,0.27189960074456376,0.14440612823182175,-0.35147118907591096
ROS1-18-0029,2019-08-22,0.37859383978232053,0.2035266716496072,-0.4518530955636134
ROS1-19-0041,2019-08-22,0.5107022681615914,0.30205673775660674,-0.5360223370222577
ROS1-20-0023,2019-08-22,0.3142422907092384,0.1964796480850269,-0.45685701738739515
ROS1-25-0017,2019-08-22,0.8520992886716741,0.6290317116292281,-0.7751072185738063
ROS1-26-0027,2019-08-22,0.21092066193258824,0.10156095228120314,-0.3272409813241798
ROS1-12-0004,2019-08-22,0.4680170872644993,0.24407348670826534,-0.47230097309026053
ROS1-19-0026,2019-08-22,0.21029870464520992,0.09896876417987897,-0.29227706280718124
ROS1-20-0010,2019-08-22,0.2383063904718584,0.10562413326004083,-0.3326761563565217
ROS1-19-0022,2019-08-22,0.8142325843451076,0.6681666594567424,-0.7216785518600233
ROS1-20-0007,2019-08-22,0.38614794801626023,0.22164968259363008,-0.46074023497790606
ROS1-26-0006,2019-08-22,0.3520379658661767,0.1736639921931414,-0.42381210311024425
ROS1-07-0045,2019-09-07,0.3689290565695361,0.19125496093300745,-0.42661043684467154
ROS1-07-0012,2019-09-07,0.29768944893029514,0.1815285225226263,-0.37969351550582137
ROS1-07-0011,2019-09-07,0.21734103843334565,0.10500147959346759,-0.3274470558569402
ROS1-12-0004,2019-09-07,0.2980548399387194,0.12934436980227415,-0.39724579271673544
ROS1-20-0010,2019-09-07,0.22897426104355903,0.1314863046048585,-0.3082990140055703
ROS1-07-0012,2019-09-23,0.29874686460045163,0.14982806105813576,-0.2814522365640983
ROS1-18-0029,2019-09-23,0.38479656695568815,0.17287009479267443,-0.47978651829847385
ROS1-07-0045,2019-10-09,0.2666914424723883,0.10655890874319099,-0.34791028516065253
ROS1-08-0010,2019-10-09,0.24901976146660018,0.08628192500926185,-0.3432441506253036
ROS1-12-0000,2019-10-09,0.28590699593754443,0.11501014697050643,-0.3522797055108364
ROS1-07-0012,2019-10-09,0.42317182147031335,0.22809251115872292,-0.4732892284917388
ROS1-18-0029,2019-10-09,0.4413738950510745,0.20994896900364096,-0.5001945752185458
ROS1-19-0041,2019-10-09,0.4553451592201862,0.25031580961136085,-0.4953285179009025
ROS1-20-0023,2019-10-09,0.22529793200570414,0.10088528702115468,-0.365291546929497
ROS1-25-0017,2019-10-09,0.5052231996401227,0.3244873742059148,-0.5771634395750866
ROS1-26-0027,2019-10-09,0.22593211058613963,0.06843092218108725,-0.3526768641720264
ROS1-07-0011,2019-10-09,0.1945703401944452,0.1013198718273903,-0.3106171170984028
ROS1-12-0004,2019-10-09,0.27664261325232464,0.10715496172313706,-0.37386276281171676
ROS1-19-0026,2019-10-09,0.24155132489397088,0.08046808352478281,-0.33643338349884366
ROS1-20-0010,2019-10-09,0.22779005979840325,0.07650022503738978,-0.34629699732596436
ROS1-19-0022,2019-10-09,0.36024959030232057,0.15675751764582618,-0.4554241571555285
ROS1-20-0007,2019-10-09,0.35858401292657155,0.19112409719201096,-0.4458570398727696
ROS1-26-0006,2019-10-09,0.35776475378550954,0.14110447714974575,-0.43420023667868046
ROS1-07-0045,2019-10-25,0.24383886864193804,0.09289455317029312,-0.30333208996228767
ROS1-08-0010,2019-10-25,0.22839618602652903,0.08520243735227478,-0.2990019325246277
ROS1-07-0012,2019-10-25,0.4523475705678291,0.24117715949019103,-0.48209623212540476
ROS1-19-0041,2019-10-25,0.26536345257889665,0.08502953019862984,-0.34218525268532146
ROS1-20-0023,2019-10-25,0.20898065046337608,0.0653504985053658,-0.31523145257319707
ROS1-07-0011,2019-10-25,0.19809427203005858,0.09868530242490925,-0.30056992448203623
ROS1-19-0026,2019-10-25,0.39545000223046295,0.170319132628407,-0.40014528001876365
ROS1-20-0010,2019-10-25,0.2518121009910302,0.08946757087951104,-0.3461538488256269
ROS1-19-0022,2019-10-25,0.1978261546574057,0.053385996728555665,-0.2636532729740199
ROS1-20-0007,2019-10-25,0.3474787293881645,0.1691192939972822,-0.44583699699074286
ROS1-26-0006,2019-10-25,0.43438414671199144,0.19733801340973633,-0.4596292003185516
ROS1-12-0000,2019-05-02,0.8334942615329145,0.6040984849062511,-0.7368692385153153
ROS1-18-0029,2019-05-02,0.7898105463731366,0.5598938772764049,-0.7075918461080872
ROS1-12-0004,2019-05-02,0.2406743695263841,0.12087136105572374,-0.33755288399366923
ROS1-18-0007,2019-05-02,0.8236789595708504,0.4946730205351349,-0.7566890143652528
ROS1-12-0000,2019-05-18,0.8805547849343615,0.7080118887476795,-0.8043541942003171
ROS1-18-0029,2019-05-18,0.6236830808371909,0.435872007447674,-0.6139106521199622
ROS1-07-0011,2019-05-18,0.8693865641629596,0.7199629829602155,-0.7826627676902865
ROS1-12-0004,2019-05-18,0.2967158477268025,0.14787767732150972,-0.367718240053775
ROS1-18-0007,2019-05-18,0.7794336338898761,0.5192186973980656,-0.733487406144479
ROS1-12-0000,2019-06-19,0.4352736420598085,0.2690988653221714,-0.5474655005795221
ROS1-01-0003,2019-06-19,0.8552520329755986,0.7439608834468333,-0.7589335250095989
ROS1-18-0029,2019-06-19,0.5931919679686785,0.3889856854560213,-0.5931456452489767
ROS1-07-0011,2019-06-19,0.45744342624348705,0.2826820963891955,-0.568853425251835
ROS1-12-0004,2019-06-19,0.7885033203825984,0.5779528026377555,-0.7191348501962518
ROS1-18-0007,2019-06-19,0.3137709237027044,0.17749171969391164,-0.4786764148742451
ROS1-12-0000,2019-07-05,0.24307062776954635,0.19219186320042875,-0.4206940875157792
ROS1-01-0003,2019-07-05,0.7781048451907229,0.5838088071841906,-0.7091177906067616
ROS1-18-0029,2019-07-05,0.4682774710566626,0.29252937107228605,-0.5196133997400679
ROS1-07-0011,2019-07-05,0.2798281652194701,0.18187348315846533,-0.45894853449098044
ROS1-12-0004,2019-07-05,0.8004694304928077,0.5726344576265071,-0.7323712842515238
ROS1-18-0007,2019-07-05,0.24429578167595092,0.15322188171245316,-0.4093999403295123
ROS1-12-0000,2019-07-21,0.267370915797879,0.126452080653933,-0.3319195796202308
ROS1-12-0004,2019-07-21,0.7700604027560288,0.5331963625143706,-0.6347882084452888
ROS1-12-0000,2019-08-06,0.33591802211412264,0.18926863944934583,-0.38281273543303507
ROS1-01-0003,2019-08-06,0.5858297217412948,0.3135362278875926,-0.5260488912570802
ROS1-07-0011,2019-08-06,0.20719973965176286,0.111619214087584,-0.3213417756036972
ROS1-12-0004,2019-08-06,0.7411405406910905,0.5547444657685809,-0.6347700864538445
ROS1-12-0000,2019-08-22,0.22340300176640576,0.09619698323606317,-0.30322387856909716
ROS1-01-0003,2019-08-22,0.31192852316414954,0.16075013675618757,-0.3651414195819124
ROS1-18-0029,2019-08-22,0.379488862463356,0.2043437912060261,-0.4512993700228636
ROS1-12-0004,2019-08-22,0.47017333129775407,0.24382115648104452,-0.4736397602473245
ROS1-18-0007,2019-08-22,0.20539918902245724,0.09230240325142933,-0.30345028635594357
ROS1-01-0003,2019-09-07,0.3526436790761401,0.12031354903804582,-0.4201805037986458
ROS1-07-0011,2019-09-07,0.2152375307406616,0.10423949001090739,-0.3251046111338125
ROS1-12-0004,2019-09-07,0.29667350146593474,0.12895650991665636,-0.395587343342242
ROS1-12-0000,2019-10-09,0.2877474219174616,0.11583449554556559,-0.3527912106958295
ROS1-01-0003,2019-10-09,0.2177365837660298,0.10200251975503544,-0.31474466381869515
ROS1-18-0029,2019-10-09,0.4422961309413383,0.2102518626561943,-0.5006438786891885
ROS1-07-0011,2019-10-09,0.19503800086423057,0.10162374778523892,-0.31083697437381425
ROS1-12-0004,2019-10-09,0.2772261527185862,0.10739066156578707,-0.3736316641867879
ROS1-18-0007,2019-10-09,0.2384286052237968,0.05058668480636884,-0.3621632794977077
ROS1-01-0003,2019-10-25,0.2059344699606433,0.08978807501308243,-0.28868403897307077
ROS1-07-0011,2019-10-25,0.20082192808606508,0.09958515675071146,-0.30102952018215123
ROS1-29-0006,2019-04-07,0.43397340382285116,0.06416752962687892,-0.6214168392285355
ROS1-22-0011,2019-04-07,0.49418705377964967,0.07692323714552277,-0.6779845434065459
ROS1-22-0011,2019-04-23,0.29450780519047237,0.11829551325940889,-0.29183804557485293
ROS1-29-0006,2019-06-10,0.6039054780654005,0.34824927390546123,-0.575391756707632
ROS1-22-0011,2019-06-10,0.8038626338513428,0.49161207327023604,-0.7262688574010829
ROS1-29-0006,2019-06-26,0.41442518809354023,0.2090312153425087,-0.5145973233345555
ROS1-22-0011,2019-06-26,0.5245320083763623,0.2685675019977134,-0.6006450910155757
ROS1-29-0006,2019-07-28,0.3857230132966529,0.1750892299061276,-0.41413456765143714
ROS1-22-0011,2019-07-28,0.33027671872602227,0.1633388357862972,-0.3921688569611682
ROS1-29-0006,2019-08-13,0.3930632949769944,0.20470368997705218,-0.4515007860059473
ROS1-22-0011,2019-08-13,0.5793752634066168,0.3268160274502156,-0.5596317735255146
ROS1-29-0006,2019-08-29,0.28637278844238406,0.05786453527150805,-0.34171819059409336
ROS1-22-0011,2019-08-29,0.24028178462483463,0.09075366507529883,-0.3354629636716335
ROS1-29-0006,2019-09-14,0.2626432447996551,0.07062249279211923,-0.30028492525621836
ROS1-22-0011,2019-09-14,0.2791480529428251,0.1222999298427311,-0.341355389270909
ROS1-29-0006,2019-10-16,0.33959144316198453,0.05212465841425329,-0.3999688474887708
ROS1-22-0011,2019-10-16,0.3587789296060541,0.11816406441598047,-0.3779197805055089
ROS1-15-0009,2019-04-07,0.3438473398128397,0.15402689134778855,-0.3909965460044174
ROS1-22-0016,2019-04-07,0.20482787767619703,0.08926311316826213,-0.2897537289735677
ROS1-15-0016,2019-04-07,0.29925077700215696,0.13536656016751641,-0.3601447275099786
ROS1-22-0011,2019-04-07,0.5547304601212579,0.0918601810689428,-0.7697410656965549
ROS1-15-0014,2019-04-07,0.4457251051013943,0.28195590313402724,-0.4652575789832371
ROS1-15-0009,2019-04-23,0.5375588338000918,0.2884370098411893,-0.4999325124312608
ROS1-22-0016,2019-04-23,0.2553503014862909,0.12032044717418089,-0.29482136664327063
ROS1-15-0016,2019-04-23,0.3600352950447996,0.1733610846101585,-0.3908759509199478
ROS1-22-0011,2019-04-23,0.29287941982347576,0.11819427040237203,-0.2880386743886861
ROS1-15-0014,2019-04-23,0.5333757703707014,0.3403849048319043,-0.5144308353339836
ROS1-15-0009,2019-06-10,0.7545183318870243,0.47520003155313967,-0.7029088428165757
ROS1-22-0016,2019-06-10,0.6902289933570523,0.4458648878274734,-0.605711996743408
ROS1-15-0016,2019-06-10,0.5016134707930362,0.2673213544172194,-0.5348356642050001
ROS1-22-0011,2019-06-10,0.8033892807779731,0.49219133819846034,-0.7256932545406165
ROS1-15-0014,2019-06-10,0.58518472423688,0.4031081076088886,-0.5943880601225066
ROS1-15-0009,2019-06-26,0.3946467092248232,0.2166706397741427,-0.5434815586413634
ROS1-22-0016,2019-06-26,0.5437854660821012,0.38125033806816655,-0.5298092357897377
ROS1-15-0016,2019-06-26,0.29762832021872376,0.1533725036093608,-0.4363557184740756
ROS1-22-0011,2019-06-26,0.5261763812529496,0.2690547404106734,-0.601963679461624
ROS1-15-0014,2019-06-26,0.3915491308665613,0.2683575405887283,-0.4653368686374893
ROS1-15-0009,2019-07-12,0.3441669559557049,0.19746708206888886,-0.45861902026985923
ROS1-15-0016,2019-07-12,0.2615265284739925,0.17150763243714237,-0.37682299789735146
ROS1-15-0009,2019-07-28,0.23941740857568677,0.11442658464101692,-0.32968895469655607
ROS1-21-0016,2019-07-28,0.5502828416755327,0.12282540396272135,-0.5170085263721356
ROS1-22-0016,2019-07-28,0.32043511757117105,0.13095880131631424,-0.37705155533804197
ROS1-15-0016,2019-07-28,0.2561391928507617,0.13679752933605016,-0.3228671859082238
ROS1-22-0011,2019-07-28,0.32975669831397153,0.1632035837491245,-0.39176780606121936
ROS1-15-0014,2019-07-28,0.45172854475218854,0.2589032984551756,-0.44351311182062836
ROS1-15-0009,2019-08-13,0.2770435047378458,0.14045015801722222,-0.36338651846103764
ROS1-21-0016,2019-08-13,0.24674779737055008,0.1232353050135019,-0.34829022603979565
ROS1-22-0016,2019-08-13,0.2770043032330919,0.12504198203246986,-0.3706766657781978
ROS1-15-0016,2019-08-13,0.32563812600893,0.1656673062102811,-0.3925055849570182
ROS1-22-0011,2019-08-13,0.5782684935363079,0.32697345787961357,-0.5587672498808313
ROS1-15-0014,2019-08-13,0.2639311309309963,0.12693968467694047,-0.33992120190956754
ROS1-15-0009,2019-08-29,0.49021713852355175,0.27165641139573904,-0.4950859421046436
ROS1-21-0016,2019-08-29,0.3354290482560089,0.17725087998948102,-0.41003898659448756
ROS1-22-0016,2019-08-29,0.4226770426842556,0.22358864215458377,-0.4627227977428332
ROS1-15-0016,2019-08-29,0.36298802034491134,0.18506493186228637,-0.42501885473911916
ROS1-22-0011,2019-08-29,0.2400249249505278,0.09106815141076964,-0.3336032315783254
ROS1-15-0014,2019-08-29,0.4883978050373102,0.28426900844543235,-0.49989451152102043
ROS1-15-0009,2019-09-14,0.25731916236536234,0.11548135373547097,-0.3456589922321655
ROS1-21-0016,2019-09-14,0.23572282168457245,0.1236404684719397,-0.3477195344193092
ROS1-22-0016,2019-09-14,0.31399678584656704,0.14336459396736329,-0.3758764835737638
ROS1-15-0016,2019-09-14,0.23057433880662315,0.10094019551671762,-0.3299920276131985
ROS1-22-0011,2019-09-14,0.2774635546286941,0.12168858549754259,-0.33864501189623364
ROS1-15-0014,2019-09-14,0.2591084203797401,0.11267549462263643,-0.32688618157006255
ROS1-15-0009,2019-09-30,0.285833515487951,0.07345236273744658,-0.3170980089230238
ROS1-15-0009,2019-10-16,0.45168243530328545,0.1921617768331712,-0.4634985749351356
ROS1-22-0016,2019-10-16,0.3961361892664409,0.1517625669960289,-0.4121657154935688
ROS1-15-0016,2019-10-16,0.4230351246940506,0.1890209708029813,-0.43169627359667495
ROS1-22-0011,2019-10-16,0.3628136447026027,0.11940697721371561,-0.38018006087332706
ROS1-15-0014,2019-10-16,0.5336903113855752,0.3370897332599271,-0.5260840897226935
ROS1-01-0015,2019-04-07,0.19425050247372305,0.0983495478029596,-0.2987418050119195
ROS1-02-0005,2019-04-07,0.3104449566494238,0.14109602597507823,-0.36209650902102253
ROS1-07-0045,2019-04-07,0.2641245780848737,0.10559716397817771,-0.30452536289640575
ROS1-08-0010,2019-04-07,0.21684418585340512,0.0674690043192549,-0.2985753357384131
ROS1-01-0003,2019-04-07,0.19550605968300877,0.10122494812395355,-0.3059651742563901
ROS1-07-0012,2019-04-07,0.49465704488188234,0.2565605317686128,-0.482908008210248
ROS1-07-0011,2019-04-07,0.37916105312484155,0.20127545936743757,-0.4277748109757663
ROS1-01-0015,2019-04-23,0.20754009964524225,0.11901900225737384,-0.3152918925277617
ROS1-02-0005,2019-04-23,0.5258231276294459,0.2666368488479526,-0.5002262966865638
ROS1-07-0045,2019-04-23,0.3812146395441633,0.17900919829896653,-0.39773876015316745
ROS1-08-0010,2019-04-23,0.24734210222627917,0.10258358578756646,-0.29753569567015786
ROS1-01-0003,2019-04-23,0.2178130546191727,0.10123848568546201,-0.3227414687285786
ROS1-07-0012,2019-04-23,0.6899430479002586,0.3958722199073244,-0.6181699021476728
ROS1-07-0011,2019-04-23,0.6186458900583289,0.36406825283873845,-0.5853004505443373
ROS1-01-0015,2019-06-10,0.7394860072838125,0.557455751506144,-0.6764111384018752
ROS1-02-0005,2019-06-10,0.7742257639769556,0.4860250279040141,-0.7010232978655137
ROS1-07-0045,2019-06-10,0.7321005954276416,0.48822326452458015,-0.6665816989955299
ROS1-08-0010,2019-06-10,0.718529718237273,0.48106410439632635,-0.6329814893847522
ROS1-01-0003,2019-06-10,0.832987350673119,0.6619506798814951,-0.7261176281168872
ROS1-07-0012,2019-06-10,0.8138540254349661,0.5249172479428956,-0.7484317374290144
ROS1-07-0011,2019-06-10,0.8297478486703924,0.5608286092186229,-0.757001826126713
ROS1-01-0015,2019-06-26,0.7986406876481691,0.6237854245052924,-0.7239326525066775
ROS1-02-0005,2019-06-26,0.3659110374720666,0.2037247697019523,-0.5158016718563251
ROS1-07-0045,2019-06-26,0.6458065404143342,0.45118811886865673,-0.6644131047696669
ROS1-08-0010,2019-06-26,0.7770193810718038,0.5118544375727238,-0.705619957192705
ROS1-01-0003,2019-06-26,0.864117543398659,0.6550866737252267,-0.7800827658636139
ROS1-07-0012,2019-06-26,0.38517536171955613,0.22315728631792028,-0.5515503713441882
ROS1-07-0011,2019-06-26,0.33022835736178935,0.19515176890708166,-0.516215289775335
ROS1-07-0045,2019-07-12,0.5688183506973352,0.39793266885777834,-0.58578438858971
ROS1-01-0003,2019-07-12,0.6269724508643095,0.4762836977105592,-0.5843930365664215
ROS1-07-0012,2019-07-12,0.2752717755333488,0.20612795747395687,-0.43148754510269915
ROS1-07-0011,2019-07-12,0.28167350998750235,0.16827352157090789,-0.43699498531525427
ROS1-01-0015,2019-07-28,0.7126985787033898,0.46936071598814,-0.6104012208952178
ROS1-02-0005,2019-07-28,0.3192387780614708,0.17695134769535706,-0.3678346387404256
ROS1-07-0045,2019-07-28,0.6340443505344154,0.44797117919952645,-0.6010394483166072
ROS1-08-0010,2019-07-28,0.7563999612183366,0.4991661422095028,-0.6549462536753123
ROS1-01-0003,2019-07-28,0.6171237010696858,0.3523024092644345,-0.5449524457937628
ROS1-07-0012,2019-07-28,0.30367101454653644,0.18124747978217692,-0.3807410985117463
ROS1-07-0011,2019-07-28,0.2495197750535015,0.16061396582955217,-0.3668945204781078
ROS1-01-0015,2019-08-13,0.6001473765759207,0.35274333040929357,-0.5562323016128593
ROS1-02-0005,2019-08-13,0.29190531721372215,0.15317892933024552,-0.3714262898348372
ROS1-07-0045,2019-08-13,0.6415565087757373,0.407535026526424,-0.5986629448804882
ROS1-08-0010,2019-08-13,0.6297908036794829,0.37650540331873444,-0.5702549186369665
ROS1-01-0003,2019-08-13,0.3990254050314319,0.1867623433417474,-0.4340456988209137
ROS1-07-0012,2019-08-13,0.5119584558387934,0.3101937942136954,-0.5332812910073523
ROS1-07-0011,2019-08-13,0.18698008709431022,0.10433483705934105,-0.3079747139379783
ROS1-01-0015,2019-08-29,0.46775134850009586,0.26029344277776845,-0.5256920420631683
ROS1-02-0005,2019-08-29,0.2463950077984417,0.11414324678437535,-0.348808868809558
ROS1-07-0045,2019-08-29,0.426302484209442,0.2065353387268997,-0.45550845804703194
ROS1-08-0010,2019-08-29,0.4206432408508605,0.19598211284047232,-0.4677609649003414
ROS1-01-0003,2019-08-29,0.28142359388219884,0.12405660711508687,-0.37284784822758926
ROS1-07-0012,2019-08-29,0.25435216100777236,0.13054033046665614,-0.35044536908009194
ROS1-07-0011,2019-08-29,0.25372223538244226,0.13901164084723064,-0.3468545384801579
ROS1-01-0015,2019-09-14,0.2225301597596265,0.1411605261333799,-0.3521875902588082
ROS1-02-0005,2019-09-14,0.22353422309437673,0.10688689553208748,-0.327303373973488
ROS1-07-0045,2019-09-14,0.3539990417932602,0.17028575002673613,-0.4328651149833131
ROS1-08-0010,2019-09-14,0.37534228141830295,0.16559429957217958,-0.4525947253920583
ROS1-01-0003,2019-09-14,0.21858784806933385,0.09823530184600446,-0.3256204481133573
ROS1-07-0012,2019-09-14,0.3108552962725969,0.16269407151507148,-0.39203275919294867
ROS1-07-0011,2019-09-14,0.18943853486438103,0.09128439664986729,-0.30594547084015666
ROS1-01-0015,2019-09-30,0.22326673940987302,0.13550210134856838,-0.3285939541337691
ROS1-02-0005,2019-09-30,0.24467886807823364,0.11941318472399826,-0.33586557586550597
ROS1-08-0010,2019-09-30,0.25090535994514607,0.10376169106023425,-0.31948487744006215
ROS1-07-0012,2019-09-30,0.34881686211574753,0.19743233034232355,-0.39905795588932746
ROS1-01-0015,2019-10-16,0.21227129500813452,0.11239028242535651,-0.3217273368139981
ROS1-02-0005,2019-10-16,0.22964268584479217,0.09971968668103892,-0.3245453639002996
ROS1-07-0045,2019-10-16,0.2429414273217589,0.09356584347465108,-0.31705431197405165
ROS1-08-0010,2019-10-16,0.23591138733803588,0.0768134333916779,-0.3267405066428771
ROS1-01-0003,2019-10-16,0.2140794766525076,0.08598857057000299,-0.31658504123519887
ROS1-07-0012,2019-10-16,0.41262909835694334,0.21047710173686202,-0.4596470408901458
ROS1-07-0011,2019-10-16,0.19335210845300557,0.09566638496955673,-0.3071568767365993
ROS1-01-0003,2019-04-07,0.1960410798106616,0.10154266845788858,-0.30688276959731925
ROS1-01-0003,2019-04-23,0.21721047100179888,0.10073709557050901,-0.3221140223329796
ROS1-01-0003,2019-06-10,0.8325335568417965,0.6614394133548277,-0.7258643039273102
ROS1-01-0003,2019-06-26,0.862607802512813,0.6544803119053008,-0.7788292315873377
ROS1-01-0003,2019-07-12,0.6306917696151724,0.4779623203644631,-0.5877310468032693
ROS1-01-0003,2019-07-28,0.6057457525780169,0.3220870495193332,-0.5263819094577827
ROS1-01-0003,2019-08-13,0.40006656016000114,0.18689049591083762,-0.4349794886061074
ROS1-01-0003,2019-08-29,0.2818082482867659,0.1243289125640379,-0.37398373965921683
ROS1-01-0003,2019-09-14,0.21818865677078006,0.09819035953907895,-0.3247787980912634
ROS1-01-0003,2019-10-16,0.21436384353570814,0.0866843828340929,-0.31401083547079234
