anon_polygon_id,date,landsat_ndvi,landsat_evi,landsat_ndwi
ROS1-49-0003,2023-08-30,0.24757654513708738,0.15571008832209426,-0.40187684094725823
ROS1-43-0016,2023-08-30,0.1602558850555386,0.10047569259927952,-0.3252299755661421
ROS1-49-0012,2023-08-30,0.28181414424422774,0.19494297181810313,-0.40975818329230845
ROS1-43-0016,2023-08-30,0.16263764312338083,0.10224149661908503,-0.3267243317535134
ROS1-49-0012,2023-08-30,0.2817555049237169,0.1954929338029967,-0.40854257081920314
ROS1-49-0003,2023-06-20,0.5707526791226274,0.3753218175733223,-0.6065850205422876
ROS1-43-0016,2023-06-20,0.7854762170493974,0.6725236705960216,-0.6767020494738247
ROS1-49-0012,2023-06-20,0.5591613463004255,0.318667118699371,-0.6006243605692683
ROS1-38-0001,2023-06-25,0.27010579533569423,0.13457119564296832,-0.405571603538774
ROS1-43-0006,2023-06-25,0.274491903015282,0.1636238062245733,-0.42526279466295697
ROS1-49-0003,2023-06-25,0.5091746800982333,0.33484936553785216,-0.590163944370923
ROS1-43-0016,2023-06-25,0.6522930541424599,0.5730450714955736,-0.6017810408484823
ROS1-49-0012,2023-06-25,0.43190570852186083,0.2617688124079285,-0.5317173098666923
ROS1-49-0003,2023-07-12,0.4438940572870752,0.2664827843706122,-0.5110933066035546
ROS1-43-0016,2023-07-12,0.6081579636047937,0.44969257192770606,-0.5644394690615763
ROS1-49-0012,2023-07-12,0.2685104622119584,0.15027201681132576,-0.3788248023180487
ROS1-49-0012,2023-08-08,0.25917066558420343,0.1909922927851967,-0.38949400513693533
ROS1-49-0003,2023-09-26,0.2742075931632963,0.16340645583571473,-0.40476234350112883
ROS1-43-0016,2023-09-26,0.3103044764048191,0.19921778905204424,-0.388576190804574
ROS1-49-0012,2023-09-26,0.3307392622900725,0.22654093016501353,-0.4123891033876176
ROS1-37-0012,2023-10-01,0.2474666552650345,0.1523428564574712,-0.33683238976097907
ROS1-43-0006,2023-10-01,0.3477930592752322,0.2363675527076467,-0.44663553755359287
ROS1-49-0003,2023-10-01,0.28003195797078045,0.16150324616449513,-0.4033452854217325
ROS1-43-0016,2023-10-01,0.3703302544104107,0.24361655808663382,-0.4079485691137262
ROS1-49-0012,2023-10-01,0.325376613517481,0.21573439173814352,-0.4213865458366215
ROS1-49-0003,2023-10-23,0.10207685349354827,0.059303035616040965,-0.1954776483981589
ROS1-43-0016,2023-10-23,0.1512090838864765,0.10140416220926296,-0.28276812615969726
ROS1-49-0012,2023-10-23,0.11996980143904364,0.06561056200986029,-0.16938788091600096
ROS1-42-0000,2023-06-20,0.29503600160005017,0.1579506076313613,-0.4159754171309988
ROS1-42-0016,2023-06-20,0.24437275346191858,0.1182109573388759,-0.38085970517914347
ROS1-43-0016,2023-06-20,0.7870918917340974,0.6719484137135515,-0.6668610514785357
ROS1-43-0016,2023-07-12,0.6140924315278345,0.45160027059168334,-0.569968235888438
ROS1-49-0012,2023-07-12,0.2708397750615261,0.15058199459011737,-0.38473336237784983
ROS1-36-0005,2023-08-08,0.2899234621528835,0.21962830990760457,-0.40864678172468344
ROS1-42-0016,2023-08-08,0.3541053783915715,0.27972207824075573,-0.43986030030025325
ROS1-43-0016,2023-08-08,0.19070020060795592,0.09815883975160206,-0.34624222495146784
ROS1-43-0016,2023-09-26,0.30959559170662965,0.1993441249991804,-0.38565516787692267
ROS1-36-0019,2023-10-01,0.18497219783674476,0.1303897557253205,-0.3198042543983307
ROS1-36-0014,2023-10-01,0.15600388197456894,0.11491896090899137,-0.2890880442915191
ROS1-37-0012,2023-10-01,0.24418888880263223,0.15352868869519956,-0.33013236367283266
ROS1-42-0000,2023-10-01,0.12961851178396522,0.059335890323050214,-0.23691885645699315
ROS1-36-0005,2023-10-01,0.2577708503012244,0.17970009378059515,-0.36620449633574725
ROS1-37-0019,2023-10-01,0.2859314743977095,0.20172058744950414,-0.36415368695644645
ROS1-42-0016,2023-10-01,0.24163894699518126,0.17677124535295147,-0.3765610598605711
ROS1-42-0000,2023-10-23,-0.022830618721954014,-0.05151259236256923,0.015756854194703976
ROS1-42-0016,2023-10-23,-0.0011242908814149287,-0.001118724198271255,-0.01986638008852291
ROS1-43-0016,2023-10-23,0.14937195117779847,0.10118516146386947,-0.27690289264388424
ROS1-33-0009,2023-04-03,0.6026417227791906,0.33392619671052276,-0.626478650917757
ROS1-33-0008,2023-04-03,0.59057079968094,0.42890438107094775,-0.5985718981556118
ROS1-33-0010,2023-05-17,0.6834335957778154,0.4275533998232261,-0.629841722305596
ROS1-27-0021,2023-05-17,0.6842096026682617,0.4496868374888509,-0.6417490279062021
ROS1-33-0008,2023-05-17,0.6972493431118418,0.48297841138550335,-0.6738335320461648
ROS1-34-0005,2023-05-17,0.7853092671624944,0.44639690105873076,-0.6961554760092865
ROS1-27-0021,2023-06-08,0.8053467648444453,0.5921201636805624,-0.7120487743529029
ROS1-33-0009,2023-06-08,0.6915540574959229,0.49943728381845015,-0.6265003633802636
ROS1-34-0003,2023-06-08,0.5242119549897235,0.2913348523441986,-0.4892707899180019
ROS1-33-0010,2023-06-30,0.22735208132207582,0.11944227147747057,-0.35721414428555404
ROS1-33-0009,2023-06-30,0.1710190128546378,0.11020671309800152,-0.3447689021820345
ROS1-34-0003,2023-06-30,0.19337553849920372,0.10759069438056153,-0.33996921870543806
ROS1-33-0008,2023-06-30,0.47212252835958257,0.2717940676395164,-0.5123449407818514
ROS1-34-0005,2023-06-30,0.18533249395398446,0.10958065872492921,-0.3444535238984058
ROS1-33-0010,2023-07-22,0.16477571518771117,0.09081519757901466,-0.25078994757143197
ROS1-33-0009,2023-07-22,0.158614820191164,0.1248370125735342,-0.27169477820346216
ROS1-33-0008,2023-07-22,0.3613492625210086,0.2195468249114389,-0.4275111722668326
ROS1-33-0010,2023-07-27,0.15217107168913932,0.06388864017739963,-0.249752296292806
ROS1-27-0021,2023-07-27,0.21954540979239892,0.1624967060942047,-0.3656748264223312
ROS1-28-0030,2023-07-27,0.18034236535695217,0.1256580555632816,-0.3177204972584325
ROS1-33-0009,2023-07-27,0.17809585865021324,0.12632382629608466,-0.3025442363411185
ROS1-34-0003,2023-07-27,0.205579938261324,0.1383946133470817,-0.31394886285649704
ROS1-27-0005,2023-07-27,0.22186782696065355,0.1371775862673096,-0.34257581466068626
ROS1-28-0013,2023-07-27,0.19039286998863555,0.10830649534014224,-0.3088315273732843
ROS1-33-0008,2023-07-27,0.3261456821039302,0.19696944575253675,-0.3997358682109897
ROS1-34-0005,2023-07-27,0.15180709846229098,0.08533220895379616,-0.2909844813589819
ROS1-33-0010,2023-08-18,0.1260365732355803,0.0514395989695292,-0.2203465758998199
ROS1-27-0021,2023-08-18,0.18475885458192234,0.11050073642921296,-0.3079983793529266
ROS1-33-0009,2023-08-18,0.21458915432275946,0.14997843438456615,-0.3359739988541621
ROS1-34-0003,2023-08-18,0.22741478748188998,0.15708347600286834,-0.3360319062534224
ROS1-27-0005,2023-08-18,0.1686696331539945,0.11926223917693811,-0.3039234596059762
ROS1-33-0008,2023-08-18,0.2834772331270807,0.16614497174511053,-0.3856439378490307
ROS1-33-0010,2023-09-14,0.16835407223606638,0.06173916099666382,-0.3167352969158644
ROS1-27-0021,2023-09-14,0.1894708369356765,0.11029780615949276,-0.359441230764523
ROS1-28-0030,2023-09-14,0.2212110289292042,0.14494695128765508,-0.3928585833895271
ROS1-33-0009,2023-09-14,0.23815835982066302,0.15644701504368144,-0.4085409969409396
ROS1-34-0003,2023-09-14,0.2853492366854406,0.20389275423002426,-0.44951712902483054
ROS1-27-0005,2023-09-14,0.20788072423538656,0.14444724799140551,-0.3595628311761531
ROS1-33-0008,2023-09-14,0.2984071095043271,0.16320833870451143,-0.44638222042006204
ROS1-34-0005,2023-09-14,0.2953641249216735,0.20431517709615196,-0.4314038797967618
ROS1-33-0009,2023-10-06,0.2056920457407796,0.12609218546847278,-0.35464386790370556
ROS1-33-0008,2023-10-06,0.2786996214674417,0.14533086528437905,-0.41869618029001493
ROS1-27-0021,2023-10-11,0.1412772952916742,0.07826974342309422,-0.2553922338280931
ROS1-27-0005,2023-10-11,0.1419157688909877,0.09296135012997749,-0.25103954981124715
ROS1-33-0008,2023-10-11,0.19153395331354203,0.0976424978323571,-0.22729887953833514
ROS1-27-0021,2023-04-03,0.21201098049975617,0.13890655202843594,-0.34854184768094154
ROS1-31-0028,2023-04-03,0.6047900275750737,0.28617150063256663,-0.6378997140351589
ROS1-32-0015,2023-04-03,0.7661002087635975,0.42499259902626246,-0.740537258264995
ROS1-37-0012,2023-04-03,0.7776093624290215,0.4018772653174285,-0.7471982859005921
ROS1-38-0001,2023-04-03,0.4790621495436583,0.2593208597614408,-0.5351484227316284
ROS1-43-0006,2023-04-03,0.6029569976103913,0.3206473549550542,-0.623845346524835
ROS1-31-0021,2023-04-03,0.3623713690894492,0.1546492001227565,-0.46975088049620456
ROS1-37-0019,2023-04-03,0.37162498411205636,0.2114098510642445,-0.4812600678786713
ROS1-38-0007,2023-04-03,0.20827577443713866,0.10763228086754893,-0.3380614514754196
ROS1-49-0003,2023-04-20,0.27916602002363383,0.18142754845461515,-0.34272077206813983
ROS1-49-0012,2023-04-20,0.4120514353463539,0.30054744116134247,-0.42913125342570413
ROS1-31-0028,2023-05-12,0.9050387948084437,0.6931522787383713,-0.8293413039379899
ROS1-37-0012,2023-05-12,0.9025692395670885,0.6796998191771118,-0.829689008900316
ROS1-38-0001,2023-05-12,0.8813017915233855,0.620893497319365,-0.8100160881389301
ROS1-43-0006,2023-05-12,0.8328690585640613,0.5330139655821955,-0.7746946156988246
ROS1-49-0003,2023-05-12,0.7901171743751223,0.5294898227503169,-0.7328740848225002
ROS1-31-0021,2023-05-12,0.8465988344944708,0.5232464351656775,-0.7950368159507037
ROS1-37-0019,2023-05-12,0.8646413485465985,0.6001149577513013,-0.8264312939333356
ROS1-38-0007,2023-05-12,0.4673838701026491,0.2698006143097855,-0.5172593181471877
ROS1-43-0016,2023-05-12,0.2165207009464433,0.07608147324330711,-0.37417646607951954
ROS1-49-0012,2023-05-12,0.7880315521578617,0.48358177401230684,-0.7525896392450149
ROS1-27-0021,2023-05-17,0.6908202052173924,0.451415615726934,-0.6589903402226671
ROS1-31-0028,2023-05-17,0.8831284204121488,0.6627586540222264,-0.8300530751001115
ROS1-32-0015,2023-05-17,0.8468891848323946,0.5095779972498777,-0.7842380365535673
ROS1-37-0012,2023-05-17,0.8683757381924372,0.6479972168488586,-0.8091352083444894
ROS1-38-0001,2023-05-17,0.8443098662353719,0.5791978325509893,-0.798746447288365
ROS1-43-0006,2023-05-17,0.7902507576091712,0.5101379294245811,-0.750636796663188
ROS1-26-0040,2023-05-17,0.6892108419826509,0.4763171363519483,-0.6720065969728188
ROS1-31-0021,2023-05-17,0.8510536992917365,0.5959182091584726,-0.8044687613062926
ROS1-32-0006,2023-05-17,0.7806519025618541,0.44604002667434806,-0.7460068041217115
ROS1-36-0005,2023-05-17,0.7292672318367196,0.4144119015572557,-0.7499678435741448
ROS1-37-0019,2023-05-17,0.6921532564619848,0.4892738341317404,-0.7121573327521253
ROS1-38-0007,2023-05-17,0.5022706907538054,0.2919418268981082,-0.542905890766375
ROS1-25-0027,2023-05-17,0.5959732919607791,0.3553608822227667,-0.608653863970977
ROS1-31-0028,2023-06-03,0.857558932043861,0.5468679322166864,-0.7792064699197288
ROS1-37-0012,2023-06-03,0.7748964702585833,0.4456760993154687,-0.6975557794889834
ROS1-38-0001,2023-06-03,0.8086422878636192,0.4961567218946588,-0.7343688391004374
ROS1-43-0006,2023-06-03,0.6819455589716272,0.3506359933118573,-0.6203868084693078
ROS1-49-0003,2023-06-03,0.7269273052913054,0.4722957891067876,-0.6802241093098089
ROS1-31-0021,2023-06-03,0.8025798060196276,0.6835799142134112,-0.7378101020341556
ROS1-37-0019,2023-06-03,0.5457000101536604,0.25924910144322444,-0.552700719796233
ROS1-38-0007,2023-06-03,0.647826602946023,0.44044156527689154,-0.5808792676906486
ROS1-43-0016,2023-06-03,0.4295850045673008,0.24810270906141646,-0.44205947498256115
ROS1-49-0012,2023-06-03,0.7450389052693683,0.4557528556547497,-0.6944481881242802
ROS1-27-0021,2023-06-08,0.8087633849418753,0.591201819661282,-0.7144677323442359
ROS1-31-0028,2023-06-08,0.7645318605092111,0.44784397158688616,-0.7020521774081826
ROS1-32-0015,2023-06-08,0.676892798464702,0.3721985539799571,-0.6200574120660117
ROS1-37-0012,2023-06-08,0.6627113338589365,0.3613624030864479,-0.6185944171006813
ROS1-38-0001,2023-06-08,0.6815450813262866,0.4061607484451111,-0.631140879493658
ROS1-43-0006,2023-06-08,0.5777697031019009,0.295896224215819,-0.5492106516462557
ROS1-26-0040,2023-06-08,0.4063204467724113,0.25411809026052107,-0.4557645827452492
ROS1-27-0005,2023-06-08,0.7465102709495953,0.4778459010176348,-0.6728645844528994
ROS1-31-0021,2023-06-08,0.852084423432249,0.5914339679009162,-0.7851781144284163
ROS1-32-0006,2023-06-08,0.7247954919957991,0.48749918045723806,-0.6486501409546839
ROS1-37-0019,2023-06-08,0.6317931265515915,0.37069414113795707,-0.6369278246106485
ROS1-38-0007,2023-06-08,0.6322803282269469,0.4208685886590103,-0.5970471729227749
ROS1-25-0027,2023-06-08,0.807661687632917,0.6675086845965825,-0.7271974762686566
ROS1-31-0028,2023-06-30,0.23685058801436054,0.11057760719307716,-0.3965781225799101
ROS1-32-0015,2023-06-30,0.2777484760887869,0.13050908176099968,-0.4186879540338462
ROS1-37-0012,2023-06-30,0.23725673855572257,0.11836921769673113,-0.393397197706168
ROS1-38-0001,2023-06-30,0.2186891262169591,0.12513243743432587,-0.36817457642125523
ROS1-43-0006,2023-06-30,0.2708952644916941,0.12038996649260722,-0.39962371130351404
ROS1-26-0040,2023-06-30,0.2278789979420585,0.08548936925392384,-0.3195893175257712
ROS1-31-0021,2023-06-30,0.33654502021488253,0.19200762978269317,-0.4892924305220812
ROS1-32-0006,2023-06-30,0.29074471267678903,0.1846144668991373,-0.42121009007021737
ROS1-37-0019,2023-06-30,0.2935641111870734,0.1617966225684665,-0.40408561511394375
ROS1-38-0007,2023-06-30,0.5746437480407575,0.3739633640631884,-0.5915562878358007
ROS1-43-0016,2023-06-30,0.766983537190153,0.5908696128705986,-0.6466971163925106
ROS1-31-0028,2023-07-22,0.1500800823366725,0.08518813499092996,-0.24361104157382432
ROS1-37-0012,2023-07-22,0.21902438773944063,0.1315694721336787,-0.336737949376049
ROS1-38-0001,2023-07-22,0.2516338639258156,0.1618148122067442,-0.368010701090187
ROS1-43-0006,2023-07-22,0.24714541422362962,0.16375080293255756,-0.36406677670197
ROS1-49-0003,2023-07-22,0.3446366638122225,0.20415000526908955,-0.45669499083537285
ROS1-31-0021,2023-07-22,0.1453567558906939,0.07637661061621094,-0.2547069613840767
ROS1-37-0019,2023-07-22,0.22058725899094977,0.1444911368343456,-0.3314584183759474
ROS1-38-0007,2023-07-22,0.5177309804381299,0.35233829184832605,-0.5439573132160825
ROS1-43-0016,2023-07-22,0.21518040415480605,0.1336763819297142,-0.3718165766942293
ROS1-26-0036,2023-07-27,0.17215683392790843,0.10146367111736392,-0.3040257138600498
ROS1-27-0021,2023-07-27,0.21766109655346896,0.16086078896499634,-0.3650682460355523
ROS1-31-0028,2023-07-27,0.1773152302414641,0.09338010501553363,-0.2945568261381349
ROS1-32-0015,2023-07-27,0.19709377338510978,0.10814334794054695,-0.2882967575556126
ROS1-37-0012,2023-07-27,0.22470088588617626,0.12148886272781421,-0.33065545768128973
ROS1-38-0001,2023-07-27,0.2544857102123529,0.16511437040399898,-0.36568592526274474
ROS1-43-0006,2023-07-27,0.2673655653559729,0.16827064257462693,-0.3561423834048543
ROS1-26-0040,2023-07-27,0.19431686800631873,0.10708979801770745,-0.2639342019105804
ROS1-27-0005,2023-07-27,0.22138079519513004,0.13679948457223248,-0.34166878886328184
ROS1-31-0021,2023-07-27,0.14554844048308407,0.07793486148934858,-0.2633093346724586
ROS1-32-0006,2023-07-27,0.25253884023057405,0.17740125819670255,-0.35854340590914147
ROS1-37-0019,2023-07-27,0.23509312031369042,0.14427111814805318,-0.3491588068282125
ROS1-38-0007,2023-07-27,0.47809442169567434,0.31799328731928084,-0.5144995506516601
ROS1-25-0027,2023-07-27,0.25392669424720726,0.14596818246204385,-0.35423048768916804
ROS1-37-0012,2023-08-13,0.2224315103475046,0.18471931919976117,-0.37912850274503657
ROS1-43-0006,2023-08-13,0.1663485958043997,0.11717734819306885,-0.21299794641308412
ROS1-49-0003,2023-08-13,0.21137097220552523,0.18421274668402768,-0.29059806621679063
ROS1-49-0012,2023-08-13,0.2613065476349436,0.20351883954159733,-0.35369618832661304
ROS1-27-0021,2023-08-18,0.17685865965748832,0.10751731697571548,-0.2903687918973557
ROS1-31-0028,2023-08-18,0.14975561899179066,0.09954169586984772,-0.30057369303218473
ROS1-32-0015,2023-08-18,0.14199227483974913,0.0977321258244337,-0.2849850072503279
ROS1-37-0012,2023-08-18,0.3015046254065027,0.19955743468764356,-0.4200956172933644
ROS1-38-0001,2023-08-18,0.30426578589969683,0.1955487971691648,-0.3915874030564175
ROS1-43-0006,2023-08-18,0.29718290450175494,0.19009751098866157,-0.38999503915168565
ROS1-26-0040,2023-08-18,0.1677937871785352,0.06671549124191573,-0.23555317347143165
ROS1-27-0005,2023-08-18,0.16383837927232567,0.11707946594772083,-0.29332292714993474
ROS1-31-0021,2023-08-18,0.13756656190502828,0.06245131060832485,-0.26961788828209904
ROS1-32-0006,2023-08-18,0.4077261588029435,0.30276502656832177,-0.45231468519637363
ROS1-37-0019,2023-08-18,0.2626106293665263,0.16452475272051148,-0.3900966416127834
ROS1-38-0007,2023-08-18,0.4544702443687953,0.2767214680210821,-0.5032142310641303
ROS1-25-0027,2023-08-18,0.17469896798854623,0.10618059534224943,-0.3403650236709718
ROS1-27-0021,2023-09-14,0.19069238717164846,0.11233839536599124,-0.35976525828643274
ROS1-32-0015,2023-09-14,0.22810152703466743,0.15572370024092905,-0.3589520043587143
ROS1-43-0006,2023-09-14,0.3715735962830754,0.257534317395039,-0.4957649751738009
ROS1-27-0005,2023-09-14,0.20676055070827343,0.1441238103929873,-0.3543715500804668
ROS1-37-0012,2023-10-06,0.2446457869225491,0.14497933445268046,-0.344640498810997
ROS1-49-0003,2023-10-06,0.26841235453125495,0.157567603163261,-0.3943578086299932
ROS1-31-0021,2023-10-06,0.07474507911440807,0.05563548608608721,-0.1048977803702807
ROS1-37-0019,2023-10-06,0.26763088643291777,0.17434422530682536,-0.3656477641060549
ROS1-38-0007,2023-10-06,0.2781910187596509,0.2134008191320823,-0.3532290215818294
ROS1-49-0012,2023-10-06,0.31906814632280045,0.19984369641655622,-0.4174459907135908
ROS1-27-0021,2023-10-11,0.14406194168993974,0.07982626582299754,-0.26029968450730334
ROS1-32-0015,2023-10-11,0.31495377501220956,0.2035614069392141,-0.38641066789509687
ROS1-37-0012,2023-10-11,0.2216659670936564,0.15926207420361294,-0.30904388888970874
ROS1-38-0001,2023-10-11,0.26483306147246954,0.16415820376905024,-0.3423670556846513
ROS1-43-0006,2023-10-11,0.27164268635917493,0.14211028926899316,-0.29919958267863705
ROS1-26-0040,2023-10-11,0.14088999621400247,0.04946061664061013,-0.1728942251602572
ROS1-27-0005,2023-10-11,0.14883255466567166,0.09589652873389182,-0.25914882268215167
ROS1-32-0006,2023-10-11,0.20432365013826848,0.11636419605583925,-0.31814556059464594
ROS1-36-0005,2023-10-11,0.028011806494279104,0.010490324239467086,-0.03875195083381821
ROS1-38-0007,2023-10-11,0.32069016065263645,0.18844061058806502,-0.4304938618566201
ROS1-25-0027,2023-10-11,0.15692012417970988,0.07428177037720199,-0.24604020996326906
ROS1-36-0019,2023-04-03,0.6860174555973102,0.3829862852694114,-0.6927177098721228
ROS1-24-0006,2023-04-03,0.649403725466954,0.19816408057979093,-0.6310214242829828
ROS1-31-0028,2023-04-03,0.590676243983013,0.28454275509632065,-0.6139304110049196
ROS1-36-0014,2023-04-03,0.7428087619558836,0.43219510642589826,-0.704328812522479
ROS1-42-0000,2023-04-03,0.47317549668182607,0.2393168451340751,-0.5329148033024623
ROS1-36-0005,2023-04-03,0.39041084947766874,0.180108314310697,-0.48328154219638947
ROS1-37-0019,2023-04-03,0.36866408419751895,0.21052945203221787,-0.47710947327127584
ROS1-42-0016,2023-04-03,0.8227274819082894,0.4635064663205753,-0.7865769867680087
ROS1-36-0019,2023-05-12,0.7827508969996232,0.524456234889873,-0.7277140453421336
ROS1-30-0013,2023-05-12,0.8216796944137822,0.6074411550921552,-0.7390908887807522
ROS1-31-0028,2023-05-12,0.8976564491879783,0.6874298656691034,-0.8004690683277423
ROS1-36-0014,2023-05-12,0.8648341258216521,0.6189371363307166,-0.7738087061787894
ROS1-37-0012,2023-05-12,0.887536574531382,0.6713011400868779,-0.7947218427397804
ROS1-42-0000,2023-05-12,0.7779522140333361,0.5536474701318974,-0.7492456687790644
ROS1-31-0021,2023-05-12,0.8311036952393541,0.5161944229995704,-0.7534546368079855
ROS1-36-0005,2023-05-12,0.7386631887055051,0.36921646687228954,-0.6760520562474259
ROS1-37-0019,2023-05-12,0.8518652865943577,0.593291873283484,-0.7931326891679453
ROS1-42-0016,2023-05-12,0.8552489321710698,0.5791542549351486,-0.7802188984523795
ROS1-36-0019,2023-05-17,0.8636261220062118,0.6360194379012115,-0.8172984643569026
ROS1-24-0006,2023-05-17,0.910415170430266,0.7831155221182093,-0.8395957202284974
ROS1-25-0023,2023-05-17,0.289130806562104,0.1294497425409153,-0.4397814925711978
ROS1-30-0013,2023-05-17,0.8171002942151748,0.5840793488049514,-0.7648332869412341
ROS1-31-0028,2023-05-17,0.8776294250013588,0.6572336139017859,-0.8236215739037506
ROS1-36-0014,2023-05-17,0.82743578204097,0.6393437787639457,-0.7685028280767352
ROS1-18-0024,2023-05-17,0.814180427806116,0.5612405627937813,-0.7673800709342197
ROS1-24-0034,2023-05-17,0.7978733074673068,0.6234197482857702,-0.7800012365797461
ROS1-25-0002,2023-05-17,0.8498668009027722,0.6287845004011763,-0.7742969480982924
ROS1-30-0014,2023-05-17,0.9107762325264758,0.7338710030738661,-0.8528466336748975
ROS1-36-0005,2023-05-17,0.7308091657447003,0.42311254682147365,-0.7349949164144179
ROS1-24-0023,2023-05-17,0.8963185942745862,0.7078835031228928,-0.844850474929871
ROS1-25-0027,2023-05-17,0.6004057773365731,0.35328660843011617,-0.6136787863045402
ROS1-36-0019,2023-06-03,0.6219125894001714,0.3638796300013307,-0.6000856636670385
ROS1-30-0013,2023-06-03,0.8496231437633678,0.5918690777503354,-0.7597907513990279
ROS1-31-0028,2023-06-03,0.8455881192799437,0.5432097749378385,-0.7712430566114384
ROS1-36-0014,2023-06-03,0.7615266960710979,0.5328982957624644,-0.684705124201213
ROS1-37-0012,2023-06-03,0.7741603747252491,0.4477505407257135,-0.6960437610800493
ROS1-42-0000,2023-06-03,0.6690543447373479,0.3895403117289291,-0.6524633000281175
ROS1-31-0021,2023-06-03,0.7879079487403371,0.6809665656154189,-0.7243636677963475
ROS1-36-0005,2023-06-03,0.7126106606628528,0.3641874133000014,-0.6503135767280752
ROS1-37-0019,2023-06-03,0.5856355591079638,0.2708326468939992,-0.5942915465086639
ROS1-42-0016,2023-06-03,0.7115327399175453,0.3769529118313782,-0.6527886300876986
ROS1-36-0019,2023-06-08,0.5068632049408963,0.29132384299031205,-0.5401601732605966
ROS1-24-0006,2023-06-08,0.7657997420601901,0.5235552697353858,-0.690988953845482
ROS1-25-0023,2023-06-08,0.5067411512005175,0.2676535301861963,-0.494837905259435
ROS1-30-0013,2023-06-08,0.8076645485281168,0.5404559074632425,-0.7243108278168063
ROS1-31-0028,2023-06-08,0.7710092050330205,0.4474607065520235,-0.708112150132458
ROS1-36-0014,2023-06-08,0.655237559647549,0.4210627313625691,-0.6020801689805474
ROS1-18-0024,2023-06-08,0.759862178068922,0.5433956651317173,-0.6913793006649714
ROS1-24-0034,2023-06-08,0.6997137907824041,0.5259588848703733,-0.6711406030665387
ROS1-25-0002,2023-06-08,0.7513550712460351,0.4521856054980542,-0.6675042537253058
ROS1-30-0014,2023-06-08,0.63229058213652,0.4643834912033263,-0.6077477286378892
ROS1-36-0005,2023-06-08,0.6419431638209244,0.3256476877287364,-0.6100351955325446
ROS1-37-0019,2023-06-08,0.6360050183148684,0.3709179974259684,-0.6419082966248939
ROS1-24-0023,2023-06-08,0.7713820580499273,0.5110995326828334,-0.7056538471081408
ROS1-25-0027,2023-06-08,0.8041291679965499,0.6659712558521713,-0.7256470959054551
ROS1-25-0023,2023-06-30,0.8160424223226652,0.6782518662137393,-0.7426283164520393
ROS1-31-0028,2023-06-30,0.24860861727516895,0.11544943137043097,-0.4230598571991879
ROS1-42-0000,2023-06-30,0.25616369341427603,0.08117637552463967,-0.35797845197203076
ROS1-25-0002,2023-06-30,0.4065139308617119,0.21076122128244498,-0.5199697541015754
ROS1-30-0014,2023-06-30,0.2619641747653342,0.18529421749447686,-0.43009842782025
ROS1-37-0019,2023-06-30,0.30437092179072595,0.16844723792045044,-0.421938262008731
ROS1-42-0016,2023-06-30,0.26429663373983325,0.11833591242403953,-0.4153523058030457
ROS1-24-0023,2023-06-30,0.2766092624892082,0.14722705748432965,-0.44742352055570045
ROS1-36-0019,2023-07-22,0.21474608964138134,0.1172182165885148,-0.318442612793284
ROS1-24-0006,2023-07-22,0.21709364574286477,0.1252294969550048,-0.330206061075945
ROS1-25-0023,2023-07-22,0.5276618545067577,0.3665052206864616,-0.49853132065584976
ROS1-30-0013,2023-07-22,0.5610035579815777,0.41181651067021335,-0.5517656128528321
ROS1-31-0028,2023-07-22,0.1524605807123965,0.0863512893283537,-0.24694644782927883
ROS1-36-0014,2023-07-22,0.20744649079452224,0.15284525509655206,-0.3370470658433037
ROS1-42-0000,2023-07-22,0.22413881176060652,0.1312255037591924,-0.344043910063502
ROS1-25-0002,2023-07-22,0.25202420268344705,0.1421936053147921,-0.33694567347135385
ROS1-30-0014,2023-07-22,0.3201898315931233,0.21709161918978556,-0.4297703834219749
ROS1-31-0021,2023-07-22,0.1478110159067075,0.07746324330484385,-0.2594323570691137
ROS1-36-0005,2023-07-22,0.38966267433430474,0.2342999617614954,-0.42956350085777617
ROS1-37-0019,2023-07-22,0.2233981608140735,0.14698065357026754,-0.3334431491071238
ROS1-42-0016,2023-07-22,0.33181138685502715,0.2012846396995403,-0.4266678531267991
ROS1-36-0019,2023-07-27,0.2361754377675653,0.12113554624196905,-0.34844454195914937
ROS1-18-0030,2023-07-27,0.6880421761953354,0.6400971723543957,-0.6193447768014861
ROS1-24-0006,2023-07-27,0.24637410923743647,0.1642708286799861,-0.3618150306356656
ROS1-25-0023,2023-07-27,0.40046996767147247,0.2311891718950872,-0.40541003645659773
ROS1-30-0013,2023-07-27,0.5091314103406754,0.32246734184646975,-0.5161624115369822
ROS1-36-0014,2023-07-27,0.3047097039718779,0.2178420060714532,-0.39608559412843336
ROS1-18-0024,2023-07-27,0.329851160785092,0.2160868275159209,-0.3917399675867772
ROS1-19-0016,2023-07-27,0.4042611264236483,0.2540231464238264,-0.44187717609595223
ROS1-24-0034,2023-07-27,0.21724292285642055,0.14916830690079885,-0.3454251300865811
ROS1-25-0002,2023-07-27,0.2669931227804718,0.17698414197371734,-0.371419626086697
ROS1-30-0014,2023-07-27,0.37175611728904917,0.25432406922998535,-0.4543574813536544
ROS1-18-0009,2023-07-27,0.6480008324173547,0.5991041215882118,-0.6103548626603496
ROS1-24-0023,2023-07-27,0.27125997062815976,0.17996853232645377,-0.38169339258648377
ROS1-25-0027,2023-07-27,0.2606852881740519,0.14835831937361438,-0.3641200832216547
ROS1-30-0013,2023-08-13,0.2941361370041188,0.2623630756141657,-0.37113425739845435
ROS1-36-0014,2023-08-13,0.18191029514292367,0.09338582677165362,-0.3190853633232353
ROS1-42-0000,2023-08-13,0.23003917334246957,0.20116687167264347,-0.33038822124293443
ROS1-42-0016,2023-08-13,0.26700856449408855,0.2513420880991997,-0.33666779528293833
ROS1-36-0019,2023-08-18,0.17117739547462185,0.11553420231384809,-0.3287332708860547
ROS1-24-0006,2023-08-18,0.13903209957749135,0.07553209436868003,-0.2488694914693086
ROS1-25-0023,2023-08-18,0.1773469807287863,0.07790188260890601,-0.2984946609125425
ROS1-30-0013,2023-08-18,0.3502587317126678,0.19588883701327364,-0.466793259829404
ROS1-31-0028,2023-08-18,0.14630373179600967,0.09698202503326582,-0.30028386359104225
ROS1-36-0014,2023-08-18,0.21536022504106728,0.15507291905056567,-0.3615235835391857
ROS1-42-0000,2023-08-18,0.24517466568125418,0.1540271362493092,-0.39513692515691656
ROS1-24-0034,2023-08-18,0.25667369090655007,0.17085099156884903,-0.373178504345725
ROS1-25-0002,2023-08-18,0.13366980215933771,0.06550116404437346,-0.2587539078776488
ROS1-30-0014,2023-08-18,0.21980019053873937,0.11216071978611226,-0.3424567368644631
ROS1-36-0005,2023-08-18,0.2617791749967727,0.175661964024846,-0.40363707158829637
ROS1-37-0019,2023-08-18,0.260799379548373,0.16281421169834473,-0.39073347990210955
ROS1-42-0016,2023-08-18,0.2776282478823846,0.1862525521836393,-0.42295403773289014
ROS1-24-0023,2023-08-18,0.2528091394244951,0.17444937507633435,-0.39155819010455445
ROS1-25-0027,2023-08-18,0.17190839740753103,0.10449769420572215,-0.33796681108804777
ROS1-30-0013,2023-09-09,0.20909649371441802,0.1084155256038771,-0.3032941329637715
ROS1-18-0024,2023-09-14,0.15746325901627498,0.1152019342166594,-0.25693449167108945
ROS1-24-0006,2023-10-06,0.09728277550296942,0.06446564022377559,-0.17092910462881927
ROS1-25-0023,2023-10-06,0.11296059363653145,0.06290266347035074,-0.1538230304943741
ROS1-30-0013,2023-10-06,0.07326172571365522,0.08163745428519634,-0.11173046254628784
ROS1-42-0000,2023-10-06,0.12354392215305748,0.0569758154108888,-0.19827417351747995
ROS1-31-0021,2023-10-06,0.0901097356677676,0.04972448669669738,-0.15474214231321745
ROS1-36-0005,2023-10-06,0.25361173680932514,0.17696575487271884,-0.36144380465520043
ROS1-37-0019,2023-10-06,0.2695183451002482,0.1761914433195059,-0.3686561907243285
ROS1-42-0016,2023-10-06,0.16686022385561325,0.08162248651678321,-0.2710135494591649
ROS1-36-0019,2023-10-11,0.20645691639055755,0.14539757733576725,-0.32147913709695225
ROS1-24-0006,2023-10-11,0.12740584987206818,0.05034694949279652,-0.19875270016219296
ROS1-25-0023,2023-10-11,0.14141016848061716,0.05783281185587096,-0.21382358766609164
ROS1-30-0013,2023-10-11,0.27487701974746603,0.14789153530632207,-0.36695337187632626
ROS1-36-0014,2023-10-11,0.10111906410696941,0.04542146284648494,-0.17760557506289198
ROS1-18-0024,2023-10-11,0.15888229173873078,0.05937646343157039,-0.22567454727948041
ROS1-19-0016,2023-10-11,0.14660548617789584,0.07418202609384275,-0.20865551421055223
ROS1-24-0034,2023-10-11,0.17360544590199414,0.07819768241930138,-0.2433740538793005
ROS1-25-0002,2023-10-11,0.1537317715519152,0.07751781743223893,-0.25895694279642384
ROS1-30-0014,2023-10-11,0.1747043066434399,0.07319607161680332,-0.2628031552928266
ROS1-36-0005,2023-10-11,0.03015730500675832,0.010852852751769521,-0.020600463717555133
ROS1-18-0009,2023-10-11,0.160813636347629,0.0739445378445755,-0.2435521491459627
ROS1-24-0023,2023-10-11,0.14070991604018146,0.10652950450892759,-0.21975120012296756
ROS1-25-0027,2023-10-11,0.157330933099132,0.07477376369287354,-0.25062249151055455
ROS1-29-0008,2023-04-08,0.1640577636597174,0.08179623517746384,-0.27446222138622595
ROS1-29-0008,2023-08-01,0.42010490827700875,0.20572677360953623,-0.5232570415976797
ROS1-29-0008,2023-08-28,0.2851543023069961,0.11995377428713022,-0.334137378655662
ROS1-33-0010,2023-07-05,0.19495954266439572,0.12647826893709316,-0.3422510076402862
ROS1-27-0021,2023-07-05,0.3580030955900531,0.23952105485407632,-0.44351103459230645
ROS1-28-0030,2023-07-05,0.2159718659430537,0.11741466455322766,-0.35446558624541386
ROS1-33-0009,2023-07-05,0.17567627986314885,0.10561296478833873,-0.3308614649734154
ROS1-34-0003,2023-07-05,0.1795846092583312,0.0976745041689058,-0.31559009585125797
ROS1-27-0005,2023-07-05,0.24657165152406552,0.14862764438374715,-0.3849561485952044
ROS1-28-0013,2023-07-05,0.2811751606903601,0.12481965798622889,-0.3934042827288113
ROS1-33-0008,2023-07-05,0.40006917959365473,0.22155306861564147,-0.46792768345085795
ROS1-34-0005,2023-07-05,0.17607975163540146,0.10130728997413783,-0.3185225809063963
ROS1-21-0043,2023-08-01,0.41491572484268796,0.324263019093908,-0.5148853691335515
ROS1-34-0003,2023-08-01,0.2435710780373097,0.16148653539370858,-0.37283363206856873
ROS1-33-0008,2023-08-01,0.292366734277397,0.2028798100413509,-0.4235706441270053
ROS1-34-0005,2023-08-01,0.17459079828728458,0.10156622175575455,-0.3269896488931374
ROS1-33-0010,2023-08-23,0.11981840515668493,0.045307571479938934,-0.20865921751119007
ROS1-28-0030,2023-08-23,0.18291818710665225,0.12230782570498076,-0.321106380863159
ROS1-33-0009,2023-08-23,0.22096072429115257,0.15181088282301458,-0.33631864626272057
ROS1-34-0003,2023-08-23,0.233146262251594,0.15985338021308848,-0.3470382892505736
ROS1-28-0013,2023-08-23,0.2023997238682453,0.10645160788458921,-0.30546359126842243
ROS1-34-0005,2023-08-23,0.18408006649001504,0.130571658229662,-0.30562802405353495
ROS1-33-0010,2023-08-28,0.11232495880175941,0.041034120531777615,-0.20796237355900266
ROS1-15-0003,2023-08-28,0.22519717713657086,0.09358077920362023,-0.3160422671423955
ROS1-16-0006,2023-08-28,0.36891309347391904,0.24303265119109607,-0.4429823363391126
ROS1-21-0043,2023-08-28,0.2535648645215815,0.12159970884058445,-0.2795770850762734
ROS1-22-0026,2023-08-28,0.2253753313224551,0.08707794289681227,-0.27066098367553476
ROS1-26-0036,2023-08-28,0.22894462073194752,0.12748052553289538,-0.3085559967339333
ROS1-27-0021,2023-08-28,0.13846445762444887,0.07940955714173395,-0.26625756470205597
ROS1-28-0030,2023-08-28,0.18480781948369548,0.11719357406652331,-0.3315944880563284
ROS1-33-0009,2023-08-28,0.20687751159502088,0.1385577644568587,-0.34992790398613427
ROS1-34-0003,2023-08-28,0.2440336244172917,0.16289739265418296,-0.3600557791672568
ROS1-21-0036,2023-08-28,0.15864049260218124,0.05571104571309421,-0.22222917781891616
ROS1-22-0006,2023-08-28,0.20265725661248088,0.0738689795644451,-0.2557234758516129
ROS1-27-0005,2023-08-28,0.16425832994677275,0.11227229261895016,-0.29447229461580204
ROS1-28-0013,2023-08-28,0.2022505685260592,0.10953890297542311,-0.29935719035792413
ROS1-33-0008,2023-08-28,0.2170794309122743,0.11189930026794158,-0.35235900729044695
ROS1-34-0005,2023-08-28,0.2082128895363136,0.13977531375289867,-0.3263174207470309
ROS1-21-0000,2023-08-28,0.21267441197302586,0.1222595659369507,-0.3712841490923482
ROS1-15-0022,2023-08-28,0.257361732778478,0.14706893680423777,-0.3368753874630549
ROS1-27-0021,2023-09-19,0.12716517713624373,0.051884342355860764,-0.1676302118023178
ROS1-28-0013,2023-09-19,0.16532641166786097,0.05231129987847834,-0.242396803659856
ROS1-21-0000,2023-09-19,0.17648128669703256,0.09735403579057608,-0.3145868284938467
ROS1-19-0037,2023-07-05,0.8286763177493274,0.8184220152353028,-0.7566798991014995
ROS1-25-0023,2023-07-05,0.7553185674316354,0.5955447690847769,-0.6890644101979806
ROS1-26-0036,2023-07-05,0.23666405742501687,0.11606725433589633,-0.3636018669683305
ROS1-27-0021,2023-07-05,0.35782059788027437,0.23931087064988105,-0.44128431393420714
ROS1-32-0015,2023-07-05,0.2206282301601129,0.1082424945615324,-0.3357673960667725
ROS1-36-0014,2023-07-05,0.23431415030083638,0.11805317371096803,-0.33003500131433855
ROS1-38-0001,2023-07-05,0.20251588767220827,0.11422484340605289,-0.32808452467524113
ROS1-19-0016,2023-07-05,0.5314881353614109,0.3658468116273434,-0.5270501675717758
ROS1-25-0002,2023-07-05,0.3499164887711839,0.18397789574258738,-0.43089457994004965
ROS1-26-0040,2023-07-05,0.19258839055862834,0.0736178515413747,-0.2641155292964209
ROS1-27-0005,2023-07-05,0.2472970157776574,0.14834701329277206,-0.38656597769618495
ROS1-31-0021,2023-07-05,0.2595988367060226,0.15784623259751035,-0.4056414312914646
ROS1-32-0006,2023-07-05,0.2557912967937906,0.14871120413240832,-0.38363855368940736
ROS1-38-0007,2023-07-05,0.5437469234802634,0.35046356934907524,-0.5688969397663581
ROS1-25-0027,2023-07-05,0.3448596482823398,0.18776297565702013,-0.4209155042485505
ROS1-19-0037,2023-08-01,0.7794529263779193,0.6509318195201051,-0.6998721902128955
ROS1-25-0023,2023-08-01,0.3810644034541666,0.18654375848693536,-0.4305972920428402
ROS1-32-0015,2023-08-01,0.18145912772970796,0.06808827038659371,-0.276171096826408
ROS1-19-0016,2023-08-01,0.4453825046961906,0.2326054171791891,-0.5320046384770644
ROS1-25-0002,2023-08-01,0.26586784911596034,0.1629779539880062,-0.4267180875342111
ROS1-26-0040,2023-08-01,0.19946374541598658,0.09194154948589911,-0.2953723805962981
ROS1-30-0014,2023-08-01,0.44566092664790596,0.2953694380870083,-0.5361006304905168
ROS1-32-0006,2023-08-01,0.27833201618333764,0.18358484057226157,-0.3995925762673654
ROS1-24-0023,2023-08-01,0.31606778402175023,0.19902257833114445,-0.45325393590842245
ROS1-25-0027,2023-08-01,0.2287268760775446,0.13354000644374395,-0.41299001763742965
ROS1-19-0037,2023-08-23,0.33057354100190267,0.18213289330643098,-0.4001654459635381
ROS1-25-0023,2023-08-23,0.16249257767541228,0.07500392434207419,-0.2806403062948692
ROS1-26-0036,2023-08-23,0.21531498788392467,0.12432183848047372,-0.2974391141309728
ROS1-31-0028,2023-08-23,0.15913276621346653,0.10623797223759823,-0.29848195446252374
ROS1-38-0001,2023-08-23,0.2948809880007112,0.20186137956583888,-0.40084745218530415
ROS1-19-0016,2023-08-23,0.3482627956519737,0.1988400710762222,-0.43011674445088244
ROS1-25-0002,2023-08-23,0.1263542962380702,0.06425644488532582,-0.23681186012152922
ROS1-26-0040,2023-08-23,0.15859287473289133,0.06842643964739921,-0.19892915467869196
ROS1-30-0014,2023-08-23,0.16026423403192164,0.07454095037497059,-0.2472980596978396
ROS1-31-0021,2023-08-23,0.14067797920931438,0.06352810716541286,-0.24879180752780636
ROS1-25-0027,2023-08-23,0.1744764030828846,0.10978414125583508,-0.3286370351236573
ROS1-07-0018,2023-08-28,0.7582823494464054,0.6083763595445794,-0.6792238066633883
ROS1-13-0013,2023-08-28,0.48436643911254784,0.2567664122926911,-0.4756332742390006
ROS1-18-0030,2023-08-28,0.2776789209742556,0.1275833881280358,-0.34799552465824357
ROS1-19-0037,2023-08-28,0.2663669604506322,0.1371742775622759,-0.3313850356931071
ROS1-25-0023,2023-08-28,0.13977609095350774,0.07188894262294565,-0.23486447081557288
ROS1-26-0036,2023-08-28,0.22858373104530602,0.12636556954781372,-0.30769021588243606
ROS1-32-0015,2023-08-28,0.18176076404235317,0.12170122795719296,-0.30294247580586203
ROS1-19-0016,2023-08-28,0.27397048901697085,0.19104578032029595,-0.3907465085980898
ROS1-25-0002,2023-08-28,0.1156797437756428,0.060568621690309125,-0.214278732936374
ROS1-26-0040,2023-08-28,0.14443686488302812,0.05928453832178818,-0.18708612187368837
ROS1-32-0006,2023-08-28,0.32136696966804557,0.21553537238226714,-0.4055398356477036
ROS1-25-0027,2023-08-28,0.1579783946959128,0.1012163728096862,-0.3047520065631987
ROS1-14-0002,2023-08-28,0.1842081999396946,0.07004501981439538,-0.25497844234908346
ROS1-19-0037,2023-09-19,0.26426774067635095,0.11943025768492177,-0.382504713016771
ROS1-25-0023,2023-09-19,0.1880613816123485,0.08324915744228593,-0.3372477445037092
ROS1-27-0021,2023-09-19,0.15145975030367118,0.07068588801291012,-0.2832068046556184
ROS1-31-0028,2023-09-19,0.16822493164649233,0.1052153167522607,-0.3211174658165213
ROS1-38-0001,2023-09-19,0.38198526693774143,0.2510585940258142,-0.47536115333638396
ROS1-19-0016,2023-09-19,0.2302885380378811,0.10754182450354588,-0.33753225270715104
ROS1-25-0002,2023-09-19,0.16279203873984677,0.06294408596480472,-0.30577631498587055
ROS1-30-0014,2023-09-19,0.19837626066162017,0.07918696095166215,-0.3233733814951509
ROS1-31-0021,2023-09-19,0.17050250499326275,0.06930442705894022,-0.3002962468950895
ROS1-21-0000,2023-09-19,0.2026808728501621,0.10982363461568653,-0.36797252973024897
ROS1-25-0027,2023-09-19,0.18135227461703757,0.08233767358223447,-0.32567099790621085
ROS1-18-0030,2023-07-05,0.8112853306552483,0.8285026378920144,-0.7345854773667833
ROS1-19-0037,2023-07-05,0.8294459262591436,0.8155195249526771,-0.7576563345137914
ROS1-24-0006,2023-07-05,0.1700017018711659,0.08605809793587166,-0.28621774026179647
ROS1-25-0023,2023-07-05,0.7585521918621302,0.5939823034087077,-0.6924942622626077
ROS1-30-0013,2023-07-05,0.6962505656479431,0.4813020488676805,-0.6297402992633154
ROS1-36-0014,2023-07-05,0.2264971142872989,0.11307135251901057,-0.3289654143006586
ROS1-18-0024,2023-07-05,0.27481641331293344,0.1461170898708468,-0.37330645715811944
ROS1-19-0016,2023-07-05,0.5257941555848907,0.3627342414800924,-0.5201722158331045
ROS1-24-0034,2023-07-05,0.20968999012106732,0.10668540453872218,-0.334851693546671
ROS1-25-0002,2023-07-05,0.3445034335718552,0.18141639679393398,-0.42420061673863735
ROS1-18-0009,2023-07-05,0.8303325638540723,0.8110514851436773,-0.7636273462138173
ROS1-24-0023,2023-07-05,0.21256590110741702,0.14101868551586358,-0.36921855306180956
ROS1-18-0030,2023-08-01,0.7116995274853356,0.5342945760438216,-0.6305084609296646
ROS1-24-0006,2023-08-01,0.16303426517714065,0.08028786213003429,-0.2773965769842018
ROS1-25-0023,2023-08-01,0.37177812162833695,0.18225634862890003,-0.41002897048223175
ROS1-18-0024,2023-08-01,0.3848901181183782,0.2290726529714057,-0.44926412855118253
ROS1-19-0016,2023-08-01,0.43762182237905456,0.2305560575275232,-0.5114462574542783
ROS1-24-0034,2023-08-01,0.22451767393013414,0.14479075792616478,-0.3588551867578422
ROS1-25-0002,2023-08-01,0.25487971571776474,0.1569206272333549,-0.40378645115570233
ROS1-30-0014,2023-08-01,0.43763654696259735,0.29155502748303785,-0.5179034147370993
ROS1-18-0009,2023-08-01,0.7513348150514146,0.5488327936095241,-0.687910958333899
ROS1-24-0023,2023-08-01,0.30522144635218396,0.19263792850289932,-0.43113905345645415
ROS1-13-0005,2023-08-01,0.2654751515293242,0.1753630219557183,-0.4044442651398263
ROS1-18-0030,2023-08-23,0.2917603241264556,0.1444627101326818,-0.38471722663579083
ROS1-19-0037,2023-08-23,0.32524220414508165,0.173790657441217,-0.4050484804806949
ROS1-24-0006,2023-08-23,0.13539438512278387,0.07573819599729886,-0.22727813639761607
ROS1-25-0023,2023-08-23,0.16153476406814757,0.07455669095169208,-0.2793078336803627
ROS1-30-0013,2023-08-23,0.30220643077021636,0.17827840232114672,-0.4056460388901506
ROS1-18-0024,2023-08-23,0.17350045969280656,0.07018336377474489,-0.21165250041800382
ROS1-19-0016,2023-08-23,0.348579801411852,0.19807975790850368,-0.43191732016619444
ROS1-24-0034,2023-08-23,0.25203479590573935,0.17943801667427345,-0.356015519869749
ROS1-25-0002,2023-08-23,0.12263678173521993,0.06251666985544779,-0.23218155744839403
ROS1-30-0014,2023-08-23,0.15919897397569793,0.07391953412146912,-0.24719602913578415
ROS1-18-0009,2023-08-23,0.29201395742263375,0.15241295441551217,-0.3402243511089964
ROS1-24-0023,2023-08-23,0.16602680898308278,0.0899034346230585,-0.2928999959781236
ROS1-07-0018,2023-08-28,0.7602057066592904,0.6178684373269249,-0.6850189457445988
ROS1-18-0030,2023-08-28,0.2568830447384799,0.11888112752633564,-0.3288247980226084
ROS1-24-0006,2023-08-28,0.10178189017738092,0.05919760107538002,-0.2295510704687697
ROS1-18-0024,2023-08-28,0.15536164087801374,0.11274146061229871,-0.20091637315712377
ROS1-19-0016,2023-08-28,0.2714362079762037,0.1893802028063503,-0.3857065245674293
ROS1-24-0034,2023-08-28,0.202924745417552,0.1301992784284894,-0.2881941919367479
ROS1-18-0009,2023-08-28,0.1671414580002008,0.05690770802250917,-0.17734203679725236
ROS1-13-0005,2023-08-28,0.27903705880712826,0.19335235555136715,-0.38795864824661125
ROS1-18-0030,2023-09-19,0.19031147211474608,0.09223656217926428,-0.332296675147803
ROS1-24-0006,2023-09-19,0.1431094826771993,0.06200774822818051,-0.2801362208611486
ROS1-25-0023,2023-09-19,0.18418418310721407,0.08167581258520597,-0.3344508635879536
ROS1-18-0024,2023-09-19,0.1793537664771835,0.07209103837800149,-0.31126485768284956
ROS1-19-0016,2023-09-19,0.22164185213834456,0.10214287488270692,-0.3326393432384993
ROS1-24-0034,2023-09-19,0.20291534818746187,0.09421780676679475,-0.34445729896475136
ROS1-25-0002,2023-09-19,0.15920600959193093,0.06186802017839222,-0.30235420475604285
ROS1-30-0014,2023-09-19,0.1934949650667022,0.0777260381123958,-0.31644050216025915
ROS1-18-0009,2023-09-19,0.19824056755444158,0.08582651631853545,-0.34691356808480095
ROS1-24-0023,2023-09-19,0.18541658409141054,0.08960232766799313,-0.33431628432768606
ROS1-13-0005,2023-09-19,0.2790965803100259,0.09514096193513381,-0.40002348130768467
ROS1-24-0006,2023-10-16,0.057285349856905185,0.03153243060442704,-0.07407447486551295
ROS1-25-0023,2023-10-16,0.0614991921153386,0.0538643866200162,-0.08357888191961967
ROS1-30-0013,2023-10-16,0.14020234120682776,0.11872914053691819,-0.17640824657728196
ROS1-24-0034,2023-10-16,0.123105741758422,0.09124563606685852,-0.21061424484276398
ROS1-25-0002,2023-10-16,0.06324700653616715,0.06129753832749872,-0.11319117316027111
ROS1-30-0014,2023-10-16,0.06702921430538168,0.06347068757926616,-0.11532696820845671
ROS1-13-0005,2023-10-16,0.1347577502924295,0.06419972436049792,-0.23966807428456766
ROS1-29-0008,2023-05-05,0.22751863202562847,0.10028483895659368,-0.3127259790223256
ROS1-22-0006,2023-05-05,0.3146753768802081,0.1537475161103643,-0.34365531593090676
ROS1-29-0008,2023-06-18,0.7669728280852743,0.5105787675838827,-0.7165084393101508
ROS1-22-0006,2023-06-18,0.7611972088213632,0.5241735337912287,-0.6689209672084174
ROS1-22-0006,2023-06-23,0.3468522207398985,0.32980182136879965,-0.33307207296739166
ROS1-22-0006,2023-07-15,0.33232587443760875,0.20308096531545328,-0.4378862794776862
ROS1-29-0008,2023-08-06,0.42557239188450807,0.2050696007543414,-0.4665931960540242
ROS1-22-0006,2023-08-06,0.325748594752246,0.16203334061885938,-0.4151268477512604
ROS1-29-0008,2023-09-24,0.21227286584398086,0.11784378143256924,-0.3665026264226131
ROS1-22-0006,2023-09-24,0.14625856131205145,0.05064275263624769,-0.2290309361274165
ROS1-29-0008,2023-09-29,0.22258340084514253,0.12188070628949232,-0.39473320022397274
ROS1-22-0006,2023-09-29,0.1550917306094739,0.05230754047342407,-0.2074154303466901
ROS1-15-0003,2023-05-05,0.2255278773158404,0.1813425363577723,-0.2203541311202216
ROS1-16-0006,2023-05-05,0.3258078456071419,0.3751340136144085,-0.3052208376608853
ROS1-21-0043,2023-05-05,0.35107477062337233,0.3036725936667082,-0.3554475088206604
ROS1-22-0026,2023-05-05,0.23635216935891445,0.3138325650378656,-0.22234813468999504
ROS1-27-0021,2023-05-05,0.3063441294786693,0.21435065476430615,-0.32653084545999994
ROS1-15-0006,2023-05-05,0.27833190149291887,0.11924193393567323,-0.3327696663101887
ROS1-21-0036,2023-05-05,0.315871054915454,0.4273439195691371,-0.2980903444106742
ROS1-22-0006,2023-05-05,0.30947985168369585,0.15316586489807288,-0.33559591724517635
ROS1-27-0005,2023-05-05,0.43390536194064183,0.31444504746815855,-0.41468203585891356
ROS1-34-0005,2023-05-05,0.6205302897974188,0.43637797663624645,-0.5679761154507423
ROS1-21-0000,2023-05-05,0.25207797379965474,0.19015946540155837,-0.2831003741767012
ROS1-15-0022,2023-05-05,0.49442669725369753,0.32731277991246654,-0.45547912186657113
ROS1-16-0004,2023-05-05,0.4206326046104233,0.20875808019005304,-0.4254817827877748
ROS1-15-0003,2023-06-18,0.7098400845398497,0.49110185458427436,-0.6260041517710878
ROS1-16-0006,2023-06-18,0.8541860117890927,0.653641073607046,-0.781157207488984
ROS1-21-0043,2023-06-18,0.6660090475264696,0.40958513756556036,-0.6490342922269142
ROS1-22-0026,2023-06-18,0.6735684668625361,0.39903507097928587,-0.6097900706878091
ROS1-26-0036,2023-06-18,0.5661330209563954,0.3359435943364637,-0.542659662405671
ROS1-27-0021,2023-06-18,0.7481495111329561,0.5538765684824074,-0.6749648062513187
ROS1-28-0030,2023-06-18,0.4645255223311503,0.21860248206901683,-0.4977911007927433
ROS1-15-0006,2023-06-18,0.8549936160250436,0.7942869811214541,-0.7475173127639709
ROS1-21-0036,2023-06-18,0.4979773434121458,0.28195793926828944,-0.5220762770406175
ROS1-22-0006,2023-06-18,0.7538214948749704,0.5226152238075513,-0.6450687084722169
ROS1-27-0005,2023-06-18,0.6034705444861858,0.3586600774832399,-0.5701989179617725
ROS1-28-0013,2023-06-18,0.5575789872296124,0.2720471651698606,-0.5373147109948975
ROS1-34-0005,2023-06-18,0.393945876918768,0.18666242432208527,-0.4555902521057837
ROS1-21-0000,2023-06-18,0.773352466522919,0.5612775545826881,-0.6729217031011789
ROS1-15-0022,2023-06-18,0.7332473883439143,0.4892115217973385,-0.6504924840993545
ROS1-16-0004,2023-06-18,0.8298073640625376,0.5768271232961842,-0.7598277877482583
ROS1-15-0003,2023-07-15,0.2896194068815023,0.13269938000583165,-0.3534989937400638
ROS1-21-0043,2023-07-15,0.4632575122503837,0.29621234877834945,-0.5325727560813793
ROS1-22-0026,2023-07-15,0.39102875023330225,0.24166554094044204,-0.46298569758617325
ROS1-26-0036,2023-07-15,0.2215918562411281,0.11402227358385134,-0.3423077789284742
ROS1-21-0036,2023-07-15,0.21449606324591006,0.12749750768759002,-0.36444675206586175
ROS1-22-0006,2023-07-15,0.3160570229710345,0.1904041891699958,-0.4301677707867119
ROS1-21-0000,2023-07-15,0.6266828129507063,0.3805167338827094,-0.5664578533861903
ROS1-15-0022,2023-07-15,0.2689839502450082,0.14170174945259975,-0.37492880136547396
ROS1-16-0004,2023-07-15,0.39703761583073743,0.22653440025764587,-0.38759668807407566
ROS1-15-0003,2023-08-06,0.41933190593646735,0.18760290874323146,-0.4885645237364748
ROS1-16-0006,2023-08-06,0.3865415248880704,0.22499425800227266,-0.492917307118975
ROS1-21-0043,2023-08-06,0.2725551983089403,0.1801893885398938,-0.40929762064503306
ROS1-22-0026,2023-08-06,0.23903666269655785,0.07640191171003619,-0.3540451908268106
ROS1-26-0036,2023-08-06,0.18576014112965056,0.09656188924440709,-0.3208157899230116
ROS1-28-0030,2023-08-06,0.20655357206241434,0.1320434441180051,-0.383581018444803
ROS1-15-0006,2023-08-06,0.39628771745002866,0.21454851131699595,-0.501325393257996
ROS1-21-0036,2023-08-06,0.21830521279659773,0.14394132029339463,-0.36364922781237335
ROS1-22-0006,2023-08-06,0.33910963968889435,0.16829574847659962,-0.44589010236583443
ROS1-27-0005,2023-08-06,0.19904679695430796,0.135264847369795,-0.356734136863715
ROS1-28-0013,2023-08-06,0.17807796442246107,0.08940605037339774,-0.33160526902730414
ROS1-21-0000,2023-08-06,0.3428049107994156,0.16033816979338653,-0.4759289367268969
ROS1-15-0022,2023-08-06,0.19493923854714204,0.11917396875096213,-0.34606668484702563
ROS1-16-0004,2023-08-06,0.3271111146117309,0.21892754487736393,-0.4684880541187512
ROS1-15-0003,2023-09-24,0.17193311677739848,0.06388095397272331,-0.19419986771182723
ROS1-16-0006,2023-09-24,0.29093099670797085,0.18324838111094388,-0.39325310223279547
ROS1-21-0043,2023-09-24,0.1411052938307746,0.04636858626318715,-0.2429931166483374
ROS1-22-0026,2023-09-24,0.19421086867029053,0.0758690485973958,-0.23705259061298448
ROS1-26-0036,2023-09-24,0.31670021346197536,0.17314934713636562,-0.37368028136026654
ROS1-27-0021,2023-09-24,0.14300246919732565,0.07612293360865419,-0.26835391939299225
ROS1-28-0030,2023-09-24,0.1837650993366834,0.10504366648693318,-0.31967296023577124
ROS1-32-0015,2023-09-24,0.2512119262669705,0.16287948321145204,-0.33799578195740787
ROS1-34-0003,2023-09-24,0.2510039015311677,0.16697504992401982,-0.3993944998772922
ROS1-21-0036,2023-09-24,0.14111552654665585,0.04391339801425074,-0.22202329181676078
ROS1-22-0006,2023-09-24,0.1515518735510711,0.05169611540352337,-0.2422938824707622
ROS1-27-0005,2023-09-24,0.15112512494929492,0.09565781883276049,-0.26720412742880095
ROS1-28-0013,2023-09-24,0.15624356526912025,0.03960888160417651,-0.22780433807992043
ROS1-34-0005,2023-09-24,0.25730366415101324,0.16954459810689143,-0.36603604016143104
ROS1-21-0000,2023-09-24,0.16167272341249647,0.08456943641937324,-0.29370369675495
ROS1-15-0022,2023-09-24,0.16669156010388864,0.07501992075237279,-0.24615280795924124
ROS1-16-0004,2023-09-24,0.13972934197599612,0.04255310537839541,-0.19019760382316067
ROS1-15-0003,2023-09-29,0.14435562015528214,0.054750562766008766,-0.2093086766723194
ROS1-16-0006,2023-09-29,0.26912997860372134,0.16555085891077786,-0.3843561901307604
ROS1-21-0043,2023-09-29,0.12705391871027263,0.05658493541075729,-0.21363580288211026
ROS1-22-0026,2023-09-29,0.18937608514931817,0.06878096722790192,-0.23766323186025146
ROS1-26-0036,2023-09-29,0.2793696581573172,0.15752468136898068,-0.32133396853241886
ROS1-15-0006,2023-09-29,0.15937260988920982,0.07909206133016214,-0.24781868095840218
ROS1-21-0036,2023-09-29,0.10547793350314763,0.03474956571037815,-0.16635952431654497
ROS1-22-0006,2023-09-29,0.15399579022689647,0.0522570352018562,-0.20064374671107033
ROS1-28-0013,2023-09-29,0.14347498945869866,0.04012001096998835,-0.19527322032125358
ROS1-21-0000,2023-09-29,0.1382385859236568,0.07306189755118225,-0.2644333236217925
ROS1-15-0022,2023-09-29,0.14051097076000169,0.06460654460230725,-0.2173635818584635
ROS1-16-0004,2023-09-29,0.12322973098760069,0.03730284105020589,-0.16958918209020646
ROS1-07-0018,2023-05-05,0.617475869066318,0.32791014367273535,-0.5875892048465118
ROS1-13-0013,2023-05-05,0.631214482923699,0.46373800777202673,-0.5799433291979729
ROS1-19-0037,2023-05-05,0.2886215957721569,0.12062672395153316,-0.3658759516050525
ROS1-07-0005,2023-05-05,0.6287089487813244,0.5270868626353253,-0.5959749690976515
ROS1-08-0022,2023-05-05,0.7324864503449007,0.4521489084056628,-0.6539285830978986
ROS1-13-0005,2023-05-05,0.8679059475908808,0.595222440923375,-0.7660681341722706
ROS1-14-0002,2023-05-05,0.7088486886260321,0.5383029016559892,-0.6308389261920024
ROS1-07-0018,2023-06-18,0.6519982103128051,0.6825111434640656,-0.5722027916739532
ROS1-26-0036,2023-06-18,0.5620123306650568,0.3310761493250881,-0.5313592104123042
ROS1-07-0005,2023-06-18,0.6791823385455822,0.5897052998936763,-0.5762925708416846
ROS1-14-0002,2023-06-18,0.45213926563948714,0.4667995370951281,-0.4398644462404307
ROS1-01-0031,2023-06-23,0.714379531168433,0.6296680775813676,-0.6529643115970539
ROS1-07-0018,2023-06-23,0.4215326407721777,0.20075513277742513,-0.47725202935968913
ROS1-13-0013,2023-06-23,0.435277813153647,0.21075452812946358,-0.502195368225675
ROS1-01-0005,2023-06-23,0.34947379425073133,0.29287722975289593,-0.43679016116793973
ROS1-07-0005,2023-06-23,0.6677330473690963,0.4812974443765162,-0.6173066539667773
ROS1-08-0022,2023-06-23,0.6721888927845625,0.40611410567641504,-0.6508502748716881
ROS1-13-0005,2023-06-23,0.4789474143141345,0.29541022994671706,-0.574831513480782
ROS1-01-0031,2023-07-15,0.2323814156373578,0.16918411182186485,-0.37319837235511183
ROS1-07-0018,2023-07-15,0.30626579828241063,0.13847151563391183,-0.334724743403917
ROS1-13-0013,2023-07-15,0.6467774221565333,0.46832917739605934,-0.5928242345087957
ROS1-07-0005,2023-07-15,0.278246444139326,0.20997334036601412,-0.3795966865265161
ROS1-08-0022,2023-07-15,0.3609271642668013,0.21761685401906486,-0.4629794772993536
ROS1-13-0005,2023-07-15,0.18675973898697912,0.13045607769315887,-0.23405392425586274
ROS1-14-0002,2023-07-15,0.2927871883729436,0.17787266132486312,-0.43375101064740557
ROS1-07-0018,2023-08-06,0.5648795174265152,0.2668422498284778,-0.5601881721569482
ROS1-13-0013,2023-08-06,0.6792657503743209,0.4363698165943394,-0.6488111273655259
ROS1-18-0030,2023-08-06,0.595796677439565,0.34054478044836434,-0.5701924604009477
ROS1-19-0037,2023-08-06,0.7135464429462001,0.5180705925921685,-0.652724073891217
ROS1-26-0036,2023-08-06,0.19017867313026318,0.09805170239659806,-0.3329784101341074
ROS1-19-0016,2023-08-06,0.44118371790935274,0.20077039721733483,-0.5274261094556738
ROS1-18-0009,2023-08-06,0.7142277330802287,0.43429525830109217,-0.66659815332371
ROS1-07-0005,2023-08-06,0.22209867425080868,0.1373638834931343,-0.3555768044266542
ROS1-08-0022,2023-08-06,0.3902464079144884,0.2720532181288126,-0.4997958702269659
ROS1-13-0005,2023-08-06,0.30000337966862073,0.18380864588416013,-0.4592962930769852
ROS1-14-0002,2023-08-06,0.3206796025462388,0.19776500963980748,-0.44839867077300827
ROS1-07-0018,2023-09-24,0.697272707083223,0.5332514747541589,-0.640212585921274
ROS1-13-0013,2023-09-24,0.47904079869059935,0.22529582935251935,-0.4857897945944961
ROS1-18-0030,2023-09-24,0.1494507638249151,0.07360217888962219,-0.24954342621463219
ROS1-19-0037,2023-09-24,0.18034180761991606,0.08412346995066114,-0.2862376183883849
ROS1-26-0036,2023-09-24,0.3136935775865371,0.17301751349015698,-0.36988299631796284
ROS1-32-0015,2023-09-24,0.2532861246267164,0.1536505248444614,-0.342242711639226
ROS1-19-0016,2023-09-24,0.19501709625174204,0.09589477171590878,-0.2739005940453011
ROS1-32-0006,2023-09-24,0.20755520376352532,0.11473833717760197,-0.30195050178786115
ROS1-18-0009,2023-09-24,0.15907875171654695,0.07072923804627351,-0.2606904120319222
ROS1-24-0023,2023-09-24,0.16310133817699432,0.07858903179895654,-0.27633340416677143
ROS1-25-0027,2023-09-24,0.1708951630253476,0.07831568439512249,-0.27172623340786844
ROS1-07-0005,2023-09-24,0.1530287546842379,0.0698923298116168,-0.23494184346577004
ROS1-14-0002,2023-09-24,0.15992719073310266,0.05382976836171438,-0.2385355036246726
ROS1-01-0031,2023-09-29,0.32632107022405216,0.18174104671226748,-0.32019835699090804
ROS1-07-0018,2023-09-29,0.7389021595652467,0.5878399805256305,-0.674270572783094
ROS1-13-0013,2023-09-29,0.45688083174635535,0.20636174636167193,-0.4629452505061169
ROS1-19-0037,2023-09-29,0.15740989596460228,0.06687718359489966,-0.238650935039256
ROS1-07-0005,2023-09-29,0.1604526267506989,0.07432693751882963,-0.2328543876325581
ROS1-08-0022,2023-09-29,0.22422134197324062,0.12856916952725336,-0.3356547045052217
ROS1-13-0005,2023-09-29,0.1773210092291189,0.06618404515481591,-0.245590417975694
ROS1-14-0002,2023-09-29,0.1059300502393175,0.03943646081979425,-0.15934527409427748
ROS1-18-0030,2023-10-21,0.1279772405179832,0.059329668575242175,-0.1879810236582899
ROS1-19-0037,2023-10-21,0.14200198695561683,0.07331218133783834,-0.20989054070835675
ROS1-19-0016,2023-10-21,0.13841928042263094,0.08178372733175289,-0.19807069136466124
ROS1-18-0009,2023-10-21,0.10961335703585584,0.06134003992890078,-0.20459935320628483
ROS1-07-0018,2023-05-05,0.633783903290531,0.33490019254521697,-0.6066528183145377
ROS1-13-0005,2023-05-05,0.869997471168143,0.595009338169899,-0.7678746779598249
ROS1-13-0005,2023-05-27,0.6374140452013319,0.8544727765383576,-0.5782265899756891
ROS1-18-0024,2023-06-18,0.5378441377909885,0.3761139506490745,-0.5255602329420589
ROS1-07-0005,2023-06-18,0.6769091917825188,0.5910007733843026,-0.574070208932937
ROS1-13-0005,2023-06-23,0.47651875997470267,0.29265888516098987,-0.567555801854215
ROS1-07-0005,2023-07-15,0.28074876619882727,0.21177308795925487,-0.3839815488056056
ROS1-13-0005,2023-07-15,0.18646340238382395,0.13259404648233408,-0.23176428445215927
ROS1-07-0018,2023-08-06,0.5709468597890784,0.26607693319817555,-0.5737517088822468
ROS1-18-0030,2023-08-06,0.5927752592366295,0.33830410265090566,-0.568561140827238
ROS1-18-0024,2023-08-06,0.3452816239334991,0.21297308681415764,-0.4723776242470965
ROS1-18-0009,2023-08-06,0.7183303834580421,0.4368273845243567,-0.6693649717242439
ROS1-07-0005,2023-08-06,0.23286346910346722,0.1457234333724042,-0.36493373406544855
ROS1-13-0005,2023-08-06,0.3065310120293283,0.18724225733100575,-0.46371295781174615
ROS1-07-0018,2023-09-24,0.6997459491808781,0.540347716307084,-0.6468230694021538
ROS1-18-0030,2023-09-24,0.15964326140593918,0.07874501639101768,-0.27081014056438785
ROS1-18-0024,2023-09-24,0.1510139867307794,0.05868118551951757,-0.2501833316429804
ROS1-24-0034,2023-09-24,0.17003573901966354,0.04115263220112356,-0.33389106531174756
ROS1-18-0009,2023-09-24,0.16798852549267357,0.07473978636111506,-0.2844830130605988
ROS1-24-0023,2023-09-24,0.17301611630612557,0.08379143563239766,-0.29552467170417923
ROS1-07-0005,2023-09-24,0.16633216113814672,0.07619588848364063,-0.26482344616603515
ROS1-13-0005,2023-09-24,0.19639317011160684,0.07638165814385071,-0.28608388732625845
ROS1-07-0005,2023-09-29,0.1555973786115137,0.07185223836726613,-0.22851681124760967
ROS1-13-0005,2023-09-29,0.1884581013104888,0.07137847775843507,-0.250452484017991
ROS1-18-0030,2023-10-21,0.1261572712462683,0.058265860795237885,-0.1862696028211236
ROS1-18-0024,2023-10-21,0.13560904608551402,0.06957970155778552,-0.20468903092462531
ROS1-24-0034,2023-10-21,0.13188335292277448,0.0714655056750859,-0.24139764749665993
ROS1-18-0009,2023-10-21,0.10856216057758535,0.060436663364130845,-0.20382551270844765
ROS1-22-0026,2023-04-01,0.19985526401423567,0.12386591433169548,-0.28423134334652
ROS1-16-0004,2023-04-01,0.311527849951475,0.134531382454136,-0.40766932687899
ROS1-16-0004,2023-06-06,0.8025441859841594,0.4681420613289471,-0.726806197039884
ROS1-22-0026,2023-06-28,0.4003412202891658,0.23190487903418988,-0.38929094517671814
ROS1-16-0004,2023-06-28,0.7582415435408144,0.5810951940159188,-0.6932155379838576
ROS1-16-0004,2023-07-20,0.5126250381452683,0.300486642318375,-0.56460926310987
ROS1-22-0026,2023-08-16,0.2050788724948581,0.05511014500250079,-0.2403891219852931
ROS1-16-0004,2023-08-16,0.3803796067202936,0.23671117673382663,-0.4661832928567315
ROS1-16-0004,2023-09-12,0.19035626229922648,0.05291339284205477,-0.21364221185176446
ROS1-22-0006,2023-10-04,0.10592042684068709,0.05620663005809205,-0.13061963329453238
ROS1-16-0004,2023-10-04,0.11326132222105281,0.04135165629524886,-0.17417212129073667
ROS1-16-0006,2023-04-01,0.2113082298178838,0.10974100252113686,-0.3188713814936562
ROS1-22-0026,2023-04-01,0.20101697939324464,0.12460441226826414,-0.28647401886299256
ROS1-15-0022,2023-04-01,0.03263805743038349,0.013385761934982924,-0.06400960292106948
ROS1-16-0004,2023-04-01,0.3129812728621266,0.13453089809579907,-0.4090839335568348
ROS1-15-0006,2023-05-15,0.41492626780700326,0.16196842501818295,-0.480586608525193
ROS1-15-0006,2023-06-06,0.7771272370537964,0.5553437390883815,-0.6683224358773198
ROS1-16-0004,2023-06-06,0.8072828260363507,0.4667285751540888,-0.732928265012244
ROS1-16-0006,2023-06-28,0.7041821105691314,0.5867069038730193,-0.6618434641419866
ROS1-15-0006,2023-06-28,0.8482146976045961,0.7428234032670442,-0.758439149725021
ROS1-16-0004,2023-06-28,0.7536838560091488,0.5890716519416561,-0.6918242177766988
ROS1-15-0003,2023-07-20,0.30176262000429993,0.13115124883530377,-0.37896492052938163
ROS1-16-0006,2023-07-20,0.4524228161625813,0.3360544921496918,-0.4871245217122337
ROS1-21-0043,2023-07-20,0.4253452507123217,0.25511837410395,-0.506968616444675
ROS1-22-0026,2023-07-20,0.4496328132164978,0.2633826166049831,-0.4919282205924202
ROS1-21-0036,2023-07-20,0.2137998867655691,0.1198454169623202,-0.3600534933830293
ROS1-14-0002,2023-07-20,0.29911346774090614,0.18128468689381136,-0.44331083598353904
ROS1-15-0022,2023-07-20,0.24887271160249855,0.12911286152674928,-0.3831544255930438
ROS1-16-0004,2023-07-20,0.5152739096994112,0.29986350315416904,-0.571116301639036
ROS1-22-0026,2023-08-16,0.20556810730857603,0.0550843170371028,-0.2416155190885753
ROS1-15-0006,2023-08-16,0.26037001935342485,0.10074445869352829,-0.37703575292162456
ROS1-16-0004,2023-08-16,0.3819656554875299,0.2360531652569161,-0.4687993141713316
ROS1-15-0003,2023-09-07,0.21806904673293992,0.07947755894243007,-0.2839190893156969
ROS1-15-0006,2023-09-07,0.19655090405523923,0.08702626740042685,-0.3133327665895782
ROS1-14-0002,2023-09-07,0.10993562417600172,0.035205837268854345,-0.08606917424351633
ROS1-15-0022,2023-09-07,0.2834254126052323,0.2406679871862383,-0.3318791133021684
ROS1-16-0004,2023-09-07,0.12036061799560692,0.03713357844667638,-0.11360387396646446
ROS1-15-0003,2023-10-04,0.12485487397180994,0.04636820919897713,-0.1851658977400898
ROS1-21-0043,2023-10-04,0.10666806552659579,0.04070616066035835,-0.20284755481705927
ROS1-15-0006,2023-10-04,0.15191752358424293,0.08760733951369154,-0.2396931925151051
ROS1-21-0036,2023-10-04,0.12069056533572775,0.04333356393981496,-0.18432437869593032
ROS1-15-0022,2023-10-04,0.14897711591123314,0.06370878389799266,-0.2339415663164124
ROS1-16-0004,2023-10-04,0.12777031237879297,0.04766520816795817,-0.1632329555227579
ROS1-15-0006,2023-10-09,0.19560148258910834,0.07638310429245788,-0.2983946743223593
ROS1-07-0018,2023-04-01,0.276568291944038,0.06377030501162516,-0.38081833450283914
ROS1-01-0005,2023-04-01,0.47540849328535373,0.16995776563565343,-0.5339407542615381
ROS1-07-0005,2023-04-01,0.6559142619524603,0.4382244138078226,-0.6553161324181214
ROS1-01-0031,2023-05-15,0.7006333036460691,0.4173106852898897,-0.6513207384274541
ROS1-01-0005,2023-05-15,0.8804886293085619,0.6283312526723203,-0.8009913084486204
ROS1-07-0005,2023-05-15,0.6697900479530573,0.5480012758278056,-0.6552287368277099
ROS1-08-0022,2023-05-15,0.8329601302046128,0.557952659596493,-0.7630570802957618
ROS1-01-0031,2023-06-06,0.7301427190550543,0.5669111660314331,-0.6598173177094079
ROS1-01-0005,2023-06-06,0.7177503600526762,0.49376366496608126,-0.6581806789040889
ROS1-07-0005,2023-06-06,0.8307725703762944,0.6843029027255897,-0.7189018735660495
ROS1-08-0022,2023-06-06,0.6954570954603233,0.42652833059379497,-0.6042807076836572
ROS1-01-0031,2023-06-28,0.4226163931239949,0.34046502512958043,-0.4560140195894907
ROS1-07-0018,2023-06-28,0.324347409479997,0.16997444627225192,-0.36737210017202654
ROS1-01-0005,2023-06-28,0.40474128119096736,0.2602585588540677,-0.5085443490024152
ROS1-01-0031,2023-07-20,0.21164307352898354,0.11775924787022773,-0.3500503430321099
ROS1-07-0018,2023-07-20,0.27317537309326456,0.09478621546614735,-0.34819841724323486
ROS1-13-0013,2023-07-20,0.7142809524895204,0.4963209273847036,-0.648404736168014
ROS1-01-0005,2023-07-20,0.30341910711966646,0.2002826522042897,-0.4240417165808335
ROS1-07-0005,2023-07-20,0.2715623405673286,0.2035582183233942,-0.35190341187307234
ROS1-08-0022,2023-07-20,0.36017442589442084,0.205129814379551,-0.4699854657099488
ROS1-14-0002,2023-07-20,0.29971150715786965,0.18103887361785645,-0.4469295722992812
ROS1-01-0031,2023-07-25,0.22511454356080532,0.11671381190362591,-0.3568000679364456
ROS1-01-0005,2023-07-25,0.3073167311502648,0.19626288963847388,-0.43320663123342645
ROS1-01-0031,2023-08-16,0.3430002302005652,0.21047839699247242,-0.4141652844015153
ROS1-07-0018,2023-08-16,0.5101660090495417,0.2851502413545542,-0.5133271752236388
ROS1-01-0005,2023-08-16,0.2379764675624917,0.11238875017448441,-0.33535619488946616
ROS1-07-0005,2023-08-16,0.13624233490841817,0.05817791317325002,-0.23509972745282584
ROS1-08-0022,2023-08-16,0.5331261275905073,0.37426372535830316,-0.555975566104856
ROS1-01-0031,2023-09-07,0.1678211395668477,0.025655402645238762,-0.007913391105823711
ROS1-07-0018,2023-09-07,0.5890692203553416,0.5753397112181086,-0.5366378416315509
ROS1-01-0005,2023-09-07,0.2082486696065405,0.11087817659029507,-0.3130537766783971
ROS1-07-0005,2023-09-07,0.1526516611153071,0.09814280978060412,-0.19655929986077225
ROS1-08-0022,2023-09-07,0.2908710704756353,0.16115824998394704,-0.35266694308213453
ROS1-01-0031,2023-10-04,0.3124817419042678,0.18344136787085533,-0.29595295605884525
ROS1-07-0018,2023-10-04,0.6601253075713897,0.5003560362913748,-0.6043673672085274
ROS1-13-0013,2023-10-04,0.39808024999027913,0.19220675711334262,-0.41306205889559755
ROS1-01-0005,2023-10-04,0.15364064070069305,0.07632755390100181,-0.23316878894378198
ROS1-07-0005,2023-10-04,0.1457089826685414,0.06169909976709493,-0.19678625378856016
ROS1-08-0022,2023-10-04,0.22303312882407758,0.12783466744189736,-0.31984266397089856
ROS1-01-0031,2023-10-09,0.4093115841168163,0.22648103253920196,-0.37273046709543656
ROS1-01-0005,2023-10-09,0.14947728509076427,0.056463191713075095,-0.2174626907689128
ROS1-01-0005,2023-05-20,0.8593387279077365,0.6186582748567678,-0.776366523045293
ROS1-01-0031,2023-07-03,0.2752980975691571,0.13422642159836487,-0.35262042869939547
ROS1-01-0005,2023-07-03,0.33345991544201103,0.15902636262806416,-0.4540727238803657
ROS1-01-0031,2023-08-21,0.40890855685921174,0.2586726445680238,-0.4703238940005622
ROS1-01-0005,2023-08-21,0.19653005758514816,0.09289220707445721,-0.304696473152764
ROS1-01-0005,2023-09-17,0.2327884058761737,0.10188822015884705,-0.3818623498862875
ROS1-49-0003,2023-06-09,0.5841904407281358,0.3808006990472873,-0.5665279994531733
ROS1-43-0016,2023-06-09,0.6094179194199991,0.4695744703152202,-0.5669602880310958
ROS1-49-0003,2023-06-25,0.506679028618103,0.33476541142241906,-0.5885154708916395
ROS1-43-0016,2023-06-25,0.7638275444181074,0.6404881860576768,-0.6535039632943812
ROS1-49-0003,2023-07-11,0.4001066213082904,0.2738860951260982,-0.48092138269485385
ROS1-49-0003,2023-07-27,0.36373184731714475,0.21950388613391605,-0.48182398096258383
ROS1-43-0016,2023-07-27,0.23249588616695052,0.15836962730244997,-0.38325333678239326
ROS1-49-0012,2023-07-27,0.34700669656570193,0.18330679301733946,-0.44275265684433585
ROS1-49-0003,2023-09-29,0.29626711713911685,0.17179424863527984,-0.42857916913878313
ROS1-43-0016,2023-09-29,0.33522419117064034,0.2108598920997402,-0.41831988695081246
ROS1-49-0012,2023-09-29,0.34239855221567184,0.21534060614036205,-0.4477011207900437
ROS1-49-0003,2023-10-15,0.23330896167912066,0.11032658529962548,-0.38287577140673057
ROS1-43-0016,2023-10-15,0.22736264922375993,0.13096860926359236,-0.37720358794693937
ROS1-49-0012,2023-10-15,0.31960427507064126,0.1879582834270035,-0.4449146996138603
ROS1-42-0000,2023-05-24,0.7111714963551076,0.48676189148864546,-0.6714809186667853
ROS1-42-0016,2023-05-24,0.7874975523395552,0.4955133256289985,-0.7073908943533712
ROS1-42-0000,2023-06-09,0.5835269304059074,0.35841934324880753,-0.5889960144117327
ROS1-42-0016,2023-06-09,0.5128877845732358,0.26440582677043334,-0.5443551112731191
ROS1-43-0016,2023-06-09,0.6112660266159945,0.4706710216347119,-0.568384904727696
ROS1-42-0000,2023-06-25,0.32768321352814106,0.17050839040278803,-0.4436297987261977
ROS1-42-0016,2023-06-25,0.30384334169584004,0.1569276137478046,-0.43273375270307735
ROS1-43-0016,2023-06-25,0.7583701889148966,0.6319442487267327,-0.6504887455557923
ROS1-42-0000,2023-07-11,0.27902472439841974,0.16913248198312716,-0.39548762395607295
ROS1-42-0016,2023-07-11,0.2409840634941204,0.1824151633009434,-0.34287714237253
ROS1-42-0000,2023-07-27,0.2840980972745506,0.17318650135889277,-0.4033575751879466
ROS1-42-0016,2023-07-27,0.4090605173237096,0.27096894461596915,-0.4838334368720226
ROS1-43-0016,2023-07-27,0.23401802284276105,0.15905978376341928,-0.38506249659358205
ROS1-42-0000,2023-08-28,0.19551443184561795,0.09940373199540904,-0.3277582646347105
ROS1-42-0016,2023-08-28,0.30101974830127676,0.21708419335423298,-0.43994311479128206
ROS1-42-0000,2023-09-13,0.20092637557968188,0.10864965381918873,-0.33527358373042704
ROS1-42-0016,2023-09-13,0.3945250989882891,0.1975733334421617,-0.6950611870997143
ROS1-42-0000,2023-09-29,0.1864499163263295,0.087328871743971,-0.3236739259562446
ROS1-42-0016,2023-09-29,0.2821001893544639,0.20179693366589388,-0.42109910730476036
ROS1-43-0016,2023-09-29,0.33468307528450786,0.21071385009544277,-0.417394216638011
ROS1-42-0000,2023-10-15,0.18555409328350797,0.08692577706471559,-0.32435651611754635
ROS1-42-0016,2023-10-15,0.18420859585825997,0.08259944814998949,-0.33682681062781455
ROS1-43-0016,2023-10-15,0.22799566004868344,0.13155097869635818,-0.3772247633689629
ROS1-33-0008,2023-05-15,0.9159555870422806,0.8245614763643203,-0.8199526442144193
ROS1-37-0012,2023-04-29,0.8126886022309783,0.6150987773789982,-0.7315042786513004
ROS1-31-0021,2023-04-29,0.5888210527490378,0.36665457095500154,-0.5744385039244995
ROS1-37-0019,2023-04-29,0.5551353858312458,0.3693505666061459,-0.5641618316977313
ROS1-38-0007,2023-04-29,0.34218673448199044,0.2050813162728286,-0.3858165347194635
ROS1-31-0028,2023-05-15,0.8426252000951451,0.6142328659705198,-0.7608680976931702
ROS1-37-0012,2023-05-15,0.8311177581441405,0.5886819781772655,-0.751177782374354
ROS1-38-0001,2023-05-15,0.7999987376281128,0.5501661492500445,-0.720627078346151
ROS1-43-0006,2023-05-15,0.7391073877707565,0.4610600958839522,-0.680774825275842
ROS1-49-0003,2023-05-15,0.7676693488072766,0.5408081826754738,-0.7064635895264931
ROS1-31-0021,2023-05-15,0.7704505064656829,0.5017349893618596,-0.6980744253444676
ROS1-36-0005,2023-05-15,0.6322102319409887,0.35487717024248394,-0.6196934431682218
ROS1-37-0019,2023-05-15,0.6377694363646567,0.4471034748652979,-0.6452485050507659
ROS1-38-0007,2023-05-15,0.43702218689207545,0.2696391011066893,-0.4675564115751004
ROS1-43-0016,2023-05-15,0.20827609090590457,0.11752063490318125,-0.3554319484647534
ROS1-49-0012,2023-05-15,0.7174965623152133,0.44645048043156743,-0.6830253637318983
ROS1-31-0028,2023-05-31,0.8185246089628013,0.5950411035801447,-0.7486969745133627
ROS1-37-0012,2023-05-31,0.7506589052520705,0.44780654166626255,-0.698326973760982
ROS1-38-0001,2023-05-31,0.8022533705029399,0.5184052715472571,-0.7273624874598913
ROS1-49-0003,2023-05-31,0.7135496774292871,0.5513486351586174,-0.665266747471118
ROS1-31-0021,2023-05-31,0.820046186019814,0.6710921371806123,-0.744036903921739
ROS1-36-0005,2023-05-31,0.4586174648701788,0.3764834169941425,-0.4728359647877658
ROS1-37-0019,2023-05-31,0.6372301632823097,0.40499654948696523,-0.6467270736754946
ROS1-38-0007,2023-05-31,0.6994345034299265,0.4177271187373569,-0.6427817645540101
ROS1-43-0016,2023-05-31,0.34637032800159234,0.22551021613306885,-0.43060669371352145
ROS1-49-0012,2023-05-31,0.7286056819171881,0.36370317653961903,-0.6850998056511639
ROS1-38-0001,2023-06-16,0.3609168544588147,0.28330748977244247,-0.39915828067314224
ROS1-43-0006,2023-06-16,0.3902504812828874,0.15036559273748537,-0.47871832762314465
ROS1-49-0003,2023-06-16,0.5853107749643711,0.37370371336395336,-0.5748169338656263
ROS1-31-0021,2023-06-16,0.6251310060291511,0.48508448774633167,-0.5650936531283648
ROS1-37-0019,2023-06-16,0.4562452821423221,0.30676086876449893,-0.4963815119912042
ROS1-38-0007,2023-06-16,0.6322633249367557,0.42880057835564456,-0.6123252635308286
ROS1-31-0028,2023-07-02,0.24272444462973763,0.12309628911686082,-0.3831340342836125
ROS1-38-0001,2023-07-02,0.23804982528438434,0.14491414340312103,-0.37905617807566666
ROS1-31-0021,2023-07-02,0.3219927455724865,0.19181822150038155,-0.4602656679772473
ROS1-36-0005,2023-07-02,0.3043452876893966,0.14381559011989067,-0.4285465785382455
ROS1-38-0007,2023-07-02,0.5936177322451912,0.3954474636252129,-0.6092241163350456
ROS1-43-0016,2023-07-02,0.7570600204644946,0.59611810798244,-0.6357017517859805
ROS1-38-0001,2023-07-18,0.2949866431328848,0.18576921273519098,-0.41578914625784186
ROS1-43-0006,2023-07-18,0.30384337207473255,0.19656657964752725,-0.4149168284067783
ROS1-49-0003,2023-07-18,0.45903051042394516,0.2964303528328887,-0.5414113611522953
ROS1-31-0021,2023-07-18,0.1955808748595794,0.1276081672510817,-0.2959172101679281
ROS1-36-0005,2023-07-18,0.4325736913578838,0.2497083354468446,-0.4819646198433452
ROS1-38-0007,2023-07-18,0.574919912870189,0.36652929668728595,-0.5966919850235918
ROS1-37-0012,2023-08-03,0.2996828460517304,0.21963641156043695,-0.4181666564779013
ROS1-38-0001,2023-08-03,0.2748170677391106,0.18355485288233808,-0.4022419377127589
ROS1-43-0006,2023-08-03,0.2722870565128837,0.1974463375534385,-0.3930404746209657
ROS1-31-0021,2023-08-03,0.1901997008578755,0.09485553335414736,-0.3170665180722968
ROS1-37-0019,2023-08-03,0.28154324583661,0.195141250892464,-0.40472071622196454
ROS1-38-0007,2023-08-03,0.5142952205610051,0.32095854766706255,-0.5697129735060855
ROS1-31-0028,2023-08-19,0.19019513386124787,0.13578327795022666,-0.32867467811363743
ROS1-37-0012,2023-08-19,0.30737365909813436,0.2137773276750168,-0.42865407747084683
ROS1-38-0001,2023-08-19,0.31290621107591843,0.20344182107555267,-0.42276631210756677
ROS1-43-0006,2023-08-19,0.3207245217812986,0.20685012583732953,-0.4226404087662703
ROS1-49-0003,2023-08-19,0.3095970950467798,0.18734160373191552,-0.46501572743604735
ROS1-31-0021,2023-08-19,0.18634216297179676,0.09411824257220891,-0.32057400374796624
ROS1-36-0005,2023-08-19,0.28343820191469843,0.19588934775206737,-0.42356286388946124
ROS1-37-0019,2023-08-19,0.2797205283749135,0.18999971521710238,-0.40124335149239954
ROS1-38-0007,2023-08-19,0.4921259876459368,0.29326797942000665,-0.5498685099373912
ROS1-43-0016,2023-08-19,0.2198291053647586,0.13669683007465883,-0.37312511350226796
ROS1-49-0012,2023-08-19,0.3198023658942434,0.20344682082857818,-0.4494175149386785
ROS1-31-0028,2023-09-20,0.19493470587939055,0.12871958206099562,-0.33815601765887054
ROS1-37-0012,2023-09-20,0.29310245367763493,0.16387748900567292,-0.4096279844928392
ROS1-38-0001,2023-09-20,0.35940498160385215,0.22212119385349752,-0.45826775345840975
ROS1-43-0006,2023-09-20,0.36409655547501163,0.22439072095287432,-0.46393911896588513
ROS1-49-0003,2023-09-20,0.27169155135693207,0.1473597860286764,-0.4213622661443292
ROS1-31-0021,2023-09-20,0.200915345219365,0.09429455043203129,-0.33014432369990665
ROS1-36-0005,2023-09-20,0.30079175734889474,0.18990365967358575,-0.4257836605277079
ROS1-37-0019,2023-09-20,0.29035181147772865,0.1827534204631016,-0.4018530276175745
ROS1-38-0007,2023-09-20,0.4291838630039111,0.23694326176999106,-0.5170215599261044
ROS1-43-0016,2023-09-20,0.2397522842523683,0.13944046080701852,-0.3704268954281647
ROS1-49-0012,2023-09-20,0.2831184104837951,0.16863427963098127,-0.4093402315759348
ROS1-31-0028,2023-10-06,0.2129126682533247,0.13598391837312465,-0.35548142634541524
ROS1-37-0012,2023-10-06,0.2663902290783177,0.12512209044719586,-0.38079368785120504
ROS1-43-0006,2023-10-06,0.35574704295439374,0.22006726158616105,-0.47982559406126807
ROS1-49-0003,2023-10-06,0.3073890233564927,0.17422793950315485,-0.44224837189514576
ROS1-31-0021,2023-10-06,0.18766436490294378,0.08916275401140623,-0.3120009940148548
ROS1-36-0005,2023-10-06,0.2882185672243337,0.17690573559842682,-0.4233359020409667
ROS1-37-0019,2023-10-06,0.3023084815344562,0.18533457534577585,-0.4104904442388023
ROS1-38-0007,2023-10-06,0.32022580921682026,0.21016284482185182,-0.42665880187307
ROS1-43-0016,2023-10-06,0.3823247001846195,0.21847764109570336,-0.44145178586811773
ROS1-49-0012,2023-10-06,0.34090283025260043,0.20476135978094928,-0.45782957483477893
ROS1-37-0012,2023-10-22,0.2613087079231058,0.1402514018712435,-0.39077520236674906
ROS1-38-0001,2023-10-22,0.30978503752212144,0.19207023097757778,-0.440379079676365
ROS1-43-0006,2023-10-22,0.21071825925730758,0.08493106700412857,-0.3518534420267349
ROS1-49-0003,2023-10-22,0.19931311826478887,0.0847377936232015,-0.36314154802466053
ROS1-37-0019,2023-10-22,0.28015189633984655,0.17483859012411493,-0.3891522039952525
ROS1-38-0007,2023-10-22,0.25281806016329006,0.10359903759673428,-0.3764922545469251
ROS1-43-0016,2023-10-22,0.2111834589139551,0.11948132705462203,-0.3678248148384017
ROS1-49-0012,2023-10-22,0.22549338528356294,0.09525312502090996,-0.3802944125003787
ROS1-24-0006,2023-04-29,0.8375532510456846,0.7149976779716972,-0.7291074262998414
ROS1-25-0023,2023-04-29,0.3393947410338455,0.20544967426621502,-0.3790645061927805
ROS1-30-0013,2023-04-29,0.7884284435642521,0.6496196239038057,-0.6960544867297201
ROS1-25-0002,2023-04-29,0.8284656283266596,0.706959680227409,-0.7102974204588047
ROS1-30-0014,2023-04-29,0.8545120591958564,0.7296540974582624,-0.767937211396
ROS1-31-0021,2023-04-29,0.5914852085800126,0.3675014983660706,-0.5769804039679087
ROS1-37-0019,2023-04-29,0.5539890637395993,0.36778745330576645,-0.563757656718301
ROS1-36-0019,2023-05-15,0.7554871620822905,0.49732270371673715,-0.7085152690037845
ROS1-24-0006,2023-05-15,0.884101083853247,0.7765420107856896,-0.7790451547214514
ROS1-25-0023,2023-05-15,0.24075375786807252,0.11995199328291027,-0.3435850955822139
ROS1-30-0013,2023-05-15,0.7628306874162349,0.5696470305467629,-0.6786723283924033
ROS1-31-0028,2023-05-15,0.8426745042583186,0.6162432551776935,-0.7612020198337931
ROS1-36-0014,2023-05-15,0.8254506557422097,0.545729894849434,-0.7426411985721136
ROS1-42-0000,2023-05-15,0.7300175603258223,0.5142371703481896,-0.7025835631243305
ROS1-25-0002,2023-05-15,0.8229852663416977,0.6015192979045189,-0.7147871275161037
ROS1-30-0014,2023-05-15,0.9059047077478213,0.7536366385822069,-0.816876148358728
ROS1-31-0021,2023-05-15,0.7693825823753203,0.5015450954847105,-0.6982573525058074
ROS1-36-0005,2023-05-15,0.6316653779422934,0.3529373940206993,-0.6213064821983859
ROS1-37-0019,2023-05-15,0.6356535768992725,0.444508107816854,-0.6450814813104586
ROS1-42-0016,2023-05-15,0.8210110021690737,0.528702312855034,-0.7447149029501546
ROS1-36-0019,2023-05-31,0.6783244276260163,0.4104366548356115,-0.6515092143775633
ROS1-30-0013,2023-05-31,0.7584408784676595,0.5281532605571481,-0.6841911345061839
ROS1-31-0028,2023-05-31,0.8263882708640194,0.5964954272477715,-0.7554199939887771
ROS1-36-0014,2023-05-31,0.7873227396286356,0.49390036980780455,-0.7083215721539637
ROS1-42-0000,2023-05-31,0.6914186730160183,0.41707642018515634,-0.6773015778465317
ROS1-30-0014,2023-05-31,0.8544916890857489,0.6947145583766026,-0.7444083653033062
ROS1-31-0021,2023-05-31,0.821684787115293,0.6501137394463066,-0.7505190321914869
ROS1-36-0005,2023-05-31,0.5309262889365314,0.34421820340218306,-0.5388018475084464
ROS1-37-0019,2023-05-31,0.635365990641694,0.4048511398537052,-0.6454369408652166
ROS1-42-0016,2023-05-31,0.7305879077125618,0.398899834475393,-0.6807124522454454
ROS1-36-0014,2023-06-16,0.4583550144466701,0.2792972147756421,-0.4977242538249744
ROS1-30-0014,2023-06-16,0.3955233989224309,0.2784354807320551,-0.5024659184083803
ROS1-31-0021,2023-06-16,0.625577102888375,0.48559352489501134,-0.5649764956908053
ROS1-37-0019,2023-06-16,0.4510376918549636,0.31336268177383714,-0.4965407096414386
ROS1-30-0013,2023-07-02,0.7222917317824424,0.5495686126010454,-0.6575994576701252
ROS1-31-0028,2023-07-02,0.2420543534233914,0.12281101372242563,-0.38366995767256723
ROS1-36-0014,2023-07-02,0.23566878702785532,0.10130073091344813,-0.35298244966713
ROS1-42-0000,2023-07-02,0.26010762328496734,0.14135913931579366,-0.3915710600782115
ROS1-30-0014,2023-07-02,0.25956227071540733,0.17928596640871336,-0.39710059183782326
ROS1-31-0021,2023-07-02,0.3215704884306933,0.1917089427528333,-0.46089458367373287
ROS1-36-0005,2023-07-02,0.30418353969858564,0.14376505247673815,-0.42964085022514986
ROS1-42-0016,2023-07-02,0.26020418481404334,0.11478536048399521,-0.39399477235288466
ROS1-30-0014,2023-07-18,0.3183207240566059,0.23197862988892448,-0.4332792346154405
ROS1-31-0021,2023-07-18,0.19622627163015466,0.12782529389321648,-0.29716339207370135
ROS1-36-0014,2023-08-03,0.274148024493346,0.20932077407232647,-0.38981733402903157
ROS1-31-0021,2023-08-03,0.19419404791410283,0.09626471965881783,-0.3205577504351954
ROS1-37-0019,2023-08-03,0.2852749114474097,0.19684401704543594,-0.40793516695858895
ROS1-36-0019,2023-08-19,0.20852667292750354,0.15289615525823677,-0.35051453022141643
ROS1-30-0013,2023-08-19,0.35600858488815695,0.2200935983538178,-0.46962959933971116
ROS1-31-0028,2023-08-19,0.19059747847572797,0.13602914666467747,-0.32944230310663813
ROS1-36-0014,2023-08-19,0.24098920855797654,0.18350487170268961,-0.3750178792148914
ROS1-42-0000,2023-08-19,0.2672336485436168,0.18524703140784501,-0.41125479895761424
ROS1-30-0014,2023-08-19,0.26598271014846553,0.15084635120230094,-0.3851706024998992
ROS1-31-0021,2023-08-19,0.18665637588637315,0.09426509060814213,-0.32136103874501554
ROS1-36-0005,2023-08-19,0.2838170579371847,0.19600057376039903,-0.42447975302277474
ROS1-37-0019,2023-08-19,0.28010366559384964,0.1900286609541762,-0.4022036762275548
ROS1-42-0016,2023-08-19,0.3034768289366335,0.21530034842434811,-0.44087197490189567
ROS1-36-0019,2023-09-20,0.22397693860484402,0.17158666527331534,-0.35954415043524773
ROS1-30-0013,2023-09-20,0.33210563084416633,0.18830818447662415,-0.44283451548948743
ROS1-31-0028,2023-09-20,0.19544792580237258,0.12886316285974764,-0.33861333765900936
ROS1-36-0014,2023-09-20,0.18941494554464133,0.13312369001032004,-0.31896136043810097
ROS1-42-0000,2023-09-20,0.19021209311040477,0.08258950006749034,-0.33200669937536537
ROS1-30-0014,2023-09-20,0.21480404251995378,0.09899988311949634,-0.33086222521970776
ROS1-31-0021,2023-09-20,0.20153865234462032,0.09444073744920689,-0.3306884247102541
ROS1-36-0005,2023-09-20,0.30145309564977363,0.19026405560626833,-0.4262266990147837
ROS1-37-0019,2023-09-20,0.29082455124389167,0.1828690918739235,-0.40211695000414444
ROS1-42-0016,2023-09-20,0.2763692516248107,0.1919028226455487,-0.41954244503009797
ROS1-36-0019,2023-10-06,0.2320110059126867,0.166592637187022,-0.3686958017050172
ROS1-30-0013,2023-10-06,0.27720777296001187,0.16600797043249585,-0.39005604084530865
ROS1-31-0028,2023-10-06,0.21342817440861697,0.13629478109550255,-0.35668832023634517
ROS1-36-0014,2023-10-06,0.18161332264533378,0.0741758850090856,-0.3033484242304375
ROS1-42-0000,2023-10-06,0.18550332903338557,0.08334519005493558,-0.321913131757353
ROS1-31-0021,2023-10-06,0.18750419648637048,0.0892438888921797,-0.31201105126093787
ROS1-36-0005,2023-10-06,0.2866666752103259,0.17699766830232144,-0.4206609338487179
ROS1-37-0019,2023-10-06,0.30248570369727235,0.18555249753695044,-0.4111469141724413
ROS1-42-0016,2023-10-06,0.2062472549381286,0.08621470727119626,-0.3475264244850861
ROS1-37-0019,2023-10-22,0.27950532823938107,0.1747650497876293,-0.3898940207482012
ROS1-42-0016,2023-10-22,0.18678188488201788,0.0829493402171804,-0.3250252694980432
ROS1-26-0036,2023-04-04,0.5906348921937528,0.29866778883954787,-0.5497386261141124
ROS1-27-0021,2023-04-04,0.22715368705397393,0.1181706029791611,-0.35288028873622806
ROS1-33-0009,2023-04-04,0.6646638134853169,0.3874981276842472,-0.6386324843731557
ROS1-27-0005,2023-04-04,0.25418220610334463,0.11635345906209227,-0.3302951115600715
ROS1-34-0005,2023-04-04,0.5675740623546605,0.3696771426739959,-0.5628363965279956
ROS1-33-0010,2023-05-06,0.5809584683084739,0.25851248053192444,-0.5421738729517812
ROS1-26-0036,2023-05-06,0.6109213088685256,0.3633060762563351,-0.585592764551583
ROS1-27-0021,2023-05-06,0.4112295997960325,0.236369352775478,-0.4538856299562344
ROS1-33-0009,2023-05-06,0.8059954944467894,0.49008510150654355,-0.7310856270188294
ROS1-34-0003,2023-05-06,0.6829356709636083,0.3581890715511793,-0.6350907838160227
ROS1-27-0005,2023-05-06,0.3652096528678493,0.2838671118512713,-0.3448542574414565
ROS1-28-0013,2023-05-06,0.7043504289918632,0.36962966433093664,-0.6350875081389671
ROS1-34-0005,2023-05-06,0.7009499546481972,0.37354408589881183,-0.6440672529052145
ROS1-27-0021,2023-06-07,0.7646109654738878,0.49306599809211604,-0.684843781518731
ROS1-28-0030,2023-06-07,0.5208383405232151,0.4424660682864823,-0.5114657938422248
ROS1-34-0003,2023-06-07,0.5500683841233417,0.2594402008246075,-0.5425619437574514
ROS1-27-0005,2023-06-07,0.6720705305760251,0.39022628638437834,-0.6155041407575771
ROS1-33-0008,2023-06-07,0.6958274779691753,0.4941375308962788,-0.6877536078306749
ROS1-34-0005,2023-06-07,0.6000006562908261,0.2838178685820918,-0.5667573407684574
ROS1-33-0009,2023-06-23,0.29146850008889746,0.17249401359855077,-0.39624393843761935
ROS1-28-0013,2023-06-23,0.4609939697062643,0.22774527623582239,-0.4839440067668551
ROS1-34-0005,2023-06-23,0.32584592745563706,0.16784584951760415,-0.4577488122236473
ROS1-33-0010,2023-07-09,0.2124942415724384,0.09711297432901658,-0.32368689293625325
ROS1-26-0036,2023-07-09,0.3696456446121511,0.20189637856678677,-0.5085422645800618
ROS1-27-0021,2023-07-09,0.28410385233561336,0.17658859652369266,-0.3951428259810157
ROS1-33-0009,2023-07-09,0.19226093835988195,0.15622607997907406,-0.32900379020377246
ROS1-34-0003,2023-07-09,0.21336663784242704,0.16285556439099821,-0.3459221972111245
ROS1-28-0013,2023-07-09,0.3387889194837678,0.1622939676721516,-0.44819293175794755
ROS1-33-0008,2023-07-09,0.29046308978525,0.22849106456501309,-0.367368015087694
ROS1-34-0005,2023-07-09,0.21355271989829433,0.1427507655140053,-0.3394119097063577
ROS1-27-0021,2023-07-25,0.298653674521004,0.1876939001686531,-0.45854653407880047
ROS1-33-0009,2023-07-25,0.18934420994146356,0.16621132810859876,-0.2878993310116477
ROS1-28-0013,2023-07-25,0.2164767168472945,0.11701185321876878,-0.34477116334202906
ROS1-33-0010,2023-08-10,0.2106052572819977,0.09378657596500768,-0.2785908104307123
ROS1-33-0008,2023-08-10,0.30153118017974107,0.17269989325754984,-0.38301626492825813
ROS1-33-0010,2023-08-26,0.18019269262295332,0.07087827422230351,-0.3069582834650093
ROS1-26-0036,2023-08-26,0.2518410817322119,0.13966661522680932,-0.35750744753550784
ROS1-27-0021,2023-08-26,0.20141855970735137,0.11215015313072293,-0.3496709876406742
ROS1-28-0030,2023-08-26,0.20967592601303567,0.14170757460161557,-0.3515768071281225
ROS1-33-0009,2023-08-26,0.23380187024118523,0.15933634912626202,-0.3713910400281234
ROS1-34-0003,2023-08-26,0.27038844115731386,0.17940729808045738,-0.3991209941670022
ROS1-27-0005,2023-08-26,0.20625667320915797,0.14171124385815193,-0.3415404378031082
ROS1-28-0013,2023-08-26,0.22568112378492314,0.11988371700842151,-0.34582689280197904
ROS1-33-0008,2023-08-26,0.310732192868789,0.17985429269768285,-0.42246451317036127
ROS1-34-0005,2023-08-26,0.21693358157483258,0.14986754980580444,-0.34092424182359715
ROS1-33-0010,2023-09-11,0.17821491135698275,0.06463642139660955,-0.28872710100698873
ROS1-27-0021,2023-09-11,0.20818346498491794,0.1185123993622525,-0.35062488962489713
ROS1-28-0030,2023-09-11,0.22064222499013944,0.13755743034385684,-0.35702808321772866
ROS1-33-0009,2023-09-11,0.23080633945642326,0.1542777154075804,-0.36496825973182145
ROS1-34-0003,2023-09-11,0.47725229643213146,0.18315994613518052,-0.8603889416725541
ROS1-27-0005,2023-09-11,0.2097571049768929,0.1415884823494108,-0.33842654491579194
ROS1-33-0008,2023-09-11,0.30067862152632974,0.15944272445820432,-0.387100947698677
ROS1-34-0005,2023-09-11,0.2723528448509941,0.19007848907320024,-0.38881475651585407
ROS1-33-0010,2023-09-27,0.17739912929517407,0.06637436444463829,-0.3015080973808791
ROS1-26-0036,2023-09-27,0.3634229555626713,0.20354321366039493,-0.43211271585069994
ROS1-27-0021,2023-09-27,0.19204290944420332,0.0976108899281265,-0.3384366359829009
ROS1-28-0030,2023-09-27,0.20446099139771814,0.12692137704843537,-0.348937472790149
ROS1-33-0009,2023-09-27,0.20526273116642058,0.13371416738015862,-0.34480532487564075
ROS1-34-0003,2023-09-27,0.23115074634719265,0.09997912883508117,-0.36526235577393723
ROS1-27-0005,2023-09-27,0.19136554248859253,0.11622643724023833,-0.3275790543485946
ROS1-28-0013,2023-09-27,0.20822085158196876,0.06286904171369578,-0.32351208399453696
ROS1-33-0008,2023-09-27,0.2790305938848978,0.15260369844487878,-0.3991432686372999
ROS1-34-0005,2023-09-27,0.2610334730424808,0.1728719336669205,-0.382029014212573
ROS1-33-0010,2023-10-13,0.1916442446632736,0.065547886173637,-0.30754909085577814
ROS1-26-0036,2023-10-13,0.36360483697339446,0.18977579146490464,-0.41782562989473776
ROS1-27-0021,2023-10-13,0.1900157818843636,0.09208466053999269,-0.32912760694171533
ROS1-28-0030,2023-10-13,0.6783323776579616,0.06538660148629441,
ROS1-33-0009,2023-10-13,0.25857774783668175,0.1009293546321336,-0.3630674187853674
ROS1-34-0003,2023-10-13,0.22400902614267676,0.07201444969222648,-0.35391144213792963
ROS1-27-0005,2023-10-13,0.183232719200581,0.10178631161691991,-0.31480818240190667
ROS1-33-0008,2023-10-13,0.2789820955908409,0.14611919496578615,-0.3835311517767353
ROS1-33-0010,2023-10-29,0.4058980169945923,0.08382032749246673,-0.48597488226352803
ROS1-26-0036,2023-10-29,0.5111609310570396,0.188507028277623,-0.520281001940095
ROS1-27-0021,2023-10-29,0.22536721622610906,0.08666631875675374,-0.3415451921663986
ROS1-33-0009,2023-10-29,0.5095377994502384,0.0819677083181671,-0.6550197353911479
ROS1-27-0005,2023-10-29,0.20131184709306313,0.09800223892560599,-0.3238186637609003
ROS1-33-0008,2023-10-29,0.34771851373380824,0.11549078446681307,-0.404569905245559
ROS1-34-0005,2023-10-29,0.16164868070644806,0.1115232461710205,-0.26691639494342456
ROS1-26-0036,2023-04-04,0.6145317039822253,0.3064141923085937,-0.5560245429089112
ROS1-27-0021,2023-04-04,0.22780109868789566,0.11848718223802555,-0.35482783158818676
ROS1-31-0028,2023-04-04,0.5242285121383452,0.2542911573542893,-0.5317079507435741
ROS1-32-0015,2023-04-04,0.6353237442779667,0.4101155091780607,-0.5875886226047918
ROS1-38-0001,2023-04-04,0.4994816871474446,0.2468790594742532,-0.516148340437206
ROS1-27-0005,2023-04-04,0.2556977655630275,0.11663103249797463,-0.333604467908135
ROS1-31-0021,2023-04-04,0.33075310139808994,0.1607949613260491,-0.3984075840893863
ROS1-32-0006,2023-04-04,0.2770682604084524,0.14950589301569323,-0.3593946332862993
ROS1-38-0007,2023-04-04,0.2099066261263085,0.1008398499168972,-0.32156948229364385
ROS1-19-0037,2023-05-06,0.3193661045366124,0.16600946518672594,-0.3846909092844526
ROS1-25-0023,2023-05-06,0.2559348817292579,0.1214785545361672,-0.3513554438977998
ROS1-26-0036,2023-05-06,0.6154332018071593,0.3661153133490464,-0.5898156994826598
ROS1-27-0021,2023-05-06,0.4095371622386833,0.23606830299823445,-0.45255974253624226
ROS1-30-0013,2023-05-06,0.7824499561764852,0.5915775076528105,-0.7085092035994485
ROS1-31-0028,2023-05-06,0.8432870489430212,0.6317760195167433,-0.7734765803827885
ROS1-32-0015,2023-05-06,0.794207686497241,0.4708172736639429,-0.7304390790598303
ROS1-38-0001,2023-05-06,0.8075345054292449,0.5357572162082173,-0.7347355903881533
ROS1-19-0016,2023-05-06,0.42162052798755384,0.2791945568795431,-0.4322731842892989
ROS1-25-0002,2023-05-06,0.8302082082425374,0.6136279769421964,-0.7280228231272504
ROS1-26-0040,2023-05-06,0.7140542302380519,0.5179747497699302,-0.6513214361254986
ROS1-27-0005,2023-05-06,0.4540176821552141,0.30501138457112303,-0.4243986379391994
ROS1-30-0014,2023-05-06,0.9078340253090523,0.7818062619666436,-0.8265086110992385
ROS1-31-0021,2023-05-06,0.6956418615704899,0.43181416881300033,-0.6570455751386712
ROS1-38-0007,2023-05-06,0.39541029264509786,0.22323981048846453,-0.4501228242158635
ROS1-24-0023,2023-05-06,0.8372489492464797,0.7102648381599702,-0.7647168310560764
ROS1-25-0027,2023-05-06,0.3487723365937054,0.1937847170354369,-0.3958615063537115
ROS1-19-0037,2023-06-07,0.7044291918469033,0.5005317372816749,-0.6170949733161176
ROS1-25-0023,2023-06-07,0.5403069828509204,0.3300359661064504,-0.511733722216708
ROS1-26-0036,2023-06-07,0.6206498008431652,0.40052099741078007,-0.5957343254792585
ROS1-27-0021,2023-06-07,0.7618159028129561,0.4921501506368828,-0.6834769554673688
ROS1-30-0013,2023-06-07,0.7959743398477712,0.5122663381849636,-0.7132782030632017
ROS1-31-0028,2023-06-07,0.7993907966567821,0.4540368639128515,-0.7405861406904725
ROS1-32-0015,2023-06-07,0.644858496260978,0.4018297066959497,-0.6069918811087882
ROS1-19-0016,2023-06-07,0.8019175746749502,0.6320533945891342,-0.7110894920227031
ROS1-25-0002,2023-06-07,0.7705345996214444,0.35764049709714596,-0.6573427077929798
ROS1-27-0005,2023-06-07,0.6710033933848137,0.3912227265265067,-0.6146719165461764
ROS1-30-0014,2023-06-07,0.7144470713798236,0.50265231157397,-0.6642580468232117
ROS1-31-0021,2023-06-07,0.8680017044507596,0.6265243332293756,-0.7923238751325543
ROS1-24-0023,2023-06-07,0.7003569761189471,0.4687914052091251,-0.6475186746466736
ROS1-19-0037,2023-06-23,0.8709048646075379,0.8375163547896557,-0.7571076621978245
ROS1-25-0023,2023-06-23,0.7835379336615054,0.5594503121786548,-0.6890440796196446
ROS1-30-0013,2023-06-23,0.5028850377775087,0.32282330275476717,-0.5579796830101431
ROS1-31-0028,2023-06-23,0.3637763280223668,0.17892272502555776,-0.5248093487210641
ROS1-38-0001,2023-06-23,0.3273857086612114,0.17056098107812617,-0.46425444795448917
ROS1-19-0016,2023-06-23,0.6948673760754598,0.5121749670014009,-0.6062254951161075
ROS1-25-0002,2023-06-23,0.4809155183276787,0.2418982154362695,-0.5754111690495957
ROS1-26-0040,2023-06-23,0.24831899546049063,0.13168829894799128,-0.32789502439689955
ROS1-30-0014,2023-06-23,0.3054737080597846,0.2031149097005957,-0.4601249419191806
ROS1-31-0021,2023-06-23,0.4806117365049877,0.262422417945958,-0.5759259162391855
ROS1-32-0006,2023-06-23,0.4714461358223488,0.2800185325208838,-0.514922392133149
ROS1-38-0007,2023-06-23,0.5631513305038671,0.3610966154862766,-0.5864931821210805
ROS1-24-0023,2023-06-23,0.3054353283156097,0.1517905570007188,-0.4200393233963914
ROS1-25-0027,2023-06-23,0.6777366190973709,0.42701767187856604,-0.5815098038257581
ROS1-26-0036,2023-07-09,0.2889506324892492,0.21085525785914852,-0.35690156113049
ROS1-27-0021,2023-07-09,0.2896512112890578,0.17327824733476097,-0.40004286773792536
ROS1-38-0001,2023-07-09,0.27645941615211095,0.1711207604072527,-0.4216563828061615
ROS1-19-0016,2023-07-09,0.5165516439500245,0.266457778028737,-0.5220913257866231
ROS1-31-0021,2023-07-09,0.2894673329795653,0.2189185497330431,-0.4394987824151535
ROS1-38-0007,2023-07-09,0.12397243046285314,0.2278152553266579,-0.14216168927513104
ROS1-19-0037,2023-07-25,0.8674239207852089,0.7552876814945001,-0.7444259673276699
ROS1-25-0023,2023-07-25,0.4874443678830798,0.23811953360807292,-0.50306710674903
ROS1-26-0036,2023-07-25,0.24345074978738457,0.15164058332524558,-0.35769456763651547
ROS1-27-0021,2023-07-25,0.2642789360920625,0.1945657488544625,-0.4012809337315118
ROS1-30-0013,2023-07-25,0.5497361194950513,0.3253603150211081,-0.5726939608111941
ROS1-31-0028,2023-07-25,0.24135270954871066,0.10176682725008034,-0.3856095541189389
ROS1-32-0015,2023-07-25,0.25751685936229457,0.09806480603294133,-0.34879930296008493
ROS1-38-0001,2023-07-25,0.2921392170280368,0.1868873209498096,-0.3984792935770561
ROS1-19-0016,2023-07-25,0.44912750087412606,0.22362246549619574,-0.5089864393573715
ROS1-25-0002,2023-07-25,0.3213244012965929,0.19947395370531185,-0.4391407111288762
ROS1-26-0040,2023-07-25,0.25230887468205365,0.10344816749668741,-0.3355105098207648
ROS1-30-0014,2023-07-25,0.38356161902669594,0.255260035111979,-0.48418930946296707
ROS1-31-0021,2023-07-25,0.20221450241422292,0.10288527492775296,-0.330875520864506
ROS1-32-0006,2023-07-25,0.25276550481149024,0.17483878774300865,-0.36843851391454197
ROS1-38-0007,2023-07-25,0.5621584032333095,0.31059336762425555,-0.5910327896581989
ROS1-24-0023,2023-07-25,0.2858878308224353,0.1933491138547728,-0.39772295025228155
ROS1-25-0027,2023-07-25,0.3118103797991943,0.15563551344597004,-0.4504612380498981
ROS1-30-0013,2023-08-10,0.33010951847815595,0.24105040009031156,-0.4034519320793075
ROS1-32-0015,2023-08-10,0.22462731680024137,0.16336951934002464,-0.3620653571733862
ROS1-38-0001,2023-08-10,0.2953803077302997,0.20015663248347174,-0.40769110724932495
ROS1-38-0007,2023-08-10,0.4972913451003187,0.3110365353042352,-0.5500777287495854
ROS1-19-0037,2023-08-26,0.3562169451320833,0.17831811949290938,-0.46034708701742577
ROS1-25-0023,2023-08-26,0.21287168543095816,0.10299305823419254,-0.3489733973058846
ROS1-26-0036,2023-08-26,0.24360158450454772,0.13224686221661885,-0.3486087078312333
ROS1-27-0021,2023-08-26,0.20215309418358685,0.11254018108897967,-0.35136662944903063
ROS1-30-0013,2023-08-26,0.3495693245204942,0.20280397879277431,-0.48038668212035296
ROS1-31-0028,2023-08-26,0.1976982074335167,0.13755000901804829,-0.34562219236149583
ROS1-32-0015,2023-08-26,0.20892693445007834,0.14324236078950917,-0.35294240486434175
ROS1-38-0001,2023-08-26,0.3243422868710465,0.2132911050875192,-0.4403261284339168
ROS1-19-0016,2023-08-26,0.3459828188345949,0.23262684678125395,-0.45723581166270416
ROS1-25-0002,2023-08-26,0.18226473674867313,0.08807898134301516,-0.3238544829402003
ROS1-26-0040,2023-08-26,0.19899282707683158,0.07857920312547198,-0.280511004837819
ROS1-27-0005,2023-08-26,0.20651106350655057,0.14224868304134072,-0.34194208316105185
ROS1-30-0014,2023-08-26,0.21414046941291134,0.10255292966063359,-0.3412108754087396
ROS1-31-0021,2023-08-26,0.1845240680641203,0.08728378162656573,-0.3203695840779632
ROS1-32-0006,2023-08-26,0.2828960646453059,0.16132933214500464,-0.39031325832550506
ROS1-38-0007,2023-08-26,0.5002129608205987,0.2993847791137116,-0.5728834431103287
ROS1-24-0023,2023-08-26,0.2036781022388731,0.11791100905271289,-0.3273647524240115
ROS1-25-0027,2023-08-26,0.20442921302667472,0.1302295721393362,-0.3552605035009164
ROS1-19-0037,2023-09-11,0.3180917484621658,0.1538982061570396,-0.42566095429963835
ROS1-25-0023,2023-09-11,0.21339474923678145,0.11006594999783031,-0.344996480231063
ROS1-27-0021,2023-09-11,0.20678000545366867,0.11809406878952648,-0.3484240319016615
ROS1-30-0013,2023-09-11,0.3146210459483549,0.19493918041839273,-0.4426567745935913
ROS1-31-0028,2023-09-11,0.19852497332304506,0.13455405140322615,-0.3448612325336128
ROS1-32-0015,2023-09-11,0.2501692067983572,0.15450863642311197,-0.3707610422406776
ROS1-38-0001,2023-09-11,0.3625743807541981,0.22905188632881157,-0.46952781711709346
ROS1-19-0016,2023-09-11,0.2527815269234551,0.1565880399647967,-0.36039666136657966
ROS1-25-0002,2023-09-11,0.18766184527867474,0.08956840202423125,-0.32979448171478015
ROS1-27-0005,2023-09-11,0.21082800606065338,0.14260011665842173,-0.33924232468499527
ROS1-30-0014,2023-09-11,0.21014696425352603,0.09964631699703709,-0.3304070138591812
ROS1-31-0021,2023-09-11,0.19653117038449663,0.09044323760710182,-0.3236090771048374
ROS1-32-0006,2023-09-11,0.3264660404787587,0.2205465649901211,-0.46051410396788106
ROS1-38-0007,2023-09-11,0.44896820435991514,0.2511962056901248,-0.5412529005476514
ROS1-24-0023,2023-09-11,0.20023619720777724,0.11386309166386749,-0.3134578039617378
ROS1-25-0027,2023-09-11,0.20621837989764763,0.10247581413497667,-0.3268303705430338
ROS1-19-0037,2023-09-27,0.24594728113479636,0.11883453011338227,-0.3642654351154346
ROS1-25-0023,2023-09-27,0.21237417631925734,0.10390062783240887,-0.3438329863240368
ROS1-26-0036,2023-09-27,0.3306735238891629,0.17782672512525607,-0.4074785630166471
ROS1-27-0021,2023-09-27,0.19190442250127385,0.09752048382584733,-0.33763017668834333
ROS1-30-0013,2023-09-27,0.3191407189435897,0.1707986552899038,-0.44995763679981543
ROS1-31-0028,2023-09-27,0.20176095317002166,0.12778028600339153,-0.3453991456694932
ROS1-32-0015,2023-09-27,0.32176445819753213,0.19257454152075534,-0.4307268313803625
ROS1-38-0001,2023-09-27,0.3510582913020701,0.21497462205936427,-0.459832800942114
ROS1-19-0016,2023-09-27,0.22969075835245373,0.11283113699819283,-0.3309922897254995
ROS1-25-0002,2023-09-27,0.19115469661565893,0.09167524228683098,-0.32654705319426575
ROS1-26-0040,2023-09-27,0.19825123813021,0.07701991027695017,-0.28327659473471467
ROS1-27-0005,2023-09-27,0.1912500500387261,0.11619632603151528,-0.32673112421072326
ROS1-30-0014,2023-09-27,0.2265300392416284,0.09960565562429084,-0.3471934607745919
ROS1-31-0021,2023-09-27,0.2010010853888313,0.0917371878156223,-0.3293063591305467
ROS1-32-0006,2023-09-27,0.2526157421483685,0.1328077615280763,-0.38361198638372623
ROS1-38-0007,2023-09-27,0.42006871925124806,0.2289570440190812,-0.528246407497892
ROS1-24-0023,2023-09-27,0.21207680855779085,0.11544970804254902,-0.3287472083282895
ROS1-25-0027,2023-09-27,0.20073364718480943,0.10039916642579805,-0.3199561290298059
ROS1-19-0037,2023-10-13,0.21627674943408678,0.11309726189215616,-0.3118974223893299
ROS1-25-0023,2023-10-13,0.1981821942957761,0.10730509715183259,-0.3081638745274574
ROS1-26-0036,2023-10-13,0.36437393514392163,0.18485027110125482,-0.42237501740552297
ROS1-27-0021,2023-10-13,0.1921690180796189,0.09307835371444774,-0.33177603291284186
ROS1-30-0013,2023-10-13,0.3119540907653598,0.16414691946808255,-0.4306024454517195
ROS1-31-0028,2023-10-13,0.2058018835277717,0.10725697721871962,-0.3496870284439258
ROS1-32-0015,2023-10-13,0.33751331796286477,0.18184901330521136,-0.43708987773478736
ROS1-38-0001,2023-10-13,0.2832012694682464,0.18155852379310358,-0.40358002891778216
ROS1-19-0016,2023-10-13,0.20591925961278024,0.09041692846705618,-0.29513101057728675
ROS1-26-0040,2023-10-13,0.2189739129177971,0.08820183307367996,-0.28046312917290966
ROS1-27-0005,2023-10-13,0.18558250968924794,0.10295553959506383,-0.3177233628866832
ROS1-30-0014,2023-10-13,0.2146233805112146,0.09798628359681386,-0.32770256574256207
ROS1-31-0021,2023-10-13,0.18081894587820016,0.08181884155722659,-0.2933752727375101
ROS1-32-0006,2023-10-13,0.23868831619007977,0.11245803503253639,-0.3603439432280477
ROS1-38-0007,2023-10-13,0.32446057577376763,0.1824647462799152,-0.4547872744759075
ROS1-24-0023,2023-10-13,0.1840498770420693,0.11029349772321136,-0.2833975161486616
ROS1-19-0037,2023-10-29,0.24018939736004283,0.089494420053708,-0.34672163591035954
ROS1-25-0023,2023-10-29,0.32312574665587607,0.11013033267964722,-0.411019427112155
ROS1-26-0036,2023-10-29,0.5082514397179798,0.1888750922460467,-0.5178478259304969
ROS1-27-0021,2023-10-29,0.22932086750799557,0.08807811639668467,-0.34959438454860675
ROS1-30-0013,2023-10-29,0.33634704718175845,0.13217299116192974,-0.44411266923575404
ROS1-31-0028,2023-10-29,0.22787686716590907,0.0508521397962636,-0.3709358502013892
ROS1-32-0015,2023-10-29,0.39737241887663466,0.20636194228672053,-0.48008464598044515
ROS1-38-0001,2023-10-29,0.3065481749213606,0.16642017126287367,-0.4312671700408394
ROS1-19-0016,2023-10-29,0.3836671943743621,0.1402076307094995,-0.423307033874775
ROS1-25-0002,2023-10-29,0.3143631267045446,0.12018561069522554,-0.40307605958480064
ROS1-26-0040,2023-10-29,0.4011660282629948,0.11399486540994525,-0.3953873941713793
ROS1-27-0005,2023-10-29,0.20597139310283355,0.10033564643934952,-0.3302243749226366
ROS1-30-0014,2023-10-29,0.2974116405217958,0.0882423274242566,-0.4047363052362588
ROS1-31-0021,2023-10-29,0.29971605965751363,0.09457977779478903,-0.383505655543358
ROS1-32-0006,2023-10-29,0.32264624799901115,0.11804758613623766,-0.41996417106252865
ROS1-38-0007,2023-10-29,0.2506387636478884,0.08128805689587312,-0.38630433304718853
ROS1-24-0023,2023-10-29,0.23027494082030697,0.09060214195176709,-0.3520622534604319
ROS1-25-0027,2023-10-29,0.3324509204452557,0.11283664495438726,-0.3992967677864551
ROS1-18-0030,2023-04-04,0.23679009152509073,0.10683565084198143,-0.2928897537464781
ROS1-18-0024,2023-04-04,0.38741942527400114,0.2180032299646026,-0.42823857773716023
ROS1-24-0034,2023-04-04,0.437323697957151,0.23405668276049724,-0.4524569987388525
ROS1-18-0009,2023-04-04,0.2443252330077997,0.10915667725514175,-0.3082332621760984
ROS1-19-0037,2023-05-06,0.31870757748259987,0.16541446246819702,-0.3839880638801069
ROS1-24-0006,2023-05-06,0.8690406975916476,0.671819092079141,-0.7811302605465145
ROS1-25-0023,2023-05-06,0.256064946144905,0.12165181643024293,-0.35101431144963896
ROS1-30-0013,2023-05-06,0.7817927051335201,0.5916641144057805,-0.7077009371755889
ROS1-18-0024,2023-05-06,0.6908164594947823,0.4268576004529773,-0.6409615358867689
ROS1-19-0016,2023-05-06,0.42153891000802207,0.28038564879358285,-0.43159345920312203
ROS1-24-0034,2023-05-06,0.7264505764984073,0.5627920085815268,-0.6827997427755685
ROS1-25-0002,2023-05-06,0.8313032431084301,0.6143075114540186,-0.7284879588601625
ROS1-30-0014,2023-05-06,0.9086644960757162,0.7825603497725606,-0.8269356154797027
ROS1-18-0009,2023-05-06,0.30641153385315095,0.1657054842808041,-0.36023395183201085
ROS1-24-0023,2023-05-06,0.8380010340098515,0.711790833705541,-0.7650075436581962
ROS1-18-0030,2023-06-07,0.7957905262327889,0.6889222609287586,-0.6619801690133335
ROS1-19-0037,2023-06-07,0.7128417748139452,0.5060900338274669,-0.6221942875169975
ROS1-25-0023,2023-06-07,0.540602194511529,0.3302895921210937,-0.5119253008060911
ROS1-30-0013,2023-06-07,0.7954376352187287,0.5118257429143924,-0.7125310084707114
ROS1-18-0024,2023-06-07,0.6456284799424912,0.492454447389297,-0.6091635629785265
ROS1-19-0016,2023-06-07,0.7994333865751592,0.6298305769281052,-0.7094217540203803
ROS1-24-0034,2023-06-07,0.6868454028789115,0.49058780997986284,-0.6628132520604085
ROS1-25-0002,2023-06-07,0.7672734192634686,0.35388988557781137,-0.6559285874111288
ROS1-30-0014,2023-06-07,0.7142375340534907,0.5014552802549478,-0.6642156957154104
ROS1-24-0023,2023-06-07,0.6954717358419278,0.4737602152921972,-0.6422265058892769
ROS1-19-0037,2023-06-23,0.8709924624938343,0.837759096675431,-0.7570215544178196
ROS1-24-0006,2023-06-23,0.3355140251571641,0.1407643825081399,-0.4826481148715552
ROS1-25-0023,2023-06-23,0.7825355049276621,0.5588681107276655,-0.6883050811726723
ROS1-30-0013,2023-06-23,0.5020373362944786,0.3224874879637794,-0.5572975955951539
ROS1-18-0024,2023-06-23,0.41378933629172754,0.22082824331607395,-0.5006104281178761
ROS1-24-0034,2023-06-23,0.39063243507005746,0.19811987546492665,-0.4940628969746418
ROS1-25-0002,2023-06-23,0.4813389837025519,0.24193645049049672,-0.575916972885152
ROS1-30-0014,2023-06-23,0.3057474025951722,0.20227601946427648,-0.46161545494002887
ROS1-24-0023,2023-06-23,0.3050868072760743,0.15191720670420278,-0.4193449328315022
ROS1-18-0030,2023-07-09,0.7490853629727532,0.6673693346272856,-0.6831192628320258
ROS1-24-0006,2023-07-09,0.25109501155228975,0.1340993558751091,-0.36859772324712625
ROS1-18-0024,2023-07-09,0.3340612767846132,0.16860932086195024,-0.43933638948303994
ROS1-19-0016,2023-07-09,0.521569984045319,0.2618274750953186,-0.5226257578903797
ROS1-24-0034,2023-07-09,0.2622712652061045,0.14305391253803074,-0.38893958412070306
ROS1-18-0030,2023-07-25,0.8261579537443983,0.6724649023998532,-0.714139365492444
ROS1-19-0037,2023-07-25,0.8659522977156294,0.7533731278993699,-0.7437807319069886
ROS1-24-0006,2023-07-25,0.30276741048268124,0.18355250361552516,-0.42952614546121093
ROS1-25-0023,2023-07-25,0.48864062280909204,0.23839044655500746,-0.5041228151986723
ROS1-30-0013,2023-07-25,0.5502127670918742,0.3258666676397351,-0.5728379159443062
ROS1-18-0024,2023-07-25,0.3764047688547276,0.2177127516087871,-0.4568615674541138
ROS1-19-0016,2023-07-25,0.4503787552881837,0.22394328797692736,-0.510174681531395
ROS1-24-0034,2023-07-25,0.2557825037522127,0.17724580025997003,-0.38872426045687736
ROS1-25-0002,2023-07-25,0.32247977413152606,0.19981834807039128,-0.44045596292348094
ROS1-30-0014,2023-07-25,0.38465683377186816,0.2555123678160519,-0.4854332890735388
ROS1-18-0009,2023-07-25,0.8022374282746957,0.6358750579312196,-0.7408075255798849
ROS1-24-0023,2023-07-25,0.2866558045073471,0.1940529180703157,-0.39825465079190553
ROS1-30-0013,2023-08-10,0.36276482822542105,0.26110569587329513,-0.43743630748057105
ROS1-18-0030,2023-08-26,0.3504131734900434,0.1703196001141154,-0.47838763679064866
ROS1-19-0037,2023-08-26,0.35802159256393445,0.17924823496725534,-0.46240446807442975
ROS1-24-0006,2023-08-26,0.1787029710548393,0.10255508814563855,-0.2935601253538129
ROS1-25-0023,2023-08-26,0.2131396455360965,0.10313355142150815,-0.3499186558837931
ROS1-30-0013,2023-08-26,0.34968403135362,0.20313738004317206,-0.4807439269321459
ROS1-18-0024,2023-08-26,0.20582895119112596,0.09191200436824991,-0.31150812784534954
ROS1-19-0016,2023-08-26,0.3456940243735982,0.2329599679889176,-0.45738900230765306
ROS1-24-0034,2023-08-26,0.2806982910532672,0.19639864920250127,-0.40104695943999225
ROS1-25-0002,2023-08-26,0.18251190927084265,0.08825219770450832,-0.3246672374574637
ROS1-30-0014,2023-08-26,0.21438186161080627,0.10269744713622854,-0.34213191889998634
ROS1-18-0009,2023-08-26,0.3578766154088087,0.18235713030512132,-0.4510396803273303
ROS1-24-0023,2023-08-26,0.20366142806826137,0.11803915572723439,-0.32777439333863223
ROS1-18-0030,2023-09-11,0.2600207962791995,0.14281564547404427,-0.3827931118375325
ROS1-19-0037,2023-09-11,0.31932966592673623,0.15441422795286464,-0.4256982359279167
ROS1-24-0006,2023-09-11,0.15924585561413718,0.07064045458513292,-0.24991798446737296
ROS1-25-0023,2023-09-11,0.21313506442228042,0.1100036840191807,-0.34377650200508486
ROS1-30-0013,2023-09-11,0.31467236593576553,0.19483116372350492,-0.4421924021613255
ROS1-18-0024,2023-09-11,0.2044449014569953,0.09304573357147287,-0.3087055859466451
ROS1-19-0016,2023-09-11,0.2538711277605754,0.16031821244176178,-0.35281607487225874
ROS1-24-0034,2023-09-11,0.21453356423600217,0.11211353827127811,-0.31403603744625413
ROS1-25-0002,2023-09-11,0.1875329428824517,0.08947893127598912,-0.32878825882138907
ROS1-30-0014,2023-09-11,0.21084650894948975,0.09987153952410405,-0.33057478743584495
ROS1-18-0009,2023-09-11,0.3162910790988332,0.21443023369591802,-0.4438941789494808
ROS1-24-0023,2023-09-11,0.19963002640985192,0.11380257496608831,-0.31171619447966525
ROS1-18-0030,2023-09-27,0.20837915951301603,0.09987701066908049,-0.3380499902799506
ROS1-19-0037,2023-09-27,0.24654113584571655,0.11945466735623803,-0.3635581064434273
ROS1-24-0006,2023-09-27,0.17154191657907775,0.08304454517225372,-0.28540896183021336
ROS1-25-0023,2023-09-27,0.21241848064539448,0.10399302149583489,-0.34336621359010133
ROS1-30-0013,2023-09-27,0.3184586789473116,0.17111424122537341,-0.44800136013706404
ROS1-18-0024,2023-09-27,0.1960168774457384,0.0858602761664691,-0.30823010665419026
ROS1-19-0016,2023-09-27,0.22964591560803674,0.11279034429565855,-0.3305472393372039
ROS1-24-0034,2023-09-27,0.20728606050443948,0.10710051681236546,-0.3338473342653542
ROS1-25-0002,2023-09-27,0.1912456580184705,0.09177352555292224,-0.3261472219101406
ROS1-30-0014,2023-09-27,0.22569331693411512,0.09963837923386124,-0.34491765921839024
ROS1-18-0009,2023-09-27,0.20539693421338734,0.09579179381604304,-0.32571633346794515
ROS1-24-0023,2023-09-27,0.21164049445769656,0.11561518427977227,-0.3273265376537287
ROS1-24-0006,2023-10-13,0.17779346182898498,0.08094924720599733,-0.28741692075300573
ROS1-30-0013,2023-10-13,0.31197878568516435,0.1653736622636709,-0.4284765789020942
ROS1-18-0024,2023-10-13,0.2065315727296167,0.0981905363428809,-0.3151833482323058
ROS1-24-0034,2023-10-13,0.2027699694339978,0.10766889570658986,-0.323003241494183
ROS1-30-0014,2023-10-13,0.21442658274987583,0.09793946260952233,-0.3264288379690423
ROS1-24-0023,2023-10-13,0.18332631726800147,0.10930097915080207,-0.2833844238908035
ROS1-18-0030,2023-10-29,0.41755217776020664,0.14144840561027708,-0.4295731649662448
ROS1-19-0037,2023-10-29,0.24192194680863094,0.09009225651101764,-0.34837963588858895
ROS1-24-0006,2023-10-29,0.3144130434505735,0.09582092552619538,-0.37567194741266224
ROS1-25-0023,2023-10-29,0.32541607116688875,0.11093337495836747,-0.41271098825560626
ROS1-30-0013,2023-10-29,0.334161975429174,0.13336388404596058,-0.4379009068052665
ROS1-18-0024,2023-10-29,0.2510091832531751,0.09317670506396213,-0.3396273450222294
ROS1-19-0016,2023-10-29,0.387150357061853,0.14127323490782398,-0.42673123448991573
ROS1-24-0034,2023-10-29,0.23382333676860045,0.09498847343082094,-0.3593503970580512
ROS1-25-0002,2023-10-29,0.31633697472896904,0.12104796832370848,-0.4047510718383432
ROS1-30-0014,2023-10-29,0.29834867900836054,0.08900408617014645,-0.4032632286671584
ROS1-18-0009,2023-10-29,0.23502393118995046,0.06803394167146427,-0.3393868815645519
ROS1-24-0023,2023-10-29,0.22887742698158756,0.0913163561825402,-0.3471410445092062
ROS1-29-0008,2023-04-11,0.21231471896266518,0.10124004096051654,-0.33940817836079523
ROS1-22-0006,2023-04-11,0.21395213302043517,0.08662879500711765,-0.26049152826966276
ROS1-22-0006,2023-04-27,0.326370558766946,0.15470004083871625,-0.3003909257258658
ROS1-28-0013,2023-04-27,0.4745541034111937,0.2119608160467618,-0.46580632734627064
ROS1-29-0008,2023-05-13,0.3685155103296993,0.18128485300414698,-0.4707615899681754
ROS1-28-0013,2023-05-13,0.6575944461354212,0.3509393657673774,-0.609895366244785
ROS1-29-0008,2023-05-29,0.6327006860092027,0.36963188201637137,-0.5789958138610154
ROS1-22-0006,2023-05-29,0.6101645486397871,0.26471562175878055,-0.5233698114277984
ROS1-29-0008,2023-06-30,0.7027859491477306,0.4585163661871686,-0.580016488206425
ROS1-22-0006,2023-06-30,0.7947734208361167,0.2597578006883087,-0.5856099895925803
ROS1-22-0006,2023-07-16,0.39201456181539446,0.20351389301299214,-0.47236134743380354
ROS1-29-0008,2023-08-01,0.40611336213466104,0.1942394839453172,-0.4967170707855715
ROS1-22-0006,2023-08-01,0.516260697232062,0.28937419408221066,-0.6326310157331415
ROS1-22-0006,2023-08-17,0.22370177017003962,0.07572491380662638,-0.2986357435808712
ROS1-29-0008,2023-09-18,0.2819192436770411,0.1472970806684625,-0.4455026816926176
ROS1-22-0006,2023-09-18,0.21021000759337582,0.07357436593081643,-0.2857585868548895
ROS1-29-0008,2023-10-04,0.2517200003459522,0.13159012629947156,-0.39709355817780606
ROS1-15-0003,2023-04-11,0.2793840577466641,0.15573936998542662,-0.3261740934139261
ROS1-15-0006,2023-04-11,0.2812307912110746,0.15418537345604608,-0.3110358352878219
ROS1-22-0006,2023-04-11,0.21504907619988942,0.08699102564452278,-0.26233699640392333
ROS1-16-0004,2023-04-11,0.3323970549874506,0.12067921607073072,-0.3840261393187571
ROS1-15-0003,2023-04-27,0.3127401392507409,0.11488632787464097,-0.34532948668080743
ROS1-16-0006,2023-04-27,0.4652035139755704,0.24032020673397042,-0.47383369167327505
ROS1-21-0043,2023-04-27,0.4441056425246841,0.22541879689376954,-0.45609491669154995
ROS1-22-0026,2023-04-27,0.34342771220322404,0.13108402448120632,-0.3549823535543601
ROS1-26-0036,2023-04-27,0.595823556912012,0.32926704361018866,-0.5687618484990515
ROS1-27-0021,2023-04-27,0.26558791034589707,0.1342522813514838,-0.36588396890142266
ROS1-15-0006,2023-04-27,0.24939727047010865,0.11110168842565,-0.30460021339265725
ROS1-21-0036,2023-04-27,0.6669661514443375,0.37812038974089207,-0.6286966335175381
ROS1-22-0006,2023-04-27,0.3224342364108131,0.1526101121827541,-0.31715605490967297
ROS1-27-0005,2023-04-27,0.5078617251652952,0.2843324705281763,-0.5011682068244587
ROS1-21-0000,2023-04-27,0.2486994732532285,0.10358562870027659,-0.32401568507570255
ROS1-15-0022,2023-04-27,0.6677640492490283,0.39680025997008916,-0.5797245780576449
ROS1-15-0003,2023-05-13,0.3358439601133378,0.15538617256410606,-0.3614877017156117
ROS1-16-0006,2023-05-13,0.6468923467008977,0.4495649695273137,-0.5820312399705264
ROS1-21-0043,2023-05-13,0.4924126719460114,0.25719722532084405,-0.4977148762850466
ROS1-26-0036,2023-05-13,0.614410992578126,0.3656735464229252,-0.5848661893751516
ROS1-27-0021,2023-05-13,0.5248274436826063,0.2943931364345963,-0.5233765414639096
ROS1-28-0030,2023-05-13,0.7499426695753063,0.3877724930749882,-0.6817059553052137
ROS1-15-0006,2023-05-13,0.3275254630148541,0.1618607542768965,-0.36368080970029365
ROS1-21-0036,2023-05-13,0.700949568302121,0.378659816436333,-0.6435070577303477
ROS1-27-0005,2023-05-13,0.650053617802857,0.3939929879606709,-0.5921529203257316
ROS1-28-0013,2023-05-13,0.6616230679266781,0.35172746481035944,-0.6163868840357348
ROS1-21-0000,2023-05-13,0.33348260252323675,0.09711048377502667,-0.35364388746548797
ROS1-15-0022,2023-05-13,0.7249312482432828,0.45019011682489146,-0.6413341035791833
ROS1-16-0004,2023-05-13,0.4937103714032817,0.25725226156214215,-0.48283891530394163
ROS1-15-0003,2023-05-29,0.6421109348922854,0.33109696455851606,-0.5460785875390307
ROS1-16-0006,2023-05-29,0.7972018714243877,0.510567368318883,-0.7023370651482242
ROS1-22-0026,2023-05-29,0.7898169423135013,0.42097814043885046,-0.638048572042387
ROS1-15-0006,2023-05-29,0.6179974834406913,0.40087018553368703,-0.5337780371951488
ROS1-22-0006,2023-05-29,0.6042964403829159,0.2638124954996004,-0.5210971140377142
ROS1-16-0004,2023-05-29,0.7447714052582951,0.4038887118958183,-0.6485529155366094
ROS1-15-0003,2023-06-30,0.7641656775339747,0.4305636750024454,-0.6574093974286388
ROS1-16-0006,2023-06-30,0.8543074131052669,0.6389646956080295,-0.7417547439489535
ROS1-21-0043,2023-06-30,0.6608316303742428,0.3803465269749056,-0.6207305521763112
ROS1-27-0021,2023-06-30,0.5575399989295459,0.20089304266476257,-0.5001785336504824
ROS1-22-0006,2023-06-30,0.7722264346013634,0.2534029208078922,-0.5803671381101937
ROS1-27-0005,2023-06-30,0.3500641749807629,0.19715540777486096,-0.46630589697679237
ROS1-21-0000,2023-06-30,0.8114134763731305,0.548349947735036,-0.7166363742404918
ROS1-26-0036,2023-07-16,0.3242903118970531,0.06863447286568258,-0.3673009319051002
ROS1-28-0030,2023-07-16,0.2710746135140276,0.14141329949318082,-0.4055777362034495
ROS1-21-0036,2023-07-16,0.19452409268996554,0.16684911106896383,-0.2637826279509169
ROS1-22-0006,2023-07-16,0.3892881188433336,0.20161335581777073,-0.4711200447099764
ROS1-28-0013,2023-07-16,0.34442081874005553,0.07059167556065503,-0.3921453861421709
ROS1-16-0004,2023-07-16,0.5341664069536284,0.3144642296843324,-0.5685125271434514
ROS1-15-0003,2023-08-01,0.35765247401886774,0.17879195392153577,-0.41019673302500775
ROS1-16-0006,2023-08-01,0.38308869412552243,0.24444282852670893,-0.48432228770030367
ROS1-21-0043,2023-08-01,0.3903042426877094,0.208088379246607,-0.4565295582911659
ROS1-22-0026,2023-08-01,0.22764933153438888,0.08509253767535611,-0.3094886206875827
ROS1-26-0036,2023-08-01,0.2238790377054852,0.12989977948236037,-0.34027456680333046
ROS1-27-0021,2023-08-01,0.2817711209552154,0.18646690512844008,-0.4326881299855498
ROS1-28-0030,2023-08-01,0.3363465888805717,0.17562095613206163,-0.5875771520542526
ROS1-15-0006,2023-08-01,0.3708221435782884,0.21768396663079573,-0.44262142922735503
ROS1-21-0036,2023-08-01,0.24651231270652552,0.18379907156469005,-0.37926996560694326
ROS1-22-0006,2023-08-01,0.3615153970260968,0.33557266405977026,-0.42191863095257
ROS1-27-0005,2023-08-01,0.24097957844110984,0.1713640064775781,-0.3756957938907722
ROS1-28-0013,2023-08-01,0.2011707333464308,0.10485684877299564,-0.3299599594521906
ROS1-16-0004,2023-08-01,0.36186466837681946,0.19239216639513726,-0.45980111271406976
ROS1-15-0003,2023-08-17,0.2586971244981196,0.09562335402804026,-0.3374308394529204
ROS1-16-0006,2023-08-17,0.39748001028567237,0.2522480938215886,-0.4865836502891679
ROS1-21-0043,2023-08-17,0.37185495431903126,0.22593917215684395,-0.43350249560346876
ROS1-22-0026,2023-08-17,0.21958951889780226,0.08239674521945849,-0.3034764096349861
ROS1-26-0036,2023-08-17,0.2196508492277703,0.11756376830138605,-0.3373868686892596
ROS1-27-0021,2023-08-17,0.2418858260920729,0.15030334428171346,-0.3658018347516672
ROS1-15-0006,2023-08-17,0.2793931822449554,0.14028753060556085,-0.3834822428661347
ROS1-21-0036,2023-08-17,0.2757374130305224,0.17719269687185968,-0.3949850670951209
ROS1-22-0006,2023-08-17,0.23172530954216042,0.07623632344847704,-0.3122080065362789
ROS1-27-0005,2023-08-17,0.22213491464762594,0.14383065571023843,-0.3703012038805433
ROS1-21-0000,2023-08-17,0.33436020214817946,0.1579685073639244,-0.4847192642122218
ROS1-15-0022,2023-08-17,0.22223995937455815,0.1126993337297225,-0.33525999100238174
ROS1-15-0003,2023-09-02,0.3173691674610002,0.13685185593612845,-0.33859346578157873
ROS1-21-0043,2023-09-02,0.2695261422046956,0.11840631294434201,-0.3083856538284265
ROS1-26-0036,2023-09-02,0.277941964200693,0.1493347409366898,-0.34943158061670315
ROS1-27-0021,2023-09-02,0.20423457151913646,0.11051184086634945,-0.3284466956859493
ROS1-15-0006,2023-09-02,0.29198864624578863,0.1418041340183878,-0.35780875037707066
ROS1-21-0036,2023-09-02,0.23859262033320705,0.08995333151725404,-0.29186619323197055
ROS1-27-0005,2023-09-02,0.22074643541259995,0.14221869902210543,-0.3468037907984625
ROS1-21-0000,2023-09-02,0.25690180454092115,0.13516845325790125,-0.38014580661096214
ROS1-15-0022,2023-09-02,0.3519737075193379,0.18978046126287326,-0.40178553101436926
ROS1-15-0003,2023-09-18,0.21778411132859668,0.08017361917977527,-0.2927206572115265
ROS1-16-0006,2023-09-18,0.3559173080400918,0.20675862132980277,-0.4725091693738146
ROS1-21-0043,2023-09-18,0.21643906257308276,0.07440144499291379,-0.3200038372348765
ROS1-22-0026,2023-09-18,0.42901301695798505,0.15193111515502356,-0.4757407863832035
ROS1-26-0036,2023-09-18,0.3296299126208896,0.16387816822876128,-0.40034664788271024
ROS1-27-0021,2023-09-18,0.20253879895925958,0.10062671150097063,-0.34646214976442313
ROS1-28-0030,2023-09-18,0.21718873448775383,0.1301357284285536,-0.36135061081064584
ROS1-15-0006,2023-09-18,0.24433401961890108,0.11254867920620594,-0.3522320987381475
ROS1-21-0036,2023-09-18,0.196399036085694,0.06354314939823981,-0.3047818177720434
ROS1-22-0006,2023-09-18,0.20970464354031026,0.0733636371336895,-0.28568507717875646
ROS1-27-0005,2023-09-18,0.20546409220528064,0.12477167941172015,-0.3366149047749312
ROS1-28-0013,2023-09-18,0.22349587704989032,0.062481301923964165,-0.33351395342722806
ROS1-21-0000,2023-09-18,0.2216414069950433,0.10430671487744303,-0.36761051988962545
ROS1-15-0022,2023-09-18,0.2201382999036351,0.09177710183910283,-0.3240135509495062
ROS1-16-0004,2023-09-18,0.29628474211060907,0.1586601737971925,-0.3573266835212663
ROS1-15-0003,2023-10-04,0.21978534733435842,0.10135739312624586,-0.29280632043226074
ROS1-21-0043,2023-10-04,0.20511129073104156,0.08839585093522626,-0.30653863308287266
ROS1-26-0036,2023-10-04,0.29585581940138833,0.11745935515185348,-0.35429043661453535
ROS1-27-0021,2023-10-04,0.1955288833528254,0.09849296097900777,-0.342528313814599
ROS1-28-0030,2023-10-04,0.21103549009652686,0.1262536650483473,-0.3541791461552232
ROS1-15-0006,2023-10-04,0.22489576458942892,0.11262621018697963,-0.3245815958499767
ROS1-21-0036,2023-10-04,0.18193426737063345,0.07133495685351242,-0.2668050499906023
ROS1-27-0005,2023-10-04,0.19339727577314264,0.11658281053372908,-0.33203146442839165
ROS1-28-0013,2023-10-04,0.21284235975029683,0.061917496623592964,-0.32644072337728464
ROS1-21-0000,2023-10-04,0.2090703629135751,0.10325173949290997,-0.35005822054143415
ROS1-15-0022,2023-10-04,0.21604691353758002,0.09211470771416413,-0.3167688428948216
ROS1-07-0018,2023-04-11,0.3763986011301549,0.16787196830869017,-0.3900242827937991
ROS1-18-0030,2023-04-11,0.25386382761701815,0.10186242361500103,-0.29645004449137025
ROS1-19-0037,2023-04-11,0.27845858631848436,0.14149243244428789,-0.3674272538352947
ROS1-18-0009,2023-04-11,0.32726060478328467,0.17708793648006727,-0.3811714532033575
ROS1-07-0005,2023-04-11,0.8383830208425538,0.6417810162285971,-0.751100061824476
ROS1-13-0005,2023-04-11,0.5220062128766555,0.30543875030121437,-0.481029500238003
ROS1-07-0018,2023-04-27,0.4586904145947904,0.21261890062674157,-0.451101003930378
ROS1-13-0013,2023-04-27,0.6884994899018445,0.3962420057283163,-0.6246962401367467
ROS1-19-0037,2023-04-27,0.2903465005914468,0.1125885732426576,-0.37599678643902656
ROS1-26-0036,2023-04-27,0.5990290482645242,0.32908723632744086,-0.5721924001613613
ROS1-19-0016,2023-04-27,0.3709847351954694,0.21660684084055784,-0.40358446318682767
ROS1-18-0009,2023-04-27,0.31077961136644117,0.16909593350412216,-0.3703470435617188
ROS1-07-0005,2023-04-27,0.7486889355393962,0.6103338973512484,-0.6749895841256829
ROS1-08-0022,2023-04-27,0.7324909797917293,0.45092568562291324,-0.643330656440963
ROS1-14-0002,2023-04-27,0.8017125301014518,0.5118759686268588,-0.7039943833666507
ROS1-07-0018,2023-05-13,0.6516414532801671,0.4023933268526336,-0.6002187280955875
ROS1-13-0013,2023-05-13,0.7252389491399934,0.45595481594343884,-0.6404421118829431
ROS1-18-0030,2023-05-13,0.40761599265028814,0.1480181632672222,-0.4255499933737756
ROS1-19-0037,2023-05-13,0.34240627953749414,0.19635247013048437,-0.41132329845694937
ROS1-26-0036,2023-05-13,0.616170046277734,0.3658706218736892,-0.5879148725427623
ROS1-19-0016,2023-05-13,0.6849675719777116,0.4904570673530776,-0.6340383933270138
ROS1-07-0005,2023-05-13,0.6311796174355527,0.5157171101091766,-0.5813689855547195
ROS1-13-0005,2023-05-13,0.8659007562743147,0.6387182871217826,-0.7577346625081811
ROS1-14-0002,2023-05-13,0.828197645384087,0.5704158591084192,-0.7158443815385922
ROS1-18-0030,2023-06-30,0.6921292936781992,0.5936835444748074,-0.6475746944835009
ROS1-07-0005,2023-06-30,0.46981576630797645,0.3063732618757275,-0.5242190609142199
ROS1-08-0022,2023-06-30,0.5363289400175354,0.29964351989834137,-0.5536403545763049
ROS1-07-0018,2023-07-16,0.25728609496179294,0.12411242136925983,-0.33111278760863755
ROS1-13-0013,2023-07-16,0.7170220377710368,0.5383590539399545,-0.654016842403713
ROS1-18-0030,2023-07-16,0.8274944451222036,0.696045407809173,-0.7428990754553065
ROS1-19-0037,2023-07-16,0.8236190357173659,0.6824490076566863,-0.7408578596631863
ROS1-26-0036,2023-07-16,0.21861396097964567,0.07666847486813683,-0.25327962330265746
ROS1-19-0016,2023-07-16,0.4525931218032352,0.22269455558500886,-0.4949634307116548
ROS1-18-0009,2023-07-16,0.7970334722309896,0.6579029707215108,-0.7564281688454276
ROS1-07-0005,2023-07-16,0.2718544712019236,0.2196972327197333,-0.3813183472699932
ROS1-08-0022,2023-07-16,0.401718289254563,0.22843619820653208,-0.4937191756361107
ROS1-13-0005,2023-07-16,0.2751957997436698,0.182605060724026,-0.40882640745681986
ROS1-14-0002,2023-07-16,0.333387945537099,0.19826201922302497,-0.47135204133810765
ROS1-07-0018,2023-08-01,0.320568461789778,0.16040521949073178,-0.3737659516872528
ROS1-13-0013,2023-08-01,0.7097008364000914,0.4701217535658817,-0.6535673854233331
ROS1-18-0030,2023-08-01,0.6277466321916739,0.4104293779040403,-0.5660923736257204
ROS1-19-0037,2023-08-01,0.7802061181258324,0.5522607211780379,-0.6865334914029299
ROS1-26-0036,2023-08-01,0.2240772039512259,0.13005042115290275,-0.34138745927707825
ROS1-19-0016,2023-08-01,0.4479175339716397,0.22582200589222862,-0.5144782473056608
ROS1-18-0009,2023-08-01,0.7494172507233642,0.4729523439139247,-0.6840990098111673
ROS1-07-0005,2023-08-01,0.2387077730639299,0.14392365582809427,-0.34804011210752106
ROS1-08-0022,2023-08-01,0.3416939337990315,0.23768845825419885,-0.4375252291614552
ROS1-13-0005,2023-08-01,0.2897801453552328,0.18823264728279773,-0.4239583959679668
ROS1-14-0002,2023-08-01,0.38023590881154845,0.2283750400176667,-0.47375451878472286
ROS1-07-0018,2023-08-17,0.5166100792839852,0.32725285907255797,-0.5189289962841909
ROS1-13-0013,2023-08-17,0.5960857538199604,0.3308720493698905,-0.5822341834421962
ROS1-18-0030,2023-08-17,0.37242209232329937,0.16396623780321662,-0.47207667548405036
ROS1-19-0037,2023-08-17,0.4465695033417151,0.2285603163586535,-0.47649714899088985
ROS1-26-0036,2023-08-17,0.21973866896960967,0.11758426661908868,-0.33844458782873454
ROS1-19-0016,2023-08-17,0.41739270193056643,0.20664012408562213,-0.5085392233737993
ROS1-18-0009,2023-08-17,0.44762015280939377,0.23666717753345343,-0.4577581871022822
ROS1-07-0005,2023-08-17,0.19433893779385952,0.09555699667606818,-0.30278489274894177
ROS1-08-0022,2023-08-17,0.5171909213786756,0.37592888927712054,-0.5512065833168736
ROS1-13-0005,2023-08-17,0.31864738531041525,0.20575049521726965,-0.44200962095986474
ROS1-14-0002,2023-08-17,0.35173785597865237,0.2363864155003869,-0.44903485288593914
ROS1-07-0018,2023-09-02,0.698321747539892,0.5123101950349114,-0.6516245928393692
ROS1-13-0013,2023-09-02,0.46873453752368016,0.22613828447426393,-0.49458684940005637
ROS1-18-0030,2023-09-02,0.31062768052542516,0.12079514737425201,-0.418273595274331
ROS1-19-0037,2023-09-02,0.323877357575676,0.15795311084685584,-0.42830309636072383
ROS1-26-0036,2023-09-02,0.27772131440276,0.14990429573002234,-0.34924175266752416
ROS1-07-0005,2023-09-02,0.1895501112823456,0.09527324825063851,-0.2915123921669196
ROS1-08-0022,2023-09-02,0.5665267032763024,0.4024692645455646,-0.5816489051292154
ROS1-13-0005,2023-09-02,0.3173608115256843,0.20423315145050686,-0.4403716547815846
ROS1-14-0002,2023-09-02,0.25501702768634527,0.09724295044900116,-0.321980249862387
ROS1-07-0018,2023-09-18,0.802510574726076,0.6252494754509028,-0.7122468280682548
ROS1-13-0013,2023-09-18,0.4748590700083862,0.2063696545476529,-0.5110371351850713
ROS1-18-0030,2023-09-18,0.22945467789528354,0.10279007277326345,-0.35374082185514133
ROS1-19-0037,2023-09-18,0.2817007840428276,0.11947481376419457,-0.3940304287682302
ROS1-26-0036,2023-09-18,0.32666145571669636,0.16354979545894946,-0.39594537068605445
ROS1-19-0016,2023-09-18,0.26297179461082976,0.12042888330900826,-0.36289158288145207
ROS1-18-0009,2023-09-18,0.2290223865076471,0.0973756650423086,-0.34806624966835426
ROS1-07-0005,2023-09-18,0.2037059068967075,0.08720632344224823,-0.29470862907817
ROS1-08-0022,2023-09-18,0.298760957944538,0.15821525313836401,-0.4061917864105272
ROS1-13-0005,2023-09-18,0.3454578868056297,0.18713737000940242,-0.4423935321550993
ROS1-14-0002,2023-09-18,0.21771176462630595,0.06956658096824295,-0.3155469622280246
ROS1-07-0018,2023-10-04,0.7470344478689808,0.5429242031399812,-0.6742858016991147
ROS1-13-0013,2023-10-04,0.4603148182671209,0.20650288399975103,-0.5003952254704446
ROS1-18-0030,2023-10-04,0.2007657882913501,0.09537331461985385,-0.3061129680106482
ROS1-19-0037,2023-10-04,0.23048508266938592,0.10518791451514421,-0.32748786059448654
ROS1-26-0036,2023-10-04,0.28914085687388735,0.11732195032071405,-0.34472157392946073
ROS1-19-0016,2023-10-04,0.2081725843341532,0.10250374603408362,-0.3060019920316798
ROS1-18-0009,2023-10-04,0.18733433734016208,0.08566272041747829,-0.2985985407378553
ROS1-07-0005,2023-10-04,0.20513359954431018,0.09304144043756675,-0.2956430259266548
ROS1-08-0022,2023-10-04,0.2659524895741195,0.1424253822740709,-0.37834783356869234
ROS1-13-0005,2023-10-04,0.2169717191065349,0.09360143552064139,-0.3116388894980441
ROS1-14-0002,2023-10-04,0.200930348090557,0.067529319492044,-0.2977315551396548
ROS1-07-0018,2023-10-20,0.3934228208071743,0.21894154175093605,-0.4584426117578853
ROS1-07-0005,2023-10-20,0.2532689992765138,0.10120970244373173,-0.31498916855155645
ROS1-08-0022,2023-10-20,0.8658046982767494,0.2236666588659287,-0.8358689706865469
ROS1-13-0005,2023-10-20,0.21649051396011876,0.10767438496207539,-0.32032129737516746
ROS1-07-0018,2023-04-11,0.36937035586520484,0.16883372517721826,-0.3800653104194946
ROS1-18-0030,2023-04-11,0.25415807199026463,0.10197519777464348,-0.2962712323530817
ROS1-18-0009,2023-04-11,0.32135352480491397,0.17645051542044934,-0.3743686958262823
ROS1-07-0005,2023-04-11,0.8362261320376099,0.6382366097362318,-0.749642420660951
ROS1-07-0018,2023-04-27,0.4559181055397559,0.21394828569431626,-0.44798613992976405
ROS1-18-0030,2023-04-27,0.33510903033725803,0.16267024186720985,-0.3737589807574155
ROS1-18-0024,2023-04-27,0.6456947528407393,0.42475288455346843,-0.6041125107491935
ROS1-18-0009,2023-04-27,0.3123792183794197,0.16985645693518828,-0.37234526966998566
ROS1-07-0005,2023-04-27,0.7501832352659055,0.6050662456415775,-0.6773797805606067
ROS1-07-0018,2023-05-13,0.6533650529899878,0.40560473681306525,-0.6008601744362018
ROS1-18-0030,2023-05-13,0.42432696941427767,0.1519757546453624,-0.43356206462320174
ROS1-18-0024,2023-05-13,0.6843753138145521,0.46940380346954225,-0.6352008177104895
ROS1-07-0005,2023-05-13,0.6321922901760101,0.5164556576263688,-0.5821087583483212
ROS1-13-0005,2023-05-13,0.8658924013525126,0.6383570787639168,-0.7576308495039931
ROS1-18-0030,2023-06-30,0.6610687449710567,0.5779583259631392,-0.6230980621601236
ROS1-07-0005,2023-06-30,0.4663385196079431,0.3018218876031008,-0.5211082287763141
ROS1-07-0018,2023-07-16,0.26069733412436563,0.12271784133579101,-0.33798850157962124
ROS1-18-0030,2023-07-16,0.8281219820101773,0.6952936006851127,-0.7430914314612921
ROS1-18-0009,2023-07-16,0.7750452066598753,0.6296749440922202,-0.7434490780292768
ROS1-07-0005,2023-07-16,0.2712185187160624,0.2188941454642129,-0.38119183940682544
ROS1-13-0005,2023-07-16,0.2731465077676489,0.18189262537526796,-0.4068137806227368
ROS1-07-0018,2023-08-01,0.3284780697681052,0.1605682714724196,-0.38364044476460296
ROS1-18-0030,2023-08-01,0.6363466905856394,0.4119203898386,-0.5726329670152066
ROS1-18-0024,2023-08-01,0.38116130588241043,0.22152118808604596,-0.44923771065821794
ROS1-18-0009,2023-08-01,0.7507728998861645,0.4725601564304209,-0.6849863470537821
ROS1-07-0005,2023-08-01,0.24030092980349987,0.14519104887985512,-0.3481447928991903
ROS1-13-0005,2023-08-01,0.29446035495072287,0.188597404862621,-0.42998454313127815
ROS1-07-0018,2023-08-17,0.5198286145523779,0.3250882524294199,-0.5234872076516702
ROS1-18-0030,2023-08-17,0.3736043297680265,0.16394828910262646,-0.4742391788553677
ROS1-18-0024,2023-08-17,0.3166045640308651,0.20898827776008508,-0.4288878024835052
ROS1-18-0009,2023-08-17,0.45372949845966865,0.23533503035975004,-0.46567491184139603
ROS1-07-0005,2023-08-17,0.19521998732294407,0.09588023850795724,-0.3039606191598793
ROS1-13-0005,2023-08-17,0.3206260577230174,0.20542120438352673,-0.44542760848320834
ROS1-07-0018,2023-09-02,0.6984451033573641,0.5142468815816549,-0.6506444500624832
ROS1-18-0030,2023-09-02,0.31138671027772596,0.12103648974912898,-0.41842584459938986
ROS1-07-0005,2023-09-02,0.18981027052868152,0.09548982023415828,-0.29139298279033693
ROS1-13-0005,2023-09-02,0.31722678074104804,0.2046211690508413,-0.43982146536633016
ROS1-07-0018,2023-09-18,0.8044880342196526,0.6214214647986316,-0.7137504617823837
ROS1-18-0030,2023-09-18,0.22972270325020808,0.10279745874479713,-0.3534030537984563
ROS1-18-0024,2023-09-18,0.2052553439463429,0.08372252665201478,-0.3123578982640275
ROS1-18-0009,2023-09-18,0.22996248691150908,0.09751107148079434,-0.3489605407424985
ROS1-07-0005,2023-09-18,0.2036557133655337,0.08649063063165578,-0.2954674063417688
ROS1-13-0005,2023-09-18,0.34501539090407485,0.18722023400956472,-0.44064888735076757
ROS1-07-0018,2023-10-04,0.7500517735622934,0.5439909455783731,-0.6757078823888112
ROS1-18-0030,2023-10-04,0.2003593425532403,0.09524986507781816,-0.30477611032038604
ROS1-18-0009,2023-10-04,0.18677168610470268,0.08552832500896569,-0.2969003366159845
ROS1-07-0005,2023-10-04,0.2043712275412962,0.0923127802897142,-0.29461364148974417
ROS1-13-0005,2023-10-04,0.21832759427891088,0.09378956832577505,-0.3124438695714861
ROS1-18-0024,2023-10-20,0.19478165756079793,0.09480872140981032,-0.2989156412220929
ROS1-22-0026,2023-04-02,0.22832591450450737,0.057517180964698364,-0.3326585720143017
ROS1-22-0006,2023-04-02,0.2066949246048078,0.0706097676771456,-0.30927417695786297
ROS1-16-0004,2023-04-02,0.32100178445143124,0.10115400846433178,-0.40437706681626245
ROS1-22-0026,2023-05-04,0.4452475722860596,0.17544083703416366,-0.43399690932012264
ROS1-22-0006,2023-05-04,0.29665412588189904,0.0987397507566792,-0.3522946508505528
ROS1-16-0004,2023-05-04,0.4224633552033505,0.17350635609033682,-0.44046085561162873
ROS1-22-0006,2023-05-20,0.39290002524148754,0.17313106886121798,-0.3854768179452031
ROS1-16-0004,2023-05-20,0.5834338257260331,0.3144923750719458,-0.544471172495477
ROS1-22-0026,2023-06-05,0.7008720153363863,0.29197931399652505,-0.6018882206522398
ROS1-22-0006,2023-06-05,0.6370245199174744,0.3174677887181222,-0.5455507426818926
ROS1-16-0004,2023-06-05,0.7516551636751003,0.4407605786433662,-0.678878367486483
ROS1-22-0026,2023-06-21,0.5901475198648775,0.2939173111557066,-0.5666542313677491
ROS1-22-0006,2023-06-21,0.7733429447682914,0.44944850179422774,-0.6599752205543542
ROS1-16-0004,2023-06-21,0.7762240086472298,0.4507507864121875,-0.7084131198122037
ROS1-22-0026,2023-07-07,0.3905907228935291,0.20663402606981382,-0.48638408601938654
ROS1-22-0006,2023-07-07,0.3826663677127007,0.18656646144704359,-0.4945139633555654
ROS1-16-0004,2023-07-07,0.5871406003137549,0.30991145277052184,-0.6123021549020402
ROS1-22-0026,2023-08-08,0.2257118684397003,0.07276373534444659,-0.32392983634235784
ROS1-22-0006,2023-08-08,0.24654560699297134,0.08122810354355091,-0.33001680620640583
ROS1-16-0004,2023-08-08,0.33902887770142315,0.14234354339002295,-0.4183704080196873
ROS1-22-0026,2023-08-24,0.24766262047006904,0.0790304513442692,-0.3255270982860964
ROS1-22-0006,2023-08-24,0.23511904939811284,0.07764655094417382,-0.30953740952539605
ROS1-16-0004,2023-08-24,0.4021462701673648,0.08083432632772954,-0.48736991015379344
ROS1-22-0026,2023-09-25,0.23977440359970975,0.07652717899736494,-0.3313014040417273
ROS1-22-0006,2023-09-25,0.21087974087522313,0.06432756882041539,-0.3186715063095577
ROS1-16-0004,2023-09-25,0.20824036414569944,0.052317959967613105,-0.3137743128951807
ROS1-15-0003,2023-04-02,0.21606959163048164,0.050410073594093704,-0.3035229592578552
ROS1-16-0006,2023-04-02,0.21905464579621411,0.09000555123107774,-0.32488202609133693
ROS1-22-0026,2023-04-02,0.22835919118745818,0.05775491064335212,-0.33146546801617677
ROS1-15-0006,2023-04-02,0.2189256536490389,0.09223059930495117,-0.31413845767856874
ROS1-14-0002,2023-04-02,0.053737764480800324,-0.18895652520220585,-0.05229514600487252
ROS1-15-0022,2023-04-02,0.35684827980114503,0.09240407053946913,-0.45133627098387485
ROS1-16-0004,2023-04-02,0.32285248396939625,0.10159834151111455,-0.40637414854501497
ROS1-14-0002,2023-04-18,0.7216419594461241,0.41359590605439395,-0.6685696309229126
ROS1-15-0022,2023-04-18,0.4387924546453799,0.22563363851646737,-0.44570704655122434
ROS1-15-0003,2023-05-04,0.30801025615142014,0.13081304488735282,-0.3548321349727658
ROS1-16-0006,2023-05-04,0.5513361377345865,0.3103598801180713,-0.5323176923110684
ROS1-22-0026,2023-05-04,0.4468524439950377,0.17585271428651503,-0.4351075291996837
ROS1-15-0006,2023-05-04,0.28497827882081544,0.11191767926261785,-0.3619444374074315
ROS1-14-0002,2023-05-04,0.832745832659839,0.5195398671167127,-0.736795752988496
ROS1-15-0022,2023-05-04,0.700876700405416,0.4101218256074192,-0.6221634665806168
ROS1-16-0004,2023-05-04,0.4228696162676988,0.17348158110141818,-0.4406889771573894
ROS1-15-0003,2023-05-20,0.38048384623824016,0.18067502060125917,-0.40394726610660125
ROS1-16-0006,2023-05-20,0.665979599222944,0.3985421703095616,-0.623319236269711
ROS1-21-0043,2023-05-20,0.5808001228568601,0.33762332326645544,-0.5722432658930142
ROS1-15-0006,2023-05-20,0.43471877398981174,0.2276919414103274,-0.4295523562788443
ROS1-21-0036,2023-05-20,0.7418992280766996,0.4383858128750318,-0.6783941382443508
ROS1-14-0002,2023-05-20,0.8215022488042069,0.5309875337423628,-0.7282841150854747
ROS1-15-0022,2023-05-20,0.774930507578748,0.4890460746053756,-0.6930571076918067
ROS1-16-0004,2023-05-20,0.5871999999690326,0.31545135762419413,-0.5463956278323548
ROS1-15-0003,2023-06-05,0.5787598965530463,0.30358520748051493,-0.5412532216207773
ROS1-16-0006,2023-06-05,0.8121886480108804,0.5294002861490825,-0.7308568045140442
ROS1-21-0043,2023-06-05,0.6403309902970494,0.31155251041291454,-0.621156645191455
ROS1-22-0026,2023-06-05,0.7017859960801742,0.29277333080624635,-0.6025059661202894
ROS1-15-0006,2023-06-05,0.7535768703505525,0.5110531655412752,-0.6422978611580317
ROS1-21-0036,2023-06-05,0.6328221004145393,0.22311982558288157,-0.6040013887816191
ROS1-14-0002,2023-06-05,0.6205076937526328,0.36602034566681946,-0.5637985247104788
ROS1-15-0022,2023-06-05,0.7922470013113477,0.48351555315016737,-0.7056440215018858
ROS1-16-0004,2023-06-05,0.7511601248514399,0.4413532608708804,-0.6781945599005335
ROS1-15-0003,2023-06-21,0.6762457153690586,0.40399871610259347,-0.617959798226272
ROS1-16-0006,2023-06-21,0.839066175858435,0.5769756475962134,-0.7574900929249571
ROS1-21-0043,2023-06-21,0.6441415605521174,0.3834391675627576,-0.62700087482653
ROS1-22-0026,2023-06-21,0.5916788598866884,0.2944443534996864,-0.5680000287220643
ROS1-15-0006,2023-06-21,0.8750550431196554,0.7243546690032305,-0.7568442708480192
ROS1-21-0036,2023-06-21,0.43391975570787866,0.2145077114125676,-0.5187174656359047
ROS1-15-0022,2023-06-21,0.7171086598225209,0.4232435151945656,-0.6538529874425058
ROS1-16-0004,2023-06-21,0.7771626281506555,0.4513635590361594,-0.7090643030228823
ROS1-15-0003,2023-07-07,0.28090233885042365,0.11428553727038163,-0.3684758740070011
ROS1-16-0006,2023-07-07,0.623714276849851,0.4137309374036529,-0.5995178986858034
ROS1-21-0043,2023-07-07,0.5287218287212185,0.3078289634360545,-0.5838160369750358
ROS1-22-0026,2023-07-07,0.39107395989880517,0.20684053975957908,-0.4863741871054894
ROS1-15-0006,2023-07-07,0.7691270919866856,0.604145368995654,-0.6719726337714685
ROS1-21-0036,2023-07-07,0.25251202443373677,0.1469175503450738,-0.4017345440248701
ROS1-15-0022,2023-07-07,0.37640826142066935,0.18126454967931976,-0.4869696989237096
ROS1-16-0004,2023-07-07,0.5886199638987971,0.310331253801664,-0.6133194182437833
ROS1-15-0003,2023-08-08,0.3925126419832312,0.19348785133225976,-0.43838527437082975
ROS1-16-0006,2023-08-08,0.3657952115008027,0.2107818179166317,-0.47215609205847847
ROS1-21-0043,2023-08-08,0.39092948542080247,0.25857050855809427,-0.4727931677812539
ROS1-22-0026,2023-08-08,0.22626089117730303,0.07291798053422754,-0.32302723052627996
ROS1-15-0006,2023-08-08,0.373423258341079,0.2104668320652031,-0.45381293062882827
ROS1-21-0036,2023-08-08,0.2500131834054513,0.177454664749662,-0.3884757998880429
ROS1-14-0002,2023-08-08,0.304605114251671,0.19825835930609503,-0.4352224858800875
ROS1-15-0022,2023-08-08,0.2355147591991932,0.11304485903605029,-0.34322672901436807
ROS1-16-0004,2023-08-08,0.34199672255812125,0.14204005018690738,-0.4214404404173011
ROS1-15-0003,2023-08-24,0.25313925987752134,0.09844842997733566,-0.3380007140578524
ROS1-21-0043,2023-08-24,0.4869565155833807,0.21279529670926056,-0.4885988742219508
ROS1-22-0026,2023-08-24,0.2486061512974501,0.07937117559196906,-0.3268811577326006
ROS1-15-0006,2023-08-24,0.27235940047504054,0.12833865821194207,-0.38143579267728955
ROS1-21-0036,2023-08-24,0.24532261757716906,0.10091954600548426,-0.34983851798139226
ROS1-14-0002,2023-08-24,0.32268790301204187,0.1720231976787489,-0.4067478092171045
ROS1-15-0022,2023-08-24,0.2931986072472373,0.14579167802230217,-0.39614786215928965
ROS1-16-0004,2023-08-24,0.43318570760817887,0.075399136387742,-0.5229901567743865
ROS1-21-0043,2023-09-09,0.2663402568006907,0.1309433612296574,-0.37559431607186267
ROS1-21-0036,2023-09-09,0.2044046305685445,0.09525262640432362,-0.2742856075900443
ROS1-14-0002,2023-09-09,0.22464882972185327,0.06510522997869361,-0.3232358734413825
ROS1-15-0003,2023-09-25,0.2231181656310886,0.07400687854475817,-0.32357924065247406
ROS1-16-0006,2023-09-25,0.336364763746608,0.18819162919245977,-0.46830954842084394
ROS1-21-0043,2023-09-25,0.21633912576324135,0.08363698656244857,-0.3486611300466787
ROS1-22-0026,2023-09-25,0.24098710339857732,0.07688795585235164,-0.33093567493295223
ROS1-15-0006,2023-09-25,0.225204034013475,0.1013304608907684,-0.34283504309211005
ROS1-21-0036,2023-09-25,0.19021198139910847,0.058392882114084145,-0.30800907059897004
ROS1-14-0002,2023-09-25,0.19045877861034985,0.06450122633629952,-0.28605529467851776
ROS1-15-0022,2023-09-25,0.20283672442742176,0.08139658193826281,-0.3163721770947151
ROS1-16-0004,2023-09-25,0.20956199954016824,0.05249228438467119,-0.3140606338175306
ROS1-21-0043,2023-10-11,0.3939216891499681,0.08915377795712602,-0.5086001348569286
ROS1-15-0006,2023-10-11,0.2190778006588696,0.10039335281156365,-0.3283613505970083
ROS1-21-0036,2023-10-11,0.19008809756439696,0.05312034208124614,-0.2779798367962242
ROS1-14-0002,2023-10-11,0.218805247804385,0.06551106759868564,-0.33392723223122267
ROS1-15-0022,2023-10-11,0.205859037087912,0.07920535491748236,-0.31614418151919876
ROS1-01-0031,2023-04-02,0.19800525747917216,0.06859492205487612,-0.2648065920555639
ROS1-07-0018,2023-04-02,0.268141604919814,0.0908779969474598,-0.33917107206802605
ROS1-13-0013,2023-04-02,0.5669502889706222,0.2745977034119328,-0.5767850758855636
ROS1-01-0005,2023-04-02,0.4643150735737571,0.21945201975151762,-0.45887877401021965
ROS1-07-0005,2023-04-02,0.7185453155775656,0.42109798056414777,-0.6702434153152242
ROS1-08-0022,2023-04-02,0.34561665171360717,0.15138392224270275,-0.3962778661486377
ROS1-14-0002,2023-04-02,-0.06071456646308301,-0.6563439888409238,0.05080759347960757
ROS1-07-0018,2023-04-18,0.4052249330275686,0.18783409225611145,-0.4175010364320403
ROS1-13-0013,2023-04-18,0.563732748662257,0.3267510226758297,-0.5537523919476995
ROS1-07-0005,2023-04-18,0.7439583164779245,0.5691933649095914,-0.6790373332095588
ROS1-08-0022,2023-04-18,0.5187104637373263,0.35235546232213605,-0.4990739973720367
ROS1-14-0002,2023-04-18,0.7227821971488931,0.41301589542388756,-0.669339518576438
ROS1-01-0031,2023-05-04,0.5752182738445021,0.317729615963535,-0.5062308497194623
ROS1-07-0018,2023-05-04,0.5912472309972978,0.3283369684621964,-0.5632676094271343
ROS1-13-0013,2023-05-04,0.7149242124565615,0.38389899688085927,-0.6447724010400262
ROS1-01-0005,2023-05-04,0.8305451405067249,0.5712479554348322,-0.718513356940036
ROS1-07-0005,2023-05-04,0.5900952885259864,0.45068740930678847,-0.545035798260744
ROS1-08-0022,2023-05-04,0.6972866242333506,0.26946488018021497,-0.6267093851690725
ROS1-14-0002,2023-05-04,0.83283477464827,0.5191851433159215,-0.7375180063909119
ROS1-01-0031,2023-05-20,0.6694131866576775,0.46249819175660206,-0.5939565338370182
ROS1-07-0018,2023-05-20,0.6773833034660738,0.4239576478785537,-0.6401257759358273
ROS1-13-0013,2023-05-20,0.7215162405630935,0.4459533329165591,-0.6610039824248873
ROS1-01-0005,2023-05-20,0.8466558786810305,0.6332171139712536,-0.7403599977216928
ROS1-07-0005,2023-05-20,0.8120197357263534,0.6718601871353161,-0.7328740089804475
ROS1-08-0022,2023-05-20,0.7849952559208908,0.5183073013216054,-0.6857321705946957
ROS1-14-0002,2023-05-20,0.82165118633786,0.5314527411859503,-0.7294924446781845
ROS1-01-0031,2023-06-05,0.7324978311665653,0.58711552843933,-0.6506195766631039
ROS1-13-0013,2023-06-05,0.6428546529983811,0.37297956156599704,-0.6053110543769112
ROS1-01-0005,2023-06-05,0.7526689325612212,0.5006079524619332,-0.6749293258541966
ROS1-07-0005,2023-06-05,0.8668532555913643,0.673558199219336,-0.7378860062760013
ROS1-08-0022,2023-06-05,0.7944311550259121,0.5489050971003292,-0.677103783511609
ROS1-14-0002,2023-06-05,0.6171883810899482,0.3700458814972819,-0.5624593568190331
ROS1-01-0031,2023-07-07,0.2567922765929104,0.15638391523311373,-0.3864060489579438
ROS1-07-0018,2023-07-07,0.2653653801719358,0.11808848805150869,-0.36055148752532185
ROS1-13-0013,2023-07-07,0.5095517597292161,0.29728451074241274,-0.5311307174293012
ROS1-01-0005,2023-07-07,0.3154434670008906,0.18619157474285183,-0.45599081780360945
ROS1-07-0005,2023-07-07,0.3676447771709563,0.18906345745023648,-0.5129447319752125
ROS1-08-0022,2023-07-07,0.41271903935921367,0.21689439140318698,-0.521551212300791
ROS1-01-0031,2023-07-23,0.23127423669329036,0.12935918280033565,-0.2995302866469632
ROS1-07-0018,2023-07-23,0.33090408437014773,0.1544656698388668,-0.3873429156169923
ROS1-13-0013,2023-07-23,0.7099325282653826,0.4860059068738331,-0.6500378893411196
ROS1-01-0005,2023-07-23,0.3219304969899775,0.3238497667099015,-0.3768295305162501
ROS1-07-0005,2023-07-23,0.20794661521126545,0.1684202684098292,-0.27948949772632775
ROS1-01-0031,2023-08-08,0.285894164644264,0.17521171129102864,-0.38779265859828155
ROS1-07-0018,2023-08-08,0.46267886884233866,0.19840808716079042,-0.47915683532866943
ROS1-13-0013,2023-08-08,0.6453327224572539,0.38041334362389256,-0.626235912863197
ROS1-01-0005,2023-08-08,0.354649624212811,0.2484135022746059,-0.4739760361406958
ROS1-07-0005,2023-08-08,0.213390857698328,0.10149224105056874,-0.32145196685426314
ROS1-08-0022,2023-08-08,0.3363306728094772,0.24676257850251232,-0.4294987872974188
ROS1-14-0002,2023-08-08,0.30721107790277047,0.19593805036496148,-0.4422579555424892
ROS1-01-0031,2023-08-24,0.41825582448419424,0.2405725369278088,-0.43585264731223117
ROS1-13-0013,2023-08-24,0.5009768539962156,0.2509274985178538,-0.5227340574488591
ROS1-01-0005,2023-08-24,0.2324907002945963,0.12686679832557257,-0.3431976056304946
ROS1-07-0005,2023-08-24,0.18965433684605187,0.09188192328026547,-0.2973761658360878
ROS1-14-0002,2023-08-24,0.3233518662771409,0.1710276856348254,-0.4099127129769961
ROS1-01-0031,2023-09-09,0.2632902987573088,0.19105933624076737,-0.3110655282983297
ROS1-07-0018,2023-09-09,0.5176493546581695,0.4035354502494908,-0.5095990481589262
ROS1-13-0013,2023-09-09,0.5023990394062311,0.1855496965707787,-0.5250155136350535
ROS1-01-0005,2023-09-09,0.2340787043291235,0.11851790290086926,-0.32607931846899013
ROS1-14-0002,2023-09-09,0.23075027206084783,0.06562473587225537,-0.33399566684930376
ROS1-01-0031,2023-09-25,0.4263927312277302,0.23638450343958486,-0.43830139168998644
ROS1-07-0018,2023-09-25,0.7730377686494286,0.5702064733539768,-0.7018698270301063
ROS1-13-0013,2023-09-25,0.4522360407374695,0.18999317713461114,-0.5003582380453275
ROS1-01-0005,2023-09-25,0.21567700055075534,0.09960930639732314,-0.3209680686419825
ROS1-07-0005,2023-09-25,0.19563640085632267,0.08106899902952855,-0.29216545728494714
ROS1-08-0022,2023-09-25,0.2775839121710157,0.14430463339462887,-0.39717488684951996
ROS1-14-0002,2023-09-25,0.1950770505893628,0.06490482319510552,-0.29592244620992747
ROS1-01-0031,2023-10-11,0.35041516990103544,0.1582019384114263,-0.3907339034013346
ROS1-07-0018,2023-10-11,0.6529514256931874,0.43445395690469774,-0.6157171952735423
ROS1-13-0013,2023-10-11,0.4906182410454155,0.20134589609762443,-0.5300659616714067
ROS1-01-0005,2023-10-11,0.214377849106166,0.09769470342580641,-0.3251271878013249
ROS1-07-0005,2023-10-11,0.2148392043514535,0.08483445523396034,-0.3081741489469605
ROS1-08-0022,2023-10-11,0.2711547867887142,0.055541918582874765,-0.40350958207413795
ROS1-14-0002,2023-10-11,0.2338918659154401,0.06667315344991465,-0.35714779169247945
ROS1-01-0005,2023-06-28,0.4258923118205237,0.22454284827160084,-0.5100117262103668
ROS1-01-0005,2023-08-15,0.26472256421382306,0.130534971704175,-0.3735605443647043
ROS1-01-0005,2023-08-31,0.2254517036214418,0.11720852810129281,-0.3402819584168656
ROS1-49-0003,2023-06-17,0.6152153253612472,0.4398004244756176,-0.6178371572002189
ROS1-43-0016,2023-06-17,0.8187670608519513,0.5913524424247051,-0.6777832912257338
ROS1-49-0012,2023-06-17,0.5867689141182746,0.3958679711948102,-0.5961328442685833
ROS1-49-0003,2023-07-03,0.49252752954954276,0.30037029274914095,-0.5665833382508215
ROS1-43-0016,2023-07-03,0.7163412808112232,0.5420640756891121,-0.6214774358534025
ROS1-49-0012,2023-07-03,0.35469407048933127,0.20371267522216538,-0.47229745404861595
ROS1-49-0003,2023-08-04,0.34740016086625886,0.2143507908548327,-0.4771325940634506
ROS1-43-0016,2023-08-04,0.18442554290388044,0.1795062169558389,-0.28791828741724823
ROS1-49-0012,2023-08-04,0.3129436372706639,0.1987204927305903,-0.43429550200115075
ROS1-49-0003,2023-08-20,0.30274106809208795,0.18994821536496143,-0.45734548139299674
ROS1-43-0016,2023-08-20,0.21211512979235964,0.13900664155949422,-0.36406465184398845
ROS1-49-0012,2023-08-20,0.3118233260396216,0.20644507678324153,-0.4398910192602661
ROS1-49-0012,2023-09-05,0.2869732163727079,0.2246476711505281,-0.4140447892398985
ROS1-49-0003,2023-09-21,0.2733249214941977,0.15435669417563047,-0.42012514093727793
ROS1-43-0016,2023-09-21,0.24540743144438099,0.14926956104528402,-0.37315173817816455
ROS1-49-0012,2023-09-21,0.2905151367995262,0.1796162668009376,-0.4131340319289724
ROS1-49-0003,2023-10-07,0.3104799433288187,0.162298051071983,-0.44717120100025914
ROS1-43-0016,2023-10-07,0.3945716953448735,0.2138554541236208,-0.44780795900955567
ROS1-49-0012,2023-10-07,0.3365391860386735,0.20651089892235944,-0.45378307580836025
ROS1-43-0016,2023-10-23,0.21401747723556472,0.13070928198290094,-0.35671787899676605
ROS1-49-0012,2023-10-23,0.20205117664790634,0.09770776807049056,-0.3285982080596839
ROS1-42-0000,2023-05-16,0.7132323393778324,0.5893949500556077,-0.6865894325219876
ROS1-36-0005,2023-05-16,0.6465906720757723,0.3984794880173785,-0.6235405638168693
ROS1-42-0016,2023-05-16,0.8065382561252951,0.5705998311574049,-0.7300694898735116
ROS1-42-0000,2023-06-17,0.3013577981352564,0.18095158795702582,-0.4004566241236118
ROS1-42-0016,2023-06-17,0.3476223289971378,0.14681163748113948,-0.4658877146362734
ROS1-43-0016,2023-06-17,0.8068445552360222,0.5923891709897682,-0.6684230447253154
ROS1-42-0000,2023-07-03,0.26039831985316303,0.14660811329760384,-0.3910866640429971
ROS1-36-0005,2023-07-03,0.3241694939494824,0.16699835207881208,-0.43192480195212474
ROS1-42-0016,2023-07-03,0.25702760401163743,0.12198461531355304,-0.38258095228374767
ROS1-43-0016,2023-07-03,0.7181095179480449,0.5428794597445185,-0.6221934229930777
ROS1-42-0000,2023-07-19,0.2682753233333766,0.16748922842351774,-0.38983410628071385
ROS1-42-0016,2023-07-19,0.30035982626366636,0.19304933148818698,-0.40122328199062995
ROS1-43-0016,2023-08-04,0.20194010247084823,0.17719654843433816,-0.3174541791482923
ROS1-42-0000,2023-08-20,0.25894181484048523,0.18597633552609014,-0.4013361291000616
ROS1-42-0016,2023-08-20,0.29582873110071745,0.21687867230383862,-0.43214666094873067
ROS1-43-0016,2023-08-20,0.21239934399650465,0.1392281548290189,-0.36432692332719513
ROS1-42-0000,2023-09-21,0.193778828924391,0.0890986498349962,-0.33575177423586205
ROS1-42-0016,2023-09-21,0.27981150226048385,0.19740842199799205,-0.42467052258561144
ROS1-43-0016,2023-09-21,0.24661802663445156,0.1497327666360681,-0.3745227433696205
ROS1-42-0000,2023-10-07,0.19657915309350799,0.08674511204472686,-0.32444203723431714
ROS1-42-0016,2023-10-07,0.20499288888535072,0.07790107259409855,-0.34686625335609755
ROS1-43-0016,2023-10-07,0.39613394830439874,0.2143538278585622,-0.44904782693735634
ROS1-42-0000,2023-10-23,0.19335372662932104,0.08993459736011013,-0.32390687783892874
ROS1-42-0016,2023-10-23,0.185188614525736,0.08396400462896901,-0.32991257191971546
ROS1-43-0016,2023-10-23,0.2156428805123951,0.13138975857920565,-0.35849782100853145
ROS1-33-0008,2023-04-05,0.5926299168444297,0.35580070884057546,-0.564340893476956
ROS1-33-0008,2023-09-12,0.3002996438349506,0.1817427919989121,-0.42452628042018026
ROS1-31-0028,2023-04-05,0.5759972598639005,0.3396205329850825,-0.5591230874294998
ROS1-37-0012,2023-04-05,0.7326010592131278,0.494210604288811,-0.6712756315211835
ROS1-38-0001,2023-04-05,0.5172042508679746,0.27135393060102453,-0.5179842546491792
ROS1-43-0006,2023-04-05,0.5386771525581767,0.3092283182306569,-0.5480174811066076
ROS1-49-0003,2023-04-05,0.2319441176097493,0.13370152906657262,-0.353739934327227
ROS1-36-0005,2023-04-05,0.3992618605250976,0.20139171319628937,-0.44137706188233145
ROS1-37-0019,2023-04-05,0.3879686704339297,0.2501917856088078,-0.44548138219326266
ROS1-38-0007,2023-04-05,0.2123402387666828,0.10847972394953892,-0.3160141337504046
ROS1-43-0016,2023-04-05,0.20495294349644225,0.10037601198223313,-0.3366707873431653
ROS1-49-0012,2023-04-05,0.3158252083458035,0.15930286108545894,-0.40818988619575625
ROS1-43-0006,2023-04-21,0.7672048409925286,0.4218815648913698,-0.6896300859885158
ROS1-49-0012,2023-04-21,0.41057735250698446,0.3101844931144327,-0.44045779490203907
ROS1-31-0028,2023-06-08,0.76713690358513,0.4531428676532407,-0.709690527247328
ROS1-37-0012,2023-06-08,0.6612391794784401,0.345022897305394,-0.6234175392658774
ROS1-38-0001,2023-06-08,0.6956755385877115,0.40528566497897756,-0.6444056416498251
ROS1-43-0006,2023-06-08,0.5588286538701418,0.2760143555010584,-0.561662507734671
ROS1-49-0003,2023-06-08,0.7423381663708178,0.49588714090655317,-0.7009444952353204
ROS1-31-0021,2023-06-08,0.822043896558667,0.5567178744338201,-0.7532480591637191
ROS1-36-0005,2023-06-08,0.5979754811046434,0.28177532536330996,-0.5867385583338055
ROS1-37-0019,2023-06-08,0.6057344023729497,0.3696660418647373,-0.6159431529496459
ROS1-43-0016,2023-06-08,0.5679880695361793,0.4030255618796415,-0.5548547641957587
ROS1-49-0012,2023-06-08,0.708123287932843,0.37141873677359094,-0.6786476571805602
ROS1-31-0028,2023-06-24,0.34245886024764716,0.1747043439090475,-0.4321099686223886
ROS1-43-0006,2023-06-24,0.27842869245094115,0.17063993340582348,-0.36686718578840305
ROS1-38-0007,2023-06-24,0.5969556939768017,0.39166053813473756,-0.6127784248529958
ROS1-43-0016,2023-06-24,0.7605634946692718,0.6152655203284959,-0.6555998350735731
ROS1-49-0012,2023-06-24,0.3725383700743415,0.23860259632072414,-0.45328106330837364
ROS1-31-0028,2023-07-26,0.23050116872849227,0.11019541430937563,-0.3761335037058218
ROS1-37-0012,2023-07-26,0.3002209767124662,0.17853942505039358,-0.4122539041358944
ROS1-38-0001,2023-07-26,0.2795204685330388,0.2005700602614464,-0.4151301051180423
ROS1-43-0006,2023-07-26,0.30699184051542855,0.18531597547560774,-0.41387840942203946
ROS1-49-0003,2023-07-26,0.3638126872729101,0.22873631741581282,-0.48027277867314155
ROS1-31-0021,2023-07-26,0.19124273752809517,0.10513462481120879,-0.3228947414236747
ROS1-36-0005,2023-07-26,0.47203770859739547,0.2599448019503971,-0.5087625899297481
ROS1-37-0019,2023-07-26,0.2763879420090246,0.17686665768779228,-0.39769376707573817
ROS1-38-0007,2023-07-26,0.5547974290142109,0.37244477914655844,-0.5942209412836887
ROS1-43-0016,2023-07-26,0.23479165472063016,0.15639129825788986,-0.39050757837183653
ROS1-49-0012,2023-07-26,0.34826272611046605,0.1379560042273033,-0.4506208015037494
ROS1-31-0028,2023-08-11,0.2026218895397513,0.15041236175602335,-0.3447478306620896
ROS1-37-0012,2023-08-11,0.3021706460248063,0.21635915075558343,-0.4206781381448689
ROS1-38-0001,2023-08-11,0.2924196096026775,0.19639584760896933,-0.4017979510206634
ROS1-43-0006,2023-08-11,0.27422337479646025,0.1865395037144881,-0.3928794378552933
ROS1-49-0003,2023-08-11,0.3225540931813432,0.19469071009623207,-0.4659386249493753
ROS1-31-0021,2023-08-11,0.19692505868472474,0.11376825962205338,-0.3197731230276817
ROS1-36-0005,2023-08-11,0.2960076357732764,0.20405413286783786,-0.4208067982564739
ROS1-37-0019,2023-08-11,0.2770479676609076,0.19041040788605126,-0.39582256678588507
ROS1-38-0007,2023-08-11,0.4717932765250893,0.28493135794332913,-0.5341753709288055
ROS1-43-0016,2023-08-11,0.2349067306830255,0.14689539041508698,-0.37912391846522653
ROS1-49-0012,2023-08-11,0.317406079186938,0.19893317706448296,-0.44174840275254573
ROS1-31-0028,2023-08-27,0.19514676995052838,0.138195905757883,-0.3425330207640275
ROS1-37-0012,2023-08-27,0.30844616977574235,0.21513204276656014,-0.4366453681712185
ROS1-38-0001,2023-08-27,0.32440077258136635,0.2160837620091874,-0.4398744820668068
ROS1-43-0006,2023-08-27,0.34504777722066793,0.22646764382404247,-0.4489483157907577
ROS1-49-0003,2023-08-27,0.2997577796439488,0.17947153489500445,-0.4688264805667585
ROS1-31-0021,2023-08-27,0.18327099065885544,0.09227740386529343,-0.3172282041781267
ROS1-36-0005,2023-08-27,0.2964775441136172,0.20490773717862867,-0.4402362030952989
ROS1-37-0019,2023-08-27,0.2855469996249783,0.19392107725251678,-0.4085472681165534
ROS1-38-0007,2023-08-27,0.49687012845027656,0.30272039415210045,-0.5666554685823428
ROS1-43-0016,2023-08-27,0.21581669244409568,0.13159271712012288,-0.3773415116570392
ROS1-49-0012,2023-08-27,0.3278327757411185,0.20843755042881987,-0.46068266227842253
ROS1-38-0001,2023-09-12,0.34617387531182064,0.16660717651578422,-0.43569061311411694
ROS1-31-0021,2023-09-12,0.2087082117036714,0.11089555797526773,-0.33681019523758315
ROS1-36-0005,2023-09-12,0.26663777602778405,0.09989714419380315,-0.35442533913284785
ROS1-37-0019,2023-09-12,0.2674151279474951,0.1691545754316683,-0.4118688334230834
ROS1-49-0012,2023-09-12,0.6028326670474016,0.09409319108879823,-0.8868391330070459
ROS1-31-0028,2023-09-28,0.20547661414131335,0.1318203775381831,-0.34832627771971836
ROS1-37-0012,2023-09-28,0.28900277219319864,0.16116342156587407,-0.4060572761035627
ROS1-38-0001,2023-09-28,0.34241878708043333,0.2136035529183806,-0.45279524987442465
ROS1-43-0006,2023-09-28,0.3609919624217073,0.22595334773021908,-0.4732553053181486
ROS1-49-0003,2023-09-28,0.25983565172178147,0.12642440929845133,-0.3629504670420288
ROS1-31-0021,2023-09-28,0.19526380017544334,0.09524485910802942,-0.32652901643148063
ROS1-36-0005,2023-09-28,0.2979226760335631,0.18879628603024878,-0.4257479905428745
ROS1-37-0019,2023-09-28,0.29700392581824847,0.18736837453335925,-0.4080477273034513
ROS1-38-0007,2023-09-28,0.41248678101597097,0.23263464375744697,-0.517637915368325
ROS1-43-0016,2023-09-28,0.3261149483062912,0.20032162441487317,-0.4160439532772219
ROS1-49-0012,2023-09-28,0.34480079872148783,0.21237852626289286,-0.45251787429504425
ROS1-31-0028,2023-10-14,0.21016797448066668,0.10662685225208886,-0.33766336464630164
ROS1-37-0012,2023-10-14,0.2747837411038265,0.14738632539469287,-0.39820277383186536
ROS1-49-0003,2023-10-14,0.3017559698934891,0.16471930336285054,-0.4372897888979989
ROS1-31-0021,2023-10-14,0.196011156148413,0.08616375800743446,-0.32088239007096964
ROS1-36-0005,2023-10-14,0.19277932594913852,0.07917065024615229,-0.3158109620744108
ROS1-37-0019,2023-10-14,0.29582805541673435,0.18347202410657054,-0.41111190607574727
ROS1-43-0016,2023-10-14,0.2511739581981131,0.14134208739111423,-0.38542203443624196
ROS1-49-0012,2023-10-14,0.32844166703870176,0.19566808739508104,-0.45202993525745017
ROS1-31-0028,2023-10-30,0.2163083608286153,0.07637784884427554,-0.31423318612750567
ROS1-37-0012,2023-10-30,0.2417451838366459,0.11878352816991472,-0.35579452058536415
ROS1-43-0006,2023-10-30,0.22715232277327516,0.0797649731708949,-0.35702758731419343
ROS1-49-0003,2023-10-30,0.2012363309391464,0.08427722662933468,-0.3658752181418698
ROS1-31-0021,2023-10-30,0.2621514755930964,0.09751652969137678,-0.34133800145779464
ROS1-36-0005,2023-10-30,0.198808888056339,0.08096694763592406,-0.3188816745210927
ROS1-38-0007,2023-10-30,0.24418030954272865,0.10551864220952692,-0.3644428110250573
ROS1-43-0016,2023-10-30,0.20292589044343237,0.0955411784608744,-0.3364973758240252
ROS1-49-0012,2023-10-30,0.19978562890707216,0.07311305282430412,-0.3572693066018067
ROS1-36-0019,2023-04-05,0.643637667387272,0.4269502095568175,-0.6194860378699513
ROS1-24-0006,2023-04-05,0.7324031864407872,0.490777341695236,-0.6503060368385369
ROS1-30-0013,2023-04-05,0.485307016198777,0.34216860592337484,-0.4569958785836769
ROS1-31-0028,2023-04-05,0.5759709971298611,0.33997785848210144,-0.5594466709052996
ROS1-36-0014,2023-04-05,0.7274997363716451,0.4545364615420565,-0.6573405732670938
ROS1-42-0000,2023-04-05,0.6143850977863743,0.4084766170402909,-0.6074960803744073
ROS1-30-0014,2023-04-05,0.8070418855082275,0.5836090562951531,-0.6963455730184025
ROS1-36-0005,2023-04-05,0.4002348407733888,0.20166839394983183,-0.44299039075699115
ROS1-37-0019,2023-04-05,0.3894684908985272,0.25185727131929375,-0.4471665842125134
ROS1-42-0016,2023-04-05,0.7027121121800747,0.4528848844525527,-0.6626124407724474
ROS1-36-0019,2023-06-08,0.49709226292490727,0.28211676308449685,-0.5330799363299502
ROS1-24-0006,2023-06-08,0.7415617582232865,0.4909962950648218,-0.6775540739865384
ROS1-25-0023,2023-06-08,0.4857709279829462,0.2872344387116856,-0.48572037329045764
ROS1-30-0013,2023-06-08,0.7670239398946979,0.5326842411250527,-0.6819896993640043
ROS1-31-0028,2023-06-08,0.7668282102038716,0.4528459509202961,-0.7102259087443757
ROS1-36-0014,2023-06-08,0.6576794162008909,0.4087742014654598,-0.6079111710071308
ROS1-42-0000,2023-06-08,0.5997647043065841,0.3433434732170409,-0.6058171377847441
ROS1-25-0002,2023-06-08,0.712527753989926,0.4547423263140858,-0.6321442457557379
ROS1-30-0014,2023-06-08,0.6293758984961123,0.4543786022899995,-0.6002337096319691
ROS1-31-0021,2023-06-08,0.8321757000509746,0.5871266906768601,-0.764186056426545
ROS1-36-0005,2023-06-08,0.5978480074008283,0.28172597933209553,-0.5875481760919095
ROS1-37-0019,2023-06-08,0.6047212396163115,0.3691355462787694,-0.6161688088355581
ROS1-42-0016,2023-06-08,0.5550298532832413,0.2654463354184573,-0.5709187166039912
ROS1-36-0014,2023-06-24,0.2961252617614025,0.18391990941428235,-0.4477637909451238
ROS1-30-0014,2023-06-24,0.34911125167952917,0.2518723632545785,-0.4667396460099623
ROS1-36-0019,2023-07-26,0.29476859527019944,0.14951939902594336,-0.403476532735216
ROS1-30-0013,2023-07-26,0.5259728649137855,0.32629432851080004,-0.5578320294386199
ROS1-31-0028,2023-07-26,0.23210155661665885,0.11068072688410244,-0.3775245435669325
ROS1-36-0014,2023-07-26,0.250730814085016,0.18854846121978477,-0.36294753293727416
ROS1-42-0000,2023-07-26,0.28771474027840244,0.1664644600856332,-0.4136788607230921
ROS1-30-0014,2023-07-26,0.3853528795931429,0.26694642971020915,-0.48352570604088196
ROS1-31-0021,2023-07-26,0.1925840536665892,0.1056400023136943,-0.32406803550293106
ROS1-36-0005,2023-07-26,0.4742712458615529,0.2600466950713939,-0.5105994453970087
ROS1-37-0019,2023-07-26,0.27778565096542346,0.17738950269615159,-0.39880786061192713
ROS1-42-0016,2023-07-26,0.4111989540421384,0.25186914805418703,-0.49023969681922164
ROS1-36-0019,2023-08-11,0.22012340344140569,0.1658682736829991,-0.3536509487554298
ROS1-31-0028,2023-08-11,0.20657791744487924,0.15121592391106412,-0.34888726010292015
ROS1-36-0014,2023-08-11,0.25488154628904924,0.19516275784198575,-0.3733082870550371
ROS1-42-0000,2023-08-11,0.2663198273710192,0.18509056503961113,-0.39986859771069805
ROS1-31-0021,2023-08-11,0.20249245524140339,0.11605914158281336,-0.3252282032071133
ROS1-36-0005,2023-08-11,0.29958902739768845,0.20591465969278253,-0.4232353765340267
ROS1-37-0019,2023-08-11,0.2809404451753307,0.19189458469164344,-0.39917006235909996
ROS1-42-0016,2023-08-11,0.3838768366790885,0.2513813796962973,-0.48121471338180116
ROS1-36-0019,2023-08-27,0.2185276948851532,0.16014665515460352,-0.36697245838389364
ROS1-30-0013,2023-08-27,0.339793667613149,0.2066116355596566,-0.47036163114433577
ROS1-31-0028,2023-08-27,0.19470372830644772,0.1405778543450188,-0.3384700872382824
ROS1-36-0014,2023-08-27,0.23382287328888474,0.18099262153156248,-0.3744549368053963
ROS1-42-0000,2023-08-27,0.19943574147634954,0.08975323242598139,-0.3561867930179877
ROS1-30-0014,2023-08-27,0.21345384390655367,0.11348806142497686,-0.3387895265946364
ROS1-31-0021,2023-08-27,0.18463715627120195,0.09276056400149332,-0.3193918909632679
ROS1-36-0005,2023-08-27,0.2973015479328358,0.20570549723505388,-0.44108896354888844
ROS1-37-0019,2023-08-27,0.28643691908278474,0.19469793370055333,-0.4095273745693157
ROS1-42-0016,2023-08-27,0.2937403119112825,0.21397756181355806,-0.4407357696778278
ROS1-31-0028,2023-09-12,0.2374279086791632,0.15199995425315269,-0.4132897764895676
ROS1-37-0019,2023-09-12,0.23772895367146785,0.16903564265281268,-0.3612103826034312
ROS1-36-0019,2023-09-28,0.22110885479658327,0.16098838668823318,-0.3572949888199232
ROS1-30-0013,2023-09-28,0.30547740820785185,0.17893231390294373,-0.4252777015391704
ROS1-31-0028,2023-09-28,0.20549081058382673,0.13179097279895916,-0.3485849379955875
ROS1-36-0014,2023-09-28,0.1931871937779439,0.12695892504648254,-0.3250711531576878
ROS1-42-0000,2023-09-28,0.18635359285144504,0.08142903938274884,-0.3301781339435134
ROS1-30-0014,2023-09-28,0.22378169538465237,0.10749509325741541,-0.3310860274170561
ROS1-31-0021,2023-09-28,0.19498571104338083,0.09517958903150688,-0.3261603912325767
ROS1-36-0005,2023-09-28,0.29809798025961143,0.19026272574028105,-0.4277680397675403
ROS1-37-0019,2023-09-28,0.29677089373157867,0.18717034862303922,-0.40798454804272777
ROS1-42-0016,2023-09-28,0.2846574882184588,0.1992157579996673,-0.4277290375040823
ROS1-36-0019,2023-10-14,0.22712936983283472,0.16605073759388075,-0.35880088273738286
ROS1-24-0006,2023-10-14,0.17928549007959696,0.08537176474959432,-0.2904756269287822
ROS1-30-0013,2023-10-14,0.30133433711301083,0.1695158332876251,-0.406182009314774
ROS1-31-0028,2023-10-14,0.20815420421535918,0.10715469577732702,-0.3324129375058122
ROS1-36-0014,2023-10-14,0.1866951624472102,0.0728199917926241,-0.311279949815099
ROS1-42-0000,2023-10-14,0.18703843555343036,0.08292257450486515,-0.32971074199730704
ROS1-30-0014,2023-10-14,0.21956509650002576,0.09627073520108453,-0.3307277276741928
ROS1-31-0021,2023-10-14,0.19699430633672035,0.08658028950603368,-0.32192866076755994
ROS1-36-0005,2023-10-14,0.19292383975291,0.07944748836355059,-0.31505594895085787
ROS1-37-0019,2023-10-14,0.2965487918739828,0.1836847945096,-0.411958964130446
ROS1-42-0016,2023-10-14,0.1879644943243846,0.08019440898966843,-0.3392775078121884
ROS1-36-0019,2023-10-30,0.2635493001592156,0.1659848466709119,-0.38227878095559853
ROS1-31-0028,2023-10-30,0.22642094157983336,0.07896280232435551,-0.3263882948556111
ROS1-36-0014,2023-10-30,0.19310675535634306,0.06730016123139118,-0.313802725920001
ROS1-42-0000,2023-10-30,0.21930351509341678,0.08431233500408827,-0.3504972175101763
ROS1-36-0005,2023-10-30,0.2015847341798531,0.08171220562399967,-0.3234801777319939
ROS1-42-0016,2023-10-30,0.19178072333241453,0.08203897418815737,-0.33627330295379576
ROS1-33-0010,2023-04-28,0.4795803390604007,0.2552791976810503,-0.4664035203429245
ROS1-26-0036,2023-04-28,0.6253741706404864,0.4478579553778672,-0.5876838266775388
ROS1-27-0021,2023-04-28,0.3058944968362593,0.17774325141983496,-0.3975136808478901
ROS1-28-0030,2023-04-28,0.7409715634648852,0.42373458818565585,-0.6686938067554095
ROS1-33-0009,2023-04-28,0.7780510428847832,0.487023494051069,-0.6982232807118669
ROS1-34-0003,2023-04-28,0.7074204397805879,0.40631431758281217,-0.6430704377296662
ROS1-28-0013,2023-04-28,0.6737250026026059,0.25428040656575607,-0.6008572845945985
ROS1-33-0008,2023-04-28,0.6798046960257665,0.4866409187727215,-0.623873692051762
ROS1-34-0005,2023-04-28,0.6021920547481732,0.3823121301825847,-0.5676343988798548
ROS1-33-0010,2023-05-14,0.6029825221612091,0.33617762488753217,-0.5547070806325544
ROS1-26-0036,2023-05-14,0.6224243865863688,0.3905356199982039,-0.5853674003551667
ROS1-27-0021,2023-05-14,0.5460717052288548,0.32614047852576644,-0.5324257102165375
ROS1-28-0030,2023-05-14,0.7745915270804593,0.474283902001487,-0.6700716775030157
ROS1-33-0009,2023-05-14,0.7935218103350298,0.49289567921122474,-0.7009607317141349
ROS1-34-0003,2023-05-14,0.6214165643920995,0.3249408720345994,-0.5817942778243806
ROS1-27-0005,2023-05-14,0.6522300894028287,0.4093428610772799,-0.590255888509992
ROS1-28-0013,2023-05-14,0.6732710066948593,0.37468072240803096,-0.6153799691720158
ROS1-33-0008,2023-05-14,0.6299618991676547,0.4479574207702643,-0.5915142221266673
ROS1-34-0005,2023-05-14,0.6411893822057071,0.3295856183328547,-0.5858131830379073
ROS1-26-0036,2023-05-30,0.6665545184160019,0.36358126055380613,-0.6187631885385954
ROS1-27-0021,2023-05-30,0.8190257087135479,0.5532600648242642,-0.7018209925228909
ROS1-28-0030,2023-05-30,0.6358159124556693,0.29321449559945145,-0.58273302280756
ROS1-27-0005,2023-05-30,0.7414035592215932,0.4448562876599172,-0.6402800070565402
ROS1-28-0013,2023-05-30,0.67247581691192,0.32961809610000503,-0.6083094806809
ROS1-33-0010,2023-06-15,0.40428758925442576,0.21227870781088679,-0.488797449266805
ROS1-26-0036,2023-06-15,0.5618745990497033,0.3269195260092365,-0.548366229802436
ROS1-28-0030,2023-06-15,0.507179482849862,0.22418420629024122,-0.5369206085160537
ROS1-33-0009,2023-06-15,0.5252707771206856,0.25543065275881227,-0.5722048545834033
ROS1-34-0003,2023-06-15,0.42868995469044113,0.18897868713439786,-0.48830628269707604
ROS1-28-0013,2023-06-15,0.5977179770179686,0.28196281574976434,-0.5655619622462067
ROS1-33-0008,2023-06-15,0.5280670215134708,0.33941209140331446,-0.5349240297333442
ROS1-34-0005,2023-06-15,0.4642585774950852,0.20329651598034668,-0.5092059180230727
ROS1-26-0036,2023-07-01,0.41398465783818056,0.12996697365105103,-0.4504549063086805
ROS1-33-0009,2023-07-01,0.2919531039668521,0.14134274996227103,-0.48371591810240416
ROS1-28-0013,2023-07-01,0.36958536274468556,0.16188910881857002,-0.46381252029390585
ROS1-33-0008,2023-07-01,0.45851615441434196,0.2870617849634626,-0.5042526049281387
ROS1-34-0005,2023-07-01,0.22556225282166212,0.1852157214800277,-0.32991699508123007
ROS1-26-0036,2023-07-17,0.22920885659364096,0.07900137423728132,-0.29034701835254834
ROS1-33-0010,2023-08-18,0.26746194537605006,0.13296636270536746,-0.39505407873214926
ROS1-27-0021,2023-08-18,0.23519813772845705,0.13301172144289958,-0.36388751639110195
ROS1-28-0030,2023-08-18,0.21202299449017836,0.13877692358500984,-0.3486953911533702
ROS1-33-0009,2023-08-18,0.2360738006194705,0.16797835982724757,-0.36414713583955133
ROS1-34-0003,2023-08-18,0.26417103133219194,0.16828488498099525,-0.3901536875098922
ROS1-27-0005,2023-08-18,0.21451612717422075,0.11189441864703223,-0.3178671868354317
ROS1-28-0013,2023-08-18,0.22005999065131218,0.11915539913732537,-0.34228762373558713
ROS1-33-0008,2023-08-18,0.3220724381243592,0.18692271086504583,-0.43077479221786014
ROS1-34-0005,2023-08-18,0.18796334014605134,0.12706903897280597,-0.31522963749981675
ROS1-33-0010,2023-09-03,0.17564497345919888,0.07052581769246506,-0.3021155927091783
ROS1-26-0036,2023-09-03,0.2676519732032225,0.1467745718673035,-0.36524754695121797
ROS1-27-0021,2023-09-03,0.19288993134719165,0.1079975959208871,-0.3392893806098137
ROS1-28-0030,2023-09-03,0.22059753016462574,0.14547592376702187,-0.36558317162148196
ROS1-33-0009,2023-09-03,0.22760279496485705,0.1573287794218057,-0.36735486261554234
ROS1-34-0003,2023-09-03,0.27808989067602613,0.19020713512738333,-0.41209256942307976
ROS1-27-0005,2023-09-03,0.20151355606993915,0.13861435917095533,-0.3376698292779514
ROS1-28-0013,2023-09-03,0.22938055353650064,0.07995384137846634,-0.31570970673219345
ROS1-33-0008,2023-09-03,0.297990478542823,0.17279504270276133,-0.41583588336079536
ROS1-34-0005,2023-09-03,0.2497560378645283,0.16817307142255525,-0.370712552046924
ROS1-33-0010,2023-09-19,0.17905518675471022,0.06933491354916924,-0.2999032025947856
ROS1-26-0036,2023-09-19,0.32923560266737967,0.18463945352827946,-0.40158877570917045
ROS1-28-0030,2023-09-19,0.21558946982981075,0.13284877958322525,-0.35656957695722014
ROS1-33-0009,2023-09-19,0.22468814744991716,0.14513210655541198,-0.36356537093949043
ROS1-34-0003,2023-09-19,0.28484577514315756,0.19017155920292844,-0.4316802764138475
ROS1-27-0005,2023-09-19,0.20319878424453516,0.09964182256497232,-0.3240552669643433
ROS1-28-0013,2023-09-19,0.22589531729751405,0.0734307552886969,-0.31938566887854253
ROS1-33-0008,2023-09-19,0.28761025566243065,0.1620056609325209,-0.39763061831599006
ROS1-34-0005,2023-09-19,0.27025470199933604,0.17794726872305558,-0.3863540786131584
ROS1-31-0028,2023-04-12,0.6592748213871988,0.37738614339587095,-0.6200455395191665
ROS1-25-0023,2023-04-28,0.28695526484067907,0.1613948805631853,-0.3599882857874621
ROS1-26-0036,2023-04-28,0.624339109556436,0.4482705257098134,-0.5869347017626613
ROS1-27-0021,2023-04-28,0.29241906083598396,0.18023580522251603,-0.3769364486393917
ROS1-30-0013,2023-04-28,0.8315595487997556,0.7338005550413933,-0.722511651575686
ROS1-32-0015,2023-04-28,0.7702861217824544,0.5121240492236973,-0.7045271450648691
ROS1-25-0002,2023-04-28,0.8071388816934201,0.6346922157322036,-0.6916968466748558
ROS1-30-0014,2023-04-28,0.8707581438438866,0.8040457374821889,-0.7818698604649578
ROS1-32-0006,2023-04-28,0.5354002814323723,0.2787495109513376,-0.5224868684979125
ROS1-19-0037,2023-05-14,0.3390303921626577,0.20692151037540782,-0.40267582627883625
ROS1-25-0023,2023-05-14,0.3238826300527347,0.1652448688039601,-0.39073454962524523
ROS1-26-0036,2023-05-14,0.624327522420838,0.3904939594118741,-0.5881487210637506
ROS1-27-0021,2023-05-14,0.5453562001026547,0.3264131286239956,-0.5326337396905221
ROS1-32-0015,2023-05-14,0.7935046803201397,0.44194785504381484,-0.7133873815355409
ROS1-38-0001,2023-05-14,0.7673293493553339,0.54974065090997,-0.6935474875776187
ROS1-19-0016,2023-05-14,0.5053138251484566,0.33018620899327483,-0.4822774061027378
ROS1-25-0002,2023-05-14,0.8099107744414294,0.602398085720915,-0.6996772960186174
ROS1-27-0005,2023-05-14,0.6521225745695594,0.40907716991067244,-0.5912303600956399
ROS1-30-0014,2023-05-14,0.8208034327368585,0.6360639229693917,-0.7430813721887812
ROS1-32-0006,2023-05-14,0.6588111786683183,0.3644705108647782,-0.6051160613448304
ROS1-38-0007,2023-05-14,0.3574595053720038,0.22977693357369638,-0.40368745328969874
ROS1-27-0021,2023-05-30,0.814699348429229,0.5485860824586978,-0.7009496712976435
ROS1-32-0015,2023-05-30,0.7208961109542243,0.3703097358091548,-0.6678727366658119
ROS1-26-0040,2023-05-30,0.7330208426075613,0.5236269429212833,-0.6614879823573176
ROS1-27-0005,2023-05-30,0.7276996430058627,0.4351910954922523,-0.6354743899935453
ROS1-32-0006,2023-05-30,0.6979948241430403,0.4127585928122796,-0.6340370264469485
ROS1-19-0037,2023-06-15,0.8472701943789195,0.7217920815408756,-0.7145174867448657
ROS1-25-0023,2023-06-15,0.649349963767568,0.41844291813145873,-0.6042329598250861
ROS1-26-0036,2023-06-15,0.5916557117490172,0.3453385817529268,-0.5650325156564999
ROS1-30-0013,2023-06-15,0.6425941521499564,0.3953670999015539,-0.5916680750929915
ROS1-31-0028,2023-06-15,0.5826350586342899,0.2975437558751655,-0.6163490990808652
ROS1-32-0015,2023-06-15,0.48958872667174796,0.2239226004639469,-0.5429385811196259
ROS1-38-0001,2023-06-15,0.587259147661956,0.30099642724525305,-0.6033904046572404
ROS1-19-0016,2023-06-15,0.8658800954146338,0.4423458846419725,-0.6924485044721893
ROS1-25-0002,2023-06-15,0.5436809242552655,0.28335384471146335,-0.5841884519460341
ROS1-26-0040,2023-06-15,0.35024268964516625,0.20847609610659587,-0.43179255868618216
ROS1-30-0014,2023-06-15,0.4012640585356017,0.2650148118873496,-0.517386861013638
ROS1-31-0021,2023-06-15,0.6569111903825707,0.39192645880172927,-0.6327415302068196
ROS1-32-0006,2023-06-15,0.6038993696955498,0.3353204332077251,-0.5892424810078613
ROS1-38-0007,2023-06-15,0.62848120379063,0.39905604085139984,-0.6116107804251494
ROS1-24-0023,2023-06-15,0.5005102661137105,0.23362483668794007,-0.5352792703987332
ROS1-25-0027,2023-06-15,0.809689253552204,0.5506648286688585,-0.6983073195923857
ROS1-19-0037,2023-07-01,0.8535744723206189,0.8968599070368487,-0.7548431699029856
ROS1-26-0036,2023-07-01,0.31356458243220997,0.09423695052291686,-0.3444096220679477
ROS1-32-0015,2023-07-01,0.2784446720553726,0.12449272511349128,-0.369757186679599
ROS1-19-0016,2023-07-01,0.7619617070792031,0.5605026151259905,-0.6343793758808011
ROS1-26-0040,2023-07-01,0.23108732396375614,0.1002168186790698,-0.3059419448771603
ROS1-31-0021,2023-07-01,0.35226042516681344,0.18927563366018896,-0.487746478787781
ROS1-32-0006,2023-07-01,0.31280857282779334,0.18759196721608973,-0.43739730057728365
ROS1-25-0027,2023-07-01,0.47041911524804275,0.26787923517845286,-0.484434492400146
ROS1-19-0037,2023-07-17,0.5641386808915935,0.5225271937435858,-0.5409279851094789
ROS1-25-0023,2023-07-17,0.5325855934653602,0.28253842753997815,-0.5396297527738213
ROS1-26-0036,2023-07-17,0.22926393588118152,0.08125631236142217,-0.30253529794483014
ROS1-32-0015,2023-07-17,0.2664855771934031,0.13427818339710032,-0.3756709116021836
ROS1-38-0001,2023-07-17,0.2682007808261213,0.19049610345971082,-0.36651991435368386
ROS1-25-0002,2023-07-17,0.3521369229634696,0.1794699104186157,-0.45587649692559656
ROS1-30-0014,2023-07-17,0.372190697899303,0.26338343131043945,-0.43606622006370166
ROS1-38-0007,2023-07-17,0.5797341302002311,0.38404881294154736,-0.5983782722194532
ROS1-24-0023,2023-07-17,0.2325530487615857,0.17405970690763556,-0.35269259495097116
ROS1-25-0027,2023-07-17,0.30981020440941315,0.18798099079495598,-0.42332994713671257
ROS1-25-0023,2023-08-02,0.3170122369597068,0.17459207277488553,-0.34233526667943687
ROS1-30-0013,2023-08-02,0.4217211604612255,0.2656469163072935,-0.4716001414115852
ROS1-31-0028,2023-08-02,0.20271265738644373,0.15016912646693564,-0.3446987523638233
ROS1-32-0015,2023-08-02,0.2654606256048283,0.13784006568056412,-0.3785048663449503
ROS1-38-0001,2023-08-02,0.2626083152670078,0.1921969415981071,-0.39279125541492454
ROS1-19-0016,2023-08-02,0.4262292882365189,0.2823644283741309,-0.4542462030296341
ROS1-25-0002,2023-08-02,0.2801062925133234,0.1905912052958969,-0.3877154175718437
ROS1-31-0021,2023-08-02,0.19188146699514178,0.10592838672166026,-0.30975221046781004
ROS1-32-0006,2023-08-02,0.2852527984487185,0.18469092987340746,-0.3904116255348877
ROS1-24-0023,2023-08-02,0.2864937118024919,0.23457081537207483,-0.3743929307986053
ROS1-19-0037,2023-08-18,0.4262638018079308,0.23406492185745237,-0.45471106355317986
ROS1-25-0023,2023-08-18,0.21840337293200776,0.11198481911898905,-0.3429695758382843
ROS1-26-0036,2023-08-18,0.2258767707427247,0.12890456701445105,-0.3329923889960916
ROS1-27-0021,2023-08-18,0.23473191106007935,0.132691083712227,-0.3645347408639043
ROS1-30-0013,2023-08-18,0.33080356813223444,0.1135424547126842,-0.39244400127653095
ROS1-31-0028,2023-08-18,0.19529165817033117,0.140695374658021,-0.3382904465337806
ROS1-38-0001,2023-08-18,0.27699780730549534,0.20002157387859992,-0.37263032038892446
ROS1-19-0016,2023-08-18,0.4162962673129791,0.22066609106459867,-0.5053067054864535
ROS1-25-0002,2023-08-18,0.18061630885707805,0.07440784823685838,-0.3038010768050391
ROS1-26-0040,2023-08-18,0.23558467986525455,0.09373133344784179,-0.3119727712328336
ROS1-27-0005,2023-08-18,0.18660092530750613,0.08936393868036575,-0.27237746891770953
ROS1-30-0014,2023-08-18,0.2749075969947629,0.1531080607556346,-0.3945122152053209
ROS1-32-0006,2023-08-18,0.39670434024136664,0.25512926406223346,-0.4724939966518891
ROS1-38-0007,2023-08-18,0.49633193249927515,0.29752470526946906,-0.5562081701829209
ROS1-24-0023,2023-08-18,0.26304906424717633,0.06863467475697582,-0.3158244315605848
ROS1-25-0027,2023-08-18,0.2617998123103053,0.13676418974839186,-0.43817188982772276
ROS1-19-0037,2023-09-03,0.33432245307042474,0.1710831010839724,-0.4551494866563782
ROS1-25-0023,2023-09-03,0.2152927518017504,0.10132182950633907,-0.3448619436466461
ROS1-26-0036,2023-09-03,0.2701500151791258,0.1479329531875905,-0.3675010599782194
ROS1-27-0021,2023-09-03,0.19495171459161265,0.10880105479907408,-0.34109641070881
ROS1-30-0013,2023-09-03,0.2802700080984102,0.19064936397137155,-0.3850807022686434
ROS1-31-0028,2023-09-03,0.20664051289197646,0.1270362043125996,-0.3585888973986957
ROS1-32-0015,2023-09-03,0.23057050400870976,0.15640075738593703,-0.37389790377513743
ROS1-38-0001,2023-09-03,0.3449506097539594,0.23131598825341057,-0.4549152165938368
ROS1-25-0002,2023-09-03,0.1872840543007127,0.09192452635540492,-0.321589624380571
ROS1-26-0040,2023-09-03,0.20301758561460448,0.07845367373190472,-0.2809364748393593
ROS1-27-0005,2023-09-03,0.20279388445147586,0.1401551886793916,-0.33719494445832393
ROS1-31-0021,2023-09-03,0.1890395619196928,0.09154700370103462,-0.31780604803674084
ROS1-32-0006,2023-09-03,0.2636406054115878,0.15203114784438385,-0.3796207079354108
ROS1-38-0007,2023-09-03,0.46243127376662585,0.27914321429398764,-0.5526896873646338
ROS1-25-0027,2023-09-03,0.20098030107474618,0.0797714109909217,-0.3252831335555588
ROS1-19-0037,2023-09-19,0.2720003938714055,0.12689787667612512,-0.382192725485855
ROS1-25-0023,2023-09-19,0.21138981045397215,0.10276705972324052,-0.3481638198932105
ROS1-26-0036,2023-09-19,0.32886590801512405,0.18412165734382838,-0.4018486662744798
ROS1-27-0021,2023-09-19,0.19204227162453713,0.0988520364135377,-0.30535307680848267
ROS1-30-0013,2023-09-19,0.3351636497284385,0.18218488781573391,-0.44442775413641167
ROS1-31-0028,2023-09-19,0.18927858711673357,0.11898475980229666,-0.33253515232497893
ROS1-38-0001,2023-09-19,0.26615057765113787,0.18679689611158676,-0.3597651255466976
ROS1-19-0016,2023-09-19,0.2483277225351227,0.11436881626929331,-0.3460511619648886
ROS1-25-0002,2023-09-19,0.20892728446236813,0.08676959477332959,-0.33045778299151574
ROS1-27-0005,2023-09-19,0.20394445078141984,0.10022439363127675,-0.32523890182808995
ROS1-30-0014,2023-09-19,0.21606787608562572,0.09515501442112134,-0.33275402347804395
ROS1-31-0021,2023-09-19,0.20161710023189935,0.09010445417654704,-0.3258780682937604
ROS1-38-0007,2023-09-19,0.3932105576240038,0.23097316564176373,-0.47862087549495375
ROS1-24-0023,2023-09-19,0.20017062090151677,0.11000478195286859,-0.31581301055039646
ROS1-25-0027,2023-09-19,0.20098766135097035,0.09751889839080714,-0.3163932360387935
ROS1-25-0023,2023-10-05,0.2018748451774291,0.10559784856274314,-0.3231551672308154
ROS1-30-0013,2023-10-05,0.2434280916735452,0.16140623071084004,-0.3434095693366556
ROS1-31-0028,2023-10-05,0.20921213242423148,0.13157492063737666,-0.34732390345556524
ROS1-25-0002,2023-10-05,0.18617684848980515,0.09441888056646011,-0.3110881976585022
ROS1-26-0040,2023-10-05,0.22769590633736086,0.09933317353410133,-0.2909164261290963
ROS1-30-0014,2023-10-05,0.20849530579519826,0.10933188286692773,-0.3213781852587594
ROS1-31-0021,2023-10-05,0.17827553008342714,0.09117571666115498,-0.28768616983780654
ROS1-32-0006,2023-10-05,0.2392088137992583,0.1425905194254353,-0.352827073404605
ROS1-24-0023,2023-10-05,0.18419009857235405,0.11072769541465348,-0.27469106933967513
ROS1-25-0027,2023-10-05,0.18407371628235064,0.09563675688267197,-0.2771500080668284
ROS1-30-0013,2023-10-21,0.2942071121427846,0.1603003911328,-0.39764145430352577
ROS1-30-0014,2023-10-21,0.2171761761727638,0.09495213897061822,-0.3295853598526825
ROS1-24-0023,2023-10-21,0.19871897233820687,0.1494749161000663,-0.28371830403350595
ROS1-25-0023,2023-04-28,0.29517422423184103,0.1612660673566874,-0.36501037956839066
ROS1-30-0013,2023-04-28,0.8320475449277229,0.7343736541053125,-0.7225909510892107
ROS1-25-0002,2023-04-28,0.794858981736781,0.6488068754887495,-0.6858254697405185
ROS1-30-0014,2023-04-28,0.8710714156491802,0.8078922055017469,-0.7815067318152622
ROS1-18-0030,2023-06-15,0.8555569130838612,0.8082373594172783,-0.7109547018862405
ROS1-19-0037,2023-06-15,0.8492549766577446,0.72104982615594,-0.7154990708908415
ROS1-24-0006,2023-06-15,0.46204549970786546,0.2963594953113226,-0.4975159029904535
ROS1-25-0023,2023-06-15,0.6479089360183419,0.4166662974807777,-0.6028652183860682
ROS1-30-0013,2023-06-15,0.5371077714613955,0.3214499836897545,-0.5216497243733359
ROS1-19-0016,2023-06-15,0.8515886390466559,0.4411461557032376,-0.6845493444438544
ROS1-25-0002,2023-06-15,0.5455292298187476,0.2836288974031809,-0.5850761542115718
ROS1-30-0014,2023-06-15,0.40216130311672005,0.26444995417715694,-0.5175341491038218
ROS1-24-0023,2023-06-15,0.5035482677155974,0.23150391370018722,-0.5364906244941696
ROS1-18-0030,2023-07-01,0.8160164838021055,0.8867470937865014,-0.7020730804699059
ROS1-19-0037,2023-07-01,0.8600474379660635,0.8948565879841437,-0.7596129306923326
ROS1-19-0016,2023-07-01,0.7658050703419002,0.5629286507987006,-0.6367067049866095
ROS1-18-0009,2023-07-01,0.7132340033070661,0.8532630376106404,-0.6448254942628234
ROS1-19-0037,2023-07-17,0.5660891430121039,0.5230626709288605,-0.5421882585024475
ROS1-25-0023,2023-07-17,0.5351635413866228,0.2834189014756921,-0.5407209182000305
ROS1-18-0024,2023-07-17,0.36067502695478126,0.22193445625666938,-0.4256842646682093
ROS1-25-0002,2023-07-17,0.35554317561123167,0.1814610403864689,-0.45664901110509776
ROS1-30-0014,2023-07-17,0.38548997771509547,0.2634179790478368,-0.4534249238408929
ROS1-24-0023,2023-07-17,0.23339251712222595,0.1751143920865919,-0.35180318224052004
ROS1-25-0023,2023-08-02,0.3216572113269858,0.17688014363016766,-0.3453310209848222
ROS1-30-0013,2023-08-02,0.4261663537630852,0.26738674379868854,-0.4754420153637934
ROS1-19-0016,2023-08-02,0.4401572370440473,0.2863738854371692,-0.46728952641359517
ROS1-24-0034,2023-08-02,0.24540396901430298,0.124653204417209,-0.33326950375042375
ROS1-25-0002,2023-08-02,0.28463337218374074,0.19249474202312067,-0.39135802105759027
ROS1-24-0023,2023-08-02,0.29124968181471433,0.23727207559309424,-0.3786063179219722
ROS1-18-0030,2023-08-18,0.37749292429520975,0.18657725673084238,-0.477621654735508
ROS1-19-0037,2023-08-18,0.4305466284985491,0.23598053205882125,-0.4576884545201292
ROS1-24-0006,2023-08-18,0.18709286955209528,0.1079842928635367,-0.30300559606445493
ROS1-25-0023,2023-08-18,0.20905855506076468,0.11355741347986244,-0.32360889321911146
ROS1-30-0013,2023-08-18,0.3365897812180554,0.13614343675200874,-0.406490811410634
ROS1-18-0024,2023-08-18,0.2860711884946213,0.24317324475695853,-0.3783729989173577
ROS1-19-0016,2023-08-18,0.4198071004671677,0.22149793458928158,-0.5082077878704351
ROS1-24-0034,2023-08-18,0.2776621412200328,0.20455491572864828,-0.403163992828107
ROS1-25-0002,2023-08-18,0.18357934888345462,0.07533452804007436,-0.30509398967523993
ROS1-30-0014,2023-08-18,0.2779951930458161,0.15454158960966613,-0.3968117720157085
ROS1-18-0009,2023-08-18,0.41125172601496535,0.19246345899575243,-0.500209686994611
ROS1-24-0023,2023-08-18,0.2594064064267471,0.06939426721771608,-0.3014600025244622
ROS1-18-0030,2023-09-03,0.30368590076152263,0.129415791007476,-0.41910737902193734
ROS1-19-0037,2023-09-03,0.3351721086440374,0.1715791552232325,-0.45612230762271877
ROS1-24-0006,2023-09-03,0.17632640618845377,0.09456750100340004,-0.26792723805025914
ROS1-25-0023,2023-09-03,0.21366913727377737,0.10050131166101411,-0.3426674534305133
ROS1-30-0013,2023-09-03,0.28049150844232207,0.1913460774467264,-0.3862874508459158
ROS1-18-0024,2023-09-03,0.20565755965365903,0.10185212882949816,-0.301019384206868
ROS1-25-0002,2023-09-03,0.18655635745325494,0.09175839152047349,-0.3208422816472817
ROS1-30-0014,2023-09-03,0.2110332455934836,0.1110667246890103,-0.32538646609656524
ROS1-18-0030,2023-09-19,0.22439125031593224,0.10565283374715352,-0.347707023953003
ROS1-19-0037,2023-09-19,0.2726364814358884,0.12668248860482859,-0.382242649809841
ROS1-24-0006,2023-09-19,0.17903698961701153,0.08673828793526765,-0.2895178479544638
ROS1-25-0023,2023-09-19,0.2114536892716082,0.10291412979513934,-0.3472774970378893
ROS1-30-0013,2023-09-19,0.33473738003513814,0.1825456927506722,-0.4425374245769265
ROS1-18-0024,2023-09-19,0.20220312168099658,0.08881945499015376,-0.3063963168871502
ROS1-19-0016,2023-09-19,0.24829684672408245,0.11455207256547223,-0.34474486417061684
ROS1-24-0034,2023-09-19,0.21668839836127568,0.10803278069385044,-0.3341003808382269
ROS1-25-0002,2023-09-19,0.19890669006422024,0.08509102662568813,-0.31548299732421364
ROS1-30-0014,2023-09-19,0.2158047921715106,0.09522356552117894,-0.3310186109196538
ROS1-18-0009,2023-09-19,0.22268415086870574,0.10111849883005877,-0.3368555931702612
ROS1-24-0023,2023-09-19,0.1997335233107198,0.110247586055882,-0.3139093015695595
ROS1-24-0006,2023-10-05,0.17256630337150036,0.08692011453083257,-0.27285580673555127
ROS1-25-0023,2023-10-05,0.20369179079591754,0.1063633185941663,-0.32452783166408355
ROS1-18-0024,2023-10-05,0.19276309567882566,0.07525644889840827,-0.2913854729123381
ROS1-24-0034,2023-10-05,0.19140354939198026,0.10739151909142221,-0.30528933512974965
ROS1-25-0002,2023-10-05,0.18831363020969347,0.09517353598793664,-0.31306365059890173
ROS1-30-0014,2023-10-05,0.21477234561074146,0.10755443599234984,-0.32297336086404277
ROS1-24-0023,2023-10-05,0.18542392418160786,0.11112122420018858,-0.27567578078280053
ROS1-24-0006,2023-10-21,0.1793543674733245,0.08300188724258122,-0.28778830083210544
ROS1-30-0013,2023-10-21,0.29451675752965334,0.16165234650106833,-0.3959728416962317
ROS1-24-0034,2023-10-21,0.20107437791201632,0.10583999236852314,-0.323566175102431
ROS1-30-0014,2023-10-21,0.21747565190892046,0.09518458862820864,-0.32868122181947634
ROS1-24-0023,2023-10-21,0.21126229440303118,0.14876182688785106,-0.3003894516914285
ROS1-29-0008,2023-04-03,0.205629582913256,0.08940286856584377,-0.3340422905861479
ROS1-28-0013,2023-05-05,0.6660257477662584,0.34545377324421317,-0.620674425665897
ROS1-29-0008,2023-06-06,0.7040173312033978,0.43565663732050275,-0.6355490608845169
ROS1-28-0013,2023-06-06,0.6755262723603318,0.339260673299803,-0.6167354415297016
ROS1-29-0008,2023-06-22,0.7013650688732157,0.4054062747770336,-0.6373276436090034
ROS1-22-0006,2023-06-22,0.7516809173550986,0.4583402878393408,-0.6415764630398902
ROS1-29-0008,2023-08-09,0.47047452806645246,0.23238829626765034,-0.5171770603218218
ROS1-22-0006,2023-08-25,0.2931415703452376,0.16855056547103445,-0.3690006113821453
ROS1-28-0013,2023-08-25,0.2415513271759281,0.13978741830269237,-0.35337759071878005
ROS1-29-0008,2023-09-10,0.2738298055866795,0.16159610978445713,-0.3888534857579567
ROS1-28-0013,2023-09-10,0.35966724846434966,0.08650210682758729,-0.45763073189526843
ROS1-29-0008,2023-09-26,0.18496180038750978,0.05697948107441275,-0.28330863124498706
ROS1-22-0006,2023-09-26,0.18712332252032943,0.07089381015350218,-0.2544603562660953
ROS1-29-0008,2023-10-12,0.2653688699975769,0.12586002814488073,-0.4327458025807243
ROS1-22-0006,2023-10-12,0.22810239441092042,0.050455811415250705,-0.3213235714719967
ROS1-28-0013,2023-10-12,0.2220490772574505,0.05271085238795302,-0.34502748234665465
ROS1-26-0036,2023-04-03,0.3892462651907079,0.17945912950863485,-0.425538601310166
ROS1-15-0003,2023-05-05,0.2786521779486388,0.11203837514342699,-0.33663756931872857
ROS1-21-0043,2023-05-05,0.4439217161363753,0.23012916260354982,-0.4660750875581622
ROS1-22-0026,2023-05-05,0.4681725151438522,0.20028208651599172,-0.444919692588742
ROS1-26-0036,2023-05-05,0.5842175906564744,0.28799205834270825,-0.5677593442006609
ROS1-27-0021,2023-05-05,0.39008737765701146,0.15014438454430099,-0.4233377596134405
ROS1-15-0006,2023-05-05,0.27095124189433295,0.11904626515884888,-0.34143576743668874
ROS1-21-0036,2023-05-05,0.6841905843392867,0.3912911653428861,-0.6462986845153001
ROS1-28-0013,2023-05-05,0.6678963554686402,0.3465385360346143,-0.622611040121975
ROS1-21-0000,2023-05-05,0.2745043968313756,0.12818370796130119,-0.3406543215596356
ROS1-15-0022,2023-05-05,0.6975284347008399,0.43141583173566217,-0.6154640237537149
ROS1-16-0004,2023-05-05,0.4200317545803667,0.1719410664333909,-0.42856929405989574
ROS1-15-0003,2023-06-06,0.5752790815687253,0.3252244448614581,-0.537937998031325
ROS1-16-0006,2023-06-06,0.8126835123317465,0.5494194857108925,-0.7214437885140232
ROS1-21-0043,2023-06-06,0.5078919336753301,0.3776040314914752,-0.5094062024384698
ROS1-22-0026,2023-06-06,0.6856091875051669,0.35681088845767234,-0.5985211005683909
ROS1-26-0036,2023-06-06,0.6270899768970006,0.3977855548274582,-0.6045265461945151
ROS1-27-0021,2023-06-06,0.7867301611156444,0.5088821842188855,-0.7036153798846637
ROS1-28-0030,2023-06-06,0.6552065953186033,0.3092629499925078,-0.6192650876910611
ROS1-15-0006,2023-06-06,0.7343675163336896,0.5438045563655243,-0.6285916839724219
ROS1-27-0005,2023-06-06,0.6831972018531595,0.400827307323542,-0.6252005243524945
ROS1-28-0013,2023-06-06,0.6761009728137751,0.3402292401364433,-0.6170687910586964
ROS1-21-0000,2023-06-06,0.6771578121366484,0.502316649681948,-0.5872961407124808
ROS1-15-0022,2023-06-06,0.7849726684848947,0.5233858943209001,-0.6965923432987229
ROS1-16-0004,2023-06-06,0.7484926053395158,0.47752137257251276,-0.6678891941939171
ROS1-15-0003,2023-06-22,0.6787419187102269,0.4754335725656698,-0.6137258021810443
ROS1-16-0006,2023-06-22,0.8300152185542679,0.6076847811253481,-0.74523911157588
ROS1-21-0043,2023-06-22,0.6360305467263979,0.3737575372139754,-0.6175301426959318
ROS1-22-0026,2023-06-22,0.5828823788541012,0.3070074867100738,-0.5588876976733222
ROS1-26-0036,2023-06-22,0.46585097274132065,0.22621754612011333,-0.5179228507368399
ROS1-27-0021,2023-06-22,0.691662284011117,0.432657635231039,-0.6427951534237951
ROS1-15-0006,2023-06-22,0.8767338054359431,0.7549906245755686,-0.7524819257194112
ROS1-21-0036,2023-06-22,0.40262979734175525,0.2121282472147945,-0.5071306786001711
ROS1-22-0006,2023-06-22,0.7410179140235593,0.45289117278022917,-0.6353826354673916
ROS1-27-0005,2023-06-22,0.48721278872519175,0.25574092700829903,-0.5338297998468289
ROS1-21-0000,2023-06-22,0.7077636533416973,0.47668050840664017,-0.6341526479684214
ROS1-15-0022,2023-06-22,0.6805988405856188,0.3957466311716352,-0.6291812397268579
ROS1-16-0004,2023-06-22,0.7712536597547931,0.48271754785039916,-0.7009869151705004
ROS1-28-0030,2023-07-08,0.2796522630233692,0.1879418389654506,-0.3641727157657716
ROS1-22-0006,2023-07-08,0.4662348042751941,0.2999225718677939,-0.4624849420138441
ROS1-15-0003,2023-07-24,0.337275460159464,0.16495929661634867,-0.38100283953696035
ROS1-22-0026,2023-07-24,0.49314103493770867,0.3087874899222091,-0.4839101104397519
ROS1-28-0030,2023-07-24,0.23380034118536594,0.13970887702184895,-0.36379043664735355
ROS1-15-0006,2023-07-24,0.7010343718054731,0.543653313223199,-0.6172860550952997
ROS1-28-0013,2023-07-24,0.26617653349941844,0.13962137828814156,-0.3602742214917841
ROS1-21-0000,2023-07-24,0.455890219603073,0.24850512369841163,-0.4994343957658372
ROS1-15-0022,2023-07-24,0.2963759181012516,0.15692182941996827,-0.4122357636041755
ROS1-16-0006,2023-08-09,0.43519111629266516,0.20943809954014672,-0.46418637779425465
ROS1-26-0036,2023-08-09,0.258212070612953,0.13555750841445308,-0.3428694113275585
ROS1-15-0006,2023-08-09,0.4053857688202294,0.24243474263918952,-0.46366681036418506
ROS1-21-0036,2023-08-09,0.30913662811871667,0.1638717757390073,-0.41375743137984944
ROS1-21-0000,2023-08-09,0.5819908552103532,0.1987515897366955,-0.6208636058565717
ROS1-15-0022,2023-08-09,0.37572394286841126,0.22332061523846822,-0.4496139739870048
ROS1-15-0003,2023-08-25,0.23374568377226623,0.10768461305411246,-0.29817608107483834
ROS1-21-0043,2023-08-25,0.2785253675041002,0.1301070561220178,-0.33725129686734007
ROS1-22-0026,2023-08-25,0.23717630782956442,0.08368590207460286,-0.28428758590661
ROS1-26-0036,2023-08-25,0.25098728893404415,0.1359105383619719,-0.3493638629706129
ROS1-27-0021,2023-08-25,0.21118776660170646,0.1237590994511206,-0.34928114511276875
ROS1-15-0006,2023-08-25,0.2816653288215846,0.14778502221261577,-0.3903270125063118
ROS1-21-0036,2023-08-25,0.23855980913108757,0.100017276651524,-0.2329575785544819
ROS1-22-0006,2023-08-25,0.23334485339176791,0.17393410090970784,-0.2806338675617416
ROS1-28-0013,2023-08-25,0.23553272723343505,0.13181263347972888,-0.351956413444327
ROS1-21-0000,2023-08-25,0.27840609211831907,0.14989120465711317,-0.43121364994296635
ROS1-15-0022,2023-08-25,0.2654987495665966,0.14463799082603943,-0.35655978594539156
ROS1-28-0030,2023-09-10,0.23151070090265685,0.13864793357316046,-0.38546620189586867
ROS1-28-0013,2023-09-10,0.25503930914677564,0.08096767679007588,-0.3247997502765681
ROS1-21-0000,2023-09-10,0.23546509511797545,0.13006333296540928,-0.3832363091039829
ROS1-15-0003,2023-09-26,0.21156677363674872,0.08166935282476434,-0.2869057232653691
ROS1-21-0043,2023-09-26,0.2097088207925822,0.0881717469558872,-0.32694521437294005
ROS1-22-0026,2023-09-26,0.2685457541494878,0.10861851849241966,-0.34059390289781866
ROS1-26-0036,2023-09-26,0.3187095573458214,0.16616317624165866,-0.3925188966528188
ROS1-27-0021,2023-09-26,0.1926046074398293,0.0968010181455816,-0.330793224347352
ROS1-15-0006,2023-09-26,0.23067148135612264,0.10843969786206072,-0.3421104804697972
ROS1-21-0036,2023-09-26,0.19018718548893945,0.06605771603329082,-0.2944280260183811
ROS1-22-0006,2023-09-26,0.18732152871169655,0.07103880996939546,-0.2546992754606059
ROS1-27-0005,2023-09-26,0.19224227123101376,0.11646718237772069,-0.3235274115631935
ROS1-21-0000,2023-09-26,0.2107567187128101,0.10260311840921867,-0.35484065617243954
ROS1-15-0022,2023-09-26,0.21094119244314433,0.09085706997997475,-0.31748844944054744
ROS1-16-0004,2023-09-26,0.22091927746630455,0.06459652407368677,-0.29281707739331003
ROS1-15-0003,2023-10-12,0.2272507707369495,0.08679242914221656,-0.3112787086858937
ROS1-16-0006,2023-10-12,0.3149452606682126,0.16942446533473757,-0.44688318125263443
ROS1-21-0043,2023-10-12,0.20843919536098723,0.07778362766511239,-0.32551158616511594
ROS1-22-0026,2023-10-12,0.2882531638719876,0.07644294351321067,-0.36756720652693214
ROS1-26-0036,2023-10-12,0.36984332773792444,0.17914651681865565,-0.43447017359159007
ROS1-27-0021,2023-10-12,0.18875224193882353,0.09413208994076167,-0.3239008119298005
ROS1-28-0030,2023-10-12,0.19709291493304215,0.11162641841091521,-0.33822641339847265
ROS1-15-0006,2023-10-12,0.21523152451215913,0.10414040208783878,-0.31640422707640686
ROS1-21-0036,2023-10-12,0.1955524485267293,0.058867034908289914,-0.30594173748229475
ROS1-22-0006,2023-10-12,0.23670692972908966,0.051178010963410805,-0.3321553291761191
ROS1-27-0005,2023-10-12,0.18267178912817464,0.10908766991834727,-0.3130502081055574
ROS1-28-0013,2023-10-12,0.2260634318592337,0.05305349822359389,-0.3507853102467832
ROS1-21-0000,2023-10-12,0.20348441574950066,0.09250001062881347,-0.34490698797652775
ROS1-15-0022,2023-10-12,0.20311133128299563,0.08035743124055081,-0.31329016074589294
ROS1-16-0004,2023-10-12,0.2384298459875359,0.049420969530419884,-0.3271503199104222
ROS1-26-0036,2023-04-03,0.3895850571287004,0.1794821418868112,-0.42632870761674135
ROS1-07-0005,2023-04-03,0.7585438269403562,0.5258527309210723,-0.6757337491039164
ROS1-18-0030,2023-05-05,0.2791129597180772,0.12101436106194435,-0.3463416579774985
ROS1-19-0037,2023-05-05,0.3391204511834218,0.1991265888602829,-0.41372136903746964
ROS1-26-0036,2023-05-05,0.5873805106078307,0.28840446321530977,-0.5705812488361858
ROS1-19-0016,2023-05-05,0.399070964661923,0.2477407557812938,-0.41565770164609345
ROS1-18-0009,2023-05-05,0.311096047213157,0.1504086836731849,-0.3738977727653213
ROS1-13-0005,2023-05-05,0.8678575097117993,0.6097411840687044,-0.7587609904393389
ROS1-14-0002,2023-05-05,0.8348237989427322,0.557606692419812,-0.7296001188852916
ROS1-07-0018,2023-06-06,0.7847939741100617,0.5828898811566713,-0.6941231682286142
ROS1-13-0013,2023-06-06,0.6234167439714264,0.3740353048593778,-0.5907492947517315
ROS1-18-0030,2023-06-06,0.7858596064511257,0.622925135557819,-0.6546619527429318
ROS1-19-0037,2023-06-06,0.6924685172294586,0.45347530866449265,-0.6117353562762381
ROS1-26-0036,2023-06-06,0.6251748360433881,0.39858300345363035,-0.6027067537421985
ROS1-19-0016,2023-06-06,0.7737665672064119,0.508955180491304,-0.7001868598943786
ROS1-07-0005,2023-06-06,0.8682211148782895,0.5629689470804463,-0.7044100366080518
ROS1-08-0022,2023-06-06,0.7765930705800472,0.5460214330525125,-0.6641363802067722
ROS1-13-0005,2023-06-06,0.8180197417238313,0.6087197042331215,-0.720825860471468
ROS1-14-0002,2023-06-06,0.7453898659972493,0.2977251950021188,-0.6418247215513998
ROS1-07-0018,2023-06-22,0.4435694362318747,0.2461254529110241,-0.45812653690775046
ROS1-13-0013,2023-06-22,0.3848294234257185,0.2123468249088829,-0.4400532576995907
ROS1-18-0030,2023-06-22,0.8751401767041832,0.8192424428393166,-0.7525035739174099
ROS1-19-0037,2023-06-22,0.8673354613258148,0.7582189472443344,-0.7554122019941374
ROS1-26-0036,2023-06-22,0.465247438056206,0.22563527005742748,-0.518206179986126
ROS1-19-0016,2023-06-22,0.8278866594623548,0.5853881906285312,-0.7045394693395339
ROS1-18-0009,2023-06-22,0.827401874185702,0.6521742484862959,-0.728552726704875
ROS1-07-0005,2023-06-22,0.6834328845182341,0.4686672659039346,-0.5961926871157387
ROS1-08-0022,2023-06-22,0.6519117482336925,0.39697780253592024,-0.6160856089654246
ROS1-13-0005,2023-06-22,0.4908919574751838,0.3076746308103254,-0.5599462485122603
ROS1-14-0002,2023-06-22,0.5070650315405685,0.24951072377812158,-0.6002851027878687
ROS1-18-0030,2023-07-24,0.6024568451224571,0.6514885661068286,-0.5455501092408558
ROS1-19-0016,2023-07-24,0.46668464588497566,0.26125952049672474,-0.5137834038728402
ROS1-18-0009,2023-07-24,0.8007927020225418,0.6364809897974024,-0.739377000258303
ROS1-07-0005,2023-07-24,0.24070763861580013,0.16054389004739866,-0.33355354352973304
ROS1-14-0002,2023-07-24,0.34859587769921185,0.20599458178369232,-0.4695448925590802
ROS1-13-0013,2023-08-09,0.622284292283211,0.37950332406268655,-0.595818854006975
ROS1-26-0036,2023-08-09,0.25713241780641977,0.13533401769431241,-0.3427557823500002
ROS1-07-0005,2023-08-09,0.25373175868815273,0.16194484768842698,-0.30092650560596046
ROS1-08-0022,2023-08-09,0.398453868446918,0.28341142823896054,-0.48436626539251376
ROS1-13-0005,2023-08-09,0.457399670396404,0.23121835864098786,-0.6279911283633987
ROS1-07-0018,2023-08-25,0.6156030361383702,0.39771181433845343,-0.5830807017880226
ROS1-13-0013,2023-08-25,0.4700774193655687,0.2319304700679287,-0.4910538923812444
ROS1-18-0030,2023-08-25,0.3485696507172726,0.15624016421278825,-0.4553969115985085
ROS1-19-0037,2023-08-25,0.3483555790691427,0.17295496750780862,-0.4453334573648791
ROS1-26-0036,2023-08-25,0.2499939668690799,0.1362284396140289,-0.34823133416347685
ROS1-19-0016,2023-08-25,0.402217958390107,0.23509706882032785,-0.49163730554661084
ROS1-18-0009,2023-08-25,0.35316943303871856,0.1820801204995353,-0.43812123359784066
ROS1-07-0005,2023-08-25,0.23069417049620788,0.13132324554596372,-0.3257033639725159
ROS1-08-0022,2023-08-25,0.5800951656944636,0.4302443822649063,-0.5949303581825257
ROS1-07-0018,2023-09-26,0.7861958940714848,0.6014697217469166,-0.7060327318959463
ROS1-13-0013,2023-09-26,0.4519463136090019,0.20110362823858674,-0.49673840245062706
ROS1-18-0030,2023-09-26,0.20910122770408057,0.09746667599872309,-0.33250551350145446
ROS1-19-0037,2023-09-26,0.2453710985649671,0.11420479112745774,-0.36015529456426787
ROS1-26-0036,2023-09-26,0.3188394864595209,0.16601434354786232,-0.393023296591165
ROS1-19-0016,2023-09-26,0.22900786541149157,0.1082252206973041,-0.3277487561164287
ROS1-18-0009,2023-09-26,0.20402731397966398,0.09209401283143163,-0.3202026802947871
ROS1-07-0005,2023-09-26,0.19459275857463967,0.08530440527942293,-0.28989897211844673
ROS1-08-0022,2023-09-26,0.2732900222183958,0.14935043566193104,-0.3905945108007013
ROS1-13-0005,2023-09-26,0.22789554794066733,0.09618135701815062,-0.3250688178757164
ROS1-14-0002,2023-09-26,0.19772632729939676,0.06747143831146758,-0.2988590356515508
ROS1-07-0018,2023-10-12,0.6342689890415353,0.3701584051448091,-0.6175245212820535
ROS1-13-0013,2023-10-12,0.4717482599455908,0.202545727614845,-0.5128517102449403
ROS1-18-0030,2023-10-12,0.19851243746524908,0.08467457663576464,-0.307257021002193
ROS1-19-0037,2023-10-12,0.2287688084619822,0.10611133175644921,-0.33567019093215694
ROS1-26-0036,2023-10-12,0.37032575080924895,0.17969039703214904,-0.43357857073803086
ROS1-19-0016,2023-10-12,0.22111525398743428,0.11662964958625631,-0.31856966311344764
ROS1-18-0009,2023-10-12,0.19926415071884868,0.09566316819400254,-0.31650392901744534
ROS1-07-0005,2023-10-12,0.21034732302797512,0.08492699824984334,-0.2986500955990453
ROS1-08-0022,2023-10-12,0.25802695056209446,0.1289837326388018,-0.3823708967526782
ROS1-13-0005,2023-10-12,0.23439036893179216,0.09228509955481982,-0.34489751838467725
ROS1-14-0002,2023-10-12,0.21360351914527095,0.06321992790157664,-0.32393441603139694
ROS1-18-0030,2023-05-05,0.2787639035716691,0.12096372835629736,-0.34567826588560513
ROS1-18-0024,2023-05-05,0.6901545074278884,0.4316342633096492,-0.6412652976211065
ROS1-18-0009,2023-05-05,0.31030144173504526,0.15001109511198019,-0.37293900012830156
ROS1-13-0005,2023-05-05,0.868275497642577,0.6071525840876327,-0.7593124587601413
ROS1-07-0018,2023-06-06,0.7841975637701173,0.5899343294318757,-0.6895048582846486
ROS1-18-0030,2023-06-06,0.7858558089529063,0.6231699209410548,-0.655173169356088
ROS1-18-0024,2023-06-06,0.7429621752407161,0.45723119169664744,-0.6808896193645861
ROS1-07-0005,2023-06-06,0.8710914034145462,0.6013267763846895,-0.7108579390905666
ROS1-13-0005,2023-06-06,0.8190507936442991,0.6109148014832569,-0.7216751286833338
ROS1-07-0018,2023-06-22,0.4389025438117844,0.25119701260521954,-0.4521766100102599
ROS1-18-0030,2023-06-22,0.8753594164028211,0.820189095836549,-0.7523587266784615
ROS1-18-0024,2023-06-22,0.44519681362314034,0.2188193406087505,-0.5226320989457538
ROS1-18-0009,2023-06-22,0.8263608313056087,0.6518955041992266,-0.7276074302800138
ROS1-07-0005,2023-06-22,0.6925064098638936,0.46107961792705277,-0.6047801795691939
ROS1-13-0005,2023-06-22,0.48644417267176854,0.3110380099645861,-0.5529285112764203
ROS1-18-0009,2023-07-24,0.7989843926018766,0.6378623157646326,-0.7379890127186118
ROS1-07-0005,2023-07-24,0.23436133660821354,0.15951630504861428,-0.3268724290628114
ROS1-07-0005,2023-08-09,0.28144809291137746,0.16332054516311204,-0.340539440510446
ROS1-13-0005,2023-08-09,0.3768414364965141,0.2366231171838916,-0.48312275815244426
ROS1-07-0018,2023-08-25,0.6125974654958183,0.3945666329207842,-0.5814223190412025
ROS1-18-0030,2023-08-25,0.35325551310967934,0.1551529440699178,-0.4578258381040869
ROS1-18-0024,2023-08-25,0.22855242136960718,0.0902605612653173,-0.31279461087019234
ROS1-18-0009,2023-08-25,0.3535925270827777,0.18275278733711878,-0.43799096664438814
ROS1-07-0005,2023-08-25,0.2319889427761044,0.13219086614602643,-0.29711232373891683
ROS1-18-0024,2023-09-10,0.22639095333604523,0.12060752501998094,-0.32561688755039503
ROS1-07-0018,2023-09-26,0.7862987727677806,0.6058594798958884,-0.705061145093441
ROS1-18-0030,2023-09-26,0.21090359746444928,0.09792185905352628,-0.3350517354280145
ROS1-18-0024,2023-09-26,0.19457280159080081,0.0818948271934599,-0.30132146352132544
ROS1-18-0009,2023-09-26,0.20554110037627774,0.09258605249068295,-0.32213866142357894
ROS1-07-0005,2023-09-26,0.19562578919501267,0.08568837404446496,-0.2905961693753501
ROS1-13-0005,2023-09-26,0.22661325114112332,0.09721034449474127,-0.32093128310691854
ROS1-07-0018,2023-10-12,0.6305878262359914,0.37085512451984276,-0.6123502217448494
ROS1-18-0030,2023-10-12,0.2003282455065592,0.08532591358534251,-0.30855031370675867
ROS1-18-0024,2023-10-12,0.21063665546301194,0.08803021390330912,-0.32229337855999063
ROS1-18-0009,2023-10-12,0.1995940913385703,0.09599465160536888,-0.3159825747249568
ROS1-07-0005,2023-10-12,0.2109483897253418,0.08492149805452336,-0.2992020064261115
ROS1-13-0005,2023-10-12,0.23886173792447982,0.09329002589686457,-0.34959663700519655
ROS1-16-0004,2023-04-10,0.317281681812215,0.11026350796036455,-0.37716341305186063
ROS1-22-0026,2023-04-26,0.3412266114745233,0.08360581483775964,-0.38105202068534666
ROS1-22-0006,2023-04-26,0.271537987942799,0.06209831348445837,-0.32552655048695034
ROS1-16-0004,2023-04-26,0.357210019886883,0.12045263405221017,-0.4062063961850405
ROS1-22-0026,2023-05-12,0.5819810497853264,0.2530607194460534,-0.5077834035705021
ROS1-16-0004,2023-05-12,0.4587731732614926,0.207123054928954,-0.4573466308166385
ROS1-22-0026,2023-07-15,0.438647823336007,0.2946635806230992,-0.47777182892084485
ROS1-22-0026,2023-07-31,0.2519865787107021,0.0912948273652109,-0.3264646448654819
ROS1-22-0006,2023-07-31,0.3798199159427983,0.17216995844613636,-0.4496842153427055
ROS1-16-0004,2023-07-31,0.3863247421777116,0.2088166215787618,-0.4552166048969269
ROS1-22-0026,2023-08-16,0.25665396169825005,0.10538466825351414,-0.3196195411093189
ROS1-22-0006,2023-08-16,0.23660376681793632,0.07176146914800223,-0.3192153120185959
ROS1-16-0004,2023-08-16,0.3942043166360475,0.2526199038341062,-0.48058036157766504
ROS1-22-0026,2023-09-01,0.22828249927464594,0.07324045366546639,-0.32038521040144313
ROS1-22-0006,2023-09-01,0.22124882977078417,0.07058734135746529,-0.3154326034939693
ROS1-16-0004,2023-09-01,0.22402999200963458,0.06241343705294805,-0.30774407312509344
ROS1-22-0026,2023-09-17,0.24184967707829447,0.07679388688894798,-0.3286107833258703
ROS1-22-0006,2023-09-17,0.2218693431777619,0.07029738383589425,-0.3160469131746027
ROS1-16-0004,2023-09-17,0.21223333106445577,0.055393284749642245,-0.29473172240780493
ROS1-22-0026,2023-10-03,0.23984234973594784,0.08183272573550289,-0.3079798617655236
ROS1-22-0006,2023-10-03,0.18175542900263572,0.04163887939885329,-0.22966816138304968
ROS1-16-0004,2023-10-03,0.2158741111437065,0.06010147680211033,-0.29265893240335145
ROS1-22-0026,2023-10-19,0.2812536307678379,0.07762627844556463,-0.34774739604960786
ROS1-16-0004,2023-10-19,0.24070342137814812,0.07169601942735482,-0.31072769905806785
ROS1-15-0003,2023-04-10,0.24267595009826273,0.08493170749863883,-0.30518254077695633
ROS1-16-0006,2023-04-10,0.24765173849897434,0.12049710347632453,-0.327386186686233
ROS1-15-0006,2023-04-10,0.2269149418395216,0.07973691925405305,-0.30541708165958303
ROS1-15-0022,2023-04-10,0.33468956186951526,0.15273398721032655,-0.38465652512503135
ROS1-16-0004,2023-04-10,0.31779292671124276,0.11058221260836266,-0.37736525795363773
ROS1-15-0003,2023-04-26,0.2767364090326534,0.0780871146507333,-0.33662444749092724
ROS1-16-0006,2023-04-26,0.42667310891857224,0.19258315815223667,-0.4533065638879675
ROS1-22-0026,2023-04-26,0.3430034841016146,0.08386600535445714,-0.3830677306355615
ROS1-15-0006,2023-04-26,0.2586126627116649,0.08809636096957782,-0.3316969900767292
ROS1-14-0002,2023-04-26,0.7909845656223718,0.44365776583059974,-0.7086348148374245
ROS1-15-0022,2023-04-26,0.6562375664404819,0.3042895197646965,-0.5770997432736716
ROS1-16-0004,2023-04-26,0.35882506126236396,0.12071267089554773,-0.4078408537652925
ROS1-16-0006,2023-05-12,0.6189197429632625,0.3537453085624741,-0.5835922921288714
ROS1-22-0026,2023-05-12,0.5842514745315487,0.2533768573307822,-0.511115859176884
ROS1-15-0006,2023-05-12,0.3052605985192556,0.15406535596622162,-0.3424399179463134
ROS1-14-0002,2023-05-12,0.835909127127444,0.5544778738985139,-0.7316002190345009
ROS1-15-0022,2023-05-12,0.7367266051381783,0.4380756016225125,-0.6479623940181779
ROS1-16-0004,2023-05-12,0.4593925735196498,0.20737985653676372,-0.4591245513688802
ROS1-15-0003,2023-06-13,0.5888465078682903,0.4045393718385264,-0.5357173268548819
ROS1-15-0022,2023-06-13,0.7569416706623264,0.44160954244756484,-0.6759329097586405
ROS1-15-0003,2023-07-15,0.32435906204933174,0.12014465616893755,-0.4061727024364187
ROS1-16-0006,2023-07-15,0.6208082218454146,0.3258757912436779,-0.6212037474638625
ROS1-22-0026,2023-07-15,0.43084429419315146,0.2788849651841096,-0.471918255517339
ROS1-15-0006,2023-07-15,0.657912440250542,0.496550652502183,-0.6676035947530926
ROS1-15-0003,2023-07-31,0.3554316248930505,0.1643818807647176,-0.4087237392821014
ROS1-16-0006,2023-07-31,0.3969337842100604,0.24829402522000182,-0.49754284138058574
ROS1-21-0043,2023-07-31,0.268098093313204,0.23409638571427036,-0.38651972934811435
ROS1-22-0026,2023-07-31,0.25277912698421307,0.09163477928499532,-0.32653843383853065
ROS1-15-0006,2023-07-31,0.3778138658313801,0.21127013492323934,-0.44992282683156615
ROS1-21-0036,2023-07-31,0.23523180931126444,0.16209482307793355,-0.36130956504889733
ROS1-14-0002,2023-07-31,0.37149762683491133,0.21108389209723885,-0.4699079447118832
ROS1-15-0022,2023-07-31,0.2534795916594225,0.15337844303471382,-0.3736753302171642
ROS1-16-0004,2023-07-31,0.387859947796375,0.20938142605089152,-0.4564160608387813
ROS1-15-0003,2023-08-16,0.3379549554179707,0.13868137722984183,-0.3811492812042433
ROS1-16-0006,2023-08-16,0.31655866691402657,0.3066672935846713,-0.361336334505502
ROS1-21-0043,2023-08-16,0.37491510631664887,0.2305192435595747,-0.4343301399596882
ROS1-22-0026,2023-08-16,0.2577217044446977,0.10568892254800885,-0.3207490459806484
ROS1-15-0006,2023-08-16,0.28758172520745356,0.1303312154757131,-0.37600574955856486
ROS1-21-0036,2023-08-16,0.2738871239191215,0.17219410445453012,-0.3935822290604748
ROS1-14-0002,2023-08-16,0.35552816952743493,0.22865605005852646,-0.45931906008188444
ROS1-15-0022,2023-08-16,0.22535934521920947,0.11003907942557443,-0.3388842468520166
ROS1-16-0004,2023-08-16,0.39548639199355484,0.25316767087125686,-0.4821440232703149
ROS1-15-0003,2023-09-01,0.23858354708187737,0.09990291162599425,-0.3221395589899705
ROS1-16-0006,2023-09-01,0.37364148245841033,0.21760590064105018,-0.47669021549020424
ROS1-21-0043,2023-09-01,0.23331271542840873,0.10180210430728444,-0.3164871946389354
ROS1-22-0026,2023-09-01,0.23266965148799137,0.07397599735909607,-0.3247830271287922
ROS1-15-0006,2023-09-01,0.26049872323922274,0.13829846843300425,-0.33415169670083444
ROS1-21-0036,2023-09-01,0.20095529350300118,0.07356669927345216,-0.30150745052172306
ROS1-15-0022,2023-09-01,0.3164997576006723,0.1605003402728166,-0.3934790583643329
ROS1-16-0004,2023-09-01,0.22769710167062607,0.0630599377365117,-0.31056332996492114
ROS1-15-0003,2023-09-17,0.24500721585851792,0.07725132117349888,-0.3357711796224877
ROS1-16-0006,2023-09-17,0.35995523947578617,0.2027431378300922,-0.476356894928559
ROS1-22-0026,2023-09-17,0.24361956756379963,0.07699777170691757,-0.3293742541777795
ROS1-15-0006,2023-09-17,0.24564875055884938,0.10956601430092748,-0.3544091025036685
ROS1-21-0036,2023-09-17,0.20236144389582678,0.06004028408871907,-0.31137444284223664
ROS1-14-0002,2023-09-17,0.25978964019812256,0.07083587191547575,-0.37589371239702407
ROS1-15-0022,2023-09-17,0.22289874665526865,0.09079046350218886,-0.3263116169622358
ROS1-16-0004,2023-09-17,0.21310006902076273,0.05544145237047676,-0.2938563591541082
ROS1-15-0003,2023-10-03,0.22717174712962127,0.1018346525019508,-0.29982342288052305
ROS1-16-0006,2023-10-03,0.32472971580822746,0.18704397729720126,-0.44858759328516246
ROS1-21-0043,2023-10-03,0.21647249462695442,0.08377354045922983,-0.3128610634190659
ROS1-22-0026,2023-10-03,0.2398578302761119,0.0819773314856367,-0.3061654388445881
ROS1-15-0006,2023-10-03,0.22375741340440317,0.10608673140384327,-0.33012916840619055
ROS1-21-0036,2023-10-03,0.18987534038501833,0.05948105791234515,-0.2694500465947548
ROS1-14-0002,2023-10-03,0.20355470933800904,0.06685559050706127,-0.2773810850660455
ROS1-15-0022,2023-10-03,0.2150610548332068,0.08387477937525852,-0.310032694604887
ROS1-16-0004,2023-10-03,0.21617815632912588,0.060223167215010476,-0.2906332896830616
ROS1-15-0003,2023-10-19,0.26330893423797724,0.08147971389662305,-0.33718448145285973
ROS1-16-0006,2023-10-19,0.29831599388490343,0.15590288791692616,-0.4304603342351668
ROS1-22-0026,2023-10-19,0.2874168000266177,0.07867240827504933,-0.35272515381099734
ROS1-16-0004,2023-10-19,0.2442486704426585,0.07235403065367514,-0.312711234836127
ROS1-08-0022,2023-04-10,0.4360404785985836,0.2242346744069714,-0.4663630444153698
ROS1-01-0031,2023-04-26,0.5192329150221068,0.1894493841853113,-0.4512455179011557
ROS1-07-0018,2023-04-26,0.4712225904418776,0.19632553060108016,-0.4864783458551327
ROS1-13-0013,2023-04-26,0.7050985973324309,0.3532251406217549,-0.6433376188497022
ROS1-01-0005,2023-04-26,0.8164198387508981,0.4898372899546604,-0.6992388200801045
ROS1-07-0005,2023-04-26,0.7889547596434561,0.6309384290608118,-0.7123432845599502
ROS1-08-0022,2023-04-26,0.6788686353101506,0.33899171169850467,-0.6276306525058055
ROS1-14-0002,2023-04-26,0.795592821786788,0.44664445995757,-0.7125177703189266
ROS1-01-0031,2023-05-12,0.6195420446049895,0.3688785676909656,-0.5235951513004514
ROS1-07-0018,2023-05-12,0.6570595098579849,0.3698411946699783,-0.5991848240081817
ROS1-13-0013,2023-05-12,0.7470219185300258,0.41289104299699864,-0.6608966865589182
ROS1-01-0005,2023-05-12,0.8488936040592403,0.6038334686940304,-0.7316598664807602
ROS1-07-0005,2023-05-12,0.6060397282593799,0.4727704724637439,-0.5652390807896229
ROS1-08-0022,2023-05-12,0.7417792366546199,0.4340484678399036,-0.6619306420125957
ROS1-14-0002,2023-05-12,0.8355417148242181,0.554723281776123,-0.7333888215181281
ROS1-01-0031,2023-05-28,0.7611856357138926,0.5873761148059605,-0.6693039561243109
ROS1-07-0018,2023-05-28,0.8133934209646491,0.6042509802037412,-0.7185788158019103
ROS1-13-0013,2023-05-28,0.7159142163186333,0.4342267857518961,-0.6505176204809667
ROS1-07-0018,2023-06-29,0.48646077739550664,0.35261213686257553,-0.5174619070637999
ROS1-08-0022,2023-06-29,0.5059048103781709,0.26301611037865036,-0.5031988697461356
ROS1-01-0031,2023-07-15,0.2581782169212084,0.1597989942403792,-0.36423626480418425
ROS1-07-0018,2023-07-15,0.2944134619182016,0.13159600963422752,-0.34417830986424863
ROS1-13-0013,2023-07-15,0.7033917845024088,0.4274979905540195,-0.6255414009402982
ROS1-01-0005,2023-07-15,0.3204592684598863,0.2171449103664255,-0.4465902457940765
ROS1-07-0005,2023-07-15,0.223091567790839,0.23075708754558474,-0.2990895547409952
ROS1-08-0022,2023-07-15,0.41112413858263214,0.24947474665192385,-0.4858776730297985
ROS1-01-0031,2023-07-31,0.2720748372722422,0.19640760904101995,-0.35837680245073245
ROS1-07-0018,2023-07-31,0.31969204663333656,0.14807408782130346,-0.3715825151823082
ROS1-13-0013,2023-07-31,0.7296323971514571,0.47323905397002136,-0.668422740019142
ROS1-01-0005,2023-07-31,0.33078173475377864,0.24704207948909754,-0.43139038121071044
ROS1-07-0005,2023-07-31,0.22453459693553984,0.10743567666000972,-0.3193715459729867
ROS1-08-0022,2023-07-31,0.33761621712349354,0.2385846946480061,-0.43892352117154265
ROS1-14-0002,2023-07-31,0.3712589561748234,0.21132299223197856,-0.46962341899878673
ROS1-01-0031,2023-08-16,0.3565388126138917,0.23446231234736228,-0.42168480887572124
ROS1-07-0018,2023-08-16,0.5044547059374042,0.29809252257028107,-0.5086068478423225
ROS1-13-0013,2023-08-16,0.6049949469726434,0.3153535777698316,-0.5889846901066961
ROS1-07-0005,2023-08-16,0.19929735165686344,0.09251030399147875,-0.30682080359907427
ROS1-14-0002,2023-08-16,0.35078442134141713,0.2325965017147488,-0.4504592119698353
ROS1-07-0005,2023-09-01,0.19118827379168668,0.09786612335421081,-0.2850604997772419
ROS1-08-0022,2023-09-01,0.5549404403002425,0.40597967386376893,-0.5761436006286232
ROS1-01-0031,2023-09-17,0.46683763225788155,0.2457629114534944,-0.4577649984844003
ROS1-07-0018,2023-09-17,0.8002714952403401,0.5956151563824756,-0.7082135656057752
ROS1-13-0013,2023-09-17,0.4957719702366322,0.19446181763484047,-0.5262941517970218
ROS1-01-0005,2023-09-17,0.2547458375919393,0.12670012949960488,-0.36290457589637964
ROS1-07-0005,2023-09-17,0.20686390330938154,0.08136468717283431,-0.2957569651744416
ROS1-08-0022,2023-09-17,0.30818783275354117,0.15634882882397252,-0.41419259691970495
ROS1-14-0002,2023-09-17,0.363768838609044,0.07504501856301081,-0.46509319389967213
ROS1-01-0031,2023-10-03,0.3781003186034549,0.19892915488285529,-0.3887729150362399
ROS1-13-0013,2023-10-03,0.3557250260185414,0.15283242134563765,-0.35945778834867254
ROS1-01-0005,2023-10-03,0.21280462154912008,0.09862812794396583,-0.3120681313537832
ROS1-07-0005,2023-10-03,0.22192445573110198,0.09480083457037464,-0.28781595194530407
ROS1-14-0002,2023-10-03,0.1988608997464367,0.066324667716463,-0.2703647397082315
ROS1-01-0031,2023-10-19,0.21750782573015398,0.08798228592893076,-0.30258595965256235
ROS1-07-0018,2023-10-19,0.43484754922937907,0.23825359845311586,-0.4934779134406869
ROS1-13-0013,2023-10-19,0.4654230091948249,0.19091527637878453,-0.5112760255346203
ROS1-01-0005,2023-10-19,0.197857016251185,0.09693507676066014,-0.2918701586125875
ROS1-07-0005,2023-10-19,0.2593483100104982,0.1010262053521725,-0.3402142179662114
ROS1-08-0022,2023-10-19,0.24370188473347726,0.1263901305983838,-0.36885144336458825
ROS1-01-0005,2023-04-17,0.6727462171113359,0.3813624213210945,-0.5974079528435898
ROS1-01-0005,2023-05-03,0.846442902684761,0.5469154057294857,-0.7338176792904414
ROS1-01-0005,2023-05-19,0.8517413809720443,0.6329895641723505,-0.7443122008953659
ROS1-01-0005,2023-06-04,0.7745234763290799,0.5020795972688709,-0.686569676656262
ROS1-01-0005,2023-06-20,0.5559662052587659,0.33326350353608375,-0.5908712166751758
ROS1-01-0005,2023-07-06,0.34362168024960765,0.18127726827652033,-0.484130137595178
ROS1-01-0005,2023-07-22,0.3201408126467611,0.2057546843087458,-0.4500975254621897
ROS1-01-0005,2023-08-07,0.3488616250881201,0.23797801249512074,-0.47205615800967193
ROS1-01-0005,2023-08-23,0.24242066611267687,0.1272982730229648,-0.3555017844757105
ROS1-01-0005,2023-09-08,0.2370047565911112,0.11916312697805904,-0.3544776630535573
ROS1-01-0005,2023-09-24,0.2165436258014873,0.09399511072748136,-0.3291264824861527
ROS1-01-0005,2023-10-10,0.22344142167475287,0.08805429109989099,-0.33681349786465437
