anon_polygon_id,date,landsat_ndvi,landsat_evi,landsat_ndwi
ROS1-43-0019,2025-05-29,0.7645965522386551,0.6872682420635908,-0.7122887831135775
ROS1-49-0004,2025-06-14,0.36263212770595626,0.23600400168160915,-0.4495214372188633
ROS1-43-0019,2025-06-14,0.4811790567753871,0.2778810117690068,-0.5614571767063865
ROS1-49-0007,2025-06-14,0.5433159358508571,0.31206626021944345,-0.5869092413043598
ROS1-49-0004,2025-06-30,0.28977806800671274,0.18317723141736758,-0.4092568791012867
ROS1-43-0019,2025-06-30,0.2840618871616254,0.15565354707260806,-0.429111390166603
ROS1-49-0007,2025-06-30,0.2944980596419742,0.14419828338175875,-0.43456173236762
ROS1-49-0004,2025-07-16,0.2110241416669528,0.1342754307600939,-0.3633384321883398
ROS1-43-0019,2025-07-16,0.27282705157214227,0.16317836608865746,-0.4224955856869271
ROS1-49-0007,2025-07-16,0.246385147132894,0.14277473653598313,-0.394108253478859
ROS1-43-0019,2025-08-01,0.33361428495701484,0.15947531483519628,-0.6084568826390834
ROS1-49-0007,2025-08-01,0.26645601185262174,0.15120904004202657,-0.40417494545970084
ROS1-49-0004,2025-08-17,0.17638106780059726,0.12035424721318994,-0.32024784850505006
ROS1-43-0019,2025-08-17,0.17989964665117797,0.11911988491314437,-0.30639177342797
ROS1-49-0007,2025-08-17,0.3166691914140834,0.22122812544217668,-0.4293797288269531
ROS1-49-0004,2025-09-02,0.17166067433208282,0.10543344096419553,-0.3092449120687817
ROS1-43-0019,2025-09-02,0.19495841098290542,0.13914833825373116,-0.32568885579276186
ROS1-49-0007,2025-09-02,0.2835954773469487,0.18221119506166,-0.4011676094071385
ROS1-49-0004,2025-10-04,0.16918500121839988,0.09693461955144787,-0.31429862136059616
ROS1-43-0019,2025-10-04,0.19720733378494465,0.12902335572295864,-0.3260483527242893
ROS1-49-0007,2025-10-04,0.2604050299077713,0.16157174492922535,-0.39668620423462403
ROS1-42-0006,2025-06-14,0.5638741191833317,0.3466561939395656,-0.5566228387275748
ROS1-42-0008,2025-06-14,0.6007422286428495,0.3633168894470243,-0.6175598669531489
ROS1-43-0019,2025-06-14,0.48044764862080663,0.27834684093350215,-0.560736249761668
ROS1-49-0007,2025-06-14,0.5430383245326869,0.3123810378774994,-0.5867984900564762
ROS1-42-0006,2025-06-30,0.5023350836233119,0.28504619149137345,-0.5607158159512013
ROS1-42-0008,2025-06-30,0.30769949795107765,0.17248128975811436,-0.44540559763570864
ROS1-43-0019,2025-06-30,0.2852752921404762,0.156152572691504,-0.4304453708279421
ROS1-49-0007,2025-06-30,0.29598478201363226,0.14467536450782628,-0.43616595448528567
ROS1-42-0006,2025-07-16,0.2850723345445153,0.24388024431733749,-0.3700340597953483
ROS1-43-0019,2025-07-16,0.2731464329480769,0.1632903672680885,-0.4229981955085535
ROS1-49-0007,2025-07-16,0.24677318177616125,0.14304054956890944,-0.3943963153999251
ROS1-42-0006,2025-08-01,0.37813301542414085,0.2768694953281107,-0.5049823488298714
ROS1-42-0008,2025-08-01,0.22298915434150998,0.16664551811024078,-0.3700299243949594
ROS1-43-0019,2025-08-01,0.3345404928063941,0.16133516526367137,-0.6202949713208697
ROS1-49-0007,2025-08-01,0.3162639524952049,0.14448587730807624,-0.4785139315897145
ROS1-42-0006,2025-08-17,0.4201115193997912,0.29398621544747217,-0.5327808951358244
ROS1-42-0008,2025-08-17,0.20171400251383984,0.15272218063647724,-0.3456642684737109
ROS1-43-0019,2025-08-17,0.19783705506827057,0.1439595183653044,-0.3534339134558803
ROS1-49-0007,2025-08-17,0.31726496668370663,0.22103029879019195,-0.43006731844559215
ROS1-42-0006,2025-09-02,0.4115760706430822,0.254374302551327,-0.5185262066140991
ROS1-42-0008,2025-09-02,0.19121942249442353,0.13302221019328797,-0.3280401591741078
ROS1-43-0019,2025-09-02,0.19519569193785483,0.1389296659416639,-0.3261071881550587
ROS1-49-0007,2025-09-02,0.2839052183994356,0.1821662381536791,-0.4012310299419351
ROS1-42-0006,2025-10-04,0.4137214238697721,0.2411048191403877,-0.5854681246992334
ROS1-42-0008,2025-10-04,0.19051839714674348,0.12361601188178425,-0.32271360101310476
ROS1-43-0019,2025-10-04,0.19781243046295374,0.12912159045916274,-0.32834292044811636
ROS1-49-0007,2025-10-04,0.2611782013702047,0.16172745284636786,-0.3989676246704398
ROS1-31-0009,2025-04-02,0.35103009063941565,0.17789036658292864,-0.4068005042596968
ROS1-37-0049,2025-04-02,0.37817540112242654,0.2069502356567768,-0.4186788216099357
ROS1-31-0024,2025-04-02,0.3558539203482936,0.19378187679477116,-0.4120382835240437
ROS1-38-0002,2025-04-02,0.39174547828607065,0.22621421037237477,-0.43836321881934404
ROS1-31-0009,2025-04-18,0.5528839460801266,0.345190427305594,-0.5508006610747617
ROS1-37-0049,2025-04-18,0.6620879634281521,0.4808418792941335,-0.6240101987745252
ROS1-42-0006,2025-04-18,0.42089833895578305,0.2580999249260061,-0.4840842089956233
ROS1-49-0004,2025-04-18,0.23682032229401834,0.120796667840359,-0.3855607213969676
ROS1-31-0024,2025-04-18,0.6705599613906092,0.459892399416732,-0.6276721093311951
ROS1-37-0025,2025-04-18,0.5673369666319141,0.3751268921668714,-0.561740446264664
ROS1-38-0002,2025-04-18,0.6852282364499546,0.46243601952337676,-0.6535408509866106
ROS1-42-0008,2025-04-18,0.5295959012469504,0.32985756329614163,-0.5449478241046769
ROS1-43-0019,2025-04-18,0.6023053123521114,0.3948881989698344,-0.5975985714027877
ROS1-49-0007,2025-04-18,0.6646630828417922,0.391073331175684,-0.6314079922276052
ROS1-31-0038,2025-04-18,0.543030045505128,0.3264330676755968,-0.5483803422896427
ROS1-31-0009,2025-05-04,0.7030571217263034,0.4725582924059775,-0.6666632667327729
ROS1-37-0049,2025-05-04,0.8270656593792732,0.7109918182375473,-0.7591679276571507
ROS1-42-0006,2025-05-04,0.618942143815778,0.41577561470856494,-0.6134369056469695
ROS1-49-0004,2025-05-04,0.2444606553485613,0.1277239953720817,-0.3917016560172849
ROS1-31-0024,2025-05-04,0.8368032861942957,0.6755170377736742,-0.7556535042226346
ROS1-37-0025,2025-05-04,0.7974052834531683,0.6329405465878915,-0.7241662733909815
ROS1-38-0002,2025-05-04,0.8445593170178108,0.6915248020297899,-0.7687592141514364
ROS1-42-0008,2025-05-04,0.7345132460049689,0.5227272736219919,-0.676577778431578
ROS1-43-0019,2025-05-04,0.758121966767057,0.5587512537597557,-0.7151116922296963
ROS1-49-0007,2025-05-04,0.8134136112600286,0.5791515579851862,-0.7474616004329734
ROS1-25-0016,2025-05-04,0.7830089071306646,0.5366945418238721,-0.6884566681548969
ROS1-31-0038,2025-05-04,0.7508721666515694,0.5078246279656558,-0.7003457430891654
ROS1-31-0009,2025-05-20,0.8484955967931684,0.6612424177605524,-0.7797169431267459
ROS1-37-0049,2025-05-20,0.8531960153275766,0.7140312508738803,-0.7830737918182544
ROS1-42-0006,2025-05-20,0.8274951840902012,0.5494865377955503,-0.7408246460661371
ROS1-49-0004,2025-05-20,0.3466481872450895,0.21302248947976518,-0.44131432099014256
ROS1-31-0024,2025-05-20,0.8648543772057936,0.7038136003355534,-0.7919272726497233
ROS1-37-0025,2025-05-20,0.8839888902976358,0.7295249220135409,-0.7992507924561904
ROS1-38-0002,2025-05-20,0.8878059862418551,0.7498363369461984,-0.8112322183826405
ROS1-42-0008,2025-05-20,0.8376260887336513,0.5648150049634628,-0.7661299606723948
ROS1-43-0019,2025-05-20,0.8555342449591515,0.6020899652749417,-0.7875017705565757
ROS1-49-0007,2025-05-20,0.8802659908207678,0.6321435788406151,-0.7991333104603648
ROS1-31-0038,2025-05-20,0.8613275939192253,0.6183687622999168,-0.7793131103605613
ROS1-31-0009,2025-06-05,0.7954650720036189,0.5854661889090901,-0.744225857920188
ROS1-37-0049,2025-06-05,0.672025145782614,0.42061722082339387,-0.6633568081869526
ROS1-42-0006,2025-06-05,0.6961935907259131,0.43464665225431476,-0.6629978885559098
ROS1-49-0004,2025-06-05,0.46952354087807424,0.3215165285384916,-0.5097839327117994
ROS1-31-0024,2025-06-05,0.6801261800127915,0.4729106118300005,-0.6657553256152632
ROS1-37-0025,2025-06-05,0.8123562887074468,0.5870093329287704,-0.7558902182584983
ROS1-38-0002,2025-06-05,0.8153218774843949,0.6029533191905917,-0.7498934014221191
ROS1-42-0008,2025-06-05,0.7611650769468842,0.519372965065261,-0.7222315754223936
ROS1-43-0019,2025-06-05,0.7180640591885272,0.48857693830724824,-0.7052057452886635
ROS1-49-0007,2025-06-05,0.7539246229731182,0.5142133774123581,-0.7221919821892874
ROS1-31-0038,2025-06-05,0.778104344111667,0.5228360180917645,-0.7331254537468457
ROS1-31-0009,2025-06-21,0.5239544626751435,0.2458172229510832,-0.561274641732208
ROS1-37-0049,2025-06-21,0.390311623856609,0.19234463557413314,-0.4767786206881941
ROS1-42-0006,2025-06-21,0.6299447366521139,0.3405713072050201,-0.6166384484433819
ROS1-49-0004,2025-06-21,0.3435213325951265,0.20409738954253195,-0.4366465432434444
ROS1-31-0024,2025-06-21,0.34381870345508675,0.14538487898993147,-0.45455724922145535
ROS1-37-0025,2025-06-21,0.6876332921509445,0.38522539164857145,-0.6590957321792806
ROS1-38-0002,2025-06-21,0.41535813089047496,0.1918849749314099,-0.5353975818845123
ROS1-43-0019,2025-06-21,0.2643092543849049,0.1489278397655032,-0.35740444848848674
ROS1-49-0007,2025-06-21,0.4249917777196642,0.16556848304363536,-0.49850480906397715
ROS1-31-0038,2025-06-21,0.4606756148556447,0.20646923000795464,-0.5359253658988168
ROS1-31-0009,2025-07-07,0.20302852413386854,0.14775903464760062,-0.30372471691479913
ROS1-37-0049,2025-07-07,0.24985469466628787,0.13609113544599957,-0.39393319333451576
ROS1-42-0006,2025-07-07,0.43840621703088173,0.25979291648881114,-0.5192870375532879
ROS1-49-0004,2025-07-07,0.23914175779681865,0.1356067613481014,-0.38612402208005425
ROS1-31-0024,2025-07-07,0.30713795173218533,0.18597595264411107,-0.430702305762117
ROS1-37-0025,2025-07-07,0.4699607845819445,0.26071234383006164,-0.5467576365859105
ROS1-38-0002,2025-07-07,0.26884870495478097,0.1342643007421157,-0.4266138330135105
ROS1-42-0008,2025-07-07,0.2584474571149605,0.14859187422422432,-0.4082131437935786
ROS1-43-0019,2025-07-07,0.28105587802372006,0.1530815714236067,-0.42747248672722166
ROS1-49-0007,2025-07-07,0.281344956394085,0.13893923922684334,-0.4297816956706377
ROS1-31-0038,2025-07-07,0.2967599725121292,0.17350317786456226,-0.4350530206482268
ROS1-37-0049,2025-07-23,0.20444991222156347,0.1678835097411308,-0.3454689772974192
ROS1-42-0006,2025-07-23,0.3711165600300763,0.27010006078288856,-0.5112104706671601
ROS1-49-0004,2025-07-23,0.21590500296018444,0.13731393549514526,-0.36859847709097926
ROS1-37-0025,2025-07-23,0.23449444071884912,0.18989136282879104,-0.3805277760729263
ROS1-42-0008,2025-07-23,0.21749381753166028,0.15813852910529783,-0.374532949254203
ROS1-43-0019,2025-07-23,0.2327225680246255,0.1766775973804079,-0.39582165572125483
ROS1-49-0007,2025-07-23,0.2623541165645891,0.15170873485183642,-0.4017191530986137
ROS1-31-0038,2025-07-23,0.21387542265773915,0.1602472288821815,-0.370169247011643
ROS1-31-0009,2025-08-24,0.19576583947977388,0.09092535938072306,-0.323882716084704
ROS1-37-0049,2025-08-24,0.1908766940710624,0.1375552968044643,-0.32941926687385104
ROS1-42-0006,2025-08-24,0.40167782051696554,0.25562860080397753,-0.5101367224595986
ROS1-49-0004,2025-08-24,0.18578420527158282,0.11705356640909112,-0.33236141389686547
ROS1-31-0024,2025-08-24,0.19951830745185556,0.09173354302790221,-0.31753445791528856
ROS1-37-0025,2025-08-24,0.32893998763724697,0.2305389906328935,-0.42869738430582055
ROS1-38-0002,2025-08-24,0.2512907347174839,0.17789533439811422,-0.3755314907213298
ROS1-42-0008,2025-08-24,0.2070449621889467,0.14977182803302289,-0.3511801391599046
ROS1-43-0019,2025-08-24,0.2103078490642906,0.1549471055236942,-0.35451910045446156
ROS1-49-0007,2025-08-24,0.31531423628098504,0.20329122520333548,-0.43458626871616757
ROS1-31-0038,2025-08-24,0.18461099396771874,0.12574237436620897,-0.3236859320341981
ROS1-49-0004,2025-09-09,0.17316384635144594,0.1067744271464107,-0.3171370130927274
ROS1-37-0025,2025-09-09,0.27118187190549536,0.13291127624160998,-0.3727385940217062
ROS1-38-0002,2025-09-09,0.23200222878293486,0.17171237672462275,-0.3645255615710923
ROS1-49-0007,2025-09-09,0.2832348377206232,0.18326332864107708,-0.41330748136412193
ROS1-31-0038,2025-09-09,0.20113689585532774,0.1460387425314241,-0.3518813467667316
ROS1-31-0009,2025-09-25,0.1826903731186092,0.08705206609264965,-0.31173206605907877
ROS1-37-0049,2025-09-25,0.18931093970587115,0.13412627516676867,-0.327772866703432
ROS1-42-0006,2025-09-25,0.4390773918547392,0.2544995942233753,-0.5811871342664646
ROS1-49-0004,2025-09-25,0.17212515435868284,0.09915596744879787,-0.3163672075341083
ROS1-31-0024,2025-09-25,0.1831840482534407,0.0820789693456947,-0.29991235103459346
ROS1-37-0025,2025-09-25,0.28461625361446574,0.18142342510778717,-0.4020059190758933
ROS1-38-0002,2025-09-25,0.22063030507550996,0.1583707830419768,-0.3621010734136453
ROS1-42-0008,2025-09-25,0.18049030737732655,0.11453089380856907,-0.3158124221837465
ROS1-49-0007,2025-09-25,0.2875172551114078,0.19617060821206947,-0.41586603484576845
ROS1-31-0038,2025-09-25,0.1887634373443178,0.0814300018284279,-0.31689720373840974
ROS1-31-0009,2025-10-27,0.20907688237258792,0.07942887852954403,-0.3286523884183114
ROS1-37-0049,2025-10-27,0.25012266376382886,0.13717946953470975,-0.35240786160227905
ROS1-42-0006,2025-10-27,0.38911628880439747,0.1725854401553351,-0.561896329113827
ROS1-49-0004,2025-10-27,0.19512838903840307,0.07513786400665279,-0.3219795122284035
ROS1-31-0024,2025-10-27,0.24134559517200635,0.06184670113731155,-0.36993948475115107
ROS1-37-0025,2025-10-27,0.2158380849249041,0.06924835346089739,-0.33831120256153097
ROS1-38-0002,2025-10-27,0.2271163672553912,0.06118245513922001,-0.36573663915063276
ROS1-42-0008,2025-10-27,0.2375182197918681,0.06959606669118172,-0.39832137512700627
ROS1-43-0019,2025-10-27,0.2540447212069269,0.11992001816946635,-0.36433062679821676
ROS1-49-0007,2025-10-27,0.2625727122835594,0.12483099044908451,-0.38585052340841847
ROS1-31-0038,2025-10-27,0.22376741994982155,0.06053668090271986,-0.35985560413314066
ROS1-30-0009,2025-04-18,0.8425918564008578,0.681460455370364,-0.7309090440705699
ROS1-42-0006,2025-04-18,0.42159842728106267,0.2582611988653505,-0.48517564014814135
ROS1-24-0026,2025-04-18,0.8419087763976675,0.6906922829042981,-0.7409605698622616
ROS1-30-0001,2025-04-18,0.47700611408676885,0.2665037694932588,-0.4852955923052935
ROS1-36-0022,2025-04-18,0.439667842024479,0.28753364877479193,-0.4900466682802512
ROS1-37-0025,2025-04-18,0.5680611295733209,0.3752330778811152,-0.5628331346463933
ROS1-42-0008,2025-04-18,0.5309545416431659,0.33028391518828976,-0.5463924116985929
ROS1-30-0006,2025-04-18,0.7062458234110452,0.4979529554945086,-0.6450283291280301
ROS1-30-0009,2025-05-04,0.8840656749606496,0.7723220565693024,-0.781568292658675
ROS1-42-0006,2025-05-04,0.6182797464674286,0.41575095169604004,-0.6133381123058116
ROS1-24-0026,2025-05-04,0.8722981605089596,0.7663373533193639,-0.7825888354412874
ROS1-30-0001,2025-05-04,0.5691060381395248,0.3291552302801134,-0.5484541073519831
ROS1-36-0022,2025-05-04,0.6235203557760912,0.42662433469027367,-0.6175504403506001
ROS1-37-0025,2025-05-04,0.7969816315248502,0.6321193525831098,-0.7245082859794525
ROS1-42-0008,2025-05-04,0.7346677722601304,0.5224412725209531,-0.6773051017182204
ROS1-25-0016,2025-05-04,0.7818007449718708,0.5356554283243524,-0.6883038940027495
ROS1-30-0006,2025-05-04,0.8255230877056451,0.6528337929096131,-0.7329389111581849
ROS1-30-0009,2025-05-20,0.8904015326452056,0.7199298651634914,-0.7954208751381279
ROS1-42-0006,2025-05-20,0.8276576165303151,0.5493917952449581,-0.741423182130089
ROS1-24-0026,2025-05-20,0.8980640414572851,0.7708534080061181,-0.8102414466884341
ROS1-30-0001,2025-05-20,0.6672180287451043,0.3742791890598133,-0.6037088408341685
ROS1-36-0022,2025-05-20,0.7813976262671734,0.4699497859665556,-0.7242524745003767
ROS1-37-0025,2025-05-20,0.8838851220622699,0.7288547008620077,-0.7995989650575757
ROS1-42-0008,2025-05-20,0.8373568906146964,0.5641634372385701,-0.7663875239032412
ROS1-30-0006,2025-05-20,0.851922042912538,0.6187031078521353,-0.7619586144989474
ROS1-30-0009,2025-06-05,0.6769881820674463,0.44101601552016223,-0.6603319228211038
ROS1-42-0006,2025-06-05,0.6797124052306006,0.3296250138402887,-0.6244668547661005
ROS1-24-0026,2025-06-05,0.8357025421684044,0.6191402387544225,-0.7560825924891449
ROS1-30-0001,2025-06-05,0.5312749997785262,0.31702452616510746,-0.5307009785461261
ROS1-36-0022,2025-06-05,0.6137205141602051,0.3852784568212072,-0.6240758485334053
ROS1-37-0025,2025-06-05,0.8150598784651119,0.5903124454682779,-0.7574905431026514
ROS1-42-0008,2025-06-05,0.7604791335209895,0.5183694376575896,-0.7221853861737572
ROS1-30-0006,2025-06-05,0.720966319749693,0.481002926314437,-0.675719166298441
ROS1-30-0009,2025-06-21,0.31695535428037575,0.14534618051960682,-0.46786825351624656
ROS1-42-0006,2025-06-21,0.6298044144396914,0.34000204384614724,-0.6168144122947188
ROS1-24-0026,2025-06-21,0.4065287500524722,0.1931663113645624,-0.5124525869391054
ROS1-30-0001,2025-06-21,0.3947957807782173,0.1787554664343138,-0.5047387145271672
ROS1-36-0022,2025-06-21,0.409108772622308,0.18160483577286507,-0.5075953730037823
ROS1-37-0025,2025-06-21,0.687199206463519,0.3845452610434799,-0.6591008154805438
ROS1-30-0006,2025-06-21,0.3525856841780961,0.12346229906564773,-0.45479144573865593
ROS1-30-0009,2025-07-07,0.2604825530759396,0.14393455968653918,-0.4111943359701893
ROS1-42-0006,2025-07-07,0.43816466265536747,0.259739455997378,-0.5200553280867881
ROS1-24-0026,2025-07-07,0.2613361880937879,0.13857598373105873,-0.40584320981866867
ROS1-30-0001,2025-07-07,0.33888719278319546,0.18204071232565286,-0.4420986933213122
ROS1-36-0022,2025-07-07,0.28977507750325976,0.22690631130123912,-0.40248498486793494
ROS1-37-0025,2025-07-07,0.4697407957319665,0.2607573135137575,-0.5475082893956078
ROS1-42-0008,2025-07-07,0.2583023582821483,0.14853202593033038,-0.4091204810134898
ROS1-30-0006,2025-07-07,0.2715069689972398,0.15624073490996915,-0.41094085548327525
ROS1-30-0009,2025-07-23,0.19686707322590302,0.09787738958223233,-0.299932132863097
ROS1-42-0006,2025-07-23,0.37193599096892266,0.2704232638650139,-0.5119894188193685
ROS1-24-0026,2025-07-23,0.1973627389926057,0.06875161724800784,-0.27223996858859134
ROS1-30-0001,2025-07-23,0.2640004808294247,0.16027064963954354,-0.385202612598505
ROS1-36-0022,2025-07-23,0.27282242173848525,0.21362481860072524,-0.407884361040991
ROS1-37-0025,2025-07-23,0.23529076558135978,0.1904366883399626,-0.38128803900581526
ROS1-42-0008,2025-07-23,0.21837185842350815,0.15849630859035363,-0.3755225037198383
ROS1-30-0006,2025-07-23,0.2476340212848812,0.15674670594742604,-0.3884599322398189
ROS1-30-0009,2025-08-24,0.2014112090151298,0.11789915940191113,-0.32013494861522246
ROS1-42-0006,2025-08-24,0.3953556380750938,0.25632334369403487,-0.5020500796890323
ROS1-30-0001,2025-08-24,0.227542044609674,0.11882272274339357,-0.3441949406788051
ROS1-37-0025,2025-08-24,0.3293748747740809,0.23064399056216678,-0.4298666976497327
ROS1-42-0008,2025-08-24,0.20741227709224572,0.14988100778679558,-0.3523874644264233
ROS1-30-0006,2025-08-24,0.20449224482630898,0.13152704935845616,-0.3418939575254544
ROS1-30-0009,2025-09-25,0.20232497568652938,0.09246022649768457,-0.3121592500433762
ROS1-42-0006,2025-09-25,0.43988708379202546,0.25453328492154315,-0.582425271996246
ROS1-24-0026,2025-09-25,0.19470961218798113,0.10274793296461537,-0.3095498505530073
ROS1-30-0001,2025-09-25,0.24395580085774096,0.11489700275793709,-0.3557031144059716
ROS1-36-0022,2025-09-25,0.3244458304949005,0.10520525737688526,-0.40642252408307533
ROS1-37-0025,2025-09-25,0.28412064668305387,0.18192431079346166,-0.40077480592048426
ROS1-42-0008,2025-09-25,0.18107217468743395,0.11465567494876626,-0.3168330424519955
ROS1-30-0006,2025-09-25,0.19892921044222947,0.1143202572290358,-0.3269556858291582
ROS1-30-0009,2025-10-27,0.3437856979915892,0.12108057884368846,-0.3683728062410004
ROS1-42-0006,2025-10-27,0.39068277090158343,0.17359824452038086,-0.5640111767215535
ROS1-30-0001,2025-10-27,0.3618710611155154,0.1314848723327553,-0.42875841307123774
ROS1-36-0022,2025-10-27,0.24258321279414227,0.08389003355441266,-0.3513050885986353
ROS1-37-0025,2025-10-27,0.22858209036741656,0.07087277403982135,-0.3615071643812342
ROS1-42-0008,2025-10-27,0.23921647735674112,0.07015942945704068,-0.4010525522237282
ROS1-28-0006,2025-04-09,0.26677229716568884,0.026347797190291494,-0.13723141833699937
ROS1-28-0006,2025-04-25,0.4522918462156233,0.1884308318224862,-0.4470430258062652
ROS1-28-0006,2025-05-11,0.2673975268503454,0.12852738037004052,-0.35098162336338906
ROS1-28-0006,2025-05-27,0.3025983857232941,0.1632152811936958,-0.3751812478507925
ROS1-28-0006,2025-06-12,0.2833478368824957,0.26134241640290334,-0.28557682125811995
ROS1-28-0006,2025-07-14,0.6985011889266585,0.4650121335872813,-0.613013053202449
ROS1-28-0006,2025-07-30,0.716747824457169,0.478832618420701,-0.6252674001638951
ROS1-28-0006,2025-08-15,0.5015338915949019,0.295188061319779,-0.4705232575626133
ROS1-28-0006,2025-08-31,0.28809115830881116,0.14950065596807666,-0.371591783008777
ROS1-28-0006,2025-09-16,0.2572731368316113,0.1543434629020371,-0.38161060178432105
ROS1-28-0006,2025-10-02,0.2451169825312524,0.1017240181750382,-0.35556809961299674
ROS1-28-0006,2025-04-09,0.23695014353553762,0.025871285419496383,-0.11456690687923476
ROS1-33-0014,2025-04-09,0.2406050478648602,0.11063881774517925,-0.33829486005743553
ROS1-28-0017,2025-04-09,0.2505020535956305,0.11085119891332185,-0.31716238996158286
ROS1-33-0018,2025-04-09,0.5394804421667084,0.2733994637197892,-0.5369993716852655
ROS1-27-0006,2025-04-25,0.5301084028820287,0.29624662052961925,-0.5172239122514741
ROS1-28-0006,2025-04-25,0.4522403622403378,0.18868290899709833,-0.44657811788859314
ROS1-33-0014,2025-04-25,0.282745257053276,0.14984536081383526,-0.3715565120175858
ROS1-27-0009,2025-04-25,0.2541075845082349,0.1161496412416314,-0.3405086920656947
ROS1-28-0017,2025-04-25,0.24665598587958634,0.11468479174784746,-0.31619071234454127
ROS1-33-0018,2025-04-25,0.6789884657890853,0.43333589039097553,-0.6407238052369427
ROS1-21-0034,2025-04-25,0.2744284103280613,0.1326900187315043,-0.33759995821049404
ROS1-27-0004,2025-04-25,0.6129708660815011,0.40463536411976636,-0.5662389267070175
ROS1-27-0006,2025-05-11,0.5469188792661246,0.3142458631013789,-0.5506791148014546
ROS1-28-0006,2025-05-11,0.26819452954001455,0.12916560433020063,-0.3518012164317765
ROS1-33-0014,2025-05-11,0.2898906288041283,0.18398861720573537,-0.3578551726697212
ROS1-26-0031,2025-05-11,0.22957330236598492,0.08689687860446164,-0.3174390477842136
ROS1-27-0009,2025-05-11,0.49839518560138396,0.08560275023000347,-0.6403890678262986
ROS1-28-0017,2025-05-11,0.24804506949797067,0.12357758802164288,-0.3261176419429411
ROS1-33-0018,2025-05-11,0.7639229377964997,0.5737388206380291,-0.7127953432022699
ROS1-21-0034,2025-05-11,0.24347973525557637,0.11753489158214488,-0.3416100414610108
ROS1-27-0004,2025-05-11,0.6399471539382264,0.4317627783288696,-0.6130219202886695
ROS1-27-0006,2025-05-27,0.5833775217148274,0.3599892697891762,-0.5843939177806678
ROS1-28-0006,2025-05-27,0.3041112022045404,0.16373497979949309,-0.3775390188170272
ROS1-33-0014,2025-05-27,0.31354504990088156,0.17170914267792106,-0.40469348305333097
ROS1-26-0031,2025-05-27,0.2239681374386294,0.12224587542604419,-0.31885661027857287
ROS1-27-0009,2025-05-27,0.33203328513699637,0.20557527040716436,-0.41191277370569135
ROS1-28-0017,2025-05-27,0.26708128609971243,0.12111453708867044,-0.3448317976421319
ROS1-33-0018,2025-05-27,0.73715589009286,0.5184461159839417,-0.6976680567727461
ROS1-21-0034,2025-05-27,0.33187033263681887,0.19379724651965294,-0.39391620592680376
ROS1-27-0004,2025-05-27,0.6503007714919731,0.45826550943890476,-0.6316622559761954
ROS1-27-0006,2025-06-12,0.38863813001917513,0.22567429060261895,-0.4708720570702153
ROS1-28-0006,2025-06-12,0.31747831614753325,0.24228168924874827,-0.32303629613359797
ROS1-33-0014,2025-06-12,0.48716017239100495,0.3190140054458963,-0.5032010255608389
ROS1-26-0031,2025-06-12,0.23891269625360864,0.1192168511737936,-0.30411480389618684
ROS1-27-0009,2025-06-12,0.4010781016743327,0.24822240871750303,-0.46479060905573993
ROS1-28-0017,2025-06-12,0.23383718443361562,0.1307615981423925,-0.28179621125443016
ROS1-33-0018,2025-06-12,0.43623454620349045,0.250795765233209,-0.5185803745060766
ROS1-21-0034,2025-06-12,0.4821027131794252,0.30416708090009326,-0.4878342808030482
ROS1-27-0004,2025-06-12,0.3691456477274488,0.24275299714955784,-0.4708062703084881
ROS1-27-0006,2025-07-14,0.2242298220236684,0.10758080408431633,-0.3277131483563397
ROS1-28-0006,2025-07-14,0.707991587004185,0.4871007004270719,-0.6153403926219104
ROS1-33-0014,2025-07-14,0.3635755252490757,0.21094429087447825,-0.44027314112716415
ROS1-26-0031,2025-07-14,0.4059755717249396,0.21394333580378908,-0.4505038495323086
ROS1-33-0018,2025-07-14,0.38786517712168833,0.23521184348701224,-0.4464965703146571
ROS1-21-0034,2025-07-14,0.6271410333948864,0.4028938469152359,-0.6107926149702336
ROS1-27-0004,2025-07-14,0.2182619533256866,0.15831423022520516,-0.35470977412767385
ROS1-27-0006,2025-07-30,0.20843126578272078,0.11477475351217531,-0.31526470672703705
ROS1-28-0006,2025-07-30,0.7162328652855653,0.4776704317749582,-0.6254285684965043
ROS1-33-0014,2025-07-30,0.3452782459242315,0.19020193255378123,-0.42124431673852686
ROS1-26-0031,2025-07-30,0.29505769369315016,0.13286252725942913,-0.36307718207638473
ROS1-27-0009,2025-07-30,0.3506212355372057,0.20520085257468082,-0.4222117362518358
ROS1-28-0017,2025-07-30,0.2471028055005279,0.1095737254479284,-0.32177250707833743
ROS1-33-0018,2025-07-30,0.30624004537877747,0.18538691922104678,-0.41135034977103435
ROS1-21-0034,2025-07-30,0.7598247708941182,0.5427572428035008,-0.6978369363486879
ROS1-27-0004,2025-07-30,0.2108928242712707,0.12966491389074813,-0.3089776773470656
ROS1-27-0006,2025-08-15,0.20520351399244427,0.11885890693395562,-0.31725982766334687
ROS1-28-0006,2025-08-15,0.5039590820002724,0.2961999888793048,-0.47205683587908304
ROS1-26-0031,2025-08-15,0.2667739961304429,0.11583806541342494,-0.34623700224532333
ROS1-27-0009,2025-08-15,0.2656609405383776,0.15072035567822087,-0.37181240774109664
ROS1-28-0017,2025-08-15,0.23742362410573822,0.08743678326325938,-0.3175836834132367
ROS1-33-0018,2025-08-15,0.3170193540359048,0.2002002333086201,-0.4380496102103131
ROS1-21-0034,2025-08-15,0.7241536414915529,0.5017613144534294,-0.6842246798970968
ROS1-27-0004,2025-08-15,0.2026930105220854,0.13972598833337527,-0.294703126304697
ROS1-28-0006,2025-08-31,0.28794272970713397,0.14922617602866797,-0.3713420302651175
ROS1-33-0014,2025-08-31,0.25947476073397535,0.15665814945116913,-0.3698355457890236
ROS1-26-0031,2025-08-31,0.2347504507426334,0.11700233438665822,-0.3211066044679648
ROS1-27-0009,2025-08-31,0.24525962063007856,0.0566366470152357,-0.35197132210437787
ROS1-28-0017,2025-08-31,0.20053307242456486,0.08553480971629564,-0.2742875342838273
ROS1-33-0018,2025-08-31,0.32551338984903566,0.21484061955262065,-0.44085307850648114
ROS1-27-0006,2025-09-16,0.20077801365710538,0.08819620858075282,-0.3056343788074695
ROS1-28-0006,2025-09-16,0.2587492595404333,0.15478157196108186,-0.3836726072043387
ROS1-33-0014,2025-09-16,0.2614775241266046,0.13746543342706488,-0.37740781653801664
ROS1-26-0031,2025-09-16,0.2446037152174558,0.10029877138229149,-0.3253259828171024
ROS1-27-0009,2025-09-16,0.22433907572895037,0.1250612714316775,-0.3451319932060119
ROS1-28-0017,2025-09-16,0.2147084394385641,0.08858412014341908,-0.30080966776290147
ROS1-33-0018,2025-09-16,0.21416386083405745,0.12496661482371613,-0.35080947696503745
ROS1-21-0034,2025-09-16,0.5846270741286311,0.37599738938224553,-0.6132508067861476
ROS1-27-0004,2025-09-16,0.21050760507586916,0.10389459155914789,-0.31122844531385035
ROS1-27-0006,2025-10-02,0.19715305110237447,0.08493665688073906,-0.30791758073027214
ROS1-28-0006,2025-10-02,0.24334473852164412,0.10153710792221744,-0.3516306542395203
ROS1-33-0014,2025-10-02,0.2302565683099512,0.10579218239206908,-0.3610997173987295
ROS1-26-0031,2025-10-02,0.2278913923050381,0.09040208521374293,-0.3248326474853038
ROS1-27-0009,2025-10-02,0.20563025073121177,0.10750592364088542,-0.33215323763310256
ROS1-33-0018,2025-10-02,0.20670604038934567,0.1178693681260908,-0.34873802849144286
ROS1-27-0004,2025-10-02,0.20683186383079388,0.10074349866355362,-0.3096790304770853
ROS1-27-0006,2025-10-18,0.19947959613882768,0.0838429438366602,-0.28865557590739965
ROS1-33-0014,2025-10-18,0.2192681402291749,0.10012837047417235,-0.3298989526890659
ROS1-26-0031,2025-10-18,0.20887499708530413,0.07005524081957987,-0.29644634756943117
ROS1-27-0009,2025-10-18,0.20094982173130374,0.09315390591793869,-0.3218553736850265
ROS1-33-0018,2025-10-18,0.2042151513011849,0.11103879513771188,-0.3379873856672002
ROS1-21-0034,2025-10-18,0.2927184820537206,0.16246434656100758,-0.4108488895737298
ROS1-25-0017,2025-04-25,0.2513081765182534,0.12068435998978908,-0.3253720189652894
ROS1-37-0049,2025-04-25,0.7852670474385445,0.6049434851609388,-0.7293266763135867
ROS1-25-0008,2025-04-25,0.6439368268720238,0.4177657130372432,-0.6110841974700358
ROS1-30-0001,2025-04-25,0.5115719080829134,0.25959795208892583,-0.4959782491823541
ROS1-37-0025,2025-04-25,0.7083227474039139,0.5233980077541286,-0.6490701349072086
ROS1-19-0022,2025-04-25,0.38417941665763444,0.2117387812174749,-0.41092011622542496
ROS1-21-0034,2025-04-25,0.2743302073603921,0.1327999822276294,-0.33971399540610164
ROS1-25-0016,2025-04-25,0.6974414749911511,0.4060162767578107,-0.6307237819498088
ROS1-30-0006,2025-04-25,0.7864063702680723,0.5772084507317247,-0.7104408685705016
ROS1-31-0038,2025-04-25,0.6618172248722443,0.40260427533870863,-0.6434107968834302
ROS1-19-0041,2025-05-11,0.36755442331129,0.205738515403716,-0.39499231510012145
ROS1-25-0017,2025-05-11,0.29424283905138215,0.15731322507831635,-0.36728193908569123
ROS1-32-0018,2025-05-11,0.7784205354108342,0.5329326508662693,-0.7269835992503176
ROS1-20-0010,2025-05-11,0.5709186379654355,0.3740612075140699,-0.5647459479731892
ROS1-26-0031,2025-05-11,0.23054098319908872,0.08677715396425212,-0.3210625650851712
ROS1-27-0009,2025-05-11,0.27454522911027546,0.07840066485930419,-0.3298612815325012
ROS1-32-0022,2025-05-11,0.8984364212063393,0.7885994296313877,-0.8038061959668351
ROS1-21-0034,2025-05-11,0.24356301248611847,0.11722834592917765,-0.34331636618821093
ROS1-19-0041,2025-05-27,0.3552170528699039,0.18682049164421016,-0.40058130161716216
ROS1-25-0017,2025-05-27,0.3105877466330538,0.17891831343278775,-0.37185902667233106
ROS1-26-0027,2025-05-27,0.5813074536787703,0.3804233433833097,-0.6130182687154181
ROS1-31-0009,2025-05-27,0.8561162569247244,0.6533626048730304,-0.7987362897012737
ROS1-32-0018,2025-05-27,0.5595101525762567,0.3392783099624423,-0.6026435103868659
ROS1-37-0049,2025-05-27,0.8146792761392522,0.6376429745945175,-0.7695358925749736
ROS1-19-0026,2025-05-27,0.683546136556213,0.481332609637186,-0.6187839494957936
ROS1-20-0010,2025-05-27,0.5630127997902336,0.3605953115596303,-0.5713917228672954
ROS1-25-0008,2025-05-27,0.5701651576656067,0.37493081043118504,-0.5781172354487564
ROS1-26-0031,2025-05-27,0.2240956659469693,0.12236762311766132,-0.3203768544368336
ROS1-27-0009,2025-05-27,0.33176978575623306,0.20573961729846876,-0.41259083289191045
ROS1-30-0001,2025-05-27,0.6134628834567212,0.35538273521191505,-0.5854888191865034
ROS1-31-0024,2025-05-27,0.8241351844469406,0.6166689252176956,-0.7789851296138531
ROS1-32-0022,2025-05-27,0.8558700230169938,0.6546115541529861,-0.7783748944048967
ROS1-37-0025,2025-05-27,0.8758547076429697,0.6899481284281562,-0.8114546703666866
ROS1-38-0002,2025-05-27,0.8821437930539866,0.6985322048322608,-0.8274234823098832
ROS1-21-0034,2025-05-27,0.3299812719829398,0.19502689725202307,-0.39166181915033454
ROS1-25-0016,2025-05-27,0.6842461809828204,0.4354299517385356,-0.6537335962865767
ROS1-26-0006,2025-05-27,0.24647937950421897,0.12953992058838323,-0.3404599897940485
ROS1-30-0006,2025-05-27,0.8138706757293248,0.5588224844010267,-0.7445624144424468
ROS1-31-0038,2025-05-27,0.8445652944015464,0.6203245358630501,-0.787479237982366
ROS1-19-0041,2025-06-12,0.4228951630578294,0.2072421374555069,-0.452787556909043
ROS1-25-0017,2025-06-12,0.27874430561083346,0.1630367220083622,-0.3395460681916725
ROS1-26-0027,2025-06-12,0.3591719330423277,0.20475366420780156,-0.48549604328511886
ROS1-32-0018,2025-06-12,0.48732793666039786,0.2140566670680671,-0.6261027197807986
ROS1-26-0031,2025-06-12,0.23694051573306216,0.11842177288400998,-0.30277050385487264
ROS1-27-0009,2025-06-12,0.39714301858509177,0.24616591139575206,-0.461479403742081
ROS1-19-0022,2025-06-12,0.2919113316894991,0.12440378286829519,-0.30708947180219703
ROS1-21-0034,2025-06-12,0.47885179965944336,0.30695004840882534,-0.48291145018875414
ROS1-26-0006,2025-06-12,0.24909601434386328,0.1418182564499329,-0.31970462970605135
ROS1-25-0017,2025-06-28,0.2826438544013002,0.18345746094141405,-0.3444263798154
ROS1-26-0027,2025-06-28,0.22199864949925818,0.15528977693918106,-0.3034848084196962
ROS1-31-0009,2025-06-28,0.3442074045743395,0.15789081458641543,-0.4876197975804031
ROS1-37-0049,2025-06-28,0.3250614103494718,0.16476950103844448,-0.4598059819945282
ROS1-30-0001,2025-06-28,0.33998842245903316,0.1801314451471948,-0.45819929580152696
ROS1-31-0024,2025-06-28,0.28654743910822084,0.12372747030702948,-0.4297567901675761
ROS1-32-0022,2025-06-28,0.26297118400216946,0.10323324401538121,-0.40401290676421725
ROS1-19-0022,2025-06-28,0.2732266589794891,0.16298124579292117,-0.3477323911969208
ROS1-30-0006,2025-06-28,0.28345055097076516,0.155400455497315,-0.39569472432568265
ROS1-31-0038,2025-06-28,0.35023736794771926,0.1755246335186933,-0.4945217173556839
ROS1-19-0041,2025-07-14,0.3127882541377575,0.1706609252465016,-0.3828025840711367
ROS1-25-0017,2025-07-14,0.26187367654879223,0.16042512408602044,-0.33253844943293887
ROS1-26-0027,2025-07-14,0.20601772548780592,0.13740688325886422,-0.3422208373122076
ROS1-31-0009,2025-07-14,0.2111745344446736,0.1580100749560742,-0.3754338674801904
ROS1-32-0018,2025-07-14,0.2165448661056266,0.1388756906032687,-0.3624625124474807
ROS1-37-0049,2025-07-14,0.20725503622339828,0.149741844398515,-0.35828102614086504
ROS1-19-0026,2025-07-14,0.23375500157598827,0.13685052458829916,-0.35525546220737453
ROS1-20-0010,2025-07-14,0.26064319016950244,0.1645854795500497,-0.3713325747531874
ROS1-25-0008,2025-07-14,0.19257886619173462,0.11451154335087697,-0.3092251737042299
ROS1-26-0031,2025-07-14,0.4044721160162173,0.21326003662606513,-0.45013121323501043
ROS1-30-0001,2025-07-14,0.2825729821636126,0.16815371980523047,-0.4042733069899155
ROS1-31-0024,2025-07-14,0.24356316513421236,0.171873499020857,-0.39349746888801485
ROS1-32-0022,2025-07-14,0.2083333296029573,0.1593889417701536,-0.36483446381893164
ROS1-37-0025,2025-07-14,0.2553497437280472,0.20580216552984976,-0.38933732139164384
ROS1-38-0002,2025-07-14,0.6088963098011554,0.12810616375242337,-0.7696113744090983
ROS1-19-0022,2025-07-14,0.3354335326040685,0.177245578802363,-0.3813589668246035
ROS1-21-0034,2025-07-14,0.6299426097541043,0.40515575258808273,-0.6132344593529918
ROS1-25-0016,2025-07-14,0.31570778271291566,0.1546270820116791,-0.414517626364257
ROS1-26-0006,2025-07-14,0.3757768360333299,0.21636225292516217,-0.42735810374329514
ROS1-30-0006,2025-07-14,0.24605921442994805,0.1530600617598348,-0.388513755152688
ROS1-31-0038,2025-07-14,0.2108698831183545,0.1491750491607266,-0.3642007246971523
ROS1-19-0041,2025-07-30,0.2951492333363156,0.15972403998234194,-0.36429202033873376
ROS1-25-0017,2025-07-30,0.2858600019824886,0.16316796813203652,-0.34862785709411825
ROS1-26-0027,2025-07-30,0.19621148772271163,0.12933585901963643,-0.33190958587854213
ROS1-31-0009,2025-07-30,0.18548706581597138,0.08732046763423693,-0.31062748879332475
ROS1-32-0018,2025-07-30,0.2012809707846216,0.11987122936906057,-0.32951775296128244
ROS1-37-0049,2025-07-30,0.2022154261101833,0.1507399953869528,-0.3557207162314465
ROS1-19-0026,2025-07-30,0.22391030233873735,0.1287438901849723,-0.33851929790873025
ROS1-20-0010,2025-07-30,0.2143000262682211,0.1264130031980152,-0.33382082769365296
ROS1-25-0008,2025-07-30,0.1954370863965901,0.11595932234869208,-0.31740190065331847
ROS1-26-0031,2025-07-30,0.2957342995007429,0.132903447303321,-0.3651105841144958
ROS1-27-0009,2025-07-30,0.35186949417418684,0.2053434756974719,-0.4247869845203673
ROS1-30-0001,2025-07-30,0.24422527146456507,0.14220567616177973,-0.3715046786824923
ROS1-31-0024,2025-07-30,0.27269006721011246,0.1901803691263851,-0.40094405480119044
ROS1-32-0022,2025-07-30,0.1955540185938601,0.14976627726095715,-0.34850620298168544
ROS1-37-0025,2025-07-30,0.2333080373932081,0.18370859662939668,-0.3788756271159578
ROS1-38-0002,2025-07-30,0.21410137374354446,0.1651450846043492,-0.37590663156788895
ROS1-19-0022,2025-07-30,0.7823366369380688,0.5473255339216352,-0.6809391346531033
ROS1-21-0034,2025-07-30,0.7597785316296128,0.5426165870698524,-0.6986284000632567
ROS1-25-0016,2025-07-30,0.2307057975437565,0.13390604125111996,-0.3525710894681373
ROS1-26-0006,2025-07-30,0.3612705572090336,0.1912526316024442,-0.41971530829311005
ROS1-30-0006,2025-07-30,0.20081126456505163,0.13027743571109865,-0.3454966884478363
ROS1-31-0038,2025-07-30,0.20724246394921528,0.1471364320415967,-0.36636356931671743
ROS1-19-0041,2025-08-15,0.2244878997184887,0.11836002098734694,-0.3182034795229319
ROS1-25-0017,2025-08-15,0.26779210906469025,0.14613850865672276,-0.3390025509793529
ROS1-26-0027,2025-08-15,0.17998919101894045,0.09894277498988248,-0.30845615976439916
ROS1-31-0009,2025-08-15,0.18291066155231572,0.08287848202140377,-0.31633105576176396
ROS1-32-0018,2025-08-15,0.19058287465441043,0.1063921814243393,-0.3078427229252164
ROS1-37-0049,2025-08-15,0.19268897584766106,0.13038016905859406,-0.3387069624087798
ROS1-19-0026,2025-08-15,0.20986316987612602,0.11786091106156998,-0.3261732282087116
ROS1-20-0010,2025-08-15,0.21401297686935655,0.10557340179031945,-0.32657060188392817
ROS1-25-0008,2025-08-15,0.1872341672813296,0.1053547209696602,-0.30574837040373076
ROS1-26-0031,2025-08-15,0.2676957431397627,0.11621534212207564,-0.3481132959009311
ROS1-27-0009,2025-08-15,0.26697913782821414,0.15090376679743328,-0.3746279094548534
ROS1-30-0001,2025-08-15,0.16566902821777016,0.12780355341302704,-0.25366695593814187
ROS1-31-0024,2025-08-15,0.20330742649174952,0.09107817209878175,-0.3258829194618061
ROS1-32-0022,2025-08-15,0.18397184908325653,0.13518410607149559,-0.32510728820173296
ROS1-37-0025,2025-08-15,0.380797856142596,0.1822402450631135,-0.5481187335529265
ROS1-38-0002,2025-08-15,0.23443193321682923,0.15749702136704988,-0.35847157335531277
ROS1-19-0022,2025-08-15,0.8839257586720634,0.8609930346411585,-0.7730577769775915
ROS1-21-0034,2025-08-15,0.7260527319233046,0.5046156823451989,-0.6862403333771493
ROS1-25-0016,2025-08-15,0.25450361275543515,0.13611233468817588,-0.3567797705563867
ROS1-26-0006,2025-08-15,0.3749483949442791,0.2051326407539319,-0.4260266007228532
ROS1-31-0038,2025-08-15,0.18400970512283882,0.11987871216774923,-0.3281341260596664
ROS1-19-0026,2025-08-31,0.20533588314658288,0.118612951028423,-0.31719512043376497
ROS1-26-0031,2025-08-31,0.2380169299092358,0.11738387264817314,-0.32359024768478
ROS1-32-0022,2025-08-31,0.19436683522630058,0.14999815068028402,-0.3396927718428075
ROS1-38-0002,2025-08-31,0.23058059372858186,0.16531981437720597,-0.35036032257810223
ROS1-19-0022,2025-08-31,0.8686359255193118,0.8574957916377066,-0.7622655046187138
ROS1-19-0041,2025-09-16,0.21344535159267175,0.0810681725772565,-0.3090547383527082
ROS1-25-0017,2025-09-16,0.2386525997238402,0.1381816038221176,-0.32173311930464726
ROS1-26-0027,2025-09-16,0.1700973646455824,0.09265559651783163,-0.2915850419166722
ROS1-31-0009,2025-09-16,0.18848214378956646,0.09011797036566246,-0.3251303916129843
ROS1-32-0018,2025-09-16,0.2029071211100102,0.08932724187903336,-0.30840956643530465
ROS1-37-0049,2025-09-16,0.1887867822096932,0.13298545238424453,-0.33231483041353
ROS1-20-0010,2025-09-16,0.20245351730549874,0.09059019596876966,-0.3044768316364466
ROS1-25-0008,2025-09-16,0.18509611510448112,0.1006296693251704,-0.3046378211841302
ROS1-26-0031,2025-09-16,0.2454175627626405,0.10038100056447703,-0.3266174412610377
ROS1-27-0009,2025-09-16,0.22384334831754515,0.12489090207807184,-0.34462171634095556
ROS1-30-0001,2025-09-16,0.2168568992741361,0.10401530127104384,-0.3419388808390727
ROS1-31-0024,2025-09-16,0.1759462403142237,0.0740679517774545,-0.2998395442075651
ROS1-32-0022,2025-09-16,0.18643562796709995,0.1257754748669836,-0.32144469181218194
ROS1-37-0025,2025-09-16,0.2793943517448046,0.19006411221696934,-0.40812320665630547
ROS1-38-0002,2025-09-16,0.22170496184948485,0.15153460277317607,-0.36373224620879924
ROS1-19-0022,2025-09-16,0.86319594638666,0.800173245720579,-0.7273859610337299
ROS1-21-0034,2025-09-16,0.5845635880063202,0.3758860548221786,-0.6131604457507355
ROS1-25-0016,2025-09-16,0.20919847874961411,0.1085985053287254,-0.32660997544370624
ROS1-26-0006,2025-09-16,0.23244579724390907,0.11037093314950132,-0.33678875292949023
ROS1-30-0006,2025-09-16,0.19791859297284972,0.12155950661690124,-0.3389060929909868
ROS1-31-0038,2025-09-16,0.1908869547501607,0.13198146313794823,-0.3419830317714746
ROS1-19-0041,2025-10-02,0.22206324331402758,0.07446064759237735,-0.32864772472785064
ROS1-25-0017,2025-10-02,0.2427876573481115,0.13166763543060178,-0.3278604761692947
ROS1-26-0027,2025-10-02,0.16635879949947738,0.08877499550256365,-0.29364413507292214
ROS1-31-0009,2025-10-02,0.18253101527241386,0.07554347789597858,-0.318384618746295
ROS1-32-0018,2025-10-02,0.19997709736610286,0.08615642617245971,-0.3092850663013777
ROS1-37-0049,2025-10-02,0.18886513240404101,0.13103281380552276,-0.33254830137738517
ROS1-19-0026,2025-10-02,0.2128392899627224,0.10188525763795253,-0.30922763615940346
ROS1-20-0010,2025-10-02,0.2019630596809329,0.08650605852290247,-0.3130743544177049
ROS1-25-0008,2025-10-02,0.18826366239403486,0.09696478678477428,-0.3054603749406767
ROS1-26-0031,2025-10-02,0.22764590058493542,0.09055026689182423,-0.324587401380745
ROS1-27-0009,2025-10-02,0.20590445169809588,0.10752491902941921,-0.3332813031491456
ROS1-30-0001,2025-10-02,0.2666547325840518,0.1168606341307089,-0.37929437295680435
ROS1-31-0024,2025-10-02,0.18023349145323586,0.07032395774785066,-0.30850488704535795
ROS1-32-0022,2025-10-02,0.18358103662370887,0.1235405116492062,-0.32455497539574474
ROS1-37-0025,2025-10-02,0.2769752756302534,0.1718257651125103,-0.4068935106524531
ROS1-38-0002,2025-10-02,0.2131304291115626,0.1478701294291233,-0.3600731407628018
ROS1-19-0022,2025-10-02,0.7873724478836679,0.623848143204057,-0.6497892901126779
ROS1-25-0016,2025-10-02,0.21626713504689773,0.10485232206153518,-0.3380254898300033
ROS1-26-0006,2025-10-02,0.22382961378803057,0.10628997937377564,-0.3410597554083561
ROS1-30-0006,2025-10-02,0.2153648139360385,0.11828731580292251,-0.34510958108020406
ROS1-31-0038,2025-10-02,0.1884430595293538,0.06988346874844226,-0.3263636085525899
ROS1-19-0041,2025-10-18,0.2041177429878535,0.07134143740616787,-0.285342993565638
ROS1-26-0027,2025-10-18,0.1396479015219323,0.0466718784705832,-0.23270436823411667
ROS1-32-0018,2025-10-18,0.20249449115249596,0.07661589836639361,-0.2974335306286449
ROS1-19-0026,2025-10-18,0.21329562337231728,0.10595594560172297,-0.2911057114312799
ROS1-20-0010,2025-10-18,0.19793187473098833,0.07636378801366808,-0.28843628813245664
ROS1-26-0031,2025-10-18,0.20799017957233418,0.07002001534322833,-0.2944528921817922
ROS1-27-0009,2025-10-18,0.20089084790237988,0.09326585994488897,-0.32102512292041174
ROS1-31-0024,2025-10-18,0.16947378716081718,0.09477191147343228,-0.2468225186659234
ROS1-32-0022,2025-10-18,0.1445016929796014,0.09190522615647959,-0.23593660563503155
ROS1-37-0025,2025-10-18,0.2036038342545557,0.0767824558396528,-0.3130049142859003
ROS1-19-0022,2025-10-18,0.26206878400985867,0.1264153704101812,-0.3574721620372115
ROS1-21-0034,2025-10-18,0.2934025626100502,0.16245237155034886,-0.41177515648522617
ROS1-25-0016,2025-10-18,0.17889131574252073,0.07397552726400027,-0.24541015455409718
ROS1-26-0006,2025-10-18,0.20900344238937427,0.08420521288585545,-0.3089953808469133
ROS1-30-0006,2025-10-18,0.2131307715774635,0.10037721074594577,-0.333792600485562
ROS1-30-0009,2025-04-25,0.832309765475696,0.6442801258541914,-0.7282911573519857
ROS1-25-0008,2025-04-25,0.6437219913545023,0.4178306962294503,-0.6110748092549592
ROS1-30-0001,2025-04-25,0.5145270723526338,0.2618077307632969,-0.49717621913726967
ROS1-30-0006,2025-04-25,0.7839138553906141,0.5782776586579036,-0.7081500378320776
ROS1-18-0029,2025-05-27,0.5528434417281324,0.3986153192221855,-0.5381718819366597
ROS1-24-0003,2025-05-27,0.5725193722972977,0.380266674947911,-0.5736588480742317
ROS1-30-0009,2025-05-27,0.815318339686223,0.6167097745529699,-0.7504349837111063
ROS1-18-0007,2025-05-27,0.8473158878784726,0.6734769964237227,-0.773943403110313
ROS1-24-0026,2025-05-27,0.8683272712894637,0.6933474571403349,-0.8019841326256735
ROS1-25-0008,2025-05-27,0.5706115380501474,0.37535963243848913,-0.5788072737389907
ROS1-30-0001,2025-05-27,0.6143569581794056,0.3576056983524033,-0.586001187041562
ROS1-30-0006,2025-05-27,0.8131348338761294,0.5587583971504337,-0.7443848793770523
ROS1-18-0029,2025-06-12,0.5037291294120868,0.3666946766951107,-0.5158165173666066
ROS1-18-0007,2025-06-12,0.4802852016401431,0.31044465785115366,-0.5583720453794212
ROS1-24-0003,2025-06-28,0.239167748782481,0.15242556614781247,-0.3448089439583991
ROS1-18-0007,2025-06-28,0.3008640963867559,0.1346858976691007,-0.4505362197496939
ROS1-24-0026,2025-06-28,0.3039130496471469,0.16634924678927995,-0.4479328135293269
ROS1-30-0001,2025-06-28,0.34075522235794664,0.18050944067740105,-0.4585104978477934
ROS1-30-0006,2025-06-28,0.32423177920544194,0.16047444581386378,-0.45823639132159666
ROS1-18-0029,2025-07-14,0.4514372049688331,0.30267864847478737,-0.49283044298207346
ROS1-24-0003,2025-07-14,0.19633006390727412,0.1176238784406384,-0.3114616545238736
ROS1-30-0009,2025-07-14,0.24372907097692792,0.1452495937908266,-0.39705336779044104
ROS1-18-0007,2025-07-14,0.22454865164897195,0.15914591813799125,-0.383230545668781
ROS1-24-0026,2025-07-14,0.2506698410456423,0.17441120467517943,-0.4139098984564819
ROS1-25-0008,2025-07-14,0.19194963086031794,0.11418751438814265,-0.30906873442458527
ROS1-30-0001,2025-07-14,0.2800508249310517,0.1686731397595626,-0.40026836617318995
ROS1-30-0006,2025-07-14,0.24504447647797398,0.1528949820794414,-0.38781539801476433
ROS1-18-0029,2025-07-30,0.3745272546525708,0.2353371245055138,-0.461621309547585
ROS1-24-0003,2025-07-30,0.19191317929074592,0.1110629319928711,-0.30492825877524266
ROS1-30-0009,2025-07-30,0.1897876580412842,0.09340947499841339,-0.30156918955577044
ROS1-18-0007,2025-07-30,0.20863765798696327,0.12211306252167696,-0.32651063977646955
ROS1-24-0026,2025-07-30,0.2027725649849933,0.10628678417824097,-0.3160487594709668
ROS1-25-0008,2025-07-30,0.19537010988495818,0.11607837336543365,-0.3180214288177713
ROS1-30-0001,2025-07-30,0.2434785645567121,0.14260238887360122,-0.3706354899507496
ROS1-30-0006,2025-07-30,0.2009685276123201,0.13033820567909699,-0.34655993272692137
ROS1-18-0029,2025-08-15,0.33236881638312316,0.2115867697517454,-0.435195802509785
ROS1-24-0003,2025-08-15,0.21367802181107215,0.11360322288866156,-0.3329021996427288
ROS1-30-0009,2025-08-15,0.1871222800832813,0.10267500922852887,-0.30436665540246444
ROS1-18-0007,2025-08-15,0.18929089885314526,0.08992360813087248,-0.28564122753499066
ROS1-24-0026,2025-08-15,0.18645330222917525,0.10142433745705112,-0.31205214954200666
ROS1-25-0008,2025-08-15,0.1889190942401378,0.10615458369956278,-0.3082328258364749
ROS1-30-0001,2025-08-15,0.2114523213438376,0.16543251733699682,-0.3641828847430308
ROS1-18-0007,2025-08-31,0.18737489297467705,0.08997591445197485,-0.2794856635532736
ROS1-24-0026,2025-08-31,0.19033418650973377,0.11317038898423674,-0.2994048297467986
ROS1-18-0029,2025-09-16,0.27820591733853745,0.1484849444441022,-0.40156970869846115
ROS1-24-0003,2025-09-16,0.18325498096148704,0.0952046518995785,-0.28957358456855326
ROS1-18-0007,2025-09-16,0.18428055975156948,0.08660051278484644,-0.2851325120411757
ROS1-25-0008,2025-09-16,0.18464861103749275,0.10047397752507878,-0.30350349266930393
ROS1-30-0001,2025-09-16,0.21707446908842726,0.10397458975247079,-0.3418218161240658
ROS1-30-0006,2025-09-16,0.19790637554811444,0.12128524656408726,-0.33900214639178433
ROS1-18-0029,2025-10-02,0.32922028343177856,0.1697184713803238,-0.40772306324402574
ROS1-24-0003,2025-10-02,0.22547845273368194,0.11004284251517533,-0.3353046059726728
ROS1-30-0009,2025-10-02,0.22749917540291686,0.0955395662960832,-0.32881478263735
ROS1-18-0007,2025-10-02,0.20287260290907802,0.072685279484764,-0.2967818246943303
ROS1-24-0026,2025-10-02,0.23084320012029652,0.11296414428953942,-0.3346636053456555
ROS1-25-0008,2025-10-02,0.18830372929117417,0.09727403364331681,-0.3062703425945669
ROS1-30-0001,2025-10-02,0.26648942340144127,0.11730041570831717,-0.37918221827325016
ROS1-30-0006,2025-10-02,0.21587237533636214,0.11819372312113864,-0.34735794663193886
ROS1-18-0029,2025-10-18,0.4332580706043153,0.21554672775991449,-0.4453953639804547
ROS1-24-0003,2025-10-18,0.2629773509872463,0.1504870161758537,-0.37240094603381624
ROS1-30-0009,2025-10-18,0.29942877530973816,0.14187321596263358,-0.385342163940342
ROS1-18-0007,2025-10-18,0.22296196229461032,0.0708136587229886,-0.31132573875717007
ROS1-24-0026,2025-10-18,0.22921279825346602,0.09806337083405152,-0.3194607614980672
ROS1-30-0006,2025-10-18,0.21240360651902276,0.10073744323575207,-0.3320572485038537
ROS1-29-0006,2025-04-16,0.23699652089033488,0.05236009005568807,-0.2925957117089381
ROS1-22-0011,2025-04-16,0.6217745138834319,0.0959603072112812,-0.6450063306802262
ROS1-22-0011,2025-05-02,0.26903993766541023,0.12933186308661523,-0.33947268164630884
ROS1-22-0032,2025-05-02,0.2553257233752605,0.10098113594338556,-0.3098742334478081
ROS1-28-0006,2025-05-18,0.28637271207756265,0.14724737591913284,-0.3524724471347233
ROS1-28-0006,2025-06-03,0.38726023823899247,0.23100121674916024,-0.39830543635604326
ROS1-29-0006,2025-06-03,0.2870107039104853,0.12225231162325206,-0.28977352073947876
ROS1-22-0032,2025-06-03,0.3303474316260693,0.1562060198572273,-0.33284664438288863
ROS1-22-0032,2025-06-19,0.5416850165489331,0.3447751817955376,-0.4681722770566251
ROS1-28-0006,2025-07-21,0.7605842521575824,0.4314993413734836,-0.6465299461976416
ROS1-29-0006,2025-07-21,0.798232583729651,0.4870946084764551,-0.6804621674581776
ROS1-22-0032,2025-07-21,0.8409296412263343,0.5488340016871883,-0.7248479980219416
ROS1-28-0006,2025-08-06,0.5818104863197118,0.2852171086758241,-0.5137088936269479
ROS1-28-0006,2025-08-22,0.3653214145859639,0.1891958059163207,-0.40574042067295896
ROS1-29-0006,2025-08-22,0.6653098867338352,0.3758052364449752,-0.6229104257310539
ROS1-22-0032,2025-08-22,0.5393253157086256,0.2522216169645495,-0.4946445242000946
ROS1-28-0006,2025-09-07,0.2793106858441484,0.14521197685828904,-0.3699144605053134
ROS1-29-0006,2025-09-07,0.6154887848688019,0.27114249695781395,-0.5615076773123374
ROS1-28-0006,2025-09-23,0.26237860422317577,0.11037208085977947,-0.3697966630180605
ROS1-29-0006,2025-09-23,0.46659376772901673,0.20494074337125506,-0.5073531355244475
ROS1-22-0032,2025-09-23,0.2656045334638194,0.10506654667723467,-0.37668802634089477
ROS1-28-0006,2025-10-09,0.22461423654678395,0.09865084209024474,-0.3092906453784669
ROS1-29-0006,2025-10-25,0.41625846539552286,0.03908526579343296,-0.48213608168329936
ROS1-15-0009,2025-04-16,0.5625715408684423,0.33627450515674256,-0.5336321940411332
ROS1-21-0016,2025-04-16,0.2568276485918269,0.11660114457204289,-0.31952926841771406
ROS1-27-0006,2025-04-16,0.4177375686968705,0.201895803194674,-0.43659967853170095
ROS1-33-0014,2025-04-16,0.23255699581390002,0.12031294878439336,-0.328637776893168
ROS1-15-0016,2025-04-16,0.27492533684178533,0.1377736499590877,-0.34887030288631116
ROS1-21-0013,2025-04-16,0.24037682005707045,0.09495820945193725,-0.30778651707538
ROS1-26-0031,2025-04-16,0.21169191000158935,0.0946817444551317,-0.2870545592083198
ROS1-27-0009,2025-04-16,0.21195129543408886,0.09266354809356996,-0.32477836183622566
ROS1-15-0014,2025-04-16,0.21517244548424305,0.12786147666693182,-0.3161743092193687
ROS1-21-0034,2025-04-16,0.29238526534773496,0.13855831032105428,-0.36067430080674373
ROS1-27-0004,2025-04-16,0.5198432259317407,0.33842329343644645,-0.5023266232628671
ROS1-22-0011,2025-05-02,0.26870254259742343,0.12943865244776606,-0.34115271745211634
ROS1-15-0014,2025-05-02,0.23705136058617776,0.15789975732124437,-0.34158108959765987
ROS1-22-0032,2025-05-02,0.2566889726943236,0.10117034873451543,-0.3140708485693614
ROS1-22-0016,2025-05-18,0.2974201800980896,0.13961924059167966,-0.3289836467064535
ROS1-21-0013,2025-05-18,0.305047704110133,0.16301768225943228,-0.34651233099728657
ROS1-22-0011,2025-05-18,0.13008902321964957,0.23852507555732336,-0.12602992039983102
ROS1-15-0014,2025-05-18,0.29407911645672447,0.2726188022277432,-0.4131401043039246
ROS1-15-0009,2025-06-03,0.8252210157436288,0.5817383061914098,-0.773024363756783
ROS1-21-0016,2025-06-03,0.7660590778429904,0.5040110906095937,-0.6736780767645564
ROS1-22-0016,2025-06-03,0.27823590295468553,0.13187370249130542,-0.3224713179339777
ROS1-27-0006,2025-06-03,0.5335579176745424,0.29882599499782114,-0.5528896003289117
ROS1-33-0014,2025-06-03,0.41578183960455606,0.24232755124454355,-0.45090559162413407
ROS1-15-0016,2025-06-03,0.33427298304496994,0.1877516333932476,-0.4215140550001197
ROS1-21-0013,2025-06-03,0.5512135199710071,0.3514926904270017,-0.5280263364523405
ROS1-22-0011,2025-06-03,0.3219034883033375,0.17148292938427362,-0.3476289943515569
ROS1-26-0031,2025-06-03,0.2717852456557426,0.12825550031211286,-0.31649953265526637
ROS1-27-0009,2025-06-03,0.43485267493703256,0.2660815441557086,-0.48252607840655987
ROS1-28-0017,2025-06-03,0.2659178749140538,0.11326666523014237,-0.3206387209082332
ROS1-15-0014,2025-06-03,0.27564386672841207,0.17607396133718772,-0.37373587314675194
ROS1-21-0034,2025-06-03,0.3888802248020561,0.2285242843564752,-0.4150107291795861
ROS1-22-0032,2025-06-03,0.33130367407012595,0.1560116581644403,-0.33449019506974625
ROS1-27-0004,2025-06-03,0.5488384125119502,0.336804061588367,-0.5668891769269323
ROS1-28-0029,2025-06-03,0.8172398019143766,0.5475550284304169,-0.7272197389829993
ROS1-22-0032,2025-06-19,0.49674053998772943,0.3277856071914386,-0.4428422995976862
ROS1-15-0009,2025-07-05,0.3842353353062713,0.1484970414925663,-0.4583386751346828
ROS1-21-0016,2025-07-05,0.4188644101996949,0.24033091962241646,-0.5197641856318512
ROS1-15-0016,2025-07-05,0.2971002315361181,0.1632211633074571,-0.39219778792889404
ROS1-21-0013,2025-07-05,0.6112076777138487,0.3628366459189385,-0.5993895311395103
ROS1-22-0011,2025-07-05,0.8071651480856243,0.6194106103493938,-0.7291735915244103
ROS1-28-0029,2025-07-05,0.30209044872829544,0.18728870218790852,-0.4405272695867129
ROS1-15-0009,2025-07-21,0.36291109963930684,0.16896765422450563,-0.4272690277449509
ROS1-21-0016,2025-07-21,0.22729458524159182,0.09041558727857832,-0.3101258627780725
ROS1-22-0016,2025-07-21,0.7390452454658102,0.4422136609034533,-0.6659710820178626
ROS1-27-0006,2025-07-21,0.23557762351174955,0.09212514517381382,-0.3370068462376514
ROS1-33-0014,2025-07-21,0.48814758182975104,0.2432920628800397,-0.5190673375934273
ROS1-15-0016,2025-07-21,0.2572954632466895,0.11824928742666678,-0.3267929808349869
ROS1-21-0013,2025-07-21,0.676420503306916,0.35078643321674663,-0.6080700540723644
ROS1-22-0011,2025-07-21,0.7134257088925599,0.3497314724856894,-0.6401167524251546
ROS1-26-0031,2025-07-21,0.36762529098208496,0.15694602039369937,-0.41427221992357643
ROS1-27-0009,2025-07-21,0.37645728307789966,0.20829237606390338,-0.44640253358639964
ROS1-28-0017,2025-07-21,0.5835996113184811,0.28626345606889836,-0.5393024510438074
ROS1-15-0014,2025-07-21,0.7687344583540653,0.5585631768505228,-0.6986284208977639
ROS1-21-0034,2025-07-21,0.7569452614326602,0.4611328719430937,-0.683584346184017
ROS1-22-0032,2025-07-21,0.8404549097231032,0.5475543648237632,-0.7247533186552633
ROS1-27-0004,2025-07-21,0.22334170788145422,0.10083110881482193,-0.32076775306260114
ROS1-28-0029,2025-07-21,0.22286799294064796,0.08649108726448124,-0.33159248379770445
ROS1-15-0009,2025-08-06,0.2559056727665234,0.1496740558367103,-0.37054985533612256
ROS1-22-0016,2025-08-06,0.6737534329015596,0.4178184495141491,-0.6268193206081274
ROS1-27-0006,2025-08-06,0.2038173317240243,0.10988388149619266,-0.3168930353574895
ROS1-33-0014,2025-08-06,0.3063625391966124,0.15713393757323016,-0.4080624102909325
ROS1-21-0013,2025-08-06,0.36188492464729427,0.17197580508469443,-0.41529013902785317
ROS1-22-0011,2025-08-06,0.9778587202469154,0.12710579871757774,-0.7828381121477339
ROS1-26-0031,2025-08-06,0.265244584296288,0.10737521338371137,-0.34873896605803795
ROS1-27-0009,2025-08-06,0.31573091942026305,0.17268949453961263,-0.4019090181808451
ROS1-28-0017,2025-08-06,0.25710800912574594,0.11287765083502875,-0.3291210564945202
ROS1-15-0014,2025-08-06,0.7857983380601281,0.6378164210282796,-0.7204404254221412
ROS1-21-0034,2025-08-06,0.7386297531435518,0.49090513282866743,-0.6925852448257607
ROS1-27-0004,2025-08-06,0.20428272173081918,0.1201654734965238,-0.31189936419717057
ROS1-28-0029,2025-08-06,0.2352361455395134,0.07845635862227046,-0.290352258414521
ROS1-15-0009,2025-08-22,0.21468690556317505,0.12244938422447163,-0.3380909861854459
ROS1-21-0016,2025-08-22,0.20960684056302323,0.09189848408033968,-0.30409989374591656
ROS1-22-0016,2025-08-22,0.5367820180085924,0.288918464468808,-0.5233716993888025
ROS1-27-0006,2025-08-22,0.21059072466693782,0.11423651397339211,-0.32080443348860593
ROS1-33-0014,2025-08-22,0.27436045798220204,0.14018373767553796,-0.39088586045652834
ROS1-15-0016,2025-08-22,0.22713967346435543,0.10231486871487659,-0.3113180297979613
ROS1-21-0013,2025-08-22,0.2697335868153032,0.12534388277871772,-0.3556725274108204
ROS1-22-0011,2025-08-22,0.4877340031614487,0.2173546975588414,-0.4911063516306979
ROS1-26-0031,2025-08-22,0.2445404801284777,0.0957981030291408,-0.32426602674476146
ROS1-27-0009,2025-08-22,0.24549905743198314,0.1301385425349427,-0.36229507039534303
ROS1-28-0017,2025-08-22,0.21371370481578664,0.07736953961874837,-0.2998589414338122
ROS1-15-0014,2025-08-22,0.6847421813461063,0.4924573611980566,-0.6463123536739357
ROS1-21-0034,2025-08-22,0.6658170817293819,0.42645906564603564,-0.6517275423281126
ROS1-22-0032,2025-08-22,0.538598895768619,0.25221839185936173,-0.4944307648647505
ROS1-27-0004,2025-08-22,0.20615331017512784,0.12241029455107388,-0.30793009975045643
ROS1-28-0029,2025-08-22,0.20106835499664108,0.09728350575586714,-0.3228062281439231
ROS1-15-0009,2025-09-07,0.20355292015819249,0.11494208177226253,-0.3365806234789315
ROS1-21-0016,2025-09-07,0.21031649143715397,0.09170420564376226,-0.30043431820846667
ROS1-27-0006,2025-09-07,0.21237959606346685,0.08477773391203114,-0.3147823017368932
ROS1-33-0014,2025-09-07,0.2716327660801288,0.13785490436919695,-0.38455708957909335
ROS1-15-0016,2025-09-07,0.22594953737913126,0.09360348902838177,-0.3160263861627521
ROS1-21-0013,2025-09-07,0.2196303060243653,0.08466891671711589,-0.3151443845648619
ROS1-22-0011,2025-09-07,0.3906376364710708,0.1712869994012707,-0.4351697887902795
ROS1-26-0031,2025-09-07,0.2622210674482963,0.10064610650007214,-0.33889259891928925
ROS1-27-0009,2025-09-07,0.23896456847536485,0.12711939024727265,-0.35720569220869913
ROS1-28-0017,2025-09-07,0.21055556258845265,0.08424315343902102,-0.289328996268438
ROS1-15-0014,2025-09-07,0.540016145451121,0.34958053108842085,-0.5636632915547121
ROS1-21-0034,2025-09-07,0.6346901077842255,0.39280925950189416,-0.6323225134354221
ROS1-27-0004,2025-09-07,0.2239508752400882,0.10329802940511604,-0.3261259891194063
ROS1-28-0029,2025-09-07,0.21003640906659715,0.07553957908024873,-0.3284497720887842
ROS1-15-0009,2025-09-23,0.20263475822581947,0.11283227095571123,-0.3396766294786853
ROS1-21-0016,2025-09-23,0.20691912008208438,0.08588065875531764,-0.31101680430956913
ROS1-22-0016,2025-09-23,0.29118022242886277,0.11591688172329159,-0.38754425212143845
ROS1-27-0006,2025-09-23,0.20009226571384073,0.08130260637582941,-0.3103199528449535
ROS1-33-0014,2025-09-23,0.24120630644326488,0.1087165778846621,-0.3697710339898026
ROS1-15-0016,2025-09-23,0.21857508622182134,0.0889657724636927,-0.3157696835092298
ROS1-21-0013,2025-09-23,0.2148826597835573,0.08488219486063844,-0.3148483370117597
ROS1-22-0011,2025-09-23,0.28488036866761396,0.10569391449509087,-0.3823844724978735
ROS1-26-0031,2025-09-23,0.24029309714951838,0.08994171739747292,-0.33474088787901474
ROS1-27-0009,2025-09-23,0.2403053216054458,0.13537321986633974,-0.3706744211753995
ROS1-28-0017,2025-09-23,0.21759861881972117,0.07966438722836919,-0.3214612114355361
ROS1-15-0014,2025-09-23,0.40949764041406206,0.24475791109653328,-0.5173373495117162
ROS1-21-0034,2025-09-23,0.36561752116868246,0.23369265550903792,-0.4771941559547449
ROS1-22-0032,2025-09-23,0.26731701635073835,0.10507027446886236,-0.38002381930434465
ROS1-27-0004,2025-09-23,0.2102908508916,0.09655085786119469,-0.3134649905764576
ROS1-28-0029,2025-09-23,0.19389260726321222,0.09389328466523124,-0.3250744091686263
ROS1-07-0045,2025-04-16,0.845707569013063,0.608936969528627,-0.747268278954238
ROS1-08-0010,2025-04-16,0.29182893603582977,0.1445453691226397,-0.33115940917077774
ROS1-07-0012,2025-04-16,0.7493063407298585,0.5446749165670055,-0.67886644719934
ROS1-19-0041,2025-04-16,0.2994622282365463,0.12484798463336932,-0.35934792277836236
ROS1-20-0023,2025-04-16,0.24743392558037303,0.0981161469853095,-0.33104300402974823
ROS1-25-0017,2025-04-16,0.22147035837135268,0.07496007998352285,-0.23881449396445345
ROS1-26-0027,2025-04-16,0.6162718656274193,0.3905447659688113,-0.5979607177702438
ROS1-07-0011,2025-04-16,0.4583152278678607,0.2640315727882392,-0.45837345509734007
ROS1-19-0026,2025-04-16,0.39348306219619855,0.2241070605943361,-0.4274280704989239
ROS1-20-0010,2025-04-16,0.4480692195952979,0.2662245837210138,-0.47995877681610666
ROS1-19-0022,2025-04-16,0.26297955955446334,0.10669506006817604,-0.32557007760329354
ROS1-20-0007,2025-04-16,0.2912354282978628,0.15709517874783774,-0.3573059591524473
ROS1-26-0006,2025-04-16,0.2314229827401804,0.08491525339325451,-0.3204354426880997
ROS1-07-0045,2025-06-03,0.47816768651418323,0.29766058931285666,-0.520179396849418
ROS1-08-0010,2025-06-03,0.5279614979547845,0.34770604386213577,-0.5070563130835715
ROS1-12-0000,2025-06-03,0.4045365215123511,0.19092447202701873,-0.4091288816103924
ROS1-07-0012,2025-06-03,0.6464935153118884,0.4385379304653631,-0.6433338442070415
ROS1-18-0029,2025-06-03,0.5984196037602353,0.4193064477633059,-0.5774030845943593
ROS1-19-0041,2025-06-03,0.41801655725795456,0.22607192683079572,-0.43593575048704014
ROS1-20-0023,2025-06-03,0.2662320493035989,0.1529268275895255,-0.3536309725901696
ROS1-25-0017,2025-06-03,0.28734569882752736,0.15536986343532333,-0.33621202443838955
ROS1-26-0027,2025-06-03,0.5086132040546197,0.2913905249082225,-0.5672522750597379
ROS1-07-0011,2025-06-03,0.4382897597786854,0.1649556343674051,-0.3812635618790693
ROS1-12-0004,2025-06-03,0.4477424190772076,0.27225741191086683,-0.4802485836832371
ROS1-19-0026,2025-06-03,0.6189894307846994,0.4095802932042137,-0.5799069708801924
ROS1-20-0010,2025-06-03,0.5168661641414166,0.29873121641740147,-0.5501875812707017
ROS1-19-0022,2025-06-03,0.2550431731096162,0.13438032379841441,-0.29758411925506545
ROS1-20-0007,2025-06-03,0.26143102432911186,0.13281656804505726,-0.3275212874111159
ROS1-26-0006,2025-06-03,0.28540714763353014,0.1404791984315367,-0.3360545362746335
ROS1-07-0045,2025-07-05,0.21051829341053135,0.08770018413781963,-0.30148665681416675
ROS1-08-0010,2025-07-05,0.6272336472877308,0.42316538896810113,-0.5906912563427112
ROS1-12-0000,2025-07-05,0.4205233574315769,0.22298059692079727,-0.44932080600507956
ROS1-07-0012,2025-07-05,0.324357048271652,0.15307461770350717,-0.4020952180821058
ROS1-18-0029,2025-07-05,0.7948601858995902,0.6002459918686714,-0.7192423287537939
ROS1-20-0023,2025-07-05,0.4375766078691819,0.21030398883588994,-0.4769373631082799
ROS1-25-0017,2025-07-05,0.29172300879490504,0.15951502560268038,-0.353763256119644
ROS1-07-0011,2025-07-05,0.2936203048921324,0.16210352920515986,-0.3731389544344982
ROS1-12-0004,2025-07-05,0.45820602043901065,0.2906198315229569,-0.5009527363514247
ROS1-19-0026,2025-07-05,0.26097790269318927,0.15887605834175533,-0.3807863572338409
ROS1-20-0010,2025-07-05,0.40770996087776223,0.22963846052615092,-0.48131552380959036
ROS1-19-0022,2025-07-05,0.226625147411386,0.0949907513796169,-0.30983551817451316
ROS1-20-0007,2025-07-05,0.3475404112429203,0.20329377334644716,-0.42035593198993
ROS1-26-0006,2025-07-05,0.45792901403263025,0.2907016173207045,-0.4813471168874682
ROS1-07-0045,2025-07-21,0.19900689396071697,0.0697203098801594,-0.26665883628733916
ROS1-08-0010,2025-07-21,0.39723762073954344,0.29100324766961694,-0.427298839762699
ROS1-12-0000,2025-07-21,0.282846259534334,0.13378802286908703,-0.3865730504042927
ROS1-07-0012,2025-07-21,0.26916570647309856,0.17916097073125378,-0.40119281092413783
ROS1-18-0029,2025-07-21,0.367621963514166,0.1965525242089211,-0.49004133938385547
ROS1-19-0041,2025-07-21,0.32907370831312194,0.16603207833435893,-0.39254725936681373
ROS1-20-0023,2025-07-21,0.562335973760777,0.3123286268943234,-0.5783115585748361
ROS1-25-0017,2025-07-21,0.29198406017343004,0.1489481493459457,-0.35659998095177103
ROS1-26-0027,2025-07-21,0.213477054923081,0.1364390790733756,-0.35721373793141825
ROS1-07-0011,2025-07-21,0.24230679657761553,0.13524313736818067,-0.33477229500224853
ROS1-12-0004,2025-07-21,0.38094704927803374,0.20102936783132622,-0.4315179581295068
ROS1-19-0026,2025-07-21,0.23451631141461346,0.12335477465073502,-0.35483922435801585
ROS1-20-0010,2025-07-21,0.23374194471273865,0.12631151493628032,-0.3486041944489001
ROS1-19-0022,2025-07-21,0.6056518246631122,0.28096611795962406,-0.5649460685914051
ROS1-20-0007,2025-07-21,0.39704413483535783,0.22266993205303934,-0.46099803943193096
ROS1-26-0006,2025-07-21,0.44226233145440563,0.22098984976306532,-0.47866248504577924
ROS1-07-0045,2025-08-06,0.2067469180885936,0.06423346718905029,-0.2874816483540996
ROS1-08-0010,2025-08-06,0.46954150855412596,0.2540855490430132,-0.4815999803357007
ROS1-12-0000,2025-08-06,0.19768809346542543,0.08852540591757231,-0.2974505321863252
ROS1-07-0012,2025-08-06,0.24546685381871455,0.15553607587280002,-0.36788657378395995
ROS1-18-0029,2025-08-06,0.3698235886248806,0.22267920154474588,-0.464816168386565
ROS1-19-0041,2025-08-06,0.27267034049839683,0.13304563664037897,-0.3612819545021583
ROS1-20-0023,2025-08-06,0.33532574946140614,0.17926860236725894,-0.42124950587239757
ROS1-25-0017,2025-08-06,0.26870694742442014,0.14216983549797724,-0.34833780539579123
ROS1-26-0027,2025-08-06,0.18986707300861694,0.1035116412815854,-0.32411381946319795
ROS1-07-0011,2025-08-06,0.21229098582838876,0.11115139011660759,-0.31212133952411214
ROS1-12-0004,2025-08-06,0.2965652974717961,0.15835723218631895,-0.3829646688014859
ROS1-19-0026,2025-08-06,0.2129020339396748,0.1173577030633504,-0.3395988707844685
ROS1-20-0010,2025-08-06,0.22762233259620712,0.08958293659968904,-0.3450244048000224
ROS1-19-0022,2025-08-06,0.8701972989035783,0.7473546329098333,-0.7603429289230175
ROS1-20-0007,2025-08-06,0.29614013584122445,0.15858151551418592,-0.3922826136921978
ROS1-26-0006,2025-08-06,0.36133907953417577,0.17690833823603178,-0.427699889746515
ROS1-07-0045,2025-08-22,0.19759409133943823,0.059592836240745434,-0.27477902843037244
ROS1-12-0000,2025-08-22,0.1855655409370911,0.07660237972822087,-0.28703158952192753
ROS1-07-0012,2025-08-22,0.24276999241159125,0.1556350843331592,-0.36297094855786993
ROS1-18-0029,2025-08-22,0.32161874047373074,0.18208222942828045,-0.44027932894730637
ROS1-19-0041,2025-08-22,0.21212043077400314,0.10329775027582166,-0.3128976565399999
ROS1-20-0023,2025-08-22,0.29800880055232987,0.1602551093858283,-0.3863172909982223
ROS1-25-0017,2025-08-22,0.2803049981097397,0.1404395750478334,-0.34963134826204983
ROS1-26-0027,2025-08-22,0.17918200815203497,0.09305019015130991,-0.3057258559641165
ROS1-07-0011,2025-08-22,0.1955857142259046,0.09993449353094955,-0.29760468560934017
ROS1-12-0004,2025-08-22,0.26114269031170284,0.13251463447722403,-0.36202088538944716
ROS1-19-0026,2025-08-22,0.2070226619670613,0.1110672347296821,-0.3234535361265913
ROS1-20-0010,2025-08-22,0.20999440053671536,0.09191369748046142,-0.3246834119033658
ROS1-19-0022,2025-08-22,0.8858665106951775,0.8604086093379355,-0.7859945652392604
ROS1-20-0007,2025-08-22,0.27004172461797993,0.14563790523109563,-0.3641660685782617
ROS1-26-0006,2025-08-22,0.3274322210874206,0.1546998926646167,-0.3931417167369227
ROS1-07-0045,2025-09-07,0.21664906635657805,0.06278394560027466,-0.2989530007959989
ROS1-08-0010,2025-09-07,0.43820503337453603,0.20668044408092895,-0.46079851395709864
ROS1-12-0000,2025-09-07,0.18039327017479517,0.07497049231750193,-0.28360434578767557
ROS1-07-0012,2025-09-07,0.23756721408621853,0.1365491852698419,-0.3476323519111488
ROS1-18-0029,2025-09-07,0.2878569606323432,0.16683445928089857,-0.4187054293833359
ROS1-19-0041,2025-09-07,0.22037909285962537,0.09625450419948335,-0.32539818609860116
ROS1-20-0023,2025-09-07,0.24761325100276182,0.12791654160568453,-0.3560067894637162
ROS1-25-0017,2025-09-07,0.25385853990820145,0.14035306297431063,-0.3405099892000696
ROS1-26-0027,2025-09-07,0.176433754841672,0.09049024937387151,-0.2985659165891085
ROS1-07-0011,2025-09-07,0.2017008942357497,0.10059768344709333,-0.30497588102607515
ROS1-12-0004,2025-09-07,0.24711393856662947,0.14180443859637124,-0.3664270586172962
ROS1-19-0026,2025-09-07,0.20468042771858205,0.1084629561014716,-0.3087499352567329
ROS1-20-0010,2025-09-07,0.22442232433317288,0.10507225358002768,-0.3407338033956859
ROS1-19-0022,2025-09-07,0.8795538253296648,0.8145804563983897,-0.7630004885628845
ROS1-20-0007,2025-09-07,0.25212734621226407,0.12890626993114213,-0.3571303510214661
ROS1-26-0006,2025-09-07,0.2727765759784665,0.12340776500222127,-0.36421707991585306
ROS1-07-0045,2025-09-23,0.20850306993983755,0.057499887651254876,-0.2819170688182797
ROS1-08-0010,2025-09-23,0.3704903957810603,0.15803726496342765,-0.42311838428203147
ROS1-12-0000,2025-09-23,0.21301195549118715,0.06852776386870628,-0.31882445549186855
ROS1-07-0012,2025-09-23,0.2551251312230867,0.1366675359988379,-0.34329846786521984
ROS1-18-0029,2025-09-23,0.28022845856212875,0.1314135905508418,-0.38869439937644745
ROS1-19-0041,2025-09-23,0.22307536130210956,0.07116730636105394,-0.33263629987684695
ROS1-20-0023,2025-09-23,0.2081540319578403,0.10357811817164636,-0.334073357772745
ROS1-25-0017,2025-09-23,0.24786617179392137,0.13187370890836037,-0.33805320333807276
ROS1-26-0027,2025-09-23,0.1746070549151764,0.08913718908934314,-0.3016757399699867
ROS1-07-0011,2025-09-23,0.1902517804734083,0.0851310703835122,-0.28272784038334864
ROS1-12-0004,2025-09-23,0.245551009518707,0.11669939580263418,-0.34223060162675223
ROS1-19-0026,2025-09-23,0.21094590757426865,0.09285398722982108,-0.3170052141149859
ROS1-20-0010,2025-09-23,0.21408302415671185,0.08686055504149254,-0.3299825935073666
ROS1-19-0022,2025-09-23,0.8470033104685598,0.7280944760041196,-0.7077017137107352
ROS1-20-0007,2025-09-23,0.22842713508697074,0.11390913975646917,-0.34788173757348273
ROS1-26-0006,2025-09-23,0.23017376788707755,0.10142170504493057,-0.3454115741755333
ROS1-07-0011,2025-04-16,0.45566912578617874,0.2612091662751123,-0.4569107828031045
ROS1-18-0007,2025-04-16,0.6718203340634262,0.4404349555302805,-0.6071939339074633
ROS1-12-0000,2025-06-03,0.4119618925003052,0.19020306631423184,-0.41709705444958955
ROS1-01-0003,2025-06-03,0.23562452317675092,0.2520585971229227,-0.24677750780256572
ROS1-18-0029,2025-06-03,0.6000384665829835,0.4210901847549323,-0.5782998611431714
ROS1-07-0011,2025-06-03,0.4429660336962263,0.16354917891330267,-0.3856918313772537
ROS1-12-0004,2025-06-03,0.4489651424298679,0.27219121069513125,-0.48140018870259843
ROS1-01-0003,2025-06-19,0.4735404268831445,0.2790713952600876,-0.5074720272309005
ROS1-12-0000,2025-07-05,0.42240665425583346,0.22430011285151288,-0.4495046343471914
ROS1-18-0029,2025-07-05,0.795700282196187,0.6002009359803636,-0.7193917705083257
ROS1-07-0011,2025-07-05,0.29239024280272174,0.16183923622577084,-0.3710025474632632
ROS1-12-0004,2025-07-05,0.4689945207099602,0.28627545839260327,-0.5139003626511569
ROS1-18-0007,2025-07-05,0.27393534761708843,0.13148600763746518,-0.4355483674962303
ROS1-12-0000,2025-07-21,0.28316232773435385,0.13400411944450277,-0.38745539478404883
ROS1-01-0003,2025-07-21,0.41865590500160116,0.24038668614621117,-0.46344140963372416
ROS1-18-0029,2025-07-21,0.36686307663503837,0.1970069946372765,-0.48921246467980695
ROS1-07-0011,2025-07-21,0.24227187553590468,0.13519484661424297,-0.335583878706385
ROS1-12-0004,2025-07-21,0.38247169590411473,0.20134828839628063,-0.43371435105664
ROS1-18-0007,2025-07-21,0.2103846217185889,0.13554304410372747,-0.3601286439011938
ROS1-12-0000,2025-08-06,0.19618332550303824,0.0883090786409524,-0.29515389854082663
ROS1-01-0003,2025-08-06,0.47074012897291895,0.2653007143788529,-0.4835273531774881
ROS1-18-0029,2025-08-06,0.3690827484391599,0.22250741597062637,-0.4640627655573986
ROS1-07-0011,2025-08-06,0.21063967321826288,0.11069421811216666,-0.3102501559403608
ROS1-12-0004,2025-08-06,0.2971561201961949,0.15787829222927646,-0.3841934332635992
ROS1-18-0007,2025-08-06,0.21342097440403185,0.09268562259072945,-0.29649004546146746
ROS1-12-0000,2025-08-22,0.1846948082559393,0.07680928769307069,-0.28486116997654587
ROS1-01-0003,2025-08-22,0.26935346309830793,0.13454349597112783,-0.35172035618958475
ROS1-18-0029,2025-08-22,0.3221491736555871,0.1824068997080778,-0.44101795727763793
ROS1-07-0011,2025-08-22,0.19541492009735115,0.09988648342392097,-0.29767664978401176
ROS1-12-0004,2025-08-22,0.2636240459654755,0.13262083322483023,-0.3660224727142876
ROS1-18-0007,2025-08-22,0.18465403429998378,0.07242779560588286,-0.2921718888128382
ROS1-12-0000,2025-09-07,0.18176569392302863,0.07545384380111238,-0.28550294777930196
ROS1-01-0003,2025-09-07,0.19991213014413428,0.10533299419705354,-0.30033707060653186
ROS1-18-0029,2025-09-07,0.28933057088165337,0.167555443763831,-0.4205661140349526
ROS1-07-0011,2025-09-07,0.20381140314581986,0.1012042681159952,-0.30820986473816386
ROS1-12-0004,2025-09-07,0.2493205746638816,0.142327934235881,-0.3698820067968661
ROS1-18-0007,2025-09-07,0.18086104319924312,0.07098776343617486,-0.29149240861629067
ROS1-12-0000,2025-09-23,0.21354343113499263,0.06861474667436397,-0.31789136639460575
ROS1-01-0003,2025-09-23,0.20505849459381456,0.08919992941854125,-0.2984508032125403
ROS1-18-0029,2025-09-23,0.2796886331895916,0.13165953465536273,-0.3861680396879887
ROS1-07-0011,2025-09-23,0.18959288170045877,0.08517054136863957,-0.2800823216614081
ROS1-12-0004,2025-09-23,0.24475230265874517,0.11684064158691951,-0.33945279212061846
ROS1-18-0007,2025-09-23,0.19321419337331677,0.06945672396506287,-0.2991437775753462
ROS1-29-0006,2025-04-23,0.24683044238335558,0.061407854863582904,-0.30131778484834243
ROS1-22-0011,2025-04-23,0.21190509335895558,0.08076498973468628,-0.2904540581765888
ROS1-29-0006,2025-05-25,0.34485774348925197,0.10233305895009259,-0.39352548455400704
ROS1-22-0011,2025-05-25,0.24251697489097443,0.09200998916008166,-0.34867824561956745
ROS1-29-0006,2025-07-12,0.7414120017287089,0.44459034637501527,-0.6497279939264358
ROS1-22-0011,2025-07-12,0.6447112103521897,0.31831219168580904,-0.6234715923987594
ROS1-29-0006,2025-07-28,0.8054157656485595,0.502631651081111,-0.7078309324614899
ROS1-22-0011,2025-07-28,0.6915283505393899,0.3370073696870229,-0.6419212455083986
ROS1-22-0011,2025-08-13,0.5986750795657876,0.29193799842953655,-0.5665418957179378
ROS1-29-0006,2025-08-29,0.6804190738238104,0.3473973912945052,-0.633131800136339
ROS1-22-0011,2025-08-29,0.4384465351174355,0.17814619568864962,-0.4676464310108599
ROS1-29-0006,2025-09-14,0.5818484138548428,0.2790510198294908,-0.5647787009794847
ROS1-22-0011,2025-09-14,0.3351314645808411,0.12412348679547734,-0.41748838157116464
ROS1-29-0006,2025-09-30,0.4300331949816093,0.17348392069044719,-0.5075545284888721
ROS1-22-0011,2025-09-30,0.2826001466310189,0.10575821897884523,-0.4022731475388002
ROS1-15-0009,2025-04-23,0.7050958052137571,0.44366146433418574,-0.6526251674127244
ROS1-22-0016,2025-04-23,0.3614153758528151,0.17040564474891323,-0.3989321298100571
ROS1-15-0016,2025-04-23,0.32656419201369324,0.1678948148410003,-0.41594549066460257
ROS1-22-0011,2025-04-23,0.21015460860983873,0.08042097016182617,-0.28687919222921293
ROS1-15-0014,2025-04-23,0.21979120979005315,0.13142076644918807,-0.3238531937011896
ROS1-15-0009,2025-05-25,0.8843397928035134,0.6808038112819763,-0.8206843759655615
ROS1-22-0016,2025-05-25,0.23553145679369616,0.0839330578188494,-0.3311572442184102
ROS1-15-0016,2025-05-25,0.3524435117145323,0.18341303143315146,-0.4358326285055678
ROS1-22-0011,2025-05-25,0.24237996445744625,0.09219343468907816,-0.34839788871330646
ROS1-15-0014,2025-05-25,0.2573190756680592,0.16066226924923716,-0.36653185705667646
ROS1-15-0009,2025-07-12,0.32088217169263,0.1562148442486436,-0.4433677790743069
ROS1-21-0016,2025-07-12,0.355709584322275,0.18467870729640218,-0.47699403628163406
ROS1-22-0016,2025-07-12,0.620215252904026,0.357025717114396,-0.5997484655690052
ROS1-15-0016,2025-07-12,0.26386837803847857,0.13065613955372546,-0.35691882560179183
ROS1-22-0011,2025-07-12,0.6451903519886194,0.3185679391739188,-0.6238201425514074
ROS1-15-0014,2025-07-12,0.6341434377030599,0.43095780314921467,-0.6192097499954359
ROS1-15-0009,2025-07-28,0.27980296043850383,0.17714223348452363,-0.4104849887991439
ROS1-21-0016,2025-07-28,0.22929050617072383,0.10201360343869698,-0.32052211096969085
ROS1-22-0016,2025-07-28,0.7363137808224705,0.48686901239104874,-0.6688585123966412
ROS1-15-0016,2025-07-28,0.23634107168510268,0.09399147532612183,-0.33930953727326757
ROS1-22-0011,2025-07-28,0.6919441215921605,0.33741307361759826,-0.6423083479897866
ROS1-15-0014,2025-07-28,0.8113775044740115,0.6212242072760711,-0.7416682353224623
ROS1-15-0009,2025-08-13,0.2620982734947432,0.17682097514768552,-0.40029308177268647
ROS1-22-0016,2025-08-13,0.6692131856835972,0.39932076023365404,-0.6218208715889703
ROS1-15-0016,2025-08-13,0.23047683570437577,0.0996310475134802,-0.31851965763978785
ROS1-22-0011,2025-08-13,0.5991337096099871,0.2922208602990962,-0.567545714817584
ROS1-15-0014,2025-08-13,0.7756544504319886,0.6155223791325238,-0.7176420153971331
ROS1-15-0009,2025-08-29,0.20394341167855748,0.11069865615158875,-0.3377651886357365
ROS1-21-0016,2025-08-29,0.214164422699479,0.08334692198193572,-0.32760879376707014
ROS1-22-0016,2025-08-29,0.46870209225685566,0.2221413775201527,-0.484449218424968
ROS1-15-0016,2025-08-29,0.23885296094099873,0.09258515511277339,-0.3417473366440742
ROS1-22-0011,2025-08-29,0.43973681426500494,0.17842486771541174,-0.4685781419186289
ROS1-15-0014,2025-08-29,0.6427042642779285,0.4197739838976962,-0.6241430086835896
ROS1-15-0009,2025-09-14,0.1987877986222566,0.11025437389762627,-0.33612117020994603
ROS1-22-0016,2025-09-14,0.3303217936790826,0.1279841537609952,-0.42142976700347606
ROS1-15-0016,2025-09-14,0.2340373180003799,0.08464825942568015,-0.33922214451914057
ROS1-22-0011,2025-09-14,0.33379904633849933,0.12440530631041731,-0.41369857009107686
ROS1-15-0014,2025-09-14,0.49055645822946925,0.2969451652776297,-0.5480097047190499
ROS1-15-0009,2025-09-30,0.19269080392072882,0.10609371318265158,-0.3331817711608346
ROS1-22-0016,2025-09-30,0.2842221996009195,0.14622803846334648,-0.41282246184604443
ROS1-15-0016,2025-09-30,0.21389870570157546,0.08098547274217631,-0.32306417525464287
ROS1-22-0011,2025-09-30,0.28059856883907297,0.10601588801905545,-0.39800702901124835
ROS1-15-0014,2025-09-30,0.37801717510183824,0.21847058820710655,-0.5146522048112552
ROS1-15-0009,2025-10-16,0.25585955327987575,0.05062923539072759,-0.33641684282312984
ROS1-15-0016,2025-10-16,0.23945202425375472,0.0689890962248835,-0.34889355780264447
ROS1-22-0011,2025-10-16,0.24012209697248704,0.11924463375785363,-0.33164280678681546
ROS1-15-0014,2025-10-16,0.36652512851376207,0.18093817373218055,-0.5075016556373927
ROS1-02-0005,2025-04-23,0.398505654260307,0.1871139879577076,-0.40502722122498436
ROS1-07-0045,2025-04-23,0.8405871982219525,0.6709605638670568,-0.7583977925600002
ROS1-08-0010,2025-04-23,0.27625324746638596,0.11331292646026243,-0.3345855940299844
ROS1-01-0003,2025-04-23,0.2330142016915269,0.09706325319467093,-0.3137293012930117
ROS1-07-0011,2025-04-23,0.3668015662730274,0.20794788685579127,-0.4117500008292303
ROS1-01-0015,2025-05-09,0.794526631823347,0.5826179634121887,-0.726625877564539
ROS1-02-0005,2025-05-09,0.6588753104379257,0.28526086943939555,-0.5675251924376973
ROS1-07-0012,2025-05-09,0.8314152532025453,0.4597263048971395,-0.7381488880973326
ROS1-01-0015,2025-05-25,0.5230107191286462,0.358534018720172,-0.5471118824839648
ROS1-02-0005,2025-05-25,0.6794343328915627,0.3908839882714257,-0.6104180406992036
ROS1-07-0045,2025-05-25,0.6956916463472926,0.42617797372033805,-0.679907714500607
ROS1-08-0010,2025-05-25,0.4042578736409957,0.2188819581616333,-0.43842377667881777
ROS1-01-0003,2025-05-25,0.297600941294126,0.14156130960181787,-0.3640053675139219
ROS1-07-0012,2025-05-25,0.7567443019205222,0.5482540836712427,-0.7117862936150134
ROS1-07-0011,2025-05-25,0.409317925997993,0.2376601194231256,-0.44621699422119376
ROS1-01-0015,2025-07-12,0.22462872814726428,0.14729683572036215,-0.35334907553596906
ROS1-02-0005,2025-07-12,0.23356588745108223,0.11139903976067386,-0.3252376264451566
ROS1-07-0045,2025-07-12,0.20474715006251729,0.1256248699610826,-0.33775444135868593
ROS1-08-0010,2025-07-12,0.4702657473284827,0.2475987524573093,-0.49155365536744966
ROS1-01-0003,2025-07-12,0.3636641002145638,0.19135163223607166,-0.423177496667304
ROS1-07-0012,2025-07-12,0.2577207091070901,0.16138648267626096,-0.38101856854849037
ROS1-07-0011,2025-07-12,0.2392523497696488,0.128682982489397,-0.33173071794595915
ROS1-01-0015,2025-07-28,0.23861020341899186,0.16133099991805167,-0.3752571653500478
ROS1-02-0005,2025-07-28,0.22682083489242402,0.09692768767665468,-0.3295097524091549
ROS1-07-0045,2025-07-28,0.22551045706543982,0.061465047672809095,-0.31613157448607426
ROS1-08-0010,2025-07-28,0.5359405453071568,0.2827021522445972,-0.5299519809589089
ROS1-01-0003,2025-07-28,0.42136432258799733,0.22521289416322207,-0.4627027360842607
ROS1-07-0012,2025-07-28,0.26279037026362906,0.16874568580791577,-0.39761449217194966
ROS1-07-0011,2025-07-28,0.22359183803472205,0.11884321035524882,-0.32517450796239966
ROS1-01-0015,2025-08-13,0.2145572304932455,0.1461606401733831,-0.34342057288199324
ROS1-08-0010,2025-08-13,0.45048042293673296,0.23006020604393818,-0.4741268753101758
ROS1-01-0003,2025-08-13,0.352950012985869,0.17201840491290615,-0.40731457982167585
ROS1-07-0012,2025-08-13,0.2399209856169356,0.14283275917561108,-0.3582631751709715
ROS1-07-0011,2025-08-13,0.2022814953213105,0.0974811406280601,-0.3035142743620804
ROS1-01-0015,2025-08-29,0.20013902130281272,0.13627911885461408,-0.32588632735881423
ROS1-02-0005,2025-08-29,0.21458170907191707,0.08808122040107957,-0.31670504779019576
ROS1-07-0045,2025-08-29,0.192813406140354,0.05271153844168614,-0.2794741109181439
ROS1-08-0010,2025-08-29,0.4104206940387224,0.19326093898518232,-0.45249290018479815
ROS1-01-0003,2025-08-29,0.2294716741217835,0.10695285694512971,-0.33043295779697596
ROS1-07-0012,2025-08-29,0.23397191988497404,0.1432202013488736,-0.35657400594699035
ROS1-07-0011,2025-08-29,0.20047021340776222,0.10524269776648774,-0.31625843857689034
ROS1-01-0015,2025-09-14,0.1930088344753113,0.12107415224813936,-0.30763700433149244
ROS1-02-0005,2025-09-14,0.21462841456893644,0.08472767098055867,-0.31986563237129767
ROS1-07-0045,2025-09-14,0.20744559367603202,0.05468324901616048,-0.29634027128548834
ROS1-08-0010,2025-09-14,0.4154265676845467,0.1754132329423166,-0.4740518814208497
ROS1-01-0003,2025-09-14,0.21585567969485975,0.08689442494081911,-0.3242098316808929
ROS1-07-0012,2025-09-14,0.23699599512880795,0.13284292083278906,-0.3479224839441848
ROS1-07-0011,2025-09-14,0.1946733348577873,0.08439917448988558,-0.3008929939844753
ROS1-01-0015,2025-10-16,0.21506005169302608,0.10775858281660396,-0.27627486399151696
ROS1-02-0005,2025-10-16,0.22710002892450518,0.06685196897518367,-0.30851383932283966
ROS1-07-0045,2025-10-16,0.2219496645053545,0.045321468634964356,-0.30217343497701443
ROS1-08-0010,2025-10-16,0.3081449779549614,0.09017986959277012,-0.38090923399638366
ROS1-07-0012,2025-10-16,0.3542404790515424,0.17773884979453367,-0.3983646954228199
ROS1-07-0011,2025-10-16,0.1897520667648494,0.07976945548588128,-0.27273750612645237
ROS1-01-0003,2025-04-23,0.23343023895843013,0.09695603617915975,-0.314503272264071
ROS1-01-0003,2025-05-25,0.2978702315792947,0.14159753135819553,-0.3650706504204661
ROS1-01-0003,2025-07-12,0.3633606267943057,0.19131629991154242,-0.4233523197978044
ROS1-01-0003,2025-07-28,0.4220701765720619,0.22522518392722726,-0.46419407707542015
ROS1-01-0003,2025-08-13,0.35342583878695605,0.17220298593711672,-0.40796302412006463
ROS1-01-0003,2025-08-29,0.2296500652316577,0.10704965578839784,-0.331466022222348
ROS1-01-0003,2025-09-14,0.21580299734742606,0.0869769194385284,-0.3233685505357984
ROS1-49-0004,2025-04-19,0.2287237530397835,0.1257500342585919,-0.3738722827674674
ROS1-43-0019,2025-04-19,0.6362251044023698,0.4558324484169269,-0.6141656807725815
ROS1-49-0007,2025-04-19,0.704824801101168,0.46287614313536213,-0.6489745450600608
ROS1-49-0004,2025-05-05,0.25988060612574765,0.15870876808318995,-0.3829435288059635
ROS1-43-0019,2025-05-05,0.7703718594261393,0.6288925320110328,-0.7163186206716717
ROS1-49-0007,2025-05-05,0.7970119780862327,0.6436740065869351,-0.7284366173856873
ROS1-49-0004,2025-06-06,0.4496426087393623,0.33535408595146843,-0.4683253188292206
ROS1-49-0007,2025-06-06,0.6454438982200119,0.45859013061166815,-0.6120702398335367
ROS1-49-0004,2025-07-08,0.22915712362952392,0.1390883878867695,-0.37684567694764276
ROS1-43-0019,2025-07-08,0.27388505442892846,0.15619608343223473,-0.42013660778775297
ROS1-49-0007,2025-07-08,0.26538689132945936,0.1393627801074508,-0.4105552618436661
ROS1-49-0004,2025-07-24,0.20596355431267302,0.1376199289440698,-0.36004770807891606
ROS1-43-0019,2025-07-24,0.23906322636075306,0.18907729571472565,-0.4083744730952678
ROS1-49-0004,2025-08-25,0.1804879501073485,0.11427314177870472,-0.33217037161974844
ROS1-43-0019,2025-08-25,0.21224806075896405,0.15891938136439068,-0.3588777194557156
ROS1-49-0007,2025-08-25,0.3129621978424359,0.20572646078781393,-0.4343788454247963
ROS1-49-0004,2025-09-26,0.16904173463173705,0.09617517980685257,-0.3168174066344218
ROS1-43-0019,2025-09-26,0.1989456345810996,0.130746309244552,-0.329569332898275
ROS1-49-0007,2025-09-26,0.2799862891525217,0.17115973998229211,-0.41398553806969746
ROS1-42-0006,2025-04-19,0.4549236691467799,0.2988801773220228,-0.4996015463982589
ROS1-42-0008,2025-04-19,0.5790798409728949,0.3973027913476538,-0.5677797971627222
ROS1-43-0019,2025-04-19,0.6396925070038971,0.4589603442744249,-0.6162258665440797
ROS1-49-0007,2025-04-19,0.7052248341240843,0.4644006227162085,-0.6483345841901358
ROS1-43-0019,2025-05-05,0.7728715903322522,0.6315035086020553,-0.717652172469717
ROS1-49-0007,2025-05-05,0.7984966112871358,0.6445299843995032,-0.7292095182407422
ROS1-49-0007,2025-06-06,0.6445900504352389,0.4611764314943018,-0.610435572661213
ROS1-42-0006,2025-07-08,0.4264884732804872,0.2729889963644675,-0.5109143330779051
ROS1-42-0008,2025-07-08,0.24964875437535664,0.15130403779341695,-0.40194791392260426
ROS1-43-0019,2025-07-08,0.27388139579141324,0.15624994939669173,-0.42056495475246325
ROS1-49-0007,2025-07-08,0.26581249546684965,0.13934640722007982,-0.41175988947074177
ROS1-43-0019,2025-07-24,0.23753063373284888,0.19235158770194052,-0.4036889745565171
ROS1-43-0019,2025-08-09,0.35353157483573106,0.16133159606781372,-0.7202767151510343
ROS1-42-0006,2025-08-25,0.43218681772689577,0.2792282056404213,-0.5414490952035378
ROS1-42-0008,2025-08-25,0.20482231268868617,0.14735145170765687,-0.3555203902407339
ROS1-43-0019,2025-08-25,0.2122250164143106,0.15917603609654316,-0.35944062179686664
ROS1-49-0007,2025-08-25,0.31302442580794504,0.20594731746471434,-0.4351265432520268
ROS1-42-0006,2025-09-26,0.4432132697897342,0.25329833225637466,-0.5905473939680244
ROS1-42-0008,2025-09-26,0.18456294082139438,0.11522204129983246,-0.32568837497774344
ROS1-43-0019,2025-09-26,0.20037182965910727,0.13138941769897577,-0.3321001329455581
ROS1-49-0007,2025-09-26,0.2818643179876721,0.17177660080833973,-0.41696443374297576
ROS1-31-0009,2025-04-26,0.6543467704263957,0.42772021900654716,-0.6287274030160566
ROS1-49-0004,2025-04-26,0.2798013258147052,0.1422546344945348,-0.3944552691911017
ROS1-31-0024,2025-04-26,0.7978230772258993,0.5982221548741056,-0.7272176478253503
ROS1-37-0025,2025-04-26,0.7809044334439894,0.5332771127641168,-0.6850051118838687
ROS1-38-0002,2025-04-26,0.8114513773640479,0.4233909000715505,-0.7149855793846092
ROS1-37-0049,2025-05-28,0.7833871149943318,0.6660863923652035,-0.7371913501469369
ROS1-42-0006,2025-05-28,0.7619015074618367,0.5094258794302134,-0.7068491463791391
ROS1-49-0004,2025-05-28,0.2681789647106208,0.2028945815521942,-0.37493765348285346
ROS1-31-0024,2025-05-28,0.6872712718451501,0.5144199183491475,-0.6577301451110514
ROS1-42-0008,2025-05-28,0.7719117923093649,0.5542565013633538,-0.7235868515484861
ROS1-49-0007,2025-05-28,0.8261653391768207,0.583042312905246,-0.7637649020858382
ROS1-30-0006,2025-05-28,0.7901674340058482,0.6531091027761255,-0.7184744082568268
ROS1-31-0038,2025-05-28,0.7952670095437748,0.6066150879320638,-0.7291103125112985
ROS1-42-0006,2025-06-13,0.6985334113069145,0.4159034894086327,-0.65960222526283
ROS1-49-0004,2025-06-13,0.3746448186762559,0.2607164054662854,-0.4422921189431442
ROS1-38-0002,2025-06-13,0.6046478050255497,0.4177127207581921,-0.620566538376144
ROS1-42-0008,2025-06-13,0.636379185099149,0.344860126528527,-0.6305688481250263
ROS1-43-0019,2025-06-13,0.37714081402140154,0.25925872005279654,-0.43044540453948904
ROS1-49-0007,2025-06-13,0.5724210488879682,0.2949821803536068,-0.59889012332545
ROS1-31-0009,2025-06-29,0.31057399433974564,0.17294597481370677,-0.44055782698148893
ROS1-43-0019,2025-06-29,0.7284034484953882,0.13327833273331274,-0.8366258659157808
ROS1-49-0007,2025-06-29,0.27019277578357986,0.1578339317971542,-0.35799728302811856
ROS1-31-0038,2025-06-29,0.33329654685696597,0.13156000921894478,-0.44533784104217206
ROS1-31-0009,2025-07-15,0.21673401087633312,0.17025545669272235,-0.3866116894130038
ROS1-37-0049,2025-07-15,0.21739516956542704,0.17339151816435028,-0.37062242177416127
ROS1-42-0006,2025-07-15,0.35850754660198264,0.2820350872085863,-0.47104000754166947
ROS1-49-0004,2025-07-15,0.21862449280136936,0.13250511374469834,-0.3697517966517045
ROS1-31-0024,2025-07-15,0.2622550905647718,0.18216156990912968,-0.42349866246140844
ROS1-38-0002,2025-07-15,0.22687832936840718,0.1739566016998891,-0.39528625308592547
ROS1-43-0019,2025-07-15,0.2723712139140595,0.15957016442740665,-0.4207568580446086
ROS1-49-0007,2025-07-15,0.25841971020845567,0.1451428597378595,-0.40372667098292864
ROS1-31-0038,2025-07-15,0.21785942605346365,0.1659345243226752,-0.3764463366193747
ROS1-31-0009,2025-07-31,0.19047263538458328,0.0946466842213568,-0.3154666361094286
ROS1-42-0006,2025-07-31,0.5049004817330647,0.2476700733962048,-0.7792555573636302
ROS1-49-0004,2025-07-31,0.20305082636630895,0.13554733146915554,-0.3475880985302594
ROS1-31-0024,2025-07-31,0.2759644900967227,0.199518629765245,-0.40369000492637525
ROS1-42-0008,2025-07-31,0.23486005565237572,0.10689637216616663,-0.38133786511736484
ROS1-43-0019,2025-07-31,0.3184652782157561,0.16480182551732137,-0.6378435144247944
ROS1-49-0007,2025-07-31,0.2496826525057643,0.1717248419843562,-0.38476054247424063
ROS1-31-0038,2025-07-31,0.19662951887999833,0.1472369344174355,-0.3259819421514314
ROS1-31-0009,2025-08-16,0.1871643829197936,0.09186565719534107,-0.3112438213451583
ROS1-42-0006,2025-08-16,0.4247450007833326,0.29683892061900424,-0.5372394311960613
ROS1-31-0024,2025-08-16,0.20696058406078946,0.10817234348778439,-0.32201828562575713
ROS1-37-0025,2025-08-16,0.32998778309324567,0.22780273740920748,-0.42809515000625264
ROS1-38-0002,2025-08-16,0.24793805540899033,0.1652778185092367,-0.38777553540893356
ROS1-42-0008,2025-08-16,0.2070749211930923,0.15637034447792125,-0.3505315771426142
ROS1-31-0038,2025-08-16,0.2548762234949775,0.13434420340968808,-0.4824349148625963
ROS1-31-0009,2025-09-01,0.17961863412182405,0.09112785863491661,-0.3120556878724541
ROS1-37-0049,2025-09-01,0.187368041551956,0.13292552378931446,-0.3278877334337873
ROS1-42-0006,2025-09-01,0.42453463052001916,0.2550413392035036,-0.5378000931947124
ROS1-49-0004,2025-09-01,0.17702125086231632,0.10468760005061681,-0.3195936325552076
ROS1-31-0024,2025-09-01,0.18329137409496005,0.08401724814685868,-0.30689109405990445
ROS1-37-0025,2025-09-01,0.30300211309180736,0.21087725254597264,-0.41350105918454927
ROS1-38-0002,2025-09-01,0.24237246265133314,0.16997889347233974,-0.37289291249380385
ROS1-42-0008,2025-09-01,0.19139560747469295,0.13101673463263672,-0.3336415198027759
ROS1-43-0019,2025-09-01,0.1970824031150286,0.13955232251457508,-0.3322636343204868
ROS1-49-0007,2025-09-01,0.29387121004226996,0.1825226790822242,-0.41550488397934165
ROS1-31-0038,2025-09-01,0.18377856273617557,0.12398419226138989,-0.32684465747941177
ROS1-31-0009,2025-09-17,0.18346981137689544,0.0942916876641537,-0.31659857324776847
ROS1-37-0049,2025-09-17,0.18538638982260355,0.13308407207977038,-0.3276220554796224
ROS1-42-0006,2025-09-17,0.4200766605705565,0.2511076198367303,-0.5722003601106146
ROS1-49-0004,2025-09-17,0.17067026221947107,0.10150679598151632,-0.32278823846486593
ROS1-31-0024,2025-09-17,0.1773344444745491,0.07957500370722939,-0.30322632452566356
ROS1-37-0025,2025-09-17,0.27514283686677254,0.1912667161611822,-0.403475817464735
ROS1-38-0002,2025-09-17,0.21607981030891377,0.15167638669755049,-0.361103564866571
ROS1-42-0008,2025-09-17,0.18810977182750996,0.1296214959867503,-0.33485102264541766
ROS1-43-0019,2025-09-17,0.19647985439621868,0.13732974395221142,-0.33215426502584294
ROS1-49-0007,2025-09-17,0.27398665970009844,0.17361505732704466,-0.4136856918463612
ROS1-31-0038,2025-09-17,0.18829281542226892,0.13318612119383527,-0.3403008910725811
ROS1-31-0009,2025-10-03,0.1767558413029485,0.07758862679554047,-0.3039269183390143
ROS1-42-0006,2025-10-03,0.4228708174153064,0.24142628785409015,-0.5957296755352218
ROS1-49-0004,2025-10-03,0.17155786346659607,0.09586401857896276,-0.319087308444515
ROS1-31-0024,2025-10-03,0.17822823875494917,0.0759200419392185,-0.30408451405571274
ROS1-37-0025,2025-10-03,0.27668868320108736,0.1768120802367183,-0.40425049855203216
ROS1-42-0008,2025-10-03,0.18988687554788009,0.12192468369388974,-0.3268218407083588
ROS1-43-0019,2025-10-03,0.19258158420037144,0.12621788399504635,-0.32144401822989704
ROS1-49-0007,2025-10-03,0.266648511766917,0.16168891232351976,-0.40835435717771595
ROS1-31-0038,2025-10-03,0.176913108838374,0.08677115984629485,-0.2970360509754467
ROS1-36-0022,2025-04-26,0.655423509738965,0.3416542126127703,-0.6164844707773592
ROS1-37-0025,2025-04-26,0.7699560461298766,0.5242723517088446,-0.6783688050682939
ROS1-42-0006,2025-05-28,0.7587977051382867,0.5072447749003088,-0.705488365802368
ROS1-42-0008,2025-05-28,0.7873362845499576,0.5671005984173221,-0.7351615040131325
ROS1-30-0009,2025-06-13,0.5230948191758952,0.25904913305972205,-0.5837204339001529
ROS1-42-0006,2025-06-13,0.6986842567181021,0.4157251178093316,-0.6598561613953654
ROS1-30-0001,2025-06-13,0.45028946250190344,0.2758206534803279,-0.4721222547208994
ROS1-36-0022,2025-06-13,0.523687092333009,0.2621147265393134,-0.5599743227484637
ROS1-42-0008,2025-06-13,0.6365905999201232,0.3447501328733987,-0.630861532207076
ROS1-30-0009,2025-07-15,0.2380164826657373,0.16763939096718397,-0.39449812935184575
ROS1-42-0006,2025-07-15,0.3687167904645705,0.2691369888294709,-0.4898798253013877
ROS1-24-0026,2025-07-15,0.21009989010469377,0.1133705434492921,-0.34674932925753266
ROS1-30-0001,2025-07-15,0.28534621391961457,0.183143959210581,-0.40373936887205925
ROS1-36-0022,2025-07-15,0.271457744288261,0.2151937197681996,-0.40520588844644534
ROS1-30-0006,2025-07-15,0.23873105664129654,0.1722629881516402,-0.37721190415309486
ROS1-30-0009,2025-07-31,0.1976412083835415,0.11915898767456315,-0.30622134964624315
ROS1-42-0006,2025-07-31,0.49481087244753014,0.24089661578076638,-0.7569215802547994
ROS1-24-0026,2025-07-31,0.21154705271735155,0.11706598946853518,-0.3331005608183954
ROS1-30-0001,2025-07-31,0.24506051101275286,0.14780073654574466,-0.3694114639260832
ROS1-36-0022,2025-07-31,0.2825395496278308,0.2182050179182509,-0.40995432334483134
ROS1-30-0006,2025-07-31,0.19005543057740726,0.15422789684064567,-0.30692215271910456
ROS1-30-0009,2025-08-16,0.18829154049870594,0.10912728569491059,-0.3076568478870788
ROS1-42-0006,2025-08-16,0.4254738873803842,0.2971025482630941,-0.5379811162133774
ROS1-24-0026,2025-08-16,0.18681385480515952,0.10867514262469027,-0.3144274403633278
ROS1-30-0001,2025-08-16,0.22935397308097197,0.1279737162179253,-0.3462011299146967
ROS1-36-0022,2025-08-16,0.33463851622547863,0.2479778601223098,-0.4334369678691385
ROS1-37-0025,2025-08-16,0.3292404673034085,0.23062638144953898,-0.42922813807455645
ROS1-42-0008,2025-08-16,0.20780542031569263,0.15660984368427253,-0.35164055719928694
ROS1-30-0006,2025-08-16,0.20122243741252316,0.1407558649335687,-0.3406126733683725
ROS1-30-0009,2025-09-01,0.1840673022094133,0.0965382735604727,-0.2973717504614344
ROS1-42-0006,2025-09-01,0.42548500326393507,0.25516567581656413,-0.5390534381512057
ROS1-24-0026,2025-09-01,0.190729594988066,0.10665644817425028,-0.31368957358552607
ROS1-30-0001,2025-09-01,0.2159234338321108,0.11141897867039759,-0.3405437595745585
ROS1-36-0022,2025-09-01,0.3275543993231656,0.2154846696342955,-0.435334607759385
ROS1-37-0025,2025-09-01,0.30343992473402853,0.21136439803111798,-0.4137997338515173
ROS1-42-0008,2025-09-01,0.19231381235012507,0.13126834006891733,-0.3350866977381132
ROS1-30-0006,2025-09-01,0.19063082431707754,0.12590698861337551,-0.3285046459458194
ROS1-30-0009,2025-09-17,0.1847750343091808,0.08990695323344423,-0.29875375726800685
ROS1-42-0006,2025-09-17,0.42030171876959355,0.2511418945795819,-0.572587285435306
ROS1-24-0026,2025-09-17,0.1860155374213393,0.0981589058855567,-0.31153474884600196
ROS1-30-0001,2025-09-17,0.21750124980283528,0.10725319661817952,-0.3431910312697146
ROS1-36-0022,2025-09-17,0.31582007973117476,0.2078020387618522,-0.44492519487984583
ROS1-37-0025,2025-09-17,0.2753782756646231,0.19130052803953398,-0.403970116321656
ROS1-42-0008,2025-09-17,0.1883609668670549,0.12966244993726114,-0.33540457350459907
ROS1-30-0006,2025-09-17,0.19372602441230197,0.12172937199377705,-0.333834116621821
ROS1-30-0009,2025-10-03,0.23396396567810393,0.10424746541765768,-0.32995861474133376
ROS1-42-0006,2025-10-03,0.4226064874322454,0.24148876540348602,-0.5959976202321148
ROS1-24-0026,2025-10-03,0.2466507747039629,0.1291303268520014,-0.34523707195168235
ROS1-30-0001,2025-10-03,0.26751067834719294,0.1286488981623446,-0.3751636432039496
ROS1-36-0022,2025-10-03,0.3066417578385047,0.1879370096002753,-0.43548618311172677
ROS1-37-0025,2025-10-03,0.2766044089451819,0.1769013751499972,-0.4048973969248479
ROS1-42-0008,2025-10-03,0.18972772617815262,0.12192369056413624,-0.3274807246904141
ROS1-30-0006,2025-10-03,0.21573345586412876,0.12531209817317795,-0.34214944262420166
ROS1-28-0006,2025-04-17,0.330904917536886,0.16593431205433173,-0.3737955115083929
ROS1-28-0006,2025-05-03,0.2866296212572525,0.10731531299860897,-0.3717869481446233
ROS1-28-0006,2025-06-04,0.3987262451742271,0.2555823661300242,-0.4185752971654205
ROS1-28-0006,2025-07-06,0.7886680798665878,0.5046204889608904,-0.6572784085142885
ROS1-28-0006,2025-08-07,0.5665162656800241,0.33614043527475984,-0.52539437891441
ROS1-28-0006,2025-08-23,0.3480498847169551,0.19669898181962195,-0.395507243917134
ROS1-28-0006,2025-09-08,0.28404523084730027,0.1463722463611895,-0.37906965280956517
ROS1-28-0006,2025-09-24,0.25105329880500105,0.11345474922397611,-0.3578163155183339
ROS1-28-0006,2025-10-26,0.2537195027872446,0.0977777460276017,-0.33695468412236906
ROS1-27-0006,2025-04-17,0.42239617163428805,0.21773387462927343,-0.43444652463432365
ROS1-28-0006,2025-04-17,0.3302464435117919,0.16590305675908135,-0.3725579855464814
ROS1-33-0014,2025-04-17,0.23028696207757174,0.1182218480977712,-0.33671336478921626
ROS1-26-0031,2025-04-17,0.1868307945582452,0.08045806789832927,-0.2630734318557143
ROS1-27-0009,2025-04-17,0.19185591924550519,0.08331769534804111,-0.2816356243212581
ROS1-28-0017,2025-04-17,0.21849696836123592,0.0940855238985551,-0.295950918505052
ROS1-33-0018,2025-04-17,0.5660266431385357,0.34535106879049143,-0.562040539552012
ROS1-21-0034,2025-04-17,0.2723477228646869,0.1399040258328574,-0.3382559416737552
ROS1-27-0004,2025-04-17,0.5313281496915402,0.3585507733918282,-0.5037990519325113
ROS1-27-0006,2025-05-03,0.5162628230547536,0.281789143154925,-0.5268474513803977
ROS1-28-0006,2025-05-03,0.2863522683692752,0.10735379521478357,-0.37103590882952764
ROS1-33-0014,2025-05-03,0.2426681694397144,0.10116896722796316,-0.3695238603331767
ROS1-26-0031,2025-05-03,0.20858310576210756,0.09019508413566443,-0.3116296000780708
ROS1-27-0009,2025-05-03,0.20638198599916685,0.10513046630628388,-0.33254562040777613
ROS1-28-0017,2025-05-03,0.2509097992941196,0.10139964319872194,-0.347787156690532
ROS1-33-0018,2025-05-03,0.7016549346464318,0.45606243033517735,-0.667323127266279
ROS1-21-0034,2025-05-03,0.23188196851255544,0.10599710939261023,-0.3380061141725732
ROS1-27-0004,2025-05-03,0.6004387430635613,0.38962729296502924,-0.5805092188256122
ROS1-27-0006,2025-06-04,0.5129460156221971,0.2981400069531607,-0.5450991896525188
ROS1-28-0006,2025-06-04,0.4006528087127757,0.255396401141198,-0.42098682046672803
ROS1-33-0014,2025-06-04,0.3966249105380073,0.22974060932148055,-0.4496665950926815
ROS1-26-0031,2025-06-04,0.22636132948807017,0.10112515327685283,-0.3065420044090571
ROS1-27-0009,2025-06-04,0.41169666017434065,0.2573067072338225,-0.4771721244806781
ROS1-28-0017,2025-06-04,0.23022885325699627,0.10419113430676873,-0.29823840752217606
ROS1-33-0018,2025-06-04,0.5781201649338895,0.3582303556460424,-0.613118578613313
ROS1-21-0034,2025-06-04,0.37941356573869445,0.22645101510115664,-0.4171092272367125
ROS1-27-0004,2025-06-04,0.5282500365868531,0.33945317799526664,-0.560842785983445
ROS1-28-0017,2025-06-20,0.3393934200602851,0.1782351678774822,-0.332138038255542
ROS1-27-0006,2025-07-06,0.2910379782719748,0.1541292205449323,-0.3964704180984004
ROS1-28-0006,2025-07-06,0.7881304382739782,0.5050382958415419,-0.6572225067149484
ROS1-33-0014,2025-07-06,0.7063250049481367,0.4624829086414522,-0.6709071016170169
ROS1-26-0031,2025-07-06,0.4445647734020944,0.22985993968969157,-0.46162996043303867
ROS1-27-0009,2025-07-06,0.5493047494202872,0.358409500844678,-0.5804138397273088
ROS1-28-0017,2025-07-06,0.2273582565377369,0.10070127496738247,-0.32274777306856206
ROS1-33-0018,2025-07-06,0.4450117871287201,0.19963463524776337,-0.49530493966118594
ROS1-21-0034,2025-07-06,0.6822032571786292,0.4866708538912598,-0.6365741458830232
ROS1-27-0004,2025-07-06,0.24139568517215226,0.12988415609495632,-0.3542285223722364
ROS1-27-0006,2025-07-22,0.2030136848524507,0.13183262041951502,-0.29758974489643164
ROS1-26-0031,2025-07-22,0.3622680596756522,0.17099944447966473,-0.4154183731955011
ROS1-27-0009,2025-07-22,0.35372403398252994,0.2062591953071066,-0.4334529608114792
ROS1-33-0018,2025-07-22,0.3165035239040588,0.16980512031413755,-0.40735467461631325
ROS1-21-0034,2025-07-22,0.715673466608231,0.5595436424222127,-0.6600670293549077
ROS1-27-0006,2025-08-07,0.20279139618495565,0.11362808783940012,-0.3150331213678487
ROS1-28-0006,2025-08-07,0.5696158709148962,0.33767106931609525,-0.527618346369098
ROS1-33-0014,2025-08-07,0.2979419536630488,0.16071565557492704,-0.40158147713173836
ROS1-26-0031,2025-08-07,0.2637510245889385,0.11549559647825294,-0.3456265298682688
ROS1-27-0009,2025-08-07,0.3100490554768803,0.1787804574333705,-0.3965965044353557
ROS1-28-0017,2025-08-07,0.25767936574747646,0.10634829350555754,-0.34427416852691434
ROS1-33-0018,2025-08-07,0.3063763036040413,0.1877173179293984,-0.4266680568941867
ROS1-21-0034,2025-08-07,0.7331548247935967,0.49995890343761124,-0.6851165152971869
ROS1-27-0004,2025-08-07,0.20090352410455922,0.12507858129582908,-0.3054656018587364
ROS1-27-0006,2025-08-23,0.21740155077902282,0.1292727274000311,-0.32686436477415926
ROS1-33-0014,2025-08-23,0.27293197869027525,0.14558168338704466,-0.3904265206512535
ROS1-27-0009,2025-08-23,0.246045966484581,0.14048897576331484,-0.3667915200043476
ROS1-28-0017,2025-08-23,0.20897093756297785,0.08447128390095737,-0.28308350132284305
ROS1-33-0018,2025-08-23,0.32709586056740686,0.20308503902759234,-0.45015376290910286
ROS1-21-0034,2025-08-23,0.6624863781613181,0.4396364434375616,-0.6468984843493132
ROS1-27-0004,2025-08-23,0.19007123403483003,0.12754757567612654,-0.26241358010716154
ROS1-27-0006,2025-09-08,0.2144430343653964,0.0899566489649465,-0.3156783232140559
ROS1-28-0006,2025-09-08,0.2832193799352206,0.14539909179928878,-0.37876624448236923
ROS1-33-0014,2025-09-08,0.27062347225391004,0.14230250285439122,-0.3851511653988015
ROS1-26-0031,2025-09-08,0.2647341933314862,0.10527378257302752,-0.3407511159611249
ROS1-27-0009,2025-09-08,0.23977843015188716,0.13249489297323208,-0.3590384524570247
ROS1-28-0017,2025-09-08,0.20295614442423002,0.08037314587131497,-0.2785871496405139
ROS1-21-0034,2025-09-08,0.6225226267581006,0.4045852125850004,-0.6262966545875887
ROS1-27-0004,2025-09-08,0.21413811824685514,0.1114377913264461,-0.30014227722930104
ROS1-27-0006,2025-09-24,0.19706613175828092,0.08503594593741237,-0.3081474593503826
ROS1-28-0006,2025-09-24,0.25102724603213095,0.11389071503069312,-0.3562861325794011
ROS1-33-0014,2025-09-24,0.23629335728367293,0.1120821590499274,-0.3659238385065052
ROS1-26-0031,2025-09-24,0.23359646521613564,0.09344074454872318,-0.328161898521565
ROS1-27-0009,2025-09-24,0.2341946178888631,0.13716441826092643,-0.36602603154234997
ROS1-28-0017,2025-09-24,0.21033529757250782,0.08205181912729885,-0.3096794663987605
ROS1-33-0018,2025-09-24,0.21087582378321437,0.12142811688688165,-0.35800338309173735
ROS1-21-0034,2025-09-24,0.35566569100650797,0.2374605287757317,-0.47412180047061653
ROS1-27-0004,2025-09-24,0.20354416183001453,0.09940384403137373,-0.30769670064879856
ROS1-27-0006,2025-10-26,0.27346996449903893,0.06870773067911894,-0.3755725437605083
ROS1-28-0006,2025-10-26,0.2629123248531639,0.09999673690928712,-0.34641437721230806
ROS1-26-0031,2025-10-26,0.2043436209833659,0.053984804796806174,-0.29483407967367237
ROS1-28-0017,2025-10-26,0.3414835252163247,0.06949624437993077,-0.4082671518606395
ROS1-21-0034,2025-10-26,0.30058853916047495,0.13382141639848866,-0.4310205253033578
ROS1-27-0004,2025-10-26,0.31083511508527695,0.11168389040138961,-0.38756865992607664
ROS1-19-0041,2025-04-01,0.3397533797790475,0.14791170456422142,-0.39501723452125354
ROS1-25-0017,2025-04-01,0.16344265363348062,0.09888125957462086,-0.2259213189167222
ROS1-19-0026,2025-04-01,0.3082617832608659,0.17567077671627931,-0.3623044249239303
ROS1-25-0008,2025-04-01,0.2958983318189055,0.14103699179120796,-0.35719202670371764
ROS1-30-0001,2025-04-01,0.31676247307981553,0.1999739245378712,-0.412651414391542
ROS1-19-0022,2025-04-01,0.37328802708562037,0.09431622715488125,-0.3379175246728146
ROS1-21-0034,2025-04-01,0.2838565440894729,0.1587801021155185,-0.41277327106451744
ROS1-30-0006,2025-04-01,0.4973911186858462,0.247136377022382,-0.4838051634299631
ROS1-19-0041,2025-04-17,0.2864882362252561,0.12960221531198185,-0.3427204648609482
ROS1-25-0017,2025-04-17,0.23457391965094665,0.11648512856229497,-0.3142142046523111
ROS1-26-0027,2025-04-17,0.6260617675200126,0.3873122789403103,-0.5955652227296817
ROS1-31-0009,2025-04-17,0.5237471739581987,0.29944662452582227,-0.5384201965015402
ROS1-32-0018,2025-04-17,0.7034565402967846,0.4306630048812154,-0.646722425245661
ROS1-19-0026,2025-04-17,0.397546029493516,0.23608665700633524,-0.42738408832330216
ROS1-20-0010,2025-04-17,0.45657872664201044,0.28536756537714764,-0.48400958850622977
ROS1-25-0008,2025-04-17,0.4885387612638766,0.2800993371060532,-0.4967026132378395
ROS1-26-0031,2025-04-17,0.18794478658578231,0.0807290260816357,-0.2655102270453683
ROS1-27-0009,2025-04-17,0.19349532095412358,0.0835917135836345,-0.2854585507446796
ROS1-30-0001,2025-04-17,0.4642089579728015,0.25306030737699864,-0.4821206878526823
ROS1-31-0024,2025-04-17,0.6432431963155345,0.4142575921696572,-0.6142227765212585
ROS1-32-0022,2025-04-17,0.8619758384947627,0.651625513460856,-0.7723015230459421
ROS1-37-0025,2025-04-17,0.5313992962373171,0.3312895857387999,-0.5407757045797538
ROS1-38-0002,2025-04-17,0.6565286798014195,0.41882471389867343,-0.6359482270091465
ROS1-19-0022,2025-04-17,0.2551515523046254,0.11258525422970633,-0.31010263817927053
ROS1-21-0034,2025-04-17,0.2724933944440094,0.14014198873402547,-0.33944386960691914
ROS1-25-0016,2025-04-17,0.5642765490048393,0.2998775243109286,-0.5319552498861316
ROS1-26-0006,2025-04-17,0.22119104816758292,0.09542648537326322,-0.3038008431567526
ROS1-30-0006,2025-04-17,0.6633618830195912,0.41946540114539155,-0.6246936232757089
ROS1-31-0038,2025-04-17,0.5127330539226722,0.28805378782331215,-0.5330346497650027
ROS1-19-0041,2025-05-03,0.30146916961519454,0.1478751985271063,-0.3758016757659689
ROS1-25-0017,2025-05-03,0.23840067075293614,0.12169981993677358,-0.326810846151242
ROS1-26-0027,2025-05-03,0.738409183022971,0.4995006398683661,-0.6965576578260809
ROS1-31-0009,2025-05-03,0.695038670290764,0.4337104216969125,-0.6741825252989213
ROS1-32-0018,2025-05-03,0.7997960349860841,0.5718882539632416,-0.7426924053663975
ROS1-19-0026,2025-05-03,0.5049064732797611,0.3111645092641192,-0.5078700152621173
ROS1-20-0010,2025-05-03,0.5385960781881312,0.33577730095630715,-0.5548335079896479
ROS1-26-0031,2025-05-03,0.21063924264531156,0.09056641604215618,-0.31697922797429984
ROS1-27-0009,2025-05-03,0.20820153634942784,0.10554652033722542,-0.33700644598831425
ROS1-31-0024,2025-05-03,0.8285809453923224,0.6493948031334549,-0.7559036309315926
ROS1-32-0022,2025-05-03,0.8999955350559938,0.7804929088940099,-0.816639170008357
ROS1-38-0002,2025-05-03,0.8426903790235903,0.6655695589554812,-0.7774406270816003
ROS1-19-0022,2025-05-03,0.21153428462906249,0.09360131970318032,-0.3046096998374051
ROS1-21-0034,2025-05-03,0.23372391062793355,0.10625046613307933,-0.3430081152591099
ROS1-26-0006,2025-05-03,0.2260232982867535,0.09798054649613734,-0.3396644368899533
ROS1-19-0041,2025-06-04,0.3965599822217882,0.21594212512641384,-0.42972111017113673
ROS1-25-0017,2025-06-04,0.2768110916340924,0.15385539112919785,-0.33970585008798687
ROS1-26-0027,2025-06-04,0.4737599973881708,0.277593355195128,-0.5579372033279391
ROS1-31-0009,2025-06-04,0.8095599117745241,0.5304493117941994,-0.7718381782751063
ROS1-32-0018,2025-06-04,0.4501816958642716,0.26078351729454774,-0.5579928810832225
ROS1-37-0049,2025-06-04,0.7207207365078101,0.5047049767721283,-0.7187123884094647
ROS1-19-0026,2025-06-04,0.5677647573834732,0.38658787717426646,-0.5436926287454926
ROS1-20-0010,2025-06-04,0.4885738670816361,0.28923415545091685,-0.5387767327401676
ROS1-25-0008,2025-06-04,0.34748522713580426,0.22169214803166212,-0.45438240446980577
ROS1-26-0031,2025-06-04,0.22792187582148613,0.10135876145433215,-0.30872782334078475
ROS1-27-0009,2025-06-04,0.4132945370593614,0.2577993014069461,-0.4785520465369229
ROS1-30-0001,2025-06-04,0.5599353785924807,0.3175074177947261,-0.5585907486130175
ROS1-31-0024,2025-06-04,0.7272219954905549,0.47553361017945645,-0.712671751599251
ROS1-32-0022,2025-06-04,0.8039175029534839,0.5187337639764991,-0.739054754764089
ROS1-37-0025,2025-06-04,0.6883299637443321,0.5309108715014572,-0.6227948213144667
ROS1-38-0002,2025-06-04,0.8459981879342432,0.5947420572525476,-0.7913962554926484
ROS1-19-0022,2025-06-04,0.22738122945826245,0.11835646641432543,-0.2938408161489797
ROS1-21-0034,2025-06-04,0.37757268213585343,0.22658815955750433,-0.414478320946542
ROS1-25-0016,2025-06-04,0.528208870990177,0.28511053098636413,-0.5764697850925813
ROS1-26-0006,2025-06-04,0.24834692465601083,0.12124682671122108,-0.32841632542643256
ROS1-30-0006,2025-06-04,0.7612579210141672,0.48828763510059414,-0.7147420153927926
ROS1-31-0038,2025-06-04,0.7872739248098615,0.502364279962628,-0.750017656557747
ROS1-25-0017,2025-07-06,0.3526565925401128,0.17933821776757,-0.3700308051541207
ROS1-26-0027,2025-07-06,0.23914054429394907,0.11348962012978257,-0.3532736062668829
ROS1-31-0009,2025-07-06,0.26904530883019623,0.1253711136039016,-0.4176373347541533
ROS1-32-0018,2025-07-06,0.2525059231700391,0.12278510645909592,-0.3883057177982065
ROS1-37-0049,2025-07-06,0.1850706200142394,0.07544653698771896,-0.28152192863686126
ROS1-19-0026,2025-07-06,0.29305941167808575,0.18793521185885892,-0.3963780539099658
ROS1-20-0010,2025-07-06,0.45322027360630346,0.30328351376636004,-0.4694240614020885
ROS1-25-0008,2025-07-06,0.213950161252682,0.13422466998893967,-0.32910967635849436
ROS1-26-0031,2025-07-06,0.4436346927537658,0.22881141935698146,-0.462868427508832
ROS1-27-0009,2025-07-06,0.5441757397519569,0.3550478836072725,-0.5777499997320164
ROS1-30-0001,2025-07-06,0.3445215649878893,0.17526714362804513,-0.44927991995872935
ROS1-32-0022,2025-07-06,0.2693535744944296,0.13255894204622437,-0.4145974403278092
ROS1-38-0002,2025-07-06,0.269921536814763,0.10695213928896999,-0.4027247041180866
ROS1-19-0022,2025-07-06,0.3626959927354124,0.1750862105509292,-0.3798034677291318
ROS1-21-0034,2025-07-06,0.6839716106765934,0.4890009236994376,-0.6383788445585853
ROS1-25-0016,2025-07-06,0.41358960228815084,0.2131267391546344,-0.4672962253565464
ROS1-26-0006,2025-07-06,0.47756675535610926,0.30339190080244216,-0.4919110570970393
ROS1-30-0006,2025-07-06,0.28160707133948026,0.1491050662545446,-0.4185185259541191
ROS1-31-0038,2025-07-06,0.3110904408040621,0.16917748187013787,-0.4466373229591682
ROS1-19-0041,2025-07-22,0.32756396941409827,0.1808863396404608,-0.39409603840866
ROS1-25-0017,2025-07-22,0.29981226951702916,0.1793220568239759,-0.3594394312243206
ROS1-26-0027,2025-07-22,0.20805204425983823,0.13787235558087696,-0.35554494538381787
ROS1-31-0009,2025-07-22,0.1482773577109972,0.15388762504958844,-0.24991718776792046
ROS1-32-0018,2025-07-22,0.24012498876942587,0.14140142359416177,-0.3743189307236904
ROS1-37-0049,2025-07-22,0.23023429291139005,0.17004254735741692,-0.3897410618455619
ROS1-19-0026,2025-07-22,0.23844656396503652,0.13313982722080306,-0.3555047085191089
ROS1-20-0010,2025-07-22,0.22987018175546406,0.13734213130416,-0.34696456657356006
ROS1-26-0031,2025-07-22,0.36090196926086765,0.17103751248277171,-0.4148729358837172
ROS1-27-0009,2025-07-22,0.3539596395437859,0.20606213631694406,-0.4350011782355015
ROS1-30-0001,2025-07-22,0.27953817936808956,0.13572895546996078,-0.39319253965188117
ROS1-31-0024,2025-07-22,0.2638264659148638,0.19108281451265896,-0.40320206325943386
ROS1-32-0022,2025-07-22,0.20271441313172267,0.1547847839547432,-0.3595398826327305
ROS1-37-0025,2025-07-22,0.2490492585172756,0.19615718324362105,-0.3978093467958281
ROS1-19-0022,2025-07-22,0.5677431841972526,0.3156035657709455,-0.5394454357888644
ROS1-21-0034,2025-07-22,0.7231411456094865,0.5681815335882129,-0.6661811979222769
ROS1-26-0006,2025-07-22,0.4002966661508187,0.2247183279864682,-0.4533248213839696
ROS1-30-0006,2025-07-22,0.2610318895834202,0.1634195405790632,-0.404187831425001
ROS1-31-0038,2025-07-22,0.2346406714304636,0.16628656636367806,-0.4017100720288986
ROS1-19-0041,2025-08-07,0.2674600511621569,0.14233512489025602,-0.3531743200141199
ROS1-25-0017,2025-08-07,0.26528277392593624,0.14845578973169987,-0.34368794445312784
ROS1-26-0027,2025-08-07,0.19179892267458076,0.10827065200767742,-0.3252544426132606
ROS1-32-0018,2025-08-07,0.20132714329484838,0.12179254878540369,-0.3355521106938056
ROS1-37-0049,2025-08-07,0.18582133680284674,0.12614498914289626,-0.3291475063720254
ROS1-19-0026,2025-08-07,0.21518338760628614,0.12337696009594737,-0.3400622708821533
ROS1-20-0010,2025-08-07,0.2127619847200054,0.09723671588183945,-0.3098938217435631
ROS1-25-0008,2025-08-07,0.18564916644338994,0.10721296256570148,-0.31188116200187344
ROS1-26-0031,2025-08-07,0.2639087929636063,0.11542308506307318,-0.3468433858883964
ROS1-27-0009,2025-08-07,0.3097235874767031,0.17821301992798533,-0.3971820566566963
ROS1-30-0001,2025-08-07,0.2411905907241981,0.12591020738121328,-0.3731642332163577
ROS1-31-0024,2025-08-07,0.4892037002847614,0.09744452478841396,-0.587818881067611
ROS1-32-0022,2025-08-07,0.17333218503218553,0.1511979258944521,-0.298686060568692
ROS1-37-0025,2025-08-07,0.23391361459543733,0.17978422034906613,-0.3738663473127224
ROS1-38-0002,2025-08-07,0.2026068291335994,0.15174072174550407,-0.33908656027060285
ROS1-19-0022,2025-08-07,0.8689176321633747,0.7802968996100111,-0.7539184443977798
ROS1-21-0034,2025-08-07,0.7355401157262913,0.5019489738166676,-0.6873320956005003
ROS1-25-0016,2025-08-07,0.21040443976109455,0.11333187088035995,-0.331296148220219
ROS1-26-0006,2025-08-07,0.3596470197259885,0.1903991663783823,-0.4217464169251984
ROS1-30-0006,2025-08-07,0.1938474513407232,0.12487677783988993,-0.344787084728352
ROS1-31-0038,2025-08-07,0.19663415192950448,0.14161708633194187,-0.3480539833044518
ROS1-19-0041,2025-08-23,0.2129032422286952,0.11188144425635166,-0.3172986490232815
ROS1-25-0017,2025-08-23,0.28660297297424725,0.15680056953585983,-0.35263174015537024
ROS1-26-0027,2025-08-23,0.1719757928607133,0.11162605693965119,-0.2817080929239208
ROS1-31-0009,2025-08-23,0.18957375612866967,0.08573151860566725,-0.3250473189107726
ROS1-32-0018,2025-08-23,0.2178968184564987,0.09645302933663819,-0.3355152658148862
ROS1-37-0049,2025-08-23,0.19311810779625785,0.13170203111589077,-0.33635676138664444
ROS1-19-0026,2025-08-23,0.21028736255750113,0.13259814675566547,-0.3120531551782804
ROS1-20-0010,2025-08-23,0.21000397718769206,0.11417036238253206,-0.31649539919778746
ROS1-25-0008,2025-08-23,0.19076643845989583,0.10609780169226858,-0.3139698858250869
ROS1-26-0031,2025-08-23,0.2456460036681535,0.10733414064004325,-0.33164675150226697
ROS1-27-0009,2025-08-23,0.24604530818812897,0.140792351717688,-0.36708139910454607
ROS1-30-0001,2025-08-23,0.22844462745578203,0.10991657523195113,-0.3545752799615261
ROS1-32-0022,2025-08-23,0.1939324626403615,0.14223403282885777,-0.33771838793586934
ROS1-37-0025,2025-08-23,0.33400787915598035,0.23045698677676899,-0.4349528239366224
ROS1-38-0002,2025-08-23,0.25857810146179994,0.1772145396352264,-0.38295353149043115
ROS1-19-0022,2025-08-23,0.8819439796480025,0.8716407897892409,-0.7844279205508976
ROS1-21-0034,2025-08-23,0.663166495818217,0.43934081215442483,-0.6483221737730409
ROS1-25-0016,2025-08-23,0.27590677887441517,0.14386933492455786,-0.3833150732426184
ROS1-26-0006,2025-08-23,0.3239736466084025,0.1738593160960587,-0.3957815466931994
ROS1-30-0006,2025-08-23,0.19859935504902515,0.12631139523333373,-0.33926286564583436
ROS1-31-0038,2025-08-23,0.18659728694920336,0.12428295592119445,-0.32839850554185634
ROS1-19-0041,2025-09-08,0.22009534304520603,0.09958893178867011,-0.32086496617117133
ROS1-25-0017,2025-09-08,0.2579942848401501,0.14981144570558566,-0.33834555228445135
ROS1-26-0027,2025-09-08,0.17890861754782034,0.09600637615496038,-0.3012187768326827
ROS1-31-0009,2025-09-08,0.18451786065123466,0.0913264601717308,-0.3171035094993123
ROS1-32-0018,2025-09-08,0.20924312112434107,0.09249195611693357,-0.316514180919512
ROS1-37-0049,2025-09-08,0.1946130276014036,0.14096052056685332,-0.33668484234116763
ROS1-19-0026,2025-09-08,0.21076138796387278,0.11512214779957433,-0.3139701536614697
ROS1-20-0010,2025-09-08,0.21512828211025778,0.11516719680429688,-0.31559499110351835
ROS1-25-0008,2025-09-08,0.18607417271872304,0.10372389751761162,-0.309541477800275
ROS1-26-0031,2025-09-08,0.2644185556948484,0.10497994479968556,-0.34195118388932894
ROS1-27-0009,2025-09-08,0.2383025243628008,0.13213374751157902,-0.3572466645032249
ROS1-30-0001,2025-09-08,0.18530688936766565,0.08730778940799244,-0.3039683458138006
ROS1-32-0022,2025-09-08,0.18656828215501445,0.12424584153017243,-0.32189654839501186
ROS1-37-0025,2025-09-08,0.29314183091760115,0.20930366999047836,-0.41474800031356723
ROS1-19-0022,2025-09-08,0.8890017555128973,0.8688053347518819,-0.7668231336584017
ROS1-21-0034,2025-09-08,0.6227150154725247,0.4041642365362248,-0.6268122584863682
ROS1-25-0016,2025-09-08,0.21968499964645707,0.12004054532123494,-0.34099229596180897
ROS1-26-0006,2025-09-08,0.26919890990584566,0.12922054473416883,-0.3615036040668831
ROS1-30-0006,2025-09-08,0.1935605382076299,0.1276656943976934,-0.3354726466272754
ROS1-31-0038,2025-09-08,0.23645669263384414,0.13463794783649952,-0.4325434560005948
ROS1-19-0041,2025-09-24,0.2188922294438203,0.07657650294460751,-0.32678608083365734
ROS1-25-0017,2025-09-24,0.23932743783519844,0.13696350792648274,-0.3258510486015955
ROS1-26-0027,2025-09-24,0.16823602776599592,0.08992781135885178,-0.2969425403222529
ROS1-31-0009,2025-09-24,0.18180554256689063,0.07939585789501821,-0.3209835189838793
ROS1-32-0018,2025-09-24,0.20217171552161695,0.08734418414256093,-0.31586484941888243
ROS1-37-0049,2025-09-24,0.1910616963151492,0.13203617915062069,-0.33444374175991953
ROS1-19-0026,2025-09-24,0.2044665587788982,0.09636742268303732,-0.30809941523916023
ROS1-20-0010,2025-09-24,0.2061583589057144,0.08963627018035304,-0.3209953963820621
ROS1-25-0008,2025-09-24,0.18602709627089475,0.09734210586558896,-0.3077490150213368
ROS1-26-0031,2025-09-24,0.2337351859868245,0.09308957401889911,-0.3285101657500847
ROS1-27-0009,2025-09-24,0.23307236892142913,0.13670014197126673,-0.36398050327401715
ROS1-30-0001,2025-09-24,0.2369319836789206,0.10629913341861658,-0.3617227014003299
ROS1-31-0024,2025-09-24,0.17800415553751026,0.07254894179435403,-0.3074068245283201
ROS1-32-0022,2025-09-24,0.18682631152527385,0.12702124410758323,-0.32745849486217005
ROS1-37-0025,2025-09-24,0.2812888495382056,0.1787082693091075,-0.401311726435946
ROS1-38-0002,2025-09-24,0.22130569970370778,0.15411878388991337,-0.3656931412672108
ROS1-19-0022,2025-09-24,0.8457589319107267,0.7420304473738054,-0.6954425194414442
ROS1-21-0034,2025-09-24,0.35452262063408396,0.2370437576666085,-0.47221954648969744
ROS1-25-0016,2025-09-24,0.21240487926582438,0.1069964249060149,-0.33310800076723207
ROS1-26-0006,2025-09-24,0.22031828195963613,0.10372802721817845,-0.33839207461663817
ROS1-30-0006,2025-09-24,0.19545919991868357,0.10885050410060841,-0.3312222527422407
ROS1-31-0038,2025-09-24,0.19409582811101436,0.07676851439068554,-0.3312851276102438
ROS1-30-0009,2025-04-01,0.5816786426164098,0.3498034529843059,-0.5478010652706622
ROS1-18-0007,2025-04-01,0.4908350452812274,0.23524952210134356,-0.48530192605306566
ROS1-25-0008,2025-04-01,0.37320730901627297,0.14763134895711533,-0.437481725879255
ROS1-30-0001,2025-04-01,0.35083960862661984,0.2021244239568585,-0.4414539147223515
ROS1-30-0006,2025-04-01,0.42815233446111184,0.1475138701448002,-0.39988472336231107
ROS1-18-0029,2025-04-17,0.2423593805096637,0.11660736585972119,-0.3219740007369646
ROS1-24-0003,2025-04-17,0.5327381153590288,0.3194412832572277,-0.5308381702339575
ROS1-30-0009,2025-04-17,0.8224943587571063,0.5983489222138245,-0.7208750917107535
ROS1-18-0007,2025-04-17,0.7872480914453827,0.5338909981934311,-0.6864427879448632
ROS1-24-0026,2025-04-17,0.8287728555745433,0.6061751301780679,-0.7321914074918977
ROS1-25-0008,2025-04-17,0.4896296710435502,0.28235253263604676,-0.497177112222525
ROS1-30-0001,2025-04-17,0.46477385993884135,0.25332398019415214,-0.48287505631376143
ROS1-30-0006,2025-04-17,0.6652425327967214,0.42079900226542427,-0.6265721261739092
ROS1-18-0029,2025-05-03,0.29691314783198014,0.15579693390658053,-0.3702365970593644
ROS1-25-0008,2025-05-03,0.6409047957271282,0.37125126975083156,-0.6063678211589757
ROS1-30-0006,2025-05-03,0.7210526093558599,0.5048775700457377,-0.6592449033644806
ROS1-18-0029,2025-05-19,0.5806086845956162,0.29143561874770996,-0.5232661130971378
ROS1-24-0003,2025-05-19,0.6127091103737864,0.4113888165272739,-0.5757095983810703
ROS1-18-0007,2025-05-19,0.9258427819588504,0.873113486400703,-0.8251553355711223
ROS1-24-0026,2025-05-19,0.8069174491958759,0.7442910053236012,-0.7341583880779681
ROS1-18-0029,2025-06-04,0.5861622055158174,0.4065874804847754,-0.5647482960789328
ROS1-24-0003,2025-06-04,0.3410344881214972,0.21542862592314674,-0.4455525170024242
ROS1-30-0009,2025-06-04,0.7222519595029512,0.4540427583576571,-0.6997426691171581
ROS1-18-0007,2025-06-04,0.6923171936174682,0.45149202929836635,-0.6806442502730702
ROS1-24-0026,2025-06-04,0.8536116185465964,0.5990083699501978,-0.7860499087800992
ROS1-25-0008,2025-06-04,0.34782638352080264,0.2216459302136378,-0.4545453054741867
ROS1-30-0001,2025-06-04,0.5595361270846505,0.3173140622482894,-0.5575888350529352
ROS1-30-0006,2025-06-04,0.7607181956742064,0.48657641898137033,-0.7143919195536806
ROS1-24-0003,2025-07-06,0.2443336671262161,0.15407322512325666,-0.34848165988188495
ROS1-30-0009,2025-07-06,0.25150536820667,0.1479613144020709,-0.3828611649692392
ROS1-18-0007,2025-07-06,0.27496326868319065,0.15033245822517752,-0.41956652670900696
ROS1-24-0026,2025-07-06,0.26825728120481984,0.1466934861429339,-0.41397750585713244
ROS1-25-0008,2025-07-06,0.21445258918358226,0.1347620823221499,-0.32995565657024944
ROS1-30-0001,2025-07-06,0.3448230349403712,0.17569568115268736,-0.44987213772819346
ROS1-30-0006,2025-07-06,0.28182349418978386,0.14955995681817377,-0.4186467037025591
ROS1-24-0003,2025-07-22,0.20925757331318873,0.12404413521265129,-0.32541847763613874
ROS1-18-0007,2025-07-22,0.2446109611599746,0.17382931110207717,-0.382357010900712
ROS1-24-0026,2025-07-22,0.29590075384918463,0.21080266820846377,-0.4610343138429304
ROS1-30-0001,2025-07-22,0.28060588886641885,0.13620058719382905,-0.39481075535850013
ROS1-30-0006,2025-07-22,0.26147937434318536,0.16377112732758894,-0.4050363638892171
ROS1-18-0029,2025-08-07,0.35310421974366474,0.21685938225013945,-0.4547561019564997
ROS1-24-0003,2025-08-07,0.19312063079167927,0.11062505853891992,-0.3122096202466616
ROS1-30-0009,2025-08-07,0.19203317050983537,0.09347571373084736,-0.3132607692794625
ROS1-18-0007,2025-08-07,0.19360172223296107,0.0884137296246487,-0.2907136971906561
ROS1-24-0026,2025-08-07,0.20117876350748884,0.10996059434254227,-0.3339380855848478
ROS1-25-0008,2025-08-07,0.18535242073318078,0.1071631328964014,-0.3122549426299244
ROS1-30-0001,2025-08-07,0.24067924713274316,0.12598190579430235,-0.3730806019973112
ROS1-30-0006,2025-08-07,0.19411779104014346,0.12461603444615484,-0.3466849773528765
ROS1-18-0029,2025-08-23,0.31571399715514536,0.18693167055206253,-0.43215928203055737
ROS1-24-0003,2025-08-23,0.2069099137103428,0.10934103867041507,-0.3331130501121835
ROS1-30-0009,2025-08-23,0.1887504637412337,0.10041277975774296,-0.31013550267599194
ROS1-18-0007,2025-08-23,0.18706123478367429,0.07948273539866936,-0.29207429424218684
ROS1-24-0026,2025-08-23,0.19191440585710717,0.1028423540562464,-0.31974528447167666
ROS1-25-0008,2025-08-23,0.19217812974365453,0.10673306456420584,-0.31600302827857407
ROS1-30-0001,2025-08-23,0.22959122193511455,0.11050240481353277,-0.3560602400555487
ROS1-30-0006,2025-08-23,0.19990302977688074,0.12687845193348848,-0.34132750231768927
ROS1-18-0029,2025-09-08,0.29316141195797185,0.18174149863192704,-0.42390825356604855
ROS1-25-0008,2025-09-08,0.18701494581088335,0.1040522999343785,-0.3108046641457967
ROS1-30-0001,2025-09-08,0.19159572220603183,0.09372102427702729,-0.31691702903084606
ROS1-30-0006,2025-09-08,0.19410171616704383,0.12817521590299344,-0.335724508574889
ROS1-18-0029,2025-09-24,0.2779304814330473,0.1414197807418186,-0.37672227495784905
ROS1-24-0003,2025-09-24,0.20346996197681544,0.10078639847474422,-0.32389473297317883
ROS1-30-0009,2025-09-24,0.19614502094075853,0.08545399494628408,-0.3116310664367901
ROS1-18-0007,2025-09-24,0.18796265332493617,0.07518454206091235,-0.28816642136030124
ROS1-24-0026,2025-09-24,0.19197586751066664,0.0963315973511939,-0.3156768030931114
ROS1-25-0008,2025-09-24,0.1860923164923146,0.09735622697275499,-0.3073501370121371
ROS1-30-0001,2025-09-24,0.23786471245605625,0.10666297000189126,-0.3624131340538855
ROS1-30-0006,2025-09-24,0.19552045547976696,0.10897259933409315,-0.3307648463990805
ROS1-18-0029,2025-10-10,0.4284791662875165,0.1567596141062356,-0.4111218922668544
ROS1-22-0011,2025-04-24,0.27263093833378693,0.0970451324343552,-0.32040523730063714
ROS1-28-0006,2025-06-11,0.4135117275846313,0.24075308444938315,-0.43578001435587665
ROS1-29-0006,2025-06-11,0.32866006106559326,0.1352081549743252,-0.3296235415093388
ROS1-22-0032,2025-06-11,0.418598080269115,0.20253470086156333,-0.4191950133357905
ROS1-28-0006,2025-06-27,0.6552882868869792,0.4268042927149762,-0.5744256280936502
ROS1-22-0032,2025-06-27,0.6073646736751454,0.33615931960324247,-0.5340551868729034
ROS1-28-0006,2025-07-13,0.7039857845210413,0.45315212922291304,-0.6183952575765415
ROS1-29-0006,2025-07-13,0.7274754014252125,0.4621259681967968,-0.6368212727870118
ROS1-22-0032,2025-07-13,0.7298844144349457,0.4727247938479917,-0.6631195752621336
ROS1-28-0006,2025-07-29,0.7194894726278327,0.4526710419191381,-0.6331372276568996
ROS1-29-0006,2025-07-29,0.8003985857922465,0.5269029266022708,-0.6994847323197946
ROS1-22-0032,2025-07-29,0.7992548074830043,0.5098117386446339,-0.704540419988245
ROS1-28-0006,2025-08-14,0.49595188251355365,0.3042492776006803,-0.4795000373544101
ROS1-22-0032,2025-08-14,0.6773846802179155,0.3493189608392552,-0.5904038908917463
ROS1-28-0006,2025-08-30,0.2960141557676391,0.14702671997690073,-0.384200579322416
ROS1-29-0006,2025-08-30,0.6727276592264932,0.35617952349743554,-0.6221733794344624
ROS1-22-0032,2025-08-30,0.44535724413651384,0.19696117832773608,-0.4382483780770657
ROS1-28-0006,2025-09-15,0.26347259034856707,0.12545919596423102,-0.38139664295496284
ROS1-29-0006,2025-09-15,0.5696265975600294,0.2834174615203182,-0.5493938195805634
ROS1-22-0032,2025-09-15,0.28733101524453725,0.11226908970133292,-0.3782955169364447
ROS1-28-0006,2025-10-01,0.25200202786879394,0.10541417018006434,-0.37322714852854144
ROS1-29-0006,2025-10-01,0.42446801663870143,0.17294626708555985,-0.5007986297000957
ROS1-22-0032,2025-10-01,0.2647647681832469,0.10425032210956864,-0.3905129259455352
ROS1-29-0006,2025-10-17,0.42135344104234795,0.10606131655595251,-0.48549869419330005
ROS1-15-0009,2025-04-24,0.7347136648172297,0.48234010956536144,-0.6701680151333781
ROS1-27-0006,2025-04-24,0.5192765912046619,0.3081083591607147,-0.5073439210237535
ROS1-33-0014,2025-04-24,0.28012730462147173,0.14770641761504377,-0.3684885432916821
ROS1-15-0016,2025-04-24,0.35208597735055064,0.17568083182818559,-0.40632710519280796
ROS1-21-0013,2025-04-24,0.24041045253005267,0.0909023760166196,-0.3087670000387554
ROS1-22-0011,2025-04-24,0.27199826591503,0.09609268643621821,-0.32038052710416665
ROS1-26-0031,2025-04-24,0.24468081188553506,0.11160884702876216,-0.30649769075771766
ROS1-27-0009,2025-04-24,0.23072875514020688,0.10171375143118971,-0.31478805859344805
ROS1-26-0006,2025-04-24,0.23425803671136178,0.08851883325297111,-0.3176442351686086
ROS1-27-0004,2025-04-24,0.6084467403156384,0.4140929167384477,-0.5665302153828428
ROS1-15-0009,2025-06-11,0.6652715858212318,0.4439165482567119,-0.6525967864206509
ROS1-21-0016,2025-06-11,0.6047856878461892,0.3767327467892585,-0.5607293428189926
ROS1-22-0016,2025-06-11,0.32478644226192005,0.15500353523801466,-0.3632029447028322
ROS1-27-0006,2025-06-11,0.4016601485725112,0.22286908868401364,-0.4858317507649736
ROS1-33-0014,2025-06-11,0.5075532125620564,0.281533989835419,-0.5203424289212183
ROS1-15-0016,2025-06-11,0.3255938764729035,0.18176468087739459,-0.4161431426272312
ROS1-21-0013,2025-06-11,0.5661871636236766,0.3552561744505302,-0.553970070530823
ROS1-22-0011,2025-06-11,0.48540921063845516,0.27940775822571046,-0.478826973612363
ROS1-26-0031,2025-06-11,0.24329719529654467,0.11487270476599803,-0.30791062344748593
ROS1-27-0009,2025-06-11,0.4169398225371713,0.25133971735801003,-0.47585395174326783
ROS1-28-0017,2025-06-11,0.25231745214127255,0.11345646495493111,-0.30839845835823415
ROS1-15-0014,2025-06-11,0.3251082954645343,0.2212251012380475,-0.40355101037494157
ROS1-21-0034,2025-06-11,0.46791140130016984,0.28621152918829357,-0.4780672451981217
ROS1-22-0032,2025-06-11,0.4194601326433319,0.20222250216200827,-0.4210395129949399
ROS1-27-0004,2025-06-11,0.3840343740590532,0.23402013929941687,-0.4869663407589588
ROS1-28-0029,2025-06-11,0.7697464434349975,0.5267144650345474,-0.6952921731110717
ROS1-15-0009,2025-06-27,0.43206283880777896,0.24041743181656494,-0.5457459812489147
ROS1-21-0016,2025-06-27,0.2783493141559949,0.23384771295632065,-0.35600556304620473
ROS1-33-0014,2025-06-27,0.6797654892229913,0.5028604541321959,-0.6453914809112482
ROS1-15-0016,2025-06-27,0.28232563368135155,0.15337218385553059,-0.3805253692904239
ROS1-21-0013,2025-06-27,0.6235559675838251,0.3835100007775235,-0.6115455762786554
ROS1-22-0011,2025-06-27,0.733201083568612,0.5079147293829969,-0.6690679048454722
ROS1-26-0031,2025-06-27,0.28972275339720843,0.11170412329174251,-0.3456982156076604
ROS1-21-0034,2025-06-27,0.574245588374765,0.42055927897262596,-0.559030016526961
ROS1-22-0032,2025-06-27,0.6044285445069772,0.3420619178596901,-0.5354929739585732
ROS1-27-0004,2025-06-27,0.2917963034544871,0.16346910259118988,-0.43273285606137635
ROS1-21-0016,2025-07-13,0.3022956578674788,0.19953439712058355,-0.41632746643227464
ROS1-22-0016,2025-07-13,0.5987056913050381,0.36735171282571216,-0.5789106352494381
ROS1-27-0006,2025-07-13,0.2116006482184656,0.10654661333354276,-0.32630687531114766
ROS1-33-0014,2025-07-13,0.37621399445096637,0.19929579459157415,-0.4517327955394231
ROS1-15-0016,2025-07-13,0.2638561103302273,0.1386462638848656,-0.34879365511330085
ROS1-21-0013,2025-07-13,0.4155451696496554,0.2066110700737996,-0.453540560488344
ROS1-22-0011,2025-07-13,0.631874917961322,0.33778542116473553,-0.6051270496625084
ROS1-26-0031,2025-07-13,0.3925817826965033,0.18709967999688087,-0.43700782000604216
ROS1-27-0009,2025-07-13,0.35034677060038627,0.1979131027244522,-0.43234766892679033
ROS1-28-0017,2025-07-13,0.264881025302985,0.13585405931671557,-0.3414992507642355
ROS1-15-0014,2025-07-13,0.6136415603001746,0.4296672540130028,-0.5984429656497696
ROS1-21-0034,2025-07-13,0.624466708412557,0.3888341459096334,-0.6150387959197451
ROS1-22-0032,2025-07-13,0.731882467938518,0.4732092308059287,-0.6650010784263509
ROS1-27-0004,2025-07-13,0.2064102885960519,0.14701366904256888,-0.343253907890623
ROS1-28-0029,2025-07-13,0.2324354804940465,0.1502624515528832,-0.3848817266228267
ROS1-15-0009,2025-07-29,0.2697966118828254,0.14766855549488156,-0.38711832542351043
ROS1-21-0016,2025-07-29,0.21451785569311768,0.08405025514010524,-0.3023322581640794
ROS1-22-0016,2025-07-29,0.7334244943858853,0.49963791781938494,-0.666372147273278
ROS1-27-0006,2025-07-29,0.2109273726775415,0.1163302718395234,-0.3192515597598012
ROS1-33-0014,2025-07-29,0.39778810271095066,0.2118475576155081,-0.4610840094256902
ROS1-15-0016,2025-07-29,0.22322244655889614,0.10136302784238937,-0.31306276280601203
ROS1-21-0013,2025-07-29,0.43413908796928735,0.21919658165449135,-0.4526535200742364
ROS1-22-0011,2025-07-29,0.679335693432961,0.35085133383339034,-0.6293709762641649
ROS1-26-0031,2025-07-29,0.32011612330144246,0.1472569326794625,-0.3829517674255908
ROS1-27-0009,2025-07-29,0.37543902365076026,0.21836608725869197,-0.44162930099655423
ROS1-28-0017,2025-07-29,0.2567748333535097,0.09906309672789923,-0.3502615253736208
ROS1-15-0014,2025-07-29,0.8712114518046954,0.7571865231398612,-0.7865110147725084
ROS1-21-0034,2025-07-29,0.7903741817239112,0.6000864402524646,-0.7246176507523764
ROS1-22-0032,2025-07-29,0.7975458143764148,0.5090754148905958,-0.7047208490326733
ROS1-27-0004,2025-07-29,0.220376511881867,0.1324247829336784,-0.33152076493131893
ROS1-28-0029,2025-07-29,0.21674435832815578,0.10637709917378396,-0.3318515432545626
ROS1-15-0009,2025-08-14,0.2731214084298605,0.15667177468477045,-0.4244427437375344
ROS1-15-0016,2025-08-14,0.228859776149667,0.10920818081346323,-0.3154393577700367
ROS1-22-0011,2025-08-14,0.5730269652364531,0.2900359714912696,-0.543753363608581
ROS1-27-0009,2025-08-14,0.35910153589433635,0.10095208276549238,-0.4663467481840121
ROS1-22-0032,2025-08-14,0.673101145414345,0.3480216345182164,-0.5888869922274262
ROS1-27-0004,2025-08-14,0.20597757915658949,0.13890150053331715,-0.3062253311551239
ROS1-15-0009,2025-08-30,0.2027181319310671,0.11337808824326405,-0.3372682088156998
ROS1-21-0016,2025-08-30,0.20890669263923747,0.08678029410932549,-0.31966345498600973
ROS1-22-0016,2025-08-30,0.44480789848608343,0.2180761163299164,-0.46757204672220126
ROS1-27-0006,2025-08-30,0.2108187126670228,0.09138632915713614,-0.3318777311270024
ROS1-33-0014,2025-08-30,0.27505943625849993,0.13603907113318103,-0.4105566305450733
ROS1-15-0016,2025-08-30,0.2225964623400017,0.09474994153631576,-0.32546406693731106
ROS1-21-0013,2025-08-30,0.22979787943675584,0.09635600908907022,-0.3418056635262522
ROS1-22-0011,2025-08-30,0.42527670002019674,0.18054482542540426,-0.45773287441945026
ROS1-26-0031,2025-08-30,0.24589379136649586,0.09877780528346157,-0.33929205260442324
ROS1-27-0009,2025-08-30,0.23866707814990945,0.1295513612144558,-0.36709891936009376
ROS1-28-0017,2025-08-30,0.22738663928641517,0.07682701816942991,-0.3401531577934216
ROS1-15-0014,2025-08-30,0.6240374798594202,0.4196798472081077,-0.6093743307223028
ROS1-21-0034,2025-08-30,0.614462841351905,0.3947446055945715,-0.6267462855399442
ROS1-22-0032,2025-08-30,0.4457175041286437,0.19695819548423435,-0.43949905850757126
ROS1-27-0004,2025-08-30,0.2246276528394952,0.12915622372762178,-0.3335931036781454
ROS1-28-0029,2025-08-30,0.21231928715437742,0.10313569122853432,-0.34549886757356224
ROS1-21-0016,2025-09-15,0.21292699131482332,0.08628939910729555,-0.315724140535032
ROS1-22-0016,2025-09-15,0.314495352417183,0.13178215752474334,-0.39654303321528833
ROS1-15-0016,2025-09-15,0.21844009289368027,0.12632315034900507,-0.30006824274050853
ROS1-21-0013,2025-09-15,0.22494756769305724,0.09110313142298437,-0.3264890071787195
ROS1-22-0011,2025-09-15,0.32305460500563665,0.12569437100658906,-0.4031039069575052
ROS1-27-0009,2025-09-15,0.23032219778237878,0.12988979275958698,-0.35508963308959307
ROS1-28-0017,2025-09-15,0.23088848180444288,0.08602007902241512,-0.3406096695915512
ROS1-15-0014,2025-09-15,0.47269136522649086,0.29552660200210407,-0.5347596548583734
ROS1-21-0034,2025-09-15,0.6028299880349776,0.39498740982301245,-0.6300534636667918
ROS1-22-0032,2025-09-15,0.2869279821722348,0.11246451236720373,-0.37738165674210805
ROS1-27-0004,2025-09-15,0.2168772319820918,0.10844747529199686,-0.3237774558867214
ROS1-28-0029,2025-09-15,0.19450653081507713,0.0970609691989492,-0.3268075735773914
ROS1-21-0016,2025-10-01,0.20119754603339593,0.08365646059923362,-0.30830281248324165
ROS1-22-0016,2025-10-01,0.28170858642683866,0.1498340277819112,-0.4084991375091225
ROS1-27-0006,2025-10-01,0.1976566492090614,0.08286505375121823,-0.30958491840299984
ROS1-33-0014,2025-10-01,0.2371958608681138,0.10224697353832586,-0.38046545650529845
ROS1-22-0011,2025-10-01,0.26932258648804547,0.10827140415472514,-0.38531658279369496
ROS1-26-0031,2025-10-01,0.21930801319469556,0.058357771326969295,-0.2895813429566116
ROS1-27-0009,2025-10-01,0.2087389609656711,0.10531663170085073,-0.3376002399505363
ROS1-28-0017,2025-10-01,0.21853366711586522,0.07753255215915383,-0.33447837488340026
ROS1-21-0034,2025-10-01,0.2938856705254872,0.2034111363065709,-0.41294161314050487
ROS1-22-0032,2025-10-01,0.26442669853692813,0.10375652424921136,-0.390233728385523
ROS1-27-0004,2025-10-01,0.20845731501185982,0.09526368751458422,-0.31850430699280763
ROS1-28-0029,2025-10-01,0.1976400376614103,0.098514267549134,-0.3336452389264457
ROS1-07-0045,2025-04-24,0.8820909691046062,0.711559124821037,-0.7932326983297279
ROS1-08-0010,2025-04-24,0.27369970335952426,0.12266274829287391,-0.33150070671562404
ROS1-07-0012,2025-04-24,0.8604772174345218,0.7037242078860525,-0.7775803586049852
ROS1-19-0041,2025-04-24,0.32847646157137994,0.14589906936184688,-0.3807215638936479
ROS1-25-0017,2025-04-24,0.24842797445319528,0.11698428862875061,-0.32656951338273826
ROS1-26-0027,2025-04-24,0.7359391116255464,0.4882832745943707,-0.680116082470916
ROS1-07-0011,2025-04-24,0.4141042723914049,0.23275506056173004,-0.4422398081813121
ROS1-19-0026,2025-04-24,0.4412718043766805,0.24669496189668258,-0.4604788814485844
ROS1-20-0010,2025-04-24,0.5281149045687125,0.30720355193098997,-0.5377139073370447
ROS1-19-0022,2025-04-24,0.34060880307434915,0.15761278687650998,-0.3728007368604172
ROS1-26-0006,2025-04-24,0.2438296834341746,0.09977685930191314,-0.3322007562292864
ROS1-07-0045,2025-06-11,0.37106878967827917,0.22447832903474454,-0.5290109830781037
ROS1-08-0010,2025-06-11,0.6504444880266157,0.39951964704709464,-0.5891701067345324
ROS1-12-0000,2025-06-11,0.3700472536659797,0.17016891777956583,-0.4174046149654427
ROS1-07-0012,2025-06-11,0.5167603510887675,0.33740736964535145,-0.5967151814287643
ROS1-18-0029,2025-06-11,0.5786415887385875,0.30062865668250155,-0.5612189246237267
ROS1-19-0041,2025-06-11,0.4345413914575457,0.22436991093176953,-0.4760542769944768
ROS1-20-0023,2025-06-11,0.24534345201736601,0.13892840916195767,-0.35104819253522573
ROS1-25-0017,2025-06-11,0.2733340478433837,0.15037425054103037,-0.3317551978459019
ROS1-26-0027,2025-06-11,0.37156606531306685,0.2017671435520888,-0.5054204548981334
ROS1-07-0011,2025-06-11,0.3073504146137226,0.16613179015267773,-0.3908242106748733
ROS1-12-0004,2025-06-11,0.4440090990233023,0.19871320465329229,-0.5045426658148816
ROS1-19-0026,2025-06-11,0.3467552623920722,0.222373467694656,-0.4660104090673483
ROS1-20-0010,2025-06-11,0.42207163541014436,0.24054009664266035,-0.5146985663702957
ROS1-19-0022,2025-06-11,0.25503175902368636,0.08627153503038784,-0.2908671090444332
ROS1-20-0007,2025-06-11,0.2474476555717048,0.12420187338773371,-0.3353420892198899
ROS1-26-0006,2025-06-11,0.2505046808064967,0.1275297122444207,-0.3296940815856032
ROS1-07-0045,2025-06-27,0.2649623897045744,0.13108440714180666,-0.41520253568027193
ROS1-08-0010,2025-06-27,0.7567644405795529,0.5699425825281711,-0.6755826743263723
ROS1-12-0000,2025-06-27,0.4663218055793635,0.24613601478196065,-0.4854948410063101
ROS1-07-0012,2025-06-27,0.34280775269501307,0.17401944012861598,-0.4627660087547617
ROS1-18-0029,2025-06-27,0.7697968105700045,0.6115344992075463,-0.697939645243402
ROS1-19-0041,2025-06-27,0.45849145208499015,0.2603410673144041,-0.5060711963269423
ROS1-20-0023,2025-06-27,0.3420414672765026,0.18838580230835653,-0.4243980823090406
ROS1-25-0017,2025-06-27,0.292713642078069,0.17403823682416783,-0.36795093230430936
ROS1-26-0027,2025-06-27,0.25217963781717284,0.12844632646699797,-0.3904080208912281
ROS1-07-0011,2025-06-27,0.37820526226684636,0.21761155558630133,-0.4361393426557137
ROS1-12-0004,2025-06-27,0.5101650198209631,0.31041318045596084,-0.5648538040406605
ROS1-19-0026,2025-06-27,0.31134357454322403,0.17341541806444788,-0.4701882944088719
ROS1-20-0010,2025-06-27,0.43320103706929375,0.15097400392796861,-0.4970488472725774
ROS1-19-0022,2025-06-27,0.22140415789536738,0.11806726645949674,-0.31018643143639774
ROS1-20-0007,2025-06-27,0.2937301019326127,0.14832126399941328,-0.39602309743493264
ROS1-26-0006,2025-06-27,0.3590669083686614,0.1907810063991099,-0.4200434361102974
ROS1-07-0045,2025-07-13,0.208118966545725,0.13283682793477194,-0.33556553740942174
ROS1-08-0010,2025-07-13,0.45474472101608776,0.2524000453164627,-0.47398909501312103
ROS1-12-0000,2025-07-13,0.3185193421645805,0.16297391416775583,-0.38307835542939433
ROS1-07-0012,2025-07-13,0.2587480515274125,0.16908090464627495,-0.37895120560480056
ROS1-18-0029,2025-07-13,0.47878966056085087,0.3122268741857187,-0.5113723202871973
ROS1-19-0041,2025-07-13,0.2998008318391012,0.15314040492156372,-0.38126375292689546
ROS1-20-0023,2025-07-13,0.46666983090351327,0.2857209845469501,-0.5167319646516175
ROS1-25-0017,2025-07-13,0.2518610451451852,0.1497746588453779,-0.3314052199075381
ROS1-26-0027,2025-07-13,0.20531957710378548,0.12487182456685596,-0.348255747222041
ROS1-07-0011,2025-07-13,0.23672679499622376,0.13325991023671865,-0.3281694198824578
ROS1-12-0004,2025-07-13,0.3215497415123057,0.15791844209792585,-0.4051088798063794
ROS1-19-0026,2025-07-13,0.22257168995952567,0.12421911013363701,-0.3537378573835785
ROS1-20-0010,2025-07-13,0.2556871623199355,0.1574786862413885,-0.37803634812505227
ROS1-19-0022,2025-07-13,0.3718175247558073,0.1382159786956925,-0.40540832763192775
ROS1-20-0007,2025-07-13,0.41250485266770726,0.2512230250187657,-0.47068799379362014
ROS1-26-0006,2025-07-13,0.36964903290079926,0.1814036311621764,-0.43161288906648154
ROS1-07-0045,2025-07-29,0.2130258041903345,0.06741728947651182,-0.2957146660928813
ROS1-08-0010,2025-07-29,0.5024234881970214,0.285470370900019,-0.5011745260428422
ROS1-12-0000,2025-07-29,0.2035932147521213,0.09535751595870463,-0.3021043314956485
ROS1-07-0012,2025-07-29,0.2544840409206617,0.17077425844658342,-0.3881635591458378
ROS1-18-0029,2025-07-29,0.3866700016148951,0.2331466224202718,-0.48127989492116874
ROS1-19-0041,2025-07-29,0.29857259666823377,0.1518404255173209,-0.3771356185981803
ROS1-20-0023,2025-07-29,0.38246730805048246,0.21026807808265147,-0.4596575270356486
ROS1-25-0017,2025-07-29,0.2770176042282925,0.14521193684328446,-0.356581181170318
ROS1-26-0027,2025-07-29,0.1959352200413898,0.12433370469138628,-0.338635740047271
ROS1-07-0011,2025-07-29,0.21274160366346825,0.11947618774806444,-0.3176262258669297
ROS1-12-0004,2025-07-29,0.2994499615453774,0.15976060418167487,-0.38495204390772075
ROS1-19-0026,2025-07-29,0.22145508548909207,0.1212311241746685,-0.34330977778853794
ROS1-20-0010,2025-07-29,0.21345582842118155,0.1198943139123607,-0.34063756720255545
ROS1-19-0022,2025-07-29,0.7836848374130106,0.5120853425052747,-0.684104549506433
ROS1-20-0007,2025-07-29,0.3216972243056195,0.1745229474938178,-0.41501656897989914
ROS1-26-0006,2025-07-29,0.37357994854738413,0.182560251443987,-0.44005382569347384
ROS1-08-0010,2025-08-14,0.4447211074450986,0.23671948981044744,-0.4662488395719334
ROS1-20-0023,2025-08-14,0.3316980639231284,0.17916892529097636,-0.41717935016632407
ROS1-26-0027,2025-08-14,0.18273498161528237,0.10372719800395777,-0.31280147781507855
ROS1-07-0011,2025-08-14,0.19967323167675716,0.10271494617137872,-0.30044145763658925
ROS1-20-0010,2025-08-14,0.2117259701626297,0.08709024273029344,-0.32723938758732485
ROS1-20-0007,2025-08-14,0.2879023684268923,0.15619732159736993,-0.38561951606672484
ROS1-26-0006,2025-08-14,0.371596512355937,0.1947740753218496,-0.4316159721513465
ROS1-07-0045,2025-08-30,0.1994584874493134,0.06429355328252923,-0.2760982543527016
ROS1-08-0010,2025-08-30,0.3911983059896475,0.21472878822403374,-0.4298006720827568
ROS1-12-0000,2025-08-30,0.18047914501377219,0.07823343181267498,-0.2818301285184007
ROS1-07-0012,2025-08-30,0.2323200310476508,0.13587592836721435,-0.34384321471204454
ROS1-18-0029,2025-08-30,0.28656968527812965,0.16780887333263167,-0.4049418747104131
ROS1-20-0023,2025-08-30,0.2643953747831559,0.14323901452081347,-0.3683043420618572
ROS1-26-0027,2025-08-30,0.17144334780450313,0.09219778114117524,-0.3027036596755098
ROS1-07-0011,2025-08-30,0.19415734880773075,0.10665639272743975,-0.3033604698094571
ROS1-12-0004,2025-08-30,0.23748130695306102,0.1254821150649638,-0.34605153693751856
ROS1-19-0026,2025-08-30,0.22039410251000402,0.09988445576571141,-0.33006473573460193
ROS1-20-0010,2025-08-30,0.20401274299069674,0.10208802743269449,-0.31862637596041427
ROS1-19-0022,2025-08-30,0.8697499490422503,0.7988977198503762,-0.7742839682566167
ROS1-20-0007,2025-08-30,0.2544307192950954,0.13773833436227387,-0.35888216945604356
ROS1-26-0006,2025-08-30,0.28302922502405475,0.14065156181144375,-0.37455749339546546
ROS1-07-0045,2025-09-15,0.1868627380612494,0.058459488225905396,-0.25474184887013596
ROS1-08-0010,2025-09-15,0.39605465553960334,0.19164811999293274,-0.45437296866513754
ROS1-12-0000,2025-09-15,0.18947974796885844,0.07193049234909817,-0.2959967871421003
ROS1-07-0012,2025-09-15,0.23909168330595595,0.13958285473328763,-0.3507356708208991
ROS1-18-0029,2025-09-15,0.28233851587955283,0.15582122816764135,-0.412579287816989
ROS1-19-0041,2025-09-15,0.23005552903012266,0.07584913830220343,-0.34680311703045397
ROS1-25-0017,2025-09-15,0.23948446764299272,0.1290156961891744,-0.3299120246966279
ROS1-26-0027,2025-09-15,0.16977498003081778,0.08950667338712516,-0.297349764837151
ROS1-07-0011,2025-09-15,0.18707386616382893,0.08845102157532736,-0.28896664685011775
ROS1-12-0004,2025-09-15,0.23716490231708692,0.124905383298229,-0.35708927878427466
ROS1-19-0026,2025-09-15,0.1997945905937258,0.1087841843851295,-0.30971223484080457
ROS1-20-0010,2025-09-15,0.2071211997667427,0.09363089006317032,-0.31683555939221175
ROS1-19-0022,2025-09-15,0.8711561348187987,0.7875683898374872,-0.7382190745813625
ROS1-26-0006,2025-09-15,0.24453388962135728,0.12005832573529057,-0.35251559870406873
ROS1-12-0000,2025-10-17,0.25889290790424513,0.08030835586088192,-0.3378440511782231
ROS1-18-0029,2025-10-17,0.45547785446397304,0.19956583727872362,-0.47735086999195964
ROS1-20-0023,2025-10-17,0.21779368997343368,0.11990068391394917,-0.3186959439556428
ROS1-12-0004,2025-10-17,0.22820126886912712,0.07473081437943845,-0.31156371330888594
ROS1-19-0026,2025-10-17,0.22112050740837394,0.0919490972146386,-0.3061765735949295
ROS1-01-0003,2025-04-24,0.23894646440509257,0.11143947950080249,-0.31086648368303543
ROS1-07-0011,2025-04-24,0.41694419910194386,0.23430460946313794,-0.44456829041760226
ROS1-18-0007,2025-04-24,0.8326735937019152,0.6146180976092932,-0.7474709262248487
ROS1-12-0000,2025-06-11,0.3685946087500694,0.1707757275718444,-0.4150928660072013
ROS1-01-0003,2025-06-11,0.3834274816283867,0.2178653696877447,-0.4378824345644145
ROS1-18-0029,2025-06-11,0.5792819685341284,0.30132387608616246,-0.5615818693734467
ROS1-07-0011,2025-06-11,0.3062851786297388,0.1658684060181904,-0.3898945139438185
ROS1-12-0004,2025-06-11,0.44814413753228605,0.19863811156189362,-0.5106287685017823
ROS1-18-0007,2025-06-11,0.5215384787623253,0.27555766920550895,-0.6129097463533688
ROS1-12-0000,2025-06-27,0.4675055707797016,0.24686947013241015,-0.4872584753381221
ROS1-01-0003,2025-06-27,0.6138573662168617,0.4399008929666222,-0.6051872952716914
ROS1-18-0029,2025-06-27,0.7700739026160223,0.6111284010094408,-0.6990610217668051
ROS1-07-0011,2025-06-27,0.381659407155414,0.2180804949525035,-0.44131327073912613
ROS1-12-0004,2025-06-27,0.5306450643623846,0.31853309972529903,-0.5793493805693406
ROS1-18-0007,2025-06-27,0.3180076433157057,0.13089488307801903,-0.4863679320677682
ROS1-12-0000,2025-07-13,0.3186134482375201,0.1630768744051137,-0.38318346078183435
ROS1-01-0003,2025-07-13,0.3504827822081794,0.19731399650495782,-0.4099049453051488
ROS1-18-0029,2025-07-13,0.4787206035142349,0.312573367099485,-0.5111226749648623
ROS1-07-0011,2025-07-13,0.23651098802599343,0.1333738151402578,-0.3275558817236078
ROS1-12-0004,2025-07-13,0.32201499784920645,0.15837274358046435,-0.40510875020339016
ROS1-18-0007,2025-07-13,0.2171892768834629,0.1509812625838405,-0.38434031673976576
ROS1-12-0000,2025-07-29,0.20300812118545256,0.0956619175610908,-0.3007390494774988
ROS1-01-0003,2025-07-29,0.3845249679807347,0.21950614663944265,-0.4345504982765892
ROS1-18-0029,2025-07-29,0.38679545704502527,0.23351968673636406,-0.4814425610822363
ROS1-07-0011,2025-07-29,0.2126820107769036,0.11954718331210279,-0.31771047026901
ROS1-12-0004,2025-07-29,0.3014023218894441,0.15978734285297116,-0.3878562453540502
ROS1-18-0007,2025-07-29,0.19997740033056147,0.10965314953112174,-0.3335038114223362
ROS1-07-0011,2025-08-14,0.199335846961469,0.10269364591516261,-0.300150658981936
ROS1-12-0004,2025-08-14,0.2900031503039212,0.09013864353168548,-0.33642870939538855
ROS1-12-0000,2025-08-30,0.1818532337492382,0.07867018487549544,-0.2836860177925071
ROS1-01-0003,2025-08-30,0.2108240726678659,0.08777031982248419,-0.2973250950024084
ROS1-18-0029,2025-08-30,0.2877739672211282,0.16803305506365482,-0.4070302241381629
ROS1-07-0011,2025-08-30,0.19519381933043625,0.10684862490387301,-0.30534641779843935
ROS1-12-0004,2025-08-30,0.2385320452811711,0.12577011682980674,-0.34755180130577557
ROS1-18-0007,2025-08-30,0.17602207502654849,0.07157425124815416,-0.28309757821434683
ROS1-12-0000,2025-09-15,0.18953205857840055,0.07215923762248536,-0.2947026557964716
ROS1-01-0003,2025-09-15,0.20339408951111781,0.09134627944240964,-0.30251408038599253
ROS1-18-0029,2025-09-15,0.28274560901600954,0.1563703674512661,-0.4119950559182412
ROS1-07-0011,2025-09-15,0.18558942677887696,0.08866433114854322,-0.28485429340461976
ROS1-12-0004,2025-09-15,0.23792120443149126,0.1253093192762426,-0.3574339334425095
ROS1-18-0007,2025-09-15,0.18435481499156608,0.06783563224075399,-0.2960821584708698
ROS1-12-0000,2025-10-17,0.24786133235428245,0.08002812571941079,-0.31610452399967637
ROS1-18-0029,2025-10-17,0.4536047462460494,0.20056814174439033,-0.4726271392124528
ROS1-12-0004,2025-10-17,0.22862296145394054,0.07487548634975902,-0.30986382940465274
ROS1-18-0007,2025-10-17,0.2159269012850342,0.06423512849805606,-0.31381957929998855
ROS1-22-0016,2025-04-15,0.2358308304950945,0.10095518336637077,-0.3034761074665887
ROS1-22-0016,2025-05-01,0.3401771037578628,0.1386921219929772,-0.3808777683937434
ROS1-22-0011,2025-05-01,0.2274033641787101,0.08863088465094937,-0.3136393544094566
ROS1-22-0011,2025-05-17,0.30244494875601796,0.14430938214383884,-0.3522068733546376
ROS1-29-0006,2025-06-02,0.23670640683847793,0.10346263189697341,-0.24392341257843447
ROS1-22-0011,2025-06-02,0.3012260260686175,0.11071070323030387,-0.2830794147723926
ROS1-29-0006,2025-08-05,0.7511370853900101,0.4141271738230824,-0.6747690572852552
ROS1-22-0011,2025-08-05,0.5997143284376399,0.2618815284505652,-0.5786214403279843
ROS1-29-0006,2025-08-21,0.5848291874408648,0.18353788205206606,-0.5334411136432992
ROS1-22-0011,2025-08-21,0.4712781944372195,0.20853803136576757,-0.47819700980717583
ROS1-29-0006,2025-09-22,0.4727405292488674,0.20579318472203426,-0.5133422921206987
ROS1-22-0011,2025-09-22,0.2928778626108512,0.10472849056239986,-0.3932790124942464
ROS1-15-0009,2025-04-15,0.5502090665851311,0.2987623816916801,-0.5320053544001603
ROS1-22-0016,2025-04-15,0.23462645915948965,0.10174193966024743,-0.30432282239217723
ROS1-15-0016,2025-04-15,0.2608350848127243,0.12479288291967769,-0.33997004971162714
ROS1-15-0014,2025-04-15,0.2721200540878112,0.18643821718543127,-0.42696507927677113
ROS1-15-0009,2025-05-01,0.7806137582541843,0.5359950651140732,-0.715706249951978
ROS1-22-0016,2025-05-01,0.3415240025862326,0.1391240093391655,-0.3830614337174351
ROS1-15-0016,2025-05-01,0.3836366720582193,0.19979590949306053,-0.4281954604752279
ROS1-22-0011,2025-05-01,0.22859406044704417,0.08912925570677921,-0.31565468576842853
ROS1-15-0014,2025-05-01,0.25063933260560406,0.1648868347062319,-0.3414273017284471
ROS1-15-0016,2025-05-17,0.4652113582204755,0.28075788151680264,-0.49067295718599824
ROS1-22-0011,2025-05-17,0.3031179557528276,0.14486390306368305,-0.35202082448875305
ROS1-15-0009,2025-06-02,0.830264944830681,0.5643841466226563,-0.7770311539071457
ROS1-22-0016,2025-06-02,0.2999090178899739,0.1411863124996181,-0.3333591807655537
ROS1-15-0016,2025-06-02,0.3538915622450618,0.1956234316236975,-0.43145121148873683
ROS1-22-0011,2025-06-02,0.31424726249464724,0.16105484601501333,-0.34764926660463563
ROS1-15-0014,2025-06-02,0.2920411577049197,0.19393045642486312,-0.3714684386269276
ROS1-15-0009,2025-07-04,0.3886506904680325,0.1726645173137097,-0.4979000872118717
ROS1-21-0016,2025-07-04,0.43375007355533046,0.23481455142805974,-0.5362226097841603
ROS1-15-0016,2025-07-04,0.25240588536557335,0.17808888415028812,-0.31093709087920174
ROS1-15-0009,2025-08-05,0.2712780718201284,0.173584237733268,-0.41711241618909517
ROS1-21-0016,2025-08-05,0.237107300593041,0.09350819113227826,-0.3509546800254137
ROS1-22-0016,2025-08-05,0.6727804544691479,0.38787090339609037,-0.6349035935301867
ROS1-15-0016,2025-08-05,0.23490225262436012,0.09154131785707727,-0.3455936286879276
ROS1-22-0011,2025-08-05,0.5996740422118088,0.26235008451982006,-0.578129318308061
ROS1-15-0014,2025-08-05,0.7932252587768064,0.5971570114281186,-0.7311989555327915
ROS1-15-0009,2025-08-21,0.22198729547912702,0.12034430168243365,-0.34780872661043294
ROS1-22-0016,2025-08-21,0.5461682799473826,0.2853559811512771,-0.5328372873887284
ROS1-15-0016,2025-08-21,0.23106506853368788,0.10413973886574203,-0.312590740913947
ROS1-22-0011,2025-08-21,0.4722756819699439,0.20879302113678994,-0.47847204010413913
ROS1-15-0014,2025-08-21,0.6881481850758214,0.4721944642786396,-0.6511029862757577
ROS1-15-0009,2025-09-06,0.21994546763399792,0.13289840904902592,-0.34060582276649615
ROS1-15-0009,2025-09-22,0.2031802740591884,0.11105171403132197,-0.3450585609809278
ROS1-22-0016,2025-09-22,0.30646686067830753,0.11636572821911356,-0.4076977039480854
ROS1-15-0016,2025-09-22,0.22781272883114412,0.08448462068937188,-0.3418919871488837
ROS1-22-0011,2025-09-22,0.29209406439275043,0.10501988894861052,-0.39022135296717236
ROS1-15-0014,2025-09-22,0.42260432557702715,0.248144076306886,-0.5245720691536101
ROS1-01-0015,2025-04-15,0.7857545700310841,0.5608090249717061,-0.6973108258314537
ROS1-02-0005,2025-04-15,0.2621403257139445,0.09745978556832481,-0.32760603315336706
ROS1-07-0045,2025-04-15,0.8335459222279199,0.5097212282995386,-0.7381683020249259
ROS1-08-0010,2025-04-15,0.28998570420065684,0.12147562496194773,-0.34663384650660917
ROS1-01-0003,2025-04-15,0.23045063758942896,0.0925315309230895,-0.2950407187743223
ROS1-07-0012,2025-04-15,0.7549970040816576,0.49877931200886655,-0.6821464329403696
ROS1-07-0011,2025-04-15,0.44218201468495816,0.23454031269588554,-0.4448645305135444
ROS1-01-0015,2025-05-01,0.8377075016990772,0.6823150111063612,-0.7511073329171714
ROS1-02-0005,2025-05-01,0.4701878836995125,0.22595487844322096,-0.4576374769415128
ROS1-07-0045,2025-05-01,0.8468625627606327,0.6252647881269855,-0.7765031545531563
ROS1-08-0010,2025-05-01,0.27407696890836186,0.11527492916466134,-0.35307547421790575
ROS1-01-0003,2025-05-01,0.22388136735195888,0.095862649958159,-0.31528185748682136
ROS1-07-0012,2025-05-01,0.8476840690237157,0.6602886022293282,-0.7739714339136338
ROS1-07-0011,2025-05-01,0.3420953110302591,0.18803476052782642,-0.39727823241371285
ROS1-08-0010,2025-06-02,0.5233950284000044,0.33936853946632667,-0.5158348120835532
ROS1-01-0003,2025-06-02,0.4497171534210182,0.2482317903062698,-0.46182343527337055
ROS1-07-0011,2025-06-02,0.4701871072258156,0.2597763535273131,-0.4796932815478344
ROS1-02-0005,2025-06-18,0.33784894782564145,0.20210341018843445,-0.451892335984644
ROS1-07-0045,2025-06-18,0.34630089749289733,0.18904465626323522,-0.4970334711139063
ROS1-08-0010,2025-06-18,0.6678127940189391,0.42352746152063203,-0.6141103038235958
ROS1-07-0011,2025-06-18,0.38244130258100967,0.19955973805276303,-0.4165803582274152
ROS1-01-0015,2025-07-04,0.2433682638157988,0.10557512875720013,-0.3597623290519852
ROS1-02-0005,2025-07-04,0.36968805997876514,0.20779460223367563,-0.45229181815246944
ROS1-07-0045,2025-07-04,0.23598185872010127,0.07692464494363709,-0.3587986672994835
ROS1-01-0003,2025-07-04,0.5865706626658098,0.36135634650224796,-0.594390291137529
ROS1-07-0011,2025-07-04,0.2909972621203053,0.15113206474933538,-0.3750479911584148
ROS1-01-0015,2025-08-05,0.239672834624439,0.17187016902170835,-0.3793241074423549
ROS1-02-0005,2025-08-05,0.21081947441705645,0.09400826533507095,-0.3142754720146817
ROS1-07-0045,2025-08-05,0.1247745612667392,0.006553464279983242,-0.0576688635047825
ROS1-08-0010,2025-08-05,0.36412711162094086,0.2076158031990477,-0.4088491726121385
ROS1-01-0003,2025-08-05,0.4927108435339684,0.2532746257370816,-0.4986409267182252
ROS1-07-0012,2025-08-05,0.25332988773274934,0.15376402206932938,-0.3800854704838169
ROS1-07-0011,2025-08-05,0.21516838782647676,0.1051221098572516,-0.31594651625192566
ROS1-01-0015,2025-08-21,0.20734474910135878,0.1404318360837178,-0.33254063600133144
ROS1-02-0005,2025-08-21,0.20734864456245738,0.08960103470086071,-0.300354198422463
ROS1-01-0003,2025-08-21,0.2770255337777487,0.12657016575388202,-0.3555852662897019
ROS1-07-0012,2025-08-21,0.23478218957380886,0.07931313562926486,-0.3405336953888444
ROS1-07-0011,2025-08-21,0.1770497638893435,0.04357235581836528,-0.25414117312929063
ROS1-02-0005,2025-09-06,0.26200607041818114,0.08728172082020777,-0.3683812409105309
ROS1-08-0010,2025-09-06,0.4469935699718471,0.20171381162353813,-0.4727525650857253
ROS1-01-0003,2025-09-06,0.1964774824161853,0.08727682315308229,-0.2980866594813742
ROS1-07-0012,2025-09-06,0.2401157273378838,0.148100085052184,-0.354214252803641
ROS1-01-0015,2025-09-22,0.19107101874250487,0.1059699294654363,-0.28453740220441665
ROS1-02-0005,2025-09-22,0.2214078185259147,0.08004424130057952,-0.32231850293049313
ROS1-07-0045,2025-09-22,0.20588454288416802,0.05295296765176792,-0.2780680411997892
ROS1-08-0010,2025-09-22,0.3941420864992763,0.14990021747912172,-0.45869802752276095
ROS1-01-0003,2025-09-22,0.21723970027262043,0.08413083048783677,-0.32207987393968207
ROS1-07-0012,2025-09-22,0.2517001343442541,0.12659087905284963,-0.3483834781250808
ROS1-07-0011,2025-09-22,0.19927285369916917,0.08047094715612711,-0.2991820641429325
ROS1-08-0010,2025-10-08,0.2747625919478424,0.1055972827004671,-0.34161837897836117
ROS1-01-0003,2025-10-08,0.18761244528052803,0.08033821219391948,-0.27161935791894626
ROS1-07-0011,2025-10-08,0.18196062157449147,0.08188964503674892,-0.2645228802313478
ROS1-02-0005,2025-10-24,0.3417924624365604,0.05891395705312474,-0.34033731211694895
ROS1-08-0010,2025-10-24,0.2584866507876607,0.1804415680953768,-0.3308191355554137
ROS1-01-0003,2025-04-15,0.23160695665067446,0.09269145612316075,-0.2982095370828067
ROS1-01-0003,2025-05-01,0.2260716919618478,0.09642360392928348,-0.3196663974013334
ROS1-01-0003,2025-06-02,0.4475395833576867,0.2473544661642885,-0.4601914993645938
ROS1-01-0003,2025-07-04,0.5852196678215487,0.36103654383545364,-0.5923822979602852
ROS1-01-0003,2025-08-05,0.49213070450958046,0.2529988654488326,-0.49827869008610515
ROS1-01-0003,2025-08-21,0.2771791107797604,0.12663352878515066,-0.35643571558517273
ROS1-01-0003,2025-09-06,0.20134903675585772,0.08739411737044135,-0.306233659946194
ROS1-01-0003,2025-09-22,0.21663014089763025,0.08392614676835888,-0.32088521578058943
ROS1-01-0003,2025-10-08,0.1860534528309027,0.08003046186788738,-0.2698225960279254
ROS1-01-0003,2025-10-24,0.19083353506011455,0.05361662863626729,-0.2346691207228312
