anon_polygon_id,date,landsat_ndvi,landsat_evi,landsat_ndwi
ROS1-50-0003,2025-05-29,0.7061948136685882,0.5752689483256953,-0.6774191351366706
ROS1-49-0001,2025-06-14,0.6061050990220345,0.37013186575700907,-0.6270928606008687
ROS1-50-0003,2025-06-14,0.5595870935819846,0.3398096671380512,-0.5995656618897532
ROS1-49-0002,2025-06-14,0.5546301263801598,0.33300389795233765,-0.5990678035029211
ROS1-49-0001,2025-06-30,0.40798781667496686,0.24767006400931427,-0.5158729020675136
ROS1-50-0003,2025-06-30,0.17655054480885513,0.16055188654757438,-0.23314522324935624
ROS1-49-0002,2025-06-30,0.3012331268891539,0.17349766077546927,-0.442698355980342
ROS1-49-0001,2025-07-16,0.2660133447309237,0.20661706061224802,-0.41055677203539126
ROS1-50-0003,2025-07-16,0.27669968310780063,0.17317255871469447,-0.43653903790858994
ROS1-49-0002,2025-07-16,0.2587509408771069,0.1672030578680049,-0.4061144382563383
ROS1-49-0001,2025-08-01,0.21244422652276965,0.12139014433464124,-0.32745420757533816
ROS1-49-0001,2025-08-17,0.13255355547844636,0.06512213353746485,-0.2538008288267223
ROS1-50-0003,2025-08-17,0.4085417376321796,0.2554976166972737,-0.4694830590258971
ROS1-49-0002,2025-08-17,0.15766392235086152,0.15866676882454175,-0.24759463337141183
ROS1-49-0001,2025-09-02,0.1631874490361769,0.0982738857705671,-0.30635900010309236
ROS1-50-0003,2025-09-02,0.37729909464735656,0.24197162895901034,-0.4515560596171635
ROS1-49-0002,2025-09-02,0.29289094695014584,0.19061176481433556,-0.40806342881749663
ROS1-49-0001,2025-10-04,0.1533142969237285,0.08918635414910293,-0.30235087983882947
ROS1-50-0003,2025-10-04,0.3396248872966141,0.21953438164328853,-0.4564289722611442
ROS1-49-0002,2025-10-04,0.3041109757818132,0.18960898301297643,-0.44340497124500355
ROS1-42-0010,2025-06-14,0.4720787369836693,0.24686128355295076,-0.5258926225827
ROS1-49-0001,2025-06-14,0.6029270372590735,0.3693892310479548,-0.6244689391812052
ROS1-42-0009,2025-06-14,0.2592253303207946,0.15353661740812452,-0.3844974953880318
ROS1-49-0002,2025-06-14,0.5551066570236848,0.33284300853028875,-0.6000895697809641
ROS1-42-0010,2025-06-30,0.2940652893239109,0.1679726651872,-0.43423527704343423
ROS1-49-0001,2025-06-30,0.40879576826619823,0.24827766949933106,-0.5165065158492352
ROS1-42-0009,2025-06-30,0.18944356357986647,0.11454938099589392,-0.33717632634411765
ROS1-49-0002,2025-06-30,0.30024061715148354,0.17478643762390852,-0.43930477723987793
ROS1-42-0010,2025-07-16,0.194769388406458,0.1618315709169497,-0.33803019918907257
ROS1-49-0001,2025-07-16,0.2672286773209596,0.20469875200428467,-0.4142529660977268
ROS1-42-0009,2025-07-16,0.19294798703286428,0.11946320451812895,-0.3344615421002387
ROS1-49-0002,2025-07-16,0.2600311410826716,0.16682205031298694,-0.40896582688727734
ROS1-42-0010,2025-08-01,0.19740299792853208,0.1570395933615132,-0.3471162830980139
ROS1-49-0001,2025-08-01,0.22915512456660667,0.13638458252127778,-0.34658218620377074
ROS1-42-0009,2025-08-01,0.18628364443760345,0.10929236979560687,-0.3195513574594485
ROS1-49-0002,2025-08-01,0.19594654483626597,0.1500261797981712,-0.3000577140484536
ROS1-42-0010,2025-08-17,0.17943476997071786,0.1383742992284944,-0.3172011735720448
ROS1-49-0001,2025-08-17,0.13509889369174286,0.06555013641490731,-0.2588430212193415
ROS1-42-0009,2025-08-17,0.17560244948021475,0.10057970682455974,-0.3230233618353428
ROS1-49-0002,2025-08-17,0.2003196285105189,0.15624047449878717,-0.33678987012229855
ROS1-42-0010,2025-09-02,0.19365563851198106,0.13529073603322575,-0.31596082144916354
ROS1-49-0001,2025-09-02,0.16324077192005298,0.09821777123826013,-0.30623847438449675
ROS1-42-0009,2025-09-02,0.1730954327797987,0.08933806587436934,-0.31100974543624876
ROS1-49-0002,2025-09-02,0.2930399888149901,0.19071653615796116,-0.40771956754781735
ROS1-42-0010,2025-10-04,0.1979448095030125,0.12895595420840097,-0.3221707127208018
ROS1-49-0001,2025-10-04,0.15368945357350502,0.08934502925772839,-0.3041910385235619
ROS1-42-0009,2025-10-04,0.17074004766272585,0.08707589821403593,-0.3175501495350751
ROS1-49-0002,2025-10-04,0.30446777751105775,0.19001238530708714,-0.4445678913856036
ROS1-37-0031,2025-04-02,0.20968337641391446,0.11907575767888999,-0.3264776227173532
ROS1-38-0004,2025-04-02,0.4134451283472329,0.23712947663523723,-0.4578100432853732
ROS1-44-0000,2025-04-02,0.31006349455590937,0.16985757062645665,-0.39080601148396776
ROS1-50-0003,2025-04-02,0.4301696450134444,0.21754720554860155,-0.49239076073808336
ROS1-32-0029,2025-04-02,0.33125402943634774,0.1849237686893428,-0.3819641810415394
ROS1-37-0046,2025-04-02,0.2214811010066927,0.10395787512184454,-0.3278010832638887
ROS1-43-0017,2025-04-02,0.4277672092465887,0.23873534723055992,-0.4507195477906682
ROS1-37-0031,2025-04-18,0.2542983235785527,0.15505888326568104,-0.3614795092450839
ROS1-38-0004,2025-04-18,0.6587585375664053,0.4365893135457789,-0.6330337549380379
ROS1-43-0026,2025-04-18,0.48276873116143454,0.3003979864877701,-0.5215927882109871
ROS1-44-0000,2025-04-18,0.4540530895188795,0.2689103688923921,-0.4990451256681453
ROS1-49-0001,2025-04-18,0.4007565021574646,0.19996386538987101,-0.4768682041005855
ROS1-50-0003,2025-04-18,0.5946871141768196,0.3827740870320234,-0.6130411874889689
ROS1-31-0033,2025-04-18,0.47167718394457014,0.2883133631630704,-0.4993639375247051
ROS1-32-0029,2025-04-18,0.5023786000905484,0.294140685046405,-0.501124731506877
ROS1-37-0046,2025-04-18,0.20290382996391423,0.10447950082083896,-0.3490251049115854
ROS1-42-0009,2025-04-18,0.24394080205243332,0.11423354725334665,-0.3838962485056244
ROS1-43-0017,2025-04-18,0.7324799194911668,0.5215766966867219,-0.6660121404468952
ROS1-49-0002,2025-04-18,0.5482402075561356,0.2990576414146729,-0.5653457298180384
ROS1-31-0022,2025-05-04,0.7302302397028054,0.5173039934164905,-0.6721976691824935
ROS1-37-0031,2025-05-04,0.38425188576935065,0.24637293546623887,-0.4359250359690052
ROS1-38-0004,2025-05-04,0.7467730240312678,0.5146656213370558,-0.7037643292528755
ROS1-43-0026,2025-05-04,0.6934707385625741,0.49164211861779844,-0.6624583374950802
ROS1-44-0000,2025-05-04,0.66217853494775,0.4405482954193254,-0.6273444767529192
ROS1-49-0001,2025-05-04,0.5414722164455731,0.3167704841135938,-0.5722556233857694
ROS1-50-0003,2025-05-04,0.7237100495401647,0.5210066680398455,-0.7046696198564695
ROS1-31-0033,2025-05-04,0.6958188296551925,0.47793211380350015,-0.6586719323345346
ROS1-32-0029,2025-05-04,0.6660323219096794,0.45020016085268966,-0.6213239694459801
ROS1-37-0046,2025-05-04,0.20031568741756448,0.11124781806615476,-0.35056779544983635
ROS1-42-0009,2025-05-04,0.27448943129143744,0.13915480507424333,-0.40822117190904494
ROS1-43-0017,2025-05-04,0.8317661834192849,0.653630819506603,-0.7432397356072955
ROS1-49-0002,2025-05-04,0.73922068927867,0.4800775515904138,-0.7019655405377221
ROS1-37-0031,2025-05-20,0.7852911667901531,0.593307158230051,-0.6953321881136594
ROS1-38-0004,2025-05-20,0.7432537839401537,0.485045537130843,-0.7052357245982289
ROS1-43-0026,2025-05-20,0.8543543169053087,0.6279787104164612,-0.7731788730588341
ROS1-44-0000,2025-05-20,0.7594228819683112,0.5168848150392888,-0.6903376385606332
ROS1-49-0001,2025-05-20,0.7477888522664964,0.4207363951228039,-0.7101402051261684
ROS1-50-0003,2025-05-20,0.8297817047223683,0.6001139291876463,-0.7707423831229595
ROS1-31-0033,2025-05-20,0.8193990204230789,0.6212349612509818,-0.7512965419250961
ROS1-37-0046,2025-05-20,0.2032400643469458,0.10854395078892101,-0.349166360440754
ROS1-42-0009,2025-05-20,0.2917424429366828,0.1779063998988064,-0.4092841659927161
ROS1-43-0017,2025-05-20,0.8082675086099974,0.5499883315036446,-0.7167838949673665
ROS1-49-0002,2025-05-20,0.8453795453839958,0.5337222737742519,-0.7794514660552969
ROS1-37-0031,2025-06-05,0.7138726245227408,0.5733062356975264,-0.6347010880724889
ROS1-38-0004,2025-06-05,0.4897428209335701,0.30316804018309595,-0.5375244913070063
ROS1-43-0026,2025-06-05,0.7824267503100018,0.5535973353142322,-0.7423607041344622
ROS1-44-0000,2025-06-05,0.5970711628668183,0.3910875395258762,-0.604026299068013
ROS1-49-0001,2025-06-05,0.7422443200597477,0.49082427800357775,-0.7181405378999086
ROS1-31-0033,2025-06-05,0.7944774624212121,0.5115573439320336,-0.7213566233283834
ROS1-37-0046,2025-06-05,0.2297720162659937,0.14003866199235565,-0.3537544030196679
ROS1-42-0009,2025-06-05,0.28139713513058934,0.15616292991060224,-0.3853036581827871
ROS1-43-0017,2025-06-05,0.5180839890227904,0.34730112802533436,-0.554879844514599
ROS1-49-0002,2025-06-05,0.7427391556437599,0.4950896116430961,-0.7176372645326697
ROS1-37-0031,2025-06-21,0.3122179061445134,0.18974144016338104,-0.47408523168913325
ROS1-38-0004,2025-06-21,0.29694811389907283,0.16932128377204944,-0.470657023672493
ROS1-43-0026,2025-06-21,0.51647424393773,0.23504393552440042,-0.5546470079058156
ROS1-44-0000,2025-06-21,0.2994827556165015,0.18821817031812446,-0.41890620756318064
ROS1-49-0001,2025-06-21,0.5564351202780875,0.27742225900580353,-0.5975874866862707
ROS1-31-0033,2025-06-21,0.5235789422801271,0.25969473486823735,-0.5681389256926577
ROS1-37-0046,2025-06-21,0.19384349943668555,0.10122478625351347,-0.3331182875303996
ROS1-42-0009,2025-06-21,0.2264923992666916,0.11141792969355953,-0.36521760755300814
ROS1-43-0017,2025-06-21,0.3220604604249071,0.1618506346922078,-0.4371725256812904
ROS1-49-0002,2025-06-21,0.4275971751230674,0.19660914412883973,-0.5226028119171964
ROS1-37-0031,2025-07-07,0.2659131061076655,0.16803754079316774,-0.3922931823016462
ROS1-38-0004,2025-07-07,0.24646060560042715,0.13758506177643925,-0.40516895252022406
ROS1-43-0026,2025-07-07,0.33583161028707864,0.17670796897078472,-0.4612791279167446
ROS1-44-0000,2025-07-07,0.268992037945247,0.16108280686559642,-0.4209657185496299
ROS1-49-0001,2025-07-07,0.363090732260926,0.22541434312142597,-0.48184890764793076
ROS1-50-0003,2025-07-07,0.29633532261556816,0.15875192237374353,-0.4537121909602297
ROS1-37-0046,2025-07-07,0.1854065693943645,0.10167750097082534,-0.32294195988992336
ROS1-42-0009,2025-07-07,0.19984187796589234,0.10172957101418705,-0.342303415857926
ROS1-43-0017,2025-07-07,0.2794111792922827,0.15227193517070634,-0.4038804961072371
ROS1-49-0002,2025-07-07,0.2794662653081034,0.1613836996170084,-0.42681652461532976
ROS1-37-0031,2025-07-23,0.2680531601812386,0.17674991400394835,-0.394316849647675
ROS1-43-0026,2025-07-23,0.302406732586314,0.16692308825776314,-0.46405344200944204
ROS1-44-0000,2025-07-23,0.23367959054238116,0.17624154569771613,-0.3861207001762431
ROS1-49-0001,2025-07-23,0.2744921859090273,0.2027335215891823,-0.4185492132863921
ROS1-50-0003,2025-07-23,0.22459735674833356,0.12697070803671828,-0.3534078883976447
ROS1-31-0033,2025-07-23,0.3716469607985981,0.2657790944447927,-0.4968391869746282
ROS1-37-0046,2025-07-23,0.17485862330780902,0.10651300178185903,-0.3158589713713459
ROS1-42-0009,2025-07-23,0.1897008785537893,0.09873673444104664,-0.340928338406778
ROS1-49-0002,2025-07-23,0.24059355012630984,0.16687224022769853,-0.39327966743232523
ROS1-37-0031,2025-08-24,0.20366830682599926,0.10099826285359362,-0.3478296788011309
ROS1-38-0004,2025-08-24,0.19327432202486775,0.1374665033652041,-0.33498070740398816
ROS1-44-0000,2025-08-24,0.2226944549444411,0.1515638028018227,-0.3627325703339415
ROS1-49-0001,2025-08-24,0.1752609681077913,0.10443555526727998,-0.3229123026555374
ROS1-31-0033,2025-08-24,0.5721472755108948,0.36549398422447943,-0.6105858669048333
ROS1-37-0046,2025-08-24,0.1847052774387259,0.10559070703457703,-0.3249832395772713
ROS1-42-0009,2025-08-24,0.17687836068555451,0.08654737644173963,-0.3191096796419258
ROS1-43-0017,2025-08-24,0.17278403765574163,0.13645313785006835,-0.27939975663650735
ROS1-49-0002,2025-08-24,0.3049542004195117,0.20517910700860909,-0.42986947818830873
ROS1-38-0004,2025-09-09,0.20213361819658357,0.1478215386321274,-0.33752744605708995
ROS1-44-0000,2025-09-09,0.20682490044206114,0.1289458809838054,-0.34501655707000156
ROS1-49-0001,2025-09-09,0.16453056620842024,0.09701449876355976,-0.31301487669379047
ROS1-31-0033,2025-09-09,0.19014907872772058,0.08418624193003928,-0.30192005310798103
ROS1-37-0046,2025-09-09,0.1700970790710417,0.08387121124377495,-0.28858947964568765
ROS1-49-0002,2025-09-09,0.2940093595860537,0.18701509521372153,-0.4209196665951471
ROS1-37-0031,2025-09-25,0.1855484593887819,0.09516846983044168,-0.31816698585465464
ROS1-38-0004,2025-09-25,0.18541773502722514,0.13338737028064443,-0.32924854989183044
ROS1-43-0026,2025-09-25,0.1615345081238669,0.07213687448850994,-0.29608361661925536
ROS1-44-0000,2025-09-25,0.20156192024537742,0.11983892878907648,-0.3453885335865673
ROS1-50-0003,2025-09-25,0.35467671625048036,0.22261982284886755,-0.4578273842314558
ROS1-31-0033,2025-09-25,0.18911998610424316,0.07942111654537037,-0.3155134397311804
ROS1-37-0046,2025-09-25,0.18251220263451143,0.09065054350134383,-0.3200074629946328
ROS1-42-0009,2025-09-25,0.1781236633523958,0.10053230737760643,-0.31914215425447745
ROS1-43-0017,2025-09-25,0.188530314779036,0.13303717089201975,-0.3222910800155044
ROS1-49-0002,2025-09-25,0.30558038967174966,0.20821224980667238,-0.4392525836225783
ROS1-37-0031,2025-10-27,0.20831483105478915,0.07804238436463977,-0.330067228431816
ROS1-38-0004,2025-10-27,0.21029946891602694,0.06010456758936853,-0.359843477158448
ROS1-43-0026,2025-10-27,0.2181913011251961,0.06002836419358564,-0.36896154428035643
ROS1-44-0000,2025-10-27,0.22381208426111673,0.06450282291263423,-0.36459917927097013
ROS1-49-0001,2025-10-27,0.18569323083870026,0.0731061894029781,-0.3363854296282531
ROS1-50-0003,2025-10-27,0.24348084534547562,0.06660184897542717,-0.40249141884714895
ROS1-31-0033,2025-10-27,0.2241754170887463,0.061399658957638686,-0.35025215604239823
ROS1-37-0046,2025-10-27,0.47458575822108184,0.2296907014722596,-0.49917374411407334
ROS1-42-0009,2025-10-27,0.22620267340086103,0.05562455278636488,-0.3730730546174167
ROS1-43-0017,2025-10-27,0.1797307252950551,0.09009571683187861,-0.293096215137811
ROS1-49-0002,2025-10-27,0.351510061026956,0.16770933282564532,-0.46442205629558964
ROS1-30-0002,2025-04-18,0.2642804417970147,0.16544934980989126,-0.3608127628805901
ROS1-36-0007,2025-04-18,0.6389293857358496,0.4341102298143185,-0.6197854692630549
ROS1-42-0010,2025-04-18,0.4890451318471361,0.3072017242311298,-0.5220123457827491
ROS1-30-0015,2025-04-18,0.67776186586664,0.4542408202913646,-0.6297880065354178
ROS1-36-0006,2025-04-18,0.2457370766450494,0.13529313057474027,-0.3506256273042489
ROS1-37-0046,2025-04-18,0.20394948256419612,0.10488476264942116,-0.35041863460467276
ROS1-42-0009,2025-04-18,0.24553652662200162,0.11495354008055216,-0.38567771449877225
ROS1-30-0002,2025-05-04,0.2697215428974993,0.15088295068117064,-0.3707344501138401
ROS1-36-0007,2025-05-04,0.8386817850487943,0.6647681712224502,-0.7609907713322143
ROS1-42-0010,2025-05-04,0.6745308391395403,0.44143849176756084,-0.6451197066248394
ROS1-30-0015,2025-05-04,0.8017794256228421,0.5820285640242219,-0.7345298628633747
ROS1-36-0006,2025-05-04,0.2549255343174316,0.11456776590185276,-0.3667150948321407
ROS1-37-0046,2025-05-04,0.20064511211089503,0.11119423137771792,-0.35197132313714585
ROS1-42-0009,2025-05-04,0.27542349850385867,0.13942554401279508,-0.41008854514476095
ROS1-30-0002,2025-05-20,0.26712863612420673,0.16674251447840813,-0.3664000181487586
ROS1-36-0007,2025-05-20,0.8750872329610262,0.6386990962444062,-0.7943960695553941
ROS1-42-0010,2025-05-20,0.7945469343328884,0.47320298749796524,-0.7092439331131267
ROS1-30-0015,2025-05-20,0.8596879612472014,0.6035265357770728,-0.7844362617083755
ROS1-36-0006,2025-05-20,0.22220025599916543,0.13322106345512816,-0.33529150453940926
ROS1-37-0046,2025-05-20,0.20406162875139974,0.10880136134586442,-0.35050368348285044
ROS1-42-0009,2025-05-20,0.29351630205897994,0.17869866793904013,-0.41102368340779494
ROS1-30-0002,2025-06-05,0.39760100026329287,0.23588596887369703,-0.44081323219903756
ROS1-36-0007,2025-06-05,0.7211082922996969,0.4844220776958347,-0.6931390072791722
ROS1-42-0010,2025-06-05,0.5976804229121382,0.365708122470613,-0.5999730409638359
ROS1-30-0015,2025-06-05,0.5446192528873136,0.3322975197062872,-0.583047918135812
ROS1-36-0006,2025-06-05,0.2650259871119849,0.14899068309216965,-0.33902876446377284
ROS1-37-0046,2025-06-05,0.23044337984380608,0.1403013741538062,-0.3547539231756041
ROS1-42-0009,2025-06-05,0.28196871521359923,0.1556958536589798,-0.38660343027382765
ROS1-30-0002,2025-06-21,0.6214588364163381,0.3380295245594891,-0.5948355159127727
ROS1-36-0007,2025-06-21,0.45751358344169096,0.2074073382188769,-0.5409932023663263
ROS1-42-0010,2025-06-21,0.36499180317439983,0.17974088454757697,-0.47721481751771944
ROS1-30-0015,2025-06-21,0.3148350315915106,0.16187284394527154,-0.43598439040996945
ROS1-36-0006,2025-06-21,0.22978828454946637,0.09442934500939724,-0.32815656506164703
ROS1-37-0046,2025-06-21,0.1942033209481499,0.10125828993496809,-0.3337870383735184
ROS1-42-0009,2025-06-21,0.2252424235727353,0.11142531771593189,-0.3631451547434791
ROS1-30-0002,2025-07-07,0.6783457029167028,0.4786065976313783,-0.6547662039176283
ROS1-36-0007,2025-07-07,0.32153485019752787,0.18760350980445123,-0.4504854798797236
ROS1-42-0010,2025-07-07,0.2852297344231096,0.15562848826223927,-0.4292470934879223
ROS1-30-0015,2025-07-07,0.3176899705241094,0.23710293587608075,-0.4350284827722057
ROS1-36-0006,2025-07-07,0.22625323131335556,0.09320194894080104,-0.3285961765289238
ROS1-37-0046,2025-07-07,0.1854150180625028,0.10155874767648392,-0.3243131301637356
ROS1-42-0009,2025-07-07,0.1997500069593367,0.1016063734156711,-0.3435771738993558
ROS1-30-0002,2025-07-23,0.4275765600948992,0.2529495349494544,-0.47904586119210685
ROS1-36-0007,2025-07-23,0.26193160082974914,0.1988660754868167,-0.4118730041977671
ROS1-42-0010,2025-07-23,0.190604224379987,0.15028141524534258,-0.3418260598025303
ROS1-30-0015,2025-07-23,0.2880895481521769,0.21733824411765224,-0.411907414351672
ROS1-36-0006,2025-07-23,0.19337431470947206,0.12271349963074644,-0.3103120078431344
ROS1-37-0046,2025-07-23,0.1757565328481767,0.10690621525100713,-0.31677197989838524
ROS1-42-0009,2025-07-23,0.19069112666870308,0.09925441144377693,-0.3419564319004484
ROS1-30-0002,2025-08-24,0.23673213852091798,0.12165882070302654,-0.35844018760283886
ROS1-36-0007,2025-08-24,0.6379738113334936,0.18599224677866052,-0.7878201678993066
ROS1-42-0010,2025-08-24,0.18895657645066513,0.13483620722606798,-0.3206523479297147
ROS1-30-0015,2025-08-24,0.2136938628933979,0.1328456492041347,-0.3472675497953046
ROS1-36-0006,2025-08-24,0.20039573573167238,0.10419630939942229,-0.30654570054133984
ROS1-37-0046,2025-08-24,0.1850600985861224,0.10572682030761552,-0.32616719012058154
ROS1-42-0009,2025-08-24,0.17718345442506256,0.08668184627692381,-0.32010792547549816
ROS1-30-0002,2025-09-25,0.21988008193000544,0.10727030907707498,-0.342204474777354
ROS1-36-0007,2025-09-25,0.38890458726143734,0.2523884659465476,-0.4811280558097798
ROS1-42-0010,2025-09-25,0.19667784727965718,0.12727346355083285,-0.32193738189416365
ROS1-30-0015,2025-09-25,0.20305850327241828,0.1197944536806827,-0.3312727342341523
ROS1-36-0006,2025-09-25,0.19927620064600893,0.09493691075245697,-0.31191047641882214
ROS1-37-0046,2025-09-25,0.18276149016748747,0.09083627737131134,-0.31996015652220594
ROS1-42-0009,2025-09-25,0.18083320848651496,0.09817256022507136,-0.32745686436574684
ROS1-30-0002,2025-10-27,0.2168210399254525,0.07504735302527225,-0.3249450643954363
ROS1-36-0007,2025-10-27,0.4150970544925782,0.21640126148161054,-0.49884781045570115
ROS1-37-0046,2025-10-27,0.47328744263824507,0.23125260760073413,-0.4977607754636736
ROS1-42-0009,2025-10-27,0.23362600422053592,0.05654975688220856,-0.38636303572577224
ROS1-29-0003,2025-04-25,0.7120724181902417,0.36217498596796427,-0.6368258355770539
ROS1-29-0003,2025-05-11,0.6669203340800209,0.44686797376242804,-0.6333975373159625
ROS1-29-0003,2025-05-27,0.8165470519038582,0.5384839911036186,-0.7565756758650187
ROS1-29-0003,2025-07-30,0.22438603700106594,0.11349315261616838,-0.32279506242263367
ROS1-29-0003,2025-08-15,0.2182949763509063,0.10417375914510298,-0.32511374457539166
ROS1-29-0003,2025-08-31,0.2104196190072064,0.09883742923787799,-0.31930531699842285
ROS1-29-0003,2025-09-16,0.205913079788525,0.0940254587824816,-0.3164803989799277
ROS1-27-0019,2025-04-09,0.23218074872014258,0.08633208506050716,-0.31608554524469284
ROS1-28-0002,2025-04-09,0.20442831793117294,0.08720285905193671,-0.29493576292837614
ROS1-33-0020,2025-04-09,0.2683809267623248,0.12107758775848576,-0.3604087014511667
ROS1-28-0015,2025-04-09,0.6123789409981442,0.26791847970576216,-0.5853855102966807
ROS1-33-0013,2025-04-09,0.29989927290030444,0.11366529736740023,-0.37494793107434304
ROS1-21-0003,2025-04-25,0.37400956277166336,0.1360521043968679,-0.38916237659953445
ROS1-27-0019,2025-04-25,0.28932513911839325,0.1430236048199483,-0.3708715712064189
ROS1-28-0002,2025-04-25,0.22830978623201023,0.09324647156835479,-0.2944405756754985
ROS1-29-0003,2025-04-25,0.7137736554550282,0.36226418231127344,-0.63812044642875
ROS1-33-0020,2025-04-25,0.26503302772668813,0.11379230346929745,-0.35894053845515134
ROS1-27-0013,2025-04-25,0.596011744171373,0.3312223231345299,-0.5544434074526182
ROS1-28-0015,2025-04-25,0.7232909589710573,0.37414384762702346,-0.6606626149954511
ROS1-33-0013,2025-04-25,0.3929731403757829,0.17101684505524273,-0.432050391286653
ROS1-21-0003,2025-05-11,0.3526580492214517,0.18521283507853945,-0.4016061733171544
ROS1-29-0003,2025-05-11,0.7560210821710911,0.46951194064110807,-0.7159455428320377
ROS1-33-0020,2025-05-11,0.30869147669689356,0.25587326182924564,-0.359245792979182
ROS1-27-0013,2025-05-11,0.6632093400827953,0.3926777316956821,-0.6181426915108432
ROS1-28-0015,2025-05-11,0.8360071524139396,0.6022771188204167,-0.786254341518604
ROS1-33-0013,2025-05-11,0.8110452243736486,0.18382947707734798,-0.676620426954116
ROS1-21-0003,2025-05-27,0.3808838942054345,0.2595015056693487,-0.42329490577121087
ROS1-27-0019,2025-05-27,0.2772864366013193,0.1438241837166623,-0.37629810714415535
ROS1-28-0002,2025-05-27,0.2243507195721105,0.104861699400631,-0.3276733671566626
ROS1-29-0003,2025-05-27,0.8183138228045379,0.5380825138268983,-0.7590568872107324
ROS1-33-0020,2025-05-27,0.2868416845450721,0.17941406367906293,-0.3951656827300127
ROS1-27-0013,2025-05-27,0.6816086690177683,0.4357774784675521,-0.6352262586330739
ROS1-28-0015,2025-05-27,0.8555803635719214,0.6427359537686789,-0.7700896044857741
ROS1-33-0013,2025-05-27,0.7850499614998868,0.5376271807224292,-0.7227692066607542
ROS1-21-0003,2025-06-12,0.37102322336597093,0.20934395977569692,-0.40887001968278325
ROS1-27-0019,2025-06-12,0.2651944177021337,0.1609771319677455,-0.3260836438214139
ROS1-28-0002,2025-06-12,0.22573342827565193,0.12298504263176105,-0.28678250148436246
ROS1-33-0020,2025-06-12,0.5479046644995401,0.41593507964638704,-0.5484914678686966
ROS1-27-0013,2025-06-12,0.36557392156079793,0.2116609671844734,-0.4675961410945844
ROS1-28-0015,2025-06-12,0.5108305954099921,0.3652457333042116,-0.4859899812598844
ROS1-33-0013,2025-06-12,0.6800255026539809,0.40893020010227954,-0.6545727032579343
ROS1-21-0003,2025-07-14,0.4936215493928777,0.305272010301155,-0.5223160377737431
ROS1-27-0019,2025-07-14,0.22574428184250028,0.11582323703523059,-0.31137591650040436
ROS1-33-0020,2025-07-14,0.6600336187841385,0.46591834686987027,-0.6350325606092297
ROS1-27-0013,2025-07-14,0.27860015589056125,0.1543909638294969,-0.3917898010501582
ROS1-33-0013,2025-07-14,0.3673203283093517,0.2056239721973337,-0.465832511576838
ROS1-21-0003,2025-07-30,0.41776875777573735,0.22729445823435973,-0.45989249792055464
ROS1-27-0019,2025-07-30,0.22430351175150975,0.12158930366584315,-0.33057156481283917
ROS1-28-0002,2025-07-30,0.2284468924050233,0.09670509645523613,-0.3200378028845736
ROS1-29-0003,2025-07-30,0.22492007673912393,0.11429304723246968,-0.32250056223781215
ROS1-33-0020,2025-07-30,0.6043910761417526,0.38489193199237165,-0.5720158250048535
ROS1-27-0013,2025-07-30,0.21227614067197426,0.13667032162222595,-0.32266232626540825
ROS1-28-0015,2025-07-30,0.1854398031884038,0.10772980293173219,-0.30716727516525894
ROS1-33-0013,2025-07-30,0.3181064797453352,0.20909851088158363,-0.4280014375076682
ROS1-21-0003,2025-08-15,0.36838222760270833,0.17040448716586631,-0.46482358026751003
ROS1-27-0019,2025-08-15,0.21230076826942393,0.09539063211993733,-0.30718219525710316
ROS1-28-0002,2025-08-15,0.2166090288957056,0.08874149921118174,-0.30025940864496947
ROS1-29-0003,2025-08-15,0.22049453741693198,0.10420718040328249,-0.32834818007940064
ROS1-33-0020,2025-08-15,0.30272998912181237,0.18157548644018492,-0.39166347301930204
ROS1-27-0013,2025-08-15,0.19691096426301963,0.1288581424578888,-0.31951170222687425
ROS1-28-0015,2025-08-15,0.21164613272739732,0.07919523706266299,-0.29939570246466557
ROS1-33-0013,2025-08-15,0.3152031132645678,0.1955176204409676,-0.4483198281129187
ROS1-21-0003,2025-08-31,0.24881218205324965,0.1250745779538045,-0.3591165182061441
ROS1-28-0002,2025-08-31,0.2056358322955103,0.09440452540487541,-0.29208889180339964
ROS1-29-0003,2025-08-31,0.20949099179306413,0.0989136305898504,-0.316882509829274
ROS1-33-0020,2025-08-31,0.27100229167600653,0.17069249439920636,-0.38201758693562676
ROS1-28-0015,2025-08-31,0.2099024425635895,0.06583546125002233,-0.2933409431559134
ROS1-33-0013,2025-08-31,0.30237043746833125,0.18966886959905646,-0.4338122622462296
ROS1-21-0003,2025-09-16,0.21601619205463662,0.09359715319005345,-0.31231842135612387
ROS1-27-0019,2025-09-16,0.20520246822094707,0.091285327088731,-0.3064634171557137
ROS1-28-0002,2025-09-16,0.20004493409526292,0.08780013698091645,-0.2877421603731161
ROS1-29-0003,2025-09-16,0.2078649807833703,0.095410807306668,-0.31716537903902714
ROS1-33-0020,2025-09-16,0.2533398415688929,0.11975639925072679,-0.36835421183838457
ROS1-27-0013,2025-09-16,0.18510164164632315,0.07615066621612361,-0.28420377177181755
ROS1-28-0015,2025-09-16,0.19581636686597076,0.06967649181597003,-0.29369677780272935
ROS1-33-0013,2025-09-16,0.3240413575217701,0.18615665057786898,-0.4539566587076572
ROS1-21-0003,2025-10-02,0.20259125237699638,0.08956588216747013,-0.30079572773766156
ROS1-27-0019,2025-10-02,0.21670795265122328,0.0913107433732617,-0.33476080895331
ROS1-28-0002,2025-10-02,0.26448434835987933,0.12048877115353544,-0.33327804081862367
ROS1-33-0020,2025-10-02,0.256194513663357,0.12219233971245114,-0.38944506265136847
ROS1-27-0013,2025-10-02,0.18038236746720462,0.0723169301939869,-0.2833838958082622
ROS1-28-0015,2025-10-02,0.1894714893839853,0.0659173354421756,-0.29943855817589277
ROS1-33-0013,2025-10-02,0.19467951845496081,0.061378519358269074,-0.3196404390065874
ROS1-21-0003,2025-10-18,0.31590321432667967,0.039404948517486126,-0.44426490956997167
ROS1-27-0013,2025-10-18,0.19691677901023402,0.06459792876263142,-0.2795587901859931
ROS1-26-0018,2025-04-09,0.22524790673407125,0.10890006700388899,-0.3029167266132612
ROS1-26-0030,2025-04-09,0.19724296496024193,0.09099536413247021,-0.29783551782848966
ROS1-19-0012,2025-04-25,0.8204576528163986,0.6285554482094426,-0.7337025736372105
ROS1-21-0003,2025-04-25,0.37591956079591843,0.13725801511348995,-0.3933539479096233
ROS1-25-0012,2025-04-25,0.3922451069961306,0.19609714907189474,-0.4239395135118853
ROS1-30-0002,2025-04-25,0.3581263233411813,0.1890891939374857,-0.413017445803014
ROS1-31-0022,2025-04-25,0.7506096316455957,0.5251056389144431,-0.6723181094196043
ROS1-37-0031,2025-04-25,0.33006208565845113,0.20638287255811466,-0.4053041263993036
ROS1-25-0018,2025-04-25,0.609727577209445,0.34977494953594707,-0.5742041574521717
ROS1-27-0013,2025-04-25,0.5965196636753164,0.3344083478595519,-0.5565466544811888
ROS1-30-0015,2025-04-25,0.7769042739677238,0.47027983828652303,-0.7026432152614583
ROS1-31-0033,2025-04-25,0.6118179459948797,0.3905766349620071,-0.6034875674836649
ROS1-36-0006,2025-04-25,0.28323010665407855,0.1256891320876297,-0.387351505808231
ROS1-19-0018,2025-04-25,0.25325287557002635,0.10529298597067739,-0.30504106049100127
ROS1-25-0032,2025-04-25,0.8523862536312067,0.6892041899699067,-0.7397217790711288
ROS1-20-0038,2025-05-11,0.737031789796261,0.46046107536676883,-0.6787057027815901
ROS1-21-0003,2025-05-11,0.35530500535026976,0.1863929513443954,-0.405642267018883
ROS1-31-0022,2025-05-11,0.7047811787517779,0.48773373812446896,-0.658162306573149
ROS1-26-0030,2025-05-11,0.2322257551282446,0.14873482177168726,-0.3066508358184638
ROS1-27-0013,2025-05-11,0.6613452218854617,0.393438304640355,-0.6175239436769907
ROS1-32-0029,2025-05-11,0.7087266454021798,0.38182604804256287,-0.6472989416113811
ROS1-19-0012,2025-05-27,0.5026397971537582,0.32663720889293096,-0.5364181398288298
ROS1-20-0038,2025-05-27,0.6098686407819772,0.37842739723458,-0.59828264637322
ROS1-21-0003,2025-05-27,0.3856401450190631,0.26311489799399507,-0.42920313693841283
ROS1-25-0012,2025-05-27,0.725343516312477,0.47448239200078046,-0.6490025542353949
ROS1-26-0018,2025-05-27,0.2614488288738099,0.15036955732565993,-0.35177132281919005
ROS1-30-0002,2025-05-27,0.2954934799732308,0.18868307162635992,-0.38915433563690094
ROS1-31-0022,2025-05-27,0.4636528132696325,0.27874563654848983,-0.5279150954898266
ROS1-32-0025,2025-05-27,0.7638734137519606,0.5187844626880673,-0.711624567116936
ROS1-37-0031,2025-05-27,0.8093763041883115,0.629572372561306,-0.725636204560592
ROS1-38-0004,2025-05-27,0.6981706810700807,0.4346458430514562,-0.6857534442757813
ROS1-25-0018,2025-05-27,0.7887643613722793,0.5420171852683687,-0.7153056034727132
ROS1-26-0030,2025-05-27,0.2463407239401089,0.125029493691025,-0.34265888828170044
ROS1-27-0013,2025-05-27,0.6820643759245884,0.4358884790688016,-0.6370838634772266
ROS1-30-0015,2025-05-27,0.7580983660177785,0.49516782619064054,-0.7247278059461251
ROS1-31-0033,2025-05-27,0.8222132328167139,0.5974636482496336,-0.7701514300634908
ROS1-32-0029,2025-05-27,0.4505976143460064,0.27100544150802536,-0.5069075414755085
ROS1-36-0006,2025-05-27,0.27957820179110876,0.15715197448048412,-0.3656148836402906
ROS1-19-0018,2025-05-27,0.33907022346812105,0.2009026920066059,-0.37396990320731904
ROS1-25-0032,2025-05-27,0.6839210900417501,0.4767645785307438,-0.6220674231573183
ROS1-19-0012,2025-06-12,0.3032022069492537,0.197721373167669,-0.45208360643964596
ROS1-20-0038,2025-06-12,0.3510062953376455,0.20920566031780452,-0.46984137917171775
ROS1-21-0003,2025-06-12,0.3694319251762681,0.21091268295431395,-0.4063401546985317
ROS1-26-0030,2025-06-12,0.41835961412943656,0.2577248361152625,-0.45577550278989604
ROS1-27-0013,2025-06-12,0.36483280626808384,0.21184781040550918,-0.4668816877951006
ROS1-19-0018,2025-06-12,0.5681909034839563,0.3730018802536305,-0.5587482135519635
ROS1-20-0038,2025-06-28,0.27814168398162414,0.18258292638818122,-0.3895050008905529
ROS1-25-0012,2025-06-28,0.482232766592004,0.26006540216132984,-0.504018204470173
ROS1-30-0002,2025-06-28,0.6894602973535855,0.5055005049848283,-0.664603224994976
ROS1-31-0022,2025-06-28,0.2303543868374663,0.12481714599622064,-0.35829346387087535
ROS1-37-0031,2025-06-28,0.3090171056329893,0.1802817389151019,-0.4762675847866561
ROS1-38-0004,2025-06-28,0.26870266045899055,0.15578899735556023,-0.43395339190189297
ROS1-25-0018,2025-06-28,0.2496061404466556,0.11880309535130322,-0.41182319544703505
ROS1-26-0030,2025-06-28,0.5347034260934136,0.3831995902850755,-0.5584281474469182
ROS1-31-0033,2025-06-28,0.4896349026343152,0.25922935609650777,-0.5673299586157767
ROS1-32-0029,2025-06-28,0.25587973401997954,0.15283657147880095,-0.34444519054371137
ROS1-19-0018,2025-06-28,0.7448358784337283,0.6233921737211492,-0.690211211381188
ROS1-19-0012,2025-07-14,0.27245023929053874,0.13924416488351202,-0.3679616639111313
ROS1-20-0038,2025-07-14,0.23984222661443755,0.150572342796726,-0.35399065647505445
ROS1-21-0003,2025-07-14,0.49113656534421557,0.30141284655096595,-0.5220558454697439
ROS1-25-0012,2025-07-14,0.22341979633747142,0.10986237640500474,-0.3325583520711856
ROS1-26-0018,2025-07-14,0.5278236001042893,0.32009020568727053,-0.5467737166387754
ROS1-30-0002,2025-07-14,0.4565616993366239,0.25630507815265713,-0.5003568282167803
ROS1-31-0022,2025-07-14,0.2075598476496809,0.12470298192710882,-0.33472959102254535
ROS1-32-0025,2025-07-14,0.23048757448372056,0.12362992058395841,-0.378236257011746
ROS1-37-0031,2025-07-14,0.21963342472121375,0.15413799309635404,-0.333248035718445
ROS1-38-0004,2025-07-14,0.17571295130514122,0.11005890736162165,-0.30887079157937725
ROS1-25-0018,2025-07-14,0.18529218307658943,0.10410713845234286,-0.30508298009579754
ROS1-27-0013,2025-07-14,0.27990649349817864,0.15484112339164416,-0.393749747021069
ROS1-30-0015,2025-07-14,0.2975694042520246,0.21847355390383233,-0.4172182952186905
ROS1-31-0033,2025-07-14,0.3344494603306801,0.23809294899796882,-0.4570970326705909
ROS1-32-0029,2025-07-14,0.19745845771938458,0.12397552450608332,-0.31824560548400477
ROS1-36-0006,2025-07-14,0.1926642174570233,0.11882870521801372,-0.3090540003145667
ROS1-19-0018,2025-07-14,0.455975983570947,0.26713394306526905,-0.47264513040115597
ROS1-25-0032,2025-07-14,0.2787863472805984,0.16698792225447098,-0.37864960387908947
ROS1-19-0012,2025-07-30,0.3402458787177544,0.20621496120415753,-0.4110415439344036
ROS1-20-0038,2025-07-30,0.24018624772155842,0.14363232952963317,-0.34220050223144327
ROS1-21-0003,2025-07-30,0.41714828574040796,0.22753888539679695,-0.45996350425966653
ROS1-25-0012,2025-07-30,0.1968300694457783,0.08725464276667687,-0.3089205879328686
ROS1-26-0018,2025-07-30,0.5114848710107922,0.2816377595959092,-0.5309799997895668
ROS1-30-0002,2025-07-30,0.3698504249434165,0.20171420241908203,-0.4353896784084314
ROS1-31-0022,2025-07-30,0.20686122633120385,0.11978613098293996,-0.32843744530115704
ROS1-32-0025,2025-07-30,0.21434133235274302,0.13455622961145738,-0.36204729387082196
ROS1-37-0031,2025-07-30,0.2007351736920317,0.10123180435538796,-0.33405924089497774
ROS1-38-0004,2025-07-30,0.19793290444721476,0.15000741682553853,-0.35542301906603635
ROS1-25-0018,2025-07-30,0.19577987995443383,0.10517400152213563,-0.31682487544920573
ROS1-26-0030,2025-07-30,0.3168729501770765,0.1660850625911973,-0.3950741929524172
ROS1-27-0013,2025-07-30,0.21373593588337694,0.1372365153019716,-0.32505343849626717
ROS1-30-0015,2025-07-30,0.28080826017844684,0.20133568609341124,-0.41198919809843765
ROS1-31-0033,2025-07-30,0.41947671117847873,0.2948899861607709,-0.5254517129640268
ROS1-32-0029,2025-07-30,0.19520628107964927,0.12227128759469771,-0.30951170404227885
ROS1-36-0006,2025-07-30,0.19827706231337677,0.12467898796660216,-0.31355211601797317
ROS1-19-0018,2025-07-30,0.36300895832050206,0.2047630910251635,-0.38799710674964577
ROS1-25-0032,2025-07-30,0.19396907449135628,0.0915053359952747,-0.3147013315724249
ROS1-19-0012,2025-08-15,0.24184101702458016,0.12209230916384366,-0.3437495332078142
ROS1-20-0038,2025-08-15,0.18837445160022037,0.08797929622350095,-0.2971588581471105
ROS1-25-0012,2025-08-15,0.20074566866640087,0.08474493477988847,-0.31859660781533083
ROS1-26-0018,2025-08-15,0.4751724956374103,0.25057693249280577,-0.49986904647712405
ROS1-30-0002,2025-08-15,0.2667022551240156,0.13364827131795426,-0.37704197429487457
ROS1-31-0022,2025-08-15,0.18179483315234027,0.0888320633768936,-0.2925005111034745
ROS1-32-0025,2025-08-15,0.21829024979763034,0.13199869924587007,-0.358349850062579
ROS1-37-0031,2025-08-15,0.19036599304758112,0.09619742357861852,-0.32714834587883423
ROS1-38-0004,2025-08-15,0.17751028160048155,0.12222674574330736,-0.31270339952154336
ROS1-25-0018,2025-08-15,0.1829727910250184,0.09023810919446101,-0.30058116010757224
ROS1-26-0030,2025-08-15,0.2920763795253692,0.14903008400153375,-0.38074596749155665
ROS1-27-0013,2025-08-15,0.199414246633463,0.1298065127422616,-0.32294800042020394
ROS1-30-0015,2025-08-15,0.20814527687289014,0.13970570831568274,-0.3358605119742461
ROS1-32-0029,2025-08-15,0.20071131323335864,0.12803036437920975,-0.3163060059991658
ROS1-36-0006,2025-08-15,0.20206824402302995,0.09838134331310674,-0.3223330408114237
ROS1-19-0018,2025-08-15,0.2234632854865701,0.12015431084244355,-0.2995595219881691
ROS1-25-0032,2025-08-15,0.21459512717744375,0.10779286033901783,-0.3305173732577119
ROS1-21-0003,2025-08-31,0.24196735663664876,0.13262352322756438,-0.3484672104795033
ROS1-30-0002,2025-08-31,0.2201147661172637,0.11756273682797863,-0.3325829832816422
ROS1-38-0004,2025-08-31,0.17447351945787343,0.12586269880386353,-0.2930293527892303
ROS1-26-0030,2025-08-31,0.21097862627975777,0.0898394847924649,-0.2980008535899389
ROS1-19-0018,2025-08-31,0.21687080724335359,0.11696052670309977,-0.3007646900622958
ROS1-25-0032,2025-08-31,0.19794723442304765,0.10208886555787935,-0.3040537600226414
ROS1-19-0012,2025-09-16,0.201436178984782,0.0932067017799685,-0.3103884591984955
ROS1-20-0038,2025-09-16,0.1865167825578279,0.08932420558098786,-0.2937954696660063
ROS1-21-0003,2025-09-16,0.2163617449817031,0.09339408221770178,-0.31356454986507654
ROS1-25-0012,2025-09-16,0.19529247729278398,0.07597147643039205,-0.3085811499098053
ROS1-26-0018,2025-09-16,0.2911858398530132,0.13433873651916295,-0.39648165762640747
ROS1-30-0002,2025-09-16,0.23083421007004493,0.10835983982467054,-0.3615795847337779
ROS1-31-0022,2025-09-16,0.1912474633174699,0.10756596400610137,-0.3154260851770361
ROS1-32-0025,2025-09-16,0.21210307189135424,0.12810299070000025,-0.35022006595253397
ROS1-37-0031,2025-09-16,0.1820634791672454,0.09373953706756957,-0.3179171233113633
ROS1-38-0004,2025-09-16,0.19427191112173126,0.13394957963382764,-0.3364707231505968
ROS1-25-0018,2025-09-16,0.17998926736076748,0.0906006668467889,-0.30799323384257443
ROS1-26-0030,2025-09-16,0.2254388837127756,0.11039306088009422,-0.33830856809231846
ROS1-27-0013,2025-09-16,0.18628475648500525,0.07657107313721034,-0.2860510770279953
ROS1-30-0015,2025-09-16,0.19848979948156614,0.12219776753902493,-0.33769504684515406
ROS1-31-0033,2025-09-16,0.18729345687854845,0.07613181369313143,-0.3185467102355155
ROS1-32-0029,2025-09-16,0.20361069190167516,0.12331532526561925,-0.31822043342800593
ROS1-36-0006,2025-09-16,0.19838576722123188,0.08828896435381357,-0.32196859827464874
ROS1-19-0018,2025-09-16,0.19664979067524768,0.0684059670480242,-0.27942592118175513
ROS1-25-0032,2025-09-16,0.2072945479289948,0.07761353747424876,-0.32148269079843267
ROS1-19-0012,2025-10-02,0.21381712657195448,0.10337728551771082,-0.3214950158588241
ROS1-20-0038,2025-10-02,0.18271081992560223,0.0821855935193402,-0.29551138048716574
ROS1-21-0003,2025-10-02,0.20244464834110454,0.08959808321114651,-0.30116273930717835
ROS1-25-0012,2025-10-02,0.20439631126929045,0.06937951729921958,-0.32051105197259433
ROS1-26-0018,2025-10-02,0.25954740172984525,0.12091504831421568,-0.3859995654379883
ROS1-30-0002,2025-10-02,0.217134302203069,0.08825427344868499,-0.3523176276609364
ROS1-31-0022,2025-10-02,0.19595755114613686,0.07099514977576679,-0.32993903401721664
ROS1-32-0025,2025-10-02,0.19508132269883752,0.12615395224516912,-0.3378641063875193
ROS1-37-0031,2025-10-02,0.18625032167873745,0.08728551650703871,-0.3270158699469212
ROS1-38-0004,2025-10-02,0.18390039511802495,0.12111479521660784,-0.3308027363888369
ROS1-25-0018,2025-10-02,0.18584683835735366,0.0892135773218133,-0.3130601007168979
ROS1-26-0030,2025-10-02,0.2243254312691303,0.11590510221557197,-0.3493055306240291
ROS1-27-0013,2025-10-02,0.1800544546222937,0.07243070392951312,-0.28322441007674454
ROS1-30-0015,2025-10-02,0.20064506490935363,0.11595384739301774,-0.3336422231743975
ROS1-31-0033,2025-10-02,0.19538491389480087,0.07028524448075793,-0.3341463190907039
ROS1-32-0029,2025-10-02,0.20168372309250232,0.11923667166726112,-0.3209630697472235
ROS1-36-0006,2025-10-02,0.20428667410501933,0.0872708948829737,-0.3284706141326117
ROS1-19-0018,2025-10-02,0.19833186201867986,0.0836475250631676,-0.2758814300719416
ROS1-25-0032,2025-10-02,0.22398763811637648,0.08862365081221613,-0.3369526120221488
ROS1-20-0038,2025-10-18,0.18171978308157902,0.07289309884039658,-0.2801573253777462
ROS1-26-0018,2025-10-18,0.22416775285020893,0.08826110672125302,-0.32209834888221317
ROS1-32-0025,2025-10-18,0.19639574652096747,0.11009559417152337,-0.3295670297180966
ROS1-25-0018,2025-10-18,0.1668365546978178,0.08633114952524049,-0.2513270100891249
ROS1-26-0030,2025-10-18,0.20422953147195333,0.08810547318668475,-0.31587007442705517
ROS1-27-0013,2025-10-18,0.20035176821563913,0.06561984807754466,-0.28511690823586233
ROS1-30-0015,2025-10-18,0.1627357065778439,0.048471039353964886,-0.24294698451377428
ROS1-36-0006,2025-10-18,0.19717069441369195,0.08225841803752648,-0.2944385901023024
ROS1-19-0018,2025-10-18,0.48195619049268845,0.08607555883950696,-0.525136258583823
ROS1-19-0012,2025-04-25,0.8166677755606138,0.621574619861273,-0.7284641852701191
ROS1-30-0002,2025-04-25,0.3582986486932949,0.188312425361378,-0.41351695993354803
ROS1-30-0015,2025-04-25,0.7753090167196042,0.46883268483399027,-0.7016256034079391
ROS1-36-0006,2025-04-25,0.2827321352943056,0.12577349778531693,-0.38651501958376755
ROS1-19-0018,2025-04-25,0.25265926440172526,0.10527704433843342,-0.3041521901173495
ROS1-25-0032,2025-04-25,0.8506768619175904,0.687455078532751,-0.7387378515628298
ROS1-18-0027,2025-05-27,0.2564823409352376,0.12623660665700623,-0.3330699029750033
ROS1-24-0030,2025-05-27,0.7266822897524858,0.5489007188943095,-0.6399358840533007
ROS1-30-0002,2025-05-27,0.29488618593630117,0.18824783267315565,-0.38931579592396287
ROS1-18-0014,2025-05-27,0.8267900460254652,0.6465970214755022,-0.7665727168404015
ROS1-24-0024,2025-05-27,0.7849396298366913,0.6578147273684887,-0.7319715338322522
ROS1-30-0015,2025-05-27,0.7580870306149646,0.49470157459795394,-0.7251360799552923
ROS1-36-0006,2025-05-27,0.27903149918746495,0.1571873011970355,-0.36517138345804784
ROS1-19-0018,2025-05-27,0.34473839166589676,0.2045350548014364,-0.3781516368734867
ROS1-24-0018,2025-05-27,0.8186633383558194,0.6411716100223148,-0.7520309265041109
ROS1-25-0032,2025-05-27,0.6842754511922725,0.4780196255969639,-0.6225198525230662
ROS1-18-0027,2025-06-12,0.28803350242058867,0.183555064940837,-0.3560089084420551
ROS1-19-0012,2025-06-12,0.3047017259552631,0.19629861265242426,-0.4560989687193159
ROS1-19-0018,2025-06-12,0.5809901470463757,0.3833042743333612,-0.5666099437011181
ROS1-18-0027,2025-06-28,0.19882742990049374,0.09869447245982112,-0.2892170201858749
ROS1-24-0030,2025-06-28,0.3882785914780887,0.22740475794687848,-0.4427058915043112
ROS1-30-0002,2025-06-28,0.6883022114745059,0.5049153917892216,-0.6634369186439095
ROS1-24-0024,2025-06-28,0.29784371527528053,0.17830162619350218,-0.4482053199691235
ROS1-30-0015,2025-06-28,0.32427789219777814,0.12234969664196926,-0.4572461350279245
ROS1-36-0006,2025-06-28,0.2312879808113355,0.1636220978000333,-0.3289687718627231
ROS1-19-0018,2025-06-28,0.739904753268765,0.6194326777290766,-0.6865766865247062
ROS1-18-0027,2025-07-14,0.19382355410536198,0.09083398096532669,-0.2828190357665566
ROS1-19-0012,2025-07-14,0.27154764248339375,0.13913212952567802,-0.36717594258331016
ROS1-24-0030,2025-07-14,0.3023138869247761,0.18229154739049022,-0.4153465036826546
ROS1-30-0002,2025-07-14,0.45689896685675185,0.2563352214199986,-0.5009171675244656
ROS1-18-0014,2025-07-14,0.20359248126886026,0.13060122004643376,-0.33365128355510726
ROS1-24-0024,2025-07-14,0.2339234997222079,0.1685449801091705,-0.3754754111101137
ROS1-30-0015,2025-07-14,0.2956620930742762,0.21977522226456925,-0.41393504175485546
ROS1-36-0006,2025-07-14,0.19186707784241155,0.11842287611208593,-0.3088206066548016
ROS1-19-0018,2025-07-14,0.4547812447955825,0.2671243881894541,-0.4716959368958519
ROS1-24-0018,2025-07-14,0.20920251339757975,0.15230149593982736,-0.36731783758358505
ROS1-25-0032,2025-07-14,0.2782208468849986,0.16654859412429202,-0.378689591112872
ROS1-18-0027,2025-07-30,0.19097184457352268,0.09617347252220396,-0.277004105275967
ROS1-19-0012,2025-07-30,0.3399330248645129,0.20638731277868264,-0.4113487441103371
ROS1-24-0030,2025-07-30,0.2810117518970019,0.17596514445949746,-0.402552160717226
ROS1-30-0002,2025-07-30,0.37038041502217867,0.20181035267946332,-0.43687000605548076
ROS1-18-0014,2025-07-30,0.20682663861536177,0.13618622484366621,-0.32114817637492143
ROS1-24-0024,2025-07-30,0.19961717736742232,0.11491049313221827,-0.30802853694498145
ROS1-30-0015,2025-07-30,0.2801484193387281,0.20275677485651805,-0.41075808207241776
ROS1-36-0006,2025-07-30,0.19788889745035698,0.12475519350436307,-0.3135576678895563
ROS1-19-0018,2025-07-30,0.3626219471342947,0.20516373680739822,-0.38812532877069567
ROS1-24-0018,2025-07-30,0.20243050332225485,0.14377087695218366,-0.35939016123397094
ROS1-25-0032,2025-07-30,0.1938843717444667,0.09142112210566763,-0.31565406061417717
ROS1-18-0027,2025-08-15,0.18348544153198637,0.09669063183065832,-0.2743135914694583
ROS1-19-0012,2025-08-15,0.24284716660239178,0.12287435180457056,-0.34486498338851485
ROS1-24-0030,2025-08-15,0.2209911133813916,0.16420939317910205,-0.371855446009906
ROS1-30-0002,2025-08-15,0.26774909894005444,0.13442715736527885,-0.37815649365031634
ROS1-18-0014,2025-08-15,0.19647038655749088,0.10240116787011508,-0.2934864185123471
ROS1-30-0015,2025-08-15,0.1828220159992243,0.1425993431773659,-0.2846651134238041
ROS1-36-0006,2025-08-15,0.20328990463620364,0.09908272600807515,-0.32373499069466155
ROS1-19-0018,2025-08-15,0.2250215649713894,0.12092987664791066,-0.3016217799482347
ROS1-24-0018,2025-08-15,0.18483895081635954,0.1307334453827182,-0.3210305267945667
ROS1-25-0032,2025-08-15,0.2161422104958976,0.10865029386226571,-0.3324063469236678
ROS1-18-0027,2025-08-31,0.18738151325607344,0.09877165955351423,-0.2714501804020164
ROS1-24-0030,2025-08-31,0.2174275834815301,0.149334542255894,-0.37142460969212027
ROS1-18-0014,2025-08-31,0.1969502902362527,0.1053924143749309,-0.2901893283788352
ROS1-24-0024,2025-08-31,0.19270921557697343,0.10773523967377298,-0.30187831370077506
ROS1-25-0032,2025-08-31,0.19519414243208608,0.10106362826871906,-0.3008477421246018
ROS1-19-0012,2025-09-16,0.20081588000669875,0.09303721217017699,-0.3089172868365454
ROS1-30-0002,2025-09-16,0.23037451772121287,0.10845282236630029,-0.35993227074758305
ROS1-18-0014,2025-09-16,0.1963716212784729,0.10406224196669014,-0.3040673368578011
ROS1-24-0024,2025-09-16,0.19435311381423143,0.1070011501833839,-0.30634018245774153
ROS1-30-0015,2025-09-16,0.19846080649134432,0.12197773355851711,-0.33769381559268
ROS1-36-0006,2025-09-16,0.1974261915780078,0.08820290656303496,-0.3194505012464438
ROS1-19-0018,2025-09-16,0.1969041740875034,0.06840865602389944,-0.27877935018399835
ROS1-25-0032,2025-09-16,0.20725788438261614,0.07753393852197646,-0.3207042183498118
ROS1-18-0027,2025-10-02,0.19469514200176075,0.09540443537902474,-0.2903125315813184
ROS1-19-0012,2025-10-02,0.21297201569182928,0.10353762819563227,-0.32056744822199557
ROS1-30-0002,2025-10-02,0.21614539509445216,0.08840906753964156,-0.35079652117575205
ROS1-18-0014,2025-10-02,0.22976213888000493,0.11197345526337273,-0.3196420430982168
ROS1-24-0024,2025-10-02,0.23361770087555855,0.11293106693259986,-0.3308469643552371
ROS1-30-0015,2025-10-02,0.20039309329965588,0.11610124706431058,-0.3340443760467912
ROS1-36-0006,2025-10-02,0.20329315544244814,0.0873398898512442,-0.32710737649903227
ROS1-19-0018,2025-10-02,0.19755488730115642,0.08367350970860905,-0.2753921801534458
ROS1-24-0018,2025-10-02,0.28863898291983703,0.16010582411616645,-0.37668912834705237
ROS1-25-0032,2025-10-02,0.22323705736472646,0.08858225115638238,-0.3364732410411382
ROS1-18-0027,2025-10-18,0.2833956750370691,0.0823195161768657,-0.3156934733162628
ROS1-24-0030,2025-10-18,0.21779517129424808,0.0928276639875061,-0.31587455755920624
ROS1-18-0014,2025-10-18,0.2601899989650037,0.1157192009162948,-0.3222600209850869
ROS1-24-0024,2025-10-18,0.23389851799488173,0.10762935816813902,-0.3327657110590533
ROS1-36-0006,2025-10-18,0.1959305283845244,0.08254787199685261,-0.29168781537914684
ROS1-19-0018,2025-10-18,0.5581587848678135,0.0789904196052502,-0.6022727473145815
ROS1-24-0018,2025-10-18,0.36342696983058664,0.27350603609943747,-0.4050750993926103
ROS1-29-0003,2025-04-16,0.46596710615338593,0.23365429081715192,-0.4622053027035065
ROS1-29-0005,2025-04-16,0.20823543353620932,0.09094987091842593,-0.2804079733655913
ROS1-28-0002,2025-05-18,0.2333737509018566,0.1008086488620731,-0.3189015400891638
ROS1-28-0015,2025-05-18,0.5840560340796964,0.35116175126266824,-0.5266006751833788
ROS1-22-0014,2025-06-03,0.3778729792610589,0.22301540534328881,-0.424476639241743
ROS1-28-0002,2025-06-03,0.2605234209698797,0.11650875683244667,-0.3167284531874578
ROS1-29-0003,2025-06-03,0.7646532289827428,0.424808182855275,-0.6936934008746841
ROS1-29-0005,2025-06-03,0.2818608188892705,0.1465595218632238,-0.3115408114168417
ROS1-28-0002,2025-07-05,0.2162271993043283,0.10197143786979077,-0.3000946221564091
ROS1-28-0015,2025-07-05,0.3256328507220509,0.15004765852161436,-0.46925438663088376
ROS1-22-0014,2025-07-21,0.5413145986115537,0.294076177959891,-0.530015429115926
ROS1-28-0002,2025-07-21,0.413718016645308,0.1593202804752615,-0.43081977477955236
ROS1-29-0003,2025-07-21,0.2319514953809331,0.09584243014428673,-0.33729736835432367
ROS1-29-0005,2025-07-21,0.7469889065534067,0.4368078567237207,-0.6611067641770959
ROS1-28-0002,2025-08-06,0.2041687459010031,0.10898320250020904,-0.25479642911707856
ROS1-29-0003,2025-08-06,0.2679943524902535,0.14344330617703727,-0.3449117285728896
ROS1-28-0015,2025-08-06,0.22088460964863113,0.02921273288307767,-0.20266499812186206
ROS1-22-0014,2025-08-22,0.2709797281866697,0.15907791043820413,-0.39115299821974914
ROS1-28-0002,2025-08-22,0.21208519570344547,0.07923694958021063,-0.3031725423358342
ROS1-29-0003,2025-08-22,0.21031792584828976,0.09491125813938886,-0.31877414882475796
ROS1-28-0015,2025-08-22,0.20173963550044793,0.06610657644665661,-0.28750792922718865
ROS1-29-0005,2025-08-22,0.37827195804129926,0.1866586453799008,-0.42317155515176236
ROS1-28-0002,2025-09-07,0.20653268478180237,0.09113650738003952,-0.2900850082236292
ROS1-29-0003,2025-09-07,0.3767232423992279,0.11848716748897738,-0.557177593377854
ROS1-28-0015,2025-09-07,0.2166349572352475,0.07620577368724793,-0.30701716413835284
ROS1-22-0014,2025-09-23,0.23343651578799476,0.1319163939934321,-0.375682200611524
ROS1-28-0002,2025-09-23,0.23265480650277495,0.09031587776806829,-0.3303767457558101
ROS1-29-0003,2025-09-23,0.20038907676059264,0.0882601216915456,-0.3195815639191138
ROS1-28-0015,2025-09-23,0.19731424349916088,0.06302061802896153,-0.3105561140011168
ROS1-29-0005,2025-09-23,0.27559917073945656,0.1516649987725251,-0.3974955425970471
ROS1-28-0002,2025-10-09,0.31245014479555017,0.1323812964458731,-0.35795417826674264
ROS1-29-0003,2025-10-09,0.19402585365561098,0.0846862032004088,-0.3102502668796441
ROS1-28-0015,2025-10-09,0.19414715679398079,0.06382285179447253,-0.29401786407900016
ROS1-21-0003,2025-04-16,0.2211589070541598,0.08824162557426048,-0.2965736289174395
ROS1-26-0018,2025-04-16,0.2212831269904403,0.09471468926699912,-0.3189532348109983
ROS1-15-0013,2025-04-16,0.439300146083009,0.22140239899639852,-0.4371373746463695
ROS1-21-0010,2025-04-16,0.2171507248162029,0.1070119831228169,-0.2984201149921597
ROS1-22-0022,2025-04-16,0.6785889369742586,0.445382079404046,-0.6115541625668082
ROS1-26-0030,2025-04-16,0.1972546730134065,0.08429919521414272,-0.310875718324016
ROS1-27-0013,2025-04-16,0.4127384534137063,0.20285221358405262,-0.4379298981100696
ROS1-15-0025,2025-04-16,0.5800243451507607,0.3413277758227025,-0.5504739573163084
ROS1-21-0037,2025-04-16,0.20676186472571223,0.09551713338307533,-0.31350252747873497
ROS1-22-0002,2025-04-16,0.2807900130426682,0.12061982743440747,-0.33893332359421996
ROS1-27-0019,2025-05-18,0.2905757847758404,0.1096402509149419,-0.37056171974735824
ROS1-28-0002,2025-05-18,0.23410423788250673,0.10078400244087858,-0.32063465090746357
ROS1-33-0020,2025-05-18,0.3315049209117384,0.19237705739139518,-0.4095250330617161
ROS1-15-0013,2025-05-18,0.7547138014068929,0.5863834143193772,-0.6830892567958545
ROS1-28-0015,2025-05-18,0.8365699288767908,0.528210076588963,-0.7589427129630785
ROS1-22-0002,2025-05-18,0.5258739009998313,0.15162663826178055,-0.45235315515078034
ROS1-21-0003,2025-06-03,0.3930733097838851,0.2269151284881894,-0.42153169902774634
ROS1-22-0014,2025-06-03,0.3778768467337445,0.22278535619427714,-0.42489863599291616
ROS1-26-0018,2025-06-03,0.3945612977943707,0.2117385094576782,-0.41312939243537955
ROS1-27-0019,2025-06-03,0.28452257812077514,0.13290485321524137,-0.34850631977856894
ROS1-28-0002,2025-06-03,0.2607535433840733,0.11640718151787295,-0.3175076956487917
ROS1-33-0020,2025-06-03,0.4034451064196738,0.2655726185900425,-0.456720259147813
ROS1-15-0013,2025-06-03,0.6388044760111316,0.3800822340280681,-0.6317268887697546
ROS1-21-0010,2025-06-03,0.27118169886681964,0.12546593760747443,-0.3421550605844143
ROS1-22-0022,2025-06-03,0.8568868942890293,0.6321589041088769,-0.7814262081420107
ROS1-26-0030,2025-06-03,0.32430902287389,0.17218422843538542,-0.3779042394674451
ROS1-27-0013,2025-06-03,0.5442492155958039,0.30125299496728025,-0.5615823639180013
ROS1-28-0015,2025-06-03,0.8356607783568639,0.52808102496854,-0.7578139220810637
ROS1-15-0025,2025-06-03,0.6213323450016597,0.36413507708208964,-0.626208796500584
ROS1-21-0037,2025-06-03,0.254697422073764,0.12269585787702944,-0.3327442562044341
ROS1-22-0002,2025-06-03,0.3499880240578013,0.1773018903228632,-0.3626201136960669
ROS1-22-0022,2025-06-19,0.6808105800504072,0.41259477849905357,-0.6128375511080955
ROS1-22-0002,2025-06-19,0.35805982816305937,0.17509424550764124,-0.3131693733973634
ROS1-21-0003,2025-07-05,0.2867988877104158,0.18563507662937795,-0.3767874966563188
ROS1-28-0002,2025-07-05,0.2177056698183432,0.10227173257252514,-0.3020611235930703
ROS1-15-0013,2025-07-05,0.2953413132017302,0.160503304029384,-0.41682276553382724
ROS1-21-0010,2025-07-05,0.594074567070368,0.3575980768854457,-0.5819090921721156
ROS1-26-0030,2025-07-05,0.5459091339881483,0.3333290054357612,-0.5708496611224503
ROS1-27-0013,2025-07-05,0.2972672175136274,0.1498209859939097,-0.4129947667878232
ROS1-28-0015,2025-07-05,0.31632976894569415,0.14513504300611008,-0.46510901834008933
ROS1-15-0025,2025-07-05,0.3095146615221447,0.14225137311520936,-0.41691076695252954
ROS1-21-0037,2025-07-05,0.19944400192692965,0.09499499174990488,-0.3122790890229011
ROS1-21-0003,2025-07-21,0.5999106927096979,0.3303400727475995,-0.5771242104830976
ROS1-22-0014,2025-07-21,0.5420732388963092,0.2940945448074976,-0.530730949055826
ROS1-26-0018,2025-07-21,0.5378475655297709,0.27116178326151097,-0.5537508011983219
ROS1-27-0019,2025-07-21,0.23665920464008441,0.09795323113642448,-0.3394208421166979
ROS1-28-0002,2025-07-21,0.4148582623243161,0.15938508819446315,-0.43170946293435
ROS1-33-0020,2025-07-21,0.7012156922527412,0.4259868783861743,-0.647084670787954
ROS1-15-0013,2025-07-21,0.21847039416785383,0.12698471494365549,-0.3255798798853388
ROS1-21-0010,2025-07-21,0.7964107461513065,0.47041193739201936,-0.708236642956323
ROS1-22-0022,2025-07-21,0.22302113140655289,0.1320271031320737,-0.3554115072323024
ROS1-26-0030,2025-07-21,0.3385062774707454,0.16607529746821026,-0.4088865884203794
ROS1-27-0013,2025-07-21,0.21056796139137274,0.13569177325520207,-0.32428055592691285
ROS1-28-0015,2025-07-21,0.1965681760430506,0.1231985287735352,-0.3342198312148755
ROS1-15-0025,2025-07-21,0.22715994509031984,0.1327592486197567,-0.33705852668179653
ROS1-22-0002,2025-07-21,0.35816440326576143,0.11762879535375428,-0.3793762298726663
ROS1-21-0003,2025-08-06,0.3495228655496402,0.17525249872127063,-0.41974752915060143
ROS1-26-0018,2025-08-06,0.5017629000320961,0.2545362623687889,-0.5251785887945697
ROS1-27-0019,2025-08-06,0.231691777377966,0.09727275347119381,-0.34797287023854423
ROS1-28-0002,2025-08-06,0.19095586258954433,0.11066571105183035,-0.23302304579339986
ROS1-33-0020,2025-08-06,0.4192204566363926,0.22827623836660207,-0.4602345307561053
ROS1-15-0013,2025-08-06,0.23269159273035478,0.14141269233023396,-0.34949924966494245
ROS1-21-0010,2025-08-06,0.5346463129236001,0.2770514639760158,-0.5352218324856876
ROS1-26-0030,2025-08-06,0.3055398178704587,0.14753055961923423,-0.39473618058572363
ROS1-27-0013,2025-08-06,0.2119192972028927,0.1342677637742209,-0.33264692005722063
ROS1-15-0025,2025-08-06,0.26584405243596165,0.03834387178197863,-0.2538949362555393
ROS1-21-0037,2025-08-06,0.18867783930663,0.08717516684299448,-0.3106701361976503
ROS1-21-0003,2025-08-22,0.2823808147279945,0.13845252909631275,-0.37756056931992904
ROS1-22-0014,2025-08-22,0.2714787922064759,0.15920998337654932,-0.3920594621081051
ROS1-26-0018,2025-08-22,0.3704081568318642,0.16791103007000233,-0.44336815698760496
ROS1-27-0019,2025-08-22,0.21327201462063605,0.09252913494508677,-0.32227928970186365
ROS1-28-0002,2025-08-22,0.21291401195154633,0.07933279715604075,-0.30494514902015313
ROS1-33-0020,2025-08-22,0.27979150375914247,0.14746923845092866,-0.38955515225692866
ROS1-15-0013,2025-08-22,0.19764005723644906,0.0911311837592701,-0.3039656746143999
ROS1-21-0010,2025-08-22,0.4913328907991797,0.23764360138264928,-0.49649943056784174
ROS1-22-0022,2025-08-22,0.3349180077892835,0.19688454201290292,-0.44559144340521234
ROS1-26-0030,2025-08-22,0.2519910145233498,0.11729094431130097,-0.3563937278862402
ROS1-27-0013,2025-08-22,0.19623207985090999,0.12247719512295407,-0.32315143326533025
ROS1-28-0015,2025-08-22,0.20348254097199112,0.07000783873458466,-0.299680807298142
ROS1-15-0025,2025-08-22,0.2085215585828849,0.09508235932788184,-0.3143544833230726
ROS1-21-0037,2025-08-22,0.1768873308282752,0.07880416253080388,-0.2947973948972746
ROS1-22-0002,2025-08-22,0.2305002276535027,0.08889692378404271,-0.2885815166197892
ROS1-21-0003,2025-09-07,0.2696186334620332,0.12176555329261396,-0.3621394204065168
ROS1-26-0018,2025-09-07,0.3154110357572383,0.13579396212546113,-0.4108486953804008
ROS1-28-0002,2025-09-07,0.20380493116352139,0.09087181055372671,-0.28487184235623825
ROS1-33-0020,2025-09-07,0.2671534019791255,0.14363135143376654,-0.37714257557102976
ROS1-15-0013,2025-09-07,0.21439735446860073,0.09589526898895954,-0.32276717495021484
ROS1-21-0010,2025-09-07,0.38072705961407105,0.17541370242540855,-0.43108900350566726
ROS1-22-0022,2025-09-07,0.22003262058909542,0.07122515276101986,-0.3035164668895731
ROS1-26-0030,2025-09-07,0.23869142293244378,0.10945190108536595,-0.3469328214959629
ROS1-27-0013,2025-09-07,0.20583732943851737,0.07470421240968814,-0.3057354607114236
ROS1-28-0015,2025-09-07,0.21750043982774053,0.07743463891641246,-0.30979422910630766
ROS1-15-0025,2025-09-07,0.20710668918523226,0.09164764497941388,-0.32134259593426884
ROS1-21-0037,2025-09-07,0.1806740742960957,0.07662058729810184,-0.2970025846259668
ROS1-21-0003,2025-09-23,0.2112381657406533,0.07905320886560908,-0.31620803268189773
ROS1-22-0014,2025-09-23,0.23389086423133443,0.13217959959388467,-0.3763035358983005
ROS1-26-0018,2025-09-23,0.29896261727110734,0.14415110332739373,-0.41879689517342983
ROS1-27-0019,2025-09-23,0.2312383919404601,0.09220753869847371,-0.35528145399845074
ROS1-28-0002,2025-09-23,0.23285865957073568,0.09049742011054308,-0.3305307179008159
ROS1-33-0020,2025-09-23,0.25998578182507626,0.11143515539661583,-0.3883856534879299
ROS1-15-0013,2025-09-23,0.20088841367809465,0.0839299324953016,-0.31142298837380417
ROS1-21-0010,2025-09-23,0.2770736372024767,0.11464755522686912,-0.37587937743909455
ROS1-22-0022,2025-09-23,0.2124811914505827,0.06917879580936749,-0.3127525082853731
ROS1-26-0030,2025-09-23,0.22737909513740942,0.10207757969522925,-0.34927590326940394
ROS1-27-0013,2025-09-23,0.1880814901348941,0.0702655817422808,-0.29289914911800663
ROS1-28-0015,2025-09-23,0.19755835504328956,0.06314615574420236,-0.31088658359809335
ROS1-15-0025,2025-09-23,0.2095547227772001,0.09190499201614485,-0.32313110735921974
ROS1-21-0037,2025-09-23,0.1751170967832999,0.07580566551749986,-0.2945053844306875
ROS1-22-0002,2025-09-23,0.23243420780461155,0.06977241760130783,-0.325348771639867
ROS1-27-0019,2025-10-09,0.18973655258088917,0.09696118706634914,-0.2762091968497233
ROS1-28-0002,2025-10-09,0.3115831476224722,0.13262795900475824,-0.35762127659562665
ROS1-33-0020,2025-10-09,0.2453829851962178,0.11505378847332923,-0.3643625975195935
ROS1-28-0015,2025-10-09,0.19376602384828268,0.06378898639034607,-0.2949192966430336
ROS1-19-0012,2025-04-16,0.7982003899266709,0.5048812571719893,-0.706858672792765
ROS1-20-0038,2025-04-16,0.5329248414743992,0.29019887725946053,-0.5173597170710355
ROS1-21-0003,2025-04-16,0.22082739826328188,0.08809338040495895,-0.29694762352671905
ROS1-26-0018,2025-04-16,0.22068057344737826,0.09470936712167087,-0.3183953014393775
ROS1-08-0025,2025-04-16,0.19654793926116082,0.0823313619324355,-0.253734403578224
ROS1-14-0009,2025-04-16,0.7644324539453832,0.48741313496462585,-0.6648457753522047
ROS1-18-0014,2025-04-16,0.7184993125013985,0.4998303116049178,-0.6375724406564535
ROS1-19-0004,2025-04-16,0.5935908509127313,0.2735348804556085,-0.540794384067092
ROS1-20-0017,2025-04-16,0.3614337072992205,0.17304807134604971,-0.3828973715522084
ROS1-26-0030,2025-04-16,0.1968577122459959,0.0840820001701969,-0.3111646254985095
ROS1-13-0020,2025-04-16,0.7980884312410264,0.5234325626524944,-0.7053714325960181
ROS1-14-0031,2025-04-16,0.25946062108025897,0.10901177032542685,-0.29512815659678476
ROS1-19-0018,2025-04-16,0.22097835691315557,0.10175480162320433,-0.27675193127312403
ROS1-20-0026,2025-04-16,0.6753207437367451,0.3980998541285479,-0.6387971665427563
ROS1-19-0012,2025-06-03,0.45035173036517406,0.2745470390195461,-0.5539211830723753
ROS1-20-0038,2025-06-03,0.5537063158584459,0.30312073739884293,-0.5671431445611389
ROS1-21-0003,2025-06-03,0.3936713173800238,0.22628536217398318,-0.4230441342633442
ROS1-26-0018,2025-06-03,0.3924809561112874,0.21071857388110923,-0.4118950332352261
ROS1-07-0020,2025-06-03,0.49462149667074784,0.3051170958101806,-0.5262029461548716
ROS1-08-0025,2025-06-03,0.2831498648635611,0.15462054312568926,-0.3214983231930218
ROS1-13-0000,2025-06-03,0.6460648514243434,0.4078956028155062,-0.6479304824101774
ROS1-14-0009,2025-06-03,0.5075461101065342,0.2900751564478029,-0.5444807932055918
ROS1-18-0014,2025-06-03,0.8286543544167643,0.5552521937449544,-0.7611723228083308
ROS1-19-0004,2025-06-03,0.7091614829758364,0.4323027091284201,-0.6679007964113021
ROS1-20-0017,2025-06-03,0.499778157847118,0.2785834874636519,-0.4982484283829973
ROS1-26-0030,2025-06-03,0.3253825668655651,0.17170334359522604,-0.3801255983746728
ROS1-13-0020,2025-06-03,0.8702917526048211,0.6235066145436557,-0.8033877768591192
ROS1-14-0031,2025-06-03,0.5033105756195718,0.2854608082806143,-0.4713853926433622
ROS1-19-0018,2025-06-03,0.4905402811757152,0.2885505319802464,-0.4877099521126993
ROS1-20-0026,2025-06-03,0.5628735087947807,0.3102747268763185,-0.5929664921965361
ROS1-19-0012,2025-07-05,0.25058670175510805,0.11758926573877757,-0.36022738508490215
ROS1-20-0038,2025-07-05,0.2897471235451618,0.1414217346174922,-0.388557496548431
ROS1-21-0003,2025-07-05,0.25173025570228974,0.1643056647186327,-0.34403819926214557
ROS1-07-0020,2025-07-05,0.2758992457139833,0.1391907425439764,-0.36989051909001514
ROS1-08-0025,2025-07-05,0.5658928928320799,0.357782008297795,-0.5636440525509298
ROS1-13-0000,2025-07-05,0.2541331063858884,0.11254905135327448,-0.34522257846875887
ROS1-14-0009,2025-07-05,0.28321059877088883,0.11247343871719673,-0.36110531931870854
ROS1-18-0014,2025-07-05,0.27812133400457245,0.14065765427574675,-0.4106747958870056
ROS1-20-0017,2025-07-05,0.3706012470361917,0.21262436683818978,-0.4527148837991989
ROS1-26-0030,2025-07-05,0.5566318660293197,0.34097422214568557,-0.5750377389375003
ROS1-07-0031,2025-07-05,0.5707139743772621,0.34065723377816226,-0.5619348201116502
ROS1-13-0020,2025-07-05,0.2757629005759374,0.15731374578794738,-0.4112668652319512
ROS1-14-0031,2025-07-05,0.752593470317899,0.537433814112838,-0.671394033719934
ROS1-19-0018,2025-07-05,0.7144285710859907,0.47604943704776,-0.6715021637347389
ROS1-20-0026,2025-07-05,0.34146351725900187,0.1584864601497397,-0.44666755180167256
ROS1-19-0012,2025-07-21,0.2845648734679856,0.1477303593081838,-0.3635271011750491
ROS1-20-0038,2025-07-21,0.24162072088078035,0.11599995087061787,-0.3421003121433939
ROS1-21-0003,2025-07-21,0.6020417798107494,0.3316693911068285,-0.579131423016956
ROS1-26-0018,2025-07-21,0.5379316292892314,0.2723217237204743,-0.5537744410967521
ROS1-07-0020,2025-07-21,0.24780782823304134,0.12950717487613223,-0.34116367041780504
ROS1-13-0000,2025-07-21,0.23008695994786585,0.15130090536075935,-0.37579497275498397
ROS1-14-0009,2025-07-21,0.24753903630472704,0.162786004845267,-0.3608861255489958
ROS1-18-0014,2025-07-21,0.20807356940712673,0.11525804648210568,-0.34270048175168255
ROS1-19-0004,2025-07-21,0.20095175947754326,0.08671278271027642,-0.307250810654012
ROS1-20-0017,2025-07-21,0.27428319208964286,0.15508235722425812,-0.3672677100596725
ROS1-26-0030,2025-07-21,0.3411294148399518,0.16604956148416933,-0.4134675393462069
ROS1-07-0031,2025-07-21,0.4401577900956999,0.21450112378906375,-0.4676424563642605
ROS1-13-0020,2025-07-21,0.25060443760284723,0.20384262553336485,-0.3936584797860206
ROS1-14-0031,2025-07-21,0.7574561571222469,0.497491739371957,-0.6797081158037575
ROS1-19-0018,2025-07-21,0.6348671405827918,0.29252046206741356,-0.5766407471938022
ROS1-20-0026,2025-07-21,0.2887062948237608,0.16938015885704902,-0.38892674950195993
ROS1-19-0012,2025-08-06,0.3627308101491491,0.20898214687212918,-0.4419312829420759
ROS1-20-0038,2025-08-06,0.2061011712158058,0.08821285964814184,-0.323165730498461
ROS1-21-0003,2025-08-06,0.34952210737358164,0.17538196914718288,-0.419928068808835
ROS1-26-0018,2025-08-06,0.5009419550378464,0.2547977322150393,-0.5243200062806231
ROS1-07-0020,2025-08-06,0.2333268172450281,0.12342291509062259,-0.32799096284025814
ROS1-08-0025,2025-08-06,0.6232178594996731,0.4017449074281325,-0.5974363841080118
ROS1-13-0000,2025-08-06,0.18991631900484676,0.09371525499032124,-0.3073028161650279
ROS1-14-0009,2025-08-06,0.22102018763558615,0.13477326800267608,-0.34942676286851215
ROS1-18-0014,2025-08-06,0.225293541258004,0.14348160110751063,-0.3405581835349196
ROS1-19-0004,2025-08-06,0.20111656496371638,0.09266501569293115,-0.3040582143099805
ROS1-20-0017,2025-08-06,0.27888032561192483,0.15253857294464113,-0.3734894193136053
ROS1-26-0030,2025-08-06,0.3073714497714836,0.14753570056662274,-0.39781263539696704
ROS1-07-0031,2025-08-06,0.4315107437911992,0.21217381922709913,-0.4484109093048151
ROS1-13-0020,2025-08-06,0.19246236528213068,0.11100352461701779,-0.3274788186796465
ROS1-14-0031,2025-08-06,0.6789818780567325,0.42417840555563624,-0.6293851030282914
ROS1-19-0018,2025-08-06,0.3293318127774303,0.17313067852567185,-0.37362556762082305
ROS1-20-0026,2025-08-06,0.29565534571761093,0.1791313708299738,-0.4112199473014845
ROS1-19-0012,2025-08-22,0.21127107387302538,0.09168566042992068,-0.32136505584922
ROS1-20-0038,2025-08-22,0.18319892889165082,0.08134799243241272,-0.2903878151094447
ROS1-21-0003,2025-08-22,0.28252186097783544,0.13871988960564782,-0.37800990869743994
ROS1-26-0018,2025-08-22,0.3690972573324668,0.16818731977932286,-0.4419658812449827
ROS1-07-0020,2025-08-22,0.21901987644147602,0.11668049964433198,-0.3122633806881509
ROS1-08-0025,2025-08-22,0.5193483631887303,0.30782744695585645,-0.5162052325735215
ROS1-13-0000,2025-08-22,0.1881189158187495,0.08698279280229862,-0.30169952123783433
ROS1-14-0009,2025-08-22,0.1994948395645385,0.11326968655033588,-0.32113429042579555
ROS1-18-0014,2025-08-22,0.1971766226405728,0.09492507482441816,-0.30377882390659355
ROS1-19-0004,2025-08-22,0.21648274907241263,0.10052188073526039,-0.30758765249732123
ROS1-20-0017,2025-08-22,0.2377184259589794,0.12372571159800344,-0.3421176441945809
ROS1-26-0030,2025-08-22,0.25309035867911056,0.11728181562970147,-0.35913254758879076
ROS1-07-0031,2025-08-22,0.3046139104422975,0.1374405678015455,-0.3769469180653899
ROS1-13-0020,2025-08-22,0.17735980786697267,0.09721065640352267,-0.3114523612930596
ROS1-14-0031,2025-08-22,0.5317539821459695,0.3126485571714943,-0.5528588918048476
ROS1-19-0018,2025-08-22,0.25623581274982327,0.14976292440769767,-0.36877598759434965
ROS1-20-0026,2025-08-22,0.274208493583765,0.1622055023867906,-0.40106185305106656
ROS1-19-0012,2025-09-07,0.2121612262944299,0.09765382155237697,-0.3304844348969097
ROS1-20-0038,2025-09-07,0.20579590274916765,0.08840873017311537,-0.3187836215628693
ROS1-21-0003,2025-09-07,0.269363110151829,0.12190467975035241,-0.3617747139911304
ROS1-26-0018,2025-09-07,0.3136166241183938,0.13567134404749148,-0.4083381177269964
ROS1-07-0020,2025-09-07,0.21157509847945644,0.11238998601037849,-0.3091681637176721
ROS1-08-0025,2025-09-07,0.39174751984595796,0.19485703312498773,-0.43708276562596476
ROS1-13-0000,2025-09-07,0.18887530489032267,0.08370728146943072,-0.3017454473677813
ROS1-14-0009,2025-09-07,0.2031227145715364,0.11892958923110933,-0.33259134481878394
ROS1-18-0014,2025-09-07,0.18925450913313732,0.09356472031519512,-0.2983063313536347
ROS1-19-0004,2025-09-07,0.20150295021825734,0.08122058511339603,-0.3019688553914697
ROS1-20-0017,2025-09-07,0.20617309405814632,0.08572899684813916,-0.3114270803706538
ROS1-26-0030,2025-09-07,0.23936443152330386,0.10937730041082416,-0.34861165342888684
ROS1-07-0031,2025-09-07,0.29786480151294864,0.15281744735407754,-0.39908674816202755
ROS1-13-0020,2025-09-07,0.18491833142484165,0.08965357623486851,-0.3175919198608053
ROS1-14-0031,2025-09-07,0.47289352129863754,0.27103241635793734,-0.5388265708785717
ROS1-19-0018,2025-09-07,0.19273378575484254,0.09325353398850215,-0.2820683024013545
ROS1-20-0026,2025-09-07,0.21473928783122334,0.08369659033103397,-0.3198044433232419
ROS1-19-0012,2025-09-23,0.21666908794154985,0.09817788493345407,-0.3358952216536456
ROS1-20-0038,2025-09-23,0.19671694224189762,0.0816646294352996,-0.31202878633762354
ROS1-21-0003,2025-09-23,0.21227549222035147,0.07934876362721448,-0.3175384949361837
ROS1-26-0018,2025-09-23,0.2997569761543332,0.144521216717296,-0.41964925972934597
ROS1-07-0020,2025-09-23,0.2342399208000526,0.12696883096147585,-0.331050370460529
ROS1-08-0025,2025-09-23,0.3243799954492086,0.1436866797435665,-0.3905208340613987
ROS1-13-0000,2025-09-23,0.19565008688008045,0.08175135701653093,-0.2974908161011454
ROS1-14-0009,2025-09-23,0.18661491192354523,0.09785223664666193,-0.30182727671657594
ROS1-18-0014,2025-09-23,0.20534626479347806,0.09703850841485782,-0.3068571433996942
ROS1-19-0004,2025-09-23,0.25581033830269984,0.10413185403989668,-0.33659530548110156
ROS1-20-0017,2025-09-23,0.19621646902012435,0.08199960112574914,-0.30489817045801887
ROS1-26-0030,2025-09-23,0.22821887998470378,0.10242929099866985,-0.35011860168903797
ROS1-07-0031,2025-09-23,0.26677003874866506,0.11784474819161525,-0.36976000703972167
ROS1-13-0020,2025-09-23,0.18112811683832108,0.08012156170635043,-0.3034142797297646
ROS1-14-0031,2025-09-23,0.40481363867482417,0.22727701489513416,-0.5060313316690108
ROS1-19-0018,2025-09-23,0.19436230841831445,0.07763103952817524,-0.2761889972364307
ROS1-20-0026,2025-09-23,0.20857881057849792,0.08104124212632849,-0.3181953813336396
ROS1-18-0014,2025-04-16,0.7195981163119806,0.49813256014944274,-0.6379464780393213
ROS1-18-0027,2025-06-03,0.24958546824982308,0.12603744373005724,-0.3077292591462892
ROS1-18-0014,2025-06-03,0.8371438851707904,0.5652478677537793,-0.7648076059651385
ROS1-07-0031,2025-06-19,0.5638311740280489,0.3637992804929126,-0.5589667035556337
ROS1-18-0027,2025-07-05,0.2002356568318157,0.09455582683846872,-0.30249427469839135
ROS1-18-0014,2025-07-05,0.2765477793897626,0.14138659793859717,-0.4060595929192064
ROS1-07-0031,2025-07-05,0.5710835827885911,0.34107183480476283,-0.5612115420495103
ROS1-18-0027,2025-07-21,0.2292988376971374,0.07244282519532698,-0.3136720397600378
ROS1-18-0014,2025-07-21,0.2064949237609703,0.11579644457677155,-0.3398330986731356
ROS1-07-0031,2025-07-21,0.4438333451615702,0.21764331362304662,-0.4694571641361538
ROS1-18-0027,2025-08-06,0.2057091104445974,0.11858869437047843,-0.27257722280302354
ROS1-18-0014,2025-08-06,0.22368755833426487,0.14370894799871536,-0.3380320846128812
ROS1-07-0031,2025-08-06,0.4326645403175438,0.2137641492666265,-0.44818475534417496
ROS1-18-0027,2025-08-22,0.18317976659483928,0.07860360561124408,-0.28438645034729154
ROS1-18-0014,2025-08-22,0.1977357061401573,0.09520593071740448,-0.30472988460558925
ROS1-07-0031,2025-08-22,0.307476575688134,0.1389650931723358,-0.37911421381657234
ROS1-18-0027,2025-09-07,0.183680581136411,0.07688087128688283,-0.28154590245295025
ROS1-18-0014,2025-09-07,0.1909479839533681,0.09417073661865608,-0.30082339082845716
ROS1-07-0031,2025-09-07,0.2994650045131114,0.15369185905649904,-0.4009685377933159
ROS1-18-0027,2025-09-23,0.18943916064832048,0.09190050948300164,-0.29515675630629307
ROS1-18-0014,2025-09-23,0.2058226301708886,0.09701704163520876,-0.3068031358168584
ROS1-07-0031,2025-09-23,0.26869273424048007,0.11800055230008902,-0.37180729572925864
ROS1-22-0014,2025-04-23,0.2516333131428326,0.0824791359513329,-0.33169785063381396
ROS1-22-0002,2025-04-23,0.23681439830913278,0.08726736153469575,-0.3048148358143506
ROS1-22-0014,2025-05-25,0.27018665721510543,0.14406010638581154,-0.37129837850830116
ROS1-22-0002,2025-05-25,0.264075250973459,0.08708881923861117,-0.3617561810026351
ROS1-22-0014,2025-07-12,0.42244417921086236,0.22795337184321493,-0.4629796009633621
ROS1-22-0002,2025-07-12,0.27317855025535687,0.1133549452696035,-0.3424561056112293
ROS1-22-0014,2025-07-28,0.5787009880607115,0.3211950095332245,-0.5517871662856375
ROS1-22-0002,2025-07-28,0.3700789957364588,0.1588295223289321,-0.40503992875924605
ROS1-22-0002,2025-08-13,0.34635249153736825,0.17838108061602376,-0.3755840003724386
ROS1-22-0014,2025-08-29,0.25173149435291065,0.1358500256783874,-0.38975048509171634
ROS1-22-0002,2025-08-29,0.23384724831232956,0.07609446777480698,-0.32704884633052617
ROS1-22-0014,2025-09-14,0.23290628959459522,0.13079372212067064,-0.3777218104631971
ROS1-22-0002,2025-09-14,0.22288245141085658,0.07274272276760675,-0.3228329585751057
ROS1-22-0014,2025-09-30,0.22595633624774603,0.12530386055305112,-0.37141928643115757
ROS1-22-0002,2025-09-30,0.23299029599479365,0.06403799874950002,-0.34332592894754543
ROS1-15-0013,2025-04-23,0.5740659599356268,0.2990850851563793,-0.5394232784652768
ROS1-14-0031,2025-04-23,0.2891575965010605,0.11744500321584697,-0.3259756243920935
ROS1-15-0025,2025-04-23,0.6741581383319647,0.3788802243414552,-0.6159097751413692
ROS1-22-0002,2025-04-23,0.23513474456903014,0.08697707232514111,-0.30135339213586687
ROS1-15-0013,2025-05-25,0.7659931605999489,0.471450573276701,-0.7073683778415701
ROS1-22-0022,2025-05-25,0.8962729734919085,0.7073668516632708,-0.8218602685365645
ROS1-14-0031,2025-05-25,0.40573203390391793,0.18933668210604404,-0.42552679149037664
ROS1-15-0025,2025-05-25,0.7659084356546686,0.4627163938343599,-0.7133708007556014
ROS1-22-0002,2025-05-25,0.2632131844666769,0.08708850028838458,-0.36083024565676247
ROS1-15-0013,2025-07-12,0.224993063526808,0.1612260616578802,-0.362887885381216
ROS1-22-0022,2025-07-12,0.26693146191869654,0.12303922477417314,-0.4208928044345075
ROS1-14-0031,2025-07-12,0.7074741945875862,0.4509679650890439,-0.6553337578816593
ROS1-15-0025,2025-07-12,0.30365787271446215,0.140465491735484,-0.4177335512078428
ROS1-22-0002,2025-07-12,0.2737071964809803,0.11387509940484385,-0.3423469100745986
ROS1-15-0013,2025-07-28,0.22710691811353662,0.12834913360158154,-0.3372639115877902
ROS1-22-0022,2025-07-28,0.22731098531291152,0.13091273806234188,-0.35384508136619564
ROS1-14-0031,2025-07-28,0.738263168637235,0.46519004397044195,-0.6725330554179832
ROS1-15-0025,2025-07-28,0.25067534252517154,0.133597003859784,-0.3548240817752585
ROS1-22-0002,2025-07-28,0.37061163000552594,0.1597221256266519,-0.40491866115604874
ROS1-22-0022,2025-08-13,0.3223640207661476,0.17848417350999624,-0.43684751207580375
ROS1-14-0031,2025-08-13,0.6345354739825286,0.3814096194362487,-0.6074485412940074
ROS1-22-0002,2025-08-13,0.3473948627238585,0.1794971408883112,-0.3763790708211627
ROS1-15-0013,2025-08-29,0.20053413835773756,0.08535298859396297,-0.31489410282899927
ROS1-22-0022,2025-08-29,0.2406461194031138,0.06885288397063656,-0.3523782682008598
ROS1-14-0031,2025-08-29,0.5077616965307943,0.2806605019251857,-0.5511375705430883
ROS1-15-0025,2025-08-29,0.2050709408072541,0.08644463692818066,-0.32000876922979193
ROS1-22-0002,2025-08-29,0.23366438320030877,0.0763379532200433,-0.3251079141463577
ROS1-15-0013,2025-09-14,0.20202246638915466,0.08621004913502756,-0.3218221124401331
ROS1-22-0022,2025-09-14,0.23175835906968334,0.06692968851416672,-0.3476129576981987
ROS1-14-0031,2025-09-14,0.45637054260913035,0.24766895561654717,-0.5401412729854083
ROS1-15-0025,2025-09-14,0.20882719117776938,0.08701370374928231,-0.322005076021684
ROS1-22-0002,2025-09-14,0.22147741251757663,0.07276889663971543,-0.3185383907739861
ROS1-15-0013,2025-09-30,0.18976165486997373,0.0788103260977103,-0.306349464035978
ROS1-22-0022,2025-09-30,0.22122829887964376,0.06545023548658373,-0.34335783153419
ROS1-15-0025,2025-09-30,0.2004740404683738,0.08750017371613046,-0.31873165280619725
ROS1-22-0002,2025-09-30,0.23302873791515896,0.0641945671266574,-0.3424915443779067
ROS1-15-0013,2025-10-16,0.20433336890010845,0.07406344955868527,-0.3018508567095213
ROS1-14-0031,2025-10-16,0.2940938694350493,0.13012821832535235,-0.39193955936370256
ROS1-15-0025,2025-10-16,0.21217304040632706,0.08291266798532439,-0.3171852928587366
ROS1-01-0044,2025-04-23,0.3806320369770643,0.2065397962364844,-0.40521467378288895
ROS1-07-0020,2025-04-23,0.7249876143951873,0.4504269691615102,-0.6657558925218343
ROS1-08-0025,2025-04-23,0.21823968360323062,0.07945602609987963,-0.2829915380769766
ROS1-01-0009,2025-04-23,0.44721562156373884,0.24302547370752975,-0.43462706200902257
ROS1-07-0031,2025-04-23,0.6608989163261682,0.36297290045613095,-0.6320360300599628
ROS1-14-0031,2025-04-23,0.28904645159291276,0.11745637580463529,-0.3265774274271153
ROS1-01-0009,2025-05-09,0.7488525548238872,0.5345486083545111,-0.6221348134822451
ROS1-07-0031,2025-05-09,0.29493412966780513,0.1277553105820588,-0.3435477701593667
ROS1-01-0044,2025-05-25,0.7797459331731934,0.6309977936077455,-0.6797950317409978
ROS1-07-0020,2025-05-25,0.5965847931671562,0.35852862830859433,-0.5897226958998154
ROS1-08-0025,2025-05-25,0.22254919942905796,0.09443865918296239,-0.30030172234242586
ROS1-01-0009,2025-05-25,0.7649800412999436,0.5852149092007922,-0.6679455432533051
ROS1-07-0031,2025-05-25,0.28228520263059614,0.15197030145895835,-0.3558258678507963
ROS1-14-0031,2025-05-25,0.4084613186308268,0.19009755541291667,-0.42955624163407774
ROS1-01-0044,2025-07-12,0.23556391396164128,0.16843785046301651,-0.3728528547664228
ROS1-07-0020,2025-07-12,0.2336694960337408,0.14500287963939723,-0.35176034981466003
ROS1-08-0025,2025-07-12,0.4853589930002472,0.2832356545567528,-0.5084850892790674
ROS1-01-0009,2025-07-12,0.26542139984596325,0.15369336055709729,-0.36348124628659506
ROS1-07-0031,2025-07-12,0.41418460762227893,0.19010273329820257,-0.45113158420923677
ROS1-14-0031,2025-07-12,0.7094422945474156,0.4511490377864253,-0.6572133861839601
ROS1-01-0044,2025-07-28,0.24455713875114493,0.16836024614927586,-0.38999480515063595
ROS1-07-0020,2025-07-28,0.23780793680698334,0.12198821338997388,-0.3380899759177958
ROS1-08-0025,2025-07-28,0.629035633095979,0.40812294705456803,-0.6060850336926336
ROS1-01-0009,2025-07-28,0.22911492653874527,0.12973381754487473,-0.3436504150996811
ROS1-07-0031,2025-07-28,0.4473311863064479,0.21294494879843046,-0.47109580780718235
ROS1-14-0031,2025-07-28,0.7386235203608603,0.4641564140593881,-0.673834176822909
ROS1-01-0044,2025-08-13,0.24091592566061393,0.1388038950865832,-0.3611632827652109
ROS1-08-0025,2025-08-13,0.5986122260763018,0.387555053043572,-0.5769950139009494
ROS1-01-0009,2025-08-13,0.2295457266723093,0.12177828815979115,-0.3391962778601234
ROS1-07-0031,2025-08-13,0.36577545854434224,0.15634691333430298,-0.4175156077334264
ROS1-14-0031,2025-08-13,0.6345012799420683,0.3811244220077703,-0.6088488456209845
ROS1-01-0044,2025-08-29,0.22255144567224755,0.13503710487818563,-0.34114608941142516
ROS1-07-0020,2025-08-29,0.21380190576707736,0.10942110336537834,-0.31369162487875296
ROS1-08-0025,2025-08-29,0.4602337917426424,0.24071002019981838,-0.4800311630371473
ROS1-01-0009,2025-08-29,0.22913004347776658,0.11483048213815575,-0.33653993752736744
ROS1-07-0031,2025-08-29,0.2916407321144067,0.12417737052557296,-0.37984067111536973
ROS1-14-0031,2025-08-29,0.5088371777666196,0.280751736236521,-0.5531122657277341
ROS1-01-0044,2025-09-14,0.23347425215265713,0.12096867620384413,-0.3383832680975197
ROS1-07-0020,2025-09-14,0.22115230690380425,0.10637831704383781,-0.32287072690720386
ROS1-08-0025,2025-09-14,0.35261623038118656,0.15809936696457613,-0.41709204799281624
ROS1-01-0009,2025-09-14,0.231197552471679,0.11251904278764863,-0.33853845493800666
ROS1-07-0031,2025-09-14,0.2923787878364229,0.12990367495059885,-0.4022130106097731
ROS1-14-0031,2025-09-14,0.45681007527613565,0.24764145192727383,-0.5410248141453287
ROS1-01-0044,2025-10-16,0.2238888991462217,0.0962936423524966,-0.3126275426758365
ROS1-07-0020,2025-10-16,0.2593442495888037,0.10250695936192086,-0.33589785822363843
ROS1-08-0025,2025-10-16,0.22091780601251798,0.06510935143159992,-0.30932952449639584
ROS1-01-0009,2025-10-16,0.5158357360991471,0.030803048246172204,-0.5183286137970962
ROS1-07-0031,2025-10-16,0.19157617005391722,0.06348773819804542,-0.26088770166561404
ROS1-14-0031,2025-10-16,0.29447981897558007,0.13060241208042236,-0.392326458863746
ROS1-01-0044,2025-04-23,0.38106802598080736,0.20619588202063213,-0.40582154614707955
ROS1-01-0044,2025-05-09,0.5846037548562878,0.468405983584,-0.5064978405154054
ROS1-01-0044,2025-05-25,0.7840255208499194,0.6365940061865705,-0.6831167767557985
ROS1-01-0044,2025-07-12,0.23531910262157316,0.16816482554300946,-0.37331121147309676
ROS1-01-0044,2025-07-28,0.24568903805057504,0.16864191285927246,-0.391922970053778
ROS1-01-0044,2025-08-13,0.24086894269984174,0.13874192310117048,-0.3615246040404218
ROS1-01-0044,2025-08-29,0.22312948438530494,0.13531340526400779,-0.34235224790703295
ROS1-01-0044,2025-09-14,0.23318731152046676,0.12098536525342331,-0.33761129127112677
ROS1-01-0044,2025-10-16,0.22412592219355204,0.09711769731380342,-0.3093171195222711
ROS1-01-0009,2025-04-14,0.31803528575455137,0.11249767422740563,-0.3686565005075679
ROS1-01-0009,2025-04-30,0.5538898699895759,0.26625866973017714,-0.516196755781239
ROS1-01-0009,2025-05-16,0.6970409330235983,0.37423328321556726,-0.6219197487595364
ROS1-01-0009,2025-06-01,0.7998910408155798,0.5139765979498533,-0.7106312432149468
ROS1-01-0009,2025-07-19,0.24677154229338438,0.1327826199838532,-0.35949905181380953
ROS1-01-0009,2025-08-20,0.22465810820854656,0.11382241869462105,-0.34037713417967363
ROS1-01-0009,2025-09-21,0.24173348059367394,0.10366705097852941,-0.3436961215147457
ROS1-01-0009,2025-10-07,0.24824213383907495,0.08802501545095064,-0.3305377647880591
ROS1-50-0003,2025-04-03,0.4124378612492356,0.24842185407733147,-0.47210928647586436
ROS1-49-0001,2025-04-19,0.4321368902421239,0.23740429248552725,-0.4867611328742113
ROS1-50-0003,2025-04-19,0.6202746356878256,0.4310977058244148,-0.6258941944425662
ROS1-49-0002,2025-04-19,0.583645824496425,0.353197946171095,-0.5791670100163853
ROS1-49-0001,2025-05-05,0.5614182182930875,0.37378638649581736,-0.5759111086225763
ROS1-50-0003,2025-05-05,0.7579604593772771,0.5166001894011891,-0.7238288547154731
ROS1-49-0002,2025-05-05,0.7350689381343152,0.5377550659029898,-0.6921697216681099
ROS1-49-0001,2025-06-06,0.6893003642050639,0.47612627041537997,-0.6354460555176197
ROS1-50-0003,2025-06-06,0.6453320510491881,0.44919664140048976,-0.6292063436755136
ROS1-49-0002,2025-06-06,0.6036684518832299,0.427760656809023,-0.5945322514619608
ROS1-49-0001,2025-07-08,0.35409799804460784,0.22642490532075982,-0.4705392880417387
ROS1-50-0003,2025-07-08,0.2830281832825324,0.1604867216492138,-0.440592841779894
ROS1-49-0002,2025-07-08,0.265086474758595,0.16109318196920722,-0.4068308490207247
ROS1-49-0001,2025-07-24,0.2929074632696762,0.1951644944751943,-0.4561018685929488
ROS1-50-0003,2025-07-24,0.2423999858722445,0.12631383488460438,-0.3908859781370907
ROS1-49-0002,2025-07-24,0.2155377079941002,0.15924848137452793,-0.3696069395372499
ROS1-50-0003,2025-08-09,0.3007918916715793,0.20408640485376645,-0.38505052729442846
ROS1-49-0001,2025-08-25,0.16778190319938058,0.09912855915177755,-0.3202777489816145
ROS1-50-0003,2025-08-25,0.419619502034897,0.2694850214770237,-0.4833534728031917
ROS1-49-0002,2025-08-25,0.30595644629690544,0.20469844296278927,-0.43162135622545356
ROS1-49-0001,2025-09-26,0.15844161854241712,0.09100926648663991,-0.3119795691093718
ROS1-50-0003,2025-09-26,0.3560062590191423,0.22839451343648853,-0.46668196536781176
ROS1-49-0002,2025-09-26,0.30975840264345555,0.19247333493914587,-0.4380215213034571
ROS1-36-0007,2025-04-19,0.6936101724237901,0.5149561886808711,-0.6465263453747248
ROS1-42-0010,2025-04-19,0.5258904681950414,0.3597450051598712,-0.5358694868449635
ROS1-42-0009,2025-04-19,0.24386677363775766,0.1260768900782117,-0.3758651328377701
ROS1-49-0002,2025-04-19,0.5916375810287062,0.36651033426952273,-0.5843914791278159
ROS1-49-0001,2025-06-06,0.7245804590243092,0.5345002250676798,-0.6640589986574068
ROS1-49-0002,2025-06-06,0.5736769983946356,0.40310969807476804,-0.5738433926330423
ROS1-42-0010,2025-06-22,0.32913494994215325,0.18667382635209437,-0.45068250204309707
ROS1-42-0010,2025-07-08,0.2711845861063876,0.15789146392329265,-0.41575050129149665
ROS1-49-0001,2025-07-08,0.35657130031105455,0.22497416595142575,-0.475519816300018
ROS1-42-0009,2025-07-08,0.19246398315166158,0.10540727551130413,-0.3381049831087739
ROS1-49-0002,2025-07-08,0.26559387278950886,0.16057088045993115,-0.4087152903961676
ROS1-42-0010,2025-07-24,0.19245121535145893,0.16200123645593945,-0.342998678502648
ROS1-49-0001,2025-07-24,0.2818409509797253,0.20959266529342874,-0.42903268536992356
ROS1-42-0009,2025-07-24,0.19818086163046647,0.1259923464601182,-0.3431848277144919
ROS1-49-0002,2025-07-24,0.1932860492369003,0.17799114845987501,-0.3127698778324829
ROS1-42-0010,2025-08-09,0.2093216926628553,0.15323624522038723,-0.3745017829720725
ROS1-42-0009,2025-08-09,0.19578336238629937,0.1294248014761986,-0.32648304349856094
ROS1-49-0002,2025-08-09,0.2589434191901085,0.17456738683504022,-0.3928425162326628
ROS1-42-0010,2025-08-25,0.18449496446730201,0.12925890842195656,-0.3110139872286991
ROS1-49-0001,2025-08-25,0.16726338329934817,0.09922641499350829,-0.31991413308624683
ROS1-42-0009,2025-08-25,0.17387784425750855,0.08886595139816114,-0.32327623752538703
ROS1-49-0002,2025-08-25,0.30652482761786237,0.20452914341639264,-0.4334549396351329
ROS1-42-0010,2025-09-26,0.20093945503743466,0.130065252370206,-0.327966472427998
ROS1-49-0001,2025-09-26,0.15959132045475036,0.0915932533163853,-0.31407456289634855
ROS1-42-0009,2025-09-26,0.18208712324661558,0.0879388838698397,-0.3368845844033562
ROS1-49-0002,2025-09-26,0.31101211144310165,0.19339943737737916,-0.43947903459439974
ROS1-31-0022,2025-04-26,0.7855915198332452,0.5571325068292461,-0.7091712750634672
ROS1-31-0033,2025-04-26,0.6352422794344657,0.42575186739682186,-0.6128518802795957
ROS1-32-0029,2025-04-26,0.6328925515594693,0.4548631372719045,-0.5845348102620973
ROS1-43-0026,2025-05-12,0.8585412292947376,0.6914396154615745,-0.7578927508055331
ROS1-44-0000,2025-05-12,0.7834242776294167,0.5769303088508158,-0.6922226286267521
ROS1-31-0022,2025-05-28,0.42858062736936353,0.31118338173314336,-0.47115405011945205
ROS1-37-0031,2025-05-28,0.7930195247971579,0.6578427148712604,-0.7056091499061666
ROS1-38-0004,2025-05-28,0.649294150337981,0.4405556196781889,-0.6323847853312972
ROS1-43-0026,2025-05-28,0.7278017056136579,0.5738562541159655,-0.6774975056654824
ROS1-44-0000,2025-05-28,0.691623585024115,0.4544849234573674,-0.6494577116620471
ROS1-37-0046,2025-05-28,0.2844028888650805,0.21289998191177,-0.37608559001056246
ROS1-42-0009,2025-05-28,0.6100053985770197,0.3974924632106542,-0.6042978896441816
ROS1-43-0017,2025-05-28,0.7059708362778357,0.47541348551195434,-0.6564376510024427
ROS1-49-0002,2025-05-28,0.6331446916511799,0.43165089809819274,-0.615750161046486
ROS1-43-0026,2025-06-13,0.7199543429484258,0.5324988550740429,-0.6716376254758292
ROS1-49-0001,2025-06-13,0.6415179640415382,0.38354162767109196,-0.6389477077151089
ROS1-42-0009,2025-06-13,0.3137039552197831,0.14794541510440726,-0.4108955918078719
ROS1-49-0002,2025-06-13,0.5961705478305919,0.3505845385239416,-0.6215256651354815
ROS1-43-0026,2025-06-29,0.3269562551784713,0.21669471666680656,-0.40570895171019916
ROS1-37-0046,2025-06-29,0.17303141939084588,0.09313410036843082,-0.30331657363761616
ROS1-43-0017,2025-06-29,0.2955714146376516,0.1698884309682969,-0.41279863704914393
ROS1-37-0031,2025-07-15,0.2779568094387216,0.16563225542165297,-0.4320978077795284
ROS1-38-0004,2025-07-15,0.1971563158183913,0.1534663133573712,-0.35495182244764883
ROS1-43-0026,2025-07-15,0.31082015117041784,0.17378679543350983,-0.4484706220066232
ROS1-44-0000,2025-07-15,0.23386857946548084,0.16722082072316324,-0.38815025799876796
ROS1-49-0001,2025-07-15,0.27765630729310614,0.21146410541328006,-0.42045543117668577
ROS1-50-0003,2025-07-15,0.28664636948449507,0.15773399530898097,-0.45080353827392394
ROS1-31-0033,2025-07-15,0.37272244176147284,0.2184291188045737,-0.6011002771511641
ROS1-42-0009,2025-07-15,0.20501010627645627,0.12026761449801512,-0.3417250284690455
ROS1-43-0017,2025-07-15,0.250471397471996,0.15713913222664325,-0.386547139313699
ROS1-49-0002,2025-07-15,0.2662985206572383,0.1648708285807077,-0.4166971202748478
ROS1-49-0001,2025-07-31,0.2719938376020984,0.19515940979658242,-0.4069397418302204
ROS1-31-0033,2025-07-31,0.4174955517729251,0.3020091279320731,-0.5201382333552182
ROS1-37-0046,2025-07-31,0.19572937325584366,0.13030000195376418,-0.31788807453804535
ROS1-49-0002,2025-07-31,0.23398178488055535,0.1616357672274329,-0.3814655550765486
ROS1-38-0004,2025-08-16,0.18500176526361914,0.13346562329288758,-0.32259781874098736
ROS1-43-0026,2025-08-16,0.17723611910240608,0.09813121889150671,-0.31320853227266565
ROS1-49-0001,2025-08-16,0.17277585541221407,0.11032257088444947,-0.31033302831532306
ROS1-50-0003,2025-08-16,0.4670350367902258,0.14616693865452543,-0.4885219082077189
ROS1-31-0033,2025-08-16,0.5761653598951471,0.3521261585245406,-0.6024135312147257
ROS1-37-0046,2025-08-16,0.1489700278806887,0.09607482396568773,-0.26767193391859
ROS1-43-0017,2025-08-16,0.19358203572082294,0.14945145178117267,-0.3239660723476864
ROS1-49-0002,2025-08-16,0.26154400880405504,0.17419785365578155,-0.38973625341733165
ROS1-37-0031,2025-09-01,0.1808638675184285,0.09356623638892453,-0.3187776577538677
ROS1-38-0004,2025-09-01,0.18945743110106125,0.1343320091277785,-0.32670262233835534
ROS1-43-0026,2025-09-01,0.16437260785190466,0.07823836902385639,-0.3021993256967318
ROS1-44-0000,2025-09-01,0.2045357296582957,0.12210078578893219,-0.3438610021976914
ROS1-49-0001,2025-09-01,0.1662869256274732,0.09558930952276154,-0.31620270314541027
ROS1-50-0003,2025-09-01,0.3918861824939466,0.2458192424975508,-0.4661286873045966
ROS1-31-0033,2025-09-01,0.1994248956946593,0.09139572603134637,-0.3219824694215789
ROS1-37-0046,2025-09-01,0.1765092317626048,0.09293888738858341,-0.31622526913775584
ROS1-42-0009,2025-09-01,0.17445045960305416,0.08357822978298901,-0.32484495457574253
ROS1-43-0017,2025-09-01,0.18290225204304136,0.13033098792400669,-0.31579104413501236
ROS1-49-0002,2025-09-01,0.30475974998227556,0.19308145250095687,-0.4233669089263424
ROS1-37-0031,2025-09-17,0.17809472908161547,0.09590457872680741,-0.3128582453410169
ROS1-38-0004,2025-09-17,0.18555333691529735,0.1316122115063732,-0.3299326763142263
ROS1-43-0026,2025-09-17,0.16099596395444477,0.08138629299191806,-0.2974162978251005
ROS1-44-0000,2025-09-17,0.19080898937945812,0.14741939083067915,-0.31571077568654216
ROS1-49-0001,2025-09-17,0.158570653686396,0.09155213377619512,-0.31478343864136915
ROS1-50-0003,2025-09-17,0.365948061864869,0.22917736944494993,-0.4679917338294288
ROS1-31-0033,2025-09-17,0.18471569267034074,0.08117758547762659,-0.31453660524700267
ROS1-37-0046,2025-09-17,0.18191048740249802,0.09883909610269077,-0.32366638805740955
ROS1-42-0009,2025-09-17,0.1728559114353425,0.08376083300383963,-0.32486931054302154
ROS1-43-0017,2025-09-17,0.18548055506972108,0.14322140587478527,-0.3230489285992543
ROS1-49-0002,2025-09-17,0.300956374069654,0.1934288641243469,-0.4385452709152419
ROS1-37-0031,2025-10-03,0.17326866195804935,0.09437273628570104,-0.3045059454062741
ROS1-38-0004,2025-10-03,0.17871158878321192,0.08984033054236953,-0.32158655993341423
ROS1-43-0026,2025-10-03,0.15897863786466945,0.06868643168715131,-0.30035211740043777
ROS1-44-0000,2025-10-03,0.19002385159605154,0.11266152463389068,-0.33922283021249217
ROS1-49-0001,2025-10-03,0.15362450027294108,0.08751609328220059,-0.30463843986916883
ROS1-50-0003,2025-10-03,0.3436062221701997,0.1917326888296039,-0.4631588959005211
ROS1-31-0033,2025-10-03,0.18551172520178308,0.07693471655254235,-0.3131117340960485
ROS1-37-0046,2025-10-03,0.21606490291895059,0.10880692933377073,-0.34584422900726547
ROS1-42-0009,2025-10-03,0.1762861863143214,0.08175058590109009,-0.3344501291925828
ROS1-43-0017,2025-10-03,0.17556844895190454,0.12744409070455068,-0.31197735090850187
ROS1-49-0002,2025-10-03,0.30817867651681424,0.18846399512924167,-0.4520185517801692
ROS1-36-0007,2025-04-26,0.8498852356354177,0.6545536886832678,-0.7534596736615502
ROS1-36-0006,2025-04-26,0.5974820197259243,0.08503826839148892,-0.5632035235333794
ROS1-36-0007,2025-05-28,0.8126430508200863,0.6583110590257768,-0.7550423095298976
ROS1-42-0010,2025-05-28,0.6122455930223929,0.44154878722686436,-0.5916937358073774
ROS1-36-0006,2025-05-28,0.2655640086351551,0.16292942659439383,-0.35515789413097665
ROS1-37-0046,2025-05-28,0.2843380846327395,0.2128057855984818,-0.37692963360235104
ROS1-36-0007,2025-06-13,0.5912081875219373,0.32205645912854525,-0.6159538208418702
ROS1-42-0010,2025-06-13,0.5016080307074722,0.24424027307003698,-0.5488596432334906
ROS1-30-0015,2025-06-13,0.4057131017517167,0.2455599860714646,-0.48498945726599263
ROS1-42-0009,2025-06-13,0.3138881147112664,0.14792608941692628,-0.41111511325865363
ROS1-30-0002,2025-07-15,0.472361262735865,0.2864687278079455,-0.5103910485460427
ROS1-36-0007,2025-07-15,0.29461364652391253,0.22896018254681227,-0.43967962232531393
ROS1-42-0010,2025-07-15,0.20625042200388144,0.16580995789183756,-0.3551937860013842
ROS1-30-0015,2025-07-15,0.27989193376438065,0.12034939419325726,-0.36553138732516294
ROS1-36-0006,2025-07-15,0.2021981217710244,0.12674359910290744,-0.3162898304747024
ROS1-42-0009,2025-07-15,0.2007786513719985,0.11675008252690473,-0.33906262640335083
ROS1-30-0002,2025-07-31,0.36150495459432935,0.20727996137086763,-0.4271715346592361
ROS1-36-0007,2025-07-31,0.2612168195432616,0.19859590365855523,-0.40772836130021706
ROS1-42-0010,2025-07-31,0.20324611855209257,0.15575583221356554,-0.3572458548898963
ROS1-30-0015,2025-07-31,0.28305423393446977,0.20948357773666604,-0.4166751057166184
ROS1-36-0006,2025-07-31,0.2101025518635713,0.136678490845927,-0.32320833285952394
ROS1-37-0046,2025-07-31,0.183183589321802,0.1292225257014434,-0.2929382585145776
ROS1-36-0007,2025-08-16,0.3179506611903959,0.24247776168303367,-0.43223972022469115
ROS1-42-0010,2025-08-16,0.18074702057876904,0.13103144930992322,-0.32115365616118957
ROS1-30-0015,2025-08-16,0.2218379865479983,0.1402934387203115,-0.35345443713632496
ROS1-36-0006,2025-08-16,0.19544187833321755,0.10612689726898268,-0.3074211628352492
ROS1-37-0046,2025-08-16,0.1498189420672061,0.09645923445541857,-0.26874523416732093
ROS1-30-0002,2025-09-01,0.22282003894243357,0.11610361257967364,-0.3521559884454169
ROS1-36-0007,2025-09-01,0.3136011011701113,0.21498802466816497,-0.4331491685300396
ROS1-42-0010,2025-09-01,0.19153615445884395,0.1309552795446978,-0.3211486132034442
ROS1-30-0015,2025-09-01,0.20268923768530914,0.1270868898649166,-0.33899048528986375
ROS1-36-0006,2025-09-01,0.19584041750701586,0.10247781403605703,-0.3157248023493698
ROS1-37-0046,2025-09-01,0.17726030996080694,0.09327194097677115,-0.317096287771267
ROS1-42-0009,2025-09-01,0.1752495799234712,0.08386512923289827,-0.3258741676824661
ROS1-30-0002,2025-09-17,0.22302337432854089,0.11066760216838506,-0.3518414220253467
ROS1-36-0007,2025-09-17,0.31795760545517193,0.21936958222616823,-0.4470327593781218
ROS1-42-0010,2025-09-17,0.19031483927961929,0.1277991357551566,-0.32362481382636127
ROS1-30-0015,2025-09-17,0.19645728840934104,0.12259911848157978,-0.33705190288371395
ROS1-36-0006,2025-09-17,0.19095747394519866,0.09037450636025725,-0.30901109943981336
ROS1-37-0046,2025-09-17,0.1820562163617051,0.09890129008352117,-0.32395281630976
ROS1-42-0009,2025-09-17,0.17296353766402453,0.08379366957098264,-0.32505446675630184
ROS1-30-0002,2025-10-03,0.20607395600595707,0.09498724576112108,-0.33413684853407977
ROS1-36-0007,2025-10-03,0.3932085760358323,0.2518551301266416,-0.5030969914432152
ROS1-42-0010,2025-10-03,0.19780323946417133,0.1276035633554152,-0.32833913573969403
ROS1-30-0015,2025-10-03,0.20341602403979817,0.1210993181582247,-0.3391488063351894
ROS1-36-0006,2025-10-03,0.19543894646245794,0.09181840041668175,-0.3146130305918197
ROS1-37-0046,2025-10-03,0.21559771871958353,0.10881628227499728,-0.34581918862773
ROS1-42-0009,2025-10-03,0.17584289181507237,0.08178072060049565,-0.3342864477575571
ROS1-29-0003,2025-04-17,0.48126910109504234,0.24357533680383386,-0.47463511853183576
ROS1-29-0003,2025-05-03,0.7012010273235132,0.3857499967990733,-0.6502199788180288
ROS1-29-0003,2025-06-20,0.4591840980803232,0.22661760576289328,-0.5037363082113557
ROS1-29-0003,2025-07-06,0.304669898009793,0.14826027566988018,-0.4623505102361197
ROS1-29-0003,2025-08-07,0.21822530478413557,0.10387872515280737,-0.32081434838806266
ROS1-29-0003,2025-09-08,0.22913889114517672,0.10801541854466246,-0.33600744325788434
ROS1-29-0003,2025-09-24,0.19699369736875172,0.09016519886482739,-0.31460882499126713
ROS1-29-0003,2025-10-26,0.18548456972894461,0.09587094576398089,-0.2824219626648759
ROS1-21-0003,2025-04-17,0.21548307856789778,0.09342251752496741,-0.2902896146068039
ROS1-27-0019,2025-04-17,0.23155901631940767,0.11535155229426476,-0.3342750842420506
ROS1-28-0002,2025-04-17,0.19553979612518774,0.09072659762776669,-0.2920750219128312
ROS1-29-0003,2025-04-17,0.48071974533297784,0.2437044657690174,-0.47352453108150094
ROS1-33-0020,2025-04-17,0.2486958808844064,0.09975046860908177,-0.3453087565756047
ROS1-27-0013,2025-04-17,0.42283723282008107,0.22449888555899017,-0.4397107560645738
ROS1-28-0015,2025-04-17,0.6078620161724558,0.2953640807885767,-0.572328199159116
ROS1-33-0013,2025-04-17,0.28613352777212636,0.12964566661098717,-0.3647728477832872
ROS1-21-0003,2025-05-03,0.3184791228653033,0.14442707572773075,-0.37961759298488823
ROS1-27-0019,2025-05-03,0.3273050667417729,0.1662150746588093,-0.4145080615121364
ROS1-28-0002,2025-05-03,0.23602292256056476,0.09469189321107388,-0.33817269591867594
ROS1-29-0003,2025-05-03,0.7007333560232494,0.38615070719856676,-0.6495256719438499
ROS1-33-0020,2025-05-03,0.24218098665172264,0.1415707490589674,-0.37563654258866497
ROS1-27-0013,2025-05-03,0.6162967176718447,0.3498547263918519,-0.5772098098748807
ROS1-28-0015,2025-05-03,0.737785377608657,0.40873905231600083,-0.6787519968095873
ROS1-33-0013,2025-05-03,0.4767707358703871,0.22338607789988832,-0.5051868702290705
ROS1-21-0003,2025-06-04,0.3770804861804601,0.2128779649381462,-0.4149498098717261
ROS1-28-0002,2025-06-04,0.22875291047301335,0.10212118070949955,-0.30812995328340714
ROS1-33-0020,2025-06-04,0.38930968942349015,0.2730697776536575,-0.45828084333515434
ROS1-27-0013,2025-06-04,0.5180315520549209,0.2361815135516581,-0.5413395603869154
ROS1-28-0015,2025-06-04,0.8427926987421169,0.49655433242214514,-0.7534062395193974
ROS1-33-0013,2025-06-04,0.7628244839376112,0.4844305684446057,-0.7142023342801916
ROS1-29-0003,2025-06-20,0.4639639701740472,0.22837718394652187,-0.5117936147686573
ROS1-21-0003,2025-07-06,0.6467844461952551,0.4437714453697377,-0.6287229534314822
ROS1-27-0019,2025-07-06,0.2581183923506433,0.12881910579906927,-0.36636723979228975
ROS1-28-0002,2025-07-06,0.21951820681570489,0.09834013523803052,-0.32414174142171376
ROS1-29-0003,2025-07-06,0.3055629995167188,0.1485654676353747,-0.46378438196186667
ROS1-33-0020,2025-07-06,0.7847525914809328,0.6157525730777597,-0.724392722083671
ROS1-27-0013,2025-07-06,0.2992700956845787,0.15873666135779904,-0.4135467064124697
ROS1-28-0015,2025-07-06,0.28318870810646213,0.13254188196752878,-0.4464453716794487
ROS1-33-0013,2025-07-06,0.49428766110908456,0.26397018944501904,-0.5598526700063527
ROS1-21-0003,2025-07-22,0.5425868533163872,0.3593307727195402,-0.544834142641465
ROS1-33-0020,2025-07-22,0.61733278301346,0.4886302381760467,-0.6121482243364474
ROS1-21-0003,2025-08-07,0.3496041498858251,0.18358062516072418,-0.42010822543648296
ROS1-27-0019,2025-08-07,0.2272337828458835,0.0999341540379275,-0.3483370593049618
ROS1-28-0002,2025-08-07,0.22218945552741087,0.0872766384281263,-0.3262600004935831
ROS1-29-0003,2025-08-07,0.21727121893041546,0.10397723063785998,-0.31867045436391206
ROS1-33-0020,2025-08-07,0.40165590080187513,0.22681772613868886,-0.4487233248139066
ROS1-27-0013,2025-08-07,0.20911578297268657,0.13644205804224618,-0.33042083469492023
ROS1-28-0015,2025-08-07,0.1966612235949052,0.11678754804213531,-0.3272393034128392
ROS1-33-0013,2025-08-07,0.30820389034713763,0.19582634066292265,-0.4461601725562193
ROS1-21-0003,2025-08-23,0.29033677066541236,0.1419719418322185,-0.38484655232161635
ROS1-27-0019,2025-08-23,0.21356224054502293,0.09964319326190896,-0.3202094808899514
ROS1-28-0002,2025-08-23,0.21130459200577553,0.088025362137928,-0.29659568453854074
ROS1-33-0020,2025-08-23,0.27799253912904187,0.15289652956150687,-0.39197659987197503
ROS1-27-0013,2025-08-23,0.19647873265850277,0.13248212841652046,-0.3226153324868824
ROS1-28-0015,2025-08-23,0.212332312858444,0.07865690851326954,-0.31062110644182506
ROS1-33-0013,2025-08-23,0.31366116731109567,0.18983635037962943,-0.45105055882433415
ROS1-21-0003,2025-09-08,0.27670666282287354,0.13164298381813996,-0.36645585534839054
ROS1-27-0019,2025-09-08,0.21263633736940812,0.09353393772428467,-0.3151827457379658
ROS1-28-0002,2025-09-08,0.2055549872283873,0.09171313857103118,-0.2912627049062247
ROS1-29-0003,2025-09-08,0.22898601015243344,0.10845730707118811,-0.3348605210320282
ROS1-33-0020,2025-09-08,0.27538719960472235,0.15203793118274164,-0.3904683263388013
ROS1-27-0013,2025-09-08,0.20456349201830865,0.08191872459405505,-0.29424410143522345
ROS1-28-0015,2025-09-08,0.21247076442695448,0.07413966997963425,-0.31487644055001374
ROS1-33-0013,2025-09-08,0.3366073888653182,0.19287525747036377,-0.4596549629038458
ROS1-21-0003,2025-09-24,0.20604514526264525,0.08431567458658629,-0.3112449237151805
ROS1-27-0019,2025-09-24,0.226818886085256,0.0985272226552019,-0.35149544193853843
ROS1-28-0002,2025-09-24,0.23715291141521247,0.0998352255355304,-0.32756460319080094
ROS1-29-0003,2025-09-24,0.19709093770787847,0.09057501360807942,-0.31326364762441894
ROS1-33-0020,2025-09-24,0.2521070758364464,0.11522591256880403,-0.38442755934500605
ROS1-27-0013,2025-09-24,0.18214790695668323,0.07360344866223464,-0.2866795077474828
ROS1-28-0015,2025-09-24,0.19404721553048365,0.06704229088253831,-0.30635664933870604
ROS1-33-0013,2025-09-24,0.19443485355229304,0.06698777535349437,-0.30377021501339396
ROS1-21-0003,2025-10-26,0.2751445142133997,0.05343842527767115,-0.38359790457610793
ROS1-27-0019,2025-10-26,0.26524432192339426,0.06853418136934669,-0.358504785995709
ROS1-28-0002,2025-10-26,0.5335640726900798,0.18086208416651728,-0.5201854741902633
ROS1-29-0003,2025-10-26,0.1975595180473051,0.09702715719394397,-0.30258539458431183
ROS1-33-0020,2025-10-26,0.2789567958201044,0.05470567897895965,-0.4136501298348341
ROS1-27-0013,2025-10-26,0.24831482141343575,0.04769594889711359,-0.3417914295821926
ROS1-28-0015,2025-10-26,0.36307947898682025,0.0511274096498165,-0.5903170761171035
ROS1-19-0012,2025-04-01,0.5158821270510149,0.2938398489131065,-0.497558120050172
ROS1-31-0022,2025-04-01,0.46424399564206725,0.18547033506534122,-0.4707321255690742
ROS1-30-0015,2025-04-01,0.3724327454335748,0.1942371033223919,-0.4167163805190611
ROS1-32-0029,2025-04-01,0.3695166097986114,0.18461225298981765,-0.3905137766026589
ROS1-19-0018,2025-04-01,0.26416281893622934,0.1026050392882608,-0.3108660920678547
ROS1-25-0032,2025-04-01,0.4161283993527539,0.27132278018727807,-0.41415479979144304
ROS1-19-0012,2025-04-17,0.8111433161405199,0.5683506925948922,-0.7148300943950062
ROS1-20-0038,2025-04-17,0.5501625391927647,0.3139869975577867,-0.5291581423269974
ROS1-21-0003,2025-04-17,0.2174214120582531,0.09379560889155013,-0.2946611463051476
ROS1-25-0012,2025-04-17,0.2660424017254869,0.11477905608769468,-0.3428412232454208
ROS1-26-0018,2025-04-17,0.21688577299464504,0.10523943556679867,-0.305913011751691
ROS1-30-0002,2025-04-17,0.2714806873769549,0.16170922068211732,-0.37142217973032254
ROS1-31-0022,2025-04-17,0.6906757331584813,0.4296330763144146,-0.6379252627086244
ROS1-32-0025,2025-04-17,0.7592542649964295,0.5146490079396058,-0.6873050156384151
ROS1-37-0031,2025-04-17,0.24501034049128556,0.1472352834506778,-0.356972275058892
ROS1-38-0004,2025-04-17,0.6334277246377966,0.40414910139466476,-0.6165974052057159
ROS1-25-0018,2025-04-17,0.3693407519308767,0.18511213391411563,-0.4160541936862054
ROS1-26-0030,2025-04-17,0.22508840445413467,0.1367211553186235,-0.3262286357135224
ROS1-27-0013,2025-04-17,0.42650127381897723,0.22511471118359272,-0.44476973490883104
ROS1-30-0015,2025-04-17,0.6403527545675165,0.413743156583272,-0.6056872164705202
ROS1-31-0033,2025-04-17,0.4353095714708855,0.24923281052522978,-0.4830974623497594
ROS1-32-0029,2025-04-17,0.46624436814941583,0.24756414441143568,-0.48307527886462487
ROS1-36-0006,2025-04-17,0.2554980880022849,0.14026420667183534,-0.3603718008908679
ROS1-19-0018,2025-04-17,0.20910229025136418,0.09917121389143953,-0.2638235773243493
ROS1-20-0026,2025-04-17,0.701335441459003,0.43634653604846885,-0.6532800729913714
ROS1-25-0032,2025-04-17,0.8060020531983116,0.599677897465432,-0.6904487828663616
ROS1-19-0012,2025-05-03,0.8126672967570522,0.6196926762982289,-0.7340078535120571
ROS1-20-0038,2025-05-03,0.7165536080267888,0.43781611427645545,-0.6660544049449261
ROS1-21-0003,2025-05-03,0.3212675941564568,0.14485810887960737,-0.3855151718352497
ROS1-25-0012,2025-05-03,0.46968124729584493,0.23315565012924724,-0.4700890344706171
ROS1-26-0018,2025-05-03,0.2292451767644125,0.0960247762848149,-0.34121776249247365
ROS1-30-0002,2025-05-03,0.3467584619436,0.20121697139440342,-0.40842407614252985
ROS1-31-0022,2025-05-03,0.7394988464335601,0.5082434656482263,-0.6843318112461457
ROS1-32-0025,2025-05-03,0.8311297812817351,0.6043020227243922,-0.7454246877612614
ROS1-38-0004,2025-05-03,0.7418162172665241,0.4999844198199919,-0.7060633763198982
ROS1-25-0018,2025-05-03,0.7771848312971558,0.5306270510955696,-0.684791420347829
ROS1-26-0030,2025-05-03,0.20950449190860138,0.08427800793075825,-0.34236858412599774
ROS1-27-0013,2025-05-03,0.6198919486221165,0.35059418252017444,-0.582617533606141
ROS1-31-0033,2025-05-03,0.6670618580776954,0.38002902894703766,-0.6432202615501903
ROS1-32-0029,2025-05-03,0.6786714311893,0.4068788345959099,-0.6455093012199611
ROS1-20-0026,2025-05-03,0.8469484889922704,0.6029857963710705,-0.7687009297311804
ROS1-19-0012,2025-06-04,0.4119340398243084,0.2572760346865289,-0.532280519398844
ROS1-20-0038,2025-06-04,0.5032082498596027,0.28811865092410927,-0.5461011875271016
ROS1-21-0003,2025-06-04,0.37895130396072907,0.2159842053625566,-0.4149886749266886
ROS1-25-0012,2025-06-04,0.6130526781882465,0.3686247470361573,-0.5848961319311331
ROS1-26-0018,2025-06-04,0.36514977339887467,0.19316358958465385,-0.40568732215042136
ROS1-30-0002,2025-06-04,0.39300318497299214,0.22439363929590653,-0.4472920373752372
ROS1-31-0022,2025-06-04,0.3636025912736695,0.20630655671793366,-0.48032860011092493
ROS1-32-0025,2025-06-04,0.637060644553632,0.37912679912885666,-0.645663129482114
ROS1-37-0031,2025-06-04,0.7610340914370735,0.5669054203745416,-0.6793856276735376
ROS1-38-0004,2025-06-04,0.5471618941647947,0.32159212671445647,-0.5928820094931406
ROS1-25-0018,2025-06-04,0.6528941736849587,0.4169824859423411,-0.6213050225797458
ROS1-26-0030,2025-06-04,0.2963062874158757,0.15376357892528522,-0.37589584186997654
ROS1-27-0013,2025-06-04,0.5104975652993115,0.2519466555982926,-0.5385345820128298
ROS1-30-0015,2025-06-04,0.5707440275857348,0.3260432354386364,-0.6087824663062098
ROS1-31-0033,2025-06-04,0.7958320251965385,0.5290401225208066,-0.7492063276810482
ROS1-32-0029,2025-06-04,0.3870314508717863,0.22048355316335433,-0.4735015976808904
ROS1-36-0006,2025-06-04,0.25689021729870226,0.12342366782429891,-0.3571329639619263
ROS1-19-0018,2025-06-04,0.48609294388167384,0.29030029810903535,-0.48607881705765577
ROS1-25-0032,2025-06-04,0.42142156286087945,0.2710247782477165,-0.5269429746592473
ROS1-19-0012,2025-07-06,0.2663580638288577,0.1367344593563063,-0.3599949724252197
ROS1-20-0038,2025-07-06,0.30511722104938027,0.13931521859817364,-0.3735110841289931
ROS1-21-0003,2025-07-06,0.6464334994905292,0.4401808159205891,-0.6321434939756029
ROS1-25-0012,2025-07-06,0.4491142141463292,0.2479488004848807,-0.46753996536381104
ROS1-26-0018,2025-07-06,0.7230788166502699,0.5056910861270092,-0.6919528513115635
ROS1-30-0002,2025-07-06,0.682756968037543,0.45308269049880484,-0.6561019720652729
ROS1-31-0022,2025-07-06,0.20345912033882263,0.172494374978464,-0.2930982383009891
ROS1-32-0025,2025-07-06,0.26703448338168245,0.13260124723265698,-0.4209010371813957
ROS1-37-0031,2025-07-06,0.26950819140900334,0.16452788628865714,-0.3956568574859966
ROS1-38-0004,2025-07-06,0.26331004020684423,0.14820231278931867,-0.4167080293505906
ROS1-26-0030,2025-07-06,0.49632612594446746,0.27811854576330536,-0.5337953572927437
ROS1-27-0013,2025-07-06,0.29744734398468164,0.1597563176395385,-0.4113475178161096
ROS1-30-0015,2025-07-06,0.33813014094136873,0.20360768901865595,-0.44652321178876797
ROS1-31-0033,2025-07-06,0.4929593121144165,0.2707984942105089,-0.5542023419539709
ROS1-19-0018,2025-07-06,0.5607118077404842,0.30621385067795337,-0.5398231517452682
ROS1-25-0032,2025-07-06,0.2613119766393099,0.15845049899323602,-0.3643869409389105
ROS1-20-0038,2025-07-22,0.2299219694171591,0.1342695995685751,-0.33372938823795223
ROS1-21-0003,2025-07-22,0.5373364283609922,0.3558663721774536,-0.5421477880227221
ROS1-26-0018,2025-07-22,0.5218143896911804,0.2819330366612184,-0.5406039324564041
ROS1-30-0002,2025-07-22,0.44126338671699666,0.25561242167668174,-0.4909176045525145
ROS1-31-0022,2025-07-22,0.22442158567399087,0.14370234099819523,-0.3518862370686665
ROS1-32-0025,2025-07-22,0.22605074845993253,0.14101552404499867,-0.37707505807227687
ROS1-37-0031,2025-07-22,0.3007662535236225,0.16858657140933478,-0.43465690591333345
ROS1-26-0030,2025-07-22,0.33062460718879655,0.17063363011910107,-0.40950761098290694
ROS1-30-0015,2025-07-22,0.31128312747940834,0.22072169393848956,-0.43544563097079053
ROS1-32-0029,2025-07-22,0.20374805507044036,0.13868559367002842,-0.2993573069342483
ROS1-25-0032,2025-07-22,0.18875691047918727,0.05099709958586698,-0.27135044815773596
ROS1-19-0012,2025-08-07,0.35933763636352295,0.21768217963949177,-0.4389681752056869
ROS1-20-0038,2025-08-07,0.19706030890189644,0.09545580009749166,-0.2996144309592636
ROS1-21-0003,2025-08-07,0.3487403994339009,0.18375093535233736,-0.41942111291361184
ROS1-25-0012,2025-08-07,0.20254088141865836,0.09325235457955086,-0.32308752752855907
ROS1-26-0018,2025-08-07,0.4929107851615849,0.2660274522858048,-0.513448140395247
ROS1-30-0002,2025-08-07,0.30552024209216394,0.15696556536990786,-0.3961897126946091
ROS1-31-0022,2025-08-07,0.20424752150659314,0.12199410143314059,-0.33618161949867253
ROS1-32-0025,2025-08-07,0.2179919697711304,0.13708865009581925,-0.3690656398246962
ROS1-37-0031,2025-08-07,0.18685898612749474,0.108771028738281,-0.32003864892725054
ROS1-38-0004,2025-08-07,0.19390055624266192,0.1273816509537944,-0.352114219629985
ROS1-25-0018,2025-08-07,0.18779006895303832,0.08591876642985768,-0.3168424510702489
ROS1-26-0030,2025-08-07,0.30192696917006195,0.15514781371085884,-0.38793062226019104
ROS1-27-0013,2025-08-07,0.21017022833202986,0.1368229527499033,-0.331847919582505
ROS1-30-0015,2025-08-07,0.23735936775612904,0.14092366273743465,-0.3631323050098649
ROS1-31-0033,2025-08-07,0.4847715929497037,0.3301709717021563,-0.5639083141062436
ROS1-32-0029,2025-08-07,0.19697686279157206,0.12468551707863415,-0.32006005038812396
ROS1-36-0006,2025-08-07,0.20402425549235761,0.12539299861760894,-0.32650530197468286
ROS1-19-0018,2025-08-07,0.31644819279756586,0.17857038019306143,-0.3651502228985614
ROS1-25-0032,2025-08-07,0.20364114744473602,0.0982793829378349,-0.327674618819745
ROS1-19-0012,2025-08-23,0.21160412383217975,0.10186092300400348,-0.32230851397543175
ROS1-25-0012,2025-08-23,0.2052030681141573,0.08422222708158035,-0.3206297512698645
ROS1-26-0018,2025-08-23,0.36548927510005663,0.1826234642124684,-0.44381708796387825
ROS1-30-0002,2025-08-23,0.23968492017614412,0.11577455256329086,-0.3639718883101531
ROS1-31-0022,2025-08-23,0.20417103776179155,0.1179914764744855,-0.32501396644049435
ROS1-32-0025,2025-08-23,0.2271506928304376,0.1368318137647707,-0.3724277562030597
ROS1-37-0031,2025-08-23,0.19144506405047504,0.09225079843247716,-0.33273766386762577
ROS1-38-0004,2025-08-23,0.1892169186118826,0.13169613378627576,-0.32668638377910664
ROS1-25-0018,2025-08-23,0.19334618987269125,0.10109863934424054,-0.32386966944974377
ROS1-26-0030,2025-08-23,0.2505177094674898,0.12379806228048398,-0.3595392447869516
ROS1-27-0013,2025-08-23,0.19816208281773368,0.13281652501179947,-0.32541318601841757
ROS1-30-0015,2025-08-23,0.21647443297944774,0.1326356596743866,-0.35000905913649505
ROS1-31-0033,2025-08-23,0.569971591742871,0.37164467329030265,-0.6116097719062619
ROS1-32-0029,2025-08-23,0.20679243868120722,0.12767322810143067,-0.3239344656298223
ROS1-36-0006,2025-08-23,0.20778167298879108,0.09455011133710643,-0.3317471751509995
ROS1-19-0018,2025-08-23,0.2558374570377462,0.15408800931040892,-0.3656498098114337
ROS1-25-0032,2025-08-23,0.20434266283179825,0.08982635401598342,-0.325479091085942
ROS1-19-0012,2025-09-08,0.2054181827630573,0.10549215379291915,-0.31036986431826263
ROS1-20-0038,2025-09-08,0.19778216719803293,0.09491499851824367,-0.29860094234913714
ROS1-21-0003,2025-09-08,0.27617319674832747,0.13111064170824518,-0.3674215423764146
ROS1-25-0012,2025-09-08,0.1967039786759947,0.08329089718249898,-0.31348823370836126
ROS1-26-0018,2025-09-08,0.3101377853760086,0.14739612952469092,-0.40611722351393903
ROS1-30-0002,2025-09-08,0.2306593286628548,0.12197422657464527,-0.3626260262162823
ROS1-31-0022,2025-09-08,0.20144364964081524,0.11879778096631477,-0.32800244094542264
ROS1-32-0025,2025-09-08,0.2287690513423822,0.13283775421505825,-0.3628888694486338
ROS1-37-0031,2025-09-08,0.11473175055432142,0.0970327639275629,-0.1861272006572019
ROS1-38-0004,2025-09-08,0.23700044696270856,0.1712017158730794,-0.37722689365571116
ROS1-25-0018,2025-09-08,0.17999582829758232,0.09420128645499237,-0.31349861676800284
ROS1-26-0030,2025-09-08,0.23863316048773306,0.11545276990242706,-0.34614690016705113
ROS1-27-0013,2025-09-08,0.20477141759602926,0.08221945055442423,-0.29510502436410163
ROS1-30-0015,2025-09-08,0.1993190486918595,0.12736393031890542,-0.3349554156947121
ROS1-32-0029,2025-09-08,0.2183065043370994,0.13859410731504684,-0.3375429971898203
ROS1-36-0006,2025-09-08,0.19238082225903164,0.0987553638791977,-0.3005647279031623
ROS1-19-0018,2025-09-08,0.19933356577221362,0.09739745074705403,-0.2877829806259453
ROS1-25-0032,2025-09-08,0.21068299575743038,0.12914595583703936,-0.3243914372001489
ROS1-19-0012,2025-09-24,0.21087174011054785,0.10350998189755714,-0.3258501874711491
ROS1-20-0038,2025-09-24,0.18800951638998528,0.08393493404088581,-0.30034533035303107
ROS1-21-0003,2025-09-24,0.20535388623363657,0.08402446019238634,-0.30985991136574265
ROS1-25-0012,2025-09-24,0.20108669365760734,0.07189153641505032,-0.31593310610660846
ROS1-26-0018,2025-09-24,0.29449803474619257,0.1490774393911011,-0.416902516713324
ROS1-30-0002,2025-09-24,0.22686473345644334,0.10103042417713588,-0.361739181388128
ROS1-31-0022,2025-09-24,0.19619249866676977,0.08206900848824494,-0.33305665531997336
ROS1-32-0025,2025-09-24,0.20579613223009502,0.12888402908999336,-0.34841160522144526
ROS1-37-0031,2025-09-24,0.18451122036197734,0.08918414513022821,-0.325968096531859
ROS1-38-0004,2025-09-24,0.18393246225032314,0.12896712752662007,-0.32991696058880104
ROS1-25-0018,2025-09-24,0.1835430480153078,0.08996927523175631,-0.3135574548300991
ROS1-26-0030,2025-09-24,0.21976722013967556,0.10449950092336334,-0.34309927141371127
ROS1-27-0013,2025-09-24,0.1838079710211339,0.07432825925647739,-0.2883906675902709
ROS1-30-0015,2025-09-24,0.20046201516651863,0.11719215746305632,-0.3310738690755015
ROS1-31-0033,2025-09-24,0.19173481974608245,0.07341865772394016,-0.32804847417252736
ROS1-32-0029,2025-09-24,0.20484216935209318,0.1235426862928358,-0.324429938850565
ROS1-36-0006,2025-09-24,0.20698780788070364,0.08908704808050373,-0.333422609915596
ROS1-19-0018,2025-09-24,0.1916166406249338,0.08287274055793925,-0.2682243742529105
ROS1-25-0032,2025-09-24,0.21752567838611298,0.08947851676209105,-0.33447000263192367
ROS1-18-0027,2025-04-01,0.22683408803092475,0.07914739996981741,-0.295181015642121
ROS1-19-0012,2025-04-01,0.5490875671552773,0.28547802341248213,-0.5167474800442525
ROS1-24-0030,2025-04-01,0.2268898013263032,0.11664083421784815,-0.32653202731424974
ROS1-18-0014,2025-04-01,0.4353555109539646,0.24493935728097402,-0.4128291033927425
ROS1-24-0024,2025-04-01,0.5441579802456851,0.3020667850440432,-0.5100927131477363
ROS1-30-0015,2025-04-01,0.37354381657583974,0.1948608320467685,-0.41682852411342713
ROS1-19-0018,2025-04-01,0.319169821827022,0.09964548091538265,-0.3487035117434529
ROS1-24-0018,2025-04-01,0.4796536284932916,0.24422289110236933,-0.4702130686084507
ROS1-25-0032,2025-04-01,0.4534591562463481,0.28362094091397905,-0.4515931372549021
ROS1-18-0027,2025-04-17,0.21072373352495116,0.08725425050526599,-0.28203540538641764
ROS1-24-0030,2025-04-17,0.26533938582961936,0.1541104968911463,-0.35211171568503163
ROS1-30-0002,2025-04-17,0.2720442295907283,0.16292981168851528,-0.3719155923372575
ROS1-18-0014,2025-04-17,0.7861608599384645,0.5506493533541118,-0.67860186972715
ROS1-24-0024,2025-04-17,0.7500889856457125,0.5758656456607184,-0.6846825960968385
ROS1-30-0015,2025-04-17,0.6410945188152289,0.41250762233479565,-0.6073430712621429
ROS1-36-0006,2025-04-17,0.25631919325765595,0.14108415490102136,-0.36112824404377436
ROS1-19-0018,2025-04-17,0.21034262672151796,0.09988650747861161,-0.26480519560050525
ROS1-24-0018,2025-04-17,0.716193553586361,0.5029462643796492,-0.6526676312066941
ROS1-25-0032,2025-04-17,0.8068273456938001,0.6000430913693567,-0.691561311327514
ROS1-24-0030,2025-05-03,0.4096661170476942,0.2765311427391652,-0.43395683714420774
ROS1-30-0002,2025-05-03,0.35332986044038667,0.2061338319852419,-0.4148073323767879
ROS1-18-0014,2025-05-03,0.8390919778949807,0.6218914041960172,-0.7490467221386294
ROS1-19-0018,2025-05-03,0.2134347250634088,0.09800841886498554,-0.2805329075437808
ROS1-18-0027,2025-05-19,0.222605259965656,0.10261323287856071,-0.2904221414829334
ROS1-24-0030,2025-05-19,0.7338714940189418,0.46455153473982863,-0.6121707754782172
ROS1-24-0024,2025-05-19,0.7650319830644211,0.6599120105450718,-0.6841715868552921
ROS1-24-0018,2025-05-19,0.8865885845511072,0.7237041729000625,-0.7902574973900557
ROS1-18-0027,2025-06-04,0.22725270378176637,0.11354609409942289,-0.3001126665059175
ROS1-19-0012,2025-06-04,0.41205954077321677,0.2572052682662986,-0.5322159797117814
ROS1-24-0030,2025-06-04,0.6353711463362419,0.41018846723424235,-0.6166123035627407
ROS1-30-0002,2025-06-04,0.393892904041357,0.2245115842728951,-0.44806405890556866
ROS1-18-0014,2025-06-04,0.7958430954327634,0.5352516130475151,-0.7458732427302883
ROS1-24-0024,2025-06-04,0.7802015710474948,0.5687298896995991,-0.7410111517800405
ROS1-30-0015,2025-06-04,0.5707158893924187,0.3259842457861835,-0.6083865317302708
ROS1-36-0006,2025-06-04,0.25630210017876154,0.12321300143848421,-0.3560159675105818
ROS1-19-0018,2025-06-04,0.4856340094458596,0.2899434013895749,-0.4853459456020869
ROS1-24-0018,2025-06-04,0.7037554022113862,0.4579678046747169,-0.6913119440216665
ROS1-25-0032,2025-06-04,0.42050535037427317,0.26986143551626446,-0.5259299548357399
ROS1-18-0027,2025-07-06,0.2417589861096524,0.13519163609480667,-0.32202641630849965
ROS1-19-0012,2025-07-06,0.266365841066523,0.13640552403471085,-0.36118192439150987
ROS1-24-0030,2025-07-06,0.3501476039412747,0.2040549952042271,-0.439580709075169
ROS1-30-0002,2025-07-06,0.6894351242786402,0.4574733147361918,-0.6609771794841568
ROS1-24-0024,2025-07-06,0.26211888422716173,0.16445707498674664,-0.3937134993287392
ROS1-30-0015,2025-07-06,0.339703385617563,0.20390913394092136,-0.4493702271839238
ROS1-19-0018,2025-07-06,0.5636535971025999,0.34347269370678546,-0.5424735759941609
ROS1-24-0018,2025-07-06,0.2721814771002686,0.1477949589326349,-0.40717951104813754
ROS1-25-0032,2025-07-06,0.26261268549837374,0.15797569664510666,-0.36716379317680947
ROS1-24-0030,2025-07-22,0.3171912360369391,0.1931736792444884,-0.43241501797384596
ROS1-30-0002,2025-07-22,0.4428836812683127,0.25596755673618043,-0.4931172621512367
ROS1-18-0014,2025-07-22,0.21283262084329638,0.1231375263929763,-0.30280126328701207
ROS1-24-0024,2025-07-22,0.17951665491907126,0.06635039853482652,-0.2579173603050974
ROS1-30-0015,2025-07-22,0.310939081203945,0.22230371932528153,-0.4343786641795814
ROS1-24-0018,2025-07-22,0.17789174102320066,0.1562981351918198,-0.2841691950422627
ROS1-25-0032,2025-07-22,0.19060610821196317,0.05138574494317616,-0.2730576069985595
ROS1-18-0027,2025-08-07,0.18865732809585029,0.09087984491498385,-0.28060183920774
ROS1-19-0012,2025-08-07,0.3592323212274389,0.21747647616067303,-0.43966013414853117
ROS1-24-0030,2025-08-07,0.27450818210334177,0.17571734691637259,-0.41462019814948853
ROS1-30-0002,2025-08-07,0.30550370391370346,0.15714934572014685,-0.3966792381563458
ROS1-18-0014,2025-08-07,0.22172341133913578,0.14859850519372314,-0.33674892608077023
ROS1-24-0024,2025-08-07,0.2015090820597368,0.11248352195950445,-0.31655828381655465
ROS1-30-0015,2025-08-07,0.2372933841294584,0.14106247361628643,-0.36415387606431565
ROS1-36-0006,2025-08-07,0.2036520874535727,0.12532036734888,-0.3267857120313607
ROS1-19-0018,2025-08-07,0.31594191572714947,0.17863689914397335,-0.3651687901020777
ROS1-24-0018,2025-08-07,0.19413162480085283,0.1327797978493772,-0.3500846407551922
ROS1-25-0032,2025-08-07,0.20339646782797743,0.09814258229934253,-0.32846096258386
ROS1-18-0027,2025-08-23,0.1827995882501173,0.08592149937024816,-0.2787152947781958
ROS1-19-0012,2025-08-23,0.21281426045695,0.1023857313397322,-0.32392153175774985
ROS1-24-0030,2025-08-23,0.22207011304815588,0.15396301976919938,-0.3825768042248638
ROS1-30-0002,2025-08-23,0.24086707517310554,0.11639420446826426,-0.3653013839894351
ROS1-18-0014,2025-08-23,0.19963507765834196,0.10180429189619485,-0.3047888499203894
ROS1-24-0024,2025-08-23,0.21127809197621783,0.11465533795746569,-0.32791045043535505
ROS1-30-0015,2025-08-23,0.21764556772144464,0.13336724476337186,-0.35146997531718066
ROS1-36-0006,2025-08-23,0.20862320131564663,0.09510461675184109,-0.33252147275458305
ROS1-19-0018,2025-08-23,0.257417891983604,0.15471584847136735,-0.3678665653690859
ROS1-24-0018,2025-08-23,0.1962085852919879,0.131490457150439,-0.34497856173778996
ROS1-25-0032,2025-08-23,0.20510356017273434,0.09029583645500049,-0.32617961716041616
ROS1-18-0027,2025-09-08,0.18725518922487036,0.08716687769878576,-0.27987766851397167
ROS1-19-0012,2025-09-08,0.20577406734370265,0.10580678106618963,-0.31004650507829096
ROS1-24-0030,2025-09-08,0.17993159466410177,0.09389879285022604,-0.27392459250560874
ROS1-30-0002,2025-09-08,0.2310914088563992,0.12251775642576915,-0.3624658031869934
ROS1-18-0014,2025-09-08,0.19325155576814385,0.10157115246402963,-0.29978355626915015
ROS1-24-0024,2025-09-08,0.20907459029783645,0.11314774477422912,-0.3281406143014425
ROS1-30-0015,2025-09-08,0.20061557789949963,0.12756718865979158,-0.3370952111791339
ROS1-36-0006,2025-09-08,0.19124665829185677,0.0989968550802734,-0.2975703683763728
ROS1-19-0018,2025-09-08,0.20069886202066925,0.09904292032303504,-0.2885605074028117
ROS1-25-0032,2025-09-08,0.21328991487307475,0.13144371605925778,-0.3294182262659333
ROS1-18-0027,2025-09-24,0.18479036294058188,0.09713689500317359,-0.28704850561665685
ROS1-19-0012,2025-09-24,0.2100850798242634,0.10354522022126644,-0.3235223680407385
ROS1-24-0030,2025-09-24,0.20577708440593945,0.10578016287384596,-0.31933578070484897
ROS1-30-0002,2025-09-24,0.22640861154791672,0.10126949014049165,-0.3597797026410841
ROS1-18-0014,2025-09-24,0.20755819611245171,0.10360449060957633,-0.30912986084090255
ROS1-24-0024,2025-09-24,0.2042639107161696,0.10028064659698634,-0.31391902507098207
ROS1-30-0015,2025-09-24,0.20098420044903442,0.11729433274091894,-0.33155850594651015
ROS1-36-0006,2025-09-24,0.20629483775083168,0.08919594839431164,-0.3309798954541074
ROS1-19-0018,2025-09-24,0.19206523160087738,0.08280331368099023,-0.26876110511911494
ROS1-24-0018,2025-09-24,0.19121515845883108,0.10839581925227684,-0.3149763395671788
ROS1-25-0032,2025-09-24,0.21825906169531945,0.08948711344888938,-0.3353535814674662
ROS1-24-0030,2025-10-10,0.24862144927214672,0.11421895377244796,-0.3328991434594827
ROS1-29-0003,2025-04-24,0.6539799604674357,0.3897053429131534,-0.6005926149981546
ROS1-28-0015,2025-04-24,0.7070000178772636,0.4065249037008739,-0.6515092891659249
ROS1-22-0014,2025-06-11,0.36387233236885835,0.2153217305239338,-0.4168528802749662
ROS1-28-0002,2025-06-11,0.2409403374270668,0.11181936964889269,-0.3176897639298431
ROS1-29-0003,2025-06-11,0.6248392965953844,0.32502302889135787,-0.636559495538372
ROS1-28-0015,2025-06-11,0.7493776241862481,0.47508953032747686,-0.7064780544337833
ROS1-29-0005,2025-06-11,0.28649738232521593,0.13984192998218364,-0.3532061393956303
ROS1-22-0014,2025-06-27,0.47714914120773044,0.2675280989194841,-0.4685879212789584
ROS1-28-0002,2025-06-27,0.2237573260784017,0.10692779809504661,-0.310327147656323
ROS1-22-0014,2025-07-13,0.422478723085031,0.236076285303787,-0.4599137124901436
ROS1-28-0002,2025-07-13,0.23269196577521853,0.11071950149059179,-0.32244571736909694
ROS1-29-0003,2025-07-13,0.23570553177091594,0.11724186326355916,-0.34533676745690134
ROS1-29-0005,2025-07-13,0.5622170249957514,0.3408170925357138,-0.551315246361825
ROS1-22-0014,2025-07-29,0.5433124083059924,0.30430330000852523,-0.5237318994898245
ROS1-28-0002,2025-07-29,0.24117895808458045,0.09112168098984638,-0.343636302467302
ROS1-29-0003,2025-07-29,0.21517304637379442,0.10362420066754703,-0.3193213867973235
ROS1-28-0015,2025-07-29,0.17878428510612415,0.09840472048088517,-0.29807877443388714
ROS1-29-0005,2025-07-29,0.7600429092735141,0.508669524350481,-0.6756665855254191
ROS1-22-0014,2025-08-14,0.46540496347576227,0.2858345590202704,-0.4682212257246327
ROS1-28-0002,2025-08-14,0.26040762807731505,0.11620158829216423,-0.34554166376875256
ROS1-28-0015,2025-08-14,0.23350646356750712,0.09840538448065696,-0.3447411306788942
ROS1-22-0014,2025-08-30,0.24622407438067415,0.1374370614358877,-0.38580065756629156
ROS1-28-0002,2025-08-30,0.2321151452285224,0.08864286244517233,-0.35603548668799123
ROS1-29-0003,2025-08-30,0.2026054682111456,0.09129591494937055,-0.31847098351106373
ROS1-28-0015,2025-08-30,0.20242679092972013,0.06485397964794679,-0.32230327242562906
ROS1-29-0005,2025-08-30,0.32248191302229545,0.1544382601928068,-0.39430984222593873
ROS1-22-0014,2025-09-15,0.2325224990949398,0.13475558902147042,-0.3765403772561576
ROS1-28-0002,2025-09-15,0.21050430164208483,0.08281157386653193,-0.32328196116682084
ROS1-29-0003,2025-09-15,0.20165225569638243,0.08858720067250804,-0.3199980332278781
ROS1-28-0015,2025-09-15,0.2410222389487531,0.11523140408588572,-0.35016542917842064
ROS1-29-0005,2025-09-15,0.2809017347628205,0.13114791709134602,-0.3804588829643805
ROS1-22-0014,2025-10-01,0.22465079809073635,0.11972185749700424,-0.3741379473661873
ROS1-28-0002,2025-10-01,0.28095532441200366,0.10930536709456899,-0.37885267724837146
ROS1-29-0003,2025-10-01,0.1922110806476196,0.08538430603907825,-0.31681762356647714
ROS1-28-0015,2025-10-01,0.19350825338785385,0.06112518446913307,-0.31786247171041493
ROS1-29-0005,2025-10-01,0.2687247366486834,0.14803572150807887,-0.4002672420566584
ROS1-26-0018,2025-04-24,0.2537231701079333,0.10381629485199445,-0.32557829710494735
ROS1-27-0019,2025-04-24,0.2762177680330255,0.1284000172493166,-0.33206768953971744
ROS1-15-0013,2025-04-24,0.6092304648281355,0.3089139051999215,-0.5586790562657808
ROS1-21-0010,2025-04-24,0.22057597141983798,0.10341105843626731,-0.3109012064486361
ROS1-26-0030,2025-04-24,0.21651437579251978,0.08568808008131779,-0.30575834512259675
ROS1-28-0015,2025-04-24,0.7070952506518783,0.4069401044505306,-0.6508251147894435
ROS1-15-0025,2025-04-24,0.6899475556290974,0.40818786054740086,-0.6214583577161302
ROS1-21-0037,2025-04-24,0.24409291784979073,0.11538257297265385,-0.33803397988750034
ROS1-21-0003,2025-06-11,0.376904912774343,0.2001874014925676,-0.4185802368664749
ROS1-22-0014,2025-06-11,0.36341195131893145,0.21495155626818435,-0.41684488371768863
ROS1-26-0018,2025-06-11,0.537227959610513,0.3088767179669284,-0.5294151451283949
ROS1-27-0019,2025-06-11,0.2566680351748471,0.11856371118802268,-0.33993660177331514
ROS1-28-0002,2025-06-11,0.2416458203526511,0.11171705703994493,-0.31954236316113777
ROS1-33-0020,2025-06-11,0.52492762425129,0.3667016319761913,-0.5399417455826825
ROS1-15-0013,2025-06-11,0.4742409979476187,0.26676144036069577,-0.5505847456528421
ROS1-21-0010,2025-06-11,0.2668953283163311,0.12725088753941807,-0.33605042987688116
ROS1-22-0022,2025-06-11,0.6884040789123792,0.43266749215302097,-0.6871224455116283
ROS1-26-0030,2025-06-11,0.4132451724814614,0.22398259295108794,-0.45655735005769127
ROS1-27-0013,2025-06-11,0.3807784058141514,0.20658305310116695,-0.48729804596296034
ROS1-28-0015,2025-06-11,0.7243787346364511,0.45182203482896083,-0.6889755179597642
ROS1-15-0025,2025-06-11,0.45952242645975144,0.26646839015544793,-0.5424890483694677
ROS1-21-0037,2025-06-11,0.23503934696295115,0.11643249529141941,-0.3273522650276554
ROS1-22-0002,2025-06-11,0.27966181756163727,0.11006208684932843,-0.33173064556590826
ROS1-21-0003,2025-06-27,0.5023003580375965,0.3018459556413284,-0.5352585712760709
ROS1-26-0018,2025-06-27,0.7141767080066903,0.3684270703295047,-0.6634036309319018
ROS1-28-0002,2025-06-27,0.22571652283538227,0.10810337236433462,-0.3138932227279919
ROS1-15-0013,2025-06-27,0.22355537902318368,0.22440621825977008,-0.24913209874523293
ROS1-21-0010,2025-06-27,0.3810272866751922,0.22201863132076088,-0.4266808621552375
ROS1-26-0030,2025-06-27,0.4471166653137233,0.15612696102956905,-0.4411483842411854
ROS1-27-0013,2025-06-27,0.2800919154489169,0.15193204767841573,-0.41169925269944085
ROS1-15-0025,2025-06-27,0.33069195931887707,0.1768809126624829,-0.47023269729547545
ROS1-21-0037,2025-06-27,0.20491142995381978,0.08908930289859864,-0.3296475968475216
ROS1-22-0002,2025-06-27,0.5173582587660926,0.13194166514776806,-0.5112633381783425
ROS1-21-0003,2025-07-13,0.49114626072483436,0.2871512956271135,-0.5278174076426068
ROS1-22-0014,2025-07-13,0.4221880191417721,0.23626937093232803,-0.45966424941771317
ROS1-26-0018,2025-07-13,0.5209643221318478,0.2731485122506124,-0.5487286490328191
ROS1-27-0019,2025-07-13,0.22725477952702247,0.10214045021705932,-0.3356641900354058
ROS1-28-0002,2025-07-13,0.2339027693578284,0.11088936316316325,-0.3243106179850303
ROS1-33-0020,2025-07-13,0.6519459545362709,0.4214727222213731,-0.6362867557828019
ROS1-15-0013,2025-07-13,0.22922816852534858,0.16579719191172046,-0.36767867773016094
ROS1-21-0010,2025-07-13,0.5927780995323841,0.3366135031040687,-0.5856165614839568
ROS1-22-0022,2025-07-13,0.2568651349786055,0.12984419408815692,-0.3969341944408368
ROS1-26-0030,2025-07-13,0.32555850498437067,0.1619889768248453,-0.41088918210852843
ROS1-27-0013,2025-07-13,0.27072347127994395,0.1440063881752094,-0.391081576293779
ROS1-28-0015,2025-07-13,0.26416986801804215,0.1299069601894626,-0.417449996619987
ROS1-15-0025,2025-07-13,0.2669705683943025,0.18971076850527377,-0.38184925908324396
ROS1-21-0037,2025-07-13,0.1924942164156749,0.09399999940753657,-0.30884442308046434
ROS1-22-0002,2025-07-13,0.2839420468162698,0.13610671667542296,-0.3357882788535161
ROS1-21-0003,2025-07-29,0.4243062406410236,0.13420425324976096,-0.44478317571216025
ROS1-22-0014,2025-07-29,0.5417510391387785,0.30394405869606883,-0.5239591968584368
ROS1-26-0018,2025-07-29,0.525992581017115,0.2757565486891087,-0.5436244862498838
ROS1-27-0019,2025-07-29,0.23246984772524779,0.11513964690009193,-0.3531957349826521
ROS1-28-0002,2025-07-29,0.24251661229502453,0.09126631515191354,-0.34774203030016243
ROS1-33-0020,2025-07-29,0.6324281754591509,0.39399674490597625,-0.5949098434522283
ROS1-15-0013,2025-07-29,0.2288065715099188,0.13533230861799184,-0.3401835146995639
ROS1-21-0010,2025-07-29,0.7527419479340015,0.47910678260704703,-0.7006730318923028
ROS1-22-0022,2025-07-29,0.22549253211069814,0.13183985888325467,-0.3561772350239786
ROS1-26-0030,2025-07-29,0.33649129526121185,0.1832695135098004,-0.4119162932907938
ROS1-28-0015,2025-07-29,0.18321069625873157,0.10157370179270678,-0.3116037275166906
ROS1-15-0025,2025-07-29,0.2562404391903497,0.14377391668783535,-0.3603964312774676
ROS1-21-0037,2025-07-29,0.19801892295956383,0.0992814648995415,-0.32124002677805497
ROS1-22-0002,2025-07-29,0.3639472627743673,0.17714923237299599,-0.3991563003705223
ROS1-21-0003,2025-08-14,0.285539176948522,0.1731318740092366,-0.36454035541870244
ROS1-22-0014,2025-08-14,0.46659215033761237,0.286708088143723,-0.46996941329751013
ROS1-26-0018,2025-08-14,0.4725138789823875,0.23828574489415968,-0.5010395777781647
ROS1-28-0002,2025-08-14,0.248954023106231,0.10802167375284596,-0.33738847141674805
ROS1-26-0030,2025-08-14,0.28948924165339385,0.14891115269411254,-0.3813199922449871
ROS1-28-0015,2025-08-14,0.2567729790903972,0.09964836469586676,-0.38688858133331316
ROS1-15-0025,2025-08-14,0.22314331934283452,0.11322572419987746,-0.3327819913091896
ROS1-21-0037,2025-08-14,0.18846579794836232,0.0877788685713518,-0.30740476829584007
ROS1-22-0002,2025-08-14,0.3428356062933083,0.18781650399050517,-0.3766457719437525
ROS1-21-0003,2025-08-30,0.27203678942121395,0.13208567085980066,-0.3773382347943979
ROS1-22-0014,2025-08-30,0.24655896405888933,0.1375852751030958,-0.386692561487876
ROS1-26-0018,2025-08-30,0.31829561613651547,0.1476352533812609,-0.4216094519235587
ROS1-27-0019,2025-08-30,0.2301862534268432,0.0967382630159057,-0.36853644808609237
ROS1-28-0002,2025-08-30,0.2328819345162502,0.08871841392550733,-0.35811049309898507
ROS1-33-0020,2025-08-30,0.2745756110397061,0.13895473400215846,-0.41063176066485424
ROS1-15-0013,2025-08-30,0.2001878197410575,0.09094689341536173,-0.31305758831441277
ROS1-21-0010,2025-08-30,0.4408724834607747,0.21211518534641735,-0.4663529830598057
ROS1-22-0022,2025-08-30,0.2375041770747419,0.07326790663031166,-0.35137382418781765
ROS1-26-0030,2025-08-30,0.23726660227306795,0.11112919743373885,-0.3589646125741872
ROS1-27-0013,2025-08-30,0.20132931434332083,0.07370724784702228,-0.31940962709543824
ROS1-28-0015,2025-08-30,0.20335162529331277,0.0649133526076248,-0.3247012262372375
ROS1-15-0025,2025-08-30,0.20646245682126382,0.09154497390973886,-0.3200321889399685
ROS1-21-0037,2025-08-30,0.17976820596148982,0.07655974481576192,-0.30570345223811385
ROS1-22-0002,2025-08-30,0.23013405863947697,0.07934341853458304,-0.3255786747930102
ROS1-21-0003,2025-09-15,0.19012039073074818,0.05634671995211662,-0.2590308026988481
ROS1-22-0014,2025-09-15,0.23311515906471503,0.13476055213045365,-0.37788313282033087
ROS1-26-0018,2025-09-15,0.2962831365913338,0.1401300608818768,-0.40073964399808587
ROS1-28-0002,2025-09-15,0.21049530230978486,0.08290171466092441,-0.3234052208793106
ROS1-33-0020,2025-09-15,0.23562737010440643,0.08638995655551301,-0.33910552927150084
ROS1-15-0013,2025-09-15,0.10310452204745088,0.01999027060161787,-0.12039893523408711
ROS1-21-0010,2025-09-15,0.3105195100389492,0.14654112219369098,-0.38846348629000943
ROS1-22-0022,2025-09-15,0.21404301095078554,0.07037250472972438,-0.31031986272969975
ROS1-28-0015,2025-09-15,0.23383514344955622,0.10275527289464462,-0.34339879243793575
ROS1-15-0025,2025-09-15,0.2101785146002003,0.09320881790197086,-0.31932548369564356
ROS1-21-0037,2025-09-15,0.1773307947613346,0.07722613874906523,-0.2988488356687509
ROS1-22-0002,2025-09-15,0.22720970005226515,0.08696677944936551,-0.313812467141135
ROS1-22-0014,2025-10-01,0.22341537960961147,0.11919466989490485,-0.3720615451889915
ROS1-27-0019,2025-10-01,0.22432579889057747,0.08706417404582206,-0.3609153705504879
ROS1-28-0002,2025-10-01,0.2790230513546612,0.10896255620677782,-0.3754983147367087
ROS1-33-0020,2025-10-01,0.2652982916787026,0.11608756345916388,-0.4154391756667246
ROS1-21-0010,2025-10-01,0.27122871051632885,0.1150957540498767,-0.3840191650003464
ROS1-22-0022,2025-10-01,0.20593929273065248,0.0690224738204076,-0.3112474389499293
ROS1-26-0030,2025-10-01,0.22576543321879075,0.11623170171269748,-0.348098822445446
ROS1-27-0013,2025-10-01,0.20587260525704754,0.08833273511287988,-0.30847809133296383
ROS1-28-0015,2025-10-01,0.19282040758691485,0.06081298716665666,-0.31682721992821977
ROS1-22-0002,2025-10-01,0.22525541606906316,0.06739669545909785,-0.3237943861454939
ROS1-19-0012,2025-04-24,0.8304671273669039,0.6092541264120708,-0.7405672225737764
ROS1-20-0038,2025-04-24,0.6986436293416319,0.40983458565462777,-0.6328109927156799
ROS1-26-0018,2025-04-24,0.2537303830428841,0.10346257125709815,-0.3252649026743284
ROS1-07-0020,2025-04-24,0.698396698573011,0.4721634167807139,-0.6412345241178753
ROS1-08-0025,2025-04-24,0.215538094633173,0.08462075014271879,-0.28071409162212063
ROS1-14-0009,2025-04-24,0.8381601335422677,0.6134301278349468,-0.7400015256357404
ROS1-19-0004,2025-04-24,0.6991788366247638,0.37763840260695714,-0.6353258682208472
ROS1-20-0017,2025-04-24,0.5176097656168426,0.2792564250822705,-0.4873197544128065
ROS1-26-0030,2025-04-24,0.22025113775303573,0.08988553356031519,-0.3138456274288663
ROS1-07-0031,2025-04-24,0.2571134321817465,0.12257635821210872,-0.32338440649560884
ROS1-13-0020,2025-04-24,0.87195359649798,0.6451363490100612,-0.7910229542945121
ROS1-14-0031,2025-04-24,0.3000757921555062,0.12404602823419072,-0.3257706487504057
ROS1-20-0026,2025-04-24,0.7828402273946308,0.5174668621629529,-0.7215720547619912
ROS1-19-0012,2025-06-11,0.32524292572788455,0.18503335078509453,-0.48542834457616973
ROS1-20-0038,2025-06-11,0.36535449360085404,0.19950527384020625,-0.480297446368661
ROS1-21-0003,2025-06-11,0.3767405901413134,0.1993480697018261,-0.41981059560967504
ROS1-26-0018,2025-06-11,0.5362678123235354,0.3086629130496663,-0.5292002631567018
ROS1-07-0020,2025-06-11,0.3749146532080148,0.22245455810010276,-0.4751979066678855
ROS1-08-0025,2025-06-11,0.34353091414056514,0.18865132707543308,-0.3787147762473581
ROS1-13-0000,2025-06-11,0.43661862311887184,0.24670578991125014,-0.5472852882952882
ROS1-14-0009,2025-06-11,0.3586892383144299,0.19074434588385553,-0.48411688964979266
ROS1-18-0014,2025-06-11,0.6753022370331865,0.34851343162354625,-0.6744441243452408
ROS1-19-0004,2025-06-11,0.5536765479393357,0.3091146150286264,-0.580084839353507
ROS1-20-0017,2025-06-11,0.35953676638671583,0.2066961425809259,-0.42983722300670973
ROS1-26-0030,2025-06-11,0.4119221946737394,0.22346779974536138,-0.45601326021018734
ROS1-07-0031,2025-06-11,0.42507366270474917,0.2449279637503201,-0.4613105520553387
ROS1-13-0020,2025-06-11,0.7026240795191381,0.4156383809559316,-0.693209576580614
ROS1-19-0018,2025-06-11,0.5715750089162169,0.344667513652061,-0.5638471210694007
ROS1-20-0026,2025-06-11,0.40576039125965896,0.21194478009916431,-0.5304645144730166
ROS1-19-0012,2025-06-27,0.2467422418942657,0.1104990102294482,-0.3871038219844859
ROS1-20-0038,2025-06-27,0.29473659401431185,0.1476804318117486,-0.4343231442499522
ROS1-21-0003,2025-06-27,0.5029554561448611,0.3013688420087262,-0.5370456023953618
ROS1-26-0018,2025-06-27,0.712660989720451,0.3671444122054134,-0.6638371883696961
ROS1-07-0020,2025-06-27,0.31791504030959966,0.17337175380949485,-0.42598790891413335
ROS1-08-0025,2025-06-27,0.5133780307440353,0.3197285510885712,-0.5189236134021862
ROS1-13-0000,2025-06-27,0.28093402399009254,0.11103218817251971,-0.41189859689418096
ROS1-14-0009,2025-06-27,0.29436041194522583,0.13380433998368013,-0.40512108263045676
ROS1-18-0014,2025-06-27,0.32474486189431495,0.1534699098855869,-0.459677021428218
ROS1-19-0004,2025-06-27,0.3761195181329823,0.18598298854651457,-0.4935134133284394
ROS1-20-0017,2025-06-27,0.34435851237309917,0.21148970253228866,-0.437617872539735
ROS1-26-0030,2025-06-27,0.453839122026541,0.21724147727552567,-0.46924049234062654
ROS1-07-0031,2025-06-27,0.6408915881411295,0.40458247257780927,-0.6096213272083895
ROS1-19-0018,2025-06-27,0.7423853154711251,0.5175370345887473,-0.6921600125932055
ROS1-20-0026,2025-06-27,0.3512032698140237,0.18020511320748409,-0.5088544657598979
ROS1-19-0012,2025-07-13,0.26918101818774604,0.12951166393053815,-0.37456438427487415
ROS1-20-0038,2025-07-13,0.22975445070122505,0.13530886331239905,-0.35391296815407647
ROS1-21-0003,2025-07-13,0.49029879257930054,0.2850217152205049,-0.529092778255024
ROS1-26-0018,2025-07-13,0.5209057894479319,0.2733825116096967,-0.5493396356704405
ROS1-07-0020,2025-07-13,0.23947653174725503,0.1506556959998801,-0.3537733283419463
ROS1-08-0025,2025-07-13,0.4945697167590974,0.29677453912152596,-0.5113093973333481
ROS1-13-0000,2025-07-13,0.22926352298892125,0.1520909411443313,-0.3711360824825556
ROS1-14-0009,2025-07-13,0.2482230376921375,0.15546785424956028,-0.3652968826026703
ROS1-18-0014,2025-07-13,0.19611729304863354,0.123013463311184,-0.3357528486548451
ROS1-19-0004,2025-07-13,0.204569383010698,0.10657089903335913,-0.31000294919934046
ROS1-20-0017,2025-07-13,0.2701119073672284,0.15630635926594075,-0.3708827976374681
ROS1-26-0030,2025-07-13,0.32613478480541314,0.16168344828245487,-0.4129178695271949
ROS1-07-0031,2025-07-13,0.37708534207678807,0.18910487428587808,-0.4175153089153724
ROS1-13-0020,2025-07-13,0.24853961580432327,0.19627905746286956,-0.40243407051075025
ROS1-14-0031,2025-07-13,0.6863749476747312,0.44757108132577117,-0.6371294655541362
ROS1-19-0018,2025-07-13,0.445933379104537,0.2378897203605398,-0.4699330064412673
ROS1-20-0026,2025-07-13,0.25441374973007724,0.16811964221391137,-0.38301838553246553
ROS1-19-0012,2025-07-29,0.3380893141652835,0.19297242987742824,-0.4178755188101121
ROS1-20-0038,2025-07-29,0.24257442966358975,0.13665394712767964,-0.35078283630572843
ROS1-21-0003,2025-07-29,0.4259663507656372,0.13450074016832814,-0.4475398598794464
ROS1-26-0018,2025-07-29,0.5263298523259328,0.2758520322294154,-0.5444053106533275
ROS1-07-0020,2025-07-29,0.22970426342031403,0.12619408160120874,-0.330416296284491
ROS1-08-0025,2025-07-29,0.627864259770881,0.424056370453597,-0.6038011047817208
ROS1-13-0000,2025-07-29,0.20721643769478432,0.10669033854572708,-0.32826026879565806
ROS1-14-0009,2025-07-29,0.2233343731096509,0.13459812902265855,-0.3484254118907715
ROS1-18-0014,2025-07-29,0.19483147593085717,0.1244934551251948,-0.31897200955777044
ROS1-19-0004,2025-07-29,0.1932352957458698,0.08945664999383647,-0.3002062493091671
ROS1-20-0017,2025-07-29,0.2860428026916207,0.1551657861738222,-0.37875887541460623
ROS1-26-0030,2025-07-29,0.33874257799662577,0.18361474177910606,-0.4150984162533239
ROS1-07-0031,2025-07-29,0.41293066735727574,0.21033988180075772,-0.4441878515301879
ROS1-13-0020,2025-07-29,0.234979058986562,0.18627778064036848,-0.38271386848096756
ROS1-14-0031,2025-07-29,0.7234926261805672,0.47239682171338154,-0.6594761488645088
ROS1-19-0018,2025-07-29,0.3901062471213468,0.20816215814397102,-0.41605943636276793
ROS1-20-0026,2025-07-29,0.3082615760635429,0.18522575143542558,-0.4121773553895557
ROS1-19-0012,2025-08-14,0.32104973298123374,0.18229918543204213,-0.4059477077466664
ROS1-20-0038,2025-08-14,0.1940301025529302,0.087155807886495,-0.3083295574875007
ROS1-21-0003,2025-08-14,0.28723660321156347,0.17407740978160163,-0.3671233626735852
ROS1-26-0018,2025-08-14,0.4738816329517173,0.23879952393799483,-0.5034666797670746
ROS1-08-0025,2025-08-14,0.5921014175992292,0.3698088310923748,-0.5713926339947337
ROS1-14-0009,2025-08-14,0.20313518542596057,0.12531272209439007,-0.3193111033099397
ROS1-18-0014,2025-08-14,0.2014781705473028,0.10765210605322183,-0.3006080988805069
ROS1-19-0004,2025-08-14,0.214893608090129,0.1021032695879583,-0.3096965951157396
ROS1-20-0017,2025-08-14,0.2709877116109267,0.15147973416110339,-0.36489644976216573
ROS1-26-0030,2025-08-14,0.29127081739089933,0.14965323758514928,-0.384104887455863
ROS1-07-0031,2025-08-14,0.2813018498645139,0.15963135118397176,-0.3592530164992591
ROS1-13-0020,2025-08-14,0.18012373089633044,0.10523339672596838,-0.312509074141671
ROS1-14-0031,2025-08-14,0.6179783280366032,0.37713515389451285,-0.5974463853829244
ROS1-20-0026,2025-08-14,0.2832891987428105,0.17220994054707703,-0.40743043468159346
ROS1-19-0012,2025-08-30,0.19385245488933772,0.0923319069169009,-0.3040198070353415
ROS1-20-0038,2025-08-30,0.1832000601436625,0.08306664959205957,-0.295257806941392
ROS1-21-0003,2025-08-30,0.2723073559707104,0.13181292121075813,-0.3800569550638399
ROS1-26-0018,2025-08-30,0.3174317602897608,0.1476178042308104,-0.4222414122145529
ROS1-07-0020,2025-08-30,0.2177601073640011,0.11741810822707344,-0.31176850927086824
ROS1-13-0000,2025-08-30,0.17993824989209978,0.08754205151453635,-0.29330805282581396
ROS1-14-0009,2025-08-30,0.19486456626919088,0.05222899888802767,-0.26933506009955865
ROS1-18-0014,2025-08-30,0.18774681494431528,0.0938889033766101,-0.29379556463777073
ROS1-19-0004,2025-08-30,0.19351295514102612,0.09573204405641784,-0.2968758348457799
ROS1-20-0017,2025-08-30,0.2083812371808517,0.09723148054019974,-0.315188759764176
ROS1-26-0030,2025-08-30,0.2375510470265442,0.1108904425600154,-0.36203085233306453
ROS1-07-0031,2025-08-30,0.28020977051802776,0.13102905293408132,-0.36116483506178665
ROS1-13-0020,2025-08-30,0.18637434565366345,0.09764529267996927,-0.31708695655616514
ROS1-14-0031,2025-08-30,0.47889866953880805,0.2823050097340744,-0.5288701033302807
ROS1-19-0018,2025-08-30,0.2266954133710871,0.11883128154532517,-0.3278739352625551
ROS1-20-0026,2025-08-30,0.2163413862498395,0.09179583741370136,-0.321365238346133
ROS1-19-0012,2025-09-15,0.21175561301832363,0.09864629281804974,-0.3352302237764879
ROS1-20-0038,2025-09-15,0.19238020842924491,0.0968577523473046,-0.3004824477621872
ROS1-21-0003,2025-09-15,0.1904725669428299,0.056408572992395975,-0.2597085166713493
ROS1-26-0018,2025-09-15,0.29698659532599087,0.14035060036004762,-0.40159557145318214
ROS1-07-0020,2025-09-15,0.2168695627523479,0.11079379720210347,-0.31711128973550085
ROS1-08-0025,2025-09-15,0.34656823089495653,0.16641721168626286,-0.4116842557980037
ROS1-13-0000,2025-09-15,0.18547845713271932,0.08166275346811579,-0.29876275537548014
ROS1-14-0009,2025-09-15,0.19662574646603506,0.1117405495191449,-0.3236752482134794
ROS1-18-0014,2025-09-15,0.19633066886377495,0.09619912723639228,-0.31085778043297085
ROS1-19-0004,2025-09-15,0.22924686127191313,0.09652667602044546,-0.32045754172892255
ROS1-20-0017,2025-09-15,0.1704704781451495,0.055474377532875006,-0.2676836086578959
ROS1-07-0031,2025-09-15,0.28407278198368907,0.13603931490148066,-0.39063260144066864
ROS1-13-0020,2025-09-15,0.17570474191540927,0.08455140176965763,-0.3096586439924269
ROS1-19-0018,2025-09-15,0.1953551522806469,0.08315707833925604,-0.28052599441132625
ROS1-13-0000,2025-10-17,0.21038006815591997,0.08289484560697341,-0.3107125054039412
ROS1-14-0009,2025-10-17,0.18407957849730533,0.0869866808523378,-0.254497327351321
ROS1-18-0014,2025-10-17,0.2565346743960053,0.10565672381633157,-0.32875620618564955
ROS1-13-0020,2025-10-17,0.24422674319697957,0.10453829267393837,-0.3266579889492711
ROS1-19-0018,2025-10-17,0.1887688335901869,0.07828279603616803,-0.24250894693611721
ROS1-18-0027,2025-04-24,0.25206190974981085,0.1111251181778521,-0.30701971607876444
ROS1-07-0031,2025-04-24,0.26024835456232126,0.12391505677376981,-0.3268962998457271
ROS1-18-0027,2025-06-11,0.23128454757964723,0.10199258189225952,-0.3120916968013904
ROS1-18-0014,2025-06-11,0.6759133189620448,0.3487289242214945,-0.6751080009872356
ROS1-07-0031,2025-06-11,0.4246906292602848,0.24521304084620213,-0.46103829853561074
ROS1-18-0014,2025-06-27,0.3266881891931551,0.1536634396605246,-0.4632372428749995
ROS1-07-0031,2025-06-27,0.6419289974533313,0.4063284618901006,-0.6106748889307942
ROS1-18-0027,2025-07-13,0.18348407228462382,0.08157577623254123,-0.27705141620929513
ROS1-18-0014,2025-07-13,0.19527122287337412,0.12338605322886752,-0.33381692290019005
ROS1-07-0031,2025-07-13,0.3776936538597793,0.1894821532912365,-0.41781961218059105
ROS1-18-0027,2025-07-29,0.18419239406122281,0.08760508361778258,-0.26495676173131
ROS1-18-0014,2025-07-29,0.19467184919183772,0.12469662573634858,-0.3188266820040458
ROS1-07-0031,2025-07-29,0.4194264007074771,0.2139404270364225,-0.4485284474479229
ROS1-18-0014,2025-08-14,0.20209153082315195,0.10807369334225692,-0.3013665737646206
ROS1-07-0031,2025-08-14,0.2815756811339822,0.16637065431886972,-0.35796326918231863
ROS1-18-0027,2025-08-30,0.17665885178407023,0.08073214378756109,-0.2723745104861341
ROS1-18-0014,2025-08-30,0.1882097034907079,0.0941693335585084,-0.2946098632752901
ROS1-07-0031,2025-08-30,0.2824314405999539,0.13216182518052857,-0.3631967738378531
ROS1-18-0027,2025-09-15,0.19352246068683762,0.07830558777387969,-0.3020086348150257
ROS1-18-0014,2025-09-15,0.19732938432768424,0.09655308872632087,-0.31165743295924625
ROS1-07-0031,2025-09-15,0.28554284597205665,0.13638854888729562,-0.3921755427204416
ROS1-18-0027,2025-10-17,0.3052994953278757,0.06444240624245896,-0.35689412873953585
ROS1-18-0014,2025-10-17,0.25834033256530725,0.10611945505200802,-0.3296232530622092
ROS1-22-0014,2025-05-01,0.2560160339491043,0.13144407232264874,-0.34013883311079374
ROS1-22-0002,2025-05-01,0.26347545142449963,0.09187241122526908,-0.3318298598302574
ROS1-22-0014,2025-06-02,0.35067883921784543,0.21026366235160945,-0.404164048238493
ROS1-22-0002,2025-06-02,0.3482778102565634,0.16678999820553353,-0.36273281240956917
ROS1-22-0014,2025-07-04,0.4020125589026155,0.29355485852865915,-0.43175883800235587
ROS1-22-0002,2025-07-04,0.35921965119439064,0.189529410366518,-0.3898730212095587
ROS1-22-0014,2025-08-05,0.5133068747048889,0.27349638251066544,-0.5111101333483635
ROS1-22-0002,2025-08-05,0.3559765135816973,0.14956866698302454,-0.4204910371840824
ROS1-22-0014,2025-08-21,0.2884287172192723,0.16688555689743115,-0.39982243820595764
ROS1-22-0002,2025-08-21,0.24471433900097675,0.08525248509292493,-0.31441093366698675
ROS1-22-0014,2025-09-22,0.23690212878377823,0.13220324331634975,-0.3801037386255152
ROS1-22-0002,2025-09-22,0.2366025462184647,0.06687997397527902,-0.3384911674263348
ROS1-14-0031,2025-04-15,0.27020924085520087,0.10047433496412435,-0.31944374657004276
ROS1-15-0025,2025-04-15,0.4339416343655501,0.2378710471666639,-0.506755644356826
ROS1-15-0013,2025-05-01,0.645150955504683,0.37708653411378934,-0.5917798909145259
ROS1-14-0031,2025-05-01,0.2954764822696462,0.11900478933674902,-0.3467226511487726
ROS1-15-0025,2025-05-01,0.6662601659614302,0.4029208131925523,-0.6164715606595382
ROS1-22-0002,2025-05-01,0.26404547314621685,0.09210669096988701,-0.33334352142331486
ROS1-15-0013,2025-05-17,0.6472722296980565,0.4952099870992598,-0.5935709087513076
ROS1-14-0031,2025-05-17,0.36397890011208583,0.21426554188614744,-0.3833603257675314
ROS1-15-0013,2025-06-02,0.6660420290312266,0.39505609380859597,-0.6451995768859539
ROS1-22-0022,2025-06-02,0.8684312883366903,0.6486141740846557,-0.7839319561867836
ROS1-14-0031,2025-06-02,0.5125047995818326,0.24926503345639214,-0.49218313702198124
ROS1-15-0025,2025-06-02,0.6422591033554753,0.37142096942295394,-0.6339190239188687
ROS1-22-0002,2025-06-02,0.34749743523438764,0.1666077788092542,-0.36165668715576427
ROS1-14-0031,2025-06-18,0.670917075706599,0.30076250260359766,-0.5355223325269175
ROS1-15-0013,2025-07-04,0.2595765616795677,0.16567250729650754,-0.36311823597270504
ROS1-14-0031,2025-07-04,0.7259668758583241,0.534803239859431,-0.6515406496027007
ROS1-15-0025,2025-07-04,0.31160685925949416,0.130154672583066,-0.43008856729136347
ROS1-22-0002,2025-07-04,0.3683585075265054,0.19409467997252,-0.39505295147406494
ROS1-15-0013,2025-08-05,0.22810151784800217,0.13164277461145452,-0.3513161857259638
ROS1-22-0022,2025-08-05,0.26183174648099783,0.15285126214746095,-0.3929142735391039
ROS1-14-0031,2025-08-05,0.6949390521486049,0.4222556510770129,-0.6419397212966352
ROS1-15-0025,2025-08-05,0.22017364351903282,0.0928900211959661,-0.3295053303236695
ROS1-22-0002,2025-08-05,0.3553443549096982,0.1496858284885468,-0.4190363229247347
ROS1-15-0013,2025-08-21,0.20306971611486405,0.08889894174372896,-0.3077880178110612
ROS1-22-0022,2025-08-21,0.30734130625052986,0.16034387766642205,-0.3975824875246084
ROS1-15-0025,2025-08-21,0.21434567128942522,0.09224886933442356,-0.31361959949961304
ROS1-22-0002,2025-08-21,0.24398008905353122,0.08538482810237026,-0.3119661103488909
ROS1-14-0031,2025-09-06,0.48358106022856234,0.2737123241309947,-0.5458301872519856
ROS1-15-0025,2025-09-06,0.206534210542175,0.08419399950850898,-0.31515266102903655
ROS1-15-0013,2025-09-22,0.2008115689438628,0.0788195274903615,-0.3209039540161827
ROS1-22-0022,2025-09-22,0.22249385078965345,0.06736641657081191,-0.33360622722486144
ROS1-14-0031,2025-09-22,0.42381883205955745,0.23188158868265543,-0.5263898882881013
ROS1-15-0025,2025-09-22,0.20937797482225337,0.08939187400560708,-0.3250141777915005
ROS1-22-0002,2025-09-22,0.2365770827815507,0.0670382078935899,-0.33638783478045076
ROS1-14-0031,2025-10-08,0.3164297684852974,0.19405962116978703,-0.42392652898419386
ROS1-14-0031,2025-10-24,0.26983518722707805,0.12719776454858742,-0.35225279056381936
ROS1-01-0044,2025-04-15,0.24560743229516974,0.11747464094902302,-0.3218591330419774
ROS1-07-0020,2025-04-15,0.6468219119053185,0.41107783564599726,-0.6022925249850158
ROS1-08-0025,2025-04-15,0.19877199300505277,0.06612162408690656,-0.2749342689050204
ROS1-01-0009,2025-04-15,0.3121533694609005,0.1294237399815502,-0.34509648754646943
ROS1-07-0031,2025-04-15,0.24188204869312985,0.10085934381809834,-0.3068458264890934
ROS1-14-0031,2025-04-15,0.2697283465004652,0.1003442399684282,-0.3191907973782804
ROS1-01-0044,2025-05-01,0.4466662352313993,0.2701666389611278,-0.44947876888203164
ROS1-07-0020,2025-05-01,0.69052304531145,0.43892241469365095,-0.6493124671144576
ROS1-08-0025,2025-05-01,0.2107507285956872,0.08005043224661562,-0.287851932072426
ROS1-01-0009,2025-05-01,0.5674660461364952,0.3211599287757573,-0.5184102400096418
ROS1-07-0031,2025-05-01,0.25249476383172836,0.11040511677237101,-0.339394259214134
ROS1-14-0031,2025-05-01,0.29731175020685713,0.11936060085036519,-0.3499326190398839
ROS1-01-0044,2025-06-02,0.8235099996704189,0.6429610502178235,-0.7270174303659319
ROS1-07-0020,2025-06-02,0.5059599427545115,0.3073194445179832,-0.5343844078315704
ROS1-07-0031,2025-06-02,0.37568828418731276,0.20133494439643618,-0.4077850354318867
ROS1-14-0031,2025-06-02,0.5136779556385987,0.24878009158876094,-0.4939758046643181
ROS1-01-0044,2025-06-18,0.2867278742603768,0.14550254869853296,-0.3570924752510629
ROS1-07-0020,2025-06-18,0.37133462308967324,0.18483271599755643,-0.4675241281401153
ROS1-08-0025,2025-06-18,0.33893831611121655,0.17800555167298027,-0.357153137439723
ROS1-14-0031,2025-06-18,0.6608303055363319,0.28393545694387756,-0.5309075912907093
ROS1-01-0044,2025-07-04,0.26498626334375214,0.18640127926634045,-0.40477100334142935
ROS1-07-0020,2025-07-04,0.29259099534538896,0.13017797160359418,-0.393152796612698
ROS1-08-0025,2025-07-04,0.5855421268192107,0.3714834402754719,-0.5839770563182834
ROS1-01-0009,2025-07-04,0.34231538105080583,0.1783507691979156,-0.4229746036719338
ROS1-07-0031,2025-07-04,0.5909257375216794,0.3083035227434574,-0.5842600423992438
ROS1-14-0031,2025-07-04,0.7216557392298949,0.5363303719678284,-0.6471201247587957
ROS1-01-0044,2025-08-05,0.25725439201256295,0.1392372748843928,-0.3768073506250689
ROS1-07-0020,2025-08-05,0.22267971147831805,0.13187574610310104,-0.2867760848924022
ROS1-08-0025,2025-08-05,0.6229523409116832,0.4081335981236024,-0.602659275621849
ROS1-01-0009,2025-08-05,0.23902818836676534,0.13422954498880807,-0.35442274589456024
ROS1-07-0031,2025-08-05,0.4767152203011776,0.21737134678384049,-0.48417691619013836
ROS1-14-0031,2025-08-05,0.6954706372535192,0.4218714970402396,-0.6431534065432793
ROS1-01-0044,2025-08-21,0.22789921197128188,0.1384207841184264,-0.3391924788831383
ROS1-07-0020,2025-08-21,0.22699085600696906,0.15498635917326026,-0.3216726991076936
ROS1-08-0025,2025-08-21,0.5355000447152538,0.3319793591386672,-0.5313062620151583
ROS1-01-0009,2025-08-21,0.22667693959968313,0.11767837248432365,-0.33644158081021364
ROS1-07-0031,2025-08-21,0.32019832751023813,0.13993062536234152,-0.3906502432021078
ROS1-14-0031,2025-08-21,0.5403228448983417,0.23718465951382695,-0.5349722126187697
ROS1-01-0044,2025-09-06,0.22522453714011184,0.14145420576592316,-0.3489958472736206
ROS1-08-0025,2025-09-06,0.39035103436201235,0.19214301376020207,-0.4363493372764228
ROS1-01-0009,2025-09-06,0.23708736657226048,0.09380175912469904,-0.3330279523179447
ROS1-07-0031,2025-09-06,0.3057956497207384,0.1434792041936211,-0.40658454433051117
ROS1-14-0031,2025-09-06,0.4839419556306259,0.273619006297724,-0.5465716743257446
ROS1-01-0044,2025-09-22,0.2322784972939632,0.10683667757907829,-0.3280082087110115
ROS1-07-0020,2025-09-22,0.25106163494440825,0.11377397259778461,-0.3561622943676104
ROS1-08-0025,2025-09-22,0.32652645079089343,0.13756801730083856,-0.3950466760158527
ROS1-01-0009,2025-09-22,0.23811612324427656,0.10522143310159643,-0.33657695458852044
ROS1-07-0031,2025-09-22,0.27637403365013524,0.11193428115465007,-0.38634811517747586
ROS1-14-0031,2025-09-22,0.42431661800508036,0.23227271330320745,-0.5265740393722814
ROS1-01-0044,2025-10-08,0.20219839971089112,0.09297705545322169,-0.2854624859388638
ROS1-08-0025,2025-10-08,0.20511822441754277,0.06210415733161223,-0.29426641766764017
ROS1-07-0031,2025-10-08,0.20165401824533422,0.07507932801992723,-0.2964406637332669
ROS1-01-0009,2025-10-24,0.3295874577059459,0.12054113706758841,-0.37178907743280404
ROS1-07-0031,2025-10-24,0.7469935029697408,0.07373383764671419,-0.7751702430933913
ROS1-14-0031,2025-10-24,0.27103634114653147,0.12775521654581248,-0.35405544081611245
ROS1-01-0044,2025-04-15,0.2465310155473444,0.11757714375585403,-0.3245393048548345
ROS1-01-0044,2025-05-01,0.448479065954779,0.2704335336295586,-0.4528530368111654
ROS1-01-0044,2025-06-02,0.8233369067383046,0.641216910510001,-0.7272003508871138
ROS1-01-0044,2025-06-18,0.28558441639434934,0.1465417315138479,-0.3556559146932294
ROS1-01-0044,2025-07-04,0.2647050994434045,0.18595059099705438,-0.4041314115890476
ROS1-01-0044,2025-08-05,0.2575949510211167,0.13928016110321498,-0.37722925308143834
ROS1-01-0044,2025-08-21,0.2288831270894218,0.13890470915545933,-0.3403577431398213
ROS1-01-0044,2025-09-06,0.22554683353199792,0.14166707280460317,-0.3494923422023153
ROS1-01-0044,2025-09-22,0.23152349150436308,0.10648188703745985,-0.326888366015615
ROS1-01-0044,2025-10-08,0.2010966692084357,0.09262389158745464,-0.28481729498133584
ROS1-01-0009,2025-05-24,0.7997142799095943,0.5613384547780098,-0.7138539023962855
ROS1-01-0009,2025-06-09,0.421399424695302,0.23334344253951897,-0.4613444398487631
ROS1-01-0009,2025-06-25,0.35967059407085683,0.20838318778007806,-0.43743044096848216
ROS1-01-0009,2025-07-11,0.27334169045610096,0.1465266295292538,-0.3730119470286411
ROS1-01-0009,2025-07-27,0.23826330658078593,0.12931734269043993,-0.35632703117496983
ROS1-01-0009,2025-08-12,0.2310994300704313,0.12790877471446058,-0.3383908119571214
ROS1-01-0009,2025-08-28,0.23031949785244835,0.1100366289460265,-0.34357335139995837
ROS1-01-0009,2025-09-13,0.5882622241018454,0.11836459449317761,-0.8233576191526395
ROS1-01-0009,2025-10-15,0.2751198302353266,0.08700091209126257,-0.33786092467075
