anon_polygon_id,date,landsat_ndvi,landsat_evi,landsat_ndwi
ROS1-49-0004,2024-04-08,0.43009225917612226,0.2707025615721918,-0.48141329574378494
ROS1-43-0019,2024-04-08,0.3097955605479911,0.19976457503537356,-0.3903835891739718
ROS1-49-0007,2024-04-08,0.257126618383156,0.15168413916280782,-0.3639360002533691
ROS1-49-0004,2024-05-10,0.6075359410170861,0.44089451034281474,-0.6171002543059247
ROS1-43-0019,2024-05-10,0.1995435304379936,0.1152344902813635,-0.336981399587386
ROS1-49-0007,2024-05-10,0.2611243429004069,0.1481122665227263,-0.38628856585397403
ROS1-49-0004,2024-05-26,0.5698141854404205,0.3268048092337491,-0.5734058480269224
ROS1-49-0004,2024-07-13,0.1931721755072844,0.14953189673212136,-0.34921816914966175
ROS1-43-0019,2024-07-13,0.17430314810605696,0.10768788933364469,-0.31772584781896424
ROS1-49-0007,2024-07-13,0.17592932821895244,0.10245464949998853,-0.3281465461164626
ROS1-49-0004,2024-07-29,0.1899802300406078,0.14175643563982898,-0.3419694339407949
ROS1-43-0019,2024-07-29,0.173131847091919,0.10838444759645371,-0.3137169468560662
ROS1-49-0007,2024-07-29,0.17653235274979373,0.10771102314504294,-0.32507695487373056
ROS1-49-0004,2024-08-14,0.17677201166491632,0.13335476556197204,-0.32342764547600555
ROS1-43-0019,2024-08-14,0.03373488908765892,0.0643252765626961,-0.06818960453924562
ROS1-49-0007,2024-08-14,0.1755824339995084,0.1103277974599899,-0.3255219352091922
ROS1-49-0004,2024-08-30,0.1677892323380486,0.12458550573797673,-0.3128823944236206
ROS1-43-0019,2024-08-30,0.15798092131858849,0.09892580374162878,-0.2947868830225762
ROS1-49-0007,2024-08-30,0.1690724186565811,0.10311964126486704,-0.314835515916931
ROS1-49-0004,2024-09-15,0.16210131241196635,0.10917057585972832,-0.31132989873503714
ROS1-43-0019,2024-09-15,0.17091498192931254,0.10818495157127286,-0.308724125800851
ROS1-49-0007,2024-09-15,0.1724690275899694,0.10699019695106035,-0.317540780606768
ROS1-49-0004,2024-10-01,0.15413836977109024,0.10343974153154953,-0.3028922378479205
ROS1-43-0019,2024-10-01,0.15955869657146352,0.09164133548070509,-0.29057565168820215
ROS1-49-0007,2024-10-01,0.17389072168176892,0.10702776431322211,-0.31194109161463485
ROS1-42-0006,2024-04-08,0.22309871591843686,0.12845728577867765,-0.33921748327628765
ROS1-43-0019,2024-04-08,0.3084739219858219,0.19924215426155847,-0.38749512890984006
ROS1-49-0007,2024-04-08,0.2578852795775948,0.15159090546574727,-0.36391612766880677
ROS1-42-0006,2024-05-10,0.22898465107230506,0.12190733581612663,-0.3635440620004813
ROS1-42-0008,2024-05-10,0.19414862914184183,0.11053539304617266,-0.34014356516423633
ROS1-43-0019,2024-05-10,0.19929455535308402,0.11551026001924801,-0.33667207791655046
ROS1-49-0007,2024-05-10,0.26237995659801,0.148416313209202,-0.3884620710058701
ROS1-49-0007,2024-05-26,0.2727885201917366,0.16918621868592185,-0.35648806335178046
ROS1-42-0006,2024-07-13,0.16313608091845713,0.09580161014616558,-0.31949391256933385
ROS1-42-0008,2024-07-13,0.17498625671194284,0.10557245092691009,-0.32459543053193124
ROS1-43-0019,2024-07-13,0.1744695948716251,0.10809919209031338,-0.31729815275716045
ROS1-49-0007,2024-07-13,0.17605288889392504,0.10284870945390269,-0.32755376727886587
ROS1-42-0006,2024-07-29,0.16513577623739262,0.09910295725712258,-0.31997992824825305
ROS1-42-0008,2024-07-29,0.1741781392029457,0.10450470204752435,-0.32014550988647045
ROS1-43-0019,2024-07-29,0.1739460793234512,0.10898307877383981,-0.31430324368996254
ROS1-49-0007,2024-07-29,0.17758529729588934,0.10818661281574506,-0.32631801769802343
ROS1-42-0008,2024-08-14,0.1616646292495285,0.12344452177509964,-0.3043600179381213
ROS1-43-0019,2024-08-14,0.03666228930094705,0.06702497878883937,-0.07328539818915912
ROS1-49-0007,2024-08-14,0.17770724673217295,0.111911618356911,-0.32892641460499095
ROS1-42-0006,2024-08-30,0.15638113931862574,0.09401114585624895,-0.30686599263578695
ROS1-42-0008,2024-08-30,0.16202782317183165,0.09139710284840787,-0.30382808235087433
ROS1-43-0019,2024-08-30,0.1581083378286668,0.09906078625353189,-0.294927164045963
ROS1-49-0007,2024-08-30,0.16920679512493625,0.10328545042244225,-0.3150778438144036
ROS1-42-0006,2024-09-15,0.15435807746289587,0.09242174141171852,-0.3056012281251745
ROS1-42-0008,2024-09-15,0.1694873395216645,0.09676416158044507,-0.3152849086281868
ROS1-43-0019,2024-09-15,0.17138332114805652,0.10848892668517025,-0.3089632737213836
ROS1-49-0007,2024-09-15,0.1730424665127571,0.10731635767485884,-0.3179191580738657
ROS1-42-0006,2024-10-01,0.16620282684949492,0.0911542238837044,-0.3146255343963423
ROS1-42-0008,2024-10-01,0.17019527949116625,0.09670290387638482,-0.3113146174886486
ROS1-43-0019,2024-10-01,0.15994156577605403,0.09178520188741202,-0.2909246669418761
ROS1-49-0007,2024-10-01,0.17465330234240006,0.1074399650686447,-0.3130651276169293
ROS1-31-0024,2024-05-01,0.3194778389872614,0.1625064711947942,-0.39205568318031125
ROS1-38-0002,2024-05-01,0.23986271687653435,0.09776838091202576,-0.36092795329821986
ROS1-49-0007,2024-05-17,0.20972164501808377,0.100138251079208,-0.34693275486526826
ROS1-31-0009,2024-06-02,0.22143747898581156,0.1159333172288074,-0.33476776156173554
ROS1-37-0049,2024-06-02,0.30757936322659757,0.21152539311666765,-0.44167614563304564
ROS1-42-0006,2024-06-02,0.19630477010826533,0.10814209520063386,-0.3436109070458303
ROS1-31-0024,2024-06-02,0.22687247430825888,0.12558726144244725,-0.33247103156993824
ROS1-37-0025,2024-06-02,0.22030553094352967,0.13668862084758876,-0.3469790755356705
ROS1-38-0002,2024-06-02,0.21301772196214816,0.1216850502201517,-0.3201266232463717
ROS1-42-0008,2024-06-02,0.19922399816189829,0.11408648090257768,-0.34361522952009776
ROS1-31-0038,2024-06-02,0.23214810426927573,0.12532007385508326,-0.3473734490532623
ROS1-37-0049,2024-06-18,0.2384653114264135,0.1603099772500306,-0.39256664189905155
ROS1-49-0004,2024-06-18,0.3130677618178944,0.1969503931428214,-0.47903416163066803
ROS1-31-0024,2024-06-18,0.17805092783926524,0.13974950326149374,-0.2625934000982476
ROS1-37-0025,2024-06-18,0.1957426143466778,0.12584484555900896,-0.3300939174842228
ROS1-38-0002,2024-06-18,0.19617432464244622,0.10332580358601595,-0.3328605511599396
ROS1-43-0019,2024-06-18,0.21650174477595652,0.13406826246202988,-0.35842202790014477
ROS1-49-0007,2024-06-18,0.19181783858752594,0.12645740322504073,-0.3371601623087289
ROS1-31-0038,2024-06-18,0.2104550577393797,0.1132936981678191,-0.34577814297031284
ROS1-31-0009,2024-07-04,0.19807335292707276,0.1282724428055009,-0.32711243624758446
ROS1-42-0006,2024-07-04,0.17520389745406312,0.09670921466888184,-0.3275998152750363
ROS1-31-0024,2024-07-04,0.19129140968137778,0.0875881715169606,-0.30052172748453054
ROS1-37-0025,2024-07-04,0.19542612131716938,0.11482694805889491,-0.32623948503718164
ROS1-42-0008,2024-07-04,0.18403659359058672,0.10499989573846476,-0.32787585542456676
ROS1-43-0019,2024-07-04,0.17583591298665563,0.12336840362548787,-0.31126660685299495
ROS1-49-0007,2024-07-04,0.1842749595132089,0.08525172872124344,-0.31744521565138845
ROS1-31-0038,2024-07-04,0.18885399050005303,0.10828977790575672,-0.31815619621013086
ROS1-31-0009,2024-07-20,0.1785935918288976,0.09475783920708253,-0.3075799677524513
ROS1-37-0049,2024-07-20,0.18494560681454367,0.12765704480225176,-0.32349890519435115
ROS1-42-0006,2024-07-20,0.16720761008094961,0.09327948000428188,-0.31714638457022454
ROS1-49-0004,2024-07-20,0.20427362066680851,0.15120475510405185,-0.3623195329627707
ROS1-31-0024,2024-07-20,0.17753569460697197,0.09482279522330633,-0.2986412098003717
ROS1-37-0025,2024-07-20,0.17566723427848335,0.10070213312961426,-0.3011685108274722
ROS1-38-0002,2024-07-20,0.19080481026375534,0.09947992307967338,-0.31928954928634357
ROS1-42-0008,2024-07-20,0.1759155928661387,0.10125866223694849,-0.31516547933177774
ROS1-43-0019,2024-07-20,0.1711270460244006,0.10216717026355711,-0.30612437101934387
ROS1-49-0007,2024-07-20,0.1801957060039281,0.10063884793770438,-0.32446036254313
ROS1-31-0038,2024-07-20,0.1806249636344771,0.09881664405662849,-0.3087465237744606
ROS1-31-0009,2024-08-05,0.1821759201210318,0.09478834136867785,-0.3099037955608355
ROS1-37-0049,2024-08-05,0.2060778221075678,0.1303712433662462,-0.34754466679550455
ROS1-49-0004,2024-08-05,0.20631059684215755,0.16381702738756457,-0.36028984966301253
ROS1-31-0024,2024-08-05,0.19334016195962644,0.10934197096820268,-0.31278928625712976
ROS1-38-0002,2024-08-05,0.21370488278743416,0.07232516954482733,-0.33369306678974975
ROS1-31-0038,2024-08-05,0.18910811165098254,0.09530550185076939,-0.3180333996813722
ROS1-31-0009,2024-08-21,0.1790592661904454,0.09553961306449452,-0.3102641652863559
ROS1-37-0049,2024-08-21,0.17239494027056765,0.1021708320614599,-0.3118076802889371
ROS1-42-0006,2024-08-21,0.16321474257543822,0.0915112074491356,-0.3227736942886056
ROS1-49-0004,2024-08-21,0.17264216011536268,0.12406347666919615,-0.3227790325179878
ROS1-31-0024,2024-08-21,0.17761525314048854,0.09081982512811772,-0.3009962329733822
ROS1-37-0025,2024-08-21,0.18343560081846474,0.09995374121456425,-0.318186822242467
ROS1-38-0002,2024-08-21,0.18088460266187023,0.0951996990824495,-0.31706480034591095
ROS1-42-0008,2024-08-21,0.1689859283453233,0.0927451730884794,-0.3211881886281831
ROS1-43-0019,2024-08-21,0.1657194516757316,0.0976041818129925,-0.31187517606916926
ROS1-49-0007,2024-08-21,0.17807575748201848,0.09894244193937192,-0.33882960775916676
ROS1-31-0038,2024-08-21,0.17718128591230617,0.10356390637853599,-0.3156630143959021
ROS1-31-0009,2024-09-06,0.17431328046623945,0.0897229304230676,-0.3055405906295405
ROS1-37-0049,2024-09-06,0.16907270077013753,0.09761400377190754,-0.3064824583542593
ROS1-42-0006,2024-09-06,0.1561128735689697,0.08812790400386605,-0.3131420931134313
ROS1-49-0004,2024-09-06,0.16711017913086565,0.10638122946723397,-0.32209397809833956
ROS1-31-0024,2024-09-06,0.17439321977181754,0.09088597570096328,-0.29846354395581665
ROS1-37-0025,2024-09-06,0.1818741648183416,0.09556172868127184,-0.31407191767731174
ROS1-38-0002,2024-09-06,0.1872248501627908,0.09823814653518972,-0.31805401019729374
ROS1-42-0008,2024-09-06,0.16791502668772512,0.09099264186481568,-0.3186275532635684
ROS1-43-0019,2024-09-06,0.15911028841293448,0.09446120507302533,-0.30252512920518265
ROS1-49-0007,2024-09-06,0.17352591464920336,0.09867642352033042,-0.3291886889661342
ROS1-31-0038,2024-09-06,0.17060738399025513,0.10096933986993895,-0.30751119317821907
ROS1-31-0009,2024-09-22,0.17018001561972024,0.08632020184150083,-0.30053376625859385
ROS1-37-0049,2024-09-22,0.16384907061745052,0.09301488357055586,-0.2995916500461796
ROS1-42-0006,2024-09-22,0.17625542157350646,0.09075570076988591,-0.3344783883327232
ROS1-49-0004,2024-09-22,0.16048666586189284,0.10317808609452032,-0.3142544390712165
ROS1-31-0024,2024-09-22,0.17453450506217003,0.08643718097168074,-0.2972734626011424
ROS1-37-0025,2024-09-22,0.1957590130351952,0.10312535128776641,-0.3332558698719784
ROS1-38-0002,2024-09-22,0.18016336460424895,0.09449114204810298,-0.31327764736792796
ROS1-42-0008,2024-09-22,0.16504335178608717,0.0873788151654348,-0.31665545706556497
ROS1-43-0019,2024-09-22,0.17883650460769887,0.10365374107805218,-0.3225653355682779
ROS1-49-0007,2024-09-22,0.18051282875052202,0.10379184498129335,-0.3292635344235638
ROS1-31-0038,2024-09-22,0.179300751185133,0.09542319882269328,-0.3137351079559239
ROS1-31-0024,2024-10-08,0.1837628828453541,0.0851614644275427,-0.299131271247576
ROS1-38-0002,2024-10-08,0.18568147261060602,0.11133806508810004,-0.3014275710442208
ROS1-42-0008,2024-10-08,0.1561812008515159,0.0853832070299984,-0.286838267394059
ROS1-38-0002,2024-10-24,0.20183881728773825,0.09461770299390206,-0.323113854856263
ROS1-30-0001,2024-05-17,0.4976654585902013,0.3555333024283829,-0.5018626556476036
ROS1-30-0009,2024-06-02,0.8116552508681432,0.5881998017409332,-0.7540715611772179
ROS1-42-0006,2024-06-02,0.19745677868146985,0.1086750356444772,-0.3454049429023371
ROS1-24-0026,2024-06-02,0.314508402785839,0.18463247350497553,-0.3803003417384486
ROS1-30-0001,2024-06-02,0.26356066828754515,0.13092822019189218,-0.3822555969387268
ROS1-36-0022,2024-06-02,0.2209820589491339,0.11173863474636084,-0.34897034246711606
ROS1-37-0025,2024-06-02,0.22186558138570533,0.13703450894888652,-0.3497411163442889
ROS1-42-0008,2024-06-02,0.2006708689161912,0.11465614437734148,-0.3461170658678054
ROS1-30-0006,2024-06-02,0.31442407685243945,0.1677356574887159,-0.40455027399535176
ROS1-24-0026,2024-06-18,0.3237848036751278,0.18427607361771567,-0.41768198989818295
ROS1-30-0001,2024-06-18,0.25193161381212664,0.11208469211208806,-0.3785468578129176
ROS1-36-0022,2024-06-18,0.23563176787048098,0.14367281756139397,-0.3641605896293964
ROS1-37-0025,2024-06-18,0.19563152099120198,0.12585481652321384,-0.33056057583048104
ROS1-30-0006,2024-06-18,0.23363930607100264,0.12376497741636532,-0.3672559033897067
ROS1-30-0009,2024-07-04,0.2621114929563731,0.15569215676547218,-0.4093947751998326
ROS1-42-0006,2024-07-04,0.17470107345239383,0.09637589464067782,-0.32705115938568985
ROS1-24-0026,2024-07-04,0.20216252337067986,0.11199668565833341,-0.3092857295922438
ROS1-30-0001,2024-07-04,0.219907938061702,0.11352763736280098,-0.341614387036413
ROS1-36-0022,2024-07-04,0.18521661071092715,0.10571248125162244,-0.3226965027527212
ROS1-37-0025,2024-07-04,0.19570938503419577,0.11416088990239377,-0.327681183738763
ROS1-42-0008,2024-07-04,0.1833959620319088,0.10468158656535316,-0.32694379801040724
ROS1-30-0006,2024-07-04,0.18474867202778839,0.09907935297000636,-0.3053520535673191
ROS1-30-0009,2024-07-20,0.18070557880573504,0.07041482837553542,-0.2620651388633632
ROS1-42-0006,2024-07-20,0.16689020231144985,0.0931460647481118,-0.3174055706817897
ROS1-24-0026,2024-07-20,0.20467140707419126,0.11893155118311742,-0.3116896878019088
ROS1-30-0001,2024-07-20,0.21275734987872547,0.11895586895580737,-0.3296404966246596
ROS1-36-0022,2024-07-20,0.18622403309158292,0.11902420579906635,-0.3238705104994344
ROS1-37-0025,2024-07-20,0.1753481882319519,0.10061556578861874,-0.3014371932537955
ROS1-42-0008,2024-07-20,0.17550089598644186,0.10112039886270895,-0.3153021429310787
ROS1-30-0006,2024-07-20,0.18881307592800345,0.10798726333733503,-0.308271594687006
ROS1-30-0001,2024-08-05,0.23604574936270958,0.1309514014778068,-0.34677164511368536
ROS1-30-0006,2024-08-05,0.19459258344920424,0.09760912995100951,-0.30806047131466663
ROS1-30-0009,2024-08-21,0.18492985291028388,0.093086274565547,-0.30277765799753315
ROS1-42-0006,2024-08-21,0.16356827139363517,0.09162495843027794,-0.32415161651247293
ROS1-24-0026,2024-08-21,0.19763537695950587,0.10789615028228429,-0.3099863198810011
ROS1-30-0001,2024-08-21,0.21683718826184536,0.1108369132537548,-0.3348253335917821
ROS1-36-0022,2024-08-21,0.1858249376316295,0.09569618777303852,-0.32293528999419596
ROS1-37-0025,2024-08-21,0.18387771630910116,0.10008239243756022,-0.3196299589974253
ROS1-42-0008,2024-08-21,0.16934252062997288,0.09283519148965876,-0.3226046080863897
ROS1-30-0006,2024-08-21,0.18969345612925817,0.10376535837695379,-0.31513156028665057
ROS1-30-0009,2024-09-06,0.1865619313987903,0.08467198254541418,-0.2973860288477212
ROS1-42-0006,2024-09-06,0.15454052857705128,0.08717478351294701,-0.3118362223208407
ROS1-24-0026,2024-09-06,0.19881871598658818,0.10325151188318621,-0.3024058108636074
ROS1-30-0001,2024-09-06,0.22355724983438038,0.11225260640949344,-0.34075890782825746
ROS1-36-0022,2024-09-06,0.1788491808414425,0.09224479239366266,-0.3189900250956993
ROS1-37-0025,2024-09-06,0.18063071147689685,0.09487074564633344,-0.31293007457023164
ROS1-42-0008,2024-09-06,0.16636251917678982,0.09008325143784876,-0.31736813943249736
ROS1-30-0006,2024-09-06,0.18634406158411018,0.09113934578328343,-0.3091215677553954
ROS1-30-0009,2024-09-22,0.18382316625586864,0.08839275584405389,-0.2999621695688735
ROS1-42-0006,2024-09-22,0.17615570558250093,0.0908161053076014,-0.33300293553962723
ROS1-24-0026,2024-09-22,0.19049697108348868,0.10112907511298065,-0.30136097208424345
ROS1-30-0001,2024-09-22,0.20707368904200757,0.10156309663346616,-0.32615658493064287
ROS1-36-0022,2024-09-22,0.1776138298119058,0.0895989887523212,-0.3181729235910994
ROS1-37-0025,2024-09-22,0.19571415873977474,0.10323276870080446,-0.33178638663781557
ROS1-42-0008,2024-09-22,0.16496093262948616,0.08742147845690343,-0.31534895453338674
ROS1-30-0006,2024-09-22,0.18362260108641074,0.08791362287578143,-0.30754646059508195
ROS1-30-0009,2024-10-08,0.19345153900473203,0.09288899113457391,-0.3044982067075302
ROS1-24-0026,2024-10-08,0.20433193499409638,0.10478262871411743,-0.31242894784466213
ROS1-28-0006,2024-04-06,0.44481371320886964,0.21665138103283746,-0.4562422166677854
ROS1-28-0006,2024-04-22,0.668633055464179,0.3693994675987871,-0.603049319529327
ROS1-28-0006,2024-05-08,0.638820967961663,0.36030155493344057,-0.5944965952636803
ROS1-28-0006,2024-05-24,0.5500822154405905,0.3140748648100402,-0.5617363628014997
ROS1-28-0006,2024-07-11,0.40396313787623767,0.2639271004799075,-0.46941338789557496
ROS1-28-0006,2024-07-27,0.35666331659817707,0.21967826885267944,-0.45673538044249556
ROS1-28-0006,2024-08-12,0.5432276892312149,0.32655432136217566,-0.5374887540175376
ROS1-28-0006,2024-08-28,0.40920005784734215,0.2292750352002161,-0.4735274019942021
ROS1-28-0006,2024-09-13,0.23716979707176963,0.1353644718836261,-0.337336281642162
ROS1-28-0006,2024-09-29,0.20761596336926286,0.103124707941216,-0.32629417041502573
ROS1-27-0006,2024-04-06,0.2036870178654854,0.07986675236050451,-0.29324631806376694
ROS1-28-0006,2024-04-06,0.4462440786020119,0.2178531760891436,-0.4581400239780217
ROS1-33-0014,2024-04-06,0.38028979531866913,0.19799019199993792,-0.43214685366718236
ROS1-26-0031,2024-04-06,0.4870715277425001,0.23083027345407908,-0.49354048933362465
ROS1-27-0009,2024-04-06,0.3152815085918979,0.15587196327412667,-0.38985439095768554
ROS1-28-0017,2024-04-06,0.3381543679659313,0.1506511252267022,-0.41270640688746657
ROS1-33-0018,2024-04-06,0.20092447194558302,0.08247353885853284,-0.3140234759225437
ROS1-21-0034,2024-04-06,0.3913510687882788,0.1660571847511846,-0.4481066811934551
ROS1-27-0004,2024-04-06,0.327354859525012,0.19314955414351218,-0.3924109870455269
ROS1-27-0006,2024-04-22,0.24295839540326547,0.10560824738593329,-0.3343353742968642
ROS1-28-0006,2024-04-22,0.667952545307215,0.3697511788424409,-0.6015865335570545
ROS1-33-0014,2024-04-22,0.570135069994988,0.3238254148531804,-0.5407032527773701
ROS1-26-0031,2024-04-22,0.7172187344983265,0.3908888006801334,-0.6360336338005735
ROS1-27-0009,2024-04-22,0.5788981325524538,0.3317421132790602,-0.5521360097944423
ROS1-28-0017,2024-04-22,0.44351071176018997,0.22251496813387264,-0.47664458667023124
ROS1-33-0018,2024-04-22,0.2242931237029812,0.0980272208920995,-0.3658967452976235
ROS1-21-0034,2024-04-22,0.48088285117867013,0.29040564911184524,-0.48815486127483493
ROS1-27-0004,2024-04-22,0.24792545725499368,0.1098055221325283,-0.3506117838473722
ROS1-27-0006,2024-05-08,0.26883510497104124,0.1322907904433659,-0.35026068654636705
ROS1-28-0006,2024-05-08,0.6440335384939143,0.3600280998139158,-0.6004078399742039
ROS1-33-0014,2024-05-08,0.5443069059768196,0.3103145212338101,-0.5491705244214021
ROS1-26-0031,2024-05-08,0.7341688870418402,0.4268642961953125,-0.6588477627934064
ROS1-27-0009,2024-05-08,0.5851784614943653,0.3449969946388371,-0.5682784941456204
ROS1-28-0017,2024-05-08,0.43225998339007404,0.22885023149828623,-0.4810537976039373
ROS1-33-0018,2024-05-08,0.21328070739563307,0.10178877983614058,-0.3567489770048951
ROS1-21-0034,2024-05-08,0.6545245451865161,0.4380268553776734,-0.6196189778757935
ROS1-27-0004,2024-05-08,0.24386054611632954,0.12008795827985518,-0.3439709476860318
ROS1-27-0006,2024-05-24,0.35107599346625906,0.18228679479772125,-0.4008972937373181
ROS1-28-0006,2024-05-24,0.5523395584869792,0.3138841202371641,-0.5640784962557002
ROS1-33-0014,2024-05-24,0.4687935585523289,0.2644136587193927,-0.5331666463419198
ROS1-26-0031,2024-05-24,0.6936541393215346,0.41551258353610515,-0.6431571944467075
ROS1-27-0009,2024-05-24,0.5586093112336217,0.3367625205732462,-0.5687407999010303
ROS1-28-0017,2024-05-24,0.44612416403555216,0.2486281941172535,-0.49333867442414825
ROS1-33-0018,2024-05-24,0.21224096676274154,0.10160657725456515,-0.3552280160073721
ROS1-21-0034,2024-05-24,0.7462328418223491,0.5321855862612811,-0.692534722976924
ROS1-27-0004,2024-05-24,0.26398750461920356,0.13864346176553372,-0.35577107467385466
ROS1-27-0006,2024-06-09,0.626438140267764,0.41925655926200406,-0.5991334272953687
ROS1-33-0014,2024-06-09,0.35543342959539437,0.21186401533176363,-0.47483940385890666
ROS1-27-0009,2024-06-09,0.386130508642642,0.23615955060227964,-0.49411895558094315
ROS1-27-0004,2024-06-09,0.40177677810657303,0.2712133853471391,-0.438166128413465
ROS1-26-0031,2024-06-25,0.30737253036499024,0.19021600379747525,-0.4528197946846677
ROS1-27-0009,2024-06-25,0.2600687197899659,0.18075148135273625,-0.4161520465378734
ROS1-27-0006,2024-07-11,0.5136420513478593,0.29437794571961307,-0.5252803311340596
ROS1-28-0006,2024-07-11,0.40584461059621,0.2638054683209213,-0.4712881362753208
ROS1-33-0014,2024-07-11,0.22005990374604834,0.1718291278123858,-0.36273423107439456
ROS1-26-0031,2024-07-11,0.18251270357378277,0.15303786601870964,-0.3419675620884228
ROS1-27-0009,2024-07-11,0.21930673743641033,0.13814060606832676,-0.3932852314454636
ROS1-28-0017,2024-07-11,0.532712275546426,0.37674455607118595,-0.578692676234285
ROS1-33-0018,2024-07-11,0.20817323172953742,0.11157072680513308,-0.3387211381212823
ROS1-21-0034,2024-07-11,0.19213287180689467,0.10752696470111313,-0.31115283410216066
ROS1-27-0004,2024-07-11,0.532563241613967,0.35617960008801525,-0.5478983102984907
ROS1-28-0006,2024-07-27,0.358272223232657,0.2202967562986886,-0.4592111671141524
ROS1-33-0014,2024-07-27,0.2375981905881881,0.18096156788695558,-0.3809121226439184
ROS1-26-0031,2024-07-27,0.18418298956500187,0.14599476525723273,-0.3464766349249587
ROS1-27-0009,2024-07-27,0.1755270011088787,0.1369200297049295,-0.33515694927238254
ROS1-28-0017,2024-07-27,0.45154020647299364,0.2759063640369133,-0.49115154036748293
ROS1-33-0018,2024-07-27,0.26288827093997785,0.1412586513180035,-0.38278109494338763
ROS1-27-0004,2024-07-27,0.17044431666631532,0.21202708937516468,-0.20804889492376474
ROS1-28-0006,2024-08-12,0.5485153831700109,0.32927437537344134,-0.5427247833915372
ROS1-27-0009,2024-08-12,0.1846574915399372,0.10638387421504018,-0.35791320064407395
ROS1-28-0017,2024-08-12,0.39321249662298413,0.26373030905965095,-0.3952344882252145
ROS1-27-0006,2024-08-28,0.2279351301529778,0.11933499966251646,-0.34092106116888504
ROS1-28-0006,2024-08-28,0.4081477300675609,0.22898934542742166,-0.47285714772378373
ROS1-33-0014,2024-08-28,0.27262454828961036,0.1991962178547206,-0.3977469517615732
ROS1-26-0031,2024-08-28,0.17033550172962206,0.12160871952311682,-0.32085583618824953
ROS1-27-0009,2024-08-28,0.17317455258932687,0.1290772810663586,-0.31830328435686267
ROS1-28-0017,2024-08-28,0.28174854833060037,0.1325755444622738,-0.3636661052612062
ROS1-33-0018,2024-08-28,0.3997687970169436,0.2535712680815937,-0.4770327008953758
ROS1-21-0034,2024-08-28,0.18845308721351725,0.09907300227295635,-0.30591354934746473
ROS1-27-0004,2024-08-28,0.29255810810528077,0.17773693052253237,-0.3871480334076874
ROS1-27-0006,2024-09-13,0.21260753452576373,0.1078441175925236,-0.3215712193575872
ROS1-28-0006,2024-09-13,0.23843796540322792,0.13556602953239927,-0.3382969266016762
ROS1-33-0014,2024-09-13,0.25600786454304686,0.20077254890489782,-0.3858712541112107
ROS1-26-0031,2024-09-13,0.16789444878672155,0.11946998432231316,-0.31916671931864066
ROS1-27-0009,2024-09-13,0.1724156136900955,0.1224655789070284,-0.32359368152265716
ROS1-28-0017,2024-09-13,0.25810989141686097,0.1213844479579146,-0.3627504662512452
ROS1-21-0034,2024-09-13,0.1995367731004175,0.09921491960093783,-0.32012938791574197
ROS1-27-0004,2024-09-13,0.24308854177147024,0.15726343984728858,-0.3609390636381978
ROS1-27-0006,2024-09-29,0.2047144785654312,0.09726163937451011,-0.33155478769656366
ROS1-28-0006,2024-09-29,0.20803748473391562,0.10334532544358871,-0.32657100053003846
ROS1-33-0014,2024-09-29,0.25875477271032127,0.19158922746653564,-0.409411672062361
ROS1-26-0031,2024-09-29,0.15539228073949454,0.11078727106547885,-0.30346958383962674
ROS1-27-0009,2024-09-29,0.16304093928868707,0.11842623754547658,-0.31587316622702183
ROS1-28-0017,2024-09-29,0.22943519366706994,0.11598239553302868,-0.35766860479037516
ROS1-33-0018,2024-09-29,0.2652747951487954,0.1561244718108256,-0.38035842076081916
ROS1-21-0034,2024-09-29,0.1913687346774767,0.09362384281239776,-0.31260684619061263
ROS1-27-0004,2024-09-29,0.22192113746206957,0.11957858790047608,-0.3332439480076315
ROS1-19-0041,2024-04-06,0.5907500184695257,0.20475678916195636,-0.5504996636245866
ROS1-26-0027,2024-04-06,0.5180158646207547,0.29033794775430466,-0.5387577044123618
ROS1-19-0026,2024-04-06,0.3119356567461949,0.17304080341484493,-0.3870632200055421
ROS1-20-0010,2024-04-06,0.29378312523959765,0.1408370710966937,-0.3790531468570726
ROS1-26-0031,2024-04-06,0.4855547943302271,0.23023821027781052,-0.4924382222993341
ROS1-27-0009,2024-04-06,0.31552529334431073,0.15538819256977626,-0.3908487952065284
ROS1-30-0001,2024-04-06,0.3835486501098149,0.17792554083982165,-0.4697769765032412
ROS1-32-0022,2024-04-06,0.25152481251478126,0.17002333278440768,-0.36881983137193947
ROS1-37-0025,2024-04-06,0.227777982323885,0.11365712258346818,-0.3591880227092118
ROS1-38-0002,2024-04-06,0.200842768737876,0.10467897836645763,-0.3291355902836196
ROS1-19-0022,2024-04-06,0.1992006372303497,0.09026996354401974,-0.29013841177942373
ROS1-21-0034,2024-04-06,0.3876410173202849,0.16561652921594658,-0.44393407137788654
ROS1-25-0016,2024-04-06,0.37435745721348596,0.09284662589359072,-0.42468421681050905
ROS1-26-0006,2024-04-06,0.4059287867401631,0.2056865284641782,-0.45025808122564837
ROS1-30-0006,2024-04-06,0.3812995856959292,0.16925307697554065,-0.4434362986698335
ROS1-31-0038,2024-04-06,0.2163418634835858,0.1002708489693427,-0.3434366980009102
ROS1-19-0041,2024-04-22,0.8330540897464612,0.6184891275376133,-0.7423396259291943
ROS1-25-0017,2024-04-22,0.2724021815224929,0.14232078035790083,-0.3464676026761434
ROS1-26-0027,2024-04-22,0.6257281248704677,0.4447558436767713,-0.6240487982060862
ROS1-31-0009,2024-04-22,0.2197393404111497,0.101585901732846,-0.35300470843778115
ROS1-32-0018,2024-04-22,0.353351991784252,0.1720969947074949,-0.4110698110897518
ROS1-19-0026,2024-04-22,0.4889483370280502,0.2909871080355392,-0.4955166089898559
ROS1-20-0010,2024-04-22,0.4872526989137734,0.278512133693471,-0.501894220283011
ROS1-25-0008,2024-04-22,0.8516629080481206,0.5979689973244877,-0.7663172994778148
ROS1-26-0031,2024-04-22,0.7147284181040938,0.3889479205681521,-0.6337547538564029
ROS1-27-0009,2024-04-22,0.5767022743660032,0.33069267202629904,-0.5496185225707606
ROS1-30-0001,2024-04-22,0.4844150434745438,0.2394366965884545,-0.509875317832722
ROS1-31-0024,2024-04-22,0.23550263380361808,0.10848811464261784,-0.3508901372346821
ROS1-32-0022,2024-04-22,0.4141933034422687,0.2596187474743283,-0.46850833597594616
ROS1-37-0025,2024-04-22,0.23900460577497282,0.104239283600177,-0.38099591888326645
ROS1-38-0002,2024-04-22,0.21517693730928528,0.09660700771249199,-0.3576654597909372
ROS1-19-0022,2024-04-22,0.21293236832777757,0.0979816669994698,-0.3046710449623871
ROS1-21-0034,2024-04-22,0.482704519245312,0.2875257986304043,-0.49096946096014993
ROS1-25-0016,2024-04-22,0.4525005115752875,0.19828110627557421,-0.47182585675323024
ROS1-26-0006,2024-04-22,0.591859026560546,0.3391391526041551,-0.5590813415442697
ROS1-30-0006,2024-04-22,0.38129567726790187,0.19359962487336235,-0.458803140691812
ROS1-31-0038,2024-04-22,0.23140910707808668,0.09929570183819388,-0.36874949016382264
ROS1-26-0031,2024-05-08,0.7318970899393572,0.42565376298893437,-0.6581183286360355
ROS1-27-0009,2024-05-08,0.5843610477900415,0.345278031721267,-0.5680860772843188
ROS1-21-0034,2024-05-08,0.6548545694476838,0.43663764800621785,-0.6213571957269188
ROS1-19-0041,2024-05-24,0.8032098882726462,0.6041698213517158,-0.7270350644951575
ROS1-25-0017,2024-05-24,0.05527104395371322,0.040798085693632115,-0.10710924892923142
ROS1-26-0027,2024-05-24,0.6186373174093415,0.4440812315366906,-0.6242499186161159
ROS1-31-0009,2024-05-24,0.21235910065248112,0.09900924928504878,-0.3421309477996984
ROS1-32-0018,2024-05-24,0.6520266203007822,0.42154108582831773,-0.5985566307883493
ROS1-19-0026,2024-05-24,0.6034337981660312,0.38491471465179344,-0.5675916703295757
ROS1-20-0010,2024-05-24,0.594676240205227,0.38510588134759294,-0.5763346573523459
ROS1-25-0008,2024-05-24,0.8214890682741469,0.589542939605575,-0.754522281628144
ROS1-26-0031,2024-05-24,0.6913763277707201,0.41434619016565694,-0.6412285316980032
ROS1-27-0009,2024-05-24,0.5562965040240718,0.3360752180966744,-0.5664307908394153
ROS1-30-0001,2024-05-24,0.3055735431132092,0.1476307570747059,-0.4041346313791653
ROS1-31-0024,2024-05-24,0.2147570340396258,0.10527764868830745,-0.33682202479196893
ROS1-32-0022,2024-05-24,0.23905247799408952,0.13343647279165444,-0.37046999918910706
ROS1-37-0025,2024-05-24,0.2274001420333306,0.11527788213173527,-0.3628224759433475
ROS1-38-0002,2024-05-24,0.2206087549551804,0.12071420864005025,-0.3563845002863598
ROS1-19-0022,2024-05-24,0.23782230220329834,0.12247161806768392,-0.3282351152446181
ROS1-21-0034,2024-05-24,0.7416806025650007,0.5292215267205084,-0.6892799589208726
ROS1-25-0016,2024-05-24,0.5481835290230129,0.2786891162355053,-0.5461984347723122
ROS1-26-0006,2024-05-24,0.6770321246067488,0.4312794753618716,-0.637245029029079
ROS1-30-0006,2024-05-24,0.36695216920215157,0.19259838229389997,-0.44774350502293225
ROS1-31-0038,2024-05-24,0.21677337359047058,0.10544812933187067,-0.3451456212905547
ROS1-19-0041,2024-06-09,0.44939414370128483,0.30123976696200916,-0.555672383222958
ROS1-26-0027,2024-06-09,0.38936793908470296,0.2515642966279778,-0.4953235168464118
ROS1-31-0009,2024-06-09,0.22158110739695058,0.12161674649671371,-0.3413033160352881
ROS1-32-0018,2024-06-09,0.5452629252157162,0.5194665519466551,-0.5543062238950562
ROS1-37-0049,2024-06-09,0.27579669540621543,0.1940171625594121,-0.4232979051196949
ROS1-19-0026,2024-06-09,0.4603951368880156,0.2951919763386868,-0.5177955844784499
ROS1-27-0009,2024-06-09,0.38656492651385227,0.23605185264301526,-0.49536983688576297
ROS1-31-0024,2024-06-09,0.21604754713679045,0.12542067211894914,-0.32954991625742047
ROS1-37-0025,2024-06-09,0.23204055395607515,0.13814982937813605,-0.3498600098521095
ROS1-38-0002,2024-06-09,0.21987580835319065,0.11549837259771335,-0.3472285375132893
ROS1-19-0022,2024-06-09,0.49157008683955056,0.28290612767532103,-0.49093005005381235
ROS1-19-0041,2024-06-25,0.2575160680791469,0.20418811108464063,-0.3522187764725269
ROS1-25-0017,2024-06-25,0.7891228984716073,0.562944661760679,-0.6580984686255414
ROS1-31-0009,2024-06-25,0.19284095492967268,0.10381552311706264,-0.32637943565438987
ROS1-32-0018,2024-06-25,0.4259139906885101,0.2761853726377407,-0.5208368208552737
ROS1-19-0026,2024-06-25,0.2660163731144586,0.1612029459177123,-0.41374531269858095
ROS1-25-0008,2024-06-25,0.2813940543718375,0.14777755923961425,-0.44654363155045246
ROS1-26-0031,2024-06-25,0.3083587805221812,0.18998904504496916,-0.45570224135403203
ROS1-27-0009,2024-06-25,0.2609567686621368,0.18076000745944665,-0.4185481592002783
ROS1-32-0022,2024-06-25,0.21461622544384093,0.13371721518835278,-0.35075837739565763
ROS1-38-0002,2024-06-25,0.21034747356242922,0.14527607177805868,-0.33877009335464203
ROS1-19-0022,2024-06-25,0.7156897617501965,0.6045842778339038,-0.6501572884230669
ROS1-25-0016,2024-06-25,0.2718009638603787,0.14828865365464866,-0.4554529400458337
ROS1-30-0006,2024-06-25,0.21479444620815344,0.12257468242169296,-0.35180193855938463
ROS1-31-0038,2024-06-25,0.18171487278623283,0.05800808112543806,-0.2780305038697717
ROS1-32-0018,2024-07-11,0.25207364913085434,0.15077996662545567,-0.37508335634833995
ROS1-37-0049,2024-07-11,0.18274667851658005,0.13300862708635877,-0.3155260087783454
ROS1-26-0031,2024-07-11,0.1832355996409984,0.15475076689603545,-0.34209692053100976
ROS1-27-0009,2024-07-11,0.21971215662047153,0.1381695301188559,-0.3946263441718487
ROS1-30-0001,2024-07-11,0.2248071670628191,0.13471298726669312,-0.34683773906251136
ROS1-32-0022,2024-07-11,0.19272911494102077,0.10962515657004267,-0.3275504004874294
ROS1-37-0025,2024-07-11,0.19020459692177533,0.10472621358042596,-0.32841372366420724
ROS1-38-0002,2024-07-11,0.18539116803838587,0.08441157147903046,-0.3157277174766216
ROS1-21-0034,2024-07-11,0.19230127897844349,0.10795195744540419,-0.31114911081738533
ROS1-26-0006,2024-07-11,0.20177626958879444,0.13100586189490182,-0.33960569852021416
ROS1-30-0006,2024-07-11,0.1877296452557777,0.10955372149514571,-0.3088100340895336
ROS1-19-0041,2024-07-27,0.21498116968593373,0.12891647822666927,-0.3275933689472765
ROS1-25-0017,2024-07-27,0.8482629216994652,0.6025273412732075,-0.7459524980455149
ROS1-26-0027,2024-07-27,0.19020333520555543,0.1251455897862137,-0.31531278255909106
ROS1-31-0009,2024-07-27,0.18435685657866704,0.08900403009636446,-0.31906297879154905
ROS1-32-0018,2024-07-27,0.27301601569751704,0.14739619310032115,-0.37215067051213735
ROS1-37-0049,2024-07-27,0.17819052811121852,0.12372702206042273,-0.31374508327902867
ROS1-19-0026,2024-07-27,0.19821501466735292,0.13374214298216353,-0.32932065369123215
ROS1-20-0010,2024-07-27,0.2502772166665954,0.15354153692332195,-0.36261044587231966
ROS1-25-0008,2024-07-27,0.17285916112046407,0.10563857965341963,-0.308832486853937
ROS1-26-0031,2024-07-27,0.1857956522502515,0.14799868095844693,-0.347779736230944
ROS1-27-0009,2024-07-27,0.17732768111347605,0.13808033093674202,-0.3378322773799253
ROS1-30-0001,2024-07-27,0.2235625130094869,0.11603774473422696,-0.34471553775241914
ROS1-31-0024,2024-07-27,0.18464825056263887,0.09576455006019144,-0.3052957328011256
ROS1-32-0022,2024-07-27,0.200976213941637,0.11651880138790159,-0.3321511786260591
ROS1-37-0025,2024-07-27,0.19076341663672794,0.10829913910308414,-0.33290922487238817
ROS1-38-0002,2024-07-27,0.18627578060914268,0.09260236008523252,-0.3279401606211613
ROS1-19-0022,2024-07-27,0.8584659856806867,0.672158818841729,-0.7791492530108017
ROS1-25-0016,2024-07-27,0.23407999543854133,0.15347283402721792,-0.3377454606189913
ROS1-26-0006,2024-07-27,0.1915863851429441,0.12268654196380661,-0.3086382978297899
ROS1-30-0006,2024-07-27,0.1973779320336962,0.11612788662555741,-0.3263528301272309
ROS1-31-0038,2024-07-27,0.1855157699846314,0.09025092019215901,-0.3197614531546503
ROS1-19-0041,2024-08-12,0.23154714381622254,0.140796811389234,-0.3341816477863561
ROS1-25-0017,2024-08-12,0.833167691490892,0.6223093849289578,-0.7269450133270045
ROS1-31-0009,2024-08-12,0.18046701868671264,0.08651716747149622,-0.30653288733363265
ROS1-32-0018,2024-08-12,0.22768792785141964,0.11123832340941395,-0.32483944554692745
ROS1-37-0049,2024-08-12,0.18334283901201096,0.11057053229669993,-0.31846418973051493
ROS1-19-0026,2024-08-12,0.2177528151034343,0.06980070664214168,-0.282528898279462
ROS1-25-0008,2024-08-12,0.18589099142334561,0.11140948453087758,-0.31807649175732783
ROS1-27-0009,2024-08-12,0.18000136189213733,0.11049201110224931,-0.3458541679210111
ROS1-31-0024,2024-08-12,0.24926113548090462,0.06916205923853394,-0.40430010436091784
ROS1-37-0025,2024-08-12,0.1885702714125169,0.10048723161746487,-0.3133771068656508
ROS1-38-0002,2024-08-12,0.19284349085781102,0.10909042947899185,-0.33135724482285106
ROS1-19-0022,2024-08-12,0.6495344946193763,0.5109781865609682,-0.612442764356149
ROS1-25-0016,2024-08-12,0.28401179176256164,0.1825749473462433,-0.37852301087995177
ROS1-19-0041,2024-08-28,0.23474223287346344,0.10211788183169113,-0.308782358773073
ROS1-25-0017,2024-08-28,0.7103434508401187,0.5101048324355644,-0.6413728477810474
ROS1-26-0027,2024-08-28,0.1899254676691009,0.09672411207004462,-0.31089738845015774
ROS1-31-0009,2024-08-28,0.1782990135542352,0.08706577134494807,-0.30669244951957597
ROS1-32-0018,2024-08-28,0.24622294721341872,0.1329045408211781,-0.3573240146000055
ROS1-37-0049,2024-08-28,0.17168772710536592,0.09667176208577237,-0.30902055065974754
ROS1-19-0026,2024-08-28,0.19688806481601004,0.1222940771302785,-0.3181841499118297
ROS1-25-0008,2024-08-28,0.18553914682439387,0.08409875937427495,-0.2987892170964893
ROS1-26-0031,2024-08-28,0.17020807425948165,0.12172111812560747,-0.3209686588671171
ROS1-27-0009,2024-08-28,0.173414307076723,0.12830224702081103,-0.32024242448109846
ROS1-30-0001,2024-08-28,0.23359373982313925,0.10852090622346103,-0.3454534058296291
ROS1-31-0024,2024-08-28,0.18166210760857204,0.08638196614656257,-0.30296781622660474
ROS1-32-0022,2024-08-28,0.1945022840197718,0.10145965303880937,-0.32483709671709476
ROS1-37-0025,2024-08-28,0.1795971626677836,0.09506553824032592,-0.3112573360101942
ROS1-38-0002,2024-08-28,0.17922184980667363,0.09171275723945498,-0.3110766102042934
ROS1-19-0022,2024-08-28,0.6917081499771138,0.47585965261097857,-0.6566817201802987
ROS1-21-0034,2024-08-28,0.1878270605087902,0.09896023866710779,-0.30596273093616355
ROS1-25-0016,2024-08-28,0.25629290563776064,0.13908467439507613,-0.3621206204100295
ROS1-26-0006,2024-08-28,0.2184211802796229,0.11389720884325563,-0.32126973373991125
ROS1-30-0006,2024-08-28,0.19024831328210634,0.0991306755013176,-0.31416107294610596
ROS1-31-0038,2024-08-28,0.17719985529486917,0.09988285251094588,-0.3126916663377007
ROS1-19-0041,2024-09-13,0.22612372353656898,0.09217020747315595,-0.3105673938913527
ROS1-25-0017,2024-09-13,0.5296793812975634,0.40264337063438643,-0.5441713548563365
ROS1-26-0027,2024-09-13,0.19239135029004534,0.0911211864577429,-0.3179366985120986
ROS1-31-0009,2024-09-13,0.1725979338251884,0.08431517817255507,-0.30399872324380733
ROS1-32-0018,2024-09-13,0.2438166741373703,0.13330950529507382,-0.3574901997594304
ROS1-37-0049,2024-09-13,0.17170186825777578,0.0933569128390903,-0.3115223647560824
ROS1-19-0026,2024-09-13,0.19618417774714042,0.1200352629029382,-0.31737570115317093
ROS1-20-0010,2024-09-13,0.22190509486345578,0.12387027715959162,-0.35555779851252345
ROS1-25-0008,2024-09-13,0.18796319526182576,0.0818643503216913,-0.30234319025130996
ROS1-26-0031,2024-09-13,0.1684647625325127,0.11965099905062519,-0.3203302635867457
ROS1-27-0009,2024-09-13,0.1722443138121868,0.12251263278520241,-0.3233805035427622
ROS1-30-0001,2024-09-13,0.21153352044615106,0.1006421726930075,-0.33054193753379774
ROS1-31-0024,2024-09-13,0.17699490409903923,0.08338569151604217,-0.3015401744563156
ROS1-32-0022,2024-09-13,0.1965648707475914,0.11189766803801925,-0.32521734809340813
ROS1-37-0025,2024-09-13,0.1898233869545868,0.09007463564102033,-0.32566931382476644
ROS1-38-0002,2024-09-13,0.19526905675753184,0.09630603163511124,-0.32707639724130777
ROS1-19-0022,2024-09-13,0.37737179043787644,0.24797768432336967,-0.4977174816534217
ROS1-21-0034,2024-09-13,0.19838321112234658,0.0992236094048308,-0.318226474206323
ROS1-25-0016,2024-09-13,0.1997872920130595,0.08549548232376622,-0.31609931800326696
ROS1-26-0006,2024-09-13,0.20662289222552366,0.07940613225959019,-0.3040807076064142
ROS1-30-0006,2024-09-13,0.19351544968292764,0.08758454598874249,-0.31849201784470615
ROS1-31-0038,2024-09-13,0.17327433708915888,0.09786988073896094,-0.31026420638931734
ROS1-19-0041,2024-09-29,0.20037651781320706,0.08317033118226749,-0.298103001942719
ROS1-25-0017,2024-09-29,0.34500580485288423,0.26581605458388224,-0.46260206830383976
ROS1-26-0027,2024-09-29,0.1779243134625578,0.08871506843478555,-0.30511875597759597
ROS1-31-0009,2024-09-29,0.1563492437614896,0.08159092331944302,-0.28442437617570504
ROS1-32-0018,2024-09-29,0.2270744860358277,0.11851242734941107,-0.34494478723416955
ROS1-37-0049,2024-09-29,0.1504075875344079,0.09701886820872158,-0.2810232857516614
ROS1-19-0026,2024-09-29,0.1777399361439326,0.11122008770407288,-0.30377599371290187
ROS1-20-0010,2024-09-29,0.20052087512880026,0.11177264924192533,-0.33741779309500847
ROS1-25-0008,2024-09-29,0.17646009560219242,0.07733610798259526,-0.2948221202878003
ROS1-26-0031,2024-09-29,0.15590639932265182,0.11080848832009813,-0.3048360049206181
ROS1-27-0009,2024-09-29,0.16320736661592697,0.11792602823934281,-0.3175510431568447
ROS1-30-0001,2024-09-29,0.16287769168006794,0.09268227089587125,-0.28129486508472235
ROS1-31-0024,2024-09-29,0.16093397566630716,0.08022739525436949,-0.28444396917086273
ROS1-32-0022,2024-09-29,0.178432728678902,0.09159521042676312,-0.3104491518543307
ROS1-37-0025,2024-09-29,0.16260623168895694,0.08991871894900133,-0.29049338514298434
ROS1-38-0002,2024-09-29,0.15478207508187805,0.08996066220562914,-0.2848159844303808
ROS1-19-0022,2024-09-29,0.29551007576471516,0.22522008122729226,-0.46546241502302604
ROS1-21-0034,2024-09-29,0.1903248876165601,0.09368258945410605,-0.31075323132510174
ROS1-25-0016,2024-09-29,0.17629979600069037,0.0820158684561934,-0.2984808808297719
ROS1-26-0006,2024-09-29,0.18817119677127278,0.07227192277538526,-0.29144019792878073
ROS1-30-0006,2024-09-29,0.16668030649741283,0.08425708925325517,-0.2895135401092201
ROS1-31-0038,2024-09-29,0.14028563098111121,0.08814455125175379,-0.2624272033583368
ROS1-18-0029,2024-04-06,0.868851619020645,0.6190767491014,-0.8036650282479956
ROS1-24-0003,2024-04-06,0.8565059492116046,0.5906818440441303,-0.7730556217977718
ROS1-18-0007,2024-04-06,0.6112230028565343,0.30721402755183397,-0.5912553493511741
ROS1-24-0026,2024-04-06,0.25771582048202324,0.1270205969955756,-0.3544163999464859
ROS1-30-0001,2024-04-06,0.3935856431213239,0.17120268957150006,-0.47349966729593046
ROS1-30-0006,2024-04-06,0.3422004305993937,0.13668050269445947,-0.41843652860941283
ROS1-18-0029,2024-04-22,0.9046644638894943,0.869423230731051,-0.839382038340449
ROS1-24-0003,2024-04-22,0.9170494430048618,0.7163055297093796,-0.8458485203705094
ROS1-30-0009,2024-04-22,0.8094942269799275,0.5446795625149035,-0.7559090291798749
ROS1-18-0007,2024-04-22,0.8236403300517505,0.5095800473920606,-0.7656422407957837
ROS1-24-0026,2024-04-22,0.2708869626331385,0.12464690073506923,-0.36940582469942523
ROS1-25-0008,2024-04-22,0.851112603308753,0.5988688812620587,-0.7653545851720536
ROS1-30-0001,2024-04-22,0.48467586835425136,0.23967420160244501,-0.5097632799895357
ROS1-30-0006,2024-04-22,0.3804582514040091,0.1936701661834086,-0.4574209762165564
ROS1-30-0009,2024-05-08,0.8503871220705084,0.6288659687758834,-0.7804290611576951
ROS1-18-0029,2024-05-24,0.8915117863687708,0.804192436293718,-0.8352519200357945
ROS1-24-0003,2024-05-24,0.8965939627339973,0.7106773662834922,-0.8343217186290407
ROS1-30-0009,2024-05-24,0.8688016944347258,0.627740203136489,-0.7996497712062658
ROS1-18-0007,2024-05-24,0.8371338913761263,0.5518754505328607,-0.7709797948737975
ROS1-24-0026,2024-05-24,0.31293592080605304,0.16576309071259554,-0.3969385793111643
ROS1-25-0008,2024-05-24,0.8222597061160509,0.5911513899427482,-0.7568191110033174
ROS1-30-0001,2024-05-24,0.30695673624598385,0.1487460208600012,-0.40776665775487636
ROS1-30-0006,2024-05-24,0.3678849237587794,0.19425245168115493,-0.4503651122230698
ROS1-18-0029,2024-06-25,0.26029230328110836,0.23920600879029313,-0.34213096507980856
ROS1-24-0003,2024-06-25,0.3397782288010024,0.20480102502721648,-0.49822308917595026
ROS1-30-0009,2024-06-25,0.3090905802739462,0.17539685148559703,-0.4652484990784072
ROS1-24-0026,2024-06-25,0.23327404569708576,0.1720358500513333,-0.3927755754383085
ROS1-25-0008,2024-06-25,0.2836753996005332,0.14827982554876026,-0.45026376117953953
ROS1-30-0006,2024-06-25,0.21546943934659982,0.12355925450173899,-0.35178005049187483
ROS1-30-0001,2024-07-11,0.22507888810247992,0.1349269586509587,-0.34756537503061646
ROS1-30-0006,2024-07-11,0.18776080670010065,0.10959893151260498,-0.3093958384289856
ROS1-18-0029,2024-07-27,0.2133017575405883,0.10874366314343963,-0.31878008544540093
ROS1-24-0003,2024-07-27,0.1758097971235109,0.1287584581024049,-0.3246548343584952
ROS1-30-0009,2024-07-27,0.2038614792072104,0.09765695673974846,-0.3200917359472443
ROS1-18-0007,2024-07-27,0.2016065610647967,0.09265133726669184,-0.2921209524026514
ROS1-24-0026,2024-07-27,0.20908507985381589,0.10438361264479415,-0.3210609884028256
ROS1-25-0008,2024-07-27,0.17246638308500556,0.10537888596610692,-0.30891396009755606
ROS1-30-0001,2024-07-27,0.22410624634885445,0.1158652726390985,-0.3461680485140092
ROS1-30-0006,2024-07-27,0.19675405578391061,0.11589824031262677,-0.32603482242978626
ROS1-18-0029,2024-08-12,0.20019751298511393,0.10187520161977882,-0.3046805204040762
ROS1-30-0009,2024-08-12,0.20400327556294,0.11058007725427076,-0.32185138879876896
ROS1-25-0008,2024-08-12,0.18691972863307982,0.11188657918391168,-0.319845339211339
ROS1-18-0029,2024-08-28,0.2000528067148627,0.09610613634704884,-0.30453908593169665
ROS1-24-0003,2024-08-28,0.22787287736912568,0.15832018791300248,-0.36189915423420543
ROS1-30-0009,2024-08-28,0.19364982527943977,0.08771596295471418,-0.30340124440386507
ROS1-18-0007,2024-08-28,0.19316755974160163,0.08677087035765461,-0.29596349635122543
ROS1-24-0026,2024-08-28,0.20989461383733024,0.1029634424011803,-0.3150704717587549
ROS1-25-0008,2024-08-28,0.18719518811088712,0.08451359736074573,-0.30072341324759977
ROS1-30-0001,2024-08-28,0.2344897122536738,0.10889473950163489,-0.345914432269726
ROS1-30-0006,2024-08-28,0.19024996704197986,0.09934665917211274,-0.3136086749003217
ROS1-24-0003,2024-09-13,0.21641545192971248,0.14074030516490907,-0.35036993503321134
ROS1-30-0009,2024-09-13,0.18390173156148776,0.08043499250579982,-0.2947968764149291
ROS1-18-0007,2024-09-13,0.1889240588728517,0.07599154554258697,-0.28810610197605613
ROS1-24-0026,2024-09-13,0.20068848192979274,0.10587752985993365,-0.30765214162982535
ROS1-25-0008,2024-09-13,0.18748624434664943,0.08156025592323929,-0.3017056066045111
ROS1-30-0001,2024-09-13,0.2106873139612203,0.10047435514488347,-0.32910526522179495
ROS1-30-0006,2024-09-13,0.1924959608628559,0.08729427211012872,-0.31679246569602865
ROS1-18-0029,2024-09-29,0.18170802218722612,0.08686047581185434,-0.29419220408322366
ROS1-24-0003,2024-09-29,0.20723657277435945,0.133491024450341,-0.3492434091878944
ROS1-30-0009,2024-09-29,0.18489189840199366,0.08238086196224009,-0.30077331996001144
ROS1-18-0007,2024-09-29,0.19064452033002138,0.08508278327143948,-0.29802276966796026
ROS1-24-0026,2024-09-29,0.19199929591578804,0.09329447313262305,-0.3069266840671586
ROS1-25-0008,2024-09-29,0.17765404400752585,0.07778688941314583,-0.29664381974575327
ROS1-30-0001,2024-09-29,0.16384980591956974,0.09324994600074173,-0.2828182853436077
ROS1-30-0006,2024-09-29,0.16729435342000368,0.08477121443932129,-0.2903149104922901
ROS1-28-0006,2024-04-13,0.5452811620202962,0.28257675067887195,-0.5236971390601673
ROS1-29-0006,2024-04-13,0.229492905563416,0.08803837838075747,-0.32060526636202286
ROS1-22-0011,2024-04-13,0.5766555417640635,0.36353351386456134,-0.5842849492064393
ROS1-22-0032,2024-04-13,0.22634366459279612,0.09051034311364545,-0.288635520975652
ROS1-29-0006,2024-05-31,0.3139019921273055,0.1662524599208696,-0.3572904714353346
ROS1-22-0032,2024-05-31,0.30672430992396044,0.1089997616020689,-0.3553187644675457
ROS1-28-0006,2024-07-02,0.40001620715804986,0.19159666755277224,-0.4405993658774678
ROS1-29-0006,2024-07-02,0.7858086872964167,0.5203212474561915,-0.6882086011049036
ROS1-22-0032,2024-07-02,0.8761195740517075,0.7306574589656266,-0.770752590750034
ROS1-28-0006,2024-07-18,0.38531940468630294,0.2510885386135648,-0.47307563561824173
ROS1-29-0006,2024-07-18,0.7206137157983123,0.4849739934605234,-0.6749108563054322
ROS1-22-0032,2024-07-18,0.8268335416377188,0.6454085757051136,-0.7411299682252922
ROS1-28-0006,2024-08-03,0.34979126886216816,0.20596119814660424,-0.45336179734771137
ROS1-29-0006,2024-08-03,0.6794312492326223,0.40729704129270017,-0.6588279071598755
ROS1-22-0032,2024-08-03,0.682071176602703,0.42402469809486304,-0.5960214056518477
ROS1-28-0006,2024-08-19,0.48790642132874346,0.2622655192706756,-0.5185692750493732
ROS1-29-0006,2024-08-19,0.6082483687232209,0.3571106340539261,-0.6248031189696011
ROS1-22-0032,2024-08-19,0.5437021274032026,0.34899604378726207,-0.4742962878900835
ROS1-28-0006,2024-09-04,0.251033873021469,0.12015565466769831,-0.34624074113610215
ROS1-29-0006,2024-09-04,0.4760599848105103,0.331105114084955,-0.5322979851048564
ROS1-28-0006,2024-09-20,0.22573961939996517,0.108537184753804,-0.3353271400635072
ROS1-29-0006,2024-09-20,0.4362323575085734,0.23969478522264245,-0.5383714333987593
ROS1-22-0032,2024-09-20,0.2749369537079364,0.16910521205936874,-0.41672647547721914
ROS1-28-0006,2024-10-06,0.20762079687525337,0.09985865678190112,-0.32403229365588493
ROS1-29-0006,2024-10-06,0.2875309673729292,0.1832203537934396,-0.4250039263697439
ROS1-22-0032,2024-10-06,0.239036726711842,0.14241285983810778,-0.3908772303296109
ROS1-15-0009,2024-04-13,0.24404112084524596,0.13125931860364612,-0.3548392473638851
ROS1-21-0016,2024-04-13,0.5135464609309088,0.2600351194452841,-0.519161011728139
ROS1-22-0016,2024-04-13,0.3475387024879074,0.15126645152899898,-0.3854699343258516
ROS1-27-0006,2024-04-13,0.22528748504922963,0.08898570381683701,-0.33203720532673536
ROS1-33-0014,2024-04-13,0.48118080100059313,0.24399729915972584,-0.5057491209093246
ROS1-15-0016,2024-04-13,0.2120691965805512,0.10615816873078633,-0.3285002884055829
ROS1-21-0013,2024-04-13,0.699485374559116,0.42323795936346664,-0.6335926106653084
ROS1-26-0031,2024-04-13,0.6142141852851625,0.27235313539256567,-0.5854115194511139
ROS1-27-0009,2024-04-13,0.4452906239324218,0.21550093000026202,-0.4917355532898279
ROS1-28-0017,2024-04-13,0.3833023756303708,0.1735092996827763,-0.448234937759642
ROS1-15-0014,2024-04-13,0.4291083569604671,0.25825311014001934,-0.47567518047614926
ROS1-21-0034,2024-04-13,0.43105555738713675,0.2132455304294019,-0.461034480975092
ROS1-22-0032,2024-04-13,0.22871164253128845,0.09082188506355882,-0.29355870036236936
ROS1-26-0006,2024-04-13,0.371683305497039,0.17663010083379443,-0.42297430508588013
ROS1-27-0004,2024-04-13,0.3043461141974461,0.17078433472072516,-0.4027790656284714
ROS1-28-0029,2024-04-13,0.25143431238264846,0.07471562827015368,-0.3475934257923169
ROS1-28-0029,2024-05-15,0.23975350631915213,0.11869330003906868,-0.30651882921934276
ROS1-15-0016,2024-05-31,0.32534387734797526,0.2179839993553006,-0.36343902863523325
ROS1-22-0011,2024-05-31,0.7111931484022511,0.39450284104645833,-0.6658520788624974
ROS1-28-0017,2024-05-31,0.4186830769219173,0.2530423426259283,-0.45738274835208403
ROS1-22-0032,2024-05-31,0.30232006142535284,0.10796733063385519,-0.35333146431548135
ROS1-15-0009,2024-06-16,0.30420992036961975,0.13728868649570364,-0.38156726915668737
ROS1-21-0016,2024-06-16,0.32346511551670887,0.1794690518881318,-0.4488448693712241
ROS1-22-0016,2024-06-16,0.40397169408951417,0.178676608877904,-0.48429343790339324
ROS1-33-0014,2024-06-16,0.3960754136615867,0.17139973303214745,-0.5671438608376439
ROS1-15-0016,2024-06-16,0.2556806245555573,0.10670809574040781,-0.3532185399158378
ROS1-21-0013,2024-06-16,0.408827461008205,0.22667931962975738,-0.542580395018929
ROS1-22-0011,2024-06-16,0.49580950975217264,0.25687299741608693,-0.5800508634026323
ROS1-15-0014,2024-06-16,0.3449553435703165,0.22443921488711766,-0.4777948316725785
ROS1-21-0034,2024-06-16,0.5328355051709239,0.33746274762402123,-0.5834572937697349
ROS1-15-0009,2024-07-02,0.2823009609496916,0.14176902017900964,-0.36405764002640156
ROS1-21-0016,2024-07-02,0.2203725192384616,0.06440293185493785,-0.30398242367020295
ROS1-22-0016,2024-07-02,0.3791209388989499,0.20203426928080365,-0.4698942059089191
ROS1-27-0006,2024-07-02,0.6703305072148183,0.421472302769342,-0.6438621622625282
ROS1-33-0014,2024-07-02,0.22382531267759148,0.1746081479921058,-0.3692261488929245
ROS1-15-0016,2024-07-02,0.2146702373424598,0.09912458303401349,-0.3137403792263515
ROS1-21-0013,2024-07-02,0.29726341488792685,0.1528073541344406,-0.4453843885842557
ROS1-22-0011,2024-07-02,0.3616361452901386,0.1695144362726639,-0.4518739177491802
ROS1-26-0031,2024-07-02,0.27541096674418303,0.14359434381675457,-0.4554646172354264
ROS1-27-0009,2024-07-02,0.2411442046476728,0.1461413726899851,-0.41782479366547
ROS1-28-0017,2024-07-02,0.5549649172940128,0.37962961779993576,-0.599899664080183
ROS1-15-0014,2024-07-02,0.2888638001005993,0.18667464631941208,-0.42296530855552583
ROS1-21-0034,2024-07-02,0.2715108991853832,0.20493219273286525,-0.3971068567953611
ROS1-22-0032,2024-07-02,0.8763583707514644,0.7309008526476196,-0.7709158031620035
ROS1-27-0004,2024-07-02,0.6073010925253745,0.40576198442532163,-0.6088057206541349
ROS1-28-0029,2024-07-02,0.42791086826390057,0.23309285439279676,-0.46458124294205866
ROS1-15-0009,2024-07-18,0.26690881968190244,0.1371344480025308,-0.34950447926961997
ROS1-21-0016,2024-07-18,0.19714825403779468,0.09250462519632707,-0.3045449316389678
ROS1-22-0016,2024-07-18,0.20472367916990306,0.08060001729174227,-0.2720154416836701
ROS1-27-0006,2024-07-18,0.42869825210658435,0.21983346627731704,-0.4663741460406875
ROS1-33-0014,2024-07-18,0.22870084322032685,0.17280079812857807,-0.3748653361012528
ROS1-15-0016,2024-07-18,0.26436414898413985,0.1275350080688854,-0.3457053664971457
ROS1-21-0013,2024-07-18,0.20148381621046582,0.10749835251217467,-0.3191372829192099
ROS1-22-0011,2024-07-18,0.26912654440449946,0.18242868680701804,-0.4186600177537337
ROS1-26-0031,2024-07-18,0.18607409632365096,0.14605710297561328,-0.34924539584853925
ROS1-27-0009,2024-07-18,0.18235183958410928,0.1399581167873342,-0.3435740669327358
ROS1-28-0017,2024-07-18,0.42180770135238643,0.2922308353798668,-0.5035019939834354
ROS1-15-0014,2024-07-18,0.29982257586380223,0.2110687928219073,-0.42573927167439707
ROS1-21-0034,2024-07-18,0.18990271823142388,0.10038016146990733,-0.3063888494376741
ROS1-22-0032,2024-07-18,0.8269974555455215,0.6450791149507223,-0.7414148558054724
ROS1-27-0004,2024-07-18,0.4869372472128945,0.3005868367907478,-0.5128012565830516
ROS1-28-0029,2024-07-18,0.5089748393189574,0.30343908954705195,-0.5259536961649194
ROS1-15-0009,2024-08-03,0.23091410538818427,0.07308910514383671,-0.2249665517317517
ROS1-21-0016,2024-08-03,0.195998654865218,0.09073033487996927,-0.3016025863923084
ROS1-27-0006,2024-08-03,0.29786547771867716,0.15280596451492195,-0.3566487244837684
ROS1-21-0013,2024-08-03,0.19627732003203774,0.10734611082100146,-0.3216872767644487
ROS1-22-0011,2024-08-03,0.2688172413935995,0.18155263115462578,-0.427701148286286
ROS1-26-0031,2024-08-03,0.18942138217915105,0.1381688035899129,-0.3518602703589924
ROS1-27-0009,2024-08-03,0.14361514241920395,0.15165775405028512,-0.2453686429767412
ROS1-28-0017,2024-08-03,0.4358246365660845,0.2608111839167417,-0.4803743306835213
ROS1-22-0032,2024-08-03,0.683346682005452,0.4239563816485118,-0.5981160629921913
ROS1-27-0004,2024-08-03,0.4477497038017881,0.2781945947831561,-0.4751948052843688
ROS1-28-0029,2024-08-03,0.5374712748221356,0.3209083860145117,-0.5474482545727267
ROS1-15-0009,2024-08-19,0.24450339524273057,0.1239283489865446,-0.3422277445973679
ROS1-21-0016,2024-08-19,0.1919603073785843,0.08659948578109442,-0.3012528821203541
ROS1-22-0016,2024-08-19,0.21130724120681457,0.08398504340937865,-0.30005979632363355
ROS1-27-0006,2024-08-19,0.26945211329707414,0.1292614997933239,-0.37891440165078355
ROS1-33-0014,2024-08-19,0.2639966606119703,0.18719762436607415,-0.3972658041771896
ROS1-15-0016,2024-08-19,0.6189448999045913,0.402794779817121,-0.5842502913967715
ROS1-21-0013,2024-08-19,0.19627414198742726,0.10189637615830255,-0.309863162893975
ROS1-22-0011,2024-08-19,0.21230579568459723,0.10269987943215442,-0.3209124130896327
ROS1-26-0031,2024-08-19,0.1623240160080892,0.11184760460811626,-0.31164796143712326
ROS1-27-0009,2024-08-19,0.17929691300976147,0.12288990392831764,-0.33820311133728753
ROS1-28-0017,2024-08-19,0.3748355096337861,0.181011311649096,-0.4308444425486049
ROS1-15-0014,2024-08-19,0.3056588176467952,0.19962770582579367,-0.4046641793295471
ROS1-21-0034,2024-08-19,0.18271041583365885,0.08827308308283881,-0.3058903021022355
ROS1-22-0032,2024-08-19,0.5439705838940238,0.3493477640429185,-0.4746306772913734
ROS1-27-0004,2024-08-19,0.3227634485436978,0.1852941867532981,-0.4058885693322335
ROS1-28-0029,2024-08-19,0.5498097917743319,0.31265845044344887,-0.5531885131801847
ROS1-15-0009,2024-09-04,0.24347247726123855,0.12979595369495636,-0.33266914108035567
ROS1-21-0016,2024-09-04,0.18761544926650492,0.09348939152949308,-0.285829182307575
ROS1-27-0006,2024-09-04,0.21123503803073493,0.10669211957147416,-0.32658918557387384
ROS1-15-0016,2024-09-04,0.5180196416964279,0.36213353985132524,-0.5038892135255942
ROS1-21-0013,2024-09-04,0.19687606730077645,0.11163994339804141,-0.3084631795419324
ROS1-15-0014,2024-09-04,0.26524647880831703,0.17268274155793023,-0.3784304701069143
ROS1-21-0034,2024-09-04,0.18755874818076443,0.06948522834972518,-0.3051238359092743
ROS1-27-0004,2024-09-04,0.26641787930241234,0.15844335420622302,-0.3672545757004641
ROS1-15-0009,2024-09-20,0.21797434685581998,0.10209430686326655,-0.30147852842141026
ROS1-21-0016,2024-09-20,0.19177079115393605,0.08366378012196538,-0.2954763852252632
ROS1-22-0016,2024-09-20,0.19438993786298844,0.08455310285976121,-0.27538421191212425
ROS1-15-0016,2024-09-20,0.4494716569644375,0.24494344905550364,-0.4841206387772196
ROS1-21-0013,2024-09-20,0.19607564401929298,0.11431890222222772,-0.3166311826666605
ROS1-22-0011,2024-09-20,0.2212024456312247,0.1027902634504625,-0.33166833337705415
ROS1-26-0031,2024-09-20,0.16035594338848877,0.1070340844875336,-0.3038771476515427
ROS1-27-0009,2024-09-20,0.1624868116258623,0.101896679171601,-0.2827686497084603
ROS1-28-0017,2024-09-20,0.2410793017588062,0.12294484697381221,-0.3595565597642268
ROS1-15-0014,2024-09-20,0.2224833403047856,0.15804176312487686,-0.35732203080380986
ROS1-21-0034,2024-09-20,0.19165368321987972,0.10109854864302954,-0.306306061403935
ROS1-22-0032,2024-09-20,0.2762372856814068,0.16910489741065116,-0.41853695433804194
ROS1-28-0029,2024-09-20,0.28152548821643436,0.14722441872855158,-0.36292989018956395
ROS1-15-0009,2024-10-06,0.20463260730529656,0.08888359934354864,-0.3053457328419412
ROS1-21-0016,2024-10-06,0.1853460651406046,0.07813036627836392,-0.29420529280284313
ROS1-22-0016,2024-10-06,0.1809652063930305,0.07644605064205474,-0.271170397761425
ROS1-27-0006,2024-10-06,0.1950357650965204,0.09251761730499007,-0.320397165222547
ROS1-33-0014,2024-10-06,0.24945821653135355,0.1784198365184396,-0.40089806727574284
ROS1-15-0016,2024-10-06,0.2779279289156687,0.13881298172774065,-0.4077585711658308
ROS1-21-0013,2024-10-06,0.18036527965995783,0.09856294526419802,-0.3029093056739728
ROS1-22-0011,2024-10-06,0.18573229396898,0.07722638031221767,-0.30283634104265367
ROS1-26-0031,2024-10-06,0.15993278512002596,0.10821699365339657,-0.3080706681266367
ROS1-27-0009,2024-10-06,0.17061258757207207,0.0741372791983551,-0.3024784667092585
ROS1-28-0017,2024-10-06,0.21844538174654304,0.10393611674379462,-0.34429085871639287
ROS1-15-0014,2024-10-06,0.2057087623361302,0.1354556051830103,-0.34803705220766057
ROS1-21-0034,2024-10-06,0.18705406992202003,0.08960348004373103,-0.30910215888280806
ROS1-22-0032,2024-10-06,0.2396470285341056,0.14263405934807266,-0.391071956693287
ROS1-27-0004,2024-10-06,0.20974409823378284,0.11486364632016,-0.321459516769645
ROS1-28-0029,2024-10-06,0.2708766390137155,0.1436739071971164,-0.39868949326429465
ROS1-07-0045,2024-04-13,0.7525374060938744,0.43311180127749,-0.6789961733248092
ROS1-08-0010,2024-04-13,0.2510670920245548,0.1060746505888312,-0.31546011353107845
ROS1-12-0000,2024-04-13,0.6205392929917903,0.3403071166477182,-0.5834336250670622
ROS1-07-0012,2024-04-13,0.6717085130997791,0.4173750194740142,-0.6393015156426394
ROS1-19-0041,2024-04-13,0.701721521155409,0.3932478333847546,-0.656193974054616
ROS1-20-0023,2024-04-13,0.3250367567977938,0.1547924631930635,-0.40435240425908486
ROS1-25-0017,2024-04-13,0.23206771250300331,0.1140142238992056,-0.3096644749884437
ROS1-26-0027,2024-04-13,0.5776088743363812,0.34132937638215416,-0.5916573230938524
ROS1-07-0011,2024-04-13,0.3846107744681427,0.1811484429339729,-0.4086996741976853
ROS1-12-0004,2024-04-13,0.5670204107643156,0.3163598704173651,-0.5576146079844063
ROS1-19-0026,2024-04-13,0.3848877293091424,0.2165257680374507,-0.43445917620380686
ROS1-20-0010,2024-04-13,0.38126355030981246,0.19331133064584918,-0.4399815500907596
ROS1-19-0022,2024-04-13,0.2219056288002011,0.10320884990601106,-0.30799796347032915
ROS1-20-0007,2024-04-13,0.651569029853089,0.3847946224602875,-0.6307497411435947
ROS1-26-0006,2024-04-13,0.5003956138054253,0.2562849295115744,-0.5120854121860763
ROS1-26-0027,2024-04-29,0.6071786848007071,0.4187446840964006,-0.5997822674262814
ROS1-20-0010,2024-04-29,0.4429885093556254,0.27285688953813897,-0.4519160184147684
ROS1-07-0045,2024-05-31,0.7417034337233838,0.29970370686163755,-0.6741420241086041
ROS1-08-0010,2024-05-31,0.6630156571739938,0.3926102186169219,-0.604715053768826
ROS1-07-0012,2024-05-31,0.7975826559787036,0.5997719066493749,-0.7447154736718703
ROS1-20-0023,2024-05-31,0.519615885872813,0.29304312985962355,-0.5336681696003794
ROS1-07-0011,2024-05-31,0.7855448227224895,0.46094563456441334,-0.7122508332820561
ROS1-26-0006,2024-05-31,0.5985387582241699,0.3919946992654954,-0.5829288776702137
ROS1-07-0045,2024-06-16,0.41125927621824226,0.2680735600739045,-0.5727181897992655
ROS1-12-0000,2024-06-16,0.44988980749796054,0.25041748672988606,-0.5716652038196804
ROS1-20-0023,2024-06-16,0.3671613094875854,0.20772278383908382,-0.4703586712360895
ROS1-20-0007,2024-06-16,0.3396536522173994,0.1923484271736223,-0.5089672923516009
ROS1-26-0006,2024-06-16,0.33534266774947197,0.17738062249696318,-0.413494699087559
ROS1-07-0045,2024-07-02,0.2132741836880552,0.17923984594108425,-0.379621286259418
ROS1-08-0010,2024-07-02,0.4961795165692971,0.31360635069021164,-0.5440049126173163
ROS1-12-0000,2024-07-02,0.2126379943908939,0.17752702595466843,-0.3777838005409058
ROS1-07-0012,2024-07-02,0.33665107599338695,0.1997164020146498,-0.4914511670719041
ROS1-18-0029,2024-07-02,0.2084392478149471,0.09828692976402925,-0.3197792922228313
ROS1-19-0041,2024-07-02,0.2360173805983446,0.13414030172397806,-0.35948052630517596
ROS1-20-0023,2024-07-02,0.23678829509601984,0.14249039202275496,-0.38411843156381026
ROS1-25-0017,2024-07-02,0.772220268990819,0.4489694762264267,-0.6889071249025254
ROS1-26-0027,2024-07-02,0.24402906415973608,0.1339103785114177,-0.4078113624554522
ROS1-07-0011,2024-07-02,0.2877312061796896,0.16388986448632165,-0.4375829721337178
ROS1-12-0004,2024-07-02,0.24447672399047418,0.1312983455372801,-0.38872639912374785
ROS1-19-0026,2024-07-02,0.20871313665797597,0.1506118802210488,-0.36310355212337464
ROS1-20-0010,2024-07-02,0.2689567860623255,0.14329047166560643,-0.41076040925312335
ROS1-19-0022,2024-07-02,0.8734198681143421,0.6347603970759634,-0.7938104288816566
ROS1-20-0007,2024-07-02,0.2280536603570279,0.17768382074415615,-0.37917819651412904
ROS1-26-0006,2024-07-02,0.237263958215764,0.13878084314678893,-0.3849917567751542
ROS1-07-0045,2024-07-18,0.17051826340714177,0.10533589650108559,-0.28840097942390736
ROS1-08-0010,2024-07-18,0.3626508950130852,0.23794326422806292,-0.44935752442012383
ROS1-12-0000,2024-07-18,0.20405318848045184,0.1617451647737695,-0.37312378588725453
ROS1-07-0012,2024-07-18,0.21494896192149418,0.15437921127363555,-0.34543166362832395
ROS1-18-0029,2024-07-18,0.19222318180979878,0.09554953857189799,-0.298100085707485
ROS1-19-0041,2024-07-18,0.21184147113623356,0.12367466606304867,-0.3284413343461948
ROS1-20-0023,2024-07-18,0.2038905638778688,0.14423832990376928,-0.35356331411835956
ROS1-25-0017,2024-07-18,0.821839380444629,0.5339458017259363,-0.737973886346949
ROS1-26-0027,2024-07-18,0.20315058621628249,0.12981030776540753,-0.35495047644226857
ROS1-07-0011,2024-07-18,0.18404165359499078,0.11086252825262954,-0.30087850935487725
ROS1-12-0004,2024-07-18,0.21120561360049003,0.13867836271455075,-0.35454729741844554
ROS1-19-0026,2024-07-18,0.20568786344410597,0.1486450169331051,-0.35609041969469496
ROS1-20-0010,2024-07-18,0.24638499893364646,0.15298341713865193,-0.3834567431719406
ROS1-19-0022,2024-07-18,0.8289375033346731,0.626068334723126,-0.7697089008221615
ROS1-20-0007,2024-07-18,0.2415731093428794,0.18092494536867185,-0.39566353256038
ROS1-26-0006,2024-07-18,0.19360528834778543,0.12475125864413657,-0.33237917471034545
ROS1-07-0045,2024-08-03,0.16182100740078878,0.09731525311724495,-0.2907284534073571
ROS1-08-0010,2024-08-03,0.24334555717447057,0.12403419541452629,-0.34096767163666447
ROS1-12-0000,2024-08-03,0.20673417719124024,0.16287246357918822,-0.3694578903832785
ROS1-07-0012,2024-08-03,0.22096643037686822,0.15833421427897912,-0.3646205430955453
ROS1-18-0029,2024-08-03,0.25533576844869954,0.13737073743991843,-0.3686187227698139
ROS1-19-0041,2024-08-03,0.2150884968631706,0.1255353467569101,-0.327132330114338
ROS1-20-0023,2024-08-03,0.20767553694816202,0.13995814985417307,-0.36237465562046745
ROS1-25-0017,2024-08-03,0.8488464059732789,0.6150190825765475,-0.7553032348310535
ROS1-26-0027,2024-08-03,0.18892980813220137,0.09341536584338457,-0.31165350284508325
ROS1-07-0011,2024-08-03,0.17795395404702344,0.09731667001303697,-0.2879259821716285
ROS1-12-0004,2024-08-03,0.19872367641252428,0.1251084189447304,-0.33560526273140107
ROS1-19-0026,2024-08-03,0.2030237832252448,0.12179485899294487,-0.33370607037476685
ROS1-20-0010,2024-08-03,0.2460240834732373,0.12741558454047686,-0.37090717302793463
ROS1-19-0022,2024-08-03,0.828722908305043,0.6109327775860779,-0.7632429215222128
ROS1-20-0007,2024-08-03,0.25534100957356026,0.18178568651809948,-0.42248768517956536
ROS1-26-0006,2024-08-03,0.1842887121309626,0.11483566884999806,-0.3216139360413523
ROS1-07-0045,2024-08-19,0.1707040392997901,0.09471696673141529,-0.28362214601225677
ROS1-08-0010,2024-08-19,0.23857195136882284,0.11552461070661794,-0.3280883341398341
ROS1-12-0000,2024-08-19,0.17973641297456558,0.10674513832264283,-0.31644199169553006
ROS1-07-0012,2024-08-19,0.1998011283588784,0.14012181561392492,-0.33037049672138374
ROS1-18-0029,2024-08-19,0.2017872769410179,0.07930150555947436,-0.3186792635602705
ROS1-19-0041,2024-08-19,0.23240668770574885,0.12680515279049095,-0.33904904047692785
ROS1-20-0023,2024-08-19,0.186850266433932,0.11294487833389914,-0.32695391055987455
ROS1-25-0017,2024-08-19,0.7987292065986963,0.5149946858341765,-0.7131619212466033
ROS1-26-0027,2024-08-19,0.1924852832955903,0.09083623650574522,-0.32581091991795874
ROS1-07-0011,2024-08-19,0.16810004190442948,0.09359250662172261,-0.2760372728149969
ROS1-12-0004,2024-08-19,0.1759413693569617,0.10085717835038446,-0.3047036563039546
ROS1-19-0026,2024-08-19,0.19606234242055257,0.10939462377863905,-0.3187659865347532
ROS1-20-0010,2024-08-19,0.22134876096591521,0.12200828753719234,-0.3559826173737197
ROS1-19-0022,2024-08-19,0.7880750870974085,0.5345681587107832,-0.72524134410832
ROS1-20-0007,2024-08-19,0.220165400493978,0.1425687186603995,-0.36492312829883655
ROS1-26-0006,2024-08-19,0.22002070435890825,0.1008634658818123,-0.3373625804455554
ROS1-07-0045,2024-09-04,0.16841509575886215,0.09517767444748414,-0.27027110560580636
ROS1-08-0010,2024-09-04,0.48763477827226903,0.2611641323314696,-0.7354405944521327
ROS1-12-0000,2024-09-04,0.16108613851812134,0.08863103498408038,-0.2235179207321166
ROS1-18-0029,2024-09-04,0.15046552327616391,0.07660542066333872,-0.16300332602080542
ROS1-19-0041,2024-09-04,0.23328698646310217,0.09798626018046867,-0.31355962657917524
ROS1-12-0004,2024-09-04,0.19587754608290123,0.11745402051588895,-0.3210969283370108
ROS1-19-0026,2024-09-04,0.20077272057206796,0.11147070290079643,-0.3174041368745648
ROS1-20-0010,2024-09-04,0.22356847922251094,0.13692265976982954,-0.3244230337442347
ROS1-19-0022,2024-09-04,0.5062480875840762,0.31775390152814426,-0.5408661065061283
ROS1-26-0006,2024-09-04,0.23517699108631898,0.10578948955687688,-0.32032177661533173
ROS1-07-0045,2024-09-20,0.16521654224985433,0.09057372538093263,-0.28737833155814985
ROS1-08-0010,2024-09-20,0.22220133213785068,0.10720279814702519,-0.3263106007588856
ROS1-12-0000,2024-09-20,0.1814426444490108,0.10166133740704192,-0.31453001468009856
ROS1-07-0012,2024-09-20,0.21896917886830905,0.12489122584950699,-0.32910561222036566
ROS1-18-0029,2024-09-20,0.18507961255115368,0.08490171069500743,-0.30049470570633197
ROS1-19-0041,2024-09-20,0.22738000823504234,0.08068366634011824,-0.3338754079302091
ROS1-20-0023,2024-09-20,0.17601503438956334,0.07031651752921289,-0.3039808391795431
ROS1-25-0017,2024-09-20,0.4791414909701709,0.3563772133230602,-0.5329011580785931
ROS1-26-0027,2024-09-20,0.1891541617341119,0.08617923492338422,-0.32700722612349176
ROS1-07-0011,2024-09-20,0.17212970065324268,0.08896817945490909,-0.28282702210637056
ROS1-12-0004,2024-09-20,0.18671981373022356,0.11759212512793205,-0.31556024716310566
ROS1-19-0026,2024-09-20,0.18118605891942305,0.10880675491069935,-0.30957691251819625
ROS1-20-0010,2024-09-20,0.20964118887368863,0.1136944232460821,-0.3502131198564163
ROS1-19-0022,2024-09-20,0.34863190506214814,0.2276927256694888,-0.5029691133239668
ROS1-20-0007,2024-09-20,0.19378902250073318,0.0749209247724159,-0.31872649403005054
ROS1-26-0006,2024-09-20,0.20761307561305822,0.07092251980391621,-0.3256254409792333
ROS1-07-0045,2024-10-06,0.15425848556640465,0.08539567096270305,-0.27585667423759297
ROS1-08-0010,2024-10-06,0.20621492255380514,0.09963631854402018,-0.3158013579623976
ROS1-12-0000,2024-10-06,0.1745659022816904,0.09814731943532305,-0.30509392065360535
ROS1-07-0012,2024-10-06,0.20106887878476018,0.11597912035536649,-0.32062619081085375
ROS1-18-0029,2024-10-06,0.17290443145670933,0.08341920174861292,-0.2877268047930584
ROS1-19-0041,2024-10-06,0.21129458582264132,0.0765284183479223,-0.3238846346847996
ROS1-20-0023,2024-10-06,0.16912975121836768,0.06743825602796757,-0.29487388663343067
ROS1-25-0017,2024-10-06,0.3285178464562813,0.23245519212266877,-0.44640708572238963
ROS1-26-0027,2024-10-06,0.1777965003409542,0.08518522055933696,-0.30802038584806923
ROS1-07-0011,2024-10-06,0.16614080031341147,0.08834947004505232,-0.2814050024093119
ROS1-12-0004,2024-10-06,0.1775223473242422,0.10289855616519528,-0.31022792343335576
ROS1-19-0026,2024-10-06,0.1783472204968962,0.10742719737696062,-0.30684486505573366
ROS1-20-0010,2024-10-06,0.19789824781060755,0.10581804088246018,-0.3366974502663684
ROS1-19-0022,2024-10-06,0.2548072056672538,0.21017845036282157,-0.4238071909541568
ROS1-20-0007,2024-10-06,0.18326735301292793,0.07225333534598355,-0.30449270998401545
ROS1-26-0006,2024-10-06,0.186308219197519,0.06815497420357251,-0.29735854372233445
ROS1-12-0000,2024-04-13,0.614378467545925,0.3401766272620591,-0.5772904588824885
ROS1-01-0003,2024-04-13,0.6015037594443303,0.34321593262916017,-0.5485751108944641
ROS1-07-0011,2024-04-13,0.38388685997065053,0.18071805070410896,-0.40825526249275157
ROS1-12-0004,2024-04-13,0.5638815558533925,0.31517152107242896,-0.5545105315786626
ROS1-01-0003,2024-04-29,0.5772263703548748,0.3957973123708276,-0.5310451796701227
ROS1-18-0029,2024-04-29,0.836206838921297,0.7801624747596689,-0.7546142511074961
ROS1-18-0007,2024-04-29,0.671181605038975,0.4280462302197668,-0.6336899190502007
ROS1-12-0000,2024-05-31,0.7682062619718504,0.38259402148049,-0.6781754214285408
ROS1-07-0011,2024-05-31,0.7852840206533553,0.4601527300520301,-0.7120104274699292
ROS1-18-0007,2024-05-31,0.7661959951088045,0.49768030429446763,-0.7241835415360259
ROS1-12-0000,2024-07-02,0.2128457004618832,0.17803594157245095,-0.3781128008293424
ROS1-01-0003,2024-07-02,0.2137019837587255,0.1578780426637425,-0.3646851860595784
ROS1-18-0029,2024-07-02,0.2083250047139773,0.09831088578517001,-0.3193947655735529
ROS1-07-0011,2024-07-02,0.28859621374772737,0.1642714634884356,-0.43872138397152727
ROS1-12-0004,2024-07-02,0.24425376867354165,0.13140445922750701,-0.38806388956218923
ROS1-18-0007,2024-07-02,0.2806499568351938,0.15273715574199526,-0.42435211596471506
ROS1-12-0000,2024-07-18,0.2039791629306756,0.16182879372374523,-0.372445658625974
ROS1-01-0003,2024-07-18,0.18577422674876898,0.1165103954883526,-0.2959337531549948
ROS1-18-0029,2024-07-18,0.1923157159367795,0.09545785716649315,-0.29789249192118544
ROS1-07-0011,2024-07-18,0.18414742372695725,0.11074751833267105,-0.3005966036637747
ROS1-12-0004,2024-07-18,0.21151823255920238,0.13861966248433405,-0.3548126907723219
ROS1-18-0007,2024-07-18,0.20927984270732247,0.055752287948346496,-0.29365021138951247
ROS1-12-0000,2024-08-03,0.20625109634680014,0.1618869862638205,-0.36992096400944424
ROS1-01-0003,2024-08-03,0.1805160297101049,0.10384234256644882,-0.30095552679484094
ROS1-18-0029,2024-08-03,0.20478158018540776,0.13363331219001542,-0.2842911190050345
ROS1-07-0011,2024-08-03,0.17726948020074465,0.09710513455102499,-0.287104290464059
ROS1-12-0004,2024-08-03,0.19801750531057624,0.12489473008693983,-0.33509693474007346
ROS1-18-0007,2024-08-03,0.1987343806061335,0.08267464497427529,-0.29127913081104956
ROS1-12-0000,2024-08-19,0.17826943678445092,0.10802467412454485,-0.3119338626412736
ROS1-01-0003,2024-08-19,0.17961063639283706,0.099715666971533,-0.2914549915665504
ROS1-18-0029,2024-08-19,0.20212808815996935,0.07979625968057229,-0.3179121347110687
ROS1-07-0011,2024-08-19,0.1697572715239774,0.09412658019207376,-0.2781357994848375
ROS1-12-0004,2024-08-19,0.17778661555133335,0.1014425197492745,-0.30769988747347876
ROS1-18-0007,2024-08-19,0.18747969298925732,0.08194783588962992,-0.29815193537486134
ROS1-12-0000,2024-09-04,0.1650460922610787,0.07539187439463016,-0.22363113388929484
ROS1-18-0029,2024-09-04,0.25315942709055417,0.11047517636097426,-0.27896598639455783
ROS1-12-0004,2024-09-04,0.1989661269963485,0.11512157688372593,-0.3278092846913772
ROS1-18-0007,2024-09-04,0.19719956564964367,0.08583764177828807,-0.29505334251196946
ROS1-12-0000,2024-09-20,0.18306355881480385,0.10150397887296245,-0.3180721050357467
ROS1-01-0003,2024-09-20,0.18071565746780424,0.08909438240360641,-0.29411316834511336
ROS1-18-0029,2024-09-20,0.1833828159955454,0.0848044749288812,-0.29636726596916313
ROS1-07-0011,2024-09-20,0.17105916558740486,0.08866821852561554,-0.28034781721627183
ROS1-12-0004,2024-09-20,0.1867239811857598,0.11715392829968074,-0.3159814806711365
ROS1-18-0007,2024-09-20,0.18137942223158235,0.07831550387203995,-0.2943716210980869
ROS1-12-0000,2024-10-06,0.1775416643788506,0.09861118240625714,-0.3103610810600217
ROS1-01-0003,2024-10-06,0.17321943475585777,0.08523055981420655,-0.290093599752819
ROS1-18-0029,2024-10-06,0.17534605025413388,0.08393256189571087,-0.29162297954877997
ROS1-07-0011,2024-10-06,0.16846610402212076,0.08880164733826912,-0.2852163662108179
ROS1-12-0004,2024-10-06,0.17866419383949247,0.10354798902953906,-0.3114882881843427
ROS1-18-0007,2024-10-06,0.18869248235629968,0.07976449290712918,-0.3005969855905851
ROS1-18-0007,2024-10-22,0.2714172217290257,0.0482505306520213,-0.3424241109758118
ROS1-22-0011,2024-04-04,0.5903291087307029,0.32295752759278434,-0.642716752691023
ROS1-22-0016,2024-05-06,0.5061266880949167,0.24572893751663935,-0.49411084323662313
ROS1-22-0011,2024-05-06,0.8277645055789343,0.590969384143111,-0.7685006718036076
ROS1-22-0011,2024-05-22,0.8972425909582059,0.5199045255720054,-0.7948125721776584
ROS1-29-0006,2024-06-23,0.6697705163184708,0.4055929774667899,-0.6057602612578304
ROS1-29-0006,2024-07-25,0.7488241475990982,0.49615422108376345,-0.6988615532215529
ROS1-22-0011,2024-07-25,0.2879195836450801,0.19578148631723002,-0.4464387924935941
ROS1-29-0006,2024-08-26,0.5764839884412188,0.33104486174481706,-0.6115048954291366
ROS1-22-0011,2024-08-26,0.23919886623453962,0.1136652484433459,-0.3383314148069491
ROS1-29-0006,2024-09-11,0.4691159679206728,0.2278552206609548,-0.5382302750374288
ROS1-29-0006,2024-09-27,0.2770473018440309,0.15886562406381358,-0.39233565351827354
ROS1-22-0011,2024-09-27,0.20834401576598416,0.08368861112127571,-0.32908565836909437
ROS1-15-0009,2024-04-04,0.2357154293235624,0.1199796675279239,-0.35397255444451653
ROS1-22-0016,2024-04-04,0.29280780381404353,0.1121367013105502,-0.36966588158779956
ROS1-15-0016,2024-04-04,0.21448928659404098,0.09955321273108957,-0.3429460338009206
ROS1-22-0011,2024-04-04,0.5910950074754433,0.32341944842594905,-0.6434253619558902
ROS1-15-0014,2024-04-04,0.35608714347998904,0.2005823703941668,-0.4367899964377602
ROS1-22-0016,2024-04-20,0.4755392935739966,0.2615421147534699,-0.4664111402418502
ROS1-15-0009,2024-05-06,0.2748589158231339,0.11389719051560768,-0.35685042986545346
ROS1-22-0016,2024-05-06,0.5061005226845966,0.24546957835134617,-0.49665314216426076
ROS1-15-0016,2024-05-06,0.2955492653605232,0.1560566192634226,-0.3862260887326747
ROS1-22-0011,2024-05-06,0.827895602096947,0.5914552015177769,-0.7685089695766778
ROS1-15-0009,2024-05-22,0.3226095341861285,0.1846704655227068,-0.36110230096943347
ROS1-15-0016,2024-05-22,0.20454267054710362,0.23345528158939644,-0.20766856754012092
ROS1-22-0011,2024-05-22,0.9050410909063965,0.46860041322040136,-0.7994721064969612
ROS1-15-0009,2024-06-07,0.5184849021784331,0.1343865051598234,-0.5682824184538379
ROS1-22-0016,2024-06-07,0.4666297864639994,0.281832047847164,-0.4926081670648246
ROS1-15-0016,2024-06-07,0.2618066373513694,0.12713024794084804,-0.35041310105412
ROS1-15-0014,2024-06-07,0.4117432788622721,0.28825237229914347,-0.5102108958716735
ROS1-15-0016,2024-07-09,0.26999730567476854,0.1284024577182848,-0.35821449180889653
ROS1-15-0014,2024-07-09,0.3241584725566679,0.23266884071708785,-0.45181321759251636
ROS1-15-0009,2024-07-25,0.3066091542288389,0.11874008052642872,-0.3839844873623148
ROS1-22-0016,2024-07-25,0.21265083375725416,0.06995740373598158,-0.29958357555078746
ROS1-22-0011,2024-07-25,0.288157890593224,0.19636202849164902,-0.4458174560098756
ROS1-15-0009,2024-08-10,0.26419061796999854,0.1476207112867762,-0.3434287902911835
ROS1-22-0016,2024-08-10,0.260139123911955,0.16197585443599508,-0.3189320171799869
ROS1-15-0016,2024-08-10,0.610492143986631,0.41219766937160235,-0.5716982201275694
ROS1-15-0009,2024-08-26,0.248320770547148,0.12820158153652433,-0.3225756710228984
ROS1-22-0016,2024-08-26,0.21335157072291838,0.08972633788758967,-0.2761002273992972
ROS1-15-0016,2024-08-26,0.6115751364901993,0.38612249378382496,-0.5801462435772164
ROS1-22-0011,2024-08-26,0.23905718092533193,0.11343261304251823,-0.3377265582712741
ROS1-15-0014,2024-08-26,0.29124720363722056,0.18235240646715623,-0.3946083916407419
ROS1-22-0011,2024-09-11,0.2609059967859423,0.15514358657737914,-0.3301933212689629
ROS1-15-0009,2024-09-27,0.22170773903260216,0.09004684724196435,-0.3244311799626263
ROS1-21-0016,2024-09-27,0.19082651479166543,0.07676433350124842,-0.30500163848607953
ROS1-22-0016,2024-09-27,0.19396948896582353,0.07411218816509402,-0.2998579455825936
ROS1-15-0016,2024-09-27,0.3512343792820897,0.17683372019690516,-0.45311059893789085
ROS1-22-0011,2024-09-27,0.20854521010160373,0.08390254403317418,-0.3295222807708616
ROS1-15-0014,2024-09-27,0.21061400807919886,0.14063392749801593,-0.3584722476849786
ROS1-15-0009,2024-10-29,0.25310253173800795,0.11581179414530848,-0.31962866997840195
ROS1-01-0015,2024-04-04,0.5719982038292617,0.321593850321539,-0.5568461070534799
ROS1-02-0005,2024-04-04,0.441560827796423,0.22231217857393618,-0.4620583106374522
ROS1-07-0045,2024-04-04,0.6799209737911593,0.3349867860073058,-0.6399716343180759
ROS1-08-0010,2024-04-04,0.24388360721202323,0.0766285110369604,-0.35512686067473026
ROS1-01-0003,2024-04-04,0.5345294116152023,0.27656869669826306,-0.5181456994743704
ROS1-07-0012,2024-04-04,0.5516418181858266,0.30591483188006996,-0.5668059183660756
ROS1-07-0011,2024-04-04,0.3461308936388749,0.1331459355901588,-0.3956970185012622
ROS1-01-0003,2024-04-20,0.6312743599231168,0.3771052073966774,-0.5734024987294517
ROS1-07-0011,2024-04-20,0.47363872223569387,0.217274135493094,-0.4709079106703027
ROS1-01-0015,2024-05-06,0.7313510094597959,0.45540143878929523,-0.6706235368975697
ROS1-02-0005,2024-05-06,0.625053422755245,0.34165219300145994,-0.5955516413143324
ROS1-07-0045,2024-05-06,0.8741990999325322,0.5908187535794849,-0.8077181303718005
ROS1-08-0010,2024-05-06,0.5542613214010713,0.29861505375073644,-0.5094006172521728
ROS1-01-0003,2024-05-06,0.620376485731406,0.35462568894551966,-0.5963370814360817
ROS1-07-0012,2024-05-06,0.8284257863802864,0.5650324537697808,-0.7694293006473699
ROS1-07-0011,2024-05-06,0.5411373711115489,0.29211007831474994,-0.5327246845062628
ROS1-01-0015,2024-05-22,0.6829695198184919,0.43120772688360914,-0.6413770503094947
ROS1-02-0005,2024-05-22,0.5995604802157151,0.3390818823841156,-0.5884262725265674
ROS1-07-0045,2024-05-22,0.8787161394734968,0.5886022791241431,-0.8174581081324543
ROS1-01-0003,2024-05-22,0.5978188161676341,0.35277046827601793,-0.5917914095817335
ROS1-07-0012,2024-05-22,0.8196231633910775,0.5655101206212191,-0.7635441675729411
ROS1-07-0011,2024-05-22,0.6484957020245344,0.343198870346919,-0.6179418791452249
ROS1-01-0015,2024-06-07,0.4549616336177844,0.29919254760296654,-0.5252458554132788
ROS1-02-0005,2024-06-07,0.3745134086640124,0.21511823162472996,-0.48527857667991003
ROS1-07-0045,2024-06-07,0.6374895207110335,0.39458814326811986,-0.6639177220415531
ROS1-08-0010,2024-06-07,0.6035084963528602,0.3598412577557006,-0.5954206420029232
ROS1-01-0003,2024-06-07,0.3844340323262748,0.2147075536516744,-0.48279946532107737
ROS1-07-0012,2024-06-07,0.7028224590225568,0.45683924135136167,-0.6984495330108411
ROS1-07-0011,2024-06-07,0.7263135642470465,0.423850031837448,-0.6896690155097123
ROS1-01-0015,2024-06-23,0.3454383023717283,0.19631098321520274,-0.4776223017461862
ROS1-02-0005,2024-06-23,0.2968157377651745,0.16993424054976672,-0.44745109476518885
ROS1-07-0045,2024-06-23,0.32891670235841364,0.17349675230190753,-0.5005161004432898
ROS1-08-0010,2024-06-23,0.5448684887641105,0.3778380509908091,-0.5621454444103056
ROS1-01-0003,2024-06-23,0.2497961335448341,0.19016832603530354,-0.3883546553337921
ROS1-07-0012,2024-06-23,0.39606438466266136,0.21651297475983955,-0.5418688724661641
ROS1-07-0011,2024-06-23,0.41109108002738787,0.21355684177864648,-0.5072851696235261
ROS1-01-0015,2024-07-09,0.23708935610593943,0.1828747682670391,-0.39536577464938477
ROS1-02-0005,2024-07-09,0.2080373164839176,0.15727934788550627,-0.3560084079275017
ROS1-07-0045,2024-07-09,0.17623949927580077,0.101816938530906,-0.3016207262771608
ROS1-08-0010,2024-07-09,0.3772126555249642,0.23972894723099886,-0.4613570303140676
ROS1-01-0003,2024-07-09,0.21989440863425888,0.15076928760567065,-0.37773248725453124
ROS1-07-0012,2024-07-09,0.22449873347085714,0.15289872309511182,-0.35991125903149057
ROS1-07-0011,2024-07-09,0.18723325353232909,0.10390669044477256,-0.30973738687940766
ROS1-01-0015,2024-07-25,0.19059202200983544,0.1211602774546254,-0.31049847090216504
ROS1-02-0005,2024-07-25,0.20703988903444948,0.14744411350585593,-0.3562570157263117
ROS1-07-0045,2024-07-25,0.16369507375080267,0.09528302492888129,-0.29639005813305086
ROS1-07-0012,2024-07-25,0.21946246210420092,0.15331055044101766,-0.3656674842625238
ROS1-07-0011,2024-07-25,0.1962572091791796,0.08793977099437923,-0.31429791559840686
ROS1-01-0015,2024-08-10,0.19917308018867816,0.12478556383477142,-0.3124022746113894
ROS1-07-0045,2024-08-10,0.17707633566320605,0.09730110457885528,-0.30078543379496114
ROS1-01-0003,2024-08-10,0.22516462269332724,0.12740639417321328,-0.3212541180675526
ROS1-07-0012,2024-08-10,0.23191274351739316,0.14726266286548823,-0.3822472338643497
ROS1-01-0015,2024-08-26,0.19836601153131253,0.10466811452975419,-0.30379397237265965
ROS1-02-0005,2024-08-26,0.21412377272246874,0.11559955781614163,-0.31455838227543975
ROS1-07-0045,2024-08-26,0.16938809708789268,0.08427779196979371,-0.2852925923734034
ROS1-08-0010,2024-08-26,0.2426882616665227,0.1195119215972599,-0.3349620217739961
ROS1-01-0003,2024-08-26,0.1821751629068819,0.09091808797688973,-0.2933660321445049
ROS1-07-0012,2024-08-26,0.20299528491119037,0.13571234351672423,-0.33893849408999904
ROS1-07-0011,2024-08-26,0.1722487231215875,0.09112309179216642,-0.28005792565860105
ROS1-07-0045,2024-09-11,0.19040393908969871,0.09594841421736157,-0.30160852731080745
ROS1-01-0003,2024-09-11,0.19785397213330105,0.0970616156312295,-0.3059507176791746
ROS1-07-0012,2024-09-11,0.20648757738629214,0.12071885395778194,-0.32170033122716596
ROS1-07-0011,2024-09-11,0.18360544959988845,0.09222103964898856,-0.2935628687395692
ROS1-01-0015,2024-09-27,0.2367420822567506,0.14618894735481558,-0.3229976161626124
ROS1-02-0005,2024-09-27,0.2412410411288714,0.12816980678102435,-0.3371913741482354
ROS1-07-0045,2024-09-27,0.16365458198778604,0.08822065674173978,-0.28433855997672886
ROS1-08-0010,2024-09-27,0.21448247137929854,0.10189527084656923,-0.32041319731910944
ROS1-01-0003,2024-09-27,0.17686215589607818,0.08350562406948762,-0.2914015380888614
ROS1-07-0012,2024-09-27,0.2103376145925787,0.11690569541972765,-0.3255528926168466
ROS1-07-0011,2024-09-27,0.16830812083111657,0.08557048515764905,-0.2809113318301096
ROS1-08-0010,2024-10-29,0.23486140849548856,0.12556841099754548,-0.30649120559507875
ROS1-01-0003,2024-04-04,0.5361084229802309,0.2774568212851019,-0.5216857711294064
ROS1-01-0003,2024-04-20,0.6313553086619413,0.37685588524510566,-0.5741431380376283
ROS1-01-0003,2024-05-06,0.6207699426093882,0.35455685255064645,-0.596862213489804
ROS1-01-0003,2024-05-22,0.5990974550819411,0.3528821254289023,-0.5939115641128624
ROS1-01-0003,2024-06-07,0.3831708019766815,0.21619619587724553,-0.48032247945525114
ROS1-01-0003,2024-06-23,0.2501579553579535,0.19244944110742945,-0.38704524838702253
ROS1-01-0003,2024-07-09,0.21930716724388813,0.14989057721813465,-0.3781551193566253
ROS1-01-0003,2024-08-10,0.15531813077452944,0.11896262580419782,-0.25162629426254607
ROS1-01-0003,2024-08-26,0.18303330261543815,0.09109720992353641,-0.29327338544164516
ROS1-01-0003,2024-09-11,0.19870688284287158,0.09732844218394578,-0.30592549351657106
ROS1-01-0003,2024-09-27,0.17722058060541596,0.08355488158800409,-0.29167535790528726
ROS1-49-0004,2024-04-16,0.5374710381847887,0.3805390846593406,-0.5568612745857856
ROS1-43-0019,2024-04-16,0.34338424350602353,0.2156385144659472,-0.40973784227193233
ROS1-49-0007,2024-04-16,0.2829632676997656,0.16376049581969104,-0.3854510706320994
ROS1-49-0004,2024-05-02,0.6253863496842946,0.4530926564980056,-0.6216198274202429
ROS1-43-0019,2024-05-02,0.21688982011533708,0.12180081291304443,-0.35008489354031397
ROS1-49-0007,2024-05-02,0.30561566708456994,0.17640751163719337,-0.4049659738668508
ROS1-49-0004,2024-05-18,0.62866954605751,0.5112896325264809,-0.6319180586673068
ROS1-49-0007,2024-05-18,0.21165665078906054,0.12694450489742423,-0.34847700407479787
ROS1-49-0004,2024-06-03,0.4991564482568686,0.3346731835172771,-0.5624169892135317
ROS1-43-0019,2024-06-03,0.20106205517825276,0.12077485362907976,-0.34172152864313804
ROS1-49-0007,2024-06-03,0.2025351582291098,0.11963262269905316,-0.35423195425968995
ROS1-49-0004,2024-06-19,0.28159289200703697,0.19229516757902027,-0.4397658403733081
ROS1-43-0019,2024-06-19,0.18545469073561952,0.1156949052950512,-0.330592822860395
ROS1-49-0007,2024-06-19,0.1813243631009427,0.12412191810162108,-0.3268661709175768
ROS1-49-0004,2024-07-05,0.20952904490101742,0.16127687006305222,-0.36428963299745937
ROS1-43-0019,2024-07-05,0.16886198703317282,0.11073763403492483,-0.31023188757493636
ROS1-49-0007,2024-07-05,0.1826675449542109,0.1076600055967879,-0.3291185955326173
ROS1-49-0004,2024-07-21,0.19464395043829552,0.15049333312474023,-0.35357682555493564
ROS1-43-0019,2024-07-21,0.17005647877152133,0.10678183372883678,-0.3116121461593082
ROS1-49-0007,2024-07-21,0.17442973261174716,0.10337003504473348,-0.3237957077851091
ROS1-49-0004,2024-08-06,0.1896876011626381,0.14668658492361406,-0.34067079709752424
ROS1-49-0007,2024-08-06,0.17550728780645564,0.09804490374172067,-0.316868184283354
ROS1-49-0004,2024-08-22,0.17188014941366253,0.13077346437000473,-0.3153053554912811
ROS1-49-0007,2024-08-22,0.171672377067079,0.1023450504693796,-0.31617252759664477
ROS1-49-0004,2024-09-07,0.16454264777639122,0.11010065426276071,-0.3173574574897032
ROS1-43-0019,2024-09-07,0.15535848068352998,0.09992744675289694,-0.2971297431729058
ROS1-49-0007,2024-09-07,0.16985319121182896,0.10254323772767462,-0.3230964055091082
ROS1-49-0007,2024-09-23,0.16806557370916447,0.11570360709964209,-0.30275308023753067
ROS1-43-0019,2024-10-09,0.18389496239845166,0.11403824936196813,-0.32012106325796025
ROS1-49-0007,2024-10-09,0.18960385060524057,0.10349342981540227,-0.32877858771415264
ROS1-49-0004,2024-10-25,0.15264915798252546,0.09222809101559232,-0.2939666766364679
ROS1-43-0019,2024-10-25,0.14378897435201948,0.09055971592366589,-0.26217821243762873
ROS1-49-0007,2024-10-25,0.19793685517725593,0.09763017143582738,-0.34037631474060803
ROS1-43-0019,2024-04-16,0.34787468406802435,0.21860937664579125,-0.4138951409142812
ROS1-49-0007,2024-04-16,0.28350800974620227,0.16444772859529283,-0.3857874317568288
ROS1-42-0006,2024-05-02,0.22281872756424217,0.12371877109571847,-0.36128862495509156
ROS1-42-0008,2024-05-02,0.21199237254442302,0.11597477030383482,-0.35540088965612937
ROS1-43-0019,2024-05-02,0.21862516267364682,0.12328914143861079,-0.3514574950873628
ROS1-49-0007,2024-05-02,0.3056135697351189,0.17889399996415967,-0.40308186200621754
ROS1-42-0006,2024-05-18,0.20739000902653196,0.12457391984012064,-0.3482830239371238
ROS1-42-0008,2024-05-18,0.24962570288915792,0.1625246557448137,-0.3494206885497325
ROS1-49-0007,2024-05-18,0.21263185049415226,0.12693312851486718,-0.35043186541880333
ROS1-42-0006,2024-06-03,0.18444044013741107,0.1044329919361547,-0.3360067965028044
ROS1-42-0008,2024-06-03,0.185770684278281,0.10825240584081103,-0.33395349715794126
ROS1-43-0019,2024-06-03,0.20095859773238592,0.12113796863399193,-0.34073161964927673
ROS1-49-0007,2024-06-03,0.20245080590266754,0.11996975788654514,-0.35324034869385984
ROS1-42-0006,2024-06-19,0.18239136434683154,0.11847951789741203,-0.335632396190072
ROS1-42-0008,2024-06-19,0.1919804955658565,0.12864878446575037,-0.3401390126906585
ROS1-43-0019,2024-06-19,0.18623347713375482,0.11654708732976839,-0.3310197916867731
ROS1-49-0007,2024-06-19,0.1825706461948139,0.12488904855594762,-0.328578761302652
ROS1-42-0006,2024-07-05,0.1709230573477615,0.10018687696479187,-0.3237009074025489
ROS1-42-0008,2024-07-05,0.17895341808198628,0.10792596491845717,-0.32428285526226996
ROS1-43-0019,2024-07-05,0.17083632443128752,0.1118024043627754,-0.3133276346731059
ROS1-49-0007,2024-07-05,0.1846164007379535,0.10875087662552112,-0.33181046726283364
ROS1-42-0006,2024-07-21,0.17169011170720277,0.10107643868335321,-0.3246668091784034
ROS1-42-0008,2024-07-21,0.17300026610161676,0.10372783541361531,-0.31873123449914464
ROS1-43-0019,2024-07-21,0.1686242099800902,0.10614405045480091,-0.3100577251492412
ROS1-49-0007,2024-07-21,0.17328900837992914,0.10266372667979644,-0.3230804229685868
ROS1-49-0007,2024-08-06,0.1768821144213301,0.09885071004042663,-0.3193901926060193
ROS1-42-0006,2024-08-22,0.1606503053014851,0.0968153540090315,-0.31611541763669293
ROS1-42-0008,2024-08-22,0.16790158692561938,0.09985845214658053,-0.3153838104504929
ROS1-49-0007,2024-08-22,0.17280147563391482,0.10297735681681826,-0.3179827609734931
ROS1-42-0006,2024-09-07,0.15386601614268375,0.09199498501839216,-0.31002321868050636
ROS1-42-0008,2024-09-07,0.1660506423072822,0.09493337843380358,-0.3161286588416869
ROS1-43-0019,2024-09-07,0.15428447103091958,0.0992465371145949,-0.2964346120855173
ROS1-49-0007,2024-09-07,0.16834351720664406,0.10206150521856029,-0.3211165111863143
ROS1-42-0006,2024-09-23,0.239852978559955,0.12452700447016529,-0.5040912364815132
ROS1-43-0019,2024-09-23,0.1356143549568716,0.10197294249590408,-0.24890666114909143
ROS1-49-0007,2024-09-23,0.16645640960331795,0.1150038999584926,-0.3011609073885517
ROS1-42-0006,2024-10-09,0.1821765214627406,0.10234310412246779,-0.3297596371594351
ROS1-42-0008,2024-10-09,0.17921746659916918,0.10739238980164831,-0.3229587386175738
ROS1-43-0019,2024-10-09,0.18876407930954794,0.1151226417652245,-0.31937088773844086
ROS1-49-0007,2024-10-09,0.1916024016496631,0.10452664508747853,-0.33140082459048326
ROS1-42-0006,2024-10-25,0.18513570787822106,0.09144490747930456,-0.3348641787462623
ROS1-42-0008,2024-10-25,0.1836457890335408,0.09941060116163848,-0.3329332344707169
ROS1-43-0019,2024-10-25,0.15200709709199423,0.09194533039976688,-0.27891391071760996
ROS1-49-0007,2024-10-25,0.20211960877938198,0.09975963138154857,-0.34650783503607596
ROS1-31-0009,2024-04-07,0.20269921313747735,0.09974620042912921,-0.3258597685633446
ROS1-37-0049,2024-04-07,0.37338373034573613,0.23783697508843202,-0.4421645814386437
ROS1-42-0006,2024-04-07,0.1937507515736587,0.09410917879013979,-0.34964926324892853
ROS1-49-0004,2024-04-07,0.4294254939820549,0.2551538209084655,-0.49062595249539404
ROS1-31-0024,2024-04-07,0.20346689966662937,0.09500535303243589,-0.3133694837752406
ROS1-37-0025,2024-04-07,0.21296951181366008,0.10506712204288426,-0.34111472099353957
ROS1-38-0002,2024-04-07,0.19118225022317184,0.10030722941778555,-0.32163583937334084
ROS1-42-0008,2024-04-07,0.20229903302548702,0.09895293581408221,-0.3477136767252271
ROS1-43-0019,2024-04-07,0.28616866122721996,0.17889670372348268,-0.3784655454698253
ROS1-49-0007,2024-04-07,0.23079079539421174,0.1271061939417579,-0.3602574905338835
ROS1-25-0016,2024-04-07,0.29856577428629455,0.14779249868604724,-0.3548377592351343
ROS1-30-0006,2024-04-07,0.31986864899762824,0.15467128187187593,-0.40166093281107146
ROS1-31-0038,2024-04-07,0.20677859793823491,0.09856035263432467,-0.3246916177854101
ROS1-31-0009,2024-04-23,0.21623361630817708,0.10078429685396538,-0.3393914310412908
ROS1-37-0049,2024-04-23,0.601815511573375,0.4313029540677738,-0.5987663208497062
ROS1-42-0006,2024-04-23,0.20090819144831423,0.10224694168693702,-0.3610277111413178
ROS1-49-0004,2024-04-23,0.5808083338621892,0.3939629286891489,-0.6021240536533842
ROS1-31-0024,2024-04-23,0.23367908031032883,0.1223256562304801,-0.3414660209923085
ROS1-37-0025,2024-04-23,0.22724496827715135,0.11035095929421447,-0.3581260182787413
ROS1-38-0002,2024-04-23,0.20913964266538893,0.10285912777927748,-0.34137332801582254
ROS1-42-0008,2024-04-23,0.1956866941608107,0.10034622241284545,-0.3495529583659397
ROS1-43-0019,2024-04-23,0.22241458476151404,0.11420070736368179,-0.3645495972740802
ROS1-49-0007,2024-04-23,0.2959745265491265,0.1642594216432592,-0.4049725154649266
ROS1-31-0038,2024-04-23,0.21735785561595525,0.10457276302124115,-0.3455169739672567
ROS1-37-0049,2024-05-09,0.3803123797231391,0.26361433607014756,-0.49939856195892696
ROS1-42-0006,2024-05-09,0.20419315891450832,0.10084912512274366,-0.36499070624188057
ROS1-49-0004,2024-05-09,0.612377621716129,0.42092341213072954,-0.6283003025345129
ROS1-31-0024,2024-05-09,0.23034951571529813,0.11833512573838052,-0.3352593628580096
ROS1-37-0025,2024-05-09,0.22858433839037817,0.1224407830395414,-0.35905648512448274
ROS1-38-0002,2024-05-09,0.20832694089749268,0.10426874148801157,-0.3376891053900946
ROS1-42-0008,2024-05-09,0.19617984785484807,0.10221932248784434,-0.34852135773459225
ROS1-43-0019,2024-05-09,0.20242958499971606,0.10797764771295709,-0.34513129471333587
ROS1-49-0007,2024-05-09,0.26231289634207616,0.13715061483409852,-0.3966581290558423
ROS1-31-0038,2024-05-09,0.2271545692449855,0.11683604632918022,-0.34832425234524284
ROS1-31-0009,2024-05-25,0.19879823111896455,0.10224444800782617,-0.3254553848410616
ROS1-37-0049,2024-05-25,0.3173782383321448,0.22213094254773252,-0.45584614203042007
ROS1-49-0004,2024-05-25,0.6105411550316853,0.4206476832262207,-0.6278625848072993
ROS1-31-0024,2024-05-25,0.20271927974044843,0.10912182223342834,-0.3246981404610071
ROS1-37-0025,2024-05-25,0.21064382861539066,0.11356765293126929,-0.3441707851521651
ROS1-38-0002,2024-05-25,0.2049309140392268,0.10576431516684533,-0.34062349811184073
ROS1-43-0019,2024-05-25,0.19918276976060134,0.11088274772284064,-0.3386514281185814
ROS1-49-0007,2024-05-25,0.20236884929525922,0.10448962270441368,-0.3576573915656431
ROS1-31-0038,2024-05-25,0.2018326783692688,0.10674700374140535,-0.3294831239687481
ROS1-31-0009,2024-06-10,0.20766317848309393,0.11546660650769214,-0.33508922420590687
ROS1-31-0024,2024-06-10,0.20719839279793173,0.12152082489273039,-0.3263443026665828
ROS1-49-0007,2024-06-10,0.20106276839810877,0.1616205953288082,-0.2984352575972449
ROS1-25-0016,2024-06-10,0.384915848773242,0.22162256460429675,-0.47072550036770444
ROS1-42-0006,2024-06-26,0.18118220149019115,0.10246170602673624,-0.3416623372612879
ROS1-31-0024,2024-06-26,0.19822333358544283,0.0769013398451332,-0.3093914131068669
ROS1-38-0002,2024-06-26,0.20892589542298698,0.1375306855896808,-0.34174843494845575
ROS1-42-0008,2024-06-26,0.1877133807248491,0.10843335611157462,-0.3351921547609915
ROS1-43-0019,2024-06-26,0.1876253273726176,0.12718345760472569,-0.3316759878921673
ROS1-31-0038,2024-06-26,0.23644518645113757,0.15593402815311044,-0.36574638207589005
ROS1-31-0009,2024-07-12,0.17886372700455078,0.09441370279378364,-0.3113383647662827
ROS1-37-0049,2024-07-12,0.19155056074865792,0.13872092627029062,-0.3366728126226405
ROS1-42-0006,2024-07-12,0.16949610219196815,0.09351035115035708,-0.3261489778260485
ROS1-49-0004,2024-07-12,0.20128602207744062,0.1504056389814267,-0.36102230616913744
ROS1-31-0024,2024-07-12,0.17582229135130828,0.09350989238459839,-0.3032005529721711
ROS1-37-0025,2024-07-12,0.18516129201847598,0.10398422522472099,-0.3155738956369668
ROS1-38-0002,2024-07-12,0.18190052648140292,0.09668016639070892,-0.3163546065476203
ROS1-42-0008,2024-07-12,0.1794802874115856,0.10293943622380641,-0.325180091305096
ROS1-43-0019,2024-07-12,0.1794353132698805,0.10529670833204452,-0.3209433016588965
ROS1-49-0007,2024-07-12,0.18372017040116614,0.10065945047070594,-0.33682033941916145
ROS1-31-0038,2024-07-12,0.17886527919030235,0.0945045015272659,-0.31274502022259226
ROS1-37-0049,2024-07-28,0.18619887213555983,0.13669458904508724,-0.32668459351879353
ROS1-31-0038,2024-07-28,0.15021051242225167,0.06820158269413601,-0.23484973682896362
ROS1-31-0009,2024-08-13,0.1834764720540596,0.10321516882552527,-0.31572183748673716
ROS1-37-0049,2024-08-13,0.18009527494284033,0.1109727870440149,-0.3188686826658524
ROS1-42-0006,2024-08-13,0.16553262106524538,0.09358354773156599,-0.326072060175715
ROS1-49-0004,2024-08-13,0.1642549857541035,0.12959129691070437,-0.3010079711824295
ROS1-31-0024,2024-08-13,0.1839691632486164,0.09498167142643935,-0.30653304210146015
ROS1-37-0025,2024-08-13,0.18595799267029173,0.0976364846845308,-0.31686291666137634
ROS1-38-0002,2024-08-13,0.18902931674644646,0.11604814653320061,-0.3243836902097849
ROS1-42-0008,2024-08-13,0.17299782077425357,0.0967686924577045,-0.3251266075887702
ROS1-43-0019,2024-08-13,0.17077502047376694,0.10477461979636753,-0.31813946905164453
ROS1-49-0007,2024-08-13,0.18149587142106466,0.10445362455504267,-0.34005503142821947
ROS1-31-0038,2024-08-13,0.18396400221699802,0.10882861506925703,-0.3209208181038003
ROS1-37-0049,2024-08-29,0.17201190490326432,0.11114451818302755,-0.3009455768363683
ROS1-42-0006,2024-08-29,0.15299919027912237,0.07786771262973526,-0.30147191214143737
ROS1-49-0004,2024-08-29,0.17106198990309981,0.12455424841396927,-0.32048129000832254
ROS1-42-0008,2024-08-29,0.1695373757477435,0.11415699829026807,-0.30567391554803247
ROS1-43-0019,2024-08-29,0.15803808062862565,0.09659932110969081,-0.29591205291067335
ROS1-49-0007,2024-08-29,0.1734130762410518,0.10064819487656058,-0.32282604082262356
ROS1-31-0009,2024-09-14,0.16903635734330064,0.0872708037560157,-0.2971104522686173
ROS1-37-0049,2024-09-14,0.1635459329507907,0.09427628541300678,-0.29663636178589764
ROS1-42-0006,2024-09-14,0.15258714062101647,0.08633049769053971,-0.3058530976017568
ROS1-49-0004,2024-09-14,0.16220233703231407,0.10653870149406626,-0.311555626310874
ROS1-31-0024,2024-09-14,0.1757020290683764,0.08739448102401758,-0.29863127816444934
ROS1-37-0025,2024-09-14,0.17787371253214437,0.0910931404753754,-0.3015086511136585
ROS1-38-0002,2024-09-14,0.18750299179826677,0.0970574187662214,-0.31408464765106703
ROS1-42-0008,2024-09-14,0.16551053603342245,0.08906403137327587,-0.30804640950586415
ROS1-43-0019,2024-09-14,0.15180963646427142,0.09176873683238108,-0.2890329996534388
ROS1-49-0007,2024-09-14,0.1709896269427329,0.10017245344701627,-0.3156613531499315
ROS1-31-0038,2024-09-14,0.16833872364276806,0.09820510866204367,-0.30295640452710415
ROS1-31-0009,2024-09-30,0.14370090012406045,0.10664215322887642,-0.2704318740326736
ROS1-37-0049,2024-09-30,0.1557972172987509,0.0966273028217737,-0.28482091661714987
ROS1-42-0006,2024-09-30,0.15117290687327015,0.08756788670455538,-0.28975511865886133
ROS1-49-0004,2024-09-30,0.15016285674789795,0.10313851250186208,-0.294379203994486
ROS1-31-0024,2024-09-30,0.15597475007296793,0.08819952178743994,-0.27881266933616
ROS1-37-0025,2024-09-30,0.14776478094568837,0.08920534825177831,-0.2705301817908369
ROS1-38-0002,2024-09-30,0.14694358238637148,0.10773094659740416,-0.2765060399649518
ROS1-42-0008,2024-09-30,0.15235283511697123,0.08963182410637827,-0.2859097557575024
ROS1-43-0019,2024-09-30,0.13815394828489827,0.08797370316947122,-0.26505889729303533
ROS1-49-0007,2024-09-30,0.1644619292052929,0.10061856678382018,-0.3008087290230538
ROS1-31-0038,2024-09-30,0.1487316312194442,0.10871173259974733,-0.272903738514909
ROS1-30-0009,2024-04-07,0.6765445953357829,0.44024550683071884,-0.6412688909459751
ROS1-42-0006,2024-04-07,0.19397273354511343,0.09412089855262243,-0.3497329531574063
ROS1-24-0026,2024-04-07,0.22734490364230658,0.11258972831105157,-0.32493154093331933
ROS1-30-0001,2024-04-07,0.38459880440050415,0.1849596450685918,-0.45738601777387683
ROS1-36-0022,2024-04-07,0.1954824141342019,0.11338749037770297,-0.3363340089869118
ROS1-37-0025,2024-04-07,0.21317468983973722,0.10508269393579238,-0.34113124828695807
ROS1-42-0008,2024-04-07,0.2024559621893827,0.09895372206530056,-0.34767170339239456
ROS1-25-0016,2024-04-07,0.2977132794038514,0.14736254796329226,-0.3536538513030293
ROS1-30-0006,2024-04-07,0.31709238186015726,0.15480704074516427,-0.39743527126204087
ROS1-30-0009,2024-04-23,0.8014675225659751,0.6142014508006484,-0.7412940735860103
ROS1-42-0006,2024-04-23,0.20221917368880882,0.10279327822454369,-0.36338314910874675
ROS1-24-0026,2024-04-23,0.2702414370703125,0.15297283734169378,-0.35250415318281486
ROS1-36-0022,2024-04-23,0.22097484657463853,0.10461842514376411,-0.3672820302083695
ROS1-37-0025,2024-04-23,0.22879407601524374,0.11086499686847674,-0.36089056029241123
ROS1-42-0008,2024-04-23,0.1970480444898672,0.10092813732403329,-0.3518754194041373
ROS1-30-0006,2024-04-23,0.3684187880576809,0.2064583985987154,-0.4358540276489954
ROS1-30-0009,2024-05-09,0.839770781606653,0.6035244494093568,-0.7678400581948394
ROS1-42-0006,2024-05-09,0.2058619982593794,0.10143309056784647,-0.36886505661109836
ROS1-24-0026,2024-05-09,0.3217058257268567,0.19299749704414465,-0.3968168425093455
ROS1-30-0001,2024-05-09,0.5143713981341677,0.30328545918198024,-0.5472143086020436
ROS1-36-0022,2024-05-09,0.2508954410489305,0.1410485642594275,-0.3636214425743696
ROS1-37-0025,2024-05-09,0.2301847897672528,0.12302688578455609,-0.362721096969328
ROS1-42-0008,2024-05-09,0.19788157288431646,0.10288796525572165,-0.35236034754865
ROS1-30-0006,2024-05-09,0.2759152854453828,0.1472285320175843,-0.37167188009115626
ROS1-30-0009,2024-05-25,0.8703423985855488,0.68911142600475,-0.7902815521657655
ROS1-24-0026,2024-05-25,0.29076783161261743,0.1650573808377493,-0.3773980789214516
ROS1-30-0001,2024-05-25,0.29640171434226587,0.15505184705146383,-0.4003083428200141
ROS1-36-0022,2024-05-25,0.22435983265414453,0.12356594779061221,-0.35728981063741794
ROS1-37-0025,2024-05-25,0.2144138957357449,0.11506978428370428,-0.35206662460773636
ROS1-42-0008,2024-05-25,0.1905769367860148,0.08183323311362749,-0.3359797289512085
ROS1-30-0006,2024-05-25,0.35083988934609833,0.20622360782983545,-0.4311768122226943
ROS1-42-0006,2024-06-26,0.1814801313205024,0.10245772264514204,-0.3423151889850848
ROS1-24-0026,2024-06-26,0.21201267898142326,0.10724553876916341,-0.3044411684731471
ROS1-30-0001,2024-06-26,0.21331716144465274,0.06550496900171934,-0.32196803109901273
ROS1-36-0022,2024-06-26,0.19659909220784275,0.11152097032854817,-0.34329513418555324
ROS1-42-0008,2024-06-26,0.18799571372615154,0.10851916346859469,-0.3355518387034498
ROS1-30-0009,2024-07-12,0.23558513205990586,0.16480720034342675,-0.38202199486904526
ROS1-42-0006,2024-07-12,0.1681477812843447,0.09285325177532769,-0.32484496467764773
ROS1-24-0026,2024-07-12,0.1982167654395634,0.13283460643829087,-0.3137740111877089
ROS1-30-0001,2024-07-12,0.2192431069429717,0.12129910108850014,-0.3417048600852477
ROS1-36-0022,2024-07-12,0.19223477799005703,0.11969416926377424,-0.33655254572273824
ROS1-37-0025,2024-07-12,0.18354379511797908,0.10320968928118851,-0.313927657550682
ROS1-42-0008,2024-07-12,0.17837044727894177,0.10219192472162741,-0.32457717280945575
ROS1-30-0006,2024-07-12,0.18665560219848581,0.10804865023237964,-0.3090595131340024
ROS1-30-0009,2024-07-28,0.19867240146287404,0.10233304450116557,-0.3052978914300422
ROS1-24-0026,2024-07-28,0.21676771618130827,0.12966444750687703,-0.3259602745209861
ROS1-30-0009,2024-08-13,0.19512448738210597,0.10709350106311943,-0.31376540134190073
ROS1-42-0006,2024-08-13,0.1666260748402424,0.0940753434300797,-0.3279975744277252
ROS1-24-0026,2024-08-13,0.18991508158905585,0.12381438813946025,-0.307117813108884
ROS1-30-0001,2024-08-13,0.2293911930627368,0.11638538218872646,-0.3466381870074179
ROS1-36-0022,2024-08-13,0.19212662848093565,0.09818030947877854,-0.3344436536822581
ROS1-37-0025,2024-08-13,0.18685211905425425,0.09799104934419595,-0.3186112471415383
ROS1-42-0008,2024-08-13,0.17407919375020636,0.0972472310948078,-0.3270363007304708
ROS1-30-0006,2024-08-13,0.19289409029580276,0.10838637300019731,-0.3189128123277223
ROS1-30-0009,2024-08-29,0.19207618056069273,0.09519001671700558,-0.2946633112962557
ROS1-42-0006,2024-08-29,0.15340096637356226,0.07810445536835767,-0.3028503278973273
ROS1-30-0001,2024-08-29,0.2442726942940679,0.118608131062477,-0.35299354252505727
ROS1-42-0008,2024-08-29,0.15806240909557623,0.1116825512300585,-0.28529971184436526
ROS1-30-0006,2024-08-29,0.19452751742525853,0.10643668774581236,-0.31324280242466274
ROS1-30-0009,2024-09-14,0.18288480211208863,0.08401752584279865,-0.2939254666768511
ROS1-42-0006,2024-09-14,0.15282833905370094,0.08644686752579459,-0.3065465803075562
ROS1-24-0026,2024-09-14,0.1977635439632434,0.10772670976238378,-0.30812309219733763
ROS1-30-0001,2024-09-14,0.20755212148099503,0.10331443734741014,-0.3265316946831085
ROS1-36-0022,2024-09-14,0.17427406889247704,0.08971398766258051,-0.30955576823750985
ROS1-37-0025,2024-09-14,0.17799300600847673,0.09121226540844085,-0.30185090704408346
ROS1-42-0008,2024-09-14,0.16553674306205807,0.08910511724631502,-0.30834554680446336
ROS1-30-0006,2024-09-14,0.1835118598503426,0.09020952138896027,-0.30056279507573397
ROS1-30-0009,2024-09-30,0.16901999708734666,0.08285821271704656,-0.28097857813809524
ROS1-42-0006,2024-09-30,0.15194220441722708,0.08796880972876517,-0.2908306175893759
ROS1-24-0026,2024-09-30,0.17883658601702987,0.0979381124942251,-0.28851537477871136
ROS1-30-0001,2024-09-30,0.17804138283186718,0.09668675057646124,-0.29670818189531944
ROS1-36-0022,2024-09-30,0.14959999174756816,0.08973606452603783,-0.2775195655360721
ROS1-37-0025,2024-09-30,0.14843621231826692,0.08955170987008268,-0.2715676448731963
ROS1-42-0008,2024-09-30,0.1530711596559906,0.09000340658149719,-0.2869270989494776
ROS1-30-0006,2024-09-30,0.15638768610897977,0.0881143567842276,-0.2748076757775233
ROS1-28-0006,2024-04-14,0.5423661621536,0.29152601937466205,-0.5107122468507034
ROS1-28-0006,2024-04-30,0.6993042063556385,0.4151368848249032,-0.6197276440993982
ROS1-28-0006,2024-06-17,0.3110639437802867,0.1675174573514117,-0.4362728576086225
ROS1-28-0006,2024-07-03,0.4079632771437365,0.21156054664539906,-0.4457249691302659
ROS1-28-0006,2024-07-19,0.3705072477936218,0.2441137067591883,-0.46128059422988144
ROS1-28-0006,2024-08-04,0.3476864351423795,0.20959823289929536,-0.4425880894191087
ROS1-28-0006,2024-08-20,0.4742793077912188,0.26648060497750564,-0.5019651966758494
ROS1-28-0006,2024-09-05,0.24540097200853822,0.12307480063280936,-0.34817131656427924
ROS1-28-0006,2024-09-21,0.2229028210591349,0.10996264863875736,-0.340198537676875
ROS1-28-0006,2024-10-07,0.21076343543227355,0.10339067896293545,-0.334033766713053
ROS1-28-0006,2024-10-23,0.2552420605462187,0.09861497080635599,-0.353842641713782
ROS1-27-0006,2024-04-14,0.21143095125843264,0.10192341842040388,-0.29669919682690976
ROS1-28-0006,2024-04-14,0.5438143450366154,0.29207773813088417,-0.5121867316493145
ROS1-33-0014,2024-04-14,0.4708765922490041,0.2699472777064766,-0.47914407822989774
ROS1-26-0031,2024-04-14,0.5849874815504049,0.25118628037555574,-0.5243604844381037
ROS1-28-0017,2024-04-14,0.3814822000802019,0.18966862748482607,-0.43281930155923626
ROS1-33-0018,2024-04-14,0.21506794611713984,0.09942644694620727,-0.32656191890049746
ROS1-21-0034,2024-04-14,0.4319225523572045,0.2325248846224553,-0.45386296769865203
ROS1-27-0004,2024-04-14,0.3009108095598855,0.1907064828001601,-0.3840455650142317
ROS1-27-0006,2024-04-30,0.2563402086115665,0.12012347903616695,-0.35144294547143884
ROS1-28-0006,2024-04-30,0.6999807810079233,0.416214499112914,-0.6201500556640088
ROS1-33-0014,2024-04-30,0.6049617758367355,0.37165053767732964,-0.56394669540137
ROS1-26-0031,2024-04-30,0.789736045138176,0.5166370305955496,-0.6793070903553562
ROS1-27-0009,2024-04-30,0.6705579173930842,0.4350009562279536,-0.6077374201053776
ROS1-28-0017,2024-04-30,0.473462426842179,0.2549873396956904,-0.5085021040469091
ROS1-33-0018,2024-04-30,0.22863469796089994,0.10558990252022694,-0.37582049823468555
ROS1-21-0034,2024-04-30,0.6313249566117805,0.43339898204920807,-0.5991458843882048
ROS1-27-0004,2024-04-30,0.24538919397746914,0.11669652412989627,-0.35525634694682123
ROS1-27-0006,2024-06-01,0.5631606737377997,0.292665318577789,-0.5360039753705725
ROS1-26-0031,2024-06-01,0.6137629491504178,0.3505412114974441,-0.6061227114045394
ROS1-27-0009,2024-06-01,0.4958357369095709,0.3020394386501959,-0.5452765398969959
ROS1-21-0034,2024-06-01,0.699079315480889,0.46609305348428587,-0.6723681774150891
ROS1-27-0004,2024-06-01,0.3278684114772456,0.18516596583194458,-0.39528672173881274
ROS1-27-0006,2024-06-17,0.6976556390974475,0.4945333485971218,-0.6550130859059383
ROS1-28-0006,2024-06-17,0.3119776825160952,0.16763797277525216,-0.4374528768807614
ROS1-26-0031,2024-06-17,0.413816119575071,0.23870779506993864,-0.5209788757515008
ROS1-27-0009,2024-06-17,0.30544777658205435,0.1823779829035218,-0.46467443698776445
ROS1-28-0017,2024-06-17,0.4986272729936392,0.3117115817820495,-0.549241355876202
ROS1-21-0034,2024-06-17,0.4914600013905205,0.35169135438340826,-0.5443880425029732
ROS1-27-0004,2024-06-17,0.4907339141761,0.3325599155605291,-0.5117893823574294
ROS1-27-0006,2024-07-03,0.661323851230901,0.4403482082073466,-0.632158940892934
ROS1-28-0006,2024-07-03,0.411576811578091,0.2117697796427535,-0.44971200585819865
ROS1-33-0014,2024-07-03,0.21974701642799904,0.17530587163038922,-0.36314217915998376
ROS1-26-0031,2024-07-03,0.262750953404236,0.1465871644300912,-0.4421185105790735
ROS1-27-0009,2024-07-03,0.23078244070345708,0.15138986719769845,-0.38892372453597673
ROS1-28-0017,2024-07-03,0.554761289781495,0.40604868001952227,-0.5951762739091367
ROS1-33-0018,2024-07-03,0.21171149926392155,0.11067212778797077,-0.34921397342463834
ROS1-21-0034,2024-07-03,0.26020427267179286,0.20013424895982415,-0.38767526076479325
ROS1-27-0004,2024-07-03,0.6046720998611335,0.4439661546086686,-0.5974607316355359
ROS1-27-0006,2024-07-19,0.41828523417333574,0.22496940279581706,-0.45219076412311443
ROS1-28-0006,2024-07-19,0.37216655213367045,0.24350382374933863,-0.46379109745908237
ROS1-33-0014,2024-07-19,0.2259134279730324,0.17504662809704463,-0.369531589397714
ROS1-26-0031,2024-07-19,0.18733872254606826,0.15005426334706634,-0.34762420710425573
ROS1-27-0009,2024-07-19,0.1812670380195991,0.14114260305208898,-0.3411139610774965
ROS1-28-0017,2024-07-19,0.4178459123665339,0.29420160193472095,-0.49566266753620913
ROS1-33-0018,2024-07-19,0.22860096460816745,0.12247768078267358,-0.349197755560654
ROS1-21-0034,2024-07-19,0.18897884622455707,0.10557064174175429,-0.30450543322607276
ROS1-27-0004,2024-07-19,0.49467798384363443,0.3202538056744135,-0.5144722056399736
ROS1-27-0006,2024-08-04,0.31843873141368667,0.1606823956575577,-0.39012692999429416
ROS1-28-0006,2024-08-04,0.34844462373984225,0.2102202936390316,-0.44319324028380935
ROS1-33-0014,2024-08-04,0.2533879768366881,0.1859149636049878,-0.3895013956897318
ROS1-26-0031,2024-08-04,0.19147882778515526,0.14204899522203268,-0.3510449551521614
ROS1-27-0009,2024-08-04,0.18008622255598133,0.14980639958983044,-0.3152855162289195
ROS1-33-0018,2024-08-04,0.29792338922339456,0.1649482655649085,-0.4006471496870758
ROS1-21-0034,2024-08-04,0.21650572644044258,0.1289200933460192,-0.32650373015610074
ROS1-27-0004,2024-08-04,0.4309383623451469,0.26598348360943486,-0.46185574614039154
ROS1-27-0006,2024-08-20,0.26454455816832145,0.13396005360813032,-0.37169754659681215
ROS1-28-0006,2024-08-20,0.47518020999423766,0.2661498975247162,-0.5023464735453826
ROS1-33-0014,2024-08-20,0.2621634208185572,0.19075661602303148,-0.39159766049694633
ROS1-26-0031,2024-08-20,0.1613470372350014,0.11565012810572117,-0.31239713763864657
ROS1-27-0009,2024-08-20,0.17295988544736882,0.12633959875880602,-0.3317603861802008
ROS1-28-0017,2024-08-20,0.3531771541640224,0.17626032979480552,-0.40411691781365633
ROS1-33-0018,2024-08-20,0.3727962602898111,0.233322974181428,-0.46309154767578653
ROS1-21-0034,2024-08-20,0.18070830942253324,0.09464864310854418,-0.30479100247363744
ROS1-27-0004,2024-08-20,0.3169009790774525,0.19156956205792583,-0.398469771691928
ROS1-27-0006,2024-09-05,0.2182309877768466,0.11037258359071671,-0.3339505991631045
ROS1-28-0006,2024-09-05,0.24402825729500252,0.12289795450185413,-0.3464448579558783
ROS1-33-0014,2024-09-05,0.26744374216844413,0.19794071683356101,-0.39648290635378175
ROS1-26-0031,2024-09-05,0.1700080988928258,0.12097710975171869,-0.32270765398493173
ROS1-27-0009,2024-09-05,0.17885159491016744,0.12803413450703013,-0.3381999189843773
ROS1-28-0017,2024-09-05,0.27312550966253296,0.12604673459726978,-0.3694552678572674
ROS1-33-0018,2024-09-05,0.3977107138770921,0.25206907598354356,-0.47584873934248056
ROS1-21-0034,2024-09-05,0.19247303538640964,0.09913344421511913,-0.3119767477778822
ROS1-27-0004,2024-09-05,0.27059900824287925,0.16315382938223738,-0.3758862389544103
ROS1-27-0006,2024-09-21,0.2126578412399318,0.10082908872528973,-0.33624207007583656
ROS1-28-0006,2024-09-21,0.2224227069042728,0.11005250847663367,-0.3381816399685048
ROS1-33-0014,2024-09-21,0.2667571736011179,0.19749374989540633,-0.4094704781223927
ROS1-26-0031,2024-09-21,0.15621985924466641,0.10877910801555372,-0.3038566622657446
ROS1-27-0009,2024-09-21,0.1674905721739908,0.12324848677875314,-0.3193814639403286
ROS1-33-0018,2024-09-21,0.3101946676475147,0.17182719484549866,-0.4080435916892204
ROS1-21-0034,2024-09-21,0.19173412600594875,0.09544381644589121,-0.3118497199283493
ROS1-27-0004,2024-09-21,0.222966560671044,0.11976610737436583,-0.33022541837013936
ROS1-27-0006,2024-10-07,0.19599850761889817,0.09244465055086291,-0.31969258266905337
ROS1-28-0006,2024-10-07,0.2107376439801535,0.10355536331695869,-0.33356839102168173
ROS1-33-0014,2024-10-07,0.24741446417978463,0.18139481204983518,-0.4024164488979499
ROS1-27-0009,2024-10-07,0.17323827019553287,0.08099186172498218,-0.305733128077203
ROS1-28-0017,2024-10-07,0.23121933175296755,0.08892058036896643,-0.35902401462425865
ROS1-33-0018,2024-10-07,0.25546025497219366,0.15043385997936354,-0.3798104458231166
ROS1-21-0034,2024-10-07,0.18635110451293113,0.09788730697958285,-0.2989721198870688
ROS1-27-0004,2024-10-07,0.2077260873877731,0.10578457947863455,-0.3107212459544213
ROS1-26-0031,2024-10-23,0.14894416497985624,0.08449119928140653,-0.2762380208915636
ROS1-27-0009,2024-10-23,0.1891738187831243,0.07716500376463235,-0.31522299805380605
ROS1-33-0018,2024-10-23,0.2475115693941972,0.10838351868312261,-0.36848707646883677
ROS1-27-0004,2024-10-23,0.2568290629007784,0.13118749276495018,-0.37556461533554364
ROS1-19-0041,2024-04-14,0.7208167442792687,0.45331337515263365,-0.6644568326980229
ROS1-25-0017,2024-04-14,0.22737672245576787,0.11720025104906073,-0.3105450392600035
ROS1-31-0009,2024-04-14,0.20724853370846666,0.10164038932740466,-0.3310877905038761
ROS1-32-0018,2024-04-14,0.2414211317718278,0.11363383034266691,-0.34378503650717457
ROS1-19-0026,2024-04-14,0.39342269402443286,0.23322123775706596,-0.43484179108274046
ROS1-20-0010,2024-04-14,0.36982617330507156,0.17916447954599032,-0.425055163474939
ROS1-25-0008,2024-04-14,0.7875392727983769,0.515736154804902,-0.7175997546591968
ROS1-26-0031,2024-04-14,0.5927615812298213,0.24732718759313216,-0.5296391467383732
ROS1-30-0001,2024-04-14,0.4274859004419177,0.2101434594556331,-0.4749224067121449
ROS1-31-0024,2024-04-14,0.22442074056935504,0.10800124653319308,-0.3338247710244427
ROS1-32-0022,2024-04-14,0.3036603847662543,0.1966273230012906,-0.4059550836803413
ROS1-37-0025,2024-04-14,0.23002189687782232,0.11464082042721888,-0.3494071761301625
ROS1-38-0002,2024-04-14,0.20053496776118582,0.10355679708032292,-0.32762736994830877
ROS1-19-0022,2024-04-14,0.2206504253888353,0.11539355478854867,-0.3124195656113003
ROS1-21-0034,2024-04-14,0.4341480966293421,0.23176808701880613,-0.4561338374817837
ROS1-25-0016,2024-04-14,0.43928639506675987,0.19657526572886133,-0.46673314979358826
ROS1-26-0006,2024-04-14,0.5022315520432771,0.2768771861277529,-0.5042050500143975
ROS1-30-0006,2024-04-14,0.3449815413997673,0.17518212164042893,-0.4158157653088563
ROS1-31-0038,2024-04-14,0.2169881265826229,0.0986079670933095,-0.3356307104217619
ROS1-32-0018,2024-04-30,0.40387207993214186,0.2476685925138267,-0.42328054790454844
ROS1-20-0010,2024-04-30,0.5791418386766518,0.40406316171923196,-0.5612860279779235
ROS1-26-0031,2024-04-30,0.7881544796461166,0.5149004922004884,-0.6786017655768617
ROS1-27-0009,2024-04-30,0.6695066093629133,0.43635198586688884,-0.6065326701136745
ROS1-21-0034,2024-04-30,0.6347103857798225,0.4321877342567172,-0.602883266310465
ROS1-26-0006,2024-04-30,0.6879952564562037,0.3581362809883232,-0.6116254190350829
ROS1-19-0041,2024-06-01,0.7064765337535649,0.491141945046353,-0.6785160032634343
ROS1-25-0017,2024-06-01,0.3868397409546734,0.16136803339369013,-0.42086924371329015
ROS1-26-0027,2024-06-01,0.5454714717815712,0.3521103014616534,-0.5678638829503292
ROS1-19-0026,2024-06-01,0.5608751555492095,0.3330312049471974,-0.5602128147074507
ROS1-20-0010,2024-06-01,0.5520686770759101,0.3306380265003855,-0.575695651344028
ROS1-25-0008,2024-06-01,0.6934480428865104,0.44839261637328287,-0.6783672685227149
ROS1-26-0031,2024-06-01,0.6137848570829499,0.3501307296475233,-0.6069681057915044
ROS1-27-0009,2024-06-01,0.4966363236768401,0.3018878288270708,-0.546671854061837
ROS1-19-0022,2024-06-01,0.31955510939382586,0.17954898546811443,-0.37541941837365966
ROS1-21-0034,2024-06-01,0.7001005783795038,0.4678914343937032,-0.6736222349437788
ROS1-25-0016,2024-06-01,0.4885302412761559,0.25805138521396503,-0.5239746459163825
ROS1-26-0006,2024-06-01,0.6510708251638302,0.3925995050849459,-0.6384252736931749
ROS1-19-0041,2024-06-17,0.35878259263306134,0.20867738398610322,-0.5224901426466257
ROS1-25-0017,2024-06-17,0.728622532427497,0.3786071910735181,-0.5870792920816121
ROS1-26-0027,2024-06-17,0.2838563450155729,0.1656004978532708,-0.4449098827863942
ROS1-31-0009,2024-06-17,0.19316118450353167,0.11770512806097588,-0.30340423483983064
ROS1-32-0018,2024-06-17,0.6541511449308638,0.43658043078495623,-0.6230695942513783
ROS1-37-0049,2024-06-17,0.25223242822350156,0.15761862060263865,-0.39844747288881416
ROS1-19-0026,2024-06-17,0.3361426738459955,0.18979662387585722,-0.45039753418961265
ROS1-20-0010,2024-06-17,0.3403673386479691,0.18735953955679654,-0.45420848367794403
ROS1-25-0008,2024-06-17,0.30206630493509967,0.13875283343340736,-0.4718303357379519
ROS1-26-0031,2024-06-17,0.4124894189659109,0.2395365719116843,-0.518699004423187
ROS1-27-0009,2024-06-17,0.30666356450597854,0.18172167275871412,-0.46772937818104227
ROS1-30-0001,2024-06-17,0.2566682345727691,0.11544546273397736,-0.3915757321838891
ROS1-31-0024,2024-06-17,0.20638008537596775,0.09902943648655858,-0.3271371393558558
ROS1-32-0022,2024-06-17,0.2337219854126795,0.13964698673155942,-0.36695797221893744
ROS1-37-0025,2024-06-17,0.20127546873923355,0.1260774749430514,-0.3403820215902145
ROS1-38-0002,2024-06-17,0.20352293843531333,0.1047660292240556,-0.33241610697763674
ROS1-19-0022,2024-06-17,0.781720450410583,0.5181425008262729,-0.6936586163213676
ROS1-21-0034,2024-06-17,0.5005028805286511,0.34589161701489474,-0.5566801931838412
ROS1-25-0016,2024-06-17,0.329842997051991,0.17139474037360317,-0.4675017786452343
ROS1-26-0006,2024-06-17,0.3988282164811191,0.21174108613562392,-0.49070995865915107
ROS1-30-0006,2024-06-17,0.24333778157446304,0.12420624568743419,-0.38434841058978897
ROS1-31-0038,2024-06-17,0.20468765195967184,0.06016897628881106,-0.33964202671281024
ROS1-19-0041,2024-07-03,0.23882914213898773,0.1478647882447843,-0.3593526548542117
ROS1-25-0017,2024-07-03,0.7637776028550177,0.47500759291994954,-0.6675222999865359
ROS1-26-0027,2024-07-03,0.23419353463991763,0.1339014988939315,-0.38918677720566924
ROS1-31-0009,2024-07-03,0.18673473827242887,0.09461751391578259,-0.3279757286922277
ROS1-32-0018,2024-07-03,0.33129377436834534,0.23044848450103653,-0.43985191839299465
ROS1-37-0049,2024-07-03,0.20280833618234867,0.13496556667714907,-0.35708028207032844
ROS1-19-0026,2024-07-03,0.22213170158588413,0.1616763841309119,-0.37614388376119345
ROS1-20-0010,2024-07-03,0.2610238692005553,0.15543869797261933,-0.39749094793463396
ROS1-25-0008,2024-07-03,0.21347830779991372,0.14996703782933546,-0.3741341073548112
ROS1-26-0031,2024-07-03,0.26306127186085304,0.1468071840214419,-0.4416875052056786
ROS1-27-0009,2024-07-03,0.23222180978319235,0.15140841437306293,-0.39105493269075126
ROS1-30-0001,2024-07-03,0.22351211308390062,0.10791883473207373,-0.35097755448187573
ROS1-31-0024,2024-07-03,0.1806504070395988,0.0910942558064816,-0.3090620823296041
ROS1-32-0022,2024-07-03,0.19134901158840353,0.10512731456207994,-0.329372951759112
ROS1-37-0025,2024-07-03,0.19145504265832025,0.09688136246782575,-0.3307731642128395
ROS1-38-0002,2024-07-03,0.18645038632837366,0.09544879653564763,-0.33058437026195986
ROS1-19-0022,2024-07-03,0.8682239846964038,0.6717897738363334,-0.7824233877711553
ROS1-21-0034,2024-07-03,0.2615625941450323,0.20050679938566027,-0.3887664789837055
ROS1-25-0016,2024-07-03,0.2779608611016555,0.16127725435526524,-0.4086963072610596
ROS1-26-0006,2024-07-03,0.231496289391937,0.14124970443986276,-0.3788231903611423
ROS1-30-0006,2024-07-03,0.18664736452324737,0.09498029891225125,-0.30923868092240975
ROS1-31-0038,2024-07-03,0.185203919678726,0.09100066329788344,-0.32140500476025774
ROS1-19-0041,2024-07-19,0.2060520528316961,0.1265312310018315,-0.32187042356539786
ROS1-25-0017,2024-07-19,0.8217546665401403,0.5427326451078521,-0.7270124210162843
ROS1-26-0027,2024-07-19,0.19987958727889452,0.13199097565169587,-0.3526074683829598
ROS1-31-0009,2024-07-19,0.17285666315932122,0.08671094906042626,-0.30468348762181924
ROS1-32-0018,2024-07-19,0.2477289427989992,0.14389444235220064,-0.3710282991072211
ROS1-37-0049,2024-07-19,0.18468891507550672,0.13105042153442834,-0.3288364340143324
ROS1-19-0026,2024-07-19,0.20149003221591535,0.14882594196901525,-0.35109462165269834
ROS1-20-0010,2024-07-19,0.24335324162073002,0.15627455792003253,-0.3817217483550981
ROS1-25-0008,2024-07-19,0.19827412632547645,0.13907718193983118,-0.35644753369400417
ROS1-26-0031,2024-07-19,0.18804212750104263,0.1504875482786516,-0.348349463758725
ROS1-27-0009,2024-07-19,0.1818177186697107,0.1422120831753416,-0.3409626099741968
ROS1-30-0001,2024-07-19,0.20768381728099783,0.11136202422431749,-0.3302009446894129
ROS1-31-0024,2024-07-19,0.17198388953897972,0.08726862467568575,-0.29703157576063577
ROS1-32-0022,2024-07-19,0.18457348895128114,0.10286817971690902,-0.3176961717582188
ROS1-37-0025,2024-07-19,0.1328478227354562,0.05880953909273354,-0.23264974534180727
ROS1-38-0002,2024-07-19,0.1786010989317816,0.09276246106240886,-0.30796684305334093
ROS1-19-0022,2024-07-19,0.8549820897291949,0.677684193816222,-0.7777603929770468
ROS1-21-0034,2024-07-19,0.18915612704838133,0.1058789004961831,-0.30459092931590664
ROS1-25-0016,2024-07-19,0.213931457952273,0.1449726192461291,-0.34955799545456573
ROS1-26-0006,2024-07-19,0.18964921210986893,0.12650971182421658,-0.32814270075789226
ROS1-30-0006,2024-07-19,0.1886332348181482,0.10553730822605911,-0.31537394651529566
ROS1-31-0038,2024-07-19,0.11058382186986272,0.12742089608928656,-0.17408479740621607
ROS1-19-0041,2024-08-04,0.21745091681455575,0.13301471225548536,-0.32549611925637123
ROS1-25-0017,2024-08-04,0.8405871643025886,0.6259454776193395,-0.7339419910410424
ROS1-32-0018,2024-08-04,0.25697023687690695,0.14080448248211402,-0.3660651552143844
ROS1-37-0049,2024-08-04,0.18769649140243833,0.13735608465019655,-0.32697989697197977
ROS1-19-0026,2024-08-04,0.2053852606803837,0.13933588324954366,-0.33167939157036824
ROS1-20-0010,2024-08-04,0.24692188931497444,0.13886223212234633,-0.3654069145506562
ROS1-26-0031,2024-08-04,0.1916475938996925,0.14188607854694,-0.35243633539018077
ROS1-27-0009,2024-08-04,0.17995736130335588,0.15123213784918246,-0.31455651510512384
ROS1-30-0001,2024-08-04,0.2289726105944073,0.13122813342944956,-0.34469708108522523
ROS1-32-0022,2024-08-04,0.1976609028425835,0.11759371214003457,-0.3299157313293593
ROS1-38-0002,2024-08-04,0.1833555588048818,0.1043130824407453,-0.3069155399632134
ROS1-21-0034,2024-08-04,0.21376582722426232,0.13082886999114615,-0.3227247893659097
ROS1-25-0016,2024-08-04,0.2588709794732869,0.17769831476183295,-0.3645885395843783
ROS1-26-0006,2024-08-04,0.19551326296503263,0.13411644680674717,-0.3274314548367045
ROS1-31-0038,2024-08-04,0.15259308122637483,0.10659890537986577,-0.24840139162610939
ROS1-19-0041,2024-08-20,0.23352929316507848,0.13575713373415096,-0.3383877376149011
ROS1-25-0017,2024-08-20,0.7956022332656031,0.5529334357485904,-0.6953935273461181
ROS1-26-0027,2024-08-20,0.18626068335057785,0.09810667789550857,-0.31500559127299266
ROS1-31-0009,2024-08-20,0.18513331933635657,0.0908370708047237,-0.3265508208804344
ROS1-32-0018,2024-08-20,0.2563395870097464,0.13651284984194673,-0.37409739924025104
ROS1-37-0049,2024-08-20,0.17736932461320604,0.09774460283992888,-0.32305885958490194
ROS1-19-0026,2024-08-20,0.1908204126151374,0.11483726625451503,-0.31595675784633337
ROS1-20-0010,2024-08-20,0.21795611454877847,0.12804663990172052,-0.3540477531795467
ROS1-25-0008,2024-08-20,0.18654513602561063,0.08482320062173422,-0.3074408874624505
ROS1-26-0031,2024-08-20,0.16053068545212415,0.1156041933872056,-0.31025823148657733
ROS1-27-0009,2024-08-20,0.17238895210963134,0.12606044452343987,-0.3308499880599655
ROS1-30-0001,2024-08-20,0.21890628404504134,0.10476471754242697,-0.3427038207861038
ROS1-31-0024,2024-08-20,0.17980760287311226,0.0857909576620331,-0.3087705817918209
ROS1-32-0022,2024-08-20,0.19245790961564768,0.10090774644912386,-0.32854453722926397
ROS1-37-0025,2024-08-20,0.18846778663002337,0.09703859033481385,-0.32966630376689376
ROS1-38-0002,2024-08-20,0.18662216283105268,0.09095168327978774,-0.3304905042595839
ROS1-19-0022,2024-08-20,0.7845208713280666,0.5719637924829264,-0.713297245778943
ROS1-21-0034,2024-08-20,0.17875708239714194,0.09417428025113399,-0.3020186286066657
ROS1-25-0016,2024-08-20,0.26228240619474275,0.1570687131608929,-0.3617296614019009
ROS1-26-0006,2024-08-20,0.21519142152237006,0.10900888022576627,-0.32658420277005734
ROS1-30-0006,2024-08-20,0.19634629979415874,0.1011988617670241,-0.3301576332458795
ROS1-31-0038,2024-08-20,0.18196720272814615,0.10019046680475753,-0.32663711627713204
ROS1-19-0041,2024-09-05,0.2224820334762272,0.09460014405160035,-0.30474547651460443
ROS1-25-0017,2024-09-05,0.6299633073581552,0.48184941445645024,-0.5962730925698073
ROS1-26-0027,2024-09-05,0.18804185356113332,0.09184469388337038,-0.31367997379913815
ROS1-31-0009,2024-09-05,0.17485079194355896,0.08692136033074184,-0.30482249259710026
ROS1-32-0018,2024-09-05,0.24459432074637266,0.13327499898920406,-0.3607055426411847
ROS1-37-0049,2024-09-05,0.1695777603980767,0.08559189051474901,-0.30299138718589963
ROS1-19-0026,2024-09-05,0.1925986144285096,0.11981696378839864,-0.3189603890482792
ROS1-20-0010,2024-09-05,0.219450926200655,0.12699609078421947,-0.3560754306375453
ROS1-26-0031,2024-09-05,0.17029583160334277,0.12114526191199051,-0.3240845078053232
ROS1-27-0009,2024-09-05,0.17859536101443885,0.12820707334987597,-0.33821640807482545
ROS1-31-0024,2024-09-05,0.175661591972527,0.08370104665693186,-0.3016940875136549
ROS1-32-0022,2024-09-05,0.1953103134056247,0.10223720934093121,-0.327114417153922
ROS1-38-0002,2024-09-05,0.18495768877296787,0.09482299136531656,-0.31078876463173694
ROS1-19-0022,2024-09-05,0.5208843633392445,0.32258182062327606,-0.568388984802404
ROS1-21-0034,2024-09-05,0.19168817487405748,0.09896865643376761,-0.31212504596090196
ROS1-26-0006,2024-09-05,0.20522816212088366,0.08283081701779399,-0.30367550173245705
ROS1-31-0038,2024-09-05,0.17526185815730155,0.09393459847517806,-0.311557972338751
ROS1-19-0041,2024-09-21,0.22251073926977602,0.08710294077289431,-0.31408302537248717
ROS1-25-0017,2024-09-21,0.4490598083831237,0.3324510790041213,-0.5154879499313901
ROS1-26-0027,2024-09-21,0.1906372668649145,0.09381937348300202,-0.31648492742892786
ROS1-31-0009,2024-09-21,0.16960262704610976,0.08284249782054215,-0.3001735680408384
ROS1-32-0018,2024-09-21,0.2419403214550937,0.12462837011802515,-0.35864507435082377
ROS1-37-0049,2024-09-21,0.16413858710087328,0.0902411584831049,-0.2978774346956315
ROS1-19-0026,2024-09-21,0.18846004741630668,0.114975437103595,-0.3150387092559839
ROS1-20-0010,2024-09-21,0.2139797670485136,0.11931007152596415,-0.3487110761116962
ROS1-25-0008,2024-09-21,0.18131977088890666,0.07844536277578697,-0.2997963644693002
ROS1-26-0031,2024-09-21,0.15624048516147088,0.10961891759106253,-0.30262480868669195
ROS1-27-0009,2024-09-21,0.16753437963303797,0.1233226086019852,-0.31935901361094676
ROS1-30-0001,2024-09-21,0.20445390090039853,0.09628474621278416,-0.32707383980702653
ROS1-31-0024,2024-09-21,0.17280020377573602,0.08187841378163514,-0.2958157842896881
ROS1-32-0022,2024-09-21,0.19168871234932652,0.0952946944617384,-0.3243723151653626
ROS1-37-0025,2024-09-21,0.18262676903066907,0.0895011873370804,-0.31705604649744773
ROS1-38-0002,2024-09-21,0.17859407206175623,0.09123898375978967,-0.3083882764167823
ROS1-19-0022,2024-09-21,0.343189849281169,0.23363073513915306,-0.4993696527007546
ROS1-21-0034,2024-09-21,0.19178936922171994,0.09522556687380254,-0.31282741232979716
ROS1-25-0016,2024-09-21,0.1972055534435453,0.08821828937090337,-0.3159972866693232
ROS1-26-0006,2024-09-21,0.19798820444860293,0.07526462425967581,-0.29640493111024496
ROS1-30-0006,2024-09-21,0.18597291724987458,0.08390469678714714,-0.3166828581732329
ROS1-31-0038,2024-09-21,0.1718758884810057,0.09545515147625576,-0.30635969098548677
ROS1-19-0041,2024-10-07,0.21588139468902764,0.0810591361999339,-0.3221748636334056
ROS1-25-0017,2024-10-07,0.31385773649072574,0.23148754254854215,-0.4369985720727615
ROS1-26-0027,2024-10-07,0.18277203425762575,0.08867020936619593,-0.31508088935598144
ROS1-31-0009,2024-10-07,0.16905539468949352,0.08229217753737296,-0.30427747963707946
ROS1-32-0018,2024-10-07,0.2276577433741706,0.11793659933698432,-0.34975618121579005
ROS1-37-0049,2024-10-07,0.17600912085016668,0.09831960305930168,-0.3140763937105905
ROS1-19-0026,2024-10-07,0.18584671116846213,0.1154471411035974,-0.3186050679777186
ROS1-20-0010,2024-10-07,0.2035779991689778,0.11142279291534393,-0.34494185039410086
ROS1-25-0008,2024-10-07,0.17849387929683305,0.0755372564015512,-0.30005432891925543
ROS1-27-0009,2024-10-07,0.17399777644728145,0.08153292391745716,-0.3068872474699911
ROS1-30-0001,2024-10-07,0.21046147756702593,0.09480480849860817,-0.33474177871920613
ROS1-31-0024,2024-10-07,0.1717999052782624,0.07918953871065929,-0.29921537824553596
ROS1-32-0022,2024-10-07,0.19539219057485976,0.10307401064256178,-0.3303322416893003
ROS1-37-0025,2024-10-07,0.18781134435742494,0.0910393855588099,-0.32184211169708427
ROS1-38-0002,2024-10-07,0.17263987547026044,0.08712903187577943,-0.29971940153110477
ROS1-19-0022,2024-10-07,0.25469539684319825,0.21431921813727048,-0.4268108549190785
ROS1-21-0034,2024-10-07,0.1977816635586915,0.10873220581270861,-0.31680571618945436
ROS1-25-0016,2024-10-07,0.18587188456893783,0.07924111031613362,-0.311515190709009
ROS1-26-0006,2024-10-07,0.1877481755243107,0.07222675695999137,-0.2968899712156257
ROS1-30-0006,2024-10-07,0.18207345871717298,0.08352595855146913,-0.31161105332807215
ROS1-31-0038,2024-10-07,0.1803107910518445,0.08397380073611348,-0.3112834587488321
ROS1-31-0009,2024-10-23,0.19727896753258742,0.07799945527433405,-0.32543380371374503
ROS1-37-0049,2024-10-23,0.17641659624351358,0.09328791277630409,-0.32057057750197254
ROS1-25-0008,2024-10-23,0.20229636428882272,0.06948131282327981,-0.30910005143594904
ROS1-26-0031,2024-10-23,0.14798298102390614,0.08437343055777129,-0.27349381779585175
ROS1-27-0009,2024-10-23,0.1889673299599066,0.07708428587098803,-0.3140690838432989
ROS1-31-0024,2024-10-23,0.1937711726665442,0.0691679638112637,-0.305477772069785
ROS1-32-0022,2024-10-23,0.2236282233720432,0.10995208098393286,-0.33470148885335343
ROS1-37-0025,2024-10-23,0.19866298699477097,0.08329856373885058,-0.32307109630057623
ROS1-38-0002,2024-10-23,0.2087712891174375,0.07459697622222292,-0.33359235177308943
ROS1-19-0022,2024-10-23,0.21718745589104194,0.0948162072130711,-0.3400769288166817
ROS1-25-0016,2024-10-23,0.21412824367913372,0.08201871540115989,-0.3258204062600117
ROS1-31-0038,2024-10-23,0.2002465070181438,0.0810307009380443,-0.33580780553406897
ROS1-18-0029,2024-04-14,0.9133469414630935,0.5184748643166494,-0.9117776062317978
ROS1-24-0003,2024-04-14,0.8914874374748819,0.6815989451860622,-0.8169865993720655
ROS1-30-0009,2024-04-14,0.746561580929929,0.4789466058767243,-0.7054764284827666
ROS1-24-0026,2024-04-14,0.2603534592507532,0.1312042888041471,-0.34715758443498534
ROS1-25-0008,2024-04-14,0.7878115332409552,0.5166045111418536,-0.7177587238992067
ROS1-30-0001,2024-04-14,0.42850498430793715,0.21063443286546246,-0.47608964841342144
ROS1-30-0006,2024-04-14,0.34477903475630045,0.17546316358406117,-0.41545680556908077
ROS1-18-0029,2024-06-01,0.8815694512131701,0.7497925871735966,-0.8194239277714891
ROS1-24-0003,2024-06-01,0.8671147804851437,0.6776214820173557,-0.8058256383492828
ROS1-30-0009,2024-06-01,0.7902770367945143,0.5495507549833435,-0.737970856568626
ROS1-18-0007,2024-06-01,0.7289758484768467,0.43358229375389457,-0.6927464802752954
ROS1-24-0026,2024-06-01,0.34808910096927737,0.19462317953954447,-0.4109609682421572
ROS1-25-0008,2024-06-01,0.6934260844808002,0.44898392624342326,-0.6778927587593198
ROS1-18-0029,2024-06-17,0.34714075385868787,0.2473388640380103,-0.44858586751502777
ROS1-24-0003,2024-06-17,0.42272332209719315,0.22855545132953536,-0.5463852415453506
ROS1-30-0009,2024-06-17,0.4109581717864223,0.19499178812123114,-0.5679882218887669
ROS1-18-0007,2024-06-17,0.3243966951227414,0.15485498364508854,-0.4685371913230936
ROS1-24-0026,2024-06-17,0.27010703552183873,0.11548974220435446,-0.371780281228528
ROS1-25-0008,2024-06-17,0.30319174759554884,0.13891474306676857,-0.47365002911589554
ROS1-30-0001,2024-06-17,0.2568523297089448,0.11582781992037203,-0.39151605750348384
ROS1-30-0006,2024-06-17,0.2433850257873939,0.12459990330924517,-0.3838695210436336
ROS1-18-0029,2024-07-03,0.21814240862357526,0.11625463390920955,-0.31784633415961516
ROS1-24-0003,2024-07-03,0.2385370463699405,0.19294992400358754,-0.40344718847684974
ROS1-30-0009,2024-07-03,0.2705172611724013,0.1431888974174208,-0.4113131017456727
ROS1-18-0007,2024-07-03,0.2820798547020379,0.1648214597917935,-0.41554561400532447
ROS1-24-0026,2024-07-03,0.2098663592204649,0.11343592975096926,-0.31249784785534934
ROS1-25-0008,2024-07-03,0.21254977320694596,0.1496854203839764,-0.37356910835921453
ROS1-30-0001,2024-07-03,0.22296696569220392,0.10787363693127905,-0.350835227355663
ROS1-30-0006,2024-07-03,0.1856602798599412,0.09463881518527269,-0.30880895973435163
ROS1-18-0029,2024-07-19,0.1941291585044613,0.10314790606620877,-0.29494375259019784
ROS1-24-0003,2024-07-19,0.21321043484613222,0.16748042421701403,-0.3843433990104613
ROS1-30-0009,2024-07-19,0.16639452235740904,0.06162919943188984,-0.24701799569043803
ROS1-18-0007,2024-07-19,0.2002972102599374,0.0671520648171351,-0.20436810339228936
ROS1-24-0026,2024-07-19,0.20108046799885074,0.11352711776764013,-0.3109901451606621
ROS1-25-0008,2024-07-19,0.19841345938359986,0.14008383512264566,-0.3552071782953845
ROS1-30-0001,2024-07-19,0.20987998705830627,0.11177764951446283,-0.3329418131139847
ROS1-30-0006,2024-07-19,0.1892198184879422,0.10593674732403219,-0.31560305243318015
ROS1-18-0029,2024-08-04,0.21196468243675523,0.11214814182076209,-0.31303142854227867
ROS1-30-0009,2024-08-04,0.20296562659768766,0.08677851506130727,-0.2996713707144086
ROS1-18-0007,2024-08-04,0.2177288641721311,0.09367657446080306,-0.28112888202920217
ROS1-30-0001,2024-08-04,0.22964858281144152,0.13097044067679325,-0.34543510485720247
ROS1-18-0029,2024-08-20,0.19416475256014967,0.1004048187713084,-0.3070492714745905
ROS1-24-0003,2024-08-20,0.22492783087006074,0.15697879602226872,-0.36089221413708233
ROS1-30-0009,2024-08-20,0.18863960049893835,0.08947357049600022,-0.3057093812296531
ROS1-18-0007,2024-08-20,0.20008932893065628,0.0991468865048002,-0.3044617957227924
ROS1-24-0026,2024-08-20,0.20821964937078605,0.10665731697153129,-0.32402225472948676
ROS1-25-0008,2024-08-20,0.18649355657015018,0.08494778141005538,-0.30706659915661993
ROS1-30-0001,2024-08-20,0.21883075340285646,0.10510052531254727,-0.34226221351506675
ROS1-30-0006,2024-08-20,0.19600263688975125,0.10138761239881358,-0.3292213422021169
ROS1-18-0029,2024-09-21,0.1858684170167511,0.0904773283334661,-0.29360682186225623
ROS1-24-0003,2024-09-21,0.21053565394235493,0.13698523712424826,-0.3520010106251812
ROS1-30-0009,2024-09-21,0.18372437116583507,0.08380609883745183,-0.3027144951089282
ROS1-18-0007,2024-09-21,0.17996362041243297,0.08275937893724741,-0.2873611272476705
ROS1-24-0026,2024-09-21,0.19564218518821566,0.09771333827913348,-0.3136347150554389
ROS1-25-0008,2024-09-21,0.1830152747699379,0.07886330122049538,-0.30048772538240487
ROS1-30-0001,2024-09-21,0.20505172844848937,0.09662688043360473,-0.3260752278654813
ROS1-30-0006,2024-09-21,0.18614734245253053,0.08409221544660983,-0.3148749944671776
ROS1-18-0029,2024-10-07,0.1791487190751787,0.08766638943542032,-0.291895983701122
ROS1-24-0003,2024-10-07,0.21282426597265042,0.13600265883158139,-0.36384580021276547
ROS1-30-0009,2024-10-07,0.18750651857646683,0.08208195756881634,-0.3054789355152464
ROS1-18-0007,2024-10-07,0.19202239014921899,0.08448581725000501,-0.30084744072253705
ROS1-24-0026,2024-10-07,0.20482247565458497,0.10879604778080275,-0.3294354230773898
ROS1-25-0008,2024-10-07,0.17923923071283399,0.07580905709838084,-0.30027124430177904
ROS1-30-0001,2024-10-07,0.21089476644948774,0.09505944409688273,-0.33446185879923257
ROS1-30-0006,2024-10-07,0.18189831094620315,0.08372030563800874,-0.31011784422677796
ROS1-30-0009,2024-10-23,0.2707044250604649,0.06893420130034016,-0.3846076404039904
ROS1-18-0007,2024-10-23,0.19084566641600237,0.10693518213372008,-0.28737611091077286
ROS1-24-0026,2024-10-23,0.20515180859208548,0.11916323136910399,-0.2924297847380045
ROS1-25-0008,2024-10-23,0.21428557788591632,0.07145231197127694,-0.32269159706284306
ROS1-28-0006,2024-05-07,0.6381945719337849,0.3440499144445669,-0.5958209966804088
ROS1-29-0006,2024-05-07,0.44556359740659884,0.2269971252791635,-0.4732420820687869
ROS1-22-0011,2024-05-07,0.8203655295828416,0.618996260179912,-0.7535273872688248
ROS1-22-0032,2024-05-07,0.25297505060509834,0.09464765645802557,-0.327217988654437
ROS1-28-0006,2024-05-23,0.5597636670473433,0.30454944129106787,-0.5690060018776535
ROS1-22-0011,2024-05-23,0.8193662698255783,0.5918814005916434,-0.762425881808449
ROS1-22-0011,2024-06-08,0.6869132910810306,0.4205652049355163,-0.6934052602650056
ROS1-22-0032,2024-06-08,0.4036142901478539,0.2173753180337707,-0.40513422373849056
ROS1-29-0006,2024-06-24,0.7104018363748654,0.4973957699407298,-0.614294835412487
ROS1-28-0006,2024-07-10,0.39744604384002347,0.25116342923447726,-0.47157200723796927
ROS1-29-0006,2024-07-10,0.7827149130859338,0.5280966748854575,-0.7059382294465746
ROS1-22-0011,2024-07-10,0.2650976361017313,0.17894069177383992,-0.41027273603164166
ROS1-22-0032,2024-07-10,0.8715753347863957,0.7557827767519659,-0.7714641090469103
ROS1-28-0006,2024-07-26,0.3731360027941505,0.2341678030996253,-0.47030283334004097
ROS1-29-0006,2024-07-26,0.7416491051003897,0.40020570346737155,-0.7149600263813658
ROS1-22-0032,2024-07-26,0.8199677496060551,0.6804570615645884,-0.7188852659126589
ROS1-28-0006,2024-08-11,0.517849566113113,0.28529253569605406,-0.5281801355410344
ROS1-29-0006,2024-08-11,0.6425019318868572,0.3934890154872752,-0.6399009081525614
ROS1-29-0006,2024-08-27,0.5780113562377058,0.19883837778986327,-0.5642159381476765
ROS1-22-0011,2024-08-27,0.3696485571756254,0.10086080727160691,-0.4955163233851758
ROS1-22-0032,2024-08-27,0.3042683846987208,0.15946389673730318,-0.37404198748506845
ROS1-28-0006,2024-09-28,0.2124115927216118,0.10091867416833547,-0.3331939120813471
ROS1-29-0006,2024-09-28,0.3196033312104182,0.21266500582302864,-0.447765262246062
ROS1-22-0032,2024-09-28,0.2473733484109827,0.15629125070782185,-0.40479754466531664
ROS1-28-0006,2024-10-30,0.21883911787358973,0.10391727315234937,-0.3321650385536706
ROS1-29-0006,2024-10-30,0.25867851217706544,0.11620401075256481,-0.3759717551631043
ROS1-22-0011,2024-10-30,0.1889511326959129,0.06295900402972164,-0.312147186560791
ROS1-22-0032,2024-10-30,0.28940437096998767,0.05832236177759841,-0.4058002397484134
ROS1-15-0009,2024-04-05,0.21272929656474995,0.12197655218040473,-0.2932611023508357
ROS1-20-0023,2024-04-05,0.26444917458171946,0.13313960980567607,-0.36700267999815034
ROS1-27-0006,2024-04-05,0.2023458939234622,0.09141783544805586,-0.2913517120168784
ROS1-26-0031,2024-04-05,0.4934650155382179,0.2124345120859891,-0.4997262397840517
ROS1-27-0009,2024-04-05,0.3245487157862906,0.1466910259293812,-0.402769327525167
ROS1-26-0006,2024-04-05,0.4204196908059813,0.18983366891734255,-0.4592607329172686
ROS1-27-0004,2024-04-05,0.33649130326887766,0.17335850176132267,-0.39214876244185937
ROS1-27-0009,2024-04-21,0.4709247550959865,0.3343809242702196,-0.4509522754024094
ROS1-27-0004,2024-04-21,0.2802387980792885,0.17620970737422204,-0.3059441218439571
ROS1-15-0009,2024-05-07,0.2757639774852809,0.13471804770148413,-0.34873979050183723
ROS1-21-0016,2024-05-07,0.5607306671826463,0.29170233048245736,-0.5685391208817142
ROS1-22-0016,2024-05-07,0.5111788395404727,0.26067738455311246,-0.49423981333873424
ROS1-27-0006,2024-05-07,0.26962515713847013,0.1273567463251568,-0.3497464539016416
ROS1-33-0014,2024-05-07,0.5783647863261451,0.32253175087033537,-0.5635595854336001
ROS1-15-0016,2024-05-07,0.2999859676469521,0.16394477675459987,-0.3897298729196347
ROS1-21-0013,2024-05-07,0.7264479363768565,0.4841201385873255,-0.6773075520644658
ROS1-22-0011,2024-05-07,0.8203323595318665,0.6138323762711129,-0.7550852222835318
ROS1-26-0031,2024-05-07,0.716277198315581,0.3963842961369039,-0.6515936992684259
ROS1-27-0009,2024-05-07,0.5900400540495092,0.3318420313484949,-0.5717217140474253
ROS1-28-0017,2024-05-07,0.4413256521657271,0.22930936050951845,-0.4839009082049482
ROS1-15-0014,2024-05-07,0.5136810034569675,0.35253119627589397,-0.5468764467709523
ROS1-21-0034,2024-05-07,0.6366641860190848,0.4068590636249011,-0.607856909451766
ROS1-22-0032,2024-05-07,0.25390212453758376,0.09461521098386666,-0.32973457578728194
ROS1-26-0006,2024-05-07,0.5274180822796629,0.27602485177765573,-0.49566437880775965
ROS1-27-0004,2024-05-07,0.25679245572993226,0.12159384619049483,-0.34899308140629137
ROS1-28-0029,2024-05-07,0.2543211984343265,0.09547253092639746,-0.3459590776442309
ROS1-15-0009,2024-05-23,0.2510725637232778,0.11102735366359744,-0.34307955400787693
ROS1-21-0016,2024-05-23,0.5203399222166734,0.27880749205972133,-0.5575479648020103
ROS1-22-0016,2024-05-23,0.5137549397087913,0.2618813887788517,-0.5134229624661568
ROS1-27-0006,2024-05-23,0.35599732788747523,0.17079400915589094,-0.4099995459924641
ROS1-33-0014,2024-05-23,0.4801031623122501,0.25511197454607815,-0.5401672073030342
ROS1-15-0016,2024-05-23,0.2412609270411316,0.1177869254142825,-0.34168363444481337
ROS1-21-0013,2024-05-23,0.6673905119685255,0.42569544193568043,-0.6804434863312827
ROS1-22-0011,2024-05-23,0.8196105524592189,0.5902939165713312,-0.7626514633612352
ROS1-26-0031,2024-05-23,0.6734848649706655,0.3664490476973008,-0.6450525752723989
ROS1-27-0009,2024-05-23,0.5324302176865867,0.2868351817178462,-0.5613131864902142
ROS1-21-0034,2024-05-23,0.7097762595266514,0.45765436986846547,-0.6739607721859602
ROS1-26-0006,2024-05-23,0.5285198819900315,0.27593936858806606,-0.5205893364945687
ROS1-27-0004,2024-05-23,0.27210526649085753,0.131568695180259,-0.36664390216408393
ROS1-15-0009,2024-06-08,0.2703091636487281,0.15708567593811082,-0.3463062041703946
ROS1-20-0023,2024-06-08,0.6328665194565253,0.1237427702888445,-0.6608271554840686
ROS1-21-0016,2024-06-08,0.40625732659782987,0.2561701517162253,-0.49201546587861467
ROS1-27-0006,2024-06-08,0.6141538819994178,0.40696569569141966,-0.5892831854502523
ROS1-33-0014,2024-06-08,0.38550769594635953,0.20839258325971713,-0.4991660475413527
ROS1-22-0011,2024-06-08,0.6866772264536903,0.42093641563771056,-0.6944297575465154
ROS1-28-0017,2024-06-08,0.4060234447068205,0.2661075244015552,-0.46605416090147966
ROS1-21-0034,2024-06-08,0.5391160204785167,0.40802286198137167,-0.5726991106225642
ROS1-22-0032,2024-06-08,0.3942200073664244,0.21497922481421583,-0.3979878840038248
ROS1-26-0006,2024-06-08,0.5830632463174338,0.33612470279175044,-0.6036035925278783
ROS1-27-0004,2024-06-08,0.38193511871964225,0.22074334672164023,-0.4406050170800415
ROS1-33-0014,2024-06-24,0.312549495640025,0.18351908031548594,-0.4674646065720075
ROS1-26-0031,2024-06-24,0.2780412644939556,0.2025709897068686,-0.3826929900829544
ROS1-27-0004,2024-06-24,0.5762153063118249,0.4510953552083699,-0.5676859471217567
ROS1-15-0009,2024-07-10,0.2763659188005763,0.1356458339648448,-0.36819952000785977
ROS1-21-0016,2024-07-10,0.18814374705880438,0.10740772518799908,-0.313785190756456
ROS1-22-0016,2024-07-10,0.2599214539889279,0.16192263969706355,-0.37548324965938495
ROS1-27-0006,2024-07-10,0.5269664284841525,0.2883084773098061,-0.5403219154537414
ROS1-33-0014,2024-07-10,0.22337237480044567,0.17360424796163895,-0.3706206493141135
ROS1-15-0016,2024-07-10,0.2891849281911762,0.1597694987676431,-0.3654938305311212
ROS1-21-0013,2024-07-10,0.24032689627357273,0.16669457084344122,-0.39115643926505894
ROS1-22-0011,2024-07-10,0.26597192306076894,0.17976463608905596,-0.4110538681645324
ROS1-26-0031,2024-07-10,0.18854655728519126,0.1547320107334685,-0.3491381090287558
ROS1-27-0009,2024-07-10,0.22691632435368447,0.13726127632086074,-0.407950501359706
ROS1-28-0017,2024-07-10,0.5372678584852019,0.37018649021796163,-0.5888870143273168
ROS1-15-0014,2024-07-10,0.2947844317563325,0.21108325570822636,-0.427599198020125
ROS1-21-0034,2024-07-10,0.19329740033223677,0.10213323692784393,-0.3150123059720984
ROS1-22-0032,2024-07-10,0.8733819758567308,0.7558870256288966,-0.7734122517248027
ROS1-27-0004,2024-07-10,0.5295421056601716,0.333974286869326,-0.5510589950446736
ROS1-28-0029,2024-07-10,0.5121325105839056,0.29258236965664197,-0.5379883964139194
ROS1-15-0009,2024-07-26,0.2792912125814143,0.15251227239045467,-0.35481040171854195
ROS1-21-0016,2024-07-26,0.1440188792742778,0.11997514440203254,-0.1983918444995523
ROS1-22-0016,2024-07-26,0.22607816711590323,0.03093776943754125,-0.18331842939598417
ROS1-27-0006,2024-07-26,0.4101161006026842,0.2004268991084643,-0.4444079690051323
ROS1-33-0014,2024-07-26,0.23440152772352393,0.19428447597824905,-0.36527206385237027
ROS1-15-0016,2024-07-26,0.2932032261828947,0.15820117028263497,-0.371877773636308
ROS1-21-0013,2024-07-26,0.2134829458395456,0.04058182407042666,-0.30555183803957864
ROS1-22-0011,2024-07-26,0.27812422115766694,0.18532895459556525,-0.4352311688590767
ROS1-26-0031,2024-07-26,0.1840347890697096,0.15876520433859173,-0.31571888342012905
ROS1-27-0009,2024-07-26,0.18941278692763563,0.14816620093172636,-0.3527819802738638
ROS1-28-0017,2024-07-26,0.44526870164639487,0.3208442613844456,-0.5096582025470702
ROS1-15-0014,2024-07-26,0.33313112098255226,0.231234771913672,-0.44494251860761425
ROS1-21-0034,2024-07-26,0.18772669240419426,0.09734186007488255,-0.3107703995163378
ROS1-22-0032,2024-07-26,0.8198402377022498,0.6789614275198746,-0.7198170586538696
ROS1-27-0004,2024-07-26,0.51054284721186,0.31967726848508193,-0.5187546089044389
ROS1-28-0029,2024-07-26,0.5466067146389991,0.3352846363183614,-0.5507082568801002
ROS1-15-0009,2024-08-11,0.25611167576912924,0.1345264644985935,-0.33668700798807505
ROS1-21-0016,2024-08-11,0.20084231644138298,0.08759364055632428,-0.30349514825774637
ROS1-27-0006,2024-08-11,0.30632084045486035,0.1486089232679925,-0.38963381893029503
ROS1-33-0014,2024-08-11,0.2671464747601708,0.18721634787128683,-0.39818724881810014
ROS1-15-0016,2024-08-11,0.6279284610922173,0.44433401989016996,-0.5899276225408515
ROS1-21-0013,2024-08-11,0.2095202413778586,0.11413067229987728,-0.32180442804671816
ROS1-22-0011,2024-08-11,0.2051467536222554,0.0983962585926923,-0.3166314534580137
ROS1-26-0031,2024-08-11,0.17302499813370512,0.12319530297961268,-0.3230970000755398
ROS1-27-0009,2024-08-11,0.1814668271975447,0.13263690489405527,-0.3431196882081782
ROS1-28-0017,2024-08-11,0.4182518800215538,0.24372437975794142,-0.45859279785613094
ROS1-15-0014,2024-08-11,0.3716489367834658,0.2550009345340493,-0.4496069741817054
ROS1-21-0034,2024-08-11,0.18549753574862668,0.09724940226913252,-0.31030156448189844
ROS1-22-0032,2024-08-11,0.7275475758564952,0.5305456543759358,-0.6053883013470939
ROS1-28-0029,2024-08-11,0.558007035840213,0.32050104063364815,-0.5597004870328343
ROS1-15-0009,2024-08-27,0.24661667473653823,0.1285417558026698,-0.3331286908614702
ROS1-21-0016,2024-08-27,0.19781888448697096,0.08849292074161663,-0.30085757925041473
ROS1-22-0016,2024-08-27,0.20678544515698338,0.08966066802819345,-0.2718338697751085
ROS1-27-0006,2024-08-27,0.23720514387699204,0.12627651195628864,-0.35894790363925716
ROS1-33-0014,2024-08-27,0.27298673301625687,0.19682751303557164,-0.40082067257665543
ROS1-15-0016,2024-08-27,0.6342186524973961,0.4151261475983362,-0.5912769606945791
ROS1-21-0013,2024-08-27,0.2010724309357918,0.1063519713648574,-0.3154347581790905
ROS1-26-0031,2024-08-27,0.17090099623916882,0.1201173915537048,-0.32348096752893424
ROS1-27-0009,2024-08-27,0.1799454942025849,0.1274220635851088,-0.3410815792460412
ROS1-28-0017,2024-08-27,0.2856579423599722,0.128201346100438,-0.3673573525400905
ROS1-15-0014,2024-08-27,0.2946159372388404,0.1908062245892226,-0.3994743107941936
ROS1-21-0034,2024-08-27,0.18426263526318135,0.09207705312845087,-0.3077992050641726
ROS1-22-0032,2024-08-27,0.3046448596008865,0.15866037075875264,-0.3749355776108597
ROS1-27-0004,2024-08-27,0.29172369782553187,0.16959808356537948,-0.38478659408355775
ROS1-28-0029,2024-08-27,0.4853569614719153,0.261420280572736,-0.5079632962803865
ROS1-15-0009,2024-09-12,0.2389917521137552,0.10428588547316549,-0.3243608765264477
ROS1-33-0014,2024-09-12,0.24579717787068042,0.19272640566721372,-0.3698313818494309
ROS1-15-0016,2024-09-12,0.5550299135553599,0.3389584117655773,-0.547256621323364
ROS1-15-0014,2024-09-12,0.25496726618273297,0.17311188132326227,-0.38431326203074107
ROS1-15-0009,2024-09-28,0.21449570613626434,0.09150508484343814,-0.315172102604718
ROS1-21-0016,2024-09-28,0.1895426621068545,0.07818022599483565,-0.29777443395509406
ROS1-22-0016,2024-09-28,0.1883430306617391,0.07688790004642897,-0.2791795735069074
ROS1-27-0006,2024-09-28,0.20485625720126005,0.09323546972488689,-0.33102515769889596
ROS1-33-0014,2024-09-28,0.26240031626660043,0.19052351823183253,-0.4139485578921147
ROS1-15-0016,2024-09-28,0.3401632304068389,0.17354317193585983,-0.4466276917432925
ROS1-21-0013,2024-09-28,0.18801140365440394,0.10088177968446196,-0.3090027187265035
ROS1-22-0011,2024-09-28,0.1963692837496512,0.0789786127499664,-0.3148780986751803
ROS1-26-0031,2024-09-28,0.16016930064501841,0.11110894893025634,-0.31138450026792974
ROS1-27-0009,2024-09-28,0.1677581470715832,0.12007783089632763,-0.3213263241607027
ROS1-28-0017,2024-09-28,0.23189424297337863,0.11289858189363836,-0.36210521694680087
ROS1-15-0014,2024-09-28,0.20606637867825636,0.1426128080633763,-0.3485497873144485
ROS1-21-0034,2024-09-28,0.19060784141786577,0.09021153345449807,-0.314085277292191
ROS1-22-0032,2024-09-28,0.24819430243934718,0.15664612473801887,-0.40652258525350304
ROS1-27-0004,2024-09-28,0.22904908314745867,0.11524785138798574,-0.3475810083238088
ROS1-28-0029,2024-09-28,0.29471949375491857,0.13585833238314377,-0.40944177658935726
ROS1-15-0009,2024-10-30,0.25307097992905087,0.07659416312080153,-0.3599838193984255
ROS1-21-0016,2024-10-30,0.2084709512240889,0.07046975634634457,-0.31075045124054845
ROS1-22-0016,2024-10-30,0.21743594190363197,0.059363499643642445,-0.31134980442656673
ROS1-27-0006,2024-10-30,0.21208834721851733,0.08239545842290859,-0.3355108096821717
ROS1-33-0014,2024-10-30,0.23248538190337273,0.1372694443006959,-0.38558262444154173
ROS1-15-0016,2024-10-30,0.2937757684492409,0.11242085472733435,-0.42315369497757904
ROS1-21-0013,2024-10-30,0.21053236902920128,0.09305775500291942,-0.3205408765176266
ROS1-22-0011,2024-10-30,0.19054942968289879,0.06343757288004179,-0.31285176621668104
ROS1-26-0031,2024-10-30,0.15410201375490748,0.07893011917549901,-0.2951109515461556
ROS1-27-0009,2024-10-30,0.1793830321648276,0.06283791276808166,-0.3199416251717777
ROS1-28-0017,2024-10-30,0.22634776502930137,0.08440542099585525,-0.34970135083286125
ROS1-15-0014,2024-10-30,0.2051244073907625,0.116783782496623,-0.33990334293185803
ROS1-21-0034,2024-10-30,0.21228306690070461,0.08732453167898001,-0.32833701645456914
ROS1-22-0032,2024-10-30,0.2879711245828442,0.058386695197619694,-0.39889529656649225
ROS1-27-0004,2024-10-30,0.21094880233396626,0.11019485859958333,-0.32327360923367876
ROS1-28-0029,2024-10-30,0.23523581722234344,0.0773507233248293,-0.34381959316225985
ROS1-08-0010,2024-04-05,0.21825111499610075,0.08287491408251621,-0.30103458150458023
ROS1-07-0012,2024-04-05,0.5593269243613377,0.29277337080081506,-0.5554351047587935
ROS1-20-0023,2024-04-05,0.27133271014494614,0.13492305869183652,-0.37727329957168393
ROS1-25-0017,2024-04-05,0.2521430003358381,0.09611075628819958,-0.3119931729930712
ROS1-26-0027,2024-04-05,0.7502609783764385,0.34717228076337037,-0.7050013498636484
ROS1-19-0026,2024-04-05,0.32968317408009934,0.13357759039592287,-0.40433936279462507
ROS1-20-0010,2024-04-05,0.3120594646695262,0.12339667254909206,-0.40305065904849535
ROS1-19-0022,2024-04-05,0.2135780776133577,0.08960693542836226,-0.30195902647528455
ROS1-20-0007,2024-04-05,0.5252489919878134,0.27897433550699624,-0.5381879030139392
ROS1-26-0006,2024-04-05,0.42097530331820265,0.19025608778930225,-0.46208884585186655
ROS1-07-0045,2024-05-07,0.867486426146305,0.6151476050108512,-0.7924096997175832
ROS1-12-0000,2024-05-07,0.7978267687060355,0.5365565669455158,-0.7341438273389908
ROS1-07-0012,2024-05-07,0.8271383871399439,0.598593590316288,-0.7611039541098368
ROS1-18-0029,2024-05-07,0.8965409287153291,0.8444877453525123,-0.8406280829588116
ROS1-19-0041,2024-05-07,0.8349513339665628,0.604689114391088,-0.7555591770510162
ROS1-20-0023,2024-05-07,0.5352398822622139,0.30920017536885247,-0.5354972139553469
ROS1-25-0017,2024-05-07,0.2917757678636178,0.1434044020061778,-0.3626232619956654
ROS1-26-0027,2024-05-07,0.6309740154003589,0.4344830909615595,-0.6365342043277138
ROS1-07-0011,2024-05-07,0.5374773606688859,0.290008482813046,-0.5251714230975466
ROS1-12-0004,2024-05-07,0.7181527102144357,0.4647704138720027,-0.6729031139266941
ROS1-19-0026,2024-05-07,0.560913725345054,0.3314098057470473,-0.5390019695029313
ROS1-20-0010,2024-05-07,0.5438010102896116,0.3062089013572078,-0.5485709773546299
ROS1-19-0022,2024-05-07,0.21413101312266855,0.10209174483663228,-0.3167980380985493
ROS1-20-0007,2024-05-07,0.7271402236770816,0.4870678961123806,-0.6916664534174006
ROS1-26-0006,2024-05-07,0.6325388612790713,0.36001687637646335,-0.5938875451453125
ROS1-07-0045,2024-05-23,0.8749024043797846,0.6554381864296164,-0.803740857943162
ROS1-08-0010,2024-05-23,0.6529409763918718,0.394321429059248,-0.5787149522308662
ROS1-12-0000,2024-05-23,0.8138142728858831,0.5269951478786695,-0.7552687038016231
ROS1-07-0012,2024-05-23,0.8199653094008377,0.6166915803353099,-0.7547612194624826
ROS1-18-0029,2024-05-23,0.9004114039003123,0.7871335055290682,-0.8529833050004164
ROS1-19-0041,2024-05-23,0.8059444200975017,0.5674001951870891,-0.7386063094966534
ROS1-20-0023,2024-05-23,0.5407816895341768,0.305564394540569,-0.5542285583614738
ROS1-25-0017,2024-05-23,0.02467005196045697,0.03188401736392796,-0.03608805401438591
ROS1-26-0027,2024-05-23,0.6164773538978001,0.4158761191898535,-0.6324704635248889
ROS1-07-0011,2024-05-23,0.6795320563776732,0.41018932146888354,-0.6342050622811813
ROS1-12-0004,2024-05-23,0.7970217616649428,0.5409587891296349,-0.7290525695833915
ROS1-19-0026,2024-05-23,0.573049778227645,0.3385506653608593,-0.5596955516549953
ROS1-20-0010,2024-05-23,0.5510480611037343,0.30108510951807377,-0.5648249878646499
ROS1-19-0022,2024-05-23,0.2300501240746593,0.11106821601246784,-0.3310488001068088
ROS1-20-0007,2024-05-23,0.584213042534709,0.3391220126400793,-0.6312023433446404
ROS1-26-0006,2024-05-23,0.6419119324842285,0.3600817692890428,-0.6246985809906158
ROS1-07-0045,2024-06-08,0.624760419511214,0.39297521771476973,-0.6453321342332324
ROS1-19-0041,2024-06-08,0.48157577932209855,0.30752678275477224,-0.5807452775839109
ROS1-25-0017,2024-06-08,0.5997638035915143,0.07120935681505736,-0.42528601545479827
ROS1-26-0027,2024-06-08,0.4230332205714177,0.2805240502159316,-0.5118320866671121
ROS1-07-0011,2024-06-08,0.7292475718571987,0.47259068960645306,-0.6838556205183802
ROS1-19-0026,2024-06-08,0.4671356316545098,0.29598422245588746,-0.5251788142976368
ROS1-19-0022,2024-06-08,0.5106490592812513,0.23796711820705466,-0.5039452837078094
ROS1-26-0006,2024-06-08,0.5957273103486064,0.3266692059258386,-0.6184531458353635
ROS1-07-0045,2024-06-24,0.3095559166633664,0.17119619909591605,-0.4834954448019161
ROS1-12-0000,2024-06-24,0.29976074340751013,0.18059221319904517,-0.4450059433241326
ROS1-07-0012,2024-06-24,0.3791646457927631,0.22193133080646354,-0.5280556685461355
ROS1-18-0029,2024-06-24,0.2713855567994936,0.1884560163825803,-0.42060277085952347
ROS1-19-0041,2024-06-24,0.3485286714929624,0.1940761780527296,-0.5103895055820292
ROS1-20-0023,2024-06-24,0.3003567709170053,0.19689613323190455,-0.4375039332086611
ROS1-25-0017,2024-06-24,0.7571592466373663,0.46080496232919443,-0.6456579323503961
ROS1-07-0011,2024-06-24,0.38275877436325106,0.21372081455594946,-0.4886907432442441
ROS1-12-0004,2024-06-24,0.314728066577211,0.18388124152257238,-0.4670835238407245
ROS1-19-0026,2024-06-24,0.2696475919219,0.14879963180019784,-0.41708739938389355
ROS1-20-0010,2024-06-24,0.2952084803672744,0.16455476031175098,-0.4245380905765511
ROS1-19-0022,2024-06-24,0.8305492571321162,0.5980657447198867,-0.746683832147994
ROS1-26-0006,2024-06-24,0.27763623147672367,0.1986354419668526,-0.3764325875545839
ROS1-07-0045,2024-07-10,0.17083847113726436,0.10223487139177118,-0.29369665420895824
ROS1-08-0010,2024-07-10,0.3738015563872767,0.2513650549715776,-0.45610509135420735
ROS1-12-0000,2024-07-10,0.20917423614560118,0.18013378642676833,-0.37249621669108857
ROS1-07-0012,2024-07-10,0.21559087694818344,0.16144166171848554,-0.3478276165756447
ROS1-18-0029,2024-07-10,0.2057074405744464,0.10087199588767069,-0.31794283666204226
ROS1-19-0041,2024-07-10,0.2161094254255716,0.1303137215280597,-0.3354613306212142
ROS1-20-0023,2024-07-10,0.22179985972424013,0.13603476268629502,-0.3748321080433338
ROS1-25-0017,2024-07-10,0.6650559152457002,0.4362643157160279,-0.6174494575904081
ROS1-26-0027,2024-07-10,0.2085526832302402,0.13308213253474566,-0.3640582460438547
ROS1-19-0026,2024-07-10,0.20236097128455202,0.14726272513772456,-0.35790127276277395
ROS1-20-0010,2024-07-10,0.2452618862902593,0.15214579013425544,-0.3863148561922831
ROS1-19-0022,2024-07-10,0.8686374729428012,0.7012960787405712,-0.8002948247293612
ROS1-20-0007,2024-07-10,0.23549940108975512,0.18042229206607185,-0.3894536679473931
ROS1-26-0006,2024-07-10,0.2021356757989506,0.1298756550291433,-0.3446692940839424
ROS1-07-0045,2024-07-26,0.16495059628198952,0.10189258703990234,-0.2914757872447602
ROS1-08-0010,2024-07-26,0.40165170625821245,0.28504050943638454,-0.47159754072775706
ROS1-12-0000,2024-07-26,0.20473847183916846,0.1611731679204546,-0.3677070324771147
ROS1-07-0012,2024-07-26,0.2194791203536861,0.16916420646128583,-0.3616449664963447
ROS1-18-0029,2024-07-26,0.20709153718538073,0.1029035059777841,-0.30873519376359354
ROS1-19-0041,2024-07-26,0.21733581363578952,0.1284337375732884,-0.3298173107700136
ROS1-20-0023,2024-07-26,0.19480929562449428,0.14898004021888298,-0.31740366317033686
ROS1-25-0017,2024-07-26,0.8315031375788713,0.5927622228572195,-0.741865585169253
ROS1-26-0027,2024-07-26,0.19289740905891353,0.13153238714827073,-0.3219651328494456
ROS1-07-0011,2024-07-26,0.1894638812553617,0.09459838045626234,-0.29697311241867846
ROS1-19-0026,2024-07-26,0.20056009960281923,0.13688594518010821,-0.33064808953927993
ROS1-19-0022,2024-07-26,0.836935612996283,0.5982727878589589,-0.7714751733662755
ROS1-26-0006,2024-07-26,0.21785914835905254,0.11498098646446481,-0.3009515091038911
ROS1-07-0045,2024-08-11,0.17089163189937528,0.09499105761818372,-0.2941472333301636
ROS1-08-0010,2024-08-11,0.24625611261422617,0.12349307123241682,-0.3327924350869717
ROS1-12-0000,2024-08-11,0.18757626452375348,0.11812406149537436,-0.3198372257471933
ROS1-07-0012,2024-08-11,0.2141680696863329,0.14737489928420744,-0.34844758748673493
ROS1-18-0029,2024-08-11,0.10339282187659629,0.2128967802889113,-0.1455004986088591
ROS1-19-0041,2024-08-11,0.2341326868944312,0.12863543916573378,-0.3390907536885258
ROS1-20-0023,2024-08-11,0.19658923775423903,0.12593632663981455,-0.3353565256728663
ROS1-25-0017,2024-08-11,0.8433449426676973,0.5686174714796668,-0.7446867133404563
ROS1-26-0027,2024-08-11,0.1936246279810408,0.09806027511817528,-0.3203958371077966
ROS1-07-0011,2024-08-11,0.18170336825196656,0.09801663922242086,-0.2895269610639172
ROS1-12-0004,2024-08-11,0.1844063690922608,0.10711055105395674,-0.313504102770505
ROS1-19-0026,2024-08-11,0.19711978646170444,0.11660572756852094,-0.3230582224081379
ROS1-20-0010,2024-08-11,0.24513667102801961,0.1249123410847729,-0.3693345607553806
ROS1-19-0022,2024-08-11,0.8239289891424636,0.5933355528733747,-0.7524987969711425
ROS1-26-0006,2024-08-11,0.19753960208282417,0.11556988312916695,-0.32371387406362123
ROS1-08-0010,2024-08-27,0.2482468384059024,0.13626948271407394,-0.33011569145944686
ROS1-12-0000,2024-08-27,0.19003493650636297,0.12435281249426944,-0.3173143364850636
ROS1-18-0029,2024-08-27,0.20693425797301457,0.08358333136757763,-0.31154710569668487
ROS1-19-0041,2024-08-27,0.25763569015728216,0.09995460528621224,-0.34790983336689396
ROS1-20-0023,2024-08-27,0.19615931876992485,0.11980787255410344,-0.33799224280157963
ROS1-26-0027,2024-08-27,0.1882641867184555,0.09165436341481108,-0.31154233418664673
ROS1-12-0004,2024-08-27,0.19643800759290203,0.12233484812067287,-0.3252715184704794
ROS1-20-0010,2024-08-27,0.2226394784863332,0.12673849443602211,-0.3561637152705418
ROS1-26-0006,2024-08-27,0.2171491669482298,0.10821277772372524,-0.3257803349473759
ROS1-07-0045,2024-09-12,0.17787463477744128,0.0989358478490629,-0.28613236502964756
ROS1-12-0000,2024-09-12,0.18907590179201988,0.1124148620974623,-0.31530064117712986
ROS1-07-0012,2024-09-12,0.21258798584435795,0.13473361611861245,-0.33608912993902806
ROS1-25-0017,2024-09-12,0.4991821905873036,0.4027889103437824,-0.5212898257366949
ROS1-07-0011,2024-09-12,0.17806338277568723,0.09386046571618438,-0.2854958404088182
ROS1-12-0004,2024-09-12,0.193846122036734,0.12242641654477472,-0.3189389767912328
ROS1-19-0026,2024-09-12,0.20562030535852685,0.13095232852129154,-0.32873161672508106
ROS1-19-0022,2024-09-12,0.4102600718587519,0.25420239816998813,-0.5268624996697581
ROS1-07-0045,2024-09-28,0.15911714780895247,0.08733502412190242,-0.2809666937903586
ROS1-08-0010,2024-09-28,0.21750404722234232,0.10488806564525253,-0.3229632714690231
ROS1-12-0000,2024-09-28,0.18498480593326547,0.1016003977838709,-0.32372921911851155
ROS1-07-0012,2024-09-28,0.21114900300886785,0.1211607262593621,-0.3306443469181141
ROS1-18-0029,2024-09-28,0.18396301535162182,0.08453370528334447,-0.2970735975075778
ROS1-19-0041,2024-09-28,0.22777959948607157,0.07974832475104252,-0.3427003061656566
ROS1-20-0023,2024-09-28,0.17313400803471582,0.06762692484046615,-0.3035958004897984
ROS1-25-0017,2024-09-28,0.3601692345179958,0.2722422649814514,-0.47774268254744184
ROS1-26-0027,2024-09-28,0.1836760868552278,0.08543151181799175,-0.31819515968676415
ROS1-07-0011,2024-09-28,0.16953523730536138,0.08716864663305895,-0.2839861287034254
ROS1-12-0004,2024-09-28,0.18600609414606759,0.11093495846108405,-0.3185815780820299
ROS1-19-0026,2024-09-28,0.1805679053353819,0.10872448347772125,-0.307745751844582
ROS1-20-0010,2024-09-28,0.2043276822616139,0.108919100365941,-0.34539796487121016
ROS1-19-0022,2024-09-28,0.3218002321641757,0.21692751254645826,-0.49379872432304983
ROS1-20-0007,2024-09-28,0.19011021132652145,0.0728827757897259,-0.3154769811488373
ROS1-26-0006,2024-09-28,0.20199242106734477,0.06875542671276207,-0.3196211325619543
ROS1-07-0045,2024-10-30,0.17951681298703953,0.08431930207621101,-0.30616932443198047
ROS1-08-0010,2024-10-30,0.2151183747082564,0.08570152639072118,-0.31847145408607125
ROS1-12-0000,2024-10-30,0.17719470912475907,0.07913440768941629,-0.29406392546419574
ROS1-07-0012,2024-10-30,0.21004880720412708,0.1049743385948035,-0.3331928835719856
ROS1-18-0029,2024-10-30,0.18442136569388834,0.06890836266815564,-0.27097784508242007
ROS1-19-0041,2024-10-30,0.21650128825843157,0.058007043877986594,-0.3065682097632643
ROS1-20-0023,2024-10-30,0.18410897693301528,0.0575008069099849,-0.3145893957216321
ROS1-25-0017,2024-10-30,0.24451984015102712,0.08289500470826425,-0.33371552981084507
ROS1-26-0027,2024-10-30,0.1941481520136293,0.07250911439864864,-0.3169169844468273
ROS1-07-0011,2024-10-30,0.18539807686260568,0.08241403123154517,-0.2875532910367239
ROS1-12-0004,2024-10-30,0.18214514292166326,0.08894452725345553,-0.2959710378773139
ROS1-19-0026,2024-10-30,0.1875347237193938,0.08345054411954979,-0.29855505800993937
ROS1-20-0010,2024-10-30,0.21046391833176337,0.09367385899771408,-0.33790270169654807
ROS1-19-0022,2024-10-30,0.19781700987601847,0.1080306050986283,-0.3272886114713659
ROS1-20-0007,2024-10-30,0.21522124467740222,0.06192804424841569,-0.35185256080450134
ROS1-26-0006,2024-10-30,0.21987105349362626,0.05770514939489782,-0.3418028530897989
ROS1-12-0000,2024-05-07,0.7984093033143675,0.536989210266214,-0.7338892579435479
ROS1-01-0003,2024-05-07,0.6219836163843439,0.37322796047848594,-0.5919924582728576
ROS1-18-0029,2024-05-07,0.894066955460791,0.8462554295847533,-0.8378090513752865
ROS1-07-0011,2024-05-07,0.5389688906787353,0.29053224090576274,-0.5255989455092971
ROS1-12-0004,2024-05-07,0.7188063779723595,0.4665158770059676,-0.6723471826301585
ROS1-18-0007,2024-05-07,0.8637432051017038,0.5444667379016582,-0.803625258879136
ROS1-12-0000,2024-05-23,0.813356643064144,0.5273431504004025,-0.7564012897758075
ROS1-01-0003,2024-05-23,0.6174086663236736,0.3835683814213635,-0.6026044743952113
ROS1-18-0029,2024-05-23,0.9005646315065112,0.7878857176185452,-0.8541043351431314
ROS1-07-0011,2024-05-23,0.6819301836789081,0.4108713939026213,-0.6381340654591992
ROS1-12-0004,2024-05-23,0.7985054674832842,0.5456705633225093,-0.7307858533861316
ROS1-18-0007,2024-05-23,0.8495526502106346,0.5193111971872875,-0.7959914653783036
ROS1-01-0003,2024-06-08,0.35911103406690886,0.21792554219770555,-0.4695077743684116
ROS1-07-0011,2024-06-08,0.7292781183219617,0.4720422886499458,-0.6837589357188144
ROS1-18-0007,2024-06-08,0.5123688934972301,0.3013873092379827,-0.585240288764829
ROS1-12-0000,2024-06-24,0.2965026830190077,0.1822330776631773,-0.4388560873016316
ROS1-01-0003,2024-06-24,0.23876955693759858,0.17454121724819469,-0.3809556005105866
ROS1-18-0029,2024-06-24,0.27178413917992866,0.18924896883872688,-0.42081543605221255
ROS1-07-0011,2024-06-24,0.38359561410620946,0.2142710246758501,-0.48959859541176753
ROS1-12-0004,2024-06-24,0.31410691973597943,0.1844046742459761,-0.46589300930340866
ROS1-18-0007,2024-06-24,0.31877451686804703,0.15302836721475066,-0.4583605194050048
ROS1-12-0000,2024-07-10,0.20873382681435368,0.17929371462681637,-0.37257559317045225
ROS1-18-0029,2024-07-10,0.20536340698894126,0.10081338980164266,-0.31760723191342044
ROS1-18-0007,2024-07-10,0.29364726449420453,0.16927953796182613,-0.4313613498292153
ROS1-12-0000,2024-07-26,0.20864303610624282,0.160227620540903,-0.3753279340359071
ROS1-01-0003,2024-07-26,0.1929351427101664,0.1171635833413643,-0.308183780686326
ROS1-18-0029,2024-07-26,0.20668030898617923,0.10382467065703586,-0.3065100251558006
ROS1-07-0011,2024-07-26,0.19072373642690243,0.09513421440467046,-0.2981626480917412
ROS1-18-0007,2024-07-26,0.2508870335415569,0.13254763097202854,-0.32887995163723893
ROS1-12-0000,2024-08-11,0.1880185721584569,0.11837023260958057,-0.3213310281425642
ROS1-01-0003,2024-08-11,0.1877465099721296,0.10318770197321821,-0.3027627165830655
ROS1-18-0029,2024-08-11,0.1037960728463797,0.21235956002671874,-0.1444282364838506
ROS1-07-0011,2024-08-11,0.1822263460734136,0.09806960953832777,-0.29084606894497467
ROS1-12-0004,2024-08-11,0.1850255058476536,0.10754201083391143,-0.31493288005687253
ROS1-18-0007,2024-08-11,0.19921562425573477,0.09161216738989053,-0.2989525393067219
ROS1-12-0000,2024-08-27,0.1899790827061711,0.12304790361680304,-0.3179897147781181
ROS1-18-0029,2024-08-27,0.20529017540022243,0.08329781490513956,-0.307808160008176
ROS1-12-0004,2024-08-27,0.19423167555168055,0.1218783889292149,-0.3213250297077946
ROS1-01-0003,2024-09-12,0.18469570977937677,0.09519518008591207,-0.28405281243548897
ROS1-07-0011,2024-09-12,0.17691013319535126,0.09324156290716408,-0.2844168396116174
ROS1-12-0004,2024-09-12,0.19337462824050866,0.1213816217638339,-0.3193705829264916
ROS1-12-0000,2024-09-28,0.18266581393853393,0.10197953664294733,-0.3184647657007239
ROS1-01-0003,2024-09-28,0.18011608748414043,0.08667346753607133,-0.2968952035926248
ROS1-18-0029,2024-09-28,0.18338939785969113,0.08473531810386449,-0.29522577366642583
ROS1-07-0011,2024-09-28,0.16920212226609643,0.08731093704199581,-0.2829147097034055
ROS1-12-0004,2024-09-28,0.18588838058659823,0.11122647524708221,-0.31813620212296617
ROS1-18-0007,2024-09-28,0.19181000882330793,0.08030709441589054,-0.30782294756654205
ROS1-12-0000,2024-10-30,0.1672613846623185,0.07875482468605503,-0.2759510559081121
ROS1-01-0003,2024-10-30,0.20314833596007983,0.08306888234133275,-0.29969253889023273
ROS1-18-0029,2024-10-30,0.19308439060190613,0.07144670289689804,-0.2766183084315825
ROS1-07-0011,2024-10-30,0.19158825388743195,0.08484191589766737,-0.2940608961133113
ROS1-12-0004,2024-10-30,0.18256731472366347,0.0897205640903816,-0.2961689695667949
ROS1-18-0007,2024-10-30,0.2050669178683696,0.060540645211226034,-0.2840888407699259
ROS1-29-0006,2024-04-28,0.4311565380022756,0.2108218366748202,-0.45669763611315706
ROS1-22-0011,2024-04-28,0.792142178839453,0.5725606935724242,-0.7307134838103406
ROS1-22-0016,2024-06-15,0.3515056989224949,0.17850629255356118,-0.4474087888355032
ROS1-22-0011,2024-06-15,0.5152756531905583,0.2668015498218649,-0.6100396532353116
ROS1-29-0006,2024-07-01,0.7765465539806643,0.4964595761018836,-0.681190142863024
ROS1-29-0006,2024-07-17,0.7422981207774467,0.47403968403453,-0.692060567232514
ROS1-22-0011,2024-07-17,0.2839978445048431,0.18578637728511305,-0.4294882731215746
ROS1-29-0006,2024-08-18,0.6227277678231534,0.36027254299900674,-0.6372850370790769
ROS1-22-0011,2024-08-18,0.21094834219173644,0.09830931178490263,-0.32208533207236667
ROS1-29-0006,2024-09-19,0.44712954579339,0.24404418315013313,-0.5484904214075565
ROS1-22-0011,2024-09-19,0.21451269495622927,0.09744696110760392,-0.3309535078014965
ROS1-22-0011,2024-10-05,0.18472810286362198,0.07638641764236306,-0.30151606296730943
ROS1-15-0009,2024-04-12,0.24400690370457248,0.13095027285728192,-0.34272293842285506
ROS1-15-0016,2024-04-12,0.21876368986712613,0.10926651761228816,-0.3147484465508422
ROS1-15-0009,2024-04-28,0.3527663302707471,0.1701093069612632,-0.3933992761448182
ROS1-22-0016,2024-04-28,0.5038884391903844,0.27788106652515193,-0.48637833142197306
ROS1-22-0011,2024-04-28,0.7929669159066743,0.5732022737089872,-0.7310186481533949
ROS1-15-0014,2024-04-28,0.47191081800752244,0.32442612410973337,-0.5053877819538668
ROS1-15-0009,2024-05-14,0.2692511462512077,0.13982382258456172,-0.34427844717097494
ROS1-15-0009,2024-05-30,0.3127757556930473,0.13566044888407772,-0.3791387682836265
ROS1-22-0016,2024-05-30,0.5011042321994815,0.2669650121582023,-0.5169158265150533
ROS1-15-0014,2024-05-30,0.4613081434571328,0.3175603291745783,-0.5133121848450724
ROS1-15-0009,2024-06-15,0.30260128979872,0.1408208221902482,-0.37863180047148093
ROS1-22-0016,2024-06-15,0.3760946734327365,0.19237246131261046,-0.4625854983418991
ROS1-15-0016,2024-06-15,0.2782665116402857,0.14212777201815308,-0.3601232886789441
ROS1-22-0011,2024-06-15,0.5158375869659754,0.2667823175830219,-0.6108631251366539
ROS1-15-0014,2024-06-15,0.34045797218423696,0.2266337093900916,-0.45961174737845945
ROS1-15-0009,2024-07-01,0.2932248412910736,0.14118917864748073,-0.3698206188716109
ROS1-15-0016,2024-07-01,0.23738739861844121,0.11130540536253557,-0.3307631999528925
ROS1-15-0009,2024-07-17,0.266408721612815,0.13117214169110578,-0.3478085035183075
ROS1-22-0016,2024-07-17,0.21986086533930332,0.08216533435252267,-0.2829356508727247
ROS1-15-0016,2024-07-17,0.2587256848272657,0.11892491708902136,-0.34307751958773336
ROS1-22-0011,2024-07-17,0.2852249614834372,0.18633808606949032,-0.4311314449478455
ROS1-15-0014,2024-07-17,0.3015133224017153,0.20810528856887034,-0.4284368606254172
ROS1-22-0016,2024-08-02,0.22911266262859534,0.0934957448231317,-0.2630431342611242
ROS1-15-0009,2024-08-18,0.2581579655430618,0.12032666427447927,-0.3658786283735578
ROS1-22-0016,2024-08-18,0.22165292462109595,0.08102789204043136,-0.31445308005859585
ROS1-15-0016,2024-08-18,0.6230588059347199,0.3864693727809668,-0.5923252065004236
ROS1-22-0011,2024-08-18,0.2120638157296136,0.0986045233088422,-0.3230303833874394
ROS1-15-0014,2024-08-18,0.30564074443346323,0.19760127791996068,-0.40421698337427053
ROS1-15-0009,2024-09-19,0.23114718195146916,0.09178008290096465,-0.33862293359370177
ROS1-21-0016,2024-09-19,0.18879729231679984,0.07661284393766404,-0.29984437354515364
ROS1-22-0016,2024-09-19,0.19827192277488284,0.07689063492087089,-0.29809205031925223
ROS1-15-0016,2024-09-19,0.4516757560946841,0.24719943912878872,-0.4891461558199285
ROS1-22-0011,2024-09-19,0.21476800727827017,0.09734147307120493,-0.33077400321114414
ROS1-15-0014,2024-09-19,0.2235047039684683,0.14353470695467083,-0.35831629934779485
ROS1-15-0009,2024-10-05,0.20425162417422793,0.08163544986918775,-0.30311909737027404
ROS1-22-0016,2024-10-05,0.18365911597921294,0.0785438123727746,-0.2745489371343475
ROS1-15-0016,2024-10-05,0.28201717672611293,0.13747753106740282,-0.41187963777382974
ROS1-22-0011,2024-10-05,0.18559386569795994,0.07661297169352814,-0.3013349744429698
ROS1-15-0014,2024-10-05,0.2033657501656389,0.13585059915092496,-0.3422909281949423
ROS1-22-0016,2024-10-21,0.24261294294684893,0.058012774369912444,-0.30943964312935934
ROS1-01-0015,2024-04-12,0.6180348662872259,0.3588715460480287,-0.5821168898116929
ROS1-02-0005,2024-04-12,0.47106964519391803,0.24506555978987518,-0.4754356072890534
ROS1-07-0045,2024-04-12,0.7309937811114611,0.3907819143791699,-0.6659830906718467
ROS1-08-0010,2024-04-12,0.2570277058073049,0.10902322953050202,-0.32071969708583065
ROS1-01-0003,2024-04-12,0.5519105179517848,0.3036837738391106,-0.5163433812292189
ROS1-07-0012,2024-04-12,0.5835291312601484,0.37327442640828906,-0.5668655972541321
ROS1-07-0011,2024-04-12,0.4010692280262696,0.18975278831667658,-0.4166602595782074
ROS1-02-0005,2024-04-28,0.5390066194431583,0.3267241682380484,-0.5195205717431989
ROS1-02-0005,2024-05-14,0.572541781001453,0.34693663033026606,-0.5526273734086045
ROS1-08-0010,2024-05-14,0.5592737169276568,0.3458122925748182,-0.5101848931206809
ROS1-01-0003,2024-05-14,0.5464018327586334,0.3762748463994015,-0.5337516037436282
ROS1-07-0012,2024-05-14,0.8150971480573912,0.58437951268764,-0.756000814920141
ROS1-01-0015,2024-05-30,0.6055495313980709,0.3917234712548137,-0.6040180657175878
ROS1-02-0005,2024-05-30,0.5388108089731196,0.3216013521617969,-0.555413077463737
ROS1-07-0045,2024-05-30,0.8039576691285237,0.534709855571623,-0.7584612872513321
ROS1-08-0010,2024-05-30,0.6177449959106047,0.39376641224259273,-0.5775405441059032
ROS1-01-0003,2024-05-30,0.6338004564165255,0.41421890364386227,-0.6145159687592697
ROS1-07-0012,2024-05-30,0.7812498737948639,0.5508240061739568,-0.7366357688442464
ROS1-07-0011,2024-05-30,0.715998007784641,0.4073305872476906,-0.6723348697353826
ROS1-01-0015,2024-07-01,0.3018488098625544,0.16726879264102715,-0.4621864924186793
ROS1-02-0005,2024-07-01,0.25502534295192325,0.1517540628190728,-0.4146161891300097
ROS1-07-0045,2024-07-01,0.27562780365804945,0.1610033121725944,-0.45174971620429866
ROS1-08-0010,2024-07-01,0.5247137003992216,0.3177913253512397,-0.5700505782824188
ROS1-01-0003,2024-07-01,0.22223027956067878,0.15848584484475095,-0.3767492315975307
ROS1-07-0012,2024-07-01,0.3543643100516604,0.19430397803871638,-0.5130411351055975
ROS1-07-0011,2024-07-01,0.3053444615317676,0.16144387965218798,-0.45434928169877886
ROS1-01-0015,2024-07-17,0.22679951798000197,0.17362516107264986,-0.38860268003044907
ROS1-02-0005,2024-07-17,0.20973883693847903,0.15367290798053765,-0.35947850717947555
ROS1-07-0045,2024-07-17,0.16753957123443455,0.09811625775728361,-0.2903196238149385
ROS1-08-0010,2024-07-17,0.36605488466122843,0.2307811827124714,-0.45661397831049266
ROS1-01-0003,2024-07-17,0.18050680266668573,0.10478346728202356,-0.3041589828512097
ROS1-07-0012,2024-07-17,0.21299994832130478,0.14798099558311206,-0.348100364942582
ROS1-07-0011,2024-07-17,0.1754844853081185,0.09694686927696246,-0.2945161029329051
ROS1-07-0045,2024-08-02,0.19971979361350758,0.1459311817448134,-0.2897418369600251
ROS1-08-0010,2024-08-02,0.2790855313657357,0.0850112091118562,-0.3034566592764852
ROS1-07-0011,2024-08-02,0.1831278093177557,0.09949986507639108,-0.28548019437746386
ROS1-01-0015,2024-08-18,0.1851520111253576,0.11098690972592612,-0.302226522268339
ROS1-02-0005,2024-08-18,0.21582708359032712,0.11534442959419601,-0.32197884595783
ROS1-07-0045,2024-08-18,0.16973480941785526,0.0901978520045485,-0.2891870283064737
ROS1-08-0010,2024-08-18,0.24488409473428177,0.11346245497683385,-0.34309044668871713
ROS1-01-0003,2024-08-18,0.17714454743836028,0.09391040642773546,-0.29211759992707903
ROS1-07-0012,2024-08-18,0.20224462078360492,0.13706137063228585,-0.341114737703826
ROS1-07-0011,2024-08-18,0.16663590912255916,0.08862098550658778,-0.2778701076790181
ROS1-01-0003,2024-09-03,0.19374246461876926,0.10464939838814846,-0.28586751006629946
ROS1-01-0015,2024-09-19,0.22632210876908299,0.12983772580277977,-0.3276882717577838
ROS1-02-0005,2024-09-19,0.24395602195637342,0.1348818963073209,-0.3377598197591729
ROS1-07-0045,2024-09-19,0.16948570140075245,0.09148635218234566,-0.29139133109219617
ROS1-08-0010,2024-09-19,0.22298443367427365,0.10352884319173199,-0.3319635157974188
ROS1-01-0003,2024-09-19,0.1847159651493501,0.08620798679263973,-0.302099786754492
ROS1-07-0012,2024-09-19,0.21792037257762836,0.13162145129391853,-0.33456106283190523
ROS1-07-0011,2024-09-19,0.17154062162096748,0.08491273417683216,-0.28690908426661904
ROS1-01-0015,2024-10-05,0.1947084803364445,0.10591752477891066,-0.3078028907139056
ROS1-02-0005,2024-10-05,0.23346569984499352,0.12452399245405713,-0.33954029187967244
ROS1-07-0045,2024-10-05,0.15497224398859244,0.08376558890484127,-0.2787100364617304
ROS1-08-0010,2024-10-05,0.20610325154480288,0.09683529595894466,-0.31904159695694245
ROS1-01-0003,2024-10-05,0.17105154316919594,0.08088317022742177,-0.28682876522563305
ROS1-07-0012,2024-10-05,0.20095556068020384,0.11205213262423962,-0.3213637671056964
ROS1-07-0011,2024-10-05,0.1660360661487425,0.08531709684212518,-0.2819898563852802
ROS1-01-0003,2024-04-12,0.5515341578092455,0.3035185306848945,-0.5160935877021599
ROS1-01-0003,2024-05-14,0.5453261543851295,0.3753409362708148,-0.5330677062850357
ROS1-01-0003,2024-05-30,0.6333319430105145,0.41431283350886244,-0.614306585333315
ROS1-01-0003,2024-07-01,0.2217139705162041,0.1577917686573596,-0.3767743688687487
ROS1-01-0003,2024-07-17,0.1809065702722916,0.10493543635200002,-0.3049297632077469
ROS1-01-0003,2024-08-18,0.17778528743488733,0.09404095263823216,-0.29316806415842916
ROS1-01-0003,2024-09-03,0.19510321494161487,0.10454810162737084,-0.2873293537146759
ROS1-01-0003,2024-09-19,0.18361235273490165,0.08578683298684221,-0.3005682462438455
ROS1-01-0003,2024-10-05,0.1709686298001071,0.08085288693031158,-0.286251708667423
